==================================================
goal = T01_TRIM_BADNET
device = cuda
join_ratio = 0.1
device_id = 1
dataset = Cifar10_dir0.5_bdoor0.2_nclient_100_badnet_adv10
num_classes = 10
model = ResNet18
batch_size = 64
local_learning_rate = 0.1
learning_rate_decay = False
learning_rate_decay_gamma = 0.99
global_rounds = 800
top_cnt = 100
local_epochs = 1
algorithm = FedTrimmed
num_clients = 100
eval_gap = 10
save_folder_name = items
auto_break = False
batch_num_per_client = 2
feature_dim = 512
vocab_size = 32000
max_len = 200
client_drop_rate = 0.0
time_select = False
time_threthold = 10000
send_slow_rate = 0.0
beta = 0.0
lamda = 1.0
mu = 0.0
K = 5
p_learning_rate = 0.01
M = 5
itk = 4000
alphaK = 1.0
sigma = 1.0
alpha = 1.0
plocal_epochs = 1
lr_head = 0.1
tau = 1.0
fine_tuning_epochs = 10
dr_learning_rate = 0.0
L = 1.0
noise_dim = 512
generator_learning_rate = 0.005
hidden_dim = 512
server_epochs = 1000
localize_feature_extractor = False
server_learning_rate = 1.0
eta = 1.0
rand_percent = 80
layer_idx = 2
mentee_learning_rate = 0.005
T_start = 0.95
T_end = 0.98
momentum = 0.1
kl_weight = 0.0
disti_epochs = 1
protect_id = 1
adv_eps = 0.0
adv_num_iter = 0
defense_epochs = 1
clean_data = 5000
sdmk_m = 7
sdmk_k = 5
delta = 0.5
sim_threshold = 0.7
rt_beta = 0.2
num_adv_clients = 10
lambda_cl = 0.2
aug_strength = 0.1
mask_tau = 6.0
mask_alpha = 0.3
enable_channel_mask = True
cosine_gate = False
cosine_gate_threshold = 0.3
cosine_gate_alpha = 0.5
trim_high_layers = 
trim_beta_high = None
trim_beta_low = None
purify_enable = False
purify_beta = 0.0
purify_feature_beta = 0.0
purify_logit_beta = 0.0
purify_temperature = 2.0
purify_start_round = 1
purify_layers = layer4
purify_teacher_momentum = 0.9
purify_teacher_cpu_half = True
attack = none
ba_target_label = 0
ba_poison_rate = 0.2
ba_trigger_gen_steps = 30
ba_trigger_gen_lr = 0.01
ba_pgd_eps = 0.0314
ba_trigger_scale = 8.0
pfedba_target_label = 0
pfedba_poison_rate = 0.5
pfedba_poison_count = -1
pfedba_poison_before_start = False
pfedba_attack_start = 30
pfedba_trigger_opt_steps = 15
pfedba_trigger_lr = 0.1
pfedba_init_value = 0.5
pfedba_patch_size = 8
pfedba_patch_position = center
pfedba_img_c = 3
pfedba_img_h = 32
pfedba_img_w = 32
pfedba_align_grad_weight = 1.0
pfedba_align_loss_weight = 1.0
pfedba_attack_loss_weight = 1.0
pfedba_opt_samples_per_class = 100
pfedba_opt_batch_size = 64
pfedba_opt_max_batches_per_client = 20
logit_analysis = False
logit_reject_thresholds = 0.5,0.6,0.7,0.8
logit_entropy_thresholds = 1.0,1.5,2.0
logit_margin_thresholds = 0.1,0.2,0.3
==================================================

============= Running time: 0th =============
Creating server and clients ...
ResNet(
  (conv1): Conv2d(3, 64, kernel_size=(3, 3), stride=(1, 1), padding=(1, 1), bias=False)
  (bn1): BatchNorm2d(64, eps=1e-05, momentum=0.1, affine=True, track_running_stats=True)
  (relu): ReLU(inplace=True)
  (layer1): Sequential(
    (0): BasicBlock(
      (conv1): Conv2d(64, 64, kernel_size=(3, 3), stride=(1, 1), padding=(1, 1), bias=False)
      (bn1): BatchNorm2d(64, eps=1e-05, momentum=0.1, affine=True, track_running_stats=True)
      (relu): ReLU(inplace=True)
      (conv2): Conv2d(64, 64, kernel_size=(3, 3), stride=(1, 1), padding=(1, 1), bias=False)
      (bn2): BatchNorm2d(64, eps=1e-05, momentum=0.1, affine=True, track_running_stats=True)
    )
    (1): BasicBlock(
      (conv1): Conv2d(64, 64, kernel_size=(3, 3), stride=(1, 1), padding=(1, 1), bias=False)
      (bn1): BatchNorm2d(64, eps=1e-05, momentum=0.1, affine=True, track_running_stats=True)
      (relu): ReLU(inplace=True)
      (conv2): Conv2d(64, 64, kernel_size=(3, 3), stride=(1, 1), padding=(1, 1), bias=False)
      (bn2): BatchNorm2d(64, eps=1e-05, momentum=0.1, affine=True, track_running_stats=True)
    )
  )
  (layer2): Sequential(
    (0): BasicBlock(
      (conv1): Conv2d(64, 128, kernel_size=(3, 3), stride=(2, 2), padding=(1, 1), bias=False)
      (bn1): BatchNorm2d(128, eps=1e-05, momentum=0.1, affine=True, track_running_stats=True)
      (relu): ReLU(inplace=True)
      (conv2): Conv2d(128, 128, kernel_size=(3, 3), stride=(1, 1), padding=(1, 1), bias=False)
      (bn2): BatchNorm2d(128, eps=1e-05, momentum=0.1, affine=True, track_running_stats=True)
      (downsample): Sequential(
        (0): Conv2d(64, 128, kernel_size=(1, 1), stride=(2, 2), bias=False)
        (1): BatchNorm2d(128, eps=1e-05, momentum=0.1, affine=True, track_running_stats=True)
      )
    )
    (1): BasicBlock(
      (conv1): Conv2d(128, 128, kernel_size=(3, 3), stride=(1, 1), padding=(1, 1), bias=False)
      (bn1): BatchNorm2d(128, eps=1e-05, momentum=0.1, affine=True, track_running_stats=True)
      (relu): ReLU(inplace=True)
      (conv2): Conv2d(128, 128, kernel_size=(3, 3), stride=(1, 1), padding=(1, 1), bias=False)
      (bn2): BatchNorm2d(128, eps=1e-05, momentum=0.1, affine=True, track_running_stats=True)
    )
  )
  (layer3): Sequential(
    (0): BasicBlock(
      (conv1): Conv2d(128, 256, kernel_size=(3, 3), stride=(2, 2), padding=(1, 1), bias=False)
      (bn1): BatchNorm2d(256, eps=1e-05, momentum=0.1, affine=True, track_running_stats=True)
      (relu): ReLU(inplace=True)
      (conv2): Conv2d(256, 256, kernel_size=(3, 3), stride=(1, 1), padding=(1, 1), bias=False)
      (bn2): BatchNorm2d(256, eps=1e-05, momentum=0.1, affine=True, track_running_stats=True)
      (downsample): Sequential(
        (0): Conv2d(128, 256, kernel_size=(1, 1), stride=(2, 2), bias=False)
        (1): BatchNorm2d(256, eps=1e-05, momentum=0.1, affine=True, track_running_stats=True)
      )
    )
    (1): BasicBlock(
      (conv1): Conv2d(256, 256, kernel_size=(3, 3), stride=(1, 1), padding=(1, 1), bias=False)
      (bn1): BatchNorm2d(256, eps=1e-05, momentum=0.1, affine=True, track_running_stats=True)
      (relu): ReLU(inplace=True)
      (conv2): Conv2d(256, 256, kernel_size=(3, 3), stride=(1, 1), padding=(1, 1), bias=False)
      (bn2): BatchNorm2d(256, eps=1e-05, momentum=0.1, affine=True, track_running_stats=True)
    )
  )
  (layer4): Sequential(
    (0): BasicBlock(
      (conv1): Conv2d(256, 512, kernel_size=(3, 3), stride=(2, 2), padding=(1, 1), bias=False)
      (bn1): BatchNorm2d(512, eps=1e-05, momentum=0.1, affine=True, track_running_stats=True)
      (relu): ReLU(inplace=True)
      (conv2): Conv2d(512, 512, kernel_size=(3, 3), stride=(1, 1), padding=(1, 1), bias=False)
      (bn2): BatchNorm2d(512, eps=1e-05, momentum=0.1, affine=True, track_running_stats=True)
      (downsample): Sequential(
        (0): Conv2d(256, 512, kernel_size=(1, 1), stride=(2, 2), bias=False)
        (1): BatchNorm2d(512, eps=1e-05, momentum=0.1, affine=True, track_running_stats=True)
      )
    )
    (1): BasicBlock(
      (conv1): Conv2d(512, 512, kernel_size=(3, 3), stride=(1, 1), padding=(1, 1), bias=False)
      (bn1): BatchNorm2d(512, eps=1e-05, momentum=0.1, affine=True, track_running_stats=True)
      (relu): ReLU(inplace=True)
      (conv2): Conv2d(512, 512, kernel_size=(3, 3), stride=(1, 1), padding=(1, 1), bias=False)
      (bn2): BatchNorm2d(512, eps=1e-05, momentum=0.1, affine=True, track_running_stats=True)
    )
  )
  (avgpool): AdaptiveAvgPool2d(output_size=(1, 1))
  (fc): Linear(in_features=512, out_features=10, bias=True)
)

Join ratio / total clients: 0.1 / 100
Finished creating server and clients.

-------------Round number: 0-------------

Evaluate global model
Averaged Train Loss: 2.4217
Averaged Test Accurancy: 0.1065
Averaged Test AUC: 0.5006
Std Test Accurancy: 0.1360
Std Test AUC: 0.1313
ASR : 0.015615615615615617
attack_auc : 0.7185762946591672
------------------------- time cost ------------------------- 11.432545900344849
ASR : 0.00180166511048864
attack_auc : 0.7456328874538879
------------------------- time cost ------------------------- 2.617131471633911
ASR : 0.7434648340267883
attack_auc : 0.8496121326656212
------------------------- time cost ------------------------- 2.8790698051452637
ASR : 0.011868352446780047
attack_auc : 0.42953592967407644
------------------------- time cost ------------------------- 2.8025028705596924
ASR : 0.6495085679262651
attack_auc : 0.8386514929340027
------------------------- time cost ------------------------- 2.7083969116210938
ASR : 0.5531331287431825
attack_auc : 0.6928121982998587
------------------------- time cost ------------------------- 2.7569165229797363
ASR : 0.44821917577326975
attack_auc : 0.6329884962151763
------------------------- time cost ------------------------- 2.7831766605377197
ASR : 0.38272876010424234
attack_auc : 0.5961857456057591
------------------------- time cost ------------------------- 2.867678642272949
ASR : 0.43662974438411484
attack_auc : 0.7079006818832523
------------------------- time cost ------------------------- 2.7387568950653076
ASR : 0.39435289548277663
attack_auc : 0.6283447539037995
------------------------- time cost ------------------------- 2.8256025314331055

-------------Round number: 10-------------

Evaluate global model
Averaged Train Loss: 4.2519
Averaged Test Accurancy: 0.1415
Averaged Test AUC: 0.5964
Std Test Accurancy: 0.1419
Std Test AUC: 0.1444
ASR : 0.39745952160747205
attack_auc : 0.7014201739938725
------------------------- time cost ------------------------- 10.626536846160889
ASR : 0.21747096233320617
attack_auc : 0.5135939663564286
------------------------- time cost ------------------------- 2.9291789531707764
ASR : 0.298640574884911
attack_auc : 0.5689361517246335
------------------------- time cost ------------------------- 2.925771713256836
ASR : 0.24444264513388836
attack_auc : 0.5703607799105741
------------------------- time cost ------------------------- 2.4060049057006836
ASR : 0.3302105759208925
attack_auc : 0.6625171998649615
------------------------- time cost ------------------------- 3.106877565383911
ASR : 0.24590182189711104
attack_auc : 0.5623782092300803
------------------------- time cost ------------------------- 2.613955020904541
ASR : 0.3304519205434143
attack_auc : 0.7348283354338385
------------------------- time cost ------------------------- 2.745171070098877
ASR : 0.09317453407930167
attack_auc : 0.5439636127687641
------------------------- time cost ------------------------- 2.487830877304077
ASR : 0.2655986406619627
attack_auc : 0.6804895990302823
------------------------- time cost ------------------------- 2.874391794204712
ASR : 0.038577059633511726
attack_auc : 0.49681750533608543
------------------------- time cost ------------------------- 2.798003911972046

-------------Round number: 20-------------

Evaluate global model
Averaged Train Loss: 2.9695
Averaged Test Accurancy: 0.1595
Averaged Test AUC: 0.6273
Std Test Accurancy: 0.1479
Std Test AUC: 0.1372
ASR : 0.17969452712981182
attack_auc : 0.5273756496754329
------------------------- time cost ------------------------- 10.744809865951538
ASR : 0.14277104311873354
attack_auc : 0.519263605148135
------------------------- time cost ------------------------- 2.558734178543091
ASR : 0.006813444142017493
attack_auc : 0.4121757371108095
------------------------- time cost ------------------------- 2.727278470993042
ASR : 0.001484956030410576
attack_auc : 0.4277006640649415
------------------------- time cost ------------------------- 2.8394196033477783
ASR : 0.0002904923359468814
attack_auc : 0.38514382904563393
------------------------- time cost ------------------------- 2.8375425338745117
ASR : 0.10845562890671614
attack_auc : 0.5714629885098829
------------------------- time cost ------------------------- 2.862968683242798
ASR : 0.2757184579739385
attack_auc : 0.6832200508541776
------------------------- time cost ------------------------- 2.763542413711548
ASR : 0.29681719907630194
attack_auc : 0.6812897286612936
------------------------- time cost ------------------------- 2.921395778656006
ASR : 0.06234053169288079
attack_auc : 0.44906333626148504
------------------------- time cost ------------------------- 2.5865726470947266
ASR : 0.11200341037088424
attack_auc : 0.571960877171461
------------------------- time cost ------------------------- 2.8312716484069824

-------------Round number: 30-------------

Evaluate global model
Averaged Train Loss: 2.1432
Averaged Test Accurancy: 0.2412
Averaged Test AUC: 0.7143
Std Test Accurancy: 0.1528
Std Test AUC: 0.1117
ASR : 0.05688168549557244
attack_auc : 0.5007167938687795
------------------------- time cost ------------------------- 10.722785472869873
ASR : 0.1881273979247847
attack_auc : 0.6113499523927839
------------------------- time cost ------------------------- 2.623871088027954
ASR : 0.1488548950614208
attack_auc : 0.5639076743701187
------------------------- time cost ------------------------- 2.729541301727295
ASR : 0.08308425212175659
attack_auc : 0.4452653515272623
------------------------- time cost ------------------------- 2.7638251781463623
ASR : 0.08237405750607585
attack_auc : 0.4930316427207968
------------------------- time cost ------------------------- 2.791918992996216
ASR : 0.207771466031575
attack_auc : 0.5956030497918439
------------------------- time cost ------------------------- 2.8446731567382812
ASR : 0.1343963324689832
attack_auc : 0.5767328044642703
------------------------- time cost ------------------------- 2.6802029609680176
ASR : 0.032088012805104094
attack_auc : 0.5304767667941744
------------------------- time cost ------------------------- 2.671710968017578
ASR : 0.09567469923342846
attack_auc : 0.5817509124658707
------------------------- time cost ------------------------- 2.785325050354004
ASR : 0.20459582284253466
attack_auc : 0.5999237252802522
------------------------- time cost ------------------------- 2.748769998550415

-------------Round number: 40-------------

Evaluate global model
Averaged Train Loss: 2.0050
Averaged Test Accurancy: 0.2785
Averaged Test AUC: 0.7303
Std Test Accurancy: 0.1391
Std Test AUC: 0.1148
ASR : 0.07407812695329932
attack_auc : 0.5042348099545216
------------------------- time cost ------------------------- 10.473608493804932
ASR : 0.028559175256462024
attack_auc : 0.4740338906590049
------------------------- time cost ------------------------- 2.580953359603882
ASR : 0.024736866842413403
attack_auc : 0.508985675910309
------------------------- time cost ------------------------- 2.7646424770355225
ASR : 0.05067579829902637
attack_auc : 0.5698539293927973
------------------------- time cost ------------------------- 2.756758689880371
ASR : 0.13906707437719754
attack_auc : 0.5900718688292956
------------------------- time cost ------------------------- 3.0244081020355225
ASR : 0.04079539453873328
attack_auc : 0.43789293051479444
------------------------- time cost ------------------------- 2.56603741645813
ASR : 0.010285947219221115
attack_auc : 0.37998216663345985
------------------------- time cost ------------------------- 2.6941537857055664
ASR : 0.141234718168879
attack_auc : 0.5766043714346631
------------------------- time cost ------------------------- 2.5864555835723877
ASR : 0.0671819264364258
attack_auc : 0.5187982736487727
------------------------- time cost ------------------------- 2.751896381378174
ASR : 0.23245282963337768
attack_auc : 0.6506558460259892
------------------------- time cost ------------------------- 2.646615982055664

-------------Round number: 50-------------

Evaluate global model
Averaged Train Loss: 1.9613
Averaged Test Accurancy: 0.3024
Averaged Test AUC: 0.7447
Std Test Accurancy: 0.1367
Std Test AUC: 0.1069
ASR : 0.19366624219346312
attack_auc : 0.6156991511863205
------------------------- time cost ------------------------- 10.218608140945435
ASR : 0.07373342386644083
attack_auc : 0.4711253877973195
------------------------- time cost ------------------------- 2.709726095199585
ASR : 0.08780456423641
attack_auc : 0.5479334337903502
------------------------- time cost ------------------------- 2.824474811553955
ASR : 0.026033364567712627
attack_auc : 0.4682266828865677
------------------------- time cost ------------------------- 2.7040698528289795
ASR : 0.06637848679499857
attack_auc : 0.5280960632692748
------------------------- time cost ------------------------- 2.945904493331909
ASR : 0.015725917401880965
attack_auc : 0.435977580037708
------------------------- time cost ------------------------- 2.8478970527648926
ASR : 0.15090591006615448
attack_auc : 0.6148616062952468
------------------------- time cost ------------------------- 2.887253522872925
ASR : 0.09447661094725208
attack_auc : 0.5805551836461303
------------------------- time cost ------------------------- 2.808903932571411
ASR : 0.07210918170993835
attack_auc : 0.5681225503391482
------------------------- time cost ------------------------- 2.7874698638916016
ASR : 0.18439518233173338
attack_auc : 0.6103406347379746
------------------------- time cost ------------------------- 2.730222702026367

-------------Round number: 60-------------

Evaluate global model
Averaged Train Loss: 1.7164
Averaged Test Accurancy: 0.3793
Averaged Test AUC: 0.7904
Std Test Accurancy: 0.1396
Std Test AUC: 0.0932
ASR : 0.0090938313280948
attack_auc : 0.4534372856500074
------------------------- time cost ------------------------- 10.439877986907959
ASR : 0.012561817312860015
attack_auc : 0.4599949317252495
------------------------- time cost ------------------------- 2.999190092086792
ASR : 0.1037219435633992
attack_auc : 0.5336381917099506
------------------------- time cost ------------------------- 2.689648389816284
ASR : 0.08852167952831337
attack_auc : 0.5849113202638629
------------------------- time cost ------------------------- 2.7671988010406494
ASR : 0.2675567099500067
attack_auc : 0.6813373025069003
------------------------- time cost ------------------------- 2.70481538772583
ASR : 0.14799559603840579
attack_auc : 0.6220727236124396
------------------------- time cost ------------------------- 2.844693899154663
ASR : 0.04979025697004836
attack_auc : 0.5704927274239877
------------------------- time cost ------------------------- 2.4254422187805176
ASR : 0.31667151300010116
attack_auc : 0.7170309626342173
------------------------- time cost ------------------------- 2.7212116718292236
ASR : 0.10998529134537421
attack_auc : 0.5922129887503966
------------------------- time cost ------------------------- 2.6214654445648193
ASR : 0.3014869265303116
attack_auc : 0.7283583466203616
------------------------- time cost ------------------------- 2.707711935043335

-------------Round number: 70-------------

Evaluate global model
Averaged Train Loss: 1.8147
Averaged Test Accurancy: 0.3373
Averaged Test AUC: 0.7524
Std Test Accurancy: 0.1273
Std Test AUC: 0.0990
ASR : 0.5123113543585264
attack_auc : 0.8348506179174663
------------------------- time cost ------------------------- 10.505464792251587
ASR : 0.45689004395742633
attack_auc : 0.7999758030189623
------------------------- time cost ------------------------- 2.8151538372039795
ASR : 0.17286880982064295
attack_auc : 0.6787722238072139
------------------------- time cost ------------------------- 2.7998850345611572
ASR : 0.30148597463792565
attack_auc : 0.7319740143973638
------------------------- time cost ------------------------- 2.624607563018799
ASR : 0.16438045765098663
attack_auc : 0.6612124345984454
------------------------- time cost ------------------------- 2.8488030433654785
ASR : 0.11750176683505846
attack_auc : 0.6586643849732435
------------------------- time cost ------------------------- 2.829376220703125
ASR : 0.08688399538717921
attack_auc : 0.5979300922808342
------------------------- time cost ------------------------- 2.663015604019165
ASR : 0.29332862299310963
attack_auc : 0.6942634683776067
------------------------- time cost ------------------------- 2.7397871017456055
ASR : 0.38614813842534484
attack_auc : 0.759733139282571
------------------------- time cost ------------------------- 2.6772005558013916
ASR : 0.37660979612563344
attack_auc : 0.7460752505502977
------------------------- time cost ------------------------- 2.794661045074463

-------------Round number: 80-------------

Evaluate global model
Averaged Train Loss: 1.8594
Averaged Test Accurancy: 0.3413
Averaged Test AUC: 0.7428
Std Test Accurancy: 0.1448
Std Test AUC: 0.0949
ASR : 0.4610343310162444
attack_auc : 0.7949510986273237
------------------------- time cost ------------------------- 10.751326560974121
ASR : 0.469496165202428
attack_auc : 0.8041429504692186
------------------------- time cost ------------------------- 2.7531039714813232
ASR : 0.4175243044881178
attack_auc : 0.7843107951440829
------------------------- time cost ------------------------- 2.6991028785705566
ASR : 0.6900136792969493
attack_auc : 0.9101692106405171
------------------------- time cost ------------------------- 2.652919054031372
ASR : 0.688366148971709
attack_auc : 0.8967046121897769
------------------------- time cost ------------------------- 2.727551221847534
ASR : 0.47246906126509924
attack_auc : 0.8337359328079883
------------------------- time cost ------------------------- 2.66387677192688
ASR : 0.6805467696769093
attack_auc : 0.8996287552153447
------------------------- time cost ------------------------- 2.725680112838745
ASR : 0.42095683786128885
attack_auc : 0.8134690238517326
------------------------- time cost ------------------------- 2.730217218399048
ASR : 0.5436195152649516
attack_auc : 0.8474994543905208
------------------------- time cost ------------------------- 2.6955082416534424
ASR : 0.4984117834171044
attack_auc : 0.8090408338263493
------------------------- time cost ------------------------- 2.9557721614837646

-------------Round number: 90-------------

Evaluate global model
Averaged Train Loss: 1.6289
Averaged Test Accurancy: 0.4207
Averaged Test AUC: 0.7657
Std Test Accurancy: 0.1053
Std Test AUC: 0.0702
ASR : 0.48877113514289783
attack_auc : 0.8098175195541866
------------------------- time cost ------------------------- 10.64583420753479
ASR : 0.729798430241186
attack_auc : 0.9180681618558704
------------------------- time cost ------------------------- 2.652658462524414
ASR : 0.5417282577129663
attack_auc : 0.855341597678464
------------------------- time cost ------------------------- 2.7834579944610596
ASR : 0.6076245274624769
attack_auc : 0.8655677034674853
------------------------- time cost ------------------------- 2.8267691135406494
ASR : 0.6703428150365424
attack_auc : 0.8914863399061
------------------------- time cost ------------------------- 2.710130214691162
ASR : 0.6693442916766037
attack_auc : 0.8818452101028277
------------------------- time cost ------------------------- 2.7927939891815186
ASR : 0.6900227073506549
attack_auc : 0.8915248898798009
------------------------- time cost ------------------------- 2.573763370513916
ASR : 0.5511738604621019
attack_auc : 0.8546576775463677
------------------------- time cost ------------------------- 2.696683883666992
ASR : 0.5791684119223537
attack_auc : 0.8495293377414771
------------------------- time cost ------------------------- 2.807811737060547
ASR : 0.5986969568208734
attack_auc : 0.8825225112578039
------------------------- time cost ------------------------- 2.744858980178833

-------------Round number: 100-------------

Evaluate global model
Averaged Train Loss: 1.6106
Averaged Test Accurancy: 0.4024
Averaged Test AUC: 0.7775
Std Test Accurancy: 0.1303
Std Test AUC: 0.0813
ASR : 0.667835204477253
attack_auc : 0.8976736897817729
------------------------- time cost ------------------------- 10.649670839309692
ASR : 0.6625624276773878
attack_auc : 0.9054837807664138
------------------------- time cost ------------------------- 2.967172145843506
ASR : 0.7933660068331848
attack_auc : 0.9467275496738432
------------------------- time cost ------------------------- 2.667884111404419
ASR : 0.8051231157952591
attack_auc : 0.9404717570418749
------------------------- time cost ------------------------- 2.675401449203491
ASR : 0.7860101058721766
attack_auc : 0.9370788117973087
------------------------- time cost ------------------------- 2.8392562866210938
ASR : 0.818047931693764
attack_auc : 0.952526463856576
------------------------- time cost ------------------------- 2.600663900375366
ASR : 0.7624381215886568
attack_auc : 0.9307000314513014
------------------------- time cost ------------------------- 2.8204500675201416
ASR : 0.841023882640739
attack_auc : 0.9522092765340942
------------------------- time cost ------------------------- 2.9548747539520264
ASR : 0.7495158350752718
attack_auc : 0.919068477622766
------------------------- time cost ------------------------- 2.7119555473327637
ASR : 0.8545549034123904
attack_auc : 0.9626498290632886
------------------------- time cost ------------------------- 2.8592300415039062

-------------Round number: 110-------------

Evaluate global model
Averaged Train Loss: 1.5926
Averaged Test Accurancy: 0.4143
Averaged Test AUC: 0.7574
Std Test Accurancy: 0.1202
Std Test AUC: 0.0602
ASR : 0.8076506570804844
attack_auc : 0.9425653346079867
------------------------- time cost ------------------------- 10.66297459602356
ASR : 0.7707586204515691
attack_auc : 0.9276787066188902
------------------------- time cost ------------------------- 2.7565834522247314
ASR : 0.854516677873302
attack_auc : 0.9573992843397955
------------------------- time cost ------------------------- 2.7610790729522705
ASR : 0.767760636999151
attack_auc : 0.9244653483099191
------------------------- time cost ------------------------- 2.7449448108673096
ASR : 0.8280425949900555
attack_auc : 0.955002714614291
------------------------- time cost ------------------------- 2.6138052940368652
ASR : 0.875596374819444
attack_auc : 0.9654224147360123
------------------------- time cost ------------------------- 2.6702167987823486
ASR : 0.9094789465585732
attack_auc : 0.9796123112581915
------------------------- time cost ------------------------- 2.8392245769500732
ASR : 0.8398215590384287
attack_auc : 0.9503319189397309
------------------------- time cost ------------------------- 2.644017219543457
ASR : 0.9022059534732476
attack_auc : 0.9760665115150009
------------------------- time cost ------------------------- 2.6139934062957764
ASR : 0.8632542606936181
attack_auc : 0.9681796207470433
------------------------- time cost ------------------------- 2.665856122970581

-------------Round number: 120-------------

Evaluate global model
Averaged Train Loss: 1.7211
Averaged Test Accurancy: 0.3903
Averaged Test AUC: 0.7575
Std Test Accurancy: 0.1307
Std Test AUC: 0.0748
ASR : 0.728402902598799
attack_auc : 0.9140057347783143
------------------------- time cost ------------------------- 10.518328428268433
ASR : 0.8713662364758793
attack_auc : 0.966142477441884
------------------------- time cost ------------------------- 2.651918888092041
ASR : 0.8032702288764183
attack_auc : 0.9408599600892695
------------------------- time cost ------------------------- 2.6633059978485107
ASR : 0.8864737444670193
attack_auc : 0.9690400559420154
------------------------- time cost ------------------------- 2.721806287765503
ASR : 0.845879109376197
attack_auc : 0.956087272947346
------------------------- time cost ------------------------- 2.683216094970703
ASR : 0.8787896210646879
attack_auc : 0.9676633645272135
------------------------- time cost ------------------------- 2.9939675331115723
ASR : 0.8049032496229028
attack_auc : 0.9299770142421099
------------------------- time cost ------------------------- 2.9159021377563477
ASR : 0.7578726303532802
attack_auc : 0.920902698276717
------------------------- time cost ------------------------- 2.8476383686065674
ASR : 0.855637292380061
attack_auc : 0.9564475348394562
------------------------- time cost ------------------------- 2.8349502086639404
ASR : 0.8738399522015098
attack_auc : 0.9618286850270589
------------------------- time cost ------------------------- 2.5060598850250244

-------------Round number: 130-------------

Evaluate global model
Averaged Train Loss: 1.5362
Averaged Test Accurancy: 0.4337
Averaged Test AUC: 0.7698
Std Test Accurancy: 0.1265
Std Test AUC: 0.0668
ASR : 0.8813749640220101
attack_auc : 0.9687292051886394
------------------------- time cost ------------------------- 10.53476881980896
ASR : 0.8533753556972296
attack_auc : 0.9501493480123092
------------------------- time cost ------------------------- 2.656654119491577
ASR : 0.8671257028452413
attack_auc : 0.9632367158513693
------------------------- time cost ------------------------- 2.729923963546753
ASR : 0.8629398919067955
attack_auc : 0.9564411317822512
------------------------- time cost ------------------------- 2.7872307300567627
ASR : 0.896835714600794
attack_auc : 0.9716173760521872
------------------------- time cost ------------------------- 2.615222454071045
ASR : 0.8789116068569528
attack_auc : 0.9652125899121408
------------------------- time cost ------------------------- 2.8235628604888916
ASR : 0.8110387239429488
attack_auc : 0.937871542327757
------------------------- time cost ------------------------- 2.6686158180236816
ASR : 0.8529124427916827
attack_auc : 0.9515639402810762
------------------------- time cost ------------------------- 2.7183308601379395
ASR : 0.8373350674082564
attack_auc : 0.9511610188212005
------------------------- time cost ------------------------- 2.783114433288574
ASR : 0.798186723777631
attack_auc : 0.9240816090681443
------------------------- time cost ------------------------- 2.687235116958618

-------------Round number: 140-------------

Evaluate global model
Averaged Train Loss: 1.5159
Averaged Test Accurancy: 0.4325
Averaged Test AUC: 0.7580
Std Test Accurancy: 0.1155
Std Test AUC: 0.0604
ASR : 0.8570527378293569
attack_auc : 0.9566601488939134
------------------------- time cost ------------------------- 10.567413806915283
ASR : 0.7995473541705027
attack_auc : 0.9299235478397708
------------------------- time cost ------------------------- 2.8510940074920654
ASR : 0.8488985772916198
attack_auc : 0.9559513873210632
------------------------- time cost ------------------------- 2.8145499229431152
ASR : 0.8159613248246843
attack_auc : 0.9391193068312644
------------------------- time cost ------------------------- 2.9088640213012695
ASR : 0.8116926634707309
attack_auc : 0.9354197496900637
------------------------- time cost ------------------------- 2.7018582820892334
ASR : 0.820074948228933
attack_auc : 0.9352114677400103
------------------------- time cost ------------------------- 2.763983726501465
ASR : 0.8543662066147057
attack_auc : 0.9471290687123195
------------------------- time cost ------------------------- 2.6276819705963135
ASR : 0.8889453215361439
attack_auc : 0.9581312106534906
------------------------- time cost ------------------------- 2.6778528690338135
ASR : 0.8758593079725381
attack_auc : 0.9523775656662177
------------------------- time cost ------------------------- 2.6047565937042236
ASR : 0.8991659079816076
attack_auc : 0.9621037180632303
------------------------- time cost ------------------------- 2.735610246658325

-------------Round number: 150-------------

Evaluate global model
Averaged Train Loss: 1.5924
Averaged Test Accurancy: 0.4442
Averaged Test AUC: 0.7315
Std Test Accurancy: 0.1345
Std Test AUC: 0.0754
ASR : 0.8053095405054793
attack_auc : 0.9231796177319602
------------------------- time cost ------------------------- 10.202305555343628
ASR : 0.8837984212719301
attack_auc : 0.960087342462997
------------------------- time cost ------------------------- 2.50712513923645
ASR : 0.8105457944483074
attack_auc : 0.9262732970464012
------------------------- time cost ------------------------- 2.5044777393341064
ASR : 0.810241931068482
attack_auc : 0.930172765798657
------------------------- time cost ------------------------- 2.779322624206543
ASR : 0.7907725076075138
attack_auc : 0.9165076999275851
------------------------- time cost ------------------------- 2.717848062515259
ASR : 0.8344578863407558
attack_auc : 0.9330863647104348
------------------------- time cost ------------------------- 2.7094457149505615
ASR : 0.8711303626893078
attack_auc : 0.9458840314333627
------------------------- time cost ------------------------- 2.5268304347991943
ASR : 0.8529922318046783
attack_auc : 0.9432885498160783
------------------------- time cost ------------------------- 2.7248876094818115
ASR : 0.8938113644498076
attack_auc : 0.9617498369014185
------------------------- time cost ------------------------- 2.6486258506774902
ASR : 0.9223364118305976
attack_auc : 0.9714763556115836
------------------------- time cost ------------------------- 2.5492186546325684

-------------Round number: 160-------------

Evaluate global model
Averaged Train Loss: 1.6319
Averaged Test Accurancy: 0.4160
Averaged Test AUC: 0.7286
Std Test Accurancy: 0.1257
Std Test AUC: 0.0730
ASR : 0.8342363379075499
attack_auc : 0.9421495991142218
------------------------- time cost ------------------------- 10.331904411315918
ASR : 0.8468390919730974
attack_auc : 0.9479840439759529
------------------------- time cost ------------------------- 2.7058963775634766
ASR : 0.809714343268626
attack_auc : 0.9302535392012294
------------------------- time cost ------------------------- 2.7665319442749023
ASR : 0.873484515029369
attack_auc : 0.9401584812718228
------------------------- time cost ------------------------- 2.6067497730255127
ASR : 0.8179375963890061
attack_auc : 0.9199939551458803
------------------------- time cost ------------------------- 2.724238157272339
ASR : 0.7433571461711972
attack_auc : 0.8906008338952313
------------------------- time cost ------------------------- 2.9450974464416504
ASR : 0.8922182854877239
attack_auc : 0.9540059660311123
------------------------- time cost ------------------------- 2.575239658355713
ASR : 0.8992054559536917
attack_auc : 0.9569321123709829
------------------------- time cost ------------------------- 2.879477024078369
ASR : 0.8817727055561515
attack_auc : 0.9539455392166744
------------------------- time cost ------------------------- 2.7616121768951416
ASR : 0.9017956595493678
attack_auc : 0.9659209605035595
------------------------- time cost ------------------------- 2.6900198459625244

-------------Round number: 170-------------

Evaluate global model
Averaged Train Loss: 1.5091
Averaged Test Accurancy: 0.4174
Averaged Test AUC: 0.7075
Std Test Accurancy: 0.1515
Std Test AUC: 0.0747
ASR : 0.880165581680554
attack_auc : 0.9454086621145196
------------------------- time cost ------------------------- 10.468302011489868
ASR : 0.8376719186073729
attack_auc : 0.921371003118354
------------------------- time cost ------------------------- 2.7487759590148926
ASR : 0.9275679739254208
attack_auc : 0.9712250599463189
------------------------- time cost ------------------------- 2.839012622833252
ASR : 0.8694149326881426
attack_auc : 0.9385737217405425
------------------------- time cost ------------------------- 2.6885576248168945
ASR : 0.8766063417032908
attack_auc : 0.9461812799102168
------------------------- time cost ------------------------- 2.65315318107605
ASR : 0.922418114377399
attack_auc : 0.9683591706013507
------------------------- time cost ------------------------- 2.7720143795013428
ASR : 0.8130029788307086
attack_auc : 0.9107424693133174
------------------------- time cost ------------------------- 2.5985138416290283
ASR : 0.8995835431099023
attack_auc : 0.9541254754785631
------------------------- time cost ------------------------- 2.52645206451416
ASR : 0.8841080895978801
attack_auc : 0.9439419405502821
------------------------- time cost ------------------------- 2.7254045009613037
ASR : 0.8549162048958037
attack_auc : 0.9430144975575855
------------------------- time cost ------------------------- 2.8599562644958496

-------------Round number: 180-------------

Evaluate global model
Averaged Train Loss: 1.7546
Averaged Test Accurancy: 0.3846
Averaged Test AUC: 0.6936
Std Test Accurancy: 0.1319
Std Test AUC: 0.0643
ASR : 0.806398801005973
attack_auc : 0.9090762659227768
------------------------- time cost ------------------------- 10.430481910705566
ASR : 0.8478781917409905
attack_auc : 0.9261753677943275
------------------------- time cost ------------------------- 2.5293643474578857
ASR : 0.8816863585262944
attack_auc : 0.9501293727969143
------------------------- time cost ------------------------- 2.4551994800567627
ASR : 0.8890327409005792
attack_auc : 0.960362756261512
------------------------- time cost ------------------------- 2.796880006790161
ASR : 0.9000664176312146
attack_auc : 0.9615303579467208
------------------------- time cost ------------------------- 2.906618595123291
ASR : 0.8464631230772444
attack_auc : 0.9371591277536307
------------------------- time cost ------------------------- 2.5703704357147217
ASR : 0.8435497110536329
attack_auc : 0.9378264718050422
------------------------- time cost ------------------------- 2.6569461822509766
ASR : 0.8829065574454554
attack_auc : 0.95579037172328
------------------------- time cost ------------------------- 2.9716498851776123
ASR : 0.8710366629571362
attack_auc : 0.9317731578364941
------------------------- time cost ------------------------- 2.77591872215271
ASR : 0.8333022063722711
attack_auc : 0.9175721176217465
------------------------- time cost ------------------------- 2.84540057182312

-------------Round number: 190-------------

Evaluate global model
Averaged Train Loss: 1.5454
Averaged Test Accurancy: 0.4151
Averaged Test AUC: 0.7057
Std Test Accurancy: 0.1248
Std Test AUC: 0.0660
ASR : 0.8802803480264227
attack_auc : 0.9393991141619166
------------------------- time cost ------------------------- 10.108696460723877
ASR : 0.9238067315194665
attack_auc : 0.9649430564584905
------------------------- time cost ------------------------- 2.784119129180908
ASR : 0.8613070719920183
attack_auc : 0.933362810834274
------------------------- time cost ------------------------- 2.8504416942596436
ASR : 0.8973399095632287
attack_auc : 0.9543583518832516
------------------------- time cost ------------------------- 2.588840961456299
ASR : 0.8448382634401136
attack_auc : 0.9309333914585047
------------------------- time cost ------------------------- 2.8385162353515625
ASR : 0.8483283640522354
attack_auc : 0.9171404595470644
------------------------- time cost ------------------------- 2.958573579788208
ASR : 0.8285979523856601
attack_auc : 0.9150894679047246
------------------------- time cost ------------------------- 2.8099453449249268
ASR : 0.8748104420160476
attack_auc : 0.9408504736743378
------------------------- time cost ------------------------- 2.445251941680908
ASR : 0.8735560706445047
attack_auc : 0.935793417250447
------------------------- time cost ------------------------- 2.6257479190826416
ASR : 0.8439510974377328
attack_auc : 0.9204835038745535
------------------------- time cost ------------------------- 2.6394762992858887

-------------Round number: 200-------------

Evaluate global model
Averaged Train Loss: 1.6382
Averaged Test Accurancy: 0.4142
Averaged Test AUC: 0.6899
Std Test Accurancy: 0.1417
Std Test AUC: 0.0836
ASR : 0.8468167920159158
attack_auc : 0.9185498377334075
------------------------- time cost ------------------------- 10.207197189331055
ASR : 0.9280896330990551
attack_auc : 0.9653616228701635
------------------------- time cost ------------------------- 2.793797731399536
ASR : 0.9013823190052637
attack_auc : 0.9509156529665085
------------------------- time cost ------------------------- 2.690669059753418
ASR : 0.9261396412148368
attack_auc : 0.9652423504333405
------------------------- time cost ------------------------- 2.8661048412323
ASR : 0.9084278495368557
attack_auc : 0.956449947385117
------------------------- time cost ------------------------- 2.778235912322998
ASR : 0.8922921648911144
attack_auc : 0.94242748388049
------------------------- time cost ------------------------- 2.7810475826263428
ASR : 0.8948506923050666
attack_auc : 0.9376843086064444
------------------------- time cost ------------------------- 2.792444944381714
ASR : 0.8668241389999148
attack_auc : 0.9302262250146218
------------------------- time cost ------------------------- 2.6587681770324707
ASR : 0.8870919321727497
attack_auc : 0.9412524854980812
------------------------- time cost ------------------------- 2.6987202167510986
ASR : 0.9251776178249802
attack_auc : 0.9610320636362584
------------------------- time cost ------------------------- 2.489394426345825

-------------Round number: 210-------------

Evaluate global model
Averaged Train Loss: 1.6183
Averaged Test Accurancy: 0.4287
Averaged Test AUC: 0.6963
Std Test Accurancy: 0.1429
Std Test AUC: 0.0914
ASR : 0.8964350107813448
attack_auc : 0.9488414133458286
------------------------- time cost ------------------------- 10.385170936584473
ASR : 0.8862350571354535
attack_auc : 0.9408333888830809
------------------------- time cost ------------------------- 2.73010516166687
ASR : 0.9213303880714867
attack_auc : 0.9627225332287241
------------------------- time cost ------------------------- 2.6472327709198
ASR : 0.9082141907372822
attack_auc : 0.9491005974533825
------------------------- time cost ------------------------- 2.5937628746032715
ASR : 0.9271446812400046
attack_auc : 0.9626448065418782
------------------------- time cost ------------------------- 2.759580612182617
ASR : 0.9113964398617758
attack_auc : 0.9554046478459686
------------------------- time cost ------------------------- 2.693990468978882
ASR : 0.9092243585856902
attack_auc : 0.9522707301613504
------------------------- time cost ------------------------- 2.5431787967681885
ASR : 0.86512295508349
attack_auc : 0.9324365081223831
------------------------- time cost ------------------------- 2.81778621673584
ASR : 0.8494517360340824
attack_auc : 0.9235778922752617
------------------------- time cost ------------------------- 2.6477580070495605
ASR : 0.8839402064605969
attack_auc : 0.9432761240497924
------------------------- time cost ------------------------- 2.6100902557373047

-------------Round number: 220-------------

Evaluate global model
Averaged Train Loss: 1.6724
Averaged Test Accurancy: 0.4088
Averaged Test AUC: 0.7115
Std Test Accurancy: 0.1575
Std Test AUC: 0.0902
ASR : 0.857399443289109
attack_auc : 0.9358310573011631
------------------------- time cost ------------------------- 10.378336668014526
ASR : 0.9052132894561892
attack_auc : 0.945095393002068
------------------------- time cost ------------------------- 2.669675588607788
ASR : 0.8946815960765786
attack_auc : 0.9371113671035773
------------------------- time cost ------------------------- 2.8090968132019043
ASR : 0.9035407512208635
attack_auc : 0.9368312922897369
------------------------- time cost ------------------------- 2.672680616378784
ASR : 0.9026878340501808
attack_auc : 0.9401106133338798
------------------------- time cost ------------------------- 2.8376057147979736
ASR : 0.8985574760965982
attack_auc : 0.940298989461516
------------------------- time cost ------------------------- 2.5656466484069824
ASR : 0.9132146146819705
attack_auc : 0.9466218297239257
------------------------- time cost ------------------------- 2.7234888076782227
ASR : 0.9438547331076459
attack_auc : 0.9625492518430326
------------------------- time cost ------------------------- 2.560678720474243
ASR : 0.9351576424227152
attack_auc : 0.96556487726366
------------------------- time cost ------------------------- 2.560558319091797
ASR : 0.9257849806714357
attack_auc : 0.9598484494612713
------------------------- time cost ------------------------- 2.6738293170928955

-------------Round number: 230-------------

Evaluate global model
Averaged Train Loss: 1.5396
Averaged Test Accurancy: 0.4256
Averaged Test AUC: 0.6851
Std Test Accurancy: 0.1410
Std Test AUC: 0.0854
ASR : 0.9141245146037824
attack_auc : 0.9502273035271458
------------------------- time cost ------------------------- 10.560328722000122
ASR : 0.9105064373693464
attack_auc : 0.9543839906343012
------------------------- time cost ------------------------- 2.6365714073181152
ASR : 0.8932665440316072
attack_auc : 0.941404737655541
------------------------- time cost ------------------------- 2.797981023788452
ASR : 0.9095165838503148
attack_auc : 0.9471024418963274
------------------------- time cost ------------------------- 2.8130199909210205
ASR : 0.8831125281333676
attack_auc : 0.9224620528548931
------------------------- time cost ------------------------- 2.559936046600342
ASR : 0.8728783973876743
attack_auc : 0.9325676400292834
------------------------- time cost ------------------------- 2.5586113929748535
ASR : 0.9115690675280138
attack_auc : 0.9481283870846876
------------------------- time cost ------------------------- 2.599583387374878
ASR : 0.8950965334908877
attack_auc : 0.9330734011845082
------------------------- time cost ------------------------- 2.7299342155456543
ASR : 0.9051611246408219
attack_auc : 0.942115832073537
------------------------- time cost ------------------------- 2.377051830291748
ASR : 0.9196435883561475
attack_auc : 0.9569867238081624
------------------------- time cost ------------------------- 2.7930262088775635

-------------Round number: 240-------------

Evaluate global model
Averaged Train Loss: 1.6468
Averaged Test Accurancy: 0.3952
Averaged Test AUC: 0.6744
Std Test Accurancy: 0.1543
Std Test AUC: 0.0877
ASR : 0.9027836990395929
attack_auc : 0.9427699614080534
------------------------- time cost ------------------------- 10.261947393417358
ASR : 0.9029738684643268
attack_auc : 0.9448569215642556
------------------------- time cost ------------------------- 2.7815563678741455
ASR : 0.9128027078441875
attack_auc : 0.9421313139643052
------------------------- time cost ------------------------- 2.6459410190582275
ASR : 0.9196683081737181
attack_auc : 0.9459564235836662
------------------------- time cost ------------------------- 2.8115057945251465
ASR : 0.9190709273707787
attack_auc : 0.9361298947537722
------------------------- time cost ------------------------- 2.578368902206421
ASR : 0.9191429018027133
attack_auc : 0.9443439451755383
------------------------- time cost ------------------------- 2.707174301147461
ASR : 0.8830757528673551
attack_auc : 0.9279022342196052
------------------------- time cost ------------------------- 2.925093173980713
ASR : 0.870062529916515
attack_auc : 0.9182959934903404
------------------------- time cost ------------------------- 2.7208213806152344
ASR : 0.922162766887846
attack_auc : 0.9446937261788596
------------------------- time cost ------------------------- 2.486386775970459
ASR : 0.9117898216198697
attack_auc : 0.9470320574821487
------------------------- time cost ------------------------- 2.677457332611084

-------------Round number: 250-------------

Evaluate global model
Averaged Train Loss: 1.7965
Averaged Test Accurancy: 0.3746
Averaged Test AUC: 0.6646
Std Test Accurancy: 0.1508
Std Test AUC: 0.0872
ASR : 0.9375872989119209
attack_auc : 0.956932255693656
------------------------- time cost ------------------------- 10.118622779846191
ASR : 0.8962937541195405
attack_auc : 0.9406079383790386
------------------------- time cost ------------------------- 2.8900256156921387
ASR : 0.9044254595703475
attack_auc : 0.9262339937924333
------------------------- time cost ------------------------- 2.7541067600250244
ASR : 0.9501732128538221
attack_auc : 0.962889643062188
------------------------- time cost ------------------------- 2.6015946865081787
ASR : 0.9240579462646109
attack_auc : 0.9481695147012562
------------------------- time cost ------------------------- 2.578977108001709
ASR : 0.9222315811342099
attack_auc : 0.9442604974806552
------------------------- time cost ------------------------- 2.618527889251709
ASR : 0.8848045052290215
attack_auc : 0.9343253912569528
------------------------- time cost ------------------------- 2.7904605865478516
ASR : 0.8152159306760288
attack_auc : 0.8789830830806883
------------------------- time cost ------------------------- 2.628988265991211
ASR : 0.9301106509826744
attack_auc : 0.9460334918300892
------------------------- time cost ------------------------- 2.738945722579956
ASR : 0.9132201875527978
attack_auc : 0.9381045516434693
------------------------- time cost ------------------------- 2.738265037536621

-------------Round number: 260-------------

Evaluate global model
Averaged Train Loss: 1.8063
Averaged Test Accurancy: 0.3738
Averaged Test AUC: 0.6665
Std Test Accurancy: 0.1511
Std Test AUC: 0.0812
ASR : 0.9147981562726604
attack_auc : 0.9436935588895093
------------------------- time cost ------------------------- 10.23773193359375
ASR : 0.8826782497057053
attack_auc : 0.9254292630280824
------------------------- time cost ------------------------- 2.5223395824432373
ASR : 0.9029749839779335
attack_auc : 0.938426534103088
------------------------- time cost ------------------------- 2.7871897220611572
ASR : 0.8878138729223587
attack_auc : 0.9307290324646552
------------------------- time cost ------------------------- 2.648042917251587
ASR : 0.860902272190804
attack_auc : 0.915195640485635
------------------------- time cost ------------------------- 2.5169177055358887
ASR : 0.919026138433591
attack_auc : 0.94209597685701
------------------------- time cost ------------------------- 2.6822779178619385
ASR : 0.9299797504375167
attack_auc : 0.9534024788327455
------------------------- time cost ------------------------- 2.781891107559204
ASR : 0.9022169436832125
attack_auc : 0.935275320689234
------------------------- time cost ------------------------- 2.812924385070801
ASR : 0.8794506092100499
attack_auc : 0.9257412838806485
------------------------- time cost ------------------------- 2.7913544178009033
ASR : 0.8653091153381414
attack_auc : 0.9230035078306925
------------------------- time cost ------------------------- 2.781222105026245

-------------Round number: 270-------------

Evaluate global model
Averaged Train Loss: 1.7162
Averaged Test Accurancy: 0.3953
Averaged Test AUC: 0.6655
Std Test Accurancy: 0.1417
Std Test AUC: 0.0788
ASR : 0.8971629216414291
attack_auc : 0.922589515048885
------------------------- time cost ------------------------- 10.47621750831604
ASR : 0.9207321985198123
attack_auc : 0.9419553060148158
------------------------- time cost ------------------------- 2.6812963485717773
ASR : 0.8922389094551288
attack_auc : 0.9318641976935844
------------------------- time cost ------------------------- 2.6876204013824463
ASR : 0.8700619497728468
attack_auc : 0.9084764867594902
------------------------- time cost ------------------------- 2.5450997352600098
ASR : 0.8988907266696985
attack_auc : 0.9208522834873971
------------------------- time cost ------------------------- 2.689319610595703
ASR : 0.912525955423959
attack_auc : 0.9372989765418944
------------------------- time cost ------------------------- 2.6986610889434814
ASR : 0.9120493412067443
attack_auc : 0.9346449164251915
------------------------- time cost ------------------------- 2.884443521499634
ASR : 0.8986969103079228
attack_auc : 0.9090062434460484
------------------------- time cost ------------------------- 2.7230570316314697
ASR : 0.8959449656734618
attack_auc : 0.9188484362304407
------------------------- time cost ------------------------- 2.8091061115264893
ASR : 0.8785945034764481
attack_auc : 0.9166820962307434
------------------------- time cost ------------------------- 2.8992090225219727

-------------Round number: 280-------------

Evaluate global model
Averaged Train Loss: 1.8206
Averaged Test Accurancy: 0.3900
Averaged Test AUC: 0.6555
Std Test Accurancy: 0.1641
Std Test AUC: 0.0858
ASR : 0.8573443622522163
attack_auc : 0.9042086802832686
------------------------- time cost ------------------------- 10.387071132659912
ASR : 0.8858316825476373
attack_auc : 0.9165112091288148
------------------------- time cost ------------------------- 2.7358510494232178
ASR : 0.8959261754863026
attack_auc : 0.9204357668254604
------------------------- time cost ------------------------- 2.9023704528808594
ASR : 0.8855579845693022
attack_auc : 0.909619198511775
------------------------- time cost ------------------------- 2.775139808654785
ASR : 0.9162519397652276
attack_auc : 0.9345755712156628
------------------------- time cost ------------------------- 2.7290008068084717
ASR : 0.9084718217858735
attack_auc : 0.9267353144257263
------------------------- time cost ------------------------- 2.7002878189086914
ASR : 0.9139826726944296
attack_auc : 0.936206767026863
------------------------- time cost ------------------------- 2.680065631866455
ASR : 0.9048653075057624
attack_auc : 0.928629212871989
------------------------- time cost ------------------------- 2.6253366470336914
ASR : 0.9174414100125053
attack_auc : 0.934782226479746
------------------------- time cost ------------------------- 2.554100275039673
ASR : 0.9219677357336203
attack_auc : 0.943507898224253
------------------------- time cost ------------------------- 2.823579788208008

-------------Round number: 290-------------

Evaluate global model
Averaged Train Loss: 1.6719
Averaged Test Accurancy: 0.3874
Averaged Test AUC: 0.6654
Std Test Accurancy: 0.1657
Std Test AUC: 0.0908
ASR : 0.8927921216627357
attack_auc : 0.9241775619840737
------------------------- time cost ------------------------- 10.503181457519531
ASR : 0.9326221380932371
attack_auc : 0.954589898037453
------------------------- time cost ------------------------- 2.7639708518981934
ASR : 0.9271589111343352
attack_auc : 0.9463147051171746
------------------------- time cost ------------------------- 2.7852253913879395
ASR : 0.8936637796635717
attack_auc : 0.9159239432383547
------------------------- time cost ------------------------- 2.713634967803955
ASR : 0.9040033848578176
attack_auc : 0.9210465276204611
------------------------- time cost ------------------------- 2.826547145843506
ASR : 0.9320564939366878
attack_auc : 0.9328229781384948
------------------------- time cost ------------------------- 2.6811916828155518
ASR : 0.896055476730187
attack_auc : 0.9131115195759297
------------------------- time cost ------------------------- 2.6321897506713867
ASR : 0.9287709881045509
attack_auc : 0.9395950902660246
------------------------- time cost ------------------------- 2.5734009742736816
ASR : 0.917277874566658
attack_auc : 0.9348101306827062
------------------------- time cost ------------------------- 2.6942219734191895
ASR : 0.8675942815668876
attack_auc : 0.914132343305317
------------------------- time cost ------------------------- 2.840156078338623

-------------Round number: 300-------------

Evaluate global model
Averaged Train Loss: 1.8165
Averaged Test Accurancy: 0.4104
Averaged Test AUC: 0.6602
Std Test Accurancy: 0.1520
Std Test AUC: 0.0980
ASR : 0.8247517918391349
attack_auc : 0.8844574859530597
------------------------- time cost ------------------------- 10.431561946868896
ASR : 0.8675054493816289
attack_auc : 0.9004632508663243
------------------------- time cost ------------------------- 2.618198871612549
ASR : 0.9123531753711358
attack_auc : 0.9288713776324029
------------------------- time cost ------------------------- 2.921823024749756
ASR : 0.9249194517862046
attack_auc : 0.9306243563698915
------------------------- time cost ------------------------- 2.621929883956909
ASR : 0.9450246540823701
attack_auc : 0.9514279458520262
------------------------- time cost ------------------------- 2.6907577514648438
ASR : 0.894288900072791
attack_auc : 0.9223496599588898
------------------------- time cost ------------------------- 2.7296054363250732
ASR : 0.9043239707197139
attack_auc : 0.9328323616760056
------------------------- time cost ------------------------- 2.73008394241333
ASR : 0.9244730615762715
attack_auc : 0.9256404787058767
------------------------- time cost ------------------------- 2.5063748359680176
ASR : 0.9161315668531042
attack_auc : 0.9313011170927843
------------------------- time cost ------------------------- 2.8905282020568848
ASR : 0.8844157666668486
attack_auc : 0.9112395161850243
------------------------- time cost ------------------------- 2.563693046569824

-------------Round number: 310-------------

Evaluate global model
Averaged Train Loss: 1.5995
Averaged Test Accurancy: 0.4137
Averaged Test AUC: 0.6530
Std Test Accurancy: 0.1471
Std Test AUC: 0.0876
ASR : 0.9191557200065694
attack_auc : 0.9327990228982009
------------------------- time cost ------------------------- 10.125976800918579
ASR : 0.882734684941305
attack_auc : 0.9105883795596423
------------------------- time cost ------------------------- 2.6971473693847656
ASR : 0.9277633340426925
attack_auc : 0.9381806104893418
------------------------- time cost ------------------------- 2.5704002380371094
ASR : 0.9198713033353653
attack_auc : 0.9377711095169456
------------------------- time cost ------------------------- 2.565187454223633
ASR : 0.8999748137175778
attack_auc : 0.92766005193405
------------------------- time cost ------------------------- 2.8936538696289062
ASR : 0.9215626215413852
attack_auc : 0.92729964377694
------------------------- time cost ------------------------- 2.747047185897827
ASR : 0.9033279029826511
attack_auc : 0.9292781133781678
------------------------- time cost ------------------------- 2.530066728591919
ASR : 0.8879445209330332
attack_auc : 0.9201980097520912
------------------------- time cost ------------------------- 2.6855812072753906
ASR : 0.9234172886177919
attack_auc : 0.9366009590006513
------------------------- time cost ------------------------- 2.516648769378662
ASR : 0.9367468589162532
attack_auc : 0.9455259563202
------------------------- time cost ------------------------- 2.4654619693756104

-------------Round number: 320-------------

Evaluate global model
Averaged Train Loss: 1.5782
Averaged Test Accurancy: 0.4197
Averaged Test AUC: 0.6530
Std Test Accurancy: 0.1642
Std Test AUC: 0.0906
ASR : 0.9340533813535356
attack_auc : 0.9476085852388472
------------------------- time cost ------------------------- 10.303735733032227
ASR : 0.9394588358734139
attack_auc : 0.9483471985765378
------------------------- time cost ------------------------- 2.9066126346588135
ASR : 0.9302432782166495
attack_auc : 0.9356511410335165
------------------------- time cost ------------------------- 2.635484457015991
ASR : 0.9319366980720537
attack_auc : 0.9355893771521236
------------------------- time cost ------------------------- 2.607891798019409
ASR : 0.9264413642000138
attack_auc : 0.9336155040694771
------------------------- time cost ------------------------- 2.5154831409454346
ASR : 0.9294761198827333
attack_auc : 0.9402148846457054
------------------------- time cost ------------------------- 2.750215530395508
ASR : 0.8713285931160447
attack_auc : 0.9123840473218465
------------------------- time cost ------------------------- 2.663011074066162
ASR : 0.933222134945406
attack_auc : 0.9399407550266276
------------------------- time cost ------------------------- 2.4985315799713135
ASR : 0.9372226359072501
attack_auc : 0.9387136287518948
------------------------- time cost ------------------------- 2.707195281982422
ASR : 0.9093482884036667
attack_auc : 0.9285008556428489
------------------------- time cost ------------------------- 2.578458547592163

-------------Round number: 330-------------

Evaluate global model
Averaged Train Loss: 1.7172
Averaged Test Accurancy: 0.3831
Averaged Test AUC: 0.6401
Std Test Accurancy: 0.1486
Std Test AUC: 0.0770
ASR : 0.902303741339196
attack_auc : 0.9203945388066469
------------------------- time cost ------------------------- 10.454397678375244
ASR : 0.9084567028503548
attack_auc : 0.9255786659761952
------------------------- time cost ------------------------- 2.7232537269592285
ASR : 0.9065842305399661
attack_auc : 0.9238175179108903
------------------------- time cost ------------------------- 2.6231698989868164
ASR : 0.8969807266579133
attack_auc : 0.9213736759906221
------------------------- time cost ------------------------- 2.820725679397583
ASR : 0.9080304435415658
attack_auc : 0.9226625768536427
------------------------- time cost ------------------------- 2.6619505882263184
ASR : 0.9133043322656186
attack_auc : 0.9276999135687196
------------------------- time cost ------------------------- 2.368457794189453
ASR : 0.8998272635459852
attack_auc : 0.9282801950676148
------------------------- time cost ------------------------- 2.746655225753784
ASR : 0.9147048197779729
attack_auc : 0.9140748019803205
------------------------- time cost ------------------------- 2.834721803665161
ASR : 0.9134260470253762
attack_auc : 0.9189987229163697
------------------------- time cost ------------------------- 2.7562577724456787
ASR : 0.894475577661934
attack_auc : 0.9138260838688996
------------------------- time cost ------------------------- 2.838733673095703

-------------Round number: 340-------------

Evaluate global model
Averaged Train Loss: 1.4974
Averaged Test Accurancy: 0.4103
Averaged Test AUC: 0.6506
Std Test Accurancy: 0.1541
Std Test AUC: 0.0880
ASR : 0.8914795149755002
attack_auc : 0.9148981367963388
------------------------- time cost ------------------------- 10.231154918670654
ASR : 0.8980329453533156
attack_auc : 0.9218352765291513
------------------------- time cost ------------------------- 2.702307939529419
ASR : 0.9230092101199608
attack_auc : 0.9341519071102425
------------------------- time cost ------------------------- 2.6604230403900146
ASR : 0.9060364580726983
attack_auc : 0.9205050072361939
------------------------- time cost ------------------------- 2.8210930824279785
ASR : 0.8846033953542946
attack_auc : 0.894823059928496
------------------------- time cost ------------------------- 2.743572950363159
ASR : 0.9115232308864297
attack_auc : 0.9146627757076873
------------------------- time cost ------------------------- 2.5234110355377197
ASR : 0.914484261639216
attack_auc : 0.9298789120615852
------------------------- time cost ------------------------- 2.7129268646240234
ASR : 0.9256112914046586
attack_auc : 0.93517429938254
------------------------- time cost ------------------------- 2.7035460472106934
ASR : 0.9183095019068312
attack_auc : 0.9296713035329625
------------------------- time cost ------------------------- 2.779886484146118
ASR : 0.9285449587600787
attack_auc : 0.9351444983865921
------------------------- time cost ------------------------- 2.588439702987671

-------------Round number: 350-------------

Evaluate global model
Averaged Train Loss: 1.9176
Averaged Test Accurancy: 0.4013
Averaged Test AUC: 0.6553
Std Test Accurancy: 0.1610
Std Test AUC: 0.0892
ASR : 0.9258192229471494
attack_auc : 0.9434960350559347
------------------------- time cost ------------------------- 10.324443578720093
ASR : 0.9306735127842433
attack_auc : 0.9409187885260284
------------------------- time cost ------------------------- 2.8039896488189697
ASR : 0.9145278888488423
attack_auc : 0.9239272170672368
------------------------- time cost ------------------------- 2.683349847793579
ASR : 0.9210384317100845
attack_auc : 0.9331802422774953
------------------------- time cost ------------------------- 2.654219150543213
ASR : 0.923119359329463
attack_auc : 0.9361853029557314
------------------------- time cost ------------------------- 2.6822268962860107
ASR : 0.9226192172763449
attack_auc : 0.9389463104110576
------------------------- time cost ------------------------- 2.796168565750122
ASR : 0.9195342884425685
attack_auc : 0.9347360212429842
------------------------- time cost ------------------------- 2.770334243774414
ASR : 0.9230319754417138
attack_auc : 0.9271873848794012
------------------------- time cost ------------------------- 2.999819040298462
ASR : 0.9272248327325321
attack_auc : 0.9242806139250399
------------------------- time cost ------------------------- 2.679126501083374
ASR : 0.9338698834224307
attack_auc : 0.9402091164288889
------------------------- time cost ------------------------- 2.9792346954345703

-------------Round number: 360-------------

Evaluate global model
Averaged Train Loss: 1.6888
Averaged Test Accurancy: 0.4361
Averaged Test AUC: 0.6597
Std Test Accurancy: 0.1492
Std Test AUC: 0.0936
ASR : 0.9157361352067022
attack_auc : 0.9310414853666886
------------------------- time cost ------------------------- 10.331403970718384
ASR : 0.9298419726466035
attack_auc : 0.9431307781224769
------------------------- time cost ------------------------- 2.602004289627075
ASR : 0.909393146480624
attack_auc : 0.9345164922435384
------------------------- time cost ------------------------- 2.540320634841919
ASR : 0.9132772566994407
attack_auc : 0.9222725792666081
------------------------- time cost ------------------------- 2.761306047439575
ASR : 0.9132130148389999
attack_auc : 0.9302897515692289
------------------------- time cost ------------------------- 2.6778883934020996
ASR : 0.9231713733770845
attack_auc : 0.9261839539528093
------------------------- time cost ------------------------- 2.7418718338012695
ASR : 0.9300756456155241
attack_auc : 0.9405117443568186
------------------------- time cost ------------------------- 2.885554790496826
ASR : 0.9248034391127872
attack_auc : 0.9248106676616425
------------------------- time cost ------------------------- 2.5979435443878174
ASR : 0.9135729232245656
attack_auc : 0.9250161763785688
------------------------- time cost ------------------------- 2.745086193084717
ASR : 0.9156828809738089
attack_auc : 0.9284435765605683
------------------------- time cost ------------------------- 2.593299150466919

-------------Round number: 370-------------

Evaluate global model
Averaged Train Loss: 1.6079
Averaged Test Accurancy: 0.3760
Averaged Test AUC: 0.6528
Std Test Accurancy: 0.1524
Std Test AUC: 0.0801
ASR : 0.910446730609836
attack_auc : 0.9295266983166649
------------------------- time cost ------------------------- 10.179935455322266
ASR : 0.9254752875910188
attack_auc : 0.93491089071309
------------------------- time cost ------------------------- 2.6500751972198486
ASR : 0.9209123920193313
attack_auc : 0.9265260429074192
------------------------- time cost ------------------------- 2.5345449447631836
ASR : 0.9262106954104671
attack_auc : 0.9405984653738906
------------------------- time cost ------------------------- 2.5573573112487793
ASR : 0.9139104957396135
attack_auc : 0.9339849456375284
------------------------- time cost ------------------------- 2.7263221740722656
ASR : 0.9195558794532164
attack_auc : 0.9333936646529364
------------------------- time cost ------------------------- 2.8240442276000977
ASR : 0.9218843098684298
attack_auc : 0.9395717914208525
------------------------- time cost ------------------------- 2.883883476257324
ASR : 0.9195250867039916
attack_auc : 0.9330102835953258
------------------------- time cost ------------------------- 2.8139476776123047
ASR : 0.9214040663636436
attack_auc : 0.9274697553646193
------------------------- time cost ------------------------- 2.6281466484069824
ASR : 0.9286420103636358
attack_auc : 0.9349833638706074
------------------------- time cost ------------------------- 2.7606008052825928

-------------Round number: 380-------------

Evaluate global model
Averaged Train Loss: 1.6069
Averaged Test Accurancy: 0.4150
Averaged Test AUC: 0.6609
Std Test Accurancy: 0.1330
Std Test AUC: 0.0850
ASR : 0.9117431002291165
attack_auc : 0.92776582282609
------------------------- time cost ------------------------- 10.458209037780762
ASR : 0.8827131986097417
attack_auc : 0.9040349505186356
------------------------- time cost ------------------------- 2.7707760334014893
ASR : 0.8921730798978449
attack_auc : 0.9077487452902293
------------------------- time cost ------------------------- 2.7710201740264893
ASR : 0.9037460623084919
attack_auc : 0.8937491556974542
------------------------- time cost ------------------------- 3.1261250972747803
ASR : 0.913997793553751
attack_auc : 0.906914670675318
------------------------- time cost ------------------------- 2.7491674423217773
ASR : 0.9003887122014221
attack_auc : 0.894998321323854
------------------------- time cost ------------------------- 2.778202533721924
ASR : 0.8986058038360618
attack_auc : 0.9083690205341224
------------------------- time cost ------------------------- 2.7094128131866455
ASR : 0.9107319397599138
attack_auc : 0.9112495728483255
------------------------- time cost ------------------------- 2.7736263275146484
ASR : 0.8953364373079948
attack_auc : 0.9123257263148045
------------------------- time cost ------------------------- 3.0672519207000732
ASR : 0.9046842326037907
attack_auc : 0.890897821985652
------------------------- time cost ------------------------- 2.6882474422454834

-------------Round number: 390-------------

Evaluate global model
Averaged Train Loss: 1.5625
Averaged Test Accurancy: 0.4236
Averaged Test AUC: 0.6428
Std Test Accurancy: 0.1679
Std Test AUC: 0.0810
ASR : 0.9084397780397458
attack_auc : 0.907490479597467
------------------------- time cost ------------------------- 10.409611463546753
ASR : 0.8983593568711555
attack_auc : 0.9026578806994078
------------------------- time cost ------------------------- 2.9257965087890625
ASR : 0.9015851953467061
attack_auc : 0.9027721199451209
------------------------- time cost ------------------------- 2.7969682216644287
ASR : 0.9324522253030968
attack_auc : 0.9304177201165654
------------------------- time cost ------------------------- 2.766430616378784
ASR : 0.9271539024317694
attack_auc : 0.9306680250997753
------------------------- time cost ------------------------- 2.897444725036621
ASR : 0.9176345472204882
attack_auc : 0.9230946894355976
------------------------- time cost ------------------------- 2.99830961227417
ASR : 0.9169410727626657
attack_auc : 0.9200011509553692
------------------------- time cost ------------------------- 2.6446163654327393
ASR : 0.921151216253134
attack_auc : 0.9173394029251845
------------------------- time cost ------------------------- 2.5214273929595947
ASR : 0.9232809742905758
attack_auc : 0.9150039975814741
------------------------- time cost ------------------------- 2.7488789558410645
ASR : 0.9144577709260929
attack_auc : 0.9087080837003925
------------------------- time cost ------------------------- 2.7558937072753906

-------------Round number: 400-------------

Evaluate global model
Averaged Train Loss: 1.3902
Averaged Test Accurancy: 0.4361
Averaged Test AUC: 0.6406
Std Test Accurancy: 0.1477
Std Test AUC: 0.0776
ASR : 0.9249876471333353
attack_auc : 0.9206174600016611
------------------------- time cost ------------------------- 10.075128555297852
ASR : 0.920505064750233
attack_auc : 0.9062192346306288
------------------------- time cost ------------------------- 2.475379228591919
ASR : 0.9327660194005835
attack_auc : 0.9290136872498403
------------------------- time cost ------------------------- 2.8265879154205322
ASR : 0.9186353834185741
attack_auc : 0.922545330474719
------------------------- time cost ------------------------- 2.9420344829559326
ASR : 0.9185009161864305
attack_auc : 0.9162989062817116
------------------------- time cost ------------------------- 2.7130472660064697
ASR : 0.8949050936415859
attack_auc : 0.8951687160490651
------------------------- time cost ------------------------- 2.6690258979797363
ASR : 0.9077731962336704
attack_auc : 0.9068312328111586
------------------------- time cost ------------------------- 2.951596975326538
ASR : 0.9208498038209326
attack_auc : 0.9225459653382809
------------------------- time cost ------------------------- 2.666590690612793
ASR : 0.9336096114895238
attack_auc : 0.9269749436297435
------------------------- time cost ------------------------- 2.5069515705108643
ASR : 0.9374238528624868
attack_auc : 0.9307342457087722
------------------------- time cost ------------------------- 2.5417513847351074

-------------Round number: 410-------------

Evaluate global model
Averaged Train Loss: 1.5041
Averaged Test Accurancy: 0.4216
Averaged Test AUC: 0.6401
Std Test Accurancy: 0.1535
Std Test AUC: 0.0804
ASR : 0.9377394866194564
attack_auc : 0.9340506059902428
------------------------- time cost ------------------------- 10.298302412033081
ASR : 0.9443840113475083
attack_auc : 0.9360292176273112
------------------------- time cost ------------------------- 2.6732847690582275
ASR : 0.9313767025095044
attack_auc : 0.931381818552479
------------------------- time cost ------------------------- 2.4759562015533447
ASR : 0.9156946571533465
attack_auc : 0.9146145552965259
------------------------- time cost ------------------------- 2.7664012908935547
ASR : 0.9425320079728059
attack_auc : 0.9304486648358005
------------------------- time cost ------------------------- 2.7438435554504395
ASR : 0.9330330406820612
attack_auc : 0.9283868369107354
------------------------- time cost ------------------------- 2.635956048965454
ASR : 0.9279512191414849
attack_auc : 0.925129096202789
------------------------- time cost ------------------------- 2.8639259338378906
ASR : 0.9141753806675854
attack_auc : 0.9214642720299709
------------------------- time cost ------------------------- 2.491013765335083
ASR : 0.9043361936036267
attack_auc : 0.9153938749151856
------------------------- time cost ------------------------- 2.868940830230713
ASR : 0.9388571698021871
attack_auc : 0.9311458622965446
------------------------- time cost ------------------------- 2.7404584884643555

-------------Round number: 420-------------

Evaluate global model
Averaged Train Loss: 1.4943
Averaged Test Accurancy: 0.4248
Averaged Test AUC: 0.6409
Std Test Accurancy: 0.1618
Std Test AUC: 0.0807
ASR : 0.916144907390075
attack_auc : 0.9112547372378468
------------------------- time cost ------------------------- 10.254091262817383
ASR : 0.9213756663245752
attack_auc : 0.9197311601231921
------------------------- time cost ------------------------- 2.7449324131011963
ASR : 0.9079700252927013
attack_auc : 0.9075298797615026
------------------------- time cost ------------------------- 2.8590192794799805
ASR : 0.9209901469472039
attack_auc : 0.9015994432872574
------------------------- time cost ------------------------- 2.696556806564331
ASR : 0.9167930815049814
attack_auc : 0.9092698139873117
------------------------- time cost ------------------------- 2.827651262283325
ASR : 0.9220156126730633
attack_auc : 0.8932818175082455
------------------------- time cost ------------------------- 2.7803194522857666
ASR : 0.9150106866498713
attack_auc : 0.8945172776532282
------------------------- time cost ------------------------- 2.7054171562194824
ASR : 0.9287357925320731
attack_auc : 0.9156788326622451
------------------------- time cost ------------------------- 2.642360210418701
ASR : 0.9176035675541965
attack_auc : 0.9100158925815935
------------------------- time cost ------------------------- 2.709866762161255
ASR : 0.9164609982555196
attack_auc : 0.9090640110782282
------------------------- time cost ------------------------- 2.712085008621216

-------------Round number: 430-------------

Evaluate global model
Averaged Train Loss: 1.4353
Averaged Test Accurancy: 0.4185
Averaged Test AUC: 0.6383
Std Test Accurancy: 0.1568
Std Test AUC: 0.0759
ASR : 0.9047883192282961
attack_auc : 0.9027075086387061
------------------------- time cost ------------------------- 10.47907042503357
ASR : 0.9306546529368498
attack_auc : 0.9157612123875281
------------------------- time cost ------------------------- 2.8834049701690674
ASR : 0.9199300897108114
attack_auc : 0.9047673004786699
------------------------- time cost ------------------------- 2.607980728149414
ASR : 0.9261727613272127
attack_auc : 0.9159819473939632
------------------------- time cost ------------------------- 2.788914203643799
ASR : 0.9271605946334123
attack_auc : 0.9156243715802156
------------------------- time cost ------------------------- 2.6439120769500732
ASR : 0.9151436719979061
attack_auc : 0.9074144522124349
------------------------- time cost ------------------------- 2.760591745376587
ASR : 0.9055992571363782
attack_auc : 0.9026895197970624
------------------------- time cost ------------------------- 2.8633129596710205
ASR : 0.9125477348534949
attack_auc : 0.9083904203929423
------------------------- time cost ------------------------- 3.0170202255249023
ASR : 0.9037842007930412
attack_auc : 0.8975117678915495
------------------------- time cost ------------------------- 2.7549102306365967
ASR : 0.9132625270283954
attack_auc : 0.9075579452458009
------------------------- time cost ------------------------- 2.687814474105835

-------------Round number: 440-------------

Evaluate global model
Averaged Train Loss: 1.3787
Averaged Test Accurancy: 0.4288
Averaged Test AUC: 0.6395
Std Test Accurancy: 0.1550
Std Test AUC: 0.0746
ASR : 0.8921759729566222
attack_auc : 0.9022761239394886
------------------------- time cost ------------------------- 10.544376850128174
ASR : 0.8902575116113406
attack_auc : 0.902718182559532
------------------------- time cost ------------------------- 2.7688417434692383
ASR : 0.9213188226100683
attack_auc : 0.9052540638797362
------------------------- time cost ------------------------- 2.759638786315918
ASR : 0.9229685898637626
attack_auc : 0.9195020672959845
------------------------- time cost ------------------------- 2.632455348968506
ASR : 0.9116518490345242
attack_auc : 0.9025069742824366
------------------------- time cost ------------------------- 2.93845272064209
ASR : 0.913285377155841
attack_auc : 0.9033808332351219
------------------------- time cost ------------------------- 2.887808322906494
ASR : 0.9213076085503684
attack_auc : 0.9146975982092629
------------------------- time cost ------------------------- 2.5403480529785156
ASR : 0.9204000018876971
attack_auc : 0.9160495977994482
------------------------- time cost ------------------------- 2.628002405166626
ASR : 0.9317894046625852
attack_auc : 0.9222900971150363
------------------------- time cost ------------------------- 2.812587261199951
ASR : 0.9395037823261548
attack_auc : 0.931055585913615
------------------------- time cost ------------------------- 2.6041789054870605

-------------Round number: 450-------------

Evaluate global model
Averaged Train Loss: 1.6000
Averaged Test Accurancy: 0.4356
Averaged Test AUC: 0.6386
Std Test Accurancy: 0.1588
Std Test AUC: 0.0859
ASR : 0.9241714995894714
attack_auc : 0.9229563771547805
------------------------- time cost ------------------------- 10.149217367172241
ASR : 0.9201806647616704
attack_auc : 0.9151899494458556
------------------------- time cost ------------------------- 2.7616612911224365
ASR : 0.9354032373493067
attack_auc : 0.9244833442831261
------------------------- time cost ------------------------- 2.7160146236419678
ASR : 0.939380514297022
attack_auc : 0.931002019290755
------------------------- time cost ------------------------- 2.7180726528167725
ASR : 0.9370452286135164
attack_auc : 0.9334125478266184
------------------------- time cost ------------------------- 2.5732688903808594
ASR : 0.9427018324074053
attack_auc : 0.9319387703681243
------------------------- time cost ------------------------- 2.583787679672241
ASR : 0.9412193516148807
attack_auc : 0.9263097648364068
------------------------- time cost ------------------------- 2.7660791873931885
ASR : 0.9256035301111969
attack_auc : 0.911214339214691
------------------------- time cost ------------------------- 2.6455979347229004
ASR : 0.9191492044020515
attack_auc : 0.911192445368427
------------------------- time cost ------------------------- 2.8579444885253906
ASR : 0.8892782777479856
attack_auc : 0.8916015087838892
------------------------- time cost ------------------------- 2.809356212615967

-------------Round number: 460-------------

Evaluate global model
Averaged Train Loss: 1.5617
Averaged Test Accurancy: 0.3875
Averaged Test AUC: 0.6202
Std Test Accurancy: 0.1560
Std Test AUC: 0.0774
ASR : 0.9061751650008409
attack_auc : 0.8932900704698453
------------------------- time cost ------------------------- 10.400624990463257
ASR : 0.9055475289938312
attack_auc : 0.8986078447297001
------------------------- time cost ------------------------- 2.609092950820923
ASR : 0.9010920316667783
attack_auc : 0.8947459649035557
------------------------- time cost ------------------------- 2.815883159637451
ASR : 0.9101694435853697
attack_auc : 0.9014219964183754
------------------------- time cost ------------------------- 2.7931509017944336
ASR : 0.9179596982155824
attack_auc : 0.9129382674709003
------------------------- time cost ------------------------- 2.745023012161255
ASR : 0.9177137009729969
attack_auc : 0.9109063812158327
------------------------- time cost ------------------------- 2.7900631427764893
ASR : 0.9160260561213507
attack_auc : 0.9181419871077569
------------------------- time cost ------------------------- 2.8019609451293945
ASR : 0.9151893330506995
attack_auc : 0.9090014659909564
------------------------- time cost ------------------------- 2.6985630989074707
ASR : 0.9244509094318002
attack_auc : 0.9134890699490898
------------------------- time cost ------------------------- 2.7133545875549316
ASR : 0.9207121141140687
attack_auc : 0.911582642615255
------------------------- time cost ------------------------- 2.6181745529174805

-------------Round number: 470-------------

Evaluate global model
Averaged Train Loss: 1.4227
Averaged Test Accurancy: 0.4376
Averaged Test AUC: 0.6358
Std Test Accurancy: 0.1696
Std Test AUC: 0.0802
ASR : 0.9268157304959871
attack_auc : 0.9138646342797452
------------------------- time cost ------------------------- 10.24044680595398
ASR : 0.9320196849760974
attack_auc : 0.9224651420424348
------------------------- time cost ------------------------- 2.957775831222534
ASR : 0.930171542587274
attack_auc : 0.9164409170741247
------------------------- time cost ------------------------- 2.821706533432007
ASR : 0.9397249325924069
attack_auc : 0.9288780112760284
------------------------- time cost ------------------------- 2.846031427383423
ASR : 0.9257141063922661
attack_auc : 0.914745287184689
------------------------- time cost ------------------------- 2.513071298599243
ASR : 0.9163052381875905
attack_auc : 0.9068570868817959
------------------------- time cost ------------------------- 2.6586265563964844
ASR : 0.9119484018678597
attack_auc : 0.9049451009802837
------------------------- time cost ------------------------- 2.9971683025360107
ASR : 0.9112643190517494
attack_auc : 0.9021022254816731
------------------------- time cost ------------------------- 3.0202407836914062
ASR : 0.9085570299697591
attack_auc : 0.9016072009006052
------------------------- time cost ------------------------- 2.594644546508789
ASR : 0.9090000040877478
attack_auc : 0.8984808982576742
------------------------- time cost ------------------------- 2.8847975730895996

-------------Round number: 480-------------

Evaluate global model
Averaged Train Loss: 1.3626
Averaged Test Accurancy: 0.4441
Averaged Test AUC: 0.6409
Std Test Accurancy: 0.1652
Std Test AUC: 0.0796
ASR : 0.9082456704075322
attack_auc : 0.8943352968857974
------------------------- time cost ------------------------- 10.20863938331604
ASR : 0.9193923872762404
attack_auc : 0.9120248147130678
------------------------- time cost ------------------------- 2.777406692504883
ASR : 0.9288819918479133
attack_auc : 0.9173085912123787
------------------------- time cost ------------------------- 2.6457319259643555
ASR : 0.9234544795430152
attack_auc : 0.913023747827482
------------------------- time cost ------------------------- 2.424834728240967
ASR : 0.915814748940312
attack_auc : 0.9061745194787238
------------------------- time cost ------------------------- 2.6792852878570557
ASR : 0.9223212749449666
attack_auc : 0.9177287109448874
------------------------- time cost ------------------------- 2.663705348968506
ASR : 0.9043435153818442
attack_auc : 0.9013511433499304
------------------------- time cost ------------------------- 2.844468832015991
ASR : 0.9107183731875973
attack_auc : 0.9016389851180291
------------------------- time cost ------------------------- 2.6647746562957764
ASR : 0.9149263438476523
attack_auc : 0.9099562489528891
------------------------- time cost ------------------------- 2.6008381843566895
ASR : 0.9226712930354876
attack_auc : 0.9136917091436356
------------------------- time cost ------------------------- 2.481156349182129

-------------Round number: 490-------------

Evaluate global model
Averaged Train Loss: 1.4149
Averaged Test Accurancy: 0.4568
Averaged Test AUC: 0.6501
Std Test Accurancy: 0.1584
Std Test AUC: 0.0828
ASR : 0.926984945665563
attack_auc : 0.916440443572226
------------------------- time cost ------------------------- 10.290557622909546
ASR : 0.9340402783114027
attack_auc : 0.9173079046864331
------------------------- time cost ------------------------- 2.593982219696045
ASR : 0.9339918361380412
attack_auc : 0.9204354257247743
------------------------- time cost ------------------------- 2.7808921337127686
ASR : 0.9417676967873979
attack_auc : 0.9327140437486804
------------------------- time cost ------------------------- 3.0228559970855713
ASR : 0.928169271512452
attack_auc : 0.9195746637927402
------------------------- time cost ------------------------- 2.662764549255371
ASR : 0.942466908063023
attack_auc : 0.9264650929730099
------------------------- time cost ------------------------- 2.4685754776000977
ASR : 0.9263247777636454
attack_auc : 0.9229982305026366
------------------------- time cost ------------------------- 2.8691279888153076
ASR : 0.9267658896630533
attack_auc : 0.9163429097048924
------------------------- time cost ------------------------- 2.690185308456421
ASR : 0.9234276387073387
attack_auc : 0.9162835233804694
------------------------- time cost ------------------------- 2.7551538944244385
ASR : 0.915281702784137
attack_auc : 0.9027570395887861
------------------------- time cost ------------------------- 2.8720405101776123

-------------Round number: 500-------------

Evaluate global model
Averaged Train Loss: 1.3400
Averaged Test Accurancy: 0.4562
Averaged Test AUC: 0.6451
Std Test Accurancy: 0.1561
Std Test AUC: 0.0796
ASR : 0.9257064863453656
attack_auc : 0.9181250000661909
------------------------- time cost ------------------------- 10.269728660583496
ASR : 0.9254175422447596
attack_auc : 0.9104446716069557
------------------------- time cost ------------------------- 2.890474557876587
ASR : 0.9274378079481032
attack_auc : 0.9151842566465038
------------------------- time cost ------------------------- 2.8689587116241455
ASR : 0.9167319485379102
attack_auc : 0.9037698465939994
------------------------- time cost ------------------------- 2.581105947494507
ASR : 0.9347808162370792
attack_auc : 0.9122627613251691
------------------------- time cost ------------------------- 2.533937692642212
ASR : 0.9302864000084098
attack_auc : 0.913515047308599
------------------------- time cost ------------------------- 2.6650755405426025
ASR : 0.9249872368569457
attack_auc : 0.9130740550682237
------------------------- time cost ------------------------- 2.581981658935547
ASR : 0.9270666966296639
attack_auc : 0.9194307058089847
------------------------- time cost ------------------------- 2.7872135639190674
ASR : 0.9311417374158307
attack_auc : 0.9226044841221618
------------------------- time cost ------------------------- 2.85063099861145
ASR : 0.9280899858758214
attack_auc : 0.9084948381124466
------------------------- time cost ------------------------- 2.8413031101226807

-------------Round number: 510-------------

Evaluate global model
Averaged Train Loss: 1.4213
Averaged Test Accurancy: 0.4558
Averaged Test AUC: 0.6448
Std Test Accurancy: 0.1622
Std Test AUC: 0.0825
ASR : 0.9260361867895871
attack_auc : 0.9082847657598382
------------------------- time cost ------------------------- 10.528068542480469
ASR : 0.9399447115985442
attack_auc : 0.9205805336329086
------------------------- time cost ------------------------- 2.7129037380218506
ASR : 0.9206814064273303
attack_auc : 0.9108647382759039
------------------------- time cost ------------------------- 2.697319746017456
ASR : 0.9260240899187845
attack_auc : 0.918715348928424
------------------------- time cost ------------------------- 2.7308554649353027
ASR : 0.9256162761731802
attack_auc : 0.9177430050843094
------------------------- time cost ------------------------- 2.7857983112335205
ASR : 0.9152218371638957
attack_auc : 0.9054202493435651
------------------------- time cost ------------------------- 2.7879018783569336
ASR : 0.9165487955330346
attack_auc : 0.9090462906337359
------------------------- time cost ------------------------- 2.557330846786499
ASR : 0.9121352841475289
attack_auc : 0.9086842351281289
------------------------- time cost ------------------------- 2.943634033203125
ASR : 0.9339216044338307
attack_auc : 0.9105130873867369
------------------------- time cost ------------------------- 2.735827684402466
ASR : 0.9290566050113604
attack_auc : 0.9085552670681563
------------------------- time cost ------------------------- 2.6483240127563477

-------------Round number: 520-------------

Evaluate global model
Averaged Train Loss: 1.3661
Averaged Test Accurancy: 0.4573
Averaged Test AUC: 0.6441
Std Test Accurancy: 0.1526
Std Test AUC: 0.0768
ASR : 0.9156823811408862
attack_auc : 0.909788023057077
------------------------- time cost ------------------------- 10.257036209106445
ASR : 0.9227280522210927
attack_auc : 0.90533724655648
------------------------- time cost ------------------------- 2.549602746963501
ASR : 0.9194266652776039
attack_auc : 0.9078935626758275
------------------------- time cost ------------------------- 2.687598943710327
ASR : 0.9064416067416367
attack_auc : 0.89628928447539
------------------------- time cost ------------------------- 2.769024133682251
ASR : 0.9194190971446546
attack_auc : 0.8957887554818689
------------------------- time cost ------------------------- 2.4124081134796143
ASR : 0.924022991205371
attack_auc : 0.9024522231772047
------------------------- time cost ------------------------- 2.5042057037353516
ASR : 0.9313834489331122
attack_auc : 0.9100521704465423
------------------------- time cost ------------------------- 2.7871155738830566
ASR : 0.923729951173172
attack_auc : 0.8886592116393528
------------------------- time cost ------------------------- 2.6164376735687256
ASR : 0.9223552472671227
attack_auc : 0.8932102888936955
------------------------- time cost ------------------------- 2.6831729412078857
ASR : 0.9274348477131045
attack_auc : 0.9058717943395576
------------------------- time cost ------------------------- 2.7532474994659424

-------------Round number: 530-------------

Evaluate global model
Averaged Train Loss: 1.3886
Averaged Test Accurancy: 0.4665
Averaged Test AUC: 0.6434
Std Test Accurancy: 0.1586
Std Test AUC: 0.0767
ASR : 0.9223774172948486
attack_auc : 0.9028894986693903
------------------------- time cost ------------------------- 10.288408756256104
ASR : 0.9336497715892064
attack_auc : 0.9138508531260499
------------------------- time cost ------------------------- 2.716644525527954
ASR : 0.929065699843627
attack_auc : 0.9110304641941639
------------------------- time cost ------------------------- 2.4951512813568115
ASR : 0.9249183840871459
attack_auc : 0.9083015793922273
------------------------- time cost ------------------------- 2.743537187576294
ASR : 0.9288126384898979
attack_auc : 0.9126177472108246
------------------------- time cost ------------------------- 2.8792853355407715
ASR : 0.9260120157598853
attack_auc : 0.9087139874436546
------------------------- time cost ------------------------- 2.762924909591675
ASR : 0.9279863104477301
attack_auc : 0.9087782504561026
------------------------- time cost ------------------------- 2.615736484527588
ASR : 0.919937435557612
attack_auc : 0.9096279244170289
------------------------- time cost ------------------------- 2.839651346206665
ASR : 0.914069005301768
attack_auc : 0.9071387121176914
------------------------- time cost ------------------------- 2.938762664794922
ASR : 0.9059682053577537
attack_auc : 0.898165752218286
------------------------- time cost ------------------------- 2.4556264877319336

-------------Round number: 540-------------

Evaluate global model
Averaged Train Loss: 1.2361
Averaged Test Accurancy: 0.4660
Averaged Test AUC: 0.6518
Std Test Accurancy: 0.1586
Std Test AUC: 0.0750
ASR : 0.9096396923150722
attack_auc : 0.900119250969296
------------------------- time cost ------------------------- 10.29756236076355
ASR : 0.9041012934829872
attack_auc : 0.8993946805735503
------------------------- time cost ------------------------- 2.797577381134033
ASR : 0.9220248460847418
attack_auc : 0.9080812838310017
------------------------- time cost ------------------------- 2.597001791000366
ASR : 0.9180615965816742
attack_auc : 0.9048425774177127
------------------------- time cost ------------------------- 2.518537759780884
ASR : 0.9195495754682227
attack_auc : 0.9041456592321432
------------------------- time cost ------------------------- 2.793118715286255
ASR : 0.9256415393759322
attack_auc : 0.9077539762714945
------------------------- time cost ------------------------- 2.850106954574585
ASR : 0.9173316317329424
attack_auc : 0.901877930092853
------------------------- time cost ------------------------- 2.833571195602417
ASR : 0.920533997524646
attack_auc : 0.8984256300835912
------------------------- time cost ------------------------- 2.6875739097595215
ASR : 0.9178208495973209
attack_auc : 0.8976298237087426
------------------------- time cost ------------------------- 2.6566994190216064
ASR : 0.9168899191523618
attack_auc : 0.8975294626541083
------------------------- time cost ------------------------- 2.498703956604004

-------------Round number: 550-------------

Evaluate global model
Averaged Train Loss: 1.2359
Averaged Test Accurancy: 0.4790
Averaged Test AUC: 0.6475
Std Test Accurancy: 0.1624
Std Test AUC: 0.0719
ASR : 0.9126200705690962
attack_auc : 0.8975153039681106
------------------------- time cost ------------------------- 10.20864486694336
ASR : 0.9162739162809259
attack_auc : 0.8967797263970299
------------------------- time cost ------------------------- 2.8238046169281006
ASR : 0.9193825304275602
attack_auc : 0.9006274246456635
------------------------- time cost ------------------------- 2.533313035964966
ASR : 0.9219644317434352
attack_auc : 0.904375549420622
------------------------- time cost ------------------------- 2.671457529067993
ASR : 0.9110249836816565
attack_auc : 0.903394300409138
------------------------- time cost ------------------------- 2.9152991771698
ASR : 0.9197228955675263
attack_auc : 0.902639874463233
------------------------- time cost ------------------------- 2.662102222442627
ASR : 0.9192007874382023
attack_auc : 0.9047296845178094
------------------------- time cost ------------------------- 2.955693483352661
ASR : 0.911899620724048
attack_auc : 0.9015100125168162
------------------------- time cost ------------------------- 2.7350974082946777
ASR : 0.9189348775136826
attack_auc : 0.9036379132611762
------------------------- time cost ------------------------- 2.793980121612549
ASR : 0.9216441800099449
attack_auc : 0.9104578749545985
------------------------- time cost ------------------------- 2.6253767013549805

-------------Round number: 560-------------

Evaluate global model
Averaged Train Loss: 1.2462
Averaged Test Accurancy: 0.4718
Averaged Test AUC: 0.6476
Std Test Accurancy: 0.1601
Std Test AUC: 0.0764
ASR : 0.9212114542688933
attack_auc : 0.9030616892356135
------------------------- time cost ------------------------- 10.145920515060425
ASR : 0.9289039432215542
attack_auc : 0.9092444830571714
------------------------- time cost ------------------------- 2.716092109680176
ASR : 0.9263410599522808
attack_auc : 0.9134214705734742
------------------------- time cost ------------------------- 2.8161349296569824
ASR : 0.9319099940273706
attack_auc : 0.911162886122823
------------------------- time cost ------------------------- 2.7411537170410156
ASR : 0.9300072877372553
attack_auc : 0.9152275748095218
------------------------- time cost ------------------------- 2.7909789085388184
ASR : 0.9328042187075477
attack_auc : 0.9138731532025688
------------------------- time cost ------------------------- 2.6024956703186035
ASR : 0.9280991663148066
attack_auc : 0.9158148804931786
------------------------- time cost ------------------------- 2.787883996963501
ASR : 0.9322482485074712
attack_auc : 0.9130042030631657
------------------------- time cost ------------------------- 2.617086410522461
ASR : 0.9328424873418775
attack_auc : 0.9155912272958234
------------------------- time cost ------------------------- 2.7620599269866943
ASR : 0.9359134716002557
attack_auc : 0.9105042353889293
------------------------- time cost ------------------------- 2.7042324542999268

-------------Round number: 570-------------

Evaluate global model
Averaged Train Loss: 1.1648
Averaged Test Accurancy: 0.4878
Averaged Test AUC: 0.6442
Std Test Accurancy: 0.1543
Std Test AUC: 0.0769
ASR : 0.9332753993675973
attack_auc : 0.9105405304348217
------------------------- time cost ------------------------- 10.258570432662964
ASR : 0.9268756969937018
attack_auc : 0.9038127568960407
------------------------- time cost ------------------------- 2.9442873001098633
ASR : 0.9292979002243125
attack_auc : 0.9070901475008648
------------------------- time cost ------------------------- 2.672715663909912
ASR : 0.9329306189129591
attack_auc : 0.9073996353604096
------------------------- time cost ------------------------- 2.7543206214904785
ASR : 0.932459116487719
attack_auc : 0.9055479508860175
------------------------- time cost ------------------------- 2.503413200378418
ASR : 0.9309242233917723
attack_auc : 0.9048133655307008
------------------------- time cost ------------------------- 2.706609010696411
ASR : 0.9252651865530841
attack_auc : 0.9042286318801427
------------------------- time cost ------------------------- 2.641695022583008
ASR : 0.927835782434751
attack_auc : 0.9015306905210156
------------------------- time cost ------------------------- 2.580822467803955
ASR : 0.9272871112277722
attack_auc : 0.903230495206094
------------------------- time cost ------------------------- 2.6095848083496094
ASR : 0.9274099547062622
attack_auc : 0.9039399725757574
------------------------- time cost ------------------------- 2.7661139965057373

-------------Round number: 580-------------

Evaluate global model
Averaged Train Loss: 1.1684
Averaged Test Accurancy: 0.4800
Averaged Test AUC: 0.6472
Std Test Accurancy: 0.1621
Std Test AUC: 0.0798
ASR : 0.9219463467837643
attack_auc : 0.9040359058587051
------------------------- time cost ------------------------- 10.213547468185425
ASR : 0.9160505571224447
attack_auc : 0.901586546099241
------------------------- time cost ------------------------- 2.7204036712646484
ASR : 0.9210126429299734
attack_auc : 0.8982464470464342
------------------------- time cost ------------------------- 2.5250003337860107
ASR : 0.9208583314678103
attack_auc : 0.9005090303241262
------------------------- time cost ------------------------- 2.7562220096588135
ASR : 0.9270796146740922
attack_auc : 0.9050162004646067
------------------------- time cost ------------------------- 2.7613649368286133
ASR : 0.9155307504659258
attack_auc : 0.8945555349785799
------------------------- time cost ------------------------- 2.521023988723755
ASR : 0.9210105343086168
attack_auc : 0.8998104717852936
------------------------- time cost ------------------------- 2.6129097938537598
ASR : 0.9191656898151496
attack_auc : 0.9012736295946672
------------------------- time cost ------------------------- 2.657582998275757
ASR : 0.9249533752937429
attack_auc : 0.8980351294127975
------------------------- time cost ------------------------- 2.519575834274292
ASR : 0.9306386584732804
attack_auc : 0.9036995121415681
------------------------- time cost ------------------------- 2.6606736183166504

-------------Round number: 590-------------

Evaluate global model
Averaged Train Loss: 1.1619
Averaged Test Accurancy: 0.4808
Averaged Test AUC: 0.6445
Std Test Accurancy: 0.1575
Std Test AUC: 0.0798
ASR : 0.9159702982202754
attack_auc : 0.9025648465226155
------------------------- time cost ------------------------- 10.218757152557373
ASR : 0.9187820121524854
attack_auc : 0.8992524452769199
------------------------- time cost ------------------------- 2.6382744312286377
ASR : 0.9244157858644589
attack_auc : 0.9020517829630967
------------------------- time cost ------------------------- 2.6927008628845215
ASR : 0.9179039210502957
attack_auc : 0.9002023866680944
------------------------- time cost ------------------------- 2.756345748901367
ASR : 0.9291199967305057
attack_auc : 0.9011378780280315
------------------------- time cost ------------------------- 2.523468494415283
ASR : 0.9231813036252766
attack_auc : 0.9030846496737222
------------------------- time cost ------------------------- 2.844073534011841
ASR : 0.9249124190761241
attack_auc : 0.8973640820677943
------------------------- time cost ------------------------- 2.627955436706543
ASR : 0.9211716331558031
attack_auc : 0.8944725656717776
------------------------- time cost ------------------------- 2.68033504486084
ASR : 0.9193036127692884
attack_auc : 0.8958626581693179
------------------------- time cost ------------------------- 2.7317752838134766
ASR : 0.9226403641896584
attack_auc : 0.8996401092940781
------------------------- time cost ------------------------- 2.669872283935547

-------------Round number: 600-------------

Evaluate global model
Averaged Train Loss: 1.1389
Averaged Test Accurancy: 0.4832
Averaged Test AUC: 0.6515
Std Test Accurancy: 0.1543
Std Test AUC: 0.0727
ASR : 0.9294858895407403
attack_auc : 0.9063308698028831
------------------------- time cost ------------------------- 10.243076086044312
ASR : 0.9324676686996393
attack_auc : 0.9108368636529018
------------------------- time cost ------------------------- 2.7221715450286865
ASR : 0.9324597636785322
attack_auc : 0.9057901161824863
------------------------- time cost ------------------------- 2.627748489379883
ASR : 0.9250315461746246
attack_auc : 0.9046462868282976
------------------------- time cost ------------------------- 2.890955686569214
ASR : 0.9201664881440409
attack_auc : 0.9018846090442467
------------------------- time cost ------------------------- 2.8458189964294434
ASR : 0.9312940143442121
attack_auc : 0.9090308475401664
------------------------- time cost ------------------------- 2.551424264907837
ASR : 0.9284348581224466
attack_auc : 0.9053323789862131
------------------------- time cost ------------------------- 2.892244577407837
ASR : 0.9281030316177719
attack_auc : 0.9077639698817237
------------------------- time cost ------------------------- 2.7192225456237793
ASR : 0.9305974659781415
attack_auc : 0.9084306350892939
------------------------- time cost ------------------------- 2.6460328102111816
ASR : 0.9131349875901624
attack_auc : 0.9003643188515361
------------------------- time cost ------------------------- 2.788649320602417

-------------Round number: 610-------------

Evaluate global model
Averaged Train Loss: 1.0372
Averaged Test Accurancy: 0.4792
Averaged Test AUC: 0.6529
Std Test Accurancy: 0.1497
Std Test AUC: 0.0694
ASR : 0.923041080680814
attack_auc : 0.897849659601095
------------------------- time cost ------------------------- 10.177876234054565
ASR : 0.9261848347547726
attack_auc : 0.9023276554130791
------------------------- time cost ------------------------- 2.839268207550049
ASR : 0.9219525251885368
attack_auc : 0.9001553842117371
------------------------- time cost ------------------------- 2.7111730575561523
ASR : 0.9256523952409139
attack_auc : 0.9070575603429148
------------------------- time cost ------------------------- 2.8059494495391846
ASR : 0.9450411794794795
attack_auc : 0.9187017322362522
------------------------- time cost ------------------------- 2.65370512008667
ASR : 0.9439944984917921
attack_auc : 0.9196965875912451
------------------------- time cost ------------------------- 2.783557415008545
ASR : 0.9436568490689922
attack_auc : 0.9153605087791366
------------------------- time cost ------------------------- 2.6818175315856934
ASR : 0.9303673597939083
attack_auc : 0.9122976983495702
------------------------- time cost ------------------------- 2.9359378814697266
ASR : 0.9252719891455955
attack_auc : 0.8995901186168866
------------------------- time cost ------------------------- 2.7172670364379883
ASR : 0.9198165514671168
attack_auc : 0.8993982453498847
------------------------- time cost ------------------------- 2.721614122390747

-------------Round number: 620-------------

Evaluate global model
Averaged Train Loss: 1.0349
Averaged Test Accurancy: 0.4899
Averaged Test AUC: 0.6517
Std Test Accurancy: 0.1552
Std Test AUC: 0.0696
ASR : 0.9322691825354064
attack_auc : 0.9059907864642806
------------------------- time cost ------------------------- 10.214341878890991
ASR : 0.931175276558733
attack_auc : 0.9060466234740385
------------------------- time cost ------------------------- 2.528327465057373
ASR : 0.9184272870454288
attack_auc : 0.9003643816000322
------------------------- time cost ------------------------- 2.8659377098083496
ASR : 0.9183502784163521
attack_auc : 0.8977524304709448
------------------------- time cost ------------------------- 2.854207992553711
ASR : 0.9238207309232217
attack_auc : 0.901145120111138
------------------------- time cost ------------------------- 2.6983931064605713
ASR : 0.9086114042624132
attack_auc : 0.8874097418000507
------------------------- time cost ------------------------- 2.8577752113342285
ASR : 0.9222817117842398
attack_auc : 0.8953190308748731
------------------------- time cost ------------------------- 2.8444015979766846
ASR : 0.9270479550509579
attack_auc : 0.895508598259609
------------------------- time cost ------------------------- 2.7934916019439697
ASR : 0.9139575109466983
attack_auc : 0.8884958103435651
------------------------- time cost ------------------------- 2.882784843444824
ASR : 0.9258475448720369
attack_auc : 0.8954174194934399
------------------------- time cost ------------------------- 2.544128179550171

-------------Round number: 630-------------

Evaluate global model
Averaged Train Loss: 1.0651
Averaged Test Accurancy: 0.4871
Averaged Test AUC: 0.6502
Std Test Accurancy: 0.1608
Std Test AUC: 0.0773
ASR : 0.9208599978302585
attack_auc : 0.8944609197504921
------------------------- time cost ------------------------- 10.472698450088501
ASR : 0.9224787712789151
attack_auc : 0.8963696919700148
------------------------- time cost ------------------------- 2.5072898864746094
ASR : 0.9213334885178107
attack_auc : 0.8963101371584931
------------------------- time cost ------------------------- 2.8776206970214844
ASR : 0.9224465035994233
attack_auc : 0.8993163312187898
------------------------- time cost ------------------------- 2.507312774658203
ASR : 0.9242187393166996
attack_auc : 0.9008964127711937
------------------------- time cost ------------------------- 2.762794017791748
ASR : 0.9271132028978896
attack_auc : 0.9037339078915942
------------------------- time cost ------------------------- 2.536339521408081
ASR : 0.9226241031229657
attack_auc : 0.9004451169514259
------------------------- time cost ------------------------- 2.499790906906128
ASR : 0.9144814405689183
attack_auc : 0.8978621299739615
------------------------- time cost ------------------------- 2.5256237983703613
ASR : 0.9135102212658628
attack_auc : 0.8980110789437378
------------------------- time cost ------------------------- 2.5657238960266113
ASR : 0.9190727172799763
attack_auc : 0.9021532818850418
------------------------- time cost ------------------------- 2.744264602661133

-------------Round number: 640-------------

Evaluate global model
Averaged Train Loss: 1.0670
Averaged Test Accurancy: 0.4909
Averaged Test AUC: 0.6563
Std Test Accurancy: 0.1512
Std Test AUC: 0.0786
ASR : 0.9193362224747946
attack_auc : 0.9004165558935849
------------------------- time cost ------------------------- 10.299174070358276
ASR : 0.9149685497704011
attack_auc : 0.8938213308476028
------------------------- time cost ------------------------- 2.653827428817749
ASR : 0.9284509878397214
attack_auc : 0.8994715276628099
------------------------- time cost ------------------------- 2.621060848236084
ASR : 0.9094560610925687
attack_auc : 0.8932158628961905
------------------------- time cost ------------------------- 2.7169229984283447
ASR : 0.9245930416515419
attack_auc : 0.8926412552121825
------------------------- time cost ------------------------- 2.7077412605285645
ASR : 0.9344344818634664
attack_auc : 0.9018268628306386
------------------------- time cost ------------------------- 2.6104114055633545
ASR : 0.9298544530752729
attack_auc : 0.9006542188413164
------------------------- time cost ------------------------- 2.6212098598480225
ASR : 0.9208354834606575
attack_auc : 0.8977053922076729
------------------------- time cost ------------------------- 2.5391387939453125
ASR : 0.9375750293537367
attack_auc : 0.9057697559668662
------------------------- time cost ------------------------- 2.5778305530548096
ASR : 0.9424624187552766
attack_auc : 0.912200968812958
------------------------- time cost ------------------------- 2.6241888999938965

-------------Round number: 650-------------

Evaluate global model
Averaged Train Loss: 1.0676
Averaged Test Accurancy: 0.4879
Averaged Test AUC: 0.6472
Std Test Accurancy: 0.1592
Std Test AUC: 0.0808
ASR : 0.9351053975726359
attack_auc : 0.9046149367136299
------------------------- time cost ------------------------- 10.32672905921936
ASR : 0.9420766781508292
attack_auc : 0.9067924574948076
------------------------- time cost ------------------------- 2.6106514930725098
ASR : 0.9335077916844576
attack_auc : 0.9018264895848004
------------------------- time cost ------------------------- 2.819984197616577
ASR : 0.9358686132063655
attack_auc : 0.9018526395908739
------------------------- time cost ------------------------- 2.7505855560302734
ASR : 0.9319337831621591
attack_auc : 0.8998566951595653
------------------------- time cost ------------------------- 2.745483636856079
ASR : 0.9287782022290779
attack_auc : 0.8976649939884547
------------------------- time cost ------------------------- 2.5027108192443848
ASR : 0.9298392844382208
attack_auc : 0.8997618762103394
------------------------- time cost ------------------------- 2.631626844406128
ASR : 0.9321847138018943
attack_auc : 0.9008627984603715
------------------------- time cost ------------------------- 2.787013530731201
ASR : 0.9391668213263009
attack_auc : 0.9074485035150305
------------------------- time cost ------------------------- 2.584965229034424
ASR : 0.9350883306354411
attack_auc : 0.9054030599830265
------------------------- time cost ------------------------- 2.8376669883728027

-------------Round number: 660-------------

Evaluate global model
Averaged Train Loss: 0.9444
Averaged Test Accurancy: 0.4929
Averaged Test AUC: 0.6516
Std Test Accurancy: 0.1483
Std Test AUC: 0.0784
ASR : 0.9313051983551841
attack_auc : 0.9026205169294049
------------------------- time cost ------------------------- 10.2992525100708
ASR : 0.9192979646803117
attack_auc : 0.9001412725515241
------------------------- time cost ------------------------- 2.694079637527466
ASR : 0.9265563937220893
attack_auc : 0.8989048984971316
------------------------- time cost ------------------------- 2.6173245906829834
ASR : 0.9258139573634355
attack_auc : 0.8993401532299379
------------------------- time cost ------------------------- 2.6231353282928467
ASR : 0.9265898673879239
attack_auc : 0.9018568095390604
------------------------- time cost ------------------------- 2.8340272903442383
ASR : 0.9128562467894339
attack_auc : 0.8981521423318728
------------------------- time cost ------------------------- 2.6552977561950684
ASR : 0.9195860373537464
attack_auc : 0.8966242702470117
------------------------- time cost ------------------------- 2.6991798877716064
ASR : 0.9249872423448284
attack_auc : 0.8964057622259177
------------------------- time cost ------------------------- 2.8679678440093994
ASR : 0.9233586973656144
attack_auc : 0.8975287739608139
------------------------- time cost ------------------------- 2.502135753631592
ASR : 0.9155513297015132
attack_auc : 0.8950267441025049
------------------------- time cost ------------------------- 2.840832233428955

-------------Round number: 670-------------

Evaluate global model
Averaged Train Loss: 0.9390
Averaged Test Accurancy: 0.4876
Averaged Test AUC: 0.6533
Std Test Accurancy: 0.1494
Std Test AUC: 0.0724
ASR : 0.9168001115341368
attack_auc : 0.8984387680005873
------------------------- time cost ------------------------- 10.233360528945923
ASR : 0.9266675680749783
attack_auc : 0.9003378078796213
------------------------- time cost ------------------------- 2.5880959033966064
ASR : 0.9233499570656905
attack_auc : 0.8990340606649762
------------------------- time cost ------------------------- 2.557962417602539
ASR : 0.9133834227168939
attack_auc : 0.8941598154677899
------------------------- time cost ------------------------- 2.643049478530884
ASR : 0.9227559219344869
attack_auc : 0.8965597401104352
------------------------- time cost ------------------------- 2.495958089828491
ASR : 0.9213439867036507
attack_auc : 0.8973286974161878
------------------------- time cost ------------------------- 2.713425636291504
ASR : 0.9094077733688034
attack_auc : 0.8905360960341535
------------------------- time cost ------------------------- 2.845945358276367
ASR : 0.9130288033934119
attack_auc : 0.8965313766954353
------------------------- time cost ------------------------- 2.6531076431274414
ASR : 0.9186511160826931
attack_auc : 0.8937598609683067
------------------------- time cost ------------------------- 2.5661051273345947
ASR : 0.9102303990946151
attack_auc : 0.8951364254941659
------------------------- time cost ------------------------- 2.7565298080444336

-------------Round number: 680-------------

Evaluate global model
Averaged Train Loss: 1.1742
Averaged Test Accurancy: 0.4674
Averaged Test AUC: 0.6499
Std Test Accurancy: 0.1558
Std Test AUC: 0.0735
ASR : 0.9207137753396638
attack_auc : 0.8963868636737852
------------------------- time cost ------------------------- 10.349131107330322
ASR : 0.919262620245521
attack_auc : 0.8971536095404897
------------------------- time cost ------------------------- 3.0032341480255127
ASR : 0.9087690174199139
attack_auc : 0.8908655335270764
------------------------- time cost ------------------------- 2.721205949783325
ASR : 0.9236629350772146
attack_auc : 0.8949927196583003
------------------------- time cost ------------------------- 2.8266711235046387
ASR : 0.9290997901251786
attack_auc : 0.8972033951692964
------------------------- time cost ------------------------- 2.8612780570983887
ASR : 0.931778432607893
attack_auc : 0.8974088087618544
------------------------- time cost ------------------------- 2.5261881351470947
ASR : 0.9256417035188129
attack_auc : 0.8961445229438036
------------------------- time cost ------------------------- 2.8339996337890625
ASR : 0.9351960763306113
attack_auc : 0.904420172580902
------------------------- time cost ------------------------- 2.8489160537719727
ASR : 0.93596021999739
attack_auc : 0.9082838813922319
------------------------- time cost ------------------------- 2.7366859912872314
ASR : 0.9230293914696298
attack_auc : 0.9034597068667387
------------------------- time cost ------------------------- 2.7181732654571533

-------------Round number: 690-------------

Evaluate global model
Averaged Train Loss: 0.8803
Averaged Test Accurancy: 0.4917
Averaged Test AUC: 0.6504
Std Test Accurancy: 0.1487
Std Test AUC: 0.0681
ASR : 0.9295514003089445
attack_auc : 0.90333411212104
------------------------- time cost ------------------------- 10.204504013061523
ASR : 0.927103944490359
attack_auc : 0.900723962641563
------------------------- time cost ------------------------- 2.6214163303375244
ASR : 0.9248954346872255
attack_auc : 0.9007010345140991
------------------------- time cost ------------------------- 2.594917058944702
ASR : 0.930514475712351
attack_auc : 0.9051188754100705
------------------------- time cost ------------------------- 2.7505431175231934
ASR : 0.9273715430282446
attack_auc : 0.9028554782591216
------------------------- time cost ------------------------- 2.718618869781494
ASR : 0.9306248173498649
attack_auc : 0.9053771760014158
------------------------- time cost ------------------------- 2.6202380657196045
ASR : 0.9304820249441139
attack_auc : 0.9051477908353309
------------------------- time cost ------------------------- 2.7405776977539062
ASR : 0.9246916853111457
attack_auc : 0.9019725939102615
------------------------- time cost ------------------------- 2.5652003288269043
ASR : 0.9305646738103623
attack_auc : 0.90537542935887
------------------------- time cost ------------------------- 2.532672166824341
ASR : 0.9315643547259325
attack_auc : 0.906492125357571
------------------------- time cost ------------------------- 2.60077166557312

-------------Round number: 700-------------

Evaluate global model
Averaged Train Loss: 0.9190
Averaged Test Accurancy: 0.4976
Averaged Test AUC: 0.6532
Std Test Accurancy: 0.1478
Std Test AUC: 0.0712
ASR : 0.9327520880148926
attack_auc : 0.9095598945761592
------------------------- time cost ------------------------- 10.263330459594727
ASR : 0.9325529757568868
attack_auc : 0.9095827633373829
------------------------- time cost ------------------------- 2.605456829071045
ASR : 0.9382796157038552
attack_auc : 0.9121978940615214
------------------------- time cost ------------------------- 2.582214117050171
ASR : 0.9402032898265829
attack_auc : 0.912230299963603
------------------------- time cost ------------------------- 2.7607975006103516
ASR : 0.9468225495785048
attack_auc : 0.9167215594123632
------------------------- time cost ------------------------- 2.564807415008545
ASR : 0.942580140922987
attack_auc : 0.9142658589054479
------------------------- time cost ------------------------- 2.5439202785491943
ASR : 0.943353637393578
attack_auc : 0.916889111683662
------------------------- time cost ------------------------- 2.5941109657287598
ASR : 0.9329643683994422
attack_auc : 0.9110284453542904
------------------------- time cost ------------------------- 2.7117013931274414
ASR : 0.9187596355527393
attack_auc : 0.8990648363254249
------------------------- time cost ------------------------- 2.7645084857940674
ASR : 0.9174880300256728
attack_auc : 0.898668586212733
------------------------- time cost ------------------------- 2.77842378616333

-------------Round number: 710-------------

Evaluate global model
Averaged Train Loss: 0.9459
Averaged Test Accurancy: 0.4994
Averaged Test AUC: 0.6519
Std Test Accurancy: 0.1497
Std Test AUC: 0.0745
ASR : 0.9260819420254326
attack_auc : 0.8986158296586897
------------------------- time cost ------------------------- 10.097485780715942
ASR : 0.9238955750851602
attack_auc : 0.8992264325255478
------------------------- time cost ------------------------- 2.7551705837249756
ASR : 0.9256516596923071
attack_auc : 0.9001812404459626
------------------------- time cost ------------------------- 2.721034288406372
ASR : 0.9279351881959457
attack_auc : 0.9014637223375197
------------------------- time cost ------------------------- 2.5465948581695557
ASR : 0.9267284174110584
attack_auc : 0.9008096613527119
------------------------- time cost ------------------------- 2.853362560272217
ASR : 0.9249052435706295
attack_auc : 0.8976918245719974
------------------------- time cost ------------------------- 2.734896183013916
ASR : 0.9241599207679465
attack_auc : 0.8969812454521642
------------------------- time cost ------------------------- 2.8014323711395264
ASR : 0.9284178662860104
attack_auc : 0.9009085787821769
------------------------- time cost ------------------------- 2.7859647274017334
ASR : 0.9207419807959857
attack_auc : 0.8988788080521412
------------------------- time cost ------------------------- 2.684475898742676
ASR : 0.9311142406190963
attack_auc : 0.899613407818891
------------------------- time cost ------------------------- 2.7563443183898926

-------------Round number: 720-------------

Evaluate global model
Averaged Train Loss: 0.8320
Averaged Test Accurancy: 0.5040
Averaged Test AUC: 0.6478
Std Test Accurancy: 0.1515
Std Test AUC: 0.0719
ASR : 0.9302076436974159
attack_auc : 0.8944189164152421
------------------------- time cost ------------------------- 10.200961828231812
ASR : 0.9257846778059524
attack_auc : 0.8934995024886234
------------------------- time cost ------------------------- 2.7658324241638184
ASR : 0.9278005595476969
attack_auc : 0.8924224622545673
------------------------- time cost ------------------------- 2.647761583328247
ASR : 0.9257093063258621
attack_auc : 0.8946044448965086
------------------------- time cost ------------------------- 2.903149366378784
ASR : 0.9278301820976149
attack_auc : 0.8946455341981702
------------------------- time cost ------------------------- 2.667100191116333
ASR : 0.9305153953496955
attack_auc : 0.8975710865290454
------------------------- time cost ------------------------- 2.6232385635375977
ASR : 0.9299865436152392
attack_auc : 0.8983934275278153
------------------------- time cost ------------------------- 2.6022844314575195
ASR : 0.92129927209153
attack_auc : 0.894382490840332
------------------------- time cost ------------------------- 2.8819808959960938
ASR : 0.9327152177268665
attack_auc : 0.8988732395400888
------------------------- time cost ------------------------- 2.779494047164917
ASR : 0.9312883480865749
attack_auc : 0.9000966449575524
------------------------- time cost ------------------------- 2.5303449630737305

-------------Round number: 730-------------

Evaluate global model
Averaged Train Loss: 0.8435
Averaged Test Accurancy: 0.5028
Averaged Test AUC: 0.6522
Std Test Accurancy: 0.1430
Std Test AUC: 0.0716
ASR : 0.9359872922576091
attack_auc : 0.9030433161745179
------------------------- time cost ------------------------- 10.195059299468994
ASR : 0.9339689275370779
attack_auc : 0.9019968159351387
------------------------- time cost ------------------------- 2.622129440307617
ASR : 0.9318795110870282
attack_auc : 0.900396247850511
------------------------- time cost ------------------------- 2.631843328475952
ASR : 0.9336205622277177
attack_auc : 0.9026295349366191
------------------------- time cost ------------------------- 2.6350059509277344
ASR : 0.9404830610367043
attack_auc : 0.9066438555860771
------------------------- time cost ------------------------- 2.6293039321899414
ASR : 0.9288733756726888
attack_auc : 0.9010108988575863
------------------------- time cost ------------------------- 2.7594733238220215
ASR : 0.9296279119840211
attack_auc : 0.8997303454370084
------------------------- time cost ------------------------- 2.537156820297241
ASR : 0.9366774885916197
attack_auc : 0.9031361188922623
------------------------- time cost ------------------------- 2.704380989074707
ASR : 0.9332301914643902
attack_auc : 0.9011423556215575
------------------------- time cost ------------------------- 2.7494232654571533
ASR : 0.9220634002355664
attack_auc : 0.8992343705084682
------------------------- time cost ------------------------- 2.6438632011413574

-------------Round number: 740-------------

Evaluate global model
Averaged Train Loss: 0.7662
Averaged Test Accurancy: 0.5077
Averaged Test AUC: 0.6579
Std Test Accurancy: 0.1461
Std Test AUC: 0.0702
ASR : 0.9314658056733441
attack_auc : 0.8992732758623507
------------------------- time cost ------------------------- 10.165047883987427
ASR : 0.9298733977715066
attack_auc : 0.8989298742345476
------------------------- time cost ------------------------- 2.9612174034118652
ASR : 0.9313833015717137
attack_auc : 0.9010318471659224
------------------------- time cost ------------------------- 2.6998698711395264
ASR : 0.9354529928810693
attack_auc : 0.9020961989541904
------------------------- time cost ------------------------- 2.4244420528411865
ASR : 0.9329744129749937
attack_auc : 0.9006094476170466
------------------------- time cost ------------------------- 2.7302703857421875
ASR : 0.9349741691937864
attack_auc : 0.9027425738123298
------------------------- time cost ------------------------- 2.6540944576263428
ASR : 0.9408854666641517
attack_auc : 0.9066059828927991
------------------------- time cost ------------------------- 2.757026433944702
ASR : 0.933811679659243
attack_auc : 0.9032594629155052
------------------------- time cost ------------------------- 2.872246026992798
ASR : 0.9220481863682393
attack_auc : 0.8995161760042183
------------------------- time cost ------------------------- 2.791666269302368
ASR : 0.9329102945700888
attack_auc : 0.9061928848208318
------------------------- time cost ------------------------- 2.723325252532959

-------------Round number: 750-------------

Evaluate global model
Averaged Train Loss: 0.8067
Averaged Test Accurancy: 0.5097
Averaged Test AUC: 0.6581
Std Test Accurancy: 0.1419
Std Test AUC: 0.0719
ASR : 0.9246271748728195
attack_auc : 0.9044311232064132
------------------------- time cost ------------------------- 10.225065231323242
ASR : 0.9222861629156229
attack_auc : 0.8979784352303527
------------------------- time cost ------------------------- 2.764202117919922
ASR : 0.9164305267132629
attack_auc : 0.8848987634331822
------------------------- time cost ------------------------- 2.8085968494415283
ASR : 0.9237280861199599
attack_auc : 0.890744144477724
------------------------- time cost ------------------------- 2.783665895462036
ASR : 0.9293256354563315
attack_auc : 0.8802657107578249
------------------------- time cost ------------------------- 2.769606828689575
ASR : 0.9266250776345247
attack_auc : 0.8841704888591918
------------------------- time cost ------------------------- 2.6839535236358643
ASR : 0.9184228887620973
attack_auc : 0.8807188530396365
------------------------- time cost ------------------------- 2.8892693519592285
ASR : 0.9229490916925707
attack_auc : 0.877888258604377
------------------------- time cost ------------------------- 2.6980409622192383
ASR : 0.9263299040045072
attack_auc : 0.8824490849794826
------------------------- time cost ------------------------- 2.8197784423828125
ASR : 0.9185370247691169
attack_auc : 0.8830384028959732
------------------------- time cost ------------------------- 2.7529120445251465

-------------Round number: 760-------------

Evaluate global model
Averaged Train Loss: 1.0055
Averaged Test Accurancy: 0.5093
Averaged Test AUC: 0.6448
Std Test Accurancy: 0.1469
Std Test AUC: 0.0764
ASR : 0.9268391796895731
attack_auc : 0.887431138418988
------------------------- time cost ------------------------- 10.24921464920044
ASR : 0.9287085273189309
attack_auc : 0.8889421739875369
------------------------- time cost ------------------------- 2.520303726196289
ASR : 0.9340987064462466
attack_auc : 0.89169930983179
------------------------- time cost ------------------------- 2.849353790283203
ASR : 0.9429560759447693
attack_auc : 0.9029764149157308
------------------------- time cost ------------------------- 2.468885898590088
ASR : 0.9382002738644616
attack_auc : 0.8998908879349721
------------------------- time cost ------------------------- 2.8172974586486816
ASR : 0.9399536795594525
attack_auc : 0.9015036341746692
------------------------- time cost ------------------------- 2.7079672813415527
ASR : 0.9366219173695326
attack_auc : 0.8977715979665637
------------------------- time cost ------------------------- 2.7259342670440674
ASR : 0.9372253443005334
attack_auc : 0.8984220944714041
------------------------- time cost ------------------------- 2.6693005561828613
ASR : 0.9402652158623472
attack_auc : 0.90362355684512
------------------------- time cost ------------------------- 2.704815626144409
ASR : 0.9389309818614004
attack_auc : 0.904403997975327
------------------------- time cost ------------------------- 2.5909323692321777

-------------Round number: 770-------------

Evaluate global model
Averaged Train Loss: 1.0275
Averaged Test Accurancy: 0.5041
Averaged Test AUC: 0.6446
Std Test Accurancy: 0.1448
Std Test AUC: 0.0759
ASR : 0.935783000988914
attack_auc : 0.9001018554438774
------------------------- time cost ------------------------- 10.25775957107544
ASR : 0.9326993667732304
attack_auc : 0.8953525512590588
------------------------- time cost ------------------------- 2.6301634311676025
ASR : 0.9305542179050585
attack_auc : 0.8949433791251283
------------------------- time cost ------------------------- 2.7112104892730713
ASR : 0.9302485936523301
attack_auc : 0.8975884730687222
------------------------- time cost ------------------------- 2.609943389892578
ASR : 0.9306568016044966
attack_auc : 0.8971542007508627
------------------------- time cost ------------------------- 2.634378433227539
ASR : 0.9334024117521382
attack_auc : 0.8975861870842454
------------------------- time cost ------------------------- 2.8267862796783447
ASR : 0.9272303462746502
attack_auc : 0.897811074309478
------------------------- time cost ------------------------- 2.857638120651245
ASR : 0.9315303789292891
attack_auc : 0.897721209306668
------------------------- time cost ------------------------- 2.565181255340576
ASR : 0.9292717991703979
attack_auc : 0.8958609983139755
------------------------- time cost ------------------------- 2.72741961479187
ASR : 0.9181327496541226
attack_auc : 0.8941590912700922
------------------------- time cost ------------------------- 2.7240347862243652

-------------Round number: 780-------------

Evaluate global model
Averaged Train Loss: 0.9740
Averaged Test Accurancy: 0.5100
Averaged Test AUC: 0.6516
Std Test Accurancy: 0.1467
Std Test AUC: 0.0752
ASR : 0.9288840721994738
attack_auc : 0.8963947089980674
------------------------- time cost ------------------------- 10.214954614639282
ASR : 0.9261965007713464
attack_auc : 0.8970675722982329
------------------------- time cost ------------------------- 2.853468894958496
ASR : 0.9276576290103978
attack_auc : 0.9000115387514768
------------------------- time cost ------------------------- 2.685439348220825
ASR : 0.9331202251294245
attack_auc : 0.9039652430865512
------------------------- time cost ------------------------- 2.759413242340088
ASR : 0.9355777639512195
attack_auc : 0.9067150825648144
------------------------- time cost ------------------------- 2.7480525970458984
ASR : 0.9355783936141286
attack_auc : 0.9038617777231378
------------------------- time cost ------------------------- 2.8790650367736816
ASR : 0.932705278516756
attack_auc : 0.9036867632298686
------------------------- time cost ------------------------- 2.8215038776397705
ASR : 0.9224422858870148
attack_auc : 0.9011199322587926
------------------------- time cost ------------------------- 2.6145451068878174
ASR : 0.9367592551764572
attack_auc : 0.9080481438574838
------------------------- time cost ------------------------- 2.784716844558716
ASR : 0.9295735206249726
attack_auc : 0.8994751362075157
------------------------- time cost ------------------------- 3.0394127368927

-------------Round number: 790-------------

Evaluate global model
Averaged Train Loss: 0.8079
Averaged Test Accurancy: 0.5043
Averaged Test AUC: 0.6449
Std Test Accurancy: 0.1379
Std Test AUC: 0.0701
ASR : 0.9327586901569076
attack_auc : 0.8929820203754989
------------------------- time cost ------------------------- 10.129223346710205
ASR : 0.9325207971622662
attack_auc : 0.8937329286858643
------------------------- time cost ------------------------- 2.7289488315582275
ASR : 0.9290565570434124
attack_auc : 0.8908525774974242
------------------------- time cost ------------------------- 2.731532335281372
ASR : 0.9255663675131359
attack_auc : 0.8869142409501777
------------------------- time cost ------------------------- 2.679333209991455
ASR : 0.927712641223853
attack_auc : 0.8876233864802114
------------------------- time cost ------------------------- 2.6975669860839844
ASR : 0.919270004574702
attack_auc : 0.887258633862277
------------------------- time cost ------------------------- 2.7209198474884033
ASR : 0.9278792993803274
attack_auc : 0.8874101980364053
------------------------- time cost ------------------------- 2.4808056354522705
ASR : 0.928666869208805
attack_auc : 0.889560358910524
------------------------- time cost ------------------------- 2.735471248626709
ASR : 0.9216056316158708
attack_auc : 0.8890798392003909
------------------------- time cost ------------------------- 2.806792736053467
ASR : 0.9358153915608024
attack_auc : 0.8917959754075088
------------------------- time cost ------------------------- 2.7596471309661865

-------------Round number: 800-------------

Evaluate global model
Averaged Train Loss: 0.6088
Averaged Test Accurancy: 0.5082
Averaged Test AUC: 0.6486
Std Test Accurancy: 0.1361
Std Test AUC: 0.0618
ASR : 0.9324614978727888
attack_auc : 0.8929005333965219
------------------------- time cost ------------------------- 10.267956972122192

Best accuracy.
0.5099651220727454

Average time cost per round.
3.4789850005507468
File path: ./results/Cifar10_dir0.5_bdoor0.2_nclient_100_badnet_adv10_FedTrimmed_T01_TRIM_BADNET_0.h5

Average time cost: 2799.34s.
Length:  81
std for best accurancy: 0.0
mean for best accurancy: 0.5099651220727454
All done!
