================================================================================
Summary of training process:
Algorithm: FedRepPFLALP
Attack method:attackall
Defense method:none
Attack goal:attackall
Start attack iteration:30
Batch size: 64
Learing rate       : 0.1
Average Moving       : 1.0
Subset of users      : 10
Number of global rounds       : 400
Number of local rounds       : 10
Dataset       : Cifar10
Local Model       : resnet
ResNet Pretrained : 0
FedRepPFLALP alp_use_cluster=1 alp_use_purify=0 purify_beta=1500.0 purify_rounds=1 cluster_max_k=4
Per_local epoch:1
one shot:0
scale rate:0
================================================================================
['f_00007', 'f_00001', 'f_00062', 'f_00020', 'f_00096', 'f_00085', 'f_00051', 'f_00043', 'f_00037', 'f_00058']
---------------Running time:------------ 0
Loaded cached CIFAR10 Dirichlet split from data/Cifar10/dirichlet_a0.5_u100_v1.pkl
Number of users / total users: 10  /  100
Finished creating FedRep + PFL-ALP-submodule server.
-------------Round number:  0  -------------
Evaluate global model
Average Global Accurancy:  0.09942142714637228
Average Global Trainning Accurancy:  0.10019349242710673

global benign client acc list:[0.42, 0.043478260869565216, 0.36082474226804123, 0.010869565217391304, 0.024193548387096774, 0.0, 0.34, 0.10344827586206896, 0.010101010101010102, 0.02127659574468085, 0.27314814814814814, 0.16585365853658537, 0.23076923076923078, 0.17557251908396945, 0.09523809523809523, 0.0, 0.47586206896551725, 0.29411764705882354, 0.13986013986013987, 0.022222222222222223, 0.007751937984496124, 0.4260869565217391, 0.013333333333333334, 0.0, 0.0, 0.06310679611650485, 0.41721854304635764, 0.15384615384615385, 0.10869565217391304, 0.06363636363636363, 0.0, 0.04929577464788732, 0.15789473684210525, 0.10236220472440945, 0.10945273631840796, 0.021739130434782608, 0.18359375, 0.0, 0.14285714285714285, 0.01834862385321101, 0.029850746268656716, 0.00546448087431694, 0.041666666666666664, 0.2524271844660194, 0.25732899022801303, 0.05813953488372093, 0.3626373626373626, 0.0, 0.0, 0.0, 0.028708133971291867, 0.0, 0.0, 0.0, 0.30288461538461536, 0.09411764705882353, 0.0425531914893617, 0.022222222222222223, 0.057692307692307696, 0.176056338028169, 0.0, 0.0457516339869281, 0.012121212121212121, 0.005747126436781609, 0.0, 0.008403361344537815, 0.07352941176470588, 0.0, 0.0, 0.008695652173913044, 0.0, 0.11764705882352941, 0.29777777777777775, 0.1262135922330097, 0.0, 0.17777777777777778, 0.05263157894736842, 0.01893939393939394, 0.043478260869565216, 0.14084507042253522, 0.0, 0.017985611510791366, 0.01932367149758454, 0.0, 0.039473684210526314, 0.0, 0.09574468085106383, 0.06829268292682927, 0.007936507936507936, 0.35294117647058826]; mean acc:0.09676735456182077
global malicious client acc list:[0.15789473684210525, 0.22131147540983606, 0.0, 0.01, 0.0, 0.07804878048780488, 0.05181347150259067, 0.27932960893854747, 0.07667731629392971, 0.06077348066298342]; mean acc:0.09358488701377975
Average Global ATTACK ALL ASR:  0.0
Average Global ATTACK ALL train ASR:  0.0
global benign client asr list:[0.0, 0.0, 0.0, 0.0, 0.0, 0.0, 0.0, 0.0, 0.0, 0.0, 0.0, 0.0, 0.0, 0.0, 0.0, 0.0, 0.0, 0.0, 0.0, 0.0, 0.0, 0.0, 0.0, 0.0, 0.0, 0.0, 0.0, 0.0, 0.0, 0.0, 0.0, 0.0, 0.0, 0.0, 0.0, 0.0, 0.0, 0.0, 0.0, 0.0, 0.0, 0.0, 0.0, 0.0, 0.0, 0.0, 0.0, 0.0, 0.0, 0.0, 0.0, 0.0, 0.0, 0.0, 0.0, 0.0, 0.0, 0.0, 0.0, 0.0, 0.0, 0.0, 0.0, 0.0, 0.0, 0.0, 0.0, 0.0, 0.0, 0.0, 0.0, 0.0, 0.0, 0.0, 0.0, 0.0, 0.0, 0.0, 0.0, 0.0, 0.0, 0.0, 0.0, 0.0, 0.0, 0.0, 0.0, 0.0, 0.0, 0.0]; mean asr:0.0
global malicious client asr list:[0.0, 0.0, 0.0, 0.0, 0.0, 0.0, 0.0, 0.0, 0.0, 0.0]; mean asr:0.0

Evaluate global model with a few step updates, which is personalized model
Average Personal Accurancy (k local SGD):  0.26301788920662367
Average Personal Trainning Accurancy (k local SGD):  0.2696439294531059
global benign client acc list:[0.22, 0.2608695652173913, 0.36082474226804123, 0.07065217391304347, 0.07258064516129033, 0.4247787610619469, 0.21, 0.438871473354232, 0.37373737373737376, 0.3404255319148936, 0.3333333333333333, 0.17560975609756097, 0.23076923076923078, 0.17557251908396945, 0.4126984126984127, 0.4057971014492754, 0.47586206896551725, 0.14705882352941177, 0.1888111888111888, 0.044444444444444446, 0.35658914728682173, 0.043478260869565216, 0.44, 0.17164179104477612, 0.6190476190476191, 0.18446601941747573, 0.0728476821192053, 0.15384615384615385, 0.10869565217391304, 0.07272727272727272, 0.06611570247933884, 0.16901408450704225, 0.15789473684210525, 0.2125984251968504, 0.15422885572139303, 0.21739130434782608, 0.29296875, 0.30578512396694213, 0.17857142857142858, 0.1743119266055046, 0.41044776119402987, 0.37158469945355194, 0.46875, 0.24271844660194175, 0.25732899022801303, 0.38372093023255816, 0.17582417582417584, 0.26519337016574585, 0.2671232876712329, 0.30612244897959184, 0.07655502392344497, 0.2129032258064516, 0.4857142857142857, 0.28703703703703703, 0.17307692307692307, 0.24705882352941178, 0.11347517730496454, 0.2814814814814815, 0.3717948717948718, 0.2676056338028169, 0.7087912087912088, 0.16993464052287582, 0.6727272727272727, 0.3045977011494253, 0.1885245901639344, 0.19327731092436976, 0.19607843137254902, 0.3017241379310345, 0.06956521739130435, 0.2608695652173913, 0.059602649006622516, 0.27647058823529413, 0.07555555555555556, 0.30097087378640774, 0.3730886850152905, 0.25555555555555554, 0.14736842105263157, 0.3106060606060606, 0.2782608695652174, 0.31690140845070425, 0.4074074074074074, 0.5431654676258992, 0.30917874396135264, 0.2857142857142857, 0.42105263157894735, 0.30708661417322836, 0.5, 0.1073170731707317, 0.46825396825396826, 0.19117647058823528]; mean acc:0.26868063424332317
global malicious client acc list:[0.10526315789473684, 0.16393442622950818, 0.1518987341772152, 0.27, 0.4126984126984127, 0.28780487804878047, 0.09844559585492228, 0.20670391061452514, 0.2364217252396166, 0.04419889502762431]; mean acc:0.19773697357853418
Average Personal ATTACK ALL ASR (k local SGD):  0.12110128350069828
Average Personal ATTACK ALL Trainning ASR (k local SGD):  0.12178902653292707
person benign client asr list:[0.0, 0.0, 0.0, 0.021739130434782608, 0.0, 0.0, 0.0, 0.0, 0.0, 0.0, 0.0, 1.0, 0.0, 0.0, 0.0, 0.0, 0.0, 0.0, 0.0, 0.0, 0.0, 1.0, 1.0, 0.0, 0.0, 0.0, 0.0, 0.0, 0.0, 0.0, 1.0, 0.0, 0.0, 0.0, 0.0, 0.0, 0.0, 0.0, 0.03571428571428571, 0.0, 1.0, 1.0, 0.0, 0.0, 0.0, 0.0, 0.0, 0.0, 0.0, 0.0, 0.0, 0.0, 0.0, 0.0, 0.0, 0.0, 0.8652482269503546, 0.0, 0.0, 0.0, 0.0, 0.0, 0.0, 0.0, 0.0, 0.0, 0.16176470588235295, 1.0, 0.0, 1.0, 0.0, 0.0, 0.0, 0.0, 0.0, 0.0, 0.0, 0.0, 0.0, 1.0, 0.0, 0.0, 0.0, 0.0, 0.0, 0.0, 0.0, 0.0, 1.0, 0.0]; mean asr:0.12316073721090862
person malicious client asr list:[0.0, 0.0, 0.0, 0.0, 0.0, 1.0, 0.0, 0.0, 0.0, 0.0]; mean asr:0.1
================================================================================
f_00080
ACC :0.3422222222222222
ASR :0.37777777777777777
================================================================================
f_00084
ACC :0.25263157894736843
ASR :0.29473684210526313
================================================================================
f_00033
ACC :0.3140495867768595
ASR :0.0
================================================================================
f_00081
ACC :0.30097087378640774
ASR :0.0
================================================================================
f_00093
ACC :0.47368421052631576
ASR :0.0
================================================================================
f_00017
ACC :0.14492753623188406
ASR :0.0
================================================================================
f_00036
ACC :0.2677165354330709
ASR :0.0
================================================================================
f_00082
ACC :0.3394495412844037
ASR :0.6207951070336392
================================================================================
f_00069
ACC :0.5490196078431373
ASR :0.0
================================================================================
f_00065
ACC :0.2814814814814815
ASR :0.0
[FedRepPFLALP] cluster labels: [0, 1, 0, 1, 1, 0, 1, 0, 1, 0]
-------------Round number:  1  -------------
Evaluate global model
Average Global Accurancy:  0.1246259227239476
Average Global Trainning Accurancy:  0.12821653359428864

global benign client acc list:[0.27, 0.043478260869565216, 0.20618556701030927, 0.02717391304347826, 0.0, 0.008849557522123894, 0.04, 0.07210031347962383, 0.37373737373737376, 0.0070921985815602835, 0.027777777777777776, 0.12682926829268293, 0.0, 0.022900763358778626, 0.07936507936507936, 0.11594202898550725, 0.0, 0.03529411764705882, 0.04195804195804196, 0.1111111111111111, 0.3488372093023256, 0.034782608695652174, 0.08, 0.373134328358209, 0.15476190476190477, 0.03398058252427184, 0.06622516556291391, 0.12087912087912088, 0.10869565217391304, 0.00909090909090909, 0.256198347107438, 0.014084507042253521, 0.07017543859649122, 0.4645669291338583, 0.16417910447761194, 0.021739130434782608, 0.14453125, 0.39669421487603307, 0.05952380952380952, 0.045871559633027525, 0.3582089552238806, 0.07103825136612021, 0.020833333333333332, 0.13592233009708737, 0.16612377850162866, 0.12790697674418605, 0.10989010989010989, 0.0, 0.0273972602739726, 0.07653061224489796, 0.06220095693779904, 0.1032258064516129, 0.005714285714285714, 0.2777777777777778, 0.04326923076923077, 0.1411764705882353, 0.2127659574468085, 0.2814814814814815, 0.1282051282051282, 0.007042253521126761, 0.01098901098901099, 0.5490196078431373, 0.012121212121212121, 0.1896551724137931, 0.00819672131147541, 0.19327731092436976, 0.04411764705882353, 0.07758620689655173, 0.0, 0.0, 0.019867549668874173, 0.052941176470588235, 0.2088888888888889, 0.30097087378640774, 0.3730886850152905, 0.26666666666666666, 0.3684210526315789, 0.007575757575757576, 0.043478260869565216, 0.09154929577464789, 0.006172839506172839, 0.42805755395683454, 0.014492753623188406, 0.08866995073891626, 0.42105263157894735, 0.2992125984251969, 0.48936170212765956, 0.2634146341463415, 0.0, 0.06372549019607843]; mean acc:0.13141143725210308
global malicious client acc list:[0.15789473684210525, 0.00819672131147541, 0.10126582278481013, 0.0, 0.1746031746031746, 0.01951219512195122, 0.0, 0.0223463687150838, 0.03514376996805112, 0.17679558011049723]; mean acc:0.06957583694571487
Average Global ATTACK ALL ASR:  0.00272660770100419
Average Global ATTACK ALL train ASR:  0.0022907724128728066
global benign client asr list:[0.0, 0.0, 0.0, 0.0, 0.0, 0.0, 0.0, 0.0, 0.0, 0.0, 0.0, 0.0, 0.0, 0.0, 0.0, 0.0, 0.0, 0.0, 0.0, 0.0, 0.0, 0.0, 0.0, 0.0, 0.0, 0.0, 0.0, 0.0, 0.0, 0.0, 0.0, 0.0, 0.0, 0.0, 0.0, 0.0, 0.0, 0.0, 0.0, 0.0, 0.0, 0.0, 0.0, 0.0, 0.0, 0.0, 0.0, 0.0, 0.0, 0.0, 0.0, 0.0, 0.0, 0.0, 0.0, 0.0, 0.0, 0.0, 0.0, 0.0, 0.0, 0.0, 0.0, 0.0, 0.0, 0.0, 0.0, 0.0, 0.0, 0.0, 0.0, 0.0, 0.0, 0.0, 0.0, 0.0, 0.43157894736842106, 0.0, 0.0, 0.0, 0.0, 0.0, 0.0, 0.0, 0.0, 0.0, 0.0, 0.0, 0.0, 0.0]; mean asr:0.0047953216374269
global malicious client asr list:[0.0, 0.0, 0.0, 0.0, 0.0, 0.0, 0.0, 0.0, 0.0, 0.0]; mean asr:0.0

Evaluate global model with a few step updates, which is personalized model
Average Personal Accurancy (k local SGD):  0.27758196448759725
Average Personal Trainning Accurancy (k local SGD):  0.28356648800124545
global benign client acc list:[0.22, 0.2608695652173913, 0.1958762886597938, 0.44565217391304346, 0.07258064516129033, 0.4247787610619469, 0.42, 0.44200626959247646, 0.37373737373737376, 0.3900709219858156, 0.3333333333333333, 0.15121951219512195, 0.23076923076923078, 0.17557251908396945, 0.4126984126984127, 0.11594202898550725, 0.3586206896551724, 0.3, 0.1888111888111888, 0.044444444444444446, 0.06201550387596899, 0.10434782608695652, 0.06666666666666667, 0.17164179104477612, 0.15476190476190477, 0.18446601941747573, 0.07947019867549669, 0.15384615384615385, 0.13043478260869565, 0.17272727272727273, 0.2396694214876033, 0.16901408450704225, 0.3157894736842105, 0.2204724409448819, 0.4925373134328358, 0.21739130434782608, 0.29296875, 0.30578512396694213, 0.14285714285714285, 0.1743119266055046, 0.3582089552238806, 0.2896174863387978, 0.46875, 0.2524271844660194, 0.2964169381107492, 0.09302325581395349, 0.13736263736263737, 0.292817679558011, 0.2671232876712329, 0.2653061224489796, 0.07655502392344497, 0.2129032258064516, 0.09142857142857143, 0.28703703703703703, 0.17307692307692307, 0.24705882352941178, 0.17375886524822695, 0.14814814814814814, 0.3717948717948718, 0.2676056338028169, 0.7087912087912088, 0.5490196078431373, 0.6727272727272727, 0.3275862068965517, 0.1885245901639344, 0.40336134453781514, 0.1568627450980392, 0.25, 0.17391304347826086, 0.3826086956521739, 0.1390728476821192, 0.27647058823529413, 0.17333333333333334, 0.30097087378640774, 0.3730886850152905, 0.25555555555555554, 0.17894736842105263, 0.5037878787878788, 0.2782608695652174, 0.22535211267605634, 0.4074074074074074, 0.5431654676258992, 0.30917874396135264, 0.29064039408866993, 0.42105263157894735, 0.30708661417322836, 0.5, 0.2634146341463415, 0.05555555555555555, 0.20588235294117646]; mean acc:0.26666886401518014
global malicious client acc list:[0.16842105263157894, 0.26229508196721313, 0.15611814345991562, 0.37, 0.4126984126984127, 0.37073170731707317, 0.05699481865284974, 0.21787709497206703, 0.2715654952076677, 0.39226519337016574]; mean acc:0.2678967000276944
Average Personal ATTACK ALL ASR (k local SGD):  0.00824632572986633
Average Personal ATTACK ALL Trainning ASR (k local SGD):  0.009941507461690724
person benign client asr list:[0.0, 0.0, 0.0, 0.0, 0.0, 0.0, 0.0, 0.0, 0.0, 0.0, 0.0, 0.04878048780487805, 0.0, 0.0, 0.0, 0.0, 0.0, 0.0, 0.0, 0.0, 0.0, 0.0, 0.0, 0.0, 0.0, 0.0, 0.0, 0.0, 0.0, 0.0, 0.0, 0.0, 0.0, 0.0, 0.0, 0.0, 0.0, 0.0, 0.0, 0.0, 0.0, 0.0, 0.0, 0.0, 0.006514657980456026, 0.0, 0.0, 0.0, 0.0, 0.0, 0.0, 0.0, 0.0, 0.004629629629629629, 0.0, 0.0, 0.2553191489361702, 0.0, 0.0, 0.0, 0.0, 0.0, 0.0, 0.0, 0.0, 0.0, 0.0, 0.0, 0.0, 0.0, 0.0, 0.0, 0.0044444444444444444, 0.0, 0.0, 0.0, 0.0, 0.0, 0.0, 0.21830985915492956, 0.0, 0.0, 0.0, 0.0, 0.0, 0.0, 0.0, 0.0, 0.0, 0.0]; mean asr:0.0059777580883389764
person malicious client asr list:[0.0, 0.0, 0.0, 0.0, 0.0, 0.02926829268292683, 0.0, 0.00558659217877095, 0.0, 0.0]; mean asr:0.0034854884861697777
================================================================================
f_00044
ACC :0.29357798165137616
ASR :0.0
================================================================================
f_00096
client is malicious client!
ACC :0.4696132596685083
ASR :0.10497237569060773
================================================================================
f_00001
client is malicious client!
ACC :0.42105263157894735
ASR :0.042105263157894736
================================================================================
f_00035
ACC :0.3157894736842105
ASR :0.0
================================================================================
f_00026
ACC :0.3656716417910448
ASR :0.0
================================================================================
f_00011
ACC :0.49645390070921985
ASR :0.0
================================================================================
f_00038
ACC :0.48756218905472637
ASR :0.0
================================================================================
f_00082
ACC :0.2415902140672783
ASR :0.6483180428134556
================================================================================
f_00087
ACC :0.4956521739130435
ASR :0.0
================================================================================
f_00003
ACC :0.39690721649484534
ASR :0.0
[FedRepPFLALP] cluster labels: [0, 1, 0, 1, 1, 1, 0, 1, 0, 0]
-------------Round number:  2  -------------
Evaluate global model
Average Global Accurancy:  0.1928576178759061
Average Global Trainning Accurancy:  0.19218023708382448

global benign client acc list:[0.22, 0.0, 0.4020618556701031, 0.10869565217391304, 0.0, 0.017699115044247787, 0.05, 0.13479623824451412, 0.3838383838383838, 0.3900709219858156, 0.018518518518518517, 0.2048780487804878, 0.02197802197802198, 0.0916030534351145, 0.14285714285714285, 0.4057971014492754, 0.06206896551724138, 0.08235294117647059, 0.11188811188811189, 0.13333333333333333, 0.3798449612403101, 0.008695652173913044, 0.05333333333333334, 0.3358208955223881, 0.17857142857142858, 0.043689320388349516, 0.11920529801324503, 0.13186813186813187, 0.13043478260869565, 0.10909090909090909, 0.4462809917355372, 0.14084507042253522, 0.38596491228070173, 0.4645669291338583, 0.5024875621890548, 0.043478260869565216, 0.09375, 0.3884297520661157, 0.05952380952380952, 0.29357798165137616, 0.3358208955223881, 0.3224043715846995, 0.0, 0.10679611650485436, 0.2247557003257329, 0.1744186046511628, 0.18681318681318682, 0.24861878453038674, 0.10273972602739725, 0.07653061224489796, 0.06698564593301436, 0.33548387096774196, 0.2, 0.2361111111111111, 0.12980769230769232, 0.17647058823529413, 0.10283687943262411, 0.2814814814814815, 0.25, 0.06338028169014084, 0.02197802197802198, 0.5490196078431373, 0.024242424242424242, 0.3850574712643678, 0.12295081967213115, 0.2605042016806723, 0.10784313725490197, 0.07758620689655173, 0.0, 0.008695652173913044, 0.16556291390728478, 0.06470588235294118, 0.3111111111111111, 0.34951456310679613, 0.2691131498470948, 0.25555555555555554, 0.37894736842105264, 0.3143939393939394, 0.34782608695652173, 0.09859154929577464, 0.16049382716049382, 0.09712230215827339, 0.09178743961352658, 0.18719211822660098, 0.42105263157894735, 0.30708661417322836, 0.5, 0.12682926829268293, 0.015873015873015872, 0.3480392156862745]; mean acc:0.19202254481838885
global malicious client acc list:[0.3157894736842105, 0.11475409836065574, 0.06329113924050633, 0.0, 0.4126984126984127, 0.24390243902439024, 0.11917098445595854, 0.2905027932960894, 0.14376996805111822, 0.48066298342541436]; mean acc:0.2184542292236756
Average Global ATTACK ALL ASR:  0.026002527099820445
Average Global ATTACK ALL train ASR:  0.024976091452972443
global benign client asr list:[0.0, 0.0, 0.0, 0.0, 0.0, 0.0, 0.0, 0.0, 0.0, 0.0, 0.0, 0.0, 0.0, 0.0, 0.0, 0.0, 0.0, 0.0, 0.0, 0.0, 0.0, 0.0, 0.0, 0.0, 0.0, 0.0, 0.0, 0.0, 0.0, 0.0, 0.0, 0.0, 0.0, 0.0, 0.0, 0.0, 0.0, 0.0, 0.0, 0.0, 0.0, 0.0, 0.0, 0.0, 0.0, 0.0, 0.0, 0.0, 0.0, 0.0, 0.0, 0.0, 0.0, 0.0, 0.0, 0.0, 0.0, 0.0, 0.0, 0.0, 0.0, 0.0, 0.0, 0.0, 0.0, 0.0, 0.0, 0.0, 0.0, 0.0, 0.0, 0.0, 0.044444444444444446, 0.0, 0.9755351681957186, 0.0, 0.4842105263157895, 0.0, 0.0, 0.0, 0.0, 0.0, 0.0, 0.0, 0.0, 0.0, 0.0, 0.0, 0.0, 0.0]; mean asr:0.01671322376617725
global malicious client asr list:[0.0, 0.0, 0.0, 0.0, 0.0, 0.0, 0.0, 0.0, 0.0, 0.08839779005524862]; mean asr:0.00883977900552486

Evaluate global model with a few step updates, which is personalized model
Average Personal Accurancy (k local SGD):  0.3479417436988761
Average Personal Trainning Accurancy (k local SGD):  0.36149723105664655
global benign client acc list:[0.2, 0.2608695652173913, 0.3402061855670103, 0.30978260869565216, 0.3790322580645161, 0.4247787610619469, 0.27, 0.3542319749216301, 0.37373737373737376, 0.3900709219858156, 0.3333333333333333, 0.25365853658536586, 0.21978021978021978, 0.17557251908396945, 0.29365079365079366, 0.17391304347826086, 0.47586206896551725, 0.27647058823529413, 0.23076923076923078, 0.044444444444444446, 0.3488372093023256, 0.4260869565217391, 0.32, 0.43283582089552236, 0.6071428571428571, 0.34951456310679613, 0.06622516556291391, 0.17582417582417584, 0.13043478260869565, 0.17272727272727273, 0.3140495867768595, 0.21830985915492956, 0.49122807017543857, 0.48031496062992124, 0.4925373134328358, 0.21739130434782608, 0.3671875, 0.4049586776859504, 0.16666666666666666, 0.1743119266055046, 0.6194029850746269, 0.3879781420765027, 0.46875, 0.1941747572815534, 0.32247557003257327, 0.09302325581395349, 0.21978021978021978, 0.35911602209944754, 0.2808219178082192, 0.34183673469387754, 0.49760765550239233, 0.2129032258064516, 0.5828571428571429, 0.14351851851851852, 0.2692307692307692, 0.24705882352941178, 0.1773049645390071, 0.3333333333333333, 0.36538461538461536, 0.29577464788732394, 0.7197802197802198, 0.5686274509803921, 0.6727272727272727, 0.5919540229885057, 0.2540983606557377, 0.19327731092436976, 0.5049019607843137, 0.22413793103448276, 0.2782608695652174, 0.41739130434782606, 0.1986754966887417, 0.40588235294117647, 0.27555555555555555, 0.3592233009708738, 0.3853211009174312, 0.35555555555555557, 0.3157894736842105, 0.5454545454545454, 0.33043478260869563, 0.31690140845070425, 0.4506172839506173, 0.5431654676258992, 0.30917874396135264, 0.35467980295566504, 0.42105263157894735, 0.3464566929133858, 0.5, 0.37073170731707317, 0.38095238095238093, 0.3235294117647059]; mean acc:0.33848218664035323
global malicious client acc list:[0.3263157894736842, 0.36065573770491804, 0.16877637130801687, 0.26, 0.4126984126984127, 0.5073170731707317, 0.11398963730569948, 0.3407821229050279, 0.3194888178913738, 0.44751381215469616]; mean acc:0.3257537774612561
Average Personal ATTACK ALL ASR (k local SGD):  0.06849770565937355
Average Personal ATTACK ALL Trainning ASR (k local SGD):  0.06818940017347597
person benign client asr list:[0.0, 0.0, 0.0, 0.0, 1.0, 0.0, 0.0, 0.0, 0.0, 0.0, 0.0, 0.32195121951219513, 0.0, 0.0, 0.0, 0.0, 0.0, 0.0058823529411764705, 0.04195804195804196, 0.0, 0.0, 0.0, 0.02666666666666667, 0.0, 0.0, 0.0, 0.0, 0.0, 0.0, 0.0, 0.0743801652892562, 0.0, 0.0, 0.0, 0.0, 0.0, 0.0, 0.0, 0.047619047619047616, 0.0, 0.3880597014925373, 0.16939890710382513, 0.0, 0.0, 0.1270358306188925, 0.0, 0.0, 0.0, 0.00684931506849315, 0.0, 0.0, 0.0, 0.0, 0.0787037037037037, 0.0, 0.0, 0.5212765957446809, 0.0, 0.0, 0.0, 0.02197802197802198, 0.0, 0.0, 0.0, 0.0, 0.0, 0.5441176470588235, 0.008620689655172414, 0.13043478260869565, 0.034782608695652174, 0.059602649006622516, 0.18235294117647058, 0.2088888888888889, 0.009708737864077669, 0.0, 0.0, 0.28421052631578947, 0.0, 0.02608695652173913, 1.0, 0.0, 0.0, 0.0, 0.0, 0.0, 0.0, 0.0, 0.004878048780487805, 0.1111111111111111, 0.0]; mean asr:0.060406168415334104
person malicious client asr list:[0.0, 0.0, 0.0, 0.0, 0.0, 0.25365853658536586, 0.0, 0.3407821229050279, 0.0, 0.04419889502762431]; mean asr:0.06386395545180182
================================================================================
f_00095
ACC :0.5
ASR :0.010638297872340425
================================================================================
f_00067
ACC :0.44366197183098594
ASR :0.0
================================================================================
f_00096
client is malicious client!
ACC :0.6298342541436464
ASR :0.292817679558011
================================================================================
f_00071
ACC :0.5747126436781609
ASR :0.0
================================================================================
f_00001
client is malicious client!
ACC :0.2736842105263158
ASR :0.021052631578947368
================================================================================
f_00080
ACC :0.31555555555555553
ASR :0.88
================================================================================
f_00099
ACC :0.47549019607843135
ASR :0.0
================================================================================
f_00045
ACC :0.5298507462686567
ASR :0.2835820895522388
================================================================================
f_00052
ACC :0.45604395604395603
ASR :0.0
================================================================================
f_00027
ACC :0.6309523809523809
ASR :0.0
[FedRepPFLALP] cluster labels: [0, 1, 0, 1, 1, 0, 1, 0, 1, 0]
-------------Round number:  3  -------------
Evaluate global model
Average Global Accurancy:  0.22471237613885747
Average Global Trainning Accurancy:  0.22580788648444278

global benign client acc list:[0.22, 0.0, 0.422680412371134, 0.07065217391304347, 0.016129032258064516, 0.017699115044247787, 0.05, 0.14733542319749215, 0.37373737373737376, 0.3900709219858156, 0.05555555555555555, 0.25853658536585367, 0.054945054945054944, 0.10687022900763359, 0.10317460317460317, 0.4057971014492754, 0.06206896551724138, 0.06470588235294118, 0.2097902097902098, 0.13333333333333333, 0.29457364341085274, 0.06956521739130435, 0.05333333333333334, 0.3805970149253731, 0.6190476190476191, 0.09223300970873786, 0.10596026490066225, 0.13186813186813187, 0.13043478260869565, 0.10909090909090909, 0.45454545454545453, 0.2112676056338028, 0.3684210526315789, 0.5669291338582677, 0.5223880597014925, 0.043478260869565216, 0.12890625, 0.39669421487603307, 0.047619047619047616, 0.29357798165137616, 0.664179104477612, 0.15300546448087432, 0.0, 0.10679611650485436, 0.3811074918566775, 0.1744186046511628, 0.4065934065934066, 0.19337016574585636, 0.0958904109589041, 0.24489795918367346, 0.03827751196172249, 0.15483870967741936, 0.37142857142857144, 0.25462962962962965, 0.1875, 0.17647058823529413, 0.17375886524822695, 0.2814814814814815, 0.3076923076923077, 0.29577464788732394, 0.15384615384615385, 0.5490196078431373, 0.024242424242424242, 0.5632183908045977, 0.1557377049180328, 0.226890756302521, 0.05392156862745098, 0.0603448275862069, 0.043478260869565216, 0.017391304347826087, 0.059602649006622516, 0.21176470588235294, 0.3466666666666667, 0.36893203883495146, 0.3333333333333333, 0.25555555555555554, 0.3368421052631579, 0.32196969696969696, 0.4, 0.19718309859154928, 0.2716049382716049, 0.2841726618705036, 0.043478260869565216, 0.33497536945812806, 0.42105263157894735, 0.2755905511811024, 0.5106382978723404, 0.2048780487804878, 0.015873015873015872, 0.4166666666666667]; mean acc:0.2256066143364475
global malicious client acc list:[0.28421052631578947, 0.10655737704918032, 0.06329113924050633, 0.0, 0.4126984126984127, 0.05365853658536585, 0.04145077720207254, 0.13966480446927373, 0.17891373801916932, 0.580110497237569]; mean acc:0.18605558088173393
Average Global ATTACK ALL ASR:  0.03917004721686507
Average Global ATTACK ALL train ASR:  0.040032915953117004
global benign client asr list:[0.0, 0.0, 0.0, 0.0, 0.0, 0.0, 0.0, 0.0, 0.0, 0.0, 0.0, 0.0, 0.0, 0.0, 0.0, 0.0, 0.0, 0.0, 0.0, 0.0, 0.0, 0.0, 0.0, 0.0, 0.0, 0.0, 0.0, 0.0, 0.0, 0.0, 0.0, 0.0, 0.0, 0.0, 0.0, 0.0, 0.0, 0.0, 0.0, 0.0, 0.5223880597014925, 0.0, 0.0, 0.0, 0.0, 0.0, 0.0, 0.0, 0.0, 0.0, 0.0, 0.0, 0.0, 0.0, 0.0, 0.0, 0.0, 0.0, 0.0, 0.007042253521126761, 0.0, 0.0, 0.0, 0.0, 0.0, 0.0, 0.0, 0.0, 0.0, 0.0, 0.0, 0.0, 0.68, 0.0, 0.8440366972477065, 0.0, 0.3263157894736842, 0.0, 0.0, 0.0, 0.0, 0.0, 0.0, 0.0, 0.0, 0.0, 0.02127659574468085, 0.0, 0.0, 0.0]; mean asr:0.02667843772987434
global malicious client asr list:[0.010526315789473684, 0.0, 0.0, 0.0, 0.0, 0.0, 0.0, 0.0, 0.0, 0.30386740331491713]; mean asr:0.03143937191043908

Evaluate global model with a few step updates, which is personalized model
Average Personal Accurancy (k local SGD):  0.3608432533085057
Average Personal Trainning Accurancy (k local SGD):  0.37010430798656674
global benign client acc list:[0.22, 0.2608695652173913, 0.4381443298969072, 0.30434782608695654, 0.29838709677419356, 0.4247787610619469, 0.19, 0.4482758620689655, 0.37373737373737376, 0.3971631205673759, 0.3333333333333333, 0.2926829268292683, 0.23076923076923078, 0.16030534351145037, 0.25396825396825395, 0.2898550724637681, 0.4068965517241379, 0.3176470588235294, 0.2517482517482518, 0.044444444444444446, 0.32558139534883723, 0.21739130434782608, 0.32, 0.4253731343283582, 0.5, 0.4368932038834951, 0.06622516556291391, 0.12087912087912088, 0.13043478260869565, 0.24545454545454545, 0.38016528925619836, 0.24647887323943662, 0.45614035087719296, 0.49606299212598426, 0.4975124378109453, 0.21739130434782608, 0.44921875, 0.30578512396694213, 0.19047619047619047, 0.1743119266055046, 0.664179104477612, 0.4808743169398907, 0.46875, 0.1650485436893204, 0.34201954397394135, 0.09302325581395349, 0.23076923076923078, 0.39226519337016574, 0.2808219178082192, 0.30612244897959184, 0.5167464114832536, 0.2129032258064516, 0.25142857142857145, 0.14351851851851852, 0.36538461538461536, 0.27058823529411763, 0.1773049645390071, 0.4148148148148148, 0.4166666666666667, 0.39436619718309857, 0.7197802197802198, 0.6535947712418301, 0.6727272727272727, 0.4885057471264368, 0.30327868852459017, 0.2184873949579832, 0.4264705882352941, 0.3103448275862069, 0.33043478260869563, 0.3130434782608696, 0.2119205298013245, 0.4647058823529412, 0.36, 0.36893203883495146, 0.41590214067278286, 0.37777777777777777, 0.37894736842105264, 0.5454545454545454, 0.3565217391304348, 0.4084507042253521, 0.5123456790123457, 0.5431654676258992, 0.3140096618357488, 0.39901477832512317, 0.42105263157894735, 0.33070866141732286, 0.5425531914893617, 0.2926829268292683, 0.4523809523809524, 0.35294117647058826]; mean acc:0.3468095743974884
global malicious client acc list:[0.3157894736842105, 0.3442622950819672, 0.18143459915611815, 0.37, 0.4126984126984127, 0.5365853658536586, 0.23834196891191708, 0.3743016759776536, 0.329073482428115, 0.3701657458563536]; mean acc:0.3472653019648406
Average Personal ATTACK ALL ASR (k local SGD):  0.08326128882090843
Average Personal ATTACK ALL Trainning ASR (k local SGD):  0.08300157907612926
person benign client asr list:[0.0, 0.0, 0.0, 0.0, 0.3951612903225806, 0.0, 0.0, 0.0, 0.0, 0.0, 0.0, 0.5121951219512195, 0.0, 0.0, 0.0, 0.0, 0.0, 0.023529411764705882, 0.15384615384615385, 0.0, 0.0, 0.14782608695652175, 0.02666666666666667, 0.0, 0.0, 0.0, 0.0, 0.0, 0.0, 0.0, 0.03305785123966942, 0.0, 0.0, 0.007874015748031496, 0.0, 0.0, 0.01953125, 0.0, 0.07142857142857142, 0.0, 0.5298507462686567, 0.2786885245901639, 0.0, 0.0, 0.0781758957654723, 0.0, 0.0, 0.0, 0.0, 0.0, 0.0, 0.0, 0.0, 0.1388888888888889, 0.0, 0.0, 0.5886524822695035, 0.0, 0.0, 0.0, 0.027472527472527472, 0.0, 0.0, 0.0, 0.0, 0.0, 0.24019607843137256, 0.08620689655172414, 0.17391304347826086, 0.7304347826086957, 0.0728476821192053, 0.27647058823529413, 0.2222222222222222, 0.02912621359223301, 0.0, 0.011111111111111112, 0.2, 0.0, 0.0, 0.9225352112676056, 0.0, 0.0, 0.0, 0.0, 0.0, 0.0, 0.031914893617021274, 0.014634146341463415, 0.20634920634920634, 0.0]; mean asr:0.06945341734560832
person malicious client asr list:[0.0, 0.0, 0.0, 0.0, 0.0, 0.375609756097561, 0.0, 0.5698324022346368, 0.0, 0.2983425414364641]; mean asr:0.12437846997686619
================================================================================
f_00040
ACC :0.328125
ASR :0.00390625
================================================================================
f_00010
ACC :0.4444444444444444
ASR :0.09090909090909091
================================================================================
f_00096
client is malicious client!
ACC :0.5911602209944752
ASR :0.569060773480663
================================================================================
f_00066
ACC :0.5576923076923077
ASR :0.0
================================================================================
f_00089
ACC :0.4876543209876543
ASR :0.0
================================================================================
f_00032
ACC :0.39090909090909093
ASR :0.0
================================================================================
f_00095
ACC :0.5106382978723404
ASR :0.0
================================================================================
f_00055
ACC :0.2857142857142857
ASR :0.0
================================================================================
f_00025
ACC :0.4533333333333333
ASR :0.18666666666666668
================================================================================
f_00005
ACC :0.43548387096774194
ASR :0.5967741935483871
[FedRepPFLALP] cluster labels: [0, 1, 2, 0, 1, 0, 1, 1, 2, 2]
-------------Round number:  4  -------------
Evaluate global model
Average Global Accurancy:  0.27039968078739113
Average Global Trainning Accurancy:  0.27409203122567444

global benign client acc list:[0.18, 0.0, 0.41237113402061853, 0.125, 0.4274193548387097, 0.04424778761061947, 0.05, 0.18808777429467086, 0.4444444444444444, 0.475177304964539, 0.18518518518518517, 0.3463414634146341, 0.07692307692307693, 0.16030534351145037, 0.16666666666666666, 0.4057971014492754, 0.10344827586206896, 0.11176470588235295, 0.1258741258741259, 0.13333333333333333, 0.21705426356589147, 0.034782608695652174, 0.6, 0.43283582089552236, 0.6190476190476191, 0.10679611650485436, 0.17218543046357615, 0.054945054945054944, 0.13043478260869565, 0.4, 0.4628099173553719, 0.20422535211267606, 0.45614035087719296, 0.5590551181102362, 0.5074626865671642, 0.043478260869565216, 0.45703125, 0.15702479338842976, 0.10714285714285714, 0.3211009174311927, 0.6716417910447762, 0.2677595628415301, 0.0625, 0.1650485436893204, 0.40390879478827363, 0.22093023255813954, 0.42857142857142855, 0.23756906077348067, 0.19863013698630136, 0.3979591836734694, 0.06698564593301436, 0.3032258064516129, 0.22857142857142856, 0.2037037037037037, 0.27403846153846156, 0.3176470588235294, 0.1595744680851064, 0.2814814814814815, 0.5641025641025641, 0.44366197183098594, 0.027472527472527472, 0.5490196078431373, 0.024242424242424242, 0.5977011494252874, 0.30327868852459017, 0.15966386554621848, 0.15196078431372548, 0.06896551724137931, 0.09565217391304348, 0.008695652173913044, 0.16556291390728478, 0.09411764705882353, 0.4266666666666667, 0.44660194174757284, 0.363914373088685, 0.12222222222222222, 0.3473684210526316, 0.3560606060606061, 0.5478260869565217, 0.13380281690140844, 0.49382716049382713, 0.20503597122302158, 0.06763285024154589, 0.23645320197044334, 0.4342105263157895, 0.16535433070866143, 0.5638297872340425, 0.2048780487804878, 0.06349206349206349, 0.5]; mean acc:0.2669884625680498
global malicious client acc list:[0.3157894736842105, 0.14754098360655737, 0.046413502109704644, 0.21, 0.4126984126984127, 0.2097560975609756, 0.13471502590673576, 0.4022346368715084, 0.2268370607028754, 0.6132596685082873]; mean acc:0.27192448616492676
Average Global ATTACK ALL ASR:  0.04741637294673139
Average Global ATTACK ALL train ASR:  0.04839534728554589
global benign client asr list:[0.0, 0.0, 0.0, 0.0, 0.5887096774193549, 0.0, 0.0, 0.0, 0.08080808080808081, 0.0, 0.0, 0.0, 0.0, 0.0, 0.0, 0.0, 0.0, 0.0, 0.0, 0.0, 0.0, 0.0, 0.48, 0.0, 0.0, 0.0, 0.0, 0.0, 0.0, 0.0, 0.0, 0.0, 0.0, 0.0, 0.0, 0.0, 0.0, 0.0, 0.0, 0.0, 0.5298507462686567, 0.0, 0.0, 0.0, 0.0, 0.0, 0.0, 0.0, 0.0, 0.0, 0.0, 0.0, 0.0, 0.0, 0.0, 0.0, 0.0, 0.0, 0.0, 0.007042253521126761, 0.0, 0.0, 0.0, 0.0, 0.0, 0.0, 0.0, 0.0, 0.0, 0.0, 0.0, 0.0, 0.6888888888888889, 0.009708737864077669, 0.7522935779816514, 0.0, 0.3368421052631579, 0.0, 0.0, 0.0, 0.0, 0.0, 0.0, 0.0, 0.0, 0.0, 0.10638297872340426, 0.0, 0.0, 0.0]; mean asr:0.03978363385264888
global malicious client asr list:[0.042105263157894736, 0.0, 0.0, 0.0, 0.0, 0.0, 0.0, 0.0, 0.0, 0.4198895027624309]; mean asr:0.046199476592032565

Evaluate global model with a few step updates, which is personalized model
Average Personal Accurancy (k local SGD):  0.4010773425550309
Average Personal Trainning Accurancy (k local SGD):  0.41040411004603783
global benign client acc list:[0.24, 0.2608695652173913, 0.4587628865979381, 0.391304347826087, 0.41935483870967744, 0.4247787610619469, 0.32, 0.4952978056426332, 0.4444444444444444, 0.41134751773049644, 0.41203703703703703, 0.3170731707317073, 0.2857142857142857, 0.20610687022900764, 0.3412698412698413, 0.3188405797101449, 0.4827586206896552, 0.38823529411764707, 0.2937062937062937, 0.044444444444444446, 0.2868217054263566, 0.5130434782608696, 0.56, 0.17164179104477612, 0.5595238095238095, 0.47572815533980584, 0.09271523178807947, 0.2087912087912088, 0.13043478260869565, 0.3, 0.4380165289256198, 0.33098591549295775, 0.45614035087719296, 0.6141732283464567, 0.48756218905472637, 0.21739130434782608, 0.41796875, 0.3884297520661157, 0.23809523809523808, 0.1743119266055046, 0.6791044776119403, 0.5191256830601093, 0.46875, 0.2621359223300971, 0.3485342019543974, 0.09302325581395349, 0.31868131868131866, 0.4419889502762431, 0.3493150684931507, 0.336734693877551, 0.5263157894736842, 0.2129032258064516, 0.4, 0.16203703703703703, 0.49038461538461536, 0.25882352941176473, 0.18439716312056736, 0.4666666666666667, 0.44871794871794873, 0.49295774647887325, 0.7747252747252747, 0.6405228758169934, 0.6727272727272727, 0.5862068965517241, 0.3442622950819672, 0.3025210084033613, 0.4411764705882353, 0.43103448275862066, 0.4260869565217391, 0.4782608695652174, 0.23178807947019867, 0.5294117647058824, 0.4533333333333333, 0.4077669902912621, 0.42507645259938837, 0.34444444444444444, 0.4, 0.5492424242424242, 0.3652173913043478, 0.352112676056338, 0.5123456790123457, 0.5431654676258992, 0.3285024154589372, 0.39408866995073893, 0.4342105263157895, 0.3779527559055118, 0.5425531914893617, 0.34146341463414637, 0.5396825396825397, 0.4215686274509804]; mean acc:0.3896685610265174
global malicious client acc list:[0.3263157894736842, 0.4098360655737705, 0.17721518987341772, 0.35, 0.4126984126984127, 0.5560975609756098, 0.31088082901554404, 0.39106145251396646, 0.35782747603833864, 0.5082872928176796]; mean acc:0.38002200689804233
Average Personal ATTACK ALL ASR (k local SGD):  0.09669481944536809
Average Personal ATTACK ALL Trainning ASR (k local SGD):  0.09819184662945088
person benign client asr list:[0.0, 0.0, 0.0, 0.0, 0.6370967741935484, 0.0, 0.0, 0.003134796238244514, 0.04040404040404041, 0.0070921985815602835, 0.0, 0.5756097560975609, 0.0, 0.0, 0.0, 0.0, 0.0, 0.047058823529411764, 0.3006993006993007, 0.0, 0.0, 0.11304347826086956, 0.30666666666666664, 0.0, 0.0, 0.0, 0.0, 0.0, 0.0, 0.0, 0.05785123966942149, 0.0, 0.0, 0.015748031496062992, 0.0, 0.0, 0.01171875, 0.0, 0.17857142857142858, 0.0, 0.582089552238806, 0.4262295081967213, 0.0, 0.0, 0.08143322475570032, 0.0, 0.0, 0.0, 0.03424657534246575, 0.0, 0.0, 0.0, 0.0, 0.21296296296296297, 0.0, 0.0, 0.5815602836879432, 0.0, 0.0, 0.0, 0.07142857142857142, 0.0, 0.0, 0.0, 0.0, 0.0, 0.2696078431372549, 0.14655172413793102, 0.3217391304347826, 0.5130434782608696, 0.0728476821192053, 0.3058823529411765, 0.22666666666666666, 0.038834951456310676, 0.0, 0.011111111111111112, 0.23157894736842105, 0.0, 0.008695652173913044, 0.9366197183098591, 0.0, 0.0, 0.0, 0.0, 0.0, 0.0, 0.05319148936170213, 0.03902439024390244, 0.30158730158730157, 0.0]; mean asr:0.08624031558146328
person malicious client asr list:[0.0, 0.0, 0.0, 0.01, 0.0, 0.47317073170731705, 0.0, 0.6480446927374302, 0.0, 0.11049723756906077]; mean asr:0.12417126620138079
================================================================================
f_00089
ACC :0.49382716049382713
ASR :0.0
================================================================================
f_00099
ACC :0.46078431372549017
ASR :0.0
================================================================================
f_00045
ACC :0.5223880597014925
ASR :0.7985074626865671
================================================================================
f_00096
client is malicious client!
ACC :0.5359116022099447
ASR :0.6408839779005525
================================================================================
f_00072
ACC :0.319672131147541
ASR :0.0
================================================================================
f_00009
ACC :0.4106583072100313
ASR :0.0
================================================================================
f_00074
ACC :0.45098039215686275
ASR :0.46568627450980393
================================================================================
f_00088
ACC :0.43661971830985913
ASR :0.7323943661971831
================================================================================
f_00001
client is malicious client!
ACC :0.23157894736842105
ASR :0.11578947368421053
================================================================================
f_00038
ACC :0.5323383084577115
ASR :0.0
[FedRepPFLALP] cluster labels: [0, 1, 1, 1, 0, 0, 1, 1, 1, 1]
-------------Round number:  5  -------------
Evaluate global model
Average Global Accurancy:  0.30903770698942606
Average Global Trainning Accurancy:  0.31299068122678647

global benign client acc list:[0.19, 0.0, 0.4381443298969072, 0.11956521739130435, 0.4274193548387097, 0.07964601769911504, 0.09, 0.445141065830721, 0.4444444444444444, 0.5106382978723404, 0.22685185185185186, 0.36585365853658536, 0.14285714285714285, 0.2366412213740458, 0.20634920634920634, 0.4057971014492754, 0.1793103448275862, 0.20588235294117646, 0.21678321678321677, 0.08888888888888889, 0.20930232558139536, 0.06956521739130435, 0.5866666666666667, 0.43283582089552236, 0.6190476190476191, 0.1407766990291262, 0.31125827814569534, 0.08791208791208792, 0.08695652173913043, 0.4, 0.49586776859504134, 0.21830985915492956, 0.49122807017543857, 0.5748031496062992, 0.5422885572139303, 0.34782608695652173, 0.421875, 0.24793388429752067, 0.10714285714285714, 0.3211009174311927, 0.6567164179104478, 0.2459016393442623, 0.13541666666666666, 0.18446601941747573, 0.4364820846905538, 0.23255813953488372, 0.42857142857142855, 0.24861878453038674, 0.18493150684931506, 0.3826530612244898, 0.11961722488038277, 0.3032258064516129, 0.24571428571428572, 0.25, 0.3605769230769231, 0.3058823529411765, 0.22340425531914893, 0.28888888888888886, 0.5769230769230769, 0.43661971830985913, 0.09340659340659341, 0.5490196078431373, 0.030303030303030304, 0.5919540229885057, 0.3442622950819672, 0.15966386554621848, 0.5686274509803921, 0.06896551724137931, 0.10434782608695652, 0.008695652173913044, 0.152317880794702, 0.21764705882352942, 0.5155555555555555, 0.4368932038834951, 0.3669724770642202, 0.12222222222222222, 0.35789473684210527, 0.36363636363636365, 0.5478260869565217, 0.4225352112676056, 0.5370370370370371, 0.33093525179856115, 0.10628019323671498, 0.22167487684729065, 0.4342105263157895, 0.1889763779527559, 0.5425531914893617, 0.2634146341463415, 0.05555555555555555, 0.5441176470588235]; mean acc:0.3025286814688523
global malicious client acc list:[0.3894736842105263, 0.22950819672131148, 0.08016877637130802, 0.2, 0.20634920634920634, 0.22439024390243903, 0.10362694300518134, 0.441340782122905, 0.25559105431309903, 0.585635359116022]; mean acc:0.2716084246111999
Average Global ATTACK ALL ASR:  0.0604508878100685
Average Global ATTACK ALL train ASR:  0.062384627360274
global benign client asr list:[0.0, 0.0, 0.0, 0.0, 0.6048387096774194, 0.0, 0.0, 0.0, 0.12121212121212122, 0.0, 0.0, 0.0, 0.0, 0.0, 0.0, 0.0, 0.0, 0.0, 0.0, 0.0, 0.0, 0.0, 0.44, 0.0, 0.0, 0.0, 0.0, 0.0, 0.0, 0.0, 0.0, 0.0, 0.0, 0.0, 0.0, 0.0, 0.0, 0.0, 0.0, 0.0, 0.48507462686567165, 0.0, 0.0, 0.0, 0.0, 0.0, 0.0, 0.0, 0.0, 0.0, 0.0, 0.0, 0.0, 0.0, 0.0, 0.0, 0.0, 0.0, 0.0, 0.007042253521126761, 0.0, 0.0, 0.0, 0.0, 0.0, 0.0, 0.9215686274509803, 0.0, 0.0, 0.0, 0.0, 0.0, 0.48444444444444446, 0.0, 0.6574923547400612, 0.0, 0.42105263157894735, 0.0, 0.0, 0.7816901408450704, 0.0, 0.0, 0.0, 0.0, 0.0, 0.0, 0.031914893617021274, 0.0, 0.0, 0.0]; mean asr:0.05507034226614293
global malicious client asr list:[0.15789473684210525, 0.0, 0.0, 0.0, 0.0, 0.0, 0.0, 0.0, 0.0, 0.23204419889502761]; mean asr:0.03899389357371329

Evaluate global model with a few step updates, which is personalized model
Average Personal Accurancy (k local SGD):  0.4224911884019419
Average Personal Trainning Accurancy (k local SGD):  0.42724017525520985
global benign client acc list:[0.33, 0.2608695652173913, 0.4587628865979381, 0.47282608695652173, 0.4274193548387097, 0.4247787610619469, 0.46, 0.5047021943573667, 0.5151515151515151, 0.41843971631205673, 0.3425925925925926, 0.3121951219512195, 0.4175824175824176, 0.21374045801526717, 0.35714285714285715, 0.4057971014492754, 0.496551724137931, 0.4235294117647059, 0.3076923076923077, 0.044444444444444446, 0.3023255813953488, 0.5652173913043478, 0.5733333333333334, 0.17164179104477612, 0.5952380952380952, 0.47572815533980584, 0.11920529801324503, 0.24175824175824176, 0.13043478260869565, 0.3090909090909091, 0.47107438016528924, 0.34507042253521125, 0.5263157894736842, 0.6220472440944882, 0.5621890547263682, 0.21739130434782608, 0.44921875, 0.3884297520661157, 0.30952380952380953, 0.1743119266055046, 0.6791044776119403, 0.5136612021857924, 0.46875, 0.36893203883495146, 0.3745928338762215, 0.10465116279069768, 0.3516483516483517, 0.49171270718232046, 0.4178082191780822, 0.3469387755102041, 0.5119617224880383, 0.21935483870967742, 0.4, 0.17592592592592593, 0.4855769230769231, 0.32941176470588235, 0.23049645390070922, 0.4962962962962963, 0.4423076923076923, 0.5140845070422535, 0.8186813186813187, 0.6339869281045751, 0.6727272727272727, 0.5402298850574713, 0.36065573770491804, 0.5294117647058824, 0.5833333333333334, 0.4482758620689655, 0.43478260869565216, 0.5043478260869565, 0.18543046357615894, 0.5705882352941176, 0.4533333333333333, 0.4368932038834951, 0.42813455657492355, 0.35555555555555557, 0.37894736842105264, 0.5833333333333334, 0.3652173913043478, 0.44366197183098594, 0.5370370370370371, 0.5431654676258992, 0.3333333333333333, 0.4433497536945813, 0.4342105263157895, 0.4015748031496063, 0.5212765957446809, 0.36585365853658536, 0.6031746031746031, 0.39705882352941174]; mean acc:0.41527269972909664
global malicious client acc list:[0.3368421052631579, 0.4180327868852459, 0.1940928270042194, 0.48, 0.4126984126984127, 0.5658536585365853, 0.32642487046632124, 0.4022346368715084, 0.3546325878594249, 0.44751381215469616]; mean acc:0.3938325697739572
Average Personal ATTACK ALL ASR (k local SGD):  0.096162798430538
Average Personal ATTACK ALL Trainning ASR (k local SGD):  0.09714654271289727
person benign client asr list:[0.0, 0.0, 0.0, 0.0, 0.6129032258064516, 0.0, 0.0, 0.006269592476489028, 0.04040404040404041, 0.0, 0.0, 0.5902439024390244, 0.0, 0.0, 0.0, 0.0, 0.0, 0.047058823529411764, 0.34265734265734266, 0.0, 0.0, 0.10434782608695652, 0.36, 0.0, 0.0, 0.0, 0.0, 0.0, 0.0, 0.0, 0.04132231404958678, 0.0, 0.0, 0.015748031496062992, 0.0, 0.0, 0.00390625, 0.0, 0.2857142857142857, 0.0, 0.5298507462686567, 0.4207650273224044, 0.0, 0.0, 0.048859934853420196, 0.0, 0.0, 0.0, 0.02054794520547945, 0.0, 0.0, 0.0, 0.0, 0.2361111111111111, 0.0, 0.0, 0.5283687943262412, 0.0, 0.0, 0.0, 0.03296703296703297, 0.0, 0.0, 0.0, 0.0, 0.0, 0.3872549019607843, 0.16379310344827586, 0.4, 0.3739130434782609, 0.0, 0.25882352941176473, 0.21777777777777776, 0.038834951456310676, 0.0, 0.011111111111111112, 0.16842105263157894, 0.0, 0.008695652173913044, 0.7535211267605634, 0.0, 0.0, 0.0, 0.0, 0.0, 0.0, 0.031914893617021274, 0.024390243902439025, 0.42857142857142855, 0.0]; mean asr:0.08372298936683585
person malicious client asr list:[0.0, 0.0, 0.0, 0.05, 0.0, 0.4975609756097561, 0.0, 0.6536312849162011, 0.0, 0.26519337016574585]; mean asr:0.1466385630691703
================================================================================
f_00000
ACC :0.49
ASR :0.0
================================================================================
f_00086
ACC :0.4962121212121212
ASR :0.0
================================================================================
f_00004
ACC :0.4891304347826087
ASR :0.005434782608695652
================================================================================
f_00023
ACC :0.4418604651162791
ASR :0.0
================================================================================
f_00024
ACC :0.5391304347826087
ASR :0.0
================================================================================
f_00001
client is malicious client!
ACC :0.4421052631578947
ASR :0.010526315789473684
================================================================================
f_00062
client is malicious client!
ACC :0.441340782122905
ASR :0.09497206703910614
================================================================================
f_00083
ACC :0.4666666666666667
ASR :0.0
================================================================================
f_00066
ACC :0.391025641025641
ASR :0.0
================================================================================
f_00093
ACC :0.6447368421052632
ASR :0.0
[FedRepPFLALP] cluster labels: [0, 1, 0, 0, 0, 0, 0, 0, 0, 1]
-------------Round number:  6  -------------
Evaluate global model
Average Global Accurancy:  0.34960430937022013
Average Global Trainning Accurancy:  0.3558481418054845

global benign client acc list:[0.52, 0.0, 0.4793814432989691, 0.532608695652174, 0.46774193548387094, 0.13274336283185842, 0.14, 0.44200626959247646, 0.46464646464646464, 0.44680851063829785, 0.25462962962962965, 0.36097560975609755, 0.2087912087912088, 0.24427480916030533, 0.2698412698412698, 0.4057971014492754, 0.23448275862068965, 0.23529411764705882, 0.36363636363636365, 0.022222222222222223, 0.5658914728682171, 0.6, 0.6133333333333333, 0.3805970149253731, 0.6190476190476191, 0.1553398058252427, 0.31125827814569534, 0.24175824175824176, 0.021739130434782608, 0.4090909090909091, 0.5702479338842975, 0.3380281690140845, 0.5087719298245614, 0.5511811023622047, 0.6019900497512438, 0.34782608695652173, 0.39453125, 0.38016528925619836, 0.23809523809523808, 0.3302752293577982, 0.6865671641791045, 0.18579234972677597, 0.4166666666666667, 0.18446601941747573, 0.48859934853420195, 0.23255813953488372, 0.42857142857142855, 0.23756906077348067, 0.0958904109589041, 0.4387755102040816, 0.0861244019138756, 0.17419354838709677, 0.3942857142857143, 0.2916666666666667, 0.38461538461538464, 0.2235294117647059, 0.2624113475177305, 0.34814814814814815, 0.5576923076923077, 0.4647887323943662, 0.24725274725274726, 0.5490196078431373, 0.03636363636363636, 0.6206896551724138, 0.4426229508196721, 0.23529411764705882, 0.5343137254901961, 0.05172413793103448, 0.1391304347826087, 0.02608695652173913, 0.09271523178807947, 0.28823529411764703, 0.5288888888888889, 0.4563106796116505, 0.37920489296636084, 0.45555555555555555, 0.43157894736842106, 0.5833333333333334, 0.591304347826087, 0.43661971830985913, 0.5246913580246914, 0.460431654676259, 0.12077294685990338, 0.33004926108374383, 0.6447368421052632, 0.2125984251968504, 0.5531914893617021, 0.23414634146341465, 0.047619047619047616, 0.5441176470588235]; mean acc:0.3531840165758069
global malicious client acc list:[0.4421052631578947, 0.3524590163934426, 0.11814345991561181, 0.01, 0.15873015873015872, 0.12682926829268293, 0.09326424870466321, 0.4022346368715084, 0.24281150159744408, 0.5303867403314917]; mean acc:0.24769642939948983
Average Global ATTACK ALL ASR:  0.06849770565937355
Average Global ATTACK ALL train ASR:  0.06970175477614927
global benign client asr list:[0.0, 0.0, 0.0, 0.010869565217391304, 0.6451612903225806, 0.0, 0.0, 0.0, 0.21212121212121213, 0.0, 0.0, 0.0, 0.0, 0.0, 0.0, 0.0, 0.0, 0.0, 0.0, 0.0, 0.0, 0.06086956521739131, 0.5333333333333333, 0.0, 0.0, 0.0, 0.0, 0.0, 0.0, 0.0, 0.0, 0.0, 0.0, 0.0, 0.0, 0.0, 0.0, 0.0, 0.0, 0.0, 0.44776119402985076, 0.0, 0.0, 0.0, 0.0, 0.0, 0.0, 0.0, 0.0, 0.0, 0.0, 0.0, 0.0, 0.0, 0.0, 0.0, 0.0, 0.0, 0.0, 0.0, 0.0, 0.0, 0.0, 0.0, 0.0, 0.0, 0.9852941176470589, 0.0, 0.0, 0.0, 0.0, 0.0, 0.4622222222222222, 0.0, 0.5688073394495413, 0.0, 0.49473684210526314, 0.0, 0.0, 0.7394366197183099, 0.0, 0.0, 0.0, 0.0, 0.0, 0.0, 0.010638297872340425, 0.0, 0.0, 0.0]; mean asr:0.05745835110284994
global malicious client asr list:[0.28421052631578947, 0.0, 0.0, 0.0, 0.0, 0.0, 0.0, 0.6536312849162011, 0.0, 0.17679558011049723]; mean asr:0.11146373913424878

Evaluate global model with a few step updates, which is personalized model
Average Personal Accurancy (k local SGD):  0.43738777681718427
Average Personal Trainning Accurancy (k local SGD):  0.4475012788292596
global benign client acc list:[0.36, 0.2608695652173913, 0.4587628865979381, 0.5, 0.46774193548387094, 0.4247787610619469, 0.45, 0.5266457680250783, 0.5353535353535354, 0.40425531914893614, 0.25462962962962965, 0.33170731707317075, 0.46153846153846156, 0.2366412213740458, 0.42063492063492064, 0.4492753623188406, 0.4068965517241379, 0.5411764705882353, 0.32867132867132864, 0.044444444444444446, 0.23255813953488372, 0.5130434782608696, 0.6, 0.1791044776119403, 0.6785714285714286, 0.45145631067961167, 0.15894039735099338, 0.23076923076923078, 0.2608695652173913, 0.36363636363636365, 0.47107438016528924, 0.39436619718309857, 0.543859649122807, 0.6299212598425197, 0.572139303482587, 0.21739130434782608, 0.4453125, 0.371900826446281, 0.32142857142857145, 0.1743119266055046, 0.6791044776119403, 0.5191256830601093, 0.4791666666666667, 0.33980582524271846, 0.39087947882736157, 0.20930232558139536, 0.3626373626373626, 0.4861878453038674, 0.4178082191780822, 0.35714285714285715, 0.569377990430622, 0.25806451612903225, 0.5257142857142857, 0.19444444444444445, 0.5144230769230769, 0.4, 0.23404255319148937, 0.5481481481481482, 0.4230769230769231, 0.44366197183098594, 0.8186813186813187, 0.6339869281045751, 0.6727272727272727, 0.6379310344827587, 0.3442622950819672, 0.5966386554621849, 0.6127450980392157, 0.5, 0.4608695652173913, 0.5217391304347826, 0.18543046357615894, 0.5647058823529412, 0.4266666666666667, 0.4563106796116505, 0.43730886850152906, 0.4, 0.35789473684210527, 0.571969696969697, 0.34782608695652173, 0.4507042253521127, 0.42592592592592593, 0.5431654676258992, 0.4106280193236715, 0.5221674876847291, 0.6578947368421053, 0.3779527559055118, 0.5425531914893617, 0.36097560975609755, 0.6428571428571429, 0.4068627450980392]; mean acc:0.4324019458650424
global malicious client acc list:[0.3368421052631579, 0.4344262295081967, 0.16877637130801687, 0.45, 0.4126984126984127, 0.5658536585365853, 0.42487046632124353, 0.4301675977653631, 0.402555910543131, 0.47513812154696133]; mean acc:0.41013288734910686
Average Personal ATTACK ALL ASR (k local SGD):  0.0970273325796369
Average Personal ATTACK ALL Trainning ASR (k local SGD):  0.09732446678380001
person benign client asr list:[0.0, 0.0, 0.0, 0.0, 0.6693548387096774, 0.0, 0.0, 0.009404388714733543, 0.030303030303030304, 0.0, 0.0, 0.5658536585365853, 0.0, 0.0, 0.0, 0.0, 0.0, 0.07647058823529412, 0.35664335664335667, 0.0, 0.0, 0.12173913043478261, 0.4266666666666667, 0.0, 0.0, 0.0, 0.0, 0.0, 0.0, 0.0, 0.024793388429752067, 0.0, 0.0, 0.015748031496062992, 0.0, 0.0, 0.00390625, 0.0, 0.3333333333333333, 0.0, 0.4701492537313433, 0.40437158469945356, 0.0, 0.0, 0.06514657980456026, 0.0, 0.0, 0.0055248618784530384, 0.0273972602739726, 0.0, 0.0, 0.0, 0.0, 0.2037037037037037, 0.0, 0.0, 0.5212765957446809, 0.0, 0.0, 0.0, 0.03296703296703297, 0.0, 0.0, 0.0, 0.0, 0.0, 0.4117647058823529, 0.14655172413793102, 0.4434782608695652, 0.2782608695652174, 0.059602649006622516, 0.27647058823529413, 0.2088888888888889, 0.0, 0.0, 0.022222222222222223, 0.15789473684210525, 0.0, 0.008695652173913044, 0.7323943661971831, 0.0, 0.0, 0.07729468599033816, 0.0, 0.0, 0.0, 0.010638297872340425, 0.00975609756097561, 0.5714285714285714, 0.0]; mean asr:0.08644550945755552
person malicious client asr list:[0.0, 0.0, 0.0, 0.08, 0.0, 0.44390243902439025, 0.0, 0.547486033519553, 0.0, 0.2983425414364641]; mean asr:0.13697310139804073
================================================================================
f_00006
ACC :0.4690265486725664
ASR :0.02654867256637168
================================================================================
f_00059
ACC :0.56
ASR :0.0
================================================================================
f_00072
ACC :0.22131147540983606
ASR :0.0
================================================================================
f_00030
ACC :0.2967032967032967
ASR :0.01098901098901099
================================================================================
f_00091
ACC :0.45893719806763283
ASR :0.13526570048309178
================================================================================
f_00043
client is malicious client!
ACC :0.5555555555555556
ASR :0.047619047619047616
================================================================================
f_00075
ACC :0.33620689655172414
ASR :0.12931034482758622
================================================================================
f_00076
ACC :0.48695652173913045
ASR :0.4
================================================================================
f_00015
ACC :0.5343511450381679
ASR :0.0
================================================================================
f_00061
ACC :0.30288461538461536
ASR :0.0
[FedRepPFLALP] cluster labels: [0, 1, 2, 3, 2, 0, 3, 2, 3, 3]
-------------Round number:  7  -------------
Evaluate global model
Average Global Accurancy:  0.39156746691494315
Average Global Trainning Accurancy:  0.39859439983986833

global benign client acc list:[0.61, 0.0, 0.5309278350515464, 0.5434782608695652, 0.47580645161290325, 0.4424778761061947, 0.16, 0.47648902821316613, 0.5050505050505051, 0.46099290780141844, 0.27314814814814814, 0.33658536585365856, 0.2967032967032967, 0.5038167938931297, 0.29365079365079366, 0.4057971014492754, 0.296551724137931, 0.20588235294117646, 0.3776223776223776, 0.08888888888888889, 0.5503875968992248, 0.591304347826087, 0.6266666666666667, 0.43283582089552236, 0.6190476190476191, 0.23786407766990292, 0.36423841059602646, 0.2857142857142857, 0.08695652173913043, 0.4636363636363636, 0.5702479338842975, 0.3591549295774648, 0.5087719298245614, 0.5984251968503937, 0.6019900497512438, 0.34782608695652173, 0.45703125, 0.4132231404958678, 0.25, 0.3577981651376147, 0.6567164179104478, 0.18579234972677597, 0.3645833333333333, 0.2815533980582524, 0.48859934853420195, 0.29069767441860467, 0.42857142857142855, 0.287292817679558, 0.13013698630136986, 0.44387755102040816, 0.15789473684210525, 0.18064516129032257, 0.6514285714285715, 0.3611111111111111, 0.4230769230769231, 0.2823529411764706, 0.32269503546099293, 0.4222222222222222, 0.5769230769230769, 0.4295774647887324, 0.2857142857142857, 0.5490196078431373, 0.06666666666666667, 0.6551724137931034, 0.4098360655737705, 0.2605042016806723, 0.553921568627451, 0.5431034482758621, 0.48695652173913045, 0.08695652173913043, 0.08609271523178808, 0.3352941176470588, 0.48444444444444446, 0.42718446601941745, 0.3669724770642202, 0.5111111111111111, 0.4421052631578947, 0.6174242424242424, 0.591304347826087, 0.4647887323943662, 0.4876543209876543, 0.44964028776978415, 0.42028985507246375, 0.3448275862068966, 0.6578947368421053, 0.2125984251968504, 0.5638297872340425, 0.3073170731707317, 0.07142857142857142, 0.5392156862745098]; mean acc:0.39613342444661254
global malicious client acc list:[0.47368421052631576, 0.4098360655737705, 0.15611814345991562, 0.03, 0.5238095238095238, 0.14634146341463414, 0.16062176165803108, 0.4022346368715084, 0.2747603833865815, 0.5911602209944752]; mean acc:0.31685664096947563
Average Global ATTACK ALL ASR:  0.07654452350867859
Average Global ATTACK ALL train ASR:  0.07668527455908192
global benign client asr list:[0.0, 0.0, 0.0, 0.059782608695652176, 0.5806451612903226, 0.0, 0.0, 0.01567398119122257, 0.21212121212121213, 0.0, 0.0, 0.0, 0.0, 0.0, 0.0, 0.0, 0.0, 0.0, 0.0, 0.0, 0.0, 0.06956521739130435, 0.5733333333333334, 0.0, 0.0, 0.0, 0.0, 0.08791208791208792, 0.0, 0.0, 0.0, 0.0, 0.0, 0.0, 0.0, 0.0, 0.0, 0.0, 0.0, 0.0, 0.29850746268656714, 0.0, 0.0, 0.0, 0.0, 0.0, 0.0, 0.0, 0.0, 0.0, 0.0, 0.0, 0.0, 0.0, 0.0, 0.0, 0.0, 0.0, 0.0, 0.0, 0.0, 0.0, 0.0, 0.0, 0.0, 0.0, 0.9803921568627451, 0.2413793103448276, 0.40869565217391307, 0.0, 0.0, 0.0, 0.4533333333333333, 0.0, 0.5321100917431193, 0.0, 0.4631578947368421, 0.0, 0.0, 0.6690140845070423, 0.0, 0.0, 0.2995169082125604, 0.0, 0.0, 0.0, 0.0425531914893617, 0.0, 0.0, 0.0]; mean asr:0.06652992986694942
global malicious client asr list:[0.2, 0.0, 0.0, 0.0, 0.0, 0.0, 0.0, 0.6815642458100558, 0.0, 0.2541436464088398]; mean asr:0.11357078922188957

Evaluate global model with a few step updates, which is personalized model
Average Personal Accurancy (k local SGD):  0.45826960164926517
Average Personal Trainning Accurancy (k local SGD):  0.4666725974690301
global benign client acc list:[0.43, 0.2608695652173913, 0.4690721649484536, 0.532608695652174, 0.5, 0.4778761061946903, 0.44, 0.5172413793103449, 0.5252525252525253, 0.46808510638297873, 0.5833333333333334, 0.3170731707317073, 0.4175824175824176, 0.21374045801526717, 0.5, 0.43478260869565216, 0.46206896551724136, 0.5, 0.3776223776223776, 0.044444444444444446, 0.3023255813953488, 0.5652173913043478, 0.6133333333333333, 0.17164179104477612, 0.7023809523809523, 0.5048543689320388, 0.15894039735099338, 0.21978021978021978, 0.30434782608695654, 0.3181818181818182, 0.5041322314049587, 0.47183098591549294, 0.5263157894736842, 0.6377952755905512, 0.5870646766169154, 0.21739130434782608, 0.46875, 0.5041322314049587, 0.40476190476190477, 0.1743119266055046, 0.6791044776119403, 0.5245901639344263, 0.5104166666666666, 0.3786407766990291, 0.38762214983713356, 0.2441860465116279, 0.33516483516483514, 0.5082872928176796, 0.4315068493150685, 0.37244897959183676, 0.569377990430622, 0.2645161290322581, 0.5428571428571428, 0.2638888888888889, 0.5, 0.38823529411764707, 0.2695035460992908, 0.5333333333333333, 0.4935897435897436, 0.5140845070422535, 0.8351648351648352, 0.6078431372549019, 0.6727272727272727, 0.5919540229885057, 0.4180327868852459, 0.6134453781512605, 0.5343137254901961, 0.49137931034482757, 0.46956521739130436, 0.5826086956521739, 0.2052980132450331, 0.5764705882352941, 0.4711111111111111, 0.4563106796116505, 0.44648318042813456, 0.43333333333333335, 0.3894736842105263, 0.6174242424242424, 0.34782608695652173, 0.44366197183098594, 0.5308641975308642, 0.5431654676258992, 0.3671497584541063, 0.49261083743842365, 0.6447368421052632, 0.41732283464566927, 0.5425531914893617, 0.375609756097561, 0.626984126984127, 0.4411764705882353]; mean acc:0.4525233210527985
global malicious client acc list:[0.35789473684210527, 0.47540983606557374, 0.189873417721519, 0.58, 0.5873015873015873, 0.5658536585365853, 0.39378238341968913, 0.4748603351955307, 0.38338658146964855, 0.4972375690607735]; mean acc:0.4505600105613013
Average Personal ATTACK ALL ASR (k local SGD):  0.09336968810268005
Average Personal ATTACK ALL Trainning ASR (k local SGD):  0.09363254231256811
person benign client asr list:[0.0, 0.0, 0.0, 0.0, 0.5725806451612904, 0.05309734513274336, 0.0, 0.009404388714733543, 0.050505050505050504, 0.0, 0.0, 0.5414634146341464, 0.0, 0.0, 0.0, 0.0, 0.0, 0.047058823529411764, 0.3776223776223776, 0.0, 0.0, 0.08695652173913043, 0.4666666666666667, 0.0, 0.0, 0.0, 0.0, 0.0, 0.0, 0.0, 0.03305785123966942, 0.0, 0.0, 0.023622047244094488, 0.0, 0.0, 0.0078125, 0.0, 0.5119047619047619, 0.0, 0.4253731343283582, 0.4262295081967213, 0.0, 0.009708737864077669, 0.07166123778501629, 0.0, 0.0, 0.016574585635359115, 0.0410958904109589, 0.0, 0.0, 0.0, 0.0, 0.19444444444444445, 0.0, 0.0, 0.46808510638297873, 0.0, 0.0, 0.0, 0.03296703296703297, 0.0, 0.0, 0.0, 0.0, 0.0, 0.3333333333333333, 0.11206896551724138, 0.4260869565217391, 0.19130434782608696, 0.039735099337748346, 0.27647058823529413, 0.2088888888888889, 0.019417475728155338, 0.0, 0.011111111111111112, 0.14736842105263157, 0.0, 0.008695652173913044, 0.7112676056338029, 0.0, 0.0, 0.014492753623188406, 0.0, 0.0, 0.0, 0.031914893617021274, 0.00975609756097561, 0.5, 0.0]; mean asr:0.08344226958077951
person malicious client asr list:[0.010526315789473684, 0.0, 0.0, 0.15, 0.14285714285714285, 0.45365853658536587, 0.0, 0.5139664804469274, 0.0, 0.27624309392265195]; mean asr:0.15472515696015615
================================================================================
f_00044
ACC :0.22018348623853212
ASR :0.0
================================================================================
f_00088
ACC :0.45774647887323944
ASR :0.1267605633802817
================================================================================
f_00074
ACC :0.5049019607843137
ASR :0.37745098039215685
================================================================================
f_00048
ACC :0.4077669902912621
ASR :0.0
================================================================================
f_00059
ACC :0.68
ASR :0.0
================================================================================
f_00079
ACC :0.45294117647058824
ASR :0.058823529411764705
================================================================================
f_00025
ACC :0.5733333333333334
ASR :0.4533333333333333
================================================================================
f_00052
ACC :0.45054945054945056
ASR :0.0
================================================================================
f_00045
ACC :0.4925373134328358
ASR :0.43283582089552236
================================================================================
f_00055
ACC :0.28061224489795916
ASR :0.0
[FedRepPFLALP] cluster labels: [0, 1, 1, 1, 0, 1, 1, 1, 0, 1]
-------------Round number:  8  -------------
Evaluate global model
Average Global Accurancy:  0.3950256035113387
Average Global Trainning Accurancy:  0.4054889575873496

global benign client acc list:[0.71, 0.043478260869565216, 0.5, 0.5597826086956522, 0.5080645161290323, 0.4247787610619469, 0.2, 0.4702194357366771, 0.5353535353535354, 0.41843971631205673, 0.3194444444444444, 0.36585365853658536, 0.3626373626373626, 0.5419847328244275, 0.2619047619047619, 0.4057971014492754, 0.3793103448275862, 0.2529411764705882, 0.32167832167832167, 0.1111111111111111, 0.5658914728682171, 0.5739130434782609, 0.6133333333333333, 0.4925373134328358, 0.6190476190476191, 0.18932038834951456, 0.3708609271523179, 0.26373626373626374, 0.2391304347826087, 0.43636363636363634, 0.5950413223140496, 0.2605633802816901, 0.5263157894736842, 0.5511811023622047, 0.6069651741293532, 0.32608695652173914, 0.4453125, 0.49586776859504134, 0.20238095238095238, 0.22018348623853212, 0.6492537313432836, 0.18032786885245902, 0.22916666666666666, 0.4174757281553398, 0.4527687296416938, 0.313953488372093, 0.4175824175824176, 0.18232044198895028, 0.10273972602739725, 0.5204081632653061, 0.11961722488038277, 0.16129032258064516, 0.6628571428571428, 0.28703703703703703, 0.4807692307692308, 0.38823529411764707, 0.2978723404255319, 0.45925925925925926, 0.5641025641025641, 0.4859154929577465, 0.14285714285714285, 0.5555555555555556, 0.05454545454545454, 0.6954022988505747, 0.4180327868852459, 0.226890756302521, 0.6372549019607843, 0.49137931034482757, 0.4956521739130435, 0.05217391304347826, 0.09271523178807947, 0.6, 0.5733333333333334, 0.49514563106796117, 0.37920489296636084, 0.5555555555555556, 0.5473684210526316, 0.5946969696969697, 0.5565217391304348, 0.4154929577464789, 0.4444444444444444, 0.4784172661870504, 0.4782608695652174, 0.2660098522167488, 0.6710526315789473, 0.25196850393700787, 0.5531914893617021, 0.33658536585365856, 0.06349206349206349, 0.5833333333333334]; mean acc:0.4040700048037132
global malicious client acc list:[0.43157894736842106, 0.38524590163934425, 0.1350210970464135, 0.06, 0.5396825396825397, 0.14634146341463414, 0.09844559585492228, 0.4972067039106145, 0.2268370607028754, 0.580110497237569]; mean acc:0.3100469806857334
Average Global ATTACK ALL ASR:  0.05812329587018687
Average Global ATTACK ALL train ASR:  0.05964904477014434
global benign client asr list:[0.0, 0.0, 0.0, 0.016304347826086956, 0.5564516129032258, 0.0, 0.0, 0.003134796238244514, 0.12121212121212122, 0.0, 0.0, 0.0, 0.0, 0.0, 0.0, 0.0, 0.0, 0.0, 0.0, 0.0, 0.0, 0.043478260869565216, 0.4533333333333333, 0.0, 0.0, 0.0, 0.0, 0.054945054945054944, 0.0, 0.0, 0.0, 0.0, 0.0, 0.0, 0.0, 0.0, 0.0, 0.0, 0.0, 0.0, 0.43283582089552236, 0.0, 0.0, 0.0, 0.0, 0.0, 0.0, 0.0, 0.0, 0.0, 0.0, 0.0, 0.011428571428571429, 0.0, 0.0, 0.0, 0.0, 0.0, 0.0, 0.0, 0.0, 0.0, 0.0, 0.0, 0.0, 0.0, 0.5343137254901961, 0.16379310344827586, 0.3565217391304348, 0.0, 0.0, 0.3588235294117647, 0.26222222222222225, 0.0, 0.44648318042813456, 0.0, 0.30526315789473685, 0.0, 0.0, 0.2676056338028169, 0.0, 0.0, 0.2560386473429952, 0.0, 0.0, 0.0, 0.010638297872340425, 0.0, 0.0, 0.0]; mean asr:0.0517203017410627
global malicious client asr list:[0.042105263157894736, 0.0, 0.0, 0.0, 0.0, 0.0, 0.0, 0.5307262569832403, 0.0, 0.16574585635359115]; mean asr:0.07385773764947262

Evaluate global model with a few step updates, which is personalized model
Average Personal Accurancy (k local SGD):  0.4688435193190131
Average Personal Trainning Accurancy (k local SGD):  0.4782599025865712
global benign client acc list:[0.54, 0.2608695652173913, 0.4896907216494845, 0.5815217391304348, 0.5161290322580645, 0.46017699115044247, 0.43, 0.542319749216301, 0.5353535353535354, 0.46099290780141844, 0.46296296296296297, 0.33170731707317075, 0.4065934065934066, 0.22900763358778625, 0.5396825396825397, 0.42028985507246375, 0.4827586206896552, 0.5470588235294118, 0.3986013986013986, 0.06666666666666667, 0.27906976744186046, 0.5565217391304348, 0.6133333333333333, 0.17164179104477612, 0.6666666666666666, 0.470873786407767, 0.152317880794702, 0.27472527472527475, 0.2608695652173913, 0.3090909090909091, 0.48760330578512395, 0.5422535211267606, 0.5789473684210527, 0.6377952755905512, 0.582089552238806, 0.21739130434782608, 0.4609375, 0.5785123966942148, 0.4523809523809524, 0.1834862385321101, 0.6567164179104478, 0.5136612021857924, 0.5208333333333334, 0.42718446601941745, 0.40390879478827363, 0.313953488372093, 0.3021978021978022, 0.5248618784530387, 0.3904109589041096, 0.37755102040816324, 0.6076555023923444, 0.2645161290322581, 0.6685714285714286, 0.25925925925925924, 0.5240384615384616, 0.47058823529411764, 0.2801418439716312, 0.5555555555555556, 0.5, 0.5, 0.8461538461538461, 0.6143790849673203, 0.6727272727272727, 0.6379310344827587, 0.38524590163934425, 0.6218487394957983, 0.6323529411764706, 0.45689655172413796, 0.4608695652173913, 0.6, 0.17218543046357615, 0.6058823529411764, 0.4577777777777778, 0.47572815533980584, 0.45871559633027525, 0.5111111111111111, 0.4105263157894737, 0.625, 0.3652173913043478, 0.528169014084507, 0.5493827160493827, 0.5431654676258992, 0.4057971014492754, 0.49261083743842365, 0.6052631578947368, 0.3937007874015748, 0.5319148936170213, 0.36097560975609755, 0.6507936507936508, 0.47058823529411764]; mean acc:0.4642600879271238
global malicious client acc list:[0.3684210526315789, 0.4672131147540984, 0.1729957805907173, 0.47, 0.5555555555555556, 0.5951219512195122, 0.44559585492227977, 0.5251396648044693, 0.3801916932907348, 0.5082872928176796]; mean acc:0.44885219605866256
Average Personal ATTACK ALL ASR (k local SGD):  0.08159872314956441
Average Personal ATTACK ALL Trainning ASR (k local SGD):  0.08264573093432377
person benign client asr list:[0.0, 0.0, 0.0, 0.0, 0.5403225806451613, 0.035398230088495575, 0.0, 0.009404388714733543, 0.030303030303030304, 0.0, 0.0, 0.48292682926829267, 0.0, 0.0, 0.0, 0.0, 0.0, 0.047058823529411764, 0.32167832167832167, 0.0, 0.0, 0.0782608695652174, 0.44, 0.0, 0.0, 0.0, 0.0, 0.0, 0.0, 0.0, 0.008264462809917356, 0.0, 0.0, 0.023622047244094488, 0.0, 0.0, 0.00390625, 0.0, 0.38095238095238093, 0.0, 0.3582089552238806, 0.36065573770491804, 0.0, 0.0, 0.04234527687296417, 0.0, 0.0, 0.022099447513812154, 0.03424657534246575, 0.0, 0.0, 0.0, 0.0, 0.1388888888888889, 0.0, 0.0, 0.43617021276595747, 0.0, 0.0, 0.0, 0.03296703296703297, 0.0, 0.0, 0.0, 0.0, 0.0, 0.4166666666666667, 0.09482758620689655, 0.4260869565217391, 0.17391304347826086, 0.0, 0.24705882352941178, 0.17777777777777778, 0.019417475728155338, 0.0, 0.0, 0.12631578947368421, 0.0, 0.008695652173913044, 0.6056338028169014, 0.0, 0.0, 0.024154589371980676, 0.0, 0.0, 0.0, 0.010638297872340425, 0.004878048780487805, 0.4603174603174603, 0.0]; mean asr:0.07360069236438503
person malicious client asr list:[0.0, 0.0, 0.0, 0.07, 0.06349206349206349, 0.3804878048780488, 0.0, 0.4301675977653631, 0.0, 0.2430939226519337]; mean asr:0.11872413887874092
================================================================================
f_00003
ACC :0.5360824742268041
ASR :0.0
================================================================================
f_00060
ACC :0.19444444444444445
ASR :0.4444444444444444
================================================================================
f_00035
ACC :0.5263157894736842
ASR :0.0
================================================================================
f_00033
ACC :0.6115702479338843
ASR :0.0
================================================================================
f_00022
ACC :0.6888888888888889
ASR :0.0
================================================================================
f_00066
ACC :0.532051282051282
ASR :0.0
================================================================================
f_00045
ACC :0.6044776119402985
ASR :0.21641791044776118
================================================================================
f_00068
ACC :0.8296703296703297
ASR :0.02197802197802198
================================================================================
f_00067
ACC :0.4788732394366197
ASR :0.0
================================================================================
f_00075
ACC :0.5258620689655172
ASR :0.1810344827586207
[FedRepPFLALP] cluster labels: [0, 1, 0, 0, 1, 0, 0, 1, 0, 0]
-------------Round number:  9  -------------
Evaluate global model
Average Global Accurancy:  0.4210281306111591
Average Global Trainning Accurancy:  0.4282632386629006

global benign client acc list:[0.69, 0.043478260869565216, 0.5154639175257731, 0.5543478260869565, 0.5161290322580645, 0.4690265486725664, 0.23, 0.4670846394984326, 0.494949494949495, 0.46099290780141844, 0.27314814814814814, 0.3853658536585366, 0.37362637362637363, 0.5954198473282443, 0.31746031746031744, 0.4057971014492754, 0.31724137931034485, 0.23529411764705882, 0.34265734265734266, 0.6888888888888889, 0.5813953488372093, 0.6086956521739131, 0.6266666666666667, 0.5298507462686567, 0.6190476190476191, 0.2087378640776699, 0.3443708609271523, 0.2857142857142857, 0.32608695652173914, 0.4818181818181818, 0.4214876033057851, 0.2887323943661972, 0.543859649122807, 0.5433070866141733, 0.6069651741293532, 0.2391304347826087, 0.4453125, 0.47107438016528924, 0.20238095238095238, 0.23853211009174313, 0.6865671641791045, 0.28415300546448086, 0.22916666666666666, 0.4077669902912621, 0.46905537459283386, 0.29069767441860467, 0.35714285714285715, 0.34806629834254144, 0.1506849315068493, 0.5153061224489796, 0.14354066985645933, 0.2645161290322581, 0.72, 0.4351851851851852, 0.47596153846153844, 0.47058823529411764, 0.3404255319148936, 0.4148148148148148, 0.5512820512820513, 0.4788732394366197, 0.7472527472527473, 0.5490196078431373, 0.06666666666666667, 0.6896551724137931, 0.4672131147540984, 0.2773109243697479, 0.6176470588235294, 0.5344827586206896, 0.5391304347826087, 0.06956521739130435, 0.13245033112582782, 0.5941176470588235, 0.49777777777777776, 0.4854368932038835, 0.4036697247706422, 0.6, 0.49473684210526314, 0.6060606060606061, 0.5826086956521739, 0.4859154929577465, 0.4074074074074074, 0.49280575539568344, 0.42028985507246375, 0.32019704433497537, 0.6710526315789473, 0.25984251968503935, 0.5957446808510638, 0.33658536585365856, 0.0873015873015873, 0.6078431372549019]; mean acc:0.42959022937275243
global malicious client acc list:[0.4842105263157895, 0.39344262295081966, 0.15611814345991562, 0.1, 0.5555555555555556, 0.22926829268292684, 0.15544041450777202, 0.41899441340782123, 0.36741214057507987, 0.6187845303867403]; mean acc:0.34792266398424204
Average Global ATTACK ALL ASR:  0.07947063909024406
Average Global ATTACK ALL train ASR:  0.07986566732646842
global benign client asr list:[0.0, 0.0, 0.0, 0.08695652173913043, 0.5564516129032258, 0.04424778761061947, 0.0, 0.0219435736677116, 0.18181818181818182, 0.0, 0.004629629629629629, 0.0, 0.0, 0.0, 0.0, 0.0, 0.0, 0.0058823529411764705, 0.0, 0.0, 0.0, 0.10434782608695652, 0.52, 0.0, 0.0, 0.0, 0.0, 0.06593406593406594, 0.0, 0.0, 0.12396694214876033, 0.007042253521126761, 0.0, 0.0, 0.0, 0.0, 0.00390625, 0.0, 0.0, 0.0, 0.3358208955223881, 0.0, 0.0, 0.04854368932038835, 0.0, 0.0, 0.0, 0.011049723756906077, 0.0, 0.0, 0.0, 0.0, 0.03428571428571429, 0.032407407407407406, 0.0, 0.0, 0.0, 0.0, 0.0, 0.02112676056338028, 0.0, 0.0, 0.0, 0.0, 0.0, 0.0, 0.4215686274509804, 0.16379310344827586, 0.41739130434782606, 0.0, 0.013245033112582781, 0.47058823529411764, 0.5511111111111111, 0.009708737864077669, 0.6452599388379205, 0.011111111111111112, 0.45263157894736844, 0.0, 0.008695652173913044, 0.4154929577464789, 0.0, 0.0, 0.36231884057971014, 0.0, 0.0, 0.0, 0.0425531914893617, 0.004878048780487805, 0.0, 0.0]; mean asr:0.06889676290168992
global malicious client asr list:[0.14736842105263157, 0.0, 0.0, 0.0, 0.0, 0.0, 0.0, 0.6703910614525139, 0.0, 0.2596685082872928]; mean asr:0.10774279907924382

Evaluate global model with a few step updates, which is personalized model
Average Personal Accurancy (k local SGD):  0.48487065239076943
Average Personal Trainning Accurancy (k local SGD):  0.4930276004714988
global benign client acc list:[0.65, 0.2608695652173913, 0.5154639175257731, 0.5652173913043478, 0.5483870967741935, 0.4778761061946903, 0.44, 0.5297805642633229, 0.5757575757575758, 0.5106382978723404, 0.6481481481481481, 0.34146341463414637, 0.46153846153846156, 0.2824427480916031, 0.5158730158730159, 0.4492753623188406, 0.496551724137931, 0.5588235294117647, 0.3776223776223776, 0.044444444444444446, 0.2713178294573643, 0.5652173913043478, 0.6133333333333333, 0.1791044776119403, 0.7142857142857143, 0.4854368932038835, 0.15894039735099338, 0.2967032967032967, 0.32608695652173914, 0.32727272727272727, 0.45454545454545453, 0.528169014084507, 0.5614035087719298, 0.6535433070866141, 0.5920398009950248, 0.21739130434782608, 0.4765625, 0.628099173553719, 0.4523809523809524, 0.1926605504587156, 0.7164179104477612, 0.5191256830601093, 0.5104166666666666, 0.42718446601941745, 0.4234527687296417, 0.3372093023255814, 0.3241758241758242, 0.5469613259668509, 0.4452054794520548, 0.3979591836734694, 0.5933014354066986, 0.2903225806451613, 0.64, 0.3333333333333333, 0.5625, 0.4823529411764706, 0.28368794326241137, 0.6, 0.46153846153846156, 0.5492957746478874, 0.8626373626373627, 0.6209150326797386, 0.6727272727272727, 0.6436781609195402, 0.4098360655737705, 0.6218487394957983, 0.6323529411764706, 0.5689655172413793, 0.48695652173913045, 0.6434782608695652, 0.17218543046357615, 0.6, 0.4577777777777778, 0.47572815533980584, 0.4617737003058104, 0.5, 0.4105263157894737, 0.625, 0.3565217391304348, 0.5352112676056338, 0.5555555555555556, 0.5431654676258992, 0.3961352657004831, 0.5270935960591133, 0.6578947368421053, 0.4645669291338583, 0.5425531914893617, 0.37073170731707317, 0.6666666666666666, 0.46568627450980393]; mean acc:0.4815253228588968
global malicious client acc list:[0.4, 0.4918032786885246, 0.16877637130801687, 0.56, 0.5714285714285714, 0.5853658536585366, 0.48186528497409326, 0.5027932960893855, 0.4057507987220447, 0.49171270718232046]; mean acc:0.4659496162051493
Average Personal ATTACK ALL ASR (k local SGD):  0.0895790383720157
Average Personal ATTACK ALL Trainning ASR (k local SGD):  0.0885839468007028
person benign client asr list:[0.0, 0.0, 0.0, 0.0, 0.5645161290322581, 0.05309734513274336, 0.0, 0.009404388714733543, 0.04040404040404041, 0.0, 0.0, 0.4975609756097561, 0.0, 0.0, 0.0, 0.0, 0.0, 0.058823529411764705, 0.32867132867132864, 0.0, 0.0, 0.09565217391304348, 0.4, 0.0, 0.0, 0.0, 0.0, 0.0, 0.0, 0.0, 0.049586776859504134, 0.0, 0.0, 0.023622047244094488, 0.0, 0.0, 0.0078125, 0.0, 0.3333333333333333, 0.0, 0.44776119402985076, 0.366120218579235, 0.0, 0.0, 0.05863192182410423, 0.0, 0.0, 0.022099447513812154, 0.03424657534246575, 0.0, 0.0, 0.0, 0.0, 0.11574074074074074, 0.0, 0.0, 0.4326241134751773, 0.0, 0.0, 0.0, 0.027472527472527472, 0.0, 0.0, 0.0, 0.0, 0.0, 0.4019607843137255, 0.19827586206896552, 0.45217391304347826, 0.20869565217391303, 0.0, 0.25882352941176473, 0.2088888888888889, 0.019417475728155338, 0.0, 0.011111111111111112, 0.15789473684210525, 0.0, 0.008695652173913044, 0.704225352112676, 0.0, 0.0, 0.05314009661835749, 0.0, 0.0, 0.0, 0.031914893617021274, 0.03414634146341464, 0.46825396825396826, 0.0]; mean asr:0.07983110627917746
person malicious client asr list:[0.010526315789473684, 0.0, 0.0, 0.12, 0.09523809523809523, 0.4195121951219512, 0.0, 0.5195530726256983, 0.0, 0.27624309392265195]; mean asr:0.14410727726978703
================================================================================
f_00064
ACC :0.40425531914893614
ASR :0.1595744680851064
================================================================================
f_00091
ACC :0.4106280193236715
ASR :0.22705314009661837
================================================================================
f_00012
ACC :0.4166666666666667
ASR :0.0
================================================================================
f_00052
ACC :0.46153846153846156
ASR :0.0
================================================================================
f_00016
ACC :0.5793650793650794
ASR :0.0
================================================================================
f_00065
ACC :0.4
ASR :0.0
================================================================================
f_00050
ACC :0.46511627906976744
ASR :0.0
================================================================================
f_00068
ACC :0.8186813186813187
ASR :0.03296703296703297
================================================================================
f_00033
ACC :0.5206611570247934
ASR :0.0
================================================================================
f_00030
ACC :0.3076923076923077
ASR :0.0
[FedRepPFLALP] cluster labels: [0, 1, 2, 3, 3, 3, 3, 1, 3, 2]
-------------Round number:  10  -------------
Evaluate global model
Average Global Accurancy:  0.44151093968211746
Average Global Trainning Accurancy:  0.44656717745702024

global benign client acc list:[0.76, 0.08695652173913043, 0.5824742268041238, 0.592391304347826, 0.5725806451612904, 0.48672566371681414, 0.34, 0.4952978056426332, 0.5050505050505051, 0.4397163120567376, 0.5972222222222222, 0.40487804878048783, 0.4065934065934066, 0.6259541984732825, 0.5396825396825397, 0.4057971014492754, 0.4, 0.29411764705882354, 0.34965034965034963, 0.6888888888888889, 0.6201550387596899, 0.6347826086956522, 0.6133333333333333, 0.47761194029850745, 0.6190476190476191, 0.21359223300970873, 0.4370860927152318, 0.34065934065934067, 0.3695652173913043, 0.509090909090909, 0.5371900826446281, 0.28169014084507044, 0.5614035087719298, 0.5118110236220472, 0.6119402985074627, 0.32608695652173914, 0.44921875, 0.49586776859504134, 0.23809523809523808, 0.3302752293577982, 0.6865671641791045, 0.2185792349726776, 0.19791666666666666, 0.44660194174757284, 0.46254071661237783, 0.5232558139534884, 0.5384615384615384, 0.19889502762430938, 0.136986301369863, 0.4846938775510204, 0.14832535885167464, 0.23225806451612904, 0.7028571428571428, 0.5462962962962963, 0.5288461538461539, 0.43529411764705883, 0.4078014184397163, 0.4222222222222222, 0.5576923076923077, 0.4859154929577465, 0.8406593406593407, 0.5555555555555556, 0.05454545454545454, 0.6954022988505747, 0.45081967213114754, 0.24369747899159663, 0.5980392156862745, 0.5948275862068966, 0.5826086956521739, 0.05217391304347826, 0.11920529801324503, 0.5823529411764706, 0.5866666666666667, 0.49514563106796117, 0.41896024464831805, 0.6111111111111112, 0.5473684210526316, 0.5871212121212122, 0.5826086956521739, 0.5140845070422535, 0.38271604938271603, 0.4568345323741007, 0.463768115942029, 0.3103448275862069, 0.6578947368421053, 0.29133858267716534, 0.5531914893617021, 0.34146341463414637, 0.09523809523809523, 0.6127450980392157]; mean acc:0.4554775161966408
global malicious client acc list:[0.4421052631578947, 0.4262295081967213, 0.14345991561181434, 0.11, 0.5555555555555556, 0.1902439024390244, 0.12435233160621761, 0.4860335195530726, 0.28434504792332266, 0.6353591160220995]; mean acc:0.33976841600657226
Average Global ATTACK ALL ASR:  0.07335239741969808
Average Global ATTACK ALL train ASR:  0.07592909725774526
global benign client asr list:[0.0, 0.0, 0.0, 0.09782608695652174, 0.6290322580645161, 0.061946902654867256, 0.0, 0.025078369905956112, 0.21212121212121213, 0.0, 0.023148148148148147, 0.0, 0.0, 0.0, 0.0, 0.0, 0.0, 0.0, 0.0, 0.0, 0.0, 0.10434782608695652, 0.49333333333333335, 0.0, 0.0, 0.0, 0.0, 0.01098901098901099, 0.0, 0.0, 0.008264462809917356, 0.007042253521126761, 0.0, 0.0, 0.0, 0.0, 0.0, 0.0, 0.0, 0.0, 0.3358208955223881, 0.0, 0.0, 0.0970873786407767, 0.0, 0.0, 0.0, 0.0, 0.0, 0.0, 0.0, 0.0, 0.045714285714285714, 0.05555555555555555, 0.0, 0.0, 0.12056737588652482, 0.0, 0.0, 0.014084507042253521, 0.027472527472527472, 0.0, 0.0, 0.0, 0.0, 0.0, 0.3284313725490196, 0.15517241379310345, 0.45217391304347826, 0.0, 0.006622516556291391, 0.3764705882352941, 0.38666666666666666, 0.0, 0.636085626911315, 0.0, 0.47368421052631576, 0.0, 0.008695652173913044, 0.3028169014084507, 0.0, 0.0, 0.13526570048309178, 0.0, 0.0, 0.0, 0.05319148936170213, 0.0, 0.0, 0.0]; mean asr:0.0631634382459391
global malicious client asr list:[0.18947368421052632, 0.0, 0.004219409282700422, 0.0, 0.0, 0.0, 0.0, 0.6312849162011173, 0.0, 0.2596685082872928]; mean asr:0.1084646517981637

Evaluate global model with a few step updates, which is personalized model
Average Personal Accurancy (k local SGD):  0.49165392032985306
Average Personal Trainning Accurancy (k local SGD):  0.5015901963836933
global benign client acc list:[0.71, 0.2608695652173913, 0.5360824742268041, 0.5597826086956522, 0.5483870967741935, 0.48672566371681414, 0.47, 0.554858934169279, 0.5858585858585859, 0.48936170212765956, 0.5, 0.35121951219512193, 0.5054945054945055, 0.3282442748091603, 0.5634920634920635, 0.4782608695652174, 0.4827586206896552, 0.5647058823529412, 0.40559440559440557, 0.044444444444444446, 0.2248062015503876, 0.5652173913043478, 0.6133333333333333, 0.17164179104477612, 0.7261904761904762, 0.4854368932038835, 0.16556291390728478, 0.25274725274725274, 0.3695652173913043, 0.37272727272727274, 0.4462809917355372, 0.5563380281690141, 0.543859649122807, 0.6692913385826772, 0.5671641791044776, 0.21739130434782608, 0.46875, 0.5454545454545454, 0.5, 0.22935779816513763, 0.7313432835820896, 0.5409836065573771, 0.5, 0.39805825242718446, 0.43322475570032576, 0.3372093023255814, 0.34615384615384615, 0.5524861878453039, 0.4520547945205479, 0.413265306122449, 0.6602870813397129, 0.2903225806451613, 0.6514285714285715, 0.3425925925925926, 0.5336538461538461, 0.5411764705882353, 0.36524822695035464, 0.48148148148148145, 0.4230769230769231, 0.528169014084507, 0.8626373626373627, 0.6143790849673203, 0.6727272727272727, 0.632183908045977, 0.4180327868852459, 0.6050420168067226, 0.6274509803921569, 0.603448275862069, 0.46956521739130436, 0.6173913043478261, 0.16556291390728478, 0.6058823529411764, 0.5022222222222222, 0.47572815533980584, 0.4617737003058104, 0.4666666666666667, 0.4631578947368421, 0.6212121212121212, 0.3739130434782609, 0.5422535211267606, 0.5493827160493827, 0.5431654676258992, 0.463768115942029, 0.5172413793103449, 0.6447368421052632, 0.5039370078740157, 0.5425531914893617, 0.37073170731707317, 0.6666666666666666, 0.5245098039215687]; mean acc:0.4863044179042682
global malicious client acc list:[0.4105263157894737, 0.4918032786885246, 0.1729957805907173, 0.62, 0.6031746031746031, 0.5951219512195122, 0.5025906735751295, 0.5754189944134078, 0.40894568690095845, 0.5193370165745856]; mean acc:0.48999143009269125
Average Personal ATTACK ALL ASR (k local SGD):  0.08844849371550176
Average Personal ATTACK ALL Trainning ASR (k local SGD):  0.0887396303627427
person benign client asr list:[0.0, 0.0, 0.0, 0.0, 0.5967741935483871, 0.061946902654867256, 0.0, 0.009404388714733543, 0.050505050505050504, 0.0, 0.0, 0.5024390243902439, 0.0, 0.0, 0.0, 0.0, 0.0, 0.07647058823529412, 0.32167832167832167, 0.0, 0.0, 0.13043478260869565, 0.41333333333333333, 0.0, 0.0, 0.0, 0.0, 0.0, 0.0, 0.0, 0.01652892561983471, 0.0, 0.0, 0.023622047244094488, 0.0, 0.0, 0.0078125, 0.0, 0.42857142857142855, 0.0, 0.3582089552238806, 0.40437158469945356, 0.0, 0.019417475728155338, 0.07166123778501629, 0.0, 0.0, 0.022099447513812154, 0.04794520547945205, 0.0, 0.0, 0.0, 0.0, 0.12037037037037036, 0.0, 0.0, 0.3971631205673759, 0.0, 0.0, 0.0, 0.03296703296703297, 0.0, 0.0, 0.0, 0.0, 0.0, 0.3480392156862745, 0.1810344827586207, 0.43478260869565216, 0.2956521739130435, 0.0, 0.25882352941176473, 0.20444444444444446, 0.019417475728155338, 0.0, 0.011111111111111112, 0.16842105263157894, 0.0, 0.008695652173913044, 0.5985915492957746, 0.0, 0.0, 0.0821256038647343, 0.0, 0.0, 0.0, 0.02127659574468085, 0.03414634146341464, 0.5, 0.0]; mean asr:0.08089208615957774
person malicious client asr list:[0.0, 0.0, 0.0, 0.14, 0.19047619047619047, 0.3951219512195122, 0.0, 0.40782122905027934, 0.0, 0.27071823204419887]; mean asr:0.14041376027901808
================================================================================
f_00054
ACC :0.3698630136986301
ASR :0.2191780821917808
================================================================================
f_00027
ACC :0.7023809523809523
ASR :0.0
================================================================================
f_00023
ACC :0.3643410852713178
ASR :0.0
================================================================================
f_00037
client is malicious client!
ACC :0.6
ASR :0.19
================================================================================
f_00075
ACC :0.5344827586206896
ASR :0.3017241379310345
================================================================================
f_00033
ACC :0.47107438016528924
ASR :0.008264462809917356
================================================================================
f_00041
ACC :0.4628099173553719
ASR :0.0
================================================================================
f_00046
ACC :0.5081967213114754
ASR :0.4207650273224044
================================================================================
f_00052
ACC :0.43956043956043955
ASR :0.0
================================================================================
f_00024
ACC :0.5130434782608696
ASR :0.02608695652173913
[FedRepPFLALP] cluster labels: [0, 1, 0, 0, 0, 0, 0, 0, 1, 1]
-------------Round number:  11  -------------
Evaluate global model
Average Global Accurancy:  0.4516858415907428
Average Global Trainning Accurancy:  0.45988924226586303

global benign client acc list:[0.71, 0.043478260869565216, 0.5927835051546392, 0.5597826086956522, 0.5725806451612904, 0.4424778761061947, 0.29, 0.4608150470219436, 0.5252525252525253, 0.4397163120567376, 0.5740740740740741, 0.4, 0.45054945054945056, 0.6183206106870229, 0.5238095238095238, 0.4057971014492754, 0.3931034482758621, 0.25882352941176473, 0.3776223776223776, 0.6888888888888889, 0.5968992248062015, 0.591304347826087, 0.6266666666666667, 0.47761194029850745, 0.7380952380952381, 0.2524271844660194, 0.39072847682119205, 0.3956043956043956, 0.30434782608695654, 0.5, 0.5371900826446281, 0.30985915492957744, 0.543859649122807, 0.5275590551181102, 0.582089552238806, 0.43478260869565216, 0.46484375, 0.48760330578512395, 0.2619047619047619, 0.3394495412844037, 0.6716417910447762, 0.5956284153005464, 0.19791666666666666, 0.44660194174757284, 0.43973941368078173, 0.5465116279069767, 0.43956043956043955, 0.26519337016574585, 0.3219178082191781, 0.5153061224489796, 0.22488038277511962, 0.23870967741935484, 0.68, 0.5740740740740741, 0.5096153846153846, 0.43529411764705883, 0.3262411347517731, 0.43703703703703706, 0.5384615384615384, 0.4788732394366197, 0.8406593406593407, 0.5751633986928104, 0.09696969696969697, 0.7471264367816092, 0.5081967213114754, 0.25210084033613445, 0.4852941176470588, 0.5517241379310345, 0.5478260869565217, 0.09565217391304348, 0.16556291390728478, 0.6058823529411764, 0.6044444444444445, 0.47572815533980584, 0.39755351681957185, 0.5888888888888889, 0.6, 0.6098484848484849, 0.5652173913043478, 0.47183098591549294, 0.42592592592592593, 0.4748201438848921, 0.4057971014492754, 0.3399014778325123, 0.6710526315789473, 0.3700787401574803, 0.574468085106383, 0.36585365853658536, 0.10317460317460317, 0.5833333333333334]; mean acc:0.46304425018921896
global malicious client acc list:[0.49473684210526314, 0.4016393442622951, 0.20675105485232068, 0.49, 0.5555555555555556, 0.1951219512195122, 0.15025906735751296, 0.5586592178770949, 0.28434504792332266, 0.6132596685082873]; mean acc:0.39503277496611644
Average Global ATTACK ALL ASR:  0.05885482476557824
Average Global ATTACK ALL train ASR:  0.05980472833218424
global benign client asr list:[0.0, 0.0, 0.0, 0.005434782608695652, 0.5, 0.02654867256637168, 0.0, 0.006269592476489028, 0.16161616161616163, 0.0, 0.0, 0.0, 0.0, 0.0, 0.0, 0.0, 0.0, 0.011764705882352941, 0.006993006993006993, 0.0, 0.0, 0.17391304347826086, 0.36, 0.0, 0.0, 0.0, 0.006622516556291391, 0.06593406593406594, 0.0, 0.0, 0.03305785123966942, 0.0, 0.0, 0.0, 0.0, 0.0, 0.0, 0.0, 0.0, 0.0, 0.208955223880597, 0.453551912568306, 0.0, 0.019417475728155338, 0.003257328990228013, 0.0, 0.0, 0.011049723756906077, 0.00684931506849315, 0.0, 0.0, 0.0, 0.03428571428571429, 0.013888888888888888, 0.004807692307692308, 0.0, 0.04609929078014184, 0.0, 0.0, 0.007042253521126761, 0.016483516483516484, 0.0, 0.006060606060606061, 0.0, 0.0, 0.0, 0.17647058823529413, 0.35344827586206895, 0.3391304347826087, 0.008695652173913044, 0.026490066225165563, 0.2529411764705882, 0.27111111111111114, 0.0, 0.48623853211009177, 0.0, 0.30526315789473685, 0.0, 0.0, 0.2112676056338028, 0.0, 0.0035971223021582736, 0.05314009661835749, 0.0, 0.0, 0.0, 0.02127659574468085, 0.0, 0.015873015873015872, 0.004901960784313725]; mean asr:0.05244165259437384
global malicious client asr list:[0.06315789473684211, 0.0, 0.004219409282700422, 0.03, 0.0, 0.0, 0.0051813471502590676, 0.49162011173184356, 0.0, 0.19889502762430938]; mean asr:0.07930737905259545

Evaluate global model with a few step updates, which is personalized model
Average Personal Accurancy (k local SGD):  0.5045554299394827
Average Personal Trainning Accurancy (k local SGD):  0.518604185663768
global benign client acc list:[0.72, 0.2608695652173913, 0.5567010309278351, 0.5869565217391305, 0.5403225806451613, 0.4690265486725664, 0.47, 0.54858934169279, 0.5757575757575758, 0.5035460992907801, 0.6481481481481481, 0.35609756097560974, 0.5274725274725275, 0.3816793893129771, 0.5873015873015873, 0.4782608695652174, 0.4689655172413793, 0.5882352941176471, 0.4195804195804196, 0.044444444444444446, 0.43410852713178294, 0.6173913043478261, 0.6266666666666667, 0.1865671641791045, 0.7261904761904762, 0.4854368932038835, 0.15894039735099338, 0.2967032967032967, 0.3695652173913043, 0.38181818181818183, 0.47107438016528924, 0.5492957746478874, 0.5087719298245614, 0.6692913385826772, 0.6069651741293532, 0.21739130434782608, 0.4765625, 0.4049586776859504, 0.5, 0.24770642201834864, 0.7238805970149254, 0.5081967213114754, 0.5104166666666666, 0.4174757281553398, 0.4560260586319218, 0.313953488372093, 0.42857142857142855, 0.5524861878453039, 0.4383561643835616, 0.4030612244897959, 0.645933014354067, 0.33548387096774196, 0.6628571428571428, 0.3287037037037037, 0.5192307692307693, 0.5411764705882353, 0.3900709219858156, 0.5481481481481482, 0.4423076923076923, 0.5563380281690141, 0.8571428571428571, 0.6013071895424836, 0.6727272727272727, 0.603448275862069, 0.47540983606557374, 0.6050420168067226, 0.6372549019607843, 0.6120689655172413, 0.4608695652173913, 0.6521739130434783, 0.1986754966887417, 0.6235294117647059, 0.49777777777777776, 0.5145631067961165, 0.4617737003058104, 0.4444444444444444, 0.45263157894736844, 0.6401515151515151, 0.45217391304347826, 0.5633802816901409, 0.5864197530864198, 0.5431654676258992, 0.45410628019323673, 0.4876847290640394, 0.618421052631579, 0.5118110236220472, 0.5531914893617021, 0.3804878048780488, 0.6746031746031746, 0.5343137254901961]; mean acc:0.4973420577477306
global malicious client acc list:[0.4421052631578947, 0.5409836065573771, 0.16877637130801687, 0.66, 0.5873015873015873, 0.6048780487804878, 0.538860103626943, 0.5810055865921788, 0.4472843450479233, 0.5359116022099447]; mean acc:0.5107106514582354
Average Personal ATTACK ALL ASR (k local SGD):  0.08233025204495578
Average Personal ATTACK ALL Trainning ASR (k local SGD):  0.0819785156684385
person benign client asr list:[0.0, 0.0, 0.0, 0.0, 0.5161290322580645, 0.04424778761061947, 0.0, 0.009404388714733543, 0.04040404040404041, 0.0, 0.0, 0.48292682926829267, 0.0, 0.0, 0.0, 0.0, 0.0, 0.08235294117647059, 0.27972027972027974, 0.0, 0.0, 0.13043478260869565, 0.3466666666666667, 0.0, 0.0, 0.0, 0.0, 0.0, 0.0, 0.0, 0.0743801652892562, 0.0, 0.0, 0.023622047244094488, 0.0, 0.0, 0.0078125, 0.0, 0.4523809523809524, 0.0, 0.3656716417910448, 0.3114754098360656, 0.0, 0.009708737864077669, 0.06840390879478828, 0.0, 0.0, 0.022099447513812154, 0.03424657534246575, 0.0, 0.0, 0.0, 0.0, 0.0787037037037037, 0.0, 0.0, 0.36524822695035464, 0.0, 0.0, 0.0, 0.03296703296703297, 0.0, 0.0, 0.0, 0.0, 0.0, 0.3431372549019608, 0.16379310344827586, 0.4, 0.2608695652173913, 0.019867549668874173, 0.24705882352941178, 0.18222222222222223, 0.019417475728155338, 0.0061162079510703364, 0.011111111111111112, 0.16842105263157894, 0.0, 0.02608695652173913, 0.5352112676056338, 0.0, 0.0, 0.0821256038647343, 0.0, 0.0, 0.0, 0.031914893617021274, 0.014634146341463415, 0.4523809523809524, 0.004901960784313725]; mean asr:0.07498085828479358
person malicious client asr list:[0.010526315789473684, 0.0, 0.0, 0.2, 0.19047619047619047, 0.33170731707317075, 0.0, 0.39664804469273746, 0.0, 0.27071823204419887]; mean asr:0.14000761000757714
================================================================================
f_00054
ACC :0.3082191780821918
ASR :0.0547945205479452
================================================================================
f_00045
ACC :0.6044776119402985
ASR :0.19402985074626866
================================================================================
f_00028
ACC :0.3932038834951456
ASR :0.0
================================================================================
f_00044
ACC :0.45871559633027525
ASR :0.0
================================================================================
f_00015
ACC :0.5877862595419847
ASR :0.0
================================================================================
f_00001
client is malicious client!
ACC :0.42105263157894735
ASR :0.010526315789473684
================================================================================
f_00093
ACC :0.6710526315789473
ASR :0.0
================================================================================
f_00012
ACC :0.5231481481481481
ASR :0.0
================================================================================
f_00088
ACC :0.5352112676056338
ASR :0.7112676056338029
================================================================================
f_00040
ACC :0.45703125
ASR :0.0
[FedRepPFLALP] cluster labels: [0, 1, 2, 0, 2, 2, 0, 0, 1, 2]
-------------Round number:  12  -------------
Evaluate global model
Average Global Accurancy:  0.451353328456474
Average Global Trainning Accurancy:  0.45937771056201765

global benign client acc list:[0.71, 0.08695652173913043, 0.6082474226804123, 0.5978260869565217, 0.5564516129032258, 0.49557522123893805, 0.4, 0.5329153605015674, 0.5555555555555556, 0.4326241134751773, 0.6620370370370371, 0.3951219512195122, 0.43956043956043955, 0.5877862595419847, 0.5158730158730159, 0.4057971014492754, 0.47586206896551725, 0.35294117647058826, 0.36363636363636365, 0.6888888888888889, 0.5658914728682171, 0.5826086956521739, 0.64, 0.5, 0.75, 0.47572815533980584, 0.5231788079470199, 0.3626373626373626, 0.2826086956521739, 0.5181818181818182, 0.5206611570247934, 0.19718309859154928, 0.5789473684210527, 0.5039370078740157, 0.6467661691542289, 0.45652173913043476, 0.4921875, 0.45454545454545453, 0.3333333333333333, 0.45871559633027525, 0.7014925373134329, 0.6010928961748634, 0.17708333333333334, 0.4174757281553398, 0.501628664495114, 0.5116279069767442, 0.4065934065934066, 0.16574585635359115, 0.4315068493150685, 0.4744897959183674, 0.11483253588516747, 0.2064516129032258, 0.6285714285714286, 0.5046296296296297, 0.5432692307692307, 0.43529411764705883, 0.4148936170212766, 0.4074074074074074, 0.5897435897435898, 0.5140845070422535, 0.6923076923076923, 0.5686274509803921, 0.07878787878787878, 0.6494252873563219, 0.4344262295081967, 0.2184873949579832, 0.5882352941176471, 0.49137931034482757, 0.5043478260869565, 0.06086956521739131, 0.10596026490066225, 0.5705882352941176, 0.6088888888888889, 0.47572815533980584, 0.41896024464831805, 0.5666666666666667, 0.5789473684210527, 0.5227272727272727, 0.591304347826087, 0.4647887323943662, 0.4012345679012346, 0.38489208633093525, 0.45893719806763283, 0.2857142857142857, 0.631578947368421, 0.2283464566929134, 0.5425531914893617, 0.32195121951219513, 0.12698412698412698, 0.6274509803921569]; mean acc:0.4628477938761353
global malicious client acc list:[0.4421052631578947, 0.38524590163934425, 0.1308016877637131, 0.62, 0.5396825396825397, 0.18536585365853658, 0.16062176165803108, 0.5865921787709497, 0.23003194888178913, 0.6077348066298343]; mean acc:0.3888181941842633
