==================================================
goal = BN_LE5_LOWCL_T5A03
device = cuda
join_ratio = 0.1
device_id = 2
dataset = Cifar10_dir0.5_bdoor0.2_nclient_100_badnet_adv10
num_classes = 10
model = ResNet18
batch_size = 64
local_learning_rate = 0.08
learning_rate_decay = False
learning_rate_decay_gamma = 0.99
global_rounds = 1000
top_cnt = 100
local_epochs = 5
algorithm = FedCLCM
num_clients = 100
eval_gap = 10
save_folder_name = items
auto_break = False
batch_num_per_client = 2
feature_dim = 512
vocab_size = 32000
max_len = 200
client_drop_rate = 0.0
time_select = False
time_threthold = 10000
send_slow_rate = 0.0
beta = 0.0
lamda = 1.0
mu = 0.0
K = 5
p_learning_rate = 0.01
M = 5
itk = 4000
alphaK = 1.0
sigma = 1.0
alpha = 1.0
plocal_epochs = 1
lr_head = 0.08
tau = 1.0
fine_tuning_epochs = 10
dr_learning_rate = 0.0
L = 1.0
noise_dim = 512
generator_learning_rate = 0.005
hidden_dim = 512
server_epochs = 1000
localize_feature_extractor = False
server_learning_rate = 1.0
eta = 1.0
rand_percent = 80
layer_idx = 2
mentee_learning_rate = 0.005
T_start = 0.95
T_end = 0.98
momentum = 0.1
kl_weight = 0.0
disti_epochs = 1
protect_id = 1
adv_eps = 0.0
adv_num_iter = 0
defense_epochs = 1
clean_data = 5000
sdmk_m = 7
sdmk_k = 5
delta = 0.5
sim_threshold = 0.7
rt_beta = 0.2
num_adv_clients = 10
lambda_cl = 0.05
aug_strength = 0.1
mask_tau = 5.0
mask_alpha = 0.3
enable_channel_mask = True
cosine_gate = False
cosine_gate_threshold = 0.3
cosine_gate_alpha = 0.5
trim_high_layers = 
trim_beta_high = None
trim_beta_low = None
purify_enable = False
purify_beta = 0.0
purify_feature_beta = 0.0
purify_logit_beta = 0.0
purify_temperature = 2.0
purify_start_round = 1
purify_layers = layer4
purify_teacher_momentum = 0.9
purify_teacher_cpu_half = True
clcm_schedule = 
attack = none
ba_target_label = 0
ba_poison_rate = 0.2
ba_trigger_gen_steps = 30
ba_trigger_gen_lr = 0.01
ba_pgd_eps = 0.0314
ba_trigger_scale = 8.0
pfedba_target_label = 0
pfedba_poison_rate = 0.5
pfedba_poison_count = -1
pfedba_poison_before_start = False
pfedba_attack_start = 30
pfedba_trigger_opt_steps = 15
pfedba_trigger_lr = 0.1
pfedba_init_value = 0.5
pfedba_patch_size = 8
pfedba_patch_position = center
pfedba_img_c = 3
pfedba_img_h = 32
pfedba_img_w = 32
pfedba_align_grad_weight = 1.0
pfedba_align_loss_weight = 1.0
pfedba_attack_loss_weight = 1.0
pfedba_opt_samples_per_class = 100
pfedba_opt_batch_size = 64
pfedba_opt_max_batches_per_client = 20
logit_analysis = False
logit_reject_thresholds = 0.5,0.6,0.7,0.8
logit_entropy_thresholds = 1.0,1.5,2.0
logit_margin_thresholds = 0.1,0.2,0.3
==================================================

============= Running time: 0th =============
Creating server and clients ...
ResNet(
  (conv1): Conv2d(3, 64, kernel_size=(3, 3), stride=(1, 1), padding=(1, 1), bias=False)
  (bn1): BatchNorm2d(64, eps=1e-05, momentum=0.1, affine=True, track_running_stats=True)
  (relu): ReLU(inplace=True)
  (layer1): Sequential(
    (0): BasicBlock(
      (conv1): Conv2d(64, 64, kernel_size=(3, 3), stride=(1, 1), padding=(1, 1), bias=False)
      (bn1): BatchNorm2d(64, eps=1e-05, momentum=0.1, affine=True, track_running_stats=True)
      (relu): ReLU(inplace=True)
      (conv2): Conv2d(64, 64, kernel_size=(3, 3), stride=(1, 1), padding=(1, 1), bias=False)
      (bn2): BatchNorm2d(64, eps=1e-05, momentum=0.1, affine=True, track_running_stats=True)
    )
    (1): BasicBlock(
      (conv1): Conv2d(64, 64, kernel_size=(3, 3), stride=(1, 1), padding=(1, 1), bias=False)
      (bn1): BatchNorm2d(64, eps=1e-05, momentum=0.1, affine=True, track_running_stats=True)
      (relu): ReLU(inplace=True)
      (conv2): Conv2d(64, 64, kernel_size=(3, 3), stride=(1, 1), padding=(1, 1), bias=False)
      (bn2): BatchNorm2d(64, eps=1e-05, momentum=0.1, affine=True, track_running_stats=True)
    )
  )
  (layer2): Sequential(
    (0): BasicBlock(
      (conv1): Conv2d(64, 128, kernel_size=(3, 3), stride=(2, 2), padding=(1, 1), bias=False)
      (bn1): BatchNorm2d(128, eps=1e-05, momentum=0.1, affine=True, track_running_stats=True)
      (relu): ReLU(inplace=True)
      (conv2): Conv2d(128, 128, kernel_size=(3, 3), stride=(1, 1), padding=(1, 1), bias=False)
      (bn2): BatchNorm2d(128, eps=1e-05, momentum=0.1, affine=True, track_running_stats=True)
      (downsample): Sequential(
        (0): Conv2d(64, 128, kernel_size=(1, 1), stride=(2, 2), bias=False)
        (1): BatchNorm2d(128, eps=1e-05, momentum=0.1, affine=True, track_running_stats=True)
      )
    )
    (1): BasicBlock(
      (conv1): Conv2d(128, 128, kernel_size=(3, 3), stride=(1, 1), padding=(1, 1), bias=False)
      (bn1): BatchNorm2d(128, eps=1e-05, momentum=0.1, affine=True, track_running_stats=True)
      (relu): ReLU(inplace=True)
      (conv2): Conv2d(128, 128, kernel_size=(3, 3), stride=(1, 1), padding=(1, 1), bias=False)
      (bn2): BatchNorm2d(128, eps=1e-05, momentum=0.1, affine=True, track_running_stats=True)
    )
  )
  (layer3): Sequential(
    (0): BasicBlock(
      (conv1): Conv2d(128, 256, kernel_size=(3, 3), stride=(2, 2), padding=(1, 1), bias=False)
      (bn1): BatchNorm2d(256, eps=1e-05, momentum=0.1, affine=True, track_running_stats=True)
      (relu): ReLU(inplace=True)
      (conv2): Conv2d(256, 256, kernel_size=(3, 3), stride=(1, 1), padding=(1, 1), bias=False)
      (bn2): BatchNorm2d(256, eps=1e-05, momentum=0.1, affine=True, track_running_stats=True)
      (downsample): Sequential(
        (0): Conv2d(128, 256, kernel_size=(1, 1), stride=(2, 2), bias=False)
        (1): BatchNorm2d(256, eps=1e-05, momentum=0.1, affine=True, track_running_stats=True)
      )
    )
    (1): BasicBlock(
      (conv1): Conv2d(256, 256, kernel_size=(3, 3), stride=(1, 1), padding=(1, 1), bias=False)
      (bn1): BatchNorm2d(256, eps=1e-05, momentum=0.1, affine=True, track_running_stats=True)
      (relu): ReLU(inplace=True)
      (conv2): Conv2d(256, 256, kernel_size=(3, 3), stride=(1, 1), padding=(1, 1), bias=False)
      (bn2): BatchNorm2d(256, eps=1e-05, momentum=0.1, affine=True, track_running_stats=True)
    )
  )
  (layer4): Sequential(
    (0): BasicBlock(
      (conv1): Conv2d(256, 512, kernel_size=(3, 3), stride=(2, 2), padding=(1, 1), bias=False)
      (bn1): BatchNorm2d(512, eps=1e-05, momentum=0.1, affine=True, track_running_stats=True)
      (relu): ReLU(inplace=True)
      (conv2): Conv2d(512, 512, kernel_size=(3, 3), stride=(1, 1), padding=(1, 1), bias=False)
      (bn2): BatchNorm2d(512, eps=1e-05, momentum=0.1, affine=True, track_running_stats=True)
      (downsample): Sequential(
        (0): Conv2d(256, 512, kernel_size=(1, 1), stride=(2, 2), bias=False)
        (1): BatchNorm2d(512, eps=1e-05, momentum=0.1, affine=True, track_running_stats=True)
      )
    )
    (1): BasicBlock(
      (conv1): Conv2d(512, 512, kernel_size=(3, 3), stride=(1, 1), padding=(1, 1), bias=False)
      (bn1): BatchNorm2d(512, eps=1e-05, momentum=0.1, affine=True, track_running_stats=True)
      (relu): ReLU(inplace=True)
      (conv2): Conv2d(512, 512, kernel_size=(3, 3), stride=(1, 1), padding=(1, 1), bias=False)
      (bn2): BatchNorm2d(512, eps=1e-05, momentum=0.1, affine=True, track_running_stats=True)
    )
  )
  (avgpool): AdaptiveAvgPool2d(output_size=(1, 1))
  (fc): Linear(in_features=512, out_features=10, bias=True)
)

Join ratio / total clients: 0.1 / 100
Finished creating server and clients.

-------------Round number: 0-------------

Evaluate personalized models
Averaged Train Loss: 2.4217
Averaged Test Accurancy: 0.1065
Averaged Test AUC: 0.5006
Std Test Accurancy: 0.1360
Std Test AUC: 0.1313
ASR: 0.002724924357083993
attack_auc: 0.7180435473992853
------------------------- time cost ------------------------- 25.70524501800537
ASR: 0.7859121621621622
attack_auc: 0.8466912893552576
Layer conv1.weight: 3/64 channels masked
Layer layer1.0.conv1.weight: 4/64 channels masked
Layer layer1.0.conv2.weight: 1/64 channels masked
Layer layer1.1.conv1.weight: 1/64 channels masked
Layer layer2.0.downsample.0.weight: 2/128 channels masked
Layer layer4.0.downsample.0.weight: 15/512 channels masked
------------------------- time cost ------------------------- 18.138052225112915
ASR: 0.009032924508306513
attack_auc: 0.7267018820045558
Layer conv1.weight: 3/64 channels masked
Layer layer1.0.conv1.weight: 4/64 channels masked
Layer layer1.0.conv2.weight: 1/64 channels masked
Layer layer1.1.conv1.weight: 1/64 channels masked
Layer layer2.0.downsample.0.weight: 2/128 channels masked
Layer layer4.0.downsample.0.weight: 25/512 channels masked
------------------------- time cost ------------------------- 14.325282335281372
ASR: 0.03337316768287681
attack_auc: 0.7270855579139697
Layer conv1.weight: 3/64 channels masked
Layer layer1.0.conv1.weight: 4/64 channels masked
Layer layer1.0.conv2.weight: 1/64 channels masked
Layer layer1.1.conv1.weight: 1/64 channels masked
Layer layer2.0.downsample.0.weight: 2/128 channels masked
Layer layer4.0.downsample.0.weight: 29/512 channels masked
------------------------- time cost ------------------------- 15.776386976242065
ASR: 0.04214489884251034
attack_auc: 0.7048804621676601
Layer conv1.weight: 3/64 channels masked
Layer layer1.0.conv1.weight: 4/64 channels masked
Layer layer1.0.conv2.weight: 1/64 channels masked
Layer layer1.1.conv1.weight: 1/64 channels masked
Layer layer2.0.downsample.0.weight: 2/128 channels masked
Layer layer4.0.downsample.0.weight: 33/512 channels masked
------------------------- time cost ------------------------- 16.204925060272217
ASR: 0.047634512567535287
attack_auc: 0.6850973577221028
Layer conv1.weight: 3/64 channels masked
Layer layer1.0.conv1.weight: 4/64 channels masked
Layer layer1.0.conv2.weight: 1/64 channels masked
Layer layer1.1.conv1.weight: 1/64 channels masked
Layer layer2.0.downsample.0.weight: 2/128 channels masked
Layer layer3.0.conv2.weight: 1/256 channels masked
Layer layer3.1.conv2.weight: 1/256 channels masked
Layer layer4.0.downsample.0.weight: 35/512 channels masked
------------------------- time cost ------------------------- 12.253352880477905
ASR: 0.05285296585828311
attack_auc: 0.676969646118138
Layer conv1.weight: 3/64 channels masked
Layer layer1.0.conv1.weight: 4/64 channels masked
Layer layer1.0.conv2.weight: 1/64 channels masked
Layer layer1.1.conv1.weight: 1/64 channels masked
Layer layer2.0.downsample.0.weight: 2/128 channels masked
Layer layer3.0.conv2.weight: 1/256 channels masked
Layer layer3.1.conv2.weight: 1/256 channels masked
Layer layer4.0.downsample.0.weight: 37/512 channels masked
------------------------- time cost ------------------------- 15.206072092056274
ASR: 0.04577197450694185
attack_auc: 0.6591232991558632
Layer conv1.weight: 3/64 channels masked
Layer layer1.0.conv1.weight: 4/64 channels masked
Layer layer1.0.conv2.weight: 1/64 channels masked
Layer layer1.1.conv1.weight: 1/64 channels masked
Layer layer2.0.downsample.0.weight: 2/128 channels masked
Layer layer3.0.conv2.weight: 1/256 channels masked
Layer layer3.1.conv2.weight: 1/256 channels masked
Layer layer4.0.conv1.weight: 1/512 channels masked
Layer layer4.0.downsample.0.weight: 40/512 channels masked
------------------------- time cost ------------------------- 16.629637241363525
ASR: 0.03546113371584768
attack_auc: 0.6259919176621701
Layer conv1.weight: 3/64 channels masked
Layer layer1.0.conv1.weight: 4/64 channels masked
Layer layer1.0.conv2.weight: 1/64 channels masked
Layer layer1.1.conv1.weight: 1/64 channels masked
Layer layer2.0.downsample.0.weight: 2/128 channels masked
Layer layer3.0.conv2.weight: 1/256 channels masked
Layer layer3.1.conv2.weight: 1/256 channels masked
Layer layer4.0.conv1.weight: 1/512 channels masked
Layer layer4.0.downsample.0.weight: 48/512 channels masked
------------------------- time cost ------------------------- 18.16034960746765
ASR: 0.039973527254389234
attack_auc: 0.6188812619666092
Layer conv1.weight: 3/64 channels masked
Layer layer1.0.conv1.weight: 4/64 channels masked
Layer layer1.0.conv2.weight: 1/64 channels masked
Layer layer1.1.conv1.weight: 1/64 channels masked
Layer layer2.0.downsample.0.weight: 2/128 channels masked
Layer layer3.0.conv2.weight: 1/256 channels masked
Layer layer3.1.conv2.weight: 1/256 channels masked
Layer layer4.0.conv1.weight: 1/512 channels masked
Layer layer4.0.downsample.0.weight: 49/512 channels masked
------------------------- time cost ------------------------- 15.768478870391846

-------------Round number: 10-------------

Evaluate personalized models
Averaged Train Loss: 2.0186
Averaged Test Accurancy: 0.3502
Averaged Test AUC: 0.7374
Std Test Accurancy: 0.2288
Std Test AUC: 0.1953
ASR: 0.06506828116608741
attack_auc: 0.5931804374386537
Layer conv1.weight: 3/64 channels masked
Layer layer1.0.conv1.weight: 4/64 channels masked
Layer layer1.0.conv2.weight: 1/64 channels masked
Layer layer1.1.conv1.weight: 1/64 channels masked
Layer layer2.0.downsample.0.weight: 2/128 channels masked
Layer layer3.0.conv2.weight: 1/256 channels masked
Layer layer3.1.conv2.weight: 1/256 channels masked
Layer layer4.0.conv1.weight: 1/512 channels masked
Layer layer4.0.conv2.weight: 1/512 channels masked
Layer layer4.0.downsample.0.weight: 49/512 channels masked
------------------------- time cost ------------------------- 24.846402883529663
ASR: 0.0207611887939461
attack_auc: 0.5585536163315936
Layer conv1.weight: 3/64 channels masked
Layer layer1.0.conv1.weight: 4/64 channels masked
Layer layer1.0.conv2.weight: 1/64 channels masked
Layer layer1.1.conv1.weight: 1/64 channels masked
Layer layer2.0.downsample.0.weight: 2/128 channels masked
Layer layer3.0.conv2.weight: 1/256 channels masked
Layer layer3.1.conv2.weight: 1/256 channels masked
Layer layer4.0.conv1.weight: 1/512 channels masked
Layer layer4.0.conv2.weight: 1/512 channels masked
Layer layer4.0.downsample.0.weight: 51/512 channels masked
------------------------- time cost ------------------------- 17.22093176841736
ASR: 0.03870709910598269
attack_auc: 0.5693905976517067
Layer conv1.weight: 1/64 channels masked
Layer layer1.0.conv1.weight: 4/64 channels masked
Layer layer1.0.conv2.weight: 1/64 channels masked
Layer layer1.1.conv1.weight: 1/64 channels masked
Layer layer2.0.downsample.0.weight: 2/128 channels masked
Layer layer3.0.conv2.weight: 1/256 channels masked
Layer layer3.1.conv2.weight: 1/256 channels masked
Layer layer4.0.conv1.weight: 1/512 channels masked
Layer layer4.0.conv2.weight: 1/512 channels masked
Layer layer4.0.downsample.0.weight: 51/512 channels masked
------------------------- time cost ------------------------- 15.31140685081482
ASR: 0.039722610524895195
attack_auc: 0.5538039661639486
Layer conv1.weight: 1/64 channels masked
Layer layer1.0.conv1.weight: 4/64 channels masked
Layer layer1.0.conv2.weight: 1/64 channels masked
Layer layer1.1.conv1.weight: 1/64 channels masked
Layer layer2.0.downsample.0.weight: 2/128 channels masked
Layer layer3.0.conv2.weight: 1/256 channels masked
Layer layer3.1.conv2.weight: 1/256 channels masked
Layer layer4.0.conv1.weight: 1/512 channels masked
Layer layer4.0.conv2.weight: 4/512 channels masked
Layer layer4.0.downsample.0.weight: 51/512 channels masked
------------------------- time cost ------------------------- 14.995658159255981
ASR: 0.16266750083238668
attack_auc: 0.5671185168696243
Layer conv1.weight: 1/64 channels masked
Layer layer1.0.conv1.weight: 4/64 channels masked
Layer layer1.0.conv2.weight: 1/64 channels masked
Layer layer1.1.conv1.weight: 1/64 channels masked
Layer layer2.0.downsample.0.weight: 2/128 channels masked
Layer layer3.0.conv2.weight: 1/256 channels masked
Layer layer3.1.conv2.weight: 1/256 channels masked
Layer layer4.0.conv1.weight: 2/512 channels masked
Layer layer4.0.conv2.weight: 5/512 channels masked
Layer layer4.0.downsample.0.weight: 53/512 channels masked
------------------------- time cost ------------------------- 17.959072589874268
ASR: 0.05626640618822062
attack_auc: 0.5622337229572618
Layer conv1.weight: 1/64 channels masked
Layer layer1.0.conv1.weight: 4/64 channels masked
Layer layer1.0.conv2.weight: 1/64 channels masked
Layer layer1.1.conv1.weight: 1/64 channels masked
Layer layer2.0.downsample.0.weight: 2/128 channels masked
Layer layer3.0.conv2.weight: 1/256 channels masked
Layer layer3.1.conv2.weight: 1/256 channels masked
Layer layer4.0.conv1.weight: 2/512 channels masked
Layer layer4.0.conv2.weight: 12/512 channels masked
Layer layer4.0.downsample.0.weight: 57/512 channels masked
------------------------- time cost ------------------------- 17.727102994918823
ASR: 0.0648653376311955
attack_auc: 0.5396591788258537
Layer conv1.weight: 1/64 channels masked
Layer layer1.0.conv1.weight: 4/64 channels masked
Layer layer1.0.conv2.weight: 1/64 channels masked
Layer layer1.1.conv1.weight: 1/64 channels masked
Layer layer2.0.downsample.0.weight: 2/128 channels masked
Layer layer3.0.conv2.weight: 1/256 channels masked
Layer layer3.1.conv2.weight: 1/256 channels masked
Layer layer4.0.conv1.weight: 2/512 channels masked
Layer layer4.0.conv2.weight: 14/512 channels masked
Layer layer4.0.downsample.0.weight: 61/512 channels masked
------------------------- time cost ------------------------- 16.331718921661377
ASR: 0.1424292896873717
attack_auc: 0.5217197697150776
Layer conv1.weight: 1/64 channels masked
Layer layer1.0.conv1.weight: 4/64 channels masked
Layer layer1.0.conv2.weight: 1/64 channels masked
Layer layer1.1.conv1.weight: 1/64 channels masked
Layer layer2.0.downsample.0.weight: 2/128 channels masked
Layer layer3.0.conv2.weight: 1/256 channels masked
Layer layer3.1.conv2.weight: 1/256 channels masked
Layer layer4.0.conv1.weight: 4/512 channels masked
Layer layer4.0.conv2.weight: 15/512 channels masked
Layer layer4.0.downsample.0.weight: 61/512 channels masked
------------------------- time cost ------------------------- 16.01535940170288
ASR: 0.06676853232150329
attack_auc: 0.5505446019905555
Layer conv1.weight: 1/64 channels masked
Layer layer1.0.conv1.weight: 4/64 channels masked
Layer layer1.0.conv2.weight: 1/64 channels masked
Layer layer1.1.conv1.weight: 1/64 channels masked
Layer layer2.0.downsample.0.weight: 2/128 channels masked
Layer layer3.0.conv2.weight: 1/256 channels masked
Layer layer3.1.conv2.weight: 1/256 channels masked
Layer layer4.0.conv1.weight: 4/512 channels masked
Layer layer4.0.conv2.weight: 17/512 channels masked
Layer layer4.0.downsample.0.weight: 64/512 channels masked
------------------------- time cost ------------------------- 16.978013515472412
ASR: 0.10311529093471565
attack_auc: 0.5446870698883023
Layer conv1.weight: 1/64 channels masked
Layer layer1.0.conv1.weight: 4/64 channels masked
Layer layer1.0.conv2.weight: 1/64 channels masked
Layer layer1.1.conv1.weight: 1/64 channels masked
Layer layer2.0.downsample.0.weight: 2/128 channels masked
Layer layer3.0.conv2.weight: 1/256 channels masked
Layer layer3.1.conv2.weight: 1/256 channels masked
Layer layer4.0.conv1.weight: 4/512 channels masked
Layer layer4.0.conv2.weight: 17/512 channels masked
Layer layer4.0.downsample.0.weight: 65/512 channels masked
------------------------- time cost ------------------------- 17.28034996986389

-------------Round number: 20-------------

Evaluate personalized models
Averaged Train Loss: 1.5591
Averaged Test Accurancy: 0.5150
Averaged Test AUC: 0.8567
Std Test Accurancy: 0.2149
Std Test AUC: 0.1496
ASR: 0.15660019167556236
attack_auc: 0.5309562708250164
Layer conv1.weight: 1/64 channels masked
Layer layer1.0.conv1.weight: 4/64 channels masked
Layer layer1.0.conv2.weight: 1/64 channels masked
Layer layer1.1.conv1.weight: 1/64 channels masked
Layer layer2.0.downsample.0.weight: 2/128 channels masked
Layer layer3.0.conv2.weight: 1/256 channels masked
Layer layer3.1.conv2.weight: 1/256 channels masked
Layer layer4.0.conv1.weight: 4/512 channels masked
Layer layer4.0.conv2.weight: 20/512 channels masked
Layer layer4.0.downsample.0.weight: 67/512 channels masked
------------------------- time cost ------------------------- 22.661604166030884
ASR: 0.13944478545766129
attack_auc: 0.5620060649120199
Layer conv1.weight: 1/64 channels masked
Layer layer1.0.conv1.weight: 4/64 channels masked
Layer layer1.0.conv2.weight: 1/64 channels masked
Layer layer1.1.conv1.weight: 1/64 channels masked
Layer layer2.0.downsample.0.weight: 2/128 channels masked
Layer layer3.0.conv2.weight: 1/256 channels masked
Layer layer3.1.conv2.weight: 1/256 channels masked
Layer layer4.0.conv1.weight: 5/512 channels masked
Layer layer4.0.conv2.weight: 23/512 channels masked
Layer layer4.0.downsample.0.weight: 68/512 channels masked
Layer layer4.1.conv1.weight: 1/512 channels masked
------------------------- time cost ------------------------- 16.63694453239441
ASR: 0.1334715532996105
attack_auc: 0.5457002334884632
Layer conv1.weight: 1/64 channels masked
Layer layer1.0.conv1.weight: 4/64 channels masked
Layer layer1.0.conv2.weight: 1/64 channels masked
Layer layer1.1.conv1.weight: 1/64 channels masked
Layer layer2.0.downsample.0.weight: 2/128 channels masked
Layer layer3.0.conv2.weight: 1/256 channels masked
Layer layer3.1.conv2.weight: 1/256 channels masked
Layer layer4.0.conv1.weight: 5/512 channels masked
Layer layer4.0.conv2.weight: 24/512 channels masked
Layer layer4.0.downsample.0.weight: 70/512 channels masked
Layer layer4.1.conv1.weight: 1/512 channels masked
------------------------- time cost ------------------------- 16.85988473892212
ASR: 0.0732015141704312
attack_auc: 0.5304533759129522
Layer conv1.weight: 1/64 channels masked
Layer layer1.0.conv1.weight: 4/64 channels masked
Layer layer1.0.conv2.weight: 1/64 channels masked
Layer layer1.1.conv1.weight: 1/64 channels masked
Layer layer2.0.downsample.0.weight: 2/128 channels masked
Layer layer3.0.conv2.weight: 1/256 channels masked
Layer layer3.1.conv2.weight: 1/256 channels masked
Layer layer4.0.conv1.weight: 5/512 channels masked
Layer layer4.0.conv2.weight: 25/512 channels masked
Layer layer4.0.downsample.0.weight: 71/512 channels masked
Layer layer4.1.conv1.weight: 1/512 channels masked
------------------------- time cost ------------------------- 16.406818866729736
ASR: 0.13282181846554592
attack_auc: 0.5553061607289137
Layer conv1.weight: 1/64 channels masked
Layer layer1.0.conv1.weight: 4/64 channels masked
Layer layer1.0.conv2.weight: 1/64 channels masked
Layer layer1.1.conv1.weight: 1/64 channels masked
Layer layer2.0.downsample.0.weight: 2/128 channels masked
Layer layer3.0.conv2.weight: 1/256 channels masked
Layer layer3.1.conv2.weight: 1/256 channels masked
Layer layer4.0.conv1.weight: 5/512 channels masked
Layer layer4.0.conv2.weight: 26/512 channels masked
Layer layer4.0.downsample.0.weight: 71/512 channels masked
Layer layer4.1.conv1.weight: 1/512 channels masked
------------------------- time cost ------------------------- 15.347372055053711
ASR: 0.13979017856465883
attack_auc: 0.5850173171663955
Layer conv1.weight: 1/64 channels masked
Layer layer1.0.conv1.weight: 4/64 channels masked
Layer layer1.0.conv2.weight: 1/64 channels masked
Layer layer1.1.conv1.weight: 1/64 channels masked
Layer layer2.0.downsample.0.weight: 2/128 channels masked
Layer layer3.0.conv2.weight: 1/256 channels masked
Layer layer3.1.conv2.weight: 1/256 channels masked
Layer layer4.0.conv1.weight: 5/512 channels masked
Layer layer4.0.conv2.weight: 26/512 channels masked
Layer layer4.0.downsample.0.weight: 71/512 channels masked
Layer layer4.1.conv1.weight: 1/512 channels masked
------------------------- time cost ------------------------- 15.650904178619385
ASR: 0.17974237440825133
attack_auc: 0.6167622526863208
Layer conv1.weight: 1/64 channels masked
Layer layer1.0.conv1.weight: 4/64 channels masked
Layer layer1.0.conv2.weight: 1/64 channels masked
Layer layer1.1.conv1.weight: 1/64 channels masked
Layer layer2.0.downsample.0.weight: 2/128 channels masked
Layer layer3.0.conv2.weight: 1/256 channels masked
Layer layer3.1.conv2.weight: 1/256 channels masked
Layer layer4.0.conv1.weight: 5/512 channels masked
Layer layer4.0.conv2.weight: 27/512 channels masked
Layer layer4.0.downsample.0.weight: 72/512 channels masked
Layer layer4.1.conv1.weight: 1/512 channels masked
------------------------- time cost ------------------------- 18.597594738006592
ASR: 0.12836286581843118
attack_auc: 0.5742177247762256
Layer conv1.weight: 1/64 channels masked
Layer layer1.0.conv1.weight: 4/64 channels masked
Layer layer1.0.conv2.weight: 1/64 channels masked
Layer layer1.1.conv1.weight: 1/64 channels masked
Layer layer2.0.downsample.0.weight: 2/128 channels masked
Layer layer3.0.conv2.weight: 1/256 channels masked
Layer layer3.1.conv2.weight: 1/256 channels masked
Layer layer4.0.conv1.weight: 5/512 channels masked
Layer layer4.0.conv2.weight: 28/512 channels masked
Layer layer4.0.downsample.0.weight: 72/512 channels masked
Layer layer4.1.conv1.weight: 1/512 channels masked
------------------------- time cost ------------------------- 17.60148000717163
ASR: 0.1803661071948983
attack_auc: 0.6375600466765342
Layer conv1.weight: 1/64 channels masked
Layer layer1.0.conv1.weight: 4/64 channels masked
Layer layer1.0.conv2.weight: 1/64 channels masked
Layer layer1.1.conv1.weight: 1/64 channels masked
Layer layer2.0.downsample.0.weight: 2/128 channels masked
Layer layer3.0.conv2.weight: 1/256 channels masked
Layer layer3.1.conv2.weight: 1/256 channels masked
Layer layer4.0.conv1.weight: 5/512 channels masked
Layer layer4.0.conv2.weight: 29/512 channels masked
Layer layer4.0.downsample.0.weight: 72/512 channels masked
Layer layer4.1.conv1.weight: 1/512 channels masked
------------------------- time cost ------------------------- 16.778131008148193
ASR: 0.1902641284569547
attack_auc: 0.6770760957303018
Layer conv1.weight: 1/64 channels masked
Layer layer1.0.conv1.weight: 4/64 channels masked
Layer layer1.0.conv2.weight: 1/64 channels masked
Layer layer1.1.conv1.weight: 1/64 channels masked
Layer layer2.0.downsample.0.weight: 2/128 channels masked
Layer layer3.0.conv2.weight: 1/256 channels masked
Layer layer3.1.conv2.weight: 1/256 channels masked
Layer layer4.0.conv1.weight: 5/512 channels masked
Layer layer4.0.conv2.weight: 29/512 channels masked
Layer layer4.0.downsample.0.weight: 77/512 channels masked
Layer layer4.1.conv1.weight: 1/512 channels masked
------------------------- time cost ------------------------- 15.176738739013672

-------------Round number: 30-------------

Evaluate personalized models
Averaged Train Loss: 1.3081
Averaged Test Accurancy: 0.5801
Averaged Test AUC: 0.9053
Std Test Accurancy: 0.1608
Std Test AUC: 0.0907
ASR: 0.23709737758865726
attack_auc: 0.7288730688659347
Layer conv1.weight: 1/64 channels masked
Layer layer1.0.conv1.weight: 4/64 channels masked
Layer layer1.0.conv2.weight: 1/64 channels masked
Layer layer1.1.conv1.weight: 1/64 channels masked
Layer layer2.0.downsample.0.weight: 2/128 channels masked
Layer layer3.0.conv2.weight: 1/256 channels masked
Layer layer3.1.conv2.weight: 1/256 channels masked
Layer layer4.0.conv1.weight: 5/512 channels masked
Layer layer4.0.conv2.weight: 29/512 channels masked
Layer layer4.0.downsample.0.weight: 77/512 channels masked
Layer layer4.1.conv1.weight: 1/512 channels masked
------------------------- time cost ------------------------- 24.721527814865112
ASR: 0.18403419321982406
attack_auc: 0.6695316633865299
Layer conv1.weight: 1/64 channels masked
Layer layer1.0.conv1.weight: 4/64 channels masked
Layer layer1.0.conv2.weight: 1/64 channels masked
Layer layer1.1.conv1.weight: 1/64 channels masked
Layer layer2.0.downsample.0.weight: 2/128 channels masked
Layer layer3.0.conv2.weight: 1/256 channels masked
Layer layer3.1.conv2.weight: 1/256 channels masked
Layer layer4.0.conv1.weight: 5/512 channels masked
Layer layer4.0.conv2.weight: 30/512 channels masked
Layer layer4.0.downsample.0.weight: 77/512 channels masked
Layer layer4.1.conv1.weight: 1/512 channels masked
------------------------- time cost ------------------------- 13.824650526046753
ASR: 0.17969926681612583
attack_auc: 0.6816331454253721
Layer conv1.weight: 1/64 channels masked
Layer layer1.0.conv1.weight: 4/64 channels masked
Layer layer1.0.conv2.weight: 1/64 channels masked
Layer layer1.1.conv1.weight: 1/64 channels masked
Layer layer2.0.downsample.0.weight: 2/128 channels masked
Layer layer3.0.conv2.weight: 1/256 channels masked
Layer layer3.1.conv2.weight: 1/256 channels masked
Layer layer4.0.conv1.weight: 5/512 channels masked
Layer layer4.0.conv2.weight: 30/512 channels masked
Layer layer4.0.downsample.0.weight: 77/512 channels masked
Layer layer4.1.conv1.weight: 1/512 channels masked
------------------------- time cost ------------------------- 17.89931583404541
ASR: 0.1801077159478586
attack_auc: 0.6900448182128195
Layer conv1.weight: 1/64 channels masked
Layer layer1.0.conv1.weight: 4/64 channels masked
Layer layer1.0.conv2.weight: 1/64 channels masked
Layer layer1.1.conv1.weight: 1/64 channels masked
Layer layer2.0.downsample.0.weight: 2/128 channels masked
Layer layer3.0.conv2.weight: 1/256 channels masked
Layer layer3.1.conv2.weight: 1/256 channels masked
Layer layer4.0.conv1.weight: 5/512 channels masked
Layer layer4.0.conv2.weight: 30/512 channels masked
Layer layer4.0.downsample.0.weight: 77/512 channels masked
Layer layer4.1.conv1.weight: 1/512 channels masked
------------------------- time cost ------------------------- 18.159555196762085
ASR: 0.16785505489678385
attack_auc: 0.67348772353251
Layer conv1.weight: 1/64 channels masked
Layer layer1.0.conv1.weight: 4/64 channels masked
Layer layer1.0.conv2.weight: 1/64 channels masked
Layer layer1.1.conv1.weight: 1/64 channels masked
Layer layer2.0.downsample.0.weight: 2/128 channels masked
Layer layer3.0.conv2.weight: 1/256 channels masked
Layer layer3.1.conv2.weight: 1/256 channels masked
Layer layer4.0.conv1.weight: 6/512 channels masked
Layer layer4.0.conv2.weight: 32/512 channels masked
Layer layer4.0.downsample.0.weight: 83/512 channels masked
Layer layer4.1.conv1.weight: 1/512 channels masked
------------------------- time cost ------------------------- 16.253932237625122
ASR: 0.1680406262191592
attack_auc: 0.6779265819078356
Layer conv1.weight: 1/64 channels masked
Layer layer1.0.conv1.weight: 4/64 channels masked
Layer layer1.0.conv2.weight: 1/64 channels masked
Layer layer1.1.conv1.weight: 1/64 channels masked
Layer layer2.0.downsample.0.weight: 2/128 channels masked
Layer layer3.0.conv2.weight: 1/256 channels masked
Layer layer3.1.conv2.weight: 1/256 channels masked
Layer layer4.0.conv1.weight: 6/512 channels masked
Layer layer4.0.conv2.weight: 32/512 channels masked
Layer layer4.0.downsample.0.weight: 83/512 channels masked
Layer layer4.1.conv1.weight: 1/512 channels masked
------------------------- time cost ------------------------- 19.064388751983643
ASR: 0.16425422553303912
attack_auc: 0.6792543753445734
Layer conv1.weight: 1/64 channels masked
Layer layer1.0.conv1.weight: 4/64 channels masked
Layer layer1.0.conv2.weight: 1/64 channels masked
Layer layer1.1.conv1.weight: 1/64 channels masked
Layer layer2.0.downsample.0.weight: 2/128 channels masked
Layer layer3.0.conv2.weight: 1/256 channels masked
Layer layer3.1.conv2.weight: 1/256 channels masked
Layer layer4.0.conv1.weight: 6/512 channels masked
Layer layer4.0.conv2.weight: 32/512 channels masked
Layer layer4.0.downsample.0.weight: 83/512 channels masked
Layer layer4.1.conv1.weight: 1/512 channels masked
------------------------- time cost ------------------------- 15.857017040252686
ASR: 0.22377060777132687
attack_auc: 0.745384699222404
Layer layer1.0.conv1.weight: 4/64 channels masked
Layer layer1.0.conv2.weight: 1/64 channels masked
Layer layer1.1.conv1.weight: 1/64 channels masked
Layer layer2.0.downsample.0.weight: 2/128 channels masked
Layer layer3.0.conv2.weight: 1/256 channels masked
Layer layer3.1.conv2.weight: 1/256 channels masked
Layer layer4.0.conv1.weight: 6/512 channels masked
Layer layer4.0.conv2.weight: 32/512 channels masked
Layer layer4.0.downsample.0.weight: 84/512 channels masked
Layer layer4.1.conv1.weight: 1/512 channels masked
------------------------- time cost ------------------------- 12.743467569351196
ASR: 0.31397802878633024
attack_auc: 0.8116194913319869
Layer layer1.0.conv1.weight: 4/64 channels masked
Layer layer1.0.conv2.weight: 1/64 channels masked
Layer layer1.1.conv1.weight: 1/64 channels masked
Layer layer2.0.downsample.0.weight: 2/128 channels masked
Layer layer3.0.conv2.weight: 1/256 channels masked
Layer layer3.1.conv2.weight: 1/256 channels masked
Layer layer4.0.conv1.weight: 6/512 channels masked
Layer layer4.0.conv2.weight: 33/512 channels masked
Layer layer4.0.downsample.0.weight: 85/512 channels masked
Layer layer4.1.conv1.weight: 2/512 channels masked
------------------------- time cost ------------------------- 17.53818130493164
ASR: 0.2398914932026665
attack_auc: 0.7586732896860863
Layer layer1.0.conv1.weight: 4/64 channels masked
Layer layer1.0.conv2.weight: 1/64 channels masked
Layer layer1.1.conv1.weight: 1/64 channels masked
Layer layer2.0.downsample.0.weight: 2/128 channels masked
Layer layer3.0.conv2.weight: 1/256 channels masked
Layer layer3.1.conv2.weight: 1/256 channels masked
Layer layer4.0.conv1.weight: 6/512 channels masked
Layer layer4.0.conv2.weight: 34/512 channels masked
Layer layer4.0.downsample.0.weight: 85/512 channels masked
Layer layer4.1.conv1.weight: 3/512 channels masked
------------------------- time cost ------------------------- 16.65430212020874

-------------Round number: 40-------------

Evaluate personalized models
Averaged Train Loss: 1.2425
Averaged Test Accurancy: 0.6099
Averaged Test AUC: 0.9220
Std Test Accurancy: 0.1288
Std Test AUC: 0.0423
ASR: 0.23585259423216878
attack_auc: 0.7552375310395658
Layer layer1.0.conv1.weight: 4/64 channels masked
Layer layer1.0.conv2.weight: 1/64 channels masked
Layer layer1.1.conv1.weight: 1/64 channels masked
Layer layer2.0.downsample.0.weight: 2/128 channels masked
Layer layer3.0.conv2.weight: 1/256 channels masked
Layer layer3.1.conv2.weight: 1/256 channels masked
Layer layer4.0.conv1.weight: 6/512 channels masked
Layer layer4.0.conv2.weight: 34/512 channels masked
Layer layer4.0.downsample.0.weight: 85/512 channels masked
Layer layer4.1.conv1.weight: 3/512 channels masked
------------------------- time cost ------------------------- 24.244656801223755
ASR: 0.2353949829009319
attack_auc: 0.7512583013179579
Layer layer1.0.conv1.weight: 4/64 channels masked
Layer layer1.0.conv2.weight: 1/64 channels masked
Layer layer1.1.conv1.weight: 1/64 channels masked
Layer layer2.0.downsample.0.weight: 2/128 channels masked
Layer layer3.0.conv2.weight: 1/256 channels masked
Layer layer3.1.conv2.weight: 1/256 channels masked
Layer layer4.0.conv1.weight: 6/512 channels masked
Layer layer4.0.conv2.weight: 34/512 channels masked
Layer layer4.0.downsample.0.weight: 85/512 channels masked
Layer layer4.1.conv1.weight: 3/512 channels masked
------------------------- time cost ------------------------- 18.036590814590454
ASR: 0.2034455862438018
attack_auc: 0.7306004368175827
Layer layer1.0.conv1.weight: 4/64 channels masked
Layer layer1.0.conv2.weight: 1/64 channels masked
Layer layer1.1.conv1.weight: 1/64 channels masked
Layer layer2.0.downsample.0.weight: 2/128 channels masked
Layer layer3.0.conv2.weight: 1/256 channels masked
Layer layer3.1.conv2.weight: 1/256 channels masked
Layer layer4.0.conv1.weight: 6/512 channels masked
Layer layer4.0.conv2.weight: 38/512 channels masked
Layer layer4.0.downsample.0.weight: 88/512 channels masked
Layer layer4.1.conv1.weight: 3/512 channels masked
------------------------- time cost ------------------------- 15.612345695495605
ASR: 0.24719231802586555
attack_auc: 0.7612100814220769
Layer layer1.0.conv1.weight: 4/64 channels masked
Layer layer1.0.conv2.weight: 1/64 channels masked
Layer layer1.1.conv1.weight: 1/64 channels masked
Layer layer2.0.downsample.0.weight: 2/128 channels masked
Layer layer3.0.conv2.weight: 1/256 channels masked
Layer layer3.1.conv2.weight: 1/256 channels masked
Layer layer4.0.conv1.weight: 7/512 channels masked
Layer layer4.0.conv2.weight: 40/512 channels masked
Layer layer4.0.downsample.0.weight: 88/512 channels masked
Layer layer4.1.conv1.weight: 3/512 channels masked
------------------------- time cost ------------------------- 15.459102392196655
ASR: 0.21984565022001834
attack_auc: 0.7411962430189277
Layer layer1.0.conv1.weight: 4/64 channels masked
Layer layer1.0.conv2.weight: 1/64 channels masked
Layer layer1.1.conv1.weight: 1/64 channels masked
Layer layer2.0.downsample.0.weight: 2/128 channels masked
Layer layer3.0.conv2.weight: 1/256 channels masked
Layer layer3.1.conv2.weight: 1/256 channels masked
Layer layer4.0.conv1.weight: 7/512 channels masked
Layer layer4.0.conv2.weight: 40/512 channels masked
Layer layer4.0.downsample.0.weight: 89/512 channels masked
Layer layer4.1.conv1.weight: 3/512 channels masked
Layer layer4.1.conv2.weight: 1/512 channels masked
------------------------- time cost ------------------------- 15.973775625228882
ASR: 0.22057758341200204
attack_auc: 0.7512323463667421
Layer layer1.0.conv1.weight: 4/64 channels masked
Layer layer1.0.conv2.weight: 1/64 channels masked
Layer layer1.1.conv1.weight: 1/64 channels masked
Layer layer2.0.downsample.0.weight: 2/128 channels masked
Layer layer3.0.conv2.weight: 1/256 channels masked
Layer layer3.1.conv2.weight: 1/256 channels masked
Layer layer4.0.conv1.weight: 7/512 channels masked
Layer layer4.0.conv2.weight: 40/512 channels masked
Layer layer4.0.downsample.0.weight: 89/512 channels masked
Layer layer4.1.conv1.weight: 3/512 channels masked
Layer layer4.1.conv2.weight: 1/512 channels masked
------------------------- time cost ------------------------- 19.474914073944092
ASR: 0.23733863368786604
attack_auc: 0.7663847299685776
Layer layer1.0.conv1.weight: 4/64 channels masked
Layer layer1.0.conv2.weight: 1/64 channels masked
Layer layer1.1.conv1.weight: 1/64 channels masked
Layer layer2.0.downsample.0.weight: 2/128 channels masked
Layer layer3.0.conv2.weight: 1/256 channels masked
Layer layer3.1.conv2.weight: 1/256 channels masked
Layer layer4.0.conv1.weight: 7/512 channels masked
Layer layer4.0.conv2.weight: 40/512 channels masked
Layer layer4.0.downsample.0.weight: 89/512 channels masked
Layer layer4.1.conv1.weight: 3/512 channels masked
Layer layer4.1.conv2.weight: 1/512 channels masked
------------------------- time cost ------------------------- 17.62223243713379
ASR: 0.24794754470216762
attack_auc: 0.7718421731574531
Layer layer1.0.conv1.weight: 4/64 channels masked
Layer layer1.0.conv2.weight: 1/64 channels masked
Layer layer1.1.conv1.weight: 1/64 channels masked
Layer layer2.0.downsample.0.weight: 2/128 channels masked
Layer layer3.0.conv2.weight: 1/256 channels masked
Layer layer3.1.conv2.weight: 1/256 channels masked
Layer layer4.0.conv1.weight: 7/512 channels masked
Layer layer4.0.conv2.weight: 40/512 channels masked
Layer layer4.0.downsample.0.weight: 89/512 channels masked
Layer layer4.1.conv1.weight: 3/512 channels masked
Layer layer4.1.conv2.weight: 1/512 channels masked
------------------------- time cost ------------------------- 15.553591012954712
ASR: 0.22046846068113873
attack_auc: 0.7545784911182077
Layer layer1.0.conv1.weight: 4/64 channels masked
Layer layer1.0.conv2.weight: 1/64 channels masked
Layer layer1.1.conv1.weight: 1/64 channels masked
Layer layer2.0.downsample.0.weight: 2/128 channels masked
Layer layer3.0.conv2.weight: 1/256 channels masked
Layer layer3.1.conv2.weight: 1/256 channels masked
Layer layer4.0.conv1.weight: 7/512 channels masked
Layer layer4.0.conv2.weight: 40/512 channels masked
Layer layer4.0.downsample.0.weight: 89/512 channels masked
Layer layer4.1.conv1.weight: 3/512 channels masked
Layer layer4.1.conv2.weight: 1/512 channels masked
------------------------- time cost ------------------------- 16.889241456985474
ASR: 0.27462273307618873
attack_auc: 0.7812396407799761
Layer layer1.0.conv1.weight: 4/64 channels masked
Layer layer1.0.conv2.weight: 1/64 channels masked
Layer layer1.1.conv1.weight: 1/64 channels masked
Layer layer2.0.downsample.0.weight: 2/128 channels masked
Layer layer3.0.conv2.weight: 1/256 channels masked
Layer layer3.1.conv2.weight: 1/256 channels masked
Layer layer4.0.conv1.weight: 7/512 channels masked
Layer layer4.0.conv2.weight: 40/512 channels masked
Layer layer4.0.downsample.0.weight: 89/512 channels masked
Layer layer4.1.conv1.weight: 3/512 channels masked
Layer layer4.1.conv2.weight: 2/512 channels masked
------------------------- time cost ------------------------- 14.939244031906128

-------------Round number: 50-------------

Evaluate personalized models
Averaged Train Loss: 1.0811
Averaged Test Accurancy: 0.6306
Averaged Test AUC: 0.9242
Std Test Accurancy: 0.1184
Std Test AUC: 0.0377
ASR: 0.22018019258850077
attack_auc: 0.7488770668836244
Layer layer1.0.conv1.weight: 4/64 channels masked
Layer layer1.0.conv2.weight: 1/64 channels masked
Layer layer1.1.conv1.weight: 1/64 channels masked
Layer layer2.0.downsample.0.weight: 2/128 channels masked
Layer layer3.0.conv2.weight: 1/256 channels masked
Layer layer3.1.conv2.weight: 1/256 channels masked
Layer layer4.0.conv1.weight: 7/512 channels masked
Layer layer4.0.conv2.weight: 40/512 channels masked
Layer layer4.0.downsample.0.weight: 89/512 channels masked
Layer layer4.1.conv1.weight: 3/512 channels masked
Layer layer4.1.conv2.weight: 2/512 channels masked
------------------------- time cost ------------------------- 23.28568172454834
ASR: 0.27207742587289285
attack_auc: 0.788199609999402
Layer layer1.0.conv1.weight: 4/64 channels masked
Layer layer1.0.conv2.weight: 1/64 channels masked
Layer layer1.1.conv1.weight: 1/64 channels masked
Layer layer2.0.downsample.0.weight: 2/128 channels masked
Layer layer3.0.conv2.weight: 1/256 channels masked
Layer layer3.1.conv2.weight: 1/256 channels masked
Layer layer4.0.conv1.weight: 7/512 channels masked
Layer layer4.0.conv2.weight: 40/512 channels masked
Layer layer4.0.downsample.0.weight: 90/512 channels masked
Layer layer4.1.conv1.weight: 3/512 channels masked
Layer layer4.1.conv2.weight: 2/512 channels masked
------------------------- time cost ------------------------- 17.25931167602539
ASR: 0.24365903880778592
attack_auc: 0.772455898026587
Layer layer1.0.conv1.weight: 4/64 channels masked
Layer layer1.0.conv2.weight: 1/64 channels masked
Layer layer1.1.conv1.weight: 1/64 channels masked
Layer layer2.0.downsample.0.weight: 2/128 channels masked
Layer layer3.0.conv2.weight: 1/256 channels masked
Layer layer3.1.conv2.weight: 1/256 channels masked
Layer layer4.0.conv1.weight: 7/512 channels masked
Layer layer4.0.conv2.weight: 40/512 channels masked
Layer layer4.0.downsample.0.weight: 90/512 channels masked
Layer layer4.1.conv1.weight: 3/512 channels masked
Layer layer4.1.conv2.weight: 2/512 channels masked
------------------------- time cost ------------------------- 16.573519229888916
ASR: 0.2781237859449516
attack_auc: 0.7898213095803563
Layer layer1.0.conv1.weight: 4/64 channels masked
Layer layer1.0.conv2.weight: 1/64 channels masked
Layer layer1.1.conv1.weight: 1/64 channels masked
Layer layer2.0.downsample.0.weight: 2/128 channels masked
Layer layer3.0.conv2.weight: 1/256 channels masked
Layer layer3.1.conv2.weight: 1/256 channels masked
Layer layer4.0.conv1.weight: 7/512 channels masked
Layer layer4.0.conv2.weight: 40/512 channels masked
Layer layer4.0.downsample.0.weight: 90/512 channels masked
Layer layer4.1.conv1.weight: 3/512 channels masked
Layer layer4.1.conv2.weight: 2/512 channels masked
------------------------- time cost ------------------------- 18.17266082763672
ASR: 0.23273191362434587
attack_auc: 0.7625928925281388
Layer layer1.0.conv1.weight: 4/64 channels masked
Layer layer1.0.conv2.weight: 1/64 channels masked
Layer layer1.1.conv1.weight: 1/64 channels masked
Layer layer2.0.downsample.0.weight: 2/128 channels masked
Layer layer3.0.conv2.weight: 1/256 channels masked
Layer layer3.1.conv2.weight: 1/256 channels masked
Layer layer4.0.conv1.weight: 7/512 channels masked
Layer layer4.0.conv2.weight: 40/512 channels masked
Layer layer4.0.downsample.0.weight: 90/512 channels masked
Layer layer4.1.conv1.weight: 4/512 channels masked
Layer layer4.1.conv2.weight: 2/512 channels masked
------------------------- time cost ------------------------- 19.30225443840027
ASR: 0.2871315220034403
attack_auc: 0.7973281572880334
Layer layer1.0.conv1.weight: 4/64 channels masked
Layer layer1.0.conv2.weight: 1/64 channels masked
Layer layer1.1.conv1.weight: 1/64 channels masked
Layer layer2.0.downsample.0.weight: 2/128 channels masked
Layer layer3.0.conv2.weight: 1/256 channels masked
Layer layer3.1.conv2.weight: 1/256 channels masked
Layer layer4.0.conv1.weight: 7/512 channels masked
Layer layer4.0.conv2.weight: 40/512 channels masked
Layer layer4.0.downsample.0.weight: 90/512 channels masked
Layer layer4.1.conv1.weight: 4/512 channels masked
Layer layer4.1.conv2.weight: 2/512 channels masked
------------------------- time cost ------------------------- 16.614851474761963
ASR: 0.3125031786127123
attack_auc: 0.8189265142567352
Layer layer1.0.conv1.weight: 4/64 channels masked
Layer layer1.0.conv2.weight: 1/64 channels masked
Layer layer1.1.conv1.weight: 1/64 channels masked
Layer layer2.0.downsample.0.weight: 2/128 channels masked
Layer layer3.0.conv2.weight: 1/256 channels masked
Layer layer3.1.conv2.weight: 1/256 channels masked
Layer layer4.0.conv1.weight: 7/512 channels masked
Layer layer4.0.conv2.weight: 41/512 channels masked
Layer layer4.0.downsample.0.weight: 90/512 channels masked
Layer layer4.1.conv1.weight: 4/512 channels masked
Layer layer4.1.conv2.weight: 2/512 channels masked
------------------------- time cost ------------------------- 15.949875354766846
ASR: 0.3047295042546675
attack_auc: 0.8104524302720668
Layer layer1.0.conv1.weight: 4/64 channels masked
Layer layer1.0.conv2.weight: 1/64 channels masked
Layer layer1.1.conv1.weight: 1/64 channels masked
Layer layer2.0.downsample.0.weight: 2/128 channels masked
Layer layer3.0.conv2.weight: 1/256 channels masked
Layer layer3.1.conv2.weight: 1/256 channels masked
Layer layer4.0.conv1.weight: 7/512 channels masked
Layer layer4.0.conv2.weight: 41/512 channels masked
Layer layer4.0.downsample.0.weight: 90/512 channels masked
Layer layer4.1.conv1.weight: 4/512 channels masked
Layer layer4.1.conv2.weight: 3/512 channels masked
------------------------- time cost ------------------------- 11.310756206512451
ASR: 0.40908715777606597
attack_auc: 0.8584071072165677
Layer conv1.weight: 1/64 channels masked
Layer layer1.0.conv1.weight: 4/64 channels masked
Layer layer1.0.conv2.weight: 1/64 channels masked
Layer layer1.1.conv1.weight: 1/64 channels masked
Layer layer2.0.downsample.0.weight: 2/128 channels masked
Layer layer3.0.conv2.weight: 1/256 channels masked
Layer layer3.1.conv2.weight: 1/256 channels masked
Layer layer4.0.conv1.weight: 7/512 channels masked
Layer layer4.0.conv2.weight: 41/512 channels masked
Layer layer4.0.downsample.0.weight: 90/512 channels masked
Layer layer4.1.conv1.weight: 5/512 channels masked
Layer layer4.1.conv2.weight: 3/512 channels masked
------------------------- time cost ------------------------- 11.532338857650757
ASR: 0.4203556765055829
attack_auc: 0.8600826839451373
Layer conv1.weight: 1/64 channels masked
Layer layer1.0.conv1.weight: 4/64 channels masked
Layer layer1.0.conv2.weight: 1/64 channels masked
Layer layer1.1.conv1.weight: 1/64 channels masked
Layer layer2.0.downsample.0.weight: 2/128 channels masked
Layer layer3.0.conv2.weight: 1/256 channels masked
Layer layer3.1.conv2.weight: 1/256 channels masked
Layer layer4.0.conv1.weight: 9/512 channels masked
Layer layer4.0.conv2.weight: 41/512 channels masked
Layer layer4.0.downsample.0.weight: 91/512 channels masked
Layer layer4.1.conv1.weight: 5/512 channels masked
Layer layer4.1.conv2.weight: 3/512 channels masked
------------------------- time cost ------------------------- 14.454957246780396

-------------Round number: 60-------------

Evaluate personalized models
Averaged Train Loss: 0.8634
Averaged Test Accurancy: 0.6509
Averaged Test AUC: 0.9326
Std Test Accurancy: 0.1165
Std Test AUC: 0.0316
ASR: 0.4594016848500648
attack_auc: 0.8711763169021292
Layer conv1.weight: 1/64 channels masked
Layer layer1.0.conv1.weight: 4/64 channels masked
Layer layer1.0.conv2.weight: 1/64 channels masked
Layer layer1.1.conv1.weight: 1/64 channels masked
Layer layer2.0.downsample.0.weight: 2/128 channels masked
Layer layer3.0.conv2.weight: 1/256 channels masked
Layer layer3.1.conv2.weight: 1/256 channels masked
Layer layer4.0.conv1.weight: 10/512 channels masked
Layer layer4.0.conv2.weight: 42/512 channels masked
Layer layer4.0.downsample.0.weight: 92/512 channels masked
Layer layer4.1.conv1.weight: 7/512 channels masked
Layer layer4.1.conv2.weight: 3/512 channels masked
------------------------- time cost ------------------------- 24.648284435272217
ASR: 0.4253333245904785
attack_auc: 0.8598218356045185
Layer conv1.weight: 1/64 channels masked
Layer layer1.0.conv1.weight: 4/64 channels masked
Layer layer1.0.conv2.weight: 1/64 channels masked
Layer layer1.1.conv1.weight: 1/64 channels masked
Layer layer2.0.downsample.0.weight: 2/128 channels masked
Layer layer3.0.conv2.weight: 1/256 channels masked
Layer layer3.1.conv2.weight: 1/256 channels masked
Layer layer4.0.conv1.weight: 10/512 channels masked
Layer layer4.0.conv2.weight: 42/512 channels masked
Layer layer4.0.downsample.0.weight: 92/512 channels masked
Layer layer4.1.conv1.weight: 7/512 channels masked
Layer layer4.1.conv2.weight: 3/512 channels masked
------------------------- time cost ------------------------- 14.903829097747803
ASR: 0.3865550099503606
attack_auc: 0.8436369162610796
Layer conv1.weight: 1/64 channels masked
Layer layer1.0.conv1.weight: 4/64 channels masked
Layer layer1.0.conv2.weight: 1/64 channels masked
Layer layer1.1.conv1.weight: 1/64 channels masked
Layer layer2.0.downsample.0.weight: 2/128 channels masked
Layer layer3.0.conv2.weight: 1/256 channels masked
Layer layer3.1.conv2.weight: 1/256 channels masked
Layer layer4.0.conv1.weight: 10/512 channels masked
Layer layer4.0.conv2.weight: 42/512 channels masked
Layer layer4.0.downsample.0.weight: 93/512 channels masked
Layer layer4.1.conv1.weight: 7/512 channels masked
Layer layer4.1.conv2.weight: 4/512 channels masked
------------------------- time cost ------------------------- 16.620798110961914
ASR: 0.3941262394455678
attack_auc: 0.857620085786681
Layer conv1.weight: 1/64 channels masked
Layer layer1.0.conv1.weight: 4/64 channels masked
Layer layer1.0.conv2.weight: 1/64 channels masked
Layer layer1.1.conv1.weight: 1/64 channels masked
Layer layer2.0.downsample.0.weight: 2/128 channels masked
Layer layer3.0.conv2.weight: 1/256 channels masked
Layer layer3.1.conv2.weight: 1/256 channels masked
Layer layer4.0.conv1.weight: 10/512 channels masked
Layer layer4.0.conv2.weight: 42/512 channels masked
Layer layer4.0.downsample.0.weight: 93/512 channels masked
Layer layer4.1.conv1.weight: 8/512 channels masked
Layer layer4.1.conv2.weight: 4/512 channels masked
------------------------- time cost ------------------------- 16.75759720802307
ASR: 0.3872515217441553
attack_auc: 0.8515391177367995
Layer conv1.weight: 1/64 channels masked
Layer layer1.0.conv1.weight: 4/64 channels masked
Layer layer1.0.conv2.weight: 1/64 channels masked
Layer layer1.1.conv1.weight: 1/64 channels masked
Layer layer2.0.downsample.0.weight: 2/128 channels masked
Layer layer3.0.conv2.weight: 1/256 channels masked
Layer layer3.1.conv2.weight: 1/256 channels masked
Layer layer4.0.conv1.weight: 10/512 channels masked
Layer layer4.0.conv2.weight: 42/512 channels masked
Layer layer4.0.downsample.0.weight: 93/512 channels masked
Layer layer4.1.conv1.weight: 9/512 channels masked
Layer layer4.1.conv2.weight: 4/512 channels masked
------------------------- time cost ------------------------- 16.24366784095764
ASR: 0.3446855930228963
attack_auc: 0.8328578366575794
Layer conv1.weight: 1/64 channels masked
Layer layer1.0.conv1.weight: 4/64 channels masked
Layer layer1.0.conv2.weight: 1/64 channels masked
Layer layer1.1.conv1.weight: 1/64 channels masked
Layer layer2.0.downsample.0.weight: 2/128 channels masked
Layer layer3.0.conv2.weight: 1/256 channels masked
Layer layer3.1.conv2.weight: 1/256 channels masked
Layer layer4.0.conv1.weight: 10/512 channels masked
Layer layer4.0.conv2.weight: 42/512 channels masked
Layer layer4.0.downsample.0.weight: 93/512 channels masked
Layer layer4.1.conv1.weight: 9/512 channels masked
Layer layer4.1.conv2.weight: 4/512 channels masked
------------------------- time cost ------------------------- 18.100107192993164
ASR: 0.35191045263367493
attack_auc: 0.8283283261692942
Layer conv1.weight: 1/64 channels masked
Layer layer1.0.conv1.weight: 4/64 channels masked
Layer layer1.0.conv2.weight: 1/64 channels masked
Layer layer1.1.conv1.weight: 1/64 channels masked
Layer layer2.0.downsample.0.weight: 2/128 channels masked
Layer layer3.0.conv2.weight: 1/256 channels masked
Layer layer3.1.conv2.weight: 1/256 channels masked
Layer layer4.0.conv1.weight: 10/512 channels masked
Layer layer4.0.conv2.weight: 42/512 channels masked
Layer layer4.0.downsample.0.weight: 94/512 channels masked
Layer layer4.1.conv1.weight: 11/512 channels masked
Layer layer4.1.conv2.weight: 5/512 channels masked
------------------------- time cost ------------------------- 15.345537900924683
ASR: 0.3594528473982228
attack_auc: 0.8318513090355278
Layer conv1.weight: 1/64 channels masked
Layer layer1.0.conv1.weight: 4/64 channels masked
Layer layer1.0.conv2.weight: 1/64 channels masked
Layer layer1.1.conv1.weight: 1/64 channels masked
Layer layer2.0.downsample.0.weight: 2/128 channels masked
Layer layer3.0.conv2.weight: 1/256 channels masked
Layer layer3.1.conv2.weight: 1/256 channels masked
Layer layer4.0.conv1.weight: 10/512 channels masked
Layer layer4.0.conv2.weight: 42/512 channels masked
Layer layer4.0.downsample.0.weight: 94/512 channels masked
Layer layer4.1.conv1.weight: 11/512 channels masked
Layer layer4.1.conv2.weight: 5/512 channels masked
------------------------- time cost ------------------------- 17.85413956642151
ASR: 0.3639190071181958
attack_auc: 0.8392528594307997
Layer conv1.weight: 1/64 channels masked
Layer layer1.0.conv1.weight: 4/64 channels masked
Layer layer1.0.conv2.weight: 1/64 channels masked
Layer layer1.1.conv1.weight: 1/64 channels masked
Layer layer2.0.downsample.0.weight: 2/128 channels masked
Layer layer3.0.conv2.weight: 1/256 channels masked
Layer layer3.1.conv2.weight: 1/256 channels masked
Layer layer4.0.conv1.weight: 11/512 channels masked
Layer layer4.0.conv2.weight: 43/512 channels masked
Layer layer4.0.downsample.0.weight: 95/512 channels masked
Layer layer4.1.conv1.weight: 20/512 channels masked
Layer layer4.1.conv2.weight: 18/512 channels masked
------------------------- time cost ------------------------- 16.243353366851807
ASR: 0.33491148292832834
attack_auc: 0.8249215197222773
Layer conv1.weight: 1/64 channels masked
Layer layer1.0.conv1.weight: 4/64 channels masked
Layer layer1.0.conv2.weight: 1/64 channels masked
Layer layer1.1.conv1.weight: 1/64 channels masked
Layer layer2.0.downsample.0.weight: 2/128 channels masked
Layer layer3.0.conv2.weight: 1/256 channels masked
Layer layer3.1.conv2.weight: 1/256 channels masked
Layer layer4.0.conv1.weight: 11/512 channels masked
Layer layer4.0.conv2.weight: 43/512 channels masked
Layer layer4.0.downsample.0.weight: 95/512 channels masked
Layer layer4.1.conv1.weight: 20/512 channels masked
Layer layer4.1.conv2.weight: 18/512 channels masked
------------------------- time cost ------------------------- 17.76398229598999

-------------Round number: 70-------------

Evaluate personalized models
Averaged Train Loss: 0.7868
Averaged Test Accurancy: 0.6657
Averaged Test AUC: 0.9362
Std Test Accurancy: 0.1183
Std Test AUC: 0.0304
ASR: 0.3348744589759588
attack_auc: 0.823119390338436
Layer conv1.weight: 2/64 channels masked
Layer layer1.0.conv1.weight: 4/64 channels masked
Layer layer1.0.conv2.weight: 1/64 channels masked
Layer layer1.1.conv1.weight: 1/64 channels masked
Layer layer2.0.downsample.0.weight: 2/128 channels masked
Layer layer3.0.conv2.weight: 1/256 channels masked
Layer layer3.1.conv2.weight: 1/256 channels masked
Layer layer4.0.conv1.weight: 11/512 channels masked
Layer layer4.0.conv2.weight: 43/512 channels masked
Layer layer4.0.downsample.0.weight: 95/512 channels masked
Layer layer4.1.conv1.weight: 20/512 channels masked
Layer layer4.1.conv2.weight: 18/512 channels masked
------------------------- time cost ------------------------- 28.37967324256897
ASR: 0.3079621076743816
attack_auc: 0.8034936695846772
Layer conv1.weight: 2/64 channels masked
Layer layer1.0.conv1.weight: 4/64 channels masked
Layer layer1.0.conv2.weight: 1/64 channels masked
Layer layer1.1.conv1.weight: 1/64 channels masked
Layer layer2.0.downsample.0.weight: 2/128 channels masked
Layer layer3.0.conv2.weight: 1/256 channels masked
Layer layer3.1.conv2.weight: 1/256 channels masked
Layer layer4.0.conv1.weight: 11/512 channels masked
Layer layer4.0.conv2.weight: 44/512 channels masked
Layer layer4.0.downsample.0.weight: 95/512 channels masked
Layer layer4.1.conv1.weight: 20/512 channels masked
Layer layer4.1.conv2.weight: 18/512 channels masked
------------------------- time cost ------------------------- 15.788058042526245
ASR: 0.33859315178383453
attack_auc: 0.8250461579855408
Layer conv1.weight: 4/64 channels masked
Layer layer1.0.conv1.weight: 4/64 channels masked
Layer layer1.0.conv2.weight: 1/64 channels masked
Layer layer1.1.conv1.weight: 1/64 channels masked
Layer layer2.0.downsample.0.weight: 2/128 channels masked
Layer layer3.0.conv2.weight: 1/256 channels masked
Layer layer3.1.conv2.weight: 1/256 channels masked
Layer layer4.0.conv1.weight: 11/512 channels masked
Layer layer4.0.conv2.weight: 44/512 channels masked
Layer layer4.0.downsample.0.weight: 95/512 channels masked
Layer layer4.1.conv1.weight: 20/512 channels masked
Layer layer4.1.conv2.weight: 18/512 channels masked
------------------------- time cost ------------------------- 18.086466789245605
ASR: 0.3784408092894021
attack_auc: 0.8439356548074722
Layer conv1.weight: 4/64 channels masked
Layer layer1.0.conv1.weight: 4/64 channels masked
Layer layer1.0.conv2.weight: 1/64 channels masked
Layer layer1.1.conv1.weight: 1/64 channels masked
Layer layer2.0.downsample.0.weight: 2/128 channels masked
Layer layer3.0.conv2.weight: 1/256 channels masked
Layer layer3.1.conv2.weight: 1/256 channels masked
Layer layer4.0.conv1.weight: 11/512 channels masked
Layer layer4.0.conv2.weight: 44/512 channels masked
Layer layer4.0.downsample.0.weight: 95/512 channels masked
Layer layer4.1.conv1.weight: 20/512 channels masked
Layer layer4.1.conv2.weight: 18/512 channels masked
------------------------- time cost ------------------------- 15.2618408203125
ASR: 0.36386393116663124
attack_auc: 0.830527154991508
Layer conv1.weight: 4/64 channels masked
Layer layer1.0.conv1.weight: 4/64 channels masked
Layer layer1.0.conv2.weight: 1/64 channels masked
Layer layer1.1.conv1.weight: 1/64 channels masked
Layer layer2.0.downsample.0.weight: 2/128 channels masked
Layer layer3.0.conv2.weight: 1/256 channels masked
Layer layer3.1.conv2.weight: 1/256 channels masked
Layer layer4.0.conv1.weight: 11/512 channels masked
Layer layer4.0.conv2.weight: 44/512 channels masked
Layer layer4.0.downsample.0.weight: 95/512 channels masked
Layer layer4.1.conv1.weight: 20/512 channels masked
Layer layer4.1.conv2.weight: 18/512 channels masked
------------------------- time cost ------------------------- 14.695804834365845
ASR: 0.3715529058291263
attack_auc: 0.836633071983537
Layer conv1.weight: 4/64 channels masked
Layer layer1.0.conv1.weight: 4/64 channels masked
Layer layer1.0.conv2.weight: 1/64 channels masked
Layer layer1.1.conv1.weight: 1/64 channels masked
Layer layer2.0.downsample.0.weight: 2/128 channels masked
Layer layer3.0.conv2.weight: 1/256 channels masked
Layer layer3.1.conv2.weight: 1/256 channels masked
Layer layer4.0.conv1.weight: 11/512 channels masked
Layer layer4.0.conv2.weight: 44/512 channels masked
Layer layer4.0.downsample.0.weight: 95/512 channels masked
Layer layer4.1.conv1.weight: 21/512 channels masked
Layer layer4.1.conv2.weight: 21/512 channels masked
------------------------- time cost ------------------------- 17.0102801322937
ASR: 0.3710352479750478
attack_auc: 0.8361701636868626
Layer conv1.weight: 4/64 channels masked
Layer layer1.0.conv1.weight: 4/64 channels masked
Layer layer1.0.conv2.weight: 1/64 channels masked
Layer layer1.1.conv1.weight: 1/64 channels masked
Layer layer2.0.downsample.0.weight: 2/128 channels masked
Layer layer3.0.conv2.weight: 1/256 channels masked
Layer layer3.1.conv2.weight: 1/256 channels masked
Layer layer4.0.conv1.weight: 11/512 channels masked
Layer layer4.0.conv2.weight: 44/512 channels masked
Layer layer4.0.downsample.0.weight: 95/512 channels masked
Layer layer4.1.conv1.weight: 21/512 channels masked
Layer layer4.1.conv2.weight: 21/512 channels masked
------------------------- time cost ------------------------- 16.3495876789093
ASR: 0.41722909192322755
attack_auc: 0.8529247624937846
Layer conv1.weight: 4/64 channels masked
Layer layer1.0.conv1.weight: 4/64 channels masked
Layer layer1.0.conv2.weight: 1/64 channels masked
Layer layer1.1.conv1.weight: 1/64 channels masked
Layer layer2.0.downsample.0.weight: 2/128 channels masked
Layer layer3.0.conv2.weight: 1/256 channels masked
Layer layer3.1.conv2.weight: 1/256 channels masked
Layer layer4.0.conv1.weight: 11/512 channels masked
Layer layer4.0.conv2.weight: 44/512 channels masked
Layer layer4.0.downsample.0.weight: 95/512 channels masked
Layer layer4.1.conv1.weight: 21/512 channels masked
Layer layer4.1.conv2.weight: 21/512 channels masked
------------------------- time cost ------------------------- 14.358802556991577
ASR: 0.4440154510026978
attack_auc: 0.8620454644038174
Layer conv1.weight: 4/64 channels masked
Layer layer1.0.conv1.weight: 4/64 channels masked
Layer layer1.0.conv2.weight: 1/64 channels masked
Layer layer1.1.conv1.weight: 1/64 channels masked
Layer layer2.0.downsample.0.weight: 2/128 channels masked
Layer layer3.0.conv2.weight: 1/256 channels masked
Layer layer3.1.conv2.weight: 1/256 channels masked
Layer layer4.0.conv1.weight: 12/512 channels masked
Layer layer4.0.conv2.weight: 44/512 channels masked
Layer layer4.0.downsample.0.weight: 95/512 channels masked
Layer layer4.1.conv1.weight: 22/512 channels masked
Layer layer4.1.conv2.weight: 21/512 channels masked
------------------------- time cost ------------------------- 15.161532878875732
ASR: 0.4079442793741146
attack_auc: 0.8496099933156014
Layer conv1.weight: 4/64 channels masked
Layer layer1.0.conv1.weight: 4/64 channels masked
Layer layer1.0.conv2.weight: 1/64 channels masked
Layer layer1.1.conv1.weight: 1/64 channels masked
Layer layer2.0.downsample.0.weight: 2/128 channels masked
Layer layer3.0.conv2.weight: 1/256 channels masked
Layer layer3.1.conv2.weight: 1/256 channels masked
Layer layer4.0.conv1.weight: 12/512 channels masked
Layer layer4.0.conv2.weight: 44/512 channels masked
Layer layer4.0.downsample.0.weight: 95/512 channels masked
Layer layer4.1.conv1.weight: 22/512 channels masked
Layer layer4.1.conv2.weight: 21/512 channels masked
------------------------- time cost ------------------------- 19.085440635681152

-------------Round number: 80-------------

Evaluate personalized models
Averaged Train Loss: 0.7474
Averaged Test Accurancy: 0.6642
Averaged Test AUC: 0.9378
Std Test Accurancy: 0.1117
Std Test AUC: 0.0316
ASR: 0.3786607353840464
attack_auc: 0.8404577960062546
Layer conv1.weight: 4/64 channels masked
Layer layer1.0.conv1.weight: 4/64 channels masked
Layer layer1.0.conv2.weight: 1/64 channels masked
Layer layer1.1.conv1.weight: 1/64 channels masked
Layer layer2.0.downsample.0.weight: 2/128 channels masked
Layer layer3.0.conv2.weight: 1/256 channels masked
Layer layer3.1.conv2.weight: 1/256 channels masked
Layer layer4.0.conv1.weight: 12/512 channels masked
Layer layer4.0.conv2.weight: 44/512 channels masked
Layer layer4.0.downsample.0.weight: 95/512 channels masked
Layer layer4.1.conv1.weight: 22/512 channels masked
Layer layer4.1.conv2.weight: 21/512 channels masked
------------------------- time cost ------------------------- 23.788222312927246
ASR: 0.4317320411820908
attack_auc: 0.8634630760365843
Layer conv1.weight: 4/64 channels masked
Layer layer1.0.conv1.weight: 4/64 channels masked
Layer layer1.0.conv2.weight: 1/64 channels masked
Layer layer1.1.conv1.weight: 1/64 channels masked
Layer layer2.0.downsample.0.weight: 2/128 channels masked
Layer layer3.0.conv2.weight: 1/256 channels masked
Layer layer3.1.conv2.weight: 1/256 channels masked
Layer layer4.0.conv1.weight: 12/512 channels masked
Layer layer4.0.conv2.weight: 44/512 channels masked
Layer layer4.0.downsample.0.weight: 95/512 channels masked
Layer layer4.1.conv1.weight: 23/512 channels masked
Layer layer4.1.conv2.weight: 22/512 channels masked
------------------------- time cost ------------------------- 15.674072265625
ASR: 0.4528393192451264
attack_auc: 0.8706045533348449
Layer conv1.weight: 3/64 channels masked
Layer layer1.0.conv1.weight: 4/64 channels masked
Layer layer1.0.conv2.weight: 1/64 channels masked
Layer layer1.1.conv1.weight: 1/64 channels masked
Layer layer2.0.downsample.0.weight: 2/128 channels masked
Layer layer3.0.conv2.weight: 1/256 channels masked
Layer layer3.1.conv2.weight: 1/256 channels masked
Layer layer4.0.conv1.weight: 12/512 channels masked
Layer layer4.0.conv2.weight: 44/512 channels masked
Layer layer4.0.downsample.0.weight: 95/512 channels masked
Layer layer4.1.conv1.weight: 23/512 channels masked
Layer layer4.1.conv2.weight: 22/512 channels masked
------------------------- time cost ------------------------- 17.30384588241577
ASR: 0.40659183470727994
attack_auc: 0.8571005462067762
Layer conv1.weight: 3/64 channels masked
Layer layer1.0.conv1.weight: 4/64 channels masked
Layer layer1.0.conv2.weight: 1/64 channels masked
Layer layer1.1.conv1.weight: 1/64 channels masked
Layer layer2.0.downsample.0.weight: 2/128 channels masked
Layer layer3.0.conv2.weight: 1/256 channels masked
Layer layer3.1.conv2.weight: 1/256 channels masked
Layer layer4.0.conv1.weight: 12/512 channels masked
Layer layer4.0.conv2.weight: 44/512 channels masked
Layer layer4.0.downsample.0.weight: 95/512 channels masked
Layer layer4.1.conv1.weight: 23/512 channels masked
Layer layer4.1.conv2.weight: 22/512 channels masked
------------------------- time cost ------------------------- 15.367657899856567
ASR: 0.42671821351579403
attack_auc: 0.8649528059840056
Layer conv1.weight: 2/64 channels masked
Layer layer1.0.conv1.weight: 4/64 channels masked
Layer layer1.0.conv2.weight: 1/64 channels masked
Layer layer1.1.conv1.weight: 1/64 channels masked
Layer layer2.0.downsample.0.weight: 2/128 channels masked
Layer layer3.0.conv2.weight: 1/256 channels masked
Layer layer3.1.conv2.weight: 1/256 channels masked
Layer layer4.0.conv1.weight: 12/512 channels masked
Layer layer4.0.conv2.weight: 45/512 channels masked
Layer layer4.0.downsample.0.weight: 96/512 channels masked
Layer layer4.1.conv1.weight: 24/512 channels masked
Layer layer4.1.conv2.weight: 22/512 channels masked
------------------------- time cost ------------------------- 14.388981580734253
ASR: 0.466088079484956
attack_auc: 0.8747976345765761
Layer conv1.weight: 2/64 channels masked
Layer layer1.0.conv1.weight: 4/64 channels masked
Layer layer1.0.conv2.weight: 1/64 channels masked
Layer layer1.1.conv1.weight: 1/64 channels masked
Layer layer2.0.downsample.0.weight: 2/128 channels masked
Layer layer3.0.conv2.weight: 1/256 channels masked
Layer layer3.1.conv2.weight: 1/256 channels masked
Layer layer4.0.conv1.weight: 12/512 channels masked
Layer layer4.0.conv2.weight: 45/512 channels masked
Layer layer4.0.downsample.0.weight: 96/512 channels masked
Layer layer4.1.conv1.weight: 24/512 channels masked
Layer layer4.1.conv2.weight: 22/512 channels masked
------------------------- time cost ------------------------- 16.12424397468567
ASR: 0.4599663408772718
attack_auc: 0.8736799991489731
Layer conv1.weight: 2/64 channels masked
Layer layer1.0.conv1.weight: 4/64 channels masked
Layer layer1.0.conv2.weight: 1/64 channels masked
Layer layer1.1.conv1.weight: 1/64 channels masked
Layer layer2.0.downsample.0.weight: 2/128 channels masked
Layer layer3.0.conv2.weight: 1/256 channels masked
Layer layer3.1.conv2.weight: 1/256 channels masked
Layer layer4.0.conv1.weight: 12/512 channels masked
Layer layer4.0.conv2.weight: 45/512 channels masked
Layer layer4.0.downsample.0.weight: 96/512 channels masked
Layer layer4.1.conv1.weight: 24/512 channels masked
Layer layer4.1.conv2.weight: 22/512 channels masked
------------------------- time cost ------------------------- 14.685909032821655
ASR: 0.3980704276164848
attack_auc: 0.8456142503770808
Layer conv1.weight: 2/64 channels masked
Layer layer1.0.conv1.weight: 4/64 channels masked
Layer layer1.0.conv2.weight: 1/64 channels masked
Layer layer1.1.conv1.weight: 1/64 channels masked
Layer layer2.0.downsample.0.weight: 2/128 channels masked
Layer layer3.0.conv2.weight: 1/256 channels masked
Layer layer3.1.conv2.weight: 1/256 channels masked
Layer layer4.0.conv1.weight: 12/512 channels masked
Layer layer4.0.conv2.weight: 45/512 channels masked
Layer layer4.0.downsample.0.weight: 96/512 channels masked
Layer layer4.1.conv1.weight: 24/512 channels masked
Layer layer4.1.conv2.weight: 22/512 channels masked
------------------------- time cost ------------------------- 17.050047636032104
ASR: 0.41658883612574255
attack_auc: 0.8517771953124779
Layer conv1.weight: 2/64 channels masked
Layer layer1.0.conv1.weight: 4/64 channels masked
Layer layer1.0.conv2.weight: 1/64 channels masked
Layer layer1.1.conv1.weight: 1/64 channels masked
Layer layer2.0.downsample.0.weight: 2/128 channels masked
Layer layer3.0.conv2.weight: 1/256 channels masked
Layer layer3.1.conv2.weight: 1/256 channels masked
Layer layer4.0.conv1.weight: 12/512 channels masked
Layer layer4.0.conv2.weight: 45/512 channels masked
Layer layer4.0.downsample.0.weight: 96/512 channels masked
Layer layer4.1.conv1.weight: 24/512 channels masked
Layer layer4.1.conv2.weight: 22/512 channels masked
------------------------- time cost ------------------------- 18.301517009735107
ASR: 0.4364645054888747
attack_auc: 0.8636300074394299
Layer conv1.weight: 2/64 channels masked
Layer layer1.0.conv1.weight: 4/64 channels masked
Layer layer1.0.conv2.weight: 1/64 channels masked
Layer layer1.1.conv1.weight: 1/64 channels masked
Layer layer2.0.downsample.0.weight: 2/128 channels masked
Layer layer3.0.conv2.weight: 1/256 channels masked
Layer layer3.1.conv2.weight: 1/256 channels masked
Layer layer4.0.conv1.weight: 12/512 channels masked
Layer layer4.0.conv2.weight: 45/512 channels masked
Layer layer4.0.downsample.0.weight: 96/512 channels masked
Layer layer4.1.conv1.weight: 24/512 channels masked
Layer layer4.1.conv2.weight: 22/512 channels masked
------------------------- time cost ------------------------- 15.173666715621948

-------------Round number: 90-------------

Evaluate personalized models
Averaged Train Loss: 0.5943
Averaged Test Accurancy: 0.6942
Averaged Test AUC: 0.9448
Std Test Accurancy: 0.1009
Std Test AUC: 0.0266
ASR: 0.4382178542147361
attack_auc: 0.8638719136906299
Layer conv1.weight: 2/64 channels masked
Layer layer1.0.conv1.weight: 4/64 channels masked
Layer layer1.0.conv2.weight: 1/64 channels masked
Layer layer1.1.conv1.weight: 1/64 channels masked
Layer layer2.0.downsample.0.weight: 2/128 channels masked
Layer layer3.0.conv2.weight: 1/256 channels masked
Layer layer3.1.conv2.weight: 1/256 channels masked
Layer layer4.0.conv1.weight: 12/512 channels masked
Layer layer4.0.conv2.weight: 45/512 channels masked
Layer layer4.0.downsample.0.weight: 96/512 channels masked
Layer layer4.1.conv1.weight: 24/512 channels masked
Layer layer4.1.conv2.weight: 22/512 channels masked
------------------------- time cost ------------------------- 25.08203625679016
ASR: 0.47794996374377163
attack_auc: 0.8772138408953263
Layer conv1.weight: 2/64 channels masked
Layer layer1.0.conv1.weight: 4/64 channels masked
Layer layer1.0.conv2.weight: 1/64 channels masked
Layer layer1.1.conv1.weight: 1/64 channels masked
Layer layer2.0.downsample.0.weight: 2/128 channels masked
Layer layer3.0.conv2.weight: 1/256 channels masked
Layer layer3.1.conv2.weight: 1/256 channels masked
Layer layer4.0.conv1.weight: 12/512 channels masked
Layer layer4.0.conv2.weight: 45/512 channels masked
Layer layer4.0.downsample.0.weight: 96/512 channels masked
Layer layer4.1.conv1.weight: 24/512 channels masked
Layer layer4.1.conv2.weight: 22/512 channels masked
------------------------- time cost ------------------------- 15.118976354598999
ASR: 0.4924207247503268
attack_auc: 0.8805313393955488
Layer conv1.weight: 2/64 channels masked
Layer layer1.0.conv1.weight: 4/64 channels masked
Layer layer1.0.conv2.weight: 1/64 channels masked
Layer layer1.1.conv1.weight: 1/64 channels masked
Layer layer2.0.downsample.0.weight: 2/128 channels masked
Layer layer3.0.conv2.weight: 1/256 channels masked
Layer layer3.1.conv2.weight: 1/256 channels masked
Layer layer4.0.conv1.weight: 12/512 channels masked
Layer layer4.0.conv2.weight: 45/512 channels masked
Layer layer4.0.downsample.0.weight: 96/512 channels masked
Layer layer4.1.conv1.weight: 24/512 channels masked
Layer layer4.1.conv2.weight: 22/512 channels masked
------------------------- time cost ------------------------- 13.738390684127808
ASR: 0.5142651095386471
attack_auc: 0.8882492252342928
Layer conv1.weight: 2/64 channels masked
Layer layer1.0.conv1.weight: 4/64 channels masked
Layer layer1.0.conv2.weight: 1/64 channels masked
Layer layer1.1.conv1.weight: 1/64 channels masked
Layer layer2.0.downsample.0.weight: 2/128 channels masked
Layer layer3.0.conv2.weight: 1/256 channels masked
Layer layer3.1.conv2.weight: 1/256 channels masked
Layer layer4.0.conv1.weight: 12/512 channels masked
Layer layer4.0.conv2.weight: 45/512 channels masked
Layer layer4.0.downsample.0.weight: 97/512 channels masked
Layer layer4.1.conv1.weight: 24/512 channels masked
Layer layer4.1.conv2.weight: 22/512 channels masked
------------------------- time cost ------------------------- 13.403067588806152
ASR: 0.5362719438996324
attack_auc: 0.8952207731389481
Layer conv1.weight: 2/64 channels masked
Layer layer1.0.conv1.weight: 4/64 channels masked
Layer layer1.0.conv2.weight: 1/64 channels masked
Layer layer1.1.conv1.weight: 1/64 channels masked
Layer layer2.0.downsample.0.weight: 2/128 channels masked
Layer layer3.0.conv2.weight: 1/256 channels masked
Layer layer3.1.conv2.weight: 1/256 channels masked
Layer layer4.0.conv1.weight: 12/512 channels masked
Layer layer4.0.conv2.weight: 45/512 channels masked
Layer layer4.0.downsample.0.weight: 98/512 channels masked
Layer layer4.1.conv1.weight: 24/512 channels masked
Layer layer4.1.conv2.weight: 23/512 channels masked
------------------------- time cost ------------------------- 18.812517642974854
ASR: 0.5312089282641679
attack_auc: 0.8908748201911088
Layer conv1.weight: 3/64 channels masked
Layer layer1.0.conv1.weight: 4/64 channels masked
Layer layer1.0.conv2.weight: 1/64 channels masked
Layer layer1.1.conv1.weight: 1/64 channels masked
Layer layer2.0.downsample.0.weight: 2/128 channels masked
Layer layer3.0.conv2.weight: 1/256 channels masked
Layer layer3.1.conv2.weight: 1/256 channels masked
Layer layer4.0.conv1.weight: 12/512 channels masked
Layer layer4.0.conv2.weight: 45/512 channels masked
Layer layer4.0.downsample.0.weight: 98/512 channels masked
Layer layer4.1.conv1.weight: 24/512 channels masked
Layer layer4.1.conv2.weight: 23/512 channels masked
------------------------- time cost ------------------------- 16.009698152542114
ASR: 0.4835892248801
attack_auc: 0.8757621563762181
Layer conv1.weight: 3/64 channels masked
Layer layer1.0.conv1.weight: 4/64 channels masked
Layer layer1.0.conv2.weight: 1/64 channels masked
Layer layer1.1.conv1.weight: 1/64 channels masked
Layer layer2.0.downsample.0.weight: 2/128 channels masked
Layer layer3.0.conv2.weight: 1/256 channels masked
Layer layer3.1.conv2.weight: 1/256 channels masked
Layer layer4.0.conv1.weight: 12/512 channels masked
Layer layer4.0.conv2.weight: 45/512 channels masked
Layer layer4.0.downsample.0.weight: 98/512 channels masked
Layer layer4.1.conv1.weight: 24/512 channels masked
Layer layer4.1.conv2.weight: 23/512 channels masked
------------------------- time cost ------------------------- 12.284470081329346
ASR: 0.48169894077426983
attack_auc: 0.873195296550016
Layer conv1.weight: 3/64 channels masked
Layer layer1.0.conv1.weight: 4/64 channels masked
Layer layer1.0.conv2.weight: 1/64 channels masked
Layer layer1.1.conv1.weight: 1/64 channels masked
Layer layer2.0.downsample.0.weight: 2/128 channels masked
Layer layer3.0.conv2.weight: 1/256 channels masked
Layer layer3.1.conv2.weight: 1/256 channels masked
Layer layer4.0.conv1.weight: 12/512 channels masked
Layer layer4.0.conv2.weight: 45/512 channels masked
Layer layer4.0.downsample.0.weight: 98/512 channels masked
Layer layer4.1.conv1.weight: 24/512 channels masked
Layer layer4.1.conv2.weight: 23/512 channels masked
------------------------- time cost ------------------------- 15.11998462677002
ASR: 0.4626273779158778
attack_auc: 0.8700641620911603
Layer conv1.weight: 3/64 channels masked
Layer layer1.0.conv1.weight: 4/64 channels masked
Layer layer1.0.conv2.weight: 1/64 channels masked
Layer layer1.1.conv1.weight: 1/64 channels masked
Layer layer2.0.downsample.0.weight: 2/128 channels masked
Layer layer3.0.conv2.weight: 1/256 channels masked
Layer layer3.1.conv2.weight: 1/256 channels masked
Layer layer4.0.conv1.weight: 12/512 channels masked
Layer layer4.0.conv2.weight: 45/512 channels masked
Layer layer4.0.downsample.0.weight: 98/512 channels masked
Layer layer4.1.conv1.weight: 24/512 channels masked
Layer layer4.1.conv2.weight: 23/512 channels masked
------------------------- time cost ------------------------- 15.262268781661987
ASR: 0.44795789632052174
attack_auc: 0.8628647860276126
Layer conv1.weight: 3/64 channels masked
Layer layer1.0.conv1.weight: 4/64 channels masked
Layer layer1.0.conv2.weight: 1/64 channels masked
Layer layer1.1.conv1.weight: 1/64 channels masked
Layer layer2.0.downsample.0.weight: 2/128 channels masked
Layer layer3.0.conv2.weight: 1/256 channels masked
Layer layer3.1.conv2.weight: 1/256 channels masked
Layer layer4.0.conv1.weight: 12/512 channels masked
Layer layer4.0.conv2.weight: 45/512 channels masked
Layer layer4.0.downsample.0.weight: 98/512 channels masked
Layer layer4.1.conv1.weight: 24/512 channels masked
Layer layer4.1.conv2.weight: 23/512 channels masked
------------------------- time cost ------------------------- 17.00484585762024

-------------Round number: 100-------------

Evaluate personalized models
Averaged Train Loss: 0.5409
Averaged Test Accurancy: 0.7011
Averaged Test AUC: 0.9448
Std Test Accurancy: 0.1012
Std Test AUC: 0.0273
ASR: 0.47008795894556116
attack_auc: 0.8714444192342425
Layer conv1.weight: 3/64 channels masked
Layer layer1.0.conv1.weight: 4/64 channels masked
Layer layer1.0.conv2.weight: 1/64 channels masked
Layer layer1.1.conv1.weight: 1/64 channels masked
Layer layer2.0.downsample.0.weight: 2/128 channels masked
Layer layer3.0.conv2.weight: 1/256 channels masked
Layer layer3.1.conv2.weight: 1/256 channels masked
Layer layer4.0.conv1.weight: 12/512 channels masked
Layer layer4.0.conv2.weight: 46/512 channels masked
Layer layer4.0.downsample.0.weight: 98/512 channels masked
Layer layer4.1.conv1.weight: 25/512 channels masked
Layer layer4.1.conv2.weight: 23/512 channels masked
------------------------- time cost ------------------------- 25.005621671676636
ASR: 0.5175981761516819
attack_auc: 0.8901514363330004
Layer conv1.weight: 3/64 channels masked
Layer layer1.0.conv1.weight: 4/64 channels masked
Layer layer1.0.conv2.weight: 1/64 channels masked
Layer layer1.1.conv1.weight: 1/64 channels masked
Layer layer2.0.downsample.0.weight: 2/128 channels masked
Layer layer3.0.conv2.weight: 1/256 channels masked
Layer layer3.1.conv2.weight: 1/256 channels masked
Layer layer4.0.conv1.weight: 12/512 channels masked
Layer layer4.0.conv2.weight: 47/512 channels masked
Layer layer4.0.downsample.0.weight: 98/512 channels masked
Layer layer4.1.conv1.weight: 26/512 channels masked
Layer layer4.1.conv2.weight: 23/512 channels masked
------------------------- time cost ------------------------- 15.962459087371826
ASR: 0.5245587449070445
attack_auc: 0.8913356028291587
Layer conv1.weight: 3/64 channels masked
Layer layer1.0.conv1.weight: 4/64 channels masked
Layer layer1.0.conv2.weight: 1/64 channels masked
Layer layer1.1.conv1.weight: 1/64 channels masked
Layer layer2.0.downsample.0.weight: 2/128 channels masked
Layer layer3.0.conv2.weight: 1/256 channels masked
Layer layer3.1.conv2.weight: 1/256 channels masked
Layer layer4.0.conv1.weight: 12/512 channels masked
Layer layer4.0.conv2.weight: 47/512 channels masked
Layer layer4.0.downsample.0.weight: 98/512 channels masked
Layer layer4.1.conv1.weight: 26/512 channels masked
Layer layer4.1.conv2.weight: 23/512 channels masked
------------------------- time cost ------------------------- 19.369772911071777
ASR: 0.5185122522592999
attack_auc: 0.8894504332582879
Layer conv1.weight: 2/64 channels masked
Layer layer1.0.conv1.weight: 4/64 channels masked
Layer layer1.0.conv2.weight: 1/64 channels masked
Layer layer1.1.conv1.weight: 1/64 channels masked
Layer layer2.0.downsample.0.weight: 2/128 channels masked
Layer layer3.0.conv2.weight: 1/256 channels masked
Layer layer3.1.conv2.weight: 1/256 channels masked
Layer layer4.0.conv1.weight: 12/512 channels masked
Layer layer4.0.conv2.weight: 47/512 channels masked
Layer layer4.0.downsample.0.weight: 98/512 channels masked
Layer layer4.1.conv1.weight: 26/512 channels masked
Layer layer4.1.conv2.weight: 23/512 channels masked
------------------------- time cost ------------------------- 15.581403017044067
ASR: 0.5226212402773546
attack_auc: 0.891678677514096
Layer conv1.weight: 2/64 channels masked
Layer layer1.0.conv1.weight: 4/64 channels masked
Layer layer1.0.conv2.weight: 1/64 channels masked
Layer layer1.1.conv1.weight: 1/64 channels masked
Layer layer2.0.downsample.0.weight: 2/128 channels masked
Layer layer3.0.conv2.weight: 1/256 channels masked
Layer layer3.1.conv2.weight: 1/256 channels masked
Layer layer4.0.conv1.weight: 12/512 channels masked
Layer layer4.0.conv2.weight: 47/512 channels masked
Layer layer4.0.downsample.0.weight: 98/512 channels masked
Layer layer4.1.conv1.weight: 26/512 channels masked
Layer layer4.1.conv2.weight: 23/512 channels masked
------------------------- time cost ------------------------- 17.16379714012146
ASR: 0.5271503223103118
attack_auc: 0.8915322795458366
Layer conv1.weight: 2/64 channels masked
Layer layer1.0.conv1.weight: 4/64 channels masked
Layer layer1.0.conv2.weight: 1/64 channels masked
Layer layer1.1.conv1.weight: 1/64 channels masked
Layer layer2.0.downsample.0.weight: 2/128 channels masked
Layer layer3.0.conv2.weight: 1/256 channels masked
Layer layer3.1.conv2.weight: 1/256 channels masked
Layer layer4.0.conv1.weight: 12/512 channels masked
Layer layer4.0.conv2.weight: 47/512 channels masked
Layer layer4.0.downsample.0.weight: 98/512 channels masked
Layer layer4.1.conv1.weight: 26/512 channels masked
Layer layer4.1.conv2.weight: 23/512 channels masked
------------------------- time cost ------------------------- 16.69510507583618
ASR: 0.537282242873877
attack_auc: 0.894521283831709
Layer conv1.weight: 2/64 channels masked
Layer layer1.0.conv1.weight: 4/64 channels masked
Layer layer1.0.conv2.weight: 1/64 channels masked
Layer layer1.1.conv1.weight: 1/64 channels masked
Layer layer2.0.downsample.0.weight: 2/128 channels masked
Layer layer3.0.conv2.weight: 1/256 channels masked
Layer layer3.1.conv2.weight: 1/256 channels masked
Layer layer4.0.conv1.weight: 12/512 channels masked
Layer layer4.0.conv2.weight: 49/512 channels masked
Layer layer4.0.downsample.0.weight: 98/512 channels masked
Layer layer4.1.conv1.weight: 26/512 channels masked
Layer layer4.1.conv2.weight: 23/512 channels masked
------------------------- time cost ------------------------- 17.52693462371826
ASR: 0.48087686293033854
attack_auc: 0.8729630335336918
Layer conv1.weight: 2/64 channels masked
Layer layer1.0.conv1.weight: 4/64 channels masked
Layer layer1.0.conv2.weight: 1/64 channels masked
Layer layer1.1.conv1.weight: 1/64 channels masked
Layer layer2.0.downsample.0.weight: 2/128 channels masked
Layer layer3.0.conv2.weight: 1/256 channels masked
Layer layer3.1.conv2.weight: 1/256 channels masked
Layer layer4.0.conv1.weight: 12/512 channels masked
Layer layer4.0.conv2.weight: 49/512 channels masked
Layer layer4.0.downsample.0.weight: 98/512 channels masked
Layer layer4.1.conv1.weight: 26/512 channels masked
Layer layer4.1.conv2.weight: 23/512 channels masked
------------------------- time cost ------------------------- 14.535074710845947
ASR: 0.502255921243118
attack_auc: 0.8808791602413919
Layer conv1.weight: 2/64 channels masked
Layer layer1.0.conv1.weight: 4/64 channels masked
Layer layer1.0.conv2.weight: 1/64 channels masked
Layer layer1.1.conv1.weight: 1/64 channels masked
Layer layer2.0.downsample.0.weight: 2/128 channels masked
Layer layer3.0.conv2.weight: 1/256 channels masked
Layer layer3.1.conv2.weight: 1/256 channels masked
Layer layer4.0.conv1.weight: 12/512 channels masked
Layer layer4.0.conv2.weight: 50/512 channels masked
Layer layer4.0.downsample.0.weight: 98/512 channels masked
Layer layer4.1.conv1.weight: 27/512 channels masked
Layer layer4.1.conv2.weight: 37/512 channels masked
------------------------- time cost ------------------------- 17.110965490341187
ASR: 0.5004299232506079
attack_auc: 0.8792920623591851
Layer conv1.weight: 1/64 channels masked
Layer layer1.0.conv1.weight: 4/64 channels masked
Layer layer1.0.conv2.weight: 1/64 channels masked
Layer layer1.1.conv1.weight: 1/64 channels masked
Layer layer2.0.downsample.0.weight: 2/128 channels masked
Layer layer3.0.conv2.weight: 1/256 channels masked
Layer layer3.1.conv2.weight: 1/256 channels masked
Layer layer4.0.conv1.weight: 12/512 channels masked
Layer layer4.0.conv2.weight: 50/512 channels masked
Layer layer4.0.downsample.0.weight: 98/512 channels masked
Layer layer4.1.conv1.weight: 27/512 channels masked
Layer layer4.1.conv2.weight: 37/512 channels masked
------------------------- time cost ------------------------- 13.81850528717041

-------------Round number: 110-------------

Evaluate personalized models
Averaged Train Loss: 0.5402
Averaged Test Accurancy: 0.6951
Averaged Test AUC: 0.9438
Std Test Accurancy: 0.1131
Std Test AUC: 0.0307
ASR: 0.5089440868874715
attack_auc: 0.8840555551187723
Layer conv1.weight: 1/64 channels masked
Layer layer1.0.conv1.weight: 4/64 channels masked
Layer layer1.0.conv2.weight: 1/64 channels masked
Layer layer1.1.conv1.weight: 1/64 channels masked
Layer layer2.0.downsample.0.weight: 2/128 channels masked
Layer layer3.0.conv2.weight: 1/256 channels masked
Layer layer3.1.conv2.weight: 1/256 channels masked
Layer layer4.0.conv1.weight: 12/512 channels masked
Layer layer4.0.conv2.weight: 50/512 channels masked
Layer layer4.0.downsample.0.weight: 98/512 channels masked
Layer layer4.1.conv1.weight: 27/512 channels masked
Layer layer4.1.conv2.weight: 39/512 channels masked
------------------------- time cost ------------------------- 24.336488246917725
ASR: 0.5099598917781754
attack_auc: 0.8891048998877835
Layer conv1.weight: 2/64 channels masked
Layer layer1.0.conv1.weight: 4/64 channels masked
Layer layer1.0.conv2.weight: 1/64 channels masked
Layer layer1.1.conv1.weight: 1/64 channels masked
Layer layer2.0.downsample.0.weight: 2/128 channels masked
Layer layer3.0.conv2.weight: 1/256 channels masked
Layer layer3.1.conv2.weight: 1/256 channels masked
Layer layer4.0.conv1.weight: 13/512 channels masked
Layer layer4.0.conv2.weight: 50/512 channels masked
Layer layer4.0.downsample.0.weight: 98/512 channels masked
Layer layer4.1.conv1.weight: 27/512 channels masked
Layer layer4.1.conv2.weight: 39/512 channels masked
------------------------- time cost ------------------------- 12.779128313064575
ASR: 0.512095125706006
attack_auc: 0.8859329772098046
Layer conv1.weight: 2/64 channels masked
Layer layer1.0.conv1.weight: 3/64 channels masked
Layer layer1.0.conv2.weight: 1/64 channels masked
Layer layer1.1.conv1.weight: 1/64 channels masked
Layer layer2.0.downsample.0.weight: 2/128 channels masked
Layer layer3.0.conv2.weight: 1/256 channels masked
Layer layer3.1.conv2.weight: 1/256 channels masked
Layer layer4.0.conv1.weight: 14/512 channels masked
Layer layer4.0.conv2.weight: 50/512 channels masked
Layer layer4.0.downsample.0.weight: 98/512 channels masked
Layer layer4.1.conv1.weight: 28/512 channels masked
Layer layer4.1.conv2.weight: 39/512 channels masked
------------------------- time cost ------------------------- 17.309060096740723
ASR: 0.5209330198081827
attack_auc: 0.8907480331382135
Layer conv1.weight: 2/64 channels masked
Layer layer1.0.conv1.weight: 3/64 channels masked
Layer layer1.0.conv2.weight: 1/64 channels masked
Layer layer1.1.conv1.weight: 1/64 channels masked
Layer layer2.0.downsample.0.weight: 2/128 channels masked
Layer layer3.0.conv2.weight: 1/256 channels masked
Layer layer3.1.conv2.weight: 1/256 channels masked
Layer layer4.0.conv1.weight: 14/512 channels masked
Layer layer4.0.conv2.weight: 50/512 channels masked
Layer layer4.0.downsample.0.weight: 98/512 channels masked
Layer layer4.1.conv1.weight: 28/512 channels masked
Layer layer4.1.conv2.weight: 39/512 channels masked
------------------------- time cost ------------------------- 15.15468716621399
ASR: 0.547693034607045
attack_auc: 0.8994312132113376
Layer conv1.weight: 3/64 channels masked
Layer layer1.0.conv1.weight: 3/64 channels masked
Layer layer1.0.conv2.weight: 1/64 channels masked
Layer layer1.1.conv1.weight: 1/64 channels masked
Layer layer2.0.downsample.0.weight: 2/128 channels masked
Layer layer3.0.conv2.weight: 1/256 channels masked
Layer layer3.1.conv2.weight: 1/256 channels masked
Layer layer4.0.conv1.weight: 14/512 channels masked
Layer layer4.0.conv2.weight: 50/512 channels masked
Layer layer4.0.downsample.0.weight: 98/512 channels masked
Layer layer4.1.conv1.weight: 28/512 channels masked
Layer layer4.1.conv2.weight: 39/512 channels masked
------------------------- time cost ------------------------- 14.723732709884644
ASR: 0.5432632967199793
attack_auc: 0.8940821239657976
Layer conv1.weight: 3/64 channels masked
Layer layer1.0.conv1.weight: 3/64 channels masked
Layer layer1.0.conv2.weight: 1/64 channels masked
Layer layer1.1.conv1.weight: 1/64 channels masked
Layer layer2.0.downsample.0.weight: 2/128 channels masked
Layer layer3.0.conv2.weight: 1/256 channels masked
Layer layer3.1.conv2.weight: 1/256 channels masked
Layer layer4.0.conv1.weight: 14/512 channels masked
Layer layer4.0.conv2.weight: 50/512 channels masked
Layer layer4.0.downsample.0.weight: 98/512 channels masked
Layer layer4.1.conv1.weight: 28/512 channels masked
Layer layer4.1.conv2.weight: 39/512 channels masked
------------------------- time cost ------------------------- 17.966426849365234
ASR: 0.502592541628046
attack_auc: 0.8846934026762184
Layer conv1.weight: 3/64 channels masked
Layer layer1.0.conv1.weight: 3/64 channels masked
Layer layer1.0.conv2.weight: 1/64 channels masked
Layer layer1.1.conv1.weight: 1/64 channels masked
Layer layer2.0.downsample.0.weight: 2/128 channels masked
Layer layer3.0.conv2.weight: 1/256 channels masked
Layer layer3.1.conv2.weight: 1/256 channels masked
Layer layer4.0.conv1.weight: 14/512 channels masked
Layer layer4.0.conv2.weight: 50/512 channels masked
Layer layer4.0.downsample.0.weight: 98/512 channels masked
Layer layer4.1.conv1.weight: 28/512 channels masked
Layer layer4.1.conv2.weight: 39/512 channels masked
------------------------- time cost ------------------------- 17.394918203353882
ASR: 0.49265381045628437
attack_auc: 0.8774589933659952
Layer conv1.weight: 3/64 channels masked
Layer layer1.0.conv1.weight: 3/64 channels masked
Layer layer1.0.conv2.weight: 1/64 channels masked
Layer layer1.1.conv1.weight: 1/64 channels masked
Layer layer2.0.downsample.0.weight: 2/128 channels masked
Layer layer3.0.conv2.weight: 1/256 channels masked
Layer layer3.1.conv2.weight: 1/256 channels masked
Layer layer4.0.conv1.weight: 14/512 channels masked
Layer layer4.0.conv2.weight: 50/512 channels masked
Layer layer4.0.downsample.0.weight: 98/512 channels masked
Layer layer4.1.conv1.weight: 28/512 channels masked
Layer layer4.1.conv2.weight: 39/512 channels masked
------------------------- time cost ------------------------- 17.30498504638672
ASR: 0.4591849289119437
attack_auc: 0.8719525110255433
Layer conv1.weight: 3/64 channels masked
Layer layer1.0.conv1.weight: 3/64 channels masked
Layer layer1.0.conv2.weight: 1/64 channels masked
Layer layer1.1.conv1.weight: 1/64 channels masked
Layer layer2.0.downsample.0.weight: 2/128 channels masked
Layer layer3.0.conv2.weight: 1/256 channels masked
Layer layer3.1.conv2.weight: 1/256 channels masked
Layer layer4.0.conv1.weight: 14/512 channels masked
Layer layer4.0.conv2.weight: 50/512 channels masked
Layer layer4.0.downsample.0.weight: 98/512 channels masked
Layer layer4.1.conv1.weight: 28/512 channels masked
Layer layer4.1.conv2.weight: 39/512 channels masked
------------------------- time cost ------------------------- 15.683306694030762
ASR: 0.4841499671629281
attack_auc: 0.8786012932862451
Layer conv1.weight: 3/64 channels masked
Layer layer1.0.conv1.weight: 3/64 channels masked
Layer layer1.0.conv2.weight: 1/64 channels masked
Layer layer1.1.conv1.weight: 1/64 channels masked
Layer layer2.0.downsample.0.weight: 2/128 channels masked
Layer layer3.0.conv2.weight: 1/256 channels masked
Layer layer3.1.conv2.weight: 1/256 channels masked
Layer layer4.0.conv1.weight: 14/512 channels masked
Layer layer4.0.conv2.weight: 50/512 channels masked
Layer layer4.0.downsample.0.weight: 98/512 channels masked
Layer layer4.1.conv1.weight: 28/512 channels masked
Layer layer4.1.conv2.weight: 39/512 channels masked
------------------------- time cost ------------------------- 15.11715579032898

-------------Round number: 120-------------

Evaluate personalized models
Averaged Train Loss: 0.4267
Averaged Test Accurancy: 0.7027
Averaged Test AUC: 0.9472
Std Test Accurancy: 0.1061
Std Test AUC: 0.0274
ASR: 0.4935192439345746
attack_auc: 0.8818718883952905
Layer conv1.weight: 3/64 channels masked
Layer layer1.0.conv1.weight: 3/64 channels masked
Layer layer1.0.conv2.weight: 1/64 channels masked
Layer layer1.1.conv1.weight: 1/64 channels masked
Layer layer2.0.downsample.0.weight: 2/128 channels masked
Layer layer3.0.conv2.weight: 1/256 channels masked
Layer layer3.1.conv2.weight: 1/256 channels masked
Layer layer4.0.conv1.weight: 14/512 channels masked
Layer layer4.0.conv2.weight: 50/512 channels masked
Layer layer4.0.downsample.0.weight: 98/512 channels masked
Layer layer4.1.conv1.weight: 28/512 channels masked
Layer layer4.1.conv2.weight: 39/512 channels masked
------------------------- time cost ------------------------- 24.19538378715515
ASR: 0.46952723163202925
attack_auc: 0.8732619933508244
Layer conv1.weight: 3/64 channels masked
Layer layer1.0.conv1.weight: 3/64 channels masked
Layer layer1.0.conv2.weight: 1/64 channels masked
Layer layer1.1.conv1.weight: 1/64 channels masked
Layer layer2.0.downsample.0.weight: 2/128 channels masked
Layer layer3.0.conv2.weight: 1/256 channels masked
Layer layer3.1.conv2.weight: 1/256 channels masked
Layer layer4.0.conv1.weight: 14/512 channels masked
Layer layer4.0.conv2.weight: 52/512 channels masked
Layer layer4.0.downsample.0.weight: 99/512 channels masked
Layer layer4.1.conv1.weight: 28/512 channels masked
Layer layer4.1.conv2.weight: 40/512 channels masked
------------------------- time cost ------------------------- 17.71375322341919
ASR: 0.4572768101899624
attack_auc: 0.8699051138196129
Layer conv1.weight: 3/64 channels masked
Layer layer1.0.conv1.weight: 3/64 channels masked
Layer layer1.0.conv2.weight: 1/64 channels masked
Layer layer1.1.conv1.weight: 1/64 channels masked
Layer layer2.0.downsample.0.weight: 2/128 channels masked
Layer layer3.0.conv2.weight: 1/256 channels masked
Layer layer3.1.conv2.weight: 1/256 channels masked
Layer layer4.0.conv1.weight: 14/512 channels masked
Layer layer4.0.conv2.weight: 53/512 channels masked
Layer layer4.0.downsample.0.weight: 99/512 channels masked
Layer layer4.1.conv1.weight: 28/512 channels masked
Layer layer4.1.conv2.weight: 40/512 channels masked
------------------------- time cost ------------------------- 18.208200693130493
ASR: 0.47659875490984766
attack_auc: 0.8773939085974715
Layer conv1.weight: 3/64 channels masked
Layer layer1.0.conv1.weight: 3/64 channels masked
Layer layer1.0.conv2.weight: 1/64 channels masked
Layer layer1.1.conv1.weight: 1/64 channels masked
Layer layer2.0.downsample.0.weight: 2/128 channels masked
Layer layer3.0.conv2.weight: 1/256 channels masked
Layer layer3.1.conv2.weight: 1/256 channels masked
Layer layer4.0.conv1.weight: 14/512 channels masked
Layer layer4.0.conv2.weight: 54/512 channels masked
Layer layer4.0.downsample.0.weight: 99/512 channels masked
Layer layer4.1.conv1.weight: 28/512 channels masked
Layer layer4.1.conv2.weight: 40/512 channels masked
------------------------- time cost ------------------------- 16.31973648071289
ASR: 0.49410124380442905
attack_auc: 0.8849858119764513
Layer conv1.weight: 3/64 channels masked
Layer layer1.0.conv1.weight: 3/64 channels masked
Layer layer1.0.conv2.weight: 1/64 channels masked
Layer layer1.1.conv1.weight: 1/64 channels masked
Layer layer2.0.downsample.0.weight: 2/128 channels masked
Layer layer3.0.conv2.weight: 1/256 channels masked
Layer layer3.1.conv2.weight: 1/256 channels masked
Layer layer4.0.conv1.weight: 14/512 channels masked
Layer layer4.0.conv2.weight: 54/512 channels masked
Layer layer4.0.downsample.0.weight: 99/512 channels masked
Layer layer4.1.conv1.weight: 28/512 channels masked
Layer layer4.1.conv2.weight: 40/512 channels masked
------------------------- time cost ------------------------- 16.9667227268219
ASR: 0.5147418813558308
attack_auc: 0.8903059379351335
Layer conv1.weight: 3/64 channels masked
Layer layer1.0.conv1.weight: 3/64 channels masked
Layer layer1.0.conv2.weight: 1/64 channels masked
Layer layer1.1.conv1.weight: 1/64 channels masked
Layer layer2.0.downsample.0.weight: 2/128 channels masked
Layer layer3.0.conv2.weight: 1/256 channels masked
Layer layer3.1.conv2.weight: 1/256 channels masked
Layer layer4.0.conv1.weight: 14/512 channels masked
Layer layer4.0.conv2.weight: 54/512 channels masked
Layer layer4.0.downsample.0.weight: 99/512 channels masked
Layer layer4.1.conv1.weight: 29/512 channels masked
Layer layer4.1.conv2.weight: 40/512 channels masked
------------------------- time cost ------------------------- 13.91595196723938
ASR: 0.5208570994305005
attack_auc: 0.8936036273683211
Layer conv1.weight: 3/64 channels masked
Layer layer1.0.conv1.weight: 3/64 channels masked
Layer layer1.0.conv2.weight: 1/64 channels masked
Layer layer1.1.conv1.weight: 1/64 channels masked
Layer layer2.0.downsample.0.weight: 2/128 channels masked
Layer layer3.0.conv2.weight: 1/256 channels masked
Layer layer3.1.conv2.weight: 1/256 channels masked
Layer layer4.0.conv1.weight: 14/512 channels masked
Layer layer4.0.conv2.weight: 54/512 channels masked
Layer layer4.0.downsample.0.weight: 99/512 channels masked
Layer layer4.1.conv1.weight: 29/512 channels masked
Layer layer4.1.conv2.weight: 40/512 channels masked
------------------------- time cost ------------------------- 14.465689897537231
ASR: 0.4948512010017134
attack_auc: 0.8839331346685243
Layer conv1.weight: 6/64 channels masked
Layer layer1.0.conv1.weight: 3/64 channels masked
Layer layer1.0.conv2.weight: 1/64 channels masked
Layer layer1.1.conv1.weight: 1/64 channels masked
Layer layer2.0.downsample.0.weight: 2/128 channels masked
Layer layer3.0.conv2.weight: 1/256 channels masked
Layer layer3.1.conv2.weight: 1/256 channels masked
Layer layer4.0.conv1.weight: 14/512 channels masked
Layer layer4.0.conv2.weight: 54/512 channels masked
Layer layer4.0.downsample.0.weight: 99/512 channels masked
Layer layer4.1.conv1.weight: 29/512 channels masked
Layer layer4.1.conv2.weight: 40/512 channels masked
------------------------- time cost ------------------------- 17.82552194595337
ASR: 0.47543624291365505
attack_auc: 0.8803266286076188
Layer conv1.weight: 6/64 channels masked
Layer layer1.0.conv1.weight: 3/64 channels masked
Layer layer1.0.conv2.weight: 1/64 channels masked
Layer layer1.1.conv1.weight: 1/64 channels masked
Layer layer2.0.downsample.0.weight: 2/128 channels masked
Layer layer3.0.conv2.weight: 1/256 channels masked
Layer layer3.1.conv2.weight: 1/256 channels masked
Layer layer4.0.conv1.weight: 14/512 channels masked
Layer layer4.0.conv2.weight: 54/512 channels masked
Layer layer4.0.downsample.0.weight: 99/512 channels masked
Layer layer4.1.conv1.weight: 29/512 channels masked
Layer layer4.1.conv2.weight: 40/512 channels masked
------------------------- time cost ------------------------- 16.84274673461914
ASR: 0.4597203825557202
attack_auc: 0.8744467782464355
Layer conv1.weight: 6/64 channels masked
Layer layer1.0.conv1.weight: 3/64 channels masked
Layer layer1.0.conv2.weight: 1/64 channels masked
Layer layer1.1.conv1.weight: 1/64 channels masked
Layer layer2.0.downsample.0.weight: 2/128 channels masked
Layer layer3.0.conv2.weight: 1/256 channels masked
Layer layer3.1.conv2.weight: 1/256 channels masked
Layer layer4.0.conv1.weight: 14/512 channels masked
Layer layer4.0.conv2.weight: 54/512 channels masked
Layer layer4.0.downsample.0.weight: 99/512 channels masked
Layer layer4.1.conv1.weight: 29/512 channels masked
Layer layer4.1.conv2.weight: 40/512 channels masked
------------------------- time cost ------------------------- 15.445897817611694

-------------Round number: 130-------------

Evaluate personalized models
Averaged Train Loss: 0.4498
Averaged Test Accurancy: 0.6941
Averaged Test AUC: 0.9439
Std Test Accurancy: 0.1129
Std Test AUC: 0.0297
ASR: 0.4847896536284563
attack_auc: 0.8865646507802161
Layer conv1.weight: 6/64 channels masked
Layer layer1.0.conv1.weight: 3/64 channels masked
Layer layer1.0.conv2.weight: 1/64 channels masked
Layer layer1.1.conv1.weight: 1/64 channels masked
Layer layer2.0.downsample.0.weight: 2/128 channels masked
Layer layer3.0.conv2.weight: 1/256 channels masked
Layer layer3.1.conv2.weight: 1/256 channels masked
Layer layer4.0.conv1.weight: 14/512 channels masked
Layer layer4.0.conv2.weight: 54/512 channels masked
Layer layer4.0.downsample.0.weight: 99/512 channels masked
Layer layer4.1.conv1.weight: 29/512 channels masked
Layer layer4.1.conv2.weight: 40/512 channels masked
------------------------- time cost ------------------------- 24.338074684143066
ASR: 0.5132046251812827
attack_auc: 0.8948922943555198
Layer conv1.weight: 6/64 channels masked
Layer layer1.0.conv1.weight: 3/64 channels masked
Layer layer1.0.conv2.weight: 1/64 channels masked
Layer layer1.1.conv1.weight: 1/64 channels masked
Layer layer2.0.downsample.0.weight: 2/128 channels masked
Layer layer3.0.conv2.weight: 1/256 channels masked
Layer layer3.1.conv2.weight: 1/256 channels masked
Layer layer4.0.conv1.weight: 14/512 channels masked
Layer layer4.0.conv2.weight: 54/512 channels masked
Layer layer4.0.downsample.0.weight: 99/512 channels masked
Layer layer4.1.conv1.weight: 29/512 channels masked
Layer layer4.1.conv2.weight: 40/512 channels masked
------------------------- time cost ------------------------- 14.740135669708252
ASR: 0.5287068501916117
attack_auc: 0.8967546555025245
Layer conv1.weight: 6/64 channels masked
Layer layer1.0.conv1.weight: 3/64 channels masked
Layer layer1.0.conv2.weight: 1/64 channels masked
Layer layer1.1.conv1.weight: 1/64 channels masked
Layer layer2.0.downsample.0.weight: 2/128 channels masked
Layer layer3.0.conv2.weight: 1/256 channels masked
Layer layer3.1.conv2.weight: 1/256 channels masked
Layer layer4.0.conv1.weight: 14/512 channels masked
Layer layer4.0.conv2.weight: 54/512 channels masked
Layer layer4.0.downsample.0.weight: 99/512 channels masked
Layer layer4.1.conv1.weight: 29/512 channels masked
Layer layer4.1.conv2.weight: 46/512 channels masked
------------------------- time cost ------------------------- 16.037651538848877
ASR: 0.4966132290889046
attack_auc: 0.8902443936740794
Layer conv1.weight: 6/64 channels masked
Layer layer1.0.conv1.weight: 3/64 channels masked
Layer layer1.0.conv2.weight: 1/64 channels masked
Layer layer1.1.conv1.weight: 1/64 channels masked
Layer layer2.0.downsample.0.weight: 2/128 channels masked
Layer layer3.0.conv2.weight: 1/256 channels masked
Layer layer3.1.conv2.weight: 1/256 channels masked
Layer layer4.0.conv1.weight: 14/512 channels masked
Layer layer4.0.conv2.weight: 54/512 channels masked
Layer layer4.0.downsample.0.weight: 99/512 channels masked
Layer layer4.1.conv1.weight: 29/512 channels masked
Layer layer4.1.conv2.weight: 46/512 channels masked
------------------------- time cost ------------------------- 18.912565231323242
ASR: 0.5431712125457292
attack_auc: 0.9025329211183915
Layer conv1.weight: 6/64 channels masked
Layer layer1.0.conv1.weight: 3/64 channels masked
Layer layer1.0.conv2.weight: 1/64 channels masked
Layer layer1.1.conv1.weight: 1/64 channels masked
Layer layer2.0.downsample.0.weight: 2/128 channels masked
Layer layer3.0.conv2.weight: 1/256 channels masked
Layer layer3.1.conv2.weight: 1/256 channels masked
Layer layer4.0.conv1.weight: 14/512 channels masked
Layer layer4.0.conv2.weight: 54/512 channels masked
Layer layer4.0.downsample.0.weight: 100/512 channels masked
Layer layer4.1.conv1.weight: 29/512 channels masked
Layer layer4.1.conv2.weight: 47/512 channels masked
------------------------- time cost ------------------------- 16.466429233551025
ASR: 0.5398976470476087
attack_auc: 0.9009635967708296
Layer conv1.weight: 6/64 channels masked
Layer layer1.0.conv1.weight: 3/64 channels masked
Layer layer1.0.conv2.weight: 1/64 channels masked
Layer layer1.1.conv1.weight: 1/64 channels masked
Layer layer2.0.downsample.0.weight: 2/128 channels masked
Layer layer3.0.conv2.weight: 1/256 channels masked
Layer layer3.1.conv2.weight: 1/256 channels masked
Layer layer4.0.conv1.weight: 14/512 channels masked
Layer layer4.0.conv2.weight: 55/512 channels masked
Layer layer4.0.downsample.0.weight: 100/512 channels masked
Layer layer4.1.conv1.weight: 29/512 channels masked
Layer layer4.1.conv2.weight: 47/512 channels masked
------------------------- time cost ------------------------- 16.463363647460938
ASR: 0.497364834650025
attack_auc: 0.8885530810714926
Layer conv1.weight: 6/64 channels masked
Layer layer1.0.conv1.weight: 3/64 channels masked
Layer layer1.0.conv2.weight: 1/64 channels masked
Layer layer1.1.conv1.weight: 1/64 channels masked
Layer layer2.0.downsample.0.weight: 2/128 channels masked
Layer layer3.0.conv2.weight: 1/256 channels masked
Layer layer3.1.conv2.weight: 1/256 channels masked
Layer layer4.0.conv1.weight: 14/512 channels masked
Layer layer4.0.conv2.weight: 55/512 channels masked
Layer layer4.0.downsample.0.weight: 100/512 channels masked
Layer layer4.1.conv1.weight: 29/512 channels masked
Layer layer4.1.conv2.weight: 47/512 channels masked
------------------------- time cost ------------------------- 16.23614740371704
ASR: 0.4696036307111034
attack_auc: 0.8792542897025837
Layer conv1.weight: 6/64 channels masked
Layer layer1.0.conv1.weight: 3/64 channels masked
Layer layer1.0.conv2.weight: 1/64 channels masked
Layer layer1.1.conv1.weight: 1/64 channels masked
Layer layer2.0.downsample.0.weight: 2/128 channels masked
Layer layer3.0.conv2.weight: 1/256 channels masked
Layer layer3.1.conv2.weight: 1/256 channels masked
Layer layer4.0.conv1.weight: 15/512 channels masked
Layer layer4.0.conv2.weight: 56/512 channels masked
Layer layer4.0.downsample.0.weight: 100/512 channels masked
Layer layer4.1.conv1.weight: 30/512 channels masked
Layer layer4.1.conv2.weight: 47/512 channels masked
------------------------- time cost ------------------------- 14.142016172409058
ASR: 0.475933424142166
attack_auc: 0.8803927843511261
Layer conv1.weight: 6/64 channels masked
Layer layer1.0.conv1.weight: 3/64 channels masked
Layer layer1.0.conv2.weight: 1/64 channels masked
Layer layer1.1.conv1.weight: 1/64 channels masked
Layer layer2.0.downsample.0.weight: 2/128 channels masked
Layer layer3.0.conv2.weight: 1/256 channels masked
Layer layer3.1.conv2.weight: 1/256 channels masked
Layer layer4.0.conv1.weight: 15/512 channels masked
Layer layer4.0.conv2.weight: 56/512 channels masked
Layer layer4.0.downsample.0.weight: 100/512 channels masked
Layer layer4.1.conv1.weight: 30/512 channels masked
Layer layer4.1.conv2.weight: 47/512 channels masked
------------------------- time cost ------------------------- 15.358375549316406
ASR: 0.46423296239626777
attack_auc: 0.8801290477890411
Layer conv1.weight: 5/64 channels masked
Layer layer1.0.conv1.weight: 3/64 channels masked
Layer layer1.0.conv2.weight: 1/64 channels masked
Layer layer1.1.conv1.weight: 1/64 channels masked
Layer layer2.0.downsample.0.weight: 2/128 channels masked
Layer layer3.0.conv2.weight: 1/256 channels masked
Layer layer3.1.conv2.weight: 1/256 channels masked
Layer layer4.0.conv1.weight: 15/512 channels masked
Layer layer4.0.conv2.weight: 56/512 channels masked
Layer layer4.0.downsample.0.weight: 100/512 channels masked
Layer layer4.1.conv1.weight: 31/512 channels masked
Layer layer4.1.conv2.weight: 47/512 channels masked
------------------------- time cost ------------------------- 16.484751224517822

-------------Round number: 140-------------

Evaluate personalized models
Averaged Train Loss: 0.3700
Averaged Test Accurancy: 0.7058
Averaged Test AUC: 0.9470
Std Test Accurancy: 0.1111
Std Test AUC: 0.0279
ASR: 0.4766049823097479
attack_auc: 0.8841500706618449
Layer conv1.weight: 5/64 channels masked
Layer layer1.0.conv1.weight: 3/64 channels masked
Layer layer1.0.conv2.weight: 1/64 channels masked
Layer layer1.1.conv1.weight: 1/64 channels masked
Layer layer2.0.downsample.0.weight: 2/128 channels masked
Layer layer3.0.conv2.weight: 1/256 channels masked
Layer layer3.1.conv2.weight: 1/256 channels masked
Layer layer4.0.conv1.weight: 15/512 channels masked
Layer layer4.0.conv2.weight: 56/512 channels masked
Layer layer4.0.downsample.0.weight: 100/512 channels masked
Layer layer4.1.conv1.weight: 31/512 channels masked
Layer layer4.1.conv2.weight: 47/512 channels masked
------------------------- time cost ------------------------- 24.484994888305664
ASR: 0.503187929851643
attack_auc: 0.8936921703161651
Layer conv1.weight: 5/64 channels masked
Layer layer1.0.conv1.weight: 3/64 channels masked
Layer layer1.0.conv2.weight: 1/64 channels masked
Layer layer1.1.conv1.weight: 1/64 channels masked
Layer layer2.0.downsample.0.weight: 2/128 channels masked
Layer layer3.0.conv2.weight: 1/256 channels masked
Layer layer3.1.conv2.weight: 1/256 channels masked
Layer layer4.0.conv1.weight: 15/512 channels masked
Layer layer4.0.conv2.weight: 56/512 channels masked
Layer layer4.0.downsample.0.weight: 100/512 channels masked
Layer layer4.1.conv1.weight: 31/512 channels masked
Layer layer4.1.conv2.weight: 47/512 channels masked
------------------------- time cost ------------------------- 15.009485483169556
ASR: 0.5050310630607642
attack_auc: 0.8922413800151899
Layer conv1.weight: 4/64 channels masked
Layer layer1.0.conv1.weight: 3/64 channels masked
Layer layer1.0.conv2.weight: 1/64 channels masked
Layer layer1.1.conv1.weight: 1/64 channels masked
Layer layer2.0.downsample.0.weight: 2/128 channels masked
Layer layer3.0.conv2.weight: 1/256 channels masked
Layer layer3.1.conv2.weight: 1/256 channels masked
Layer layer4.0.conv1.weight: 17/512 channels masked
Layer layer4.0.conv2.weight: 56/512 channels masked
Layer layer4.0.downsample.0.weight: 100/512 channels masked
Layer layer4.1.conv1.weight: 32/512 channels masked
Layer layer4.1.conv2.weight: 48/512 channels masked
------------------------- time cost ------------------------- 13.610559225082397
ASR: 0.5062792675341343
attack_auc: 0.8902143431674309
Layer conv1.weight: 4/64 channels masked
Layer layer1.0.conv1.weight: 3/64 channels masked
Layer layer1.0.conv2.weight: 1/64 channels masked
Layer layer1.1.conv1.weight: 1/64 channels masked
Layer layer2.0.downsample.0.weight: 2/128 channels masked
Layer layer3.0.conv2.weight: 1/256 channels masked
Layer layer3.1.conv2.weight: 1/256 channels masked
Layer layer4.0.conv1.weight: 18/512 channels masked
Layer layer4.0.conv2.weight: 56/512 channels masked
Layer layer4.0.downsample.0.weight: 100/512 channels masked
Layer layer4.1.conv1.weight: 32/512 channels masked
Layer layer4.1.conv2.weight: 48/512 channels masked
------------------------- time cost ------------------------- 19.312286853790283
ASR: 0.4951033283027288
attack_auc: 0.8862865776234455
Layer conv1.weight: 4/64 channels masked
Layer layer1.0.conv1.weight: 3/64 channels masked
Layer layer1.0.conv2.weight: 1/64 channels masked
Layer layer1.1.conv1.weight: 1/64 channels masked
Layer layer2.0.downsample.0.weight: 2/128 channels masked
Layer layer3.0.conv2.weight: 1/256 channels masked
Layer layer3.1.conv2.weight: 1/256 channels masked
Layer layer4.0.conv1.weight: 18/512 channels masked
Layer layer4.0.conv2.weight: 56/512 channels masked
Layer layer4.0.downsample.0.weight: 100/512 channels masked
Layer layer4.1.conv1.weight: 32/512 channels masked
Layer layer4.1.conv2.weight: 48/512 channels masked
------------------------- time cost ------------------------- 16.99066662788391
ASR: 0.47894187273920613
attack_auc: 0.883009227292011
Layer conv1.weight: 4/64 channels masked
Layer layer1.0.conv1.weight: 3/64 channels masked
Layer layer1.0.conv2.weight: 1/64 channels masked
Layer layer1.1.conv1.weight: 1/64 channels masked
Layer layer2.0.downsample.0.weight: 2/128 channels masked
Layer layer3.0.conv2.weight: 1/256 channels masked
Layer layer3.1.conv2.weight: 1/256 channels masked
Layer layer4.0.conv1.weight: 18/512 channels masked
Layer layer4.0.conv2.weight: 56/512 channels masked
Layer layer4.0.downsample.0.weight: 100/512 channels masked
Layer layer4.1.conv1.weight: 32/512 channels masked
Layer layer4.1.conv2.weight: 48/512 channels masked
------------------------- time cost ------------------------- 20.082587480545044
ASR: 0.48567854316674913
attack_auc: 0.8825635959782537
Layer conv1.weight: 4/64 channels masked
Layer layer1.0.conv1.weight: 3/64 channels masked
Layer layer1.0.conv2.weight: 1/64 channels masked
Layer layer1.1.conv1.weight: 1/64 channels masked
Layer layer2.0.downsample.0.weight: 2/128 channels masked
Layer layer3.0.conv2.weight: 1/256 channels masked
Layer layer3.1.conv2.weight: 1/256 channels masked
Layer layer4.0.conv1.weight: 18/512 channels masked
Layer layer4.0.conv2.weight: 56/512 channels masked
Layer layer4.0.downsample.0.weight: 100/512 channels masked
Layer layer4.1.conv1.weight: 32/512 channels masked
Layer layer4.1.conv2.weight: 48/512 channels masked
------------------------- time cost ------------------------- 17.64175271987915
ASR: 0.5064800892766809
attack_auc: 0.885918920152102
Layer conv1.weight: 4/64 channels masked
Layer layer1.0.conv1.weight: 3/64 channels masked
Layer layer1.0.conv2.weight: 1/64 channels masked
Layer layer1.1.conv1.weight: 1/64 channels masked
Layer layer2.0.downsample.0.weight: 2/128 channels masked
Layer layer3.0.conv2.weight: 1/256 channels masked
Layer layer3.1.conv2.weight: 1/256 channels masked
Layer layer4.0.conv1.weight: 18/512 channels masked
Layer layer4.0.conv2.weight: 56/512 channels masked
Layer layer4.0.downsample.0.weight: 100/512 channels masked
Layer layer4.1.conv1.weight: 32/512 channels masked
Layer layer4.1.conv2.weight: 48/512 channels masked
------------------------- time cost ------------------------- 16.99474835395813
ASR: 0.5216345694200218
attack_auc: 0.8931422021976682
Layer conv1.weight: 4/64 channels masked
Layer layer1.0.conv1.weight: 3/64 channels masked
Layer layer1.0.conv2.weight: 1/64 channels masked
Layer layer1.1.conv1.weight: 1/64 channels masked
Layer layer2.0.downsample.0.weight: 2/128 channels masked
Layer layer3.0.conv2.weight: 1/256 channels masked
Layer layer3.1.conv2.weight: 1/256 channels masked
Layer layer4.0.conv1.weight: 18/512 channels masked
Layer layer4.0.conv2.weight: 57/512 channels masked
Layer layer4.0.downsample.0.weight: 100/512 channels masked
Layer layer4.1.conv1.weight: 35/512 channels masked
Layer layer4.1.conv2.weight: 49/512 channels masked
------------------------- time cost ------------------------- 17.08053159713745
ASR: 0.5262906973166472
attack_auc: 0.8927308557362855
Layer conv1.weight: 4/64 channels masked
Layer layer1.0.conv1.weight: 3/64 channels masked
Layer layer1.0.conv2.weight: 1/64 channels masked
Layer layer1.1.conv1.weight: 1/64 channels masked
Layer layer2.0.downsample.0.weight: 2/128 channels masked
Layer layer3.0.conv2.weight: 1/256 channels masked
Layer layer3.1.conv2.weight: 1/256 channels masked
Layer layer4.0.conv1.weight: 18/512 channels masked
Layer layer4.0.conv2.weight: 57/512 channels masked
Layer layer4.0.downsample.0.weight: 100/512 channels masked
Layer layer4.1.conv1.weight: 35/512 channels masked
Layer layer4.1.conv2.weight: 49/512 channels masked
------------------------- time cost ------------------------- 15.588981628417969

-------------Round number: 150-------------

Evaluate personalized models
Averaged Train Loss: 0.3558
Averaged Test Accurancy: 0.7045
Averaged Test AUC: 0.9477
Std Test Accurancy: 0.1233
Std Test AUC: 0.0311
ASR: 0.5130976266136744
attack_auc: 0.8885892311353525
Layer conv1.weight: 4/64 channels masked
Layer layer1.0.conv1.weight: 3/64 channels masked
Layer layer1.0.conv2.weight: 1/64 channels masked
Layer layer1.1.conv1.weight: 1/64 channels masked
Layer layer2.0.downsample.0.weight: 2/128 channels masked
Layer layer3.0.conv2.weight: 1/256 channels masked
Layer layer3.1.conv2.weight: 1/256 channels masked
Layer layer4.0.conv1.weight: 18/512 channels masked
Layer layer4.0.conv2.weight: 57/512 channels masked
Layer layer4.0.downsample.0.weight: 100/512 channels masked
Layer layer4.1.conv1.weight: 35/512 channels masked
Layer layer4.1.conv2.weight: 49/512 channels masked
------------------------- time cost ------------------------- 23.28907608985901
ASR: 0.5116481432708354
attack_auc: 0.8896948868662693
Layer conv1.weight: 5/64 channels masked
Layer layer1.0.conv1.weight: 3/64 channels masked
Layer layer1.0.conv2.weight: 1/64 channels masked
Layer layer1.1.conv1.weight: 1/64 channels masked
Layer layer2.0.downsample.0.weight: 2/128 channels masked
Layer layer3.0.conv2.weight: 1/256 channels masked
Layer layer3.1.conv2.weight: 1/256 channels masked
Layer layer4.0.conv1.weight: 18/512 channels masked
Layer layer4.0.conv2.weight: 57/512 channels masked
Layer layer4.0.downsample.0.weight: 100/512 channels masked
Layer layer4.1.conv1.weight: 35/512 channels masked
Layer layer4.1.conv2.weight: 49/512 channels masked
------------------------- time cost ------------------------- 19.000252723693848
ASR: 0.5238164884002666
attack_auc: 0.8924934747579871
Layer conv1.weight: 5/64 channels masked
Layer layer1.0.conv1.weight: 3/64 channels masked
Layer layer1.0.conv2.weight: 1/64 channels masked
Layer layer1.1.conv1.weight: 1/64 channels masked
Layer layer2.0.downsample.0.weight: 2/128 channels masked
Layer layer3.0.conv2.weight: 1/256 channels masked
Layer layer3.1.conv2.weight: 1/256 channels masked
Layer layer4.0.conv1.weight: 18/512 channels masked
Layer layer4.0.conv2.weight: 57/512 channels masked
Layer layer4.0.downsample.0.weight: 100/512 channels masked
Layer layer4.1.conv1.weight: 35/512 channels masked
Layer layer4.1.conv2.weight: 49/512 channels masked
------------------------- time cost ------------------------- 15.570748329162598
ASR: 0.5304984428199675
attack_auc: 0.8976072243398611
Layer conv1.weight: 5/64 channels masked
Layer layer1.0.conv1.weight: 3/64 channels masked
Layer layer1.0.conv2.weight: 1/64 channels masked
Layer layer1.1.conv1.weight: 1/64 channels masked
Layer layer2.0.downsample.0.weight: 2/128 channels masked
Layer layer3.0.conv2.weight: 1/256 channels masked
Layer layer3.1.conv2.weight: 1/256 channels masked
Layer layer4.0.conv1.weight: 19/512 channels masked
Layer layer4.0.conv2.weight: 57/512 channels masked
Layer layer4.0.downsample.0.weight: 100/512 channels masked
Layer layer4.1.conv1.weight: 35/512 channels masked
Layer layer4.1.conv2.weight: 49/512 channels masked
------------------------- time cost ------------------------- 16.431701183319092
ASR: 0.5007803395699976
attack_auc: 0.888109997260031
Layer conv1.weight: 5/64 channels masked
Layer layer1.0.conv1.weight: 3/64 channels masked
Layer layer1.0.conv2.weight: 1/64 channels masked
Layer layer1.1.conv1.weight: 1/64 channels masked
Layer layer2.0.downsample.0.weight: 2/128 channels masked
Layer layer3.0.conv2.weight: 1/256 channels masked
Layer layer3.1.conv2.weight: 1/256 channels masked
Layer layer4.0.conv1.weight: 19/512 channels masked
Layer layer4.0.conv2.weight: 57/512 channels masked
Layer layer4.0.downsample.0.weight: 100/512 channels masked
Layer layer4.1.conv1.weight: 35/512 channels masked
Layer layer4.1.conv2.weight: 49/512 channels masked
------------------------- time cost ------------------------- 13.295424699783325
ASR: 0.5320755750452724
attack_auc: 0.894817646657176
Layer conv1.weight: 5/64 channels masked
Layer layer1.0.conv1.weight: 3/64 channels masked
Layer layer1.0.conv2.weight: 1/64 channels masked
Layer layer1.1.conv1.weight: 1/64 channels masked
Layer layer2.0.downsample.0.weight: 2/128 channels masked
Layer layer3.0.conv2.weight: 1/256 channels masked
Layer layer3.1.conv2.weight: 1/256 channels masked
Layer layer4.0.conv1.weight: 19/512 channels masked
Layer layer4.0.conv2.weight: 57/512 channels masked
Layer layer4.0.downsample.0.weight: 100/512 channels masked
Layer layer4.1.conv1.weight: 35/512 channels masked
Layer layer4.1.conv2.weight: 49/512 channels masked
------------------------- time cost ------------------------- 16.64470934867859
ASR: 0.5111487050563976
attack_auc: 0.8876399695107207
Layer conv1.weight: 5/64 channels masked
Layer layer1.0.conv1.weight: 3/64 channels masked
Layer layer1.0.conv2.weight: 1/64 channels masked
Layer layer1.1.conv1.weight: 1/64 channels masked
Layer layer2.0.downsample.0.weight: 2/128 channels masked
Layer layer3.0.conv2.weight: 1/256 channels masked
Layer layer3.1.conv2.weight: 1/256 channels masked
Layer layer4.0.conv1.weight: 19/512 channels masked
Layer layer4.0.conv2.weight: 57/512 channels masked
Layer layer4.0.downsample.0.weight: 100/512 channels masked
Layer layer4.1.conv1.weight: 35/512 channels masked
Layer layer4.1.conv2.weight: 49/512 channels masked
------------------------- time cost ------------------------- 17.003026723861694
ASR: 0.5333395060759263
attack_auc: 0.8945299875906048
Layer conv1.weight: 5/64 channels masked
Layer layer1.0.conv1.weight: 3/64 channels masked
Layer layer1.0.conv2.weight: 1/64 channels masked
Layer layer1.1.conv1.weight: 1/64 channels masked
Layer layer2.0.downsample.0.weight: 2/128 channels masked
Layer layer3.0.conv2.weight: 1/256 channels masked
Layer layer3.1.conv2.weight: 1/256 channels masked
Layer layer4.0.conv1.weight: 18/512 channels masked
Layer layer4.0.conv2.weight: 57/512 channels masked
Layer layer4.0.downsample.0.weight: 100/512 channels masked
Layer layer4.1.conv1.weight: 35/512 channels masked
Layer layer4.1.conv2.weight: 49/512 channels masked
------------------------- time cost ------------------------- 18.72928261756897
ASR: 0.5254211783078485
attack_auc: 0.8931376484847215
Layer conv1.weight: 5/64 channels masked
Layer layer1.0.conv1.weight: 3/64 channels masked
Layer layer1.0.conv2.weight: 1/64 channels masked
Layer layer1.1.conv1.weight: 1/64 channels masked
Layer layer2.0.downsample.0.weight: 2/128 channels masked
Layer layer3.0.conv2.weight: 1/256 channels masked
Layer layer3.1.conv2.weight: 1/256 channels masked
Layer layer4.0.conv1.weight: 20/512 channels masked
Layer layer4.0.conv2.weight: 57/512 channels masked
Layer layer4.0.downsample.0.weight: 100/512 channels masked
Layer layer4.1.conv1.weight: 36/512 channels masked
Layer layer4.1.conv2.weight: 49/512 channels masked
------------------------- time cost ------------------------- 15.80505895614624
ASR: 0.5333317850985736
attack_auc: 0.8955535746065605
Layer conv1.weight: 5/64 channels masked
Layer layer1.0.conv1.weight: 3/64 channels masked
Layer layer1.0.conv2.weight: 1/64 channels masked
Layer layer1.1.conv1.weight: 1/64 channels masked
Layer layer2.0.downsample.0.weight: 2/128 channels masked
Layer layer3.0.conv2.weight: 1/256 channels masked
Layer layer3.1.conv2.weight: 1/256 channels masked
Layer layer4.0.conv1.weight: 20/512 channels masked
Layer layer4.0.conv2.weight: 58/512 channels masked
Layer layer4.0.downsample.0.weight: 100/512 channels masked
Layer layer4.1.conv1.weight: 37/512 channels masked
Layer layer4.1.conv2.weight: 49/512 channels masked
------------------------- time cost ------------------------- 16.753762006759644

-------------Round number: 160-------------

Evaluate personalized models
Averaged Train Loss: 0.2470
Averaged Test Accurancy: 0.7236
Averaged Test AUC: 0.9517
Std Test Accurancy: 0.1057
Std Test AUC: 0.0246
ASR: 0.5133497721326314
attack_auc: 0.8890962358234054
Layer conv1.weight: 5/64 channels masked
Layer layer1.0.conv1.weight: 3/64 channels masked
Layer layer1.0.conv2.weight: 1/64 channels masked
Layer layer1.1.conv1.weight: 1/64 channels masked
Layer layer2.0.downsample.0.weight: 2/128 channels masked
Layer layer3.0.conv2.weight: 1/256 channels masked
Layer layer3.1.conv2.weight: 1/256 channels masked
Layer layer4.0.conv1.weight: 21/512 channels masked
Layer layer4.0.conv2.weight: 58/512 channels masked
Layer layer4.0.downsample.0.weight: 100/512 channels masked
Layer layer4.1.conv1.weight: 38/512 channels masked
Layer layer4.1.conv2.weight: 49/512 channels masked
------------------------- time cost ------------------------- 24.147674322128296
ASR: 0.502778233715169
attack_auc: 0.8852780304002751
Layer conv1.weight: 5/64 channels masked
Layer layer1.0.conv1.weight: 3/64 channels masked
Layer layer1.0.conv2.weight: 1/64 channels masked
Layer layer1.1.conv1.weight: 1/64 channels masked
Layer layer2.0.downsample.0.weight: 2/128 channels masked
Layer layer3.0.conv2.weight: 1/256 channels masked
Layer layer3.1.conv2.weight: 1/256 channels masked
Layer layer4.0.conv1.weight: 21/512 channels masked
Layer layer4.0.conv2.weight: 58/512 channels masked
Layer layer4.0.downsample.0.weight: 100/512 channels masked
Layer layer4.1.conv1.weight: 38/512 channels masked
Layer layer4.1.conv2.weight: 49/512 channels masked
------------------------- time cost ------------------------- 15.678783655166626
ASR: 0.5011039913028359
attack_auc: 0.887749189293251
Layer conv1.weight: 5/64 channels masked
Layer layer1.0.conv1.weight: 3/64 channels masked
Layer layer1.0.conv2.weight: 1/64 channels masked
Layer layer1.1.conv1.weight: 1/64 channels masked
Layer layer2.0.downsample.0.weight: 2/128 channels masked
Layer layer3.0.conv2.weight: 1/256 channels masked
Layer layer3.1.conv2.weight: 1/256 channels masked
Layer layer4.0.conv1.weight: 22/512 channels masked
Layer layer4.0.conv2.weight: 61/512 channels masked
Layer layer4.0.downsample.0.weight: 100/512 channels masked
Layer layer4.1.conv1.weight: 40/512 channels masked
Layer layer4.1.conv2.weight: 49/512 channels masked
------------------------- time cost ------------------------- 14.010448694229126
ASR: 0.4958999108254677
attack_auc: 0.884727506062371
Layer conv1.weight: 5/64 channels masked
Layer layer1.0.conv1.weight: 3/64 channels masked
Layer layer1.0.conv2.weight: 1/64 channels masked
Layer layer1.1.conv1.weight: 1/64 channels masked
Layer layer2.0.downsample.0.weight: 2/128 channels masked
Layer layer3.0.conv2.weight: 1/256 channels masked
Layer layer3.1.conv2.weight: 1/256 channels masked
Layer layer4.0.conv1.weight: 22/512 channels masked
Layer layer4.0.conv2.weight: 62/512 channels masked
Layer layer4.0.downsample.0.weight: 100/512 channels masked
Layer layer4.1.conv1.weight: 40/512 channels masked
Layer layer4.1.conv2.weight: 49/512 channels masked
------------------------- time cost ------------------------- 16.260566473007202
ASR: 0.511451098505038
attack_auc: 0.8888428281014455
Layer conv1.weight: 5/64 channels masked
Layer layer1.0.conv1.weight: 3/64 channels masked
Layer layer1.0.conv2.weight: 1/64 channels masked
Layer layer1.1.conv1.weight: 1/64 channels masked
Layer layer2.0.downsample.0.weight: 2/128 channels masked
Layer layer3.0.conv2.weight: 1/256 channels masked
Layer layer3.1.conv2.weight: 1/256 channels masked
Layer layer4.0.conv1.weight: 21/512 channels masked
Layer layer4.0.conv2.weight: 62/512 channels masked
Layer layer4.0.downsample.0.weight: 100/512 channels masked
Layer layer4.1.conv1.weight: 40/512 channels masked
Layer layer4.1.conv2.weight: 49/512 channels masked
------------------------- time cost ------------------------- 18.60361933708191
ASR: 0.49078175183191125
attack_auc: 0.8813630316876139
Layer conv1.weight: 5/64 channels masked
Layer layer1.0.conv1.weight: 3/64 channels masked
Layer layer1.0.conv2.weight: 1/64 channels masked
Layer layer1.1.conv1.weight: 1/64 channels masked
Layer layer2.0.downsample.0.weight: 2/128 channels masked
Layer layer3.0.conv2.weight: 1/256 channels masked
Layer layer3.1.conv2.weight: 1/256 channels masked
Layer layer4.0.conv1.weight: 21/512 channels masked
Layer layer4.0.conv2.weight: 62/512 channels masked
Layer layer4.0.downsample.0.weight: 100/512 channels masked
Layer layer4.1.conv1.weight: 40/512 channels masked
Layer layer4.1.conv2.weight: 49/512 channels masked
------------------------- time cost ------------------------- 14.59389853477478
ASR: 0.509613845575701
attack_auc: 0.8906017305040447
Layer conv1.weight: 5/64 channels masked
Layer layer1.0.conv1.weight: 3/64 channels masked
Layer layer1.0.conv2.weight: 1/64 channels masked
Layer layer1.1.conv1.weight: 1/64 channels masked
Layer layer2.0.downsample.0.weight: 2/128 channels masked
Layer layer3.0.conv2.weight: 1/256 channels masked
Layer layer3.1.conv2.weight: 1/256 channels masked
Layer layer4.0.conv1.weight: 22/512 channels masked
Layer layer4.0.conv2.weight: 63/512 channels masked
Layer layer4.0.downsample.0.weight: 100/512 channels masked
Layer layer4.1.conv1.weight: 41/512 channels masked
Layer layer4.1.conv2.weight: 53/512 channels masked
------------------------- time cost ------------------------- 16.215996026992798
ASR: 0.4937859908330019
attack_auc: 0.8842733842378921
Layer conv1.weight: 5/64 channels masked
Layer layer1.0.conv1.weight: 3/64 channels masked
Layer layer1.0.conv2.weight: 1/64 channels masked
Layer layer1.1.conv1.weight: 1/64 channels masked
Layer layer2.0.downsample.0.weight: 2/128 channels masked
Layer layer3.0.conv2.weight: 1/256 channels masked
Layer layer3.1.conv2.weight: 1/256 channels masked
Layer layer4.0.conv1.weight: 22/512 channels masked
Layer layer4.0.conv2.weight: 63/512 channels masked
Layer layer4.0.downsample.0.weight: 100/512 channels masked
Layer layer4.1.conv1.weight: 41/512 channels masked
Layer layer4.1.conv2.weight: 53/512 channels masked
------------------------- time cost ------------------------- 15.136404275894165
ASR: 0.4986854641808131
attack_auc: 0.8892696347514512
Layer conv1.weight: 5/64 channels masked
Layer layer1.0.conv1.weight: 3/64 channels masked
Layer layer1.0.conv2.weight: 1/64 channels masked
Layer layer1.1.conv1.weight: 1/64 channels masked
Layer layer2.0.downsample.0.weight: 2/128 channels masked
Layer layer3.0.conv2.weight: 1/256 channels masked
Layer layer3.1.conv2.weight: 1/256 channels masked
Layer layer4.0.conv1.weight: 22/512 channels masked
Layer layer4.0.conv2.weight: 63/512 channels masked
Layer layer4.0.downsample.0.weight: 100/512 channels masked
Layer layer4.1.conv1.weight: 41/512 channels masked
Layer layer4.1.conv2.weight: 53/512 channels masked
------------------------- time cost ------------------------- 19.05246353149414
ASR: 0.4777312401017048
attack_auc: 0.876565315645011
Layer conv1.weight: 5/64 channels masked
Layer layer1.0.conv1.weight: 3/64 channels masked
Layer layer1.0.conv2.weight: 1/64 channels masked
Layer layer1.1.conv1.weight: 1/64 channels masked
Layer layer2.0.downsample.0.weight: 2/128 channels masked
Layer layer3.0.conv2.weight: 1/256 channels masked
Layer layer3.1.conv2.weight: 1/256 channels masked
Layer layer4.0.conv1.weight: 22/512 channels masked
Layer layer4.0.conv2.weight: 63/512 channels masked
Layer layer4.0.downsample.0.weight: 100/512 channels masked
Layer layer4.1.conv1.weight: 41/512 channels masked
Layer layer4.1.conv2.weight: 53/512 channels masked
------------------------- time cost ------------------------- 19.270634174346924

-------------Round number: 170-------------

Evaluate personalized models
Averaged Train Loss: 0.2469
Averaged Test Accurancy: 0.7228
Averaged Test AUC: 0.9511
Std Test Accurancy: 0.1064
Std Test AUC: 0.0260
ASR: 0.4741277099702552
attack_auc: 0.877216483509566
Layer conv1.weight: 5/64 channels masked
Layer layer1.0.conv1.weight: 3/64 channels masked
Layer layer1.0.conv2.weight: 1/64 channels masked
Layer layer1.1.conv1.weight: 1/64 channels masked
Layer layer2.0.downsample.0.weight: 2/128 channels masked
Layer layer3.0.conv2.weight: 1/256 channels masked
Layer layer3.1.conv2.weight: 1/256 channels masked
Layer layer4.0.conv1.weight: 24/512 channels masked
Layer layer4.0.conv2.weight: 63/512 channels masked
Layer layer4.0.downsample.0.weight: 100/512 channels masked
Layer layer4.1.conv1.weight: 41/512 channels masked
Layer layer4.1.conv2.weight: 53/512 channels masked
------------------------- time cost ------------------------- 24.922420740127563
ASR: 0.47669972897494417
attack_auc: 0.8790712987096657
Layer conv1.weight: 5/64 channels masked
Layer layer1.0.conv1.weight: 3/64 channels masked
Layer layer1.0.conv2.weight: 1/64 channels masked
Layer layer1.1.conv1.weight: 1/64 channels masked
Layer layer2.0.downsample.0.weight: 2/128 channels masked
Layer layer3.0.conv2.weight: 1/256 channels masked
Layer layer3.1.conv2.weight: 1/256 channels masked
Layer layer4.0.conv1.weight: 25/512 channels masked
Layer layer4.0.conv2.weight: 63/512 channels masked
Layer layer4.0.downsample.0.weight: 100/512 channels masked
Layer layer4.1.conv1.weight: 41/512 channels masked
Layer layer4.1.conv2.weight: 53/512 channels masked
------------------------- time cost ------------------------- 17.376389026641846
ASR: 0.4846875700761162
attack_auc: 0.8814296906089324
Layer conv1.weight: 5/64 channels masked
Layer layer1.0.conv1.weight: 3/64 channels masked
Layer layer1.0.conv2.weight: 1/64 channels masked
Layer layer1.1.conv1.weight: 1/64 channels masked
Layer layer2.0.downsample.0.weight: 2/128 channels masked
Layer layer3.0.conv2.weight: 1/256 channels masked
Layer layer3.1.conv2.weight: 1/256 channels masked
Layer layer4.0.conv1.weight: 25/512 channels masked
Layer layer4.0.conv2.weight: 64/512 channels masked
Layer layer4.0.downsample.0.weight: 101/512 channels masked
Layer layer4.1.conv1.weight: 43/512 channels masked
Layer layer4.1.conv2.weight: 54/512 channels masked
------------------------- time cost ------------------------- 15.752286195755005
ASR: 0.45024386724963555
attack_auc: 0.8693232213655097
Layer conv1.weight: 5/64 channels masked
Layer layer1.0.conv1.weight: 3/64 channels masked
Layer layer1.0.conv2.weight: 1/64 channels masked
Layer layer1.1.conv1.weight: 1/64 channels masked
Layer layer2.0.downsample.0.weight: 2/128 channels masked
Layer layer3.0.conv2.weight: 1/256 channels masked
Layer layer3.1.conv2.weight: 1/256 channels masked
Layer layer4.0.conv1.weight: 25/512 channels masked
Layer layer4.0.conv2.weight: 64/512 channels masked
Layer layer4.0.downsample.0.weight: 101/512 channels masked
Layer layer4.1.conv1.weight: 43/512 channels masked
Layer layer4.1.conv2.weight: 54/512 channels masked
------------------------- time cost ------------------------- 16.864519119262695
ASR: 0.4232176567483299
attack_auc: 0.860458849953324
Layer conv1.weight: 5/64 channels masked
Layer layer1.0.conv1.weight: 3/64 channels masked
Layer layer1.0.conv2.weight: 1/64 channels masked
Layer layer1.1.conv1.weight: 1/64 channels masked
Layer layer2.0.downsample.0.weight: 2/128 channels masked
Layer layer3.0.conv2.weight: 1/256 channels masked
Layer layer3.1.conv2.weight: 1/256 channels masked
Layer layer4.0.conv1.weight: 25/512 channels masked
Layer layer4.0.conv2.weight: 64/512 channels masked
Layer layer4.0.downsample.0.weight: 101/512 channels masked
Layer layer4.1.conv1.weight: 43/512 channels masked
Layer layer4.1.conv2.weight: 54/512 channels masked
------------------------- time cost ------------------------- 17.86674976348877
ASR: 0.4184531630429649
attack_auc: 0.8597433897039244
Layer conv1.weight: 5/64 channels masked
Layer layer1.0.conv1.weight: 3/64 channels masked
Layer layer1.0.conv2.weight: 1/64 channels masked
Layer layer1.1.conv1.weight: 1/64 channels masked
Layer layer2.0.downsample.0.weight: 2/128 channels masked
Layer layer3.0.conv2.weight: 1/256 channels masked
Layer layer3.1.conv2.weight: 1/256 channels masked
Layer layer4.0.conv1.weight: 25/512 channels masked
Layer layer4.0.conv2.weight: 64/512 channels masked
Layer layer4.0.downsample.0.weight: 101/512 channels masked
Layer layer4.1.conv1.weight: 43/512 channels masked
Layer layer4.1.conv2.weight: 54/512 channels masked
------------------------- time cost ------------------------- 17.52736234664917
ASR: 0.3934517611935088
attack_auc: 0.8523219759420507
Layer conv1.weight: 5/64 channels masked
Layer layer1.0.conv1.weight: 3/64 channels masked
Layer layer1.0.conv2.weight: 1/64 channels masked
Layer layer1.1.conv1.weight: 1/64 channels masked
Layer layer2.0.downsample.0.weight: 2/128 channels masked
Layer layer3.0.conv2.weight: 1/256 channels masked
Layer layer3.1.conv2.weight: 1/256 channels masked
Layer layer4.0.conv1.weight: 24/512 channels masked
Layer layer4.0.conv2.weight: 64/512 channels masked
Layer layer4.0.downsample.0.weight: 101/512 channels masked
Layer layer4.1.conv1.weight: 43/512 channels masked
Layer layer4.1.conv2.weight: 54/512 channels masked
------------------------- time cost ------------------------- 13.599680185317993
ASR: 0.4845039198353852
attack_auc: 0.8815499242124277
Layer conv1.weight: 6/64 channels masked
Layer layer1.0.conv1.weight: 3/64 channels masked
Layer layer1.0.conv2.weight: 1/64 channels masked
Layer layer1.1.conv1.weight: 1/64 channels masked
Layer layer2.0.downsample.0.weight: 2/128 channels masked
Layer layer3.0.conv2.weight: 1/256 channels masked
Layer layer3.1.conv2.weight: 1/256 channels masked
Layer layer4.0.conv1.weight: 24/512 channels masked
Layer layer4.0.conv2.weight: 64/512 channels masked
Layer layer4.0.downsample.0.weight: 101/512 channels masked
Layer layer4.1.conv1.weight: 43/512 channels masked
Layer layer4.1.conv2.weight: 54/512 channels masked
------------------------- time cost ------------------------- 15.775334596633911
ASR: 0.4724974065548553
attack_auc: 0.8809825256351215
Layer conv1.weight: 6/64 channels masked
Layer layer1.0.conv1.weight: 3/64 channels masked
Layer layer1.0.conv2.weight: 1/64 channels masked
Layer layer1.1.conv1.weight: 1/64 channels masked
Layer layer2.0.downsample.0.weight: 2/128 channels masked
Layer layer3.0.conv2.weight: 1/256 channels masked
Layer layer3.1.conv2.weight: 1/256 channels masked
Layer layer4.0.conv1.weight: 24/512 channels masked
Layer layer4.0.conv2.weight: 64/512 channels masked
Layer layer4.0.downsample.0.weight: 101/512 channels masked
Layer layer4.1.conv1.weight: 43/512 channels masked
Layer layer4.1.conv2.weight: 54/512 channels masked
------------------------- time cost ------------------------- 14.280763149261475
ASR: 0.45057835216779646
attack_auc: 0.8693814558891378
Layer conv1.weight: 6/64 channels masked
Layer layer1.0.conv1.weight: 3/64 channels masked
Layer layer1.0.conv2.weight: 1/64 channels masked
Layer layer1.1.conv1.weight: 1/64 channels masked
Layer layer2.0.downsample.0.weight: 2/128 channels masked
Layer layer3.0.conv2.weight: 1/256 channels masked
Layer layer3.1.conv2.weight: 1/256 channels masked
Layer layer4.0.conv1.weight: 24/512 channels masked
Layer layer4.0.conv2.weight: 64/512 channels masked
Layer layer4.0.downsample.0.weight: 101/512 channels masked
Layer layer4.1.conv1.weight: 43/512 channels masked
Layer layer4.1.conv2.weight: 54/512 channels masked
------------------------- time cost ------------------------- 14.06815767288208

-------------Round number: 180-------------

Evaluate personalized models
Averaged Train Loss: 0.2266
Averaged Test Accurancy: 0.7188
Averaged Test AUC: 0.9510
Std Test Accurancy: 0.1053
Std Test AUC: 0.0256
ASR: 0.4846833845334937
attack_auc: 0.8798719759883568
Layer conv1.weight: 6/64 channels masked
Layer layer1.0.conv1.weight: 3/64 channels masked
Layer layer1.0.conv2.weight: 1/64 channels masked
Layer layer1.1.conv1.weight: 1/64 channels masked
Layer layer2.0.downsample.0.weight: 2/128 channels masked
Layer layer3.0.conv2.weight: 1/256 channels masked
Layer layer3.1.conv2.weight: 1/256 channels masked
Layer layer4.0.conv1.weight: 24/512 channels masked
Layer layer4.0.conv2.weight: 64/512 channels masked
Layer layer4.0.downsample.0.weight: 101/512 channels masked
Layer layer4.1.conv1.weight: 43/512 channels masked
Layer layer4.1.conv2.weight: 54/512 channels masked
------------------------- time cost ------------------------- 23.813731908798218
ASR: 0.49404331923127703
attack_auc: 0.8863808294127693
Layer conv1.weight: 6/64 channels masked
Layer layer1.0.conv1.weight: 3/64 channels masked
Layer layer1.0.conv2.weight: 1/64 channels masked
Layer layer1.1.conv1.weight: 1/64 channels masked
Layer layer2.0.downsample.0.weight: 2/128 channels masked
Layer layer3.0.conv2.weight: 1/256 channels masked
Layer layer3.1.conv2.weight: 1/256 channels masked
Layer layer4.0.conv1.weight: 24/512 channels masked
Layer layer4.0.conv2.weight: 64/512 channels masked
Layer layer4.0.downsample.0.weight: 101/512 channels masked
Layer layer4.1.conv1.weight: 43/512 channels masked
Layer layer4.1.conv2.weight: 54/512 channels masked
------------------------- time cost ------------------------- 18.173043966293335
ASR: 0.46230702772778903
attack_auc: 0.8763274611407706
Layer conv1.weight: 6/64 channels masked
Layer layer1.0.conv1.weight: 3/64 channels masked
Layer layer1.0.conv2.weight: 1/64 channels masked
Layer layer1.1.conv1.weight: 1/64 channels masked
Layer layer2.0.downsample.0.weight: 2/128 channels masked
Layer layer3.0.conv2.weight: 1/256 channels masked
Layer layer3.1.conv2.weight: 1/256 channels masked
Layer layer4.0.conv1.weight: 24/512 channels masked
Layer layer4.0.conv2.weight: 64/512 channels masked
Layer layer4.0.downsample.0.weight: 101/512 channels masked
Layer layer4.1.conv1.weight: 43/512 channels masked
Layer layer4.1.conv2.weight: 54/512 channels masked
------------------------- time cost ------------------------- 17.096862077713013
ASR: 0.48554813271284186
attack_auc: 0.8852928229407186
Layer conv1.weight: 6/64 channels masked
Layer layer1.0.conv1.weight: 3/64 channels masked
Layer layer1.0.conv2.weight: 1/64 channels masked
Layer layer1.1.conv1.weight: 1/64 channels masked
Layer layer2.0.downsample.0.weight: 2/128 channels masked
Layer layer3.0.conv2.weight: 1/256 channels masked
Layer layer3.1.conv2.weight: 1/256 channels masked
Layer layer4.0.conv1.weight: 24/512 channels masked
Layer layer4.0.conv2.weight: 64/512 channels masked
Layer layer4.0.downsample.0.weight: 101/512 channels masked
Layer layer4.1.conv1.weight: 43/512 channels masked
Layer layer4.1.conv2.weight: 54/512 channels masked
------------------------- time cost ------------------------- 18.186763286590576
ASR: 0.46610261486515
attack_auc: 0.8757493259995148
Layer conv1.weight: 6/64 channels masked
Layer layer1.0.conv1.weight: 3/64 channels masked
Layer layer1.0.conv2.weight: 1/64 channels masked
Layer layer1.1.conv1.weight: 1/64 channels masked
Layer layer2.0.downsample.0.weight: 2/128 channels masked
Layer layer3.0.conv2.weight: 1/256 channels masked
Layer layer3.1.conv2.weight: 1/256 channels masked
Layer layer4.0.conv1.weight: 24/512 channels masked
Layer layer4.0.conv2.weight: 64/512 channels masked
Layer layer4.0.downsample.0.weight: 101/512 channels masked
Layer layer4.1.conv1.weight: 43/512 channels masked
Layer layer4.1.conv2.weight: 54/512 channels masked
------------------------- time cost ------------------------- 17.075787782669067
ASR: 0.495470319623801
attack_auc: 0.8861739660334667
Layer conv1.weight: 6/64 channels masked
Layer layer1.0.conv1.weight: 3/64 channels masked
Layer layer1.0.conv2.weight: 1/64 channels masked
Layer layer1.1.conv1.weight: 1/64 channels masked
Layer layer2.0.downsample.0.weight: 2/128 channels masked
Layer layer3.0.conv2.weight: 1/256 channels masked
Layer layer3.1.conv2.weight: 1/256 channels masked
Layer layer4.0.conv1.weight: 24/512 channels masked
Layer layer4.0.conv2.weight: 64/512 channels masked
Layer layer4.0.downsample.0.weight: 101/512 channels masked
Layer layer4.1.conv1.weight: 43/512 channels masked
Layer layer4.1.conv2.weight: 54/512 channels masked
------------------------- time cost ------------------------- 15.355612754821777
ASR: 0.4946691969906606
attack_auc: 0.8866795079438053
Layer conv1.weight: 6/64 channels masked
Layer layer1.0.conv1.weight: 3/64 channels masked
Layer layer1.0.conv2.weight: 1/64 channels masked
Layer layer1.1.conv1.weight: 1/64 channels masked
Layer layer2.0.downsample.0.weight: 2/128 channels masked
Layer layer3.0.conv2.weight: 1/256 channels masked
Layer layer3.1.conv2.weight: 1/256 channels masked
Layer layer4.0.conv1.weight: 24/512 channels masked
Layer layer4.0.conv2.weight: 64/512 channels masked
Layer layer4.0.downsample.0.weight: 101/512 channels masked
Layer layer4.1.conv1.weight: 43/512 channels masked
Layer layer4.1.conv2.weight: 54/512 channels masked
------------------------- time cost ------------------------- 15.336220026016235
ASR: 0.49241967176180634
attack_auc: 0.8859418490431206
Layer conv1.weight: 6/64 channels masked
Layer layer1.0.conv1.weight: 3/64 channels masked
Layer layer1.0.conv2.weight: 1/64 channels masked
Layer layer1.1.conv1.weight: 1/64 channels masked
Layer layer2.0.downsample.0.weight: 2/128 channels masked
Layer layer3.0.conv2.weight: 1/256 channels masked
Layer layer3.1.conv2.weight: 1/256 channels masked
Layer layer4.0.conv1.weight: 24/512 channels masked
Layer layer4.0.conv2.weight: 64/512 channels masked
Layer layer4.0.downsample.0.weight: 101/512 channels masked
Layer layer4.1.conv1.weight: 43/512 channels masked
Layer layer4.1.conv2.weight: 54/512 channels masked
------------------------- time cost ------------------------- 17.000583171844482
ASR: 0.5082449511695946
attack_auc: 0.892054347257277
Layer conv1.weight: 6/64 channels masked
Layer layer1.0.conv1.weight: 3/64 channels masked
Layer layer1.0.conv2.weight: 1/64 channels masked
Layer layer1.1.conv1.weight: 1/64 channels masked
Layer layer2.0.downsample.0.weight: 2/128 channels masked
Layer layer3.0.conv2.weight: 1/256 channels masked
Layer layer3.1.conv2.weight: 1/256 channels masked
Layer layer4.0.conv1.weight: 25/512 channels masked
Layer layer4.0.conv2.weight: 65/512 channels masked
Layer layer4.0.downsample.0.weight: 101/512 channels masked
Layer layer4.1.conv1.weight: 44/512 channels masked
Layer layer4.1.conv2.weight: 54/512 channels masked
------------------------- time cost ------------------------- 15.104177713394165
ASR: 0.49079346217838576
attack_auc: 0.8842792108843428
Layer conv1.weight: 6/64 channels masked
Layer layer1.0.conv1.weight: 3/64 channels masked
Layer layer1.0.conv2.weight: 1/64 channels masked
Layer layer1.1.conv1.weight: 1/64 channels masked
Layer layer2.0.downsample.0.weight: 2/128 channels masked
Layer layer3.0.conv2.weight: 1/256 channels masked
Layer layer3.1.conv2.weight: 1/256 channels masked
Layer layer4.0.conv1.weight: 25/512 channels masked
Layer layer4.0.conv2.weight: 65/512 channels masked
Layer layer4.0.downsample.0.weight: 101/512 channels masked
Layer layer4.1.conv1.weight: 44/512 channels masked
Layer layer4.1.conv2.weight: 54/512 channels masked
------------------------- time cost ------------------------- 17.522483825683594

-------------Round number: 190-------------

Evaluate personalized models
Averaged Train Loss: 0.1992
Averaged Test Accurancy: 0.7232
Averaged Test AUC: 0.9533
Std Test Accurancy: 0.0951
Std Test AUC: 0.0229
ASR: 0.4853713670611816
attack_auc: 0.8832340496000575
Layer conv1.weight: 6/64 channels masked
Layer layer1.0.conv1.weight: 3/64 channels masked
Layer layer1.0.conv2.weight: 1/64 channels masked
Layer layer1.1.conv1.weight: 1/64 channels masked
Layer layer2.0.downsample.0.weight: 2/128 channels masked
Layer layer3.0.conv2.weight: 1/256 channels masked
Layer layer3.1.conv2.weight: 1/256 channels masked
Layer layer4.0.conv1.weight: 25/512 channels masked
Layer layer4.0.conv2.weight: 67/512 channels masked
Layer layer4.0.downsample.0.weight: 101/512 channels masked
Layer layer4.1.conv1.weight: 46/512 channels masked
Layer layer4.1.conv2.weight: 54/512 channels masked
------------------------- time cost ------------------------- 25.594847440719604
ASR: 0.4757478654373202
attack_auc: 0.881027627193428
Layer conv1.weight: 6/64 channels masked
Layer layer1.0.conv1.weight: 3/64 channels masked
Layer layer1.0.conv2.weight: 1/64 channels masked
Layer layer1.1.conv1.weight: 1/64 channels masked
Layer layer2.0.downsample.0.weight: 2/128 channels masked
Layer layer3.0.conv2.weight: 1/256 channels masked
Layer layer3.1.conv2.weight: 1/256 channels masked
Layer layer4.0.conv1.weight: 25/512 channels masked
Layer layer4.0.conv2.weight: 68/512 channels masked
Layer layer4.0.downsample.0.weight: 101/512 channels masked
Layer layer4.1.conv1.weight: 46/512 channels masked
Layer layer4.1.conv2.weight: 54/512 channels masked
------------------------- time cost ------------------------- 14.543916940689087
ASR: 0.5021075446794463
attack_auc: 0.8891671003565748
Layer conv1.weight: 6/64 channels masked
Layer layer1.0.conv1.weight: 3/64 channels masked
Layer layer1.0.conv2.weight: 1/64 channels masked
Layer layer1.1.conv1.weight: 1/64 channels masked
Layer layer2.0.downsample.0.weight: 2/128 channels masked
Layer layer3.0.conv2.weight: 1/256 channels masked
Layer layer3.1.conv2.weight: 1/256 channels masked
Layer layer4.0.conv1.weight: 25/512 channels masked
Layer layer4.0.conv2.weight: 68/512 channels masked
Layer layer4.0.downsample.0.weight: 101/512 channels masked
Layer layer4.1.conv1.weight: 47/512 channels masked
Layer layer4.1.conv2.weight: 54/512 channels masked
------------------------- time cost ------------------------- 14.325135231018066
ASR: 0.5149469063746434
attack_auc: 0.8929138325262486
Layer conv1.weight: 7/64 channels masked
Layer layer1.0.conv1.weight: 3/64 channels masked
Layer layer1.0.conv2.weight: 1/64 channels masked
Layer layer1.1.conv1.weight: 1/64 channels masked
Layer layer2.0.downsample.0.weight: 2/128 channels masked
Layer layer3.0.conv2.weight: 1/256 channels masked
Layer layer3.1.conv2.weight: 1/256 channels masked
Layer layer4.0.conv1.weight: 25/512 channels masked
Layer layer4.0.conv2.weight: 68/512 channels masked
Layer layer4.0.downsample.0.weight: 101/512 channels masked
Layer layer4.1.conv1.weight: 47/512 channels masked
Layer layer4.1.conv2.weight: 54/512 channels masked
------------------------- time cost ------------------------- 16.829261541366577
ASR: 0.5024683576737617
attack_auc: 0.8865008192620619
Layer conv1.weight: 7/64 channels masked
Layer layer1.0.conv1.weight: 3/64 channels masked
Layer layer1.0.conv2.weight: 1/64 channels masked
Layer layer1.1.conv1.weight: 1/64 channels masked
Layer layer2.0.downsample.0.weight: 2/128 channels masked
Layer layer3.0.conv2.weight: 1/256 channels masked
Layer layer3.1.conv2.weight: 1/256 channels masked
Layer layer4.0.conv1.weight: 25/512 channels masked
Layer layer4.0.conv2.weight: 68/512 channels masked
Layer layer4.0.downsample.0.weight: 101/512 channels masked
Layer layer4.1.conv1.weight: 47/512 channels masked
Layer layer4.1.conv2.weight: 54/512 channels masked
------------------------- time cost ------------------------- 16.721476316452026
ASR: 0.5090289415748802
attack_auc: 0.8905047420953119
Layer conv1.weight: 7/64 channels masked
Layer layer1.0.conv1.weight: 3/64 channels masked
Layer layer1.0.conv2.weight: 1/64 channels masked
Layer layer1.1.conv1.weight: 1/64 channels masked
Layer layer2.0.downsample.0.weight: 2/128 channels masked
Layer layer3.0.conv2.weight: 1/256 channels masked
Layer layer3.1.conv2.weight: 1/256 channels masked
Layer layer4.0.conv1.weight: 26/512 channels masked
Layer layer4.0.conv2.weight: 68/512 channels masked
Layer layer4.0.downsample.0.weight: 101/512 channels masked
Layer layer4.1.conv1.weight: 47/512 channels masked
Layer layer4.1.conv2.weight: 54/512 channels masked
------------------------- time cost ------------------------- 16.462762117385864
ASR: 0.5414188852456587
attack_auc: 0.9016463645894547
Layer conv1.weight: 7/64 channels masked
Layer layer1.0.conv1.weight: 3/64 channels masked
Layer layer1.0.conv2.weight: 1/64 channels masked
Layer layer1.1.conv1.weight: 1/64 channels masked
Layer layer2.0.downsample.0.weight: 2/128 channels masked
Layer layer3.0.conv2.weight: 1/256 channels masked
Layer layer3.1.conv2.weight: 1/256 channels masked
Layer layer4.0.conv1.weight: 25/512 channels masked
Layer layer4.0.conv2.weight: 68/512 channels masked
Layer layer4.0.downsample.0.weight: 101/512 channels masked
Layer layer4.1.conv1.weight: 48/512 channels masked
Layer layer4.1.conv2.weight: 60/512 channels masked
------------------------- time cost ------------------------- 15.098702192306519
ASR: 0.49884250113804346
attack_auc: 0.8857752702302365
Layer conv1.weight: 7/64 channels masked
Layer layer1.0.conv1.weight: 3/64 channels masked
Layer layer1.0.conv2.weight: 1/64 channels masked
Layer layer1.1.conv1.weight: 1/64 channels masked
Layer layer2.0.downsample.0.weight: 2/128 channels masked
Layer layer3.0.conv2.weight: 1/256 channels masked
Layer layer3.1.conv2.weight: 1/256 channels masked
Layer layer4.0.conv1.weight: 25/512 channels masked
Layer layer4.0.conv2.weight: 68/512 channels masked
Layer layer4.0.downsample.0.weight: 101/512 channels masked
Layer layer4.1.conv1.weight: 48/512 channels masked
Layer layer4.1.conv2.weight: 60/512 channels masked
------------------------- time cost ------------------------- 16.956156730651855
ASR: 0.5055376970349084
attack_auc: 0.8898395317759741
Layer conv1.weight: 7/64 channels masked
Layer layer1.0.conv1.weight: 3/64 channels masked
Layer layer1.0.conv2.weight: 1/64 channels masked
Layer layer1.1.conv1.weight: 1/64 channels masked
Layer layer2.0.downsample.0.weight: 2/128 channels masked
Layer layer3.0.conv2.weight: 1/256 channels masked
Layer layer3.1.conv2.weight: 1/256 channels masked
Layer layer4.0.conv1.weight: 25/512 channels masked
Layer layer4.0.conv2.weight: 68/512 channels masked
Layer layer4.0.downsample.0.weight: 101/512 channels masked
Layer layer4.1.conv1.weight: 48/512 channels masked
Layer layer4.1.conv2.weight: 60/512 channels masked
------------------------- time cost ------------------------- 17.080896377563477
ASR: 0.48473374995633545
attack_auc: 0.8832107511643348
Layer conv1.weight: 7/64 channels masked
Layer layer1.0.conv1.weight: 3/64 channels masked
Layer layer1.0.conv2.weight: 1/64 channels masked
Layer layer1.1.conv1.weight: 1/64 channels masked
Layer layer2.0.downsample.0.weight: 2/128 channels masked
Layer layer3.0.conv2.weight: 1/256 channels masked
Layer layer3.1.conv2.weight: 1/256 channels masked
Layer layer4.0.conv1.weight: 25/512 channels masked
Layer layer4.0.conv2.weight: 68/512 channels masked
Layer layer4.0.downsample.0.weight: 101/512 channels masked
Layer layer4.1.conv1.weight: 48/512 channels masked
Layer layer4.1.conv2.weight: 60/512 channels masked
------------------------- time cost ------------------------- 15.057345628738403

-------------Round number: 200-------------

Evaluate personalized models
Averaged Train Loss: 0.2412
Averaged Test Accurancy: 0.7201
Averaged Test AUC: 0.9513
Std Test Accurancy: 0.0990
Std Test AUC: 0.0239
ASR: 0.4866001089470902
attack_auc: 0.8829763726151489
Layer conv1.weight: 7/64 channels masked
Layer layer1.0.conv1.weight: 3/64 channels masked
Layer layer1.0.conv2.weight: 1/64 channels masked
Layer layer1.1.conv1.weight: 1/64 channels masked
Layer layer2.0.downsample.0.weight: 2/128 channels masked
Layer layer3.0.conv2.weight: 1/256 channels masked
Layer layer3.1.conv2.weight: 1/256 channels masked
Layer layer4.0.conv1.weight: 25/512 channels masked
Layer layer4.0.conv2.weight: 68/512 channels masked
Layer layer4.0.downsample.0.weight: 101/512 channels masked
Layer layer4.1.conv1.weight: 48/512 channels masked
Layer layer4.1.conv2.weight: 60/512 channels masked
------------------------- time cost ------------------------- 22.439839839935303
ASR: 0.4786890389975308
attack_auc: 0.8797516840598981
Layer conv1.weight: 7/64 channels masked
Layer layer1.0.conv1.weight: 3/64 channels masked
Layer layer1.0.conv2.weight: 1/64 channels masked
Layer layer1.1.conv1.weight: 1/64 channels masked
Layer layer2.0.downsample.0.weight: 2/128 channels masked
Layer layer3.0.conv2.weight: 1/256 channels masked
Layer layer3.1.conv2.weight: 1/256 channels masked
Layer layer4.0.conv1.weight: 25/512 channels masked
Layer layer4.0.conv2.weight: 68/512 channels masked
Layer layer4.0.downsample.0.weight: 101/512 channels masked
Layer layer4.1.conv1.weight: 48/512 channels masked
Layer layer4.1.conv2.weight: 60/512 channels masked
------------------------- time cost ------------------------- 16.68928599357605
ASR: 0.49558288074627604
attack_auc: 0.8889927232630781
Layer conv1.weight: 6/64 channels masked
Layer layer1.0.conv1.weight: 3/64 channels masked
Layer layer1.0.conv2.weight: 1/64 channels masked
Layer layer1.1.conv1.weight: 1/64 channels masked
Layer layer2.0.downsample.0.weight: 2/128 channels masked
Layer layer3.0.conv2.weight: 1/256 channels masked
Layer layer3.1.conv2.weight: 1/256 channels masked
Layer layer4.0.conv1.weight: 25/512 channels masked
Layer layer4.0.conv2.weight: 68/512 channels masked
Layer layer4.0.downsample.0.weight: 101/512 channels masked
Layer layer4.1.conv1.weight: 48/512 channels masked
Layer layer4.1.conv2.weight: 60/512 channels masked
------------------------- time cost ------------------------- 16.555217504501343
ASR: 0.5117218702542586
attack_auc: 0.8939686081815026
Layer conv1.weight: 7/64 channels masked
Layer layer1.0.conv1.weight: 3/64 channels masked
Layer layer1.0.conv2.weight: 1/64 channels masked
Layer layer1.1.conv1.weight: 1/64 channels masked
Layer layer2.0.downsample.0.weight: 2/128 channels masked
Layer layer3.0.conv2.weight: 1/256 channels masked
Layer layer3.1.conv2.weight: 1/256 channels masked
Layer layer4.0.conv1.weight: 25/512 channels masked
Layer layer4.0.conv2.weight: 68/512 channels masked
Layer layer4.0.downsample.0.weight: 101/512 channels masked
Layer layer4.1.conv1.weight: 49/512 channels masked
Layer layer4.1.conv2.weight: 60/512 channels masked
------------------------- time cost ------------------------- 14.129779815673828
ASR: 0.5031509155735859
attack_auc: 0.8925796003163232
Layer conv1.weight: 7/64 channels masked
Layer layer1.0.conv1.weight: 3/64 channels masked
Layer layer1.0.conv2.weight: 1/64 channels masked
Layer layer1.1.conv1.weight: 1/64 channels masked
Layer layer2.0.downsample.0.weight: 2/128 channels masked
Layer layer3.0.conv2.weight: 1/256 channels masked
Layer layer3.1.conv2.weight: 1/256 channels masked
Layer layer4.0.conv1.weight: 25/512 channels masked
Layer layer4.0.conv2.weight: 70/512 channels masked
Layer layer4.0.downsample.0.weight: 101/512 channels masked
Layer layer4.1.conv1.weight: 49/512 channels masked
Layer layer4.1.conv2.weight: 60/512 channels masked
------------------------- time cost ------------------------- 15.772340297698975
ASR: 0.5103822531759189
attack_auc: 0.8915725675356865
Layer conv1.weight: 7/64 channels masked
Layer layer1.0.conv1.weight: 3/64 channels masked
Layer layer1.0.conv2.weight: 1/64 channels masked
Layer layer1.1.conv1.weight: 1/64 channels masked
Layer layer2.0.downsample.0.weight: 2/128 channels masked
Layer layer3.0.conv2.weight: 1/256 channels masked
Layer layer3.1.conv2.weight: 1/256 channels masked
Layer layer4.0.conv1.weight: 25/512 channels masked
Layer layer4.0.conv2.weight: 70/512 channels masked
Layer layer4.0.downsample.0.weight: 101/512 channels masked
Layer layer4.1.conv1.weight: 50/512 channels masked
Layer layer4.1.conv2.weight: 60/512 channels masked
------------------------- time cost ------------------------- 16.212336540222168
ASR: 0.5155488321342139
attack_auc: 0.8932679160036723
Layer conv1.weight: 7/64 channels masked
Layer layer1.0.conv1.weight: 3/64 channels masked
Layer layer1.0.conv2.weight: 1/64 channels masked
Layer layer1.1.conv1.weight: 1/64 channels masked
Layer layer2.0.downsample.0.weight: 2/128 channels masked
Layer layer3.0.conv2.weight: 1/256 channels masked
Layer layer3.1.conv2.weight: 1/256 channels masked
Layer layer4.0.conv1.weight: 25/512 channels masked
Layer layer4.0.conv2.weight: 70/512 channels masked
Layer layer4.0.downsample.0.weight: 101/512 channels masked
Layer layer4.1.conv1.weight: 50/512 channels masked
Layer layer4.1.conv2.weight: 60/512 channels masked
------------------------- time cost ------------------------- 15.32326340675354
ASR: 0.5235640894764346
attack_auc: 0.8964391699839687
Layer conv1.weight: 7/64 channels masked
Layer layer1.0.conv1.weight: 3/64 channels masked
Layer layer1.0.conv2.weight: 1/64 channels masked
Layer layer1.1.conv1.weight: 1/64 channels masked
Layer layer2.0.downsample.0.weight: 2/128 channels masked
Layer layer3.0.conv2.weight: 1/256 channels masked
Layer layer3.1.conv2.weight: 1/256 channels masked
Layer layer4.0.conv1.weight: 27/512 channels masked
Layer layer4.0.conv2.weight: 71/512 channels masked
Layer layer4.0.downsample.0.weight: 101/512 channels masked
Layer layer4.1.conv1.weight: 51/512 channels masked
Layer layer4.1.conv2.weight: 61/512 channels masked
------------------------- time cost ------------------------- 12.696167945861816
ASR: 0.5501030555873943
attack_auc: 0.9028951303768903
Layer conv1.weight: 7/64 channels masked
Layer layer1.0.conv1.weight: 3/64 channels masked
Layer layer1.0.conv2.weight: 1/64 channels masked
Layer layer1.1.conv1.weight: 1/64 channels masked
Layer layer2.0.downsample.0.weight: 2/128 channels masked
Layer layer3.0.conv2.weight: 1/256 channels masked
Layer layer3.1.conv2.weight: 1/256 channels masked
Layer layer4.0.conv1.weight: 27/512 channels masked
Layer layer4.0.conv2.weight: 71/512 channels masked
Layer layer4.0.downsample.0.weight: 101/512 channels masked
Layer layer4.1.conv1.weight: 51/512 channels masked
Layer layer4.1.conv2.weight: 61/512 channels masked
------------------------- time cost ------------------------- 13.916714668273926
ASR: 0.5611672016292081
attack_auc: 0.9064480475823272
Layer conv1.weight: 7/64 channels masked
Layer layer1.0.conv1.weight: 3/64 channels masked
Layer layer1.0.conv2.weight: 1/64 channels masked
Layer layer1.1.conv1.weight: 1/64 channels masked
Layer layer2.0.downsample.0.weight: 2/128 channels masked
Layer layer3.0.conv2.weight: 1/256 channels masked
Layer layer3.1.conv2.weight: 1/256 channels masked
Layer layer4.0.conv1.weight: 28/512 channels masked
Layer layer4.0.conv2.weight: 72/512 channels masked
Layer layer4.0.downsample.0.weight: 102/512 channels masked
Layer layer4.1.conv1.weight: 51/512 channels masked
Layer layer4.1.conv2.weight: 61/512 channels masked
------------------------- time cost ------------------------- 17.27935528755188

-------------Round number: 210-------------

Evaluate personalized models
Averaged Train Loss: 0.2399
Averaged Test Accurancy: 0.7231
Averaged Test AUC: 0.9505
Std Test Accurancy: 0.0950
Std Test AUC: 0.0258
ASR: 0.5328347066008796
attack_auc: 0.897889976824263
Layer conv1.weight: 7/64 channels masked
Layer layer1.0.conv1.weight: 3/64 channels masked
Layer layer1.0.conv2.weight: 1/64 channels masked
Layer layer1.1.conv1.weight: 1/64 channels masked
Layer layer2.0.downsample.0.weight: 2/128 channels masked
Layer layer3.0.conv2.weight: 1/256 channels masked
Layer layer3.1.conv2.weight: 1/256 channels masked
Layer layer4.0.conv1.weight: 27/512 channels masked
Layer layer4.0.conv2.weight: 72/512 channels masked
Layer layer4.0.downsample.0.weight: 102/512 channels masked
Layer layer4.1.conv1.weight: 51/512 channels masked
Layer layer4.1.conv2.weight: 61/512 channels masked
------------------------- time cost ------------------------- 22.536275625228882
ASR: 0.5202696203688417
attack_auc: 0.8962767539318731
Layer conv1.weight: 6/64 channels masked
Layer layer1.0.conv1.weight: 3/64 channels masked
Layer layer1.0.conv2.weight: 1/64 channels masked
Layer layer1.1.conv1.weight: 1/64 channels masked
Layer layer2.0.downsample.0.weight: 2/128 channels masked
Layer layer3.0.conv2.weight: 1/256 channels masked
Layer layer3.1.conv2.weight: 1/256 channels masked
Layer layer4.0.conv1.weight: 27/512 channels masked
Layer layer4.0.conv2.weight: 72/512 channels masked
Layer layer4.0.downsample.0.weight: 102/512 channels masked
Layer layer4.1.conv1.weight: 51/512 channels masked
Layer layer4.1.conv2.weight: 61/512 channels masked
------------------------- time cost ------------------------- 12.268841028213501
ASR: 0.5496793205860125
attack_auc: 0.9043100287945421
Layer conv1.weight: 7/64 channels masked
Layer layer1.0.conv1.weight: 3/64 channels masked
Layer layer1.0.conv2.weight: 1/64 channels masked
Layer layer1.1.conv1.weight: 1/64 channels masked
Layer layer2.0.downsample.0.weight: 2/128 channels masked
Layer layer3.0.conv2.weight: 1/256 channels masked
Layer layer3.1.conv2.weight: 1/256 channels masked
Layer layer4.0.conv1.weight: 28/512 channels masked
Layer layer4.0.conv2.weight: 73/512 channels masked
Layer layer4.0.downsample.0.weight: 102/512 channels masked
Layer layer4.1.conv1.weight: 52/512 channels masked
Layer layer4.1.conv2.weight: 61/512 channels masked
------------------------- time cost ------------------------- 16.821847200393677
ASR: 0.5371356113890344
attack_auc: 0.8997489999249191
Layer conv1.weight: 7/64 channels masked
Layer layer1.0.conv1.weight: 3/64 channels masked
Layer layer1.0.conv2.weight: 1/64 channels masked
Layer layer1.1.conv1.weight: 1/64 channels masked
Layer layer2.0.downsample.0.weight: 2/128 channels masked
Layer layer3.0.conv2.weight: 1/256 channels masked
Layer layer3.1.conv2.weight: 1/256 channels masked
Layer layer4.0.conv1.weight: 28/512 channels masked
Layer layer4.0.conv2.weight: 73/512 channels masked
Layer layer4.0.downsample.0.weight: 102/512 channels masked
Layer layer4.1.conv1.weight: 52/512 channels masked
Layer layer4.1.conv2.weight: 61/512 channels masked
------------------------- time cost ------------------------- 17.953765153884888
ASR: 0.5061997299875945
attack_auc: 0.892103790528947
Layer conv1.weight: 6/64 channels masked
Layer layer1.0.conv1.weight: 3/64 channels masked
Layer layer1.0.conv2.weight: 1/64 channels masked
Layer layer1.1.conv1.weight: 1/64 channels masked
Layer layer2.0.downsample.0.weight: 2/128 channels masked
Layer layer3.0.conv2.weight: 1/256 channels masked
Layer layer3.1.conv2.weight: 1/256 channels masked
Layer layer4.0.conv1.weight: 28/512 channels masked
Layer layer4.0.conv2.weight: 73/512 channels masked
Layer layer4.0.downsample.0.weight: 102/512 channels masked
Layer layer4.1.conv1.weight: 52/512 channels masked
Layer layer4.1.conv2.weight: 61/512 channels masked
------------------------- time cost ------------------------- 16.883398294448853
ASR: 0.5489915310051434
attack_auc: 0.9040647892933517
Layer conv1.weight: 6/64 channels masked
Layer layer1.0.conv1.weight: 3/64 channels masked
Layer layer1.0.conv2.weight: 1/64 channels masked
Layer layer1.1.conv1.weight: 1/64 channels masked
Layer layer2.0.downsample.0.weight: 2/128 channels masked
Layer layer3.0.conv2.weight: 1/256 channels masked
Layer layer3.1.conv2.weight: 1/256 channels masked
Layer layer4.0.conv1.weight: 28/512 channels masked
Layer layer4.0.conv2.weight: 73/512 channels masked
Layer layer4.0.downsample.0.weight: 102/512 channels masked
Layer layer4.1.conv1.weight: 52/512 channels masked
Layer layer4.1.conv2.weight: 61/512 channels masked
------------------------- time cost ------------------------- 14.817091226577759
ASR: 0.540581384442866
attack_auc: 0.9037197327056756
Layer conv1.weight: 6/64 channels masked
Layer layer1.0.conv1.weight: 3/64 channels masked
Layer layer1.0.conv2.weight: 1/64 channels masked
Layer layer1.1.conv1.weight: 1/64 channels masked
Layer layer2.0.downsample.0.weight: 2/128 channels masked
Layer layer3.0.conv2.weight: 1/256 channels masked
Layer layer3.1.conv2.weight: 1/256 channels masked
Layer layer4.0.conv1.weight: 29/512 channels masked
Layer layer4.0.conv2.weight: 73/512 channels masked
Layer layer4.0.downsample.0.weight: 102/512 channels masked
Layer layer4.1.conv1.weight: 52/512 channels masked
Layer layer4.1.conv2.weight: 61/512 channels masked
------------------------- time cost ------------------------- 18.88007164001465
ASR: 0.5233328098745595
attack_auc: 0.8965502969461155
Layer conv1.weight: 6/64 channels masked
Layer layer1.0.conv1.weight: 3/64 channels masked
Layer layer1.0.conv2.weight: 1/64 channels masked
Layer layer1.1.conv1.weight: 1/64 channels masked
Layer layer2.0.downsample.0.weight: 2/128 channels masked
Layer layer3.0.conv2.weight: 1/256 channels masked
Layer layer3.1.conv2.weight: 1/256 channels masked
Layer layer4.0.conv1.weight: 29/512 channels masked
Layer layer4.0.conv2.weight: 73/512 channels masked
Layer layer4.0.downsample.0.weight: 102/512 channels masked
Layer layer4.1.conv1.weight: 54/512 channels masked
Layer layer4.1.conv2.weight: 61/512 channels masked
------------------------- time cost ------------------------- 16.232218980789185
ASR: 0.5413572861010622
attack_auc: 0.9029498511250231
Layer conv1.weight: 6/64 channels masked
Layer layer1.0.conv1.weight: 3/64 channels masked
Layer layer1.0.conv2.weight: 1/64 channels masked
Layer layer1.1.conv1.weight: 1/64 channels masked
Layer layer2.0.downsample.0.weight: 2/128 channels masked
Layer layer3.0.conv2.weight: 1/256 channels masked
Layer layer3.1.conv2.weight: 1/256 channels masked
Layer layer4.0.conv1.weight: 30/512 channels masked
Layer layer4.0.conv2.weight: 73/512 channels masked
Layer layer4.0.downsample.0.weight: 102/512 channels masked
Layer layer4.1.conv1.weight: 54/512 channels masked
Layer layer4.1.conv2.weight: 61/512 channels masked
------------------------- time cost ------------------------- 17.29183793067932
ASR: 0.5161864319853102
attack_auc: 0.8971175007356488
Layer conv1.weight: 6/64 channels masked
Layer layer1.0.conv1.weight: 3/64 channels masked
Layer layer1.0.conv2.weight: 1/64 channels masked
Layer layer1.1.conv1.weight: 1/64 channels masked
Layer layer2.0.downsample.0.weight: 2/128 channels masked
Layer layer3.0.conv2.weight: 1/256 channels masked
Layer layer3.1.conv2.weight: 1/256 channels masked
Layer layer4.0.conv1.weight: 30/512 channels masked
Layer layer4.0.conv2.weight: 73/512 channels masked
Layer layer4.0.downsample.0.weight: 102/512 channels masked
Layer layer4.1.conv1.weight: 54/512 channels masked
Layer layer4.1.conv2.weight: 61/512 channels masked
------------------------- time cost ------------------------- 15.09246039390564

-------------Round number: 220-------------

Evaluate personalized models
Averaged Train Loss: 0.2373
Averaged Test Accurancy: 0.7217
Averaged Test AUC: 0.9508
Std Test Accurancy: 0.1002
Std Test AUC: 0.0273
ASR: 0.5033915311379165
attack_auc: 0.89256524278483
Layer conv1.weight: 6/64 channels masked
Layer layer1.0.conv1.weight: 3/64 channels masked
Layer layer1.0.conv2.weight: 1/64 channels masked
Layer layer1.1.conv1.weight: 1/64 channels masked
Layer layer2.0.downsample.0.weight: 2/128 channels masked
Layer layer3.0.conv2.weight: 1/256 channels masked
Layer layer3.1.conv2.weight: 1/256 channels masked
Layer layer4.0.conv1.weight: 30/512 channels masked
Layer layer4.0.conv2.weight: 74/512 channels masked
Layer layer4.0.downsample.0.weight: 103/512 channels masked
Layer layer4.1.conv1.weight: 54/512 channels masked
Layer layer4.1.conv2.weight: 61/512 channels masked
------------------------- time cost ------------------------- 24.51004981994629
ASR: 0.4864666120304086
attack_auc: 0.8856320026575163
Layer conv1.weight: 6/64 channels masked
Layer layer1.0.conv1.weight: 3/64 channels masked
Layer layer1.0.conv2.weight: 1/64 channels masked
Layer layer1.1.conv1.weight: 1/64 channels masked
Layer layer2.0.downsample.0.weight: 2/128 channels masked
Layer layer3.0.conv2.weight: 1/256 channels masked
Layer layer3.1.conv2.weight: 1/256 channels masked
Layer layer4.0.conv1.weight: 32/512 channels masked
Layer layer4.0.conv2.weight: 74/512 channels masked
Layer layer4.0.downsample.0.weight: 103/512 channels masked
Layer layer4.1.conv1.weight: 55/512 channels masked
Layer layer4.1.conv2.weight: 62/512 channels masked
------------------------- time cost ------------------------- 12.837175846099854
ASR: 0.5057257828736926
attack_auc: 0.8929610421912701
Layer conv1.weight: 6/64 channels masked
Layer layer1.0.conv1.weight: 3/64 channels masked
Layer layer1.0.conv2.weight: 1/64 channels masked
Layer layer1.1.conv1.weight: 1/64 channels masked
Layer layer2.0.downsample.0.weight: 2/128 channels masked
Layer layer3.0.conv2.weight: 1/256 channels masked
Layer layer3.1.conv2.weight: 1/256 channels masked
Layer layer4.0.conv1.weight: 32/512 channels masked
Layer layer4.0.conv2.weight: 74/512 channels masked
Layer layer4.0.downsample.0.weight: 103/512 channels masked
Layer layer4.1.conv1.weight: 55/512 channels masked
Layer layer4.1.conv2.weight: 62/512 channels masked
------------------------- time cost ------------------------- 17.721282720565796
ASR: 0.5007007094401938
attack_auc: 0.8912990536458716
Layer conv1.weight: 6/64 channels masked
Layer layer1.0.conv1.weight: 3/64 channels masked
Layer layer1.0.conv2.weight: 1/64 channels masked
Layer layer1.1.conv1.weight: 1/64 channels masked
Layer layer2.0.downsample.0.weight: 2/128 channels masked
Layer layer3.0.conv2.weight: 1/256 channels masked
Layer layer3.1.conv2.weight: 1/256 channels masked
Layer layer4.0.conv1.weight: 32/512 channels masked
Layer layer4.0.conv2.weight: 74/512 channels masked
Layer layer4.0.downsample.0.weight: 103/512 channels masked
Layer layer4.1.conv1.weight: 56/512 channels masked
Layer layer4.1.conv2.weight: 62/512 channels masked
------------------------- time cost ------------------------- 17.249781370162964
ASR: 0.5150092395066951
attack_auc: 0.8937928610569201
Layer conv1.weight: 6/64 channels masked
Layer layer1.0.conv1.weight: 3/64 channels masked
Layer layer1.0.conv2.weight: 1/64 channels masked
Layer layer1.1.conv1.weight: 1/64 channels masked
Layer layer2.0.downsample.0.weight: 2/128 channels masked
Layer layer3.0.conv2.weight: 1/256 channels masked
Layer layer3.1.conv2.weight: 1/256 channels masked
Layer layer4.0.conv1.weight: 32/512 channels masked
Layer layer4.0.conv2.weight: 74/512 channels masked
Layer layer4.0.downsample.0.weight: 103/512 channels masked
Layer layer4.1.conv1.weight: 56/512 channels masked
Layer layer4.1.conv2.weight: 62/512 channels masked
------------------------- time cost ------------------------- 14.098098516464233
ASR: 0.5022935517396034
attack_auc: 0.8875720758965886
Layer conv1.weight: 6/64 channels masked
Layer layer1.0.conv1.weight: 3/64 channels masked
Layer layer1.0.conv2.weight: 1/64 channels masked
Layer layer1.1.conv1.weight: 1/64 channels masked
Layer layer2.0.downsample.0.weight: 2/128 channels masked
Layer layer3.0.conv2.weight: 1/256 channels masked
Layer layer3.1.conv2.weight: 1/256 channels masked
Layer layer4.0.conv1.weight: 32/512 channels masked
Layer layer4.0.conv2.weight: 74/512 channels masked
Layer layer4.0.downsample.0.weight: 103/512 channels masked
Layer layer4.1.conv1.weight: 56/512 channels masked
Layer layer4.1.conv2.weight: 62/512 channels masked
------------------------- time cost ------------------------- 18.627434492111206
ASR: 0.5055853718509299
attack_auc: 0.8881076147368606
Layer conv1.weight: 6/64 channels masked
Layer layer1.0.conv1.weight: 3/64 channels masked
Layer layer1.0.conv2.weight: 1/64 channels masked
Layer layer1.1.conv1.weight: 1/64 channels masked
Layer layer2.0.downsample.0.weight: 2/128 channels masked
Layer layer3.0.conv2.weight: 1/256 channels masked
Layer layer3.1.conv2.weight: 1/256 channels masked
Layer layer4.0.conv1.weight: 32/512 channels masked
Layer layer4.0.conv2.weight: 74/512 channels masked
Layer layer4.0.downsample.0.weight: 104/512 channels masked
Layer layer4.1.conv1.weight: 58/512 channels masked
Layer layer4.1.conv2.weight: 62/512 channels masked
------------------------- time cost ------------------------- 15.142334222793579
ASR: 0.4840989166153064
attack_auc: 0.882928247845868
Layer conv1.weight: 6/64 channels masked
Layer layer1.0.conv1.weight: 3/64 channels masked
Layer layer1.0.conv2.weight: 1/64 channels masked
Layer layer1.1.conv1.weight: 1/64 channels masked
Layer layer2.0.downsample.0.weight: 2/128 channels masked
Layer layer3.0.conv2.weight: 1/256 channels masked
Layer layer3.1.conv2.weight: 1/256 channels masked
Layer layer4.0.conv1.weight: 32/512 channels masked
Layer layer4.0.conv2.weight: 74/512 channels masked
Layer layer4.0.downsample.0.weight: 104/512 channels masked
Layer layer4.1.conv1.weight: 58/512 channels masked
Layer layer4.1.conv2.weight: 62/512 channels masked
------------------------- time cost ------------------------- 16.78030276298523
ASR: 0.4900380243853767
attack_auc: 0.8853975740771625
Layer conv1.weight: 6/64 channels masked
Layer layer1.0.conv1.weight: 3/64 channels masked
Layer layer1.0.conv2.weight: 1/64 channels masked
Layer layer1.1.conv1.weight: 1/64 channels masked
Layer layer2.0.downsample.0.weight: 2/128 channels masked
Layer layer3.0.conv2.weight: 1/256 channels masked
Layer layer3.1.conv2.weight: 1/256 channels masked
Layer layer4.0.conv1.weight: 32/512 channels masked
Layer layer4.0.conv2.weight: 74/512 channels masked
Layer layer4.0.downsample.0.weight: 104/512 channels masked
Layer layer4.1.conv1.weight: 58/512 channels masked
Layer layer4.1.conv2.weight: 62/512 channels masked
------------------------- time cost ------------------------- 14.921245813369751
ASR: 0.4912276168888902
attack_auc: 0.8856571508273673
Layer conv1.weight: 6/64 channels masked
Layer layer1.0.conv1.weight: 3/64 channels masked
Layer layer1.0.conv2.weight: 1/64 channels masked
Layer layer1.1.conv1.weight: 1/64 channels masked
Layer layer2.0.downsample.0.weight: 2/128 channels masked
Layer layer3.0.conv2.weight: 1/256 channels masked
Layer layer3.1.conv2.weight: 1/256 channels masked
Layer layer4.0.conv1.weight: 32/512 channels masked
Layer layer4.0.conv2.weight: 74/512 channels masked
Layer layer4.0.downsample.0.weight: 104/512 channels masked
Layer layer4.1.conv1.weight: 58/512 channels masked
Layer layer4.1.conv2.weight: 62/512 channels masked
------------------------- time cost ------------------------- 15.698568344116211

-------------Round number: 230-------------

Evaluate personalized models
Averaged Train Loss: 0.2208
Averaged Test Accurancy: 0.7154
Averaged Test AUC: 0.9517
Std Test Accurancy: 0.0960
Std Test AUC: 0.0234
ASR: 0.5061285679906318
attack_auc: 0.8930680094914051
Layer conv1.weight: 6/64 channels masked
Layer layer1.0.conv1.weight: 3/64 channels masked
Layer layer1.0.conv2.weight: 1/64 channels masked
Layer layer1.1.conv1.weight: 1/64 channels masked
Layer layer2.0.downsample.0.weight: 2/128 channels masked
Layer layer3.0.conv2.weight: 1/256 channels masked
Layer layer3.1.conv2.weight: 1/256 channels masked
Layer layer4.0.conv1.weight: 31/512 channels masked
Layer layer4.0.conv2.weight: 74/512 channels masked
Layer layer4.0.downsample.0.weight: 104/512 channels masked
Layer layer4.1.conv1.weight: 58/512 channels masked
Layer layer4.1.conv2.weight: 63/512 channels masked
------------------------- time cost ------------------------- 26.056995391845703
ASR: 0.5172502997678166
attack_auc: 0.8951957144162123
Layer conv1.weight: 6/64 channels masked
Layer layer1.0.conv1.weight: 3/64 channels masked
Layer layer1.0.conv2.weight: 1/64 channels masked
Layer layer1.1.conv1.weight: 1/64 channels masked
Layer layer2.0.downsample.0.weight: 2/128 channels masked
Layer layer3.0.conv2.weight: 1/256 channels masked
Layer layer3.1.conv2.weight: 1/256 channels masked
Layer layer4.0.conv1.weight: 33/512 channels masked
Layer layer4.0.conv2.weight: 76/512 channels masked
Layer layer4.0.downsample.0.weight: 104/512 channels masked
Layer layer4.1.conv1.weight: 59/512 channels masked
Layer layer4.1.conv2.weight: 64/512 channels masked
------------------------- time cost ------------------------- 14.359501600265503
ASR: 0.48573411430973124
attack_auc: 0.886093977095178
Layer conv1.weight: 6/64 channels masked
Layer layer1.0.conv1.weight: 3/64 channels masked
Layer layer1.0.conv2.weight: 1/64 channels masked
Layer layer1.1.conv1.weight: 1/64 channels masked
Layer layer2.0.downsample.0.weight: 2/128 channels masked
Layer layer3.0.conv2.weight: 1/256 channels masked
Layer layer3.1.conv2.weight: 1/256 channels masked
Layer layer4.0.conv1.weight: 33/512 channels masked
Layer layer4.0.conv2.weight: 76/512 channels masked
Layer layer4.0.downsample.0.weight: 104/512 channels masked
Layer layer4.1.conv1.weight: 59/512 channels masked
Layer layer4.1.conv2.weight: 65/512 channels masked
------------------------- time cost ------------------------- 19.136914491653442
ASR: 0.50695866265845
attack_auc: 0.892354473216427
Layer conv1.weight: 6/64 channels masked
Layer layer1.0.conv1.weight: 3/64 channels masked
Layer layer1.0.conv2.weight: 1/64 channels masked
Layer layer1.1.conv1.weight: 1/64 channels masked
Layer layer2.0.downsample.0.weight: 2/128 channels masked
Layer layer3.0.conv2.weight: 1/256 channels masked
Layer layer3.1.conv2.weight: 1/256 channels masked
Layer layer4.0.conv1.weight: 34/512 channels masked
Layer layer4.0.conv2.weight: 76/512 channels masked
Layer layer4.0.downsample.0.weight: 104/512 channels masked
Layer layer4.1.conv1.weight: 59/512 channels masked
Layer layer4.1.conv2.weight: 65/512 channels masked
------------------------- time cost ------------------------- 13.998847961425781
ASR: 0.4991451716279867
attack_auc: 0.8913132976430738
Layer conv1.weight: 6/64 channels masked
Layer layer1.0.conv1.weight: 3/64 channels masked
Layer layer1.0.conv2.weight: 1/64 channels masked
Layer layer1.1.conv1.weight: 1/64 channels masked
Layer layer2.0.downsample.0.weight: 2/128 channels masked
Layer layer3.0.conv2.weight: 1/256 channels masked
Layer layer3.1.conv2.weight: 1/256 channels masked
Layer layer4.0.conv1.weight: 34/512 channels masked
Layer layer4.0.conv2.weight: 77/512 channels masked
Layer layer4.0.downsample.0.weight: 104/512 channels masked
Layer layer4.1.conv1.weight: 59/512 channels masked
Layer layer4.1.conv2.weight: 65/512 channels masked
------------------------- time cost ------------------------- 16.849499940872192
ASR: 0.4616300648051472
attack_auc: 0.8747241544704318
Layer conv1.weight: 6/64 channels masked
Layer layer1.0.conv1.weight: 3/64 channels masked
Layer layer1.0.conv2.weight: 1/64 channels masked
Layer layer1.1.conv1.weight: 1/64 channels masked
Layer layer2.0.downsample.0.weight: 2/128 channels masked
Layer layer3.0.conv2.weight: 1/256 channels masked
Layer layer3.1.conv2.weight: 1/256 channels masked
Layer layer4.0.conv1.weight: 34/512 channels masked
Layer layer4.0.conv2.weight: 77/512 channels masked
Layer layer4.0.downsample.0.weight: 104/512 channels masked
Layer layer4.1.conv1.weight: 59/512 channels masked
Layer layer4.1.conv2.weight: 65/512 channels masked
------------------------- time cost ------------------------- 15.416298627853394
ASR: 0.48219821399575796
attack_auc: 0.8854870522539601
Layer conv1.weight: 5/64 channels masked
Layer layer1.0.conv1.weight: 3/64 channels masked
Layer layer1.0.conv2.weight: 1/64 channels masked
Layer layer1.1.conv1.weight: 1/64 channels masked
Layer layer2.0.downsample.0.weight: 2/128 channels masked
Layer layer3.0.conv2.weight: 1/256 channels masked
Layer layer3.1.conv2.weight: 1/256 channels masked
Layer layer4.0.conv1.weight: 34/512 channels masked
Layer layer4.0.conv2.weight: 77/512 channels masked
Layer layer4.0.downsample.0.weight: 104/512 channels masked
Layer layer4.1.conv1.weight: 59/512 channels masked
Layer layer4.1.conv2.weight: 65/512 channels masked
------------------------- time cost ------------------------- 18.60152506828308
ASR: 0.49920002214026094
attack_auc: 0.8914398698166619
Layer conv1.weight: 5/64 channels masked
Layer layer1.0.conv1.weight: 3/64 channels masked
Layer layer1.0.conv2.weight: 1/64 channels masked
Layer layer1.1.conv1.weight: 1/64 channels masked
Layer layer2.0.downsample.0.weight: 2/128 channels masked
Layer layer3.0.conv2.weight: 1/256 channels masked
Layer layer3.1.conv2.weight: 1/256 channels masked
Layer layer4.0.conv1.weight: 33/512 channels masked
Layer layer4.0.conv2.weight: 77/512 channels masked
Layer layer4.0.downsample.0.weight: 104/512 channels masked
Layer layer4.1.conv1.weight: 59/512 channels masked
Layer layer4.1.conv2.weight: 65/512 channels masked
------------------------- time cost ------------------------- 17.50023603439331
ASR: 0.49495050829496673
attack_auc: 0.8897655255598298
Layer conv1.weight: 5/64 channels masked
Layer layer1.0.conv1.weight: 3/64 channels masked
Layer layer1.0.conv2.weight: 1/64 channels masked
Layer layer1.1.conv1.weight: 1/64 channels masked
Layer layer2.0.downsample.0.weight: 2/128 channels masked
Layer layer3.0.conv2.weight: 1/256 channels masked
Layer layer3.1.conv2.weight: 1/256 channels masked
Layer layer4.0.conv1.weight: 33/512 channels masked
Layer layer4.0.conv2.weight: 78/512 channels masked
Layer layer4.0.downsample.0.weight: 104/512 channels masked
Layer layer4.1.conv1.weight: 59/512 channels masked
Layer layer4.1.conv2.weight: 65/512 channels masked
------------------------- time cost ------------------------- 16.450008869171143
ASR: 0.4891126447968299
attack_auc: 0.8858551354134566
Layer conv1.weight: 5/64 channels masked
Layer layer1.0.conv1.weight: 3/64 channels masked
Layer layer1.0.conv2.weight: 1/64 channels masked
Layer layer1.1.conv1.weight: 1/64 channels masked
Layer layer2.0.downsample.0.weight: 2/128 channels masked
Layer layer3.0.conv2.weight: 1/256 channels masked
Layer layer3.1.conv2.weight: 1/256 channels masked
Layer layer4.0.conv1.weight: 33/512 channels masked
Layer layer4.0.conv2.weight: 78/512 channels masked
Layer layer4.0.downsample.0.weight: 104/512 channels masked
Layer layer4.1.conv1.weight: 59/512 channels masked
Layer layer4.1.conv2.weight: 65/512 channels masked
------------------------- time cost ------------------------- 16.973867177963257

-------------Round number: 240-------------

Evaluate personalized models
Averaged Train Loss: 0.2297
Averaged Test Accurancy: 0.7172
Averaged Test AUC: 0.9513
Std Test Accurancy: 0.0917
Std Test AUC: 0.0218
ASR: 0.48762537468028583
attack_auc: 0.8855787227818502
Layer conv1.weight: 5/64 channels masked
Layer layer1.0.conv1.weight: 3/64 channels masked
Layer layer1.0.conv2.weight: 1/64 channels masked
Layer layer1.1.conv1.weight: 1/64 channels masked
Layer layer2.0.downsample.0.weight: 2/128 channels masked
Layer layer3.0.conv2.weight: 1/256 channels masked
Layer layer3.1.conv2.weight: 1/256 channels masked
Layer layer4.0.conv1.weight: 33/512 channels masked
Layer layer4.0.conv2.weight: 78/512 channels masked
Layer layer4.0.downsample.0.weight: 104/512 channels masked
Layer layer4.1.conv1.weight: 59/512 channels masked
Layer layer4.1.conv2.weight: 65/512 channels masked
------------------------- time cost ------------------------- 26.119797706604004
ASR: 0.5004416621837328
attack_auc: 0.8923633440248698
Layer conv1.weight: 5/64 channels masked
Layer layer1.0.conv1.weight: 3/64 channels masked
Layer layer1.0.conv2.weight: 1/64 channels masked
Layer layer1.1.conv1.weight: 1/64 channels masked
Layer layer2.0.downsample.0.weight: 2/128 channels masked
Layer layer3.0.conv2.weight: 1/256 channels masked
Layer layer3.1.conv2.weight: 1/256 channels masked
Layer layer4.0.conv1.weight: 38/512 channels masked
Layer layer4.0.conv2.weight: 80/512 channels masked
Layer layer4.0.downsample.0.weight: 104/512 channels masked
Layer layer4.1.conv1.weight: 59/512 channels masked
Layer layer4.1.conv2.weight: 65/512 channels masked
------------------------- time cost ------------------------- 12.977935075759888
ASR: 0.5079559598221831
attack_auc: 0.8923409793802622
Layer conv1.weight: 5/64 channels masked
Layer layer1.0.conv1.weight: 3/64 channels masked
Layer layer1.0.conv2.weight: 1/64 channels masked
Layer layer1.1.conv1.weight: 1/64 channels masked
Layer layer2.0.downsample.0.weight: 2/128 channels masked
Layer layer3.0.conv2.weight: 1/256 channels masked
Layer layer3.1.conv2.weight: 1/256 channels masked
Layer layer4.0.conv1.weight: 37/512 channels masked
Layer layer4.0.conv2.weight: 80/512 channels masked
Layer layer4.0.downsample.0.weight: 104/512 channels masked
Layer layer4.1.conv1.weight: 59/512 channels masked
Layer layer4.1.conv2.weight: 65/512 channels masked
------------------------- time cost ------------------------- 19.687344551086426
ASR: 0.47777717872036113
attack_auc: 0.8833516181245478
Layer conv1.weight: 5/64 channels masked
Layer layer1.0.conv1.weight: 3/64 channels masked
Layer layer1.0.conv2.weight: 1/64 channels masked
Layer layer1.1.conv1.weight: 1/64 channels masked
Layer layer2.0.downsample.0.weight: 2/128 channels masked
Layer layer3.0.conv2.weight: 1/256 channels masked
Layer layer3.1.conv2.weight: 1/256 channels masked
Layer layer4.0.conv1.weight: 38/512 channels masked
Layer layer4.0.conv2.weight: 81/512 channels masked
Layer layer4.0.downsample.0.weight: 104/512 channels masked
Layer layer4.1.conv1.weight: 59/512 channels masked
Layer layer4.1.conv2.weight: 65/512 channels masked
------------------------- time cost ------------------------- 15.113359689712524
ASR: 0.4519998779442911
attack_auc: 0.8684196973089364
Layer conv1.weight: 6/64 channels masked
Layer layer1.0.conv1.weight: 3/64 channels masked
Layer layer1.0.conv2.weight: 1/64 channels masked
Layer layer1.1.conv1.weight: 1/64 channels masked
Layer layer2.0.downsample.0.weight: 2/128 channels masked
Layer layer3.0.conv2.weight: 1/256 channels masked
Layer layer3.1.conv2.weight: 1/256 channels masked
Layer layer4.0.conv1.weight: 37/512 channels masked
Layer layer4.0.conv2.weight: 81/512 channels masked
Layer layer4.0.downsample.0.weight: 105/512 channels masked
Layer layer4.1.conv1.weight: 59/512 channels masked
Layer layer4.1.conv2.weight: 65/512 channels masked
------------------------- time cost ------------------------- 17.864290237426758
ASR: 0.43523702737609415
attack_auc: 0.8644684208900684
Layer conv1.weight: 7/64 channels masked
Layer layer1.0.conv1.weight: 3/64 channels masked
Layer layer1.0.conv2.weight: 1/64 channels masked
Layer layer1.1.conv1.weight: 1/64 channels masked
Layer layer2.0.downsample.0.weight: 2/128 channels masked
Layer layer3.0.conv2.weight: 1/256 channels masked
Layer layer3.1.conv2.weight: 1/256 channels masked
Layer layer4.0.conv1.weight: 37/512 channels masked
Layer layer4.0.conv2.weight: 82/512 channels masked
Layer layer4.0.downsample.0.weight: 105/512 channels masked
Layer layer4.1.conv1.weight: 59/512 channels masked
Layer layer4.1.conv2.weight: 65/512 channels masked
------------------------- time cost ------------------------- 14.393386840820312
ASR: 0.4144148604446123
attack_auc: 0.8573708936589104
Layer conv1.weight: 7/64 channels masked
Layer layer1.0.conv1.weight: 3/64 channels masked
Layer layer1.0.conv2.weight: 1/64 channels masked
Layer layer1.1.conv1.weight: 1/64 channels masked
Layer layer2.0.downsample.0.weight: 2/128 channels masked
Layer layer3.0.conv2.weight: 1/256 channels masked
Layer layer3.1.conv2.weight: 1/256 channels masked
Layer layer4.0.conv1.weight: 37/512 channels masked
Layer layer4.0.conv2.weight: 82/512 channels masked
Layer layer4.0.downsample.0.weight: 105/512 channels masked
Layer layer4.1.conv1.weight: 59/512 channels masked
Layer layer4.1.conv2.weight: 65/512 channels masked
------------------------- time cost ------------------------- 15.255935907363892
ASR: 0.4113691034266348
attack_auc: 0.8575808573102509
Layer conv1.weight: 7/64 channels masked
Layer layer1.0.conv1.weight: 3/64 channels masked
Layer layer1.0.conv2.weight: 1/64 channels masked
Layer layer1.1.conv1.weight: 1/64 channels masked
Layer layer2.0.downsample.0.weight: 2/128 channels masked
Layer layer3.0.conv2.weight: 1/256 channels masked
Layer layer3.1.conv2.weight: 1/256 channels masked
Layer layer4.0.conv1.weight: 37/512 channels masked
Layer layer4.0.conv2.weight: 82/512 channels masked
Layer layer4.0.downsample.0.weight: 105/512 channels masked
Layer layer4.1.conv1.weight: 59/512 channels masked
Layer layer4.1.conv2.weight: 65/512 channels masked
------------------------- time cost ------------------------- 16.984837293624878
ASR: 0.44163729290721754
attack_auc: 0.8667532345757682
Layer conv1.weight: 7/64 channels masked
Layer layer1.0.conv1.weight: 3/64 channels masked
Layer layer1.0.conv2.weight: 1/64 channels masked
Layer layer1.1.conv1.weight: 1/64 channels masked
Layer layer2.0.downsample.0.weight: 2/128 channels masked
Layer layer3.0.conv2.weight: 1/256 channels masked
Layer layer3.1.conv2.weight: 1/256 channels masked
Layer layer4.0.conv1.weight: 36/512 channels masked
Layer layer4.0.conv2.weight: 82/512 channels masked
Layer layer4.0.downsample.0.weight: 105/512 channels masked
Layer layer4.1.conv1.weight: 59/512 channels masked
Layer layer4.1.conv2.weight: 65/512 channels masked
------------------------- time cost ------------------------- 13.68968939781189
ASR: 0.4298487404667419
attack_auc: 0.862043948260115
Layer conv1.weight: 7/64 channels masked
Layer layer1.0.conv1.weight: 3/64 channels masked
Layer layer1.0.conv2.weight: 1/64 channels masked
Layer layer1.1.conv1.weight: 1/64 channels masked
Layer layer2.0.downsample.0.weight: 2/128 channels masked
Layer layer3.0.conv2.weight: 1/256 channels masked
Layer layer3.1.conv2.weight: 1/256 channels masked
Layer layer4.0.conv1.weight: 36/512 channels masked
Layer layer4.0.conv2.weight: 81/512 channels masked
Layer layer4.0.downsample.0.weight: 105/512 channels masked
Layer layer4.1.conv1.weight: 59/512 channels masked
Layer layer4.1.conv2.weight: 65/512 channels masked
------------------------- time cost ------------------------- 17.71342444419861

-------------Round number: 250-------------

Evaluate personalized models
Averaged Train Loss: 0.2057
Averaged Test Accurancy: 0.7140
Averaged Test AUC: 0.9521
Std Test Accurancy: 0.1002
Std Test AUC: 0.0218
ASR: 0.41546600027760494
attack_auc: 0.8574628654375792
Layer conv1.weight: 7/64 channels masked
Layer layer1.0.conv1.weight: 3/64 channels masked
Layer layer1.0.conv2.weight: 1/64 channels masked
Layer layer1.1.conv1.weight: 1/64 channels masked
Layer layer2.0.downsample.0.weight: 2/128 channels masked
Layer layer3.0.conv2.weight: 1/256 channels masked
Layer layer3.1.conv2.weight: 1/256 channels masked
Layer layer4.0.conv1.weight: 36/512 channels masked
Layer layer4.0.conv2.weight: 81/512 channels masked
Layer layer4.0.downsample.0.weight: 105/512 channels masked
Layer layer4.1.conv1.weight: 59/512 channels masked
Layer layer4.1.conv2.weight: 65/512 channels masked
------------------------- time cost ------------------------- 23.15423583984375
ASR: 0.4584359687286876
attack_auc: 0.8695922099426309
Layer conv1.weight: 7/64 channels masked
Layer layer1.0.conv1.weight: 3/64 channels masked
Layer layer1.0.conv2.weight: 1/64 channels masked
Layer layer1.1.conv1.weight: 1/64 channels masked
Layer layer2.0.downsample.0.weight: 2/128 channels masked
Layer layer3.0.conv2.weight: 1/256 channels masked
Layer layer3.1.conv2.weight: 1/256 channels masked
Layer layer4.0.conv1.weight: 36/512 channels masked
Layer layer4.0.conv2.weight: 81/512 channels masked
Layer layer4.0.downsample.0.weight: 105/512 channels masked
Layer layer4.1.conv1.weight: 59/512 channels masked
Layer layer4.1.conv2.weight: 65/512 channels masked
------------------------- time cost ------------------------- 14.18300724029541
ASR: 0.4739013205110878
attack_auc: 0.8816895827699336
Layer conv1.weight: 7/64 channels masked
Layer layer1.0.conv1.weight: 3/64 channels masked
Layer layer1.0.conv2.weight: 1/64 channels masked
Layer layer1.1.conv1.weight: 1/64 channels masked
Layer layer2.0.downsample.0.weight: 2/128 channels masked
Layer layer3.0.conv2.weight: 1/256 channels masked
Layer layer3.1.conv2.weight: 1/256 channels masked
Layer layer4.0.conv1.weight: 36/512 channels masked
Layer layer4.0.conv2.weight: 81/512 channels masked
Layer layer4.0.downsample.0.weight: 105/512 channels masked
Layer layer4.1.conv1.weight: 59/512 channels masked
Layer layer4.1.conv2.weight: 65/512 channels masked
------------------------- time cost ------------------------- 15.974459648132324
ASR: 0.4615330294006279
attack_auc: 0.876852554553498
Layer conv1.weight: 7/64 channels masked
Layer layer1.0.conv1.weight: 3/64 channels masked
Layer layer1.0.conv2.weight: 1/64 channels masked
Layer layer1.1.conv1.weight: 1/64 channels masked
Layer layer2.0.downsample.0.weight: 2/128 channels masked
Layer layer3.0.conv2.weight: 1/256 channels masked
Layer layer3.1.conv2.weight: 1/256 channels masked
Layer layer4.0.conv1.weight: 36/512 channels masked
Layer layer4.0.conv2.weight: 81/512 channels masked
Layer layer4.0.downsample.0.weight: 105/512 channels masked
Layer layer4.1.conv1.weight: 59/512 channels masked
Layer layer4.1.conv2.weight: 65/512 channels masked
------------------------- time cost ------------------------- 15.21166181564331
ASR: 0.45712950823963855
attack_auc: 0.8740389044625577
Layer conv1.weight: 7/64 channels masked
Layer layer1.0.conv1.weight: 3/64 channels masked
Layer layer1.0.conv2.weight: 1/64 channels masked
Layer layer1.1.conv1.weight: 1/64 channels masked
Layer layer2.0.downsample.0.weight: 2/128 channels masked
Layer layer3.0.conv2.weight: 1/256 channels masked
Layer layer3.1.conv2.weight: 1/256 channels masked
Layer layer4.0.conv1.weight: 36/512 channels masked
Layer layer4.0.conv2.weight: 81/512 channels masked
Layer layer4.0.downsample.0.weight: 105/512 channels masked
Layer layer4.1.conv1.weight: 59/512 channels masked
Layer layer4.1.conv2.weight: 65/512 channels masked
------------------------- time cost ------------------------- 12.941440105438232
ASR: 0.4393412084798932
attack_auc: 0.8724775955282168
Layer conv1.weight: 7/64 channels masked
Layer layer1.0.conv1.weight: 3/64 channels masked
Layer layer1.0.conv2.weight: 1/64 channels masked
Layer layer1.1.conv1.weight: 1/64 channels masked
Layer layer2.0.downsample.0.weight: 2/128 channels masked
Layer layer3.0.conv2.weight: 1/256 channels masked
Layer layer3.1.conv2.weight: 1/256 channels masked
Layer layer4.0.conv1.weight: 36/512 channels masked
Layer layer4.0.conv2.weight: 81/512 channels masked
Layer layer4.0.downsample.0.weight: 105/512 channels masked
Layer layer4.1.conv1.weight: 59/512 channels masked
Layer layer4.1.conv2.weight: 65/512 channels masked
------------------------- time cost ------------------------- 17.61899995803833
ASR: 0.4421941377684976
attack_auc: 0.870638020262827
Layer conv1.weight: 7/64 channels masked
Layer layer1.0.conv1.weight: 3/64 channels masked
Layer layer1.0.conv2.weight: 1/64 channels masked
Layer layer1.1.conv1.weight: 1/64 channels masked
Layer layer2.0.downsample.0.weight: 2/128 channels masked
Layer layer3.0.conv2.weight: 1/256 channels masked
Layer layer3.1.conv2.weight: 1/256 channels masked
Layer layer4.0.conv1.weight: 36/512 channels masked
Layer layer4.0.conv2.weight: 81/512 channels masked
Layer layer4.0.downsample.0.weight: 105/512 channels masked
Layer layer4.1.conv1.weight: 59/512 channels masked
Layer layer4.1.conv2.weight: 65/512 channels masked
------------------------- time cost ------------------------- 14.91889238357544
ASR: 0.45310506604187795
attack_auc: 0.87529927763295
Layer conv1.weight: 7/64 channels masked
Layer layer1.0.conv1.weight: 3/64 channels masked
Layer layer1.0.conv2.weight: 1/64 channels masked
Layer layer1.1.conv1.weight: 1/64 channels masked
Layer layer2.0.downsample.0.weight: 2/128 channels masked
Layer layer3.0.conv2.weight: 1/256 channels masked
Layer layer3.1.conv2.weight: 1/256 channels masked
Layer layer4.0.conv1.weight: 36/512 channels masked
Layer layer4.0.conv2.weight: 84/512 channels masked
Layer layer4.0.downsample.0.weight: 106/512 channels masked
Layer layer4.1.conv1.weight: 61/512 channels masked
Layer layer4.1.conv2.weight: 65/512 channels masked
------------------------- time cost ------------------------- 17.92477250099182
ASR: 0.4453099395782316
attack_auc: 0.8716120760567313
Layer conv1.weight: 7/64 channels masked
Layer layer1.0.conv1.weight: 3/64 channels masked
Layer layer1.0.conv2.weight: 1/64 channels masked
Layer layer1.1.conv1.weight: 1/64 channels masked
Layer layer2.0.downsample.0.weight: 2/128 channels masked
Layer layer3.0.conv2.weight: 1/256 channels masked
Layer layer3.1.conv2.weight: 1/256 channels masked
Layer layer4.0.conv1.weight: 36/512 channels masked
Layer layer4.0.conv2.weight: 84/512 channels masked
Layer layer4.0.downsample.0.weight: 106/512 channels masked
Layer layer4.1.conv1.weight: 61/512 channels masked
Layer layer4.1.conv2.weight: 65/512 channels masked
------------------------- time cost ------------------------- 16.15453290939331
ASR: 0.4398905199767055
attack_auc: 0.8687685688059423
Layer conv1.weight: 7/64 channels masked
Layer layer1.0.conv1.weight: 3/64 channels masked
Layer layer1.0.conv2.weight: 1/64 channels masked
Layer layer1.1.conv1.weight: 1/64 channels masked
Layer layer2.0.downsample.0.weight: 2/128 channels masked
Layer layer3.0.conv2.weight: 1/256 channels masked
Layer layer3.1.conv2.weight: 1/256 channels masked
Layer layer4.0.conv1.weight: 36/512 channels masked
Layer layer4.0.conv2.weight: 84/512 channels masked
Layer layer4.0.downsample.0.weight: 106/512 channels masked
Layer layer4.1.conv1.weight: 61/512 channels masked
Layer layer4.1.conv2.weight: 65/512 channels masked
------------------------- time cost ------------------------- 16.75616216659546

-------------Round number: 260-------------

Evaluate personalized models
Averaged Train Loss: 0.1811
Averaged Test Accurancy: 0.7160
Averaged Test AUC: 0.9529
Std Test Accurancy: 0.0980
Std Test AUC: 0.0225
ASR: 0.43169823599347656
attack_auc: 0.86868269335296
Layer conv1.weight: 7/64 channels masked
Layer layer1.0.conv1.weight: 3/64 channels masked
Layer layer1.0.conv2.weight: 1/64 channels masked
Layer layer1.1.conv1.weight: 1/64 channels masked
Layer layer2.0.downsample.0.weight: 2/128 channels masked
Layer layer3.0.conv2.weight: 1/256 channels masked
Layer layer3.1.conv2.weight: 1/256 channels masked
Layer layer4.0.conv1.weight: 37/512 channels masked
Layer layer4.0.conv2.weight: 84/512 channels masked
Layer layer4.0.downsample.0.weight: 106/512 channels masked
Layer layer4.1.conv1.weight: 63/512 channels masked
Layer layer4.1.conv2.weight: 65/512 channels masked
------------------------- time cost ------------------------- 23.74916386604309
ASR: 0.4136552840933128
attack_auc: 0.8630357834904127
Layer conv1.weight: 7/64 channels masked
Layer layer1.0.conv1.weight: 2/64 channels masked
Layer layer1.0.conv2.weight: 1/64 channels masked
Layer layer1.1.conv1.weight: 1/64 channels masked
Layer layer2.0.downsample.0.weight: 2/128 channels masked
Layer layer3.0.conv2.weight: 1/256 channels masked
Layer layer3.1.conv2.weight: 1/256 channels masked
Layer layer4.0.conv1.weight: 37/512 channels masked
Layer layer4.0.conv2.weight: 84/512 channels masked
Layer layer4.0.downsample.0.weight: 106/512 channels masked
Layer layer4.1.conv1.weight: 63/512 channels masked
Layer layer4.1.conv2.weight: 65/512 channels masked
------------------------- time cost ------------------------- 18.096078157424927
ASR: 0.4544908808944759
attack_auc: 0.8799647842154521
Layer conv1.weight: 7/64 channels masked
Layer layer1.0.conv1.weight: 3/64 channels masked
Layer layer1.0.conv2.weight: 1/64 channels masked
Layer layer1.1.conv1.weight: 1/64 channels masked
Layer layer2.0.downsample.0.weight: 2/128 channels masked
Layer layer3.0.conv2.weight: 1/256 channels masked
Layer layer3.1.conv2.weight: 1/256 channels masked
Layer layer4.0.conv1.weight: 37/512 channels masked
Layer layer4.0.conv2.weight: 84/512 channels masked
Layer layer4.0.downsample.0.weight: 106/512 channels masked
Layer layer4.1.conv1.weight: 63/512 channels masked
Layer layer4.1.conv2.weight: 65/512 channels masked
------------------------- time cost ------------------------- 14.468971490859985
ASR: 0.44226617499599935
attack_auc: 0.8746662720093374
Layer conv1.weight: 7/64 channels masked
Layer layer1.0.conv1.weight: 3/64 channels masked
Layer layer1.0.conv2.weight: 1/64 channels masked
Layer layer1.1.conv1.weight: 1/64 channels masked
Layer layer2.0.downsample.0.weight: 2/128 channels masked
Layer layer3.0.conv2.weight: 1/256 channels masked
Layer layer3.1.conv2.weight: 1/256 channels masked
Layer layer4.0.conv1.weight: 37/512 channels masked
Layer layer4.0.conv2.weight: 84/512 channels masked
Layer layer4.0.downsample.0.weight: 106/512 channels masked
Layer layer4.1.conv1.weight: 63/512 channels masked
Layer layer4.1.conv2.weight: 65/512 channels masked
------------------------- time cost ------------------------- 16.009209632873535
ASR: 0.4507897373636442
attack_auc: 0.8748485807015085
Layer conv1.weight: 7/64 channels masked
Layer layer1.0.conv1.weight: 3/64 channels masked
Layer layer1.0.conv2.weight: 1/64 channels masked
Layer layer1.1.conv1.weight: 1/64 channels masked
Layer layer2.0.downsample.0.weight: 2/128 channels masked
Layer layer3.0.conv2.weight: 1/256 channels masked
Layer layer3.1.conv2.weight: 1/256 channels masked
Layer layer4.0.conv1.weight: 37/512 channels masked
Layer layer4.0.conv2.weight: 84/512 channels masked
Layer layer4.0.downsample.0.weight: 106/512 channels masked
Layer layer4.1.conv1.weight: 63/512 channels masked
Layer layer4.1.conv2.weight: 65/512 channels masked
------------------------- time cost ------------------------- 18.599119424819946
ASR: 0.46046019477358013
attack_auc: 0.8783599601810419
Layer conv1.weight: 7/64 channels masked
Layer layer1.0.conv1.weight: 3/64 channels masked
Layer layer1.0.conv2.weight: 1/64 channels masked
Layer layer1.1.conv1.weight: 1/64 channels masked
Layer layer2.0.downsample.0.weight: 2/128 channels masked
Layer layer3.0.conv2.weight: 1/256 channels masked
Layer layer3.1.conv2.weight: 1/256 channels masked
Layer layer4.0.conv1.weight: 37/512 channels masked
Layer layer4.0.conv2.weight: 84/512 channels masked
Layer layer4.0.downsample.0.weight: 106/512 channels masked
Layer layer4.1.conv1.weight: 63/512 channels masked
Layer layer4.1.conv2.weight: 65/512 channels masked
------------------------- time cost ------------------------- 15.01668667793274
ASR: 0.4750368179369567
attack_auc: 0.8822774846991158
Layer conv1.weight: 7/64 channels masked
Layer layer1.0.conv1.weight: 3/64 channels masked
Layer layer1.0.conv2.weight: 1/64 channels masked
Layer layer1.1.conv1.weight: 1/64 channels masked
Layer layer2.0.downsample.0.weight: 2/128 channels masked
Layer layer3.0.conv2.weight: 1/256 channels masked
Layer layer3.1.conv2.weight: 1/256 channels masked
Layer layer4.0.conv1.weight: 37/512 channels masked
Layer layer4.0.conv2.weight: 84/512 channels masked
Layer layer4.0.downsample.0.weight: 106/512 channels masked
Layer layer4.1.conv1.weight: 63/512 channels masked
Layer layer4.1.conv2.weight: 65/512 channels masked
------------------------- time cost ------------------------- 15.143356561660767
ASR: 0.478159265490269
attack_auc: 0.8814323214683851
Layer conv1.weight: 7/64 channels masked
Layer layer1.0.conv1.weight: 3/64 channels masked
Layer layer1.0.conv2.weight: 1/64 channels masked
Layer layer1.1.conv1.weight: 1/64 channels masked
Layer layer2.0.downsample.0.weight: 2/128 channels masked
Layer layer3.0.conv2.weight: 1/256 channels masked
Layer layer3.1.conv2.weight: 1/256 channels masked
Layer layer4.0.conv1.weight: 37/512 channels masked
Layer layer4.0.conv2.weight: 84/512 channels masked
Layer layer4.0.downsample.0.weight: 106/512 channels masked
Layer layer4.1.conv1.weight: 63/512 channels masked
Layer layer4.1.conv2.weight: 65/512 channels masked
------------------------- time cost ------------------------- 12.795286655426025
ASR: 0.49154482649102976
attack_auc: 0.8870366460440017
Layer conv1.weight: 8/64 channels masked
Layer layer1.0.conv1.weight: 3/64 channels masked
Layer layer1.0.conv2.weight: 1/64 channels masked
Layer layer1.1.conv1.weight: 1/64 channels masked
Layer layer2.0.downsample.0.weight: 2/128 channels masked
Layer layer3.0.conv2.weight: 1/256 channels masked
Layer layer3.1.conv2.weight: 1/256 channels masked
Layer layer4.0.conv1.weight: 37/512 channels masked
Layer layer4.0.conv2.weight: 84/512 channels masked
Layer layer4.0.downsample.0.weight: 106/512 channels masked
Layer layer4.1.conv1.weight: 63/512 channels masked
Layer layer4.1.conv2.weight: 65/512 channels masked
------------------------- time cost ------------------------- 15.671684741973877
ASR: 0.4850479028126213
attack_auc: 0.8859065905905011
Layer conv1.weight: 8/64 channels masked
Layer layer1.0.conv1.weight: 3/64 channels masked
Layer layer1.0.conv2.weight: 1/64 channels masked
Layer layer1.1.conv1.weight: 1/64 channels masked
Layer layer2.0.downsample.0.weight: 2/128 channels masked
Layer layer3.0.conv2.weight: 1/256 channels masked
Layer layer3.1.conv2.weight: 1/256 channels masked
Layer layer4.0.conv1.weight: 37/512 channels masked
Layer layer4.0.conv2.weight: 84/512 channels masked
Layer layer4.0.downsample.0.weight: 106/512 channels masked
Layer layer4.1.conv1.weight: 63/512 channels masked
Layer layer4.1.conv2.weight: 65/512 channels masked
------------------------- time cost ------------------------- 17.285186767578125

-------------Round number: 270-------------

Evaluate personalized models
Averaged Train Loss: 0.1792
Averaged Test Accurancy: 0.7189
Averaged Test AUC: 0.9522
Std Test Accurancy: 0.1021
Std Test AUC: 0.0256
ASR: 0.45031891566653603
attack_auc: 0.8739332617094016
Layer conv1.weight: 9/64 channels masked
Layer layer1.0.conv1.weight: 3/64 channels masked
Layer layer1.0.conv2.weight: 1/64 channels masked
Layer layer1.1.conv1.weight: 1/64 channels masked
Layer layer2.0.downsample.0.weight: 2/128 channels masked
Layer layer3.0.conv2.weight: 1/256 channels masked
Layer layer3.1.conv2.weight: 1/256 channels masked
Layer layer4.0.conv1.weight: 37/512 channels masked
Layer layer4.0.conv2.weight: 84/512 channels masked
Layer layer4.0.downsample.0.weight: 107/512 channels masked
Layer layer4.1.conv1.weight: 63/512 channels masked
Layer layer4.1.conv2.weight: 65/512 channels masked
------------------------- time cost ------------------------- 20.22206950187683
ASR: 0.45518973826336295
attack_auc: 0.8747793431598793
Layer conv1.weight: 9/64 channels masked
Layer layer1.0.conv1.weight: 3/64 channels masked
Layer layer1.0.conv2.weight: 1/64 channels masked
Layer layer1.1.conv1.weight: 1/64 channels masked
Layer layer2.0.downsample.0.weight: 2/128 channels masked
Layer layer3.0.conv2.weight: 1/256 channels masked
Layer layer3.1.conv2.weight: 1/256 channels masked
Layer layer4.0.conv1.weight: 39/512 channels masked
Layer layer4.0.conv2.weight: 84/512 channels masked
Layer layer4.0.downsample.0.weight: 108/512 channels masked
Layer layer4.1.conv1.weight: 63/512 channels masked
Layer layer4.1.conv2.weight: 65/512 channels masked
------------------------- time cost ------------------------- 14.279975414276123
ASR: 0.4578691192649586
attack_auc: 0.8750471526635273
Layer conv1.weight: 9/64 channels masked
Layer layer1.0.conv1.weight: 3/64 channels masked
Layer layer1.0.conv2.weight: 1/64 channels masked
Layer layer1.1.conv1.weight: 1/64 channels masked
Layer layer2.0.downsample.0.weight: 2/128 channels masked
Layer layer3.0.conv2.weight: 1/256 channels masked
Layer layer3.1.conv2.weight: 1/256 channels masked
Layer layer4.0.conv1.weight: 40/512 channels masked
Layer layer4.0.conv2.weight: 84/512 channels masked
Layer layer4.0.downsample.0.weight: 108/512 channels masked
Layer layer4.1.conv1.weight: 63/512 channels masked
Layer layer4.1.conv2.weight: 65/512 channels masked
------------------------- time cost ------------------------- 15.899525880813599
ASR: 0.4388422832743905
attack_auc: 0.866926092336216
Layer conv1.weight: 9/64 channels masked
Layer layer1.0.conv1.weight: 3/64 channels masked
Layer layer1.0.conv2.weight: 1/64 channels masked
Layer layer1.1.conv1.weight: 1/64 channels masked
Layer layer2.0.downsample.0.weight: 2/128 channels masked
Layer layer3.0.conv2.weight: 1/256 channels masked
Layer layer3.1.conv2.weight: 1/256 channels masked
Layer layer4.0.conv1.weight: 40/512 channels masked
Layer layer4.0.conv2.weight: 84/512 channels masked
Layer layer4.0.downsample.0.weight: 108/512 channels masked
Layer layer4.1.conv1.weight: 63/512 channels masked
Layer layer4.1.conv2.weight: 66/512 channels masked
------------------------- time cost ------------------------- 14.117977857589722
ASR: 0.4824409276495605
attack_auc: 0.8807984444679906
Layer conv1.weight: 9/64 channels masked
Layer layer1.0.conv1.weight: 3/64 channels masked
Layer layer1.0.conv2.weight: 1/64 channels masked
Layer layer1.1.conv1.weight: 1/64 channels masked
Layer layer2.0.downsample.0.weight: 2/128 channels masked
Layer layer3.0.conv2.weight: 1/256 channels masked
Layer layer3.1.conv2.weight: 1/256 channels masked
Layer layer4.0.conv1.weight: 40/512 channels masked
Layer layer4.0.conv2.weight: 84/512 channels masked
Layer layer4.0.downsample.0.weight: 108/512 channels masked
Layer layer4.1.conv1.weight: 63/512 channels masked
Layer layer4.1.conv2.weight: 66/512 channels masked
------------------------- time cost ------------------------- 14.117735147476196
ASR: 0.4746338888032445
attack_auc: 0.8825696764401534
Layer conv1.weight: 9/64 channels masked
Layer layer1.0.conv1.weight: 3/64 channels masked
Layer layer1.0.conv2.weight: 1/64 channels masked
Layer layer1.1.conv1.weight: 1/64 channels masked
Layer layer2.0.downsample.0.weight: 2/128 channels masked
Layer layer3.0.conv2.weight: 1/256 channels masked
Layer layer3.1.conv2.weight: 1/256 channels masked
Layer layer4.0.conv1.weight: 40/512 channels masked
Layer layer4.0.conv2.weight: 82/512 channels masked
Layer layer4.0.downsample.0.weight: 108/512 channels masked
Layer layer4.1.conv1.weight: 63/512 channels masked
Layer layer4.1.conv2.weight: 66/512 channels masked
------------------------- time cost ------------------------- 19.160873413085938
ASR: 0.4995585090220652
attack_auc: 0.8906569828494113
Layer conv1.weight: 9/64 channels masked
Layer layer1.0.conv1.weight: 3/64 channels masked
Layer layer1.0.conv2.weight: 1/64 channels masked
Layer layer1.1.conv1.weight: 1/64 channels masked
Layer layer2.0.downsample.0.weight: 2/128 channels masked
Layer layer3.0.conv2.weight: 1/256 channels masked
Layer layer3.1.conv2.weight: 1/256 channels masked
Layer layer4.0.conv1.weight: 40/512 channels masked
Layer layer4.0.conv2.weight: 84/512 channels masked
Layer layer4.0.downsample.0.weight: 108/512 channels masked
Layer layer4.1.conv1.weight: 63/512 channels masked
Layer layer4.1.conv2.weight: 66/512 channels masked
------------------------- time cost ------------------------- 13.104604959487915
ASR: 0.499877860028752
attack_auc: 0.8902749422646346
Layer conv1.weight: 9/64 channels masked
Layer layer1.0.conv1.weight: 3/64 channels masked
Layer layer1.0.conv2.weight: 1/64 channels masked
Layer layer1.1.conv1.weight: 1/64 channels masked
Layer layer2.0.downsample.0.weight: 2/128 channels masked
Layer layer3.0.conv2.weight: 1/256 channels masked
Layer layer3.1.conv2.weight: 1/256 channels masked
Layer layer4.0.conv1.weight: 40/512 channels masked
Layer layer4.0.conv2.weight: 84/512 channels masked
Layer layer4.0.downsample.0.weight: 108/512 channels masked
Layer layer4.1.conv1.weight: 63/512 channels masked
Layer layer4.1.conv2.weight: 66/512 channels masked
------------------------- time cost ------------------------- 17.952775716781616
ASR: 0.4818675866454079
attack_auc: 0.8838733302707386
Layer conv1.weight: 9/64 channels masked
Layer layer1.0.conv1.weight: 3/64 channels masked
Layer layer1.0.conv2.weight: 1/64 channels masked
Layer layer1.1.conv1.weight: 1/64 channels masked
Layer layer2.0.downsample.0.weight: 2/128 channels masked
Layer layer3.0.conv2.weight: 1/256 channels masked
Layer layer3.1.conv2.weight: 1/256 channels masked
Layer layer4.0.conv1.weight: 43/512 channels masked
Layer layer4.0.conv2.weight: 84/512 channels masked
Layer layer4.0.downsample.0.weight: 108/512 channels masked
Layer layer4.1.conv1.weight: 64/512 channels masked
Layer layer4.1.conv2.weight: 66/512 channels masked
------------------------- time cost ------------------------- 16.42655324935913
ASR: 0.46982527020675213
attack_auc: 0.8787218120513361
Layer conv1.weight: 9/64 channels masked
Layer layer1.0.conv1.weight: 3/64 channels masked
Layer layer1.0.conv2.weight: 1/64 channels masked
Layer layer1.1.conv1.weight: 1/64 channels masked
Layer layer2.0.downsample.0.weight: 2/128 channels masked
Layer layer3.0.conv2.weight: 1/256 channels masked
Layer layer3.1.conv2.weight: 1/256 channels masked
Layer layer4.0.conv1.weight: 43/512 channels masked
Layer layer4.0.conv2.weight: 84/512 channels masked
Layer layer4.0.downsample.0.weight: 108/512 channels masked
Layer layer4.1.conv1.weight: 64/512 channels masked
Layer layer4.1.conv2.weight: 66/512 channels masked
------------------------- time cost ------------------------- 16.195335865020752

-------------Round number: 280-------------

Evaluate personalized models
Averaged Train Loss: 0.2191
Averaged Test Accurancy: 0.7114
Averaged Test AUC: 0.9500
Std Test Accurancy: 0.1048
Std Test AUC: 0.0237
ASR: 0.48631983066746604
attack_auc: 0.8857996882200859
Layer conv1.weight: 9/64 channels masked
Layer layer1.0.conv1.weight: 3/64 channels masked
Layer layer1.0.conv2.weight: 1/64 channels masked
Layer layer1.1.conv1.weight: 1/64 channels masked
Layer layer2.0.downsample.0.weight: 2/128 channels masked
Layer layer3.0.conv2.weight: 1/256 channels masked
Layer layer3.1.conv2.weight: 1/256 channels masked
Layer layer4.0.conv1.weight: 43/512 channels masked
Layer layer4.0.conv2.weight: 84/512 channels masked
Layer layer4.0.downsample.0.weight: 108/512 channels masked
Layer layer4.1.conv1.weight: 64/512 channels masked
Layer layer4.1.conv2.weight: 66/512 channels masked
------------------------- time cost ------------------------- 23.816161394119263
ASR: 0.532228455922861
attack_auc: 0.9005514097296685
Layer conv1.weight: 9/64 channels masked
Layer layer1.0.conv1.weight: 3/64 channels masked
Layer layer1.0.conv2.weight: 1/64 channels masked
Layer layer1.1.conv1.weight: 1/64 channels masked
Layer layer2.0.downsample.0.weight: 2/128 channels masked
Layer layer3.0.conv2.weight: 1/256 channels masked
Layer layer3.1.conv2.weight: 1/256 channels masked
Layer layer4.0.conv1.weight: 44/512 channels masked
Layer layer4.0.conv2.weight: 84/512 channels masked
Layer layer4.0.downsample.0.weight: 108/512 channels masked
Layer layer4.1.conv1.weight: 64/512 channels masked
Layer layer4.1.conv2.weight: 66/512 channels masked
------------------------- time cost ------------------------- 18.007461547851562
ASR: 0.5496614799788552
attack_auc: 0.9071640108410778
Layer conv1.weight: 9/64 channels masked
Layer layer1.0.conv1.weight: 3/64 channels masked
Layer layer1.0.conv2.weight: 1/64 channels masked
Layer layer1.1.conv1.weight: 1/64 channels masked
Layer layer2.0.downsample.0.weight: 2/128 channels masked
Layer layer3.0.conv2.weight: 1/256 channels masked
Layer layer3.1.conv2.weight: 1/256 channels masked
Layer layer4.0.conv1.weight: 45/512 channels masked
Layer layer4.0.conv2.weight: 84/512 channels masked
Layer layer4.0.downsample.0.weight: 108/512 channels masked
Layer layer4.1.conv1.weight: 64/512 channels masked
Layer layer4.1.conv2.weight: 66/512 channels masked
------------------------- time cost ------------------------- 14.56779956817627
ASR: 0.5219051670678609
attack_auc: 0.8976098798539703
Layer conv1.weight: 9/64 channels masked
Layer layer1.0.conv1.weight: 3/64 channels masked
Layer layer1.0.conv2.weight: 1/64 channels masked
Layer layer1.1.conv1.weight: 1/64 channels masked
Layer layer2.0.downsample.0.weight: 2/128 channels masked
Layer layer3.0.conv2.weight: 1/256 channels masked
Layer layer3.1.conv2.weight: 1/256 channels masked
Layer layer4.0.conv1.weight: 45/512 channels masked
Layer layer4.0.conv2.weight: 84/512 channels masked
Layer layer4.0.downsample.0.weight: 108/512 channels masked
Layer layer4.1.conv1.weight: 64/512 channels masked
Layer layer4.1.conv2.weight: 66/512 channels masked
------------------------- time cost ------------------------- 16.8146550655365
ASR: 0.5331875406876638
attack_auc: 0.8979503297084557
Layer conv1.weight: 9/64 channels masked
Layer layer1.0.conv1.weight: 3/64 channels masked
Layer layer1.0.conv2.weight: 1/64 channels masked
Layer layer1.1.conv1.weight: 1/64 channels masked
Layer layer2.0.downsample.0.weight: 2/128 channels masked
Layer layer3.0.conv2.weight: 1/256 channels masked
Layer layer3.1.conv2.weight: 1/256 channels masked
Layer layer4.0.conv1.weight: 42/512 channels masked
Layer layer4.0.conv2.weight: 82/512 channels masked
Layer layer4.0.downsample.0.weight: 108/512 channels masked
Layer layer4.1.conv1.weight: 64/512 channels masked
Layer layer4.1.conv2.weight: 66/512 channels masked
------------------------- time cost ------------------------- 17.688223123550415
ASR: 0.5203994601348388
attack_auc: 0.895083402665136
Layer conv1.weight: 10/64 channels masked
Layer layer1.0.conv1.weight: 3/64 channels masked
Layer layer1.0.conv2.weight: 1/64 channels masked
Layer layer1.1.conv1.weight: 1/64 channels masked
Layer layer2.0.downsample.0.weight: 2/128 channels masked
Layer layer3.0.conv2.weight: 1/256 channels masked
Layer layer3.1.conv2.weight: 1/256 channels masked
Layer layer4.0.conv1.weight: 41/512 channels masked
Layer layer4.0.conv2.weight: 83/512 channels masked
Layer layer4.0.downsample.0.weight: 108/512 channels masked
Layer layer4.1.conv1.weight: 64/512 channels masked
Layer layer4.1.conv2.weight: 66/512 channels masked
------------------------- time cost ------------------------- 18.735666513442993
ASR: 0.4972640824927382
attack_auc: 0.8847072793380281
Layer conv1.weight: 10/64 channels masked
Layer layer1.0.conv1.weight: 3/64 channels masked
Layer layer1.0.conv2.weight: 1/64 channels masked
Layer layer1.1.conv1.weight: 1/64 channels masked
Layer layer2.0.downsample.0.weight: 2/128 channels masked
Layer layer3.0.conv2.weight: 1/256 channels masked
Layer layer3.1.conv2.weight: 1/256 channels masked
Layer layer4.0.conv1.weight: 41/512 channels masked
Layer layer4.0.conv2.weight: 83/512 channels masked
Layer layer4.0.downsample.0.weight: 108/512 channels masked
Layer layer4.1.conv1.weight: 64/512 channels masked
Layer layer4.1.conv2.weight: 66/512 channels masked
------------------------- time cost ------------------------- 13.525110483169556
ASR: 0.5225382903827018
attack_auc: 0.8936228301535682
Layer conv1.weight: 10/64 channels masked
Layer layer1.0.conv1.weight: 3/64 channels masked
Layer layer1.0.conv2.weight: 1/64 channels masked
Layer layer1.1.conv1.weight: 1/64 channels masked
Layer layer2.0.downsample.0.weight: 2/128 channels masked
Layer layer3.0.conv2.weight: 1/256 channels masked
Layer layer3.1.conv2.weight: 1/256 channels masked
Layer layer4.0.conv1.weight: 41/512 channels masked
Layer layer4.0.conv2.weight: 83/512 channels masked
Layer layer4.0.downsample.0.weight: 108/512 channels masked
Layer layer4.1.conv1.weight: 64/512 channels masked
Layer layer4.1.conv2.weight: 66/512 channels masked
------------------------- time cost ------------------------- 12.858227729797363
ASR: 0.5822852064431568
attack_auc: 0.9127650884351635
Layer conv1.weight: 10/64 channels masked
Layer layer1.0.conv1.weight: 3/64 channels masked
Layer layer1.0.conv2.weight: 1/64 channels masked
Layer layer1.1.conv1.weight: 1/64 channels masked
Layer layer2.0.downsample.0.weight: 2/128 channels masked
Layer layer3.0.conv2.weight: 1/256 channels masked
Layer layer3.1.conv2.weight: 1/256 channels masked
Layer layer4.0.conv1.weight: 41/512 channels masked
Layer layer4.0.conv2.weight: 83/512 channels masked
Layer layer4.0.downsample.0.weight: 108/512 channels masked
Layer layer4.1.conv1.weight: 64/512 channels masked
Layer layer4.1.conv2.weight: 66/512 channels masked
------------------------- time cost ------------------------- 15.50397801399231
ASR: 0.5423192035437243
attack_auc: 0.9008758632232201
Layer conv1.weight: 10/64 channels masked
Layer layer1.0.conv1.weight: 3/64 channels masked
Layer layer1.0.conv2.weight: 1/64 channels masked
Layer layer1.1.conv1.weight: 1/64 channels masked
Layer layer2.0.downsample.0.weight: 2/128 channels masked
Layer layer3.0.conv2.weight: 1/256 channels masked
Layer layer3.1.conv2.weight: 1/256 channels masked
Layer layer4.0.conv1.weight: 41/512 channels masked
Layer layer4.0.conv2.weight: 83/512 channels masked
Layer layer4.0.downsample.0.weight: 108/512 channels masked
Layer layer4.1.conv1.weight: 64/512 channels masked
Layer layer4.1.conv2.weight: 66/512 channels masked
------------------------- time cost ------------------------- 15.43393349647522

-------------Round number: 290-------------

Evaluate personalized models
Averaged Train Loss: 0.2582
Averaged Test Accurancy: 0.7063
Averaged Test AUC: 0.9468
Std Test Accurancy: 0.1055
Std Test AUC: 0.0258
ASR: 0.5454307010098429
attack_auc: 0.9016389729921557
Layer conv1.weight: 10/64 channels masked
Layer layer1.0.conv1.weight: 3/64 channels masked
Layer layer1.0.conv2.weight: 1/64 channels masked
Layer layer1.1.conv1.weight: 1/64 channels masked
Layer layer2.0.downsample.0.weight: 2/128 channels masked
Layer layer3.0.conv2.weight: 1/256 channels masked
Layer layer3.1.conv2.weight: 1/256 channels masked
Layer layer4.0.conv1.weight: 41/512 channels masked
Layer layer4.0.conv2.weight: 83/512 channels masked
Layer layer4.0.downsample.0.weight: 108/512 channels masked
Layer layer4.1.conv1.weight: 68/512 channels masked
Layer layer4.1.conv2.weight: 68/512 channels masked
------------------------- time cost ------------------------- 23.020549297332764
ASR: 0.5237033594067428
attack_auc: 0.8963417286622509
Layer conv1.weight: 10/64 channels masked
Layer layer1.0.conv1.weight: 3/64 channels masked
Layer layer1.0.conv2.weight: 1/64 channels masked
Layer layer1.1.conv1.weight: 1/64 channels masked
Layer layer2.0.downsample.0.weight: 2/128 channels masked
Layer layer3.0.conv2.weight: 1/256 channels masked
Layer layer3.1.conv2.weight: 1/256 channels masked
Layer layer4.0.conv1.weight: 41/512 channels masked
Layer layer4.0.conv2.weight: 83/512 channels masked
Layer layer4.0.downsample.0.weight: 108/512 channels masked
Layer layer4.1.conv1.weight: 68/512 channels masked
Layer layer4.1.conv2.weight: 68/512 channels masked
------------------------- time cost ------------------------- 19.117828130722046
ASR: 0.5086073681994402
attack_auc: 0.8926014004277689
Layer conv1.weight: 10/64 channels masked
Layer layer1.0.conv1.weight: 3/64 channels masked
Layer layer1.0.conv2.weight: 1/64 channels masked
Layer layer1.1.conv1.weight: 1/64 channels masked
Layer layer2.0.downsample.0.weight: 2/128 channels masked
Layer layer3.0.conv2.weight: 1/256 channels masked
Layer layer3.1.conv2.weight: 1/256 channels masked
Layer layer4.0.conv1.weight: 42/512 channels masked
Layer layer4.0.conv2.weight: 83/512 channels masked
Layer layer4.0.downsample.0.weight: 108/512 channels masked
Layer layer4.1.conv1.weight: 69/512 channels masked
Layer layer4.1.conv2.weight: 68/512 channels masked
------------------------- time cost ------------------------- 16.738751649856567
ASR: 0.5171903324386906
attack_auc: 0.8949605341767009
Layer conv1.weight: 10/64 channels masked
Layer layer1.0.conv1.weight: 3/64 channels masked
Layer layer1.0.conv2.weight: 1/64 channels masked
Layer layer1.1.conv1.weight: 1/64 channels masked
Layer layer2.0.downsample.0.weight: 2/128 channels masked
Layer layer3.0.conv2.weight: 1/256 channels masked
Layer layer3.1.conv2.weight: 1/256 channels masked
Layer layer4.0.conv1.weight: 42/512 channels masked
Layer layer4.0.conv2.weight: 83/512 channels masked
Layer layer4.0.downsample.0.weight: 108/512 channels masked
Layer layer4.1.conv1.weight: 70/512 channels masked
Layer layer4.1.conv2.weight: 68/512 channels masked
------------------------- time cost ------------------------- 15.961304903030396
ASR: 0.5213177427640315
attack_auc: 0.8937362284401887
Layer conv1.weight: 10/64 channels masked
Layer layer1.0.conv1.weight: 3/64 channels masked
Layer layer1.0.conv2.weight: 1/64 channels masked
Layer layer1.1.conv1.weight: 1/64 channels masked
Layer layer2.0.downsample.0.weight: 2/128 channels masked
Layer layer3.0.conv2.weight: 1/256 channels masked
Layer layer3.1.conv2.weight: 1/256 channels masked
Layer layer4.0.conv1.weight: 42/512 channels masked
Layer layer4.0.conv2.weight: 83/512 channels masked
Layer layer4.0.downsample.0.weight: 108/512 channels masked
Layer layer4.1.conv1.weight: 70/512 channels masked
Layer layer4.1.conv2.weight: 68/512 channels masked
------------------------- time cost ------------------------- 16.427322387695312
ASR: 0.5330446281099598
attack_auc: 0.8969617151758246
Layer conv1.weight: 10/64 channels masked
Layer layer1.0.conv1.weight: 3/64 channels masked
Layer layer1.0.conv2.weight: 1/64 channels masked
Layer layer1.1.conv1.weight: 1/64 channels masked
Layer layer2.0.downsample.0.weight: 2/128 channels masked
Layer layer3.0.conv2.weight: 1/256 channels masked
Layer layer3.1.conv2.weight: 1/256 channels masked
Layer layer4.0.conv1.weight: 43/512 channels masked
Layer layer4.0.conv2.weight: 83/512 channels masked
Layer layer4.0.downsample.0.weight: 108/512 channels masked
Layer layer4.1.conv1.weight: 70/512 channels masked
Layer layer4.1.conv2.weight: 68/512 channels masked
------------------------- time cost ------------------------- 15.290310144424438
ASR: 0.5800305423688414
attack_auc: 0.9115673515754575
Layer conv1.weight: 10/64 channels masked
Layer layer1.0.conv1.weight: 3/64 channels masked
Layer layer1.0.conv2.weight: 1/64 channels masked
Layer layer1.1.conv1.weight: 1/64 channels masked
Layer layer2.0.downsample.0.weight: 2/128 channels masked
Layer layer3.0.conv2.weight: 1/256 channels masked
Layer layer3.1.conv2.weight: 1/256 channels masked
Layer layer4.0.conv1.weight: 43/512 channels masked
Layer layer4.0.conv2.weight: 83/512 channels masked
Layer layer4.0.downsample.0.weight: 108/512 channels masked
Layer layer4.1.conv1.weight: 70/512 channels masked
Layer layer4.1.conv2.weight: 68/512 channels masked
------------------------- time cost ------------------------- 18.17940068244934
ASR: 0.5658262814102974
attack_auc: 0.9071105923848383
Layer conv1.weight: 10/64 channels masked
Layer layer1.0.conv1.weight: 3/64 channels masked
Layer layer1.0.conv2.weight: 1/64 channels masked
Layer layer1.1.conv1.weight: 1/64 channels masked
Layer layer2.0.downsample.0.weight: 2/128 channels masked
Layer layer3.0.conv2.weight: 1/256 channels masked
Layer layer3.1.conv2.weight: 1/256 channels masked
Layer layer4.0.conv1.weight: 43/512 channels masked
Layer layer4.0.conv2.weight: 83/512 channels masked
Layer layer4.0.downsample.0.weight: 108/512 channels masked
Layer layer4.1.conv1.weight: 70/512 channels masked
Layer layer4.1.conv2.weight: 68/512 channels masked
------------------------- time cost ------------------------- 16.878666400909424
ASR: 0.5431097204344446
attack_auc: 0.9030001091912397
Layer conv1.weight: 10/64 channels masked
Layer layer1.0.conv1.weight: 3/64 channels masked
Layer layer1.0.conv2.weight: 1/64 channels masked
Layer layer1.1.conv1.weight: 1/64 channels masked
Layer layer2.0.downsample.0.weight: 2/128 channels masked
Layer layer3.0.conv2.weight: 1/256 channels masked
Layer layer3.1.conv2.weight: 1/256 channels masked
Layer layer4.0.conv1.weight: 44/512 channels masked
Layer layer4.0.conv2.weight: 83/512 channels masked
Layer layer4.0.downsample.0.weight: 108/512 channels masked
Layer layer4.1.conv1.weight: 70/512 channels masked
Layer layer4.1.conv2.weight: 68/512 channels masked
------------------------- time cost ------------------------- 17.73477840423584
ASR: 0.5460894288892599
attack_auc: 0.9061588627784649
Layer conv1.weight: 10/64 channels masked
Layer layer1.0.conv1.weight: 3/64 channels masked
Layer layer1.0.conv2.weight: 1/64 channels masked
Layer layer1.1.conv1.weight: 1/64 channels masked
Layer layer2.0.downsample.0.weight: 2/128 channels masked
Layer layer3.0.conv2.weight: 1/256 channels masked
Layer layer3.1.conv2.weight: 1/256 channels masked
Layer layer4.0.conv1.weight: 45/512 channels masked
Layer layer4.0.conv2.weight: 83/512 channels masked
Layer layer4.0.downsample.0.weight: 108/512 channels masked
Layer layer4.1.conv1.weight: 70/512 channels masked
Layer layer4.1.conv2.weight: 68/512 channels masked
------------------------- time cost ------------------------- 15.819052696228027

-------------Round number: 300-------------

Evaluate personalized models
Averaged Train Loss: 0.2275
Averaged Test Accurancy: 0.7084
Averaged Test AUC: 0.9474
Std Test Accurancy: 0.0981
Std Test AUC: 0.0261
ASR: 0.5605333702201777
attack_auc: 0.909314572507005
Layer conv1.weight: 10/64 channels masked
Layer layer1.0.conv1.weight: 3/64 channels masked
Layer layer1.0.conv2.weight: 1/64 channels masked
Layer layer1.1.conv1.weight: 1/64 channels masked
Layer layer2.0.downsample.0.weight: 2/128 channels masked
Layer layer3.0.conv2.weight: 1/256 channels masked
Layer layer3.1.conv2.weight: 1/256 channels masked
Layer layer4.0.conv1.weight: 44/512 channels masked
Layer layer4.0.conv2.weight: 82/512 channels masked
Layer layer4.0.downsample.0.weight: 108/512 channels masked
Layer layer4.1.conv1.weight: 70/512 channels masked
Layer layer4.1.conv2.weight: 68/512 channels masked
------------------------- time cost ------------------------- 25.152429342269897
ASR: 0.5420845894209746
attack_auc: 0.9031274597038785
Layer conv1.weight: 11/64 channels masked
Layer layer1.0.conv1.weight: 3/64 channels masked
Layer layer1.0.conv2.weight: 1/64 channels masked
Layer layer1.1.conv1.weight: 1/64 channels masked
Layer layer2.0.downsample.0.weight: 2/128 channels masked
Layer layer3.0.conv2.weight: 1/256 channels masked
Layer layer3.1.conv2.weight: 1/256 channels masked
Layer layer4.0.conv1.weight: 46/512 channels masked
Layer layer4.0.conv2.weight: 82/512 channels masked
Layer layer4.0.downsample.0.weight: 109/512 channels masked
Layer layer4.1.conv1.weight: 72/512 channels masked
Layer layer4.1.conv2.weight: 72/512 channels masked
------------------------- time cost ------------------------- 15.15018105506897
ASR: 0.5366942604374327
attack_auc: 0.9009979864251147
Layer conv1.weight: 11/64 channels masked
Layer layer1.0.conv1.weight: 3/64 channels masked
Layer layer1.0.conv2.weight: 1/64 channels masked
Layer layer1.1.conv1.weight: 1/64 channels masked
Layer layer2.0.downsample.0.weight: 2/128 channels masked
Layer layer3.0.conv2.weight: 1/256 channels masked
Layer layer3.1.conv2.weight: 1/256 channels masked
Layer layer4.0.conv1.weight: 46/512 channels masked
Layer layer4.0.conv2.weight: 82/512 channels masked
Layer layer4.0.downsample.0.weight: 109/512 channels masked
Layer layer4.1.conv1.weight: 72/512 channels masked
Layer layer4.1.conv2.weight: 72/512 channels masked
------------------------- time cost ------------------------- 16.6200692653656
ASR: 0.5163382840914899
attack_auc: 0.8947626863242415
Layer conv1.weight: 11/64 channels masked
Layer layer1.0.conv1.weight: 3/64 channels masked
Layer layer1.0.conv2.weight: 1/64 channels masked
Layer layer1.1.conv1.weight: 1/64 channels masked
Layer layer2.0.downsample.0.weight: 2/128 channels masked
Layer layer3.0.conv2.weight: 1/256 channels masked
Layer layer3.1.conv2.weight: 1/256 channels masked
Layer layer4.0.conv1.weight: 46/512 channels masked
Layer layer4.0.conv2.weight: 82/512 channels masked
Layer layer4.0.downsample.0.weight: 109/512 channels masked
Layer layer4.1.conv1.weight: 72/512 channels masked
Layer layer4.1.conv2.weight: 73/512 channels masked
------------------------- time cost ------------------------- 15.388469457626343
ASR: 0.5307975132450328
attack_auc: 0.899766015127135
Layer conv1.weight: 11/64 channels masked
Layer layer1.0.conv1.weight: 3/64 channels masked
Layer layer1.0.conv2.weight: 1/64 channels masked
Layer layer1.1.conv1.weight: 1/64 channels masked
Layer layer2.0.downsample.0.weight: 2/128 channels masked
Layer layer3.0.conv2.weight: 1/256 channels masked
Layer layer3.1.conv2.weight: 1/256 channels masked
Layer layer4.0.conv1.weight: 46/512 channels masked
Layer layer4.0.conv2.weight: 82/512 channels masked
Layer layer4.0.downsample.0.weight: 109/512 channels masked
Layer layer4.1.conv1.weight: 72/512 channels masked
Layer layer4.1.conv2.weight: 74/512 channels masked
------------------------- time cost ------------------------- 19.489761114120483
ASR: 0.4898881070659468
attack_auc: 0.8873009908704205
Layer conv1.weight: 11/64 channels masked
Layer layer1.0.conv1.weight: 3/64 channels masked
Layer layer1.0.conv2.weight: 1/64 channels masked
Layer layer1.1.conv1.weight: 1/64 channels masked
Layer layer2.0.downsample.0.weight: 2/128 channels masked
Layer layer3.0.conv2.weight: 1/256 channels masked
Layer layer3.1.conv2.weight: 1/256 channels masked
Layer layer4.0.conv1.weight: 46/512 channels masked
Layer layer4.0.conv2.weight: 82/512 channels masked
Layer layer4.0.downsample.0.weight: 109/512 channels masked
Layer layer4.1.conv1.weight: 72/512 channels masked
Layer layer4.1.conv2.weight: 74/512 channels masked
------------------------- time cost ------------------------- 15.794907569885254
ASR: 0.49656056425381034
attack_auc: 0.8888125059034828
Layer conv1.weight: 11/64 channels masked
Layer layer1.0.conv1.weight: 3/64 channels masked
Layer layer1.0.conv2.weight: 1/64 channels masked
Layer layer1.1.conv1.weight: 1/64 channels masked
Layer layer2.0.downsample.0.weight: 2/128 channels masked
Layer layer3.0.conv2.weight: 1/256 channels masked
Layer layer3.1.conv2.weight: 1/256 channels masked
Layer layer4.0.conv1.weight: 46/512 channels masked
Layer layer4.0.conv2.weight: 82/512 channels masked
Layer layer4.0.downsample.0.weight: 109/512 channels masked
Layer layer4.1.conv1.weight: 73/512 channels masked
Layer layer4.1.conv2.weight: 77/512 channels masked
------------------------- time cost ------------------------- 17.543779611587524
ASR: 0.48490415530891606
attack_auc: 0.8870312875481612
Layer conv1.weight: 11/64 channels masked
Layer layer1.0.conv1.weight: 3/64 channels masked
Layer layer1.0.conv2.weight: 1/64 channels masked
Layer layer1.1.conv1.weight: 1/64 channels masked
Layer layer2.0.downsample.0.weight: 2/128 channels masked
Layer layer3.0.conv2.weight: 1/256 channels masked
Layer layer3.1.conv2.weight: 1/256 channels masked
Layer layer4.0.conv1.weight: 46/512 channels masked
Layer layer4.0.conv2.weight: 82/512 channels masked
Layer layer4.0.downsample.0.weight: 109/512 channels masked
Layer layer4.1.conv1.weight: 73/512 channels masked
Layer layer4.1.conv2.weight: 77/512 channels masked
------------------------- time cost ------------------------- 17.003625631332397
ASR: 0.5022675708785547
attack_auc: 0.8908408364420167
Layer conv1.weight: 11/64 channels masked
Layer layer1.0.conv1.weight: 3/64 channels masked
Layer layer1.0.conv2.weight: 1/64 channels masked
Layer layer1.1.conv1.weight: 1/64 channels masked
Layer layer2.0.downsample.0.weight: 2/128 channels masked
Layer layer3.0.conv2.weight: 1/256 channels masked
Layer layer3.1.conv2.weight: 1/256 channels masked
Layer layer4.0.conv1.weight: 47/512 channels masked
Layer layer4.0.conv2.weight: 82/512 channels masked
Layer layer4.0.downsample.0.weight: 109/512 channels masked
Layer layer4.1.conv1.weight: 73/512 channels masked
Layer layer4.1.conv2.weight: 77/512 channels masked
------------------------- time cost ------------------------- 13.04162049293518
ASR: 0.5102432302623613
attack_auc: 0.8956013392921064
Layer conv1.weight: 11/64 channels masked
Layer layer1.0.conv1.weight: 3/64 channels masked
Layer layer1.0.conv2.weight: 1/64 channels masked
Layer layer1.1.conv1.weight: 1/64 channels masked
Layer layer2.0.downsample.0.weight: 2/128 channels masked
Layer layer3.0.conv2.weight: 1/256 channels masked
Layer layer3.1.conv2.weight: 1/256 channels masked
Layer layer4.0.conv1.weight: 47/512 channels masked
Layer layer4.0.conv2.weight: 82/512 channels masked
Layer layer4.0.downsample.0.weight: 109/512 channels masked
Layer layer4.1.conv1.weight: 74/512 channels masked
Layer layer4.1.conv2.weight: 77/512 channels masked
------------------------- time cost ------------------------- 15.817869663238525

-------------Round number: 310-------------

Evaluate personalized models
Averaged Train Loss: 0.2175
Averaged Test Accurancy: 0.7177
Averaged Test AUC: 0.9510
Std Test Accurancy: 0.1089
Std Test AUC: 0.0255
ASR: 0.49858123700195583
attack_auc: 0.8913482129853851
Layer conv1.weight: 11/64 channels masked
Layer layer1.0.conv1.weight: 3/64 channels masked
Layer layer1.0.conv2.weight: 1/64 channels masked
Layer layer1.1.conv1.weight: 1/64 channels masked
Layer layer2.0.downsample.0.weight: 2/128 channels masked
Layer layer3.0.conv2.weight: 1/256 channels masked
Layer layer3.1.conv2.weight: 1/256 channels masked
Layer layer4.0.conv1.weight: 49/512 channels masked
Layer layer4.0.conv2.weight: 83/512 channels masked
Layer layer4.0.downsample.0.weight: 109/512 channels masked
Layer layer4.1.conv1.weight: 74/512 channels masked
Layer layer4.1.conv2.weight: 77/512 channels masked
------------------------- time cost ------------------------- 25.91242790222168
ASR: 0.5344059525735696
attack_auc: 0.9030249421010482
Layer conv1.weight: 11/64 channels masked
Layer layer1.0.conv1.weight: 3/64 channels masked
Layer layer1.0.conv2.weight: 1/64 channels masked
Layer layer1.1.conv1.weight: 1/64 channels masked
Layer layer2.0.downsample.0.weight: 2/128 channels masked
Layer layer3.0.conv2.weight: 1/256 channels masked
Layer layer3.1.conv2.weight: 1/256 channels masked
Layer layer4.0.conv1.weight: 49/512 channels masked
Layer layer4.0.conv2.weight: 83/512 channels masked
Layer layer4.0.downsample.0.weight: 109/512 channels masked
Layer layer4.1.conv1.weight: 74/512 channels masked
Layer layer4.1.conv2.weight: 77/512 channels masked
------------------------- time cost ------------------------- 18.329274892807007
ASR: 0.5140319391155678
attack_auc: 0.8940497036233142
Layer conv1.weight: 11/64 channels masked
Layer layer1.0.conv1.weight: 3/64 channels masked
Layer layer1.0.conv2.weight: 1/64 channels masked
Layer layer1.1.conv1.weight: 1/64 channels masked
Layer layer2.0.downsample.0.weight: 2/128 channels masked
Layer layer3.0.conv2.weight: 1/256 channels masked
Layer layer3.1.conv2.weight: 1/256 channels masked
Layer layer4.0.conv1.weight: 49/512 channels masked
Layer layer4.0.conv2.weight: 83/512 channels masked
Layer layer4.0.downsample.0.weight: 109/512 channels masked
Layer layer4.1.conv1.weight: 74/512 channels masked
Layer layer4.1.conv2.weight: 77/512 channels masked
------------------------- time cost ------------------------- 16.261598110198975
ASR: 0.5050075716922313
attack_auc: 0.8924800883873213
Layer conv1.weight: 11/64 channels masked
Layer layer1.0.conv1.weight: 3/64 channels masked
Layer layer1.0.conv2.weight: 1/64 channels masked
Layer layer1.1.conv1.weight: 1/64 channels masked
Layer layer2.0.downsample.0.weight: 2/128 channels masked
Layer layer3.0.conv2.weight: 1/256 channels masked
Layer layer3.1.conv2.weight: 1/256 channels masked
Layer layer4.0.conv1.weight: 49/512 channels masked
Layer layer4.0.conv2.weight: 83/512 channels masked
Layer layer4.0.downsample.0.weight: 109/512 channels masked
Layer layer4.1.conv1.weight: 74/512 channels masked
Layer layer4.1.conv2.weight: 77/512 channels masked
------------------------- time cost ------------------------- 13.8355073928833
ASR: 0.5346819473336292
attack_auc: 0.9012375806692909
Layer conv1.weight: 11/64 channels masked
Layer layer1.0.conv1.weight: 3/64 channels masked
Layer layer1.0.conv2.weight: 1/64 channels masked
Layer layer1.1.conv1.weight: 1/64 channels masked
Layer layer2.0.downsample.0.weight: 2/128 channels masked
Layer layer3.0.conv2.weight: 1/256 channels masked
Layer layer3.1.conv2.weight: 1/256 channels masked
Layer layer4.0.conv1.weight: 49/512 channels masked
Layer layer4.0.conv2.weight: 83/512 channels masked
Layer layer4.0.downsample.0.weight: 109/512 channels masked
Layer layer4.1.conv1.weight: 74/512 channels masked
Layer layer4.1.conv2.weight: 77/512 channels masked
------------------------- time cost ------------------------- 18.511502027511597
ASR: 0.5381040873448353
attack_auc: 0.9031785299664509
Layer conv1.weight: 11/64 channels masked
Layer layer1.0.conv1.weight: 3/64 channels masked
Layer layer1.0.conv2.weight: 1/64 channels masked
Layer layer1.1.conv1.weight: 1/64 channels masked
Layer layer2.0.downsample.0.weight: 2/128 channels masked
Layer layer3.0.conv2.weight: 1/256 channels masked
Layer layer3.1.conv2.weight: 1/256 channels masked
Layer layer4.0.conv1.weight: 49/512 channels masked
Layer layer4.0.conv2.weight: 83/512 channels masked
Layer layer4.0.downsample.0.weight: 109/512 channels masked
Layer layer4.1.conv1.weight: 74/512 channels masked
Layer layer4.1.conv2.weight: 77/512 channels masked
------------------------- time cost ------------------------- 17.086458683013916
ASR: 0.5146362882738009
attack_auc: 0.8969048577300573
Layer conv1.weight: 11/64 channels masked
Layer layer1.0.conv1.weight: 3/64 channels masked
Layer layer1.0.conv2.weight: 1/64 channels masked
Layer layer1.1.conv1.weight: 1/64 channels masked
Layer layer2.0.downsample.0.weight: 2/128 channels masked
Layer layer3.0.conv2.weight: 1/256 channels masked
Layer layer3.1.conv2.weight: 1/256 channels masked
Layer layer4.0.conv1.weight: 48/512 channels masked
Layer layer4.0.conv2.weight: 83/512 channels masked
Layer layer4.0.downsample.0.weight: 109/512 channels masked
Layer layer4.1.conv1.weight: 74/512 channels masked
Layer layer4.1.conv2.weight: 77/512 channels masked
------------------------- time cost ------------------------- 17.970194578170776
ASR: 0.5244306323466527
attack_auc: 0.9001612235717753
Layer conv1.weight: 11/64 channels masked
Layer layer1.0.conv1.weight: 3/64 channels masked
Layer layer1.0.conv2.weight: 1/64 channels masked
Layer layer1.1.conv1.weight: 1/64 channels masked
Layer layer2.0.downsample.0.weight: 2/128 channels masked
Layer layer3.0.conv2.weight: 1/256 channels masked
Layer layer3.1.conv2.weight: 1/256 channels masked
Layer layer4.0.conv1.weight: 47/512 channels masked
Layer layer4.0.conv2.weight: 83/512 channels masked
Layer layer4.0.downsample.0.weight: 109/512 channels masked
Layer layer4.1.conv1.weight: 74/512 channels masked
Layer layer4.1.conv2.weight: 77/512 channels masked
------------------------- time cost ------------------------- 17.974515199661255
ASR: 0.5177806926431946
attack_auc: 0.8962467991237094
Layer conv1.weight: 11/64 channels masked
Layer layer1.0.conv1.weight: 3/64 channels masked
Layer layer1.0.conv2.weight: 1/64 channels masked
Layer layer1.1.conv1.weight: 1/64 channels masked
Layer layer2.0.downsample.0.weight: 2/128 channels masked
Layer layer3.0.conv2.weight: 1/256 channels masked
Layer layer3.1.conv2.weight: 1/256 channels masked
Layer layer4.0.conv1.weight: 47/512 channels masked
Layer layer4.0.conv2.weight: 82/512 channels masked
Layer layer4.0.downsample.0.weight: 109/512 channels masked
Layer layer4.1.conv1.weight: 74/512 channels masked
Layer layer4.1.conv2.weight: 77/512 channels masked
------------------------- time cost ------------------------- 18.16532325744629
ASR: 0.49669278749491297
attack_auc: 0.8890147711641296
Layer conv1.weight: 11/64 channels masked
Layer layer1.0.conv1.weight: 3/64 channels masked
Layer layer1.0.conv2.weight: 1/64 channels masked
Layer layer1.1.conv1.weight: 1/64 channels masked
Layer layer2.0.downsample.0.weight: 2/128 channels masked
Layer layer3.0.conv2.weight: 1/256 channels masked
Layer layer3.1.conv2.weight: 1/256 channels masked
Layer layer4.0.conv1.weight: 47/512 channels masked
Layer layer4.0.conv2.weight: 82/512 channels masked
Layer layer4.0.downsample.0.weight: 109/512 channels masked
Layer layer4.1.conv1.weight: 74/512 channels masked
Layer layer4.1.conv2.weight: 77/512 channels masked
------------------------- time cost ------------------------- 14.996062994003296

-------------Round number: 320-------------

Evaluate personalized models
Averaged Train Loss: 0.2952
Averaged Test Accurancy: 0.7064
Averaged Test AUC: 0.9496
Std Test Accurancy: 0.1247
Std Test AUC: 0.0273
ASR: 0.5053281206308265
attack_auc: 0.891098043973373
Layer conv1.weight: 11/64 channels masked
Layer layer1.0.conv1.weight: 3/64 channels masked
Layer layer1.0.conv2.weight: 1/64 channels masked
Layer layer1.1.conv1.weight: 1/64 channels masked
Layer layer2.0.downsample.0.weight: 2/128 channels masked
Layer layer3.0.conv2.weight: 1/256 channels masked
Layer layer3.1.conv2.weight: 1/256 channels masked
Layer layer4.0.conv1.weight: 47/512 channels masked
Layer layer4.0.conv2.weight: 82/512 channels masked
Layer layer4.0.downsample.0.weight: 111/512 channels masked
Layer layer4.1.conv1.weight: 74/512 channels masked
Layer layer4.1.conv2.weight: 77/512 channels masked
------------------------- time cost ------------------------- 24.985827207565308
ASR: 0.5135909449617658
attack_auc: 0.8944396559037843
Layer conv1.weight: 11/64 channels masked
Layer layer1.0.conv1.weight: 3/64 channels masked
Layer layer1.0.conv2.weight: 1/64 channels masked
Layer layer1.1.conv1.weight: 1/64 channels masked
Layer layer2.0.downsample.0.weight: 2/128 channels masked
Layer layer3.0.conv2.weight: 1/256 channels masked
Layer layer3.1.conv2.weight: 1/256 channels masked
Layer layer4.0.conv1.weight: 47/512 channels masked
Layer layer4.0.conv2.weight: 82/512 channels masked
Layer layer4.0.downsample.0.weight: 111/512 channels masked
Layer layer4.1.conv1.weight: 74/512 channels masked
Layer layer4.1.conv2.weight: 77/512 channels masked
------------------------- time cost ------------------------- 15.45588231086731
ASR: 0.5209614043623634
attack_auc: 0.8987030747740538
Layer conv1.weight: 11/64 channels masked
Layer layer1.0.conv1.weight: 3/64 channels masked
Layer layer1.0.conv2.weight: 1/64 channels masked
Layer layer1.1.conv1.weight: 1/64 channels masked
Layer layer2.0.downsample.0.weight: 2/128 channels masked
Layer layer3.0.conv2.weight: 1/256 channels masked
Layer layer3.1.conv2.weight: 1/256 channels masked
Layer layer4.0.conv1.weight: 47/512 channels masked
Layer layer4.0.conv2.weight: 82/512 channels masked
Layer layer4.0.downsample.0.weight: 111/512 channels masked
Layer layer4.1.conv1.weight: 74/512 channels masked
Layer layer4.1.conv2.weight: 77/512 channels masked
------------------------- time cost ------------------------- 18.399517059326172
ASR: 0.4986952366913957
attack_auc: 0.8920259185490961
Layer conv1.weight: 11/64 channels masked
Layer layer1.0.conv1.weight: 3/64 channels masked
Layer layer1.0.conv2.weight: 1/64 channels masked
Layer layer1.1.conv1.weight: 1/64 channels masked
Layer layer2.0.downsample.0.weight: 2/128 channels masked
Layer layer3.0.conv2.weight: 1/256 channels masked
Layer layer3.1.conv2.weight: 1/256 channels masked
Layer layer4.0.conv1.weight: 47/512 channels masked
Layer layer4.0.conv2.weight: 82/512 channels masked
Layer layer4.0.downsample.0.weight: 111/512 channels masked
Layer layer4.1.conv1.weight: 76/512 channels masked
Layer layer4.1.conv2.weight: 77/512 channels masked
------------------------- time cost ------------------------- 13.749128341674805
ASR: 0.49728062272440876
attack_auc: 0.8894621039169172
Layer conv1.weight: 11/64 channels masked
Layer layer1.0.conv1.weight: 3/64 channels masked
Layer layer1.0.conv2.weight: 1/64 channels masked
Layer layer1.1.conv1.weight: 1/64 channels masked
Layer layer2.0.downsample.0.weight: 2/128 channels masked
Layer layer3.0.conv2.weight: 1/256 channels masked
Layer layer3.1.conv2.weight: 1/256 channels masked
Layer layer4.0.conv1.weight: 47/512 channels masked
Layer layer4.0.conv2.weight: 82/512 channels masked
Layer layer4.0.downsample.0.weight: 113/512 channels masked
Layer layer4.1.conv1.weight: 76/512 channels masked
Layer layer4.1.conv2.weight: 77/512 channels masked
------------------------- time cost ------------------------- 15.0125093460083
ASR: 0.5058783111413091
attack_auc: 0.8932809228148628
Layer conv1.weight: 11/64 channels masked
Layer layer1.0.conv1.weight: 3/64 channels masked
Layer layer1.0.conv2.weight: 1/64 channels masked
Layer layer1.1.conv1.weight: 1/64 channels masked
Layer layer2.0.downsample.0.weight: 2/128 channels masked
Layer layer3.0.conv2.weight: 1/256 channels masked
Layer layer3.1.conv2.weight: 1/256 channels masked
Layer layer4.0.conv1.weight: 47/512 channels masked
Layer layer4.0.conv2.weight: 82/512 channels masked
Layer layer4.0.downsample.0.weight: 113/512 channels masked
Layer layer4.1.conv1.weight: 76/512 channels masked
Layer layer4.1.conv2.weight: 77/512 channels masked
------------------------- time cost ------------------------- 14.573617219924927
ASR: 0.5376177629583045
attack_auc: 0.9021356389736098
Layer conv1.weight: 11/64 channels masked
Layer layer1.0.conv1.weight: 3/64 channels masked
Layer layer1.0.conv2.weight: 1/64 channels masked
Layer layer1.1.conv1.weight: 1/64 channels masked
Layer layer2.0.downsample.0.weight: 2/128 channels masked
Layer layer3.0.conv2.weight: 1/256 channels masked
Layer layer3.1.conv2.weight: 1/256 channels masked
Layer layer4.0.conv1.weight: 54/512 channels masked
Layer layer4.0.conv2.weight: 84/512 channels masked
Layer layer4.0.downsample.0.weight: 115/512 channels masked
Layer layer4.1.conv1.weight: 78/512 channels masked
Layer layer4.1.conv2.weight: 79/512 channels masked
------------------------- time cost ------------------------- 17.322445392608643
ASR: 0.5050692676342373
attack_auc: 0.8914168194301221
Layer conv1.weight: 11/64 channels masked
Layer layer1.0.conv1.weight: 3/64 channels masked
Layer layer1.0.conv2.weight: 1/64 channels masked
Layer layer1.1.conv1.weight: 1/64 channels masked
Layer layer2.0.downsample.0.weight: 2/128 channels masked
Layer layer3.0.conv2.weight: 1/256 channels masked
Layer layer3.1.conv2.weight: 1/256 channels masked
Layer layer4.0.conv1.weight: 54/512 channels masked
Layer layer4.0.conv2.weight: 84/512 channels masked
Layer layer4.0.downsample.0.weight: 115/512 channels masked
Layer layer4.1.conv1.weight: 78/512 channels masked
Layer layer4.1.conv2.weight: 79/512 channels masked
------------------------- time cost ------------------------- 14.51737356185913
ASR: 0.5351217370189114
attack_auc: 0.9028907825495862
Layer conv1.weight: 11/64 channels masked
Layer layer1.0.conv1.weight: 3/64 channels masked
Layer layer1.0.conv2.weight: 1/64 channels masked
Layer layer1.1.conv1.weight: 1/64 channels masked
Layer layer2.0.downsample.0.weight: 2/128 channels masked
Layer layer3.0.conv2.weight: 1/256 channels masked
Layer layer3.1.conv2.weight: 1/256 channels masked
Layer layer4.0.conv1.weight: 54/512 channels masked
Layer layer4.0.conv2.weight: 84/512 channels masked
Layer layer4.0.downsample.0.weight: 115/512 channels masked
Layer layer4.1.conv1.weight: 78/512 channels masked
Layer layer4.1.conv2.weight: 79/512 channels masked
------------------------- time cost ------------------------- 17.59527015686035
ASR: 0.517611767316461
attack_auc: 0.8964552109395039
Layer conv1.weight: 11/64 channels masked
Layer layer1.0.conv1.weight: 3/64 channels masked
Layer layer1.0.conv2.weight: 1/64 channels masked
Layer layer1.1.conv1.weight: 1/64 channels masked
Layer layer2.0.downsample.0.weight: 2/128 channels masked
Layer layer3.0.conv2.weight: 1/256 channels masked
Layer layer3.1.conv2.weight: 1/256 channels masked
Layer layer4.0.conv1.weight: 54/512 channels masked
Layer layer4.0.conv2.weight: 84/512 channels masked
Layer layer4.0.downsample.0.weight: 115/512 channels masked
Layer layer4.1.conv1.weight: 78/512 channels masked
Layer layer4.1.conv2.weight: 79/512 channels masked
------------------------- time cost ------------------------- 15.79278826713562

-------------Round number: 330-------------

Evaluate personalized models
Averaged Train Loss: 0.2203
Averaged Test Accurancy: 0.7131
Averaged Test AUC: 0.9510
Std Test Accurancy: 0.1078
Std Test AUC: 0.0257
ASR: 0.5539285766649625
attack_auc: 0.908751940279095
Layer conv1.weight: 11/64 channels masked
Layer layer1.0.conv1.weight: 3/64 channels masked
Layer layer1.0.conv2.weight: 1/64 channels masked
Layer layer1.1.conv1.weight: 1/64 channels masked
Layer layer2.0.downsample.0.weight: 2/128 channels masked
Layer layer3.0.conv2.weight: 1/256 channels masked
Layer layer3.1.conv2.weight: 1/256 channels masked
Layer layer4.0.conv1.weight: 54/512 channels masked
Layer layer4.0.conv2.weight: 84/512 channels masked
Layer layer4.0.downsample.0.weight: 115/512 channels masked
Layer layer4.1.conv1.weight: 78/512 channels masked
Layer layer4.1.conv2.weight: 79/512 channels masked
------------------------- time cost ------------------------- 24.85359787940979
ASR: 0.5346116024410625
attack_auc: 0.9034018715050471
Layer conv1.weight: 12/64 channels masked
Layer layer1.0.conv1.weight: 3/64 channels masked
Layer layer1.0.conv2.weight: 1/64 channels masked
Layer layer1.1.conv1.weight: 1/64 channels masked
Layer layer2.0.downsample.0.weight: 2/128 channels masked
Layer layer3.0.conv2.weight: 1/256 channels masked
Layer layer3.1.conv2.weight: 1/256 channels masked
Layer layer4.0.conv1.weight: 56/512 channels masked
Layer layer4.0.conv2.weight: 85/512 channels masked
Layer layer4.0.downsample.0.weight: 115/512 channels masked
Layer layer4.1.conv1.weight: 78/512 channels masked
Layer layer4.1.conv2.weight: 79/512 channels masked
------------------------- time cost ------------------------- 15.904667139053345
ASR: 0.48987481593899623
attack_auc: 0.8892008572755834
Layer conv1.weight: 12/64 channels masked
Layer layer1.0.conv1.weight: 3/64 channels masked
Layer layer1.0.conv2.weight: 1/64 channels masked
Layer layer1.1.conv1.weight: 1/64 channels masked
Layer layer2.0.downsample.0.weight: 2/128 channels masked
Layer layer3.0.conv2.weight: 1/256 channels masked
Layer layer3.1.conv2.weight: 1/256 channels masked
Layer layer4.0.conv1.weight: 56/512 channels masked
Layer layer4.0.conv2.weight: 85/512 channels masked
Layer layer4.0.downsample.0.weight: 115/512 channels masked
Layer layer4.1.conv1.weight: 78/512 channels masked
Layer layer4.1.conv2.weight: 80/512 channels masked
------------------------- time cost ------------------------- 14.08452296257019
ASR: 0.5114853510770959
attack_auc: 0.8961384399363155
Layer conv1.weight: 12/64 channels masked
Layer layer1.0.conv1.weight: 3/64 channels masked
Layer layer1.0.conv2.weight: 1/64 channels masked
Layer layer1.1.conv1.weight: 1/64 channels masked
Layer layer2.0.downsample.0.weight: 2/128 channels masked
Layer layer3.0.conv2.weight: 1/256 channels masked
Layer layer3.1.conv2.weight: 1/256 channels masked
Layer layer4.0.conv1.weight: 56/512 channels masked
Layer layer4.0.conv2.weight: 85/512 channels masked
Layer layer4.0.downsample.0.weight: 115/512 channels masked
Layer layer4.1.conv1.weight: 78/512 channels masked
Layer layer4.1.conv2.weight: 80/512 channels masked
------------------------- time cost ------------------------- 18.58024549484253
ASR: 0.49746512038065216
attack_auc: 0.8927636019181275
Layer conv1.weight: 12/64 channels masked
Layer layer1.0.conv1.weight: 3/64 channels masked
Layer layer1.0.conv2.weight: 1/64 channels masked
Layer layer1.1.conv1.weight: 1/64 channels masked
Layer layer2.0.downsample.0.weight: 2/128 channels masked
Layer layer3.0.conv2.weight: 1/256 channels masked
Layer layer3.1.conv2.weight: 1/256 channels masked
Layer layer4.0.conv1.weight: 56/512 channels masked
Layer layer4.0.conv2.weight: 85/512 channels masked
Layer layer4.0.downsample.0.weight: 115/512 channels masked
Layer layer4.1.conv1.weight: 78/512 channels masked
Layer layer4.1.conv2.weight: 80/512 channels masked
------------------------- time cost ------------------------- 15.101369619369507
ASR: 0.4864266885503369
attack_auc: 0.8887987006020823
Layer conv1.weight: 12/64 channels masked
Layer layer1.0.conv1.weight: 3/64 channels masked
Layer layer1.0.conv2.weight: 1/64 channels masked
Layer layer1.1.conv1.weight: 1/64 channels masked
Layer layer2.0.downsample.0.weight: 2/128 channels masked
Layer layer3.0.conv2.weight: 1/256 channels masked
Layer layer3.1.conv2.weight: 1/256 channels masked
Layer layer4.0.conv1.weight: 56/512 channels masked
Layer layer4.0.conv2.weight: 85/512 channels masked
Layer layer4.0.downsample.0.weight: 115/512 channels masked
Layer layer4.1.conv1.weight: 78/512 channels masked
Layer layer4.1.conv2.weight: 80/512 channels masked
------------------------- time cost ------------------------- 15.57015872001648
ASR: 0.5024804521360445
attack_auc: 0.8930633149177459
Layer conv1.weight: 12/64 channels masked
Layer layer1.0.conv1.weight: 3/64 channels masked
Layer layer1.0.conv2.weight: 1/64 channels masked
Layer layer1.1.conv1.weight: 1/64 channels masked
Layer layer2.0.downsample.0.weight: 2/128 channels masked
Layer layer3.0.conv2.weight: 1/256 channels masked
Layer layer3.1.conv2.weight: 1/256 channels masked
Layer layer4.0.conv1.weight: 58/512 channels masked
Layer layer4.0.conv2.weight: 87/512 channels masked
Layer layer4.0.downsample.0.weight: 115/512 channels masked
Layer layer4.1.conv1.weight: 79/512 channels masked
Layer layer4.1.conv2.weight: 80/512 channels masked
------------------------- time cost ------------------------- 15.658570528030396
ASR: 0.4963583719416359
attack_auc: 0.8931845889010267
Layer conv1.weight: 12/64 channels masked
Layer layer1.0.conv1.weight: 3/64 channels masked
Layer layer1.0.conv2.weight: 1/64 channels masked
Layer layer1.1.conv1.weight: 1/64 channels masked
Layer layer2.0.downsample.0.weight: 2/128 channels masked
Layer layer3.0.conv2.weight: 1/256 channels masked
Layer layer3.1.conv2.weight: 1/256 channels masked
Layer layer4.0.conv1.weight: 59/512 channels masked
Layer layer4.0.conv2.weight: 87/512 channels masked
Layer layer4.0.downsample.0.weight: 116/512 channels masked
Layer layer4.1.conv1.weight: 79/512 channels masked
Layer layer4.1.conv2.weight: 82/512 channels masked
------------------------- time cost ------------------------- 16.351399421691895
ASR: 0.476815079637445
attack_auc: 0.886750131388781
Layer conv1.weight: 12/64 channels masked
Layer layer1.0.conv1.weight: 3/64 channels masked
Layer layer1.0.conv2.weight: 1/64 channels masked
Layer layer1.1.conv1.weight: 1/64 channels masked
Layer layer2.0.downsample.0.weight: 2/128 channels masked
Layer layer3.0.conv2.weight: 1/256 channels masked
Layer layer3.1.conv2.weight: 1/256 channels masked
Layer layer4.0.conv1.weight: 59/512 channels masked
Layer layer4.0.conv2.weight: 87/512 channels masked
Layer layer4.0.downsample.0.weight: 116/512 channels masked
Layer layer4.1.conv1.weight: 79/512 channels masked
Layer layer4.1.conv2.weight: 82/512 channels masked
------------------------- time cost ------------------------- 14.711184740066528
ASR: 0.4711249589740386
attack_auc: 0.8871570438349201
Layer conv1.weight: 12/64 channels masked
Layer layer1.0.conv1.weight: 3/64 channels masked
Layer layer1.0.conv2.weight: 1/64 channels masked
Layer layer1.1.conv1.weight: 1/64 channels masked
Layer layer2.0.downsample.0.weight: 2/128 channels masked
Layer layer3.0.conv2.weight: 1/256 channels masked
Layer layer3.1.conv2.weight: 1/256 channels masked
Layer layer4.0.conv1.weight: 59/512 channels masked
Layer layer4.0.conv2.weight: 87/512 channels masked
Layer layer4.0.downsample.0.weight: 116/512 channels masked
Layer layer4.1.conv1.weight: 79/512 channels masked
Layer layer4.1.conv2.weight: 82/512 channels masked
------------------------- time cost ------------------------- 16.32380700111389

-------------Round number: 340-------------

Evaluate personalized models
Averaged Train Loss: 0.2204
Averaged Test Accurancy: 0.7118
Averaged Test AUC: 0.9493
Std Test Accurancy: 0.1067
Std Test AUC: 0.0258
ASR: 0.4724301456590619
attack_auc: 0.888546348967509
Layer conv1.weight: 13/64 channels masked
Layer layer1.0.conv1.weight: 3/64 channels masked
Layer layer1.0.conv2.weight: 1/64 channels masked
Layer layer1.1.conv1.weight: 1/64 channels masked
Layer layer2.0.downsample.0.weight: 2/128 channels masked
Layer layer3.0.conv2.weight: 1/256 channels masked
Layer layer3.1.conv2.weight: 1/256 channels masked
Layer layer4.0.conv1.weight: 59/512 channels masked
Layer layer4.0.conv2.weight: 87/512 channels masked
Layer layer4.0.downsample.0.weight: 116/512 channels masked
Layer layer4.1.conv1.weight: 79/512 channels masked
Layer layer4.1.conv2.weight: 82/512 channels masked
------------------------- time cost ------------------------- 26.144843339920044
ASR: 0.45268864026280803
attack_auc: 0.8814199062901277
Layer conv1.weight: 13/64 channels masked
Layer layer1.0.conv1.weight: 3/64 channels masked
Layer layer1.0.conv2.weight: 1/64 channels masked
Layer layer1.1.conv1.weight: 1/64 channels masked
Layer layer2.0.downsample.0.weight: 2/128 channels masked
Layer layer3.0.conv2.weight: 1/256 channels masked
Layer layer3.1.conv2.weight: 1/256 channels masked
Layer layer4.0.conv1.weight: 59/512 channels masked
Layer layer4.0.conv2.weight: 87/512 channels masked
Layer layer4.0.downsample.0.weight: 116/512 channels masked
Layer layer4.1.conv1.weight: 79/512 channels masked
Layer layer4.1.conv2.weight: 82/512 channels masked
------------------------- time cost ------------------------- 13.784178733825684
ASR: 0.4648904313538209
attack_auc: 0.8796171968532854
Layer conv1.weight: 13/64 channels masked
Layer layer1.0.conv1.weight: 3/64 channels masked
Layer layer1.0.conv2.weight: 1/64 channels masked
Layer layer1.1.conv1.weight: 1/64 channels masked
Layer layer2.0.downsample.0.weight: 2/128 channels masked
Layer layer3.0.conv2.weight: 1/256 channels masked
Layer layer3.1.conv2.weight: 1/256 channels masked
Layer layer4.0.conv1.weight: 57/512 channels masked
Layer layer4.0.conv2.weight: 87/512 channels masked
Layer layer4.0.downsample.0.weight: 116/512 channels masked
Layer layer4.1.conv1.weight: 79/512 channels masked
Layer layer4.1.conv2.weight: 82/512 channels masked
------------------------- time cost ------------------------- 17.12379813194275
ASR: 0.4445157717603246
attack_auc: 0.8754116428900544
Layer conv1.weight: 13/64 channels masked
Layer layer1.0.conv1.weight: 3/64 channels masked
Layer layer1.0.conv2.weight: 1/64 channels masked
Layer layer1.1.conv1.weight: 1/64 channels masked
Layer layer2.0.downsample.0.weight: 2/128 channels masked
Layer layer3.0.conv2.weight: 1/256 channels masked
Layer layer3.1.conv2.weight: 1/256 channels masked
Layer layer4.0.conv1.weight: 59/512 channels masked
Layer layer4.0.conv2.weight: 87/512 channels masked
Layer layer4.0.downsample.0.weight: 116/512 channels masked
Layer layer4.1.conv1.weight: 79/512 channels masked
Layer layer4.1.conv2.weight: 82/512 channels masked
------------------------- time cost ------------------------- 15.430361986160278
ASR: 0.48179009630602954
attack_auc: 0.886566145712157
Layer conv1.weight: 13/64 channels masked
Layer layer1.0.conv1.weight: 3/64 channels masked
Layer layer1.0.conv2.weight: 1/64 channels masked
Layer layer1.1.conv1.weight: 1/64 channels masked
Layer layer2.0.downsample.0.weight: 2/128 channels masked
Layer layer3.0.conv2.weight: 1/256 channels masked
Layer layer3.1.conv2.weight: 1/256 channels masked
Layer layer4.0.conv1.weight: 59/512 channels masked
Layer layer4.0.conv2.weight: 86/512 channels masked
Layer layer4.0.downsample.0.weight: 116/512 channels masked
Layer layer4.1.conv1.weight: 79/512 channels masked
Layer layer4.1.conv2.weight: 82/512 channels masked
------------------------- time cost ------------------------- 15.977920293807983
ASR: 0.4623340771256452
attack_auc: 0.8786475040734816
Layer conv1.weight: 13/64 channels masked
Layer layer1.0.conv1.weight: 3/64 channels masked
Layer layer1.0.conv2.weight: 1/64 channels masked
Layer layer1.1.conv1.weight: 1/64 channels masked
Layer layer2.0.downsample.0.weight: 2/128 channels masked
Layer layer3.0.conv2.weight: 1/256 channels masked
Layer layer3.1.conv2.weight: 1/256 channels masked
Layer layer4.0.conv1.weight: 59/512 channels masked
Layer layer4.0.conv2.weight: 87/512 channels masked
Layer layer4.0.downsample.0.weight: 116/512 channels masked
Layer layer4.1.conv1.weight: 79/512 channels masked
Layer layer4.1.conv2.weight: 82/512 channels masked
------------------------- time cost ------------------------- 15.442076206207275
ASR: 0.44815377016171093
attack_auc: 0.8724534086233882
Layer conv1.weight: 13/64 channels masked
Layer layer1.0.conv1.weight: 3/64 channels masked
Layer layer1.0.conv2.weight: 1/64 channels masked
Layer layer1.1.conv1.weight: 1/64 channels masked
Layer layer2.0.downsample.0.weight: 2/128 channels masked
Layer layer3.0.conv2.weight: 1/256 channels masked
Layer layer3.1.conv2.weight: 1/256 channels masked
Layer layer4.0.conv1.weight: 58/512 channels masked
Layer layer4.0.conv2.weight: 87/512 channels masked
Layer layer4.0.downsample.0.weight: 116/512 channels masked
Layer layer4.1.conv1.weight: 79/512 channels masked
Layer layer4.1.conv2.weight: 82/512 channels masked
------------------------- time cost ------------------------- 17.310632705688477
ASR: 0.45984210978196316
attack_auc: 0.8786356979836095
Layer conv1.weight: 13/64 channels masked
Layer layer1.0.conv1.weight: 3/64 channels masked
Layer layer1.0.conv2.weight: 1/64 channels masked
Layer layer1.1.conv1.weight: 1/64 channels masked
Layer layer2.0.downsample.0.weight: 2/128 channels masked
Layer layer3.0.conv2.weight: 1/256 channels masked
Layer layer3.1.conv2.weight: 1/256 channels masked
Layer layer4.0.conv1.weight: 56/512 channels masked
Layer layer4.0.conv2.weight: 86/512 channels masked
Layer layer4.0.downsample.0.weight: 116/512 channels masked
Layer layer4.1.conv1.weight: 79/512 channels masked
Layer layer4.1.conv2.weight: 82/512 channels masked
------------------------- time cost ------------------------- 16.983125686645508
ASR: 0.478797824837246
attack_auc: 0.8874681662589881
Layer conv1.weight: 13/64 channels masked
Layer layer1.0.conv1.weight: 3/64 channels masked
Layer layer1.0.conv2.weight: 1/64 channels masked
Layer layer1.1.conv1.weight: 1/64 channels masked
Layer layer2.0.downsample.0.weight: 2/128 channels masked
Layer layer3.0.conv2.weight: 1/256 channels masked
Layer layer3.1.conv2.weight: 1/256 channels masked
Layer layer4.0.conv1.weight: 55/512 channels masked
Layer layer4.0.conv2.weight: 87/512 channels masked
Layer layer4.0.downsample.0.weight: 116/512 channels masked
Layer layer4.1.conv1.weight: 80/512 channels masked
Layer layer4.1.conv2.weight: 82/512 channels masked
------------------------- time cost ------------------------- 17.544636011123657
ASR: 0.4078010487067138
attack_auc: 0.8605738886190101
Layer conv1.weight: 13/64 channels masked
Layer layer1.0.conv1.weight: 3/64 channels masked
Layer layer1.0.conv2.weight: 1/64 channels masked
Layer layer1.1.conv1.weight: 1/64 channels masked
Layer layer2.0.downsample.0.weight: 2/128 channels masked
Layer layer3.0.conv2.weight: 1/256 channels masked
Layer layer3.1.conv2.weight: 1/256 channels masked
Layer layer4.0.conv1.weight: 54/512 channels masked
Layer layer4.0.conv2.weight: 87/512 channels masked
Layer layer4.0.downsample.0.weight: 116/512 channels masked
Layer layer4.1.conv1.weight: 81/512 channels masked
Layer layer4.1.conv2.weight: 82/512 channels masked
------------------------- time cost ------------------------- 18.411144495010376

-------------Round number: 350-------------

Evaluate personalized models
Averaged Train Loss: 0.2627
Averaged Test Accurancy: 0.7032
Averaged Test AUC: 0.9470
Std Test Accurancy: 0.1066
Std Test AUC: 0.0284
ASR: 0.4244142228974986
attack_auc: 0.867449189492319
Layer conv1.weight: 13/64 channels masked
Layer layer1.0.conv1.weight: 3/64 channels masked
Layer layer1.0.conv2.weight: 1/64 channels masked
Layer layer1.1.conv1.weight: 1/64 channels masked
Layer layer2.0.downsample.0.weight: 2/128 channels masked
Layer layer3.0.conv2.weight: 1/256 channels masked
Layer layer3.1.conv2.weight: 1/256 channels masked
Layer layer4.0.conv1.weight: 54/512 channels masked
Layer layer4.0.conv2.weight: 87/512 channels masked
Layer layer4.0.downsample.0.weight: 116/512 channels masked
Layer layer4.1.conv1.weight: 81/512 channels masked
Layer layer4.1.conv2.weight: 82/512 channels masked
------------------------- time cost ------------------------- 23.18304419517517
ASR: 0.43129309480855454
attack_auc: 0.8691090523455736
Layer conv1.weight: 13/64 channels masked
Layer layer1.0.conv1.weight: 3/64 channels masked
Layer layer1.0.conv2.weight: 1/64 channels masked
Layer layer1.1.conv1.weight: 1/64 channels masked
Layer layer2.0.downsample.0.weight: 2/128 channels masked
Layer layer3.0.conv2.weight: 1/256 channels masked
Layer layer3.1.conv2.weight: 1/256 channels masked
Layer layer4.0.conv1.weight: 54/512 channels masked
Layer layer4.0.conv2.weight: 87/512 channels masked
Layer layer4.0.downsample.0.weight: 116/512 channels masked
Layer layer4.1.conv1.weight: 82/512 channels masked
Layer layer4.1.conv2.weight: 82/512 channels masked
------------------------- time cost ------------------------- 17.40752935409546
ASR: 0.44463653549582727
attack_auc: 0.8716785042487978
Layer conv1.weight: 13/64 channels masked
Layer layer1.0.conv1.weight: 3/64 channels masked
Layer layer1.0.conv2.weight: 1/64 channels masked
Layer layer1.1.conv1.weight: 1/64 channels masked
Layer layer2.0.downsample.0.weight: 2/128 channels masked
Layer layer3.0.conv2.weight: 1/256 channels masked
Layer layer3.1.conv2.weight: 1/256 channels masked
Layer layer4.0.conv1.weight: 54/512 channels masked
Layer layer4.0.conv2.weight: 87/512 channels masked
Layer layer4.0.downsample.0.weight: 116/512 channels masked
Layer layer4.1.conv1.weight: 82/512 channels masked
Layer layer4.1.conv2.weight: 82/512 channels masked
------------------------- time cost ------------------------- 16.552703380584717
ASR: 0.42599616522342326
attack_auc: 0.8661033513263796
Layer conv1.weight: 13/64 channels masked
Layer layer1.0.conv1.weight: 3/64 channels masked
Layer layer1.0.conv2.weight: 1/64 channels masked
Layer layer1.1.conv1.weight: 1/64 channels masked
Layer layer2.0.downsample.0.weight: 2/128 channels masked
Layer layer3.0.conv2.weight: 1/256 channels masked
Layer layer3.1.conv2.weight: 1/256 channels masked
Layer layer4.0.conv1.weight: 54/512 channels masked
Layer layer4.0.conv2.weight: 87/512 channels masked
Layer layer4.0.downsample.0.weight: 116/512 channels masked
Layer layer4.1.conv1.weight: 82/512 channels masked
Layer layer4.1.conv2.weight: 82/512 channels masked
------------------------- time cost ------------------------- 17.770302057266235
ASR: 0.4320719724627012
attack_auc: 0.8649844555961204
Layer conv1.weight: 13/64 channels masked
Layer layer1.0.conv1.weight: 3/64 channels masked
Layer layer1.0.conv2.weight: 1/64 channels masked
Layer layer1.1.conv1.weight: 1/64 channels masked
Layer layer2.0.downsample.0.weight: 2/128 channels masked
Layer layer3.0.conv2.weight: 1/256 channels masked
Layer layer3.1.conv2.weight: 1/256 channels masked
Layer layer4.0.conv1.weight: 54/512 channels masked
Layer layer4.0.conv2.weight: 87/512 channels masked
Layer layer4.0.downsample.0.weight: 116/512 channels masked
Layer layer4.1.conv1.weight: 82/512 channels masked
Layer layer4.1.conv2.weight: 85/512 channels masked
------------------------- time cost ------------------------- 14.386969089508057
ASR: 0.43997006448749393
attack_auc: 0.8688868726575086
Layer conv1.weight: 13/64 channels masked
Layer layer1.0.conv1.weight: 3/64 channels masked
Layer layer1.0.conv2.weight: 1/64 channels masked
Layer layer1.1.conv1.weight: 1/64 channels masked
Layer layer2.0.downsample.0.weight: 2/128 channels masked
Layer layer3.0.conv2.weight: 1/256 channels masked
Layer layer3.1.conv2.weight: 1/256 channels masked
Layer layer4.0.conv1.weight: 54/512 channels masked
Layer layer4.0.conv2.weight: 87/512 channels masked
Layer layer4.0.downsample.0.weight: 116/512 channels masked
Layer layer4.1.conv1.weight: 82/512 channels masked
Layer layer4.1.conv2.weight: 85/512 channels masked
------------------------- time cost ------------------------- 16.309354305267334
ASR: 0.4455630971706306
attack_auc: 0.8700036597756514
Layer conv1.weight: 13/64 channels masked
Layer layer1.0.conv1.weight: 3/64 channels masked
Layer layer1.0.conv2.weight: 1/64 channels masked
Layer layer1.1.conv1.weight: 1/64 channels masked
Layer layer2.0.downsample.0.weight: 2/128 channels masked
Layer layer3.0.conv2.weight: 1/256 channels masked
Layer layer3.1.conv2.weight: 1/256 channels masked
Layer layer4.0.conv1.weight: 54/512 channels masked
Layer layer4.0.conv2.weight: 87/512 channels masked
Layer layer4.0.downsample.0.weight: 116/512 channels masked
Layer layer4.1.conv1.weight: 82/512 channels masked
Layer layer4.1.conv2.weight: 85/512 channels masked
------------------------- time cost ------------------------- 16.406896591186523
ASR: 0.4588479383378975
attack_auc: 0.8700483308752444
Layer conv1.weight: 13/64 channels masked
Layer layer1.0.conv1.weight: 3/64 channels masked
Layer layer1.0.conv2.weight: 1/64 channels masked
Layer layer1.1.conv1.weight: 1/64 channels masked
Layer layer2.0.downsample.0.weight: 2/128 channels masked
Layer layer3.0.conv2.weight: 1/256 channels masked
Layer layer3.1.conv2.weight: 1/256 channels masked
Layer layer4.0.conv1.weight: 54/512 channels masked
Layer layer4.0.conv2.weight: 88/512 channels masked
Layer layer4.0.downsample.0.weight: 116/512 channels masked
Layer layer4.1.conv1.weight: 82/512 channels masked
Layer layer4.1.conv2.weight: 85/512 channels masked
------------------------- time cost ------------------------- 17.73389196395874
ASR: 0.44640067559638125
attack_auc: 0.8702474642853678
Layer conv1.weight: 14/64 channels masked
Layer layer1.0.conv1.weight: 3/64 channels masked
Layer layer1.0.conv2.weight: 1/64 channels masked
Layer layer1.1.conv1.weight: 1/64 channels masked
Layer layer2.0.downsample.0.weight: 2/128 channels masked
Layer layer3.0.conv2.weight: 1/256 channels masked
Layer layer3.1.conv2.weight: 1/256 channels masked
Layer layer4.0.conv1.weight: 51/512 channels masked
Layer layer4.0.conv2.weight: 87/512 channels masked
Layer layer4.0.downsample.0.weight: 116/512 channels masked
Layer layer4.1.conv1.weight: 82/512 channels masked
Layer layer4.1.conv2.weight: 85/512 channels masked
------------------------- time cost ------------------------- 15.862049579620361
ASR: 0.4574406996249437
attack_auc: 0.8731832021885081
Layer conv1.weight: 13/64 channels masked
Layer layer1.0.conv1.weight: 3/64 channels masked
Layer layer1.0.conv2.weight: 1/64 channels masked
Layer layer1.1.conv1.weight: 1/64 channels masked
Layer layer2.0.downsample.0.weight: 2/128 channels masked
Layer layer3.0.conv2.weight: 1/256 channels masked
Layer layer3.1.conv2.weight: 1/256 channels masked
Layer layer4.0.conv1.weight: 52/512 channels masked
Layer layer4.0.conv2.weight: 88/512 channels masked
Layer layer4.0.downsample.0.weight: 116/512 channels masked
Layer layer4.1.conv1.weight: 82/512 channels masked
Layer layer4.1.conv2.weight: 85/512 channels masked
------------------------- time cost ------------------------- 19.69702458381653

-------------Round number: 360-------------

Evaluate personalized models
Averaged Train Loss: 0.2543
Averaged Test Accurancy: 0.7115
Averaged Test AUC: 0.9491
Std Test Accurancy: 0.1105
Std Test AUC: 0.0282
ASR: 0.46751346858515186
attack_auc: 0.8797245092886661
Layer conv1.weight: 15/64 channels masked
Layer layer1.0.conv1.weight: 3/64 channels masked
Layer layer1.0.conv2.weight: 1/64 channels masked
Layer layer1.1.conv1.weight: 1/64 channels masked
Layer layer2.0.downsample.0.weight: 2/128 channels masked
Layer layer3.0.conv2.weight: 1/256 channels masked
Layer layer3.1.conv2.weight: 1/256 channels masked
Layer layer4.0.conv1.weight: 52/512 channels masked
Layer layer4.0.conv2.weight: 88/512 channels masked
Layer layer4.0.downsample.0.weight: 116/512 channels masked
Layer layer4.1.conv1.weight: 82/512 channels masked
Layer layer4.1.conv2.weight: 85/512 channels masked
------------------------- time cost ------------------------- 22.75790500640869
ASR: 0.5515364901941258
attack_auc: 0.9103472278957454
Layer conv1.weight: 15/64 channels masked
Layer layer1.0.conv1.weight: 3/64 channels masked
Layer layer1.0.conv2.weight: 1/64 channels masked
Layer layer1.1.conv1.weight: 1/64 channels masked
Layer layer2.0.downsample.0.weight: 2/128 channels masked
Layer layer3.0.conv2.weight: 1/256 channels masked
Layer layer3.1.conv2.weight: 1/256 channels masked
Layer layer4.0.conv1.weight: 51/512 channels masked
Layer layer4.0.conv2.weight: 88/512 channels masked
Layer layer4.0.downsample.0.weight: 116/512 channels masked
Layer layer4.1.conv1.weight: 82/512 channels masked
Layer layer4.1.conv2.weight: 85/512 channels masked
------------------------- time cost ------------------------- 15.968994855880737
ASR: 0.4983670600391647
attack_auc: 0.8927976362013181
Layer conv1.weight: 15/64 channels masked
Layer layer1.0.conv1.weight: 3/64 channels masked
Layer layer1.0.conv2.weight: 1/64 channels masked
Layer layer1.1.conv1.weight: 1/64 channels masked
Layer layer2.0.downsample.0.weight: 2/128 channels masked
Layer layer3.0.conv2.weight: 1/256 channels masked
Layer layer3.1.conv2.weight: 1/256 channels masked
Layer layer4.0.conv1.weight: 56/512 channels masked
Layer layer4.0.conv2.weight: 89/512 channels masked
Layer layer4.0.downsample.0.weight: 117/512 channels masked
Layer layer4.1.conv1.weight: 83/512 channels masked
Layer layer4.1.conv2.weight: 85/512 channels masked
------------------------- time cost ------------------------- 14.413254737854004
ASR: 0.5068669690134392
attack_auc: 0.8954635550796967
Layer conv1.weight: 15/64 channels masked
Layer layer1.0.conv1.weight: 3/64 channels masked
Layer layer1.0.conv2.weight: 1/64 channels masked
Layer layer1.1.conv1.weight: 1/64 channels masked
Layer layer2.0.downsample.0.weight: 2/128 channels masked
Layer layer3.0.conv2.weight: 1/256 channels masked
Layer layer3.1.conv2.weight: 1/256 channels masked
Layer layer4.0.conv1.weight: 56/512 channels masked
Layer layer4.0.conv2.weight: 89/512 channels masked
Layer layer4.0.downsample.0.weight: 117/512 channels masked
Layer layer4.1.conv1.weight: 83/512 channels masked
Layer layer4.1.conv2.weight: 85/512 channels masked
------------------------- time cost ------------------------- 17.932509660720825
ASR: 0.4744316534906255
attack_auc: 0.883959976432735
Layer conv1.weight: 15/64 channels masked
Layer layer1.0.conv1.weight: 3/64 channels masked
Layer layer1.0.conv2.weight: 1/64 channels masked
Layer layer1.1.conv1.weight: 1/64 channels masked
Layer layer2.0.downsample.0.weight: 2/128 channels masked
Layer layer3.0.conv2.weight: 1/256 channels masked
Layer layer3.1.conv2.weight: 1/256 channels masked
Layer layer4.0.conv1.weight: 56/512 channels masked
Layer layer4.0.conv2.weight: 89/512 channels masked
Layer layer4.0.downsample.0.weight: 117/512 channels masked
Layer layer4.1.conv1.weight: 83/512 channels masked
Layer layer4.1.conv2.weight: 85/512 channels masked
------------------------- time cost ------------------------- 15.107986211776733
ASR: 0.47642275715644744
attack_auc: 0.8798830928979825
Layer conv1.weight: 15/64 channels masked
Layer layer1.0.conv1.weight: 3/64 channels masked
Layer layer1.0.conv2.weight: 1/64 channels masked
Layer layer1.1.conv1.weight: 1/64 channels masked
Layer layer2.0.downsample.0.weight: 2/128 channels masked
Layer layer3.0.conv2.weight: 1/256 channels masked
Layer layer3.1.conv2.weight: 1/256 channels masked
Layer layer4.0.conv1.weight: 56/512 channels masked
Layer layer4.0.conv2.weight: 89/512 channels masked
Layer layer4.0.downsample.0.weight: 117/512 channels masked
Layer layer4.1.conv1.weight: 83/512 channels masked
Layer layer4.1.conv2.weight: 85/512 channels masked
------------------------- time cost ------------------------- 18.803658723831177
ASR: 0.5129563452527571
attack_auc: 0.894837052363276
Layer conv1.weight: 15/64 channels masked
Layer layer1.0.conv1.weight: 3/64 channels masked
Layer layer1.0.conv2.weight: 1/64 channels masked
Layer layer1.1.conv1.weight: 1/64 channels masked
Layer layer2.0.downsample.0.weight: 2/128 channels masked
Layer layer3.0.conv2.weight: 1/256 channels masked
Layer layer3.1.conv2.weight: 1/256 channels masked
Layer layer4.0.conv1.weight: 56/512 channels masked
Layer layer4.0.conv2.weight: 89/512 channels masked
Layer layer4.0.downsample.0.weight: 117/512 channels masked
Layer layer4.1.conv1.weight: 84/512 channels masked
Layer layer4.1.conv2.weight: 85/512 channels masked
------------------------- time cost ------------------------- 16.417134046554565
ASR: 0.4852930485347298
attack_auc: 0.8863957201815974
Layer conv1.weight: 15/64 channels masked
Layer layer1.0.conv1.weight: 3/64 channels masked
Layer layer1.0.conv2.weight: 1/64 channels masked
Layer layer1.1.conv1.weight: 1/64 channels masked
Layer layer2.0.downsample.0.weight: 2/128 channels masked
Layer layer3.0.conv2.weight: 1/256 channels masked
Layer layer3.1.conv2.weight: 1/256 channels masked
Layer layer4.0.conv1.weight: 56/512 channels masked
Layer layer4.0.conv2.weight: 90/512 channels masked
Layer layer4.0.downsample.0.weight: 117/512 channels masked
Layer layer4.1.conv1.weight: 84/512 channels masked
Layer layer4.1.conv2.weight: 85/512 channels masked
------------------------- time cost ------------------------- 16.205830812454224
ASR: 0.4878104258469103
attack_auc: 0.8886470772555944
Layer conv1.weight: 15/64 channels masked
Layer layer1.0.conv1.weight: 3/64 channels masked
Layer layer1.0.conv2.weight: 1/64 channels masked
Layer layer1.1.conv1.weight: 1/64 channels masked
Layer layer2.0.downsample.0.weight: 2/128 channels masked
Layer layer3.0.conv2.weight: 1/256 channels masked
Layer layer3.1.conv2.weight: 1/256 channels masked
Layer layer4.0.conv1.weight: 56/512 channels masked
Layer layer4.0.conv2.weight: 90/512 channels masked
Layer layer4.0.downsample.0.weight: 117/512 channels masked
Layer layer4.1.conv1.weight: 84/512 channels masked
Layer layer4.1.conv2.weight: 85/512 channels masked
------------------------- time cost ------------------------- 16.614108085632324
ASR: 0.4614681649610548
attack_auc: 0.8778173935212289
Layer conv1.weight: 15/64 channels masked
Layer layer1.0.conv1.weight: 3/64 channels masked
Layer layer1.0.conv2.weight: 1/64 channels masked
Layer layer1.1.conv1.weight: 1/64 channels masked
Layer layer2.0.downsample.0.weight: 2/128 channels masked
Layer layer3.0.conv2.weight: 1/256 channels masked
Layer layer3.1.conv2.weight: 1/256 channels masked
Layer layer4.0.conv1.weight: 56/512 channels masked
Layer layer4.0.conv2.weight: 90/512 channels masked
Layer layer4.0.downsample.0.weight: 117/512 channels masked
Layer layer4.1.conv1.weight: 84/512 channels masked
Layer layer4.1.conv2.weight: 85/512 channels masked
------------------------- time cost ------------------------- 12.913884162902832

-------------Round number: 370-------------

Evaluate personalized models
Averaged Train Loss: 0.2037
Averaged Test Accurancy: 0.7192
Averaged Test AUC: 0.9506
Std Test Accurancy: 0.1133
Std Test AUC: 0.0288
ASR: 0.46902825602552023
attack_auc: 0.8819889172332845
Layer conv1.weight: 15/64 channels masked
Layer layer1.0.conv1.weight: 3/64 channels masked
Layer layer1.0.conv2.weight: 1/64 channels masked
Layer layer1.1.conv1.weight: 1/64 channels masked
Layer layer2.0.downsample.0.weight: 2/128 channels masked
Layer layer3.0.conv2.weight: 1/256 channels masked
Layer layer3.1.conv2.weight: 1/256 channels masked
Layer layer4.0.conv1.weight: 56/512 channels masked
Layer layer4.0.conv2.weight: 90/512 channels masked
Layer layer4.0.downsample.0.weight: 117/512 channels masked
Layer layer4.1.conv1.weight: 84/512 channels masked
Layer layer4.1.conv2.weight: 85/512 channels masked
------------------------- time cost ------------------------- 23.273275136947632
ASR: 0.5045749911253739
attack_auc: 0.8942878325355357
Layer conv1.weight: 15/64 channels masked
Layer layer1.0.conv1.weight: 3/64 channels masked
Layer layer1.0.conv2.weight: 1/64 channels masked
Layer layer1.1.conv1.weight: 1/64 channels masked
Layer layer2.0.downsample.0.weight: 2/128 channels masked
Layer layer3.0.conv2.weight: 1/256 channels masked
Layer layer3.1.conv2.weight: 1/256 channels masked
Layer layer4.0.conv1.weight: 56/512 channels masked
Layer layer4.0.conv2.weight: 90/512 channels masked
Layer layer4.0.downsample.0.weight: 117/512 channels masked
Layer layer4.1.conv1.weight: 84/512 channels masked
Layer layer4.1.conv2.weight: 85/512 channels masked
------------------------- time cost ------------------------- 17.38092565536499
ASR: 0.5178954886376511
attack_auc: 0.8984017288009819
Layer conv1.weight: 15/64 channels masked
Layer layer1.0.conv1.weight: 3/64 channels masked
Layer layer1.0.conv2.weight: 1/64 channels masked
Layer layer1.1.conv1.weight: 1/64 channels masked
Layer layer2.0.downsample.0.weight: 2/128 channels masked
Layer layer3.0.conv2.weight: 1/256 channels masked
Layer layer3.1.conv2.weight: 1/256 channels masked
Layer layer4.0.conv1.weight: 58/512 channels masked
Layer layer4.0.conv2.weight: 90/512 channels masked
Layer layer4.0.downsample.0.weight: 117/512 channels masked
Layer layer4.1.conv1.weight: 84/512 channels masked
Layer layer4.1.conv2.weight: 85/512 channels masked
------------------------- time cost ------------------------- 16.313477277755737
ASR: 0.48009217935692233
attack_auc: 0.8870844709610427
Layer conv1.weight: 16/64 channels masked
Layer layer1.0.conv1.weight: 3/64 channels masked
Layer layer1.0.conv2.weight: 1/64 channels masked
Layer layer1.1.conv1.weight: 1/64 channels masked
Layer layer2.0.downsample.0.weight: 2/128 channels masked
Layer layer3.0.conv2.weight: 1/256 channels masked
Layer layer3.1.conv2.weight: 1/256 channels masked
Layer layer4.0.conv1.weight: 58/512 channels masked
Layer layer4.0.conv2.weight: 90/512 channels masked
Layer layer4.0.downsample.0.weight: 117/512 channels masked
Layer layer4.1.conv1.weight: 84/512 channels masked
Layer layer4.1.conv2.weight: 85/512 channels masked
------------------------- time cost ------------------------- 14.106524467468262
ASR: 0.4570998432340938
attack_auc: 0.8768803822969808
Layer conv1.weight: 16/64 channels masked
Layer layer1.0.conv1.weight: 3/64 channels masked
Layer layer1.0.conv2.weight: 1/64 channels masked
Layer layer1.1.conv1.weight: 1/64 channels masked
Layer layer2.0.downsample.0.weight: 2/128 channels masked
Layer layer3.0.conv2.weight: 1/256 channels masked
Layer layer3.1.conv2.weight: 1/256 channels masked
Layer layer4.0.conv1.weight: 58/512 channels masked
Layer layer4.0.conv2.weight: 90/512 channels masked
Layer layer4.0.downsample.0.weight: 117/512 channels masked
Layer layer4.1.conv1.weight: 84/512 channels masked
Layer layer4.1.conv2.weight: 85/512 channels masked
------------------------- time cost ------------------------- 15.684988498687744
ASR: 0.5039471121982444
attack_auc: 0.8923712499245406
Layer conv1.weight: 16/64 channels masked
Layer layer1.0.conv1.weight: 3/64 channels masked
Layer layer1.0.conv2.weight: 1/64 channels masked
Layer layer1.1.conv1.weight: 1/64 channels masked
Layer layer2.0.downsample.0.weight: 2/128 channels masked
Layer layer3.0.conv2.weight: 1/256 channels masked
Layer layer3.1.conv2.weight: 1/256 channels masked
Layer layer4.0.conv1.weight: 58/512 channels masked
Layer layer4.0.conv2.weight: 90/512 channels masked
Layer layer4.0.downsample.0.weight: 117/512 channels masked
Layer layer4.1.conv1.weight: 84/512 channels masked
Layer layer4.1.conv2.weight: 85/512 channels masked
------------------------- time cost ------------------------- 18.836540460586548
ASR: 0.4839729570913425
attack_auc: 0.8871236773498656
Layer conv1.weight: 16/64 channels masked
Layer layer1.0.conv1.weight: 3/64 channels masked
Layer layer1.0.conv2.weight: 1/64 channels masked
Layer layer1.1.conv1.weight: 1/64 channels masked
Layer layer2.0.downsample.0.weight: 2/128 channels masked
Layer layer3.0.conv2.weight: 1/256 channels masked
Layer layer3.1.conv2.weight: 1/256 channels masked
Layer layer4.0.conv1.weight: 57/512 channels masked
Layer layer4.0.conv2.weight: 90/512 channels masked
Layer layer4.0.downsample.0.weight: 117/512 channels masked
Layer layer4.1.conv1.weight: 84/512 channels masked
Layer layer4.1.conv2.weight: 85/512 channels masked
------------------------- time cost ------------------------- 19.970871448516846
ASR: 0.49518989310660355
attack_auc: 0.8891288059757667
Layer conv1.weight: 16/64 channels masked
Layer layer1.0.conv1.weight: 3/64 channels masked
Layer layer1.0.conv2.weight: 1/64 channels masked
Layer layer1.1.conv1.weight: 1/64 channels masked
Layer layer2.0.downsample.0.weight: 2/128 channels masked
Layer layer3.0.conv2.weight: 1/256 channels masked
Layer layer3.1.conv2.weight: 1/256 channels masked
Layer layer4.0.conv1.weight: 57/512 channels masked
Layer layer4.0.conv2.weight: 90/512 channels masked
Layer layer4.0.downsample.0.weight: 117/512 channels masked
Layer layer4.1.conv1.weight: 84/512 channels masked
Layer layer4.1.conv2.weight: 85/512 channels masked
------------------------- time cost ------------------------- 18.99867844581604
ASR: 0.523258498737119
attack_auc: 0.9019281462833907
Layer conv1.weight: 16/64 channels masked
Layer layer1.0.conv1.weight: 3/64 channels masked
Layer layer1.0.conv2.weight: 1/64 channels masked
Layer layer1.1.conv1.weight: 1/64 channels masked
Layer layer2.0.downsample.0.weight: 2/128 channels masked
Layer layer3.0.conv2.weight: 1/256 channels masked
Layer layer3.1.conv2.weight: 1/256 channels masked
Layer layer4.0.conv1.weight: 57/512 channels masked
Layer layer4.0.conv2.weight: 90/512 channels masked
Layer layer4.0.downsample.0.weight: 117/512 channels masked
Layer layer4.1.conv1.weight: 84/512 channels masked
Layer layer4.1.conv2.weight: 85/512 channels masked
------------------------- time cost ------------------------- 16.134195804595947
ASR: 0.5203438952904395
attack_auc: 0.8983765398236967
Layer conv1.weight: 16/64 channels masked
Layer layer1.0.conv1.weight: 3/64 channels masked
Layer layer1.0.conv2.weight: 1/64 channels masked
Layer layer1.1.conv1.weight: 1/64 channels masked
Layer layer2.0.downsample.0.weight: 2/128 channels masked
Layer layer3.0.conv2.weight: 1/256 channels masked
Layer layer3.1.conv2.weight: 1/256 channels masked
Layer layer4.0.conv1.weight: 57/512 channels masked
Layer layer4.0.conv2.weight: 90/512 channels masked
Layer layer4.0.downsample.0.weight: 118/512 channels masked
Layer layer4.1.conv1.weight: 84/512 channels masked
Layer layer4.1.conv2.weight: 85/512 channels masked
------------------------- time cost ------------------------- 17.73262310028076

-------------Round number: 380-------------

Evaluate personalized models
Averaged Train Loss: 0.1790
Averaged Test Accurancy: 0.7201
Averaged Test AUC: 0.9514
Std Test Accurancy: 0.0986
Std Test AUC: 0.0248
ASR: 0.5053933791488135
attack_auc: 0.8929349990720407
Layer conv1.weight: 16/64 channels masked
Layer layer1.0.conv1.weight: 3/64 channels masked
Layer layer1.0.conv2.weight: 1/64 channels masked
Layer layer1.1.conv1.weight: 1/64 channels masked
Layer layer2.0.downsample.0.weight: 2/128 channels masked
Layer layer3.0.conv2.weight: 1/256 channels masked
Layer layer3.1.conv2.weight: 1/256 channels masked
Layer layer4.0.conv1.weight: 57/512 channels masked
Layer layer4.0.conv2.weight: 90/512 channels masked
Layer layer4.0.downsample.0.weight: 118/512 channels masked
Layer layer4.1.conv1.weight: 84/512 channels masked
Layer layer4.1.conv2.weight: 85/512 channels masked
------------------------- time cost ------------------------- 22.59194564819336
ASR: 0.5038793127312404
attack_auc: 0.8920977177654992
Layer conv1.weight: 16/64 channels masked
Layer layer1.0.conv1.weight: 3/64 channels masked
Layer layer1.0.conv2.weight: 1/64 channels masked
Layer layer1.1.conv1.weight: 1/64 channels masked
Layer layer2.0.downsample.0.weight: 2/128 channels masked
Layer layer3.0.conv2.weight: 1/256 channels masked
Layer layer3.1.conv2.weight: 1/256 channels masked
Layer layer4.0.conv1.weight: 57/512 channels masked
Layer layer4.0.conv2.weight: 90/512 channels masked
Layer layer4.0.downsample.0.weight: 118/512 channels masked
Layer layer4.1.conv1.weight: 84/512 channels masked
Layer layer4.1.conv2.weight: 86/512 channels masked
------------------------- time cost ------------------------- 17.960944652557373
ASR: 0.492076299219563
attack_auc: 0.8900315217806221
Layer conv1.weight: 16/64 channels masked
Layer layer1.0.conv1.weight: 3/64 channels masked
Layer layer1.0.conv2.weight: 1/64 channels masked
Layer layer1.1.conv1.weight: 1/64 channels masked
Layer layer2.0.downsample.0.weight: 2/128 channels masked
Layer layer3.0.conv2.weight: 1/256 channels masked
Layer layer3.1.conv2.weight: 1/256 channels masked
Layer layer4.0.conv1.weight: 53/512 channels masked
Layer layer4.0.conv2.weight: 88/512 channels masked
Layer layer4.0.downsample.0.weight: 118/512 channels masked
Layer layer4.1.conv1.weight: 84/512 channels masked
Layer layer4.1.conv2.weight: 86/512 channels masked
------------------------- time cost ------------------------- 14.115128517150879
ASR: 0.5051618125503227
attack_auc: 0.8928700093005593
Layer conv1.weight: 16/64 channels masked
Layer layer1.0.conv1.weight: 3/64 channels masked
Layer layer1.0.conv2.weight: 1/64 channels masked
Layer layer1.1.conv1.weight: 1/64 channels masked
Layer layer2.0.downsample.0.weight: 2/128 channels masked
Layer layer3.0.conv2.weight: 1/256 channels masked
Layer layer3.1.conv2.weight: 1/256 channels masked
Layer layer4.0.conv1.weight: 54/512 channels masked
Layer layer4.0.conv2.weight: 90/512 channels masked
Layer layer4.0.downsample.0.weight: 118/512 channels masked
Layer layer4.1.conv1.weight: 84/512 channels masked
Layer layer4.1.conv2.weight: 86/512 channels masked
------------------------- time cost ------------------------- 16.831347465515137
ASR: 0.5198667403105613
attack_auc: 0.899837935292369
Layer conv1.weight: 16/64 channels masked
Layer layer1.0.conv1.weight: 3/64 channels masked
Layer layer1.0.conv2.weight: 1/64 channels masked
Layer layer1.1.conv1.weight: 1/64 channels masked
Layer layer2.0.downsample.0.weight: 2/128 channels masked
Layer layer3.0.conv2.weight: 1/256 channels masked
Layer layer3.1.conv2.weight: 1/256 channels masked
Layer layer4.0.conv1.weight: 54/512 channels masked
Layer layer4.0.conv2.weight: 90/512 channels masked
Layer layer4.0.downsample.0.weight: 118/512 channels masked
Layer layer4.1.conv1.weight: 84/512 channels masked
Layer layer4.1.conv2.weight: 86/512 channels masked
------------------------- time cost ------------------------- 12.843612909317017
ASR: 0.4977414977606231
attack_auc: 0.8909972157906948
Layer conv1.weight: 16/64 channels masked
Layer layer1.0.conv1.weight: 2/64 channels masked
Layer layer1.0.conv2.weight: 1/64 channels masked
Layer layer1.1.conv1.weight: 1/64 channels masked
Layer layer2.0.downsample.0.weight: 2/128 channels masked
Layer layer3.0.conv2.weight: 1/256 channels masked
Layer layer3.1.conv2.weight: 1/256 channels masked
Layer layer4.0.conv1.weight: 50/512 channels masked
Layer layer4.0.conv2.weight: 90/512 channels masked
Layer layer4.0.downsample.0.weight: 118/512 channels masked
Layer layer4.1.conv1.weight: 84/512 channels masked
Layer layer4.1.conv2.weight: 86/512 channels masked
------------------------- time cost ------------------------- 16.56500768661499
ASR: 0.5382716492099545
attack_auc: 0.9045075268301929
Layer conv1.weight: 16/64 channels masked
Layer layer1.0.conv1.weight: 3/64 channels masked
Layer layer1.0.conv2.weight: 1/64 channels masked
Layer layer1.1.conv1.weight: 1/64 channels masked
Layer layer2.0.downsample.0.weight: 2/128 channels masked
Layer layer3.0.conv2.weight: 1/256 channels masked
Layer layer3.1.conv2.weight: 1/256 channels masked
Layer layer4.0.conv1.weight: 50/512 channels masked
Layer layer4.0.conv2.weight: 89/512 channels masked
Layer layer4.0.downsample.0.weight: 118/512 channels masked
Layer layer4.1.conv1.weight: 84/512 channels masked
Layer layer4.1.conv2.weight: 86/512 channels masked
------------------------- time cost ------------------------- 13.604239463806152
ASR: 0.5387662554877506
attack_auc: 0.9038064679969569
Layer conv1.weight: 16/64 channels masked
Layer layer1.0.conv1.weight: 3/64 channels masked
Layer layer1.0.conv2.weight: 1/64 channels masked
Layer layer1.1.conv1.weight: 1/64 channels masked
Layer layer2.0.downsample.0.weight: 2/128 channels masked
Layer layer3.0.conv2.weight: 1/256 channels masked
Layer layer3.1.conv2.weight: 1/256 channels masked
Layer layer4.0.conv1.weight: 50/512 channels masked
Layer layer4.0.conv2.weight: 89/512 channels masked
Layer layer4.0.downsample.0.weight: 118/512 channels masked
Layer layer4.1.conv1.weight: 84/512 channels masked
Layer layer4.1.conv2.weight: 86/512 channels masked
------------------------- time cost ------------------------- 17.1139976978302
ASR: 0.5224383208271555
attack_auc: 0.9004702132793749
Layer conv1.weight: 16/64 channels masked
Layer layer1.0.conv1.weight: 3/64 channels masked
Layer layer1.0.conv2.weight: 1/64 channels masked
Layer layer1.1.conv1.weight: 1/64 channels masked
Layer layer2.0.downsample.0.weight: 2/128 channels masked
Layer layer3.0.conv2.weight: 1/256 channels masked
Layer layer3.1.conv2.weight: 1/256 channels masked
Layer layer4.0.conv1.weight: 49/512 channels masked
Layer layer4.0.conv2.weight: 88/512 channels masked
Layer layer4.0.downsample.0.weight: 118/512 channels masked
Layer layer4.1.conv1.weight: 85/512 channels masked
Layer layer4.1.conv2.weight: 86/512 channels masked
------------------------- time cost ------------------------- 14.67836618423462
ASR: 0.5209792217649596
attack_auc: 0.8999841184422528
Layer conv1.weight: 17/64 channels masked
Layer layer1.0.conv1.weight: 3/64 channels masked
Layer layer1.0.conv2.weight: 1/64 channels masked
Layer layer1.1.conv1.weight: 1/64 channels masked
Layer layer2.0.downsample.0.weight: 2/128 channels masked
Layer layer3.0.conv2.weight: 1/256 channels masked
Layer layer3.1.conv2.weight: 1/256 channels masked
Layer layer4.0.conv1.weight: 49/512 channels masked
Layer layer4.0.conv2.weight: 89/512 channels masked
Layer layer4.0.downsample.0.weight: 118/512 channels masked
Layer layer4.1.conv1.weight: 85/512 channels masked
Layer layer4.1.conv2.weight: 86/512 channels masked
------------------------- time cost ------------------------- 16.19867777824402

-------------Round number: 390-------------

Evaluate personalized models
Averaged Train Loss: 0.1989
Averaged Test Accurancy: 0.7170
Averaged Test AUC: 0.9515
Std Test Accurancy: 0.1023
Std Test AUC: 0.0265
ASR: 0.48547300660067855
attack_auc: 0.8884804553106008
Layer conv1.weight: 16/64 channels masked
Layer layer1.0.conv1.weight: 3/64 channels masked
Layer layer1.0.conv2.weight: 1/64 channels masked
Layer layer1.1.conv1.weight: 1/64 channels masked
Layer layer2.0.downsample.0.weight: 2/128 channels masked
Layer layer3.0.conv2.weight: 1/256 channels masked
Layer layer3.1.conv2.weight: 1/256 channels masked
Layer layer4.0.conv1.weight: 49/512 channels masked
Layer layer4.0.conv2.weight: 89/512 channels masked
Layer layer4.0.downsample.0.weight: 118/512 channels masked
Layer layer4.1.conv1.weight: 85/512 channels masked
Layer layer4.1.conv2.weight: 86/512 channels masked
------------------------- time cost ------------------------- 26.11459994316101
ASR: 0.476822585996602
attack_auc: 0.8839462644709536
Layer conv1.weight: 16/64 channels masked
Layer layer1.0.conv1.weight: 3/64 channels masked
Layer layer1.0.conv2.weight: 1/64 channels masked
Layer layer1.1.conv1.weight: 1/64 channels masked
Layer layer2.0.downsample.0.weight: 2/128 channels masked
Layer layer3.0.conv2.weight: 1/256 channels masked
Layer layer3.1.conv2.weight: 1/256 channels masked
Layer layer4.0.conv1.weight: 50/512 channels masked
Layer layer4.0.conv2.weight: 89/512 channels masked
Layer layer4.0.downsample.0.weight: 118/512 channels masked
Layer layer4.1.conv1.weight: 85/512 channels masked
Layer layer4.1.conv2.weight: 86/512 channels masked
------------------------- time cost ------------------------- 12.291091918945312
ASR: 0.48454921457956035
attack_auc: 0.8844992330173876
Layer conv1.weight: 16/64 channels masked
Layer layer1.0.conv1.weight: 3/64 channels masked
Layer layer1.0.conv2.weight: 1/64 channels masked
Layer layer1.1.conv1.weight: 1/64 channels masked
Layer layer2.0.downsample.0.weight: 2/128 channels masked
Layer layer3.0.conv2.weight: 1/256 channels masked
Layer layer3.1.conv2.weight: 1/256 channels masked
Layer layer4.0.conv1.weight: 50/512 channels masked
Layer layer4.0.conv2.weight: 89/512 channels masked
Layer layer4.0.downsample.0.weight: 118/512 channels masked
Layer layer4.1.conv1.weight: 86/512 channels masked
Layer layer4.1.conv2.weight: 86/512 channels masked
------------------------- time cost ------------------------- 15.232097387313843
ASR: 0.5027135356475578
attack_auc: 0.8906281794906816
Layer conv1.weight: 16/64 channels masked
Layer layer1.0.conv1.weight: 3/64 channels masked
Layer layer1.0.conv2.weight: 1/64 channels masked
Layer layer1.1.conv1.weight: 1/64 channels masked
Layer layer2.0.downsample.0.weight: 2/128 channels masked
Layer layer3.0.conv2.weight: 1/256 channels masked
Layer layer3.1.conv2.weight: 1/256 channels masked
Layer layer4.0.conv1.weight: 50/512 channels masked
Layer layer4.0.conv2.weight: 89/512 channels masked
Layer layer4.0.downsample.0.weight: 118/512 channels masked
Layer layer4.1.conv1.weight: 86/512 channels masked
Layer layer4.1.conv2.weight: 86/512 channels masked
------------------------- time cost ------------------------- 15.253373622894287
ASR: 0.5049186344560433
attack_auc: 0.8922123871540298
Layer conv1.weight: 16/64 channels masked
Layer layer1.0.conv1.weight: 3/64 channels masked
Layer layer1.0.conv2.weight: 1/64 channels masked
Layer layer1.1.conv1.weight: 1/64 channels masked
Layer layer2.0.downsample.0.weight: 2/128 channels masked
Layer layer3.0.conv2.weight: 1/256 channels masked
Layer layer3.1.conv2.weight: 1/256 channels masked
Layer layer4.0.conv1.weight: 50/512 channels masked
Layer layer4.0.conv2.weight: 89/512 channels masked
Layer layer4.0.downsample.0.weight: 118/512 channels masked
Layer layer4.1.conv1.weight: 86/512 channels masked
Layer layer4.1.conv2.weight: 86/512 channels masked
------------------------- time cost ------------------------- 16.25521421432495
ASR: 0.5126151361162655
attack_auc: 0.8952817139400573
Layer conv1.weight: 16/64 channels masked
Layer layer1.0.conv1.weight: 3/64 channels masked
Layer layer1.0.conv2.weight: 1/64 channels masked
Layer layer1.1.conv1.weight: 1/64 channels masked
Layer layer2.0.downsample.0.weight: 2/128 channels masked
Layer layer3.0.conv2.weight: 1/256 channels masked
Layer layer3.1.conv2.weight: 1/256 channels masked
Layer layer4.0.conv1.weight: 50/512 channels masked
Layer layer4.0.conv2.weight: 89/512 channels masked
Layer layer4.0.downsample.0.weight: 118/512 channels masked
Layer layer4.1.conv1.weight: 86/512 channels masked
Layer layer4.1.conv2.weight: 86/512 channels masked
------------------------- time cost ------------------------- 16.634571075439453
ASR: 0.503404712082856
attack_auc: 0.8925737446138496
Layer conv1.weight: 16/64 channels masked
Layer layer1.0.conv1.weight: 3/64 channels masked
Layer layer1.0.conv2.weight: 1/64 channels masked
Layer layer1.1.conv1.weight: 1/64 channels masked
Layer layer2.0.downsample.0.weight: 2/128 channels masked
Layer layer3.0.conv2.weight: 1/256 channels masked
Layer layer3.1.conv2.weight: 1/256 channels masked
Layer layer4.0.conv1.weight: 50/512 channels masked
Layer layer4.0.conv2.weight: 89/512 channels masked
Layer layer4.0.downsample.0.weight: 118/512 channels masked
Layer layer4.1.conv1.weight: 86/512 channels masked
Layer layer4.1.conv2.weight: 86/512 channels masked
------------------------- time cost ------------------------- 18.585079431533813
ASR: 0.5032736334537545
attack_auc: 0.895263150537599
Layer conv1.weight: 16/64 channels masked
Layer layer1.0.conv1.weight: 3/64 channels masked
Layer layer1.0.conv2.weight: 1/64 channels masked
Layer layer1.1.conv1.weight: 1/64 channels masked
Layer layer2.0.downsample.0.weight: 2/128 channels masked
Layer layer3.0.conv2.weight: 1/256 channels masked
Layer layer3.1.conv2.weight: 1/256 channels masked
Layer layer4.0.conv1.weight: 51/512 channels masked
Layer layer4.0.conv2.weight: 89/512 channels masked
Layer layer4.0.downsample.0.weight: 119/512 channels masked
Layer layer4.1.conv1.weight: 86/512 channels masked
Layer layer4.1.conv2.weight: 86/512 channels masked
------------------------- time cost ------------------------- 16.878180742263794
ASR: 0.48690230284342856
attack_auc: 0.8896712796908849
Layer conv1.weight: 16/64 channels masked
Layer layer1.0.conv1.weight: 3/64 channels masked
Layer layer1.0.conv2.weight: 1/64 channels masked
Layer layer1.1.conv1.weight: 1/64 channels masked
Layer layer2.0.downsample.0.weight: 2/128 channels masked
Layer layer3.0.conv2.weight: 1/256 channels masked
Layer layer3.1.conv2.weight: 1/256 channels masked
Layer layer4.0.conv1.weight: 51/512 channels masked
Layer layer4.0.conv2.weight: 89/512 channels masked
Layer layer4.0.downsample.0.weight: 119/512 channels masked
Layer layer4.1.conv1.weight: 86/512 channels masked
Layer layer4.1.conv2.weight: 86/512 channels masked
------------------------- time cost ------------------------- 12.990357398986816
ASR: 0.5409366421102448
attack_auc: 0.9083170552159482
Layer conv1.weight: 16/64 channels masked
Layer layer1.0.conv1.weight: 3/64 channels masked
Layer layer1.0.conv2.weight: 1/64 channels masked
Layer layer1.1.conv1.weight: 1/64 channels masked
Layer layer2.0.downsample.0.weight: 2/128 channels masked
Layer layer3.0.conv2.weight: 1/256 channels masked
Layer layer3.1.conv2.weight: 1/256 channels masked
Layer layer4.0.conv1.weight: 51/512 channels masked
Layer layer4.0.conv2.weight: 89/512 channels masked
Layer layer4.0.downsample.0.weight: 119/512 channels masked
Layer layer4.1.conv1.weight: 86/512 channels masked
Layer layer4.1.conv2.weight: 86/512 channels masked
------------------------- time cost ------------------------- 14.595684051513672

-------------Round number: 400-------------

Evaluate personalized models
Averaged Train Loss: 0.1581
Averaged Test Accurancy: 0.7203
Averaged Test AUC: 0.9510
Std Test Accurancy: 0.0935
Std Test AUC: 0.0262
ASR: 0.5568135587806391
attack_auc: 0.9115600948660061
Layer conv1.weight: 16/64 channels masked
Layer layer1.0.conv1.weight: 3/64 channels masked
Layer layer1.0.conv2.weight: 1/64 channels masked
Layer layer1.1.conv1.weight: 1/64 channels masked
Layer layer2.0.downsample.0.weight: 2/128 channels masked
Layer layer3.0.conv2.weight: 1/256 channels masked
Layer layer3.1.conv2.weight: 1/256 channels masked
Layer layer4.0.conv1.weight: 52/512 channels masked
Layer layer4.0.conv2.weight: 89/512 channels masked
Layer layer4.0.downsample.0.weight: 119/512 channels masked
Layer layer4.1.conv1.weight: 86/512 channels masked
Layer layer4.1.conv2.weight: 86/512 channels masked
------------------------- time cost ------------------------- 25.956134557724
ASR: 0.5235826611421579
attack_auc: 0.9013715823123809
Layer conv1.weight: 16/64 channels masked
Layer layer1.0.conv1.weight: 3/64 channels masked
Layer layer1.0.conv2.weight: 1/64 channels masked
Layer layer1.1.conv1.weight: 1/64 channels masked
Layer layer2.0.downsample.0.weight: 2/128 channels masked
Layer layer3.0.conv2.weight: 1/256 channels masked
Layer layer3.1.conv2.weight: 1/256 channels masked
Layer layer4.0.conv1.weight: 52/512 channels masked
Layer layer4.0.conv2.weight: 89/512 channels masked
Layer layer4.0.downsample.0.weight: 119/512 channels masked
Layer layer4.1.conv1.weight: 86/512 channels masked
Layer layer4.1.conv2.weight: 86/512 channels masked
------------------------- time cost ------------------------- 13.814016103744507
ASR: 0.5552969071531996
attack_auc: 0.9121684199700665
Layer conv1.weight: 16/64 channels masked
Layer layer1.0.conv1.weight: 3/64 channels masked
Layer layer1.0.conv2.weight: 1/64 channels masked
Layer layer1.1.conv1.weight: 1/64 channels masked
Layer layer2.0.downsample.0.weight: 2/128 channels masked
Layer layer3.0.conv2.weight: 1/256 channels masked
Layer layer3.1.conv2.weight: 1/256 channels masked
Layer layer4.0.conv1.weight: 52/512 channels masked
Layer layer4.0.conv2.weight: 89/512 channels masked
Layer layer4.0.downsample.0.weight: 120/512 channels masked
Layer layer4.1.conv1.weight: 86/512 channels masked
Layer layer4.1.conv2.weight: 86/512 channels masked
------------------------- time cost ------------------------- 18.277557611465454
ASR: 0.5491930739696955
attack_auc: 0.9103880685537097
Layer conv1.weight: 16/64 channels masked
Layer layer1.0.conv1.weight: 3/64 channels masked
Layer layer1.0.conv2.weight: 1/64 channels masked
Layer layer1.1.conv1.weight: 1/64 channels masked
Layer layer2.0.downsample.0.weight: 2/128 channels masked
Layer layer3.0.conv2.weight: 1/256 channels masked
Layer layer3.1.conv2.weight: 1/256 channels masked
Layer layer4.0.conv1.weight: 52/512 channels masked
Layer layer4.0.conv2.weight: 88/512 channels masked
Layer layer4.0.downsample.0.weight: 120/512 channels masked
Layer layer4.1.conv1.weight: 86/512 channels masked
Layer layer4.1.conv2.weight: 86/512 channels masked
------------------------- time cost ------------------------- 17.958308458328247
ASR: 0.5418564492656455
attack_auc: 0.9069948781194335
Layer conv1.weight: 17/64 channels masked
Layer layer1.0.conv1.weight: 3/64 channels masked
Layer layer1.0.conv2.weight: 1/64 channels masked
Layer layer1.1.conv1.weight: 1/64 channels masked
Layer layer2.0.downsample.0.weight: 2/128 channels masked
Layer layer3.0.conv2.weight: 1/256 channels masked
Layer layer3.1.conv2.weight: 1/256 channels masked
Layer layer4.0.conv1.weight: 54/512 channels masked
Layer layer4.0.conv2.weight: 89/512 channels masked
Layer layer4.0.downsample.0.weight: 120/512 channels masked
Layer layer4.1.conv1.weight: 86/512 channels masked
Layer layer4.1.conv2.weight: 86/512 channels masked
------------------------- time cost ------------------------- 18.40603232383728
ASR: 0.5200895969949343
attack_auc: 0.8995974519894339
Layer conv1.weight: 17/64 channels masked
Layer layer1.0.conv1.weight: 3/64 channels masked
Layer layer1.0.conv2.weight: 1/64 channels masked
Layer layer1.1.conv1.weight: 1/64 channels masked
Layer layer2.0.downsample.0.weight: 2/128 channels masked
Layer layer3.0.conv2.weight: 1/256 channels masked
Layer layer3.1.conv2.weight: 1/256 channels masked
Layer layer4.0.conv1.weight: 52/512 channels masked
Layer layer4.0.conv2.weight: 89/512 channels masked
Layer layer4.0.downsample.0.weight: 120/512 channels masked
Layer layer4.1.conv1.weight: 86/512 channels masked
Layer layer4.1.conv2.weight: 86/512 channels masked
------------------------- time cost ------------------------- 17.428025722503662
ASR: 0.5174269336924552
attack_auc: 0.8969022222764231
Layer conv1.weight: 17/64 channels masked
Layer layer1.0.conv1.weight: 3/64 channels masked
Layer layer1.0.conv2.weight: 1/64 channels masked
Layer layer1.1.conv1.weight: 1/64 channels masked
Layer layer2.0.downsample.0.weight: 2/128 channels masked
Layer layer3.0.conv2.weight: 1/256 channels masked
Layer layer3.1.conv2.weight: 1/256 channels masked
Layer layer4.0.conv1.weight: 53/512 channels masked
Layer layer4.0.conv2.weight: 89/512 channels masked
Layer layer4.0.downsample.0.weight: 120/512 channels masked
Layer layer4.1.conv1.weight: 86/512 channels masked
Layer layer4.1.conv2.weight: 86/512 channels masked
------------------------- time cost ------------------------- 15.645009756088257
ASR: 0.5220624033212217
attack_auc: 0.8982045946652915
Layer conv1.weight: 17/64 channels masked
Layer layer1.0.conv1.weight: 3/64 channels masked
Layer layer1.0.conv2.weight: 1/64 channels masked
Layer layer1.1.conv1.weight: 1/64 channels masked
Layer layer2.0.downsample.0.weight: 2/128 channels masked
Layer layer3.0.conv2.weight: 1/256 channels masked
Layer layer3.1.conv2.weight: 1/256 channels masked
Layer layer4.0.conv1.weight: 53/512 channels masked
Layer layer4.0.conv2.weight: 89/512 channels masked
Layer layer4.0.downsample.0.weight: 120/512 channels masked
Layer layer4.1.conv1.weight: 86/512 channels masked
Layer layer4.1.conv2.weight: 86/512 channels masked
------------------------- time cost ------------------------- 15.149281740188599
ASR: 0.5142663403358345
attack_auc: 0.8975183214473231
Layer conv1.weight: 17/64 channels masked
Layer layer1.0.conv1.weight: 3/64 channels masked
Layer layer1.0.conv2.weight: 1/64 channels masked
Layer layer1.1.conv1.weight: 1/64 channels masked
Layer layer2.0.downsample.0.weight: 2/128 channels masked
Layer layer3.0.conv2.weight: 1/256 channels masked
Layer layer3.1.conv2.weight: 1/256 channels masked
Layer layer4.0.conv1.weight: 53/512 channels masked
Layer layer4.0.conv2.weight: 89/512 channels masked
Layer layer4.0.downsample.0.weight: 120/512 channels masked
Layer layer4.1.conv1.weight: 86/512 channels masked
Layer layer4.1.conv2.weight: 86/512 channels masked
------------------------- time cost ------------------------- 13.897207975387573
ASR: 0.5537229800965867
attack_auc: 0.9105357810545451
Layer conv1.weight: 17/64 channels masked
Layer layer1.0.conv1.weight: 3/64 channels masked
Layer layer1.0.conv2.weight: 1/64 channels masked
Layer layer1.1.conv1.weight: 1/64 channels masked
Layer layer2.0.downsample.0.weight: 2/128 channels masked
Layer layer3.0.conv2.weight: 1/256 channels masked
Layer layer3.1.conv2.weight: 1/256 channels masked
Layer layer4.0.conv1.weight: 53/512 channels masked
Layer layer4.0.conv2.weight: 90/512 channels masked
Layer layer4.0.downsample.0.weight: 120/512 channels masked
Layer layer4.1.conv1.weight: 86/512 channels masked
Layer layer4.1.conv2.weight: 89/512 channels masked
------------------------- time cost ------------------------- 16.19759750366211

-------------Round number: 410-------------

Evaluate personalized models
Averaged Train Loss: 0.1337
Averaged Test Accurancy: 0.7221
Averaged Test AUC: 0.9517
Std Test Accurancy: 0.1028
Std Test AUC: 0.0255
ASR: 0.5213519495243051
attack_auc: 0.8996155121307868
Layer conv1.weight: 17/64 channels masked
Layer layer1.0.conv1.weight: 3/64 channels masked
Layer layer1.0.conv2.weight: 1/64 channels masked
Layer layer1.1.conv1.weight: 1/64 channels masked
Layer layer2.0.downsample.0.weight: 2/128 channels masked
Layer layer3.0.conv2.weight: 1/256 channels masked
Layer layer3.1.conv2.weight: 1/256 channels masked
Layer layer4.0.conv1.weight: 53/512 channels masked
Layer layer4.0.conv2.weight: 89/512 channels masked
Layer layer4.0.downsample.0.weight: 120/512 channels masked
Layer layer4.1.conv1.weight: 86/512 channels masked
Layer layer4.1.conv2.weight: 89/512 channels masked
------------------------- time cost ------------------------- 24.844217777252197
ASR: 0.5245633153828906
attack_auc: 0.9013132334919445
Layer conv1.weight: 17/64 channels masked
Layer layer1.0.conv1.weight: 3/64 channels masked
Layer layer1.0.conv2.weight: 1/64 channels masked
Layer layer1.1.conv1.weight: 1/64 channels masked
Layer layer2.0.downsample.0.weight: 2/128 channels masked
Layer layer3.0.conv2.weight: 1/256 channels masked
Layer layer3.1.conv2.weight: 1/256 channels masked
Layer layer4.0.conv1.weight: 53/512 channels masked
Layer layer4.0.conv2.weight: 90/512 channels masked
Layer layer4.0.downsample.0.weight: 120/512 channels masked
Layer layer4.1.conv1.weight: 86/512 channels masked
Layer layer4.1.conv2.weight: 89/512 channels masked
------------------------- time cost ------------------------- 18.267830848693848
ASR: 0.5173243321412254
attack_auc: 0.8984332611699148
Layer conv1.weight: 17/64 channels masked
Layer layer1.0.conv1.weight: 3/64 channels masked
Layer layer1.0.conv2.weight: 1/64 channels masked
Layer layer1.1.conv1.weight: 1/64 channels masked
Layer layer2.0.downsample.0.weight: 2/128 channels masked
Layer layer3.0.conv2.weight: 1/256 channels masked
Layer layer3.1.conv2.weight: 1/256 channels masked
Layer layer4.0.conv1.weight: 53/512 channels masked
Layer layer4.0.conv2.weight: 90/512 channels masked
Layer layer4.0.downsample.0.weight: 120/512 channels masked
Layer layer4.1.conv1.weight: 86/512 channels masked
Layer layer4.1.conv2.weight: 89/512 channels masked
------------------------- time cost ------------------------- 15.183071374893188
ASR: 0.5469407991406156
attack_auc: 0.9061940755768767
Layer conv1.weight: 17/64 channels masked
Layer layer1.0.conv1.weight: 3/64 channels masked
Layer layer1.0.conv2.weight: 1/64 channels masked
Layer layer1.1.conv1.weight: 1/64 channels masked
Layer layer2.0.downsample.0.weight: 2/128 channels masked
Layer layer3.0.conv2.weight: 1/256 channels masked
Layer layer3.1.conv2.weight: 1/256 channels masked
Layer layer4.0.conv1.weight: 54/512 channels masked
Layer layer4.0.conv2.weight: 90/512 channels masked
Layer layer4.0.downsample.0.weight: 120/512 channels masked
Layer layer4.1.conv1.weight: 86/512 channels masked
Layer layer4.1.conv2.weight: 89/512 channels masked
------------------------- time cost ------------------------- 16.677064418792725
ASR: 0.5294985372458233
attack_auc: 0.9014360498135571
Layer conv1.weight: 17/64 channels masked
Layer layer1.0.conv1.weight: 3/64 channels masked
Layer layer1.0.conv2.weight: 1/64 channels masked
Layer layer1.1.conv1.weight: 1/64 channels masked
Layer layer2.0.downsample.0.weight: 2/128 channels masked
Layer layer3.0.conv2.weight: 1/256 channels masked
Layer layer3.1.conv2.weight: 1/256 channels masked
Layer layer4.0.conv1.weight: 54/512 channels masked
Layer layer4.0.conv2.weight: 90/512 channels masked
Layer layer4.0.downsample.0.weight: 120/512 channels masked
Layer layer4.1.conv1.weight: 86/512 channels masked
Layer layer4.1.conv2.weight: 89/512 channels masked
------------------------- time cost ------------------------- 14.73988127708435
ASR: 0.5658148148377915
attack_auc: 0.9117473131583652
Layer conv1.weight: 17/64 channels masked
Layer layer1.0.conv1.weight: 3/64 channels masked
Layer layer1.0.conv2.weight: 1/64 channels masked
Layer layer1.1.conv1.weight: 1/64 channels masked
Layer layer2.0.downsample.0.weight: 2/128 channels masked
Layer layer3.0.conv2.weight: 1/256 channels masked
Layer layer3.1.conv2.weight: 1/256 channels masked
Layer layer4.0.conv1.weight: 54/512 channels masked
Layer layer4.0.conv2.weight: 90/512 channels masked
Layer layer4.0.downsample.0.weight: 120/512 channels masked
Layer layer4.1.conv1.weight: 86/512 channels masked
Layer layer4.1.conv2.weight: 89/512 channels masked
------------------------- time cost ------------------------- 14.327181816101074
ASR: 0.5468789641771103
attack_auc: 0.9097895140333275
Layer conv1.weight: 17/64 channels masked
Layer layer1.0.conv1.weight: 3/64 channels masked
Layer layer1.0.conv2.weight: 1/64 channels masked
Layer layer1.1.conv1.weight: 1/64 channels masked
Layer layer2.0.downsample.0.weight: 2/128 channels masked
Layer layer3.0.conv2.weight: 1/256 channels masked
Layer layer3.1.conv2.weight: 1/256 channels masked
Layer layer4.0.conv1.weight: 54/512 channels masked
Layer layer4.0.conv2.weight: 90/512 channels masked
Layer layer4.0.downsample.0.weight: 120/512 channels masked
Layer layer4.1.conv1.weight: 86/512 channels masked
Layer layer4.1.conv2.weight: 89/512 channels masked
------------------------- time cost ------------------------- 19.05012536048889
ASR: 0.5227683303994719
attack_auc: 0.8998273203969457
Layer conv1.weight: 16/64 channels masked
Layer layer1.0.conv1.weight: 3/64 channels masked
Layer layer1.0.conv2.weight: 1/64 channels masked
Layer layer1.1.conv1.weight: 1/64 channels masked
Layer layer2.0.downsample.0.weight: 2/128 channels masked
Layer layer3.0.conv2.weight: 1/256 channels masked
Layer layer3.1.conv2.weight: 1/256 channels masked
Layer layer4.0.conv1.weight: 53/512 channels masked
Layer layer4.0.conv2.weight: 90/512 channels masked
Layer layer4.0.downsample.0.weight: 120/512 channels masked
Layer layer4.1.conv1.weight: 89/512 channels masked
Layer layer4.1.conv2.weight: 92/512 channels masked
------------------------- time cost ------------------------- 18.437433004379272
ASR: 0.5235326564808369
attack_auc: 0.9024841076260579
Layer conv1.weight: 17/64 channels masked
Layer layer1.0.conv1.weight: 3/64 channels masked
Layer layer1.0.conv2.weight: 1/64 channels masked
Layer layer1.1.conv1.weight: 1/64 channels masked
Layer layer2.0.downsample.0.weight: 2/128 channels masked
Layer layer3.0.conv2.weight: 1/256 channels masked
Layer layer3.1.conv2.weight: 1/256 channels masked
Layer layer4.0.conv1.weight: 53/512 channels masked
Layer layer4.0.conv2.weight: 90/512 channels masked
Layer layer4.0.downsample.0.weight: 120/512 channels masked
Layer layer4.1.conv1.weight: 89/512 channels masked
Layer layer4.1.conv2.weight: 92/512 channels masked
------------------------- time cost ------------------------- 14.294760704040527
ASR: 0.5405449411037986
attack_auc: 0.9076782919453662
Layer conv1.weight: 17/64 channels masked
Layer layer1.0.conv1.weight: 3/64 channels masked
Layer layer1.0.conv2.weight: 1/64 channels masked
Layer layer1.1.conv1.weight: 1/64 channels masked
Layer layer2.0.downsample.0.weight: 2/128 channels masked
Layer layer3.0.conv2.weight: 1/256 channels masked
Layer layer3.1.conv2.weight: 1/256 channels masked
Layer layer4.0.conv1.weight: 53/512 channels masked
Layer layer4.0.conv2.weight: 90/512 channels masked
Layer layer4.0.downsample.0.weight: 121/512 channels masked
Layer layer4.1.conv1.weight: 89/512 channels masked
Layer layer4.1.conv2.weight: 92/512 channels masked
------------------------- time cost ------------------------- 17.226383447647095

-------------Round number: 420-------------

Evaluate personalized models
Averaged Train Loss: 0.1407
Averaged Test Accurancy: 0.7123
Averaged Test AUC: 0.9507
Std Test Accurancy: 0.1044
Std Test AUC: 0.0267
ASR: 0.5538195194314617
attack_auc: 0.9130611003472805
Layer conv1.weight: 18/64 channels masked
Layer layer1.0.conv1.weight: 3/64 channels masked
Layer layer1.0.conv2.weight: 1/64 channels masked
Layer layer1.1.conv1.weight: 1/64 channels masked
Layer layer2.0.downsample.0.weight: 2/128 channels masked
Layer layer3.0.conv2.weight: 1/256 channels masked
Layer layer3.1.conv2.weight: 1/256 channels masked
Layer layer4.0.conv1.weight: 53/512 channels masked
Layer layer4.0.conv2.weight: 90/512 channels masked
Layer layer4.0.downsample.0.weight: 122/512 channels masked
Layer layer4.1.conv1.weight: 89/512 channels masked
Layer layer4.1.conv2.weight: 92/512 channels masked
------------------------- time cost ------------------------- 23.2157142162323
ASR: 0.5493350589135956
attack_auc: 0.9128427201979334
Layer conv1.weight: 18/64 channels masked
Layer layer1.0.conv1.weight: 3/64 channels masked
Layer layer1.0.conv2.weight: 1/64 channels masked
Layer layer1.1.conv1.weight: 1/64 channels masked
Layer layer2.0.downsample.0.weight: 2/128 channels masked
Layer layer3.0.conv2.weight: 1/256 channels masked
Layer layer3.1.conv2.weight: 1/256 channels masked
Layer layer4.0.conv1.weight: 53/512 channels masked
Layer layer4.0.conv2.weight: 91/512 channels masked
Layer layer4.0.downsample.0.weight: 122/512 channels masked
Layer layer4.1.conv1.weight: 89/512 channels masked
Layer layer4.1.conv2.weight: 92/512 channels masked
------------------------- time cost ------------------------- 17.4474880695343
ASR: 0.5398795871140625
attack_auc: 0.9069940906968826
Layer conv1.weight: 18/64 channels masked
Layer layer1.0.conv1.weight: 3/64 channels masked
Layer layer1.0.conv2.weight: 1/64 channels masked
Layer layer1.1.conv1.weight: 1/64 channels masked
Layer layer2.0.downsample.0.weight: 2/128 channels masked
Layer layer3.0.conv2.weight: 1/256 channels masked
Layer layer3.1.conv2.weight: 1/256 channels masked
Layer layer4.0.conv1.weight: 54/512 channels masked
Layer layer4.0.conv2.weight: 92/512 channels masked
Layer layer4.0.downsample.0.weight: 122/512 channels masked
Layer layer4.1.conv1.weight: 89/512 channels masked
Layer layer4.1.conv2.weight: 92/512 channels masked
------------------------- time cost ------------------------- 13.317296504974365
ASR: 0.5280732495437426
attack_auc: 0.9029817964340267
Layer conv1.weight: 18/64 channels masked
Layer layer1.0.conv1.weight: 3/64 channels masked
Layer layer1.0.conv2.weight: 1/64 channels masked
Layer layer1.1.conv1.weight: 1/64 channels masked
Layer layer2.0.downsample.0.weight: 2/128 channels masked
Layer layer3.0.conv2.weight: 1/256 channels masked
Layer layer3.1.conv2.weight: 1/256 channels masked
Layer layer4.0.conv1.weight: 54/512 channels masked
Layer layer4.0.conv2.weight: 93/512 channels masked
Layer layer4.0.downsample.0.weight: 122/512 channels masked
Layer layer4.1.conv1.weight: 91/512 channels masked
Layer layer4.1.conv2.weight: 92/512 channels masked
------------------------- time cost ------------------------- 17.743555068969727
ASR: 0.5020901875019753
attack_auc: 0.8953265654900646
Layer conv1.weight: 18/64 channels masked
Layer layer1.0.conv1.weight: 3/64 channels masked
Layer layer1.0.conv2.weight: 1/64 channels masked
Layer layer1.1.conv1.weight: 1/64 channels masked
Layer layer2.0.downsample.0.weight: 2/128 channels masked
Layer layer3.0.conv2.weight: 1/256 channels masked
Layer layer3.1.conv2.weight: 1/256 channels masked
Layer layer4.0.conv1.weight: 53/512 channels masked
Layer layer4.0.conv2.weight: 89/512 channels masked
Layer layer4.0.downsample.0.weight: 122/512 channels masked
Layer layer4.1.conv1.weight: 95/512 channels masked
Layer layer4.1.conv2.weight: 95/512 channels masked
------------------------- time cost ------------------------- 17.083569049835205
ASR: 0.48991292316626356
attack_auc: 0.8901220200258978
Layer conv1.weight: 18/64 channels masked
Layer layer1.0.conv1.weight: 3/64 channels masked
Layer layer1.0.conv2.weight: 1/64 channels masked
Layer layer1.1.conv1.weight: 1/64 channels masked
Layer layer2.0.downsample.0.weight: 2/128 channels masked
Layer layer3.0.conv2.weight: 1/256 channels masked
Layer layer3.1.conv2.weight: 1/256 channels masked
Layer layer4.0.conv1.weight: 54/512 channels masked
Layer layer4.0.conv2.weight: 95/512 channels masked
Layer layer4.0.downsample.0.weight: 122/512 channels masked
Layer layer4.1.conv1.weight: 95/512 channels masked
Layer layer4.1.conv2.weight: 94/512 channels masked
------------------------- time cost ------------------------- 16.76810050010681
ASR: 0.4983731831461178
attack_auc: 0.8947343477324954
Layer conv1.weight: 18/64 channels masked
Layer layer1.0.conv1.weight: 3/64 channels masked
Layer layer1.0.conv2.weight: 1/64 channels masked
Layer layer1.1.conv1.weight: 1/64 channels masked
Layer layer2.0.downsample.0.weight: 2/128 channels masked
Layer layer3.0.conv2.weight: 1/256 channels masked
Layer layer3.1.conv2.weight: 1/256 channels masked
Layer layer4.0.conv1.weight: 55/512 channels masked
Layer layer4.0.conv2.weight: 96/512 channels masked
Layer layer4.0.downsample.0.weight: 122/512 channels masked
Layer layer4.1.conv1.weight: 95/512 channels masked
Layer layer4.1.conv2.weight: 95/512 channels masked
------------------------- time cost ------------------------- 11.750959157943726
ASR: 0.5268899797838954
attack_auc: 0.904968395283115
Layer conv1.weight: 17/64 channels masked
Layer layer1.0.conv1.weight: 3/64 channels masked
Layer layer1.0.conv2.weight: 1/64 channels masked
Layer layer1.1.conv1.weight: 1/64 channels masked
Layer layer2.0.downsample.0.weight: 2/128 channels masked
Layer layer3.0.conv2.weight: 1/256 channels masked
Layer layer3.1.conv2.weight: 1/256 channels masked
Layer layer4.0.conv1.weight: 55/512 channels masked
Layer layer4.0.conv2.weight: 96/512 channels masked
Layer layer4.0.downsample.0.weight: 122/512 channels masked
Layer layer4.1.conv1.weight: 95/512 channels masked
Layer layer4.1.conv2.weight: 95/512 channels masked
------------------------- time cost ------------------------- 16.621034860610962
ASR: 0.5463515622149872
attack_auc: 0.9101218639864074
Layer conv1.weight: 17/64 channels masked
Layer layer1.0.conv1.weight: 3/64 channels masked
Layer layer1.0.conv2.weight: 1/64 channels masked
Layer layer1.1.conv1.weight: 1/64 channels masked
Layer layer2.0.downsample.0.weight: 2/128 channels masked
Layer layer3.0.conv2.weight: 1/256 channels masked
Layer layer3.1.conv2.weight: 1/256 channels masked
Layer layer4.0.conv1.weight: 55/512 channels masked
Layer layer4.0.conv2.weight: 96/512 channels masked
Layer layer4.0.downsample.0.weight: 122/512 channels masked
Layer layer4.1.conv1.weight: 95/512 channels masked
Layer layer4.1.conv2.weight: 95/512 channels masked
------------------------- time cost ------------------------- 17.56235432624817
ASR: 0.5294256325519784
attack_auc: 0.9044790407860418
Layer conv1.weight: 17/64 channels masked
Layer layer1.0.conv1.weight: 3/64 channels masked
Layer layer1.0.conv2.weight: 1/64 channels masked
Layer layer1.1.conv1.weight: 1/64 channels masked
Layer layer2.0.downsample.0.weight: 2/128 channels masked
Layer layer3.0.conv2.weight: 1/256 channels masked
Layer layer3.1.conv2.weight: 1/256 channels masked
Layer layer4.0.conv1.weight: 54/512 channels masked
Layer layer4.0.conv2.weight: 96/512 channels masked
Layer layer4.0.downsample.0.weight: 122/512 channels masked
Layer layer4.1.conv1.weight: 95/512 channels masked
Layer layer4.1.conv2.weight: 95/512 channels masked
------------------------- time cost ------------------------- 16.52472424507141

-------------Round number: 430-------------

Evaluate personalized models
Averaged Train Loss: 0.1713
Averaged Test Accurancy: 0.7066
Averaged Test AUC: 0.9503
Std Test Accurancy: 0.1053
Std Test AUC: 0.0257
ASR: 0.5159584562416251
attack_auc: 0.8994826984716824
Layer conv1.weight: 17/64 channels masked
Layer layer1.0.conv1.weight: 3/64 channels masked
Layer layer1.0.conv2.weight: 1/64 channels masked
Layer layer1.1.conv1.weight: 1/64 channels masked
Layer layer2.0.downsample.0.weight: 2/128 channels masked
Layer layer3.0.conv2.weight: 1/256 channels masked
Layer layer3.1.conv2.weight: 1/256 channels masked
Layer layer4.0.conv1.weight: 55/512 channels masked
Layer layer4.0.conv2.weight: 96/512 channels masked
Layer layer4.0.downsample.0.weight: 122/512 channels masked
Layer layer4.1.conv1.weight: 95/512 channels masked
Layer layer4.1.conv2.weight: 95/512 channels masked
------------------------- time cost ------------------------- 25.390757083892822
ASR: 0.5058410872971758
attack_auc: 0.8940740754906693
Layer conv1.weight: 17/64 channels masked
Layer layer1.0.conv1.weight: 3/64 channels masked
Layer layer1.0.conv2.weight: 1/64 channels masked
Layer layer1.1.conv1.weight: 1/64 channels masked
Layer layer2.0.downsample.0.weight: 2/128 channels masked
Layer layer3.0.conv2.weight: 1/256 channels masked
Layer layer3.1.conv2.weight: 1/256 channels masked
Layer layer4.0.conv1.weight: 55/512 channels masked
Layer layer4.0.conv2.weight: 96/512 channels masked
Layer layer4.0.downsample.0.weight: 122/512 channels masked
Layer layer4.1.conv1.weight: 95/512 channels masked
Layer layer4.1.conv2.weight: 95/512 channels masked
------------------------- time cost ------------------------- 14.035709857940674
ASR: 0.5034868588652037
attack_auc: 0.8902536685433933
Layer conv1.weight: 17/64 channels masked
Layer layer1.0.conv1.weight: 3/64 channels masked
Layer layer1.0.conv2.weight: 1/64 channels masked
Layer layer1.1.conv1.weight: 1/64 channels masked
Layer layer2.0.downsample.0.weight: 2/128 channels masked
Layer layer3.0.conv2.weight: 1/256 channels masked
Layer layer3.1.conv2.weight: 1/256 channels masked
Layer layer4.0.conv1.weight: 55/512 channels masked
Layer layer4.0.conv2.weight: 96/512 channels masked
Layer layer4.0.downsample.0.weight: 122/512 channels masked
Layer layer4.1.conv1.weight: 95/512 channels masked
Layer layer4.1.conv2.weight: 95/512 channels masked
------------------------- time cost ------------------------- 15.111433267593384
ASR: 0.5168652535273804
attack_auc: 0.8968110399785723
Layer conv1.weight: 17/64 channels masked
Layer layer1.0.conv1.weight: 3/64 channels masked
Layer layer1.0.conv2.weight: 1/64 channels masked
Layer layer1.1.conv1.weight: 1/64 channels masked
Layer layer2.0.downsample.0.weight: 2/128 channels masked
Layer layer3.0.conv2.weight: 1/256 channels masked
Layer layer3.1.conv2.weight: 1/256 channels masked
Layer layer4.0.conv1.weight: 55/512 channels masked
Layer layer4.0.conv2.weight: 96/512 channels masked
Layer layer4.0.downsample.0.weight: 122/512 channels masked
Layer layer4.1.conv1.weight: 95/512 channels masked
Layer layer4.1.conv2.weight: 95/512 channels masked
------------------------- time cost ------------------------- 16.63876175880432
ASR: 0.5190572173628842
attack_auc: 0.9004567615044953
Layer conv1.weight: 17/64 channels masked
Layer layer1.0.conv1.weight: 3/64 channels masked
Layer layer1.0.conv2.weight: 1/64 channels masked
Layer layer1.1.conv1.weight: 1/64 channels masked
Layer layer2.0.downsample.0.weight: 2/128 channels masked
Layer layer3.0.conv2.weight: 1/256 channels masked
Layer layer3.1.conv2.weight: 1/256 channels masked
Layer layer4.0.conv1.weight: 55/512 channels masked
Layer layer4.0.conv2.weight: 96/512 channels masked
Layer layer4.0.downsample.0.weight: 122/512 channels masked
Layer layer4.1.conv1.weight: 95/512 channels masked
Layer layer4.1.conv2.weight: 95/512 channels masked
------------------------- time cost ------------------------- 17.50761389732361
ASR: 0.5108581803379262
attack_auc: 0.8954433948332841
Layer conv1.weight: 17/64 channels masked
Layer layer1.0.conv1.weight: 3/64 channels masked
Layer layer1.0.conv2.weight: 1/64 channels masked
Layer layer1.1.conv1.weight: 1/64 channels masked
Layer layer2.0.downsample.0.weight: 2/128 channels masked
Layer layer3.0.conv2.weight: 1/256 channels masked
Layer layer3.1.conv2.weight: 1/256 channels masked
Layer layer4.0.conv1.weight: 55/512 channels masked
Layer layer4.0.conv2.weight: 96/512 channels masked
Layer layer4.0.downsample.0.weight: 122/512 channels masked
Layer layer4.1.conv1.weight: 95/512 channels masked
Layer layer4.1.conv2.weight: 95/512 channels masked
------------------------- time cost ------------------------- 16.34853768348694
ASR: 0.5107131367519184
attack_auc: 0.8963856078433071
Layer conv1.weight: 17/64 channels masked
Layer layer1.0.conv1.weight: 3/64 channels masked
Layer layer1.0.conv2.weight: 1/64 channels masked
Layer layer1.1.conv1.weight: 1/64 channels masked
Layer layer2.0.downsample.0.weight: 2/128 channels masked
Layer layer3.0.conv2.weight: 1/256 channels masked
Layer layer3.1.conv2.weight: 1/256 channels masked
Layer layer4.0.conv1.weight: 55/512 channels masked
Layer layer4.0.conv2.weight: 96/512 channels masked
Layer layer4.0.downsample.0.weight: 122/512 channels masked
Layer layer4.1.conv1.weight: 95/512 channels masked
Layer layer4.1.conv2.weight: 95/512 channels masked
------------------------- time cost ------------------------- 14.607133626937866
ASR: 0.5324837921216806
attack_auc: 0.904845430730244
Layer conv1.weight: 17/64 channels masked
Layer layer1.0.conv1.weight: 3/64 channels masked
Layer layer1.0.conv2.weight: 1/64 channels masked
Layer layer1.1.conv1.weight: 1/64 channels masked
Layer layer2.0.downsample.0.weight: 2/128 channels masked
Layer layer3.0.conv2.weight: 1/256 channels masked
Layer layer3.1.conv2.weight: 1/256 channels masked
Layer layer4.0.conv1.weight: 54/512 channels masked
Layer layer4.0.conv2.weight: 96/512 channels masked
Layer layer4.0.downsample.0.weight: 122/512 channels masked
Layer layer4.1.conv1.weight: 95/512 channels masked
Layer layer4.1.conv2.weight: 95/512 channels masked
------------------------- time cost ------------------------- 16.799357652664185
ASR: 0.5607659956960777
attack_auc: 0.913215777671102
Layer conv1.weight: 17/64 channels masked
Layer layer1.0.conv1.weight: 3/64 channels masked
Layer layer1.0.conv2.weight: 1/64 channels masked
Layer layer1.1.conv1.weight: 1/64 channels masked
Layer layer2.0.downsample.0.weight: 2/128 channels masked
Layer layer3.0.conv2.weight: 1/256 channels masked
Layer layer3.1.conv2.weight: 1/256 channels masked
Layer layer4.0.conv1.weight: 53/512 channels masked
Layer layer4.0.conv2.weight: 96/512 channels masked
Layer layer4.0.downsample.0.weight: 122/512 channels masked
Layer layer4.1.conv1.weight: 95/512 channels masked
Layer layer4.1.conv2.weight: 95/512 channels masked
------------------------- time cost ------------------------- 16.875611543655396
ASR: 0.5307578139374699
attack_auc: 0.9050442479845816
Layer conv1.weight: 17/64 channels masked
Layer layer1.0.conv1.weight: 3/64 channels masked
Layer layer1.0.conv2.weight: 1/64 channels masked
Layer layer1.1.conv1.weight: 1/64 channels masked
Layer layer2.0.downsample.0.weight: 2/128 channels masked
Layer layer3.0.conv2.weight: 1/256 channels masked
Layer layer3.1.conv2.weight: 1/256 channels masked
Layer layer4.0.conv1.weight: 53/512 channels masked
Layer layer4.0.conv2.weight: 96/512 channels masked
Layer layer4.0.downsample.0.weight: 122/512 channels masked
Layer layer4.1.conv1.weight: 95/512 channels masked
Layer layer4.1.conv2.weight: 95/512 channels masked
------------------------- time cost ------------------------- 14.97824740409851

-------------Round number: 440-------------

Evaluate personalized models
Averaged Train Loss: 0.1511
Averaged Test Accurancy: 0.7247
Averaged Test AUC: 0.9537
Std Test Accurancy: 0.0930
Std Test AUC: 0.0247
ASR: 0.5561470603386997
attack_auc: 0.911329237481148
Layer conv1.weight: 17/64 channels masked
Layer layer1.0.conv1.weight: 3/64 channels masked
Layer layer1.0.conv2.weight: 1/64 channels masked
Layer layer1.1.conv1.weight: 1/64 channels masked
Layer layer2.0.downsample.0.weight: 2/128 channels masked
Layer layer3.0.conv2.weight: 1/256 channels masked
Layer layer3.1.conv2.weight: 1/256 channels masked
Layer layer4.0.conv1.weight: 53/512 channels masked
Layer layer4.0.conv2.weight: 96/512 channels masked
Layer layer4.0.downsample.0.weight: 122/512 channels masked
Layer layer4.1.conv1.weight: 96/512 channels masked
Layer layer4.1.conv2.weight: 95/512 channels masked
------------------------- time cost ------------------------- 23.050690174102783
ASR: 0.5707689362332375
attack_auc: 0.9147333025724915
Layer conv1.weight: 17/64 channels masked
Layer layer1.0.conv1.weight: 3/64 channels masked
Layer layer1.0.conv2.weight: 1/64 channels masked
Layer layer1.1.conv1.weight: 1/64 channels masked
Layer layer2.0.downsample.0.weight: 2/128 channels masked
Layer layer3.0.conv2.weight: 1/256 channels masked
Layer layer3.1.conv2.weight: 1/256 channels masked
Layer layer4.0.conv1.weight: 53/512 channels masked
Layer layer4.0.conv2.weight: 96/512 channels masked
Layer layer4.0.downsample.0.weight: 122/512 channels masked
Layer layer4.1.conv1.weight: 96/512 channels masked
Layer layer4.1.conv2.weight: 95/512 channels masked
------------------------- time cost ------------------------- 19.02756977081299
ASR: 0.541552122966083
attack_auc: 0.907642462676877
Layer conv1.weight: 18/64 channels masked
Layer layer1.0.conv1.weight: 3/64 channels masked
Layer layer1.0.conv2.weight: 1/64 channels masked
Layer layer1.1.conv1.weight: 1/64 channels masked
Layer layer2.0.downsample.0.weight: 2/128 channels masked
Layer layer3.0.conv2.weight: 1/256 channels masked
Layer layer3.1.conv2.weight: 1/256 channels masked
Layer layer4.0.conv1.weight: 53/512 channels masked
Layer layer4.0.conv2.weight: 96/512 channels masked
Layer layer4.0.downsample.0.weight: 122/512 channels masked
Layer layer4.1.conv1.weight: 96/512 channels masked
Layer layer4.1.conv2.weight: 95/512 channels masked
------------------------- time cost ------------------------- 15.47472882270813
ASR: 0.4990336402067283
attack_auc: 0.8944419889202089
Layer conv1.weight: 18/64 channels masked
Layer layer1.0.conv1.weight: 3/64 channels masked
Layer layer1.0.conv2.weight: 1/64 channels masked
Layer layer1.1.conv1.weight: 1/64 channels masked
Layer layer2.0.downsample.0.weight: 2/128 channels masked
Layer layer3.0.conv2.weight: 1/256 channels masked
Layer layer3.1.conv2.weight: 1/256 channels masked
Layer layer4.0.conv1.weight: 53/512 channels masked
Layer layer4.0.conv2.weight: 96/512 channels masked
Layer layer4.0.downsample.0.weight: 122/512 channels masked
Layer layer4.1.conv1.weight: 96/512 channels masked
Layer layer4.1.conv2.weight: 95/512 channels masked
------------------------- time cost ------------------------- 17.099735975265503
ASR: 0.49173530923722375
attack_auc: 0.8903428703058711
Layer conv1.weight: 19/64 channels masked
Layer layer1.0.conv1.weight: 3/64 channels masked
Layer layer1.0.conv2.weight: 1/64 channels masked
Layer layer1.1.conv1.weight: 1/64 channels masked
Layer layer2.0.downsample.0.weight: 2/128 channels masked
Layer layer3.0.conv2.weight: 1/256 channels masked
Layer layer3.1.conv2.weight: 1/256 channels masked
Layer layer4.0.conv1.weight: 54/512 channels masked
Layer layer4.0.conv2.weight: 96/512 channels masked
Layer layer4.0.downsample.0.weight: 122/512 channels masked
Layer layer4.1.conv1.weight: 96/512 channels masked
Layer layer4.1.conv2.weight: 95/512 channels masked
------------------------- time cost ------------------------- 14.24006962776184
ASR: 0.4863356440575659
attack_auc: 0.8914708087690804
Layer conv1.weight: 19/64 channels masked
Layer layer1.0.conv1.weight: 3/64 channels masked
Layer layer1.0.conv2.weight: 1/64 channels masked
Layer layer1.1.conv1.weight: 1/64 channels masked
Layer layer2.0.downsample.0.weight: 2/128 channels masked
Layer layer3.0.conv2.weight: 1/256 channels masked
Layer layer3.1.conv2.weight: 1/256 channels masked
Layer layer4.0.conv1.weight: 58/512 channels masked
Layer layer4.0.conv2.weight: 96/512 channels masked
Layer layer4.0.downsample.0.weight: 122/512 channels masked
Layer layer4.1.conv1.weight: 96/512 channels masked
Layer layer4.1.conv2.weight: 95/512 channels masked
------------------------- time cost ------------------------- 17.078521966934204
ASR: 0.4983136976019054
attack_auc: 0.8918039478600779
Layer conv1.weight: 19/64 channels masked
Layer layer1.0.conv1.weight: 3/64 channels masked
Layer layer1.0.conv2.weight: 1/64 channels masked
Layer layer1.1.conv1.weight: 1/64 channels masked
Layer layer2.0.downsample.0.weight: 2/128 channels masked
Layer layer3.0.conv2.weight: 1/256 channels masked
Layer layer3.1.conv2.weight: 1/256 channels masked
Layer layer4.0.conv1.weight: 57/512 channels masked
Layer layer4.0.conv2.weight: 96/512 channels masked
Layer layer4.0.downsample.0.weight: 122/512 channels masked
Layer layer4.1.conv1.weight: 96/512 channels masked
Layer layer4.1.conv2.weight: 95/512 channels masked
------------------------- time cost ------------------------- 19.010226011276245
ASR: 0.4650419555384068
attack_auc: 0.8837817029271052
Layer conv1.weight: 18/64 channels masked
Layer layer1.0.conv1.weight: 3/64 channels masked
Layer layer1.0.conv2.weight: 1/64 channels masked
Layer layer1.1.conv1.weight: 1/64 channels masked
Layer layer2.0.downsample.0.weight: 2/128 channels masked
Layer layer3.0.conv2.weight: 1/256 channels masked
Layer layer3.1.conv2.weight: 1/256 channels masked
Layer layer4.0.conv1.weight: 57/512 channels masked
Layer layer4.0.conv2.weight: 96/512 channels masked
Layer layer4.0.downsample.0.weight: 122/512 channels masked
Layer layer4.1.conv1.weight: 96/512 channels masked
Layer layer4.1.conv2.weight: 95/512 channels masked
------------------------- time cost ------------------------- 14.135109424591064
ASR: 0.45255639983176366
attack_auc: 0.8795428044735244
Layer conv1.weight: 18/64 channels masked
Layer layer1.0.conv1.weight: 3/64 channels masked
Layer layer1.0.conv2.weight: 1/64 channels masked
Layer layer1.1.conv1.weight: 1/64 channels masked
Layer layer2.0.downsample.0.weight: 2/128 channels masked
Layer layer3.0.conv2.weight: 1/256 channels masked
Layer layer3.1.conv2.weight: 1/256 channels masked
Layer layer4.0.conv1.weight: 57/512 channels masked
Layer layer4.0.conv2.weight: 96/512 channels masked
Layer layer4.0.downsample.0.weight: 122/512 channels masked
Layer layer4.1.conv1.weight: 96/512 channels masked
Layer layer4.1.conv2.weight: 95/512 channels masked
------------------------- time cost ------------------------- 15.918784856796265
ASR: 0.4658283020621246
attack_auc: 0.8826711359633491
Layer conv1.weight: 18/64 channels masked
Layer layer1.0.conv1.weight: 3/64 channels masked
Layer layer1.0.conv2.weight: 1/64 channels masked
Layer layer1.1.conv1.weight: 1/64 channels masked
Layer layer2.0.downsample.0.weight: 2/128 channels masked
Layer layer3.0.conv2.weight: 1/256 channels masked
Layer layer3.1.conv2.weight: 1/256 channels masked
Layer layer4.0.conv1.weight: 58/512 channels masked
Layer layer4.0.conv2.weight: 96/512 channels masked
Layer layer4.0.downsample.0.weight: 122/512 channels masked
Layer layer4.1.conv1.weight: 96/512 channels masked
Layer layer4.1.conv2.weight: 95/512 channels masked
------------------------- time cost ------------------------- 15.625792026519775

-------------Round number: 450-------------

Evaluate personalized models
Averaged Train Loss: 0.1343
Averaged Test Accurancy: 0.7250
Averaged Test AUC: 0.9547
Std Test Accurancy: 0.0911
Std Test AUC: 0.0206
ASR: 0.48683420594764065
attack_auc: 0.8894991448677985
Layer conv1.weight: 19/64 channels masked
Layer layer1.0.conv1.weight: 3/64 channels masked
Layer layer1.0.conv2.weight: 1/64 channels masked
Layer layer1.1.conv1.weight: 1/64 channels masked
Layer layer2.0.downsample.0.weight: 2/128 channels masked
Layer layer3.0.conv2.weight: 1/256 channels masked
Layer layer3.1.conv2.weight: 1/256 channels masked
Layer layer4.0.conv1.weight: 58/512 channels masked
Layer layer4.0.conv2.weight: 96/512 channels masked
Layer layer4.0.downsample.0.weight: 122/512 channels masked
Layer layer4.1.conv1.weight: 96/512 channels masked
Layer layer4.1.conv2.weight: 95/512 channels masked
------------------------- time cost ------------------------- 24.953731060028076
ASR: 0.46546188201572053
attack_auc: 0.8825841719169434
Layer conv1.weight: 19/64 channels masked
Layer layer1.0.conv1.weight: 3/64 channels masked
Layer layer1.0.conv2.weight: 1/64 channels masked
Layer layer1.1.conv1.weight: 1/64 channels masked
Layer layer2.0.downsample.0.weight: 2/128 channels masked
Layer layer3.0.conv2.weight: 1/256 channels masked
Layer layer3.1.conv2.weight: 1/256 channels masked
Layer layer4.0.conv1.weight: 58/512 channels masked
Layer layer4.0.conv2.weight: 96/512 channels masked
Layer layer4.0.downsample.0.weight: 122/512 channels masked
Layer layer4.1.conv1.weight: 97/512 channels masked
Layer layer4.1.conv2.weight: 95/512 channels masked
------------------------- time cost ------------------------- 17.29881501197815
ASR: 0.43136172551952223
attack_auc: 0.8641605620151945
Layer conv1.weight: 20/64 channels masked
Layer layer1.0.conv1.weight: 3/64 channels masked
Layer layer1.0.conv2.weight: 1/64 channels masked
Layer layer1.1.conv1.weight: 1/64 channels masked
Layer layer2.0.downsample.0.weight: 2/128 channels masked
Layer layer3.0.conv2.weight: 1/256 channels masked
Layer layer3.1.conv2.weight: 1/256 channels masked
Layer layer4.0.conv1.weight: 58/512 channels masked
Layer layer4.0.conv2.weight: 96/512 channels masked
Layer layer4.0.downsample.0.weight: 122/512 channels masked
Layer layer4.1.conv1.weight: 97/512 channels masked
Layer layer4.1.conv2.weight: 95/512 channels masked
------------------------- time cost ------------------------- 15.280346393585205
ASR: 0.4419598000895732
attack_auc: 0.8661825083215036
Layer conv1.weight: 20/64 channels masked
Layer layer1.0.conv1.weight: 3/64 channels masked
Layer layer1.0.conv2.weight: 1/64 channels masked
Layer layer1.1.conv1.weight: 1/64 channels masked
Layer layer2.0.downsample.0.weight: 2/128 channels masked
Layer layer3.0.conv2.weight: 1/256 channels masked
Layer layer3.1.conv2.weight: 1/256 channels masked
Layer layer4.0.conv1.weight: 57/512 channels masked
Layer layer4.0.conv2.weight: 96/512 channels masked
Layer layer4.0.downsample.0.weight: 122/512 channels masked
Layer layer4.1.conv1.weight: 97/512 channels masked
Layer layer4.1.conv2.weight: 95/512 channels masked
------------------------- time cost ------------------------- 17.524502992630005
ASR: 0.4610118504678807
attack_auc: 0.8779376808543761
Layer conv1.weight: 20/64 channels masked
Layer layer1.0.conv1.weight: 3/64 channels masked
Layer layer1.0.conv2.weight: 1/64 channels masked
Layer layer1.1.conv1.weight: 1/64 channels masked
Layer layer2.0.downsample.0.weight: 2/128 channels masked
Layer layer3.0.conv2.weight: 1/256 channels masked
Layer layer3.1.conv2.weight: 1/256 channels masked
Layer layer4.0.conv1.weight: 57/512 channels masked
Layer layer4.0.conv2.weight: 96/512 channels masked
Layer layer4.0.downsample.0.weight: 122/512 channels masked
Layer layer4.1.conv1.weight: 97/512 channels masked
Layer layer4.1.conv2.weight: 95/512 channels masked
------------------------- time cost ------------------------- 14.050735235214233
ASR: 0.4717937927052308
attack_auc: 0.8829628872785253
Layer conv1.weight: 20/64 channels masked
Layer layer1.0.conv1.weight: 3/64 channels masked
Layer layer1.0.conv2.weight: 1/64 channels masked
Layer layer1.1.conv1.weight: 1/64 channels masked
Layer layer2.0.downsample.0.weight: 2/128 channels masked
Layer layer3.0.conv2.weight: 1/256 channels masked
Layer layer3.1.conv2.weight: 1/256 channels masked
Layer layer4.0.conv1.weight: 57/512 channels masked
Layer layer4.0.conv2.weight: 96/512 channels masked
Layer layer4.0.downsample.0.weight: 122/512 channels masked
Layer layer4.1.conv1.weight: 97/512 channels masked
Layer layer4.1.conv2.weight: 95/512 channels masked
------------------------- time cost ------------------------- 16.663005590438843
ASR: 0.4674948909583794
attack_auc: 0.8783309903300458
Layer conv1.weight: 20/64 channels masked
Layer layer1.0.conv1.weight: 3/64 channels masked
Layer layer1.0.conv2.weight: 1/64 channels masked
Layer layer1.1.conv1.weight: 1/64 channels masked
Layer layer2.0.downsample.0.weight: 2/128 channels masked
Layer layer3.0.conv2.weight: 1/256 channels masked
Layer layer3.1.conv2.weight: 1/256 channels masked
Layer layer4.0.conv1.weight: 57/512 channels masked
Layer layer4.0.conv2.weight: 96/512 channels masked
Layer layer4.0.downsample.0.weight: 122/512 channels masked
Layer layer4.1.conv1.weight: 97/512 channels masked
Layer layer4.1.conv2.weight: 95/512 channels masked
------------------------- time cost ------------------------- 14.264221429824829
ASR: 0.48787339985544165
attack_auc: 0.8897965501955725
Layer conv1.weight: 20/64 channels masked
Layer layer1.0.conv1.weight: 3/64 channels masked
Layer layer1.0.conv2.weight: 1/64 channels masked
Layer layer1.1.conv1.weight: 1/64 channels masked
Layer layer2.0.downsample.0.weight: 2/128 channels masked
Layer layer3.0.conv2.weight: 1/256 channels masked
Layer layer3.1.conv2.weight: 1/256 channels masked
Layer layer4.0.conv1.weight: 58/512 channels masked
Layer layer4.0.conv2.weight: 96/512 channels masked
Layer layer4.0.downsample.0.weight: 122/512 channels masked
Layer layer4.1.conv1.weight: 97/512 channels masked
Layer layer4.1.conv2.weight: 95/512 channels masked
------------------------- time cost ------------------------- 16.22785782814026
ASR: 0.5027459021931291
attack_auc: 0.8959767873919391
Layer conv1.weight: 18/64 channels masked
Layer layer1.0.conv1.weight: 3/64 channels masked
Layer layer1.0.conv2.weight: 1/64 channels masked
Layer layer1.1.conv1.weight: 1/64 channels masked
Layer layer2.0.downsample.0.weight: 2/128 channels masked
Layer layer3.0.conv2.weight: 1/256 channels masked
Layer layer3.1.conv2.weight: 1/256 channels masked
Layer layer4.0.conv1.weight: 57/512 channels masked
Layer layer4.0.conv2.weight: 97/512 channels masked
Layer layer4.0.downsample.0.weight: 122/512 channels masked
Layer layer4.1.conv1.weight: 97/512 channels masked
Layer layer4.1.conv2.weight: 95/512 channels masked
------------------------- time cost ------------------------- 14.947950839996338
ASR: 0.5195601406138404
attack_auc: 0.9005410646976996
Layer conv1.weight: 19/64 channels masked
Layer layer1.0.conv1.weight: 3/64 channels masked
Layer layer1.0.conv2.weight: 1/64 channels masked
Layer layer1.1.conv1.weight: 1/64 channels masked
Layer layer2.0.downsample.0.weight: 2/128 channels masked
Layer layer3.0.conv2.weight: 1/256 channels masked
Layer layer3.1.conv2.weight: 1/256 channels masked
Layer layer4.0.conv1.weight: 58/512 channels masked
Layer layer4.0.conv2.weight: 97/512 channels masked
Layer layer4.0.downsample.0.weight: 122/512 channels masked
Layer layer4.1.conv1.weight: 97/512 channels masked
Layer layer4.1.conv2.weight: 95/512 channels masked
------------------------- time cost ------------------------- 15.297829151153564

-------------Round number: 460-------------

Evaluate personalized models
Averaged Train Loss: 0.1756
Averaged Test Accurancy: 0.7152
Averaged Test AUC: 0.9522
Std Test Accurancy: 0.1026
Std Test AUC: 0.0225
ASR: 0.513896359531141
attack_auc: 0.9001051530108176
Layer conv1.weight: 19/64 channels masked
Layer layer1.0.conv1.weight: 3/64 channels masked
Layer layer1.0.conv2.weight: 1/64 channels masked
Layer layer1.1.conv1.weight: 1/64 channels masked
Layer layer2.0.downsample.0.weight: 2/128 channels masked
Layer layer3.0.conv2.weight: 1/256 channels masked
Layer layer3.1.conv2.weight: 1/256 channels masked
Layer layer4.0.conv1.weight: 58/512 channels masked
Layer layer4.0.conv2.weight: 97/512 channels masked
Layer layer4.0.downsample.0.weight: 122/512 channels masked
Layer layer4.1.conv1.weight: 97/512 channels masked
Layer layer4.1.conv2.weight: 99/512 channels masked
------------------------- time cost ------------------------- 20.34682559967041
ASR: 0.5191021148297981
attack_auc: 0.9030130115603996
Layer conv1.weight: 19/64 channels masked
Layer layer1.0.conv1.weight: 3/64 channels masked
Layer layer1.0.conv2.weight: 1/64 channels masked
Layer layer1.1.conv1.weight: 1/64 channels masked
Layer layer2.0.downsample.0.weight: 2/128 channels masked
Layer layer3.0.conv2.weight: 1/256 channels masked
Layer layer3.1.conv2.weight: 1/256 channels masked
Layer layer4.0.conv1.weight: 58/512 channels masked
Layer layer4.0.conv2.weight: 97/512 channels masked
Layer layer4.0.downsample.0.weight: 122/512 channels masked
Layer layer4.1.conv1.weight: 97/512 channels masked
Layer layer4.1.conv2.weight: 99/512 channels masked
------------------------- time cost ------------------------- 17.29889678955078
ASR: 0.5038817925377956
attack_auc: 0.8993574446561842
Layer conv1.weight: 19/64 channels masked
Layer layer1.0.conv1.weight: 3/64 channels masked
Layer layer1.0.conv2.weight: 1/64 channels masked
Layer layer1.1.conv1.weight: 1/64 channels masked
Layer layer2.0.downsample.0.weight: 2/128 channels masked
Layer layer3.0.conv2.weight: 1/256 channels masked
Layer layer3.1.conv2.weight: 1/256 channels masked
Layer layer4.0.conv1.weight: 58/512 channels masked
Layer layer4.0.conv2.weight: 95/512 channels masked
Layer layer4.0.downsample.0.weight: 123/512 channels masked
Layer layer4.1.conv1.weight: 97/512 channels masked
Layer layer4.1.conv2.weight: 100/512 channels masked
------------------------- time cost ------------------------- 14.771010875701904
ASR: 0.5138740007045304
attack_auc: 0.9000871445572213
Layer conv1.weight: 19/64 channels masked
Layer layer1.0.conv1.weight: 3/64 channels masked
Layer layer1.0.conv2.weight: 1/64 channels masked
Layer layer1.1.conv1.weight: 1/64 channels masked
Layer layer2.0.downsample.0.weight: 2/128 channels masked
Layer layer3.0.conv2.weight: 1/256 channels masked
Layer layer3.1.conv2.weight: 1/256 channels masked
Layer layer4.0.conv1.weight: 58/512 channels masked
Layer layer4.0.conv2.weight: 96/512 channels masked
Layer layer4.0.downsample.0.weight: 123/512 channels masked
Layer layer4.1.conv1.weight: 97/512 channels masked
Layer layer4.1.conv2.weight: 100/512 channels masked
------------------------- time cost ------------------------- 18.635857820510864
ASR: 0.5099705539366354
attack_auc: 0.9001880706268799
Layer conv1.weight: 19/64 channels masked
Layer layer1.0.conv1.weight: 3/64 channels masked
Layer layer1.0.conv2.weight: 1/64 channels masked
Layer layer1.1.conv1.weight: 1/64 channels masked
Layer layer2.0.downsample.0.weight: 2/128 channels masked
Layer layer3.0.conv2.weight: 1/256 channels masked
Layer layer3.1.conv2.weight: 1/256 channels masked
Layer layer4.0.conv1.weight: 56/512 channels masked
Layer layer4.0.conv2.weight: 96/512 channels masked
Layer layer4.0.downsample.0.weight: 123/512 channels masked
Layer layer4.1.conv1.weight: 97/512 channels masked
Layer layer4.1.conv2.weight: 100/512 channels masked
------------------------- time cost ------------------------- 15.832818746566772
ASR: 0.5086395336896204
attack_auc: 0.8983522539354111
Layer conv1.weight: 19/64 channels masked
Layer layer1.0.conv1.weight: 3/64 channels masked
Layer layer1.0.conv2.weight: 1/64 channels masked
Layer layer1.1.conv1.weight: 1/64 channels masked
Layer layer2.0.downsample.0.weight: 2/128 channels masked
Layer layer3.0.conv2.weight: 1/256 channels masked
Layer layer3.1.conv2.weight: 1/256 channels masked
Layer layer4.0.conv1.weight: 56/512 channels masked
Layer layer4.0.conv2.weight: 96/512 channels masked
Layer layer4.0.downsample.0.weight: 123/512 channels masked
Layer layer4.1.conv1.weight: 97/512 channels masked
Layer layer4.1.conv2.weight: 100/512 channels masked
------------------------- time cost ------------------------- 15.324628353118896
ASR: 0.49182792374096557
attack_auc: 0.8940572621116808
Layer conv1.weight: 19/64 channels masked
Layer layer1.0.conv1.weight: 3/64 channels masked
Layer layer1.0.conv2.weight: 1/64 channels masked
Layer layer1.1.conv1.weight: 1/64 channels masked
Layer layer2.0.downsample.0.weight: 2/128 channels masked
Layer layer3.0.conv2.weight: 1/256 channels masked
Layer layer3.1.conv2.weight: 1/256 channels masked
Layer layer4.0.conv1.weight: 56/512 channels masked
Layer layer4.0.conv2.weight: 96/512 channels masked
Layer layer4.0.downsample.0.weight: 123/512 channels masked
Layer layer4.1.conv1.weight: 97/512 channels masked
Layer layer4.1.conv2.weight: 100/512 channels masked
------------------------- time cost ------------------------- 17.736878871917725
ASR: 0.49872906605315515
attack_auc: 0.8941850535376683
Layer conv1.weight: 19/64 channels masked
Layer layer1.0.conv1.weight: 3/64 channels masked
Layer layer1.0.conv2.weight: 1/64 channels masked
Layer layer1.1.conv1.weight: 1/64 channels masked
Layer layer2.0.downsample.0.weight: 2/128 channels masked
Layer layer3.0.conv2.weight: 1/256 channels masked
Layer layer3.1.conv2.weight: 1/256 channels masked
Layer layer4.0.conv1.weight: 56/512 channels masked
Layer layer4.0.conv2.weight: 96/512 channels masked
Layer layer4.0.downsample.0.weight: 123/512 channels masked
Layer layer4.1.conv1.weight: 98/512 channels masked
Layer layer4.1.conv2.weight: 100/512 channels masked
------------------------- time cost ------------------------- 14.021929264068604
ASR: 0.5140273889682875
attack_auc: 0.8976956034747966
Layer conv1.weight: 18/64 channels masked
Layer layer1.0.conv1.weight: 2/64 channels masked
Layer layer1.0.conv2.weight: 1/64 channels masked
Layer layer1.1.conv1.weight: 1/64 channels masked
Layer layer2.0.downsample.0.weight: 2/128 channels masked
Layer layer3.0.conv2.weight: 1/256 channels masked
Layer layer3.1.conv2.weight: 1/256 channels masked
Layer layer4.0.conv1.weight: 52/512 channels masked
Layer layer4.0.conv2.weight: 93/512 channels masked
Layer layer4.0.downsample.0.weight: 123/512 channels masked
Layer layer4.1.conv1.weight: 98/512 channels masked
Layer layer4.1.conv2.weight: 100/512 channels masked
------------------------- time cost ------------------------- 17.966941833496094
ASR: 0.502646330341635
attack_auc: 0.8930124700175881
Layer conv1.weight: 19/64 channels masked
Layer layer1.0.conv1.weight: 3/64 channels masked
Layer layer1.0.conv2.weight: 1/64 channels masked
Layer layer1.1.conv1.weight: 1/64 channels masked
Layer layer2.0.downsample.0.weight: 2/128 channels masked
Layer layer3.0.conv2.weight: 1/256 channels masked
Layer layer3.1.conv2.weight: 1/256 channels masked
Layer layer4.0.conv1.weight: 54/512 channels masked
Layer layer4.0.conv2.weight: 95/512 channels masked
Layer layer4.0.downsample.0.weight: 123/512 channels masked
Layer layer4.1.conv1.weight: 98/512 channels masked
Layer layer4.1.conv2.weight: 100/512 channels masked
------------------------- time cost ------------------------- 13.093012571334839

-------------Round number: 470-------------

Evaluate personalized models
Averaged Train Loss: 0.1404
Averaged Test Accurancy: 0.7203
Averaged Test AUC: 0.9528
Std Test Accurancy: 0.1046
Std Test AUC: 0.0245
ASR: 0.5361055875692753
attack_auc: 0.904383487684685
Layer conv1.weight: 19/64 channels masked
Layer layer1.0.conv1.weight: 3/64 channels masked
Layer layer1.0.conv2.weight: 1/64 channels masked
Layer layer1.1.conv1.weight: 1/64 channels masked
Layer layer2.0.downsample.0.weight: 2/128 channels masked
Layer layer3.0.conv2.weight: 1/256 channels masked
Layer layer3.1.conv2.weight: 1/256 channels masked
Layer layer4.0.conv1.weight: 54/512 channels masked
Layer layer4.0.conv2.weight: 95/512 channels masked
Layer layer4.0.downsample.0.weight: 123/512 channels masked
Layer layer4.1.conv1.weight: 98/512 channels masked
Layer layer4.1.conv2.weight: 100/512 channels masked
------------------------- time cost ------------------------- 25.50778365135193
ASR: 0.5118862138477553
attack_auc: 0.8947756136835987
Layer conv1.weight: 19/64 channels masked
Layer layer1.0.conv1.weight: 3/64 channels masked
Layer layer1.0.conv2.weight: 1/64 channels masked
Layer layer1.1.conv1.weight: 1/64 channels masked
Layer layer2.0.downsample.0.weight: 2/128 channels masked
Layer layer3.0.conv2.weight: 1/256 channels masked
Layer layer3.1.conv2.weight: 1/256 channels masked
Layer layer4.0.conv1.weight: 55/512 channels masked
Layer layer4.0.conv2.weight: 95/512 channels masked
Layer layer4.0.downsample.0.weight: 123/512 channels masked
Layer layer4.1.conv1.weight: 98/512 channels masked
Layer layer4.1.conv2.weight: 100/512 channels masked
------------------------- time cost ------------------------- 13.071730852127075
ASR: 0.49702547380172246
attack_auc: 0.8894754508519739
Layer conv1.weight: 19/64 channels masked
Layer layer1.0.conv1.weight: 3/64 channels masked
Layer layer1.0.conv2.weight: 1/64 channels masked
Layer layer1.1.conv1.weight: 1/64 channels masked
Layer layer2.0.downsample.0.weight: 2/128 channels masked
Layer layer3.0.conv2.weight: 1/256 channels masked
Layer layer3.1.conv2.weight: 1/256 channels masked
Layer layer4.0.conv1.weight: 53/512 channels masked
Layer layer4.0.conv2.weight: 91/512 channels masked
Layer layer4.0.downsample.0.weight: 123/512 channels masked
Layer layer4.1.conv1.weight: 98/512 channels masked
Layer layer4.1.conv2.weight: 100/512 channels masked
------------------------- time cost ------------------------- 17.565892219543457
ASR: 0.518679823102847
attack_auc: 0.8934906627624397
Layer conv1.weight: 19/64 channels masked
Layer layer1.0.conv1.weight: 3/64 channels masked
Layer layer1.0.conv2.weight: 1/64 channels masked
Layer layer1.1.conv1.weight: 1/64 channels masked
Layer layer2.0.downsample.0.weight: 2/128 channels masked
Layer layer3.0.conv2.weight: 1/256 channels masked
Layer layer3.1.conv2.weight: 1/256 channels masked
Layer layer4.0.conv1.weight: 56/512 channels masked
Layer layer4.0.conv2.weight: 94/512 channels masked
Layer layer4.0.downsample.0.weight: 123/512 channels masked
Layer layer4.1.conv1.weight: 98/512 channels masked
Layer layer4.1.conv2.weight: 100/512 channels masked
------------------------- time cost ------------------------- 16.55622100830078
ASR: 0.5335250104254683
attack_auc: 0.9012022347451416
Layer conv1.weight: 19/64 channels masked
Layer layer1.0.conv1.weight: 3/64 channels masked
Layer layer1.0.conv2.weight: 1/64 channels masked
Layer layer1.1.conv1.weight: 1/64 channels masked
Layer layer2.0.downsample.0.weight: 2/128 channels masked
Layer layer3.0.conv2.weight: 1/256 channels masked
Layer layer3.1.conv2.weight: 1/256 channels masked
Layer layer4.0.conv1.weight: 58/512 channels masked
Layer layer4.0.conv2.weight: 95/512 channels masked
Layer layer4.0.downsample.0.weight: 127/512 channels masked
Layer layer4.1.conv1.weight: 99/512 channels masked
Layer layer4.1.conv2.weight: 100/512 channels masked
------------------------- time cost ------------------------- 15.862664937973022
ASR: 0.5220038355954411
attack_auc: 0.8977566957713936
Layer conv1.weight: 19/64 channels masked
Layer layer1.0.conv1.weight: 3/64 channels masked
Layer layer1.0.conv2.weight: 1/64 channels masked
Layer layer1.1.conv1.weight: 1/64 channels masked
Layer layer2.0.downsample.0.weight: 2/128 channels masked
Layer layer3.0.conv2.weight: 1/256 channels masked
Layer layer3.1.conv2.weight: 1/256 channels masked
Layer layer4.0.conv1.weight: 58/512 channels masked
Layer layer4.0.conv2.weight: 96/512 channels masked
Layer layer4.0.downsample.0.weight: 127/512 channels masked
Layer layer4.1.conv1.weight: 99/512 channels masked
Layer layer4.1.conv2.weight: 100/512 channels masked
------------------------- time cost ------------------------- 15.699992895126343
ASR: 0.5435620125906225
attack_auc: 0.9063747715974392
Layer conv1.weight: 19/64 channels masked
Layer layer1.0.conv1.weight: 2/64 channels masked
Layer layer1.0.conv2.weight: 1/64 channels masked
Layer layer1.1.conv1.weight: 1/64 channels masked
Layer layer2.0.downsample.0.weight: 2/128 channels masked
Layer layer3.0.conv2.weight: 1/256 channels masked
Layer layer3.1.conv2.weight: 1/256 channels masked
Layer layer4.0.conv1.weight: 58/512 channels masked
Layer layer4.0.conv2.weight: 96/512 channels masked
Layer layer4.0.downsample.0.weight: 127/512 channels masked
Layer layer4.1.conv1.weight: 99/512 channels masked
Layer layer4.1.conv2.weight: 100/512 channels masked
------------------------- time cost ------------------------- 18.195815324783325
ASR: 0.5743793805819815
attack_auc: 0.9164864330856622
Layer conv1.weight: 18/64 channels masked
Layer layer1.0.conv1.weight: 2/64 channels masked
Layer layer1.0.conv2.weight: 1/64 channels masked
Layer layer1.1.conv1.weight: 1/64 channels masked
Layer layer2.0.downsample.0.weight: 2/128 channels masked
Layer layer3.0.conv2.weight: 1/256 channels masked
Layer layer3.1.conv2.weight: 1/256 channels masked
Layer layer4.0.conv1.weight: 56/512 channels masked
Layer layer4.0.conv2.weight: 84/512 channels masked
Layer layer4.0.downsample.0.weight: 127/512 channels masked
Layer layer4.1.conv1.weight: 99/512 channels masked
Layer layer4.1.conv2.weight: 100/512 channels masked
------------------------- time cost ------------------------- 18.9854736328125
ASR: 0.5660800610939115
attack_auc: 0.9132991117335194
Layer conv1.weight: 20/64 channels masked
Layer layer1.0.conv1.weight: 2/64 channels masked
Layer layer1.0.conv2.weight: 1/64 channels masked
Layer layer1.1.conv1.weight: 1/64 channels masked
Layer layer2.0.downsample.0.weight: 2/128 channels masked
Layer layer3.0.conv2.weight: 1/256 channels masked
Layer layer3.1.conv2.weight: 1/256 channels masked
Layer layer4.0.conv1.weight: 58/512 channels masked
Layer layer4.0.conv2.weight: 96/512 channels masked
Layer layer4.0.downsample.0.weight: 127/512 channels masked
Layer layer4.1.conv1.weight: 100/512 channels masked
Layer layer4.1.conv2.weight: 100/512 channels masked
------------------------- time cost ------------------------- 15.558080673217773
ASR: 0.5619962575771523
attack_auc: 0.9133156088023796
Layer conv1.weight: 19/64 channels masked
Layer layer1.0.conv1.weight: 2/64 channels masked
Layer layer1.0.conv2.weight: 1/64 channels masked
Layer layer1.1.conv1.weight: 1/64 channels masked
Layer layer2.0.downsample.0.weight: 2/128 channels masked
Layer layer3.0.conv2.weight: 1/256 channels masked
Layer layer3.1.conv2.weight: 1/256 channels masked
Layer layer4.0.conv1.weight: 58/512 channels masked
Layer layer4.0.conv2.weight: 96/512 channels masked
Layer layer4.0.downsample.0.weight: 127/512 channels masked
Layer layer4.1.conv1.weight: 100/512 channels masked
Layer layer4.1.conv2.weight: 100/512 channels masked
------------------------- time cost ------------------------- 13.871178150177002

-------------Round number: 480-------------

Evaluate personalized models
Averaged Train Loss: 0.1604
Averaged Test Accurancy: 0.7127
Averaged Test AUC: 0.9509
Std Test Accurancy: 0.1043
Std Test AUC: 0.0260
ASR: 0.5803984070162406
attack_auc: 0.9186971575703909
Layer conv1.weight: 20/64 channels masked
Layer layer1.0.conv1.weight: 2/64 channels masked
Layer layer1.0.conv2.weight: 1/64 channels masked
Layer layer1.1.conv1.weight: 1/64 channels masked
Layer layer2.0.downsample.0.weight: 2/128 channels masked
Layer layer3.0.conv2.weight: 1/256 channels masked
Layer layer3.1.conv2.weight: 1/256 channels masked
Layer layer4.0.conv1.weight: 59/512 channels masked
Layer layer4.0.conv2.weight: 100/512 channels masked
Layer layer4.0.downsample.0.weight: 128/512 channels masked
Layer layer4.1.conv1.weight: 108/512 channels masked
Layer layer4.1.conv2.weight: 106/512 channels masked
------------------------- time cost ------------------------- 21.608302354812622
ASR: 0.5697901079364266
attack_auc: 0.9168424062458911
Layer conv1.weight: 20/64 channels masked
Layer layer1.0.conv1.weight: 2/64 channels masked
Layer layer1.0.conv2.weight: 1/64 channels masked
Layer layer1.1.conv1.weight: 1/64 channels masked
Layer layer2.0.downsample.0.weight: 2/128 channels masked
Layer layer3.0.conv2.weight: 1/256 channels masked
Layer layer3.1.conv2.weight: 1/256 channels masked
Layer layer4.0.conv1.weight: 59/512 channels masked
Layer layer4.0.conv2.weight: 100/512 channels masked
Layer layer4.0.downsample.0.weight: 128/512 channels masked
Layer layer4.1.conv1.weight: 108/512 channels masked
Layer layer4.1.conv2.weight: 106/512 channels masked
------------------------- time cost ------------------------- 16.14589548110962
ASR: 0.5609107591483539
attack_auc: 0.913274082201218
Layer conv1.weight: 20/64 channels masked
Layer layer1.0.conv1.weight: 2/64 channels masked
Layer layer1.0.conv2.weight: 1/64 channels masked
Layer layer1.1.conv1.weight: 1/64 channels masked
Layer layer2.0.downsample.0.weight: 2/128 channels masked
Layer layer3.0.conv2.weight: 1/256 channels masked
Layer layer3.1.conv2.weight: 1/256 channels masked
Layer layer4.0.conv1.weight: 59/512 channels masked
Layer layer4.0.conv2.weight: 101/512 channels masked
Layer layer4.0.downsample.0.weight: 128/512 channels masked
Layer layer4.1.conv1.weight: 108/512 channels masked
Layer layer4.1.conv2.weight: 106/512 channels masked
------------------------- time cost ------------------------- 18.999523639678955
ASR: 0.5498919445214784
attack_auc: 0.9081054972478658
Layer conv1.weight: 20/64 channels masked
Layer layer1.0.conv1.weight: 2/64 channels masked
Layer layer1.0.conv2.weight: 1/64 channels masked
Layer layer1.1.conv1.weight: 1/64 channels masked
Layer layer2.0.downsample.0.weight: 2/128 channels masked
Layer layer3.0.conv2.weight: 1/256 channels masked
Layer layer3.1.conv2.weight: 1/256 channels masked
Layer layer4.0.conv1.weight: 59/512 channels masked
Layer layer4.0.conv2.weight: 101/512 channels masked
Layer layer4.0.downsample.0.weight: 128/512 channels masked
Layer layer4.1.conv1.weight: 108/512 channels masked
Layer layer4.1.conv2.weight: 106/512 channels masked
------------------------- time cost ------------------------- 13.184827089309692
ASR: 0.5483743731996185
attack_auc: 0.906903054565067
Layer conv1.weight: 20/64 channels masked
Layer layer1.0.conv1.weight: 2/64 channels masked
Layer layer1.0.conv2.weight: 1/64 channels masked
Layer layer1.1.conv1.weight: 1/64 channels masked
Layer layer2.0.downsample.0.weight: 2/128 channels masked
Layer layer3.0.conv2.weight: 1/256 channels masked
Layer layer3.1.conv2.weight: 1/256 channels masked
Layer layer4.0.conv1.weight: 67/512 channels masked
Layer layer4.0.conv2.weight: 102/512 channels masked
Layer layer4.0.downsample.0.weight: 129/512 channels masked
Layer layer4.1.conv1.weight: 112/512 channels masked
Layer layer4.1.conv2.weight: 109/512 channels masked
------------------------- time cost ------------------------- 12.064568042755127
ASR: 0.5405970160722927
attack_auc: 0.9057980601177918
Layer conv1.weight: 20/64 channels masked
Layer layer1.0.conv1.weight: 2/64 channels masked
Layer layer1.0.conv2.weight: 1/64 channels masked
Layer layer1.1.conv1.weight: 1/64 channels masked
Layer layer2.0.downsample.0.weight: 2/128 channels masked
Layer layer3.0.conv2.weight: 1/256 channels masked
Layer layer3.1.conv2.weight: 1/256 channels masked
Layer layer4.0.conv1.weight: 67/512 channels masked
Layer layer4.0.conv2.weight: 103/512 channels masked
Layer layer4.0.downsample.0.weight: 129/512 channels masked
Layer layer4.1.conv1.weight: 112/512 channels masked
Layer layer4.1.conv2.weight: 109/512 channels masked
------------------------- time cost ------------------------- 15.938790082931519
ASR: 0.5473829367046692
attack_auc: 0.9096490846812852
Layer conv1.weight: 20/64 channels masked
Layer layer1.0.conv1.weight: 2/64 channels masked
Layer layer1.0.conv2.weight: 1/64 channels masked
Layer layer1.1.conv1.weight: 1/64 channels masked
Layer layer2.0.downsample.0.weight: 2/128 channels masked
Layer layer3.0.conv2.weight: 1/256 channels masked
Layer layer3.1.conv2.weight: 1/256 channels masked
Layer layer4.0.conv1.weight: 68/512 channels masked
Layer layer4.0.conv2.weight: 103/512 channels masked
Layer layer4.0.downsample.0.weight: 129/512 channels masked
Layer layer4.1.conv1.weight: 113/512 channels masked
Layer layer4.1.conv2.weight: 111/512 channels masked
------------------------- time cost ------------------------- 13.519571781158447
ASR: 0.536077537359389
attack_auc: 0.9042043346682187
Layer conv1.weight: 20/64 channels masked
Layer layer1.0.conv1.weight: 2/64 channels masked
Layer layer1.0.conv2.weight: 1/64 channels masked
Layer layer1.1.conv1.weight: 1/64 channels masked
Layer layer2.0.downsample.0.weight: 2/128 channels masked
Layer layer3.0.conv2.weight: 1/256 channels masked
Layer layer3.1.conv2.weight: 1/256 channels masked
Layer layer4.0.conv1.weight: 67/512 channels masked
Layer layer4.0.conv2.weight: 103/512 channels masked
Layer layer4.0.downsample.0.weight: 129/512 channels masked
Layer layer4.1.conv1.weight: 114/512 channels masked
Layer layer4.1.conv2.weight: 111/512 channels masked
------------------------- time cost ------------------------- 16.268874645233154
ASR: 0.5174861606429633
attack_auc: 0.8972589584352078
Layer conv1.weight: 16/64 channels masked
Layer layer1.0.conv1.weight: 2/64 channels masked
Layer layer1.0.conv2.weight: 1/64 channels masked
Layer layer1.1.conv1.weight: 1/64 channels masked
Layer layer2.0.downsample.0.weight: 2/128 channels masked
Layer layer3.0.conv2.weight: 1/256 channels masked
Layer layer3.1.conv2.weight: 1/256 channels masked
Layer layer4.0.conv1.weight: 66/512 channels masked
Layer layer4.0.conv2.weight: 100/512 channels masked
Layer layer4.0.downsample.0.weight: 129/512 channels masked
Layer layer4.1.conv1.weight: 114/512 channels masked
Layer layer4.1.conv2.weight: 111/512 channels masked
------------------------- time cost ------------------------- 15.328832864761353
ASR: 0.5647158213984376
attack_auc: 0.9120102478082638
Layer conv1.weight: 17/64 channels masked
Layer layer1.0.conv1.weight: 2/64 channels masked
Layer layer1.0.conv2.weight: 1/64 channels masked
Layer layer1.1.conv1.weight: 1/64 channels masked
Layer layer2.0.downsample.0.weight: 2/128 channels masked
Layer layer3.0.conv2.weight: 1/256 channels masked
Layer layer3.1.conv2.weight: 1/256 channels masked
Layer layer4.0.conv1.weight: 65/512 channels masked
Layer layer4.0.conv2.weight: 100/512 channels masked
Layer layer4.0.downsample.0.weight: 129/512 channels masked
Layer layer4.1.conv1.weight: 114/512 channels masked
Layer layer4.1.conv2.weight: 113/512 channels masked
------------------------- time cost ------------------------- 18.711347103118896

-------------Round number: 490-------------

Evaluate personalized models
Averaged Train Loss: 0.1802
Averaged Test Accurancy: 0.7084
Averaged Test AUC: 0.9499
Std Test Accurancy: 0.1083
Std Test AUC: 0.0254
ASR: 0.5514486978284835
attack_auc: 0.907540296266278
Layer conv1.weight: 17/64 channels masked
Layer layer1.0.conv1.weight: 2/64 channels masked
Layer layer1.0.conv2.weight: 1/64 channels masked
Layer layer1.1.conv1.weight: 1/64 channels masked
Layer layer2.0.downsample.0.weight: 2/128 channels masked
Layer layer3.0.conv2.weight: 1/256 channels masked
Layer layer3.1.conv2.weight: 1/256 channels masked
Layer layer4.0.conv1.weight: 65/512 channels masked
Layer layer4.0.conv2.weight: 101/512 channels masked
Layer layer4.0.downsample.0.weight: 129/512 channels masked
Layer layer4.1.conv1.weight: 114/512 channels masked
Layer layer4.1.conv2.weight: 113/512 channels masked
------------------------- time cost ------------------------- 23.1476411819458
ASR: 0.5161727258171483
attack_auc: 0.890851240450363
Layer conv1.weight: 17/64 channels masked
Layer layer1.0.conv1.weight: 2/64 channels masked
Layer layer1.0.conv2.weight: 1/64 channels masked
Layer layer1.1.conv1.weight: 1/64 channels masked
Layer layer2.0.downsample.0.weight: 2/128 channels masked
Layer layer3.0.conv2.weight: 1/256 channels masked
Layer layer3.1.conv2.weight: 1/256 channels masked
Layer layer4.0.conv1.weight: 65/512 channels masked
Layer layer4.0.conv2.weight: 100/512 channels masked
Layer layer4.0.downsample.0.weight: 129/512 channels masked
Layer layer4.1.conv1.weight: 114/512 channels masked
Layer layer4.1.conv2.weight: 113/512 channels masked
------------------------- time cost ------------------------- 17.73831009864807
ASR: 0.5067783459303735
attack_auc: 0.8914912432582365
Layer conv1.weight: 17/64 channels masked
Layer layer1.0.conv1.weight: 2/64 channels masked
Layer layer1.0.conv2.weight: 1/64 channels masked
Layer layer1.1.conv1.weight: 1/64 channels masked
Layer layer2.0.downsample.0.weight: 2/128 channels masked
Layer layer3.0.conv2.weight: 1/256 channels masked
Layer layer3.1.conv2.weight: 1/256 channels masked
Layer layer4.0.conv1.weight: 65/512 channels masked
Layer layer4.0.conv2.weight: 100/512 channels masked
Layer layer4.0.downsample.0.weight: 129/512 channels masked
Layer layer4.1.conv1.weight: 114/512 channels masked
Layer layer4.1.conv2.weight: 113/512 channels masked
------------------------- time cost ------------------------- 17.86869168281555
ASR: 0.5353566618045768
attack_auc: 0.90186512697915
Layer conv1.weight: 17/64 channels masked
Layer layer1.0.conv1.weight: 2/64 channels masked
Layer layer1.0.conv2.weight: 1/64 channels masked
Layer layer1.1.conv1.weight: 1/64 channels masked
Layer layer2.0.downsample.0.weight: 2/128 channels masked
Layer layer3.0.conv2.weight: 1/256 channels masked
Layer layer3.1.conv2.weight: 1/256 channels masked
Layer layer4.0.conv1.weight: 65/512 channels masked
Layer layer4.0.conv2.weight: 99/512 channels masked
Layer layer4.0.downsample.0.weight: 129/512 channels masked
Layer layer4.1.conv1.weight: 114/512 channels masked
Layer layer4.1.conv2.weight: 113/512 channels masked
------------------------- time cost ------------------------- 17.41692614555359
ASR: 0.5497120308040618
attack_auc: 0.9028429391048232
Layer conv1.weight: 17/64 channels masked
Layer layer1.0.conv1.weight: 2/64 channels masked
Layer layer1.0.conv2.weight: 1/64 channels masked
Layer layer1.1.conv1.weight: 1/64 channels masked
Layer layer2.0.downsample.0.weight: 2/128 channels masked
Layer layer3.0.conv2.weight: 1/256 channels masked
Layer layer3.1.conv2.weight: 1/256 channels masked
Layer layer4.0.conv1.weight: 65/512 channels masked
Layer layer4.0.conv2.weight: 100/512 channels masked
Layer layer4.0.downsample.0.weight: 129/512 channels masked
Layer layer4.1.conv1.weight: 114/512 channels masked
Layer layer4.1.conv2.weight: 113/512 channels masked
------------------------- time cost ------------------------- 15.389775037765503
ASR: 0.5011638624913897
attack_auc: 0.8891887627532213
Layer conv1.weight: 17/64 channels masked
Layer layer1.0.conv1.weight: 2/64 channels masked
Layer layer1.0.conv2.weight: 1/64 channels masked
Layer layer1.1.conv1.weight: 1/64 channels masked
Layer layer2.0.downsample.0.weight: 2/128 channels masked
Layer layer3.0.conv2.weight: 1/256 channels masked
Layer layer3.1.conv2.weight: 1/256 channels masked
Layer layer4.0.conv1.weight: 67/512 channels masked
Layer layer4.0.conv2.weight: 101/512 channels masked
Layer layer4.0.downsample.0.weight: 129/512 channels masked
Layer layer4.1.conv1.weight: 114/512 channels masked
Layer layer4.1.conv2.weight: 113/512 channels masked
------------------------- time cost ------------------------- 16.409575700759888
ASR: 0.5193402044906834
attack_auc: 0.8970196669875893
Layer conv1.weight: 18/64 channels masked
Layer layer1.0.conv1.weight: 2/64 channels masked
Layer layer1.0.conv2.weight: 1/64 channels masked
Layer layer1.1.conv1.weight: 1/64 channels masked
Layer layer2.0.downsample.0.weight: 2/128 channels masked
Layer layer3.0.conv2.weight: 1/256 channels masked
Layer layer3.1.conv2.weight: 1/256 channels masked
Layer layer4.0.conv1.weight: 67/512 channels masked
Layer layer4.0.conv2.weight: 101/512 channels masked
Layer layer4.0.downsample.0.weight: 129/512 channels masked
Layer layer4.1.conv1.weight: 114/512 channels masked
Layer layer4.1.conv2.weight: 113/512 channels masked
------------------------- time cost ------------------------- 16.12093687057495
ASR: 0.5225423072956039
attack_auc: 0.8988265914268344
Layer conv1.weight: 19/64 channels masked
Layer layer1.0.conv1.weight: 2/64 channels masked
Layer layer1.0.conv2.weight: 1/64 channels masked
Layer layer1.1.conv1.weight: 1/64 channels masked
Layer layer2.0.downsample.0.weight: 2/128 channels masked
Layer layer3.0.conv2.weight: 1/256 channels masked
Layer layer3.1.conv2.weight: 1/256 channels masked
Layer layer4.0.conv1.weight: 67/512 channels masked
Layer layer4.0.conv2.weight: 101/512 channels masked
Layer layer4.0.downsample.0.weight: 129/512 channels masked
Layer layer4.1.conv1.weight: 114/512 channels masked
Layer layer4.1.conv2.weight: 113/512 channels masked
------------------------- time cost ------------------------- 14.525696277618408
ASR: 0.5379385606903675
attack_auc: 0.906200010319209
Layer conv1.weight: 19/64 channels masked
Layer layer1.0.conv1.weight: 2/64 channels masked
Layer layer1.0.conv2.weight: 1/64 channels masked
Layer layer1.1.conv1.weight: 1/64 channels masked
Layer layer2.0.downsample.0.weight: 2/128 channels masked
Layer layer3.0.conv2.weight: 1/256 channels masked
Layer layer3.1.conv2.weight: 1/256 channels masked
Layer layer4.0.conv1.weight: 67/512 channels masked
Layer layer4.0.conv2.weight: 99/512 channels masked
Layer layer4.0.downsample.0.weight: 129/512 channels masked
Layer layer4.1.conv1.weight: 114/512 channels masked
Layer layer4.1.conv2.weight: 113/512 channels masked
------------------------- time cost ------------------------- 17.55000114440918
ASR: 0.5476298324089965
attack_auc: 0.9089898401650097
Layer conv1.weight: 19/64 channels masked
Layer layer1.0.conv1.weight: 2/64 channels masked
Layer layer1.0.conv2.weight: 1/64 channels masked
Layer layer1.1.conv1.weight: 1/64 channels masked
Layer layer2.0.downsample.0.weight: 2/128 channels masked
Layer layer3.0.conv2.weight: 1/256 channels masked
Layer layer3.1.conv2.weight: 1/256 channels masked
Layer layer4.0.conv1.weight: 67/512 channels masked
Layer layer4.0.conv2.weight: 101/512 channels masked
Layer layer4.0.downsample.0.weight: 129/512 channels masked
Layer layer4.1.conv1.weight: 114/512 channels masked
Layer layer4.1.conv2.weight: 113/512 channels masked
------------------------- time cost ------------------------- 17.777193784713745

-------------Round number: 500-------------

Evaluate personalized models
Averaged Train Loss: 0.1659
Averaged Test Accurancy: 0.7084
Averaged Test AUC: 0.9481
Std Test Accurancy: 0.1089
Std Test AUC: 0.0306
ASR: 0.5679239677401392
attack_auc: 0.9128094755173447
Layer conv1.weight: 19/64 channels masked
Layer layer1.0.conv1.weight: 2/64 channels masked
Layer layer1.0.conv2.weight: 1/64 channels masked
Layer layer1.1.conv1.weight: 1/64 channels masked
Layer layer2.0.downsample.0.weight: 2/128 channels masked
Layer layer3.0.conv2.weight: 1/256 channels masked
Layer layer3.1.conv2.weight: 1/256 channels masked
Layer layer4.0.conv1.weight: 67/512 channels masked
Layer layer4.0.conv2.weight: 101/512 channels masked
Layer layer4.0.downsample.0.weight: 129/512 channels masked
Layer layer4.1.conv1.weight: 115/512 channels masked
Layer layer4.1.conv2.weight: 113/512 channels masked
------------------------- time cost ------------------------- 23.868953704833984
ASR: 0.5688296758353274
attack_auc: 0.914796826634961
Layer conv1.weight: 19/64 channels masked
Layer layer1.0.conv1.weight: 2/64 channels masked
Layer layer1.0.conv2.weight: 1/64 channels masked
Layer layer1.1.conv1.weight: 1/64 channels masked
Layer layer2.0.downsample.0.weight: 2/128 channels masked
Layer layer3.0.conv2.weight: 1/256 channels masked
Layer layer3.1.conv2.weight: 1/256 channels masked
Layer layer4.0.conv1.weight: 67/512 channels masked
Layer layer4.0.conv2.weight: 101/512 channels masked
Layer layer4.0.downsample.0.weight: 129/512 channels masked
Layer layer4.1.conv1.weight: 115/512 channels masked
Layer layer4.1.conv2.weight: 113/512 channels masked
------------------------- time cost ------------------------- 17.824113845825195
ASR: 0.5483649834745159
attack_auc: 0.9077988462528735
Layer conv1.weight: 19/64 channels masked
Layer layer1.0.conv1.weight: 2/64 channels masked
Layer layer1.0.conv2.weight: 1/64 channels masked
Layer layer1.1.conv1.weight: 1/64 channels masked
Layer layer2.0.downsample.0.weight: 2/128 channels masked
Layer layer3.0.conv2.weight: 1/256 channels masked
Layer layer3.1.conv2.weight: 1/256 channels masked
Layer layer4.0.conv1.weight: 68/512 channels masked
Layer layer4.0.conv2.weight: 101/512 channels masked
Layer layer4.0.downsample.0.weight: 129/512 channels masked
Layer layer4.1.conv1.weight: 115/512 channels masked
Layer layer4.1.conv2.weight: 113/512 channels masked
------------------------- time cost ------------------------- 13.15469765663147
ASR: 0.5389199580977396
attack_auc: 0.9065638979482823
Layer conv1.weight: 19/64 channels masked
Layer layer1.0.conv1.weight: 2/64 channels masked
Layer layer1.0.conv2.weight: 1/64 channels masked
Layer layer1.1.conv1.weight: 1/64 channels masked
Layer layer2.0.downsample.0.weight: 2/128 channels masked
Layer layer3.0.conv2.weight: 1/256 channels masked
Layer layer3.1.conv2.weight: 1/256 channels masked
Layer layer4.0.conv1.weight: 68/512 channels masked
Layer layer4.0.conv2.weight: 101/512 channels masked
Layer layer4.0.downsample.0.weight: 129/512 channels masked
Layer layer4.1.conv1.weight: 115/512 channels masked
Layer layer4.1.conv2.weight: 113/512 channels masked
------------------------- time cost ------------------------- 15.366129159927368
ASR: 0.550593324836474
attack_auc: 0.9073382680671287
Layer conv1.weight: 19/64 channels masked
Layer layer1.0.conv1.weight: 2/64 channels masked
Layer layer1.0.conv2.weight: 1/64 channels masked
Layer layer1.1.conv1.weight: 1/64 channels masked
Layer layer2.0.downsample.0.weight: 2/128 channels masked
Layer layer3.0.conv2.weight: 1/256 channels masked
Layer layer3.1.conv2.weight: 1/256 channels masked
Layer layer4.0.conv1.weight: 68/512 channels masked
Layer layer4.0.conv2.weight: 101/512 channels masked
Layer layer4.0.downsample.0.weight: 130/512 channels masked
Layer layer4.1.conv1.weight: 115/512 channels masked
Layer layer4.1.conv2.weight: 113/512 channels masked
------------------------- time cost ------------------------- 13.7471604347229
ASR: 0.5201884522476482
attack_auc: 0.8972722112133696
Layer conv1.weight: 19/64 channels masked
Layer layer1.0.conv1.weight: 2/64 channels masked
Layer layer1.0.conv2.weight: 1/64 channels masked
Layer layer1.1.conv1.weight: 1/64 channels masked
Layer layer2.0.downsample.0.weight: 2/128 channels masked
Layer layer3.0.conv2.weight: 1/256 channels masked
Layer layer3.1.conv2.weight: 1/256 channels masked
Layer layer4.0.conv1.weight: 67/512 channels masked
Layer layer4.0.conv2.weight: 101/512 channels masked
Layer layer4.0.downsample.0.weight: 130/512 channels masked
Layer layer4.1.conv1.weight: 115/512 channels masked
Layer layer4.1.conv2.weight: 113/512 channels masked
------------------------- time cost ------------------------- 16.431638479232788
ASR: 0.5212058805805118
attack_auc: 0.9022181919020521
Layer conv1.weight: 19/64 channels masked
Layer layer1.0.conv1.weight: 2/64 channels masked
Layer layer1.0.conv2.weight: 1/64 channels masked
Layer layer1.1.conv1.weight: 1/64 channels masked
Layer layer2.0.downsample.0.weight: 2/128 channels masked
Layer layer3.0.conv2.weight: 1/256 channels masked
Layer layer3.1.conv2.weight: 1/256 channels masked
Layer layer4.0.conv1.weight: 68/512 channels masked
Layer layer4.0.conv2.weight: 101/512 channels masked
Layer layer4.0.downsample.0.weight: 130/512 channels masked
Layer layer4.1.conv1.weight: 115/512 channels masked
Layer layer4.1.conv2.weight: 113/512 channels masked
------------------------- time cost ------------------------- 15.95461916923523
ASR: 0.5157124850883531
attack_auc: 0.899537404155144
Layer conv1.weight: 19/64 channels masked
Layer layer1.0.conv1.weight: 2/64 channels masked
Layer layer1.0.conv2.weight: 1/64 channels masked
Layer layer1.1.conv1.weight: 1/64 channels masked
Layer layer2.0.downsample.0.weight: 2/128 channels masked
Layer layer3.0.conv2.weight: 1/256 channels masked
Layer layer3.1.conv2.weight: 1/256 channels masked
Layer layer4.0.conv1.weight: 68/512 channels masked
Layer layer4.0.conv2.weight: 101/512 channels masked
Layer layer4.0.downsample.0.weight: 130/512 channels masked
Layer layer4.1.conv1.weight: 115/512 channels masked
Layer layer4.1.conv2.weight: 113/512 channels masked
------------------------- time cost ------------------------- 16.474231958389282
ASR: 0.5197116734824095
attack_auc: 0.9004022753148193
Layer conv1.weight: 19/64 channels masked
Layer layer1.0.conv1.weight: 2/64 channels masked
Layer layer1.0.conv2.weight: 1/64 channels masked
Layer layer1.1.conv1.weight: 1/64 channels masked
Layer layer2.0.downsample.0.weight: 2/128 channels masked
Layer layer3.0.conv2.weight: 1/256 channels masked
Layer layer3.1.conv2.weight: 1/256 channels masked
Layer layer4.0.conv1.weight: 66/512 channels masked
Layer layer4.0.conv2.weight: 101/512 channels masked
Layer layer4.0.downsample.0.weight: 130/512 channels masked
Layer layer4.1.conv1.weight: 115/512 channels masked
Layer layer4.1.conv2.weight: 113/512 channels masked
------------------------- time cost ------------------------- 17.78581213951111
ASR: 0.5128678731470243
attack_auc: 0.8948173084099764
Layer conv1.weight: 19/64 channels masked
Layer layer1.0.conv1.weight: 2/64 channels masked
Layer layer1.0.conv2.weight: 1/64 channels masked
Layer layer1.1.conv1.weight: 1/64 channels masked
Layer layer2.0.downsample.0.weight: 2/128 channels masked
Layer layer3.0.conv2.weight: 1/256 channels masked
Layer layer3.1.conv2.weight: 1/256 channels masked
Layer layer4.0.conv1.weight: 66/512 channels masked
Layer layer4.0.conv2.weight: 101/512 channels masked
Layer layer4.0.downsample.0.weight: 130/512 channels masked
Layer layer4.1.conv1.weight: 115/512 channels masked
Layer layer4.1.conv2.weight: 113/512 channels masked
------------------------- time cost ------------------------- 15.401784181594849

-------------Round number: 510-------------

Evaluate personalized models
Averaged Train Loss: 0.1649
Averaged Test Accurancy: 0.7059
Averaged Test AUC: 0.9494
Std Test Accurancy: 0.1146
Std Test AUC: 0.0256
ASR: 0.5089847773572198
attack_auc: 0.8947836494495213
Layer conv1.weight: 19/64 channels masked
Layer layer1.0.conv1.weight: 2/64 channels masked
Layer layer1.0.conv2.weight: 1/64 channels masked
Layer layer1.1.conv1.weight: 1/64 channels masked
Layer layer2.0.downsample.0.weight: 2/128 channels masked
Layer layer3.0.conv2.weight: 1/256 channels masked
Layer layer3.1.conv2.weight: 1/256 channels masked
Layer layer4.0.conv1.weight: 66/512 channels masked
Layer layer4.0.conv2.weight: 101/512 channels masked
Layer layer4.0.downsample.0.weight: 130/512 channels masked
Layer layer4.1.conv1.weight: 115/512 channels masked
Layer layer4.1.conv2.weight: 113/512 channels masked
------------------------- time cost ------------------------- 21.608864068984985
ASR: 0.5332650464606478
attack_auc: 0.9022222495112372
Layer conv1.weight: 16/64 channels masked
Layer layer1.0.conv1.weight: 2/64 channels masked
Layer layer1.0.conv2.weight: 1/64 channels masked
Layer layer1.1.conv1.weight: 1/64 channels masked
Layer layer2.0.downsample.0.weight: 2/128 channels masked
Layer layer3.0.conv2.weight: 1/256 channels masked
Layer layer3.1.conv2.weight: 1/256 channels masked
Layer layer4.0.conv1.weight: 67/512 channels masked
Layer layer4.0.conv2.weight: 100/512 channels masked
Layer layer4.0.downsample.0.weight: 130/512 channels masked
Layer layer4.1.conv1.weight: 115/512 channels masked
Layer layer4.1.conv2.weight: 113/512 channels masked
------------------------- time cost ------------------------- 14.81826114654541
ASR: 0.5588690173868323
attack_auc: 0.9096500409584819
Layer conv1.weight: 18/64 channels masked
Layer layer1.0.conv1.weight: 2/64 channels masked
Layer layer1.0.conv2.weight: 1/64 channels masked
Layer layer1.1.conv1.weight: 1/64 channels masked
Layer layer2.0.downsample.0.weight: 2/128 channels masked
Layer layer3.0.conv2.weight: 1/256 channels masked
Layer layer3.1.conv2.weight: 1/256 channels masked
Layer layer4.0.conv1.weight: 67/512 channels masked
Layer layer4.0.conv2.weight: 100/512 channels masked
Layer layer4.0.downsample.0.weight: 130/512 channels masked
Layer layer4.1.conv1.weight: 116/512 channels masked
Layer layer4.1.conv2.weight: 113/512 channels masked
------------------------- time cost ------------------------- 16.471279621124268
ASR: 0.5334535690787588
attack_auc: 0.9016793234553098
Layer conv1.weight: 18/64 channels masked
Layer layer1.0.conv1.weight: 2/64 channels masked
Layer layer1.0.conv2.weight: 1/64 channels masked
Layer layer1.1.conv1.weight: 1/64 channels masked
Layer layer2.0.downsample.0.weight: 2/128 channels masked
Layer layer3.0.conv2.weight: 1/256 channels masked
Layer layer3.1.conv2.weight: 1/256 channels masked
Layer layer4.0.conv1.weight: 70/512 channels masked
Layer layer4.0.conv2.weight: 105/512 channels masked
Layer layer4.0.downsample.0.weight: 133/512 channels masked
Layer layer4.1.conv1.weight: 116/512 channels masked
Layer layer4.1.conv2.weight: 113/512 channels masked
------------------------- time cost ------------------------- 13.684388399124146
ASR: 0.5046213383497941
attack_auc: 0.895652130663971
Layer conv1.weight: 18/64 channels masked
Layer layer1.0.conv1.weight: 2/64 channels masked
Layer layer1.0.conv2.weight: 1/64 channels masked
Layer layer1.1.conv1.weight: 1/64 channels masked
Layer layer2.0.downsample.0.weight: 2/128 channels masked
Layer layer3.0.conv2.weight: 1/256 channels masked
Layer layer3.1.conv2.weight: 1/256 channels masked
Layer layer4.0.conv1.weight: 70/512 channels masked
Layer layer4.0.conv2.weight: 105/512 channels masked
Layer layer4.0.downsample.0.weight: 133/512 channels masked
Layer layer4.1.conv1.weight: 116/512 channels masked
Layer layer4.1.conv2.weight: 113/512 channels masked
------------------------- time cost ------------------------- 16.034967184066772
ASR: 0.47403451738001334
attack_auc: 0.8850009830521974
Layer conv1.weight: 18/64 channels masked
Layer layer1.0.conv1.weight: 2/64 channels masked
Layer layer1.0.conv2.weight: 1/64 channels masked
Layer layer1.1.conv1.weight: 1/64 channels masked
Layer layer2.0.downsample.0.weight: 2/128 channels masked
Layer layer3.0.conv2.weight: 1/256 channels masked
Layer layer3.1.conv2.weight: 1/256 channels masked
Layer layer4.0.conv1.weight: 72/512 channels masked
Layer layer4.0.conv2.weight: 106/512 channels masked
Layer layer4.0.downsample.0.weight: 134/512 channels masked
Layer layer4.1.conv1.weight: 116/512 channels masked
Layer layer4.1.conv2.weight: 113/512 channels masked
------------------------- time cost ------------------------- 14.305469036102295
ASR: 0.45976294297688686
attack_auc: 0.8794774810600524
Layer conv1.weight: 18/64 channels masked
Layer layer1.0.conv1.weight: 2/64 channels masked
Layer layer1.0.conv2.weight: 1/64 channels masked
Layer layer1.1.conv1.weight: 1/64 channels masked
Layer layer2.0.downsample.0.weight: 2/128 channels masked
Layer layer3.0.conv2.weight: 1/256 channels masked
Layer layer3.1.conv2.weight: 1/256 channels masked
Layer layer4.0.conv1.weight: 72/512 channels masked
Layer layer4.0.conv2.weight: 105/512 channels masked
Layer layer4.0.downsample.0.weight: 133/512 channels masked
Layer layer4.1.conv1.weight: 116/512 channels masked
Layer layer4.1.conv2.weight: 113/512 channels masked
------------------------- time cost ------------------------- 16.31715679168701
ASR: 0.5090753710309047
attack_auc: 0.8949029485884621
Layer conv1.weight: 18/64 channels masked
Layer layer1.0.conv1.weight: 2/64 channels masked
Layer layer1.0.conv2.weight: 1/64 channels masked
Layer layer1.1.conv1.weight: 1/64 channels masked
Layer layer2.0.downsample.0.weight: 2/128 channels masked
Layer layer3.0.conv2.weight: 1/256 channels masked
Layer layer3.1.conv2.weight: 1/256 channels masked
Layer layer4.0.conv1.weight: 72/512 channels masked
Layer layer4.0.conv2.weight: 106/512 channels masked
Layer layer4.0.downsample.0.weight: 134/512 channels masked
Layer layer4.1.conv1.weight: 116/512 channels masked
Layer layer4.1.conv2.weight: 113/512 channels masked
------------------------- time cost ------------------------- 17.244038820266724
ASR: 0.4888864905292213
attack_auc: 0.8899108366066966
Layer conv1.weight: 18/64 channels masked
Layer layer1.0.conv1.weight: 2/64 channels masked
Layer layer1.0.conv2.weight: 1/64 channels masked
Layer layer1.1.conv1.weight: 1/64 channels masked
Layer layer2.0.downsample.0.weight: 2/128 channels masked
Layer layer3.0.conv2.weight: 1/256 channels masked
Layer layer3.1.conv2.weight: 1/256 channels masked
Layer layer4.0.conv1.weight: 72/512 channels masked
Layer layer4.0.conv2.weight: 105/512 channels masked
Layer layer4.0.downsample.0.weight: 135/512 channels masked
Layer layer4.1.conv1.weight: 116/512 channels masked
Layer layer4.1.conv2.weight: 113/512 channels masked
------------------------- time cost ------------------------- 18.743050575256348
ASR: 0.4908015233906662
attack_auc: 0.8887579687605988
Layer conv1.weight: 18/64 channels masked
Layer layer1.0.conv1.weight: 2/64 channels masked
Layer layer1.0.conv2.weight: 1/64 channels masked
Layer layer1.1.conv1.weight: 1/64 channels masked
Layer layer2.0.downsample.0.weight: 2/128 channels masked
Layer layer3.0.conv2.weight: 1/256 channels masked
Layer layer3.1.conv2.weight: 1/256 channels masked
Layer layer4.0.conv1.weight: 73/512 channels masked
Layer layer4.0.conv2.weight: 105/512 channels masked
Layer layer4.0.downsample.0.weight: 135/512 channels masked
Layer layer4.1.conv1.weight: 116/512 channels masked
Layer layer4.1.conv2.weight: 113/512 channels masked
------------------------- time cost ------------------------- 15.387041091918945

-------------Round number: 520-------------

Evaluate personalized models
Averaged Train Loss: 0.1921
Averaged Test Accurancy: 0.7118
Averaged Test AUC: 0.9506
Std Test Accurancy: 0.1057
Std Test AUC: 0.0254
ASR: 0.48717162089046745
attack_auc: 0.8843809875847362
Layer conv1.weight: 18/64 channels masked
Layer layer1.0.conv1.weight: 2/64 channels masked
Layer layer1.0.conv2.weight: 1/64 channels masked
Layer layer1.1.conv1.weight: 1/64 channels masked
Layer layer2.0.downsample.0.weight: 2/128 channels masked
Layer layer3.0.conv2.weight: 1/256 channels masked
Layer layer3.1.conv2.weight: 1/256 channels masked
Layer layer4.0.conv1.weight: 72/512 channels masked
Layer layer4.0.conv2.weight: 106/512 channels masked
Layer layer4.0.downsample.0.weight: 135/512 channels masked
Layer layer4.1.conv1.weight: 117/512 channels masked
Layer layer4.1.conv2.weight: 113/512 channels masked
------------------------- time cost ------------------------- 21.416959047317505
ASR: 0.4848147529409774
attack_auc: 0.8858593793319003
Layer conv1.weight: 18/64 channels masked
Layer layer1.0.conv1.weight: 2/64 channels masked
Layer layer1.0.conv2.weight: 1/64 channels masked
Layer layer1.1.conv1.weight: 1/64 channels masked
Layer layer2.0.downsample.0.weight: 2/128 channels masked
Layer layer3.0.conv2.weight: 1/256 channels masked
Layer layer3.1.conv2.weight: 1/256 channels masked
Layer layer4.0.conv1.weight: 73/512 channels masked
Layer layer4.0.conv2.weight: 106/512 channels masked
Layer layer4.0.downsample.0.weight: 135/512 channels masked
Layer layer4.1.conv1.weight: 117/512 channels masked
Layer layer4.1.conv2.weight: 113/512 channels masked
------------------------- time cost ------------------------- 17.01675319671631
ASR: 0.4870465252229672
attack_auc: 0.8863132888981432
Layer conv1.weight: 17/64 channels masked
Layer layer1.0.conv1.weight: 2/64 channels masked
Layer layer1.0.conv2.weight: 1/64 channels masked
Layer layer1.1.conv1.weight: 1/64 channels masked
Layer layer2.0.downsample.0.weight: 2/128 channels masked
Layer layer3.0.conv2.weight: 1/256 channels masked
Layer layer3.1.conv2.weight: 1/256 channels masked
Layer layer4.0.conv1.weight: 69/512 channels masked
Layer layer4.0.conv2.weight: 101/512 channels masked
Layer layer4.0.downsample.0.weight: 135/512 channels masked
Layer layer4.1.conv1.weight: 117/512 channels masked
Layer layer4.1.conv2.weight: 113/512 channels masked
------------------------- time cost ------------------------- 18.20518136024475
ASR: 0.5337205770418555
attack_auc: 0.90265419230769
Layer conv1.weight: 17/64 channels masked
Layer layer1.0.conv1.weight: 2/64 channels masked
Layer layer1.0.conv2.weight: 1/64 channels masked
Layer layer1.1.conv1.weight: 1/64 channels masked
Layer layer2.0.downsample.0.weight: 2/128 channels masked
Layer layer3.0.conv2.weight: 1/256 channels masked
Layer layer3.1.conv2.weight: 1/256 channels masked
Layer layer4.0.conv1.weight: 70/512 channels masked
Layer layer4.0.conv2.weight: 108/512 channels masked
Layer layer4.0.downsample.0.weight: 135/512 channels masked
Layer layer4.1.conv1.weight: 117/512 channels masked
Layer layer4.1.conv2.weight: 113/512 channels masked
------------------------- time cost ------------------------- 17.357421875
ASR: 0.515970940249127
attack_auc: 0.8997143721220804
Layer conv1.weight: 17/64 channels masked
Layer layer1.0.conv1.weight: 2/64 channels masked
Layer layer1.0.conv2.weight: 1/64 channels masked
Layer layer1.1.conv1.weight: 1/64 channels masked
Layer layer2.0.downsample.0.weight: 2/128 channels masked
Layer layer3.0.conv2.weight: 1/256 channels masked
Layer layer3.1.conv2.weight: 1/256 channels masked
Layer layer4.0.conv1.weight: 70/512 channels masked
Layer layer4.0.conv2.weight: 109/512 channels masked
Layer layer4.0.downsample.0.weight: 135/512 channels masked
Layer layer4.1.conv1.weight: 117/512 channels masked
Layer layer4.1.conv2.weight: 114/512 channels masked
------------------------- time cost ------------------------- 18.79329490661621
ASR: 0.5018975235123729
attack_auc: 0.8948626971894531
Layer conv1.weight: 17/64 channels masked
Layer layer1.0.conv1.weight: 2/64 channels masked
Layer layer1.0.conv2.weight: 1/64 channels masked
Layer layer1.1.conv1.weight: 1/64 channels masked
Layer layer2.0.downsample.0.weight: 2/128 channels masked
Layer layer3.0.conv2.weight: 1/256 channels masked
Layer layer3.1.conv2.weight: 1/256 channels masked
Layer layer4.0.conv1.weight: 70/512 channels masked
Layer layer4.0.conv2.weight: 109/512 channels masked
Layer layer4.0.downsample.0.weight: 135/512 channels masked
Layer layer4.1.conv1.weight: 117/512 channels masked
Layer layer4.1.conv2.weight: 115/512 channels masked
------------------------- time cost ------------------------- 18.112729787826538
ASR: 0.5218825547202697
attack_auc: 0.9020399292140332
Layer conv1.weight: 17/64 channels masked
Layer layer1.0.conv1.weight: 2/64 channels masked
Layer layer1.0.conv2.weight: 1/64 channels masked
Layer layer1.1.conv1.weight: 1/64 channels masked
Layer layer2.0.downsample.0.weight: 2/128 channels masked
Layer layer3.0.conv2.weight: 1/256 channels masked
Layer layer3.1.conv2.weight: 1/256 channels masked
Layer layer4.0.conv1.weight: 70/512 channels masked
Layer layer4.0.conv2.weight: 110/512 channels masked
Layer layer4.0.downsample.0.weight: 136/512 channels masked
Layer layer4.1.conv1.weight: 117/512 channels masked
Layer layer4.1.conv2.weight: 115/512 channels masked
------------------------- time cost ------------------------- 15.705683708190918
ASR: 0.5257779978783729
attack_auc: 0.9015920075725525
Layer conv1.weight: 17/64 channels masked
Layer layer1.0.conv1.weight: 2/64 channels masked
Layer layer1.0.conv2.weight: 1/64 channels masked
Layer layer1.1.conv1.weight: 1/64 channels masked
Layer layer2.0.downsample.0.weight: 2/128 channels masked
Layer layer3.0.conv2.weight: 1/256 channels masked
Layer layer3.1.conv2.weight: 1/256 channels masked
Layer layer4.0.conv1.weight: 70/512 channels masked
Layer layer4.0.conv2.weight: 110/512 channels masked
Layer layer4.0.downsample.0.weight: 138/512 channels masked
Layer layer4.1.conv1.weight: 117/512 channels masked
Layer layer4.1.conv2.weight: 115/512 channels masked
------------------------- time cost ------------------------- 20.99008059501648
ASR: 0.5079977162388406
attack_auc: 0.8964712359827696
Layer conv1.weight: 17/64 channels masked
Layer layer1.0.conv1.weight: 2/64 channels masked
Layer layer1.0.conv2.weight: 1/64 channels masked
Layer layer1.1.conv1.weight: 1/64 channels masked
Layer layer2.0.downsample.0.weight: 2/128 channels masked
Layer layer3.0.conv2.weight: 1/256 channels masked
Layer layer3.1.conv2.weight: 1/256 channels masked
Layer layer4.0.conv1.weight: 70/512 channels masked
Layer layer4.0.conv2.weight: 110/512 channels masked
Layer layer4.0.downsample.0.weight: 138/512 channels masked
Layer layer4.1.conv1.weight: 117/512 channels masked
Layer layer4.1.conv2.weight: 115/512 channels masked
------------------------- time cost ------------------------- 16.060605764389038
ASR: 0.5260086932720008
attack_auc: 0.9032182643407269
Layer conv1.weight: 17/64 channels masked
Layer layer1.0.conv1.weight: 2/64 channels masked
Layer layer1.0.conv2.weight: 1/64 channels masked
Layer layer1.1.conv1.weight: 1/64 channels masked
Layer layer2.0.downsample.0.weight: 2/128 channels masked
Layer layer3.0.conv2.weight: 1/256 channels masked
Layer layer3.1.conv2.weight: 1/256 channels masked
Layer layer4.0.conv1.weight: 70/512 channels masked
Layer layer4.0.conv2.weight: 111/512 channels masked
Layer layer4.0.downsample.0.weight: 138/512 channels masked
Layer layer4.1.conv1.weight: 117/512 channels masked
Layer layer4.1.conv2.weight: 115/512 channels masked
------------------------- time cost ------------------------- 17.704395532608032

-------------Round number: 530-------------

Evaluate personalized models
Averaged Train Loss: 0.1657
Averaged Test Accurancy: 0.7113
Averaged Test AUC: 0.9501
Std Test Accurancy: 0.0975
Std Test AUC: 0.0261
ASR: 0.5225870479230753
attack_auc: 0.8995697430485153
Layer conv1.weight: 17/64 channels masked
Layer layer1.0.conv1.weight: 2/64 channels masked
Layer layer1.0.conv2.weight: 1/64 channels masked
Layer layer1.1.conv1.weight: 1/64 channels masked
Layer layer2.0.downsample.0.weight: 2/128 channels masked
Layer layer3.0.conv2.weight: 1/256 channels masked
Layer layer3.1.conv2.weight: 1/256 channels masked
Layer layer4.0.conv1.weight: 71/512 channels masked
Layer layer4.0.conv2.weight: 108/512 channels masked
Layer layer4.0.downsample.0.weight: 138/512 channels masked
Layer layer4.1.conv1.weight: 117/512 channels masked
Layer layer4.1.conv2.weight: 115/512 channels masked
------------------------- time cost ------------------------- 27.64565873146057
ASR: 0.5033893821403593
attack_auc: 0.8931803973544419
Layer conv1.weight: 17/64 channels masked
Layer layer1.0.conv1.weight: 2/64 channels masked
Layer layer1.0.conv2.weight: 1/64 channels masked
Layer layer1.1.conv1.weight: 1/64 channels masked
Layer layer2.0.downsample.0.weight: 2/128 channels masked
Layer layer3.0.conv2.weight: 1/256 channels masked
Layer layer3.1.conv2.weight: 1/256 channels masked
Layer layer4.0.conv1.weight: 70/512 channels masked
Layer layer4.0.conv2.weight: 109/512 channels masked
Layer layer4.0.downsample.0.weight: 138/512 channels masked
Layer layer4.1.conv1.weight: 117/512 channels masked
Layer layer4.1.conv2.weight: 115/512 channels masked
------------------------- time cost ------------------------- 14.634806871414185
ASR: 0.5200490591057394
attack_auc: 0.8976240909048866
Layer conv1.weight: 17/64 channels masked
Layer layer1.0.conv1.weight: 2/64 channels masked
Layer layer1.0.conv2.weight: 1/64 channels masked
Layer layer1.1.conv1.weight: 1/64 channels masked
Layer layer2.0.downsample.0.weight: 2/128 channels masked
Layer layer3.0.conv2.weight: 1/256 channels masked
Layer layer3.1.conv2.weight: 1/256 channels masked
Layer layer4.0.conv1.weight: 70/512 channels masked
Layer layer4.0.conv2.weight: 109/512 channels masked
Layer layer4.0.downsample.0.weight: 138/512 channels masked
Layer layer4.1.conv1.weight: 117/512 channels masked
Layer layer4.1.conv2.weight: 115/512 channels masked
------------------------- time cost ------------------------- 17.813847541809082
ASR: 0.5188334257464279
attack_auc: 0.8969889223700984
Layer conv1.weight: 17/64 channels masked
Layer layer1.0.conv1.weight: 2/64 channels masked
Layer layer1.0.conv2.weight: 1/64 channels masked
Layer layer1.1.conv1.weight: 1/64 channels masked
Layer layer2.0.downsample.0.weight: 2/128 channels masked
Layer layer3.0.conv2.weight: 1/256 channels masked
Layer layer3.1.conv2.weight: 1/256 channels masked
Layer layer4.0.conv1.weight: 70/512 channels masked
Layer layer4.0.conv2.weight: 109/512 channels masked
Layer layer4.0.downsample.0.weight: 138/512 channels masked
Layer layer4.1.conv1.weight: 117/512 channels masked
Layer layer4.1.conv2.weight: 115/512 channels masked
------------------------- time cost ------------------------- 13.207024097442627
ASR: 0.5457471654393126
attack_auc: 0.9058588049222742
Layer conv1.weight: 17/64 channels masked
Layer layer1.0.conv1.weight: 2/64 channels masked
Layer layer1.0.conv2.weight: 1/64 channels masked
Layer layer1.1.conv1.weight: 1/64 channels masked
Layer layer2.0.downsample.0.weight: 2/128 channels masked
Layer layer3.0.conv2.weight: 1/256 channels masked
Layer layer3.1.conv2.weight: 1/256 channels masked
Layer layer4.0.conv1.weight: 70/512 channels masked
Layer layer4.0.conv2.weight: 112/512 channels masked
Layer layer4.0.downsample.0.weight: 138/512 channels masked
Layer layer4.1.conv1.weight: 119/512 channels masked
Layer layer4.1.conv2.weight: 115/512 channels masked
------------------------- time cost ------------------------- 15.954569101333618
ASR: 0.4894250085429074
attack_auc: 0.8820613968403862
Layer conv1.weight: 17/64 channels masked
Layer layer1.0.conv1.weight: 2/64 channels masked
Layer layer1.0.conv2.weight: 1/64 channels masked
Layer layer1.1.conv1.weight: 1/64 channels masked
Layer layer2.0.downsample.0.weight: 2/128 channels masked
Layer layer3.0.conv2.weight: 1/256 channels masked
Layer layer3.1.conv2.weight: 1/256 channels masked
Layer layer4.0.conv1.weight: 70/512 channels masked
Layer layer4.0.conv2.weight: 112/512 channels masked
Layer layer4.0.downsample.0.weight: 138/512 channels masked
Layer layer4.1.conv1.weight: 119/512 channels masked
Layer layer4.1.conv2.weight: 115/512 channels masked
------------------------- time cost ------------------------- 16.603657484054565
ASR: 0.49005598759662267
attack_auc: 0.882177399312533
Layer conv1.weight: 17/64 channels masked
Layer layer1.0.conv1.weight: 2/64 channels masked
Layer layer1.0.conv2.weight: 1/64 channels masked
Layer layer1.1.conv1.weight: 1/64 channels masked
Layer layer2.0.downsample.0.weight: 2/128 channels masked
Layer layer3.0.conv2.weight: 1/256 channels masked
Layer layer3.1.conv2.weight: 1/256 channels masked
Layer layer4.0.conv1.weight: 70/512 channels masked
Layer layer4.0.conv2.weight: 112/512 channels masked
Layer layer4.0.downsample.0.weight: 138/512 channels masked
Layer layer4.1.conv1.weight: 119/512 channels masked
Layer layer4.1.conv2.weight: 115/512 channels masked
------------------------- time cost ------------------------- 16.646613836288452
ASR: 0.4848100329144054
attack_auc: 0.878809165329308
Layer conv1.weight: 17/64 channels masked
Layer layer1.0.conv1.weight: 2/64 channels masked
Layer layer1.0.conv2.weight: 1/64 channels masked
Layer layer1.1.conv1.weight: 1/64 channels masked
Layer layer2.0.downsample.0.weight: 2/128 channels masked
Layer layer3.0.conv2.weight: 1/256 channels masked
Layer layer3.1.conv2.weight: 1/256 channels masked
Layer layer4.0.conv1.weight: 73/512 channels masked
Layer layer4.0.conv2.weight: 112/512 channels masked
Layer layer4.0.downsample.0.weight: 138/512 channels masked
Layer layer4.1.conv1.weight: 119/512 channels masked
Layer layer4.1.conv2.weight: 115/512 channels masked
------------------------- time cost ------------------------- 15.542583703994751
ASR: 0.4903852763305634
attack_auc: 0.8801774518628378
Layer conv1.weight: 17/64 channels masked
Layer layer1.0.conv1.weight: 2/64 channels masked
Layer layer1.0.conv2.weight: 1/64 channels masked
Layer layer1.1.conv1.weight: 1/64 channels masked
Layer layer2.0.downsample.0.weight: 2/128 channels masked
Layer layer3.0.conv2.weight: 1/256 channels masked
Layer layer3.1.conv2.weight: 1/256 channels masked
Layer layer4.0.conv1.weight: 73/512 channels masked
Layer layer4.0.conv2.weight: 113/512 channels masked
Layer layer4.0.downsample.0.weight: 139/512 channels masked
Layer layer4.1.conv1.weight: 119/512 channels masked
Layer layer4.1.conv2.weight: 116/512 channels masked
------------------------- time cost ------------------------- 14.8878812789917
ASR: 0.5030162850335178
attack_auc: 0.8849271537925233
Layer conv1.weight: 17/64 channels masked
Layer layer1.0.conv1.weight: 2/64 channels masked
Layer layer1.0.conv2.weight: 1/64 channels masked
Layer layer1.1.conv1.weight: 1/64 channels masked
Layer layer2.0.downsample.0.weight: 2/128 channels masked
Layer layer3.0.conv2.weight: 1/256 channels masked
Layer layer3.1.conv2.weight: 1/256 channels masked
Layer layer4.0.conv1.weight: 74/512 channels masked
Layer layer4.0.conv2.weight: 112/512 channels masked
Layer layer4.0.downsample.0.weight: 139/512 channels masked
Layer layer4.1.conv1.weight: 119/512 channels masked
Layer layer4.1.conv2.weight: 116/512 channels masked
------------------------- time cost ------------------------- 16.40048837661743

-------------Round number: 540-------------

Evaluate personalized models
Averaged Train Loss: 0.1628
Averaged Test Accurancy: 0.7103
Averaged Test AUC: 0.9494
Std Test Accurancy: 0.1088
Std Test AUC: 0.0271
ASR: 0.48999516267649385
attack_auc: 0.8743988477975502
Layer conv1.weight: 17/64 channels masked
Layer layer1.0.conv1.weight: 2/64 channels masked
Layer layer1.0.conv2.weight: 1/64 channels masked
Layer layer1.1.conv1.weight: 1/64 channels masked
Layer layer2.0.downsample.0.weight: 2/128 channels masked
Layer layer3.0.conv2.weight: 1/256 channels masked
Layer layer3.1.conv2.weight: 1/256 channels masked
Layer layer4.0.conv1.weight: 74/512 channels masked
Layer layer4.0.conv2.weight: 112/512 channels masked
Layer layer4.0.downsample.0.weight: 139/512 channels masked
Layer layer4.1.conv1.weight: 119/512 channels masked
Layer layer4.1.conv2.weight: 116/512 channels masked
------------------------- time cost ------------------------- 24.842424154281616
ASR: 0.4950192926645882
attack_auc: 0.8838346806073696
Layer conv1.weight: 17/64 channels masked
Layer layer1.0.conv1.weight: 2/64 channels masked
Layer layer1.0.conv2.weight: 1/64 channels masked
Layer layer1.1.conv1.weight: 1/64 channels masked
Layer layer2.0.downsample.0.weight: 2/128 channels masked
Layer layer3.0.conv2.weight: 1/256 channels masked
Layer layer3.1.conv2.weight: 1/256 channels masked
Layer layer4.0.conv1.weight: 74/512 channels masked
Layer layer4.0.conv2.weight: 112/512 channels masked
Layer layer4.0.downsample.0.weight: 139/512 channels masked
Layer layer4.1.conv1.weight: 119/512 channels masked
Layer layer4.1.conv2.weight: 116/512 channels masked
------------------------- time cost ------------------------- 18.14085030555725
ASR: 0.4785297475067696
attack_auc: 0.8787757651124448
Layer conv1.weight: 17/64 channels masked
Layer layer1.0.conv1.weight: 2/64 channels masked
Layer layer1.0.conv2.weight: 1/64 channels masked
Layer layer1.1.conv1.weight: 1/64 channels masked
Layer layer2.0.downsample.0.weight: 2/128 channels masked
Layer layer3.0.conv2.weight: 1/256 channels masked
Layer layer3.1.conv2.weight: 1/256 channels masked
Layer layer4.0.conv1.weight: 74/512 channels masked
Layer layer4.0.conv2.weight: 112/512 channels masked
Layer layer4.0.downsample.0.weight: 139/512 channels masked
Layer layer4.1.conv1.weight: 119/512 channels masked
Layer layer4.1.conv2.weight: 116/512 channels masked
------------------------- time cost ------------------------- 15.629331588745117
ASR: 0.48200776242845217
attack_auc: 0.8818882839392069
Layer conv1.weight: 17/64 channels masked
Layer layer1.0.conv1.weight: 2/64 channels masked
Layer layer1.0.conv2.weight: 1/64 channels masked
Layer layer1.1.conv1.weight: 1/64 channels masked
Layer layer2.0.downsample.0.weight: 2/128 channels masked
Layer layer3.0.conv2.weight: 1/256 channels masked
Layer layer3.1.conv2.weight: 1/256 channels masked
Layer layer4.0.conv1.weight: 75/512 channels masked
Layer layer4.0.conv2.weight: 112/512 channels masked
Layer layer4.0.downsample.0.weight: 139/512 channels masked
Layer layer4.1.conv1.weight: 119/512 channels masked
Layer layer4.1.conv2.weight: 116/512 channels masked
------------------------- time cost ------------------------- 17.632447481155396
ASR: 0.5217551192781984
attack_auc: 0.9000985250844044
Layer conv1.weight: 17/64 channels masked
Layer layer1.0.conv1.weight: 2/64 channels masked
Layer layer1.0.conv2.weight: 1/64 channels masked
Layer layer1.1.conv1.weight: 1/64 channels masked
Layer layer2.0.downsample.0.weight: 2/128 channels masked
Layer layer3.0.conv2.weight: 1/256 channels masked
Layer layer3.1.conv2.weight: 1/256 channels masked
Layer layer4.0.conv1.weight: 75/512 channels masked
Layer layer4.0.conv2.weight: 113/512 channels masked
Layer layer4.0.downsample.0.weight: 139/512 channels masked
Layer layer4.1.conv1.weight: 119/512 channels masked
Layer layer4.1.conv2.weight: 116/512 channels masked
------------------------- time cost ------------------------- 17.01392364501953
ASR: 0.5170685418317152
attack_auc: 0.8966372429637832
Layer conv1.weight: 17/64 channels masked
Layer layer1.0.conv1.weight: 2/64 channels masked
Layer layer1.0.conv2.weight: 1/64 channels masked
Layer layer1.1.conv1.weight: 1/64 channels masked
Layer layer2.0.downsample.0.weight: 2/128 channels masked
Layer layer3.0.conv2.weight: 1/256 channels masked
Layer layer3.1.conv2.weight: 1/256 channels masked
Layer layer4.0.conv1.weight: 75/512 channels masked
Layer layer4.0.conv2.weight: 113/512 channels masked
Layer layer4.0.downsample.0.weight: 139/512 channels masked
Layer layer4.1.conv1.weight: 119/512 channels masked
Layer layer4.1.conv2.weight: 116/512 channels masked
------------------------- time cost ------------------------- 13.773945093154907
ASR: 0.5030257340092892
attack_auc: 0.8890938928481869
Layer conv1.weight: 17/64 channels masked
Layer layer1.0.conv1.weight: 2/64 channels masked
Layer layer1.0.conv2.weight: 1/64 channels masked
Layer layer1.1.conv1.weight: 1/64 channels masked
Layer layer2.0.downsample.0.weight: 2/128 channels masked
Layer layer3.0.conv2.weight: 1/256 channels masked
Layer layer3.1.conv2.weight: 1/256 channels masked
Layer layer4.0.conv1.weight: 76/512 channels masked
Layer layer4.0.conv2.weight: 114/512 channels masked
Layer layer4.0.downsample.0.weight: 138/512 channels masked
Layer layer4.1.conv1.weight: 121/512 channels masked
Layer layer4.1.conv2.weight: 116/512 channels masked
------------------------- time cost ------------------------- 18.33230757713318
ASR: 0.48285695914585286
attack_auc: 0.8826548470010137
Layer conv1.weight: 17/64 channels masked
Layer layer1.0.conv1.weight: 2/64 channels masked
Layer layer1.0.conv2.weight: 1/64 channels masked
Layer layer1.1.conv1.weight: 1/64 channels masked
Layer layer2.0.downsample.0.weight: 2/128 channels masked
Layer layer3.0.conv2.weight: 1/256 channels masked
Layer layer3.1.conv2.weight: 1/256 channels masked
Layer layer4.0.conv1.weight: 77/512 channels masked
Layer layer4.0.conv2.weight: 114/512 channels masked
Layer layer4.0.downsample.0.weight: 139/512 channels masked
Layer layer4.1.conv1.weight: 121/512 channels masked
Layer layer4.1.conv2.weight: 116/512 channels masked
------------------------- time cost ------------------------- 14.532532930374146
ASR: 0.46574817763759263
attack_auc: 0.8813392161708846
Layer conv1.weight: 17/64 channels masked
Layer layer1.0.conv1.weight: 2/64 channels masked
Layer layer1.0.conv2.weight: 1/64 channels masked
Layer layer1.1.conv1.weight: 1/64 channels masked
Layer layer2.0.downsample.0.weight: 2/128 channels masked
Layer layer3.0.conv2.weight: 1/256 channels masked
Layer layer3.1.conv2.weight: 1/256 channels masked
Layer layer4.0.conv1.weight: 77/512 channels masked
Layer layer4.0.conv2.weight: 114/512 channels masked
Layer layer4.0.downsample.0.weight: 139/512 channels masked
Layer layer4.1.conv1.weight: 121/512 channels masked
Layer layer4.1.conv2.weight: 116/512 channels masked
------------------------- time cost ------------------------- 19.62934947013855
ASR: 0.44931606570518123
attack_auc: 0.87493339448752
Layer conv1.weight: 17/64 channels masked
Layer layer1.0.conv1.weight: 2/64 channels masked
Layer layer1.0.conv2.weight: 1/64 channels masked
Layer layer1.1.conv1.weight: 1/64 channels masked
Layer layer2.0.downsample.0.weight: 2/128 channels masked
Layer layer3.0.conv2.weight: 1/256 channels masked
Layer layer3.1.conv2.weight: 1/256 channels masked
Layer layer4.0.conv1.weight: 75/512 channels masked
Layer layer4.0.conv2.weight: 114/512 channels masked
Layer layer4.0.downsample.0.weight: 139/512 channels masked
Layer layer4.1.conv1.weight: 121/512 channels masked
Layer layer4.1.conv2.weight: 116/512 channels masked
------------------------- time cost ------------------------- 16.367995738983154

-------------Round number: 550-------------

Evaluate personalized models
Averaged Train Loss: 0.1434
Averaged Test Accurancy: 0.7185
Averaged Test AUC: 0.9517
Std Test Accurancy: 0.0988
Std Test AUC: 0.0277
ASR: 0.46425588193131495
attack_auc: 0.8797699254308273
Layer conv1.weight: 17/64 channels masked
Layer layer1.0.conv1.weight: 2/64 channels masked
Layer layer1.0.conv2.weight: 1/64 channels masked
Layer layer1.1.conv1.weight: 1/64 channels masked
Layer layer2.0.downsample.0.weight: 2/128 channels masked
Layer layer3.0.conv2.weight: 1/256 channels masked
Layer layer3.1.conv2.weight: 1/256 channels masked
Layer layer4.0.conv1.weight: 75/512 channels masked
Layer layer4.0.conv2.weight: 115/512 channels masked
Layer layer4.0.downsample.0.weight: 139/512 channels masked
Layer layer4.1.conv1.weight: 121/512 channels masked
Layer layer4.1.conv2.weight: 116/512 channels masked
------------------------- time cost ------------------------- 21.964624881744385
ASR: 0.4614455589222976
attack_auc: 0.8797145940649294
Layer conv1.weight: 17/64 channels masked
Layer layer1.0.conv1.weight: 2/64 channels masked
Layer layer1.0.conv2.weight: 1/64 channels masked
Layer layer1.1.conv1.weight: 1/64 channels masked
Layer layer2.0.downsample.0.weight: 2/128 channels masked
Layer layer3.0.conv2.weight: 1/256 channels masked
Layer layer3.1.conv2.weight: 1/256 channels masked
Layer layer4.0.conv1.weight: 70/512 channels masked
Layer layer4.0.conv2.weight: 111/512 channels masked
Layer layer4.0.downsample.0.weight: 139/512 channels masked
Layer layer4.1.conv1.weight: 119/512 channels masked
Layer layer4.1.conv2.weight: 116/512 channels masked
------------------------- time cost ------------------------- 16.79105567932129
ASR: 0.4426728263080371
attack_auc: 0.8755901646251156
Layer conv1.weight: 17/64 channels masked
Layer layer1.0.conv1.weight: 2/64 channels masked
Layer layer1.0.conv2.weight: 1/64 channels masked
Layer layer1.1.conv1.weight: 1/64 channels masked
Layer layer2.0.downsample.0.weight: 2/128 channels masked
Layer layer3.0.conv2.weight: 1/256 channels masked
Layer layer3.1.conv2.weight: 1/256 channels masked
Layer layer4.0.conv1.weight: 72/512 channels masked
Layer layer4.0.conv2.weight: 113/512 channels masked
Layer layer4.0.downsample.0.weight: 139/512 channels masked
Layer layer4.1.conv1.weight: 121/512 channels masked
Layer layer4.1.conv2.weight: 116/512 channels masked
------------------------- time cost ------------------------- 15.78601861000061
ASR: 0.47182501128158905
attack_auc: 0.8848915558317245
Layer conv1.weight: 17/64 channels masked
Layer layer1.0.conv1.weight: 2/64 channels masked
Layer layer1.0.conv2.weight: 1/64 channels masked
Layer layer1.1.conv1.weight: 1/64 channels masked
Layer layer2.0.downsample.0.weight: 2/128 channels masked
Layer layer3.0.conv2.weight: 1/256 channels masked
Layer layer3.1.conv2.weight: 1/256 channels masked
Layer layer4.0.conv1.weight: 73/512 channels masked
Layer layer4.0.conv2.weight: 113/512 channels masked
Layer layer4.0.downsample.0.weight: 139/512 channels masked
Layer layer4.1.conv1.weight: 121/512 channels masked
Layer layer4.1.conv2.weight: 116/512 channels masked
------------------------- time cost ------------------------- 17.22967004776001
ASR: 0.4690490683605944
attack_auc: 0.8846363069914521
Layer conv1.weight: 17/64 channels masked
Layer layer1.0.conv1.weight: 2/64 channels masked
Layer layer1.0.conv2.weight: 1/64 channels masked
Layer layer1.1.conv1.weight: 1/64 channels masked
Layer layer2.0.downsample.0.weight: 2/128 channels masked
Layer layer3.0.conv2.weight: 1/256 channels masked
Layer layer3.1.conv2.weight: 1/256 channels masked
Layer layer4.0.conv1.weight: 75/512 channels masked
Layer layer4.0.conv2.weight: 113/512 channels masked
Layer layer4.0.downsample.0.weight: 140/512 channels masked
Layer layer4.1.conv1.weight: 122/512 channels masked
Layer layer4.1.conv2.weight: 116/512 channels masked
------------------------- time cost ------------------------- 17.430469751358032
ASR: 0.4518016065822637
attack_auc: 0.8790369412594992
Layer conv1.weight: 17/64 channels masked
Layer layer1.0.conv1.weight: 2/64 channels masked
Layer layer1.0.conv2.weight: 1/64 channels masked
Layer layer1.1.conv1.weight: 1/64 channels masked
Layer layer2.0.downsample.0.weight: 2/128 channels masked
Layer layer3.0.conv2.weight: 1/256 channels masked
Layer layer3.1.conv2.weight: 1/256 channels masked
Layer layer4.0.conv1.weight: 76/512 channels masked
Layer layer4.0.conv2.weight: 113/512 channels masked
Layer layer4.0.downsample.0.weight: 140/512 channels masked
Layer layer4.1.conv1.weight: 122/512 channels masked
Layer layer4.1.conv2.weight: 116/512 channels masked
------------------------- time cost ------------------------- 16.39801287651062
ASR: 0.5034078761924144
attack_auc: 0.8966263999319656
Layer conv1.weight: 17/64 channels masked
Layer layer1.0.conv1.weight: 2/64 channels masked
Layer layer1.0.conv2.weight: 1/64 channels masked
Layer layer1.1.conv1.weight: 1/64 channels masked
Layer layer2.0.downsample.0.weight: 2/128 channels masked
Layer layer3.0.conv2.weight: 1/256 channels masked
Layer layer3.1.conv2.weight: 1/256 channels masked
Layer layer4.0.conv1.weight: 76/512 channels masked
Layer layer4.0.conv2.weight: 113/512 channels masked
Layer layer4.0.downsample.0.weight: 140/512 channels masked
Layer layer4.1.conv1.weight: 123/512 channels masked
Layer layer4.1.conv2.weight: 116/512 channels masked
------------------------- time cost ------------------------- 15.163853645324707
ASR: 0.43904499482411924
attack_auc: 0.8744997581191674
Layer conv1.weight: 17/64 channels masked
Layer layer1.0.conv1.weight: 2/64 channels masked
Layer layer1.0.conv2.weight: 1/64 channels masked
Layer layer1.1.conv1.weight: 1/64 channels masked
Layer layer2.0.downsample.0.weight: 2/128 channels masked
Layer layer3.0.conv2.weight: 1/256 channels masked
Layer layer3.1.conv2.weight: 1/256 channels masked
Layer layer4.0.conv1.weight: 76/512 channels masked
Layer layer4.0.conv2.weight: 113/512 channels masked
Layer layer4.0.downsample.0.weight: 140/512 channels masked
Layer layer4.1.conv1.weight: 123/512 channels masked
Layer layer4.1.conv2.weight: 116/512 channels masked
------------------------- time cost ------------------------- 12.02066707611084
ASR: 0.4448796837079573
attack_auc: 0.8763461371700719
Layer conv1.weight: 17/64 channels masked
Layer layer1.0.conv1.weight: 2/64 channels masked
Layer layer1.0.conv2.weight: 1/64 channels masked
Layer layer1.1.conv1.weight: 1/64 channels masked
Layer layer2.0.downsample.0.weight: 2/128 channels masked
Layer layer3.0.conv2.weight: 1/256 channels masked
Layer layer3.1.conv2.weight: 2/256 channels masked
Layer layer4.0.conv1.weight: 82/512 channels masked
Layer layer4.0.conv2.weight: 113/512 channels masked
Layer layer4.0.downsample.0.weight: 142/512 channels masked
Layer layer4.1.conv1.weight: 123/512 channels masked
Layer layer4.1.conv2.weight: 117/512 channels masked
------------------------- time cost ------------------------- 17.33679461479187
ASR: 0.4512289298918776
attack_auc: 0.8810911561198763
Layer conv1.weight: 17/64 channels masked
Layer layer1.0.conv1.weight: 2/64 channels masked
Layer layer1.0.conv2.weight: 1/64 channels masked
Layer layer1.1.conv1.weight: 1/64 channels masked
Layer layer2.0.downsample.0.weight: 2/128 channels masked
Layer layer3.0.conv2.weight: 1/256 channels masked
Layer layer3.1.conv2.weight: 2/256 channels masked
Layer layer4.0.conv1.weight: 81/512 channels masked
Layer layer4.0.conv2.weight: 114/512 channels masked
Layer layer4.0.downsample.0.weight: 142/512 channels masked
Layer layer4.1.conv1.weight: 123/512 channels masked
Layer layer4.1.conv2.weight: 117/512 channels masked
------------------------- time cost ------------------------- 16.358208417892456

-------------Round number: 560-------------

Evaluate personalized models
Averaged Train Loss: 0.2083
Averaged Test Accurancy: 0.6899
Averaged Test AUC: 0.9460
Std Test Accurancy: 0.1116
Std Test AUC: 0.0285
ASR: 0.4760909166780225
attack_auc: 0.8856880863380853
Layer conv1.weight: 17/64 channels masked
Layer layer1.0.conv1.weight: 2/64 channels masked
Layer layer1.0.conv2.weight: 1/64 channels masked
Layer layer1.1.conv1.weight: 1/64 channels masked
Layer layer2.0.downsample.0.weight: 2/128 channels masked
Layer layer3.0.conv2.weight: 1/256 channels masked
Layer layer3.1.conv2.weight: 2/256 channels masked
Layer layer4.0.conv1.weight: 81/512 channels masked
Layer layer4.0.conv2.weight: 114/512 channels masked
Layer layer4.0.downsample.0.weight: 143/512 channels masked
Layer layer4.1.conv1.weight: 123/512 channels masked
Layer layer4.1.conv2.weight: 117/512 channels masked
------------------------- time cost ------------------------- 23.28972315788269
ASR: 0.46165759979375603
attack_auc: 0.8807605399751367
Layer conv1.weight: 17/64 channels masked
Layer layer1.0.conv1.weight: 2/64 channels masked
Layer layer1.0.conv2.weight: 1/64 channels masked
Layer layer1.1.conv1.weight: 1/64 channels masked
Layer layer2.0.downsample.0.weight: 2/128 channels masked
Layer layer3.0.conv2.weight: 1/256 channels masked
Layer layer3.1.conv2.weight: 2/256 channels masked
Layer layer4.0.conv1.weight: 81/512 channels masked
Layer layer4.0.conv2.weight: 114/512 channels masked
Layer layer4.0.downsample.0.weight: 143/512 channels masked
Layer layer4.1.conv1.weight: 125/512 channels masked
Layer layer4.1.conv2.weight: 117/512 channels masked
------------------------- time cost ------------------------- 17.42920732498169
ASR: 0.4530250024890912
attack_auc: 0.8770153019459523
Layer conv1.weight: 17/64 channels masked
Layer layer1.0.conv1.weight: 2/64 channels masked
Layer layer1.0.conv2.weight: 1/64 channels masked
Layer layer1.1.conv1.weight: 1/64 channels masked
Layer layer2.0.downsample.0.weight: 2/128 channels masked
Layer layer3.0.conv2.weight: 1/256 channels masked
Layer layer3.1.conv2.weight: 2/256 channels masked
Layer layer4.0.conv1.weight: 81/512 channels masked
Layer layer4.0.conv2.weight: 114/512 channels masked
Layer layer4.0.downsample.0.weight: 143/512 channels masked
Layer layer4.1.conv1.weight: 126/512 channels masked
Layer layer4.1.conv2.weight: 119/512 channels masked
------------------------- time cost ------------------------- 10.326233386993408
ASR: 0.5062016902390989
attack_auc: 0.8922225285454425
Layer conv1.weight: 17/64 channels masked
Layer layer1.0.conv1.weight: 2/64 channels masked
Layer layer1.0.conv2.weight: 1/64 channels masked
Layer layer1.1.conv1.weight: 1/64 channels masked
Layer layer2.0.downsample.0.weight: 2/128 channels masked
Layer layer3.0.conv2.weight: 1/256 channels masked
Layer layer3.1.conv2.weight: 2/256 channels masked
Layer layer4.0.conv1.weight: 81/512 channels masked
Layer layer4.0.conv2.weight: 114/512 channels masked
Layer layer4.0.downsample.0.weight: 143/512 channels masked
Layer layer4.1.conv1.weight: 126/512 channels masked
Layer layer4.1.conv2.weight: 119/512 channels masked
------------------------- time cost ------------------------- 20.478880405426025
ASR: 0.49435803310915205
attack_auc: 0.8857852036248608
Layer conv1.weight: 17/64 channels masked
Layer layer1.0.conv1.weight: 2/64 channels masked
Layer layer1.0.conv2.weight: 1/64 channels masked
Layer layer1.1.conv1.weight: 1/64 channels masked
Layer layer2.0.downsample.0.weight: 2/128 channels masked
Layer layer3.0.conv2.weight: 1/256 channels masked
Layer layer3.1.conv2.weight: 2/256 channels masked
Layer layer4.0.conv1.weight: 78/512 channels masked
Layer layer4.0.conv2.weight: 117/512 channels masked
Layer layer4.0.downsample.0.weight: 144/512 channels masked
Layer layer4.1.conv1.weight: 126/512 channels masked
Layer layer4.1.conv2.weight: 119/512 channels masked
------------------------- time cost ------------------------- 15.911559104919434
ASR: 0.49342537002494075
attack_auc: 0.8883102390827616
Layer conv1.weight: 17/64 channels masked
Layer layer1.0.conv1.weight: 2/64 channels masked
Layer layer1.0.conv2.weight: 1/64 channels masked
Layer layer1.1.conv1.weight: 1/64 channels masked
Layer layer2.0.downsample.0.weight: 2/128 channels masked
Layer layer3.0.conv2.weight: 1/256 channels masked
Layer layer3.1.conv2.weight: 2/256 channels masked
Layer layer4.0.conv1.weight: 78/512 channels masked
Layer layer4.0.conv2.weight: 117/512 channels masked
Layer layer4.0.downsample.0.weight: 144/512 channels masked
Layer layer4.1.conv1.weight: 127/512 channels masked
Layer layer4.1.conv2.weight: 119/512 channels masked
------------------------- time cost ------------------------- 15.16583251953125
ASR: 0.538558343731497
attack_auc: 0.9017425569163703
Layer conv1.weight: 17/64 channels masked
Layer layer1.0.conv1.weight: 2/64 channels masked
Layer layer1.0.conv2.weight: 1/64 channels masked
Layer layer1.1.conv1.weight: 1/64 channels masked
Layer layer2.0.downsample.0.weight: 2/128 channels masked
Layer layer3.0.conv2.weight: 1/256 channels masked
Layer layer3.1.conv2.weight: 2/256 channels masked
Layer layer4.0.conv1.weight: 77/512 channels masked
Layer layer4.0.conv2.weight: 116/512 channels masked
Layer layer4.0.downsample.0.weight: 144/512 channels masked
Layer layer4.1.conv1.weight: 127/512 channels masked
Layer layer4.1.conv2.weight: 119/512 channels masked
------------------------- time cost ------------------------- 17.894019603729248
ASR: 0.502237178218601
attack_auc: 0.8916325564915795
Layer conv1.weight: 17/64 channels masked
Layer layer1.0.conv1.weight: 2/64 channels masked
Layer layer1.0.conv2.weight: 1/64 channels masked
Layer layer1.1.conv1.weight: 1/64 channels masked
Layer layer2.0.downsample.0.weight: 2/128 channels masked
Layer layer3.0.conv2.weight: 1/256 channels masked
Layer layer3.1.conv2.weight: 2/256 channels masked
Layer layer4.0.conv1.weight: 77/512 channels masked
Layer layer4.0.conv2.weight: 117/512 channels masked
Layer layer4.0.downsample.0.weight: 144/512 channels masked
Layer layer4.1.conv1.weight: 127/512 channels masked
Layer layer4.1.conv2.weight: 119/512 channels masked
------------------------- time cost ------------------------- 18.542506456375122
ASR: 0.5099595761892756
attack_auc: 0.8883835901517662
Layer conv1.weight: 17/64 channels masked
Layer layer1.0.conv1.weight: 2/64 channels masked
Layer layer1.0.conv2.weight: 1/64 channels masked
Layer layer1.1.conv1.weight: 1/64 channels masked
Layer layer2.0.downsample.0.weight: 2/128 channels masked
Layer layer3.0.conv2.weight: 1/256 channels masked
Layer layer3.1.conv2.weight: 2/256 channels masked
Layer layer4.0.conv1.weight: 78/512 channels masked
Layer layer4.0.conv2.weight: 117/512 channels masked
Layer layer4.0.downsample.0.weight: 144/512 channels masked
Layer layer4.1.conv1.weight: 127/512 channels masked
Layer layer4.1.conv2.weight: 119/512 channels masked
------------------------- time cost ------------------------- 16.77141046524048
ASR: 0.5228187699798282
attack_auc: 0.8948923520992308
Layer conv1.weight: 17/64 channels masked
Layer layer1.0.conv1.weight: 2/64 channels masked
Layer layer1.0.conv2.weight: 1/64 channels masked
Layer layer1.1.conv1.weight: 1/64 channels masked
Layer layer2.0.downsample.0.weight: 2/128 channels masked
Layer layer3.0.conv2.weight: 1/256 channels masked
Layer layer3.1.conv2.weight: 2/256 channels masked
Layer layer4.0.conv1.weight: 78/512 channels masked
Layer layer4.0.conv2.weight: 117/512 channels masked
Layer layer4.0.downsample.0.weight: 144/512 channels masked
Layer layer4.1.conv1.weight: 128/512 channels masked
Layer layer4.1.conv2.weight: 119/512 channels masked
------------------------- time cost ------------------------- 18.12378692626953

-------------Round number: 570-------------

Evaluate personalized models
Averaged Train Loss: 0.2206
Averaged Test Accurancy: 0.6887
Averaged Test AUC: 0.9446
Std Test Accurancy: 0.1242
Std Test AUC: 0.0333
ASR: 0.5351224760463296
attack_auc: 0.9017606807206155
Layer conv1.weight: 17/64 channels masked
Layer layer1.0.conv1.weight: 2/64 channels masked
Layer layer1.0.conv2.weight: 1/64 channels masked
Layer layer1.1.conv1.weight: 1/64 channels masked
Layer layer2.0.downsample.0.weight: 2/128 channels masked
Layer layer3.0.conv2.weight: 1/256 channels masked
Layer layer3.1.conv2.weight: 2/256 channels masked
Layer layer4.0.conv1.weight: 78/512 channels masked
Layer layer4.0.conv2.weight: 117/512 channels masked
Layer layer4.0.downsample.0.weight: 144/512 channels masked
Layer layer4.1.conv1.weight: 128/512 channels masked
Layer layer4.1.conv2.weight: 119/512 channels masked
------------------------- time cost ------------------------- 23.361423015594482
ASR: 0.5403950374066451
attack_auc: 0.9007941605651234
Layer conv1.weight: 17/64 channels masked
Layer layer1.0.conv1.weight: 2/64 channels masked
Layer layer1.0.conv2.weight: 1/64 channels masked
Layer layer1.1.conv1.weight: 1/64 channels masked
Layer layer2.0.downsample.0.weight: 2/128 channels masked
Layer layer3.0.conv2.weight: 1/256 channels masked
Layer layer3.1.conv2.weight: 2/256 channels masked
Layer layer4.0.conv1.weight: 78/512 channels masked
Layer layer4.0.conv2.weight: 117/512 channels masked
Layer layer4.0.downsample.0.weight: 144/512 channels masked
Layer layer4.1.conv1.weight: 128/512 channels masked
Layer layer4.1.conv2.weight: 119/512 channels masked
------------------------- time cost ------------------------- 18.750473260879517
ASR: 0.5364782849426895
attack_auc: 0.8984720778944378
Layer conv1.weight: 17/64 channels masked
Layer layer1.0.conv1.weight: 2/64 channels masked
Layer layer1.0.conv2.weight: 1/64 channels masked
Layer layer1.1.conv1.weight: 1/64 channels masked
Layer layer2.0.downsample.0.weight: 2/128 channels masked
Layer layer3.0.conv2.weight: 1/256 channels masked
Layer layer3.1.conv2.weight: 2/256 channels masked
Layer layer4.0.conv1.weight: 76/512 channels masked
Layer layer4.0.conv2.weight: 114/512 channels masked
Layer layer4.0.downsample.0.weight: 144/512 channels masked
Layer layer4.1.conv1.weight: 127/512 channels masked
Layer layer4.1.conv2.weight: 119/512 channels masked
------------------------- time cost ------------------------- 15.826544046401978
ASR: 0.55428049985521
attack_auc: 0.9044958478983514
Layer conv1.weight: 16/64 channels masked
Layer layer1.0.conv1.weight: 2/64 channels masked
Layer layer1.0.conv2.weight: 1/64 channels masked
Layer layer1.1.conv1.weight: 1/64 channels masked
Layer layer2.0.downsample.0.weight: 2/128 channels masked
Layer layer3.0.conv2.weight: 1/256 channels masked
Layer layer3.1.conv2.weight: 2/256 channels masked
Layer layer4.0.conv1.weight: 76/512 channels masked
Layer layer4.0.conv2.weight: 115/512 channels masked
Layer layer4.0.downsample.0.weight: 145/512 channels masked
Layer layer4.1.conv1.weight: 131/512 channels masked
Layer layer4.1.conv2.weight: 120/512 channels masked
------------------------- time cost ------------------------- 16.777626991271973
ASR: 0.5092056698993097
attack_auc: 0.8922054844724291
Layer conv1.weight: 17/64 channels masked
Layer layer1.0.conv1.weight: 2/64 channels masked
Layer layer1.0.conv2.weight: 1/64 channels masked
Layer layer1.1.conv1.weight: 1/64 channels masked
Layer layer2.0.downsample.0.weight: 2/128 channels masked
Layer layer3.0.conv2.weight: 1/256 channels masked
Layer layer3.1.conv2.weight: 2/256 channels masked
Layer layer4.0.conv1.weight: 80/512 channels masked
Layer layer4.0.conv2.weight: 117/512 channels masked
Layer layer4.0.downsample.0.weight: 145/512 channels masked
Layer layer4.1.conv1.weight: 131/512 channels masked
Layer layer4.1.conv2.weight: 120/512 channels masked
------------------------- time cost ------------------------- 17.64735460281372
ASR: 0.5036989808841446
attack_auc: 0.8894501945625729
Layer conv1.weight: 17/64 channels masked
Layer layer1.0.conv1.weight: 2/64 channels masked
Layer layer1.0.conv2.weight: 1/64 channels masked
Layer layer1.1.conv1.weight: 1/64 channels masked
Layer layer2.0.downsample.0.weight: 2/128 channels masked
Layer layer3.0.conv2.weight: 1/256 channels masked
Layer layer3.1.conv2.weight: 2/256 channels masked
Layer layer4.0.conv1.weight: 80/512 channels masked
Layer layer4.0.conv2.weight: 118/512 channels masked
Layer layer4.0.downsample.0.weight: 145/512 channels masked
Layer layer4.1.conv1.weight: 131/512 channels masked
Layer layer4.1.conv2.weight: 120/512 channels masked
------------------------- time cost ------------------------- 13.543881893157959
ASR: 0.5123112155445627
attack_auc: 0.893273762487171
Layer conv1.weight: 17/64 channels masked
Layer layer1.0.conv1.weight: 2/64 channels masked
Layer layer1.0.conv2.weight: 1/64 channels masked
Layer layer1.1.conv1.weight: 1/64 channels masked
Layer layer2.0.downsample.0.weight: 2/128 channels masked
Layer layer3.0.conv2.weight: 1/256 channels masked
Layer layer3.1.conv2.weight: 2/256 channels masked
Layer layer4.0.conv1.weight: 82/512 channels masked
Layer layer4.0.conv2.weight: 118/512 channels masked
Layer layer4.0.downsample.0.weight: 145/512 channels masked
Layer layer4.1.conv1.weight: 133/512 channels masked
Layer layer4.1.conv2.weight: 120/512 channels masked
------------------------- time cost ------------------------- 16.55886960029602
ASR: 0.4844570894294686
attack_auc: 0.8846282108539274
Layer conv1.weight: 17/64 channels masked
Layer layer1.0.conv1.weight: 2/64 channels masked
Layer layer1.0.conv2.weight: 1/64 channels masked
Layer layer1.1.conv1.weight: 1/64 channels masked
Layer layer2.0.downsample.0.weight: 2/128 channels masked
Layer layer3.0.conv2.weight: 1/256 channels masked
Layer layer3.1.conv2.weight: 2/256 channels masked
Layer layer4.0.conv1.weight: 82/512 channels masked
Layer layer4.0.conv2.weight: 118/512 channels masked
Layer layer4.0.downsample.0.weight: 145/512 channels masked
Layer layer4.1.conv1.weight: 133/512 channels masked
Layer layer4.1.conv2.weight: 120/512 channels masked
------------------------- time cost ------------------------- 17.338195085525513
ASR: 0.4966804192571945
attack_auc: 0.8896005839408324
Layer conv1.weight: 17/64 channels masked
Layer layer1.0.conv1.weight: 2/64 channels masked
Layer layer1.0.conv2.weight: 1/64 channels masked
Layer layer1.1.conv1.weight: 1/64 channels masked
Layer layer2.0.downsample.0.weight: 2/128 channels masked
Layer layer3.0.conv2.weight: 1/256 channels masked
Layer layer3.1.conv2.weight: 2/256 channels masked
Layer layer4.0.conv1.weight: 82/512 channels masked
Layer layer4.0.conv2.weight: 117/512 channels masked
Layer layer4.0.downsample.0.weight: 143/512 channels masked
Layer layer4.1.conv1.weight: 130/512 channels masked
Layer layer4.1.conv2.weight: 120/512 channels masked
------------------------- time cost ------------------------- 16.08310079574585
ASR: 0.4894220718061282
attack_auc: 0.8868246679317282
Layer conv1.weight: 17/64 channels masked
Layer layer1.0.conv1.weight: 2/64 channels masked
Layer layer1.0.conv2.weight: 1/64 channels masked
Layer layer1.1.conv1.weight: 1/64 channels masked
Layer layer2.0.downsample.0.weight: 2/128 channels masked
Layer layer3.0.conv2.weight: 1/256 channels masked
Layer layer3.1.conv2.weight: 2/256 channels masked
Layer layer4.0.conv1.weight: 82/512 channels masked
Layer layer4.0.conv2.weight: 117/512 channels masked
Layer layer4.0.downsample.0.weight: 143/512 channels masked
Layer layer4.1.conv1.weight: 131/512 channels masked
Layer layer4.1.conv2.weight: 120/512 channels masked
------------------------- time cost ------------------------- 14.601436853408813

-------------Round number: 580-------------

Evaluate personalized models
Averaged Train Loss: 0.2534
Averaged Test Accurancy: 0.6946
Averaged Test AUC: 0.9464
Std Test Accurancy: 0.1126
Std Test AUC: 0.0272
ASR: 0.48446897694627844
attack_auc: 0.8851603151020863
Layer conv1.weight: 17/64 channels masked
Layer layer1.0.conv1.weight: 2/64 channels masked
Layer layer1.0.conv2.weight: 1/64 channels masked
Layer layer1.1.conv1.weight: 1/64 channels masked
Layer layer2.0.downsample.0.weight: 2/128 channels masked
Layer layer3.0.conv2.weight: 1/256 channels masked
Layer layer3.1.conv2.weight: 2/256 channels masked
Layer layer4.0.conv1.weight: 82/512 channels masked
Layer layer4.0.conv2.weight: 117/512 channels masked
Layer layer4.0.downsample.0.weight: 144/512 channels masked
Layer layer4.1.conv1.weight: 132/512 channels masked
Layer layer4.1.conv2.weight: 120/512 channels masked
------------------------- time cost ------------------------- 24.96834945678711
ASR: 0.47418228511793076
attack_auc: 0.8795836904785864
Layer conv1.weight: 17/64 channels masked
Layer layer1.0.conv1.weight: 2/64 channels masked
Layer layer1.0.conv2.weight: 1/64 channels masked
Layer layer1.1.conv1.weight: 1/64 channels masked
Layer layer2.0.downsample.0.weight: 2/128 channels masked
Layer layer3.0.conv2.weight: 1/256 channels masked
Layer layer3.1.conv2.weight: 2/256 channels masked
Layer layer4.0.conv1.weight: 80/512 channels masked
Layer layer4.0.conv2.weight: 117/512 channels masked
Layer layer4.0.downsample.0.weight: 144/512 channels masked
Layer layer4.1.conv1.weight: 130/512 channels masked
Layer layer4.1.conv2.weight: 120/512 channels masked
------------------------- time cost ------------------------- 15.831707954406738
ASR: 0.47170460751496585
attack_auc: 0.8799645550659623
Layer conv1.weight: 17/64 channels masked
Layer layer1.0.conv1.weight: 2/64 channels masked
Layer layer1.0.conv2.weight: 1/64 channels masked
Layer layer1.1.conv1.weight: 1/64 channels masked
Layer layer2.0.downsample.0.weight: 2/128 channels masked
Layer layer3.0.conv2.weight: 1/256 channels masked
Layer layer3.1.conv2.weight: 2/256 channels masked
Layer layer4.0.conv1.weight: 81/512 channels masked
Layer layer4.0.conv2.weight: 121/512 channels masked
Layer layer4.0.downsample.0.weight: 144/512 channels masked
Layer layer4.1.conv1.weight: 135/512 channels masked
Layer layer4.1.conv2.weight: 120/512 channels masked
------------------------- time cost ------------------------- 15.25292706489563
ASR: 0.43190390405941215
attack_auc: 0.8678682841465565
Layer conv1.weight: 17/64 channels masked
Layer layer1.0.conv1.weight: 2/64 channels masked
Layer layer1.0.conv2.weight: 1/64 channels masked
Layer layer1.1.conv1.weight: 1/64 channels masked
Layer layer2.0.downsample.0.weight: 2/128 channels masked
Layer layer3.0.conv2.weight: 1/256 channels masked
Layer layer3.1.conv2.weight: 2/256 channels masked
Layer layer4.0.conv1.weight: 81/512 channels masked
Layer layer4.0.conv2.weight: 120/512 channels masked
Layer layer4.0.downsample.0.weight: 145/512 channels masked
Layer layer4.1.conv1.weight: 136/512 channels masked
Layer layer4.1.conv2.weight: 120/512 channels masked
------------------------- time cost ------------------------- 18.29657816886902
ASR: 0.44113055796896256
attack_auc: 0.8736767468101975
Layer conv1.weight: 17/64 channels masked
Layer layer1.0.conv1.weight: 2/64 channels masked
Layer layer1.0.conv2.weight: 1/64 channels masked
Layer layer1.1.conv1.weight: 1/64 channels masked
Layer layer2.0.downsample.0.weight: 2/128 channels masked
Layer layer3.0.conv2.weight: 1/256 channels masked
Layer layer3.1.conv2.weight: 2/256 channels masked
Layer layer4.0.conv1.weight: 81/512 channels masked
Layer layer4.0.conv2.weight: 119/512 channels masked
Layer layer4.0.downsample.0.weight: 145/512 channels masked
Layer layer4.1.conv1.weight: 136/512 channels masked
Layer layer4.1.conv2.weight: 120/512 channels masked
------------------------- time cost ------------------------- 16.519614934921265
ASR: 0.503311626995589
attack_auc: 0.8936947995015152
Layer conv1.weight: 17/64 channels masked
Layer layer1.0.conv1.weight: 2/64 channels masked
Layer layer1.0.conv2.weight: 1/64 channels masked
Layer layer1.1.conv1.weight: 1/64 channels masked
Layer layer2.0.downsample.0.weight: 2/128 channels masked
Layer layer3.0.conv2.weight: 1/256 channels masked
Layer layer3.1.conv2.weight: 2/256 channels masked
Layer layer4.0.conv1.weight: 82/512 channels masked
Layer layer4.0.conv2.weight: 120/512 channels masked
Layer layer4.0.downsample.0.weight: 145/512 channels masked
Layer layer4.1.conv1.weight: 136/512 channels masked
Layer layer4.1.conv2.weight: 120/512 channels masked
------------------------- time cost ------------------------- 15.444597959518433
ASR: 0.4593475542178542
attack_auc: 0.8778856358167977
Layer conv1.weight: 17/64 channels masked
Layer layer1.0.conv1.weight: 2/64 channels masked
Layer layer1.0.conv2.weight: 1/64 channels masked
Layer layer1.1.conv1.weight: 1/64 channels masked
Layer layer2.0.downsample.0.weight: 2/128 channels masked
Layer layer3.0.conv2.weight: 1/256 channels masked
Layer layer3.1.conv2.weight: 2/256 channels masked
Layer layer4.0.conv1.weight: 81/512 channels masked
Layer layer4.0.conv2.weight: 121/512 channels masked
Layer layer4.0.downsample.0.weight: 145/512 channels masked
Layer layer4.1.conv1.weight: 137/512 channels masked
Layer layer4.1.conv2.weight: 120/512 channels masked
------------------------- time cost ------------------------- 13.576368808746338
ASR: 0.47191462491847663
attack_auc: 0.8833266018817658
Layer conv1.weight: 17/64 channels masked
Layer layer1.0.conv1.weight: 2/64 channels masked
Layer layer1.0.conv2.weight: 1/64 channels masked
Layer layer1.1.conv1.weight: 1/64 channels masked
Layer layer2.0.downsample.0.weight: 2/128 channels masked
Layer layer3.0.conv2.weight: 1/256 channels masked
Layer layer3.1.conv2.weight: 2/256 channels masked
Layer layer4.0.conv1.weight: 82/512 channels masked
Layer layer4.0.conv2.weight: 121/512 channels masked
Layer layer4.0.downsample.0.weight: 145/512 channels masked
Layer layer4.1.conv1.weight: 137/512 channels masked
Layer layer4.1.conv2.weight: 120/512 channels masked
------------------------- time cost ------------------------- 15.781982183456421
ASR: 0.4650717742207452
attack_auc: 0.8814475692301318
Layer conv1.weight: 17/64 channels masked
Layer layer1.0.conv1.weight: 2/64 channels masked
Layer layer1.0.conv2.weight: 1/64 channels masked
Layer layer1.1.conv1.weight: 1/64 channels masked
Layer layer2.0.downsample.0.weight: 2/128 channels masked
Layer layer3.0.conv2.weight: 1/256 channels masked
Layer layer3.1.conv2.weight: 2/256 channels masked
Layer layer4.0.conv1.weight: 82/512 channels masked
Layer layer4.0.conv2.weight: 121/512 channels masked
Layer layer4.0.downsample.0.weight: 145/512 channels masked
Layer layer4.1.conv1.weight: 137/512 channels masked
Layer layer4.1.conv2.weight: 120/512 channels masked
------------------------- time cost ------------------------- 15.790795087814331
ASR: 0.434951685707363
attack_auc: 0.8686837347493096
Layer conv1.weight: 17/64 channels masked
Layer layer1.0.conv1.weight: 2/64 channels masked
Layer layer1.0.conv2.weight: 1/64 channels masked
Layer layer1.1.conv1.weight: 1/64 channels masked
Layer layer2.0.downsample.0.weight: 2/128 channels masked
Layer layer3.0.conv2.weight: 1/256 channels masked
Layer layer3.1.conv2.weight: 2/256 channels masked
Layer layer4.0.conv1.weight: 81/512 channels masked
Layer layer4.0.conv2.weight: 119/512 channels masked
Layer layer4.0.downsample.0.weight: 145/512 channels masked
Layer layer4.1.conv1.weight: 137/512 channels masked
Layer layer4.1.conv2.weight: 120/512 channels masked
------------------------- time cost ------------------------- 14.434528827667236

-------------Round number: 590-------------

Evaluate personalized models
Averaged Train Loss: 0.1794
Averaged Test Accurancy: 0.7070
Averaged Test AUC: 0.9503
Std Test Accurancy: 0.1041
Std Test AUC: 0.0254
ASR: 0.44119658206216783
attack_auc: 0.8686440399668531
Layer conv1.weight: 17/64 channels masked
Layer layer1.0.conv1.weight: 2/64 channels masked
Layer layer1.0.conv2.weight: 1/64 channels masked
Layer layer1.1.conv1.weight: 1/64 channels masked
Layer layer2.0.downsample.0.weight: 2/128 channels masked
Layer layer3.0.conv2.weight: 1/256 channels masked
Layer layer3.1.conv2.weight: 2/256 channels masked
Layer layer4.0.conv1.weight: 81/512 channels masked
Layer layer4.0.conv2.weight: 120/512 channels masked
Layer layer4.0.downsample.0.weight: 146/512 channels masked
Layer layer4.1.conv1.weight: 137/512 channels masked
Layer layer4.1.conv2.weight: 120/512 channels masked
------------------------- time cost ------------------------- 23.389886379241943
ASR: 0.5030720494215049
attack_auc: 0.8921103203176785
Layer conv1.weight: 17/64 channels masked
Layer layer1.0.conv1.weight: 2/64 channels masked
Layer layer1.0.conv2.weight: 1/64 channels masked
Layer layer1.1.conv1.weight: 1/64 channels masked
Layer layer2.0.downsample.0.weight: 2/128 channels masked
Layer layer3.0.conv2.weight: 1/256 channels masked
Layer layer3.1.conv2.weight: 2/256 channels masked
Layer layer4.0.conv1.weight: 81/512 channels masked
Layer layer4.0.conv2.weight: 122/512 channels masked
Layer layer4.0.downsample.0.weight: 147/512 channels masked
Layer layer4.1.conv1.weight: 137/512 channels masked
Layer layer4.1.conv2.weight: 120/512 channels masked
------------------------- time cost ------------------------- 16.7805278301239
ASR: 0.48963747366475147
attack_auc: 0.8907348722264729
Layer conv1.weight: 16/64 channels masked
Layer layer1.0.conv1.weight: 2/64 channels masked
Layer layer1.0.conv2.weight: 1/64 channels masked
Layer layer1.1.conv1.weight: 1/64 channels masked
Layer layer2.0.downsample.0.weight: 2/128 channels masked
Layer layer3.0.conv2.weight: 1/256 channels masked
Layer layer3.1.conv2.weight: 2/256 channels masked
Layer layer4.0.conv1.weight: 81/512 channels masked
Layer layer4.0.conv2.weight: 122/512 channels masked
Layer layer4.0.downsample.0.weight: 147/512 channels masked
Layer layer4.1.conv1.weight: 137/512 channels masked
Layer layer4.1.conv2.weight: 120/512 channels masked
------------------------- time cost ------------------------- 16.658628940582275
ASR: 0.47660118230722914
attack_auc: 0.8857185946391853
Layer conv1.weight: 16/64 channels masked
Layer layer1.0.conv1.weight: 2/64 channels masked
Layer layer1.0.conv2.weight: 1/64 channels masked
Layer layer1.1.conv1.weight: 1/64 channels masked
Layer layer2.0.downsample.0.weight: 2/128 channels masked
Layer layer3.0.conv2.weight: 1/256 channels masked
Layer layer3.1.conv2.weight: 3/256 channels masked
Layer layer4.0.conv1.weight: 81/512 channels masked
Layer layer4.0.conv2.weight: 122/512 channels masked
Layer layer4.0.downsample.0.weight: 147/512 channels masked
Layer layer4.1.conv1.weight: 137/512 channels masked
Layer layer4.1.conv2.weight: 120/512 channels masked
------------------------- time cost ------------------------- 16.573827505111694
ASR: 0.44704567823804264
attack_auc: 0.8765790883504626
Layer conv1.weight: 16/64 channels masked
Layer layer1.0.conv1.weight: 2/64 channels masked
Layer layer1.0.conv2.weight: 1/64 channels masked
Layer layer1.1.conv1.weight: 1/64 channels masked
Layer layer2.0.downsample.0.weight: 2/128 channels masked
Layer layer3.0.conv2.weight: 1/256 channels masked
Layer layer3.1.conv2.weight: 3/256 channels masked
Layer layer4.0.conv1.weight: 81/512 channels masked
Layer layer4.0.conv2.weight: 123/512 channels masked
Layer layer4.0.downsample.0.weight: 147/512 channels masked
Layer layer4.1.conv1.weight: 137/512 channels masked
Layer layer4.1.conv2.weight: 120/512 channels masked
------------------------- time cost ------------------------- 16.567739009857178
ASR: 0.45186523828143527
attack_auc: 0.8788233654542736
Layer conv1.weight: 16/64 channels masked
Layer layer1.0.conv1.weight: 2/64 channels masked
Layer layer1.0.conv2.weight: 1/64 channels masked
Layer layer1.1.conv1.weight: 1/64 channels masked
Layer layer2.0.downsample.0.weight: 2/128 channels masked
Layer layer3.0.conv2.weight: 1/256 channels masked
Layer layer3.1.conv2.weight: 3/256 channels masked
Layer layer4.0.conv1.weight: 81/512 channels masked
Layer layer4.0.conv2.weight: 122/512 channels masked
Layer layer4.0.downsample.0.weight: 146/512 channels masked
Layer layer4.1.conv1.weight: 137/512 channels masked
Layer layer4.1.conv2.weight: 120/512 channels masked
------------------------- time cost ------------------------- 16.028376817703247
ASR: 0.46067065472395946
attack_auc: 0.8801921792230987
Layer conv1.weight: 16/64 channels masked
Layer layer1.0.conv1.weight: 2/64 channels masked
Layer layer1.0.conv2.weight: 1/64 channels masked
Layer layer1.1.conv1.weight: 1/64 channels masked
Layer layer2.0.downsample.0.weight: 2/128 channels masked
Layer layer3.0.conv2.weight: 1/256 channels masked
Layer layer3.1.conv2.weight: 3/256 channels masked
Layer layer4.0.conv1.weight: 81/512 channels masked
Layer layer4.0.conv2.weight: 122/512 channels masked
Layer layer4.0.downsample.0.weight: 146/512 channels masked
Layer layer4.1.conv1.weight: 137/512 channels masked
Layer layer4.1.conv2.weight: 120/512 channels masked
------------------------- time cost ------------------------- 16.5625102519989
ASR: 0.47531641818326387
attack_auc: 0.8843054311552261
Layer conv1.weight: 16/64 channels masked
Layer layer1.0.conv1.weight: 2/64 channels masked
Layer layer1.0.conv2.weight: 1/64 channels masked
Layer layer1.1.conv1.weight: 1/64 channels masked
Layer layer2.0.downsample.0.weight: 2/128 channels masked
Layer layer3.0.conv2.weight: 1/256 channels masked
Layer layer3.1.conv2.weight: 3/256 channels masked
Layer layer4.0.conv1.weight: 80/512 channels masked
Layer layer4.0.conv2.weight: 123/512 channels masked
Layer layer4.0.downsample.0.weight: 146/512 channels masked
Layer layer4.1.conv1.weight: 137/512 channels masked
Layer layer4.1.conv2.weight: 120/512 channels masked
------------------------- time cost ------------------------- 16.55054235458374
ASR: 0.4525076309247253
attack_auc: 0.8796433681883781
Layer conv1.weight: 17/64 channels masked
Layer layer1.0.conv1.weight: 2/64 channels masked
Layer layer1.0.conv2.weight: 1/64 channels masked
Layer layer1.1.conv1.weight: 1/64 channels masked
Layer layer2.0.downsample.0.weight: 2/128 channels masked
Layer layer3.0.conv2.weight: 1/256 channels masked
Layer layer3.1.conv2.weight: 3/256 channels masked
Layer layer4.0.conv1.weight: 80/512 channels masked
Layer layer4.0.conv2.weight: 122/512 channels masked
Layer layer4.0.downsample.0.weight: 147/512 channels masked
Layer layer4.1.conv1.weight: 137/512 channels masked
Layer layer4.1.conv2.weight: 120/512 channels masked
------------------------- time cost ------------------------- 15.056066513061523
ASR: 0.4768274432175301
attack_auc: 0.8845585407555786
Layer conv1.weight: 17/64 channels masked
Layer layer1.0.conv1.weight: 2/64 channels masked
Layer layer1.0.conv2.weight: 1/64 channels masked
Layer layer1.1.conv1.weight: 1/64 channels masked
Layer layer2.0.downsample.0.weight: 2/128 channels masked
Layer layer3.0.conv2.weight: 1/256 channels masked
Layer layer3.1.conv2.weight: 3/256 channels masked
Layer layer4.0.conv1.weight: 80/512 channels masked
Layer layer4.0.conv2.weight: 122/512 channels masked
Layer layer4.0.downsample.0.weight: 147/512 channels masked
Layer layer4.1.conv1.weight: 137/512 channels masked
Layer layer4.1.conv2.weight: 120/512 channels masked
------------------------- time cost ------------------------- 13.160022020339966

-------------Round number: 600-------------

Evaluate personalized models
Averaged Train Loss: 0.2289
Averaged Test Accurancy: 0.7014
Averaged Test AUC: 0.9486
Std Test Accurancy: 0.1089
Std Test AUC: 0.0265
ASR: 0.5084442671889619
attack_auc: 0.8933297130758168
Layer conv1.weight: 17/64 channels masked
Layer layer1.0.conv1.weight: 2/64 channels masked
Layer layer1.0.conv2.weight: 1/64 channels masked
Layer layer2.0.downsample.0.weight: 2/128 channels masked
Layer layer3.0.conv2.weight: 1/256 channels masked
Layer layer3.1.conv2.weight: 3/256 channels masked
Layer layer4.0.conv1.weight: 77/512 channels masked
Layer layer4.0.conv2.weight: 115/512 channels masked
Layer layer4.0.downsample.0.weight: 148/512 channels masked
Layer layer4.1.conv1.weight: 137/512 channels masked
Layer layer4.1.conv2.weight: 120/512 channels masked
------------------------- time cost ------------------------- 23.546528816223145
ASR: 0.5090848018869448
attack_auc: 0.8955614805008767
Layer conv1.weight: 17/64 channels masked
Layer layer1.0.conv1.weight: 2/64 channels masked
Layer layer1.0.conv2.weight: 1/64 channels masked
Layer layer1.1.conv1.weight: 1/64 channels masked
Layer layer2.0.downsample.0.weight: 2/128 channels masked
Layer layer3.0.conv2.weight: 1/256 channels masked
Layer layer3.1.conv2.weight: 3/256 channels masked
Layer layer4.0.conv1.weight: 77/512 channels masked
Layer layer4.0.conv2.weight: 124/512 channels masked
Layer layer4.0.downsample.0.weight: 148/512 channels masked
Layer layer4.1.conv1.weight: 137/512 channels masked
Layer layer4.1.conv2.weight: 121/512 channels masked
------------------------- time cost ------------------------- 18.279621362686157
ASR: 0.4718658364690709
attack_auc: 0.8849016082418664
Layer conv1.weight: 17/64 channels masked
Layer layer1.0.conv1.weight: 2/64 channels masked
Layer layer1.0.conv2.weight: 1/64 channels masked
Layer layer1.1.conv1.weight: 1/64 channels masked
Layer layer2.0.downsample.0.weight: 2/128 channels masked
Layer layer3.0.conv2.weight: 1/256 channels masked
Layer layer3.1.conv2.weight: 3/256 channels masked
Layer layer4.0.conv1.weight: 77/512 channels masked
Layer layer4.0.conv2.weight: 124/512 channels masked
Layer layer4.0.downsample.0.weight: 148/512 channels masked
Layer layer4.1.conv1.weight: 137/512 channels masked
Layer layer4.1.conv2.weight: 120/512 channels masked
------------------------- time cost ------------------------- 16.141345024108887
ASR: 0.49595265447359327
attack_auc: 0.8952363970639281
Layer conv1.weight: 17/64 channels masked
Layer layer1.0.conv1.weight: 2/64 channels masked
Layer layer1.0.conv2.weight: 1/64 channels masked
Layer layer1.1.conv1.weight: 1/64 channels masked
Layer layer2.0.downsample.0.weight: 2/128 channels masked
Layer layer3.0.conv2.weight: 1/256 channels masked
Layer layer3.1.conv2.weight: 3/256 channels masked
Layer layer4.0.conv1.weight: 77/512 channels masked
Layer layer4.0.conv2.weight: 124/512 channels masked
Layer layer4.0.downsample.0.weight: 148/512 channels masked
Layer layer4.1.conv1.weight: 137/512 channels masked
Layer layer4.1.conv2.weight: 121/512 channels masked
------------------------- time cost ------------------------- 18.96127462387085
ASR: 0.5142683371419958
attack_auc: 0.8978388945676103
Layer conv1.weight: 17/64 channels masked
Layer layer1.0.conv1.weight: 2/64 channels masked
Layer layer1.0.conv2.weight: 1/64 channels masked
Layer layer1.1.conv1.weight: 1/64 channels masked
Layer layer2.0.downsample.0.weight: 2/128 channels masked
Layer layer3.0.conv2.weight: 1/256 channels masked
Layer layer3.1.conv2.weight: 3/256 channels masked
Layer layer4.0.conv1.weight: 78/512 channels masked
Layer layer4.0.conv2.weight: 123/512 channels masked
Layer layer4.0.downsample.0.weight: 148/512 channels masked
Layer layer4.1.conv1.weight: 137/512 channels masked
Layer layer4.1.conv2.weight: 121/512 channels masked
------------------------- time cost ------------------------- 16.797298431396484
ASR: 0.5078748394237916
attack_auc: 0.8947544641274148
Layer conv1.weight: 17/64 channels masked
Layer layer1.0.conv1.weight: 2/64 channels masked
Layer layer1.0.conv2.weight: 1/64 channels masked
Layer layer1.1.conv1.weight: 1/64 channels masked
Layer layer2.0.downsample.0.weight: 2/128 channels masked
Layer layer3.0.conv2.weight: 1/256 channels masked
Layer layer3.1.conv2.weight: 3/256 channels masked
Layer layer4.0.conv1.weight: 78/512 channels masked
Layer layer4.0.conv2.weight: 123/512 channels masked
Layer layer4.0.downsample.0.weight: 148/512 channels masked
Layer layer4.1.conv1.weight: 137/512 channels masked
Layer layer4.1.conv2.weight: 121/512 channels masked
------------------------- time cost ------------------------- 15.760276794433594
ASR: 0.4868469639167238
attack_auc: 0.8898584756686759
Layer conv1.weight: 17/64 channels masked
Layer layer1.0.conv1.weight: 2/64 channels masked
Layer layer1.0.conv2.weight: 1/64 channels masked
Layer layer1.1.conv1.weight: 1/64 channels masked
Layer layer2.0.downsample.0.weight: 2/128 channels masked
Layer layer3.0.conv2.weight: 1/256 channels masked
Layer layer3.1.conv2.weight: 3/256 channels masked
Layer layer4.0.conv1.weight: 78/512 channels masked
Layer layer4.0.conv2.weight: 122/512 channels masked
Layer layer4.0.downsample.0.weight: 149/512 channels masked
Layer layer4.1.conv1.weight: 137/512 channels masked
Layer layer4.1.conv2.weight: 121/512 channels masked
------------------------- time cost ------------------------- 16.26884365081787
ASR: 0.5442938266794987
attack_auc: 0.9048519765731978
Layer conv1.weight: 18/64 channels masked
Layer layer1.0.conv1.weight: 2/64 channels masked
Layer layer1.0.conv2.weight: 1/64 channels masked
Layer layer1.1.conv1.weight: 1/64 channels masked
Layer layer2.0.downsample.0.weight: 2/128 channels masked
Layer layer3.0.conv2.weight: 1/256 channels masked
Layer layer3.1.conv2.weight: 3/256 channels masked
Layer layer4.0.conv1.weight: 83/512 channels masked
Layer layer4.0.conv2.weight: 124/512 channels masked
Layer layer4.0.downsample.0.weight: 150/512 channels masked
Layer layer4.1.conv1.weight: 137/512 channels masked
Layer layer4.1.conv2.weight: 121/512 channels masked
------------------------- time cost ------------------------- 13.089566230773926
ASR: 0.5094909373880141
attack_auc: 0.896141367241709
Layer conv1.weight: 18/64 channels masked
Layer layer1.0.conv1.weight: 2/64 channels masked
Layer layer1.0.conv2.weight: 1/64 channels masked
Layer layer1.1.conv1.weight: 1/64 channels masked
Layer layer2.0.downsample.0.weight: 2/128 channels masked
Layer layer3.0.conv2.weight: 1/256 channels masked
Layer layer3.1.conv2.weight: 3/256 channels masked
Layer layer4.0.conv1.weight: 83/512 channels masked
Layer layer4.0.conv2.weight: 125/512 channels masked
Layer layer4.0.downsample.0.weight: 150/512 channels masked
Layer layer4.1.conv1.weight: 137/512 channels masked
Layer layer4.1.conv2.weight: 121/512 channels masked
------------------------- time cost ------------------------- 15.893425226211548
ASR: 0.5178878397234203
attack_auc: 0.8936876356726504
Layer conv1.weight: 18/64 channels masked
Layer layer1.0.conv1.weight: 2/64 channels masked
Layer layer1.0.conv2.weight: 1/64 channels masked
Layer layer1.1.conv1.weight: 1/64 channels masked
Layer layer2.0.downsample.0.weight: 2/128 channels masked
Layer layer3.0.conv2.weight: 1/256 channels masked
Layer layer3.1.conv2.weight: 3/256 channels masked
Layer layer4.0.conv1.weight: 81/512 channels masked
Layer layer4.0.conv2.weight: 124/512 channels masked
Layer layer4.0.downsample.0.weight: 150/512 channels masked
Layer layer4.1.conv1.weight: 137/512 channels masked
Layer layer4.1.conv2.weight: 121/512 channels masked
------------------------- time cost ------------------------- 14.095134735107422

-------------Round number: 610-------------

Evaluate personalized models
Averaged Train Loss: 0.2542
Averaged Test Accurancy: 0.7020
Averaged Test AUC: 0.9472
Std Test Accurancy: 0.1213
Std Test AUC: 0.0312
ASR: 0.5012724536520525
attack_auc: 0.892002441489593
Layer conv1.weight: 19/64 channels masked
Layer layer1.0.conv1.weight: 2/64 channels masked
Layer layer1.0.conv2.weight: 1/64 channels masked
Layer layer1.1.conv1.weight: 1/64 channels masked
Layer layer2.0.downsample.0.weight: 2/128 channels masked
Layer layer3.0.conv2.weight: 1/256 channels masked
Layer layer3.1.conv2.weight: 3/256 channels masked
Layer layer4.0.conv1.weight: 81/512 channels masked
Layer layer4.0.conv2.weight: 122/512 channels masked
Layer layer4.0.downsample.0.weight: 150/512 channels masked
Layer layer4.1.conv1.weight: 137/512 channels masked
Layer layer4.1.conv2.weight: 121/512 channels masked
------------------------- time cost ------------------------- 26.274678230285645
ASR: 0.49222874379326687
attack_auc: 0.8891546981042178
Layer conv1.weight: 19/64 channels masked
Layer layer1.0.conv1.weight: 2/64 channels masked
Layer layer1.0.conv2.weight: 1/64 channels masked
Layer layer1.1.conv1.weight: 1/64 channels masked
Layer layer2.0.downsample.0.weight: 2/128 channels masked
Layer layer3.0.conv2.weight: 1/256 channels masked
Layer layer3.1.conv2.weight: 3/256 channels masked
Layer layer4.0.conv1.weight: 81/512 channels masked
Layer layer4.0.conv2.weight: 122/512 channels masked
Layer layer4.0.downsample.0.weight: 150/512 channels masked
Layer layer4.1.conv1.weight: 137/512 channels masked
Layer layer4.1.conv2.weight: 122/512 channels masked
------------------------- time cost ------------------------- 17.022526025772095
ASR: 0.48797433288972614
attack_auc: 0.8834403583847161
Layer conv1.weight: 20/64 channels masked
Layer layer1.0.conv1.weight: 2/64 channels masked
Layer layer1.0.conv2.weight: 1/64 channels masked
Layer layer1.1.conv1.weight: 1/64 channels masked
Layer layer2.0.downsample.0.weight: 2/128 channels masked
Layer layer3.0.conv2.weight: 1/256 channels masked
Layer layer3.1.conv2.weight: 3/256 channels masked
Layer layer4.0.conv1.weight: 71/512 channels masked
Layer layer4.0.conv2.weight: 101/512 channels masked
Layer layer4.0.downsample.0.weight: 150/512 channels masked
Layer layer4.1.conv1.weight: 122/512 channels masked
Layer layer4.1.conv2.weight: 123/512 channels masked
------------------------- time cost ------------------------- 20.496727228164673
ASR: 0.48315077175163035
attack_auc: 0.8827824614624747
Layer conv1.weight: 20/64 channels masked
Layer layer1.0.conv1.weight: 2/64 channels masked
Layer layer1.0.conv2.weight: 1/64 channels masked
Layer layer1.1.conv1.weight: 1/64 channels masked
Layer layer2.0.downsample.0.weight: 2/128 channels masked
Layer layer3.0.conv2.weight: 1/256 channels masked
Layer layer3.1.conv2.weight: 3/256 channels masked
Layer layer4.0.conv1.weight: 72/512 channels masked
Layer layer4.0.conv2.weight: 110/512 channels masked
Layer layer4.0.downsample.0.weight: 150/512 channels masked
Layer layer4.1.conv1.weight: 128/512 channels masked
Layer layer4.1.conv2.weight: 123/512 channels masked
------------------------- time cost ------------------------- 18.23570203781128
ASR: 0.48123979216599777
attack_auc: 0.8843601055982157
Layer conv1.weight: 20/64 channels masked
Layer layer1.0.conv1.weight: 2/64 channels masked
Layer layer1.0.conv2.weight: 1/64 channels masked
Layer layer1.1.conv1.weight: 1/64 channels masked
Layer layer2.0.downsample.0.weight: 2/128 channels masked
Layer layer3.0.conv2.weight: 1/256 channels masked
Layer layer3.1.conv2.weight: 3/256 channels masked
Layer layer4.0.conv1.weight: 72/512 channels masked
Layer layer4.0.conv2.weight: 112/512 channels masked
Layer layer4.0.downsample.0.weight: 150/512 channels masked
Layer layer4.1.conv1.weight: 129/512 channels masked
Layer layer4.1.conv2.weight: 123/512 channels masked
------------------------- time cost ------------------------- 19.314043045043945
ASR: 0.4807459698617469
attack_auc: 0.8849142318921343
Layer conv1.weight: 20/64 channels masked
Layer layer1.0.conv1.weight: 2/64 channels masked
Layer layer1.0.conv2.weight: 1/64 channels masked
Layer layer1.1.conv1.weight: 1/64 channels masked
Layer layer2.0.downsample.0.weight: 2/128 channels masked
Layer layer3.0.conv2.weight: 1/256 channels masked
Layer layer3.1.conv2.weight: 3/256 channels masked
Layer layer4.0.conv1.weight: 73/512 channels masked
Layer layer4.0.conv2.weight: 114/512 channels masked
Layer layer4.0.downsample.0.weight: 151/512 channels masked
Layer layer4.1.conv1.weight: 129/512 channels masked
Layer layer4.1.conv2.weight: 123/512 channels masked
------------------------- time cost ------------------------- 16.38553214073181
ASR: 0.5138822148462613
attack_auc: 0.8967670071622785
Layer conv1.weight: 20/64 channels masked
Layer layer1.0.conv1.weight: 2/64 channels masked
Layer layer1.0.conv2.weight: 1/64 channels masked
Layer layer1.1.conv1.weight: 1/64 channels masked
Layer layer2.0.downsample.0.weight: 2/128 channels masked
Layer layer3.0.conv2.weight: 1/256 channels masked
Layer layer3.1.conv2.weight: 3/256 channels masked
Layer layer4.0.conv1.weight: 73/512 channels masked
Layer layer4.0.conv2.weight: 101/512 channels masked
Layer layer4.0.downsample.0.weight: 151/512 channels masked
Layer layer4.1.conv1.weight: 130/512 channels masked
Layer layer4.1.conv2.weight: 123/512 channels masked
------------------------- time cost ------------------------- 16.171780824661255
ASR: 0.4900243393288348
attack_auc: 0.8908363418319335
Layer conv1.weight: 20/64 channels masked
Layer layer1.0.conv1.weight: 2/64 channels masked
Layer layer1.0.conv2.weight: 1/64 channels masked
Layer layer1.1.conv1.weight: 1/64 channels masked
Layer layer2.0.downsample.0.weight: 2/128 channels masked
Layer layer3.0.conv2.weight: 1/256 channels masked
Layer layer3.1.conv2.weight: 3/256 channels masked
Layer layer4.0.conv1.weight: 71/512 channels masked
Layer layer4.0.conv2.weight: 110/512 channels masked
Layer layer4.0.downsample.0.weight: 149/512 channels masked
Layer layer4.1.conv1.weight: 130/512 channels masked
Layer layer4.1.conv2.weight: 123/512 channels masked
------------------------- time cost ------------------------- 15.173238515853882
ASR: 0.5249243448668307
attack_auc: 0.901175994062477
Layer conv1.weight: 20/64 channels masked
Layer layer1.0.conv1.weight: 2/64 channels masked
Layer layer1.0.conv2.weight: 1/64 channels masked
Layer layer1.1.conv1.weight: 1/64 channels masked
Layer layer2.0.downsample.0.weight: 2/128 channels masked
Layer layer3.0.conv2.weight: 1/256 channels masked
Layer layer3.1.conv2.weight: 3/256 channels masked
Layer layer4.0.conv1.weight: 71/512 channels masked
Layer layer4.0.conv2.weight: 108/512 channels masked
Layer layer4.0.downsample.0.weight: 149/512 channels masked
Layer layer4.1.conv1.weight: 130/512 channels masked
Layer layer4.1.conv2.weight: 123/512 channels masked
------------------------- time cost ------------------------- 17.47368550300598
ASR: 0.537324872973038
attack_auc: 0.9050229988354207
Layer conv1.weight: 20/64 channels masked
Layer layer1.0.conv1.weight: 2/64 channels masked
Layer layer1.0.conv2.weight: 1/64 channels masked
Layer layer1.1.conv1.weight: 1/64 channels masked
Layer layer2.0.downsample.0.weight: 2/128 channels masked
Layer layer3.0.conv2.weight: 1/256 channels masked
Layer layer3.1.conv2.weight: 3/256 channels masked
Layer layer4.0.conv1.weight: 72/512 channels masked
Layer layer4.0.conv2.weight: 110/512 channels masked
Layer layer4.0.downsample.0.weight: 149/512 channels masked
Layer layer4.1.conv1.weight: 131/512 channels masked
Layer layer4.1.conv2.weight: 123/512 channels masked
------------------------- time cost ------------------------- 16.052740812301636

-------------Round number: 620-------------

Evaluate personalized models
Averaged Train Loss: 0.2211
Averaged Test Accurancy: 0.6962
Averaged Test AUC: 0.9473
Std Test Accurancy: 0.1133
Std Test AUC: 0.0266
ASR: 0.5448290858126589
attack_auc: 0.9066961718194182
Layer conv1.weight: 20/64 channels masked
Layer layer1.0.conv1.weight: 2/64 channels masked
Layer layer1.0.conv2.weight: 1/64 channels masked
Layer layer1.1.conv1.weight: 1/64 channels masked
Layer layer2.0.downsample.0.weight: 2/128 channels masked
Layer layer3.0.conv2.weight: 1/256 channels masked
Layer layer3.1.conv2.weight: 3/256 channels masked
Layer layer4.0.conv1.weight: 74/512 channels masked
Layer layer4.0.conv2.weight: 111/512 channels masked
Layer layer4.0.downsample.0.weight: 149/512 channels masked
Layer layer4.1.conv1.weight: 132/512 channels masked
Layer layer4.1.conv2.weight: 123/512 channels masked
------------------------- time cost ------------------------- 24.785006046295166
ASR: 0.5617187153719548
attack_auc: 0.9106789081416764
Layer conv1.weight: 20/64 channels masked
Layer layer1.0.conv1.weight: 2/64 channels masked
Layer layer1.0.conv2.weight: 1/64 channels masked
Layer layer1.1.conv1.weight: 1/64 channels masked
Layer layer2.0.downsample.0.weight: 2/128 channels masked
Layer layer3.0.conv2.weight: 1/256 channels masked
Layer layer3.1.conv2.weight: 3/256 channels masked
Layer layer4.0.conv1.weight: 72/512 channels masked
Layer layer4.0.conv2.weight: 109/512 channels masked
Layer layer4.0.downsample.0.weight: 150/512 channels masked
Layer layer4.1.conv1.weight: 132/512 channels masked
Layer layer4.1.conv2.weight: 123/512 channels masked
------------------------- time cost ------------------------- 16.742795705795288
ASR: 0.5508104940659778
attack_auc: 0.9082287193281697
Layer conv1.weight: 20/64 channels masked
Layer layer1.0.conv1.weight: 2/64 channels masked
Layer layer1.0.conv2.weight: 1/64 channels masked
Layer layer1.1.conv1.weight: 1/64 channels masked
Layer layer2.0.downsample.0.weight: 2/128 channels masked
Layer layer3.0.conv2.weight: 1/256 channels masked
Layer layer3.1.conv2.weight: 4/256 channels masked
Layer layer4.0.conv1.weight: 70/512 channels masked
Layer layer4.0.conv2.weight: 114/512 channels masked
Layer layer4.0.downsample.0.weight: 150/512 channels masked
Layer layer4.1.conv1.weight: 131/512 channels masked
Layer layer4.1.conv2.weight: 123/512 channels masked
------------------------- time cost ------------------------- 13.474788904190063
ASR: 0.5869722777358259
attack_auc: 0.9175007176709193
Layer conv1.weight: 20/64 channels masked
Layer layer1.0.conv1.weight: 2/64 channels masked
Layer layer1.0.conv2.weight: 1/64 channels masked
Layer layer1.1.conv1.weight: 1/64 channels masked
Layer layer2.0.downsample.0.weight: 2/128 channels masked
Layer layer3.0.conv2.weight: 1/256 channels masked
Layer layer3.1.conv2.weight: 4/256 channels masked
Layer layer4.0.conv1.weight: 71/512 channels masked
Layer layer4.0.conv2.weight: 114/512 channels masked
Layer layer4.0.downsample.0.weight: 150/512 channels masked
Layer layer4.1.conv1.weight: 132/512 channels masked
Layer layer4.1.conv2.weight: 123/512 channels masked
------------------------- time cost ------------------------- 20.270957946777344
ASR: 0.588283353118868
attack_auc: 0.9146484450331747
Layer conv1.weight: 20/64 channels masked
Layer layer1.0.conv1.weight: 2/64 channels masked
Layer layer1.0.conv2.weight: 1/64 channels masked
Layer layer1.1.conv1.weight: 1/64 channels masked
Layer layer2.0.downsample.0.weight: 2/128 channels masked
Layer layer3.0.conv2.weight: 1/256 channels masked
Layer layer3.1.conv2.weight: 4/256 channels masked
Layer layer4.0.conv1.weight: 67/512 channels masked
Layer layer4.0.conv2.weight: 112/512 channels masked
Layer layer4.0.downsample.0.weight: 150/512 channels masked
Layer layer4.1.conv1.weight: 127/512 channels masked
Layer layer4.1.conv2.weight: 123/512 channels masked
------------------------- time cost ------------------------- 16.92978286743164
ASR: 0.5916779711946717
attack_auc: 0.9160136548894303
Layer conv1.weight: 20/64 channels masked
Layer layer1.0.conv1.weight: 2/64 channels masked
Layer layer1.0.conv2.weight: 1/64 channels masked
Layer layer1.1.conv1.weight: 1/64 channels masked
Layer layer2.0.downsample.0.weight: 2/128 channels masked
Layer layer3.0.conv2.weight: 1/256 channels masked
Layer layer3.1.conv2.weight: 4/256 channels masked
Layer layer4.0.conv1.weight: 67/512 channels masked
Layer layer4.0.conv2.weight: 112/512 channels masked
Layer layer4.0.downsample.0.weight: 150/512 channels masked
Layer layer4.1.conv1.weight: 127/512 channels masked
Layer layer4.1.conv2.weight: 123/512 channels masked
------------------------- time cost ------------------------- 17.64666438102722
ASR: 0.5814785622232375
attack_auc: 0.9152993754020889
Layer conv1.weight: 20/64 channels masked
Layer layer1.0.conv1.weight: 2/64 channels masked
Layer layer1.0.conv2.weight: 1/64 channels masked
Layer layer1.1.conv1.weight: 1/64 channels masked
Layer layer2.0.downsample.0.weight: 2/128 channels masked
Layer layer3.0.conv2.weight: 1/256 channels masked
Layer layer3.1.conv2.weight: 4/256 channels masked
Layer layer4.0.conv1.weight: 69/512 channels masked
Layer layer4.0.conv2.weight: 111/512 channels masked
Layer layer4.0.downsample.0.weight: 150/512 channels masked
Layer layer4.1.conv1.weight: 129/512 channels masked
Layer layer4.1.conv2.weight: 123/512 channels masked
------------------------- time cost ------------------------- 15.964561939239502
ASR: 0.5713107676198448
attack_auc: 0.913088233729367
Layer conv1.weight: 20/64 channels masked
Layer layer1.0.conv1.weight: 2/64 channels masked
Layer layer1.0.conv2.weight: 1/64 channels masked
Layer layer1.1.conv1.weight: 1/64 channels masked
Layer layer2.0.downsample.0.weight: 2/128 channels masked
Layer layer3.0.conv2.weight: 1/256 channels masked
Layer layer3.1.conv2.weight: 4/256 channels masked
Layer layer4.0.conv1.weight: 69/512 channels masked
Layer layer4.0.conv2.weight: 113/512 channels masked
Layer layer4.0.downsample.0.weight: 150/512 channels masked
Layer layer4.1.conv1.weight: 131/512 channels masked
Layer layer4.1.conv2.weight: 123/512 channels masked
------------------------- time cost ------------------------- 17.6593496799469
ASR: 0.5748877534652707
attack_auc: 0.9153857266206569
Layer conv1.weight: 20/64 channels masked
Layer layer1.0.conv1.weight: 2/64 channels masked
Layer layer1.0.conv2.weight: 1/64 channels masked
Layer layer1.1.conv1.weight: 1/64 channels masked
Layer layer2.0.downsample.0.weight: 2/128 channels masked
Layer layer3.0.conv2.weight: 1/256 channels masked
Layer layer3.1.conv2.weight: 4/256 channels masked
Layer layer4.0.conv1.weight: 70/512 channels masked
Layer layer4.0.conv2.weight: 110/512 channels masked
Layer layer4.0.downsample.0.weight: 150/512 channels masked
Layer layer4.1.conv1.weight: 131/512 channels masked
Layer layer4.1.conv2.weight: 123/512 channels masked
------------------------- time cost ------------------------- 17.173813819885254
ASR: 0.5484163010656974
attack_auc: 0.908399248551813
Layer conv1.weight: 20/64 channels masked
Layer layer1.0.conv1.weight: 2/64 channels masked
Layer layer1.0.conv2.weight: 1/64 channels masked
Layer layer1.1.conv1.weight: 1/64 channels masked
Layer layer2.0.downsample.0.weight: 2/128 channels masked
Layer layer3.0.conv2.weight: 1/256 channels masked
Layer layer3.1.conv2.weight: 4/256 channels masked
Layer layer4.0.conv1.weight: 70/512 channels masked
Layer layer4.0.conv2.weight: 112/512 channels masked
Layer layer4.0.downsample.0.weight: 150/512 channels masked
Layer layer4.1.conv1.weight: 131/512 channels masked
Layer layer4.1.conv2.weight: 124/512 channels masked
------------------------- time cost ------------------------- 14.730266094207764

-------------Round number: 630-------------

Evaluate personalized models
Averaged Train Loss: 0.2550
Averaged Test Accurancy: 0.6947
Averaged Test AUC: 0.9465
Std Test Accurancy: 0.1295
Std Test AUC: 0.0342
ASR: 0.5491319597656137
attack_auc: 0.9075886388804477
Layer conv1.weight: 20/64 channels masked
Layer layer1.0.conv1.weight: 2/64 channels masked
Layer layer1.0.conv2.weight: 1/64 channels masked
Layer layer1.1.conv1.weight: 1/64 channels masked
Layer layer2.0.downsample.0.weight: 2/128 channels masked
Layer layer3.0.conv2.weight: 1/256 channels masked
Layer layer3.1.conv2.weight: 4/256 channels masked
Layer layer4.0.conv1.weight: 71/512 channels masked
Layer layer4.0.conv2.weight: 114/512 channels masked
Layer layer4.0.downsample.0.weight: 150/512 channels masked
Layer layer4.1.conv1.weight: 131/512 channels masked
Layer layer4.1.conv2.weight: 124/512 channels masked
------------------------- time cost ------------------------- 22.02048897743225
ASR: 0.582600611547829
attack_auc: 0.9168369660429823
Layer conv1.weight: 20/64 channels masked
Layer layer1.0.conv1.weight: 2/64 channels masked
Layer layer1.0.conv2.weight: 1/64 channels masked
Layer layer1.1.conv1.weight: 1/64 channels masked
Layer layer2.0.downsample.0.weight: 2/128 channels masked
Layer layer3.0.conv2.weight: 1/256 channels masked
Layer layer3.1.conv2.weight: 4/256 channels masked
Layer layer4.0.conv1.weight: 71/512 channels masked
Layer layer4.0.conv2.weight: 114/512 channels masked
Layer layer4.0.downsample.0.weight: 150/512 channels masked
Layer layer4.1.conv1.weight: 131/512 channels masked
Layer layer4.1.conv2.weight: 124/512 channels masked
------------------------- time cost ------------------------- 15.588973045349121
ASR: 0.554157620860806
attack_auc: 0.908874163176984
Layer conv1.weight: 20/64 channels masked
Layer layer1.0.conv1.weight: 2/64 channels masked
Layer layer1.0.conv2.weight: 1/64 channels masked
Layer layer1.1.conv1.weight: 1/64 channels masked
Layer layer2.0.downsample.0.weight: 2/128 channels masked
Layer layer3.0.conv2.weight: 1/256 channels masked
Layer layer3.1.conv2.weight: 4/256 channels masked
Layer layer4.0.conv1.weight: 70/512 channels masked
Layer layer4.0.conv2.weight: 110/512 channels masked
Layer layer4.0.downsample.0.weight: 150/512 channels masked
Layer layer4.1.conv1.weight: 132/512 channels masked
Layer layer4.1.conv2.weight: 124/512 channels masked
------------------------- time cost ------------------------- 17.414124488830566
ASR: 0.5444448635673813
attack_auc: 0.9048820491522747
Layer conv1.weight: 20/64 channels masked
Layer layer1.0.conv1.weight: 2/64 channels masked
Layer layer1.0.conv2.weight: 1/64 channels masked
Layer layer1.1.conv1.weight: 1/64 channels masked
Layer layer2.0.downsample.0.weight: 2/128 channels masked
Layer layer3.0.conv2.weight: 1/256 channels masked
Layer layer3.1.conv2.weight: 4/256 channels masked
Layer layer4.0.conv1.weight: 72/512 channels masked
Layer layer4.0.conv2.weight: 116/512 channels masked
Layer layer4.0.downsample.0.weight: 151/512 channels masked
Layer layer4.1.conv1.weight: 132/512 channels masked
Layer layer4.1.conv2.weight: 124/512 channels masked
------------------------- time cost ------------------------- 13.448301553726196
ASR: 0.5587177469582483
attack_auc: 0.9110408209060997
Layer conv1.weight: 20/64 channels masked
Layer layer1.0.conv1.weight: 2/64 channels masked
Layer layer1.0.conv2.weight: 1/64 channels masked
Layer layer1.1.conv1.weight: 1/64 channels masked
Layer layer2.0.downsample.0.weight: 2/128 channels masked
Layer layer3.0.conv2.weight: 1/256 channels masked
Layer layer3.1.conv2.weight: 4/256 channels masked
Layer layer4.0.conv1.weight: 72/512 channels masked
Layer layer4.0.conv2.weight: 116/512 channels masked
Layer layer4.0.downsample.0.weight: 151/512 channels masked
Layer layer4.1.conv1.weight: 132/512 channels masked
Layer layer4.1.conv2.weight: 124/512 channels masked
------------------------- time cost ------------------------- 15.345768690109253
ASR: 0.5666488840227986
attack_auc: 0.9139856089653421
Layer conv1.weight: 20/64 channels masked
Layer layer1.0.conv1.weight: 2/64 channels masked
Layer layer1.0.conv2.weight: 1/64 channels masked
Layer layer1.1.conv1.weight: 1/64 channels masked
Layer layer2.0.downsample.0.weight: 2/128 channels masked
Layer layer3.0.conv2.weight: 1/256 channels masked
Layer layer3.1.conv2.weight: 4/256 channels masked
Layer layer4.0.conv1.weight: 71/512 channels masked
Layer layer4.0.conv2.weight: 111/512 channels masked
Layer layer4.0.downsample.0.weight: 151/512 channels masked
Layer layer4.1.conv1.weight: 133/512 channels masked
Layer layer4.1.conv2.weight: 125/512 channels masked
------------------------- time cost ------------------------- 16.60907554626465
ASR: 0.5724839523582349
attack_auc: 0.912860377404272
Layer conv1.weight: 20/64 channels masked
Layer layer1.0.conv1.weight: 2/64 channels masked
Layer layer1.0.conv2.weight: 1/64 channels masked
Layer layer1.1.conv1.weight: 1/64 channels masked
Layer layer2.0.downsample.0.weight: 2/128 channels masked
Layer layer3.0.conv2.weight: 1/256 channels masked
Layer layer3.1.conv2.weight: 4/256 channels masked
Layer layer4.0.conv1.weight: 71/512 channels masked
Layer layer4.0.conv2.weight: 115/512 channels masked
Layer layer4.0.downsample.0.weight: 151/512 channels masked
Layer layer4.1.conv1.weight: 133/512 channels masked
Layer layer4.1.conv2.weight: 125/512 channels masked
------------------------- time cost ------------------------- 18.52109980583191
ASR: 0.5585381924861702
attack_auc: 0.9063400831096611
Layer conv1.weight: 20/64 channels masked
Layer layer1.0.conv1.weight: 2/64 channels masked
Layer layer1.0.conv2.weight: 1/64 channels masked
Layer layer1.1.conv1.weight: 1/64 channels masked
Layer layer2.0.downsample.0.weight: 2/128 channels masked
Layer layer3.0.conv2.weight: 1/256 channels masked
Layer layer3.1.conv2.weight: 4/256 channels masked
Layer layer4.0.conv1.weight: 72/512 channels masked
Layer layer4.0.conv2.weight: 113/512 channels masked
Layer layer4.0.downsample.0.weight: 152/512 channels masked
Layer layer4.1.conv1.weight: 133/512 channels masked
Layer layer4.1.conv2.weight: 125/512 channels masked
------------------------- time cost ------------------------- 18.484282732009888
ASR: 0.5466395200522987
attack_auc: 0.9015548980386799
Layer conv1.weight: 20/64 channels masked
Layer layer1.0.conv1.weight: 2/64 channels masked
Layer layer1.0.conv2.weight: 1/64 channels masked
Layer layer1.1.conv1.weight: 1/64 channels masked
Layer layer2.0.downsample.0.weight: 2/128 channels masked
Layer layer3.0.conv2.weight: 1/256 channels masked
Layer layer3.1.conv2.weight: 4/256 channels masked
Layer layer4.0.conv1.weight: 73/512 channels masked
Layer layer4.0.conv2.weight: 115/512 channels masked
Layer layer4.0.downsample.0.weight: 152/512 channels masked
Layer layer4.1.conv1.weight: 133/512 channels masked
Layer layer4.1.conv2.weight: 125/512 channels masked
------------------------- time cost ------------------------- 13.22349238395691
ASR: 0.5782833128601744
attack_auc: 0.9136450798520686
Layer conv1.weight: 20/64 channels masked
Layer layer1.0.conv1.weight: 2/64 channels masked
Layer layer1.0.conv2.weight: 1/64 channels masked
Layer layer1.1.conv1.weight: 1/64 channels masked
Layer layer2.0.downsample.0.weight: 2/128 channels masked
Layer layer3.0.conv2.weight: 1/256 channels masked
Layer layer3.1.conv2.weight: 4/256 channels masked
Layer layer4.0.conv1.weight: 74/512 channels masked
Layer layer4.0.conv2.weight: 115/512 channels masked
Layer layer4.0.downsample.0.weight: 152/512 channels masked
Layer layer4.1.conv1.weight: 133/512 channels masked
Layer layer4.1.conv2.weight: 125/512 channels masked
------------------------- time cost ------------------------- 14.93901252746582

-------------Round number: 640-------------

Evaluate personalized models
Averaged Train Loss: 0.2842
Averaged Test Accurancy: 0.6844
Averaged Test AUC: 0.9447
Std Test Accurancy: 0.1325
Std Test AUC: 0.0348
ASR: 0.5920461748175414
attack_auc: 0.9153080776752988
Layer conv1.weight: 20/64 channels masked
Layer layer1.0.conv1.weight: 2/64 channels masked
Layer layer1.0.conv2.weight: 1/64 channels masked
Layer layer1.1.conv1.weight: 1/64 channels masked
Layer layer2.0.downsample.0.weight: 2/128 channels masked
Layer layer3.0.conv2.weight: 1/256 channels masked
Layer layer3.1.conv2.weight: 4/256 channels masked
Layer layer4.0.conv1.weight: 74/512 channels masked
Layer layer4.0.conv2.weight: 114/512 channels masked
Layer layer4.0.downsample.0.weight: 152/512 channels masked
Layer layer4.1.conv1.weight: 133/512 channels masked
Layer layer4.1.conv2.weight: 125/512 channels masked
------------------------- time cost ------------------------- 25.607118129730225
ASR: 0.6009199658411516
attack_auc: 0.9214855515635556
Layer conv1.weight: 20/64 channels masked
Layer layer1.0.conv1.weight: 2/64 channels masked
Layer layer1.0.conv2.weight: 1/64 channels masked
Layer layer1.1.conv1.weight: 1/64 channels masked
Layer layer2.0.downsample.0.weight: 2/128 channels masked
Layer layer3.0.conv2.weight: 1/256 channels masked
Layer layer3.1.conv2.weight: 4/256 channels masked
Layer layer4.0.conv1.weight: 74/512 channels masked
Layer layer4.0.conv2.weight: 114/512 channels masked
Layer layer4.0.downsample.0.weight: 152/512 channels masked
Layer layer4.1.conv1.weight: 133/512 channels masked
Layer layer4.1.conv2.weight: 125/512 channels masked
------------------------- time cost ------------------------- 16.158926010131836
ASR: 0.639758804516744
attack_auc: 0.9321702819245835
Layer conv1.weight: 20/64 channels masked
Layer layer1.0.conv1.weight: 2/64 channels masked
Layer layer1.0.conv2.weight: 1/64 channels masked
Layer layer1.1.conv1.weight: 1/64 channels masked
Layer layer2.0.downsample.0.weight: 2/128 channels masked
Layer layer3.0.conv2.weight: 1/256 channels masked
Layer layer3.1.conv2.weight: 4/256 channels masked
Layer layer4.0.conv1.weight: 77/512 channels masked
Layer layer4.0.conv2.weight: 114/512 channels masked
Layer layer4.0.downsample.0.weight: 152/512 channels masked
Layer layer4.1.conv1.weight: 133/512 channels masked
Layer layer4.1.conv2.weight: 125/512 channels masked
------------------------- time cost ------------------------- 13.619690179824829
ASR: 0.6459648366234663
attack_auc: 0.9339158280871758
Layer conv1.weight: 20/64 channels masked
Layer layer1.0.conv1.weight: 2/64 channels masked
Layer layer1.0.conv2.weight: 1/64 channels masked
Layer layer1.1.conv1.weight: 1/64 channels masked
Layer layer2.0.downsample.0.weight: 2/128 channels masked
Layer layer3.0.conv2.weight: 1/256 channels masked
Layer layer3.1.conv2.weight: 4/256 channels masked
Layer layer4.0.conv1.weight: 77/512 channels masked
Layer layer4.0.conv2.weight: 114/512 channels masked
Layer layer4.0.downsample.0.weight: 152/512 channels masked
Layer layer4.1.conv1.weight: 133/512 channels masked
Layer layer4.1.conv2.weight: 125/512 channels masked
------------------------- time cost ------------------------- 16.08948063850403
ASR: 0.6316533300723663
attack_auc: 0.93200367453994
Layer conv1.weight: 20/64 channels masked
Layer layer1.0.conv1.weight: 2/64 channels masked
Layer layer1.0.conv2.weight: 1/64 channels masked
Layer layer1.1.conv1.weight: 1/64 channels masked
Layer layer2.0.downsample.0.weight: 2/128 channels masked
Layer layer3.0.conv2.weight: 1/256 channels masked
Layer layer3.1.conv2.weight: 4/256 channels masked
Layer layer4.0.conv1.weight: 77/512 channels masked
Layer layer4.0.conv2.weight: 115/512 channels masked
Layer layer4.0.downsample.0.weight: 152/512 channels masked
Layer layer4.1.conv1.weight: 133/512 channels masked
Layer layer4.1.conv2.weight: 125/512 channels masked
------------------------- time cost ------------------------- 17.686572074890137
ASR: 0.6362125363317173
attack_auc: 0.9342459173352208
Layer conv1.weight: 20/64 channels masked
Layer layer1.0.conv1.weight: 2/64 channels masked
Layer layer1.0.conv2.weight: 1/64 channels masked
Layer layer1.1.conv1.weight: 1/64 channels masked
Layer layer2.0.downsample.0.weight: 2/128 channels masked
Layer layer3.0.conv2.weight: 1/256 channels masked
Layer layer3.1.conv2.weight: 4/256 channels masked
Layer layer4.0.conv1.weight: 78/512 channels masked
Layer layer4.0.conv2.weight: 115/512 channels masked
Layer layer4.0.downsample.0.weight: 152/512 channels masked
Layer layer4.1.conv1.weight: 133/512 channels masked
Layer layer4.1.conv2.weight: 125/512 channels masked
------------------------- time cost ------------------------- 14.359194040298462
ASR: 0.6208541700925584
attack_auc: 0.9285278057817289
Layer conv1.weight: 20/64 channels masked
Layer layer1.0.conv1.weight: 2/64 channels masked
Layer layer1.0.conv2.weight: 1/64 channels masked
Layer layer1.1.conv1.weight: 1/64 channels masked
Layer layer2.0.downsample.0.weight: 2/128 channels masked
Layer layer3.0.conv2.weight: 1/256 channels masked
Layer layer3.1.conv2.weight: 4/256 channels masked
Layer layer4.0.conv1.weight: 79/512 channels masked
Layer layer4.0.conv2.weight: 115/512 channels masked
Layer layer4.0.downsample.0.weight: 152/512 channels masked
Layer layer4.1.conv1.weight: 133/512 channels masked
Layer layer4.1.conv2.weight: 125/512 channels masked
------------------------- time cost ------------------------- 15.264464378356934
ASR: 0.6058460795103942
attack_auc: 0.9229270471818394
Layer conv1.weight: 20/64 channels masked
Layer layer1.0.conv1.weight: 2/64 channels masked
Layer layer1.0.conv2.weight: 1/64 channels masked
Layer layer1.1.conv1.weight: 1/64 channels masked
Layer layer2.0.downsample.0.weight: 2/128 channels masked
Layer layer3.0.conv2.weight: 1/256 channels masked
Layer layer3.1.conv2.weight: 4/256 channels masked
Layer layer4.0.conv1.weight: 81/512 channels masked
Layer layer4.0.conv2.weight: 116/512 channels masked
Layer layer4.0.downsample.0.weight: 152/512 channels masked
Layer layer4.1.conv1.weight: 133/512 channels masked
Layer layer4.1.conv2.weight: 125/512 channels masked
------------------------- time cost ------------------------- 14.307868719100952
ASR: 0.5864477357428696
attack_auc: 0.9171867184851575
Layer conv1.weight: 20/64 channels masked
Layer layer1.0.conv1.weight: 2/64 channels masked
Layer layer1.0.conv2.weight: 1/64 channels masked
Layer layer1.1.conv1.weight: 1/64 channels masked
Layer layer2.0.downsample.0.weight: 2/128 channels masked
Layer layer3.0.conv2.weight: 1/256 channels masked
Layer layer3.1.conv2.weight: 4/256 channels masked
Layer layer4.0.conv1.weight: 78/512 channels masked
Layer layer4.0.conv2.weight: 116/512 channels masked
Layer layer4.0.downsample.0.weight: 149/512 channels masked
Layer layer4.1.conv1.weight: 126/512 channels masked
Layer layer4.1.conv2.weight: 125/512 channels masked
------------------------- time cost ------------------------- 15.068509101867676
ASR: 0.6017463225174976
attack_auc: 0.9235457842526533
Layer conv1.weight: 20/64 channels masked
Layer layer1.0.conv1.weight: 2/64 channels masked
Layer layer1.0.conv2.weight: 1/64 channels masked
Layer layer1.1.conv1.weight: 1/64 channels masked
Layer layer2.0.downsample.0.weight: 2/128 channels masked
Layer layer3.0.conv2.weight: 1/256 channels masked
Layer layer3.1.conv2.weight: 4/256 channels masked
Layer layer4.0.conv1.weight: 79/512 channels masked
Layer layer4.0.conv2.weight: 118/512 channels masked
Layer layer4.0.downsample.0.weight: 150/512 channels masked
Layer layer4.1.conv1.weight: 127/512 channels masked
Layer layer4.1.conv2.weight: 125/512 channels masked
------------------------- time cost ------------------------- 16.132474184036255

-------------Round number: 650-------------

Evaluate personalized models
Averaged Train Loss: 0.3079
Averaged Test Accurancy: 0.6808
Averaged Test AUC: 0.9432
Std Test Accurancy: 0.1222
Std Test AUC: 0.0300
ASR: 0.5979400354198136
attack_auc: 0.9242500292949487
Layer conv1.weight: 20/64 channels masked
Layer layer1.0.conv1.weight: 2/64 channels masked
Layer layer1.0.conv2.weight: 1/64 channels masked
Layer layer1.1.conv1.weight: 1/64 channels masked
Layer layer2.0.downsample.0.weight: 2/128 channels masked
Layer layer3.0.conv2.weight: 1/256 channels masked
Layer layer3.1.conv2.weight: 4/256 channels masked
Layer layer4.0.conv1.weight: 79/512 channels masked
Layer layer4.0.conv2.weight: 115/512 channels masked
Layer layer4.0.downsample.0.weight: 151/512 channels masked
Layer layer4.1.conv1.weight: 129/512 channels masked
Layer layer4.1.conv2.weight: 125/512 channels masked
------------------------- time cost ------------------------- 24.26850461959839
ASR: 0.5674821634650946
attack_auc: 0.9135472579484354
Layer conv1.weight: 20/64 channels masked
Layer layer1.0.conv1.weight: 2/64 channels masked
Layer layer1.0.conv2.weight: 1/64 channels masked
Layer layer1.1.conv1.weight: 1/64 channels masked
Layer layer2.0.downsample.0.weight: 2/128 channels masked
Layer layer3.0.conv2.weight: 1/256 channels masked
Layer layer3.1.conv2.weight: 4/256 channels masked
Layer layer4.0.conv1.weight: 83/512 channels masked
Layer layer4.0.conv2.weight: 119/512 channels masked
Layer layer4.0.downsample.0.weight: 150/512 channels masked
Layer layer4.1.conv1.weight: 124/512 channels masked
Layer layer4.1.conv2.weight: 125/512 channels masked
------------------------- time cost ------------------------- 15.90574598312378
ASR: 0.5853256402924336
attack_auc: 0.9178291144415681
Layer conv1.weight: 20/64 channels masked
Layer layer1.0.conv1.weight: 2/64 channels masked
Layer layer1.0.conv2.weight: 1/64 channels masked
Layer layer1.1.conv1.weight: 1/64 channels masked
Layer layer2.0.downsample.0.weight: 2/128 channels masked
Layer layer3.0.conv2.weight: 1/256 channels masked
Layer layer3.1.conv2.weight: 4/256 channels masked
Layer layer4.0.conv1.weight: 87/512 channels masked
Layer layer4.0.conv2.weight: 120/512 channels masked
Layer layer4.0.downsample.0.weight: 152/512 channels masked
Layer layer4.1.conv1.weight: 129/512 channels masked
Layer layer4.1.conv2.weight: 125/512 channels masked
------------------------- time cost ------------------------- 15.566622495651245
ASR: 0.5640099988572246
attack_auc: 0.9124588137169282
Layer conv1.weight: 20/64 channels masked
Layer layer1.0.conv1.weight: 2/64 channels masked
Layer layer1.0.conv2.weight: 1/64 channels masked
Layer layer1.1.conv1.weight: 1/64 channels masked
Layer layer2.0.downsample.0.weight: 2/128 channels masked
Layer layer3.0.conv2.weight: 1/256 channels masked
Layer layer3.1.conv2.weight: 4/256 channels masked
Layer layer4.0.conv1.weight: 87/512 channels masked
Layer layer4.0.conv2.weight: 120/512 channels masked
Layer layer4.0.downsample.0.weight: 152/512 channels masked
Layer layer4.1.conv1.weight: 130/512 channels masked
Layer layer4.1.conv2.weight: 125/512 channels masked
------------------------- time cost ------------------------- 15.9490807056427
ASR: 0.5738364189915306
attack_auc: 0.9134223469354185
Layer conv1.weight: 20/64 channels masked
Layer layer1.0.conv1.weight: 2/64 channels masked
Layer layer1.0.conv2.weight: 1/64 channels masked
Layer layer1.1.conv1.weight: 1/64 channels masked
Layer layer2.0.downsample.0.weight: 2/128 channels masked
Layer layer3.0.conv2.weight: 1/256 channels masked
Layer layer3.1.conv2.weight: 4/256 channels masked
Layer layer4.0.conv1.weight: 86/512 channels masked
Layer layer4.0.conv2.weight: 116/512 channels masked
Layer layer4.0.downsample.0.weight: 150/512 channels masked
Layer layer4.1.conv1.weight: 126/512 channels masked
Layer layer4.1.conv2.weight: 125/512 channels masked
------------------------- time cost ------------------------- 15.068005561828613
ASR: 0.5375655397751155
attack_auc: 0.9057456943561353
Layer conv1.weight: 20/64 channels masked
Layer layer1.0.conv1.weight: 2/64 channels masked
Layer layer1.0.conv2.weight: 1/64 channels masked
Layer layer1.1.conv1.weight: 1/64 channels masked
Layer layer2.0.downsample.0.weight: 2/128 channels masked
Layer layer3.0.conv2.weight: 1/256 channels masked
Layer layer3.1.conv2.weight: 4/256 channels masked
Layer layer4.0.conv1.weight: 87/512 channels masked
Layer layer4.0.conv2.weight: 115/512 channels masked
Layer layer4.0.downsample.0.weight: 151/512 channels masked
Layer layer4.1.conv1.weight: 129/512 channels masked
Layer layer4.1.conv2.weight: 125/512 channels masked
------------------------- time cost ------------------------- 14.63919186592102
ASR: 0.5362475379145979
attack_auc: 0.906538682685509
Layer conv1.weight: 20/64 channels masked
Layer layer1.0.conv1.weight: 2/64 channels masked
Layer layer1.0.conv2.weight: 1/64 channels masked
Layer layer1.1.conv1.weight: 1/64 channels masked
Layer layer2.0.downsample.0.weight: 2/128 channels masked
Layer layer3.0.conv2.weight: 1/256 channels masked
Layer layer3.1.conv2.weight: 4/256 channels masked
Layer layer4.0.conv1.weight: 89/512 channels masked
Layer layer4.0.conv2.weight: 117/512 channels masked
Layer layer4.0.downsample.0.weight: 153/512 channels masked
Layer layer4.1.conv1.weight: 127/512 channels masked
Layer layer4.1.conv2.weight: 126/512 channels masked
------------------------- time cost ------------------------- 14.80550241470337
ASR: 0.5239389773102362
attack_auc: 0.90200223405949
Layer conv1.weight: 20/64 channels masked
Layer layer1.0.conv1.weight: 2/64 channels masked
Layer layer1.0.conv2.weight: 1/64 channels masked
Layer layer1.1.conv1.weight: 1/64 channels masked
Layer layer2.0.downsample.0.weight: 2/128 channels masked
Layer layer3.0.conv2.weight: 1/256 channels masked
Layer layer3.1.conv2.weight: 4/256 channels masked
Layer layer4.0.conv1.weight: 89/512 channels masked
Layer layer4.0.conv2.weight: 107/512 channels masked
Layer layer4.0.downsample.0.weight: 153/512 channels masked
Layer layer4.1.conv1.weight: 129/512 channels masked
Layer layer4.1.conv2.weight: 126/512 channels masked
------------------------- time cost ------------------------- 17.627236127853394
ASR: 0.5302569091196663
attack_auc: 0.9027236527781081
Layer conv1.weight: 20/64 channels masked
Layer layer1.0.conv1.weight: 2/64 channels masked
Layer layer1.0.conv2.weight: 1/64 channels masked
Layer layer1.1.conv1.weight: 1/64 channels masked
Layer layer2.0.downsample.0.weight: 2/128 channels masked
Layer layer3.0.conv2.weight: 1/256 channels masked
Layer layer3.1.conv2.weight: 4/256 channels masked
Layer layer4.0.conv1.weight: 88/512 channels masked
Layer layer4.0.conv2.weight: 114/512 channels masked
Layer layer4.0.downsample.0.weight: 154/512 channels masked
Layer layer4.1.conv1.weight: 131/512 channels masked
Layer layer4.1.conv2.weight: 126/512 channels masked
------------------------- time cost ------------------------- 15.706400394439697
ASR: 0.5187808022577073
attack_auc: 0.899445867524723
Layer conv1.weight: 20/64 channels masked
Layer layer1.0.conv1.weight: 2/64 channels masked
Layer layer1.0.conv2.weight: 1/64 channels masked
Layer layer1.1.conv1.weight: 1/64 channels masked
Layer layer2.0.downsample.0.weight: 2/128 channels masked
Layer layer3.0.conv2.weight: 1/256 channels masked
Layer layer3.1.conv2.weight: 4/256 channels masked
Layer layer4.0.conv1.weight: 88/512 channels masked
Layer layer4.0.conv2.weight: 114/512 channels masked
Layer layer4.0.downsample.0.weight: 155/512 channels masked
Layer layer4.1.conv1.weight: 131/512 channels masked
Layer layer4.1.conv2.weight: 126/512 channels masked
------------------------- time cost ------------------------- 16.553125143051147

-------------Round number: 660-------------

Evaluate personalized models
Averaged Train Loss: 0.3197
Averaged Test Accurancy: 0.6870
Averaged Test AUC: 0.9449
Std Test Accurancy: 0.1120
Std Test AUC: 0.0261
ASR: 0.5195935331248108
attack_auc: 0.8978870480204509
Layer conv1.weight: 20/64 channels masked
Layer layer1.0.conv1.weight: 2/64 channels masked
Layer layer1.0.conv2.weight: 1/64 channels masked
Layer layer1.1.conv1.weight: 1/64 channels masked
Layer layer2.0.downsample.0.weight: 2/128 channels masked
Layer layer3.0.conv2.weight: 1/256 channels masked
Layer layer3.1.conv2.weight: 4/256 channels masked
Layer layer4.0.conv1.weight: 87/512 channels masked
Layer layer4.0.conv2.weight: 116/512 channels masked
Layer layer4.0.downsample.0.weight: 155/512 channels masked
Layer layer4.1.conv1.weight: 131/512 channels masked
Layer layer4.1.conv2.weight: 126/512 channels masked
------------------------- time cost ------------------------- 24.248612880706787
ASR: 0.503178448933067
attack_auc: 0.8932040041515001
Layer conv1.weight: 20/64 channels masked
Layer layer1.0.conv1.weight: 2/64 channels masked
Layer layer1.0.conv2.weight: 1/64 channels masked
Layer layer1.1.conv1.weight: 1/64 channels masked
Layer layer2.0.downsample.0.weight: 2/128 channels masked
Layer layer3.0.conv2.weight: 1/256 channels masked
Layer layer3.1.conv2.weight: 4/256 channels masked
Layer layer4.0.conv1.weight: 87/512 channels masked
Layer layer4.0.conv2.weight: 117/512 channels masked
Layer layer4.0.downsample.0.weight: 155/512 channels masked
Layer layer4.1.conv1.weight: 133/512 channels masked
Layer layer4.1.conv2.weight: 126/512 channels masked
------------------------- time cost ------------------------- 13.430015087127686
ASR: 0.5069877724649521
attack_auc: 0.8922542827390156
Layer conv1.weight: 20/64 channels masked
Layer layer1.0.conv1.weight: 2/64 channels masked
Layer layer1.0.conv2.weight: 1/64 channels masked
Layer layer1.1.conv1.weight: 1/64 channels masked
Layer layer2.0.downsample.0.weight: 2/128 channels masked
Layer layer3.0.conv2.weight: 1/256 channels masked
Layer layer3.1.conv2.weight: 4/256 channels masked
Layer layer4.0.conv1.weight: 90/512 channels masked
Layer layer4.0.conv2.weight: 117/512 channels masked
Layer layer4.0.downsample.0.weight: 155/512 channels masked
Layer layer4.1.conv1.weight: 132/512 channels masked
Layer layer4.1.conv2.weight: 126/512 channels masked
------------------------- time cost ------------------------- 16.11280655860901
ASR: 0.5135199211418917
attack_auc: 0.8964087523864641
Layer conv1.weight: 20/64 channels masked
Layer layer1.0.conv1.weight: 2/64 channels masked
Layer layer1.0.conv2.weight: 1/64 channels masked
Layer layer1.1.conv1.weight: 1/64 channels masked
Layer layer2.0.downsample.0.weight: 2/128 channels masked
Layer layer3.0.conv2.weight: 1/256 channels masked
Layer layer3.1.conv2.weight: 4/256 channels masked
Layer layer4.0.conv1.weight: 91/512 channels masked
Layer layer4.0.conv2.weight: 118/512 channels masked
Layer layer4.0.downsample.0.weight: 155/512 channels masked
Layer layer4.1.conv1.weight: 133/512 channels masked
Layer layer4.1.conv2.weight: 126/512 channels masked
------------------------- time cost ------------------------- 16.676790714263916
ASR: 0.5367002577776004
attack_auc: 0.9018633519182251
Layer conv1.weight: 20/64 channels masked
Layer layer1.0.conv1.weight: 2/64 channels masked
Layer layer1.0.conv2.weight: 1/64 channels masked
Layer layer1.1.conv1.weight: 1/64 channels masked
Layer layer2.0.downsample.0.weight: 2/128 channels masked
Layer layer3.0.conv2.weight: 1/256 channels masked
Layer layer3.1.conv2.weight: 4/256 channels masked
Layer layer4.0.conv1.weight: 91/512 channels masked
Layer layer4.0.conv2.weight: 118/512 channels masked
Layer layer4.0.downsample.0.weight: 155/512 channels masked
Layer layer4.1.conv1.weight: 133/512 channels masked
Layer layer4.1.conv2.weight: 126/512 channels masked
------------------------- time cost ------------------------- 17.012953281402588
ASR: 0.5351272525163103
attack_auc: 0.8999784925368178
Layer conv1.weight: 20/64 channels masked
Layer layer1.0.conv1.weight: 2/64 channels masked
Layer layer1.0.conv2.weight: 1/64 channels masked
Layer layer1.1.conv1.weight: 1/64 channels masked
Layer layer2.0.downsample.0.weight: 2/128 channels masked
Layer layer3.0.conv2.weight: 1/256 channels masked
Layer layer3.1.conv2.weight: 4/256 channels masked
Layer layer4.0.conv1.weight: 88/512 channels masked
Layer layer4.0.conv2.weight: 117/512 channels masked
Layer layer4.0.downsample.0.weight: 155/512 channels masked
Layer layer4.1.conv1.weight: 133/512 channels masked
Layer layer4.1.conv2.weight: 126/512 channels masked
------------------------- time cost ------------------------- 13.375588178634644
ASR: 0.5446517626013705
attack_auc: 0.9039873670391163
Layer conv1.weight: 20/64 channels masked
Layer layer1.0.conv1.weight: 2/64 channels masked
Layer layer1.0.conv2.weight: 1/64 channels masked
Layer layer1.1.conv1.weight: 1/64 channels masked
Layer layer2.0.downsample.0.weight: 2/128 channels masked
Layer layer3.0.conv2.weight: 1/256 channels masked
Layer layer3.1.conv2.weight: 4/256 channels masked
Layer layer4.0.conv1.weight: 91/512 channels masked
Layer layer4.0.conv2.weight: 120/512 channels masked
Layer layer4.0.downsample.0.weight: 155/512 channels masked
Layer layer4.1.conv1.weight: 134/512 channels masked
Layer layer4.1.conv2.weight: 126/512 channels masked
------------------------- time cost ------------------------- 14.045143127441406
ASR: 0.549107120691886
attack_auc: 0.9047512605507445
Layer conv1.weight: 20/64 channels masked
Layer layer1.0.conv1.weight: 2/64 channels masked
Layer layer1.0.conv2.weight: 1/64 channels masked
Layer layer1.1.conv1.weight: 1/64 channels masked
Layer layer2.0.downsample.0.weight: 2/128 channels masked
Layer layer3.0.conv2.weight: 1/256 channels masked
Layer layer3.1.conv2.weight: 4/256 channels masked
Layer layer4.0.conv1.weight: 91/512 channels masked
Layer layer4.0.conv2.weight: 121/512 channels masked
Layer layer4.0.downsample.0.weight: 155/512 channels masked
Layer layer4.1.conv1.weight: 134/512 channels masked
Layer layer4.1.conv2.weight: 126/512 channels masked
------------------------- time cost ------------------------- 15.239057540893555
ASR: 0.5358994156135625
attack_auc: 0.9018759735410089
Layer conv1.weight: 20/64 channels masked
Layer layer1.0.conv1.weight: 2/64 channels masked
Layer layer1.0.conv2.weight: 1/64 channels masked
Layer layer1.1.conv1.weight: 1/64 channels masked
Layer layer2.0.downsample.0.weight: 2/128 channels masked
Layer layer3.0.conv2.weight: 1/256 channels masked
Layer layer3.1.conv2.weight: 4/256 channels masked
Layer layer4.0.conv1.weight: 88/512 channels masked
Layer layer4.0.conv2.weight: 119/512 channels masked
Layer layer4.0.downsample.0.weight: 155/512 channels masked
Layer layer4.1.conv1.weight: 134/512 channels masked
Layer layer4.1.conv2.weight: 127/512 channels masked
------------------------- time cost ------------------------- 13.324559450149536
ASR: 0.5609426126487947
attack_auc: 0.9088353478223188
Layer conv1.weight: 20/64 channels masked
Layer layer1.0.conv1.weight: 2/64 channels masked
Layer layer1.0.conv2.weight: 1/64 channels masked
Layer layer1.1.conv1.weight: 1/64 channels masked
Layer layer2.0.downsample.0.weight: 2/128 channels masked
Layer layer3.0.conv2.weight: 1/256 channels masked
Layer layer3.1.conv2.weight: 4/256 channels masked
Layer layer4.0.conv1.weight: 91/512 channels masked
Layer layer4.0.conv2.weight: 121/512 channels masked
Layer layer4.0.downsample.0.weight: 155/512 channels masked
Layer layer4.1.conv1.weight: 134/512 channels masked
Layer layer4.1.conv2.weight: 127/512 channels masked
------------------------- time cost ------------------------- 14.665627241134644

-------------Round number: 670-------------

Evaluate personalized models
Averaged Train Loss: 0.2472
Averaged Test Accurancy: 0.6869
Averaged Test AUC: 0.9442
Std Test Accurancy: 0.1077
Std Test AUC: 0.0255
ASR: 0.5560804928940802
attack_auc: 0.9075284589964503
Layer conv1.weight: 20/64 channels masked
Layer layer1.0.conv1.weight: 2/64 channels masked
Layer layer1.0.conv2.weight: 1/64 channels masked
Layer layer1.1.conv1.weight: 1/64 channels masked
Layer layer2.0.downsample.0.weight: 2/128 channels masked
Layer layer3.0.conv2.weight: 1/256 channels masked
Layer layer3.1.conv2.weight: 4/256 channels masked
Layer layer4.0.conv1.weight: 91/512 channels masked
Layer layer4.0.conv2.weight: 125/512 channels masked
Layer layer4.0.downsample.0.weight: 156/512 channels masked
Layer layer4.1.conv1.weight: 135/512 channels masked
Layer layer4.1.conv2.weight: 127/512 channels masked
------------------------- time cost ------------------------- 23.98862075805664
ASR: 0.5556907097071755
attack_auc: 0.9082679422747363
Layer conv1.weight: 20/64 channels masked
Layer layer1.0.conv1.weight: 2/64 channels masked
Layer layer1.0.conv2.weight: 1/64 channels masked
Layer layer1.1.conv1.weight: 1/64 channels masked
Layer layer2.0.downsample.0.weight: 2/128 channels masked
Layer layer3.0.conv2.weight: 1/256 channels masked
Layer layer3.1.conv2.weight: 4/256 channels masked
Layer layer4.0.conv1.weight: 91/512 channels masked
Layer layer4.0.conv2.weight: 116/512 channels masked
Layer layer4.0.downsample.0.weight: 156/512 channels masked
Layer layer4.1.conv1.weight: 137/512 channels masked
Layer layer4.1.conv2.weight: 127/512 channels masked
------------------------- time cost ------------------------- 15.833412170410156
ASR: 0.5523883460422503
attack_auc: 0.9044667657180715
Layer conv1.weight: 20/64 channels masked
Layer layer1.0.conv1.weight: 2/64 channels masked
Layer layer1.0.conv2.weight: 1/64 channels masked
Layer layer1.1.conv1.weight: 1/64 channels masked
Layer layer2.0.downsample.0.weight: 2/128 channels masked
Layer layer3.0.conv2.weight: 1/256 channels masked
Layer layer3.1.conv2.weight: 4/256 channels masked
Layer layer4.0.conv1.weight: 90/512 channels masked
Layer layer4.0.conv2.weight: 112/512 channels masked
Layer layer4.0.downsample.0.weight: 154/512 channels masked
Layer layer4.1.conv1.weight: 137/512 channels masked
Layer layer4.1.conv2.weight: 127/512 channels masked
------------------------- time cost ------------------------- 17.869826555252075
ASR: 0.5675808746486906
attack_auc: 0.9096800794772528
Layer conv1.weight: 20/64 channels masked
Layer layer1.0.conv1.weight: 2/64 channels masked
Layer layer1.0.conv2.weight: 1/64 channels masked
Layer layer1.1.conv1.weight: 1/64 channels masked
Layer layer2.0.downsample.0.weight: 2/128 channels masked
Layer layer3.0.conv2.weight: 1/256 channels masked
Layer layer3.1.conv2.weight: 4/256 channels masked
Layer layer4.0.conv1.weight: 91/512 channels masked
Layer layer4.0.conv2.weight: 114/512 channels masked
Layer layer4.0.downsample.0.weight: 155/512 channels masked
Layer layer4.1.conv1.weight: 137/512 channels masked
Layer layer4.1.conv2.weight: 127/512 channels masked
------------------------- time cost ------------------------- 17.504571676254272
ASR: 0.5479849867476347
attack_auc: 0.903206102021487
Layer conv1.weight: 20/64 channels masked
Layer layer1.0.conv1.weight: 2/64 channels masked
Layer layer1.0.conv2.weight: 1/64 channels masked
Layer layer1.1.conv1.weight: 1/64 channels masked
Layer layer2.0.downsample.0.weight: 2/128 channels masked
Layer layer3.0.conv2.weight: 1/256 channels masked
Layer layer3.1.conv2.weight: 4/256 channels masked
Layer layer4.0.conv1.weight: 91/512 channels masked
Layer layer4.0.conv2.weight: 114/512 channels masked
Layer layer4.0.downsample.0.weight: 155/512 channels masked
Layer layer4.1.conv1.weight: 137/512 channels masked
Layer layer4.1.conv2.weight: 127/512 channels masked
------------------------- time cost ------------------------- 15.094429969787598
ASR: 0.5618372776583215
attack_auc: 0.9087795956404051
Layer conv1.weight: 20/64 channels masked
Layer layer1.0.conv1.weight: 2/64 channels masked
Layer layer1.0.conv2.weight: 1/64 channels masked
Layer layer1.1.conv1.weight: 1/64 channels masked
Layer layer2.0.downsample.0.weight: 2/128 channels masked
Layer layer3.0.conv2.weight: 1/256 channels masked
Layer layer3.1.conv2.weight: 4/256 channels masked
Layer layer4.0.conv1.weight: 92/512 channels masked
Layer layer4.0.conv2.weight: 115/512 channels masked
Layer layer4.0.downsample.0.weight: 155/512 channels masked
Layer layer4.1.conv1.weight: 137/512 channels masked
Layer layer4.1.conv2.weight: 127/512 channels masked
------------------------- time cost ------------------------- 17.22205114364624
ASR: 0.5487912115981597
attack_auc: 0.9034356441043773
Layer conv1.weight: 20/64 channels masked
Layer layer1.0.conv1.weight: 2/64 channels masked
Layer layer1.0.conv2.weight: 1/64 channels masked
Layer layer1.1.conv1.weight: 1/64 channels masked
Layer layer2.0.downsample.0.weight: 2/128 channels masked
Layer layer3.0.conv2.weight: 1/256 channels masked
Layer layer3.1.conv2.weight: 4/256 channels masked
Layer layer4.0.conv1.weight: 92/512 channels masked
Layer layer4.0.conv2.weight: 115/512 channels masked
Layer layer4.0.downsample.0.weight: 156/512 channels masked
Layer layer4.1.conv1.weight: 137/512 channels masked
Layer layer4.1.conv2.weight: 127/512 channels masked
------------------------- time cost ------------------------- 14.161253929138184
ASR: 0.5511538999271977
attack_auc: 0.9048860741765111
Layer conv1.weight: 20/64 channels masked
Layer layer1.0.conv1.weight: 2/64 channels masked
Layer layer1.0.conv2.weight: 1/64 channels masked
Layer layer1.1.conv1.weight: 1/64 channels masked
Layer layer2.0.downsample.0.weight: 2/128 channels masked
Layer layer3.0.conv2.weight: 1/256 channels masked
Layer layer3.1.conv2.weight: 4/256 channels masked
Layer layer4.0.conv1.weight: 89/512 channels masked
Layer layer4.0.conv2.weight: 113/512 channels masked
Layer layer4.0.downsample.0.weight: 156/512 channels masked
Layer layer4.1.conv1.weight: 135/512 channels masked
Layer layer4.1.conv2.weight: 127/512 channels masked
------------------------- time cost ------------------------- 13.863152503967285
ASR: 0.5534928327711998
attack_auc: 0.9086015038066393
Layer conv1.weight: 20/64 channels masked
Layer layer1.0.conv1.weight: 2/64 channels masked
Layer layer1.0.conv2.weight: 1/64 channels masked
Layer layer1.1.conv1.weight: 1/64 channels masked
Layer layer2.0.downsample.0.weight: 2/128 channels masked
Layer layer3.0.conv2.weight: 1/256 channels masked
Layer layer3.1.conv2.weight: 4/256 channels masked
Layer layer4.0.conv1.weight: 96/512 channels masked
Layer layer4.0.conv2.weight: 114/512 channels masked
Layer layer4.0.downsample.0.weight: 156/512 channels masked
Layer layer4.1.conv1.weight: 136/512 channels masked
Layer layer4.1.conv2.weight: 127/512 channels masked
------------------------- time cost ------------------------- 15.703041315078735
ASR: 0.4592181764641927
attack_auc: 0.8732194263569005
Layer conv1.weight: 20/64 channels masked
Layer layer1.0.conv1.weight: 2/64 channels masked
Layer layer1.0.conv2.weight: 1/64 channels masked
Layer layer1.1.conv1.weight: 1/64 channels masked
Layer layer2.0.downsample.0.weight: 2/128 channels masked
Layer layer3.0.conv2.weight: 1/256 channels masked
Layer layer3.1.conv2.weight: 4/256 channels masked
Layer layer4.0.conv1.weight: 96/512 channels masked
Layer layer4.0.conv2.weight: 113/512 channels masked
Layer layer4.0.downsample.0.weight: 156/512 channels masked
Layer layer4.1.conv1.weight: 136/512 channels masked
Layer layer4.1.conv2.weight: 127/512 channels masked
------------------------- time cost ------------------------- 14.416881322860718

-------------Round number: 680-------------

Evaluate personalized models
Averaged Train Loss: 0.1881
Averaged Test Accurancy: 0.6934
Averaged Test AUC: 0.9466
Std Test Accurancy: 0.1064
Std Test AUC: 0.0276
ASR: 0.46276131403202775
attack_auc: 0.8804358245766573
Layer conv1.weight: 20/64 channels masked
Layer layer1.0.conv1.weight: 2/64 channels masked
Layer layer1.0.conv2.weight: 1/64 channels masked
Layer layer1.1.conv1.weight: 1/64 channels masked
Layer layer2.0.downsample.0.weight: 2/128 channels masked
Layer layer3.0.conv2.weight: 1/256 channels masked
Layer layer3.1.conv2.weight: 4/256 channels masked
Layer layer4.0.conv1.weight: 96/512 channels masked
Layer layer4.0.conv2.weight: 114/512 channels masked
Layer layer4.0.downsample.0.weight: 156/512 channels masked
Layer layer4.1.conv1.weight: 138/512 channels masked
Layer layer4.1.conv2.weight: 127/512 channels masked
------------------------- time cost ------------------------- 22.0316104888916
ASR: 0.4753280335583029
attack_auc: 0.881517793847381
Layer conv1.weight: 20/64 channels masked
Layer layer1.0.conv1.weight: 2/64 channels masked
Layer layer1.0.conv2.weight: 1/64 channels masked
Layer layer1.1.conv1.weight: 1/64 channels masked
Layer layer2.0.downsample.0.weight: 2/128 channels masked
Layer layer3.0.conv2.weight: 1/256 channels masked
Layer layer3.1.conv2.weight: 4/256 channels masked
Layer layer4.0.conv1.weight: 96/512 channels masked
Layer layer4.0.conv2.weight: 115/512 channels masked
Layer layer4.0.downsample.0.weight: 156/512 channels masked
Layer layer4.1.conv1.weight: 139/512 channels masked
Layer layer4.1.conv2.weight: 127/512 channels masked
------------------------- time cost ------------------------- 16.574467182159424
ASR: 0.4613875111914589
attack_auc: 0.8774733753076364
Layer conv1.weight: 20/64 channels masked
Layer layer1.0.conv1.weight: 2/64 channels masked
Layer layer1.0.conv2.weight: 1/64 channels masked
Layer layer1.1.conv1.weight: 1/64 channels masked
Layer layer2.0.downsample.0.weight: 2/128 channels masked
Layer layer3.0.conv2.weight: 1/256 channels masked
Layer layer3.1.conv2.weight: 4/256 channels masked
Layer layer4.0.conv1.weight: 94/512 channels masked
Layer layer4.0.conv2.weight: 116/512 channels masked
Layer layer4.0.downsample.0.weight: 156/512 channels masked
Layer layer4.1.conv1.weight: 135/512 channels masked
Layer layer4.1.conv2.weight: 127/512 channels masked
------------------------- time cost ------------------------- 13.984548091888428
ASR: 0.4748099792734133
attack_auc: 0.8798567265093054
Layer conv1.weight: 20/64 channels masked
Layer layer1.0.conv1.weight: 2/64 channels masked
Layer layer1.0.conv2.weight: 1/64 channels masked
Layer layer1.1.conv1.weight: 1/64 channels masked
Layer layer2.0.downsample.0.weight: 2/128 channels masked
Layer layer3.0.conv2.weight: 1/256 channels masked
Layer layer3.1.conv2.weight: 4/256 channels masked
Layer layer4.0.conv1.weight: 96/512 channels masked
Layer layer4.0.conv2.weight: 115/512 channels masked
Layer layer4.0.downsample.0.weight: 156/512 channels masked
Layer layer4.1.conv1.weight: 136/512 channels masked
Layer layer4.1.conv2.weight: 127/512 channels masked
------------------------- time cost ------------------------- 16.58291792869568
ASR: 0.470878479302391
attack_auc: 0.8808845247820961
Layer conv1.weight: 20/64 channels masked
Layer layer1.0.conv1.weight: 2/64 channels masked
Layer layer1.0.conv2.weight: 1/64 channels masked
Layer layer1.1.conv1.weight: 1/64 channels masked
Layer layer2.0.downsample.0.weight: 2/128 channels masked
Layer layer3.0.conv2.weight: 1/256 channels masked
Layer layer3.1.conv2.weight: 4/256 channels masked
Layer layer4.0.conv1.weight: 96/512 channels masked
Layer layer4.0.conv2.weight: 115/512 channels masked
Layer layer4.0.downsample.0.weight: 156/512 channels masked
Layer layer4.1.conv1.weight: 137/512 channels masked
Layer layer4.1.conv2.weight: 127/512 channels masked
------------------------- time cost ------------------------- 18.96963882446289
ASR: 0.4532027178964662
attack_auc: 0.8698153821501204
Layer conv1.weight: 20/64 channels masked
Layer layer1.0.conv1.weight: 2/64 channels masked
Layer layer1.0.conv2.weight: 1/64 channels masked
Layer layer1.1.conv1.weight: 1/64 channels masked
Layer layer2.0.downsample.0.weight: 2/128 channels masked
Layer layer3.0.conv2.weight: 1/256 channels masked
Layer layer3.1.conv2.weight: 4/256 channels masked
Layer layer4.0.conv1.weight: 95/512 channels masked
Layer layer4.0.conv2.weight: 114/512 channels masked
Layer layer4.0.downsample.0.weight: 155/512 channels masked
Layer layer4.1.conv1.weight: 118/512 channels masked
Layer layer4.1.conv2.weight: 127/512 channels masked
------------------------- time cost ------------------------- 13.141826391220093
ASR: 0.48983622306479546
attack_auc: 0.8865816192957894
Layer conv1.weight: 20/64 channels masked
Layer layer1.0.conv1.weight: 2/64 channels masked
Layer layer1.0.conv2.weight: 1/64 channels masked
Layer layer1.1.conv1.weight: 1/64 channels masked
Layer layer2.0.downsample.0.weight: 2/128 channels masked
Layer layer3.0.conv2.weight: 1/256 channels masked
Layer layer3.1.conv2.weight: 4/256 channels masked
Layer layer4.0.conv1.weight: 96/512 channels masked
Layer layer4.0.conv2.weight: 119/512 channels masked
Layer layer4.0.downsample.0.weight: 156/512 channels masked
Layer layer4.1.conv1.weight: 128/512 channels masked
Layer layer4.1.conv2.weight: 129/512 channels masked
------------------------- time cost ------------------------- 14.86264443397522
ASR: 0.47925347548918296
attack_auc: 0.8839847185286531
Layer conv1.weight: 20/64 channels masked
Layer layer1.0.conv1.weight: 2/64 channels masked
Layer layer1.0.conv2.weight: 1/64 channels masked
Layer layer1.1.conv1.weight: 1/64 channels masked
Layer layer2.0.downsample.0.weight: 2/128 channels masked
Layer layer3.0.conv2.weight: 1/256 channels masked
Layer layer3.1.conv2.weight: 4/256 channels masked
Layer layer4.0.conv1.weight: 97/512 channels masked
Layer layer4.0.conv2.weight: 119/512 channels masked
Layer layer4.0.downsample.0.weight: 156/512 channels masked
Layer layer4.1.conv1.weight: 130/512 channels masked
Layer layer4.1.conv2.weight: 129/512 channels masked
------------------------- time cost ------------------------- 18.102153539657593
ASR: 0.460662073341537
attack_auc: 0.8737688413865712
Layer conv1.weight: 20/64 channels masked
Layer layer1.0.conv1.weight: 2/64 channels masked
Layer layer1.0.conv2.weight: 1/64 channels masked
Layer layer1.1.conv1.weight: 1/64 channels masked
Layer layer2.0.downsample.0.weight: 2/128 channels masked
Layer layer3.0.conv2.weight: 1/256 channels masked
Layer layer3.1.conv2.weight: 4/256 channels masked
Layer layer4.0.conv1.weight: 97/512 channels masked
Layer layer4.0.conv2.weight: 119/512 channels masked
Layer layer4.0.downsample.0.weight: 156/512 channels masked
Layer layer4.1.conv1.weight: 131/512 channels masked
Layer layer4.1.conv2.weight: 129/512 channels masked
------------------------- time cost ------------------------- 17.000616312026978
ASR: 0.5045914235738082
attack_auc: 0.886493892311906
Layer conv1.weight: 20/64 channels masked
Layer layer1.0.conv1.weight: 2/64 channels masked
Layer layer1.0.conv2.weight: 1/64 channels masked
Layer layer1.1.conv1.weight: 1/64 channels masked
Layer layer2.0.downsample.0.weight: 2/128 channels masked
Layer layer3.0.conv2.weight: 1/256 channels masked
Layer layer3.1.conv2.weight: 4/256 channels masked
Layer layer4.0.conv1.weight: 96/512 channels masked
Layer layer4.0.conv2.weight: 118/512 channels masked
Layer layer4.0.downsample.0.weight: 156/512 channels masked
Layer layer4.1.conv1.weight: 127/512 channels masked
Layer layer4.1.conv2.weight: 129/512 channels masked
------------------------- time cost ------------------------- 16.798447608947754

-------------Round number: 690-------------

Evaluate personalized models
Averaged Train Loss: 0.1850
Averaged Test Accurancy: 0.6919
Averaged Test AUC: 0.9472
Std Test Accurancy: 0.1049
Std Test AUC: 0.0264
ASR: 0.5025506462302127
attack_auc: 0.8870791044323917
Layer conv1.weight: 20/64 channels masked
Layer layer1.0.conv1.weight: 2/64 channels masked
Layer layer1.0.conv2.weight: 1/64 channels masked
Layer layer1.1.conv1.weight: 1/64 channels masked
Layer layer2.0.downsample.0.weight: 2/128 channels masked
Layer layer3.0.conv2.weight: 1/256 channels masked
Layer layer3.1.conv2.weight: 4/256 channels masked
Layer layer4.0.conv1.weight: 97/512 channels masked
Layer layer4.0.conv2.weight: 120/512 channels masked
Layer layer4.0.downsample.0.weight: 156/512 channels masked
Layer layer4.1.conv1.weight: 131/512 channels masked
Layer layer4.1.conv2.weight: 129/512 channels masked
------------------------- time cost ------------------------- 25.449143171310425
ASR: 0.48566076887409715
attack_auc: 0.8832057049835774
Layer conv1.weight: 19/64 channels masked
Layer layer1.0.conv1.weight: 2/64 channels masked
Layer layer1.0.conv2.weight: 1/64 channels masked
Layer layer1.1.conv1.weight: 1/64 channels masked
Layer layer2.0.downsample.0.weight: 2/128 channels masked
Layer layer3.0.conv2.weight: 1/256 channels masked
Layer layer3.1.conv2.weight: 4/256 channels masked
Layer layer4.0.conv1.weight: 98/512 channels masked
Layer layer4.0.conv2.weight: 119/512 channels masked
Layer layer4.0.downsample.0.weight: 155/512 channels masked
Layer layer4.1.conv1.weight: 127/512 channels masked
Layer layer4.1.conv2.weight: 129/512 channels masked
------------------------- time cost ------------------------- 13.076059579849243
ASR: 0.4947795631961568
attack_auc: 0.8838029602658902
Layer conv1.weight: 19/64 channels masked
Layer layer1.0.conv1.weight: 2/64 channels masked
Layer layer1.0.conv2.weight: 1/64 channels masked
Layer layer1.1.conv1.weight: 1/64 channels masked
Layer layer2.0.downsample.0.weight: 2/128 channels masked
Layer layer3.0.conv2.weight: 1/256 channels masked
Layer layer3.1.conv2.weight: 4/256 channels masked
Layer layer4.0.conv1.weight: 101/512 channels masked
Layer layer4.0.conv2.weight: 121/512 channels masked
Layer layer4.0.downsample.0.weight: 155/512 channels masked
Layer layer4.1.conv1.weight: 131/512 channels masked
Layer layer4.1.conv2.weight: 129/512 channels masked
------------------------- time cost ------------------------- 13.291804075241089
ASR: 0.4943086765793586
attack_auc: 0.884168930572484
Layer conv1.weight: 19/64 channels masked
Layer layer1.0.conv1.weight: 2/64 channels masked
Layer layer1.0.conv2.weight: 1/64 channels masked
Layer layer1.1.conv1.weight: 1/64 channels masked
Layer layer2.0.downsample.0.weight: 2/128 channels masked
Layer layer3.0.conv2.weight: 1/256 channels masked
Layer layer3.1.conv2.weight: 4/256 channels masked
Layer layer4.0.conv1.weight: 104/512 channels masked
Layer layer4.0.conv2.weight: 123/512 channels masked
Layer layer4.0.downsample.0.weight: 155/512 channels masked
Layer layer4.1.conv1.weight: 135/512 channels masked
Layer layer4.1.conv2.weight: 129/512 channels masked
------------------------- time cost ------------------------- 11.845145463943481
ASR: 0.5390810339011322
attack_auc: 0.9036051405036637
Layer conv1.weight: 19/64 channels masked
Layer layer1.0.conv1.weight: 2/64 channels masked
Layer layer1.0.conv2.weight: 1/64 channels masked
Layer layer1.1.conv1.weight: 1/64 channels masked
Layer layer2.0.downsample.0.weight: 2/128 channels masked
Layer layer3.0.conv2.weight: 1/256 channels masked
Layer layer3.1.conv2.weight: 4/256 channels masked
Layer layer4.0.conv1.weight: 107/512 channels masked
Layer layer4.0.conv2.weight: 122/512 channels masked
Layer layer4.0.downsample.0.weight: 155/512 channels masked
Layer layer4.1.conv1.weight: 135/512 channels masked
Layer layer4.1.conv2.weight: 129/512 channels masked
------------------------- time cost ------------------------- 13.641780853271484
ASR: 0.4933489488164054
attack_auc: 0.8916468205458496
Layer conv1.weight: 19/64 channels masked
Layer layer1.0.conv1.weight: 2/64 channels masked
Layer layer1.0.conv2.weight: 1/64 channels masked
Layer layer1.1.conv1.weight: 1/64 channels masked
Layer layer2.0.downsample.0.weight: 2/128 channels masked
Layer layer3.0.conv2.weight: 1/256 channels masked
Layer layer3.1.conv2.weight: 4/256 channels masked
Layer layer4.0.conv1.weight: 107/512 channels masked
Layer layer4.0.conv2.weight: 121/512 channels masked
Layer layer4.0.downsample.0.weight: 155/512 channels masked
Layer layer4.1.conv1.weight: 135/512 channels masked
Layer layer4.1.conv2.weight: 129/512 channels masked
------------------------- time cost ------------------------- 16.79413938522339
ASR: 0.4531123898624362
attack_auc: 0.8738856811058914
Layer conv1.weight: 19/64 channels masked
Layer layer1.0.conv1.weight: 2/64 channels masked
Layer layer1.0.conv2.weight: 1/64 channels masked
Layer layer1.1.conv1.weight: 1/64 channels masked
Layer layer2.0.downsample.0.weight: 2/128 channels masked
Layer layer3.0.conv2.weight: 1/256 channels masked
Layer layer3.1.conv2.weight: 4/256 channels masked
Layer layer4.0.conv1.weight: 105/512 channels masked
Layer layer4.0.conv2.weight: 117/512 channels masked
Layer layer4.0.downsample.0.weight: 155/512 channels masked
Layer layer4.1.conv1.weight: 135/512 channels masked
Layer layer4.1.conv2.weight: 129/512 channels masked
------------------------- time cost ------------------------- 17.729400157928467
ASR: 0.4826871357393857
attack_auc: 0.8838272453182866
Layer conv1.weight: 19/64 channels masked
Layer layer1.0.conv1.weight: 2/64 channels masked
Layer layer1.0.conv2.weight: 1/64 channels masked
Layer layer1.1.conv1.weight: 1/64 channels masked
Layer layer2.0.downsample.0.weight: 2/128 channels masked
Layer layer3.0.conv2.weight: 1/256 channels masked
Layer layer3.1.conv2.weight: 4/256 channels masked
Layer layer4.0.conv1.weight: 106/512 channels masked
Layer layer4.0.conv2.weight: 118/512 channels masked
Layer layer4.0.downsample.0.weight: 155/512 channels masked
Layer layer4.1.conv1.weight: 133/512 channels masked
Layer layer4.1.conv2.weight: 129/512 channels masked
------------------------- time cost ------------------------- 17.148120641708374
ASR: 0.4285575592099628
attack_auc: 0.8597089293212397
Layer conv1.weight: 19/64 channels masked
Layer layer1.0.conv1.weight: 2/64 channels masked
Layer layer1.0.conv2.weight: 1/64 channels masked
Layer layer1.1.conv1.weight: 1/64 channels masked
Layer layer2.0.downsample.0.weight: 2/128 channels masked
Layer layer3.0.conv2.weight: 1/256 channels masked
Layer layer3.1.conv2.weight: 4/256 channels masked
Layer layer4.0.conv1.weight: 104/512 channels masked
Layer layer4.0.conv2.weight: 117/512 channels masked
Layer layer4.0.downsample.0.weight: 155/512 channels masked
Layer layer4.1.conv1.weight: 133/512 channels masked
Layer layer4.1.conv2.weight: 129/512 channels masked
------------------------- time cost ------------------------- 17.450032234191895
ASR: 0.43878595320354635
attack_auc: 0.8651066363680298
Layer conv1.weight: 18/64 channels masked
Layer layer1.0.conv1.weight: 2/64 channels masked
Layer layer1.0.conv2.weight: 1/64 channels masked
Layer layer1.1.conv1.weight: 1/64 channels masked
Layer layer2.0.downsample.0.weight: 2/128 channels masked
Layer layer3.0.conv2.weight: 1/256 channels masked
Layer layer3.1.conv2.weight: 4/256 channels masked
Layer layer4.0.conv1.weight: 103/512 channels masked
Layer layer4.0.conv2.weight: 117/512 channels masked
Layer layer4.0.downsample.0.weight: 153/512 channels masked
Layer layer4.1.conv1.weight: 131/512 channels masked
Layer layer4.1.conv2.weight: 129/512 channels masked
------------------------- time cost ------------------------- 17.628543376922607

-------------Round number: 700-------------

Evaluate personalized models
Averaged Train Loss: 0.3314
Averaged Test Accurancy: 0.6795
Averaged Test AUC: 0.9442
Std Test Accurancy: 0.1136
Std Test AUC: 0.0250
ASR: 0.4425734139875115
attack_auc: 0.863245197684887
Layer conv1.weight: 18/64 channels masked
Layer layer1.0.conv1.weight: 2/64 channels masked
Layer layer1.0.conv2.weight: 1/64 channels masked
Layer layer1.1.conv1.weight: 1/64 channels masked
Layer layer2.0.downsample.0.weight: 2/128 channels masked
Layer layer3.0.conv2.weight: 1/256 channels masked
Layer layer3.1.conv2.weight: 4/256 channels masked
Layer layer4.0.conv1.weight: 104/512 channels masked
Layer layer4.0.conv2.weight: 119/512 channels masked
Layer layer4.0.downsample.0.weight: 154/512 channels masked
Layer layer4.1.conv1.weight: 136/512 channels masked
Layer layer4.1.conv2.weight: 130/512 channels masked
------------------------- time cost ------------------------- 23.896264791488647
ASR: 0.4561092647309692
attack_auc: 0.8756542893733682
Layer conv1.weight: 18/64 channels masked
Layer layer1.0.conv1.weight: 2/64 channels masked
Layer layer1.0.conv2.weight: 1/64 channels masked
Layer layer1.1.conv1.weight: 1/64 channels masked
Layer layer2.0.downsample.0.weight: 2/128 channels masked
Layer layer3.0.conv2.weight: 1/256 channels masked
Layer layer3.1.conv2.weight: 4/256 channels masked
Layer layer4.0.conv1.weight: 104/512 channels masked
Layer layer4.0.conv2.weight: 119/512 channels masked
Layer layer4.0.downsample.0.weight: 155/512 channels masked
Layer layer4.1.conv1.weight: 137/512 channels masked
Layer layer4.1.conv2.weight: 130/512 channels masked
------------------------- time cost ------------------------- 14.789463758468628
ASR: 0.4367307818848702
attack_auc: 0.8619008165103389
Layer conv1.weight: 18/64 channels masked
Layer layer1.0.conv1.weight: 2/64 channels masked
Layer layer1.0.conv2.weight: 1/64 channels masked
Layer layer1.1.conv1.weight: 1/64 channels masked
Layer layer2.0.downsample.0.weight: 2/128 channels masked
Layer layer3.0.conv2.weight: 1/256 channels masked
Layer layer3.1.conv2.weight: 4/256 channels masked
Layer layer4.0.conv1.weight: 110/512 channels masked
Layer layer4.0.conv2.weight: 120/512 channels masked
Layer layer4.0.downsample.0.weight: 157/512 channels masked
Layer layer4.1.conv1.weight: 129/512 channels masked
Layer layer4.1.conv2.weight: 130/512 channels masked
------------------------- time cost ------------------------- 15.711412906646729
ASR: 0.43787252059197146
attack_auc: 0.8644297117429881
Layer conv1.weight: 19/64 channels masked
Layer layer1.0.conv1.weight: 2/64 channels masked
Layer layer1.0.conv2.weight: 1/64 channels masked
Layer layer1.1.conv1.weight: 1/64 channels masked
Layer layer2.0.downsample.0.weight: 2/128 channels masked
Layer layer3.0.conv2.weight: 1/256 channels masked
Layer layer3.1.conv2.weight: 4/256 channels masked
Layer layer4.0.conv1.weight: 110/512 channels masked
Layer layer4.0.conv2.weight: 120/512 channels masked
Layer layer4.0.downsample.0.weight: 157/512 channels masked
Layer layer4.1.conv1.weight: 134/512 channels masked
Layer layer4.1.conv2.weight: 130/512 channels masked
------------------------- time cost ------------------------- 17.10043215751648
ASR: 0.4175889670212679
attack_auc: 0.8496405042410807
Layer conv1.weight: 19/64 channels masked
Layer layer1.0.conv1.weight: 2/64 channels masked
Layer layer1.0.conv2.weight: 1/64 channels masked
Layer layer1.1.conv1.weight: 1/64 channels masked
Layer layer2.0.downsample.0.weight: 2/128 channels masked
Layer layer3.0.conv2.weight: 1/256 channels masked
Layer layer3.1.conv2.weight: 4/256 channels masked
Layer layer4.0.conv1.weight: 111/512 channels masked
Layer layer4.0.conv2.weight: 123/512 channels masked
Layer layer4.0.downsample.0.weight: 157/512 channels masked
Layer layer4.1.conv1.weight: 135/512 channels masked
Layer layer4.1.conv2.weight: 131/512 channels masked
------------------------- time cost ------------------------- 14.30220341682434
ASR: 0.43638875432609575
attack_auc: 0.8626536762433945
Layer conv1.weight: 19/64 channels masked
Layer layer1.0.conv1.weight: 2/64 channels masked
Layer layer1.0.conv2.weight: 1/64 channels masked
Layer layer1.1.conv1.weight: 1/64 channels masked
Layer layer2.0.downsample.0.weight: 2/128 channels masked
Layer layer3.0.conv2.weight: 1/256 channels masked
Layer layer3.1.conv2.weight: 4/256 channels masked
Layer layer4.0.conv1.weight: 111/512 channels masked
Layer layer4.0.conv2.weight: 123/512 channels masked
Layer layer4.0.downsample.0.weight: 157/512 channels masked
Layer layer4.1.conv1.weight: 135/512 channels masked
Layer layer4.1.conv2.weight: 131/512 channels masked
------------------------- time cost ------------------------- 16.56687092781067
ASR: 0.4596394011218514
attack_auc: 0.8740089642639423
Layer conv1.weight: 19/64 channels masked
Layer layer1.0.conv1.weight: 2/64 channels masked
Layer layer1.0.conv2.weight: 1/64 channels masked
Layer layer1.1.conv1.weight: 1/64 channels masked
Layer layer2.0.downsample.0.weight: 2/128 channels masked
Layer layer3.0.conv2.weight: 1/256 channels masked
Layer layer3.1.conv2.weight: 4/256 channels masked
Layer layer4.0.conv1.weight: 110/512 channels masked
Layer layer4.0.conv2.weight: 122/512 channels masked
Layer layer4.0.downsample.0.weight: 156/512 channels masked
Layer layer4.1.conv1.weight: 124/512 channels masked
Layer layer4.1.conv2.weight: 131/512 channels masked
------------------------- time cost ------------------------- 15.667643308639526
ASR: 0.4725597263411037
attack_auc: 0.8807282211645241
Layer conv1.weight: 19/64 channels masked
Layer layer1.0.conv1.weight: 2/64 channels masked
Layer layer1.0.conv2.weight: 1/64 channels masked
Layer layer1.1.conv1.weight: 1/64 channels masked
Layer layer2.0.downsample.0.weight: 2/128 channels masked
Layer layer3.0.conv2.weight: 1/256 channels masked
Layer layer3.1.conv2.weight: 4/256 channels masked
Layer layer4.0.conv1.weight: 110/512 channels masked
Layer layer4.0.conv2.weight: 123/512 channels masked
Layer layer4.0.downsample.0.weight: 157/512 channels masked
Layer layer4.1.conv1.weight: 132/512 channels masked
Layer layer4.1.conv2.weight: 131/512 channels masked
------------------------- time cost ------------------------- 14.470436334609985
ASR: 0.5222561060769091
attack_auc: 0.8937691590125147
Layer conv1.weight: 19/64 channels masked
Layer layer1.0.conv1.weight: 2/64 channels masked
Layer layer1.0.conv2.weight: 1/64 channels masked
Layer layer1.1.conv1.weight: 1/64 channels masked
Layer layer2.0.downsample.0.weight: 2/128 channels masked
Layer layer3.0.conv2.weight: 1/256 channels masked
Layer layer3.1.conv2.weight: 4/256 channels masked
Layer layer4.0.conv1.weight: 109/512 channels masked
Layer layer4.0.conv2.weight: 121/512 channels masked
Layer layer4.0.downsample.0.weight: 157/512 channels masked
Layer layer4.1.conv1.weight: 130/512 channels masked
Layer layer4.1.conv2.weight: 131/512 channels masked
------------------------- time cost ------------------------- 16.46720600128174
ASR: 0.4891383345534867
attack_auc: 0.8843539996143022
Layer conv1.weight: 19/64 channels masked
Layer layer1.0.conv1.weight: 2/64 channels masked
Layer layer1.0.conv2.weight: 1/64 channels masked
Layer layer1.1.conv1.weight: 1/64 channels masked
Layer layer2.0.downsample.0.weight: 2/128 channels masked
Layer layer3.0.conv2.weight: 1/256 channels masked
Layer layer3.1.conv2.weight: 4/256 channels masked
Layer layer4.0.conv1.weight: 109/512 channels masked
Layer layer4.0.conv2.weight: 123/512 channels masked
Layer layer4.0.downsample.0.weight: 159/512 channels masked
Layer layer4.1.conv1.weight: 133/512 channels masked
Layer layer4.1.conv2.weight: 131/512 channels masked
------------------------- time cost ------------------------- 14.145321369171143

-------------Round number: 710-------------

Evaluate personalized models
Averaged Train Loss: 0.2794
Averaged Test Accurancy: 0.6788
Averaged Test AUC: 0.9402
Std Test Accurancy: 0.1074
Std Test AUC: 0.0282
ASR: 0.5243248266349191
attack_auc: 0.8951692112453838
Layer conv1.weight: 19/64 channels masked
Layer layer1.0.conv1.weight: 2/64 channels masked
Layer layer1.0.conv2.weight: 1/64 channels masked
Layer layer1.1.conv1.weight: 1/64 channels masked
Layer layer2.0.downsample.0.weight: 2/128 channels masked
Layer layer3.0.conv2.weight: 1/256 channels masked
Layer layer3.1.conv2.weight: 4/256 channels masked
Layer layer4.0.conv1.weight: 109/512 channels masked
Layer layer4.0.conv2.weight: 120/512 channels masked
Layer layer4.0.downsample.0.weight: 158/512 channels masked
Layer layer4.1.conv1.weight: 133/512 channels masked
Layer layer4.1.conv2.weight: 131/512 channels masked
------------------------- time cost ------------------------- 24.79652714729309
ASR: 0.504894785472184
attack_auc: 0.8841683207761424
Layer conv1.weight: 19/64 channels masked
Layer layer1.0.conv1.weight: 2/64 channels masked
Layer layer1.0.conv2.weight: 1/64 channels masked
Layer layer1.1.conv1.weight: 1/64 channels masked
Layer layer2.0.downsample.0.weight: 2/128 channels masked
Layer layer3.0.conv2.weight: 1/256 channels masked
Layer layer3.1.conv2.weight: 4/256 channels masked
Layer layer4.0.conv1.weight: 105/512 channels masked
Layer layer4.0.conv2.weight: 115/512 channels masked
Layer layer4.0.downsample.0.weight: 158/512 channels masked
Layer layer4.1.conv1.weight: 132/512 channels masked
Layer layer4.1.conv2.weight: 131/512 channels masked
------------------------- time cost ------------------------- 15.837804317474365
ASR: 0.4939819426475941
attack_auc: 0.8828812632201738
Layer conv1.weight: 19/64 channels masked
Layer layer1.0.conv1.weight: 2/64 channels masked
Layer layer1.0.conv2.weight: 1/64 channels masked
Layer layer1.1.conv1.weight: 1/64 channels masked
Layer layer2.0.downsample.0.weight: 2/128 channels masked
Layer layer3.0.conv2.weight: 1/256 channels masked
Layer layer3.1.conv2.weight: 4/256 channels masked
Layer layer4.0.conv1.weight: 107/512 channels masked
Layer layer4.0.conv2.weight: 119/512 channels masked
Layer layer4.0.downsample.0.weight: 158/512 channels masked
Layer layer4.1.conv1.weight: 133/512 channels masked
Layer layer4.1.conv2.weight: 131/512 channels masked
------------------------- time cost ------------------------- 12.778676509857178
ASR: 0.5115686307246552
attack_auc: 0.8907328486538805
Layer conv1.weight: 19/64 channels masked
Layer layer1.0.conv1.weight: 2/64 channels masked
Layer layer1.0.conv2.weight: 1/64 channels masked
Layer layer1.1.conv1.weight: 1/64 channels masked
Layer layer2.0.downsample.0.weight: 2/128 channels masked
Layer layer3.0.conv2.weight: 1/256 channels masked
Layer layer3.1.conv2.weight: 4/256 channels masked
Layer layer4.0.conv1.weight: 107/512 channels masked
Layer layer4.0.conv2.weight: 116/512 channels masked
Layer layer4.0.downsample.0.weight: 158/512 channels masked
Layer layer4.1.conv1.weight: 133/512 channels masked
Layer layer4.1.conv2.weight: 131/512 channels masked
------------------------- time cost ------------------------- 17.119022369384766
ASR: 0.5159470386416084
attack_auc: 0.8907159230849133
Layer conv1.weight: 19/64 channels masked
Layer layer1.0.conv1.weight: 2/64 channels masked
Layer layer1.0.conv2.weight: 1/64 channels masked
Layer layer1.1.conv1.weight: 1/64 channels masked
Layer layer2.0.downsample.0.weight: 2/128 channels masked
Layer layer3.0.conv2.weight: 1/256 channels masked
Layer layer3.1.conv2.weight: 4/256 channels masked
Layer layer4.0.conv1.weight: 108/512 channels masked
Layer layer4.0.conv2.weight: 117/512 channels masked
Layer layer4.0.downsample.0.weight: 158/512 channels masked
Layer layer4.1.conv1.weight: 132/512 channels masked
Layer layer4.1.conv2.weight: 131/512 channels masked
------------------------- time cost ------------------------- 15.059718132019043
ASR: 0.5013658725945538
attack_auc: 0.8877931175594618
Layer conv1.weight: 19/64 channels masked
Layer layer1.0.conv1.weight: 2/64 channels masked
Layer layer1.0.conv2.weight: 1/64 channels masked
Layer layer1.1.conv1.weight: 1/64 channels masked
Layer layer2.0.downsample.0.weight: 2/128 channels masked
Layer layer3.0.conv2.weight: 1/256 channels masked
Layer layer3.1.conv2.weight: 4/256 channels masked
Layer layer4.0.conv1.weight: 108/512 channels masked
Layer layer4.0.conv2.weight: 118/512 channels masked
Layer layer4.0.downsample.0.weight: 158/512 channels masked
Layer layer4.1.conv1.weight: 133/512 channels masked
Layer layer4.1.conv2.weight: 131/512 channels masked
------------------------- time cost ------------------------- 16.35276985168457
ASR: 0.49607829014682636
attack_auc: 0.8861696525875855
Layer conv1.weight: 19/64 channels masked
Layer layer1.0.conv1.weight: 2/64 channels masked
Layer layer1.0.conv2.weight: 1/64 channels masked
Layer layer1.1.conv1.weight: 1/64 channels masked
Layer layer2.0.downsample.0.weight: 2/128 channels masked
Layer layer3.0.conv2.weight: 1/256 channels masked
Layer layer3.1.conv2.weight: 4/256 channels masked
Layer layer4.0.conv1.weight: 111/512 channels masked
Layer layer4.0.conv2.weight: 123/512 channels masked
Layer layer4.0.downsample.0.weight: 158/512 channels masked
Layer layer4.1.conv1.weight: 135/512 channels masked
Layer layer4.1.conv2.weight: 132/512 channels masked
------------------------- time cost ------------------------- 13.59050178527832
ASR: 0.5157534817186498
attack_auc: 0.89502660545037
Layer conv1.weight: 19/64 channels masked
Layer layer1.0.conv1.weight: 2/64 channels masked
Layer layer1.0.conv2.weight: 1/64 channels masked
Layer layer1.1.conv1.weight: 1/64 channels masked
Layer layer2.0.downsample.0.weight: 2/128 channels masked
Layer layer3.0.conv2.weight: 1/256 channels masked
Layer layer3.1.conv2.weight: 4/256 channels masked
Layer layer4.0.conv1.weight: 112/512 channels masked
Layer layer4.0.conv2.weight: 124/512 channels masked
Layer layer4.0.downsample.0.weight: 158/512 channels masked
Layer layer4.1.conv1.weight: 135/512 channels masked
Layer layer4.1.conv2.weight: 132/512 channels masked
------------------------- time cost ------------------------- 14.461647033691406
ASR: 0.5510786636423757
attack_auc: 0.9073277256292537
Layer conv1.weight: 20/64 channels masked
Layer layer1.0.conv1.weight: 2/64 channels masked
Layer layer1.0.conv2.weight: 1/64 channels masked
Layer layer1.1.conv1.weight: 1/64 channels masked
Layer layer2.0.downsample.0.weight: 2/128 channels masked
Layer layer3.0.conv2.weight: 1/256 channels masked
Layer layer3.1.conv2.weight: 4/256 channels masked
Layer layer4.0.conv1.weight: 107/512 channels masked
Layer layer4.0.conv2.weight: 120/512 channels masked
Layer layer4.0.downsample.0.weight: 157/512 channels masked
Layer layer4.1.conv1.weight: 127/512 channels masked
Layer layer4.1.conv2.weight: 132/512 channels masked
------------------------- time cost ------------------------- 16.12525963783264
ASR: 0.5301663595354746
attack_auc: 0.8999295009205986
Layer conv1.weight: 18/64 channels masked
Layer layer1.0.conv1.weight: 2/64 channels masked
Layer layer1.0.conv2.weight: 1/64 channels masked
Layer layer1.1.conv1.weight: 1/64 channels masked
Layer layer2.0.downsample.0.weight: 2/128 channels masked
Layer layer3.0.conv2.weight: 1/256 channels masked
Layer layer3.1.conv2.weight: 4/256 channels masked
Layer layer4.0.conv1.weight: 105/512 channels masked
Layer layer4.0.conv2.weight: 121/512 channels masked
Layer layer4.0.downsample.0.weight: 157/512 channels masked
Layer layer4.1.conv1.weight: 128/512 channels masked
Layer layer4.1.conv2.weight: 132/512 channels masked
------------------------- time cost ------------------------- 16.829328060150146

-------------Round number: 720-------------

Evaluate personalized models
Averaged Train Loss: 0.3441
Averaged Test Accurancy: 0.6718
Averaged Test AUC: 0.9393
Std Test Accurancy: 0.1133
Std Test AUC: 0.0312
ASR: 0.4971087691279264
attack_auc: 0.8883512446803078
Layer conv1.weight: 19/64 channels masked
Layer layer1.0.conv1.weight: 2/64 channels masked
Layer layer1.0.conv2.weight: 1/64 channels masked
Layer layer1.1.conv1.weight: 1/64 channels masked
Layer layer2.0.downsample.0.weight: 2/128 channels masked
Layer layer3.0.conv2.weight: 1/256 channels masked
Layer layer3.1.conv2.weight: 4/256 channels masked
Layer layer4.0.conv1.weight: 108/512 channels masked
Layer layer4.0.conv2.weight: 124/512 channels masked
Layer layer4.0.downsample.0.weight: 157/512 channels masked
Layer layer4.1.conv1.weight: 129/512 channels masked
Layer layer4.1.conv2.weight: 132/512 channels masked
------------------------- time cost ------------------------- 26.120757579803467
ASR: 0.5152665901296822
attack_auc: 0.8910547231066615
Layer conv1.weight: 19/64 channels masked
Layer layer1.0.conv1.weight: 2/64 channels masked
Layer layer1.0.conv2.weight: 1/64 channels masked
Layer layer1.1.conv1.weight: 1/64 channels masked
Layer layer2.0.downsample.0.weight: 2/128 channels masked
Layer layer3.0.conv2.weight: 1/256 channels masked
Layer layer3.1.conv2.weight: 4/256 channels masked
Layer layer4.0.conv1.weight: 106/512 channels masked
Layer layer4.0.conv2.weight: 124/512 channels masked
Layer layer4.0.downsample.0.weight: 157/512 channels masked
Layer layer4.1.conv1.weight: 122/512 channels masked
Layer layer4.1.conv2.weight: 132/512 channels masked
------------------------- time cost ------------------------- 16.038858890533447
ASR: 0.5040862533604608
attack_auc: 0.8906386784338219
Layer conv1.weight: 19/64 channels masked
Layer layer1.0.conv1.weight: 2/64 channels masked
Layer layer1.0.conv2.weight: 1/64 channels masked
Layer layer1.1.conv1.weight: 1/64 channels masked
Layer layer2.0.downsample.0.weight: 2/128 channels masked
Layer layer3.0.conv2.weight: 1/256 channels masked
Layer layer3.1.conv2.weight: 4/256 channels masked
Layer layer4.0.conv1.weight: 106/512 channels masked
Layer layer4.0.conv2.weight: 124/512 channels masked
Layer layer4.0.downsample.0.weight: 157/512 channels masked
Layer layer4.1.conv1.weight: 125/512 channels masked
Layer layer4.1.conv2.weight: 132/512 channels masked
------------------------- time cost ------------------------- 15.917375326156616
ASR: 0.5313597193062995
attack_auc: 0.8991749594715731
Layer conv1.weight: 19/64 channels masked
Layer layer1.0.conv1.weight: 2/64 channels masked
Layer layer1.0.conv2.weight: 1/64 channels masked
Layer layer1.1.conv1.weight: 1/64 channels masked
Layer layer2.0.downsample.0.weight: 2/128 channels masked
Layer layer3.0.conv2.weight: 1/256 channels masked
Layer layer3.1.conv2.weight: 4/256 channels masked
Layer layer4.0.conv1.weight: 104/512 channels masked
Layer layer4.0.conv2.weight: 126/512 channels masked
Layer layer4.0.downsample.0.weight: 157/512 channels masked
Layer layer4.1.conv1.weight: 121/512 channels masked
Layer layer4.1.conv2.weight: 132/512 channels masked
------------------------- time cost ------------------------- 17.677690744400024
ASR: 0.5120130239241477
attack_auc: 0.8950933137299171
Layer conv1.weight: 19/64 channels masked
Layer layer1.0.conv1.weight: 2/64 channels masked
Layer layer1.0.conv2.weight: 1/64 channels masked
Layer layer1.1.conv1.weight: 1/64 channels masked
Layer layer2.0.downsample.0.weight: 2/128 channels masked
Layer layer3.0.conv2.weight: 1/256 channels masked
Layer layer3.1.conv2.weight: 4/256 channels masked
Layer layer4.0.conv1.weight: 106/512 channels masked
Layer layer4.0.conv2.weight: 124/512 channels masked
Layer layer4.0.downsample.0.weight: 158/512 channels masked
Layer layer4.1.conv1.weight: 123/512 channels masked
Layer layer4.1.conv2.weight: 132/512 channels masked
------------------------- time cost ------------------------- 13.421948194503784
ASR: 0.5124476007962694
attack_auc: 0.8965822741660594
Layer conv1.weight: 19/64 channels masked
Layer layer1.0.conv1.weight: 2/64 channels masked
Layer layer1.0.conv2.weight: 1/64 channels masked
Layer layer1.1.conv1.weight: 1/64 channels masked
Layer layer2.0.downsample.0.weight: 2/128 channels masked
Layer layer3.0.conv2.weight: 1/256 channels masked
Layer layer3.1.conv2.weight: 4/256 channels masked
Layer layer4.0.conv1.weight: 107/512 channels masked
Layer layer4.0.conv2.weight: 123/512 channels masked
Layer layer4.0.downsample.0.weight: 159/512 channels masked
Layer layer4.1.conv1.weight: 130/512 channels masked
Layer layer4.1.conv2.weight: 133/512 channels masked
------------------------- time cost ------------------------- 13.142465591430664
ASR: 0.53205340059636
attack_auc: 0.9038564466110777
Layer conv1.weight: 19/64 channels masked
Layer layer1.0.conv1.weight: 2/64 channels masked
Layer layer1.0.conv2.weight: 1/64 channels masked
Layer layer1.1.conv1.weight: 1/64 channels masked
Layer layer2.0.downsample.0.weight: 2/128 channels masked
Layer layer3.0.conv2.weight: 1/256 channels masked
Layer layer3.1.conv2.weight: 4/256 channels masked
Layer layer4.0.conv1.weight: 110/512 channels masked
Layer layer4.0.conv2.weight: 120/512 channels masked
Layer layer4.0.downsample.0.weight: 160/512 channels masked
Layer layer4.1.conv1.weight: 132/512 channels masked
Layer layer4.1.conv2.weight: 133/512 channels masked
------------------------- time cost ------------------------- 15.18182110786438
ASR: 0.4986527221034942
attack_auc: 0.8960355299590734
Layer conv1.weight: 19/64 channels masked
Layer layer1.0.conv1.weight: 2/64 channels masked
Layer layer1.0.conv2.weight: 1/64 channels masked
Layer layer1.1.conv1.weight: 1/64 channels masked
Layer layer2.0.downsample.0.weight: 2/128 channels masked
Layer layer3.0.conv2.weight: 1/256 channels masked
Layer layer3.1.conv2.weight: 4/256 channels masked
Layer layer4.0.conv1.weight: 116/512 channels masked
Layer layer4.0.conv2.weight: 123/512 channels masked
Layer layer4.0.downsample.0.weight: 160/512 channels masked
Layer layer4.1.conv1.weight: 132/512 channels masked
Layer layer4.1.conv2.weight: 133/512 channels masked
------------------------- time cost ------------------------- 15.475881814956665
ASR: 0.4980094793189933
attack_auc: 0.8976496617690454
Layer conv1.weight: 19/64 channels masked
Layer layer1.0.conv1.weight: 2/64 channels masked
Layer layer1.0.conv2.weight: 1/64 channels masked
Layer layer1.1.conv1.weight: 1/64 channels masked
Layer layer2.0.downsample.0.weight: 2/128 channels masked
Layer layer3.0.conv2.weight: 1/256 channels masked
Layer layer3.1.conv2.weight: 4/256 channels masked
Layer layer4.0.conv1.weight: 114/512 channels masked
Layer layer4.0.conv2.weight: 123/512 channels masked
Layer layer4.0.downsample.0.weight: 160/512 channels masked
Layer layer4.1.conv1.weight: 131/512 channels masked
Layer layer4.1.conv2.weight: 133/512 channels masked
------------------------- time cost ------------------------- 18.141722917556763
ASR: 0.48979616006012255
attack_auc: 0.8915209904829996
Layer conv1.weight: 19/64 channels masked
Layer layer1.0.conv1.weight: 2/64 channels masked
Layer layer1.0.conv2.weight: 1/64 channels masked
Layer layer1.1.conv1.weight: 1/64 channels masked
Layer layer2.0.downsample.0.weight: 2/128 channels masked
Layer layer3.0.conv2.weight: 1/256 channels masked
Layer layer3.1.conv2.weight: 4/256 channels masked
Layer layer4.0.conv1.weight: 114/512 channels masked
Layer layer4.0.conv2.weight: 124/512 channels masked
Layer layer4.0.downsample.0.weight: 160/512 channels masked
Layer layer4.1.conv1.weight: 132/512 channels masked
Layer layer4.1.conv2.weight: 133/512 channels masked
------------------------- time cost ------------------------- 14.586276292800903

-------------Round number: 730-------------

Evaluate personalized models
Averaged Train Loss: 0.4379
Averaged Test Accurancy: 0.6657
Averaged Test AUC: 0.9372
Std Test Accurancy: 0.1248
Std Test AUC: 0.0379
ASR: 0.4930268205694407
attack_auc: 0.8945476203398046
Layer conv1.weight: 19/64 channels masked
Layer layer1.0.conv1.weight: 2/64 channels masked
Layer layer1.0.conv2.weight: 1/64 channels masked
Layer layer1.1.conv1.weight: 1/64 channels masked
Layer layer2.0.downsample.0.weight: 2/128 channels masked
Layer layer3.0.conv2.weight: 1/256 channels masked
Layer layer3.1.conv2.weight: 4/256 channels masked
Layer layer4.0.conv1.weight: 115/512 channels masked
Layer layer4.0.conv2.weight: 125/512 channels masked
Layer layer4.0.downsample.0.weight: 161/512 channels masked
Layer layer4.1.conv1.weight: 133/512 channels masked
Layer layer4.1.conv2.weight: 133/512 channels masked
------------------------- time cost ------------------------- 22.891114234924316
ASR: 0.45728016582932235
attack_auc: 0.8783920975076842
Layer conv1.weight: 19/64 channels masked
Layer layer1.0.conv1.weight: 2/64 channels masked
Layer layer1.0.conv2.weight: 1/64 channels masked
Layer layer1.1.conv1.weight: 1/64 channels masked
Layer layer2.0.downsample.0.weight: 2/128 channels masked
Layer layer3.0.conv2.weight: 1/256 channels masked
Layer layer3.1.conv2.weight: 4/256 channels masked
Layer layer4.0.conv1.weight: 116/512 channels masked
Layer layer4.0.conv2.weight: 128/512 channels masked
Layer layer4.0.downsample.0.weight: 161/512 channels masked
Layer layer4.1.conv1.weight: 137/512 channels masked
Layer layer4.1.conv2.weight: 133/512 channels masked
------------------------- time cost ------------------------- 15.929621458053589
ASR: 0.4621471077620341
attack_auc: 0.8796105248904957
Layer conv1.weight: 18/64 channels masked
Layer layer1.0.conv1.weight: 2/64 channels masked
Layer layer1.0.conv2.weight: 1/64 channels masked
Layer layer1.1.conv1.weight: 1/64 channels masked
Layer layer2.0.downsample.0.weight: 2/128 channels masked
Layer layer3.0.conv2.weight: 1/256 channels masked
Layer layer3.1.conv2.weight: 4/256 channels masked
Layer layer4.0.conv1.weight: 116/512 channels masked
Layer layer4.0.conv2.weight: 127/512 channels masked
Layer layer4.0.downsample.0.weight: 161/512 channels masked
Layer layer4.1.conv1.weight: 131/512 channels masked
Layer layer4.1.conv2.weight: 133/512 channels masked
------------------------- time cost ------------------------- 13.888767004013062
ASR: 0.5150409238098439
attack_auc: 0.9022981738842345
Layer conv1.weight: 18/64 channels masked
Layer layer1.0.conv1.weight: 2/64 channels masked
Layer layer1.0.conv2.weight: 1/64 channels masked
Layer layer1.1.conv1.weight: 1/64 channels masked
Layer layer2.0.downsample.0.weight: 2/128 channels masked
Layer layer3.0.conv2.weight: 1/256 channels masked
Layer layer3.1.conv2.weight: 4/256 channels masked
Layer layer4.0.conv1.weight: 116/512 channels masked
Layer layer4.0.conv2.weight: 128/512 channels masked
Layer layer4.0.downsample.0.weight: 161/512 channels masked
Layer layer4.1.conv1.weight: 137/512 channels masked
Layer layer4.1.conv2.weight: 133/512 channels masked
------------------------- time cost ------------------------- 14.281500816345215
ASR: 0.4869127005931106
attack_auc: 0.8914293708550626
Layer conv1.weight: 18/64 channels masked
Layer layer1.0.conv1.weight: 2/64 channels masked
Layer layer1.0.conv2.weight: 1/64 channels masked
Layer layer1.1.conv1.weight: 1/64 channels masked
Layer layer2.0.downsample.0.weight: 2/128 channels masked
Layer layer3.0.conv2.weight: 1/256 channels masked
Layer layer3.1.conv2.weight: 4/256 channels masked
Layer layer4.0.conv1.weight: 114/512 channels masked
Layer layer4.0.conv2.weight: 129/512 channels masked
Layer layer4.0.downsample.0.weight: 161/512 channels masked
Layer layer4.1.conv1.weight: 138/512 channels masked
Layer layer4.1.conv2.weight: 133/512 channels masked
------------------------- time cost ------------------------- 16.934167861938477
ASR: 0.4756649491391953
attack_auc: 0.888192736808517
Layer conv1.weight: 18/64 channels masked
Layer layer1.0.conv1.weight: 2/64 channels masked
Layer layer1.0.conv2.weight: 1/64 channels masked
Layer layer1.1.conv1.weight: 1/64 channels masked
Layer layer2.0.downsample.0.weight: 2/128 channels masked
Layer layer3.0.conv2.weight: 1/256 channels masked
Layer layer3.1.conv2.weight: 4/256 channels masked
Layer layer4.0.conv1.weight: 113/512 channels masked
Layer layer4.0.conv2.weight: 128/512 channels masked
Layer layer4.0.downsample.0.weight: 161/512 channels masked
Layer layer4.1.conv1.weight: 135/512 channels masked
Layer layer4.1.conv2.weight: 133/512 channels masked
------------------------- time cost ------------------------- 15.082197666168213
ASR: 0.5123642261172157
attack_auc: 0.8986905523824968
Layer conv1.weight: 18/64 channels masked
Layer layer1.0.conv1.weight: 2/64 channels masked
Layer layer1.0.conv2.weight: 1/64 channels masked
Layer layer1.1.conv1.weight: 1/64 channels masked
Layer layer2.0.downsample.0.weight: 2/128 channels masked
Layer layer3.0.conv2.weight: 1/256 channels masked
Layer layer3.1.conv2.weight: 4/256 channels masked
Layer layer4.0.conv1.weight: 114/512 channels masked
Layer layer4.0.conv2.weight: 129/512 channels masked
Layer layer4.0.downsample.0.weight: 161/512 channels masked
Layer layer4.1.conv1.weight: 135/512 channels masked
Layer layer4.1.conv2.weight: 133/512 channels masked
------------------------- time cost ------------------------- 14.534202814102173
ASR: 0.46997565764863464
attack_auc: 0.8854205595190895
Layer conv1.weight: 18/64 channels masked
Layer layer1.0.conv1.weight: 2/64 channels masked
Layer layer1.0.conv2.weight: 1/64 channels masked
Layer layer1.1.conv1.weight: 1/64 channels masked
Layer layer2.0.downsample.0.weight: 2/128 channels masked
Layer layer3.0.conv2.weight: 1/256 channels masked
Layer layer3.1.conv2.weight: 4/256 channels masked
Layer layer4.0.conv1.weight: 115/512 channels masked
Layer layer4.0.conv2.weight: 127/512 channels masked
Layer layer4.0.downsample.0.weight: 161/512 channels masked
Layer layer4.1.conv1.weight: 136/512 channels masked
Layer layer4.1.conv2.weight: 133/512 channels masked
------------------------- time cost ------------------------- 14.924984693527222
ASR: 0.47585804769241274
attack_auc: 0.887673826380134
Layer conv1.weight: 18/64 channels masked
Layer layer1.0.conv1.weight: 2/64 channels masked
Layer layer1.0.conv2.weight: 1/64 channels masked
Layer layer1.1.conv1.weight: 1/64 channels masked
Layer layer2.0.downsample.0.weight: 2/128 channels masked
Layer layer3.0.conv2.weight: 1/256 channels masked
Layer layer3.1.conv2.weight: 4/256 channels masked
Layer layer4.0.conv1.weight: 117/512 channels masked
Layer layer4.0.conv2.weight: 130/512 channels masked
Layer layer4.0.downsample.0.weight: 161/512 channels masked
Layer layer4.1.conv1.weight: 142/512 channels masked
Layer layer4.1.conv2.weight: 133/512 channels masked
------------------------- time cost ------------------------- 15.285525560379028
ASR: 0.5075448939182224
attack_auc: 0.897782451500976
Layer conv1.weight: 18/64 channels masked
Layer layer1.0.conv1.weight: 2/64 channels masked
Layer layer1.0.conv2.weight: 1/64 channels masked
Layer layer1.1.conv1.weight: 1/64 channels masked
Layer layer2.0.downsample.0.weight: 2/128 channels masked
Layer layer3.0.conv2.weight: 1/256 channels masked
Layer layer3.1.conv2.weight: 4/256 channels masked
Layer layer4.0.conv1.weight: 116/512 channels masked
Layer layer4.0.conv2.weight: 131/512 channels masked
Layer layer4.0.downsample.0.weight: 159/512 channels masked
Layer layer4.1.conv1.weight: 135/512 channels masked
Layer layer4.1.conv2.weight: 133/512 channels masked
------------------------- time cost ------------------------- 14.313069820404053

-------------Round number: 740-------------

Evaluate personalized models
Averaged Train Loss: 0.5941
Averaged Test Accurancy: 0.6334
Averaged Test AUC: 0.9338
Std Test Accurancy: 0.1359
Std Test AUC: 0.0348
ASR: 0.48555746256950405
attack_auc: 0.8916374533542996
Layer conv1.weight: 18/64 channels masked
Layer layer1.0.conv1.weight: 2/64 channels masked
Layer layer1.0.conv2.weight: 1/64 channels masked
Layer layer1.1.conv1.weight: 1/64 channels masked
Layer layer2.0.downsample.0.weight: 2/128 channels masked
Layer layer3.0.conv2.weight: 1/256 channels masked
Layer layer3.1.conv2.weight: 4/256 channels masked
Layer layer4.0.conv1.weight: 117/512 channels masked
Layer layer4.0.conv2.weight: 131/512 channels masked
Layer layer4.0.downsample.0.weight: 159/512 channels masked
Layer layer4.1.conv1.weight: 144/512 channels masked
Layer layer4.1.conv2.weight: 133/512 channels masked
------------------------- time cost ------------------------- 22.06381130218506
ASR: 0.5059640191218794
attack_auc: 0.8915425764747724
Layer conv1.weight: 18/64 channels masked
Layer layer1.0.conv1.weight: 2/64 channels masked
Layer layer1.0.conv2.weight: 1/64 channels masked
Layer layer1.1.conv1.weight: 1/64 channels masked
Layer layer2.0.downsample.0.weight: 2/128 channels masked
Layer layer3.0.conv2.weight: 1/256 channels masked
Layer layer3.1.conv2.weight: 4/256 channels masked
Layer layer4.0.conv1.weight: 114/512 channels masked
Layer layer4.0.conv2.weight: 130/512 channels masked
Layer layer4.0.downsample.0.weight: 157/512 channels masked
Layer layer4.1.conv1.weight: 119/512 channels masked
Layer layer4.1.conv2.weight: 133/512 channels masked
------------------------- time cost ------------------------- 16.04919171333313
ASR: 0.4918306016077358
attack_auc: 0.8861127888341969
Layer conv1.weight: 18/64 channels masked
Layer layer1.0.conv1.weight: 2/64 channels masked
Layer layer1.0.conv2.weight: 1/64 channels masked
Layer layer1.1.conv1.weight: 1/64 channels masked
Layer layer2.0.downsample.0.weight: 2/128 channels masked
Layer layer3.0.conv2.weight: 1/256 channels masked
Layer layer3.1.conv2.weight: 4/256 channels masked
Layer layer4.0.conv1.weight: 118/512 channels masked
Layer layer4.0.conv2.weight: 131/512 channels masked
Layer layer4.0.downsample.0.weight: 158/512 channels masked
Layer layer4.1.conv1.weight: 133/512 channels masked
Layer layer4.1.conv2.weight: 133/512 channels masked
------------------------- time cost ------------------------- 12.744240045547485
ASR: 0.5245056127341584
attack_auc: 0.896477700099017
Layer conv1.weight: 18/64 channels masked
Layer layer1.0.conv1.weight: 2/64 channels masked
Layer layer1.0.conv2.weight: 1/64 channels masked
Layer layer1.1.conv1.weight: 1/64 channels masked
Layer layer2.0.downsample.0.weight: 2/128 channels masked
Layer layer3.0.conv2.weight: 1/256 channels masked
Layer layer3.1.conv2.weight: 4/256 channels masked
Layer layer4.0.conv1.weight: 121/512 channels masked
Layer layer4.0.conv2.weight: 131/512 channels masked
Layer layer4.0.downsample.0.weight: 157/512 channels masked
Layer layer4.1.conv1.weight: 131/512 channels masked
Layer layer4.1.conv2.weight: 133/512 channels masked
------------------------- time cost ------------------------- 13.441335916519165
ASR: 0.5247620179481456
attack_auc: 0.8970932906298279
Layer conv1.weight: 18/64 channels masked
Layer layer1.0.conv1.weight: 2/64 channels masked
Layer layer1.0.conv2.weight: 1/64 channels masked
Layer layer1.1.conv1.weight: 1/64 channels masked
Layer layer2.0.downsample.0.weight: 2/128 channels masked
Layer layer3.0.conv2.weight: 1/256 channels masked
Layer layer3.1.conv2.weight: 4/256 channels masked
Layer layer4.0.conv1.weight: 121/512 channels masked
Layer layer4.0.conv2.weight: 128/512 channels masked
Layer layer4.0.downsample.0.weight: 159/512 channels masked
Layer layer4.1.conv1.weight: 135/512 channels masked
Layer layer4.1.conv2.weight: 133/512 channels masked
------------------------- time cost ------------------------- 15.486525058746338
ASR: 0.4998778133964228
attack_auc: 0.8870152731212025
Layer conv1.weight: 18/64 channels masked
Layer layer1.0.conv1.weight: 2/64 channels masked
Layer layer1.0.conv2.weight: 1/64 channels masked
Layer layer1.1.conv1.weight: 1/64 channels masked
Layer layer2.0.downsample.0.weight: 2/128 channels masked
Layer layer3.0.conv2.weight: 1/256 channels masked
Layer layer3.1.conv2.weight: 4/256 channels masked
Layer layer4.0.conv1.weight: 118/512 channels masked
Layer layer4.0.conv2.weight: 118/512 channels masked
Layer layer4.0.downsample.0.weight: 157/512 channels masked
Layer layer4.1.conv1.weight: 107/512 channels masked
Layer layer4.1.conv2.weight: 133/512 channels masked
------------------------- time cost ------------------------- 16.479416847229004
ASR: 0.5171040336409882
attack_auc: 0.8916091144309486
Layer conv1.weight: 18/64 channels masked
Layer layer1.0.conv1.weight: 2/64 channels masked
Layer layer1.0.conv2.weight: 1/64 channels masked
Layer layer1.1.conv1.weight: 1/64 channels masked
Layer layer2.0.downsample.0.weight: 2/128 channels masked
Layer layer3.0.conv2.weight: 1/256 channels masked
Layer layer3.1.conv2.weight: 4/256 channels masked
Layer layer4.0.conv1.weight: 118/512 channels masked
Layer layer4.0.conv2.weight: 116/512 channels masked
Layer layer4.0.downsample.0.weight: 157/512 channels masked
Layer layer4.1.conv1.weight: 112/512 channels masked
Layer layer4.1.conv2.weight: 133/512 channels masked
------------------------- time cost ------------------------- 16.38866400718689
ASR: 0.540789478807646
attack_auc: 0.8999214413097326
Layer conv1.weight: 18/64 channels masked
Layer layer1.0.conv1.weight: 2/64 channels masked
Layer layer1.0.conv2.weight: 1/64 channels masked
Layer layer1.1.conv1.weight: 1/64 channels masked
Layer layer2.0.downsample.0.weight: 2/128 channels masked
Layer layer3.0.conv2.weight: 1/256 channels masked
Layer layer3.1.conv2.weight: 4/256 channels masked
Layer layer4.0.conv1.weight: 118/512 channels masked
Layer layer4.0.conv2.weight: 119/512 channels masked
Layer layer4.0.downsample.0.weight: 157/512 channels masked
Layer layer4.1.conv1.weight: 113/512 channels masked
Layer layer4.1.conv2.weight: 133/512 channels masked
------------------------- time cost ------------------------- 16.48074460029602
ASR: 0.5157465612978599
attack_auc: 0.8921073832028559
Layer conv1.weight: 18/64 channels masked
Layer layer1.0.conv1.weight: 2/64 channels masked
Layer layer1.0.conv2.weight: 1/64 channels masked
Layer layer1.1.conv1.weight: 1/64 channels masked
Layer layer2.0.downsample.0.weight: 2/128 channels masked
Layer layer3.0.conv2.weight: 1/256 channels masked
Layer layer3.1.conv2.weight: 4/256 channels masked
Layer layer4.0.conv1.weight: 118/512 channels masked
Layer layer4.0.conv2.weight: 123/512 channels masked
Layer layer4.0.downsample.0.weight: 157/512 channels masked
Layer layer4.1.conv1.weight: 119/512 channels masked
Layer layer4.1.conv2.weight: 133/512 channels masked
------------------------- time cost ------------------------- 16.804812908172607
ASR: 0.49461838337035874
attack_auc: 0.8837980015052176
Layer conv1.weight: 18/64 channels masked
Layer layer1.0.conv1.weight: 2/64 channels masked
Layer layer1.0.conv2.weight: 1/64 channels masked
Layer layer1.1.conv1.weight: 1/64 channels masked
Layer layer2.0.downsample.0.weight: 2/128 channels masked
Layer layer3.0.conv2.weight: 1/256 channels masked
Layer layer3.1.conv2.weight: 4/256 channels masked
Layer layer4.0.conv1.weight: 118/512 channels masked
Layer layer4.0.conv2.weight: 123/512 channels masked
Layer layer4.0.downsample.0.weight: 157/512 channels masked
Layer layer4.1.conv1.weight: 122/512 channels masked
Layer layer4.1.conv2.weight: 134/512 channels masked
------------------------- time cost ------------------------- 17.560899257659912

-------------Round number: 750-------------

Evaluate personalized models
Averaged Train Loss: 0.4410
Averaged Test Accurancy: 0.6453
Averaged Test AUC: 0.9361
Std Test Accurancy: 0.1256
Std Test AUC: 0.0319
ASR: 0.480482208964826
attack_auc: 0.8767194948173695
Layer conv1.weight: 18/64 channels masked
Layer layer1.0.conv1.weight: 2/64 channels masked
Layer layer1.0.conv2.weight: 1/64 channels masked
Layer layer1.1.conv1.weight: 1/64 channels masked
Layer layer2.0.downsample.0.weight: 2/128 channels masked
Layer layer3.0.conv2.weight: 1/256 channels masked
Layer layer3.1.conv2.weight: 4/256 channels masked
Layer layer4.0.conv1.weight: 118/512 channels masked
Layer layer4.0.conv2.weight: 128/512 channels masked
Layer layer4.0.downsample.0.weight: 158/512 channels masked
Layer layer4.1.conv1.weight: 126/512 channels masked
Layer layer4.1.conv2.weight: 133/512 channels masked
------------------------- time cost ------------------------- 23.88619828224182
ASR: 0.5086260434183684
attack_auc: 0.8901001686716814
Layer conv1.weight: 18/64 channels masked
Layer layer1.0.conv1.weight: 2/64 channels masked
Layer layer1.0.conv2.weight: 1/64 channels masked
Layer layer1.1.conv1.weight: 1/64 channels masked
Layer layer2.0.downsample.0.weight: 2/128 channels masked
Layer layer3.0.conv2.weight: 1/256 channels masked
Layer layer3.1.conv2.weight: 4/256 channels masked
Layer layer4.0.conv1.weight: 120/512 channels masked
Layer layer4.0.conv2.weight: 127/512 channels masked
Layer layer4.0.downsample.0.weight: 158/512 channels masked
Layer layer4.1.conv1.weight: 126/512 channels masked
Layer layer4.1.conv2.weight: 134/512 channels masked
------------------------- time cost ------------------------- 15.512192249298096
ASR: 0.47285492871164697
attack_auc: 0.8759017761934449
Layer conv1.weight: 18/64 channels masked
Layer layer1.0.conv1.weight: 2/64 channels masked
Layer layer1.0.conv2.weight: 1/64 channels masked
Layer layer1.1.conv1.weight: 1/64 channels masked
Layer layer2.0.downsample.0.weight: 2/128 channels masked
Layer layer3.0.conv2.weight: 1/256 channels masked
Layer layer3.1.conv2.weight: 4/256 channels masked
Layer layer4.0.conv1.weight: 120/512 channels masked
Layer layer4.0.conv2.weight: 128/512 channels masked
Layer layer4.0.downsample.0.weight: 158/512 channels masked
Layer layer4.1.conv1.weight: 129/512 channels masked
Layer layer4.1.conv2.weight: 134/512 channels masked
------------------------- time cost ------------------------- 14.722299337387085
ASR: 0.4872175000194317
attack_auc: 0.8791364112642199
Layer conv1.weight: 18/64 channels masked
Layer layer1.0.conv1.weight: 2/64 channels masked
Layer layer1.0.conv2.weight: 1/64 channels masked
Layer layer1.1.conv1.weight: 1/64 channels masked
Layer layer2.0.downsample.0.weight: 2/128 channels masked
Layer layer3.0.conv2.weight: 1/256 channels masked
Layer layer3.1.conv2.weight: 4/256 channels masked
Layer layer4.0.conv1.weight: 121/512 channels masked
Layer layer4.0.conv2.weight: 126/512 channels masked
Layer layer4.0.downsample.0.weight: 158/512 channels masked
Layer layer4.1.conv1.weight: 129/512 channels masked
Layer layer4.1.conv2.weight: 134/512 channels masked
------------------------- time cost ------------------------- 17.249098300933838
ASR: 0.5039473931039816
attack_auc: 0.8875588308707162
Layer conv1.weight: 18/64 channels masked
Layer layer1.0.conv1.weight: 2/64 channels masked
Layer layer1.0.conv2.weight: 1/64 channels masked
Layer layer1.1.conv1.weight: 1/64 channels masked
Layer layer2.0.downsample.0.weight: 2/128 channels masked
Layer layer3.0.conv2.weight: 1/256 channels masked
Layer layer3.1.conv2.weight: 4/256 channels masked
Layer layer4.0.conv1.weight: 119/512 channels masked
Layer layer4.0.conv2.weight: 123/512 channels masked
Layer layer4.0.downsample.0.weight: 158/512 channels masked
Layer layer4.1.conv1.weight: 129/512 channels masked
Layer layer4.1.conv2.weight: 134/512 channels masked
------------------------- time cost ------------------------- 17.381672620773315
ASR: 0.5306127273976752
attack_auc: 0.8947551948107462
Layer conv1.weight: 18/64 channels masked
Layer layer1.0.conv1.weight: 2/64 channels masked
Layer layer1.0.conv2.weight: 1/64 channels masked
Layer layer1.1.conv1.weight: 1/64 channels masked
Layer layer2.0.downsample.0.weight: 2/128 channels masked
Layer layer3.0.conv2.weight: 1/256 channels masked
Layer layer3.1.conv2.weight: 4/256 channels masked
Layer layer4.0.conv1.weight: 120/512 channels masked
Layer layer4.0.conv2.weight: 124/512 channels masked
Layer layer4.0.downsample.0.weight: 157/512 channels masked
Layer layer4.1.conv1.weight: 130/512 channels masked
Layer layer4.1.conv2.weight: 134/512 channels masked
------------------------- time cost ------------------------- 15.181455373764038
ASR: 0.5294254640341275
attack_auc: 0.8976804346601338
Layer conv1.weight: 19/64 channels masked
Layer layer1.0.conv1.weight: 2/64 channels masked
Layer layer1.0.conv2.weight: 1/64 channels masked
Layer layer1.1.conv1.weight: 1/64 channels masked
Layer layer2.0.downsample.0.weight: 2/128 channels masked
Layer layer3.0.conv2.weight: 1/256 channels masked
Layer layer3.1.conv2.weight: 4/256 channels masked
Layer layer4.0.conv1.weight: 121/512 channels masked
Layer layer4.0.conv2.weight: 124/512 channels masked
Layer layer4.0.downsample.0.weight: 159/512 channels masked
Layer layer4.1.conv1.weight: 132/512 channels masked
Layer layer4.1.conv2.weight: 134/512 channels masked
------------------------- time cost ------------------------- 14.613165855407715
ASR: 0.5019884505450745
attack_auc: 0.8887827615626849
Layer conv1.weight: 18/64 channels masked
Layer layer1.0.conv1.weight: 2/64 channels masked
Layer layer1.0.conv2.weight: 1/64 channels masked
Layer layer1.1.conv1.weight: 1/64 channels masked
Layer layer2.0.downsample.0.weight: 2/128 channels masked
Layer layer3.0.conv2.weight: 1/256 channels masked
Layer layer3.1.conv2.weight: 4/256 channels masked
Layer layer4.0.conv1.weight: 119/512 channels masked
Layer layer4.0.conv2.weight: 126/512 channels masked
Layer layer4.0.downsample.0.weight: 159/512 channels masked
Layer layer4.1.conv1.weight: 132/512 channels masked
Layer layer4.1.conv2.weight: 134/512 channels masked
------------------------- time cost ------------------------- 15.91763710975647
ASR: 0.4861698466708305
attack_auc: 0.8880202429418766
Layer conv1.weight: 18/64 channels masked
Layer layer1.0.conv1.weight: 2/64 channels masked
Layer layer1.0.conv2.weight: 1/64 channels masked
Layer layer1.1.conv1.weight: 1/64 channels masked
Layer layer2.0.downsample.0.weight: 2/128 channels masked
Layer layer3.0.conv2.weight: 1/256 channels masked
Layer layer3.1.conv2.weight: 4/256 channels masked
Layer layer4.0.conv1.weight: 122/512 channels masked
Layer layer4.0.conv2.weight: 123/512 channels masked
Layer layer4.0.downsample.0.weight: 159/512 channels masked
Layer layer4.1.conv1.weight: 132/512 channels masked
Layer layer4.1.conv2.weight: 134/512 channels masked
------------------------- time cost ------------------------- 16.337958335876465
ASR: 0.45664078071584074
attack_auc: 0.8782019061396473
Layer conv1.weight: 18/64 channels masked
Layer layer1.0.conv1.weight: 2/64 channels masked
Layer layer1.0.conv2.weight: 1/64 channels masked
Layer layer1.1.conv1.weight: 1/64 channels masked
Layer layer2.0.downsample.0.weight: 2/128 channels masked
Layer layer3.0.conv2.weight: 1/256 channels masked
Layer layer3.1.conv2.weight: 4/256 channels masked
Layer layer4.0.conv1.weight: 123/512 channels masked
Layer layer4.0.conv2.weight: 125/512 channels masked
Layer layer4.0.downsample.0.weight: 159/512 channels masked
Layer layer4.1.conv1.weight: 134/512 channels masked
Layer layer4.1.conv2.weight: 134/512 channels masked
------------------------- time cost ------------------------- 15.590086698532104

-------------Round number: 760-------------

Evaluate personalized models
Averaged Train Loss: 0.4249
Averaged Test Accurancy: 0.6621
Averaged Test AUC: 0.9378
Std Test Accurancy: 0.1295
Std Test AUC: 0.0340
ASR: 0.4888210310678104
attack_auc: 0.8881717118994946
Layer conv1.weight: 18/64 channels masked
Layer layer1.0.conv1.weight: 2/64 channels masked
Layer layer1.0.conv2.weight: 1/64 channels masked
Layer layer1.1.conv1.weight: 1/64 channels masked
Layer layer2.0.downsample.0.weight: 2/128 channels masked
Layer layer3.0.conv2.weight: 1/256 channels masked
Layer layer3.1.conv2.weight: 4/256 channels masked
Layer layer4.0.conv1.weight: 121/512 channels masked
Layer layer4.0.conv2.weight: 124/512 channels masked
Layer layer4.0.downsample.0.weight: 158/512 channels masked
Layer layer4.1.conv1.weight: 73/512 channels masked
Layer layer4.1.conv2.weight: 134/512 channels masked
------------------------- time cost ------------------------- 22.530734300613403
ASR: 0.4936730471021942
attack_auc: 0.8890206370389452
Layer conv1.weight: 19/64 channels masked
Layer layer1.0.conv1.weight: 2/64 channels masked
Layer layer1.0.conv2.weight: 1/64 channels masked
Layer layer1.1.conv1.weight: 1/64 channels masked
Layer layer2.0.downsample.0.weight: 2/128 channels masked
Layer layer3.0.conv2.weight: 1/256 channels masked
Layer layer3.1.conv2.weight: 4/256 channels masked
Layer layer4.0.conv1.weight: 122/512 channels masked
Layer layer4.0.conv2.weight: 129/512 channels masked
Layer layer4.0.downsample.0.weight: 158/512 channels masked
Layer layer4.1.conv1.weight: 99/512 channels masked
Layer layer4.1.conv2.weight: 134/512 channels masked
------------------------- time cost ------------------------- 18.03581476211548
ASR: 0.5081437816277548
attack_auc: 0.8949297756684591
Layer conv1.weight: 19/64 channels masked
Layer layer1.0.conv1.weight: 2/64 channels masked
Layer layer1.0.conv2.weight: 1/64 channels masked
Layer layer1.1.conv1.weight: 1/64 channels masked
Layer layer2.0.downsample.0.weight: 2/128 channels masked
Layer layer3.0.conv2.weight: 1/256 channels masked
Layer layer3.1.conv2.weight: 4/256 channels masked
Layer layer4.0.conv1.weight: 123/512 channels masked
Layer layer4.0.conv2.weight: 131/512 channels masked
Layer layer4.0.downsample.0.weight: 158/512 channels masked
Layer layer4.1.conv1.weight: 106/512 channels masked
Layer layer4.1.conv2.weight: 134/512 channels masked
------------------------- time cost ------------------------- 16.767693042755127
ASR: 0.5102952646592475
attack_auc: 0.8963162099705998
Layer conv1.weight: 19/64 channels masked
Layer layer1.0.conv1.weight: 2/64 channels masked
Layer layer1.0.conv2.weight: 1/64 channels masked
Layer layer1.1.conv1.weight: 1/64 channels masked
Layer layer2.0.downsample.0.weight: 2/128 channels masked
Layer layer3.0.conv2.weight: 1/256 channels masked
Layer layer3.1.conv2.weight: 4/256 channels masked
Layer layer4.0.conv1.weight: 122/512 channels masked
Layer layer4.0.conv2.weight: 127/512 channels masked
Layer layer4.0.downsample.0.weight: 156/512 channels masked
Layer layer4.1.conv1.weight: 101/512 channels masked
Layer layer4.1.conv2.weight: 134/512 channels masked
------------------------- time cost ------------------------- 18.091352939605713
ASR: 0.4804922507706361
attack_auc: 0.8853517151707628
Layer conv1.weight: 19/64 channels masked
Layer layer1.0.conv1.weight: 2/64 channels masked
Layer layer1.0.conv2.weight: 1/64 channels masked
Layer layer1.1.conv1.weight: 1/64 channels masked
Layer layer2.0.downsample.0.weight: 2/128 channels masked
Layer layer3.0.conv2.weight: 1/256 channels masked
Layer layer3.1.conv2.weight: 4/256 channels masked
Layer layer4.0.conv1.weight: 123/512 channels masked
Layer layer4.0.conv2.weight: 127/512 channels masked
Layer layer4.0.downsample.0.weight: 156/512 channels masked
Layer layer4.1.conv1.weight: 108/512 channels masked
Layer layer4.1.conv2.weight: 134/512 channels masked
------------------------- time cost ------------------------- 16.01802110671997
ASR: 0.4927322585991009
attack_auc: 0.8905172142067715
Layer conv1.weight: 19/64 channels masked
Layer layer1.0.conv1.weight: 2/64 channels masked
Layer layer1.0.conv2.weight: 1/64 channels masked
Layer layer1.1.conv1.weight: 1/64 channels masked
Layer layer2.0.downsample.0.weight: 2/128 channels masked
Layer layer3.0.conv2.weight: 1/256 channels masked
Layer layer3.1.conv2.weight: 4/256 channels masked
Layer layer4.0.conv1.weight: 120/512 channels masked
Layer layer4.0.conv2.weight: 128/512 channels masked
Layer layer4.0.downsample.0.weight: 156/512 channels masked
Layer layer4.1.conv1.weight: 107/512 channels masked
Layer layer4.1.conv2.weight: 134/512 channels masked
------------------------- time cost ------------------------- 14.52103853225708
ASR: 0.48944385261052054
attack_auc: 0.8887278124872834
Layer conv1.weight: 19/64 channels masked
Layer layer1.0.conv1.weight: 2/64 channels masked
Layer layer1.0.conv2.weight: 1/64 channels masked
Layer layer1.1.conv1.weight: 1/64 channels masked
Layer layer2.0.downsample.0.weight: 2/128 channels masked
Layer layer3.0.conv2.weight: 1/256 channels masked
Layer layer3.1.conv2.weight: 4/256 channels masked
Layer layer4.0.conv1.weight: 125/512 channels masked
Layer layer4.0.conv2.weight: 129/512 channels masked
Layer layer4.0.downsample.0.weight: 156/512 channels masked
Layer layer4.1.conv1.weight: 113/512 channels masked
Layer layer4.1.conv2.weight: 134/512 channels masked
------------------------- time cost ------------------------- 16.146146535873413
ASR: 0.4552006232686093
attack_auc: 0.871212916008446
Layer conv1.weight: 19/64 channels masked
Layer layer1.0.conv1.weight: 2/64 channels masked
Layer layer1.0.conv2.weight: 1/64 channels masked
Layer layer1.1.conv1.weight: 1/64 channels masked
Layer layer2.0.downsample.0.weight: 2/128 channels masked
Layer layer3.0.conv2.weight: 1/256 channels masked
Layer layer3.1.conv2.weight: 4/256 channels masked
Layer layer4.0.conv1.weight: 126/512 channels masked
Layer layer4.0.conv2.weight: 130/512 channels masked
Layer layer4.0.downsample.0.weight: 158/512 channels masked
Layer layer4.1.conv1.weight: 115/512 channels masked
Layer layer4.1.conv2.weight: 134/512 channels masked
------------------------- time cost ------------------------- 14.608090162277222
ASR: 0.46322408631202594
attack_auc: 0.8751253738151337
Layer conv1.weight: 20/64 channels masked
Layer layer1.0.conv1.weight: 2/64 channels masked
Layer layer1.0.conv2.weight: 1/64 channels masked
Layer layer1.1.conv1.weight: 1/64 channels masked
Layer layer2.0.downsample.0.weight: 2/128 channels masked
Layer layer3.0.conv2.weight: 1/256 channels masked
Layer layer3.1.conv2.weight: 4/256 channels masked
Layer layer4.0.conv1.weight: 121/512 channels masked
Layer layer4.0.conv2.weight: 128/512 channels masked
Layer layer4.0.downsample.0.weight: 160/512 channels masked
Layer layer4.1.conv1.weight: 115/512 channels masked
Layer layer4.1.conv2.weight: 134/512 channels masked
------------------------- time cost ------------------------- 19.171937465667725
ASR: 0.46840381459051716
attack_auc: 0.8789739248703965
Layer conv1.weight: 20/64 channels masked
Layer layer1.0.conv1.weight: 2/64 channels masked
Layer layer1.0.conv2.weight: 1/64 channels masked
Layer layer1.1.conv1.weight: 1/64 channels masked
Layer layer2.0.downsample.0.weight: 2/128 channels masked
Layer layer3.0.conv2.weight: 1/256 channels masked
Layer layer3.1.conv2.weight: 4/256 channels masked
Layer layer4.0.conv1.weight: 124/512 channels masked
Layer layer4.0.conv2.weight: 131/512 channels masked
Layer layer4.0.downsample.0.weight: 160/512 channels masked
Layer layer4.1.conv1.weight: 117/512 channels masked
Layer layer4.1.conv2.weight: 134/512 channels masked
------------------------- time cost ------------------------- 16.684741497039795

-------------Round number: 770-------------

Evaluate personalized models
Averaged Train Loss: 0.3731
Averaged Test Accurancy: 0.6602
Averaged Test AUC: 0.9375
Std Test Accurancy: 0.1242
Std Test AUC: 0.0315
ASR: 0.45633732144209405
attack_auc: 0.8719842194286359
Layer conv1.weight: 20/64 channels masked
Layer layer1.0.conv1.weight: 2/64 channels masked
Layer layer1.0.conv2.weight: 1/64 channels masked
Layer layer1.1.conv1.weight: 1/64 channels masked
Layer layer2.0.downsample.0.weight: 2/128 channels masked
Layer layer3.0.conv2.weight: 1/256 channels masked
Layer layer3.1.conv2.weight: 4/256 channels masked
Layer layer4.0.conv1.weight: 123/512 channels masked
Layer layer4.0.conv2.weight: 133/512 channels masked
Layer layer4.0.downsample.0.weight: 160/512 channels masked
Layer layer4.1.conv1.weight: 121/512 channels masked
Layer layer4.1.conv2.weight: 134/512 channels masked
------------------------- time cost ------------------------- 20.474302053451538
ASR: 0.45593230042319927
attack_auc: 0.8743651446766143
Layer conv1.weight: 20/64 channels masked
Layer layer1.0.conv1.weight: 2/64 channels masked
Layer layer1.0.conv2.weight: 1/64 channels masked
Layer layer1.1.conv1.weight: 1/64 channels masked
Layer layer2.0.downsample.0.weight: 2/128 channels masked
Layer layer3.0.conv2.weight: 1/256 channels masked
Layer layer3.1.conv2.weight: 4/256 channels masked
Layer layer4.0.conv1.weight: 122/512 channels masked
Layer layer4.0.conv2.weight: 135/512 channels masked
Layer layer4.0.downsample.0.weight: 160/512 channels masked
Layer layer4.1.conv1.weight: 123/512 channels masked
Layer layer4.1.conv2.weight: 134/512 channels masked
------------------------- time cost ------------------------- 14.323312759399414
ASR: 0.45261065857866767
attack_auc: 0.8649812097908626
Layer conv1.weight: 20/64 channels masked
Layer layer1.0.conv1.weight: 2/64 channels masked
Layer layer1.0.conv2.weight: 1/64 channels masked
Layer layer1.1.conv1.weight: 1/64 channels masked
Layer layer2.0.downsample.0.weight: 2/128 channels masked
Layer layer3.0.conv2.weight: 1/256 channels masked
Layer layer3.1.conv2.weight: 4/256 channels masked
Layer layer4.0.conv1.weight: 121/512 channels masked
Layer layer4.0.conv2.weight: 135/512 channels masked
Layer layer4.0.downsample.0.weight: 160/512 channels masked
Layer layer4.1.conv1.weight: 123/512 channels masked
Layer layer4.1.conv2.weight: 134/512 channels masked
------------------------- time cost ------------------------- 15.470857381820679
ASR: 0.4649576604396348
attack_auc: 0.873850871445167
Layer conv1.weight: 20/64 channels masked
Layer layer1.0.conv1.weight: 2/64 channels masked
Layer layer1.0.conv2.weight: 1/64 channels masked
Layer layer1.1.conv1.weight: 1/64 channels masked
Layer layer2.0.downsample.0.weight: 2/128 channels masked
Layer layer3.0.conv2.weight: 1/256 channels masked
Layer layer3.1.conv2.weight: 4/256 channels masked
Layer layer4.0.conv1.weight: 121/512 channels masked
Layer layer4.0.conv2.weight: 136/512 channels masked
Layer layer4.0.downsample.0.weight: 160/512 channels masked
Layer layer4.1.conv1.weight: 125/512 channels masked
Layer layer4.1.conv2.weight: 134/512 channels masked
------------------------- time cost ------------------------- 17.02519917488098
ASR: 0.45913407953484253
attack_auc: 0.8723387331873672
Layer conv1.weight: 20/64 channels masked
Layer layer1.0.conv1.weight: 2/64 channels masked
Layer layer1.0.conv2.weight: 1/64 channels masked
Layer layer1.1.conv1.weight: 1/64 channels masked
Layer layer2.0.downsample.0.weight: 2/128 channels masked
Layer layer3.0.conv2.weight: 1/256 channels masked
Layer layer3.1.conv2.weight: 4/256 channels masked
Layer layer4.0.conv1.weight: 122/512 channels masked
Layer layer4.0.conv2.weight: 136/512 channels masked
Layer layer4.0.downsample.0.weight: 160/512 channels masked
Layer layer4.1.conv1.weight: 128/512 channels masked
Layer layer4.1.conv2.weight: 134/512 channels masked
------------------------- time cost ------------------------- 18.085580825805664
ASR: 0.4754907005933055
attack_auc: 0.8776092154642671
Layer conv1.weight: 20/64 channels masked
Layer layer1.0.conv1.weight: 2/64 channels masked
Layer layer1.0.conv2.weight: 1/64 channels masked
Layer layer1.1.conv1.weight: 1/64 channels masked
Layer layer2.0.downsample.0.weight: 2/128 channels masked
Layer layer3.0.conv2.weight: 1/256 channels masked
Layer layer3.1.conv2.weight: 4/256 channels masked
Layer layer4.0.conv1.weight: 120/512 channels masked
Layer layer4.0.conv2.weight: 135/512 channels masked
Layer layer4.0.downsample.0.weight: 159/512 channels masked
Layer layer4.1.conv1.weight: 128/512 channels masked
Layer layer4.1.conv2.weight: 134/512 channels masked
------------------------- time cost ------------------------- 16.316309690475464
ASR: 0.46273007182203857
attack_auc: 0.8741306399479789
Layer conv1.weight: 20/64 channels masked
Layer layer1.0.conv1.weight: 2/64 channels masked
Layer layer1.0.conv2.weight: 1/64 channels masked
Layer layer1.1.conv1.weight: 1/64 channels masked
Layer layer2.0.downsample.0.weight: 2/128 channels masked
Layer layer3.0.conv2.weight: 1/256 channels masked
Layer layer3.1.conv2.weight: 4/256 channels masked
Layer layer4.0.conv1.weight: 119/512 channels masked
Layer layer4.0.conv2.weight: 132/512 channels masked
Layer layer4.0.downsample.0.weight: 159/512 channels masked
Layer layer4.1.conv1.weight: 129/512 channels masked
Layer layer4.1.conv2.weight: 134/512 channels masked
------------------------- time cost ------------------------- 13.977169752120972
ASR: 0.4569824228686423
attack_auc: 0.871814322589837
Layer conv1.weight: 20/64 channels masked
Layer layer1.0.conv1.weight: 2/64 channels masked
Layer layer1.0.conv2.weight: 1/64 channels masked
Layer layer1.1.conv1.weight: 1/64 channels masked
Layer layer2.0.downsample.0.weight: 2/128 channels masked
Layer layer3.0.conv2.weight: 1/256 channels masked
Layer layer3.1.conv2.weight: 4/256 channels masked
Layer layer4.0.conv1.weight: 121/512 channels masked
Layer layer4.0.conv2.weight: 133/512 channels masked
Layer layer4.0.downsample.0.weight: 159/512 channels masked
Layer layer4.1.conv1.weight: 130/512 channels masked
Layer layer4.1.conv2.weight: 134/512 channels masked
------------------------- time cost ------------------------- 13.87726879119873
ASR: 0.5323646117658001
attack_auc: 0.900130352445641
Layer conv1.weight: 20/64 channels masked
Layer layer1.0.conv1.weight: 2/64 channels masked
Layer layer1.0.conv2.weight: 1/64 channels masked
Layer layer1.1.conv1.weight: 1/64 channels masked
Layer layer2.0.downsample.0.weight: 2/128 channels masked
Layer layer3.0.conv2.weight: 1/256 channels masked
Layer layer3.1.conv2.weight: 4/256 channels masked
Layer layer4.0.conv1.weight: 121/512 channels masked
Layer layer4.0.conv2.weight: 135/512 channels masked
Layer layer4.0.downsample.0.weight: 159/512 channels masked
Layer layer4.1.conv1.weight: 128/512 channels masked
Layer layer4.1.conv2.weight: 134/512 channels masked
------------------------- time cost ------------------------- 18.741109609603882
ASR: 0.47386737799236633
attack_auc: 0.8802118927638822
Layer conv1.weight: 20/64 channels masked
Layer layer1.0.conv1.weight: 2/64 channels masked
Layer layer1.0.conv2.weight: 1/64 channels masked
Layer layer1.1.conv1.weight: 1/64 channels masked
Layer layer2.0.downsample.0.weight: 2/128 channels masked
Layer layer3.0.conv2.weight: 1/256 channels masked
Layer layer3.1.conv2.weight: 4/256 channels masked
Layer layer4.0.conv1.weight: 126/512 channels masked
Layer layer4.0.conv2.weight: 134/512 channels masked
Layer layer4.0.downsample.0.weight: 159/512 channels masked
Layer layer4.1.conv1.weight: 127/512 channels masked
Layer layer4.1.conv2.weight: 134/512 channels masked
------------------------- time cost ------------------------- 16.173529386520386

-------------Round number: 780-------------

Evaluate personalized models
Averaged Train Loss: 0.4391
Averaged Test Accurancy: 0.6514
Averaged Test AUC: 0.9342
Std Test Accurancy: 0.1168
Std Test AUC: 0.0329
ASR: 0.5037998545292307
attack_auc: 0.8931301840198076
Layer conv1.weight: 20/64 channels masked
Layer layer1.0.conv1.weight: 2/64 channels masked
Layer layer1.0.conv2.weight: 1/64 channels masked
Layer layer1.1.conv1.weight: 1/64 channels masked
Layer layer2.0.downsample.0.weight: 2/128 channels masked
Layer layer3.0.conv2.weight: 1/256 channels masked
Layer layer3.1.conv2.weight: 4/256 channels masked
Layer layer4.0.conv1.weight: 127/512 channels masked
Layer layer4.0.conv2.weight: 129/512 channels masked
Layer layer4.0.downsample.0.weight: 160/512 channels masked
Layer layer4.1.conv1.weight: 132/512 channels masked
Layer layer4.1.conv2.weight: 134/512 channels masked
------------------------- time cost ------------------------- 22.95919919013977
ASR: 0.556095984191266
attack_auc: 0.907563675609187
Layer conv1.weight: 20/64 channels masked
Layer layer1.0.conv1.weight: 2/64 channels masked
Layer layer1.0.conv2.weight: 1/64 channels masked
Layer layer1.1.conv1.weight: 1/64 channels masked
Layer layer2.0.downsample.0.weight: 2/128 channels masked
Layer layer3.0.conv2.weight: 1/256 channels masked
Layer layer3.1.conv2.weight: 4/256 channels masked
Layer layer4.0.conv1.weight: 128/512 channels masked
Layer layer4.0.conv2.weight: 131/512 channels masked
Layer layer4.0.downsample.0.weight: 157/512 channels masked
Layer layer4.1.conv1.weight: 119/512 channels masked
Layer layer4.1.conv2.weight: 134/512 channels masked
------------------------- time cost ------------------------- 14.371754169464111
ASR: 0.5698627969559154
attack_auc: 0.9116416422334103
Layer conv1.weight: 20/64 channels masked
Layer layer1.0.conv1.weight: 2/64 channels masked
Layer layer1.0.conv2.weight: 1/64 channels masked
Layer layer1.1.conv1.weight: 1/64 channels masked
Layer layer2.0.downsample.0.weight: 2/128 channels masked
Layer layer3.0.conv2.weight: 1/256 channels masked
Layer layer3.1.conv2.weight: 4/256 channels masked
Layer layer4.0.conv1.weight: 133/512 channels masked
Layer layer4.0.conv2.weight: 130/512 channels masked
Layer layer4.0.downsample.0.weight: 158/512 channels masked
Layer layer4.1.conv1.weight: 121/512 channels masked
Layer layer4.1.conv2.weight: 134/512 channels masked
------------------------- time cost ------------------------- 16.46711778640747
ASR: 0.5413064946126336
attack_auc: 0.9041293772470959
Layer conv1.weight: 20/64 channels masked
Layer layer1.0.conv1.weight: 2/64 channels masked
Layer layer1.0.conv2.weight: 1/64 channels masked
Layer layer1.1.conv1.weight: 1/64 channels masked
Layer layer2.0.downsample.0.weight: 2/128 channels masked
Layer layer3.0.conv2.weight: 1/256 channels masked
Layer layer3.1.conv2.weight: 4/256 channels masked
Layer layer4.0.conv1.weight: 129/512 channels masked
Layer layer4.0.conv2.weight: 132/512 channels masked
Layer layer4.0.downsample.0.weight: 156/512 channels masked
Layer layer4.1.conv1.weight: 113/512 channels masked
Layer layer4.1.conv2.weight: 134/512 channels masked
------------------------- time cost ------------------------- 13.54413890838623
ASR: 0.5239275263436008
attack_auc: 0.9003347577733892
Layer conv1.weight: 20/64 channels masked
Layer layer1.0.conv1.weight: 2/64 channels masked
Layer layer1.0.conv2.weight: 1/64 channels masked
Layer layer1.1.conv1.weight: 1/64 channels masked
Layer layer2.0.downsample.0.weight: 2/128 channels masked
Layer layer3.0.conv2.weight: 1/256 channels masked
Layer layer3.1.conv2.weight: 4/256 channels masked
Layer layer4.0.conv1.weight: 131/512 channels masked
Layer layer4.0.conv2.weight: 129/512 channels masked
Layer layer4.0.downsample.0.weight: 157/512 channels masked
Layer layer4.1.conv1.weight: 114/512 channels masked
Layer layer4.1.conv2.weight: 134/512 channels masked
------------------------- time cost ------------------------- 17.05932378768921
ASR: 0.5247030073888879
attack_auc: 0.8971581499974881
Layer conv1.weight: 20/64 channels masked
Layer layer1.0.conv1.weight: 2/64 channels masked
Layer layer1.0.conv2.weight: 1/64 channels masked
Layer layer1.1.conv1.weight: 1/64 channels masked
Layer layer2.0.downsample.0.weight: 2/128 channels masked
Layer layer3.0.conv2.weight: 1/256 channels masked
Layer layer3.1.conv2.weight: 4/256 channels masked
Layer layer4.0.conv1.weight: 137/512 channels masked
Layer layer4.0.conv2.weight: 120/512 channels masked
Layer layer4.0.downsample.0.weight: 156/512 channels masked
Layer layer4.1.conv1.weight: 89/512 channels masked
Layer layer4.1.conv2.weight: 138/512 channels masked
------------------------- time cost ------------------------- 15.083033800125122
ASR: 0.5255836923755411
attack_auc: 0.8998961621102249
Layer conv1.weight: 20/64 channels masked
Layer layer1.0.conv1.weight: 2/64 channels masked
Layer layer1.0.conv2.weight: 1/64 channels masked
Layer layer1.1.conv1.weight: 1/64 channels masked
Layer layer2.0.downsample.0.weight: 2/128 channels masked
Layer layer3.0.conv2.weight: 1/256 channels masked
Layer layer3.1.conv2.weight: 4/256 channels masked
Layer layer4.0.conv1.weight: 138/512 channels masked
Layer layer4.0.conv2.weight: 127/512 channels masked
Layer layer4.0.downsample.0.weight: 156/512 channels masked
Layer layer4.1.conv1.weight: 93/512 channels masked
Layer layer4.1.conv2.weight: 138/512 channels masked
------------------------- time cost ------------------------- 13.935456275939941
ASR: 0.5208464341738474
attack_auc: 0.8966991871208356
Layer conv1.weight: 20/64 channels masked
Layer layer1.0.conv1.weight: 2/64 channels masked
Layer layer1.0.conv2.weight: 1/64 channels masked
Layer layer1.1.conv1.weight: 1/64 channels masked
Layer layer2.0.downsample.0.weight: 2/128 channels masked
Layer layer3.0.conv2.weight: 1/256 channels masked
Layer layer3.1.conv2.weight: 4/256 channels masked
Layer layer4.0.conv1.weight: 139/512 channels masked
Layer layer4.0.conv2.weight: 121/512 channels masked
Layer layer4.0.downsample.0.weight: 156/512 channels masked
Layer layer4.1.conv1.weight: 95/512 channels masked
Layer layer4.1.conv2.weight: 138/512 channels masked
------------------------- time cost ------------------------- 14.228709936141968
ASR: 0.5808279066664425
attack_auc: 0.9140506639866476
Layer conv1.weight: 20/64 channels masked
Layer layer1.0.conv1.weight: 2/64 channels masked
Layer layer1.0.conv2.weight: 1/64 channels masked
Layer layer1.1.conv1.weight: 1/64 channels masked
Layer layer2.0.downsample.0.weight: 2/128 channels masked
Layer layer3.0.conv2.weight: 1/256 channels masked
Layer layer3.1.conv2.weight: 4/256 channels masked
Layer layer4.0.conv1.weight: 142/512 channels masked
Layer layer4.0.conv2.weight: 123/512 channels masked
Layer layer4.0.downsample.0.weight: 157/512 channels masked
Layer layer4.1.conv1.weight: 94/512 channels masked
Layer layer4.1.conv2.weight: 138/512 channels masked
------------------------- time cost ------------------------- 14.06160044670105
ASR: 0.5336318217518061
attack_auc: 0.9052581972251321
Layer conv1.weight: 20/64 channels masked
Layer layer1.0.conv1.weight: 2/64 channels masked
Layer layer1.0.conv2.weight: 1/64 channels masked
Layer layer1.1.conv1.weight: 1/64 channels masked
Layer layer2.0.downsample.0.weight: 2/128 channels masked
Layer layer3.0.conv2.weight: 1/256 channels masked
Layer layer3.1.conv2.weight: 4/256 channels masked
Layer layer4.0.conv1.weight: 141/512 channels masked
Layer layer4.0.conv2.weight: 114/512 channels masked
Layer layer4.0.downsample.0.weight: 157/512 channels masked
Layer layer4.1.conv1.weight: 96/512 channels masked
Layer layer4.1.conv2.weight: 138/512 channels masked
------------------------- time cost ------------------------- 14.916488647460938

-------------Round number: 790-------------

Evaluate personalized models
Averaged Train Loss: 0.7668
Averaged Test Accurancy: 0.6247
Averaged Test AUC: 0.9272
Std Test Accurancy: 0.1410
Std Test AUC: 0.0436
ASR: 0.5414490958151484
attack_auc: 0.9078407151213324
Layer conv1.weight: 20/64 channels masked
Layer layer1.0.conv1.weight: 2/64 channels masked
Layer layer1.0.conv2.weight: 1/64 channels masked
Layer layer1.1.conv1.weight: 1/64 channels masked
Layer layer2.0.downsample.0.weight: 2/128 channels masked
Layer layer3.0.conv2.weight: 1/256 channels masked
Layer layer3.1.conv2.weight: 4/256 channels masked
Layer layer4.0.conv1.weight: 141/512 channels masked
Layer layer4.0.conv2.weight: 116/512 channels masked
Layer layer4.0.downsample.0.weight: 157/512 channels masked
Layer layer4.1.conv1.weight: 88/512 channels masked
Layer layer4.1.conv2.weight: 138/512 channels masked
------------------------- time cost ------------------------- 23.270731210708618
ASR: 0.5327279859404634
attack_auc: 0.9071215713565833
Layer conv1.weight: 20/64 channels masked
Layer layer1.0.conv1.weight: 2/64 channels masked
Layer layer1.0.conv2.weight: 1/64 channels masked
Layer layer1.1.conv1.weight: 1/64 channels masked
Layer layer2.0.downsample.0.weight: 2/128 channels masked
Layer layer3.0.conv2.weight: 1/256 channels masked
Layer layer3.1.conv2.weight: 4/256 channels masked
Layer layer4.0.conv1.weight: 144/512 channels masked
Layer layer4.0.conv2.weight: 118/512 channels masked
Layer layer4.0.downsample.0.weight: 157/512 channels masked
Layer layer4.1.conv1.weight: 93/512 channels masked
Layer layer4.1.conv2.weight: 138/512 channels masked
------------------------- time cost ------------------------- 15.642590999603271
ASR: 0.4970025124148014
attack_auc: 0.8942051407375154
Layer conv1.weight: 19/64 channels masked
Layer layer1.0.conv1.weight: 2/64 channels masked
Layer layer1.0.conv2.weight: 1/64 channels masked
Layer layer1.1.conv1.weight: 1/64 channels masked
Layer layer2.0.downsample.0.weight: 2/128 channels masked
Layer layer3.0.conv2.weight: 1/256 channels masked
Layer layer3.1.conv2.weight: 4/256 channels masked
Layer layer4.0.conv1.weight: 138/512 channels masked
Layer layer4.0.conv2.weight: 116/512 channels masked
Layer layer4.0.downsample.0.weight: 157/512 channels masked
Layer layer4.1.conv1.weight: 93/512 channels masked
Layer layer4.1.conv2.weight: 138/512 channels masked
------------------------- time cost ------------------------- 15.330635786056519
ASR: 0.5196385048655344
attack_auc: 0.9024176236767248
Layer conv1.weight: 19/64 channels masked
Layer layer1.0.conv1.weight: 2/64 channels masked
Layer layer1.0.conv2.weight: 1/64 channels masked
Layer layer1.1.conv1.weight: 1/64 channels masked
Layer layer2.0.downsample.0.weight: 2/128 channels masked
Layer layer3.0.conv2.weight: 1/256 channels masked
Layer layer3.1.conv2.weight: 4/256 channels masked
Layer layer4.0.conv1.weight: 139/512 channels masked
Layer layer4.0.conv2.weight: 119/512 channels masked
Layer layer4.0.downsample.0.weight: 158/512 channels masked
Layer layer4.1.conv1.weight: 95/512 channels masked
Layer layer4.1.conv2.weight: 138/512 channels masked
------------------------- time cost ------------------------- 17.09660792350769
ASR: 0.5511794391690267
attack_auc: 0.9071737438749715
Layer conv1.weight: 20/64 channels masked
Layer layer1.0.conv1.weight: 2/64 channels masked
Layer layer1.0.conv2.weight: 1/64 channels masked
Layer layer1.1.conv1.weight: 1/64 channels masked
Layer layer2.0.downsample.0.weight: 2/128 channels masked
Layer layer3.0.conv2.weight: 1/256 channels masked
Layer layer3.1.conv2.weight: 4/256 channels masked
Layer layer4.0.conv1.weight: 136/512 channels masked
Layer layer4.0.conv2.weight: 114/512 channels masked
Layer layer4.0.downsample.0.weight: 157/512 channels masked
Layer layer4.1.conv1.weight: 86/512 channels masked
Layer layer4.1.conv2.weight: 138/512 channels masked
------------------------- time cost ------------------------- 16.486722707748413
ASR: 0.5534763437288635
attack_auc: 0.9120919012925454
Layer conv1.weight: 20/64 channels masked
Layer layer1.0.conv1.weight: 2/64 channels masked
Layer layer1.0.conv2.weight: 1/64 channels masked
Layer layer1.1.conv1.weight: 1/64 channels masked
Layer layer2.0.downsample.0.weight: 2/128 channels masked
Layer layer3.0.conv2.weight: 1/256 channels masked
Layer layer3.1.conv2.weight: 4/256 channels masked
Layer layer4.0.conv1.weight: 140/512 channels masked
Layer layer4.0.conv2.weight: 116/512 channels masked
Layer layer4.0.downsample.0.weight: 158/512 channels masked
Layer layer4.1.conv1.weight: 87/512 channels masked
Layer layer4.1.conv2.weight: 138/512 channels masked
------------------------- time cost ------------------------- 19.595547676086426
ASR: 0.5127076689691926
attack_auc: 0.8921185806515789
Layer conv1.weight: 20/64 channels masked
Layer layer1.0.conv1.weight: 2/64 channels masked
Layer layer1.0.conv2.weight: 1/64 channels masked
Layer layer1.1.conv1.weight: 1/64 channels masked
Layer layer2.0.downsample.0.weight: 2/128 channels masked
Layer layer3.0.conv2.weight: 1/256 channels masked
Layer layer3.1.conv2.weight: 4/256 channels masked
Layer layer4.0.conv1.weight: 147/512 channels masked
Layer layer4.0.conv2.weight: 122/512 channels masked
Layer layer4.0.downsample.0.weight: 158/512 channels masked
Layer layer4.1.conv1.weight: 86/512 channels masked
Layer layer4.1.conv2.weight: 138/512 channels masked
------------------------- time cost ------------------------- 19.62467050552368
ASR: 0.49987925682963574
attack_auc: 0.8922007452016151
Layer conv1.weight: 20/64 channels masked
Layer layer1.0.conv1.weight: 2/64 channels masked
Layer layer1.0.conv2.weight: 1/64 channels masked
Layer layer1.1.conv1.weight: 1/64 channels masked
Layer layer2.0.downsample.0.weight: 2/128 channels masked
Layer layer3.0.conv2.weight: 1/256 channels masked
Layer layer3.1.conv2.weight: 4/256 channels masked
Layer layer4.0.conv1.weight: 148/512 channels masked
Layer layer4.0.conv2.weight: 122/512 channels masked
Layer layer4.0.downsample.0.weight: 158/512 channels masked
Layer layer4.1.conv1.weight: 88/512 channels masked
Layer layer4.1.conv2.weight: 138/512 channels masked
------------------------- time cost ------------------------- 16.245839834213257
ASR: 0.5298086068108386
attack_auc: 0.9000104018805255
Layer conv1.weight: 19/64 channels masked
Layer layer1.0.conv1.weight: 2/64 channels masked
Layer layer1.0.conv2.weight: 1/64 channels masked
Layer layer1.1.conv1.weight: 1/64 channels masked
Layer layer2.0.downsample.0.weight: 2/128 channels masked
Layer layer3.0.conv2.weight: 1/256 channels masked
Layer layer3.1.conv2.weight: 4/256 channels masked
Layer layer4.0.conv1.weight: 149/512 channels masked
Layer layer4.0.conv2.weight: 119/512 channels masked
Layer layer4.0.downsample.0.weight: 158/512 channels masked
Layer layer4.1.conv1.weight: 79/512 channels masked
Layer layer4.1.conv2.weight: 138/512 channels masked
------------------------- time cost ------------------------- 16.13660168647766
ASR: 0.4956674085109537
attack_auc: 0.8943681211689308
Layer conv1.weight: 19/64 channels masked
Layer layer1.0.conv1.weight: 2/64 channels masked
Layer layer1.0.conv2.weight: 1/64 channels masked
Layer layer1.1.conv1.weight: 1/64 channels masked
Layer layer2.0.downsample.0.weight: 2/128 channels masked
Layer layer3.0.conv2.weight: 1/256 channels masked
Layer layer3.1.conv2.weight: 4/256 channels masked
Layer layer4.0.conv1.weight: 152/512 channels masked
Layer layer4.0.conv2.weight: 122/512 channels masked
Layer layer4.0.downsample.0.weight: 158/512 channels masked
Layer layer4.1.conv1.weight: 81/512 channels masked
Layer layer4.1.conv2.weight: 138/512 channels masked
------------------------- time cost ------------------------- 17.2227680683136

-------------Round number: 800-------------

Evaluate personalized models
Averaged Train Loss: 0.8476
Averaged Test Accurancy: 0.5920
Averaged Test AUC: 0.9183
Std Test Accurancy: 0.1302
Std Test AUC: 0.0401
ASR: 0.4760492126161964
attack_auc: 0.8876158107980133
Layer conv1.weight: 19/64 channels masked
Layer layer1.0.conv1.weight: 2/64 channels masked
Layer layer1.1.conv1.weight: 1/64 channels masked
Layer layer2.0.downsample.0.weight: 2/128 channels masked
Layer layer3.0.conv2.weight: 1/256 channels masked
Layer layer3.1.conv2.weight: 4/256 channels masked
Layer layer4.0.conv1.weight: 151/512 channels masked
Layer layer4.0.conv2.weight: 108/512 channels masked
Layer layer4.0.downsample.0.weight: 159/512 channels masked
Layer layer4.1.conv1.weight: 81/512 channels masked
Layer layer4.1.conv2.weight: 138/512 channels masked
------------------------- time cost ------------------------- 27.74998426437378
ASR: 0.42611074137172206
attack_auc: 0.8748884315199909
Layer conv1.weight: 19/64 channels masked
Layer layer1.0.conv1.weight: 2/64 channels masked
Layer layer1.0.conv2.weight: 1/64 channels masked
Layer layer1.1.conv1.weight: 1/64 channels masked
Layer layer2.0.downsample.0.weight: 2/128 channels masked
Layer layer3.0.conv2.weight: 1/256 channels masked
Layer layer3.1.conv2.weight: 4/256 channels masked
Layer layer4.0.conv1.weight: 152/512 channels masked
Layer layer4.0.conv2.weight: 115/512 channels masked
Layer layer4.0.downsample.0.weight: 159/512 channels masked
Layer layer4.1.conv1.weight: 80/512 channels masked
Layer layer4.1.conv2.weight: 138/512 channels masked
------------------------- time cost ------------------------- 16.88042902946472
ASR: 0.4685462090816247
attack_auc: 0.8846616066927504
Layer conv1.weight: 19/64 channels masked
Layer layer1.0.conv1.weight: 2/64 channels masked
Layer layer1.1.conv1.weight: 1/64 channels masked
Layer layer2.0.downsample.0.weight: 2/128 channels masked
Layer layer3.0.conv2.weight: 1/256 channels masked
Layer layer3.1.conv2.weight: 4/256 channels masked
Layer layer4.0.conv1.weight: 148/512 channels masked
Layer layer4.0.conv2.weight: 96/512 channels masked
Layer layer4.0.downsample.0.weight: 159/512 channels masked
Layer layer4.1.conv1.weight: 86/512 channels masked
Layer layer4.1.conv2.weight: 139/512 channels masked
------------------------- time cost ------------------------- 17.65826177597046
ASR: 0.4695877808410148
attack_auc: 0.8893629718596787
Layer conv1.weight: 19/64 channels masked
Layer layer1.0.conv1.weight: 2/64 channels masked
Layer layer1.0.conv2.weight: 1/64 channels masked
Layer layer1.1.conv1.weight: 1/64 channels masked
Layer layer2.0.downsample.0.weight: 2/128 channels masked
Layer layer3.0.conv2.weight: 1/256 channels masked
Layer layer3.1.conv2.weight: 4/256 channels masked
Layer layer4.0.conv1.weight: 166/512 channels masked
Layer layer4.0.conv2.weight: 114/512 channels masked
Layer layer4.0.downsample.0.weight: 159/512 channels masked
Layer layer4.1.conv1.weight: 85/512 channels masked
Layer layer4.1.conv2.weight: 139/512 channels masked
------------------------- time cost ------------------------- 15.598051071166992
ASR: 0.34116539020648406
attack_auc: 0.8445614783452334
Layer conv1.weight: 19/64 channels masked
Layer layer1.0.conv1.weight: 2/64 channels masked
Layer layer1.0.conv2.weight: 1/64 channels masked
Layer layer1.1.conv1.weight: 1/64 channels masked
Layer layer2.0.downsample.0.weight: 2/128 channels masked
Layer layer3.0.conv2.weight: 1/256 channels masked
Layer layer3.1.conv2.weight: 4/256 channels masked
Layer layer4.0.conv1.weight: 171/512 channels masked
Layer layer4.0.conv2.weight: 113/512 channels masked
Layer layer4.0.downsample.0.weight: 159/512 channels masked
Layer layer4.1.conv1.weight: 86/512 channels masked
Layer layer4.1.conv2.weight: 139/512 channels masked
------------------------- time cost ------------------------- 15.375039339065552
ASR: 0.3167743529755108
attack_auc: 0.8364298700769989
Layer conv1.weight: 19/64 channels masked
Layer layer1.0.conv1.weight: 2/64 channels masked
Layer layer1.0.conv2.weight: 1/64 channels masked
Layer layer1.1.conv1.weight: 1/64 channels masked
Layer layer2.0.downsample.0.weight: 2/128 channels masked
Layer layer3.0.conv2.weight: 1/256 channels masked
Layer layer3.1.conv2.weight: 4/256 channels masked
Layer layer4.0.conv1.weight: 180/512 channels masked
Layer layer4.0.conv2.weight: 116/512 channels masked
Layer layer4.0.downsample.0.weight: 158/512 channels masked
Layer layer4.1.conv1.weight: 82/512 channels masked
Layer layer4.1.conv2.weight: 139/512 channels masked
------------------------- time cost ------------------------- 16.040741682052612
ASR: 0.28337567500512567
attack_auc: 0.821253561927396
Layer conv1.weight: 19/64 channels masked
Layer layer1.0.conv1.weight: 2/64 channels masked
Layer layer1.0.conv2.weight: 1/64 channels masked
Layer layer1.1.conv1.weight: 1/64 channels masked
Layer layer2.0.downsample.0.weight: 2/128 channels masked
Layer layer3.0.conv2.weight: 1/256 channels masked
Layer layer3.1.conv2.weight: 4/256 channels masked
Layer layer4.0.conv1.weight: 180/512 channels masked
Layer layer4.0.conv2.weight: 117/512 channels masked
Layer layer4.0.downsample.0.weight: 158/512 channels masked
Layer layer4.1.conv1.weight: 86/512 channels masked
Layer layer4.1.conv2.weight: 139/512 channels masked
------------------------- time cost ------------------------- 18.861329317092896
ASR: 0.241211718938326
attack_auc: 0.7842060673531568
Layer conv1.weight: 18/64 channels masked
Layer layer1.0.conv1.weight: 2/64 channels masked
Layer layer1.0.conv2.weight: 1/64 channels masked
Layer layer1.1.conv1.weight: 1/64 channels masked
Layer layer2.0.downsample.0.weight: 2/128 channels masked
Layer layer3.0.conv2.weight: 1/256 channels masked
Layer layer3.1.conv2.weight: 4/256 channels masked
Layer layer4.0.conv1.weight: 178/512 channels masked
Layer layer4.0.conv2.weight: 116/512 channels masked
Layer layer4.0.downsample.0.weight: 158/512 channels masked
Layer layer4.1.conv1.weight: 84/512 channels masked
Layer layer4.1.conv2.weight: 139/512 channels masked
------------------------- time cost ------------------------- 15.523824214935303
ASR: 0.2972695189955478
attack_auc: 0.806702282969892
Layer conv1.weight: 18/64 channels masked
Layer layer1.0.conv1.weight: 2/64 channels masked
Layer layer1.0.conv2.weight: 1/64 channels masked
Layer layer1.1.conv1.weight: 1/64 channels masked
Layer layer2.0.downsample.0.weight: 2/128 channels masked
Layer layer3.0.conv2.weight: 1/256 channels masked
Layer layer3.1.conv2.weight: 4/256 channels masked
Layer layer4.0.conv1.weight: 181/512 channels masked
Layer layer4.0.conv2.weight: 117/512 channels masked
Layer layer4.0.downsample.0.weight: 158/512 channels masked
Layer layer4.1.conv1.weight: 84/512 channels masked
Layer layer4.1.conv2.weight: 139/512 channels masked
------------------------- time cost ------------------------- 16.545416355133057
ASR: 0.2868793939792769
attack_auc: 0.8025547530032701
Layer conv1.weight: 18/64 channels masked
Layer layer1.0.conv1.weight: 2/64 channels masked
Layer layer1.0.conv2.weight: 1/64 channels masked
Layer layer1.1.conv1.weight: 1/64 channels masked
Layer layer2.0.downsample.0.weight: 2/128 channels masked
Layer layer3.0.conv2.weight: 1/256 channels masked
Layer layer3.1.conv2.weight: 4/256 channels masked
Layer layer4.0.conv1.weight: 174/512 channels masked
Layer layer4.0.conv2.weight: 116/512 channels masked
Layer layer4.0.downsample.0.weight: 157/512 channels masked
Layer layer4.1.conv1.weight: 81/512 channels masked
Layer layer4.1.conv2.weight: 139/512 channels masked
------------------------- time cost ------------------------- 17.016308784484863

-------------Round number: 810-------------

Evaluate personalized models
Averaged Train Loss: 1.3536
Averaged Test Accurancy: 0.5361
Averaged Test AUC: 0.9021
Std Test Accurancy: 0.1724
Std Test AUC: 0.0500
ASR: 0.3131446052027911
attack_auc: 0.8087787061948606
Layer conv1.weight: 18/64 channels masked
Layer layer1.0.conv1.weight: 2/64 channels masked
Layer layer1.0.conv2.weight: 1/64 channels masked
Layer layer1.1.conv1.weight: 1/64 channels masked
Layer layer2.0.downsample.0.weight: 2/128 channels masked
Layer layer3.0.conv2.weight: 1/256 channels masked
Layer layer3.1.conv2.weight: 4/256 channels masked
Layer layer4.0.conv1.weight: 179/512 channels masked
Layer layer4.0.conv2.weight: 122/512 channels masked
Layer layer4.0.downsample.0.weight: 157/512 channels masked
Layer layer4.1.conv1.weight: 81/512 channels masked
Layer layer4.1.conv2.weight: 139/512 channels masked
------------------------- time cost ------------------------- 21.70171618461609
ASR: 0.36164373612718625
attack_auc: 0.8283677007831787
Layer conv1.weight: 18/64 channels masked
Layer layer1.0.conv1.weight: 2/64 channels masked
Layer layer1.0.conv2.weight: 1/64 channels masked
Layer layer1.1.conv1.weight: 1/64 channels masked
Layer layer2.0.downsample.0.weight: 2/128 channels masked
Layer layer3.0.conv2.weight: 1/256 channels masked
Layer layer3.1.conv2.weight: 4/256 channels masked
Layer layer4.0.conv1.weight: 177/512 channels masked
Layer layer4.0.conv2.weight: 126/512 channels masked
Layer layer4.0.downsample.0.weight: 156/512 channels masked
Layer layer4.1.conv1.weight: 78/512 channels masked
Layer layer4.1.conv2.weight: 139/512 channels masked
------------------------- time cost ------------------------- 15.227519273757935
ASR: 0.35698379748137377
attack_auc: 0.823437454170496
Layer conv1.weight: 18/64 channels masked
Layer layer1.0.conv1.weight: 2/64 channels masked
Layer layer1.0.conv2.weight: 1/64 channels masked
Layer layer1.1.conv1.weight: 1/64 channels masked
Layer layer2.0.downsample.0.weight: 2/128 channels masked
Layer layer3.0.conv2.weight: 1/256 channels masked
Layer layer3.1.conv2.weight: 4/256 channels masked
Layer layer4.0.conv1.weight: 168/512 channels masked
Layer layer4.0.conv2.weight: 126/512 channels masked
Layer layer4.0.downsample.0.weight: 156/512 channels masked
Layer layer4.1.conv1.weight: 82/512 channels masked
Layer layer4.1.conv2.weight: 139/512 channels masked
------------------------- time cost ------------------------- 14.313669919967651
ASR: 0.38944701976678225
attack_auc: 0.8402460337745652
Layer conv1.weight: 18/64 channels masked
Layer layer1.0.conv1.weight: 2/64 channels masked
Layer layer1.0.conv2.weight: 1/64 channels masked
Layer layer1.1.conv1.weight: 1/64 channels masked
Layer layer2.0.downsample.0.weight: 2/128 channels masked
Layer layer3.0.conv2.weight: 1/256 channels masked
Layer layer3.1.conv2.weight: 4/256 channels masked
Layer layer4.0.conv1.weight: 172/512 channels masked
Layer layer4.0.conv2.weight: 128/512 channels masked
Layer layer4.0.downsample.0.weight: 156/512 channels masked
Layer layer4.1.conv1.weight: 85/512 channels masked
Layer layer4.1.conv2.weight: 139/512 channels masked
------------------------- time cost ------------------------- 15.485515356063843
ASR: 0.3925620260005993
attack_auc: 0.8424782749047017
Layer conv1.weight: 18/64 channels masked
Layer layer1.0.conv1.weight: 2/64 channels masked
Layer layer1.0.conv2.weight: 1/64 channels masked
Layer layer1.1.conv1.weight: 1/64 channels masked
Layer layer2.0.downsample.0.weight: 2/128 channels masked
Layer layer3.0.conv2.weight: 1/256 channels masked
Layer layer3.1.conv2.weight: 4/256 channels masked
Layer layer4.0.conv1.weight: 168/512 channels masked
Layer layer4.0.conv2.weight: 130/512 channels masked
Layer layer4.0.downsample.0.weight: 156/512 channels masked
Layer layer4.1.conv1.weight: 87/512 channels masked
Layer layer4.1.conv2.weight: 139/512 channels masked
------------------------- time cost ------------------------- 16.134100914001465
ASR: 0.3707955407625726
attack_auc: 0.8349696008591343
Layer conv1.weight: 18/64 channels masked
Layer layer1.0.conv1.weight: 2/64 channels masked
Layer layer1.0.conv2.weight: 1/64 channels masked
Layer layer1.1.conv1.weight: 1/64 channels masked
Layer layer2.0.downsample.0.weight: 2/128 channels masked
Layer layer3.0.conv2.weight: 1/256 channels masked
Layer layer3.1.conv2.weight: 5/256 channels masked
Layer layer4.0.conv1.weight: 172/512 channels masked
Layer layer4.0.conv2.weight: 131/512 channels masked
Layer layer4.0.downsample.0.weight: 156/512 channels masked
Layer layer4.1.conv1.weight: 89/512 channels masked
Layer layer4.1.conv2.weight: 139/512 channels masked
------------------------- time cost ------------------------- 16.709766626358032
ASR: 0.3863571958073954
attack_auc: 0.8418592580375499
Layer conv1.weight: 18/64 channels masked
Layer layer1.0.conv1.weight: 2/64 channels masked
Layer layer1.0.conv2.weight: 1/64 channels masked
Layer layer1.1.conv1.weight: 1/64 channels masked
Layer layer2.0.downsample.0.weight: 2/128 channels masked
Layer layer3.0.conv2.weight: 1/256 channels masked
Layer layer3.1.conv2.weight: 5/256 channels masked
Layer layer4.0.conv1.weight: 172/512 channels masked
Layer layer4.0.conv2.weight: 134/512 channels masked
Layer layer4.0.downsample.0.weight: 155/512 channels masked
Layer layer4.1.conv1.weight: 91/512 channels masked
Layer layer4.1.conv2.weight: 139/512 channels masked
------------------------- time cost ------------------------- 16.619606256484985
ASR: 0.41833889121591905
attack_auc: 0.8570474622464122
Layer conv1.weight: 18/64 channels masked
Layer layer1.0.conv1.weight: 2/64 channels masked
Layer layer1.0.conv2.weight: 1/64 channels masked
Layer layer1.1.conv1.weight: 1/64 channels masked
Layer layer2.0.downsample.0.weight: 2/128 channels masked
Layer layer3.0.conv2.weight: 1/256 channels masked
Layer layer3.1.conv2.weight: 5/256 channels masked
Layer layer4.0.conv1.weight: 175/512 channels masked
Layer layer4.0.conv2.weight: 138/512 channels masked
Layer layer4.0.downsample.0.weight: 154/512 channels masked
Layer layer4.1.conv1.weight: 90/512 channels masked
Layer layer4.1.conv2.weight: 139/512 channels masked
------------------------- time cost ------------------------- 13.65859079360962
ASR: 0.43773296259369043
attack_auc: 0.8646846044118667
Layer conv1.weight: 18/64 channels masked
Layer layer1.0.conv1.weight: 2/64 channels masked
Layer layer1.0.conv2.weight: 1/64 channels masked
Layer layer1.1.conv1.weight: 1/64 channels masked
Layer layer2.0.downsample.0.weight: 2/128 channels masked
Layer layer3.0.conv2.weight: 1/256 channels masked
Layer layer3.1.conv2.weight: 5/256 channels masked
Layer layer4.0.conv1.weight: 176/512 channels masked
Layer layer4.0.conv2.weight: 138/512 channels masked
Layer layer4.0.downsample.0.weight: 154/512 channels masked
Layer layer4.1.conv1.weight: 89/512 channels masked
Layer layer4.1.conv2.weight: 139/512 channels masked
------------------------- time cost ------------------------- 14.298277378082275
ASR: 0.4539057691254391
attack_auc: 0.8709029055768146
Layer conv1.weight: 18/64 channels masked
Layer layer1.0.conv1.weight: 2/64 channels masked
Layer layer1.0.conv2.weight: 1/64 channels masked
Layer layer1.1.conv1.weight: 1/64 channels masked
Layer layer2.0.downsample.0.weight: 2/128 channels masked
Layer layer3.0.conv2.weight: 1/256 channels masked
Layer layer3.1.conv2.weight: 5/256 channels masked
Layer layer4.0.conv1.weight: 184/512 channels masked
Layer layer4.0.conv2.weight: 139/512 channels masked
Layer layer4.0.downsample.0.weight: 153/512 channels masked
Layer layer4.1.conv1.weight: 91/512 channels masked
Layer layer4.1.conv2.weight: 139/512 channels masked
------------------------- time cost ------------------------- 17.34136962890625

-------------Round number: 820-------------

Evaluate personalized models
Averaged Train Loss: 1.3491
Averaged Test Accurancy: 0.5369
Averaged Test AUC: 0.8993
Std Test Accurancy: 0.1599
Std Test AUC: 0.0521
ASR: 0.4426595077909738
attack_auc: 0.868722915053539
Layer conv1.weight: 18/64 channels masked
Layer layer1.0.conv1.weight: 2/64 channels masked
Layer layer1.0.conv2.weight: 1/64 channels masked
Layer layer1.1.conv1.weight: 1/64 channels masked
Layer layer2.0.downsample.0.weight: 2/128 channels masked
Layer layer3.0.conv2.weight: 1/256 channels masked
Layer layer3.1.conv2.weight: 5/256 channels masked
Layer layer4.0.conv1.weight: 183/512 channels masked
Layer layer4.0.conv2.weight: 144/512 channels masked
Layer layer4.0.downsample.0.weight: 153/512 channels masked
Layer layer4.1.conv1.weight: 93/512 channels masked
Layer layer4.1.conv2.weight: 139/512 channels masked
------------------------- time cost ------------------------- 23.89586114883423
ASR: 0.4322918358718887
attack_auc: 0.8704768424825472
Layer conv1.weight: 18/64 channels masked
Layer layer1.0.conv1.weight: 2/64 channels masked
Layer layer1.0.conv2.weight: 1/64 channels masked
Layer layer1.1.conv1.weight: 1/64 channels masked
Layer layer2.0.downsample.0.weight: 2/128 channels masked
Layer layer3.0.conv2.weight: 1/256 channels masked
Layer layer3.1.conv2.weight: 5/256 channels masked
Layer layer4.0.conv1.weight: 182/512 channels masked
Layer layer4.0.conv2.weight: 147/512 channels masked
Layer layer4.0.downsample.0.weight: 153/512 channels masked
Layer layer4.1.conv1.weight: 97/512 channels masked
Layer layer4.1.conv2.weight: 139/512 channels masked
------------------------- time cost ------------------------- 15.379944801330566
ASR: 0.42248026483540174
attack_auc: 0.8671990915665547
Layer conv1.weight: 18/64 channels masked
Layer layer1.0.conv1.weight: 2/64 channels masked
Layer layer1.0.conv2.weight: 1/64 channels masked
Layer layer1.1.conv1.weight: 1/64 channels masked
Layer layer2.0.downsample.0.weight: 2/128 channels masked
Layer layer3.0.conv2.weight: 1/256 channels masked
Layer layer3.1.conv2.weight: 5/256 channels masked
Layer layer4.0.conv1.weight: 180/512 channels masked
Layer layer4.0.conv2.weight: 150/512 channels masked
Layer layer4.0.downsample.0.weight: 154/512 channels masked
Layer layer4.1.conv1.weight: 98/512 channels masked
Layer layer4.1.conv2.weight: 139/512 channels masked
------------------------- time cost ------------------------- 17.22382140159607
ASR: 0.4327017498644158
attack_auc: 0.8727589305359074
Layer conv1.weight: 18/64 channels masked
Layer layer1.0.conv1.weight: 2/64 channels masked
Layer layer1.0.conv2.weight: 1/64 channels masked
Layer layer1.1.conv1.weight: 1/64 channels masked
Layer layer2.0.downsample.0.weight: 2/128 channels masked
Layer layer3.0.conv2.weight: 1/256 channels masked
Layer layer3.1.conv2.weight: 5/256 channels masked
Layer layer4.0.conv1.weight: 186/512 channels masked
Layer layer4.0.conv2.weight: 152/512 channels masked
Layer layer4.0.downsample.0.weight: 154/512 channels masked
Layer layer4.1.conv1.weight: 99/512 channels masked
Layer layer4.1.conv2.weight: 139/512 channels masked
------------------------- time cost ------------------------- 14.868021965026855
ASR: 0.45031639132568185
attack_auc: 0.8797603276293983
Layer conv1.weight: 18/64 channels masked
Layer layer1.0.conv1.weight: 2/64 channels masked
Layer layer1.0.conv2.weight: 1/64 channels masked
Layer layer1.1.conv1.weight: 1/64 channels masked
Layer layer2.0.downsample.0.weight: 2/128 channels masked
Layer layer3.0.conv2.weight: 1/256 channels masked
Layer layer3.1.conv2.weight: 5/256 channels masked
Layer layer4.0.conv1.weight: 186/512 channels masked
Layer layer4.0.conv2.weight: 153/512 channels masked
Layer layer4.0.downsample.0.weight: 155/512 channels masked
Layer layer4.1.conv1.weight: 102/512 channels masked
Layer layer4.1.conv2.weight: 139/512 channels masked
------------------------- time cost ------------------------- 13.884534120559692
ASR: 0.448372145637223
attack_auc: 0.8765192016311802
Layer conv1.weight: 18/64 channels masked
Layer layer1.0.conv1.weight: 2/64 channels masked
Layer layer1.0.conv2.weight: 1/64 channels masked
Layer layer1.1.conv1.weight: 1/64 channels masked
Layer layer2.0.downsample.0.weight: 2/128 channels masked
Layer layer3.0.conv2.weight: 1/256 channels masked
Layer layer3.1.conv2.weight: 5/256 channels masked
Layer layer4.0.conv1.weight: 179/512 channels masked
Layer layer4.0.conv2.weight: 160/512 channels masked
Layer layer4.0.downsample.0.weight: 156/512 channels masked
Layer layer4.1.conv1.weight: 110/512 channels masked
Layer layer4.1.conv2.weight: 139/512 channels masked
------------------------- time cost ------------------------- 13.570281267166138
ASR: 0.4143645030037398
attack_auc: 0.8669537736498708
Layer conv1.weight: 18/64 channels masked
Layer layer1.0.conv1.weight: 2/64 channels masked
Layer layer1.0.conv2.weight: 1/64 channels masked
Layer layer1.1.conv1.weight: 1/64 channels masked
Layer layer2.0.downsample.0.weight: 2/128 channels masked
Layer layer3.0.conv2.weight: 1/256 channels masked
Layer layer3.1.conv2.weight: 5/256 channels masked
Layer layer4.0.conv1.weight: 190/512 channels masked
Layer layer4.0.conv2.weight: 161/512 channels masked
Layer layer4.0.downsample.0.weight: 156/512 channels masked
Layer layer4.1.conv1.weight: 110/512 channels masked
Layer layer4.1.conv2.weight: 139/512 channels masked
------------------------- time cost ------------------------- 15.779356002807617
ASR: 0.4181008236136106
attack_auc: 0.8675829402364483
Layer conv1.weight: 18/64 channels masked
Layer layer1.0.conv1.weight: 2/64 channels masked
Layer layer1.0.conv2.weight: 1/64 channels masked
Layer layer1.1.conv1.weight: 1/64 channels masked
Layer layer2.0.downsample.0.weight: 2/128 channels masked
Layer layer3.0.conv2.weight: 1/256 channels masked
Layer layer3.1.conv2.weight: 5/256 channels masked
Layer layer4.0.conv1.weight: 191/512 channels masked
Layer layer4.0.conv2.weight: 159/512 channels masked
Layer layer4.0.downsample.0.weight: 156/512 channels masked
Layer layer4.1.conv1.weight: 115/512 channels masked
Layer layer4.1.conv2.weight: 139/512 channels masked
------------------------- time cost ------------------------- 16.360572814941406
ASR: 0.3956763286861356
attack_auc: 0.8575427121612914
Layer conv1.weight: 18/64 channels masked
Layer layer1.0.conv1.weight: 2/64 channels masked
Layer layer1.0.conv2.weight: 1/64 channels masked
Layer layer1.1.conv1.weight: 1/64 channels masked
Layer layer2.0.downsample.0.weight: 2/128 channels masked
Layer layer3.0.conv2.weight: 1/256 channels masked
Layer layer3.1.conv2.weight: 5/256 channels masked
Layer layer4.0.conv1.weight: 195/512 channels masked
Layer layer4.0.conv2.weight: 161/512 channels masked
Layer layer4.0.downsample.0.weight: 156/512 channels masked
Layer layer4.1.conv1.weight: 116/512 channels masked
Layer layer4.1.conv2.weight: 139/512 channels masked
------------------------- time cost ------------------------- 13.890705585479736
ASR: 0.38756715314633516
attack_auc: 0.8510343689220453
Layer conv1.weight: 18/64 channels masked
Layer layer1.0.conv1.weight: 2/64 channels masked
Layer layer1.0.conv2.weight: 1/64 channels masked
Layer layer1.1.conv1.weight: 1/64 channels masked
Layer layer2.0.downsample.0.weight: 2/128 channels masked
Layer layer3.0.conv2.weight: 1/256 channels masked
Layer layer3.1.conv2.weight: 5/256 channels masked
Layer layer4.0.conv1.weight: 196/512 channels masked
Layer layer4.0.conv2.weight: 163/512 channels masked
Layer layer4.0.downsample.0.weight: 156/512 channels masked
Layer layer4.1.conv1.weight: 117/512 channels masked
Layer layer4.1.conv2.weight: 139/512 channels masked
------------------------- time cost ------------------------- 18.068056344985962

-------------Round number: 830-------------

Evaluate personalized models
Averaged Train Loss: 1.3982
Averaged Test Accurancy: 0.5356
Averaged Test AUC: 0.8932
Std Test Accurancy: 0.1687
Std Test AUC: 0.0614
ASR: 0.36650631651152094
attack_auc: 0.8445601268384267
Layer conv1.weight: 17/64 channels masked
Layer layer1.0.conv1.weight: 2/64 channels masked
Layer layer1.0.conv2.weight: 1/64 channels masked
Layer layer1.1.conv1.weight: 1/64 channels masked
Layer layer2.0.downsample.0.weight: 2/128 channels masked
Layer layer3.0.conv2.weight: 1/256 channels masked
Layer layer3.1.conv2.weight: 5/256 channels masked
Layer layer4.0.conv1.weight: 189/512 channels masked
Layer layer4.0.conv2.weight: 159/512 channels masked
Layer layer4.0.downsample.0.weight: 151/512 channels masked
Layer layer4.1.conv1.weight: 85/512 channels masked
Layer layer4.1.conv2.weight: 139/512 channels masked
------------------------- time cost ------------------------- 24.462663173675537
ASR: 0.3495607111748254
attack_auc: 0.834780585038939
Layer conv1.weight: 17/64 channels masked
Layer layer1.0.conv1.weight: 2/64 channels masked
Layer layer1.0.conv2.weight: 1/64 channels masked
Layer layer1.1.conv1.weight: 1/64 channels masked
Layer layer2.0.downsample.0.weight: 2/128 channels masked
Layer layer3.0.conv2.weight: 1/256 channels masked
Layer layer3.1.conv2.weight: 5/256 channels masked
Layer layer4.0.conv1.weight: 192/512 channels masked
Layer layer4.0.conv2.weight: 162/512 channels masked
Layer layer4.0.downsample.0.weight: 151/512 channels masked
Layer layer4.1.conv1.weight: 89/512 channels masked
Layer layer4.1.conv2.weight: 139/512 channels masked
------------------------- time cost ------------------------- 16.86869740486145
ASR: 0.3822970840438758
attack_auc: 0.8484619296825318
Layer conv1.weight: 16/64 channels masked
Layer layer1.0.conv1.weight: 2/64 channels masked
Layer layer1.0.conv2.weight: 1/64 channels masked
Layer layer1.1.conv1.weight: 1/64 channels masked
Layer layer2.0.downsample.0.weight: 2/128 channels masked
Layer layer3.0.conv2.weight: 1/256 channels masked
Layer layer3.1.conv2.weight: 6/256 channels masked
Layer layer4.0.conv1.weight: 186/512 channels masked
Layer layer4.0.conv2.weight: 164/512 channels masked
Layer layer4.0.downsample.0.weight: 151/512 channels masked
Layer layer4.1.conv1.weight: 79/512 channels masked
Layer layer4.1.conv2.weight: 139/512 channels masked
------------------------- time cost ------------------------- 17.41595220565796
ASR: 0.3386046924912562
attack_auc: 0.8346645154436844
Layer conv1.weight: 16/64 channels masked
Layer layer1.0.conv1.weight: 2/64 channels masked
Layer layer1.0.conv2.weight: 1/64 channels masked
Layer layer1.1.conv1.weight: 1/64 channels masked
Layer layer2.0.downsample.0.weight: 2/128 channels masked
Layer layer3.0.conv2.weight: 1/256 channels masked
Layer layer3.1.conv2.weight: 6/256 channels masked
Layer layer4.0.conv1.weight: 191/512 channels masked
Layer layer4.0.conv2.weight: 164/512 channels masked
Layer layer4.0.downsample.0.weight: 151/512 channels masked
Layer layer4.1.conv1.weight: 87/512 channels masked
Layer layer4.1.conv2.weight: 139/512 channels masked
------------------------- time cost ------------------------- 13.972902059555054
ASR: 0.3529477063911153
attack_auc: 0.8456261791170068
Layer conv1.weight: 16/64 channels masked
Layer layer1.0.conv1.weight: 2/64 channels masked
Layer layer1.0.conv2.weight: 1/64 channels masked
Layer layer1.1.conv1.weight: 1/64 channels masked
Layer layer2.0.downsample.0.weight: 2/128 channels masked
Layer layer3.0.conv2.weight: 1/256 channels masked
Layer layer3.1.conv2.weight: 6/256 channels masked
Layer layer4.0.conv1.weight: 189/512 channels masked
Layer layer4.0.conv2.weight: 165/512 channels masked
Layer layer4.0.downsample.0.weight: 151/512 channels masked
Layer layer4.1.conv1.weight: 88/512 channels masked
Layer layer4.1.conv2.weight: 139/512 channels masked
------------------------- time cost ------------------------- 17.78213405609131
ASR: 0.3611195006313382
attack_auc: 0.8497538245161105
Layer conv1.weight: 16/64 channels masked
Layer layer1.0.conv1.weight: 2/64 channels masked
Layer layer1.0.conv2.weight: 1/64 channels masked
Layer layer1.1.conv1.weight: 1/64 channels masked
Layer layer2.0.downsample.0.weight: 2/128 channels masked
Layer layer3.0.conv2.weight: 1/256 channels masked
Layer layer3.1.conv2.weight: 6/256 channels masked
Layer layer4.0.conv1.weight: 187/512 channels masked
Layer layer4.0.conv2.weight: 166/512 channels masked
Layer layer4.0.downsample.0.weight: 151/512 channels masked
Layer layer4.1.conv1.weight: 91/512 channels masked
Layer layer4.1.conv2.weight: 139/512 channels masked
------------------------- time cost ------------------------- 16.690600633621216
ASR: 0.40975994945040367
attack_auc: 0.8622332674610699
Layer conv1.weight: 16/64 channels masked
Layer layer1.0.conv1.weight: 2/64 channels masked
Layer layer1.0.conv2.weight: 1/64 channels masked
Layer layer1.1.conv1.weight: 1/64 channels masked
Layer layer2.0.downsample.0.weight: 2/128 channels masked
Layer layer3.0.conv2.weight: 1/256 channels masked
Layer layer3.1.conv2.weight: 6/256 channels masked
Layer layer4.0.conv1.weight: 190/512 channels masked
Layer layer4.0.conv2.weight: 167/512 channels masked
Layer layer4.0.downsample.0.weight: 152/512 channels masked
Layer layer4.1.conv1.weight: 91/512 channels masked
Layer layer4.1.conv2.weight: 139/512 channels masked
------------------------- time cost ------------------------- 17.5317120552063
ASR: 0.4246911639346968
attack_auc: 0.8716851855611096
Layer conv1.weight: 16/64 channels masked
Layer layer1.0.conv1.weight: 2/64 channels masked
Layer layer1.0.conv2.weight: 1/64 channels masked
Layer layer1.1.conv1.weight: 1/64 channels masked
Layer layer2.0.downsample.0.weight: 2/128 channels masked
Layer layer3.0.conv2.weight: 1/256 channels masked
Layer layer3.1.conv2.weight: 6/256 channels masked
Layer layer4.0.conv1.weight: 193/512 channels masked
Layer layer4.0.conv2.weight: 167/512 channels masked
Layer layer4.0.downsample.0.weight: 152/512 channels masked
Layer layer4.1.conv1.weight: 96/512 channels masked
Layer layer4.1.conv2.weight: 139/512 channels masked
------------------------- time cost ------------------------- 16.33401894569397
ASR: 0.4336938516672201
attack_auc: 0.8754892615411445
Layer conv1.weight: 16/64 channels masked
Layer layer1.0.conv1.weight: 2/64 channels masked
Layer layer1.0.conv2.weight: 1/64 channels masked
Layer layer1.1.conv1.weight: 1/64 channels masked
Layer layer2.0.downsample.0.weight: 2/128 channels masked
Layer layer3.0.conv2.weight: 1/256 channels masked
Layer layer3.1.conv2.weight: 6/256 channels masked
Layer layer4.0.conv1.weight: 192/512 channels masked
Layer layer4.0.conv2.weight: 167/512 channels masked
Layer layer4.0.downsample.0.weight: 152/512 channels masked
Layer layer4.1.conv1.weight: 85/512 channels masked
Layer layer4.1.conv2.weight: 139/512 channels masked
------------------------- time cost ------------------------- 17.181391716003418
ASR: 0.43174072952284165
attack_auc: 0.8719946265503358
Layer conv1.weight: 16/64 channels masked
Layer layer1.0.conv1.weight: 2/64 channels masked
Layer layer1.0.conv2.weight: 1/64 channels masked
Layer layer1.1.conv1.weight: 1/64 channels masked
Layer layer2.0.downsample.0.weight: 2/128 channels masked
Layer layer3.0.conv2.weight: 1/256 channels masked
Layer layer3.1.conv2.weight: 6/256 channels masked
Layer layer4.0.conv1.weight: 194/512 channels masked
Layer layer4.0.conv2.weight: 167/512 channels masked
Layer layer4.0.downsample.0.weight: 152/512 channels masked
Layer layer4.1.conv1.weight: 85/512 channels masked
Layer layer4.1.conv2.weight: 139/512 channels masked
------------------------- time cost ------------------------- 17.21161723136902

-------------Round number: 840-------------

Evaluate personalized models
Averaged Train Loss: 1.0585
Averaged Test Accurancy: 0.5758
Averaged Test AUC: 0.9110
Std Test Accurancy: 0.1571
Std Test AUC: 0.0534
ASR: 0.4448255876137364
attack_auc: 0.8720167232328248
Layer conv1.weight: 16/64 channels masked
Layer layer1.0.conv1.weight: 2/64 channels masked
Layer layer1.0.conv2.weight: 1/64 channels masked
Layer layer1.1.conv1.weight: 1/64 channels masked
Layer layer2.0.downsample.0.weight: 2/128 channels masked
Layer layer3.0.conv2.weight: 1/256 channels masked
Layer layer3.1.conv2.weight: 6/256 channels masked
Layer layer4.0.conv1.weight: 197/512 channels masked
Layer layer4.0.conv2.weight: 167/512 channels masked
Layer layer4.0.downsample.0.weight: 152/512 channels masked
Layer layer4.1.conv1.weight: 86/512 channels masked
Layer layer4.1.conv2.weight: 139/512 channels masked
------------------------- time cost ------------------------- 27.140860080718994
ASR: 0.4323839343500196
attack_auc: 0.8658623559206985
Layer conv1.weight: 16/64 channels masked
Layer layer1.0.conv1.weight: 2/64 channels masked
Layer layer1.0.conv2.weight: 1/64 channels masked
Layer layer1.1.conv1.weight: 1/64 channels masked
Layer layer2.0.downsample.0.weight: 2/128 channels masked
Layer layer3.0.conv2.weight: 1/256 channels masked
Layer layer3.1.conv2.weight: 6/256 channels masked
Layer layer4.0.conv1.weight: 184/512 channels masked
Layer layer4.0.conv2.weight: 172/512 channels masked
Layer layer4.0.downsample.0.weight: 152/512 channels masked
Layer layer4.1.conv1.weight: 96/512 channels masked
Layer layer4.1.conv2.weight: 140/512 channels masked
------------------------- time cost ------------------------- 13.94744086265564
ASR: 0.4254550222009996
attack_auc: 0.863052912200712
Layer conv1.weight: 16/64 channels masked
Layer layer1.0.conv1.weight: 2/64 channels masked
Layer layer1.0.conv2.weight: 1/64 channels masked
Layer layer1.1.conv1.weight: 1/64 channels masked
Layer layer2.0.downsample.0.weight: 2/128 channels masked
Layer layer3.0.conv2.weight: 1/256 channels masked
Layer layer3.1.conv2.weight: 6/256 channels masked
Layer layer4.0.conv1.weight: 181/512 channels masked
Layer layer4.0.conv2.weight: 170/512 channels masked
Layer layer4.0.downsample.0.weight: 152/512 channels masked
Layer layer4.1.conv1.weight: 96/512 channels masked
Layer layer4.1.conv2.weight: 140/512 channels masked
------------------------- time cost ------------------------- 16.46639847755432
ASR: 0.42525996321441134
attack_auc: 0.8638759274784972
Layer conv1.weight: 16/64 channels masked
Layer layer1.0.conv1.weight: 2/64 channels masked
Layer layer1.0.conv2.weight: 1/64 channels masked
Layer layer1.1.conv1.weight: 1/64 channels masked
Layer layer2.0.downsample.0.weight: 2/128 channels masked
Layer layer3.0.conv2.weight: 1/256 channels masked
Layer layer3.1.conv2.weight: 6/256 channels masked
Layer layer4.0.conv1.weight: 197/512 channels masked
Layer layer4.0.conv2.weight: 170/512 channels masked
Layer layer4.0.downsample.0.weight: 152/512 channels masked
Layer layer4.1.conv1.weight: 94/512 channels masked
Layer layer4.1.conv2.weight: 140/512 channels masked
------------------------- time cost ------------------------- 16.720542430877686
ASR: 0.4115956236283816
attack_auc: 0.8579042552301723
Layer conv1.weight: 16/64 channels masked
Layer layer1.0.conv1.weight: 2/64 channels masked
Layer layer1.0.conv2.weight: 1/64 channels masked
Layer layer1.1.conv1.weight: 1/64 channels masked
Layer layer2.0.downsample.0.weight: 2/128 channels masked
Layer layer3.0.conv2.weight: 1/256 channels masked
Layer layer3.1.conv2.weight: 6/256 channels masked
Layer layer4.0.conv1.weight: 200/512 channels masked
Layer layer4.0.conv2.weight: 170/512 channels masked
Layer layer4.0.downsample.0.weight: 152/512 channels masked
Layer layer4.1.conv1.weight: 95/512 channels masked
Layer layer4.1.conv2.weight: 140/512 channels masked
------------------------- time cost ------------------------- 13.779682874679565
ASR: 0.42322749668961435
attack_auc: 0.861385275296219
Layer conv1.weight: 16/64 channels masked
Layer layer1.0.conv1.weight: 2/64 channels masked
Layer layer1.0.conv2.weight: 1/64 channels masked
Layer layer1.1.conv1.weight: 1/64 channels masked
Layer layer2.0.downsample.0.weight: 2/128 channels masked
Layer layer3.0.conv2.weight: 1/256 channels masked
Layer layer3.1.conv2.weight: 6/256 channels masked
Layer layer4.0.conv1.weight: 194/512 channels masked
Layer layer4.0.conv2.weight: 171/512 channels masked
Layer layer4.0.downsample.0.weight: 152/512 channels masked
Layer layer4.1.conv1.weight: 88/512 channels masked
Layer layer4.1.conv2.weight: 140/512 channels masked
------------------------- time cost ------------------------- 14.18809199333191
ASR: 0.3809123901331711
attack_auc: 0.8455312439083268
Layer conv1.weight: 16/64 channels masked
Layer layer1.0.conv1.weight: 2/64 channels masked
Layer layer1.0.conv2.weight: 1/64 channels masked
Layer layer1.1.conv1.weight: 1/64 channels masked
Layer layer2.0.downsample.0.weight: 2/128 channels masked
Layer layer3.0.conv2.weight: 1/256 channels masked
Layer layer3.1.conv2.weight: 6/256 channels masked
Layer layer4.0.conv1.weight: 201/512 channels masked
Layer layer4.0.conv2.weight: 172/512 channels masked
Layer layer4.0.downsample.0.weight: 153/512 channels masked
Layer layer4.1.conv1.weight: 93/512 channels masked
Layer layer4.1.conv2.weight: 140/512 channels masked
------------------------- time cost ------------------------- 16.13155508041382
ASR: 0.3843968512741897
attack_auc: 0.8443797051160291
Layer conv1.weight: 16/64 channels masked
Layer layer1.0.conv1.weight: 2/64 channels masked
Layer layer1.0.conv2.weight: 1/64 channels masked
Layer layer1.1.conv1.weight: 1/64 channels masked
Layer layer2.0.downsample.0.weight: 2/128 channels masked
Layer layer3.0.conv2.weight: 1/256 channels masked
Layer layer3.1.conv2.weight: 6/256 channels masked
Layer layer4.0.conv1.weight: 200/512 channels masked
Layer layer4.0.conv2.weight: 173/512 channels masked
Layer layer4.0.downsample.0.weight: 152/512 channels masked
Layer layer4.1.conv1.weight: 98/512 channels masked
Layer layer4.1.conv2.weight: 140/512 channels masked
------------------------- time cost ------------------------- 16.76757836341858
ASR: 0.3510616229234912
attack_auc: 0.8347538329833013
Layer conv1.weight: 16/64 channels masked
Layer layer1.0.conv1.weight: 2/64 channels masked
Layer layer1.0.conv2.weight: 1/64 channels masked
Layer layer1.1.conv1.weight: 1/64 channels masked
Layer layer2.0.downsample.0.weight: 2/128 channels masked
Layer layer3.0.conv2.weight: 1/256 channels masked
Layer layer3.1.conv2.weight: 6/256 channels masked
Layer layer4.0.conv1.weight: 201/512 channels masked
Layer layer4.0.conv2.weight: 173/512 channels masked
Layer layer4.0.downsample.0.weight: 152/512 channels masked
Layer layer4.1.conv1.weight: 97/512 channels masked
Layer layer4.1.conv2.weight: 140/512 channels masked
------------------------- time cost ------------------------- 17.22286581993103
ASR: 0.3495435513944105
attack_auc: 0.8306138976998483
Layer conv1.weight: 16/64 channels masked
Layer layer1.0.conv1.weight: 2/64 channels masked
Layer layer1.0.conv2.weight: 1/64 channels masked
Layer layer1.1.conv1.weight: 1/64 channels masked
Layer layer2.0.downsample.0.weight: 2/128 channels masked
Layer layer3.0.conv2.weight: 1/256 channels masked
Layer layer3.1.conv2.weight: 6/256 channels masked
Layer layer4.0.conv1.weight: 210/512 channels masked
Layer layer4.0.conv2.weight: 174/512 channels masked
Layer layer4.0.downsample.0.weight: 152/512 channels masked
Layer layer4.1.conv1.weight: 101/512 channels masked
Layer layer4.1.conv2.weight: 140/512 channels masked
------------------------- time cost ------------------------- 18.102970361709595

-------------Round number: 850-------------

Evaluate personalized models
Averaged Train Loss: 0.9893
Averaged Test Accurancy: 0.5820
Averaged Test AUC: 0.9184
Std Test Accurancy: 0.1460
Std Test AUC: 0.0381
ASR: 0.3532469334046957
attack_auc: 0.8442647866864141
Layer conv1.weight: 16/64 channels masked
Layer layer1.0.conv1.weight: 2/64 channels masked
Layer layer1.0.conv2.weight: 1/64 channels masked
Layer layer1.1.conv1.weight: 1/64 channels masked
Layer layer2.0.downsample.0.weight: 2/128 channels masked
Layer layer3.0.conv2.weight: 1/256 channels masked
Layer layer3.1.conv2.weight: 6/256 channels masked
Layer layer4.0.conv1.weight: 214/512 channels masked
Layer layer4.0.conv2.weight: 175/512 channels masked
Layer layer4.0.downsample.0.weight: 153/512 channels masked
Layer layer4.1.conv1.weight: 104/512 channels masked
Layer layer4.1.conv2.weight: 140/512 channels masked
------------------------- time cost ------------------------- 26.145843029022217
ASR: 0.33904856206002554
attack_auc: 0.8429211331121501
Layer conv1.weight: 16/64 channels masked
Layer layer1.0.conv1.weight: 2/64 channels masked
Layer layer1.0.conv2.weight: 1/64 channels masked
Layer layer1.1.conv1.weight: 1/64 channels masked
Layer layer2.0.downsample.0.weight: 2/128 channels masked
Layer layer3.0.conv2.weight: 1/256 channels masked
Layer layer3.1.conv2.weight: 6/256 channels masked
Layer layer4.0.conv1.weight: 209/512 channels masked
Layer layer4.0.conv2.weight: 177/512 channels masked
Layer layer4.0.downsample.0.weight: 152/512 channels masked
Layer layer4.1.conv1.weight: 106/512 channels masked
Layer layer4.1.conv2.weight: 140/512 channels masked
------------------------- time cost ------------------------- 17.11016535758972
ASR: 0.35482753013762663
attack_auc: 0.8472765070551219
Layer conv1.weight: 16/64 channels masked
Layer layer1.0.conv1.weight: 2/64 channels masked
Layer layer1.0.conv2.weight: 1/64 channels masked
Layer layer1.1.conv1.weight: 1/64 channels masked
Layer layer2.0.downsample.0.weight: 2/128 channels masked
Layer layer3.0.conv2.weight: 1/256 channels masked
Layer layer3.1.conv2.weight: 6/256 channels masked
Layer layer4.0.conv1.weight: 211/512 channels masked
Layer layer4.0.conv2.weight: 177/512 channels masked
Layer layer4.0.downsample.0.weight: 153/512 channels masked
Layer layer4.1.conv1.weight: 105/512 channels masked
Layer layer4.1.conv2.weight: 140/512 channels masked
------------------------- time cost ------------------------- 18.497095108032227
ASR: 0.36936955088416884
attack_auc: 0.8565034910345379
Layer conv1.weight: 16/64 channels masked
Layer layer1.0.conv1.weight: 2/64 channels masked
Layer layer1.0.conv2.weight: 1/64 channels masked
Layer layer1.1.conv1.weight: 1/64 channels masked
Layer layer2.0.downsample.0.weight: 2/128 channels masked
Layer layer3.0.conv2.weight: 1/256 channels masked
Layer layer3.1.conv2.weight: 6/256 channels masked
Layer layer4.0.conv1.weight: 210/512 channels masked
Layer layer4.0.conv2.weight: 178/512 channels masked
Layer layer4.0.downsample.0.weight: 153/512 channels masked
Layer layer4.1.conv1.weight: 108/512 channels masked
Layer layer4.1.conv2.weight: 140/512 channels masked
------------------------- time cost ------------------------- 14.420207262039185
ASR: 0.35213326506827847
attack_auc: 0.847527755801717
Layer conv1.weight: 16/64 channels masked
Layer layer1.0.conv1.weight: 2/64 channels masked
Layer layer1.0.conv2.weight: 1/64 channels masked
Layer layer1.1.conv1.weight: 1/64 channels masked
Layer layer2.0.downsample.0.weight: 2/128 channels masked
Layer layer3.0.conv2.weight: 1/256 channels masked
Layer layer3.1.conv2.weight: 7/256 channels masked
Layer layer4.0.conv1.weight: 208/512 channels masked
Layer layer4.0.conv2.weight: 178/512 channels masked
Layer layer4.0.downsample.0.weight: 155/512 channels masked
Layer layer4.1.conv1.weight: 110/512 channels masked
Layer layer4.1.conv2.weight: 140/512 channels masked
------------------------- time cost ------------------------- 18.43147110939026
ASR: 0.3527532352068322
attack_auc: 0.84770307447592
Layer conv1.weight: 16/64 channels masked
Layer layer1.0.conv1.weight: 2/64 channels masked
Layer layer1.0.conv2.weight: 1/64 channels masked
Layer layer1.1.conv1.weight: 1/64 channels masked
Layer layer2.0.downsample.0.weight: 2/128 channels masked
Layer layer3.0.conv2.weight: 1/256 channels masked
Layer layer3.1.conv2.weight: 7/256 channels masked
Layer layer4.0.conv1.weight: 197/512 channels masked
Layer layer4.0.conv2.weight: 179/512 channels masked
Layer layer4.0.downsample.0.weight: 155/512 channels masked
Layer layer4.1.conv1.weight: 118/512 channels masked
Layer layer4.1.conv2.weight: 140/512 channels masked
------------------------- time cost ------------------------- 14.204527378082275
ASR: 0.407456400107018
attack_auc: 0.8644525534591501
Layer conv1.weight: 16/64 channels masked
Layer layer1.0.conv1.weight: 2/64 channels masked
Layer layer1.0.conv2.weight: 1/64 channels masked
Layer layer1.1.conv1.weight: 1/64 channels masked
Layer layer2.0.downsample.0.weight: 2/128 channels masked
Layer layer3.0.conv2.weight: 1/256 channels masked
Layer layer3.1.conv2.weight: 8/256 channels masked
Layer layer4.0.conv1.weight: 195/512 channels masked
Layer layer4.0.conv2.weight: 180/512 channels masked
Layer layer4.0.downsample.0.weight: 155/512 channels masked
Layer layer4.1.conv1.weight: 115/512 channels masked
Layer layer4.1.conv2.weight: 140/512 channels masked
------------------------- time cost ------------------------- 15.192737817764282
ASR: 0.3558104318579934
attack_auc: 0.8446693926153732
Layer conv1.weight: 16/64 channels masked
Layer layer1.0.conv1.weight: 2/64 channels masked
Layer layer1.0.conv2.weight: 1/64 channels masked
Layer layer1.1.conv1.weight: 1/64 channels masked
Layer layer2.0.downsample.0.weight: 2/128 channels masked
Layer layer3.0.conv2.weight: 1/256 channels masked
Layer layer3.1.conv2.weight: 8/256 channels masked
Layer layer4.0.conv1.weight: 196/512 channels masked
Layer layer4.0.conv2.weight: 181/512 channels masked
Layer layer4.0.downsample.0.weight: 155/512 channels masked
Layer layer4.1.conv1.weight: 119/512 channels masked
Layer layer4.1.conv2.weight: 140/512 channels masked
------------------------- time cost ------------------------- 14.355506420135498
ASR: 0.3617444373791149
attack_auc: 0.8468163864154885
Layer conv1.weight: 16/64 channels masked
Layer layer1.0.conv1.weight: 2/64 channels masked
Layer layer1.0.conv2.weight: 1/64 channels masked
Layer layer1.1.conv1.weight: 1/64 channels masked
Layer layer2.0.downsample.0.weight: 2/128 channels masked
Layer layer3.0.conv2.weight: 1/256 channels masked
Layer layer3.1.conv2.weight: 9/256 channels masked
Layer layer4.0.conv1.weight: 208/512 channels masked
Layer layer4.0.conv2.weight: 183/512 channels masked
Layer layer4.0.downsample.0.weight: 159/512 channels masked
Layer layer4.1.conv1.weight: 127/512 channels masked
Layer layer4.1.conv2.weight: 141/512 channels masked
------------------------- time cost ------------------------- 15.70369005203247
ASR: 0.3585548413500033
attack_auc: 0.8420429472203668
Layer conv1.weight: 16/64 channels masked
Layer layer1.0.conv1.weight: 2/64 channels masked
Layer layer1.0.conv2.weight: 1/64 channels masked
Layer layer1.1.conv1.weight: 1/64 channels masked
Layer layer2.0.downsample.0.weight: 2/128 channels masked
Layer layer3.0.conv2.weight: 1/256 channels masked
Layer layer3.1.conv2.weight: 9/256 channels masked
Layer layer4.0.conv1.weight: 197/512 channels masked
Layer layer4.0.conv2.weight: 183/512 channels masked
Layer layer4.0.downsample.0.weight: 159/512 channels masked
Layer layer4.1.conv1.weight: 126/512 channels masked
Layer layer4.1.conv2.weight: 141/512 channels masked
------------------------- time cost ------------------------- 15.619161367416382

-------------Round number: 860-------------

Evaluate personalized models
Averaged Train Loss: 0.7701
Averaged Test Accurancy: 0.6169
Averaged Test AUC: 0.9281
Std Test Accurancy: 0.1485
Std Test AUC: 0.0370
ASR: 0.3726196252929612
attack_auc: 0.8501988393065657
Layer conv1.weight: 16/64 channels masked
Layer layer1.0.conv1.weight: 2/64 channels masked
Layer layer1.0.conv2.weight: 1/64 channels masked
Layer layer1.1.conv1.weight: 1/64 channels masked
Layer layer2.0.downsample.0.weight: 2/128 channels masked
Layer layer3.0.conv2.weight: 1/256 channels masked
Layer layer3.1.conv2.weight: 9/256 channels masked
Layer layer4.0.conv1.weight: 196/512 channels masked
Layer layer4.0.conv2.weight: 183/512 channels masked
Layer layer4.0.downsample.0.weight: 159/512 channels masked
Layer layer4.1.conv1.weight: 126/512 channels masked
Layer layer4.1.conv2.weight: 142/512 channels masked
------------------------- time cost ------------------------- 24.582605838775635
ASR: 0.3695552199907993
attack_auc: 0.8515395864399469
Layer conv1.weight: 16/64 channels masked
Layer layer1.0.conv1.weight: 2/64 channels masked
Layer layer1.0.conv2.weight: 1/64 channels masked
Layer layer1.1.conv1.weight: 1/64 channels masked
Layer layer2.0.downsample.0.weight: 2/128 channels masked
Layer layer3.0.conv2.weight: 1/256 channels masked
Layer layer3.1.conv2.weight: 9/256 channels masked
Layer layer4.0.conv1.weight: 201/512 channels masked
Layer layer4.0.conv2.weight: 183/512 channels masked
Layer layer4.0.downsample.0.weight: 159/512 channels masked
Layer layer4.1.conv1.weight: 126/512 channels masked
Layer layer4.1.conv2.weight: 142/512 channels masked
------------------------- time cost ------------------------- 17.214905977249146
ASR: 0.3515421878308586
attack_auc: 0.8385314848421981
Layer conv1.weight: 16/64 channels masked
Layer layer1.0.conv1.weight: 2/64 channels masked
Layer layer1.0.conv2.weight: 1/64 channels masked
Layer layer1.1.conv1.weight: 1/64 channels masked
Layer layer2.0.downsample.0.weight: 2/128 channels masked
Layer layer3.0.conv2.weight: 1/256 channels masked
Layer layer3.1.conv2.weight: 9/256 channels masked
Layer layer4.0.conv1.weight: 184/512 channels masked
Layer layer4.0.conv2.weight: 184/512 channels masked
Layer layer4.0.downsample.0.weight: 159/512 channels masked
Layer layer4.1.conv1.weight: 118/512 channels masked
Layer layer4.1.conv2.weight: 142/512 channels masked
------------------------- time cost ------------------------- 16.33693027496338
ASR: 0.3825001302178944
attack_auc: 0.8516406401036991
Layer conv1.weight: 16/64 channels masked
Layer layer1.0.conv1.weight: 2/64 channels masked
Layer layer1.0.conv2.weight: 1/64 channels masked
Layer layer1.1.conv1.weight: 1/64 channels masked
Layer layer2.0.downsample.0.weight: 2/128 channels masked
Layer layer3.0.conv2.weight: 1/256 channels masked
Layer layer3.1.conv2.weight: 9/256 channels masked
Layer layer4.0.conv1.weight: 193/512 channels masked
Layer layer4.0.conv2.weight: 186/512 channels masked
Layer layer4.0.downsample.0.weight: 158/512 channels masked
Layer layer4.1.conv1.weight: 120/512 channels masked
Layer layer4.1.conv2.weight: 142/512 channels masked
------------------------- time cost ------------------------- 19.38340473175049
ASR: 0.37432183725190316
attack_auc: 0.8513778881716297
Layer conv1.weight: 16/64 channels masked
Layer layer1.0.conv1.weight: 2/64 channels masked
Layer layer1.0.conv2.weight: 1/64 channels masked
Layer layer1.1.conv1.weight: 1/64 channels masked
Layer layer2.0.downsample.0.weight: 2/128 channels masked
Layer layer3.0.conv2.weight: 1/256 channels masked
Layer layer3.1.conv2.weight: 9/256 channels masked
Layer layer4.0.conv1.weight: 193/512 channels masked
Layer layer4.0.conv2.weight: 189/512 channels masked
Layer layer4.0.downsample.0.weight: 158/512 channels masked
Layer layer4.1.conv1.weight: 125/512 channels masked
Layer layer4.1.conv2.weight: 142/512 channels masked
------------------------- time cost ------------------------- 16.577810287475586
ASR: 0.3671533226549973
attack_auc: 0.8479712166930543
Layer conv1.weight: 16/64 channels masked
Layer layer1.0.conv1.weight: 2/64 channels masked
Layer layer1.0.conv2.weight: 1/64 channels masked
Layer layer1.1.conv1.weight: 1/64 channels masked
Layer layer2.0.downsample.0.weight: 2/128 channels masked
Layer layer3.0.conv2.weight: 1/256 channels masked
Layer layer3.1.conv2.weight: 10/256 channels masked
Layer layer4.0.conv1.weight: 195/512 channels masked
Layer layer4.0.conv2.weight: 190/512 channels masked
Layer layer4.0.downsample.0.weight: 158/512 channels masked
Layer layer4.1.conv1.weight: 129/512 channels masked
Layer layer4.1.conv2.weight: 142/512 channels masked
------------------------- time cost ------------------------- 12.669911623001099
ASR: 0.376484807646844
attack_auc: 0.847171226431078
Layer conv1.weight: 17/64 channels masked
Layer layer1.0.conv1.weight: 2/64 channels masked
Layer layer1.0.conv2.weight: 1/64 channels masked
Layer layer1.1.conv1.weight: 1/64 channels masked
Layer layer2.0.downsample.0.weight: 2/128 channels masked
Layer layer3.0.conv2.weight: 1/256 channels masked
Layer layer3.1.conv2.weight: 10/256 channels masked
Layer layer4.0.conv1.weight: 195/512 channels masked
Layer layer4.0.conv2.weight: 190/512 channels masked
Layer layer4.0.downsample.0.weight: 157/512 channels masked
Layer layer4.1.conv1.weight: 131/512 channels masked
Layer layer4.1.conv2.weight: 142/512 channels masked
------------------------- time cost ------------------------- 15.000827550888062
ASR: 0.37151887791581373
attack_auc: 0.8481960262332183
Layer conv1.weight: 17/64 channels masked
Layer layer1.0.conv1.weight: 2/64 channels masked
Layer layer1.0.conv2.weight: 1/64 channels masked
Layer layer1.1.conv1.weight: 1/64 channels masked
Layer layer2.0.downsample.0.weight: 2/128 channels masked
Layer layer3.0.conv2.weight: 1/256 channels masked
Layer layer3.1.conv2.weight: 10/256 channels masked
Layer layer4.0.conv1.weight: 195/512 channels masked
Layer layer4.0.conv2.weight: 190/512 channels masked
Layer layer4.0.downsample.0.weight: 157/512 channels masked
Layer layer4.1.conv1.weight: 131/512 channels masked
Layer layer4.1.conv2.weight: 142/512 channels masked
------------------------- time cost ------------------------- 16.0071759223938
ASR: 0.3678305146317574
attack_auc: 0.8438437140871639
Layer conv1.weight: 17/64 channels masked
Layer layer1.0.conv1.weight: 2/64 channels masked
Layer layer1.0.conv2.weight: 1/64 channels masked
Layer layer1.1.conv1.weight: 1/64 channels masked
Layer layer2.0.downsample.0.weight: 2/128 channels masked
Layer layer3.0.conv2.weight: 1/256 channels masked
Layer layer3.1.conv2.weight: 10/256 channels masked
Layer layer4.0.conv1.weight: 204/512 channels masked
Layer layer4.0.conv2.weight: 190/512 channels masked
Layer layer4.0.downsample.0.weight: 156/512 channels masked
Layer layer4.1.conv1.weight: 136/512 channels masked
Layer layer4.1.conv2.weight: 142/512 channels masked
------------------------- time cost ------------------------- 15.402455568313599
ASR: 0.39063611903555523
attack_auc: 0.8542051518816667
Layer conv1.weight: 17/64 channels masked
Layer layer1.0.conv1.weight: 2/64 channels masked
Layer layer1.0.conv2.weight: 1/64 channels masked
Layer layer1.1.conv1.weight: 1/64 channels masked
Layer layer2.0.downsample.0.weight: 2/128 channels masked
Layer layer3.0.conv2.weight: 1/256 channels masked
Layer layer3.1.conv2.weight: 10/256 channels masked
Layer layer4.0.conv1.weight: 206/512 channels masked
Layer layer4.0.conv2.weight: 190/512 channels masked
Layer layer4.0.downsample.0.weight: 156/512 channels masked
Layer layer4.1.conv1.weight: 137/512 channels masked
Layer layer4.1.conv2.weight: 142/512 channels masked
------------------------- time cost ------------------------- 15.724872350692749

-------------Round number: 870-------------

Evaluate personalized models
Averaged Train Loss: 0.5889
Averaged Test Accurancy: 0.6347
Averaged Test AUC: 0.9333
Std Test Accurancy: 0.1397
Std Test AUC: 0.0344
ASR: 0.4066009137720266
attack_auc: 0.8590110301862707
Layer conv1.weight: 17/64 channels masked
Layer layer1.0.conv1.weight: 2/64 channels masked
Layer layer1.0.conv2.weight: 1/64 channels masked
Layer layer1.1.conv1.weight: 1/64 channels masked
Layer layer2.0.downsample.0.weight: 2/128 channels masked
Layer layer3.0.conv2.weight: 1/256 channels masked
Layer layer3.1.conv2.weight: 10/256 channels masked
Layer layer4.0.conv1.weight: 204/512 channels masked
Layer layer4.0.conv2.weight: 191/512 channels masked
Layer layer4.0.downsample.0.weight: 156/512 channels masked
Layer layer4.1.conv1.weight: 138/512 channels masked
Layer layer4.1.conv2.weight: 142/512 channels masked
------------------------- time cost ------------------------- 25.329238653182983
ASR: 0.3670874759085806
attack_auc: 0.8464447125017882
Layer conv1.weight: 17/64 channels masked
Layer layer1.0.conv1.weight: 2/64 channels masked
Layer layer1.0.conv2.weight: 1/64 channels masked
Layer layer1.1.conv1.weight: 1/64 channels masked
Layer layer2.0.downsample.0.weight: 2/128 channels masked
Layer layer3.0.conv2.weight: 1/256 channels masked
Layer layer3.1.conv2.weight: 10/256 channels masked
Layer layer4.0.conv1.weight: 202/512 channels masked
Layer layer4.0.conv2.weight: 193/512 channels masked
Layer layer4.0.downsample.0.weight: 156/512 channels masked
Layer layer4.1.conv1.weight: 139/512 channels masked
Layer layer4.1.conv2.weight: 142/512 channels masked
------------------------- time cost ------------------------- 15.936107635498047
ASR: 0.3723891419701727
attack_auc: 0.8421910618394503
Layer conv1.weight: 17/64 channels masked
Layer layer1.0.conv1.weight: 2/64 channels masked
Layer layer1.0.conv2.weight: 1/64 channels masked
Layer layer1.1.conv1.weight: 1/64 channels masked
Layer layer2.0.downsample.0.weight: 2/128 channels masked
Layer layer3.0.conv2.weight: 1/256 channels masked
Layer layer3.1.conv2.weight: 11/256 channels masked
Layer layer4.0.conv1.weight: 205/512 channels masked
Layer layer4.0.conv2.weight: 193/512 channels masked
Layer layer4.0.downsample.0.weight: 156/512 channels masked
Layer layer4.1.conv1.weight: 139/512 channels masked
Layer layer4.1.conv2.weight: 142/512 channels masked
------------------------- time cost ------------------------- 18.558313131332397
ASR: 0.36973316051686733
attack_auc: 0.8446845110114671
Layer conv1.weight: 17/64 channels masked
Layer layer1.0.conv1.weight: 2/64 channels masked
Layer layer1.0.conv2.weight: 1/64 channels masked
Layer layer1.1.conv1.weight: 1/64 channels masked
Layer layer2.0.downsample.0.weight: 2/128 channels masked
Layer layer3.0.conv2.weight: 1/256 channels masked
Layer layer3.1.conv2.weight: 11/256 channels masked
Layer layer4.0.conv1.weight: 202/512 channels masked
Layer layer4.0.conv2.weight: 193/512 channels masked
Layer layer4.0.downsample.0.weight: 156/512 channels masked
Layer layer4.1.conv1.weight: 140/512 channels masked
Layer layer4.1.conv2.weight: 142/512 channels masked
------------------------- time cost ------------------------- 18.339529037475586
ASR: 0.3786828457535126
attack_auc: 0.8511193121116143
Layer conv1.weight: 17/64 channels masked
Layer layer1.0.conv1.weight: 2/64 channels masked
Layer layer1.0.conv2.weight: 1/64 channels masked
Layer layer1.1.conv1.weight: 1/64 channels masked
Layer layer2.0.downsample.0.weight: 2/128 channels masked
Layer layer3.0.conv2.weight: 1/256 channels masked
Layer layer3.1.conv2.weight: 11/256 channels masked
Layer layer4.0.conv1.weight: 211/512 channels masked
Layer layer4.0.conv2.weight: 193/512 channels masked
Layer layer4.0.downsample.0.weight: 156/512 channels masked
Layer layer4.1.conv1.weight: 142/512 channels masked
Layer layer4.1.conv2.weight: 142/512 channels masked
------------------------- time cost ------------------------- 16.072521686553955
ASR: 0.3686278313497121
attack_auc: 0.8406087044724954
Layer conv1.weight: 17/64 channels masked
Layer layer1.0.conv1.weight: 2/64 channels masked
Layer layer1.0.conv2.weight: 1/64 channels masked
Layer layer1.1.conv1.weight: 1/64 channels masked
Layer layer2.0.downsample.0.weight: 2/128 channels masked
Layer layer3.0.conv2.weight: 1/256 channels masked
Layer layer3.1.conv2.weight: 11/256 channels masked
Layer layer4.0.conv1.weight: 210/512 channels masked
Layer layer4.0.conv2.weight: 194/512 channels masked
Layer layer4.0.downsample.0.weight: 157/512 channels masked
Layer layer4.1.conv1.weight: 144/512 channels masked
Layer layer4.1.conv2.weight: 142/512 channels masked
------------------------- time cost ------------------------- 15.153643131256104
ASR: 0.3755511905912206
attack_auc: 0.8431702880306018
Layer conv1.weight: 18/64 channels masked
Layer layer1.0.conv1.weight: 2/64 channels masked
Layer layer1.0.conv2.weight: 1/64 channels masked
Layer layer1.1.conv1.weight: 1/64 channels masked
Layer layer2.0.downsample.0.weight: 2/128 channels masked
Layer layer3.0.conv2.weight: 1/256 channels masked
Layer layer3.1.conv2.weight: 11/256 channels masked
Layer layer4.0.conv1.weight: 192/512 channels masked
Layer layer4.0.conv2.weight: 194/512 channels masked
Layer layer4.0.downsample.0.weight: 158/512 channels masked
Layer layer4.1.conv1.weight: 140/512 channels masked
Layer layer4.1.conv2.weight: 142/512 channels masked
------------------------- time cost ------------------------- 16.224725008010864
ASR: 0.4136704625165493
attack_auc: 0.863335981258382
Layer conv1.weight: 17/64 channels masked
Layer layer1.0.conv1.weight: 2/64 channels masked
Layer layer1.0.conv2.weight: 1/64 channels masked
Layer layer1.1.conv1.weight: 1/64 channels masked
Layer layer2.0.downsample.0.weight: 2/128 channels masked
Layer layer3.0.conv2.weight: 1/256 channels masked
Layer layer3.1.conv2.weight: 12/256 channels masked
Layer layer4.0.conv1.weight: 196/512 channels masked
Layer layer4.0.conv2.weight: 194/512 channels masked
Layer layer4.0.downsample.0.weight: 158/512 channels masked
Layer layer4.1.conv1.weight: 134/512 channels masked
Layer layer4.1.conv2.weight: 142/512 channels masked
------------------------- time cost ------------------------- 14.947200536727905
ASR: 0.4059962912585878
attack_auc: 0.8591655641302471
Layer conv1.weight: 17/64 channels masked
Layer layer1.0.conv1.weight: 2/64 channels masked
Layer layer1.0.conv2.weight: 1/64 channels masked
Layer layer1.1.conv1.weight: 1/64 channels masked
Layer layer2.0.downsample.0.weight: 2/128 channels masked
Layer layer3.0.conv2.weight: 1/256 channels masked
Layer layer3.1.conv2.weight: 12/256 channels masked
Layer layer4.0.conv1.weight: 200/512 channels masked
Layer layer4.0.conv2.weight: 194/512 channels masked
Layer layer4.0.downsample.0.weight: 158/512 channels masked
Layer layer4.1.conv1.weight: 139/512 channels masked
Layer layer4.1.conv2.weight: 142/512 channels masked
------------------------- time cost ------------------------- 16.825130701065063
ASR: 0.39142378452553034
attack_auc: 0.8505178382161048
Layer conv1.weight: 17/64 channels masked
Layer layer1.0.conv1.weight: 2/64 channels masked
Layer layer1.0.conv2.weight: 1/64 channels masked
Layer layer1.1.conv1.weight: 1/64 channels masked
Layer layer2.0.downsample.0.weight: 2/128 channels masked
Layer layer3.0.conv2.weight: 1/256 channels masked
Layer layer3.1.conv2.weight: 12/256 channels masked
Layer layer4.0.conv1.weight: 189/512 channels masked
Layer layer4.0.conv2.weight: 194/512 channels masked
Layer layer4.0.downsample.0.weight: 159/512 channels masked
Layer layer4.1.conv1.weight: 136/512 channels masked
Layer layer4.1.conv2.weight: 142/512 channels masked
------------------------- time cost ------------------------- 17.02245283126831

-------------Round number: 880-------------

Evaluate personalized models
Averaged Train Loss: 0.5624
Averaged Test Accurancy: 0.6384
Averaged Test AUC: 0.9332
Std Test Accurancy: 0.1309
Std Test AUC: 0.0332
ASR: 0.3567383281069154
attack_auc: 0.8322537699770346
Layer conv1.weight: 17/64 channels masked
Layer layer1.0.conv1.weight: 2/64 channels masked
Layer layer1.0.conv2.weight: 1/64 channels masked
Layer layer1.1.conv1.weight: 1/64 channels masked
Layer layer2.0.downsample.0.weight: 2/128 channels masked
Layer layer3.0.conv2.weight: 1/256 channels masked
Layer layer3.1.conv2.weight: 12/256 channels masked
Layer layer4.0.conv1.weight: 199/512 channels masked
Layer layer4.0.conv2.weight: 194/512 channels masked
Layer layer4.0.downsample.0.weight: 158/512 channels masked
Layer layer4.1.conv1.weight: 132/512 channels masked
Layer layer4.1.conv2.weight: 142/512 channels masked
------------------------- time cost ------------------------- 23.237324953079224
ASR: 0.35708290414761834
attack_auc: 0.8376493323451244
Layer conv1.weight: 17/64 channels masked
Layer layer1.0.conv1.weight: 2/64 channels masked
Layer layer1.0.conv2.weight: 1/64 channels masked
Layer layer1.1.conv1.weight: 1/64 channels masked
Layer layer2.0.downsample.0.weight: 2/128 channels masked
Layer layer3.0.conv2.weight: 1/256 channels masked
Layer layer3.1.conv2.weight: 12/256 channels masked
Layer layer4.0.conv1.weight: 196/512 channels masked
Layer layer4.0.conv2.weight: 194/512 channels masked
Layer layer4.0.downsample.0.weight: 158/512 channels masked
Layer layer4.1.conv1.weight: 131/512 channels masked
Layer layer4.1.conv2.weight: 142/512 channels masked
------------------------- time cost ------------------------- 15.086172103881836
ASR: 0.38023584441401886
attack_auc: 0.847787199543448
Layer conv1.weight: 17/64 channels masked
Layer layer1.0.conv1.weight: 2/64 channels masked
Layer layer1.0.conv2.weight: 1/64 channels masked
Layer layer1.1.conv1.weight: 1/64 channels masked
Layer layer2.0.downsample.0.weight: 2/128 channels masked
Layer layer3.0.conv2.weight: 1/256 channels masked
Layer layer3.1.conv2.weight: 12/256 channels masked
Layer layer4.0.conv1.weight: 195/512 channels masked
Layer layer4.0.conv2.weight: 197/512 channels masked
Layer layer4.0.downsample.0.weight: 159/512 channels masked
Layer layer4.1.conv1.weight: 136/512 channels masked
Layer layer4.1.conv2.weight: 142/512 channels masked
------------------------- time cost ------------------------- 16.937786102294922
ASR: 0.38666320224780504
attack_auc: 0.8517694429463564
Layer conv1.weight: 17/64 channels masked
Layer layer1.0.conv1.weight: 2/64 channels masked
Layer layer1.0.conv2.weight: 1/64 channels masked
Layer layer1.1.conv1.weight: 1/64 channels masked
Layer layer2.0.downsample.0.weight: 2/128 channels masked
Layer layer3.0.conv2.weight: 1/256 channels masked
Layer layer3.1.conv2.weight: 13/256 channels masked
Layer layer4.0.conv1.weight: 202/512 channels masked
Layer layer4.0.conv2.weight: 197/512 channels masked
Layer layer4.0.downsample.0.weight: 158/512 channels masked
Layer layer4.1.conv1.weight: 135/512 channels masked
Layer layer4.1.conv2.weight: 142/512 channels masked
------------------------- time cost ------------------------- 16.579541206359863
ASR: 0.3763233509164242
attack_auc: 0.849802726308612
Layer conv1.weight: 18/64 channels masked
Layer layer1.0.conv1.weight: 2/64 channels masked
Layer layer1.0.conv2.weight: 1/64 channels masked
Layer layer1.1.conv1.weight: 1/64 channels masked
Layer layer2.0.downsample.0.weight: 2/128 channels masked
Layer layer3.0.conv2.weight: 1/256 channels masked
Layer layer3.1.conv2.weight: 13/256 channels masked
Layer layer4.0.conv1.weight: 208/512 channels masked
Layer layer4.0.conv2.weight: 199/512 channels masked
Layer layer4.0.downsample.0.weight: 158/512 channels masked
Layer layer4.1.conv1.weight: 135/512 channels masked
Layer layer4.1.conv2.weight: 142/512 channels masked
------------------------- time cost ------------------------- 14.757323503494263
ASR: 0.3667029693851409
attack_auc: 0.842402447760852
Layer conv1.weight: 18/64 channels masked
Layer layer1.0.conv1.weight: 2/64 channels masked
Layer layer1.0.conv2.weight: 1/64 channels masked
Layer layer1.1.conv1.weight: 1/64 channels masked
Layer layer2.0.downsample.0.weight: 2/128 channels masked
Layer layer3.0.conv2.weight: 1/256 channels masked
Layer layer3.1.conv2.weight: 13/256 channels masked
Layer layer4.0.conv1.weight: 212/512 channels masked
Layer layer4.0.conv2.weight: 199/512 channels masked
Layer layer4.0.downsample.0.weight: 158/512 channels masked
Layer layer4.1.conv1.weight: 136/512 channels masked
Layer layer4.1.conv2.weight: 142/512 channels masked
------------------------- time cost ------------------------- 15.021520853042603
ASR: 0.35457301821817
attack_auc: 0.8401890223871249
Layer conv1.weight: 18/64 channels masked
Layer layer1.0.conv1.weight: 2/64 channels masked
Layer layer1.0.conv2.weight: 1/64 channels masked
Layer layer1.1.conv1.weight: 1/64 channels masked
Layer layer2.0.downsample.0.weight: 2/128 channels masked
Layer layer3.0.conv2.weight: 1/256 channels masked
Layer layer3.1.conv2.weight: 13/256 channels masked
Layer layer4.0.conv1.weight: 195/512 channels masked
Layer layer4.0.conv2.weight: 200/512 channels masked
Layer layer4.0.downsample.0.weight: 156/512 channels masked
Layer layer4.1.conv1.weight: 123/512 channels masked
Layer layer4.1.conv2.weight: 142/512 channels masked
------------------------- time cost ------------------------- 16.169896602630615
ASR: 0.3686987729677139
attack_auc: 0.840338945794527
Layer conv1.weight: 18/64 channels masked
Layer layer1.0.conv1.weight: 2/64 channels masked
Layer layer1.0.conv2.weight: 1/64 channels masked
Layer layer1.1.conv1.weight: 1/64 channels masked
Layer layer2.0.downsample.0.weight: 2/128 channels masked
Layer layer3.0.conv2.weight: 1/256 channels masked
Layer layer3.1.conv2.weight: 13/256 channels masked
Layer layer4.0.conv1.weight: 183/512 channels masked
Layer layer4.0.conv2.weight: 200/512 channels masked
Layer layer4.0.downsample.0.weight: 156/512 channels masked
Layer layer4.1.conv1.weight: 124/512 channels masked
Layer layer4.1.conv2.weight: 142/512 channels masked
------------------------- time cost ------------------------- 15.822573184967041
ASR: 0.35898639259443044
attack_auc: 0.8341704077317246
Layer conv1.weight: 18/64 channels masked
Layer layer1.0.conv1.weight: 2/64 channels masked
Layer layer1.0.conv2.weight: 1/64 channels masked
Layer layer1.1.conv1.weight: 1/64 channels masked
Layer layer2.0.downsample.0.weight: 2/128 channels masked
Layer layer3.0.conv2.weight: 1/256 channels masked
Layer layer3.1.conv2.weight: 13/256 channels masked
Layer layer4.0.conv1.weight: 199/512 channels masked
Layer layer4.0.conv2.weight: 201/512 channels masked
Layer layer4.0.downsample.0.weight: 156/512 channels masked
Layer layer4.1.conv1.weight: 126/512 channels masked
Layer layer4.1.conv2.weight: 142/512 channels masked
------------------------- time cost ------------------------- 17.459452390670776
ASR: 0.410734244132556
attack_auc: 0.8563523851328316
Layer conv1.weight: 15/64 channels masked
Layer layer1.0.conv1.weight: 2/64 channels masked
Layer layer1.0.conv2.weight: 1/64 channels masked
Layer layer1.1.conv1.weight: 1/64 channels masked
Layer layer2.0.downsample.0.weight: 2/128 channels masked
Layer layer3.0.conv2.weight: 1/256 channels masked
Layer layer3.1.conv2.weight: 14/256 channels masked
Layer layer4.0.conv1.weight: 197/512 channels masked
Layer layer4.0.conv2.weight: 201/512 channels masked
Layer layer4.0.downsample.0.weight: 156/512 channels masked
Layer layer4.1.conv1.weight: 127/512 channels masked
Layer layer4.1.conv2.weight: 142/512 channels masked
------------------------- time cost ------------------------- 18.561255931854248

-------------Round number: 890-------------

Evaluate personalized models
Averaged Train Loss: 0.4664
Averaged Test Accurancy: 0.6476
Averaged Test AUC: 0.9352
Std Test Accurancy: 0.1259
Std Test AUC: 0.0349
ASR: 0.4285249732163462
attack_auc: 0.8597673575084576
Layer conv1.weight: 17/64 channels masked
Layer layer1.0.conv1.weight: 2/64 channels masked
Layer layer1.0.conv2.weight: 1/64 channels masked
Layer layer1.1.conv1.weight: 1/64 channels masked
Layer layer2.0.downsample.0.weight: 2/128 channels masked
Layer layer3.0.conv2.weight: 1/256 channels masked
Layer layer3.1.conv2.weight: 14/256 channels masked
Layer layer4.0.conv1.weight: 198/512 channels masked
Layer layer4.0.conv2.weight: 201/512 channels masked
Layer layer4.0.downsample.0.weight: 156/512 channels masked
Layer layer4.1.conv1.weight: 126/512 channels masked
Layer layer4.1.conv2.weight: 142/512 channels masked
------------------------- time cost ------------------------- 25.632821083068848
ASR: 0.432205850535108
attack_auc: 0.8660293527714056
Layer conv1.weight: 17/64 channels masked
Layer layer1.0.conv1.weight: 2/64 channels masked
Layer layer1.0.conv2.weight: 1/64 channels masked
Layer layer1.1.conv1.weight: 1/64 channels masked
Layer layer2.0.downsample.0.weight: 2/128 channels masked
Layer layer3.0.conv2.weight: 1/256 channels masked
Layer layer3.1.conv2.weight: 14/256 channels masked
Layer layer4.0.conv1.weight: 198/512 channels masked
Layer layer4.0.conv2.weight: 201/512 channels masked
Layer layer4.0.downsample.0.weight: 155/512 channels masked
Layer layer4.1.conv1.weight: 122/512 channels masked
Layer layer4.1.conv2.weight: 142/512 channels masked
------------------------- time cost ------------------------- 17.850165128707886
ASR: 0.4019750726607171
attack_auc: 0.8543070727407505
Layer conv1.weight: 17/64 channels masked
Layer layer1.0.conv1.weight: 2/64 channels masked
Layer layer1.0.conv2.weight: 1/64 channels masked
Layer layer1.1.conv1.weight: 1/64 channels masked
Layer layer2.0.downsample.0.weight: 2/128 channels masked
Layer layer3.0.conv2.weight: 1/256 channels masked
Layer layer3.1.conv2.weight: 14/256 channels masked
Layer layer4.0.conv1.weight: 191/512 channels masked
Layer layer4.0.conv2.weight: 201/512 channels masked
Layer layer4.0.downsample.0.weight: 155/512 channels masked
Layer layer4.1.conv1.weight: 123/512 channels masked
Layer layer4.1.conv2.weight: 142/512 channels masked
------------------------- time cost ------------------------- 17.68357753753662
ASR: 0.4605138399816887
attack_auc: 0.8767912257805562
Layer conv1.weight: 17/64 channels masked
Layer layer1.0.conv1.weight: 2/64 channels masked
Layer layer1.0.conv2.weight: 1/64 channels masked
Layer layer1.1.conv1.weight: 1/64 channels masked
Layer layer2.0.downsample.0.weight: 2/128 channels masked
Layer layer3.0.conv2.weight: 1/256 channels masked
Layer layer3.1.conv2.weight: 14/256 channels masked
Layer layer4.0.conv1.weight: 194/512 channels masked
Layer layer4.0.conv2.weight: 201/512 channels masked
Layer layer4.0.downsample.0.weight: 155/512 channels masked
Layer layer4.1.conv1.weight: 117/512 channels masked
Layer layer4.1.conv2.weight: 142/512 channels masked
------------------------- time cost ------------------------- 14.204044103622437
ASR: 0.4485128515540761
attack_auc: 0.8696571437042627
Layer conv1.weight: 17/64 channels masked
Layer layer1.0.conv1.weight: 2/64 channels masked
Layer layer1.0.conv2.weight: 1/64 channels masked
Layer layer1.1.conv1.weight: 1/64 channels masked
Layer layer2.0.downsample.0.weight: 2/128 channels masked
Layer layer3.0.conv2.weight: 1/256 channels masked
Layer layer3.1.conv2.weight: 14/256 channels masked
Layer layer4.0.conv1.weight: 199/512 channels masked
Layer layer4.0.conv2.weight: 201/512 channels masked
Layer layer4.0.downsample.0.weight: 155/512 channels masked
Layer layer4.1.conv1.weight: 118/512 channels masked
Layer layer4.1.conv2.weight: 142/512 channels masked
------------------------- time cost ------------------------- 13.818717002868652
ASR: 0.44545450258011354
attack_auc: 0.8672419534046634
Layer conv1.weight: 17/64 channels masked
Layer layer1.0.conv1.weight: 2/64 channels masked
Layer layer1.0.conv2.weight: 1/64 channels masked
Layer layer1.1.conv1.weight: 1/64 channels masked
Layer layer2.0.downsample.0.weight: 2/128 channels masked
Layer layer3.0.conv2.weight: 1/256 channels masked
Layer layer3.1.conv2.weight: 14/256 channels masked
Layer layer4.0.conv1.weight: 200/512 channels masked
Layer layer4.0.conv2.weight: 201/512 channels masked
Layer layer4.0.downsample.0.weight: 155/512 channels masked
Layer layer4.1.conv1.weight: 118/512 channels masked
Layer layer4.1.conv2.weight: 142/512 channels masked
------------------------- time cost ------------------------- 14.855681896209717
ASR: 0.44831382042746604
attack_auc: 0.8682350400200716
Layer conv1.weight: 17/64 channels masked
Layer layer1.0.conv1.weight: 2/64 channels masked
Layer layer1.0.conv2.weight: 1/64 channels masked
Layer layer1.1.conv1.weight: 1/64 channels masked
Layer layer2.0.downsample.0.weight: 2/128 channels masked
Layer layer3.0.conv2.weight: 1/256 channels masked
Layer layer3.1.conv2.weight: 14/256 channels masked
Layer layer4.0.conv1.weight: 198/512 channels masked
Layer layer4.0.conv2.weight: 201/512 channels masked
Layer layer4.0.downsample.0.weight: 155/512 channels masked
Layer layer4.1.conv1.weight: 117/512 channels masked
Layer layer4.1.conv2.weight: 142/512 channels masked
------------------------- time cost ------------------------- 17.649954795837402
ASR: 0.4329580860951122
attack_auc: 0.8642883332364691
Layer conv1.weight: 17/64 channels masked
Layer layer1.0.conv1.weight: 2/64 channels masked
Layer layer1.0.conv2.weight: 1/64 channels masked
Layer layer1.1.conv1.weight: 1/64 channels masked
Layer layer2.0.downsample.0.weight: 2/128 channels masked
Layer layer3.0.conv2.weight: 1/256 channels masked
Layer layer3.1.conv2.weight: 14/256 channels masked
Layer layer4.0.conv1.weight: 201/512 channels masked
Layer layer4.0.conv2.weight: 201/512 channels masked
Layer layer4.0.downsample.0.weight: 156/512 channels masked
Layer layer4.1.conv1.weight: 118/512 channels masked
Layer layer4.1.conv2.weight: 143/512 channels masked
------------------------- time cost ------------------------- 17.55657649040222
ASR: 0.4341710639056556
attack_auc: 0.8642688459402752
Layer conv1.weight: 17/64 channels masked
Layer layer1.0.conv1.weight: 2/64 channels masked
Layer layer1.0.conv2.weight: 1/64 channels masked
Layer layer1.1.conv1.weight: 1/64 channels masked
Layer layer2.0.downsample.0.weight: 2/128 channels masked
Layer layer3.0.conv2.weight: 1/256 channels masked
Layer layer3.1.conv2.weight: 14/256 channels masked
Layer layer4.0.conv1.weight: 200/512 channels masked
Layer layer4.0.conv2.weight: 201/512 channels masked
Layer layer4.0.downsample.0.weight: 156/512 channels masked
Layer layer4.1.conv1.weight: 118/512 channels masked
Layer layer4.1.conv2.weight: 143/512 channels masked
------------------------- time cost ------------------------- 17.43315029144287
ASR: 0.4274840852799765
attack_auc: 0.8558488292265825
Layer conv1.weight: 17/64 channels masked
Layer layer1.0.conv1.weight: 2/64 channels masked
Layer layer1.0.conv2.weight: 1/64 channels masked
Layer layer1.1.conv1.weight: 1/64 channels masked
Layer layer2.0.downsample.0.weight: 2/128 channels masked
Layer layer3.0.conv2.weight: 1/256 channels masked
Layer layer3.1.conv2.weight: 14/256 channels masked
Layer layer4.0.conv1.weight: 203/512 channels masked
Layer layer4.0.conv2.weight: 201/512 channels masked
Layer layer4.0.downsample.0.weight: 156/512 channels masked
Layer layer4.1.conv1.weight: 119/512 channels masked
Layer layer4.1.conv2.weight: 143/512 channels masked
------------------------- time cost ------------------------- 17.34194588661194

-------------Round number: 900-------------

Evaluate personalized models
Averaged Train Loss: 0.3708
Averaged Test Accurancy: 0.6578
Averaged Test AUC: 0.9356
Std Test Accurancy: 0.1183
Std Test AUC: 0.0351
ASR: 0.4400226833344521
attack_auc: 0.8687314265943675
Layer conv1.weight: 17/64 channels masked
Layer layer1.0.conv1.weight: 2/64 channels masked
Layer layer1.0.conv2.weight: 1/64 channels masked
Layer layer1.1.conv1.weight: 1/64 channels masked
Layer layer2.0.downsample.0.weight: 2/128 channels masked
Layer layer3.0.conv2.weight: 1/256 channels masked
Layer layer3.1.conv2.weight: 14/256 channels masked
Layer layer4.0.conv1.weight: 199/512 channels masked
Layer layer4.0.conv2.weight: 202/512 channels masked
Layer layer4.0.downsample.0.weight: 156/512 channels masked
Layer layer4.1.conv1.weight: 122/512 channels masked
Layer layer4.1.conv2.weight: 143/512 channels masked
------------------------- time cost ------------------------- 23.62475037574768
ASR: 0.4755538560805609
attack_auc: 0.8828707598690839
Layer conv1.weight: 17/64 channels masked
Layer layer1.0.conv1.weight: 2/64 channels masked
Layer layer1.0.conv2.weight: 1/64 channels masked
Layer layer1.1.conv1.weight: 1/64 channels masked
Layer layer2.0.downsample.0.weight: 2/128 channels masked
Layer layer3.0.conv2.weight: 1/256 channels masked
Layer layer3.1.conv2.weight: 14/256 channels masked
Layer layer4.0.conv1.weight: 199/512 channels masked
Layer layer4.0.conv2.weight: 202/512 channels masked
Layer layer4.0.downsample.0.weight: 155/512 channels masked
Layer layer4.1.conv1.weight: 122/512 channels masked
Layer layer4.1.conv2.weight: 143/512 channels masked
------------------------- time cost ------------------------- 17.547691106796265
ASR: 0.4542876531859323
attack_auc: 0.8758757429548386
Layer conv1.weight: 18/64 channels masked
Layer layer1.0.conv1.weight: 2/64 channels masked
Layer layer1.0.conv2.weight: 1/64 channels masked
Layer layer1.1.conv1.weight: 1/64 channels masked
Layer layer2.0.downsample.0.weight: 2/128 channels masked
Layer layer3.0.conv2.weight: 1/256 channels masked
Layer layer3.1.conv2.weight: 15/256 channels masked
Layer layer4.0.conv1.weight: 211/512 channels masked
Layer layer4.0.conv2.weight: 202/512 channels masked
Layer layer4.0.downsample.0.weight: 155/512 channels masked
Layer layer4.1.conv1.weight: 123/512 channels masked
Layer layer4.1.conv2.weight: 143/512 channels masked
------------------------- time cost ------------------------- 16.921056509017944
ASR: 0.42679418132601676
attack_auc: 0.8665484454405568
Layer conv1.weight: 18/64 channels masked
Layer layer1.0.conv1.weight: 2/64 channels masked
Layer layer1.0.conv2.weight: 1/64 channels masked
Layer layer1.1.conv1.weight: 1/64 channels masked
Layer layer2.0.downsample.0.weight: 2/128 channels masked
Layer layer3.0.conv2.weight: 1/256 channels masked
Layer layer3.1.conv2.weight: 15/256 channels masked
Layer layer4.0.conv1.weight: 206/512 channels masked
Layer layer4.0.conv2.weight: 202/512 channels masked
Layer layer4.0.downsample.0.weight: 155/512 channels masked
Layer layer4.1.conv1.weight: 123/512 channels masked
Layer layer4.1.conv2.weight: 143/512 channels masked
------------------------- time cost ------------------------- 15.68727970123291
ASR: 0.4427712214448862
attack_auc: 0.8734097559205801
Layer conv1.weight: 18/64 channels masked
Layer layer1.0.conv1.weight: 2/64 channels masked
Layer layer1.0.conv2.weight: 1/64 channels masked
Layer layer1.1.conv1.weight: 1/64 channels masked
Layer layer2.0.downsample.0.weight: 2/128 channels masked
Layer layer3.0.conv2.weight: 1/256 channels masked
Layer layer3.1.conv2.weight: 16/256 channels masked
Layer layer4.0.conv1.weight: 201/512 channels masked
Layer layer4.0.conv2.weight: 202/512 channels masked
Layer layer4.0.downsample.0.weight: 159/512 channels masked
Layer layer4.1.conv1.weight: 132/512 channels masked
Layer layer4.1.conv2.weight: 146/512 channels masked
------------------------- time cost ------------------------- 17.783178091049194
ASR: 0.4210759580265384
attack_auc: 0.8669030277491571
Layer conv1.weight: 18/64 channels masked
Layer layer1.0.conv1.weight: 2/64 channels masked
Layer layer1.0.conv2.weight: 1/64 channels masked
Layer layer1.1.conv1.weight: 1/64 channels masked
Layer layer2.0.downsample.0.weight: 2/128 channels masked
Layer layer3.0.conv2.weight: 1/256 channels masked
Layer layer3.1.conv2.weight: 16/256 channels masked
Layer layer4.0.conv1.weight: 205/512 channels masked
Layer layer4.0.conv2.weight: 202/512 channels masked
Layer layer4.0.downsample.0.weight: 159/512 channels masked
Layer layer4.1.conv1.weight: 133/512 channels masked
Layer layer4.1.conv2.weight: 146/512 channels masked
------------------------- time cost ------------------------- 15.508265018463135
ASR: 0.4360814978193902
attack_auc: 0.8725506904410867
Layer conv1.weight: 18/64 channels masked
Layer layer1.0.conv1.weight: 2/64 channels masked
Layer layer1.0.conv2.weight: 1/64 channels masked
Layer layer1.1.conv1.weight: 1/64 channels masked
Layer layer2.0.downsample.0.weight: 2/128 channels masked
Layer layer3.0.conv2.weight: 1/256 channels masked
Layer layer3.1.conv2.weight: 16/256 channels masked
Layer layer4.0.conv1.weight: 202/512 channels masked
Layer layer4.0.conv2.weight: 202/512 channels masked
Layer layer4.0.downsample.0.weight: 159/512 channels masked
Layer layer4.1.conv1.weight: 131/512 channels masked
Layer layer4.1.conv2.weight: 146/512 channels masked
------------------------- time cost ------------------------- 14.752346277236938
ASR: 0.42730097480895457
attack_auc: 0.8661020073632446
Layer conv1.weight: 18/64 channels masked
Layer layer1.0.conv1.weight: 2/64 channels masked
Layer layer1.0.conv2.weight: 1/64 channels masked
Layer layer1.1.conv1.weight: 1/64 channels masked
Layer layer2.0.downsample.0.weight: 2/128 channels masked
Layer layer3.0.conv2.weight: 1/256 channels masked
Layer layer3.1.conv2.weight: 17/256 channels masked
Layer layer4.0.conv1.weight: 207/512 channels masked
Layer layer4.0.conv2.weight: 202/512 channels masked
Layer layer4.0.downsample.0.weight: 160/512 channels masked
Layer layer4.1.conv1.weight: 134/512 channels masked
Layer layer4.1.conv2.weight: 146/512 channels masked
------------------------- time cost ------------------------- 16.35442090034485
ASR: 0.4116801183201756
attack_auc: 0.8608752084470265
Layer conv1.weight: 18/64 channels masked
Layer layer1.0.conv1.weight: 2/64 channels masked
Layer layer1.0.conv2.weight: 1/64 channels masked
Layer layer1.1.conv1.weight: 1/64 channels masked
Layer layer2.0.downsample.0.weight: 2/128 channels masked
Layer layer3.0.conv2.weight: 1/256 channels masked
Layer layer3.1.conv2.weight: 17/256 channels masked
Layer layer4.0.conv1.weight: 204/512 channels masked
Layer layer4.0.conv2.weight: 203/512 channels masked
Layer layer4.0.downsample.0.weight: 160/512 channels masked
Layer layer4.1.conv1.weight: 137/512 channels masked
Layer layer4.1.conv2.weight: 146/512 channels masked
------------------------- time cost ------------------------- 15.409912109375
ASR: 0.4086529207087585
attack_auc: 0.8609626681748094
Layer conv1.weight: 18/64 channels masked
Layer layer1.0.conv1.weight: 2/64 channels masked
Layer layer1.0.conv2.weight: 1/64 channels masked
Layer layer1.1.conv1.weight: 1/64 channels masked
Layer layer2.0.downsample.0.weight: 2/128 channels masked
Layer layer3.0.conv2.weight: 1/256 channels masked
Layer layer3.1.conv2.weight: 17/256 channels masked
Layer layer4.0.conv1.weight: 200/512 channels masked
Layer layer4.0.conv2.weight: 203/512 channels masked
Layer layer4.0.downsample.0.weight: 160/512 channels masked
Layer layer4.1.conv1.weight: 139/512 channels masked
Layer layer4.1.conv2.weight: 146/512 channels masked
------------------------- time cost ------------------------- 15.962566614151001

-------------Round number: 910-------------

Evaluate personalized models
Averaged Train Loss: 0.3651
Averaged Test Accurancy: 0.6579
Averaged Test AUC: 0.9386
Std Test Accurancy: 0.1203
Std Test AUC: 0.0292
ASR: 0.39821654354931935
attack_auc: 0.8529819016823492
Layer conv1.weight: 18/64 channels masked
Layer layer1.0.conv1.weight: 2/64 channels masked
Layer layer1.0.conv2.weight: 1/64 channels masked
Layer layer1.1.conv1.weight: 1/64 channels masked
Layer layer2.0.downsample.0.weight: 2/128 channels masked
Layer layer3.0.conv2.weight: 1/256 channels masked
Layer layer3.1.conv2.weight: 19/256 channels masked
Layer layer4.0.conv1.weight: 193/512 channels masked
Layer layer4.0.conv2.weight: 204/512 channels masked
Layer layer4.0.downsample.0.weight: 156/512 channels masked
Layer layer4.1.conv1.weight: 130/512 channels masked
Layer layer4.1.conv2.weight: 146/512 channels masked
------------------------- time cost ------------------------- 21.203618049621582
ASR: 0.40956026715391014
attack_auc: 0.8606303140945761
Layer conv1.weight: 18/64 channels masked
Layer layer1.0.conv1.weight: 2/64 channels masked
Layer layer1.0.conv2.weight: 1/64 channels masked
Layer layer1.1.conv1.weight: 1/64 channels masked
Layer layer2.0.downsample.0.weight: 2/128 channels masked
Layer layer3.0.conv2.weight: 1/256 channels masked
Layer layer3.1.conv2.weight: 19/256 channels masked
Layer layer4.0.conv1.weight: 203/512 channels masked
Layer layer4.0.conv2.weight: 205/512 channels masked
Layer layer4.0.downsample.0.weight: 157/512 channels masked
Layer layer4.1.conv1.weight: 132/512 channels masked
Layer layer4.1.conv2.weight: 146/512 channels masked
------------------------- time cost ------------------------- 16.31479573249817
ASR: 0.4317073061086531
attack_auc: 0.864966605227266
Layer conv1.weight: 18/64 channels masked
Layer layer1.0.conv1.weight: 2/64 channels masked
Layer layer1.0.conv2.weight: 1/64 channels masked
Layer layer1.1.conv1.weight: 1/64 channels masked
Layer layer2.0.downsample.0.weight: 2/128 channels masked
Layer layer3.0.conv2.weight: 1/256 channels masked
Layer layer3.1.conv2.weight: 19/256 channels masked
Layer layer4.0.conv1.weight: 196/512 channels masked
Layer layer4.0.conv2.weight: 205/512 channels masked
Layer layer4.0.downsample.0.weight: 158/512 channels masked
Layer layer4.1.conv1.weight: 133/512 channels masked
Layer layer4.1.conv2.weight: 146/512 channels masked
------------------------- time cost ------------------------- 15.473669528961182
ASR: 0.43952567344147797
attack_auc: 0.8747215292111988
Layer conv1.weight: 18/64 channels masked
Layer layer1.0.conv1.weight: 2/64 channels masked
Layer layer1.0.conv2.weight: 1/64 channels masked
Layer layer1.1.conv1.weight: 1/64 channels masked
Layer layer2.0.downsample.0.weight: 2/128 channels masked
Layer layer3.0.conv2.weight: 1/256 channels masked
Layer layer3.1.conv2.weight: 19/256 channels masked
Layer layer4.0.conv1.weight: 199/512 channels masked
Layer layer4.0.conv2.weight: 205/512 channels masked
Layer layer4.0.downsample.0.weight: 158/512 channels masked
Layer layer4.1.conv1.weight: 135/512 channels masked
Layer layer4.1.conv2.weight: 146/512 channels masked
------------------------- time cost ------------------------- 14.263343334197998
ASR: 0.4572921671380453
attack_auc: 0.8734142323944657
Layer conv1.weight: 18/64 channels masked
Layer layer1.0.conv1.weight: 2/64 channels masked
Layer layer1.0.conv2.weight: 1/64 channels masked
Layer layer1.1.conv1.weight: 1/64 channels masked
Layer layer2.0.downsample.0.weight: 2/128 channels masked
Layer layer3.0.conv2.weight: 1/256 channels masked
Layer layer3.1.conv2.weight: 19/256 channels masked
Layer layer4.0.conv1.weight: 202/512 channels masked
Layer layer4.0.conv2.weight: 205/512 channels masked
Layer layer4.0.downsample.0.weight: 158/512 channels masked
Layer layer4.1.conv1.weight: 140/512 channels masked
Layer layer4.1.conv2.weight: 146/512 channels masked
------------------------- time cost ------------------------- 17.187967538833618
ASR: 0.4533211654245781
attack_auc: 0.8749567964495137
Layer conv1.weight: 18/64 channels masked
Layer layer1.0.conv1.weight: 2/64 channels masked
Layer layer1.0.conv2.weight: 1/64 channels masked
Layer layer1.1.conv1.weight: 1/64 channels masked
Layer layer2.0.downsample.0.weight: 2/128 channels masked
Layer layer3.0.conv2.weight: 1/256 channels masked
Layer layer3.1.conv2.weight: 19/256 channels masked
Layer layer4.0.conv1.weight: 204/512 channels masked
Layer layer4.0.conv2.weight: 205/512 channels masked
Layer layer4.0.downsample.0.weight: 158/512 channels masked
Layer layer4.1.conv1.weight: 142/512 channels masked
Layer layer4.1.conv2.weight: 146/512 channels masked
------------------------- time cost ------------------------- 18.969736576080322
ASR: 0.43577191828195516
attack_auc: 0.8668865622037103
Layer conv1.weight: 18/64 channels masked
Layer layer1.0.conv1.weight: 2/64 channels masked
Layer layer1.0.conv2.weight: 1/64 channels masked
Layer layer1.1.conv1.weight: 1/64 channels masked
Layer layer2.0.downsample.0.weight: 2/128 channels masked
Layer layer3.0.conv2.weight: 1/256 channels masked
Layer layer3.1.conv2.weight: 20/256 channels masked
Layer layer4.0.conv1.weight: 212/512 channels masked
Layer layer4.0.conv2.weight: 205/512 channels masked
Layer layer4.0.downsample.0.weight: 158/512 channels masked
Layer layer4.1.conv1.weight: 145/512 channels masked
Layer layer4.1.conv2.weight: 146/512 channels masked
------------------------- time cost ------------------------- 15.565339088439941
ASR: 0.43152882392010145
attack_auc: 0.8662070248265152
Layer conv1.weight: 18/64 channels masked
Layer layer1.0.conv1.weight: 2/64 channels masked
Layer layer1.0.conv2.weight: 1/64 channels masked
Layer layer1.1.conv1.weight: 1/64 channels masked
Layer layer2.0.downsample.0.weight: 2/128 channels masked
Layer layer3.0.conv2.weight: 1/256 channels masked
Layer layer3.1.conv2.weight: 20/256 channels masked
Layer layer4.0.conv1.weight: 216/512 channels masked
Layer layer4.0.conv2.weight: 205/512 channels masked
Layer layer4.0.downsample.0.weight: 159/512 channels masked
Layer layer4.1.conv1.weight: 148/512 channels masked
Layer layer4.1.conv2.weight: 146/512 channels masked
------------------------- time cost ------------------------- 15.145989656448364
ASR: 0.45012249939354476
attack_auc: 0.8734188403529656
Layer conv1.weight: 18/64 channels masked
Layer layer1.0.conv1.weight: 2/64 channels masked
Layer layer1.0.conv2.weight: 1/64 channels masked
Layer layer1.1.conv1.weight: 1/64 channels masked
Layer layer2.0.downsample.0.weight: 2/128 channels masked
Layer layer3.0.conv2.weight: 1/256 channels masked
Layer layer3.1.conv2.weight: 20/256 channels masked
Layer layer4.0.conv1.weight: 213/512 channels masked
Layer layer4.0.conv2.weight: 208/512 channels masked
Layer layer4.0.downsample.0.weight: 159/512 channels masked
Layer layer4.1.conv1.weight: 149/512 channels masked
Layer layer4.1.conv2.weight: 146/512 channels masked
------------------------- time cost ------------------------- 15.891341924667358
ASR: 0.4482626372531251
attack_auc: 0.8738646523826551
Layer conv1.weight: 18/64 channels masked
Layer layer1.0.conv1.weight: 2/64 channels masked
Layer layer1.0.conv2.weight: 1/64 channels masked
Layer layer1.1.conv1.weight: 1/64 channels masked
Layer layer2.0.downsample.0.weight: 2/128 channels masked
Layer layer3.0.conv2.weight: 1/256 channels masked
Layer layer3.1.conv2.weight: 21/256 channels masked
Layer layer4.0.conv1.weight: 202/512 channels masked
Layer layer4.0.conv2.weight: 207/512 channels masked
Layer layer4.0.downsample.0.weight: 159/512 channels masked
Layer layer4.1.conv1.weight: 148/512 channels masked
Layer layer4.1.conv2.weight: 146/512 channels masked
------------------------- time cost ------------------------- 18.103954076766968

-------------Round number: 920-------------

Evaluate personalized models
Averaged Train Loss: 0.2839
Averaged Test Accurancy: 0.6742
Averaged Test AUC: 0.9419
Std Test Accurancy: 0.1194
Std Test AUC: 0.0276
ASR: 0.41901726863014416
attack_auc: 0.8604184619199172
Layer conv1.weight: 18/64 channels masked
Layer layer1.0.conv1.weight: 2/64 channels masked
Layer layer1.0.conv2.weight: 1/64 channels masked
Layer layer1.1.conv1.weight: 1/64 channels masked
Layer layer2.0.downsample.0.weight: 2/128 channels masked
Layer layer3.0.conv2.weight: 1/256 channels masked
Layer layer3.1.conv2.weight: 21/256 channels masked
Layer layer4.0.conv1.weight: 196/512 channels masked
Layer layer4.0.conv2.weight: 208/512 channels masked
Layer layer4.0.downsample.0.weight: 158/512 channels masked
Layer layer4.1.conv1.weight: 143/512 channels masked
Layer layer4.1.conv2.weight: 146/512 channels masked
------------------------- time cost ------------------------- 22.324065685272217
ASR: 0.42259889795606553
attack_auc: 0.86287780164468
Layer conv1.weight: 18/64 channels masked
Layer layer1.0.conv1.weight: 2/64 channels masked
Layer layer1.0.conv2.weight: 1/64 channels masked
Layer layer1.1.conv1.weight: 1/64 channels masked
Layer layer2.0.downsample.0.weight: 2/128 channels masked
Layer layer3.0.conv2.weight: 1/256 channels masked
Layer layer3.1.conv2.weight: 21/256 channels masked
Layer layer4.0.conv1.weight: 207/512 channels masked
Layer layer4.0.conv2.weight: 208/512 channels masked
Layer layer4.0.downsample.0.weight: 159/512 channels masked
Layer layer4.1.conv1.weight: 146/512 channels masked
Layer layer4.1.conv2.weight: 146/512 channels masked
------------------------- time cost ------------------------- 18.55988049507141
ASR: 0.4240643518500941
attack_auc: 0.8672880811949927
Layer conv1.weight: 18/64 channels masked
Layer layer1.0.conv1.weight: 2/64 channels masked
Layer layer1.0.conv2.weight: 1/64 channels masked
Layer layer1.1.conv1.weight: 1/64 channels masked
Layer layer2.0.downsample.0.weight: 2/128 channels masked
Layer layer3.0.conv2.weight: 1/256 channels masked
Layer layer3.1.conv2.weight: 21/256 channels masked
Layer layer4.0.conv1.weight: 206/512 channels masked
Layer layer4.0.conv2.weight: 208/512 channels masked
Layer layer4.0.downsample.0.weight: 160/512 channels masked
Layer layer4.1.conv1.weight: 149/512 channels masked
Layer layer4.1.conv2.weight: 146/512 channels masked
------------------------- time cost ------------------------- 16.247984409332275
ASR: 0.42151230026232395
attack_auc: 0.8623146668580083
Layer conv1.weight: 18/64 channels masked
Layer layer1.0.conv1.weight: 2/64 channels masked
Layer layer1.0.conv2.weight: 1/64 channels masked
Layer layer1.1.conv1.weight: 1/64 channels masked
Layer layer2.0.downsample.0.weight: 2/128 channels masked
Layer layer3.0.conv2.weight: 1/256 channels masked
Layer layer3.1.conv2.weight: 21/256 channels masked
Layer layer4.0.conv1.weight: 207/512 channels masked
Layer layer4.0.conv2.weight: 208/512 channels masked
Layer layer4.0.downsample.0.weight: 160/512 channels masked
Layer layer4.1.conv1.weight: 150/512 channels masked
Layer layer4.1.conv2.weight: 146/512 channels masked
------------------------- time cost ------------------------- 16.37453579902649
ASR: 0.4409237649836041
attack_auc: 0.8762353775609664
Layer conv1.weight: 19/64 channels masked
Layer layer1.0.conv1.weight: 2/64 channels masked
Layer layer1.0.conv2.weight: 1/64 channels masked
Layer layer1.1.conv1.weight: 1/64 channels masked
Layer layer2.0.downsample.0.weight: 2/128 channels masked
Layer layer3.0.conv2.weight: 1/256 channels masked
Layer layer3.1.conv2.weight: 21/256 channels masked
Layer layer4.0.conv1.weight: 148/512 channels masked
Layer layer4.0.conv2.weight: 209/512 channels masked
Layer layer4.0.downsample.0.weight: 160/512 channels masked
Layer layer4.1.conv1.weight: 155/512 channels masked
Layer layer4.1.conv2.weight: 149/512 channels masked
------------------------- time cost ------------------------- 19.589565753936768
ASR: 0.4636501055803773
attack_auc: 0.8833447197843094
Layer conv1.weight: 19/64 channels masked
Layer layer1.0.conv1.weight: 2/64 channels masked
Layer layer1.0.conv2.weight: 1/64 channels masked
Layer layer1.1.conv1.weight: 1/64 channels masked
Layer layer2.0.downsample.0.weight: 2/128 channels masked
Layer layer3.0.conv2.weight: 1/256 channels masked
Layer layer3.1.conv2.weight: 21/256 channels masked
Layer layer4.0.conv1.weight: 183/512 channels masked
Layer layer4.0.conv2.weight: 209/512 channels masked
Layer layer4.0.downsample.0.weight: 160/512 channels masked
Layer layer4.1.conv1.weight: 150/512 channels masked
Layer layer4.1.conv2.weight: 149/512 channels masked
------------------------- time cost ------------------------- 17.042471647262573
ASR: 0.4242306827835803
attack_auc: 0.8651391408910624
Layer conv1.weight: 19/64 channels masked
Layer layer1.0.conv1.weight: 2/64 channels masked
Layer layer1.0.conv2.weight: 1/64 channels masked
Layer layer1.1.conv1.weight: 1/64 channels masked
Layer layer2.0.downsample.0.weight: 2/128 channels masked
Layer layer3.0.conv2.weight: 1/256 channels masked
Layer layer3.1.conv2.weight: 21/256 channels masked
Layer layer4.0.conv1.weight: 181/512 channels masked
Layer layer4.0.conv2.weight: 210/512 channels masked
Layer layer4.0.downsample.0.weight: 160/512 channels masked
Layer layer4.1.conv1.weight: 145/512 channels masked
Layer layer4.1.conv2.weight: 149/512 channels masked
------------------------- time cost ------------------------- 16.140718936920166
ASR: 0.4274707046562124
attack_auc: 0.870072094012157
Layer conv1.weight: 19/64 channels masked
Layer layer1.0.conv1.weight: 2/64 channels masked
Layer layer1.0.conv2.weight: 1/64 channels masked
Layer layer1.1.conv1.weight: 1/64 channels masked
Layer layer2.0.downsample.0.weight: 2/128 channels masked
Layer layer3.0.conv2.weight: 1/256 channels masked
Layer layer3.1.conv2.weight: 22/256 channels masked
Layer layer4.0.conv1.weight: 183/512 channels masked
Layer layer4.0.conv2.weight: 210/512 channels masked
Layer layer4.0.downsample.0.weight: 160/512 channels masked
Layer layer4.1.conv1.weight: 143/512 channels masked
Layer layer4.1.conv2.weight: 149/512 channels masked
------------------------- time cost ------------------------- 17.870720863342285
ASR: 0.42539524650293453
attack_auc: 0.866227393035246
Layer conv1.weight: 19/64 channels masked
Layer layer1.0.conv1.weight: 2/64 channels masked
Layer layer1.0.conv2.weight: 1/64 channels masked
Layer layer1.1.conv1.weight: 1/64 channels masked
Layer layer2.0.downsample.0.weight: 2/128 channels masked
Layer layer3.0.conv2.weight: 1/256 channels masked
Layer layer3.1.conv2.weight: 22/256 channels masked
Layer layer4.0.conv1.weight: 189/512 channels masked
Layer layer4.0.conv2.weight: 210/512 channels masked
Layer layer4.0.downsample.0.weight: 160/512 channels masked
Layer layer4.1.conv1.weight: 140/512 channels masked
Layer layer4.1.conv2.weight: 149/512 channels masked
------------------------- time cost ------------------------- 13.881608724594116
ASR: 0.4347834572083656
attack_auc: 0.872247058856017
Layer conv1.weight: 19/64 channels masked
Layer layer1.0.conv1.weight: 2/64 channels masked
Layer layer1.0.conv2.weight: 1/64 channels masked
Layer layer1.1.conv1.weight: 1/64 channels masked
Layer layer2.0.downsample.0.weight: 2/128 channels masked
Layer layer3.0.conv2.weight: 1/256 channels masked
Layer layer3.1.conv2.weight: 23/256 channels masked
Layer layer4.0.conv1.weight: 199/512 channels masked
Layer layer4.0.conv2.weight: 211/512 channels masked
Layer layer4.0.downsample.0.weight: 162/512 channels masked
Layer layer4.1.conv1.weight: 146/512 channels masked
Layer layer4.1.conv2.weight: 149/512 channels masked
------------------------- time cost ------------------------- 13.731606483459473

-------------Round number: 930-------------

Evaluate personalized models
Averaged Train Loss: 0.3325
Averaged Test Accurancy: 0.6607
Averaged Test AUC: 0.9384
Std Test Accurancy: 0.1343
Std Test AUC: 0.0314
ASR: 0.4435173106839519
attack_auc: 0.870577849821792
Layer conv1.weight: 19/64 channels masked
Layer layer1.0.conv1.weight: 2/64 channels masked
Layer layer1.0.conv2.weight: 1/64 channels masked
Layer layer1.1.conv1.weight: 1/64 channels masked
Layer layer2.0.downsample.0.weight: 2/128 channels masked
Layer layer3.0.conv2.weight: 1/256 channels masked
Layer layer3.1.conv2.weight: 24/256 channels masked
Layer layer4.0.conv1.weight: 182/512 channels masked
Layer layer4.0.conv2.weight: 211/512 channels masked
Layer layer4.0.downsample.0.weight: 160/512 channels masked
Layer layer4.1.conv1.weight: 147/512 channels masked
Layer layer4.1.conv2.weight: 149/512 channels masked
------------------------- time cost ------------------------- 21.920026302337646
ASR: 0.44643451717779714
attack_auc: 0.8720113402828928
Layer conv1.weight: 19/64 channels masked
Layer layer1.0.conv1.weight: 2/64 channels masked
Layer layer1.0.conv2.weight: 1/64 channels masked
Layer layer1.1.conv1.weight: 1/64 channels masked
Layer layer2.0.downsample.0.weight: 2/128 channels masked
Layer layer3.0.conv2.weight: 1/256 channels masked
Layer layer3.1.conv2.weight: 24/256 channels masked
Layer layer4.0.conv1.weight: 193/512 channels masked
Layer layer4.0.conv2.weight: 211/512 channels masked
Layer layer4.0.downsample.0.weight: 163/512 channels masked
Layer layer4.1.conv1.weight: 149/512 channels masked
Layer layer4.1.conv2.weight: 149/512 channels masked
------------------------- time cost ------------------------- 14.465927362442017
ASR: 0.4857720791479118
attack_auc: 0.886024138272167
Layer conv1.weight: 19/64 channels masked
Layer layer1.0.conv1.weight: 2/64 channels masked
Layer layer1.0.conv2.weight: 1/64 channels masked
Layer layer1.1.conv1.weight: 1/64 channels masked
Layer layer2.0.downsample.0.weight: 2/128 channels masked
Layer layer3.0.conv2.weight: 1/256 channels masked
Layer layer3.1.conv2.weight: 27/256 channels masked
Layer layer4.0.conv1.weight: 186/512 channels masked
Layer layer4.0.conv2.weight: 212/512 channels masked
Layer layer4.0.downsample.0.weight: 158/512 channels masked
Layer layer4.1.conv1.weight: 112/512 channels masked
Layer layer4.1.conv2.weight: 149/512 channels masked
------------------------- time cost ------------------------- 12.08885645866394
ASR: 0.4627225098566762
attack_auc: 0.8734292363159307
Layer conv1.weight: 19/64 channels masked
Layer layer1.0.conv1.weight: 2/64 channels masked
Layer layer1.0.conv2.weight: 1/64 channels masked
Layer layer1.1.conv1.weight: 1/64 channels masked
Layer layer2.0.downsample.0.weight: 2/128 channels masked
Layer layer3.0.conv2.weight: 1/256 channels masked
Layer layer3.1.conv2.weight: 27/256 channels masked
Layer layer4.0.conv1.weight: 198/512 channels masked
Layer layer4.0.conv2.weight: 212/512 channels masked
Layer layer4.0.downsample.0.weight: 161/512 channels masked
Layer layer4.1.conv1.weight: 127/512 channels masked
Layer layer4.1.conv2.weight: 149/512 channels masked
------------------------- time cost ------------------------- 16.217302083969116
ASR: 0.46419243873353666
attack_auc: 0.8740788925061622
Layer conv1.weight: 19/64 channels masked
Layer layer1.0.conv1.weight: 2/64 channels masked
Layer layer1.0.conv2.weight: 1/64 channels masked
Layer layer1.1.conv1.weight: 1/64 channels masked
Layer layer2.0.downsample.0.weight: 2/128 channels masked
Layer layer3.0.conv2.weight: 1/256 channels masked
Layer layer3.1.conv2.weight: 27/256 channels masked
Layer layer4.0.conv1.weight: 205/512 channels masked
Layer layer4.0.conv2.weight: 212/512 channels masked
Layer layer4.0.downsample.0.weight: 161/512 channels masked
Layer layer4.1.conv1.weight: 125/512 channels masked
Layer layer4.1.conv2.weight: 149/512 channels masked
------------------------- time cost ------------------------- 15.840402364730835
ASR: 0.4708071679247406
attack_auc: 0.8796643685209972
Layer conv1.weight: 19/64 channels masked
Layer layer1.0.conv1.weight: 2/64 channels masked
Layer layer1.0.conv2.weight: 1/64 channels masked
Layer layer1.1.conv1.weight: 1/64 channels masked
Layer layer2.0.downsample.0.weight: 2/128 channels masked
Layer layer3.0.conv2.weight: 1/256 channels masked
Layer layer3.1.conv2.weight: 27/256 channels masked
Layer layer4.0.conv1.weight: 203/512 channels masked
Layer layer4.0.conv2.weight: 212/512 channels masked
Layer layer4.0.downsample.0.weight: 161/512 channels masked
Layer layer4.1.conv1.weight: 134/512 channels masked
Layer layer4.1.conv2.weight: 149/512 channels masked
------------------------- time cost ------------------------- 18.088485717773438
ASR: 0.4818720535154318
attack_auc: 0.8854949182716143
Layer conv1.weight: 19/64 channels masked
Layer layer1.0.conv1.weight: 2/64 channels masked
Layer layer1.0.conv2.weight: 1/64 channels masked
Layer layer1.1.conv1.weight: 1/64 channels masked
Layer layer2.0.downsample.0.weight: 2/128 channels masked
Layer layer3.0.conv2.weight: 1/256 channels masked
Layer layer3.1.conv2.weight: 27/256 channels masked
Layer layer4.0.conv1.weight: 187/512 channels masked
Layer layer4.0.conv2.weight: 212/512 channels masked
Layer layer4.0.downsample.0.weight: 159/512 channels masked
Layer layer4.1.conv1.weight: 127/512 channels masked
Layer layer4.1.conv2.weight: 149/512 channels masked
------------------------- time cost ------------------------- 16.13030433654785
ASR: 0.4873708273182164
attack_auc: 0.8875568337221202
Layer conv1.weight: 19/64 channels masked
Layer layer1.0.conv1.weight: 2/64 channels masked
Layer layer1.0.conv2.weight: 1/64 channels masked
Layer layer1.1.conv1.weight: 1/64 channels masked
Layer layer2.0.downsample.0.weight: 2/128 channels masked
Layer layer3.0.conv2.weight: 1/256 channels masked
Layer layer3.1.conv2.weight: 27/256 channels masked
Layer layer4.0.conv1.weight: 190/512 channels masked
Layer layer4.0.conv2.weight: 212/512 channels masked
Layer layer4.0.downsample.0.weight: 161/512 channels masked
Layer layer4.1.conv1.weight: 138/512 channels masked
Layer layer4.1.conv2.weight: 149/512 channels masked
------------------------- time cost ------------------------- 15.409028768539429
ASR: 0.49574627675991917
attack_auc: 0.8876554142623776
Layer conv1.weight: 19/64 channels masked
Layer layer1.0.conv1.weight: 2/64 channels masked
Layer layer1.0.conv2.weight: 1/64 channels masked
Layer layer1.1.conv1.weight: 1/64 channels masked
Layer layer2.0.downsample.0.weight: 2/128 channels masked
Layer layer3.0.conv2.weight: 1/256 channels masked
Layer layer3.1.conv2.weight: 27/256 channels masked
Layer layer4.0.conv1.weight: 189/512 channels masked
Layer layer4.0.conv2.weight: 212/512 channels masked
Layer layer4.0.downsample.0.weight: 160/512 channels masked
Layer layer4.1.conv1.weight: 138/512 channels masked
Layer layer4.1.conv2.weight: 149/512 channels masked
------------------------- time cost ------------------------- 14.832493305206299
ASR: 0.48527875671433124
attack_auc: 0.8891996224406434
Layer conv1.weight: 19/64 channels masked
Layer layer1.0.conv1.weight: 2/64 channels masked
Layer layer1.0.conv2.weight: 1/64 channels masked
Layer layer1.1.conv1.weight: 1/64 channels masked
Layer layer2.0.downsample.0.weight: 2/128 channels masked
Layer layer3.0.conv2.weight: 1/256 channels masked
Layer layer3.1.conv2.weight: 27/256 channels masked
Layer layer4.0.conv1.weight: 195/512 channels masked
Layer layer4.0.conv2.weight: 212/512 channels masked
Layer layer4.0.downsample.0.weight: 160/512 channels masked
Layer layer4.1.conv1.weight: 139/512 channels masked
Layer layer4.1.conv2.weight: 149/512 channels masked
------------------------- time cost ------------------------- 15.046221017837524

-------------Round number: 940-------------

Evaluate personalized models
Averaged Train Loss: 0.2447
Averaged Test Accurancy: 0.6772
Averaged Test AUC: 0.9409
Std Test Accurancy: 0.1254
Std Test AUC: 0.0297
ASR: 0.5089967408717626
attack_auc: 0.8945906123241743
Layer conv1.weight: 19/64 channels masked
Layer layer1.0.conv1.weight: 2/64 channels masked
Layer layer1.0.conv2.weight: 1/64 channels masked
Layer layer1.1.conv1.weight: 1/64 channels masked
Layer layer2.0.downsample.0.weight: 2/128 channels masked
Layer layer3.0.conv2.weight: 1/256 channels masked
Layer layer3.1.conv2.weight: 27/256 channels masked
Layer layer4.0.conv1.weight: 201/512 channels masked
Layer layer4.0.conv2.weight: 212/512 channels masked
Layer layer4.0.downsample.0.weight: 161/512 channels masked
Layer layer4.1.conv1.weight: 140/512 channels masked
Layer layer4.1.conv2.weight: 149/512 channels masked
------------------------- time cost ------------------------- 24.85200333595276
ASR: 0.5242145373283544
attack_auc: 0.8968993813318025
Layer conv1.weight: 19/64 channels masked
Layer layer1.0.conv1.weight: 2/64 channels masked
Layer layer1.0.conv2.weight: 1/64 channels masked
Layer layer1.1.conv1.weight: 1/64 channels masked
Layer layer2.0.downsample.0.weight: 2/128 channels masked
Layer layer3.0.conv2.weight: 1/256 channels masked
Layer layer3.1.conv2.weight: 27/256 channels masked
Layer layer4.0.conv1.weight: 196/512 channels masked
Layer layer4.0.conv2.weight: 213/512 channels masked
Layer layer4.0.downsample.0.weight: 161/512 channels masked
Layer layer4.1.conv1.weight: 140/512 channels masked
Layer layer4.1.conv2.weight: 149/512 channels masked
------------------------- time cost ------------------------- 17.010818481445312
ASR: 0.4931393141595459
attack_auc: 0.8882802102739534
Layer conv1.weight: 19/64 channels masked
Layer layer1.0.conv1.weight: 2/64 channels masked
Layer layer1.0.conv2.weight: 1/64 channels masked
Layer layer1.1.conv1.weight: 1/64 channels masked
Layer layer2.0.downsample.0.weight: 2/128 channels masked
Layer layer3.0.conv2.weight: 1/256 channels masked
Layer layer3.1.conv2.weight: 27/256 channels masked
Layer layer4.0.conv1.weight: 202/512 channels masked
Layer layer4.0.conv2.weight: 213/512 channels masked
Layer layer4.0.downsample.0.weight: 161/512 channels masked
Layer layer4.1.conv1.weight: 143/512 channels masked
Layer layer4.1.conv2.weight: 149/512 channels masked
------------------------- time cost ------------------------- 13.487285375595093
ASR: 0.5111496082003504
attack_auc: 0.8946965402310192
Layer conv1.weight: 19/64 channels masked
Layer layer1.0.conv1.weight: 2/64 channels masked
Layer layer1.0.conv2.weight: 1/64 channels masked
Layer layer1.1.conv1.weight: 1/64 channels masked
Layer layer2.0.downsample.0.weight: 2/128 channels masked
Layer layer3.0.conv2.weight: 1/256 channels masked
Layer layer3.1.conv2.weight: 27/256 channels masked
Layer layer4.0.conv1.weight: 208/512 channels masked
Layer layer4.0.conv2.weight: 213/512 channels masked
Layer layer4.0.downsample.0.weight: 161/512 channels masked
Layer layer4.1.conv1.weight: 144/512 channels masked
Layer layer4.1.conv2.weight: 149/512 channels masked
------------------------- time cost ------------------------- 17.767176151275635
ASR: 0.5001334412341859
attack_auc: 0.8943290237623966
Layer conv1.weight: 19/64 channels masked
Layer layer1.0.conv1.weight: 2/64 channels masked
Layer layer1.0.conv2.weight: 1/64 channels masked
Layer layer1.1.conv1.weight: 1/64 channels masked
Layer layer2.0.downsample.0.weight: 2/128 channels masked
Layer layer3.0.conv2.weight: 1/256 channels masked
Layer layer3.1.conv2.weight: 27/256 channels masked
Layer layer4.0.conv1.weight: 207/512 channels masked
Layer layer4.0.conv2.weight: 214/512 channels masked
Layer layer4.0.downsample.0.weight: 162/512 channels masked
Layer layer4.1.conv1.weight: 148/512 channels masked
Layer layer4.1.conv2.weight: 149/512 channels masked
------------------------- time cost ------------------------- 17.8846697807312
ASR: 0.5106691502073579
attack_auc: 0.8968704007846297
Layer conv1.weight: 19/64 channels masked
Layer layer1.0.conv1.weight: 2/64 channels masked
Layer layer1.0.conv2.weight: 1/64 channels masked
Layer layer1.1.conv1.weight: 1/64 channels masked
Layer layer2.0.downsample.0.weight: 2/128 channels masked
Layer layer3.0.conv2.weight: 1/256 channels masked
Layer layer3.1.conv2.weight: 27/256 channels masked
Layer layer4.0.conv1.weight: 204/512 channels masked
Layer layer4.0.conv2.weight: 214/512 channels masked
Layer layer4.0.downsample.0.weight: 161/512 channels masked
Layer layer4.1.conv1.weight: 143/512 channels masked
Layer layer4.1.conv2.weight: 149/512 channels masked
------------------------- time cost ------------------------- 15.162078619003296
ASR: 0.49608006021979184
attack_auc: 0.8906381185519845
Layer conv1.weight: 19/64 channels masked
Layer layer1.0.conv1.weight: 2/64 channels masked
Layer layer1.0.conv2.weight: 1/64 channels masked
Layer layer1.1.conv1.weight: 1/64 channels masked
Layer layer2.0.downsample.0.weight: 2/128 channels masked
Layer layer3.0.conv2.weight: 1/256 channels masked
Layer layer3.1.conv2.weight: 27/256 channels masked
Layer layer4.0.conv1.weight: 208/512 channels masked
Layer layer4.0.conv2.weight: 214/512 channels masked
Layer layer4.0.downsample.0.weight: 160/512 channels masked
Layer layer4.1.conv1.weight: 145/512 channels masked
Layer layer4.1.conv2.weight: 149/512 channels masked
------------------------- time cost ------------------------- 18.300780534744263
ASR: 0.4924358281872057
attack_auc: 0.8827732394034263
Layer conv1.weight: 19/64 channels masked
Layer layer1.0.conv1.weight: 2/64 channels masked
Layer layer1.0.conv2.weight: 1/64 channels masked
Layer layer1.1.conv1.weight: 1/64 channels masked
Layer layer2.0.downsample.0.weight: 2/128 channels masked
Layer layer3.0.conv2.weight: 1/256 channels masked
Layer layer3.1.conv2.weight: 27/256 channels masked
Layer layer4.0.conv1.weight: 207/512 channels masked
Layer layer4.0.conv2.weight: 214/512 channels masked
Layer layer4.0.downsample.0.weight: 159/512 channels masked
Layer layer4.1.conv1.weight: 145/512 channels masked
Layer layer4.1.conv2.weight: 149/512 channels masked
------------------------- time cost ------------------------- 15.268004417419434
ASR: 0.4896473863315979
attack_auc: 0.8841832143071331
Layer conv1.weight: 19/64 channels masked
Layer layer1.0.conv1.weight: 2/64 channels masked
Layer layer1.0.conv2.weight: 1/64 channels masked
Layer layer1.1.conv1.weight: 1/64 channels masked
Layer layer2.0.downsample.0.weight: 2/128 channels masked
Layer layer3.0.conv2.weight: 1/256 channels masked
Layer layer3.1.conv2.weight: 27/256 channels masked
Layer layer4.0.conv1.weight: 212/512 channels masked
Layer layer4.0.conv2.weight: 214/512 channels masked
Layer layer4.0.downsample.0.weight: 160/512 channels masked
Layer layer4.1.conv1.weight: 145/512 channels masked
Layer layer4.1.conv2.weight: 149/512 channels masked
------------------------- time cost ------------------------- 15.193603992462158
ASR: 0.5162946372808825
attack_auc: 0.8924661585117262
Layer conv1.weight: 19/64 channels masked
Layer layer1.0.conv1.weight: 2/64 channels masked
Layer layer1.0.conv2.weight: 1/64 channels masked
Layer layer1.1.conv1.weight: 1/64 channels masked
Layer layer2.0.downsample.0.weight: 2/128 channels masked
Layer layer3.0.conv2.weight: 1/256 channels masked
Layer layer3.1.conv2.weight: 27/256 channels masked
Layer layer4.0.conv1.weight: 209/512 channels masked
Layer layer4.0.conv2.weight: 214/512 channels masked
Layer layer4.0.downsample.0.weight: 160/512 channels masked
Layer layer4.1.conv1.weight: 147/512 channels masked
Layer layer4.1.conv2.weight: 149/512 channels masked
------------------------- time cost ------------------------- 14.651733875274658

-------------Round number: 950-------------

Evaluate personalized models
Averaged Train Loss: 0.1992
Averaged Test Accurancy: 0.6793
Averaged Test AUC: 0.9410
Std Test Accurancy: 0.1159
Std Test AUC: 0.0327
ASR: 0.5225658262791278
attack_auc: 0.8935612326166119
Layer conv1.weight: 19/64 channels masked
Layer layer1.0.conv1.weight: 2/64 channels masked
Layer layer1.0.conv2.weight: 1/64 channels masked
Layer layer1.1.conv1.weight: 1/64 channels masked
Layer layer2.0.downsample.0.weight: 2/128 channels masked
Layer layer3.0.conv2.weight: 1/256 channels masked
Layer layer3.1.conv2.weight: 27/256 channels masked
Layer layer4.0.conv1.weight: 210/512 channels masked
Layer layer4.0.conv2.weight: 214/512 channels masked
Layer layer4.0.downsample.0.weight: 159/512 channels masked
Layer layer4.1.conv1.weight: 147/512 channels masked
Layer layer4.1.conv2.weight: 149/512 channels masked
------------------------- time cost ------------------------- 23.218888521194458
ASR: 0.5294095380734616
attack_auc: 0.8956451416304961
Layer conv1.weight: 19/64 channels masked
Layer layer1.0.conv1.weight: 2/64 channels masked
Layer layer1.0.conv2.weight: 1/64 channels masked
Layer layer1.1.conv1.weight: 1/64 channels masked
Layer layer2.0.downsample.0.weight: 2/128 channels masked
Layer layer3.0.conv2.weight: 1/256 channels masked
Layer layer3.1.conv2.weight: 27/256 channels masked
Layer layer4.0.conv1.weight: 205/512 channels masked
Layer layer4.0.conv2.weight: 214/512 channels masked
Layer layer4.0.downsample.0.weight: 159/512 channels masked
Layer layer4.1.conv1.weight: 149/512 channels masked
Layer layer4.1.conv2.weight: 149/512 channels masked
------------------------- time cost ------------------------- 16.303468465805054
ASR: 0.5295085020592409
attack_auc: 0.8977651140236852
Layer conv1.weight: 19/64 channels masked
Layer layer1.0.conv1.weight: 2/64 channels masked
Layer layer1.0.conv2.weight: 1/64 channels masked
Layer layer1.1.conv1.weight: 1/64 channels masked
Layer layer2.0.downsample.0.weight: 2/128 channels masked
Layer layer3.0.conv2.weight: 1/256 channels masked
Layer layer3.1.conv2.weight: 28/256 channels masked
Layer layer4.0.conv1.weight: 194/512 channels masked
Layer layer4.0.conv2.weight: 214/512 channels masked
Layer layer4.0.downsample.0.weight: 159/512 channels masked
Layer layer4.1.conv1.weight: 149/512 channels masked
Layer layer4.1.conv2.weight: 149/512 channels masked
------------------------- time cost ------------------------- 18.266595125198364
ASR: 0.5159458364647188
attack_auc: 0.8982214704054149
Layer conv1.weight: 19/64 channels masked
Layer layer1.0.conv1.weight: 2/64 channels masked
Layer layer1.0.conv2.weight: 1/64 channels masked
Layer layer1.1.conv1.weight: 1/64 channels masked
Layer layer2.0.downsample.0.weight: 2/128 channels masked
Layer layer3.0.conv2.weight: 1/256 channels masked
Layer layer3.1.conv2.weight: 28/256 channels masked
Layer layer4.0.conv1.weight: 198/512 channels masked
Layer layer4.0.conv2.weight: 215/512 channels masked
Layer layer4.0.downsample.0.weight: 159/512 channels masked
Layer layer4.1.conv1.weight: 150/512 channels masked
Layer layer4.1.conv2.weight: 149/512 channels masked
------------------------- time cost ------------------------- 18.95360565185547
ASR: 0.4931500050459944
attack_auc: 0.8885365338372809
Layer conv1.weight: 18/64 channels masked
Layer layer1.0.conv1.weight: 2/64 channels masked
Layer layer1.0.conv2.weight: 1/64 channels masked
Layer layer1.1.conv1.weight: 1/64 channels masked
Layer layer2.0.downsample.0.weight: 2/128 channels masked
Layer layer3.0.conv2.weight: 1/256 channels masked
Layer layer3.1.conv2.weight: 28/256 channels masked
Layer layer4.0.conv1.weight: 196/512 channels masked
Layer layer4.0.conv2.weight: 214/512 channels masked
Layer layer4.0.downsample.0.weight: 160/512 channels masked
Layer layer4.1.conv1.weight: 142/512 channels masked
Layer layer4.1.conv2.weight: 150/512 channels masked
------------------------- time cost ------------------------- 17.312589645385742
ASR: 0.4828726908072583
attack_auc: 0.8865376012286867
Layer conv1.weight: 18/64 channels masked
Layer layer1.0.conv1.weight: 2/64 channels masked
Layer layer1.0.conv2.weight: 1/64 channels masked
Layer layer1.1.conv1.weight: 1/64 channels masked
Layer layer2.0.downsample.0.weight: 2/128 channels masked
Layer layer3.0.conv2.weight: 1/256 channels masked
Layer layer3.1.conv2.weight: 28/256 channels masked
Layer layer4.0.conv1.weight: 201/512 channels masked
Layer layer4.0.conv2.weight: 215/512 channels masked
Layer layer4.0.downsample.0.weight: 161/512 channels masked
Layer layer4.1.conv1.weight: 144/512 channels masked
Layer layer4.1.conv2.weight: 150/512 channels masked
------------------------- time cost ------------------------- 18.555938243865967
ASR: 0.48442675895097914
attack_auc: 0.8846957893223931
Layer conv1.weight: 18/64 channels masked
Layer layer1.0.conv1.weight: 2/64 channels masked
Layer layer1.0.conv2.weight: 1/64 channels masked
Layer layer1.1.conv1.weight: 1/64 channels masked
Layer layer2.0.downsample.0.weight: 2/128 channels masked
Layer layer3.0.conv2.weight: 1/256 channels masked
Layer layer3.1.conv2.weight: 28/256 channels masked
Layer layer4.0.conv1.weight: 215/512 channels masked
Layer layer4.0.conv2.weight: 215/512 channels masked
Layer layer4.0.downsample.0.weight: 162/512 channels masked
Layer layer4.1.conv1.weight: 143/512 channels masked
Layer layer4.1.conv2.weight: 150/512 channels masked
------------------------- time cost ------------------------- 16.99032711982727
ASR: 0.4600559339995521
attack_auc: 0.8748704716332414
Layer conv1.weight: 18/64 channels masked
Layer layer1.0.conv1.weight: 2/64 channels masked
Layer layer1.0.conv2.weight: 1/64 channels masked
Layer layer1.1.conv1.weight: 1/64 channels masked
Layer layer2.0.downsample.0.weight: 2/128 channels masked
Layer layer3.0.conv2.weight: 1/256 channels masked
Layer layer3.1.conv2.weight: 28/256 channels masked
Layer layer4.0.conv1.weight: 214/512 channels masked
Layer layer4.0.conv2.weight: 215/512 channels masked
Layer layer4.0.downsample.0.weight: 161/512 channels masked
Layer layer4.1.conv1.weight: 144/512 channels masked
Layer layer4.1.conv2.weight: 150/512 channels masked
------------------------- time cost ------------------------- 14.302608966827393
ASR: 0.4669235762289903
attack_auc: 0.8733103954994399
Layer conv1.weight: 18/64 channels masked
Layer layer1.0.conv1.weight: 2/64 channels masked
Layer layer1.0.conv2.weight: 1/64 channels masked
Layer layer1.1.conv1.weight: 1/64 channels masked
Layer layer2.0.downsample.0.weight: 2/128 channels masked
Layer layer3.0.conv2.weight: 1/256 channels masked
Layer layer3.1.conv1.weight: 1/256 channels masked
Layer layer3.1.conv2.weight: 28/256 channels masked
Layer layer4.0.conv1.weight: 200/512 channels masked
Layer layer4.0.conv2.weight: 215/512 channels masked
Layer layer4.0.downsample.0.weight: 162/512 channels masked
Layer layer4.1.conv1.weight: 151/512 channels masked
Layer layer4.1.conv2.weight: 150/512 channels masked
------------------------- time cost ------------------------- 17.22712016105652
ASR: 0.4419969294224698
attack_auc: 0.8664259610365275
Layer conv1.weight: 18/64 channels masked
Layer layer1.0.conv1.weight: 2/64 channels masked
Layer layer1.0.conv2.weight: 1/64 channels masked
Layer layer1.1.conv1.weight: 1/64 channels masked
Layer layer2.0.downsample.0.weight: 2/128 channels masked
Layer layer3.0.conv2.weight: 1/256 channels masked
Layer layer3.1.conv1.weight: 1/256 channels masked
Layer layer3.1.conv2.weight: 28/256 channels masked
Layer layer4.0.conv1.weight: 202/512 channels masked
Layer layer4.0.conv2.weight: 216/512 channels masked
Layer layer4.0.downsample.0.weight: 162/512 channels masked
Layer layer4.1.conv1.weight: 152/512 channels masked
Layer layer4.1.conv2.weight: 150/512 channels masked
------------------------- time cost ------------------------- 15.351871252059937

-------------Round number: 960-------------

Evaluate personalized models
Averaged Train Loss: 0.2709
Averaged Test Accurancy: 0.6608
Averaged Test AUC: 0.9387
Std Test Accurancy: 0.1266
Std Test AUC: 0.0326
ASR: 0.5010700530220555
attack_auc: 0.885543202368739
Layer conv1.weight: 18/64 channels masked
Layer layer1.0.conv1.weight: 2/64 channels masked
Layer layer1.0.conv2.weight: 1/64 channels masked
Layer layer1.1.conv1.weight: 1/64 channels masked
Layer layer2.0.downsample.0.weight: 2/128 channels masked
Layer layer3.0.conv2.weight: 1/256 channels masked
Layer layer3.1.conv1.weight: 1/256 channels masked
Layer layer3.1.conv2.weight: 28/256 channels masked
Layer layer4.0.conv1.weight: 206/512 channels masked
Layer layer4.0.conv2.weight: 217/512 channels masked
Layer layer4.0.downsample.0.weight: 162/512 channels masked
Layer layer4.1.conv1.weight: 151/512 channels masked
Layer layer4.1.conv2.weight: 150/512 channels masked
------------------------- time cost ------------------------- 23.076904296875
ASR: 0.4878324251905983
attack_auc: 0.885703429667476
Layer conv1.weight: 18/64 channels masked
Layer layer1.0.conv1.weight: 2/64 channels masked
Layer layer1.0.conv2.weight: 1/64 channels masked
Layer layer1.1.conv1.weight: 1/64 channels masked
Layer layer2.0.downsample.0.weight: 2/128 channels masked
Layer layer3.0.conv2.weight: 1/256 channels masked
Layer layer3.1.conv1.weight: 1/256 channels masked
Layer layer3.1.conv2.weight: 28/256 channels masked
Layer layer4.0.conv1.weight: 206/512 channels masked
Layer layer4.0.conv2.weight: 217/512 channels masked
Layer layer4.0.downsample.0.weight: 162/512 channels masked
Layer layer4.1.conv1.weight: 157/512 channels masked
Layer layer4.1.conv2.weight: 150/512 channels masked
------------------------- time cost ------------------------- 14.583903789520264
ASR: 0.4798448130823249
attack_auc: 0.8833791660763378
Layer conv1.weight: 18/64 channels masked
Layer layer1.0.conv1.weight: 2/64 channels masked
Layer layer1.0.conv2.weight: 1/64 channels masked
Layer layer1.1.conv1.weight: 1/64 channels masked
Layer layer2.0.downsample.0.weight: 2/128 channels masked
Layer layer3.0.conv2.weight: 1/256 channels masked
Layer layer3.1.conv1.weight: 1/256 channels masked
Layer layer3.1.conv2.weight: 30/256 channels masked
Layer layer4.0.conv1.weight: 182/512 channels masked
Layer layer4.0.conv2.weight: 217/512 channels masked
Layer layer4.0.downsample.0.weight: 163/512 channels masked
Layer layer4.1.conv1.weight: 154/512 channels masked
Layer layer4.1.conv2.weight: 150/512 channels masked
------------------------- time cost ------------------------- 15.690327882766724
ASR: 0.4593475745734498
attack_auc: 0.8686366453076709
Layer conv1.weight: 18/64 channels masked
Layer layer1.0.conv1.weight: 2/64 channels masked
Layer layer1.0.conv2.weight: 1/64 channels masked
Layer layer1.1.conv1.weight: 1/64 channels masked
Layer layer2.0.downsample.0.weight: 2/128 channels masked
Layer layer3.0.conv2.weight: 1/256 channels masked
Layer layer3.1.conv1.weight: 1/256 channels masked
Layer layer3.1.conv2.weight: 30/256 channels masked
Layer layer4.0.conv1.weight: 179/512 channels masked
Layer layer4.0.conv2.weight: 217/512 channels masked
Layer layer4.0.downsample.0.weight: 161/512 channels masked
Layer layer4.1.conv1.weight: 157/512 channels masked
Layer layer4.1.conv2.weight: 151/512 channels masked
------------------------- time cost ------------------------- 16.426547288894653
ASR: 0.4605008155920877
attack_auc: 0.8688919056724297
Layer conv1.weight: 18/64 channels masked
Layer layer1.0.conv1.weight: 2/64 channels masked
Layer layer1.0.conv2.weight: 1/64 channels masked
Layer layer1.1.conv1.weight: 1/64 channels masked
Layer layer2.0.downsample.0.weight: 2/128 channels masked
Layer layer3.0.conv2.weight: 1/256 channels masked
Layer layer3.1.conv1.weight: 1/256 channels masked
Layer layer3.1.conv2.weight: 30/256 channels masked
Layer layer4.0.conv1.weight: 182/512 channels masked
Layer layer4.0.conv2.weight: 217/512 channels masked
Layer layer4.0.downsample.0.weight: 161/512 channels masked
Layer layer4.1.conv1.weight: 156/512 channels masked
Layer layer4.1.conv2.weight: 151/512 channels masked
------------------------- time cost ------------------------- 18.309069633483887
ASR: 0.4228512352761097
attack_auc: 0.8554088867531315
Layer conv1.weight: 18/64 channels masked
Layer layer1.0.conv1.weight: 2/64 channels masked
Layer layer1.0.conv2.weight: 1/64 channels masked
Layer layer1.1.conv1.weight: 1/64 channels masked
Layer layer2.0.downsample.0.weight: 2/128 channels masked
Layer layer3.0.conv2.weight: 1/256 channels masked
Layer layer3.1.conv1.weight: 1/256 channels masked
Layer layer3.1.conv2.weight: 30/256 channels masked
Layer layer4.0.conv1.weight: 185/512 channels masked
Layer layer4.0.conv2.weight: 217/512 channels masked
Layer layer4.0.downsample.0.weight: 162/512 channels masked
Layer layer4.1.conv1.weight: 159/512 channels masked
Layer layer4.1.conv2.weight: 151/512 channels masked
------------------------- time cost ------------------------- 17.56457757949829
ASR: 0.4260720186899785
attack_auc: 0.8559694931284579
Layer conv1.weight: 18/64 channels masked
Layer layer1.0.conv1.weight: 2/64 channels masked
Layer layer1.0.conv2.weight: 1/64 channels masked
Layer layer1.1.conv1.weight: 1/64 channels masked
Layer layer2.0.downsample.0.weight: 2/128 channels masked
Layer layer3.0.conv2.weight: 1/256 channels masked
Layer layer3.1.conv1.weight: 1/256 channels masked
Layer layer3.1.conv2.weight: 30/256 channels masked
Layer layer4.0.conv1.weight: 172/512 channels masked
Layer layer4.0.conv2.weight: 217/512 channels masked
Layer layer4.0.downsample.0.weight: 158/512 channels masked
Layer layer4.1.conv1.weight: 136/512 channels masked
Layer layer4.1.conv2.weight: 151/512 channels masked
------------------------- time cost ------------------------- 14.727797985076904
ASR: 0.4202693788823047
attack_auc: 0.8525605843732477
Layer conv1.weight: 18/64 channels masked
Layer layer1.0.conv1.weight: 2/64 channels masked
Layer layer1.0.conv2.weight: 1/64 channels masked
Layer layer1.1.conv1.weight: 1/64 channels masked
Layer layer2.0.downsample.0.weight: 2/128 channels masked
Layer layer3.0.conv2.weight: 1/256 channels masked
Layer layer3.1.conv1.weight: 1/256 channels masked
Layer layer3.1.conv2.weight: 30/256 channels masked
Layer layer4.0.conv1.weight: 176/512 channels masked
Layer layer4.0.conv2.weight: 217/512 channels masked
Layer layer4.0.downsample.0.weight: 159/512 channels masked
Layer layer4.1.conv1.weight: 142/512 channels masked
Layer layer4.1.conv2.weight: 151/512 channels masked
------------------------- time cost ------------------------- 18.32204270362854
ASR: 0.453053240806619
attack_auc: 0.8677923820888217
Layer conv1.weight: 18/64 channels masked
Layer layer1.0.conv1.weight: 2/64 channels masked
Layer layer1.0.conv2.weight: 1/64 channels masked
Layer layer1.1.conv1.weight: 1/64 channels masked
Layer layer2.0.downsample.0.weight: 2/128 channels masked
Layer layer3.0.conv2.weight: 1/256 channels masked
Layer layer3.1.conv1.weight: 1/256 channels masked
Layer layer3.1.conv2.weight: 30/256 channels masked
Layer layer4.0.conv1.weight: 166/512 channels masked
Layer layer4.0.conv2.weight: 217/512 channels masked
Layer layer4.0.downsample.0.weight: 157/512 channels masked
Layer layer4.1.conv1.weight: 136/512 channels masked
Layer layer4.1.conv2.weight: 151/512 channels masked
------------------------- time cost ------------------------- 16.19190239906311
ASR: 0.4304889590663018
attack_auc: 0.8605188930535044
Layer conv1.weight: 18/64 channels masked
Layer layer1.0.conv1.weight: 2/64 channels masked
Layer layer1.0.conv2.weight: 1/64 channels masked
Layer layer1.1.conv1.weight: 1/64 channels masked
Layer layer2.0.downsample.0.weight: 2/128 channels masked
Layer layer3.0.conv2.weight: 1/256 channels masked
Layer layer3.1.conv1.weight: 1/256 channels masked
Layer layer3.1.conv2.weight: 32/256 channels masked
Layer layer4.0.conv1.weight: 165/512 channels masked
Layer layer4.0.conv2.weight: 217/512 channels masked
Layer layer4.0.downsample.0.weight: 160/512 channels masked
Layer layer4.1.conv1.weight: 137/512 channels masked
Layer layer4.1.conv2.weight: 151/512 channels masked
------------------------- time cost ------------------------- 15.703952074050903

-------------Round number: 970-------------

Evaluate personalized models
Averaged Train Loss: 0.2418
Averaged Test Accurancy: 0.6623
Averaged Test AUC: 0.9397
Std Test Accurancy: 0.1178
Std Test AUC: 0.0341
ASR: 0.43870418116034443
attack_auc: 0.863260852121189
Layer conv1.weight: 18/64 channels masked
Layer layer1.0.conv1.weight: 2/64 channels masked
Layer layer1.0.conv2.weight: 1/64 channels masked
Layer layer1.1.conv1.weight: 1/64 channels masked
Layer layer2.0.downsample.0.weight: 2/128 channels masked
Layer layer3.0.conv2.weight: 1/256 channels masked
Layer layer3.1.conv1.weight: 1/256 channels masked
Layer layer3.1.conv2.weight: 32/256 channels masked
Layer layer4.0.conv1.weight: 171/512 channels masked
Layer layer4.0.conv2.weight: 218/512 channels masked
Layer layer4.0.downsample.0.weight: 158/512 channels masked
Layer layer4.1.conv1.weight: 132/512 channels masked
Layer layer4.1.conv2.weight: 151/512 channels masked
------------------------- time cost ------------------------- 26.06621503829956
ASR: 0.4355668341552711
attack_auc: 0.8615521742318134
Layer conv1.weight: 18/64 channels masked
Layer layer1.0.conv1.weight: 2/64 channels masked
Layer layer1.0.conv2.weight: 1/64 channels masked
Layer layer1.1.conv1.weight: 1/64 channels masked
Layer layer2.0.downsample.0.weight: 2/128 channels masked
Layer layer3.0.conv2.weight: 1/256 channels masked
Layer layer3.1.conv1.weight: 1/256 channels masked
Layer layer3.1.conv2.weight: 33/256 channels masked
Layer layer4.0.conv1.weight: 174/512 channels masked
Layer layer4.0.conv2.weight: 218/512 channels masked
Layer layer4.0.downsample.0.weight: 158/512 channels masked
Layer layer4.1.conv1.weight: 133/512 channels masked
Layer layer4.1.conv2.weight: 151/512 channels masked
------------------------- time cost ------------------------- 14.4105863571167
ASR: 0.4428357162910367
attack_auc: 0.864915784547018
Layer conv1.weight: 18/64 channels masked
Layer layer1.0.conv1.weight: 2/64 channels masked
Layer layer1.0.conv2.weight: 1/64 channels masked
Layer layer1.1.conv1.weight: 1/64 channels masked
Layer layer2.0.downsample.0.weight: 2/128 channels masked
Layer layer3.0.conv2.weight: 1/256 channels masked
Layer layer3.1.conv1.weight: 1/256 channels masked
Layer layer3.1.conv2.weight: 33/256 channels masked
Layer layer4.0.conv1.weight: 170/512 channels masked
Layer layer4.0.conv2.weight: 218/512 channels masked
Layer layer4.0.downsample.0.weight: 158/512 channels masked
Layer layer4.1.conv1.weight: 134/512 channels masked
Layer layer4.1.conv2.weight: 152/512 channels masked
------------------------- time cost ------------------------- 15.05267596244812
ASR: 0.4547722472569904
attack_auc: 0.8718907688395122
Layer conv1.weight: 17/64 channels masked
Layer layer1.0.conv1.weight: 2/64 channels masked
Layer layer1.0.conv2.weight: 1/64 channels masked
Layer layer1.1.conv1.weight: 1/64 channels masked
Layer layer2.0.downsample.0.weight: 2/128 channels masked
Layer layer3.0.conv2.weight: 1/256 channels masked
Layer layer3.1.conv1.weight: 1/256 channels masked
Layer layer3.1.conv2.weight: 33/256 channels masked
Layer layer4.0.conv1.weight: 186/512 channels masked
Layer layer4.0.conv2.weight: 220/512 channels masked
Layer layer4.0.downsample.0.weight: 161/512 channels masked
Layer layer4.1.conv1.weight: 142/512 channels masked
Layer layer4.1.conv2.weight: 152/512 channels masked
------------------------- time cost ------------------------- 14.614009380340576
ASR: 0.4250903622407188
attack_auc: 0.8551029839918328
Layer conv1.weight: 17/64 channels masked
Layer layer1.0.conv1.weight: 2/64 channels masked
Layer layer1.0.conv2.weight: 1/64 channels masked
Layer layer1.1.conv1.weight: 1/64 channels masked
Layer layer2.0.downsample.0.weight: 2/128 channels masked
Layer layer3.0.conv2.weight: 1/256 channels masked
Layer layer3.1.conv1.weight: 1/256 channels masked
Layer layer3.1.conv2.weight: 33/256 channels masked
Layer layer4.0.conv1.weight: 189/512 channels masked
Layer layer4.0.conv2.weight: 220/512 channels masked
Layer layer4.0.downsample.0.weight: 162/512 channels masked
Layer layer4.1.conv1.weight: 146/512 channels masked
Layer layer4.1.conv2.weight: 154/512 channels masked
------------------------- time cost ------------------------- 12.065584897994995
ASR: 0.4553093231082313
attack_auc: 0.8670732915181634
Layer conv1.weight: 17/64 channels masked
Layer layer1.0.conv1.weight: 2/64 channels masked
Layer layer1.0.conv2.weight: 1/64 channels masked
Layer layer1.1.conv1.weight: 1/64 channels masked
Layer layer2.0.downsample.0.weight: 2/128 channels masked
Layer layer3.0.conv2.weight: 1/256 channels masked
Layer layer3.1.conv1.weight: 1/256 channels masked
Layer layer3.1.conv2.weight: 33/256 channels masked
Layer layer4.0.conv1.weight: 195/512 channels masked
Layer layer4.0.conv2.weight: 221/512 channels masked
Layer layer4.0.downsample.0.weight: 162/512 channels masked
Layer layer4.1.conv1.weight: 147/512 channels masked
Layer layer4.1.conv2.weight: 153/512 channels masked
------------------------- time cost ------------------------- 14.75746202468872
ASR: 0.45728115344867903
attack_auc: 0.8713987612548684
Layer conv1.weight: 17/64 channels masked
Layer layer1.0.conv1.weight: 2/64 channels masked
Layer layer1.0.conv2.weight: 1/64 channels masked
Layer layer1.1.conv1.weight: 1/64 channels masked
Layer layer2.0.downsample.0.weight: 2/128 channels masked
Layer layer3.0.conv2.weight: 1/256 channels masked
Layer layer3.1.conv1.weight: 1/256 channels masked
Layer layer3.1.conv2.weight: 33/256 channels masked
Layer layer4.0.conv1.weight: 203/512 channels masked
Layer layer4.0.conv2.weight: 222/512 channels masked
Layer layer4.0.downsample.0.weight: 162/512 channels masked
Layer layer4.1.conv1.weight: 148/512 channels masked
Layer layer4.1.conv2.weight: 155/512 channels masked
------------------------- time cost ------------------------- 16.843118906021118
ASR: 0.45645909105903903
attack_auc: 0.8678869890145473
Layer conv1.weight: 17/64 channels masked
Layer layer1.0.conv1.weight: 2/64 channels masked
Layer layer1.0.conv2.weight: 1/64 channels masked
Layer layer1.1.conv1.weight: 1/64 channels masked
Layer layer2.0.downsample.0.weight: 2/128 channels masked
Layer layer3.0.conv2.weight: 1/256 channels masked
Layer layer3.1.conv1.weight: 1/256 channels masked
Layer layer3.1.conv2.weight: 33/256 channels masked
Layer layer4.0.conv1.weight: 190/512 channels masked
Layer layer4.0.conv2.weight: 222/512 channels masked
Layer layer4.0.downsample.0.weight: 159/512 channels masked
Layer layer4.1.conv1.weight: 144/512 channels masked
Layer layer4.1.conv2.weight: 155/512 channels masked
------------------------- time cost ------------------------- 12.83663034439087
ASR: 0.46084588522261316
attack_auc: 0.872593527616939
Layer conv1.weight: 17/64 channels masked
Layer layer1.0.conv1.weight: 2/64 channels masked
Layer layer1.0.conv2.weight: 1/64 channels masked
Layer layer1.1.conv1.weight: 1/64 channels masked
Layer layer2.0.downsample.0.weight: 2/128 channels masked
Layer layer3.0.conv2.weight: 1/256 channels masked
Layer layer3.1.conv1.weight: 1/256 channels masked
Layer layer3.1.conv2.weight: 33/256 channels masked
Layer layer4.0.conv1.weight: 193/512 channels masked
Layer layer4.0.conv2.weight: 222/512 channels masked
Layer layer4.0.downsample.0.weight: 160/512 channels masked
Layer layer4.1.conv1.weight: 149/512 channels masked
Layer layer4.1.conv2.weight: 155/512 channels masked
------------------------- time cost ------------------------- 15.556639671325684
ASR: 0.4645369743681092
attack_auc: 0.875793399305027
Layer conv1.weight: 17/64 channels masked
Layer layer1.0.conv1.weight: 2/64 channels masked
Layer layer1.0.conv2.weight: 1/64 channels masked
Layer layer1.1.conv1.weight: 1/64 channels masked
Layer layer2.0.downsample.0.weight: 2/128 channels masked
Layer layer3.0.conv2.weight: 1/256 channels masked
Layer layer3.1.conv1.weight: 1/256 channels masked
Layer layer3.1.conv2.weight: 33/256 channels masked
Layer layer4.0.conv1.weight: 176/512 channels masked
Layer layer4.0.conv2.weight: 222/512 channels masked
Layer layer4.0.downsample.0.weight: 161/512 channels masked
Layer layer4.1.conv1.weight: 143/512 channels masked
Layer layer4.1.conv2.weight: 155/512 channels masked
------------------------- time cost ------------------------- 13.908583402633667

-------------Round number: 980-------------

Evaluate personalized models
Averaged Train Loss: 0.2768
Averaged Test Accurancy: 0.6542
Averaged Test AUC: 0.9405
Std Test Accurancy: 0.1217
Std Test AUC: 0.0300
ASR: 0.44009543403843143
attack_auc: 0.86509293884255
Layer conv1.weight: 17/64 channels masked
Layer layer1.0.conv1.weight: 2/64 channels masked
Layer layer1.0.conv2.weight: 1/64 channels masked
Layer layer1.1.conv1.weight: 1/64 channels masked
Layer layer2.0.downsample.0.weight: 2/128 channels masked
Layer layer3.0.conv2.weight: 1/256 channels masked
Layer layer3.1.conv1.weight: 1/256 channels masked
Layer layer3.1.conv2.weight: 33/256 channels masked
Layer layer4.0.conv1.weight: 184/512 channels masked
Layer layer4.0.conv2.weight: 222/512 channels masked
Layer layer4.0.downsample.0.weight: 164/512 channels masked
Layer layer4.1.conv1.weight: 153/512 channels masked
Layer layer4.1.conv2.weight: 155/512 channels masked
------------------------- time cost ------------------------- 23.80833125114441
ASR: 0.456557786667107
attack_auc: 0.8702988953153492
Layer conv1.weight: 17/64 channels masked
Layer layer1.0.conv1.weight: 2/64 channels masked
Layer layer1.0.conv2.weight: 1/64 channels masked
Layer layer1.1.conv1.weight: 1/64 channels masked
Layer layer2.0.downsample.0.weight: 2/128 channels masked
Layer layer3.0.conv2.weight: 1/256 channels masked
Layer layer3.1.conv1.weight: 1/256 channels masked
Layer layer3.1.conv2.weight: 33/256 channels masked
Layer layer4.0.conv1.weight: 183/512 channels masked
Layer layer4.0.conv2.weight: 223/512 channels masked
Layer layer4.0.downsample.0.weight: 164/512 channels masked
Layer layer4.1.conv1.weight: 150/512 channels masked
Layer layer4.1.conv2.weight: 155/512 channels masked
------------------------- time cost ------------------------- 13.761417150497437
ASR: 0.44660777473105134
attack_auc: 0.8649738913587699
Layer conv1.weight: 17/64 channels masked
Layer layer1.0.conv1.weight: 2/64 channels masked
Layer layer1.0.conv2.weight: 1/64 channels masked
Layer layer1.1.conv1.weight: 1/64 channels masked
Layer layer2.0.downsample.0.weight: 2/128 channels masked
Layer layer3.0.conv2.weight: 1/256 channels masked
Layer layer3.1.conv1.weight: 1/256 channels masked
Layer layer3.1.conv2.weight: 33/256 channels masked
Layer layer4.0.conv1.weight: 191/512 channels masked
Layer layer4.0.conv2.weight: 223/512 channels masked
Layer layer4.0.downsample.0.weight: 166/512 channels masked
Layer layer4.1.conv1.weight: 153/512 channels masked
Layer layer4.1.conv2.weight: 155/512 channels masked
------------------------- time cost ------------------------- 13.768125295639038
ASR: 0.4351768761292544
attack_auc: 0.8593947162568453
Layer conv1.weight: 17/64 channels masked
Layer layer1.0.conv1.weight: 2/64 channels masked
Layer layer1.0.conv2.weight: 1/64 channels masked
Layer layer1.1.conv1.weight: 1/64 channels masked
Layer layer2.0.downsample.0.weight: 2/128 channels masked
Layer layer3.0.conv2.weight: 1/256 channels masked
Layer layer3.1.conv1.weight: 1/256 channels masked
Layer layer3.1.conv2.weight: 33/256 channels masked
Layer layer4.0.conv1.weight: 185/512 channels masked
Layer layer4.0.conv2.weight: 222/512 channels masked
Layer layer4.0.downsample.0.weight: 166/512 channels masked
Layer layer4.1.conv1.weight: 151/512 channels masked
Layer layer4.1.conv2.weight: 155/512 channels masked
------------------------- time cost ------------------------- 16.34078598022461
ASR: 0.4294023321571447
attack_auc: 0.8599010602753326
Layer conv1.weight: 17/64 channels masked
Layer layer1.0.conv1.weight: 2/64 channels masked
Layer layer1.0.conv2.weight: 1/64 channels masked
Layer layer1.1.conv1.weight: 1/64 channels masked
Layer layer2.0.downsample.0.weight: 2/128 channels masked
Layer layer3.0.conv2.weight: 1/256 channels masked
Layer layer3.1.conv1.weight: 1/256 channels masked
Layer layer3.1.conv2.weight: 33/256 channels masked
Layer layer4.0.conv1.weight: 191/512 channels masked
Layer layer4.0.conv2.weight: 222/512 channels masked
Layer layer4.0.downsample.0.weight: 166/512 channels masked
Layer layer4.1.conv1.weight: 151/512 channels masked
Layer layer4.1.conv2.weight: 156/512 channels masked
------------------------- time cost ------------------------- 17.90254259109497
ASR: 0.4319076498890091
attack_auc: 0.8610158984142822
Layer conv1.weight: 17/64 channels masked
Layer layer1.0.conv1.weight: 2/64 channels masked
Layer layer1.0.conv2.weight: 1/64 channels masked
Layer layer1.1.conv1.weight: 1/64 channels masked
Layer layer2.0.downsample.0.weight: 2/128 channels masked
Layer layer3.0.conv2.weight: 1/256 channels masked
Layer layer3.1.conv1.weight: 2/256 channels masked
Layer layer3.1.conv2.weight: 35/256 channels masked
Layer layer4.0.conv1.weight: 183/512 channels masked
Layer layer4.0.conv2.weight: 223/512 channels masked
Layer layer4.0.downsample.0.weight: 165/512 channels masked
Layer layer4.1.conv1.weight: 136/512 channels masked
Layer layer4.1.conv2.weight: 156/512 channels masked
------------------------- time cost ------------------------- 18.325653076171875
ASR: 0.4232893269229899
attack_auc: 0.8585938238858238
Layer conv1.weight: 17/64 channels masked
Layer layer1.0.conv1.weight: 2/64 channels masked
Layer layer1.0.conv2.weight: 1/64 channels masked
Layer layer1.1.conv1.weight: 1/64 channels masked
Layer layer2.0.downsample.0.weight: 2/128 channels masked
Layer layer3.0.conv2.weight: 1/256 channels masked
Layer layer3.1.conv1.weight: 2/256 channels masked
Layer layer3.1.conv2.weight: 35/256 channels masked
Layer layer4.0.conv1.weight: 187/512 channels masked
Layer layer4.0.conv2.weight: 223/512 channels masked
Layer layer4.0.downsample.0.weight: 167/512 channels masked
Layer layer4.1.conv1.weight: 141/512 channels masked
Layer layer4.1.conv2.weight: 156/512 channels masked
------------------------- time cost ------------------------- 14.34489631652832
ASR: 0.40921219470670184
attack_auc: 0.8520980139434422
Layer conv1.weight: 17/64 channels masked
Layer layer1.0.conv1.weight: 2/64 channels masked
Layer layer1.0.conv2.weight: 1/64 channels masked
Layer layer1.1.conv1.weight: 1/64 channels masked
Layer layer2.0.downsample.0.weight: 2/128 channels masked
Layer layer3.0.conv2.weight: 1/256 channels masked
Layer layer3.1.conv1.weight: 2/256 channels masked
Layer layer3.1.conv2.weight: 35/256 channels masked
Layer layer4.0.conv1.weight: 188/512 channels masked
Layer layer4.0.conv2.weight: 223/512 channels masked
Layer layer4.0.downsample.0.weight: 168/512 channels masked
Layer layer4.1.conv1.weight: 144/512 channels masked
Layer layer4.1.conv2.weight: 156/512 channels masked
------------------------- time cost ------------------------- 13.324330568313599
ASR: 0.4167165246319708
attack_auc: 0.8569504138905583
Layer conv1.weight: 17/64 channels masked
Layer layer1.0.conv1.weight: 2/64 channels masked
Layer layer1.0.conv2.weight: 1/64 channels masked
Layer layer1.1.conv1.weight: 1/64 channels masked
Layer layer2.0.downsample.0.weight: 2/128 channels masked
Layer layer3.0.conv2.weight: 1/256 channels masked
Layer layer3.1.conv1.weight: 2/256 channels masked
Layer layer3.1.conv2.weight: 35/256 channels masked
Layer layer4.0.conv1.weight: 194/512 channels masked
Layer layer4.0.conv2.weight: 223/512 channels masked
Layer layer4.0.downsample.0.weight: 170/512 channels masked
Layer layer4.1.conv1.weight: 146/512 channels masked
Layer layer4.1.conv2.weight: 156/512 channels masked
------------------------- time cost ------------------------- 14.63390564918518
ASR: 0.43485707496318265
attack_auc: 0.8632117155516328
Layer conv1.weight: 17/64 channels masked
Layer layer1.0.conv1.weight: 2/64 channels masked
Layer layer1.0.conv2.weight: 1/64 channels masked
Layer layer1.1.conv1.weight: 1/64 channels masked
Layer layer2.0.downsample.0.weight: 2/128 channels masked
Layer layer3.0.conv2.weight: 1/256 channels masked
Layer layer3.1.conv1.weight: 2/256 channels masked
Layer layer3.1.conv2.weight: 35/256 channels masked
Layer layer4.0.conv1.weight: 200/512 channels masked
Layer layer4.0.conv2.weight: 223/512 channels masked
Layer layer4.0.downsample.0.weight: 170/512 channels masked
Layer layer4.1.conv1.weight: 144/512 channels masked
Layer layer4.1.conv2.weight: 156/512 channels masked
------------------------- time cost ------------------------- 17.996124029159546

-------------Round number: 990-------------

Evaluate personalized models
Averaged Train Loss: 0.2865
Averaged Test Accurancy: 0.6525
Averaged Test AUC: 0.9378
Std Test Accurancy: 0.1108
Std Test AUC: 0.0284
ASR: 0.45413634723215535
attack_auc: 0.8700218379526106
Layer conv1.weight: 17/64 channels masked
Layer layer1.0.conv1.weight: 2/64 channels masked
Layer layer1.0.conv2.weight: 1/64 channels masked
Layer layer1.1.conv1.weight: 1/64 channels masked
Layer layer2.0.downsample.0.weight: 2/128 channels masked
Layer layer3.0.conv2.weight: 1/256 channels masked
Layer layer3.1.conv1.weight: 2/256 channels masked
Layer layer3.1.conv2.weight: 35/256 channels masked
Layer layer4.0.conv1.weight: 203/512 channels masked
Layer layer4.0.conv2.weight: 223/512 channels masked
Layer layer4.0.downsample.0.weight: 170/512 channels masked
Layer layer4.1.conv1.weight: 145/512 channels masked
Layer layer4.1.conv2.weight: 156/512 channels masked
------------------------- time cost ------------------------- 22.81699299812317
ASR: 0.4631926061124206
attack_auc: 0.8741608175371446
Layer conv1.weight: 17/64 channels masked
Layer layer1.0.conv1.weight: 2/64 channels masked
Layer layer1.0.conv2.weight: 1/64 channels masked
Layer layer1.1.conv1.weight: 1/64 channels masked
Layer layer2.0.downsample.0.weight: 2/128 channels masked
Layer layer3.0.conv2.weight: 1/256 channels masked
Layer layer3.1.conv1.weight: 2/256 channels masked
Layer layer3.1.conv2.weight: 35/256 channels masked
Layer layer4.0.conv1.weight: 199/512 channels masked
Layer layer4.0.conv2.weight: 223/512 channels masked
Layer layer4.0.downsample.0.weight: 170/512 channels masked
Layer layer4.1.conv1.weight: 143/512 channels masked
Layer layer4.1.conv2.weight: 156/512 channels masked
------------------------- time cost ------------------------- 15.739501714706421
ASR: 0.42820831939806975
attack_auc: 0.8622795661109368
Layer conv1.weight: 17/64 channels masked
Layer layer1.0.conv1.weight: 2/64 channels masked
Layer layer1.0.conv2.weight: 1/64 channels masked
Layer layer1.1.conv1.weight: 1/64 channels masked
Layer layer2.0.downsample.0.weight: 2/128 channels masked
Layer layer3.0.conv2.weight: 1/256 channels masked
Layer layer3.1.conv1.weight: 2/256 channels masked
Layer layer3.1.conv2.weight: 35/256 channels masked
Layer layer4.0.conv1.weight: 200/512 channels masked
Layer layer4.0.conv2.weight: 223/512 channels masked
Layer layer4.0.downsample.0.weight: 172/512 channels masked
Layer layer4.1.conv1.weight: 161/512 channels masked
Layer layer4.1.conv2.weight: 156/512 channels masked
------------------------- time cost ------------------------- 13.179879188537598
ASR: 0.4898431579255737
attack_auc: 0.8839453751425101
Layer conv1.weight: 18/64 channels masked
Layer layer1.0.conv1.weight: 2/64 channels masked
Layer layer1.0.conv2.weight: 1/64 channels masked
Layer layer1.1.conv1.weight: 1/64 channels masked
Layer layer2.0.downsample.0.weight: 2/128 channels masked
Layer layer3.0.conv2.weight: 1/256 channels masked
Layer layer3.1.conv1.weight: 2/256 channels masked
Layer layer3.1.conv2.weight: 36/256 channels masked
Layer layer4.0.conv1.weight: 183/512 channels masked
Layer layer4.0.conv2.weight: 224/512 channels masked
Layer layer4.0.downsample.0.weight: 171/512 channels masked
Layer layer4.1.conv1.weight: 121/512 channels masked
Layer layer4.1.conv2.weight: 156/512 channels masked
------------------------- time cost ------------------------- 13.118437051773071
ASR: 0.4389437345115455
attack_auc: 0.8669317943749824
Layer conv1.weight: 18/64 channels masked
Layer layer1.0.conv1.weight: 2/64 channels masked
Layer layer1.0.conv2.weight: 1/64 channels masked
Layer layer1.1.conv1.weight: 1/64 channels masked
Layer layer2.0.downsample.0.weight: 2/128 channels masked
Layer layer3.0.conv2.weight: 1/256 channels masked
Layer layer3.1.conv1.weight: 2/256 channels masked
Layer layer3.1.conv2.weight: 36/256 channels masked
Layer layer4.0.conv1.weight: 193/512 channels masked
Layer layer4.0.conv2.weight: 224/512 channels masked
Layer layer4.0.downsample.0.weight: 171/512 channels masked
Layer layer4.1.conv1.weight: 138/512 channels masked
Layer layer4.1.conv2.weight: 156/512 channels masked
------------------------- time cost ------------------------- 15.923243045806885
ASR: 0.3923511667760796
attack_auc: 0.8459606386782238
Layer conv1.weight: 18/64 channels masked
Layer layer1.0.conv1.weight: 2/64 channels masked
Layer layer1.0.conv2.weight: 1/64 channels masked
Layer layer1.1.conv1.weight: 1/64 channels masked
Layer layer2.0.downsample.0.weight: 2/128 channels masked
Layer layer3.0.conv2.weight: 1/256 channels masked
Layer layer3.1.conv1.weight: 2/256 channels masked
Layer layer3.1.conv2.weight: 37/256 channels masked
Layer layer4.0.conv1.weight: 194/512 channels masked
Layer layer4.0.conv2.weight: 225/512 channels masked
Layer layer4.0.downsample.0.weight: 171/512 channels masked
Layer layer4.1.conv1.weight: 148/512 channels masked
Layer layer4.1.conv2.weight: 156/512 channels masked
------------------------- time cost ------------------------- 17.43105936050415
ASR: 0.39650616742228506
attack_auc: 0.8463249169148344
Layer conv1.weight: 18/64 channels masked
Layer layer1.0.conv1.weight: 2/64 channels masked
Layer layer1.0.conv2.weight: 1/64 channels masked
Layer layer1.1.conv1.weight: 1/64 channels masked
Layer layer2.0.downsample.0.weight: 2/128 channels masked
Layer layer3.0.conv2.weight: 1/256 channels masked
Layer layer3.1.conv1.weight: 2/256 channels masked
Layer layer3.1.conv2.weight: 37/256 channels masked
Layer layer4.0.conv1.weight: 188/512 channels masked
Layer layer4.0.conv2.weight: 225/512 channels masked
Layer layer4.0.downsample.0.weight: 171/512 channels masked
Layer layer4.1.conv1.weight: 150/512 channels masked
Layer layer4.1.conv2.weight: 156/512 channels masked
------------------------- time cost ------------------------- 17.055778741836548
ASR: 0.39332267552531797
attack_auc: 0.8461724105649084
Layer conv1.weight: 18/64 channels masked
Layer layer1.0.conv1.weight: 2/64 channels masked
Layer layer1.0.conv2.weight: 1/64 channels masked
Layer layer1.1.conv1.weight: 1/64 channels masked
Layer layer2.0.downsample.0.weight: 2/128 channels masked
Layer layer3.0.conv2.weight: 1/256 channels masked
Layer layer3.1.conv1.weight: 2/256 channels masked
Layer layer3.1.conv2.weight: 37/256 channels masked
Layer layer4.0.conv1.weight: 196/512 channels masked
Layer layer4.0.conv2.weight: 225/512 channels masked
Layer layer4.0.downsample.0.weight: 171/512 channels masked
Layer layer4.1.conv1.weight: 153/512 channels masked
Layer layer4.1.conv2.weight: 156/512 channels masked
------------------------- time cost ------------------------- 16.685417652130127
ASR: 0.4430522607315087
attack_auc: 0.8643491523963919
Layer conv1.weight: 19/64 channels masked
Layer layer1.0.conv1.weight: 2/64 channels masked
Layer layer1.0.conv2.weight: 1/64 channels masked
Layer layer1.1.conv1.weight: 1/64 channels masked
Layer layer2.0.downsample.0.weight: 2/128 channels masked
Layer layer3.0.conv2.weight: 1/256 channels masked
Layer layer3.1.conv1.weight: 2/256 channels masked
Layer layer3.1.conv2.weight: 37/256 channels masked
Layer layer4.0.conv1.weight: 189/512 channels masked
Layer layer4.0.conv2.weight: 225/512 channels masked
Layer layer4.0.downsample.0.weight: 169/512 channels masked
Layer layer4.1.conv1.weight: 137/512 channels masked
Layer layer4.1.conv2.weight: 156/512 channels masked
------------------------- time cost ------------------------- 14.768737554550171
ASR: 0.4307774813519782
attack_auc: 0.8593548603610893
Layer conv1.weight: 19/64 channels masked
Layer layer1.0.conv1.weight: 2/64 channels masked
Layer layer1.0.conv2.weight: 1/64 channels masked
Layer layer1.1.conv1.weight: 1/64 channels masked
Layer layer2.0.downsample.0.weight: 2/128 channels masked
Layer layer3.0.conv2.weight: 1/256 channels masked
Layer layer3.1.conv1.weight: 2/256 channels masked
Layer layer3.1.conv2.weight: 37/256 channels masked
Layer layer4.0.conv1.weight: 191/512 channels masked
Layer layer4.0.conv2.weight: 226/512 channels masked
Layer layer4.0.downsample.0.weight: 171/512 channels masked
Layer layer4.1.conv1.weight: 146/512 channels masked
Layer layer4.1.conv2.weight: 157/512 channels masked
------------------------- time cost ------------------------- 17.379568815231323

-------------Round number: 1000-------------

Evaluate personalized models
Averaged Train Loss: 0.2306
Averaged Test Accurancy: 0.6718
Averaged Test AUC: 0.9405
Std Test Accurancy: 0.1078
Std Test AUC: 0.0285
ASR: 0.4412005182794366
attack_auc: 0.8616249638133224
Layer conv1.weight: 18/64 channels masked
Layer layer1.0.conv1.weight: 2/64 channels masked
Layer layer1.0.conv2.weight: 1/64 channels masked
Layer layer1.1.conv1.weight: 1/64 channels masked
Layer layer2.0.downsample.0.weight: 2/128 channels masked
Layer layer3.0.conv2.weight: 1/256 channels masked
Layer layer3.1.conv1.weight: 2/256 channels masked
Layer layer3.1.conv2.weight: 38/256 channels masked
Layer layer4.0.conv1.weight: 188/512 channels masked
Layer layer4.0.conv2.weight: 226/512 channels masked
Layer layer4.0.downsample.0.weight: 171/512 channels masked
Layer layer4.1.conv1.weight: 142/512 channels masked
Layer layer4.1.conv2.weight: 157/512 channels masked
------------------------- time cost ------------------------- 21.842031955718994

Best accuracy.
0.7250456734761668

Average time cost per round.
16.895791563749313
File path: ./results/Cifar10_dir0.5_bdoor0.2_nclient_100_badnet_adv10_FedCLCM_BN_LE5_LOWCL_T5A03_0.h5

Average time cost: 16926.18s.
Length:  101
std for best accurancy: 0.0
mean for best accurancy: 0.7250456734761668
All done!
