==================================================
goal = HP01_BN_T8A05
device = cuda
join_ratio = 0.1
device_id = 0
dataset = Cifar10_dir0.5_bdoor0.2_nclient_100_badnet_adv10
num_classes = 10
model = ResNet18
batch_size = 64
local_learning_rate = 0.1
learning_rate_decay = False
learning_rate_decay_gamma = 0.99
global_rounds = 800
top_cnt = 100
local_epochs = 1
algorithm = FedCLCM
num_clients = 100
eval_gap = 10
save_folder_name = items
auto_break = False
batch_num_per_client = 2
feature_dim = 512
vocab_size = 32000
max_len = 200
client_drop_rate = 0.0
time_select = False
time_threthold = 10000
send_slow_rate = 0.0
beta = 0.0
lamda = 1.0
mu = 0.0
K = 5
p_learning_rate = 0.01
M = 5
itk = 4000
alphaK = 1.0
sigma = 1.0
alpha = 1.0
plocal_epochs = 1
lr_head = 0.1
tau = 1.0
fine_tuning_epochs = 10
dr_learning_rate = 0.0
L = 1.0
noise_dim = 512
generator_learning_rate = 0.005
hidden_dim = 512
server_epochs = 1000
localize_feature_extractor = False
server_learning_rate = 1.0
eta = 1.0
rand_percent = 80
layer_idx = 2
mentee_learning_rate = 0.005
T_start = 0.95
T_end = 0.98
momentum = 0.1
kl_weight = 0.0
disti_epochs = 1
protect_id = 1
adv_eps = 0.0
adv_num_iter = 0
defense_epochs = 1
clean_data = 5000
sdmk_m = 7
sdmk_k = 5
delta = 0.5
sim_threshold = 0.7
rt_beta = 0.2
num_adv_clients = 10
lambda_cl = 0.2
aug_strength = 0.1
mask_tau = 8.0
mask_alpha = 0.5
enable_channel_mask = True
cosine_gate = False
cosine_gate_threshold = 0.3
cosine_gate_alpha = 0.5
trim_high_layers = 
trim_beta_high = None
trim_beta_low = None
purify_enable = False
purify_beta = 0.0
purify_feature_beta = 0.0
purify_logit_beta = 0.0
purify_temperature = 2.0
purify_start_round = 1
purify_layers = layer4
purify_teacher_momentum = 0.9
purify_teacher_cpu_half = True
attack = none
ba_target_label = 0
ba_poison_rate = 0.2
ba_trigger_gen_steps = 30
ba_trigger_gen_lr = 0.01
ba_pgd_eps = 0.0314
ba_trigger_scale = 8.0
pfedba_target_label = 0
pfedba_poison_rate = 0.5
pfedba_poison_count = -1
pfedba_poison_before_start = False
pfedba_attack_start = 30
pfedba_trigger_opt_steps = 15
pfedba_trigger_lr = 0.1
pfedba_init_value = 0.5
pfedba_patch_size = 8
pfedba_patch_position = center
pfedba_img_c = 3
pfedba_img_h = 32
pfedba_img_w = 32
pfedba_align_grad_weight = 1.0
pfedba_align_loss_weight = 1.0
pfedba_attack_loss_weight = 1.0
pfedba_opt_samples_per_class = 100
pfedba_opt_batch_size = 64
pfedba_opt_max_batches_per_client = 20
logit_analysis = False
logit_reject_thresholds = 0.5,0.6,0.7,0.8
logit_entropy_thresholds = 1.0,1.5,2.0
logit_margin_thresholds = 0.1,0.2,0.3
==================================================

============= Running time: 0th =============
Creating server and clients ...
ResNet(
  (conv1): Conv2d(3, 64, kernel_size=(3, 3), stride=(1, 1), padding=(1, 1), bias=False)
  (bn1): BatchNorm2d(64, eps=1e-05, momentum=0.1, affine=True, track_running_stats=True)
  (relu): ReLU(inplace=True)
  (layer1): Sequential(
    (0): BasicBlock(
      (conv1): Conv2d(64, 64, kernel_size=(3, 3), stride=(1, 1), padding=(1, 1), bias=False)
      (bn1): BatchNorm2d(64, eps=1e-05, momentum=0.1, affine=True, track_running_stats=True)
      (relu): ReLU(inplace=True)
      (conv2): Conv2d(64, 64, kernel_size=(3, 3), stride=(1, 1), padding=(1, 1), bias=False)
      (bn2): BatchNorm2d(64, eps=1e-05, momentum=0.1, affine=True, track_running_stats=True)
    )
    (1): BasicBlock(
      (conv1): Conv2d(64, 64, kernel_size=(3, 3), stride=(1, 1), padding=(1, 1), bias=False)
      (bn1): BatchNorm2d(64, eps=1e-05, momentum=0.1, affine=True, track_running_stats=True)
      (relu): ReLU(inplace=True)
      (conv2): Conv2d(64, 64, kernel_size=(3, 3), stride=(1, 1), padding=(1, 1), bias=False)
      (bn2): BatchNorm2d(64, eps=1e-05, momentum=0.1, affine=True, track_running_stats=True)
    )
  )
  (layer2): Sequential(
    (0): BasicBlock(
      (conv1): Conv2d(64, 128, kernel_size=(3, 3), stride=(2, 2), padding=(1, 1), bias=False)
      (bn1): BatchNorm2d(128, eps=1e-05, momentum=0.1, affine=True, track_running_stats=True)
      (relu): ReLU(inplace=True)
      (conv2): Conv2d(128, 128, kernel_size=(3, 3), stride=(1, 1), padding=(1, 1), bias=False)
      (bn2): BatchNorm2d(128, eps=1e-05, momentum=0.1, affine=True, track_running_stats=True)
      (downsample): Sequential(
        (0): Conv2d(64, 128, kernel_size=(1, 1), stride=(2, 2), bias=False)
        (1): BatchNorm2d(128, eps=1e-05, momentum=0.1, affine=True, track_running_stats=True)
      )
    )
    (1): BasicBlock(
      (conv1): Conv2d(128, 128, kernel_size=(3, 3), stride=(1, 1), padding=(1, 1), bias=False)
      (bn1): BatchNorm2d(128, eps=1e-05, momentum=0.1, affine=True, track_running_stats=True)
      (relu): ReLU(inplace=True)
      (conv2): Conv2d(128, 128, kernel_size=(3, 3), stride=(1, 1), padding=(1, 1), bias=False)
      (bn2): BatchNorm2d(128, eps=1e-05, momentum=0.1, affine=True, track_running_stats=True)
    )
  )
  (layer3): Sequential(
    (0): BasicBlock(
      (conv1): Conv2d(128, 256, kernel_size=(3, 3), stride=(2, 2), padding=(1, 1), bias=False)
      (bn1): BatchNorm2d(256, eps=1e-05, momentum=0.1, affine=True, track_running_stats=True)
      (relu): ReLU(inplace=True)
      (conv2): Conv2d(256, 256, kernel_size=(3, 3), stride=(1, 1), padding=(1, 1), bias=False)
      (bn2): BatchNorm2d(256, eps=1e-05, momentum=0.1, affine=True, track_running_stats=True)
      (downsample): Sequential(
        (0): Conv2d(128, 256, kernel_size=(1, 1), stride=(2, 2), bias=False)
        (1): BatchNorm2d(256, eps=1e-05, momentum=0.1, affine=True, track_running_stats=True)
      )
    )
    (1): BasicBlock(
      (conv1): Conv2d(256, 256, kernel_size=(3, 3), stride=(1, 1), padding=(1, 1), bias=False)
      (bn1): BatchNorm2d(256, eps=1e-05, momentum=0.1, affine=True, track_running_stats=True)
      (relu): ReLU(inplace=True)
      (conv2): Conv2d(256, 256, kernel_size=(3, 3), stride=(1, 1), padding=(1, 1), bias=False)
      (bn2): BatchNorm2d(256, eps=1e-05, momentum=0.1, affine=True, track_running_stats=True)
    )
  )
  (layer4): Sequential(
    (0): BasicBlock(
      (conv1): Conv2d(256, 512, kernel_size=(3, 3), stride=(2, 2), padding=(1, 1), bias=False)
      (bn1): BatchNorm2d(512, eps=1e-05, momentum=0.1, affine=True, track_running_stats=True)
      (relu): ReLU(inplace=True)
      (conv2): Conv2d(512, 512, kernel_size=(3, 3), stride=(1, 1), padding=(1, 1), bias=False)
      (bn2): BatchNorm2d(512, eps=1e-05, momentum=0.1, affine=True, track_running_stats=True)
      (downsample): Sequential(
        (0): Conv2d(256, 512, kernel_size=(1, 1), stride=(2, 2), bias=False)
        (1): BatchNorm2d(512, eps=1e-05, momentum=0.1, affine=True, track_running_stats=True)
      )
    )
    (1): BasicBlock(
      (conv1): Conv2d(512, 512, kernel_size=(3, 3), stride=(1, 1), padding=(1, 1), bias=False)
      (bn1): BatchNorm2d(512, eps=1e-05, momentum=0.1, affine=True, track_running_stats=True)
      (relu): ReLU(inplace=True)
      (conv2): Conv2d(512, 512, kernel_size=(3, 3), stride=(1, 1), padding=(1, 1), bias=False)
      (bn2): BatchNorm2d(512, eps=1e-05, momentum=0.1, affine=True, track_running_stats=True)
    )
  )
  (avgpool): AdaptiveAvgPool2d(output_size=(1, 1))
  (fc): Linear(in_features=512, out_features=10, bias=True)
)

Join ratio / total clients: 0.1 / 100
Finished creating server and clients.

-------------Round number: 0-------------

Evaluate personalized models
Averaged Train Loss: 2.4217
Averaged Test Accurancy: 0.1065
Averaged Test AUC: 0.5006
Std Test Accurancy: 0.1360
Std Test AUC: 0.1313
ASR: 0.011111111111111112
attack_auc: 0.7298008743409315
------------------------- time cost ------------------------- 13.539548873901367
ASR: 0.8143613879660391
attack_auc: 0.8736877052308472
Layer layer2.0.downsample.0.weight: 1/128 channels masked
Layer layer4.0.downsample.0.weight: 4/512 channels masked
------------------------- time cost ------------------------- 5.108657360076904
ASR: 0.7417758160275857
attack_auc: 0.8454971258556062
Layer conv1.weight: 5/64 channels masked
Layer layer1.0.conv1.weight: 5/64 channels masked
Layer layer1.1.conv1.weight: 1/64 channels masked
Layer layer2.0.downsample.0.weight: 1/128 channels masked
Layer layer3.0.downsample.0.weight: 4/256 channels masked
Layer layer4.0.conv1.weight: 1/512 channels masked
Layer layer4.0.conv2.weight: 1/512 channels masked
Layer layer4.0.downsample.0.weight: 14/512 channels masked
Layer layer4.1.conv2.weight: 4/512 channels masked
------------------------- time cost ------------------------- 5.366658687591553
ASR: 0.6442386515224063
attack_auc: 0.7595717700425834
Layer conv1.weight: 6/64 channels masked
Layer layer1.0.conv1.weight: 6/64 channels masked
Layer layer1.1.conv1.weight: 1/64 channels masked
Layer layer2.0.downsample.0.weight: 1/128 channels masked
Layer layer3.0.downsample.0.weight: 4/256 channels masked
Layer layer4.0.conv1.weight: 1/512 channels masked
Layer layer4.0.conv2.weight: 3/512 channels masked
Layer layer4.0.downsample.0.weight: 31/512 channels masked
Layer layer4.1.conv2.weight: 5/512 channels masked
------------------------- time cost ------------------------- 4.944099426269531
ASR: 0.5802960369983956
attack_auc: 0.7412412252568235
Layer conv1.weight: 7/64 channels masked
Layer layer1.0.conv1.weight: 6/64 channels masked
Layer layer1.1.conv1.weight: 1/64 channels masked
Layer layer2.0.downsample.0.weight: 1/128 channels masked
Layer layer3.0.downsample.0.weight: 4/256 channels masked
Layer layer4.0.conv1.weight: 2/512 channels masked
Layer layer4.0.conv2.weight: 8/512 channels masked
Layer layer4.0.downsample.0.weight: 48/512 channels masked
Layer layer4.1.conv2.weight: 9/512 channels masked
------------------------- time cost ------------------------- 4.976646184921265
ASR: 0.5798102786573458
attack_auc: 0.726941888713279
Layer conv1.weight: 8/64 channels masked
Layer layer1.0.conv1.weight: 6/64 channels masked
Layer layer1.1.conv1.weight: 1/64 channels masked
Layer layer2.0.downsample.0.weight: 1/128 channels masked
Layer layer3.0.downsample.0.weight: 4/256 channels masked
Layer layer4.0.conv1.weight: 4/512 channels masked
Layer layer4.0.conv2.weight: 9/512 channels masked
Layer layer4.0.downsample.0.weight: 54/512 channels masked
Layer layer4.1.conv2.weight: 9/512 channels masked
------------------------- time cost ------------------------- 5.406527757644653
ASR: 0.06207842906770082
attack_auc: 0.6663716723895916
Layer conv1.weight: 8/64 channels masked
Layer layer1.0.conv1.weight: 6/64 channels masked
Layer layer1.1.conv1.weight: 1/64 channels masked
Layer layer2.0.downsample.0.weight: 1/128 channels masked
Layer layer3.0.conv1.weight: 1/256 channels masked
Layer layer3.0.conv2.weight: 1/256 channels masked
Layer layer3.0.downsample.0.weight: 4/256 channels masked
Layer layer4.0.conv1.weight: 5/512 channels masked
Layer layer4.0.conv2.weight: 22/512 channels masked
Layer layer4.0.downsample.0.weight: 66/512 channels masked
Layer layer4.1.conv2.weight: 12/512 channels masked
------------------------- time cost ------------------------- 5.1049323081970215
ASR: 0.05400014102014881
attack_auc: 0.6664701744827242
Layer conv1.weight: 11/64 channels masked
Layer layer1.0.conv1.weight: 6/64 channels masked
Layer layer1.1.conv1.weight: 1/64 channels masked
Layer layer2.0.downsample.0.weight: 1/128 channels masked
Layer layer3.0.conv1.weight: 1/256 channels masked
Layer layer3.0.conv2.weight: 1/256 channels masked
Layer layer3.0.downsample.0.weight: 4/256 channels masked
Layer layer4.0.conv1.weight: 6/512 channels masked
Layer layer4.0.conv2.weight: 20/512 channels masked
Layer layer4.0.downsample.0.weight: 69/512 channels masked
Layer layer4.1.conv2.weight: 10/512 channels masked
------------------------- time cost ------------------------- 4.833187580108643
ASR: 0.0628204500389429
attack_auc: 0.6618124046490896
Layer conv1.weight: 9/64 channels masked
Layer layer1.0.conv1.weight: 6/64 channels masked
Layer layer1.1.conv1.weight: 1/64 channels masked
Layer layer2.0.downsample.0.weight: 1/128 channels masked
Layer layer3.0.conv1.weight: 1/256 channels masked
Layer layer3.0.conv2.weight: 1/256 channels masked
Layer layer3.0.downsample.0.weight: 4/256 channels masked
Layer layer4.0.conv1.weight: 6/512 channels masked
Layer layer4.0.conv2.weight: 21/512 channels masked
Layer layer4.0.downsample.0.weight: 68/512 channels masked
Layer layer4.1.conv2.weight: 11/512 channels masked
------------------------- time cost ------------------------- 5.598760604858398
ASR: 0.07060137066906781
attack_auc: 0.6252170600367295
Layer conv1.weight: 8/64 channels masked
Layer layer1.0.conv1.weight: 6/64 channels masked
Layer layer1.1.conv1.weight: 1/64 channels masked
Layer layer2.0.downsample.0.weight: 1/128 channels masked
Layer layer3.0.conv1.weight: 1/256 channels masked
Layer layer3.0.conv2.weight: 1/256 channels masked
Layer layer3.0.downsample.0.weight: 4/256 channels masked
Layer layer4.0.conv1.weight: 10/512 channels masked
Layer layer4.0.conv2.weight: 23/512 channels masked
Layer layer4.0.downsample.0.weight: 77/512 channels masked
Layer layer4.1.conv2.weight: 13/512 channels masked
------------------------- time cost ------------------------- 5.143532037734985

-------------Round number: 10-------------

Evaluate personalized models
Averaged Train Loss: 5.3536
Averaged Test Accurancy: 0.3041
Averaged Test AUC: 0.7107
Std Test Accurancy: 0.2106
Std Test AUC: 0.2051
ASR: 0.07297336986893499
attack_auc: 0.6424296523240085
Layer conv1.weight: 8/64 channels masked
Layer layer1.0.conv1.weight: 6/64 channels masked
Layer layer1.1.conv1.weight: 1/64 channels masked
Layer layer2.0.downsample.0.weight: 1/128 channels masked
Layer layer3.0.conv1.weight: 1/256 channels masked
Layer layer3.0.conv2.weight: 1/256 channels masked
Layer layer3.0.downsample.0.weight: 4/256 channels masked
Layer layer4.0.conv1.weight: 10/512 channels masked
Layer layer4.0.conv2.weight: 22/512 channels masked
Layer layer4.0.downsample.0.weight: 77/512 channels masked
Layer layer4.1.conv2.weight: 12/512 channels masked
------------------------- time cost ------------------------- 12.868915557861328
ASR: 0.07156150538713207
attack_auc: 0.624228771839908
Layer conv1.weight: 9/64 channels masked
Layer layer1.0.conv1.weight: 6/64 channels masked
Layer layer1.1.conv1.weight: 1/64 channels masked
Layer layer2.0.downsample.0.weight: 1/128 channels masked
Layer layer3.0.conv1.weight: 1/256 channels masked
Layer layer3.0.conv2.weight: 1/256 channels masked
Layer layer3.0.downsample.0.weight: 4/256 channels masked
Layer layer4.0.conv1.weight: 10/512 channels masked
Layer layer4.0.conv2.weight: 28/512 channels masked
Layer layer4.0.downsample.0.weight: 81/512 channels masked
Layer layer4.1.conv2.weight: 13/512 channels masked
------------------------- time cost ------------------------- 5.103962182998657
ASR: 0.07040729464513289
attack_auc: 0.6027789356444887
Layer conv1.weight: 8/64 channels masked
Layer layer1.0.conv1.weight: 6/64 channels masked
Layer layer1.1.conv1.weight: 1/64 channels masked
Layer layer2.0.downsample.0.weight: 1/128 channels masked
Layer layer3.0.conv1.weight: 1/256 channels masked
Layer layer3.0.conv2.weight: 1/256 channels masked
Layer layer3.0.downsample.0.weight: 4/256 channels masked
Layer layer4.0.conv1.weight: 12/512 channels masked
Layer layer4.0.conv2.weight: 34/512 channels masked
Layer layer4.0.downsample.0.weight: 78/512 channels masked
Layer layer4.1.conv2.weight: 13/512 channels masked
------------------------- time cost ------------------------- 5.149206638336182
ASR: 0.0793200363400975
attack_auc: 0.6076245589227671
Layer conv1.weight: 7/64 channels masked
Layer layer1.0.conv1.weight: 6/64 channels masked
Layer layer1.1.conv1.weight: 1/64 channels masked
Layer layer2.0.downsample.0.weight: 1/128 channels masked
Layer layer3.0.conv1.weight: 1/256 channels masked
Layer layer3.0.conv2.weight: 1/256 channels masked
Layer layer3.0.downsample.0.weight: 4/256 channels masked
Layer layer4.0.conv1.weight: 12/512 channels masked
Layer layer4.0.conv2.weight: 35/512 channels masked
Layer layer4.0.downsample.0.weight: 77/512 channels masked
Layer layer4.1.conv2.weight: 14/512 channels masked
------------------------- time cost ------------------------- 5.864036321640015
ASR: 0.07078254291514828
attack_auc: 0.5728110709962114
Layer conv1.weight: 8/64 channels masked
Layer layer1.0.conv1.weight: 6/64 channels masked
Layer layer1.1.conv1.weight: 1/64 channels masked
Layer layer2.0.downsample.0.weight: 1/128 channels masked
Layer layer3.0.conv1.weight: 1/256 channels masked
Layer layer3.0.conv2.weight: 1/256 channels masked
Layer layer3.0.downsample.0.weight: 4/256 channels masked
Layer layer4.0.conv1.weight: 13/512 channels masked
Layer layer4.0.conv2.weight: 34/512 channels masked
Layer layer4.0.downsample.0.weight: 79/512 channels masked
Layer layer4.1.conv2.weight: 13/512 channels masked
------------------------- time cost ------------------------- 5.2022833824157715
ASR: 0.06925020940644572
attack_auc: 0.5727085504496503
Layer conv1.weight: 7/64 channels masked
Layer layer1.0.conv1.weight: 6/64 channels masked
Layer layer1.1.conv1.weight: 1/64 channels masked
Layer layer2.0.downsample.0.weight: 1/128 channels masked
Layer layer3.0.conv1.weight: 1/256 channels masked
Layer layer3.0.conv2.weight: 1/256 channels masked
Layer layer3.0.downsample.0.weight: 4/256 channels masked
Layer layer4.0.conv1.weight: 15/512 channels masked
Layer layer4.0.conv2.weight: 34/512 channels masked
Layer layer4.0.downsample.0.weight: 76/512 channels masked
Layer layer4.1.conv2.weight: 14/512 channels masked
------------------------- time cost ------------------------- 5.315255403518677
ASR: 0.0657850373548245
attack_auc: 0.5298130953416357
Layer conv1.weight: 7/64 channels masked
Layer layer1.0.conv1.weight: 6/64 channels masked
Layer layer1.1.conv1.weight: 1/64 channels masked
Layer layer2.0.downsample.0.weight: 1/128 channels masked
Layer layer3.0.conv1.weight: 1/256 channels masked
Layer layer3.0.conv2.weight: 1/256 channels masked
Layer layer3.0.downsample.0.weight: 4/256 channels masked
Layer layer4.0.conv1.weight: 16/512 channels masked
Layer layer4.0.conv2.weight: 32/512 channels masked
Layer layer4.0.downsample.0.weight: 85/512 channels masked
Layer layer4.1.conv2.weight: 13/512 channels masked
------------------------- time cost ------------------------- 5.244003534317017
ASR: 0.06628395197539785
attack_auc: 0.5329131958237261
Layer conv1.weight: 8/64 channels masked
Layer layer1.0.conv1.weight: 6/64 channels masked
Layer layer1.1.conv1.weight: 1/64 channels masked
Layer layer2.0.downsample.0.weight: 1/128 channels masked
Layer layer3.0.conv1.weight: 1/256 channels masked
Layer layer3.0.conv2.weight: 2/256 channels masked
Layer layer3.0.downsample.0.weight: 4/256 channels masked
Layer layer4.0.conv1.weight: 19/512 channels masked
Layer layer4.0.conv2.weight: 43/512 channels masked
Layer layer4.0.downsample.0.weight: 88/512 channels masked
Layer layer4.1.conv2.weight: 13/512 channels masked
------------------------- time cost ------------------------- 4.729401350021362
ASR: 0.0762474711491049
attack_auc: 0.5628724698860803
Layer conv1.weight: 8/64 channels masked
Layer layer1.0.conv1.weight: 6/64 channels masked
Layer layer1.1.conv1.weight: 1/64 channels masked
Layer layer2.0.downsample.0.weight: 1/128 channels masked
Layer layer3.0.conv1.weight: 1/256 channels masked
Layer layer3.0.conv2.weight: 2/256 channels masked
Layer layer3.0.downsample.0.weight: 4/256 channels masked
Layer layer4.0.conv1.weight: 19/512 channels masked
Layer layer4.0.conv2.weight: 44/512 channels masked
Layer layer4.0.downsample.0.weight: 92/512 channels masked
Layer layer4.1.conv2.weight: 13/512 channels masked
------------------------- time cost ------------------------- 5.2140727043151855
ASR: 0.07662105470567024
attack_auc: 0.548270712657772
Layer conv1.weight: 6/64 channels masked
Layer layer1.0.conv1.weight: 6/64 channels masked
Layer layer1.1.conv1.weight: 1/64 channels masked
Layer layer2.0.downsample.0.weight: 1/128 channels masked
Layer layer3.0.conv1.weight: 1/256 channels masked
Layer layer3.0.conv2.weight: 2/256 channels masked
Layer layer3.0.downsample.0.weight: 4/256 channels masked
Layer layer4.0.conv1.weight: 18/512 channels masked
Layer layer4.0.conv2.weight: 52/512 channels masked
Layer layer4.0.downsample.0.weight: 92/512 channels masked
Layer layer4.1.conv2.weight: 14/512 channels masked
------------------------- time cost ------------------------- 5.592854738235474

-------------Round number: 20-------------

Evaluate personalized models
Averaged Train Loss: 2.0509
Averaged Test Accurancy: 0.4397
Averaged Test AUC: 0.8305
Std Test Accurancy: 0.1995
Std Test AUC: 0.1518
ASR: 0.06739008358219721
attack_auc: 0.5355646417553926
Layer conv1.weight: 6/64 channels masked
Layer layer1.0.conv1.weight: 6/64 channels masked
Layer layer1.1.conv1.weight: 1/64 channels masked
Layer layer2.0.downsample.0.weight: 1/128 channels masked
Layer layer3.0.conv1.weight: 1/256 channels masked
Layer layer3.0.conv2.weight: 2/256 channels masked
Layer layer3.0.downsample.0.weight: 4/256 channels masked
Layer layer4.0.conv1.weight: 18/512 channels masked
Layer layer4.0.conv2.weight: 51/512 channels masked
Layer layer4.0.downsample.0.weight: 87/512 channels masked
Layer layer4.1.conv2.weight: 13/512 channels masked
------------------------- time cost ------------------------- 13.308701038360596
ASR: 0.062316015018950566
attack_auc: 0.511203767333061
Layer conv1.weight: 7/64 channels masked
Layer layer1.0.conv1.weight: 6/64 channels masked
Layer layer1.1.conv1.weight: 1/64 channels masked
Layer layer2.0.downsample.0.weight: 1/128 channels masked
Layer layer3.0.conv1.weight: 1/256 channels masked
Layer layer3.0.conv2.weight: 2/256 channels masked
Layer layer3.0.downsample.0.weight: 4/256 channels masked
Layer layer4.0.conv1.weight: 18/512 channels masked
Layer layer4.0.conv2.weight: 54/512 channels masked
Layer layer4.0.downsample.0.weight: 90/512 channels masked
Layer layer4.1.conv2.weight: 15/512 channels masked
------------------------- time cost ------------------------- 5.217902660369873
ASR: 0.06483863827933935
attack_auc: 0.5241781153437668
Layer conv1.weight: 7/64 channels masked
Layer layer1.0.conv1.weight: 6/64 channels masked
Layer layer1.1.conv1.weight: 1/64 channels masked
Layer layer2.0.downsample.0.weight: 1/128 channels masked
Layer layer3.0.conv1.weight: 1/256 channels masked
Layer layer3.0.conv2.weight: 2/256 channels masked
Layer layer3.0.downsample.0.weight: 4/256 channels masked
Layer layer4.0.conv1.weight: 20/512 channels masked
Layer layer4.0.conv2.weight: 54/512 channels masked
Layer layer4.0.downsample.0.weight: 94/512 channels masked
Layer layer4.1.conv2.weight: 14/512 channels masked
------------------------- time cost ------------------------- 4.613399982452393
ASR: 0.056268351524425615
attack_auc: 0.49667899339599714
Layer conv1.weight: 6/64 channels masked
Layer layer1.0.conv1.weight: 6/64 channels masked
Layer layer1.1.conv1.weight: 1/64 channels masked
Layer layer2.0.downsample.0.weight: 1/128 channels masked
Layer layer3.0.conv1.weight: 1/256 channels masked
Layer layer3.0.conv2.weight: 2/256 channels masked
Layer layer3.0.downsample.0.weight: 4/256 channels masked
Layer layer4.0.conv1.weight: 20/512 channels masked
Layer layer4.0.conv2.weight: 56/512 channels masked
Layer layer4.0.downsample.0.weight: 92/512 channels masked
Layer layer4.1.conv2.weight: 15/512 channels masked
------------------------- time cost ------------------------- 5.88558554649353
ASR: 0.06455754319748619
attack_auc: 0.5102362288614607
Layer conv1.weight: 7/64 channels masked
Layer layer1.0.conv1.weight: 6/64 channels masked
Layer layer1.1.conv1.weight: 1/64 channels masked
Layer layer2.0.downsample.0.weight: 1/128 channels masked
Layer layer3.0.conv1.weight: 1/256 channels masked
Layer layer3.0.conv2.weight: 2/256 channels masked
Layer layer3.0.downsample.0.weight: 4/256 channels masked
Layer layer4.0.conv1.weight: 20/512 channels masked
Layer layer4.0.conv2.weight: 58/512 channels masked
Layer layer4.0.downsample.0.weight: 89/512 channels masked
Layer layer4.1.conv2.weight: 16/512 channels masked
------------------------- time cost ------------------------- 4.961199045181274
ASR: 0.0687943650157167
attack_auc: 0.516831110120084
Layer conv1.weight: 4/64 channels masked
Layer layer1.0.conv1.weight: 6/64 channels masked
Layer layer1.1.conv1.weight: 1/64 channels masked
Layer layer2.0.downsample.0.weight: 1/128 channels masked
Layer layer3.0.conv1.weight: 1/256 channels masked
Layer layer3.0.conv2.weight: 2/256 channels masked
Layer layer3.0.downsample.0.weight: 4/256 channels masked
Layer layer4.0.conv1.weight: 22/512 channels masked
Layer layer4.0.conv2.weight: 54/512 channels masked
Layer layer4.0.downsample.0.weight: 90/512 channels masked
Layer layer4.1.conv2.weight: 17/512 channels masked
------------------------- time cost ------------------------- 4.9945197105407715
ASR: 0.06652861245194645
attack_auc: 0.5190086559742199
Layer conv1.weight: 6/64 channels masked
Layer layer1.0.conv1.weight: 6/64 channels masked
Layer layer1.1.conv1.weight: 1/64 channels masked
Layer layer2.0.downsample.0.weight: 1/128 channels masked
Layer layer3.0.conv1.weight: 1/256 channels masked
Layer layer3.0.conv2.weight: 2/256 channels masked
Layer layer3.0.downsample.0.weight: 4/256 channels masked
Layer layer4.0.conv1.weight: 22/512 channels masked
Layer layer4.0.conv2.weight: 53/512 channels masked
Layer layer4.0.downsample.0.weight: 88/512 channels masked
Layer layer4.1.conv2.weight: 17/512 channels masked
------------------------- time cost ------------------------- 5.258482217788696
ASR: 0.06259263615312924
attack_auc: 0.5359105838341525
Layer conv1.weight: 7/64 channels masked
Layer layer1.0.conv1.weight: 6/64 channels masked
Layer layer1.1.conv1.weight: 1/64 channels masked
Layer layer2.0.downsample.0.weight: 1/128 channels masked
Layer layer3.0.conv1.weight: 1/256 channels masked
Layer layer3.0.conv2.weight: 3/256 channels masked
Layer layer3.0.downsample.0.weight: 4/256 channels masked
Layer layer4.0.conv1.weight: 23/512 channels masked
Layer layer4.0.conv2.weight: 54/512 channels masked
Layer layer4.0.downsample.0.weight: 88/512 channels masked
Layer layer4.1.conv2.weight: 18/512 channels masked
------------------------- time cost ------------------------- 5.3952672481536865
ASR: 0.05444439642489815
attack_auc: 0.5122097067478023
Layer conv1.weight: 4/64 channels masked
Layer layer1.0.conv1.weight: 6/64 channels masked
Layer layer1.1.conv1.weight: 1/64 channels masked
Layer layer2.0.downsample.0.weight: 1/128 channels masked
Layer layer3.0.conv1.weight: 1/256 channels masked
Layer layer3.0.conv2.weight: 3/256 channels masked
Layer layer3.0.downsample.0.weight: 4/256 channels masked
Layer layer4.0.conv1.weight: 24/512 channels masked
Layer layer4.0.conv2.weight: 54/512 channels masked
Layer layer4.0.downsample.0.weight: 91/512 channels masked
Layer layer4.1.conv2.weight: 18/512 channels masked
------------------------- time cost ------------------------- 4.898350715637207
ASR: 0.06436560075906896
attack_auc: 0.5251708849594856
Layer conv1.weight: 4/64 channels masked
Layer layer1.0.conv1.weight: 6/64 channels masked
Layer layer1.1.conv1.weight: 1/64 channels masked
Layer layer2.0.downsample.0.weight: 1/128 channels masked
Layer layer3.0.conv1.weight: 1/256 channels masked
Layer layer3.0.conv2.weight: 3/256 channels masked
Layer layer3.0.downsample.0.weight: 4/256 channels masked
Layer layer4.0.conv1.weight: 24/512 channels masked
Layer layer4.0.conv2.weight: 57/512 channels masked
Layer layer4.0.downsample.0.weight: 92/512 channels masked
Layer layer4.1.conv2.weight: 18/512 channels masked
------------------------- time cost ------------------------- 5.2219202518463135

-------------Round number: 30-------------

Evaluate personalized models
Averaged Train Loss: 1.3036
Averaged Test Accurancy: 0.5345
Averaged Test AUC: 0.8930
Std Test Accurancy: 0.1571
Std Test AUC: 0.0601
ASR: 0.05879172707898591
attack_auc: 0.5130604431128059
Layer conv1.weight: 4/64 channels masked
Layer layer1.0.conv1.weight: 6/64 channels masked
Layer layer1.1.conv1.weight: 1/64 channels masked
Layer layer2.0.downsample.0.weight: 1/128 channels masked
Layer layer3.0.conv1.weight: 1/256 channels masked
Layer layer3.0.conv2.weight: 3/256 channels masked
Layer layer3.0.downsample.0.weight: 4/256 channels masked
Layer layer4.0.conv1.weight: 25/512 channels masked
Layer layer4.0.conv2.weight: 53/512 channels masked
Layer layer4.0.downsample.0.weight: 90/512 channels masked
Layer layer4.1.conv2.weight: 18/512 channels masked
------------------------- time cost ------------------------- 12.944489240646362
ASR: 0.06302430642357551
attack_auc: 0.5129531890610471
Layer conv1.weight: 2/64 channels masked
Layer layer1.0.conv1.weight: 6/64 channels masked
Layer layer1.1.conv1.weight: 1/64 channels masked
Layer layer2.0.downsample.0.weight: 1/128 channels masked
Layer layer3.0.conv1.weight: 1/256 channels masked
Layer layer3.0.conv2.weight: 3/256 channels masked
Layer layer3.0.downsample.0.weight: 4/256 channels masked
Layer layer4.0.conv1.weight: 26/512 channels masked
Layer layer4.0.conv2.weight: 56/512 channels masked
Layer layer4.0.downsample.0.weight: 95/512 channels masked
Layer layer4.1.conv2.weight: 19/512 channels masked
------------------------- time cost ------------------------- 4.8180060386657715
ASR: 0.057709360057303885
attack_auc: 0.5032133447238945
Layer conv1.weight: 2/64 channels masked
Layer layer1.0.conv1.weight: 6/64 channels masked
Layer layer1.1.conv1.weight: 1/64 channels masked
Layer layer2.0.downsample.0.weight: 1/128 channels masked
Layer layer3.0.conv1.weight: 1/256 channels masked
Layer layer3.0.conv2.weight: 3/256 channels masked
Layer layer3.0.downsample.0.weight: 5/256 channels masked
Layer layer4.0.conv1.weight: 26/512 channels masked
Layer layer4.0.conv2.weight: 56/512 channels masked
Layer layer4.0.downsample.0.weight: 94/512 channels masked
Layer layer4.1.conv2.weight: 18/512 channels masked
------------------------- time cost ------------------------- 5.340027332305908
ASR: 0.0449822566946013
attack_auc: 0.48824705037206145
Layer conv1.weight: 3/64 channels masked
Layer layer1.0.conv1.weight: 5/64 channels masked
Layer layer1.1.conv1.weight: 1/64 channels masked
Layer layer2.0.downsample.0.weight: 1/128 channels masked
Layer layer3.0.conv1.weight: 1/256 channels masked
Layer layer3.0.conv2.weight: 3/256 channels masked
Layer layer3.0.downsample.0.weight: 5/256 channels masked
Layer layer4.0.conv1.weight: 25/512 channels masked
Layer layer4.0.conv2.weight: 58/512 channels masked
Layer layer4.0.downsample.0.weight: 93/512 channels masked
Layer layer4.1.conv2.weight: 17/512 channels masked
------------------------- time cost ------------------------- 4.954866409301758
ASR: 0.0449137473187387
attack_auc: 0.47903210996640283
Layer conv1.weight: 3/64 channels masked
Layer layer1.0.conv1.weight: 5/64 channels masked
Layer layer1.1.conv1.weight: 1/64 channels masked
Layer layer2.0.downsample.0.weight: 1/128 channels masked
Layer layer3.0.conv1.weight: 1/256 channels masked
Layer layer3.0.conv2.weight: 4/256 channels masked
Layer layer3.0.downsample.0.weight: 5/256 channels masked
Layer layer4.0.conv1.weight: 24/512 channels masked
Layer layer4.0.conv2.weight: 57/512 channels masked
Layer layer4.0.downsample.0.weight: 101/512 channels masked
Layer layer4.1.conv2.weight: 19/512 channels masked
------------------------- time cost ------------------------- 5.32150411605835
ASR: 0.04620776649385387
attack_auc: 0.49198409555944544
Layer conv1.weight: 3/64 channels masked
Layer layer1.0.conv1.weight: 4/64 channels masked
Layer layer1.1.conv1.weight: 1/64 channels masked
Layer layer2.0.downsample.0.weight: 1/128 channels masked
Layer layer3.0.conv1.weight: 1/256 channels masked
Layer layer3.0.conv2.weight: 4/256 channels masked
Layer layer3.0.downsample.0.weight: 5/256 channels masked
Layer layer4.0.conv1.weight: 24/512 channels masked
Layer layer4.0.conv2.weight: 56/512 channels masked
Layer layer4.0.downsample.0.weight: 99/512 channels masked
Layer layer4.1.conv2.weight: 19/512 channels masked
------------------------- time cost ------------------------- 4.5107502937316895
ASR: 0.038303058649667876
attack_auc: 0.46353128372600083
Layer conv1.weight: 2/64 channels masked
Layer layer1.0.conv1.weight: 4/64 channels masked
Layer layer1.1.conv1.weight: 1/64 channels masked
Layer layer2.0.downsample.0.weight: 1/128 channels masked
Layer layer3.0.conv1.weight: 1/256 channels masked
Layer layer3.0.conv2.weight: 4/256 channels masked
Layer layer3.0.downsample.0.weight: 5/256 channels masked
Layer layer3.1.conv2.weight: 1/256 channels masked
Layer layer4.0.conv1.weight: 24/512 channels masked
Layer layer4.0.conv2.weight: 58/512 channels masked
Layer layer4.0.downsample.0.weight: 102/512 channels masked
Layer layer4.1.conv2.weight: 19/512 channels masked
------------------------- time cost ------------------------- 4.770357131958008
ASR: 0.04304963648494463
attack_auc: 0.4898698474105339
Layer conv1.weight: 2/64 channels masked
Layer layer1.0.conv1.weight: 4/64 channels masked
Layer layer1.1.conv1.weight: 1/64 channels masked
Layer layer2.0.downsample.0.weight: 1/128 channels masked
Layer layer3.0.conv1.weight: 1/256 channels masked
Layer layer3.0.conv2.weight: 4/256 channels masked
Layer layer3.0.downsample.0.weight: 5/256 channels masked
Layer layer3.1.conv2.weight: 1/256 channels masked
Layer layer4.0.conv1.weight: 28/512 channels masked
Layer layer4.0.conv2.weight: 63/512 channels masked
Layer layer4.0.downsample.0.weight: 106/512 channels masked
Layer layer4.1.conv2.weight: 19/512 channels masked
------------------------- time cost ------------------------- 5.334356307983398
ASR: 0.04270482821680355
attack_auc: 0.4901660119147783
Layer conv1.weight: 2/64 channels masked
Layer layer1.0.conv1.weight: 4/64 channels masked
Layer layer1.1.conv1.weight: 1/64 channels masked
Layer layer2.0.downsample.0.weight: 1/128 channels masked
Layer layer3.0.conv1.weight: 1/256 channels masked
Layer layer3.0.conv2.weight: 4/256 channels masked
Layer layer3.0.downsample.0.weight: 5/256 channels masked
Layer layer3.1.conv2.weight: 1/256 channels masked
Layer layer4.0.conv1.weight: 29/512 channels masked
Layer layer4.0.conv2.weight: 63/512 channels masked
Layer layer4.0.downsample.0.weight: 104/512 channels masked
Layer layer4.1.conv2.weight: 19/512 channels masked
------------------------- time cost ------------------------- 4.903722286224365
ASR: 0.041067100082414876
attack_auc: 0.47680369898737235
Layer conv1.weight: 1/64 channels masked
Layer layer1.0.conv1.weight: 4/64 channels masked
Layer layer1.1.conv1.weight: 1/64 channels masked
Layer layer2.0.downsample.0.weight: 1/128 channels masked
Layer layer3.0.conv1.weight: 1/256 channels masked
Layer layer3.0.conv2.weight: 4/256 channels masked
Layer layer3.0.downsample.0.weight: 5/256 channels masked
Layer layer3.1.conv2.weight: 2/256 channels masked
Layer layer4.0.conv1.weight: 30/512 channels masked
Layer layer4.0.conv2.weight: 64/512 channels masked
Layer layer4.0.downsample.0.weight: 104/512 channels masked
Layer layer4.1.conv2.weight: 19/512 channels masked
------------------------- time cost ------------------------- 5.034424066543579

-------------Round number: 40-------------

Evaluate personalized models
Averaged Train Loss: 1.2456
Averaged Test Accurancy: 0.5618
Averaged Test AUC: 0.9025
Std Test Accurancy: 0.1570
Std Test AUC: 0.0557
ASR: 0.04697021449140871
attack_auc: 0.48550723778008376
Layer conv1.weight: 1/64 channels masked
Layer layer1.0.conv1.weight: 4/64 channels masked
Layer layer1.1.conv1.weight: 1/64 channels masked
Layer layer2.0.downsample.0.weight: 1/128 channels masked
Layer layer3.0.conv1.weight: 1/256 channels masked
Layer layer3.0.conv2.weight: 4/256 channels masked
Layer layer3.0.downsample.0.weight: 5/256 channels masked
Layer layer3.1.conv2.weight: 2/256 channels masked
Layer layer4.0.conv1.weight: 29/512 channels masked
Layer layer4.0.conv2.weight: 61/512 channels masked
Layer layer4.0.downsample.0.weight: 104/512 channels masked
Layer layer4.1.conv2.weight: 19/512 channels masked
------------------------- time cost ------------------------- 12.944066047668457
ASR: 0.0518608370808185
attack_auc: 0.5027036524992623
Layer conv1.weight: 2/64 channels masked
Layer layer1.0.conv1.weight: 4/64 channels masked
Layer layer1.1.conv1.weight: 1/64 channels masked
Layer layer2.0.downsample.0.weight: 1/128 channels masked
Layer layer3.0.conv1.weight: 1/256 channels masked
Layer layer3.0.conv2.weight: 4/256 channels masked
Layer layer3.0.downsample.0.weight: 5/256 channels masked
Layer layer3.1.conv2.weight: 3/256 channels masked
Layer layer4.0.conv1.weight: 29/512 channels masked
Layer layer4.0.conv2.weight: 62/512 channels masked
Layer layer4.0.downsample.0.weight: 104/512 channels masked
Layer layer4.1.conv2.weight: 19/512 channels masked
------------------------- time cost ------------------------- 5.1621413230896
ASR: 0.03490484218890925
attack_auc: 0.49436822439841105
Layer conv1.weight: 2/64 channels masked
Layer layer1.0.conv1.weight: 4/64 channels masked
Layer layer1.1.conv1.weight: 1/64 channels masked
Layer layer2.0.downsample.0.weight: 1/128 channels masked
Layer layer3.0.conv1.weight: 1/256 channels masked
Layer layer3.0.conv2.weight: 4/256 channels masked
Layer layer3.0.downsample.0.weight: 5/256 channels masked
Layer layer3.1.conv2.weight: 3/256 channels masked
Layer layer4.0.conv1.weight: 32/512 channels masked
Layer layer4.0.conv2.weight: 64/512 channels masked
Layer layer4.0.downsample.0.weight: 104/512 channels masked
Layer layer4.1.conv2.weight: 18/512 channels masked
------------------------- time cost ------------------------- 5.280433177947998
ASR: 0.04382585087499834
attack_auc: 0.49297081479634597
Layer conv1.weight: 2/64 channels masked
Layer layer1.0.conv1.weight: 4/64 channels masked
Layer layer1.1.conv1.weight: 1/64 channels masked
Layer layer2.0.downsample.0.weight: 1/128 channels masked
Layer layer3.0.conv1.weight: 1/256 channels masked
Layer layer3.0.conv2.weight: 5/256 channels masked
Layer layer3.0.downsample.0.weight: 5/256 channels masked
Layer layer3.1.conv2.weight: 4/256 channels masked
Layer layer4.0.conv1.weight: 32/512 channels masked
Layer layer4.0.conv2.weight: 62/512 channels masked
Layer layer4.0.downsample.0.weight: 104/512 channels masked
Layer layer4.1.conv2.weight: 19/512 channels masked
------------------------- time cost ------------------------- 5.301063299179077
ASR: 0.04601320022611097
attack_auc: 0.5121188491388706
Layer conv1.weight: 2/64 channels masked
Layer layer1.0.conv1.weight: 4/64 channels masked
Layer layer1.1.conv1.weight: 1/64 channels masked
Layer layer2.0.downsample.0.weight: 1/128 channels masked
Layer layer3.0.conv1.weight: 1/256 channels masked
Layer layer3.0.conv2.weight: 5/256 channels masked
Layer layer3.0.downsample.0.weight: 5/256 channels masked
Layer layer3.1.conv2.weight: 4/256 channels masked
Layer layer4.0.conv1.weight: 31/512 channels masked
Layer layer4.0.conv2.weight: 59/512 channels masked
Layer layer4.0.downsample.0.weight: 105/512 channels masked
Layer layer4.1.conv2.weight: 19/512 channels masked
------------------------- time cost ------------------------- 5.6160924434661865
ASR: 0.047230418514363236
attack_auc: 0.5076086717661302
Layer conv1.weight: 2/64 channels masked
Layer layer1.0.conv1.weight: 4/64 channels masked
Layer layer1.1.conv1.weight: 1/64 channels masked
Layer layer2.0.downsample.0.weight: 1/128 channels masked
Layer layer3.0.conv1.weight: 1/256 channels masked
Layer layer3.0.conv2.weight: 5/256 channels masked
Layer layer3.0.downsample.0.weight: 5/256 channels masked
Layer layer3.1.conv2.weight: 5/256 channels masked
Layer layer4.0.conv1.weight: 31/512 channels masked
Layer layer4.0.conv2.weight: 56/512 channels masked
Layer layer4.0.downsample.0.weight: 105/512 channels masked
Layer layer4.1.conv2.weight: 20/512 channels masked
------------------------- time cost ------------------------- 5.679665565490723
ASR: 0.05295909554704259
attack_auc: 0.5287982824878162
Layer layer1.0.conv1.weight: 3/64 channels masked
Layer layer1.1.conv1.weight: 1/64 channels masked
Layer layer2.0.downsample.0.weight: 1/128 channels masked
Layer layer3.0.conv1.weight: 1/256 channels masked
Layer layer3.0.conv2.weight: 5/256 channels masked
Layer layer3.0.downsample.0.weight: 5/256 channels masked
Layer layer3.1.conv2.weight: 5/256 channels masked
Layer layer4.0.conv1.weight: 30/512 channels masked
Layer layer4.0.conv2.weight: 55/512 channels masked
Layer layer4.0.downsample.0.weight: 108/512 channels masked
Layer layer4.1.conv2.weight: 21/512 channels masked
------------------------- time cost ------------------------- 4.667898654937744
ASR: 0.04785937668270177
attack_auc: 0.5142245911355682
Layer layer1.0.conv1.weight: 3/64 channels masked
Layer layer1.1.conv1.weight: 1/64 channels masked
Layer layer2.0.downsample.0.weight: 1/128 channels masked
Layer layer3.0.conv1.weight: 1/256 channels masked
Layer layer3.0.conv2.weight: 5/256 channels masked
Layer layer3.0.downsample.0.weight: 5/256 channels masked
Layer layer3.1.conv2.weight: 5/256 channels masked
Layer layer4.0.conv1.weight: 29/512 channels masked
Layer layer4.0.conv2.weight: 54/512 channels masked
Layer layer4.0.downsample.0.weight: 106/512 channels masked
Layer layer4.1.conv2.weight: 22/512 channels masked
------------------------- time cost ------------------------- 4.979881286621094
ASR: 0.04180139003368607
attack_auc: 0.4990736105071607
Layer layer1.0.conv1.weight: 3/64 channels masked
Layer layer1.1.conv1.weight: 1/64 channels masked
Layer layer2.0.downsample.0.weight: 1/128 channels masked
Layer layer3.0.conv1.weight: 1/256 channels masked
Layer layer3.0.conv2.weight: 5/256 channels masked
Layer layer3.0.downsample.0.weight: 5/256 channels masked
Layer layer3.1.conv2.weight: 5/256 channels masked
Layer layer4.0.conv1.weight: 29/512 channels masked
Layer layer4.0.conv2.weight: 54/512 channels masked
Layer layer4.0.downsample.0.weight: 107/512 channels masked
Layer layer4.1.conv2.weight: 22/512 channels masked
------------------------- time cost ------------------------- 5.4414379596710205
ASR: 0.0406005525844548
attack_auc: 0.4986564185787968
Layer layer1.0.conv1.weight: 3/64 channels masked
Layer layer1.1.conv1.weight: 1/64 channels masked
Layer layer2.0.downsample.0.weight: 1/128 channels masked
Layer layer3.0.conv1.weight: 1/256 channels masked
Layer layer3.0.conv2.weight: 5/256 channels masked
Layer layer3.0.downsample.0.weight: 5/256 channels masked
Layer layer3.1.conv2.weight: 5/256 channels masked
Layer layer4.0.conv1.weight: 30/512 channels masked
Layer layer4.0.conv2.weight: 51/512 channels masked
Layer layer4.0.downsample.0.weight: 110/512 channels masked
Layer layer4.1.conv2.weight: 22/512 channels masked
------------------------- time cost ------------------------- 4.765796184539795

-------------Round number: 50-------------

Evaluate personalized models
Averaged Train Loss: 1.1686
Averaged Test Accurancy: 0.5892
Averaged Test AUC: 0.9150
Std Test Accurancy: 0.1334
Std Test AUC: 0.0450
ASR: 0.0427104468803337
attack_auc: 0.4975435631797096
Layer layer1.0.conv1.weight: 3/64 channels masked
Layer layer1.1.conv1.weight: 1/64 channels masked
Layer layer2.0.downsample.0.weight: 1/128 channels masked
Layer layer3.0.conv1.weight: 1/256 channels masked
Layer layer3.0.conv2.weight: 5/256 channels masked
Layer layer3.0.downsample.0.weight: 5/256 channels masked
Layer layer3.1.conv2.weight: 5/256 channels masked
Layer layer4.0.conv1.weight: 33/512 channels masked
Layer layer4.0.conv2.weight: 54/512 channels masked
Layer layer4.0.downsample.0.weight: 112/512 channels masked
Layer layer4.1.conv2.weight: 24/512 channels masked
------------------------- time cost ------------------------- 13.153637886047363
ASR: 0.03492589077209352
attack_auc: 0.4807428029484925
Layer layer1.0.conv1.weight: 2/64 channels masked
Layer layer1.1.conv1.weight: 1/64 channels masked
Layer layer2.0.downsample.0.weight: 1/128 channels masked
Layer layer3.0.conv1.weight: 1/256 channels masked
Layer layer3.0.conv2.weight: 5/256 channels masked
Layer layer3.0.downsample.0.weight: 5/256 channels masked
Layer layer3.1.conv2.weight: 5/256 channels masked
Layer layer4.0.conv1.weight: 36/512 channels masked
Layer layer4.0.conv2.weight: 53/512 channels masked
Layer layer4.0.downsample.0.weight: 112/512 channels masked
Layer layer4.1.conv2.weight: 24/512 channels masked
------------------------- time cost ------------------------- 5.204569101333618
ASR: 0.03340390834657359
attack_auc: 0.45973782953569864
Layer layer1.0.conv1.weight: 2/64 channels masked
Layer layer1.1.conv1.weight: 1/64 channels masked
Layer layer2.0.downsample.0.weight: 1/128 channels masked
Layer layer3.0.conv1.weight: 1/256 channels masked
Layer layer3.0.conv2.weight: 5/256 channels masked
Layer layer3.0.downsample.0.weight: 5/256 channels masked
Layer layer3.1.conv2.weight: 5/256 channels masked
Layer layer4.0.conv1.weight: 35/512 channels masked
Layer layer4.0.conv2.weight: 52/512 channels masked
Layer layer4.0.downsample.0.weight: 111/512 channels masked
Layer layer4.1.conv2.weight: 24/512 channels masked
------------------------- time cost ------------------------- 5.135896444320679
ASR: 0.03949713196995874
attack_auc: 0.4954506648309118
Layer layer1.0.conv1.weight: 2/64 channels masked
Layer layer1.1.conv1.weight: 1/64 channels masked
Layer layer2.0.downsample.0.weight: 1/128 channels masked
Layer layer3.0.conv1.weight: 1/256 channels masked
Layer layer3.0.conv2.weight: 5/256 channels masked
Layer layer3.0.downsample.0.weight: 5/256 channels masked
Layer layer3.1.conv2.weight: 5/256 channels masked
Layer layer4.0.conv1.weight: 39/512 channels masked
Layer layer4.0.conv2.weight: 50/512 channels masked
Layer layer4.0.downsample.0.weight: 114/512 channels masked
Layer layer4.1.conv2.weight: 24/512 channels masked
------------------------- time cost ------------------------- 5.225557804107666
ASR: 0.03540753368605527
attack_auc: 0.4966145343855655
Layer layer1.0.conv1.weight: 2/64 channels masked
Layer layer1.1.conv1.weight: 1/64 channels masked
Layer layer2.0.downsample.0.weight: 1/128 channels masked
Layer layer3.0.conv1.weight: 1/256 channels masked
Layer layer3.0.conv2.weight: 5/256 channels masked
Layer layer3.0.downsample.0.weight: 5/256 channels masked
Layer layer3.1.conv2.weight: 5/256 channels masked
Layer layer4.0.conv1.weight: 39/512 channels masked
Layer layer4.0.conv2.weight: 56/512 channels masked
Layer layer4.0.downsample.0.weight: 116/512 channels masked
Layer layer4.1.conv2.weight: 23/512 channels masked
------------------------- time cost ------------------------- 4.786850929260254
ASR: 0.033830930747246614
attack_auc: 0.48650840971174697
Layer layer1.0.conv1.weight: 1/64 channels masked
Layer layer1.1.conv1.weight: 1/64 channels masked
Layer layer2.0.downsample.0.weight: 1/128 channels masked
Layer layer3.0.conv1.weight: 1/256 channels masked
Layer layer3.0.conv2.weight: 5/256 channels masked
Layer layer3.0.downsample.0.weight: 5/256 channels masked
Layer layer3.1.conv1.weight: 1/256 channels masked
Layer layer3.1.conv2.weight: 5/256 channels masked
Layer layer4.0.conv1.weight: 38/512 channels masked
Layer layer4.0.conv2.weight: 53/512 channels masked
Layer layer4.0.downsample.0.weight: 114/512 channels masked
Layer layer4.1.conv2.weight: 23/512 channels masked
------------------------- time cost ------------------------- 5.189486026763916
ASR: 0.03200695805935456
attack_auc: 0.47774582228786483
Layer layer1.0.conv1.weight: 1/64 channels masked
Layer layer1.1.conv1.weight: 1/64 channels masked
Layer layer2.0.downsample.0.weight: 1/128 channels masked
Layer layer3.0.conv1.weight: 1/256 channels masked
Layer layer3.0.conv2.weight: 5/256 channels masked
Layer layer3.0.downsample.0.weight: 5/256 channels masked
Layer layer3.1.conv1.weight: 1/256 channels masked
Layer layer3.1.conv2.weight: 5/256 channels masked
Layer layer4.0.conv1.weight: 36/512 channels masked
Layer layer4.0.conv2.weight: 58/512 channels masked
Layer layer4.0.downsample.0.weight: 113/512 channels masked
Layer layer4.1.conv2.weight: 27/512 channels masked
------------------------- time cost ------------------------- 5.3984410762786865
ASR: 0.03353910852610649
attack_auc: 0.490209349942141
Layer layer1.1.conv1.weight: 1/64 channels masked
Layer layer2.0.downsample.0.weight: 1/128 channels masked
Layer layer3.0.conv1.weight: 1/256 channels masked
Layer layer3.0.conv2.weight: 5/256 channels masked
Layer layer3.0.downsample.0.weight: 5/256 channels masked
Layer layer3.1.conv1.weight: 1/256 channels masked
Layer layer3.1.conv2.weight: 5/256 channels masked
Layer layer4.0.conv1.weight: 35/512 channels masked
Layer layer4.0.conv2.weight: 58/512 channels masked
Layer layer4.0.downsample.0.weight: 114/512 channels masked
Layer layer4.1.conv2.weight: 25/512 channels masked
------------------------- time cost ------------------------- 4.899304389953613
ASR: 0.03831352365593529
attack_auc: 0.49181500600302563
Layer conv1.weight: 1/64 channels masked
Layer layer1.1.conv1.weight: 1/64 channels masked
Layer layer2.0.downsample.0.weight: 1/128 channels masked
Layer layer3.0.conv1.weight: 1/256 channels masked
Layer layer3.0.conv2.weight: 5/256 channels masked
Layer layer3.0.downsample.0.weight: 5/256 channels masked
Layer layer3.1.conv1.weight: 1/256 channels masked
Layer layer3.1.conv2.weight: 5/256 channels masked
Layer layer4.0.conv1.weight: 35/512 channels masked
Layer layer4.0.conv2.weight: 61/512 channels masked
Layer layer4.0.downsample.0.weight: 113/512 channels masked
Layer layer4.1.conv2.weight: 26/512 channels masked
------------------------- time cost ------------------------- 5.043600082397461
ASR: 0.03866126842224952
attack_auc: 0.5062241597278463
Layer conv1.weight: 1/64 channels masked
Layer layer1.1.conv1.weight: 1/64 channels masked
Layer layer2.0.downsample.0.weight: 1/128 channels masked
Layer layer3.0.conv1.weight: 1/256 channels masked
Layer layer3.0.conv2.weight: 5/256 channels masked
Layer layer3.0.downsample.0.weight: 5/256 channels masked
Layer layer3.1.conv1.weight: 1/256 channels masked
Layer layer3.1.conv2.weight: 6/256 channels masked
Layer layer4.0.conv1.weight: 35/512 channels masked
Layer layer4.0.conv2.weight: 58/512 channels masked
Layer layer4.0.downsample.0.weight: 112/512 channels masked
Layer layer4.1.conv2.weight: 27/512 channels masked
------------------------- time cost ------------------------- 5.881638050079346

-------------Round number: 60-------------

Evaluate personalized models
Averaged Train Loss: 1.0262
Averaged Test Accurancy: 0.6124
Averaged Test AUC: 0.9212
Std Test Accurancy: 0.1269
Std Test AUC: 0.0369
ASR: 0.04598130342442857
attack_auc: 0.5243266324553831
Layer conv1.weight: 1/64 channels masked
Layer layer1.1.conv1.weight: 1/64 channels masked
Layer layer2.0.downsample.0.weight: 1/128 channels masked
Layer layer3.0.conv1.weight: 1/256 channels masked
Layer layer3.0.conv2.weight: 5/256 channels masked
Layer layer3.0.downsample.0.weight: 5/256 channels masked
Layer layer3.1.conv1.weight: 1/256 channels masked
Layer layer3.1.conv2.weight: 6/256 channels masked
Layer layer4.0.conv1.weight: 35/512 channels masked
Layer layer4.0.conv2.weight: 46/512 channels masked
Layer layer4.0.downsample.0.weight: 108/512 channels masked
Layer layer4.1.conv2.weight: 27/512 channels masked
------------------------- time cost ------------------------- 13.026374578475952
ASR: 0.04842497727319956
attack_auc: 0.5140753455596293
Layer conv1.weight: 1/64 channels masked
Layer layer1.1.conv1.weight: 1/64 channels masked
Layer layer2.0.downsample.0.weight: 1/128 channels masked
Layer layer3.0.conv1.weight: 1/256 channels masked
Layer layer3.0.conv2.weight: 5/256 channels masked
Layer layer3.0.downsample.0.weight: 5/256 channels masked
Layer layer3.1.conv1.weight: 1/256 channels masked
Layer layer3.1.conv2.weight: 6/256 channels masked
Layer layer4.0.conv1.weight: 34/512 channels masked
Layer layer4.0.conv2.weight: 46/512 channels masked
Layer layer4.0.downsample.0.weight: 110/512 channels masked
Layer layer4.1.conv2.weight: 26/512 channels masked
------------------------- time cost ------------------------- 5.137849569320679
ASR: 0.0538400012824047
attack_auc: 0.5239293804435409
Layer layer1.1.conv1.weight: 1/64 channels masked
Layer layer2.0.downsample.0.weight: 1/128 channels masked
Layer layer3.0.conv1.weight: 1/256 channels masked
Layer layer3.0.conv2.weight: 5/256 channels masked
Layer layer3.0.downsample.0.weight: 5/256 channels masked
Layer layer3.1.conv1.weight: 1/256 channels masked
Layer layer3.1.conv2.weight: 6/256 channels masked
Layer layer4.0.conv1.weight: 36/512 channels masked
Layer layer4.0.conv2.weight: 48/512 channels masked
Layer layer4.0.downsample.0.weight: 111/512 channels masked
Layer layer4.1.conv2.weight: 27/512 channels masked
------------------------- time cost ------------------------- 4.544000148773193
ASR: 0.050689318182825994
attack_auc: 0.5144208638279049
Layer layer1.1.conv1.weight: 1/64 channels masked
Layer layer2.0.downsample.0.weight: 1/128 channels masked
Layer layer3.0.conv1.weight: 1/256 channels masked
Layer layer3.0.conv2.weight: 5/256 channels masked
Layer layer3.0.downsample.0.weight: 5/256 channels masked
Layer layer3.1.conv1.weight: 1/256 channels masked
Layer layer3.1.conv2.weight: 6/256 channels masked
Layer layer4.0.conv1.weight: 36/512 channels masked
Layer layer4.0.conv2.weight: 50/512 channels masked
Layer layer4.0.downsample.0.weight: 109/512 channels masked
Layer layer4.1.conv2.weight: 27/512 channels masked
------------------------- time cost ------------------------- 5.144132614135742
ASR: 0.056658441714514146
attack_auc: 0.5255500395045274
Layer layer1.1.conv1.weight: 1/64 channels masked
Layer layer2.0.downsample.0.weight: 1/128 channels masked
Layer layer3.0.conv1.weight: 1/256 channels masked
Layer layer3.0.conv2.weight: 5/256 channels masked
Layer layer3.0.downsample.0.weight: 5/256 channels masked
Layer layer3.1.conv1.weight: 1/256 channels masked
Layer layer3.1.conv2.weight: 6/256 channels masked
Layer layer4.0.conv1.weight: 36/512 channels masked
Layer layer4.0.conv2.weight: 49/512 channels masked
Layer layer4.0.downsample.0.weight: 108/512 channels masked
Layer layer4.1.conv2.weight: 29/512 channels masked
------------------------- time cost ------------------------- 4.901126861572266
ASR: 0.057394440315639964
attack_auc: 0.5311666663523239
Layer layer1.1.conv1.weight: 1/64 channels masked
Layer layer2.0.downsample.0.weight: 1/128 channels masked
Layer layer3.0.conv1.weight: 1/256 channels masked
Layer layer3.0.conv2.weight: 6/256 channels masked
Layer layer3.0.downsample.0.weight: 5/256 channels masked
Layer layer3.1.conv1.weight: 1/256 channels masked
Layer layer3.1.conv2.weight: 6/256 channels masked
Layer layer4.0.conv1.weight: 36/512 channels masked
Layer layer4.0.conv2.weight: 49/512 channels masked
Layer layer4.0.downsample.0.weight: 105/512 channels masked
Layer layer4.1.conv2.weight: 26/512 channels masked
------------------------- time cost ------------------------- 4.968053579330444
ASR: 0.054708800586873746
attack_auc: 0.525356129219956
Layer layer1.1.conv1.weight: 1/64 channels masked
Layer layer2.0.downsample.0.weight: 1/128 channels masked
Layer layer3.0.conv1.weight: 1/256 channels masked
Layer layer3.0.conv2.weight: 6/256 channels masked
Layer layer3.0.downsample.0.weight: 5/256 channels masked
Layer layer3.1.conv1.weight: 1/256 channels masked
Layer layer3.1.conv2.weight: 7/256 channels masked
Layer layer4.0.conv1.weight: 38/512 channels masked
Layer layer4.0.conv2.weight: 52/512 channels masked
Layer layer4.0.downsample.0.weight: 107/512 channels masked
Layer layer4.1.conv2.weight: 29/512 channels masked
------------------------- time cost ------------------------- 4.65287184715271
ASR: 0.05454674024805746
attack_auc: 0.5226142622623806
Layer layer1.1.conv1.weight: 1/64 channels masked
Layer layer2.0.downsample.0.weight: 1/128 channels masked
Layer layer3.0.conv1.weight: 1/256 channels masked
Layer layer3.0.conv2.weight: 6/256 channels masked
Layer layer3.0.downsample.0.weight: 5/256 channels masked
Layer layer3.1.conv1.weight: 1/256 channels masked
Layer layer3.1.conv2.weight: 7/256 channels masked
Layer layer4.0.conv1.weight: 39/512 channels masked
Layer layer4.0.conv2.weight: 53/512 channels masked
Layer layer4.0.downsample.0.weight: 106/512 channels masked
Layer layer4.1.conv2.weight: 28/512 channels masked
------------------------- time cost ------------------------- 5.261253356933594
ASR: 0.05877527850486038
attack_auc: 0.5390481488498453
Layer layer1.1.conv1.weight: 1/64 channels masked
Layer layer2.0.downsample.0.weight: 1/128 channels masked
Layer layer3.0.conv1.weight: 1/256 channels masked
Layer layer3.0.conv2.weight: 6/256 channels masked
Layer layer3.0.downsample.0.weight: 5/256 channels masked
Layer layer3.1.conv1.weight: 1/256 channels masked
Layer layer3.1.conv2.weight: 7/256 channels masked
Layer layer4.0.conv1.weight: 38/512 channels masked
Layer layer4.0.conv2.weight: 50/512 channels masked
Layer layer4.0.downsample.0.weight: 113/512 channels masked
Layer layer4.1.conv2.weight: 31/512 channels masked
------------------------- time cost ------------------------- 5.457495927810669
ASR: 0.049403669536970736
attack_auc: 0.514522834333346
Layer layer1.1.conv1.weight: 1/64 channels masked
Layer layer2.0.downsample.0.weight: 1/128 channels masked
Layer layer3.0.conv1.weight: 1/256 channels masked
Layer layer3.0.conv2.weight: 6/256 channels masked
Layer layer3.0.downsample.0.weight: 5/256 channels masked
Layer layer3.1.conv1.weight: 1/256 channels masked
Layer layer3.1.conv2.weight: 7/256 channels masked
Layer layer4.0.conv1.weight: 37/512 channels masked
Layer layer4.0.conv2.weight: 48/512 channels masked
Layer layer4.0.downsample.0.weight: 114/512 channels masked
Layer layer4.1.conv2.weight: 29/512 channels masked
------------------------- time cost ------------------------- 4.879356145858765

-------------Round number: 70-------------

Evaluate personalized models
Averaged Train Loss: 0.9744
Averaged Test Accurancy: 0.6305
Averaged Test AUC: 0.9257
Std Test Accurancy: 0.1225
Std Test AUC: 0.0341
ASR: 0.05370051992542284
attack_auc: 0.5257451548889311
Layer layer1.1.conv1.weight: 1/64 channels masked
Layer layer2.0.downsample.0.weight: 1/128 channels masked
Layer layer3.0.conv1.weight: 1/256 channels masked
Layer layer3.0.conv2.weight: 6/256 channels masked
Layer layer3.0.downsample.0.weight: 5/256 channels masked
Layer layer3.1.conv1.weight: 1/256 channels masked
Layer layer3.1.conv2.weight: 7/256 channels masked
Layer layer4.0.conv1.weight: 37/512 channels masked
Layer layer4.0.conv2.weight: 48/512 channels masked
Layer layer4.0.downsample.0.weight: 114/512 channels masked
Layer layer4.1.conv2.weight: 29/512 channels masked
------------------------- time cost ------------------------- 13.036595582962036
ASR: 0.04895946918900582
attack_auc: 0.5238114408770872
Layer layer1.1.conv1.weight: 1/64 channels masked
Layer layer2.0.downsample.0.weight: 1/128 channels masked
Layer layer3.0.conv1.weight: 1/256 channels masked
Layer layer3.0.conv2.weight: 6/256 channels masked
Layer layer3.0.downsample.0.weight: 5/256 channels masked
Layer layer3.1.conv1.weight: 1/256 channels masked
Layer layer3.1.conv2.weight: 7/256 channels masked
Layer layer4.0.conv1.weight: 35/512 channels masked
Layer layer4.0.conv2.weight: 49/512 channels masked
Layer layer4.0.downsample.0.weight: 112/512 channels masked
Layer layer4.1.conv2.weight: 30/512 channels masked
------------------------- time cost ------------------------- 5.568023443222046
ASR: 0.05229100679284272
attack_auc: 0.5329616291054937
Layer layer1.1.conv1.weight: 1/64 channels masked
Layer layer2.0.downsample.0.weight: 1/128 channels masked
Layer layer3.0.conv1.weight: 1/256 channels masked
Layer layer3.0.conv2.weight: 6/256 channels masked
Layer layer3.0.downsample.0.weight: 5/256 channels masked
Layer layer3.1.conv1.weight: 1/256 channels masked
Layer layer3.1.conv2.weight: 7/256 channels masked
Layer layer4.0.conv1.weight: 34/512 channels masked
Layer layer4.0.conv2.weight: 36/512 channels masked
Layer layer4.0.downsample.0.weight: 112/512 channels masked
Layer layer4.1.conv2.weight: 30/512 channels masked
------------------------- time cost ------------------------- 6.030741930007935
ASR: 0.0515101040279756
attack_auc: 0.5389697917491622
Layer layer1.1.conv1.weight: 1/64 channels masked
Layer layer2.0.downsample.0.weight: 1/128 channels masked
Layer layer3.0.conv1.weight: 1/256 channels masked
Layer layer3.0.conv2.weight: 6/256 channels masked
Layer layer3.0.downsample.0.weight: 5/256 channels masked
Layer layer3.1.conv1.weight: 1/256 channels masked
Layer layer3.1.conv2.weight: 7/256 channels masked
Layer layer4.0.conv1.weight: 33/512 channels masked
Layer layer4.0.conv2.weight: 36/512 channels masked
Layer layer4.0.downsample.0.weight: 107/512 channels masked
Layer layer4.1.conv2.weight: 30/512 channels masked
------------------------- time cost ------------------------- 5.4985198974609375
ASR: 0.06258200599866154
attack_auc: 0.5658079393521587
Layer layer1.1.conv1.weight: 1/64 channels masked
Layer layer2.0.downsample.0.weight: 1/128 channels masked
Layer layer3.0.conv1.weight: 1/256 channels masked
Layer layer3.0.conv2.weight: 6/256 channels masked
Layer layer3.0.downsample.0.weight: 5/256 channels masked
Layer layer3.1.conv1.weight: 1/256 channels masked
Layer layer3.1.conv2.weight: 8/256 channels masked
Layer layer4.0.conv1.weight: 33/512 channels masked
Layer layer4.0.conv2.weight: 35/512 channels masked
Layer layer4.0.downsample.0.weight: 108/512 channels masked
Layer layer4.1.conv2.weight: 29/512 channels masked
------------------------- time cost ------------------------- 5.392260313034058
ASR: 0.050050934590677554
attack_auc: 0.534768494538105
Layer layer1.1.conv1.weight: 1/64 channels masked
Layer layer2.0.downsample.0.weight: 1/128 channels masked
Layer layer3.0.conv1.weight: 1/256 channels masked
Layer layer3.0.conv2.weight: 6/256 channels masked
Layer layer3.0.downsample.0.weight: 5/256 channels masked
Layer layer3.1.conv1.weight: 1/256 channels masked
Layer layer3.1.conv2.weight: 8/256 channels masked
Layer layer4.0.conv1.weight: 33/512 channels masked
Layer layer4.0.conv2.weight: 36/512 channels masked
Layer layer4.0.downsample.0.weight: 110/512 channels masked
Layer layer4.1.conv2.weight: 30/512 channels masked
------------------------- time cost ------------------------- 5.082515239715576
ASR: 0.046225849229129895
attack_auc: 0.5290983400520262
Layer layer1.1.conv1.weight: 1/64 channels masked
Layer layer2.0.downsample.0.weight: 1/128 channels masked
Layer layer3.0.conv1.weight: 1/256 channels masked
Layer layer3.0.conv2.weight: 6/256 channels masked
Layer layer3.0.downsample.0.weight: 5/256 channels masked
Layer layer3.1.conv1.weight: 1/256 channels masked
Layer layer3.1.conv2.weight: 8/256 channels masked
Layer layer4.0.conv1.weight: 32/512 channels masked
Layer layer4.0.conv2.weight: 32/512 channels masked
Layer layer4.0.downsample.0.weight: 112/512 channels masked
Layer layer4.1.conv2.weight: 30/512 channels masked
------------------------- time cost ------------------------- 4.85101056098938
ASR: 0.05105373778371316
attack_auc: 0.540573937156261
Layer layer1.1.conv1.weight: 1/64 channels masked
Layer layer2.0.downsample.0.weight: 1/128 channels masked
Layer layer3.0.conv1.weight: 1/256 channels masked
Layer layer3.0.conv2.weight: 6/256 channels masked
Layer layer3.0.downsample.0.weight: 5/256 channels masked
Layer layer3.1.conv1.weight: 1/256 channels masked
Layer layer3.1.conv2.weight: 8/256 channels masked
Layer layer4.0.conv1.weight: 34/512 channels masked
Layer layer4.0.conv2.weight: 31/512 channels masked
Layer layer4.0.downsample.0.weight: 113/512 channels masked
Layer layer4.1.conv2.weight: 30/512 channels masked
------------------------- time cost ------------------------- 4.8252341747283936
ASR: 0.04520810185619131
attack_auc: 0.5230546409782167
Layer layer1.1.conv1.weight: 1/64 channels masked
Layer layer2.0.downsample.0.weight: 1/128 channels masked
Layer layer3.0.conv1.weight: 1/256 channels masked
Layer layer3.0.conv2.weight: 6/256 channels masked
Layer layer3.0.downsample.0.weight: 5/256 channels masked
Layer layer3.1.conv1.weight: 1/256 channels masked
Layer layer3.1.conv2.weight: 8/256 channels masked
Layer layer4.0.conv1.weight: 34/512 channels masked
Layer layer4.0.conv2.weight: 34/512 channels masked
Layer layer4.0.downsample.0.weight: 114/512 channels masked
Layer layer4.1.conv2.weight: 33/512 channels masked
------------------------- time cost ------------------------- 5.174051761627197
ASR: 0.04636889309953389
attack_auc: 0.5143909348091517
Layer layer1.1.conv1.weight: 1/64 channels masked
Layer layer2.0.downsample.0.weight: 1/128 channels masked
Layer layer3.0.conv1.weight: 1/256 channels masked
Layer layer3.0.conv2.weight: 6/256 channels masked
Layer layer3.0.downsample.0.weight: 5/256 channels masked
Layer layer3.1.conv1.weight: 1/256 channels masked
Layer layer3.1.conv2.weight: 8/256 channels masked
Layer layer4.0.conv1.weight: 34/512 channels masked
Layer layer4.0.conv2.weight: 35/512 channels masked
Layer layer4.0.downsample.0.weight: 110/512 channels masked
Layer layer4.1.conv2.weight: 31/512 channels masked
------------------------- time cost ------------------------- 5.41677713394165

-------------Round number: 80-------------

Evaluate personalized models
Averaged Train Loss: 0.9256
Averaged Test Accurancy: 0.6447
Averaged Test AUC: 0.9310
Std Test Accurancy: 0.1170
Std Test AUC: 0.0327
ASR: 0.04804359328452922
attack_auc: 0.5240786470918248
Layer layer1.1.conv1.weight: 1/64 channels masked
Layer layer2.0.downsample.0.weight: 1/128 channels masked
Layer layer3.0.conv1.weight: 1/256 channels masked
Layer layer3.0.conv2.weight: 6/256 channels masked
Layer layer3.0.downsample.0.weight: 5/256 channels masked
Layer layer3.1.conv1.weight: 1/256 channels masked
Layer layer3.1.conv2.weight: 8/256 channels masked
Layer layer4.0.conv1.weight: 33/512 channels masked
Layer layer4.0.conv2.weight: 33/512 channels masked
Layer layer4.0.downsample.0.weight: 108/512 channels masked
Layer layer4.1.conv2.weight: 34/512 channels masked
------------------------- time cost ------------------------- 13.295058012008667
ASR: 0.05128296674228128
attack_auc: 0.5345915396977058
Layer layer1.1.conv1.weight: 1/64 channels masked
Layer layer2.0.downsample.0.weight: 1/128 channels masked
Layer layer3.0.conv1.weight: 1/256 channels masked
Layer layer3.0.conv2.weight: 6/256 channels masked
Layer layer3.0.downsample.0.weight: 5/256 channels masked
Layer layer3.1.conv1.weight: 1/256 channels masked
Layer layer3.1.conv2.weight: 8/256 channels masked
Layer layer4.0.conv1.weight: 34/512 channels masked
Layer layer4.0.conv2.weight: 37/512 channels masked
Layer layer4.0.downsample.0.weight: 110/512 channels masked
Layer layer4.1.conv2.weight: 36/512 channels masked
------------------------- time cost ------------------------- 4.831475734710693
ASR: 0.04910090223700051
attack_auc: 0.5290090365955354
Layer layer1.1.conv1.weight: 1/64 channels masked
Layer layer2.0.downsample.0.weight: 1/128 channels masked
Layer layer3.0.conv1.weight: 1/256 channels masked
Layer layer3.0.conv2.weight: 6/256 channels masked
Layer layer3.0.downsample.0.weight: 5/256 channels masked
Layer layer3.1.conv1.weight: 1/256 channels masked
Layer layer3.1.conv2.weight: 8/256 channels masked
Layer layer4.0.conv1.weight: 33/512 channels masked
Layer layer4.0.conv2.weight: 36/512 channels masked
Layer layer4.0.downsample.0.weight: 111/512 channels masked
Layer layer4.1.conv2.weight: 36/512 channels masked
------------------------- time cost ------------------------- 4.822073698043823
ASR: 0.05728089863660035
attack_auc: 0.5417787868790975
Layer layer1.1.conv1.weight: 1/64 channels masked
Layer layer2.0.downsample.0.weight: 1/128 channels masked
Layer layer3.0.conv1.weight: 1/256 channels masked
Layer layer3.0.conv2.weight: 6/256 channels masked
Layer layer3.0.downsample.0.weight: 5/256 channels masked
Layer layer3.1.conv1.weight: 1/256 channels masked
Layer layer3.1.conv2.weight: 8/256 channels masked
Layer layer4.0.conv1.weight: 33/512 channels masked
Layer layer4.0.conv2.weight: 34/512 channels masked
Layer layer4.0.downsample.0.weight: 109/512 channels masked
Layer layer4.1.conv2.weight: 35/512 channels masked
------------------------- time cost ------------------------- 5.482181787490845
ASR: 0.06378891781201865
attack_auc: 0.5578878297950237
Layer layer1.1.conv1.weight: 1/64 channels masked
Layer layer2.0.downsample.0.weight: 1/128 channels masked
Layer layer3.0.conv1.weight: 1/256 channels masked
Layer layer3.0.conv2.weight: 6/256 channels masked
Layer layer3.0.downsample.0.weight: 5/256 channels masked
Layer layer3.1.conv1.weight: 2/256 channels masked
Layer layer3.1.conv2.weight: 8/256 channels masked
Layer layer4.0.conv1.weight: 34/512 channels masked
Layer layer4.0.conv2.weight: 36/512 channels masked
Layer layer4.0.downsample.0.weight: 106/512 channels masked
Layer layer4.1.conv2.weight: 35/512 channels masked
------------------------- time cost ------------------------- 4.8779137134552
ASR: 0.06307317752413512
attack_auc: 0.5575427182126514
Layer layer1.1.conv1.weight: 1/64 channels masked
Layer layer2.0.downsample.0.weight: 1/128 channels masked
Layer layer3.0.conv1.weight: 1/256 channels masked
Layer layer3.0.conv2.weight: 6/256 channels masked
Layer layer3.0.downsample.0.weight: 5/256 channels masked
Layer layer3.1.conv1.weight: 2/256 channels masked
Layer layer3.1.conv2.weight: 8/256 channels masked
Layer layer4.0.conv1.weight: 36/512 channels masked
Layer layer4.0.conv2.weight: 37/512 channels masked
Layer layer4.0.downsample.0.weight: 105/512 channels masked
Layer layer4.1.conv2.weight: 35/512 channels masked
------------------------- time cost ------------------------- 4.913099050521851
ASR: 0.05761371837026366
attack_auc: 0.5531472235323422
Layer layer1.1.conv1.weight: 1/64 channels masked
Layer layer2.0.downsample.0.weight: 1/128 channels masked
Layer layer3.0.conv1.weight: 1/256 channels masked
Layer layer3.0.conv2.weight: 6/256 channels masked
Layer layer3.0.downsample.0.weight: 5/256 channels masked
Layer layer3.1.conv1.weight: 2/256 channels masked
Layer layer3.1.conv2.weight: 7/256 channels masked
Layer layer4.0.conv1.weight: 34/512 channels masked
Layer layer4.0.conv2.weight: 37/512 channels masked
Layer layer4.0.downsample.0.weight: 105/512 channels masked
Layer layer4.1.conv2.weight: 35/512 channels masked
------------------------- time cost ------------------------- 4.7744269371032715
ASR: 0.06371611853407871
attack_auc: 0.571730824373698
Layer layer1.1.conv1.weight: 1/64 channels masked
Layer layer2.0.downsample.0.weight: 1/128 channels masked
Layer layer3.0.conv1.weight: 1/256 channels masked
Layer layer3.0.conv2.weight: 6/256 channels masked
Layer layer3.0.downsample.0.weight: 5/256 channels masked
Layer layer3.1.conv1.weight: 2/256 channels masked
Layer layer3.1.conv2.weight: 7/256 channels masked
Layer layer4.0.conv1.weight: 34/512 channels masked
Layer layer4.0.conv2.weight: 36/512 channels masked
Layer layer4.0.downsample.0.weight: 105/512 channels masked
Layer layer4.1.conv2.weight: 35/512 channels masked
------------------------- time cost ------------------------- 5.062856674194336
ASR: 0.06413743575438367
attack_auc: 0.5692223540028007
Layer layer1.1.conv1.weight: 1/64 channels masked
Layer layer2.0.downsample.0.weight: 1/128 channels masked
Layer layer3.0.conv1.weight: 1/256 channels masked
Layer layer3.0.conv2.weight: 6/256 channels masked
Layer layer3.0.downsample.0.weight: 5/256 channels masked
Layer layer3.1.conv1.weight: 2/256 channels masked
Layer layer3.1.conv2.weight: 9/256 channels masked
Layer layer4.0.conv1.weight: 34/512 channels masked
Layer layer4.0.conv2.weight: 37/512 channels masked
Layer layer4.0.downsample.0.weight: 107/512 channels masked
Layer layer4.1.conv2.weight: 35/512 channels masked
------------------------- time cost ------------------------- 4.812575340270996
ASR: 0.06185392473260683
attack_auc: 0.569538967399672
Layer layer1.1.conv1.weight: 1/64 channels masked
Layer layer2.0.downsample.0.weight: 1/128 channels masked
Layer layer3.0.conv1.weight: 1/256 channels masked
Layer layer3.0.conv2.weight: 6/256 channels masked
Layer layer3.0.downsample.0.weight: 5/256 channels masked
Layer layer3.1.conv1.weight: 2/256 channels masked
Layer layer3.1.conv2.weight: 9/256 channels masked
Layer layer4.0.conv1.weight: 31/512 channels masked
Layer layer4.0.conv2.weight: 35/512 channels masked
Layer layer4.0.downsample.0.weight: 106/512 channels masked
Layer layer4.1.conv2.weight: 33/512 channels masked
------------------------- time cost ------------------------- 5.094541549682617

-------------Round number: 90-------------

Evaluate personalized models
Averaged Train Loss: 0.8931
Averaged Test Accurancy: 0.6501
Averaged Test AUC: 0.9327
Std Test Accurancy: 0.1130
Std Test AUC: 0.0300
ASR: 0.04599012926333147
attack_auc: 0.5453268361014157
Layer layer1.1.conv1.weight: 1/64 channels masked
Layer layer2.0.downsample.0.weight: 1/128 channels masked
Layer layer3.0.conv1.weight: 1/256 channels masked
Layer layer3.0.conv2.weight: 6/256 channels masked
Layer layer3.0.downsample.0.weight: 5/256 channels masked
Layer layer3.1.conv1.weight: 2/256 channels masked
Layer layer3.1.conv2.weight: 9/256 channels masked
Layer layer4.0.conv1.weight: 29/512 channels masked
Layer layer4.0.conv2.weight: 36/512 channels masked
Layer layer4.0.downsample.0.weight: 104/512 channels masked
Layer layer4.1.conv2.weight: 32/512 channels masked
------------------------- time cost ------------------------- 12.88829755783081
ASR: 0.04722867554352301
attack_auc: 0.5268877418158516
Layer layer1.1.conv1.weight: 1/64 channels masked
Layer layer2.0.downsample.0.weight: 1/128 channels masked
Layer layer3.0.conv1.weight: 1/256 channels masked
Layer layer3.0.conv2.weight: 6/256 channels masked
Layer layer3.0.downsample.0.weight: 5/256 channels masked
Layer layer3.1.conv1.weight: 2/256 channels masked
Layer layer3.1.conv2.weight: 9/256 channels masked
Layer layer4.0.conv1.weight: 29/512 channels masked
Layer layer4.0.conv2.weight: 39/512 channels masked
Layer layer4.0.downsample.0.weight: 101/512 channels masked
Layer layer4.1.conv2.weight: 32/512 channels masked
------------------------- time cost ------------------------- 4.94476318359375
ASR: 0.04151736842268655
attack_auc: 0.522917938944374
Layer layer1.1.conv1.weight: 1/64 channels masked
Layer layer2.0.downsample.0.weight: 1/128 channels masked
Layer layer3.0.conv1.weight: 1/256 channels masked
Layer layer3.0.conv2.weight: 6/256 channels masked
Layer layer3.0.downsample.0.weight: 5/256 channels masked
Layer layer3.1.conv1.weight: 2/256 channels masked
Layer layer3.1.conv2.weight: 9/256 channels masked
Layer layer4.0.conv1.weight: 28/512 channels masked
Layer layer4.0.conv2.weight: 38/512 channels masked
Layer layer4.0.downsample.0.weight: 99/512 channels masked
Layer layer4.1.conv2.weight: 32/512 channels masked
------------------------- time cost ------------------------- 4.622316837310791
ASR: 0.041875944977795114
attack_auc: 0.5315679485243947
Layer layer1.1.conv1.weight: 1/64 channels masked
Layer layer2.0.downsample.0.weight: 1/128 channels masked
Layer layer3.0.conv1.weight: 1/256 channels masked
Layer layer3.0.conv2.weight: 6/256 channels masked
Layer layer3.0.downsample.0.weight: 5/256 channels masked
Layer layer3.1.conv1.weight: 2/256 channels masked
Layer layer3.1.conv2.weight: 9/256 channels masked
Layer layer4.0.conv1.weight: 27/512 channels masked
Layer layer4.0.conv2.weight: 37/512 channels masked
Layer layer4.0.downsample.0.weight: 99/512 channels masked
Layer layer4.1.conv2.weight: 33/512 channels masked
------------------------- time cost ------------------------- 6.081228733062744
ASR: 0.03880105026708011
attack_auc: 0.5342880952126503
Layer layer1.1.conv1.weight: 1/64 channels masked
Layer layer2.0.downsample.0.weight: 1/128 channels masked
Layer layer3.0.conv1.weight: 1/256 channels masked
Layer layer3.0.conv2.weight: 6/256 channels masked
Layer layer3.0.downsample.0.weight: 5/256 channels masked
Layer layer3.1.conv1.weight: 2/256 channels masked
Layer layer3.1.conv2.weight: 9/256 channels masked
Layer layer4.0.conv1.weight: 26/512 channels masked
Layer layer4.0.conv2.weight: 37/512 channels masked
Layer layer4.0.downsample.0.weight: 94/512 channels masked
Layer layer4.1.conv2.weight: 33/512 channels masked
------------------------- time cost ------------------------- 4.355324029922485
ASR: 0.03724458299895881
attack_auc: 0.513260289618341
Layer layer1.1.conv1.weight: 1/64 channels masked
Layer layer2.0.downsample.0.weight: 1/128 channels masked
Layer layer3.0.conv1.weight: 1/256 channels masked
Layer layer3.0.conv2.weight: 6/256 channels masked
Layer layer3.0.downsample.0.weight: 5/256 channels masked
Layer layer3.1.conv1.weight: 2/256 channels masked
Layer layer3.1.conv2.weight: 9/256 channels masked
Layer layer4.0.conv1.weight: 27/512 channels masked
Layer layer4.0.conv2.weight: 41/512 channels masked
Layer layer4.0.downsample.0.weight: 101/512 channels masked
Layer layer4.1.conv2.weight: 33/512 channels masked
------------------------- time cost ------------------------- 5.35357928276062
ASR: 0.037672874776073756
attack_auc: 0.5233081216727474
Layer layer1.1.conv1.weight: 1/64 channels masked
Layer layer2.0.downsample.0.weight: 1/128 channels masked
Layer layer3.0.conv1.weight: 1/256 channels masked
Layer layer3.0.conv2.weight: 6/256 channels masked
Layer layer3.0.downsample.0.weight: 5/256 channels masked
Layer layer3.1.conv1.weight: 1/256 channels masked
Layer layer3.1.conv2.weight: 9/256 channels masked
Layer layer4.0.conv1.weight: 26/512 channels masked
Layer layer4.0.conv2.weight: 36/512 channels masked
Layer layer4.0.downsample.0.weight: 96/512 channels masked
Layer layer4.1.conv2.weight: 31/512 channels masked
------------------------- time cost ------------------------- 4.861748456954956
ASR: 0.034292023492450925
attack_auc: 0.519522410860369
Layer layer1.1.conv1.weight: 1/64 channels masked
Layer layer2.0.downsample.0.weight: 1/128 channels masked
Layer layer3.0.conv1.weight: 1/256 channels masked
Layer layer3.0.conv2.weight: 6/256 channels masked
Layer layer3.0.downsample.0.weight: 5/256 channels masked
Layer layer3.1.conv1.weight: 1/256 channels masked
Layer layer3.1.conv2.weight: 9/256 channels masked
Layer layer4.0.conv1.weight: 26/512 channels masked
Layer layer4.0.conv2.weight: 43/512 channels masked
Layer layer4.0.downsample.0.weight: 98/512 channels masked
Layer layer4.1.conv2.weight: 31/512 channels masked
------------------------- time cost ------------------------- 5.1306376457214355
ASR: 0.03556291749088742
attack_auc: 0.5195907161788798
Layer layer1.1.conv1.weight: 1/64 channels masked
Layer layer2.0.downsample.0.weight: 1/128 channels masked
Layer layer3.0.conv1.weight: 1/256 channels masked
Layer layer3.0.conv2.weight: 6/256 channels masked
Layer layer3.0.downsample.0.weight: 5/256 channels masked
Layer layer3.1.conv1.weight: 1/256 channels masked
Layer layer3.1.conv2.weight: 9/256 channels masked
Layer layer4.0.conv1.weight: 26/512 channels masked
Layer layer4.0.conv2.weight: 39/512 channels masked
Layer layer4.0.downsample.0.weight: 96/512 channels masked
Layer layer4.1.conv2.weight: 31/512 channels masked
------------------------- time cost ------------------------- 5.531191349029541
ASR: 0.03505212887110614
attack_auc: 0.5087922085190113
Layer layer1.1.conv1.weight: 1/64 channels masked
Layer layer2.0.downsample.0.weight: 1/128 channels masked
Layer layer3.0.conv1.weight: 1/256 channels masked
Layer layer3.0.conv2.weight: 6/256 channels masked
Layer layer3.0.downsample.0.weight: 5/256 channels masked
Layer layer3.1.conv1.weight: 1/256 channels masked
Layer layer3.1.conv2.weight: 9/256 channels masked
Layer layer4.0.conv1.weight: 25/512 channels masked
Layer layer4.0.conv2.weight: 38/512 channels masked
Layer layer4.0.downsample.0.weight: 94/512 channels masked
Layer layer4.1.conv2.weight: 29/512 channels masked
------------------------- time cost ------------------------- 4.845492362976074

-------------Round number: 100-------------

Evaluate personalized models
Averaged Train Loss: 0.8376
Averaged Test Accurancy: 0.6811
Averaged Test AUC: 0.9379
Std Test Accurancy: 0.0960
Std Test AUC: 0.0263
ASR: 0.03541414820282199
attack_auc: 0.5196862384323879
Layer layer1.1.conv1.weight: 1/64 channels masked
Layer layer2.0.downsample.0.weight: 1/128 channels masked
Layer layer3.0.conv1.weight: 1/256 channels masked
Layer layer3.0.conv2.weight: 6/256 channels masked
Layer layer3.0.downsample.0.weight: 5/256 channels masked
Layer layer3.1.conv1.weight: 1/256 channels masked
Layer layer3.1.conv2.weight: 9/256 channels masked
Layer layer4.0.conv1.weight: 25/512 channels masked
Layer layer4.0.conv2.weight: 37/512 channels masked
Layer layer4.0.downsample.0.weight: 92/512 channels masked
Layer layer4.1.conv2.weight: 31/512 channels masked
------------------------- time cost ------------------------- 13.736361026763916
ASR: 0.036274434931162204
attack_auc: 0.5363562566409876
Layer layer1.1.conv1.weight: 1/64 channels masked
Layer layer2.0.downsample.0.weight: 1/128 channels masked
Layer layer3.0.conv1.weight: 1/256 channels masked
Layer layer3.0.conv2.weight: 6/256 channels masked
Layer layer3.0.downsample.0.weight: 5/256 channels masked
Layer layer3.1.conv1.weight: 1/256 channels masked
Layer layer3.1.conv2.weight: 9/256 channels masked
Layer layer4.0.conv1.weight: 24/512 channels masked
Layer layer4.0.conv2.weight: 33/512 channels masked
Layer layer4.0.downsample.0.weight: 91/512 channels masked
Layer layer4.1.conv2.weight: 30/512 channels masked
------------------------- time cost ------------------------- 5.117262840270996
ASR: 0.04048770021917758
attack_auc: 0.5221032664053309
Layer layer1.1.conv1.weight: 1/64 channels masked
Layer layer2.0.downsample.0.weight: 1/128 channels masked
Layer layer3.0.conv1.weight: 1/256 channels masked
Layer layer3.0.conv2.weight: 6/256 channels masked
Layer layer3.0.downsample.0.weight: 5/256 channels masked
Layer layer3.1.conv1.weight: 1/256 channels masked
Layer layer3.1.conv2.weight: 9/256 channels masked
Layer layer4.0.conv1.weight: 25/512 channels masked
Layer layer4.0.conv2.weight: 33/512 channels masked
Layer layer4.0.downsample.0.weight: 88/512 channels masked
Layer layer4.1.conv2.weight: 31/512 channels masked
------------------------- time cost ------------------------- 5.180506706237793
ASR: 0.039700163763268785
attack_auc: 0.5252673226209895
Layer layer1.1.conv1.weight: 1/64 channels masked
Layer layer2.0.downsample.0.weight: 1/128 channels masked
Layer layer3.0.conv1.weight: 1/256 channels masked
Layer layer3.0.conv2.weight: 6/256 channels masked
Layer layer3.0.downsample.0.weight: 5/256 channels masked
Layer layer3.1.conv1.weight: 1/256 channels masked
Layer layer3.1.conv2.weight: 9/256 channels masked
Layer layer4.0.conv1.weight: 23/512 channels masked
Layer layer4.0.conv2.weight: 30/512 channels masked
Layer layer4.0.downsample.0.weight: 88/512 channels masked
Layer layer4.1.conv2.weight: 31/512 channels masked
------------------------- time cost ------------------------- 4.647624969482422
ASR: 0.04276192507196958
attack_auc: 0.5227014651563715
Layer layer1.1.conv1.weight: 1/64 channels masked
Layer layer2.0.downsample.0.weight: 1/128 channels masked
Layer layer3.0.conv1.weight: 1/256 channels masked
Layer layer3.0.conv2.weight: 6/256 channels masked
Layer layer3.0.downsample.0.weight: 5/256 channels masked
Layer layer3.1.conv1.weight: 1/256 channels masked
Layer layer3.1.conv2.weight: 9/256 channels masked
Layer layer4.0.conv1.weight: 22/512 channels masked
Layer layer4.0.conv2.weight: 29/512 channels masked
Layer layer4.0.downsample.0.weight: 86/512 channels masked
Layer layer4.1.conv2.weight: 31/512 channels masked
------------------------- time cost ------------------------- 5.025318145751953
ASR: 0.04228292977377232
attack_auc: 0.5292658604458151
Layer layer1.1.conv1.weight: 1/64 channels masked
Layer layer2.0.downsample.0.weight: 1/128 channels masked
Layer layer3.0.conv1.weight: 1/256 channels masked
Layer layer3.0.conv2.weight: 6/256 channels masked
Layer layer3.0.downsample.0.weight: 5/256 channels masked
Layer layer3.1.conv1.weight: 1/256 channels masked
Layer layer3.1.conv2.weight: 9/256 channels masked
Layer layer4.0.conv1.weight: 20/512 channels masked
Layer layer4.0.conv2.weight: 29/512 channels masked
Layer layer4.0.downsample.0.weight: 90/512 channels masked
Layer layer4.1.conv2.weight: 31/512 channels masked
------------------------- time cost ------------------------- 4.797846078872681
ASR: 0.04500971988939024
attack_auc: 0.5451949024392683
Layer layer1.1.conv1.weight: 1/64 channels masked
Layer layer2.0.downsample.0.weight: 1/128 channels masked
Layer layer3.0.conv1.weight: 1/256 channels masked
Layer layer3.0.conv2.weight: 6/256 channels masked
Layer layer3.0.downsample.0.weight: 5/256 channels masked
Layer layer3.1.conv1.weight: 1/256 channels masked
Layer layer3.1.conv2.weight: 9/256 channels masked
Layer layer4.0.conv1.weight: 20/512 channels masked
Layer layer4.0.conv2.weight: 28/512 channels masked
Layer layer4.0.downsample.0.weight: 91/512 channels masked
Layer layer4.1.conv2.weight: 32/512 channels masked
------------------------- time cost ------------------------- 4.7706615924835205
ASR: 0.04175262825821921
attack_auc: 0.529105772600557
Layer layer1.1.conv1.weight: 1/64 channels masked
Layer layer2.0.downsample.0.weight: 1/128 channels masked
Layer layer3.0.conv1.weight: 1/256 channels masked
Layer layer3.0.conv2.weight: 6/256 channels masked
Layer layer3.0.downsample.0.weight: 5/256 channels masked
Layer layer3.1.conv1.weight: 1/256 channels masked
Layer layer3.1.conv2.weight: 9/256 channels masked
Layer layer4.0.conv1.weight: 19/512 channels masked
Layer layer4.0.conv2.weight: 29/512 channels masked
Layer layer4.0.downsample.0.weight: 92/512 channels masked
Layer layer4.1.conv2.weight: 32/512 channels masked
------------------------- time cost ------------------------- 4.781463861465454
ASR: 0.03529977001683231
attack_auc: 0.5145327162048677
Layer layer1.1.conv1.weight: 1/64 channels masked
Layer layer2.0.downsample.0.weight: 1/128 channels masked
Layer layer3.0.conv1.weight: 1/256 channels masked
Layer layer3.0.conv2.weight: 6/256 channels masked
Layer layer3.0.downsample.0.weight: 5/256 channels masked
Layer layer3.1.conv1.weight: 1/256 channels masked
Layer layer3.1.conv2.weight: 9/256 channels masked
Layer layer4.0.conv1.weight: 19/512 channels masked
Layer layer4.0.conv2.weight: 24/512 channels masked
Layer layer4.0.downsample.0.weight: 92/512 channels masked
Layer layer4.1.conv2.weight: 32/512 channels masked
------------------------- time cost ------------------------- 4.465482473373413
ASR: 0.038517656394812076
attack_auc: 0.5227528943387325
Layer layer1.1.conv1.weight: 1/64 channels masked
Layer layer2.0.downsample.0.weight: 1/128 channels masked
Layer layer3.0.conv1.weight: 1/256 channels masked
Layer layer3.0.conv2.weight: 6/256 channels masked
Layer layer3.0.downsample.0.weight: 5/256 channels masked
Layer layer3.1.conv1.weight: 1/256 channels masked
Layer layer3.1.conv2.weight: 9/256 channels masked
Layer layer4.0.conv1.weight: 18/512 channels masked
Layer layer4.0.conv2.weight: 22/512 channels masked
Layer layer4.0.downsample.0.weight: 95/512 channels masked
Layer layer4.1.conv2.weight: 32/512 channels masked
------------------------- time cost ------------------------- 5.373470783233643

-------------Round number: 110-------------

Evaluate personalized models
Averaged Train Loss: 0.8017
Averaged Test Accurancy: 0.6763
Averaged Test AUC: 0.9396
Std Test Accurancy: 0.1122
Std Test AUC: 0.0274
ASR: 0.043090240689680474
attack_auc: 0.534556783029858
Layer layer1.1.conv1.weight: 1/64 channels masked
Layer layer2.0.downsample.0.weight: 1/128 channels masked
Layer layer3.0.conv1.weight: 1/256 channels masked
Layer layer3.0.conv2.weight: 6/256 channels masked
Layer layer3.0.downsample.0.weight: 5/256 channels masked
Layer layer3.1.conv1.weight: 1/256 channels masked
Layer layer3.1.conv2.weight: 9/256 channels masked
Layer layer4.0.conv1.weight: 16/512 channels masked
Layer layer4.0.conv2.weight: 18/512 channels masked
Layer layer4.0.downsample.0.weight: 93/512 channels masked
Layer layer4.1.conv2.weight: 32/512 channels masked
------------------------- time cost ------------------------- 13.262497425079346
ASR: 0.046055914462828966
attack_auc: 0.5603714621018114
Layer layer1.1.conv1.weight: 1/64 channels masked
Layer layer2.0.downsample.0.weight: 1/128 channels masked
Layer layer3.0.conv1.weight: 1/256 channels masked
Layer layer3.0.conv2.weight: 6/256 channels masked
Layer layer3.0.downsample.0.weight: 5/256 channels masked
Layer layer3.1.conv1.weight: 1/256 channels masked
Layer layer3.1.conv2.weight: 9/256 channels masked
Layer layer4.0.conv1.weight: 17/512 channels masked
Layer layer4.0.conv2.weight: 18/512 channels masked
Layer layer4.0.downsample.0.weight: 95/512 channels masked
Layer layer4.1.conv2.weight: 32/512 channels masked
------------------------- time cost ------------------------- 4.969942569732666
ASR: 0.04743614362171207
attack_auc: 0.5705264497033978
Layer layer1.1.conv1.weight: 1/64 channels masked
Layer layer2.0.downsample.0.weight: 1/128 channels masked
Layer layer3.0.conv1.weight: 1/256 channels masked
Layer layer3.0.conv2.weight: 6/256 channels masked
Layer layer3.0.downsample.0.weight: 5/256 channels masked
Layer layer3.1.conv1.weight: 1/256 channels masked
Layer layer3.1.conv2.weight: 9/256 channels masked
Layer layer4.0.conv1.weight: 17/512 channels masked
Layer layer4.0.conv2.weight: 19/512 channels masked
Layer layer4.0.downsample.0.weight: 92/512 channels masked
Layer layer4.1.conv2.weight: 32/512 channels masked
------------------------- time cost ------------------------- 5.300704002380371
ASR: 0.04537716125051975
attack_auc: 0.5481949375282353
Layer layer1.1.conv1.weight: 1/64 channels masked
Layer layer2.0.downsample.0.weight: 1/128 channels masked
Layer layer3.0.conv1.weight: 1/256 channels masked
Layer layer3.0.conv2.weight: 6/256 channels masked
Layer layer3.0.downsample.0.weight: 5/256 channels masked
Layer layer3.1.conv1.weight: 1/256 channels masked
Layer layer3.1.conv2.weight: 9/256 channels masked
Layer layer4.0.conv1.weight: 16/512 channels masked
Layer layer4.0.conv2.weight: 17/512 channels masked
Layer layer4.0.downsample.0.weight: 94/512 channels masked
Layer layer4.1.conv2.weight: 32/512 channels masked
------------------------- time cost ------------------------- 4.147326469421387
ASR: 0.0535495763255116
attack_auc: 0.5617120507283876
Layer layer1.1.conv1.weight: 1/64 channels masked
Layer layer2.0.downsample.0.weight: 1/128 channels masked
Layer layer3.0.conv1.weight: 1/256 channels masked
Layer layer3.0.conv2.weight: 6/256 channels masked
Layer layer3.0.downsample.0.weight: 5/256 channels masked
Layer layer3.1.conv1.weight: 1/256 channels masked
Layer layer3.1.conv2.weight: 9/256 channels masked
Layer layer4.0.conv1.weight: 16/512 channels masked
Layer layer4.0.conv2.weight: 18/512 channels masked
Layer layer4.0.downsample.0.weight: 95/512 channels masked
Layer layer4.1.conv2.weight: 34/512 channels masked
------------------------- time cost ------------------------- 5.212689638137817
ASR: 0.0523173352875793
attack_auc: 0.5645108395978086
Layer layer1.1.conv1.weight: 1/64 channels masked
Layer layer2.0.downsample.0.weight: 1/128 channels masked
Layer layer3.0.conv1.weight: 1/256 channels masked
Layer layer3.0.conv2.weight: 6/256 channels masked
Layer layer3.0.downsample.0.weight: 5/256 channels masked
Layer layer3.1.conv1.weight: 1/256 channels masked
Layer layer3.1.conv2.weight: 9/256 channels masked
Layer layer4.0.conv1.weight: 14/512 channels masked
Layer layer4.0.conv2.weight: 19/512 channels masked
Layer layer4.0.downsample.0.weight: 96/512 channels masked
Layer layer4.1.conv2.weight: 34/512 channels masked
------------------------- time cost ------------------------- 4.583508729934692
ASR: 0.04582876588828078
attack_auc: 0.5533141198070912
Layer layer1.1.conv1.weight: 1/64 channels masked
Layer layer2.0.downsample.0.weight: 1/128 channels masked
Layer layer3.0.conv1.weight: 1/256 channels masked
Layer layer3.0.conv2.weight: 6/256 channels masked
Layer layer3.0.downsample.0.weight: 5/256 channels masked
Layer layer3.1.conv1.weight: 1/256 channels masked
Layer layer3.1.conv2.weight: 9/256 channels masked
Layer layer4.0.conv1.weight: 14/512 channels masked
Layer layer4.0.conv2.weight: 20/512 channels masked
Layer layer4.0.downsample.0.weight: 101/512 channels masked
Layer layer4.1.conv2.weight: 35/512 channels masked
------------------------- time cost ------------------------- 5.058094024658203
ASR: 0.044730789387073984
attack_auc: 0.5536314112852303
Layer layer1.1.conv1.weight: 1/64 channels masked
Layer layer2.0.downsample.0.weight: 1/128 channels masked
Layer layer3.0.conv1.weight: 1/256 channels masked
Layer layer3.0.conv2.weight: 6/256 channels masked
Layer layer3.0.downsample.0.weight: 5/256 channels masked
Layer layer3.1.conv1.weight: 1/256 channels masked
Layer layer3.1.conv2.weight: 9/256 channels masked
Layer layer4.0.conv1.weight: 14/512 channels masked
Layer layer4.0.conv2.weight: 18/512 channels masked
Layer layer4.0.downsample.0.weight: 97/512 channels masked
Layer layer4.1.conv2.weight: 31/512 channels masked
------------------------- time cost ------------------------- 4.805124044418335
ASR: 0.04661460712522593
attack_auc: 0.5398836233654241
Layer layer1.1.conv1.weight: 1/64 channels masked
Layer layer2.0.downsample.0.weight: 1/128 channels masked
Layer layer3.0.conv1.weight: 1/256 channels masked
Layer layer3.0.conv2.weight: 6/256 channels masked
Layer layer3.0.downsample.0.weight: 5/256 channels masked
Layer layer3.1.conv1.weight: 1/256 channels masked
Layer layer3.1.conv2.weight: 9/256 channels masked
Layer layer4.0.conv1.weight: 14/512 channels masked
Layer layer4.0.conv2.weight: 18/512 channels masked
Layer layer4.0.downsample.0.weight: 96/512 channels masked
Layer layer4.1.conv2.weight: 31/512 channels masked
------------------------- time cost ------------------------- 4.691426992416382
ASR: 0.04630996551141281
attack_auc: 0.5530511428669015
Layer layer1.1.conv1.weight: 1/64 channels masked
Layer layer2.0.downsample.0.weight: 1/128 channels masked
Layer layer3.0.conv1.weight: 1/256 channels masked
Layer layer3.0.conv2.weight: 6/256 channels masked
Layer layer3.0.downsample.0.weight: 5/256 channels masked
Layer layer3.1.conv1.weight: 1/256 channels masked
Layer layer3.1.conv2.weight: 9/256 channels masked
Layer layer4.0.conv1.weight: 14/512 channels masked
Layer layer4.0.conv2.weight: 19/512 channels masked
Layer layer4.0.downsample.0.weight: 94/512 channels masked
Layer layer4.1.conv2.weight: 31/512 channels masked
------------------------- time cost ------------------------- 5.809788227081299

-------------Round number: 120-------------

Evaluate personalized models
Averaged Train Loss: 0.7738
Averaged Test Accurancy: 0.6972
Averaged Test AUC: 0.9446
Std Test Accurancy: 0.0976
Std Test AUC: 0.0249
ASR: 0.04256754459243231
attack_auc: 0.5362885595565525
Layer layer1.1.conv1.weight: 1/64 channels masked
Layer layer2.0.downsample.0.weight: 1/128 channels masked
Layer layer3.0.conv1.weight: 1/256 channels masked
Layer layer3.0.conv2.weight: 6/256 channels masked
Layer layer3.0.downsample.0.weight: 5/256 channels masked
Layer layer3.1.conv1.weight: 1/256 channels masked
Layer layer3.1.conv2.weight: 9/256 channels masked
Layer layer4.0.conv1.weight: 15/512 channels masked
Layer layer4.0.conv2.weight: 19/512 channels masked
Layer layer4.0.downsample.0.weight: 92/512 channels masked
Layer layer4.1.conv2.weight: 31/512 channels masked
------------------------- time cost ------------------------- 12.817757844924927
ASR: 0.044462581802109095
attack_auc: 0.5442911608129655
Layer layer1.1.conv1.weight: 1/64 channels masked
Layer layer2.0.downsample.0.weight: 1/128 channels masked
Layer layer3.0.conv1.weight: 1/256 channels masked
Layer layer3.0.conv2.weight: 6/256 channels masked
Layer layer3.0.downsample.0.weight: 5/256 channels masked
Layer layer3.1.conv1.weight: 1/256 channels masked
Layer layer3.1.conv2.weight: 9/256 channels masked
Layer layer4.0.conv1.weight: 15/512 channels masked
Layer layer4.0.conv2.weight: 17/512 channels masked
Layer layer4.0.downsample.0.weight: 90/512 channels masked
Layer layer4.1.conv2.weight: 32/512 channels masked
------------------------- time cost ------------------------- 5.3338494300842285
ASR: 0.04304438108626931
attack_auc: 0.5202939157588169
Layer layer1.1.conv1.weight: 1/64 channels masked
Layer layer2.0.downsample.0.weight: 1/128 channels masked
Layer layer3.0.conv1.weight: 1/256 channels masked
Layer layer3.0.conv2.weight: 6/256 channels masked
Layer layer3.0.downsample.0.weight: 5/256 channels masked
Layer layer3.1.conv1.weight: 1/256 channels masked
Layer layer3.1.conv2.weight: 9/256 channels masked
Layer layer4.0.conv1.weight: 14/512 channels masked
Layer layer4.0.conv2.weight: 16/512 channels masked
Layer layer4.0.downsample.0.weight: 93/512 channels masked
Layer layer4.1.conv2.weight: 33/512 channels masked
------------------------- time cost ------------------------- 4.815929412841797
ASR: 0.044305518468648664
attack_auc: 0.5364355213956077
Layer layer1.1.conv1.weight: 1/64 channels masked
Layer layer2.0.downsample.0.weight: 1/128 channels masked
Layer layer3.0.conv1.weight: 1/256 channels masked
Layer layer3.0.conv2.weight: 6/256 channels masked
Layer layer3.0.downsample.0.weight: 5/256 channels masked
Layer layer3.1.conv1.weight: 1/256 channels masked
Layer layer3.1.conv2.weight: 9/256 channels masked
Layer layer4.0.conv1.weight: 13/512 channels masked
Layer layer4.0.conv2.weight: 18/512 channels masked
Layer layer4.0.downsample.0.weight: 92/512 channels masked
Layer layer4.1.conv2.weight: 34/512 channels masked
------------------------- time cost ------------------------- 5.405771493911743
ASR: 0.04335419312470852
attack_auc: 0.5446642366538994
Layer layer1.1.conv1.weight: 1/64 channels masked
Layer layer2.0.downsample.0.weight: 1/128 channels masked
Layer layer3.0.conv1.weight: 1/256 channels masked
Layer layer3.0.conv2.weight: 6/256 channels masked
Layer layer3.0.downsample.0.weight: 5/256 channels masked
Layer layer3.1.conv1.weight: 1/256 channels masked
Layer layer3.1.conv2.weight: 9/256 channels masked
Layer layer4.0.conv1.weight: 13/512 channels masked
Layer layer4.0.conv2.weight: 18/512 channels masked
Layer layer4.0.downsample.0.weight: 92/512 channels masked
Layer layer4.1.conv2.weight: 33/512 channels masked
------------------------- time cost ------------------------- 4.1148786544799805
ASR: 0.044208998597278185
attack_auc: 0.5503790586110515
Layer layer1.1.conv1.weight: 1/64 channels masked
Layer layer2.0.downsample.0.weight: 1/128 channels masked
Layer layer3.0.conv1.weight: 1/256 channels masked
Layer layer3.0.conv2.weight: 6/256 channels masked
Layer layer3.0.downsample.0.weight: 5/256 channels masked
Layer layer3.1.conv1.weight: 1/256 channels masked
Layer layer3.1.conv2.weight: 9/256 channels masked
Layer layer4.0.conv1.weight: 14/512 channels masked
Layer layer4.0.conv2.weight: 16/512 channels masked
Layer layer4.0.downsample.0.weight: 86/512 channels masked
Layer layer4.1.conv2.weight: 35/512 channels masked
------------------------- time cost ------------------------- 5.076097011566162
ASR: 0.04057185965320634
attack_auc: 0.5537528810087756
Layer layer1.1.conv1.weight: 1/64 channels masked
Layer layer2.0.downsample.0.weight: 1/128 channels masked
Layer layer3.0.conv1.weight: 1/256 channels masked
Layer layer3.0.conv2.weight: 6/256 channels masked
Layer layer3.0.downsample.0.weight: 5/256 channels masked
Layer layer3.1.conv1.weight: 1/256 channels masked
Layer layer3.1.conv2.weight: 9/256 channels masked
Layer layer4.0.conv1.weight: 15/512 channels masked
Layer layer4.0.conv2.weight: 15/512 channels masked
Layer layer4.0.downsample.0.weight: 85/512 channels masked
Layer layer4.1.conv2.weight: 35/512 channels masked
------------------------- time cost ------------------------- 5.823579788208008
ASR: 0.04070859347250257
attack_auc: 0.545429647445234
Layer layer1.1.conv1.weight: 1/64 channels masked
Layer layer2.0.downsample.0.weight: 1/128 channels masked
Layer layer3.0.conv1.weight: 1/256 channels masked
Layer layer3.0.conv2.weight: 6/256 channels masked
Layer layer3.0.downsample.0.weight: 5/256 channels masked
Layer layer3.1.conv1.weight: 1/256 channels masked
Layer layer3.1.conv2.weight: 9/256 channels masked
Layer layer4.0.conv1.weight: 14/512 channels masked
Layer layer4.0.conv2.weight: 15/512 channels masked
Layer layer4.0.downsample.0.weight: 84/512 channels masked
Layer layer4.1.conv2.weight: 35/512 channels masked
------------------------- time cost ------------------------- 4.785604238510132
ASR: 0.037468853611207636
attack_auc: 0.516863863294207
Layer layer1.1.conv1.weight: 1/64 channels masked
Layer layer2.0.downsample.0.weight: 1/128 channels masked
Layer layer3.0.conv1.weight: 1/256 channels masked
Layer layer3.0.conv2.weight: 6/256 channels masked
Layer layer3.0.downsample.0.weight: 5/256 channels masked
Layer layer3.1.conv1.weight: 1/256 channels masked
Layer layer3.1.conv2.weight: 9/256 channels masked
Layer layer4.0.conv1.weight: 14/512 channels masked
Layer layer4.0.conv2.weight: 15/512 channels masked
Layer layer4.0.downsample.0.weight: 82/512 channels masked
Layer layer4.1.conv2.weight: 35/512 channels masked
------------------------- time cost ------------------------- 4.381290912628174
ASR: 0.0497051451507905
attack_auc: 0.5437167472874619
Layer layer1.1.conv1.weight: 1/64 channels masked
Layer layer2.0.downsample.0.weight: 1/128 channels masked
Layer layer3.0.conv1.weight: 1/256 channels masked
Layer layer3.0.conv2.weight: 6/256 channels masked
Layer layer3.0.downsample.0.weight: 5/256 channels masked
Layer layer3.1.conv1.weight: 1/256 channels masked
Layer layer3.1.conv2.weight: 9/256 channels masked
Layer layer4.0.conv1.weight: 15/512 channels masked
Layer layer4.0.conv2.weight: 16/512 channels masked
Layer layer4.0.downsample.0.weight: 86/512 channels masked
Layer layer4.1.conv2.weight: 36/512 channels masked
------------------------- time cost ------------------------- 4.8225743770599365

-------------Round number: 130-------------

Evaluate personalized models
Averaged Train Loss: 0.7548
Averaged Test Accurancy: 0.6947
Averaged Test AUC: 0.9415
Std Test Accurancy: 0.1021
Std Test AUC: 0.0267
ASR: 0.05663692988901521
attack_auc: 0.5771481532874999
Layer layer1.1.conv1.weight: 1/64 channels masked
Layer layer2.0.downsample.0.weight: 1/128 channels masked
Layer layer3.0.conv1.weight: 1/256 channels masked
Layer layer3.0.conv2.weight: 6/256 channels masked
Layer layer3.0.downsample.0.weight: 5/256 channels masked
Layer layer3.1.conv1.weight: 1/256 channels masked
Layer layer3.1.conv2.weight: 9/256 channels masked
Layer layer4.0.conv1.weight: 15/512 channels masked
Layer layer4.0.conv2.weight: 16/512 channels masked
Layer layer4.0.downsample.0.weight: 86/512 channels masked
Layer layer4.1.conv2.weight: 34/512 channels masked
------------------------- time cost ------------------------- 13.414464473724365
ASR: 0.05554942371499343
attack_auc: 0.5666271018802845
Layer layer1.1.conv1.weight: 1/64 channels masked
Layer layer2.0.downsample.0.weight: 1/128 channels masked
Layer layer3.0.conv1.weight: 1/256 channels masked
Layer layer3.0.conv2.weight: 6/256 channels masked
Layer layer3.0.downsample.0.weight: 5/256 channels masked
Layer layer3.1.conv1.weight: 1/256 channels masked
Layer layer3.1.conv2.weight: 9/256 channels masked
Layer layer4.0.conv1.weight: 13/512 channels masked
Layer layer4.0.conv2.weight: 16/512 channels masked
Layer layer4.0.downsample.0.weight: 83/512 channels masked
Layer layer4.1.conv2.weight: 34/512 channels masked
------------------------- time cost ------------------------- 5.125035047531128
ASR: 0.05107244947505395
attack_auc: 0.5553309949582026
Layer layer1.1.conv1.weight: 1/64 channels masked
Layer layer2.0.downsample.0.weight: 1/128 channels masked
Layer layer3.0.conv1.weight: 1/256 channels masked
Layer layer3.0.conv2.weight: 6/256 channels masked
Layer layer3.0.downsample.0.weight: 5/256 channels masked
Layer layer3.1.conv1.weight: 1/256 channels masked
Layer layer3.1.conv2.weight: 9/256 channels masked
Layer layer4.0.conv1.weight: 12/512 channels masked
Layer layer4.0.conv2.weight: 16/512 channels masked
Layer layer4.0.downsample.0.weight: 83/512 channels masked
Layer layer4.1.conv2.weight: 34/512 channels masked
------------------------- time cost ------------------------- 4.316668510437012
ASR: 0.051884834606555706
attack_auc: 0.5549822838379292
Layer layer1.1.conv1.weight: 1/64 channels masked
Layer layer2.0.downsample.0.weight: 1/128 channels masked
Layer layer3.0.conv1.weight: 1/256 channels masked
Layer layer3.0.conv2.weight: 6/256 channels masked
Layer layer3.0.downsample.0.weight: 5/256 channels masked
Layer layer3.1.conv1.weight: 1/256 channels masked
Layer layer3.1.conv2.weight: 9/256 channels masked
Layer layer4.0.conv1.weight: 12/512 channels masked
Layer layer4.0.conv2.weight: 16/512 channels masked
Layer layer4.0.downsample.0.weight: 82/512 channels masked
Layer layer4.1.conv2.weight: 34/512 channels masked
------------------------- time cost ------------------------- 4.79774284362793
ASR: 0.04704642738290706
attack_auc: 0.5413184772880643
Layer layer1.1.conv1.weight: 1/64 channels masked
Layer layer2.0.downsample.0.weight: 1/128 channels masked
Layer layer3.0.conv1.weight: 1/256 channels masked
Layer layer3.0.conv2.weight: 6/256 channels masked
Layer layer3.0.downsample.0.weight: 5/256 channels masked
Layer layer3.1.conv1.weight: 1/256 channels masked
Layer layer3.1.conv2.weight: 9/256 channels masked
Layer layer4.0.conv1.weight: 12/512 channels masked
Layer layer4.0.conv2.weight: 20/512 channels masked
Layer layer4.0.downsample.0.weight: 82/512 channels masked
Layer layer4.1.conv2.weight: 34/512 channels masked
------------------------- time cost ------------------------- 5.506490230560303
ASR: 0.05102418739653788
attack_auc: 0.5628257564321403
Layer layer1.1.conv1.weight: 1/64 channels masked
Layer layer2.0.downsample.0.weight: 1/128 channels masked
Layer layer3.0.conv1.weight: 1/256 channels masked
Layer layer3.0.conv2.weight: 6/256 channels masked
Layer layer3.0.downsample.0.weight: 5/256 channels masked
Layer layer3.1.conv1.weight: 1/256 channels masked
Layer layer3.1.conv2.weight: 9/256 channels masked
Layer layer4.0.conv1.weight: 11/512 channels masked
Layer layer4.0.conv2.weight: 18/512 channels masked
Layer layer4.0.downsample.0.weight: 80/512 channels masked
Layer layer4.1.conv2.weight: 34/512 channels masked
------------------------- time cost ------------------------- 5.132362127304077
ASR: 0.05273600357800545
attack_auc: 0.5651691842875489
Layer layer1.1.conv1.weight: 1/64 channels masked
Layer layer2.0.downsample.0.weight: 1/128 channels masked
Layer layer3.0.conv1.weight: 1/256 channels masked
Layer layer3.0.conv2.weight: 6/256 channels masked
Layer layer3.0.downsample.0.weight: 5/256 channels masked
Layer layer3.1.conv1.weight: 1/256 channels masked
Layer layer3.1.conv2.weight: 9/256 channels masked
Layer layer4.0.conv1.weight: 13/512 channels masked
Layer layer4.0.conv2.weight: 18/512 channels masked
Layer layer4.0.downsample.0.weight: 79/512 channels masked
Layer layer4.1.conv2.weight: 33/512 channels masked
------------------------- time cost ------------------------- 4.907120227813721
ASR: 0.060991570793770496
attack_auc: 0.5780257820919483
Layer layer1.1.conv1.weight: 1/64 channels masked
Layer layer2.0.downsample.0.weight: 1/128 channels masked
Layer layer3.0.conv1.weight: 1/256 channels masked
Layer layer3.0.conv2.weight: 6/256 channels masked
Layer layer3.0.downsample.0.weight: 5/256 channels masked
Layer layer3.1.conv1.weight: 1/256 channels masked
Layer layer3.1.conv2.weight: 9/256 channels masked
Layer layer4.0.conv1.weight: 13/512 channels masked
Layer layer4.0.conv2.weight: 19/512 channels masked
Layer layer4.0.downsample.0.weight: 80/512 channels masked
Layer layer4.1.conv2.weight: 33/512 channels masked
------------------------- time cost ------------------------- 4.934420347213745
ASR: 0.07001199383504884
attack_auc: 0.5868742937705167
Layer layer1.1.conv1.weight: 1/64 channels masked
Layer layer2.0.downsample.0.weight: 1/128 channels masked
Layer layer3.0.conv1.weight: 1/256 channels masked
Layer layer3.0.conv2.weight: 6/256 channels masked
Layer layer3.0.downsample.0.weight: 5/256 channels masked
Layer layer3.1.conv1.weight: 1/256 channels masked
Layer layer3.1.conv2.weight: 9/256 channels masked
Layer layer4.0.conv1.weight: 12/512 channels masked
Layer layer4.0.conv2.weight: 19/512 channels masked
Layer layer4.0.downsample.0.weight: 79/512 channels masked
Layer layer4.1.conv2.weight: 33/512 channels masked
------------------------- time cost ------------------------- 4.810326337814331
ASR: 0.059687374276632545
attack_auc: 0.5704279513936573
Layer layer1.1.conv1.weight: 1/64 channels masked
Layer layer2.0.downsample.0.weight: 1/128 channels masked
Layer layer3.0.conv1.weight: 1/256 channels masked
Layer layer3.0.conv2.weight: 6/256 channels masked
Layer layer3.0.downsample.0.weight: 5/256 channels masked
Layer layer3.1.conv1.weight: 1/256 channels masked
Layer layer3.1.conv2.weight: 9/256 channels masked
Layer layer4.0.conv1.weight: 14/512 channels masked
Layer layer4.0.conv2.weight: 20/512 channels masked
Layer layer4.0.downsample.0.weight: 76/512 channels masked
Layer layer4.1.conv2.weight: 33/512 channels masked
------------------------- time cost ------------------------- 4.700984001159668

-------------Round number: 140-------------

Evaluate personalized models
Averaged Train Loss: 0.7197
Averaged Test Accurancy: 0.7046
Averaged Test AUC: 0.9441
Std Test Accurancy: 0.1009
Std Test AUC: 0.0257
ASR: 0.06795165556331338
attack_auc: 0.5848961291888217
Layer layer1.1.conv1.weight: 1/64 channels masked
Layer layer2.0.downsample.0.weight: 1/128 channels masked
Layer layer3.0.conv1.weight: 1/256 channels masked
Layer layer3.0.conv2.weight: 6/256 channels masked
Layer layer3.0.downsample.0.weight: 5/256 channels masked
Layer layer3.1.conv1.weight: 1/256 channels masked
Layer layer3.1.conv2.weight: 9/256 channels masked
Layer layer4.0.conv1.weight: 13/512 channels masked
Layer layer4.0.conv2.weight: 21/512 channels masked
Layer layer4.0.downsample.0.weight: 76/512 channels masked
Layer layer4.1.conv2.weight: 33/512 channels masked
------------------------- time cost ------------------------- 12.968734741210938
ASR: 0.07020814967661852
attack_auc: 0.5752381071500386
Layer layer1.1.conv1.weight: 1/64 channels masked
Layer layer2.0.downsample.0.weight: 1/128 channels masked
Layer layer3.0.conv1.weight: 1/256 channels masked
Layer layer3.0.conv2.weight: 6/256 channels masked
Layer layer3.0.downsample.0.weight: 5/256 channels masked
Layer layer3.1.conv1.weight: 1/256 channels masked
Layer layer3.1.conv2.weight: 9/256 channels masked
Layer layer4.0.conv1.weight: 13/512 channels masked
Layer layer4.0.conv2.weight: 22/512 channels masked
Layer layer4.0.downsample.0.weight: 79/512 channels masked
Layer layer4.1.conv2.weight: 34/512 channels masked
------------------------- time cost ------------------------- 5.168920516967773
ASR: 0.06931745839629322
attack_auc: 0.5627093681131914
Layer layer1.1.conv1.weight: 1/64 channels masked
Layer layer2.0.downsample.0.weight: 1/128 channels masked
Layer layer3.0.conv1.weight: 1/256 channels masked
Layer layer3.0.conv2.weight: 6/256 channels masked
Layer layer3.0.downsample.0.weight: 5/256 channels masked
Layer layer3.1.conv1.weight: 1/256 channels masked
Layer layer3.1.conv2.weight: 9/256 channels masked
Layer layer4.0.conv1.weight: 13/512 channels masked
Layer layer4.0.conv2.weight: 20/512 channels masked
Layer layer4.0.downsample.0.weight: 81/512 channels masked
Layer layer4.1.conv2.weight: 34/512 channels masked
------------------------- time cost ------------------------- 4.438110828399658
ASR: 0.07818000359697955
attack_auc: 0.5865817184929881
Layer layer1.1.conv1.weight: 1/64 channels masked
Layer layer2.0.downsample.0.weight: 1/128 channels masked
Layer layer3.0.conv1.weight: 1/256 channels masked
Layer layer3.0.conv2.weight: 6/256 channels masked
Layer layer3.0.downsample.0.weight: 5/256 channels masked
Layer layer3.1.conv1.weight: 1/256 channels masked
Layer layer3.1.conv2.weight: 9/256 channels masked
Layer layer4.0.conv1.weight: 12/512 channels masked
Layer layer4.0.conv2.weight: 21/512 channels masked
Layer layer4.0.downsample.0.weight: 79/512 channels masked
Layer layer4.1.conv2.weight: 34/512 channels masked
------------------------- time cost ------------------------- 5.133369207382202
ASR: 0.08106523496171773
attack_auc: 0.5964719614239131
Layer layer1.1.conv1.weight: 1/64 channels masked
Layer layer2.0.downsample.0.weight: 1/128 channels masked
Layer layer3.0.conv1.weight: 1/256 channels masked
Layer layer3.0.conv2.weight: 6/256 channels masked
Layer layer3.0.downsample.0.weight: 5/256 channels masked
Layer layer3.1.conv1.weight: 1/256 channels masked
Layer layer3.1.conv2.weight: 9/256 channels masked
Layer layer4.0.conv1.weight: 12/512 channels masked
Layer layer4.0.conv2.weight: 24/512 channels masked
Layer layer4.0.downsample.0.weight: 84/512 channels masked
Layer layer4.1.conv2.weight: 34/512 channels masked
------------------------- time cost ------------------------- 5.443855285644531
ASR: 0.06446865346503888
attack_auc: 0.5818708987425479
Layer layer1.1.conv1.weight: 1/64 channels masked
Layer layer2.0.downsample.0.weight: 1/128 channels masked
Layer layer3.0.conv1.weight: 1/256 channels masked
Layer layer3.0.conv2.weight: 6/256 channels masked
Layer layer3.0.downsample.0.weight: 5/256 channels masked
Layer layer3.1.conv1.weight: 1/256 channels masked
Layer layer3.1.conv2.weight: 9/256 channels masked
Layer layer4.0.conv1.weight: 11/512 channels masked
Layer layer4.0.conv2.weight: 24/512 channels masked
Layer layer4.0.downsample.0.weight: 82/512 channels masked
Layer layer4.1.conv2.weight: 34/512 channels masked
------------------------- time cost ------------------------- 5.033260107040405
ASR: 0.06767360496670717
attack_auc: 0.6025091041595498
Layer layer1.1.conv1.weight: 1/64 channels masked
Layer layer2.0.downsample.0.weight: 1/128 channels masked
Layer layer3.0.conv1.weight: 1/256 channels masked
Layer layer3.0.conv2.weight: 6/256 channels masked
Layer layer3.0.downsample.0.weight: 5/256 channels masked
Layer layer3.1.conv1.weight: 1/256 channels masked
Layer layer3.1.conv2.weight: 9/256 channels masked
Layer layer4.0.conv1.weight: 12/512 channels masked
Layer layer4.0.conv2.weight: 24/512 channels masked
Layer layer4.0.downsample.0.weight: 83/512 channels masked
Layer layer4.1.conv2.weight: 35/512 channels masked
------------------------- time cost ------------------------- 5.412394762039185
ASR: 0.0567017132401817
attack_auc: 0.5805532633336606
Layer layer1.1.conv1.weight: 1/64 channels masked
Layer layer2.0.downsample.0.weight: 1/128 channels masked
Layer layer3.0.conv1.weight: 1/256 channels masked
Layer layer3.0.conv2.weight: 6/256 channels masked
Layer layer3.0.downsample.0.weight: 5/256 channels masked
Layer layer3.1.conv1.weight: 1/256 channels masked
Layer layer3.1.conv2.weight: 9/256 channels masked
Layer layer4.0.conv1.weight: 11/512 channels masked
Layer layer4.0.conv2.weight: 26/512 channels masked
Layer layer4.0.downsample.0.weight: 85/512 channels masked
Layer layer4.1.conv2.weight: 33/512 channels masked
------------------------- time cost ------------------------- 5.461274862289429
ASR: 0.053443598800653316
attack_auc: 0.5672161144695242
Layer layer1.1.conv1.weight: 1/64 channels masked
Layer layer2.0.downsample.0.weight: 1/128 channels masked
Layer layer3.0.conv1.weight: 1/256 channels masked
Layer layer3.0.conv2.weight: 6/256 channels masked
Layer layer3.0.downsample.0.weight: 5/256 channels masked
Layer layer3.1.conv1.weight: 1/256 channels masked
Layer layer3.1.conv2.weight: 9/256 channels masked
Layer layer4.0.conv1.weight: 11/512 channels masked
Layer layer4.0.conv2.weight: 27/512 channels masked
Layer layer4.0.downsample.0.weight: 84/512 channels masked
Layer layer4.1.conv2.weight: 34/512 channels masked
------------------------- time cost ------------------------- 5.327647924423218
ASR: 0.05932299566776622
attack_auc: 0.5815809248721653
Layer layer1.1.conv1.weight: 1/64 channels masked
Layer layer2.0.downsample.0.weight: 1/128 channels masked
Layer layer3.0.conv1.weight: 1/256 channels masked
Layer layer3.0.conv2.weight: 6/256 channels masked
Layer layer3.0.downsample.0.weight: 5/256 channels masked
Layer layer3.1.conv1.weight: 1/256 channels masked
Layer layer3.1.conv2.weight: 9/256 channels masked
Layer layer4.0.conv1.weight: 11/512 channels masked
Layer layer4.0.conv2.weight: 25/512 channels masked
Layer layer4.0.downsample.0.weight: 81/512 channels masked
Layer layer4.1.conv2.weight: 33/512 channels masked
------------------------- time cost ------------------------- 5.23862099647522

-------------Round number: 150-------------

Evaluate personalized models
Averaged Train Loss: 0.6965
Averaged Test Accurancy: 0.7066
Averaged Test AUC: 0.9453
Std Test Accurancy: 0.0939
Std Test AUC: 0.0240
ASR: 0.05922464646376625
attack_auc: 0.5890656208802783
Layer layer1.1.conv1.weight: 1/64 channels masked
Layer layer2.0.downsample.0.weight: 1/128 channels masked
Layer layer3.0.conv1.weight: 1/256 channels masked
Layer layer3.0.conv2.weight: 6/256 channels masked
Layer layer3.0.downsample.0.weight: 5/256 channels masked
Layer layer3.1.conv1.weight: 1/256 channels masked
Layer layer3.1.conv2.weight: 9/256 channels masked
Layer layer4.0.conv1.weight: 10/512 channels masked
Layer layer4.0.conv2.weight: 23/512 channels masked
Layer layer4.0.downsample.0.weight: 74/512 channels masked
Layer layer4.1.conv2.weight: 34/512 channels masked
------------------------- time cost ------------------------- 13.238000631332397
ASR: 0.06439481559612692
attack_auc: 0.5763475646707112
Layer layer1.1.conv1.weight: 1/64 channels masked
Layer layer2.0.downsample.0.weight: 1/128 channels masked
Layer layer3.0.conv1.weight: 1/256 channels masked
Layer layer3.0.conv2.weight: 6/256 channels masked
Layer layer3.0.downsample.0.weight: 5/256 channels masked
Layer layer3.1.conv1.weight: 1/256 channels masked
Layer layer3.1.conv2.weight: 9/256 channels masked
Layer layer4.0.conv1.weight: 10/512 channels masked
Layer layer4.0.conv2.weight: 23/512 channels masked
Layer layer4.0.downsample.0.weight: 74/512 channels masked
Layer layer4.1.conv2.weight: 34/512 channels masked
------------------------- time cost ------------------------- 5.176560640335083
ASR: 0.08501079679273804
attack_auc: 0.6205979020044514
Layer layer1.1.conv1.weight: 1/64 channels masked
Layer layer2.0.downsample.0.weight: 1/128 channels masked
Layer layer3.0.conv1.weight: 1/256 channels masked
Layer layer3.0.conv2.weight: 6/256 channels masked
Layer layer3.0.downsample.0.weight: 5/256 channels masked
Layer layer3.1.conv1.weight: 1/256 channels masked
Layer layer3.1.conv2.weight: 9/256 channels masked
Layer layer4.0.conv1.weight: 9/512 channels masked
Layer layer4.0.conv2.weight: 20/512 channels masked
Layer layer4.0.downsample.0.weight: 74/512 channels masked
Layer layer4.1.conv2.weight: 34/512 channels masked
------------------------- time cost ------------------------- 5.836082935333252
ASR: 0.07331816025190716
attack_auc: 0.5932806935929231
Layer layer1.1.conv1.weight: 1/64 channels masked
Layer layer2.0.downsample.0.weight: 1/128 channels masked
Layer layer3.0.conv1.weight: 1/256 channels masked
Layer layer3.0.conv2.weight: 6/256 channels masked
Layer layer3.0.downsample.0.weight: 5/256 channels masked
Layer layer3.1.conv1.weight: 1/256 channels masked
Layer layer3.1.conv2.weight: 9/256 channels masked
Layer layer4.0.conv1.weight: 9/512 channels masked
Layer layer4.0.conv2.weight: 22/512 channels masked
Layer layer4.0.downsample.0.weight: 77/512 channels masked
Layer layer4.1.conv2.weight: 34/512 channels masked
------------------------- time cost ------------------------- 4.619980812072754
ASR: 0.0651357724081876
attack_auc: 0.5959073533601986
Layer layer1.1.conv1.weight: 1/64 channels masked
Layer layer2.0.downsample.0.weight: 1/128 channels masked
Layer layer3.0.conv1.weight: 1/256 channels masked
Layer layer3.0.conv2.weight: 6/256 channels masked
Layer layer3.0.downsample.0.weight: 5/256 channels masked
Layer layer3.1.conv1.weight: 1/256 channels masked
Layer layer3.1.conv2.weight: 9/256 channels masked
Layer layer4.0.conv1.weight: 9/512 channels masked
Layer layer4.0.conv2.weight: 22/512 channels masked
Layer layer4.0.downsample.0.weight: 79/512 channels masked
Layer layer4.1.conv2.weight: 35/512 channels masked
------------------------- time cost ------------------------- 5.446207046508789
ASR: 0.06577434198278305
attack_auc: 0.5933716025629535
Layer layer1.1.conv1.weight: 1/64 channels masked
Layer layer2.0.downsample.0.weight: 1/128 channels masked
Layer layer3.0.conv1.weight: 1/256 channels masked
Layer layer3.0.conv2.weight: 6/256 channels masked
Layer layer3.0.downsample.0.weight: 5/256 channels masked
Layer layer3.1.conv1.weight: 1/256 channels masked
Layer layer3.1.conv2.weight: 9/256 channels masked
Layer layer4.0.conv1.weight: 7/512 channels masked
Layer layer4.0.conv2.weight: 19/512 channels masked
Layer layer4.0.downsample.0.weight: 77/512 channels masked
Layer layer4.1.conv2.weight: 35/512 channels masked
------------------------- time cost ------------------------- 5.271414518356323
ASR: 0.09492774626886498
attack_auc: 0.6358307220475165
Layer layer1.1.conv1.weight: 1/64 channels masked
Layer layer2.0.downsample.0.weight: 1/128 channels masked
Layer layer3.0.conv1.weight: 1/256 channels masked
Layer layer3.0.conv2.weight: 6/256 channels masked
Layer layer3.0.downsample.0.weight: 5/256 channels masked
Layer layer3.1.conv1.weight: 1/256 channels masked
Layer layer3.1.conv2.weight: 9/256 channels masked
Layer layer4.0.conv1.weight: 6/512 channels masked
Layer layer4.0.conv2.weight: 20/512 channels masked
Layer layer4.0.downsample.0.weight: 80/512 channels masked
Layer layer4.1.conv2.weight: 36/512 channels masked
------------------------- time cost ------------------------- 5.060121536254883
ASR: 0.08622978099330275
attack_auc: 0.6109576113719545
Layer layer1.1.conv1.weight: 1/64 channels masked
Layer layer2.0.downsample.0.weight: 1/128 channels masked
Layer layer3.0.conv1.weight: 1/256 channels masked
Layer layer3.0.conv2.weight: 6/256 channels masked
Layer layer3.0.downsample.0.weight: 5/256 channels masked
Layer layer3.1.conv1.weight: 1/256 channels masked
Layer layer3.1.conv2.weight: 9/256 channels masked
Layer layer4.0.conv1.weight: 6/512 channels masked
Layer layer4.0.conv2.weight: 18/512 channels masked
Layer layer4.0.downsample.0.weight: 79/512 channels masked
Layer layer4.1.conv2.weight: 36/512 channels masked
------------------------- time cost ------------------------- 5.523530960083008
ASR: 0.08697603307194385
attack_auc: 0.6240451251043052
Layer layer1.1.conv1.weight: 1/64 channels masked
Layer layer2.0.downsample.0.weight: 1/128 channels masked
Layer layer3.0.conv1.weight: 1/256 channels masked
Layer layer3.0.conv2.weight: 6/256 channels masked
Layer layer3.0.downsample.0.weight: 5/256 channels masked
Layer layer3.1.conv1.weight: 1/256 channels masked
Layer layer3.1.conv2.weight: 9/256 channels masked
Layer layer4.0.conv1.weight: 6/512 channels masked
Layer layer4.0.conv2.weight: 22/512 channels masked
Layer layer4.0.downsample.0.weight: 78/512 channels masked
Layer layer4.1.conv2.weight: 37/512 channels masked
------------------------- time cost ------------------------- 5.353533029556274
ASR: 0.09696872314367011
attack_auc: 0.625853743283413
Layer layer1.1.conv1.weight: 1/64 channels masked
Layer layer2.0.downsample.0.weight: 1/128 channels masked
Layer layer3.0.conv1.weight: 1/256 channels masked
Layer layer3.0.conv2.weight: 6/256 channels masked
Layer layer3.0.downsample.0.weight: 5/256 channels masked
Layer layer3.1.conv1.weight: 1/256 channels masked
Layer layer3.1.conv2.weight: 9/256 channels masked
Layer layer4.0.conv1.weight: 5/512 channels masked
Layer layer4.0.conv2.weight: 16/512 channels masked
Layer layer4.0.downsample.0.weight: 76/512 channels masked
Layer layer4.1.conv2.weight: 36/512 channels masked
------------------------- time cost ------------------------- 5.872344255447388

-------------Round number: 160-------------

Evaluate personalized models
Averaged Train Loss: 0.6833
Averaged Test Accurancy: 0.7084
Averaged Test AUC: 0.9453
Std Test Accurancy: 0.0999
Std Test AUC: 0.0257
ASR: 0.11870924951641096
attack_auc: 0.6572353947979221
Layer layer1.1.conv1.weight: 1/64 channels masked
Layer layer2.0.downsample.0.weight: 1/128 channels masked
Layer layer3.0.conv1.weight: 1/256 channels masked
Layer layer3.0.conv2.weight: 6/256 channels masked
Layer layer3.0.downsample.0.weight: 5/256 channels masked
Layer layer3.1.conv1.weight: 1/256 channels masked
Layer layer3.1.conv2.weight: 9/256 channels masked
Layer layer4.0.conv1.weight: 5/512 channels masked
Layer layer4.0.conv2.weight: 16/512 channels masked
Layer layer4.0.downsample.0.weight: 75/512 channels masked
Layer layer4.1.conv2.weight: 36/512 channels masked
------------------------- time cost ------------------------- 12.43468165397644
ASR: 0.12636436245702515
attack_auc: 0.6645025844392309
Layer layer1.1.conv1.weight: 1/64 channels masked
Layer layer2.0.downsample.0.weight: 1/128 channels masked
Layer layer3.0.conv1.weight: 1/256 channels masked
Layer layer3.0.conv2.weight: 6/256 channels masked
Layer layer3.0.downsample.0.weight: 5/256 channels masked
Layer layer3.1.conv1.weight: 1/256 channels masked
Layer layer3.1.conv2.weight: 9/256 channels masked
Layer layer4.0.conv1.weight: 5/512 channels masked
Layer layer4.0.conv2.weight: 16/512 channels masked
Layer layer4.0.downsample.0.weight: 75/512 channels masked
Layer layer4.1.conv2.weight: 36/512 channels masked
------------------------- time cost ------------------------- 5.027196884155273
ASR: 0.1086064099348332
attack_auc: 0.6427878811082137
Layer layer1.1.conv1.weight: 1/64 channels masked
Layer layer2.0.downsample.0.weight: 1/128 channels masked
Layer layer3.0.conv1.weight: 1/256 channels masked
Layer layer3.0.conv2.weight: 6/256 channels masked
Layer layer3.0.downsample.0.weight: 5/256 channels masked
Layer layer3.1.conv1.weight: 1/256 channels masked
Layer layer3.1.conv2.weight: 9/256 channels masked
Layer layer4.0.conv1.weight: 4/512 channels masked
Layer layer4.0.conv2.weight: 15/512 channels masked
Layer layer4.0.downsample.0.weight: 76/512 channels masked
Layer layer4.1.conv2.weight: 36/512 channels masked
------------------------- time cost ------------------------- 5.260970115661621
ASR: 0.11131304417993541
attack_auc: 0.6476868184194047
Layer layer1.1.conv1.weight: 1/64 channels masked
Layer layer2.0.downsample.0.weight: 1/128 channels masked
Layer layer3.0.conv1.weight: 1/256 channels masked
Layer layer3.0.conv2.weight: 6/256 channels masked
Layer layer3.0.downsample.0.weight: 5/256 channels masked
Layer layer3.1.conv1.weight: 1/256 channels masked
Layer layer3.1.conv2.weight: 9/256 channels masked
Layer layer4.0.conv1.weight: 6/512 channels masked
Layer layer4.0.conv2.weight: 17/512 channels masked
Layer layer4.0.downsample.0.weight: 74/512 channels masked
Layer layer4.1.conv2.weight: 36/512 channels masked
------------------------- time cost ------------------------- 4.208456754684448
ASR: 0.10247819214974462
attack_auc: 0.6409968739460677
Layer layer1.1.conv1.weight: 1/64 channels masked
Layer layer2.0.downsample.0.weight: 1/128 channels masked
Layer layer3.0.conv1.weight: 1/256 channels masked
Layer layer3.0.conv2.weight: 6/256 channels masked
Layer layer3.0.downsample.0.weight: 5/256 channels masked
Layer layer3.1.conv1.weight: 1/256 channels masked
Layer layer3.1.conv2.weight: 9/256 channels masked
Layer layer4.0.conv1.weight: 6/512 channels masked
Layer layer4.0.conv2.weight: 14/512 channels masked
Layer layer4.0.downsample.0.weight: 81/512 channels masked
Layer layer4.1.conv2.weight: 37/512 channels masked
------------------------- time cost ------------------------- 6.050863981246948
ASR: 0.09932736958642734
attack_auc: 0.6419728439233734
Layer layer1.1.conv1.weight: 1/64 channels masked
Layer layer2.0.downsample.0.weight: 1/128 channels masked
Layer layer3.0.conv1.weight: 1/256 channels masked
Layer layer3.0.conv2.weight: 6/256 channels masked
Layer layer3.0.downsample.0.weight: 5/256 channels masked
Layer layer3.1.conv1.weight: 1/256 channels masked
Layer layer3.1.conv2.weight: 9/256 channels masked
Layer layer4.0.conv1.weight: 6/512 channels masked
Layer layer4.0.conv2.weight: 14/512 channels masked
Layer layer4.0.downsample.0.weight: 80/512 channels masked
Layer layer4.1.conv2.weight: 38/512 channels masked
------------------------- time cost ------------------------- 5.402890682220459
ASR: 0.10422660516812064
attack_auc: 0.6439570920471916
Layer layer1.1.conv1.weight: 1/64 channels masked
Layer layer2.0.downsample.0.weight: 1/128 channels masked
Layer layer3.0.conv1.weight: 1/256 channels masked
Layer layer3.0.conv2.weight: 6/256 channels masked
Layer layer3.0.downsample.0.weight: 5/256 channels masked
Layer layer3.1.conv1.weight: 1/256 channels masked
Layer layer3.1.conv2.weight: 9/256 channels masked
Layer layer4.0.conv1.weight: 7/512 channels masked
Layer layer4.0.conv2.weight: 12/512 channels masked
Layer layer4.0.downsample.0.weight: 77/512 channels masked
Layer layer4.1.conv2.weight: 38/512 channels masked
------------------------- time cost ------------------------- 5.103053569793701
ASR: 0.12493670006584989
attack_auc: 0.667808004138789
Layer layer1.1.conv1.weight: 1/64 channels masked
Layer layer2.0.downsample.0.weight: 1/128 channels masked
Layer layer3.0.conv1.weight: 1/256 channels masked
Layer layer3.0.conv2.weight: 6/256 channels masked
Layer layer3.0.downsample.0.weight: 5/256 channels masked
Layer layer3.1.conv1.weight: 1/256 channels masked
Layer layer3.1.conv2.weight: 9/256 channels masked
Layer layer4.0.conv1.weight: 6/512 channels masked
Layer layer4.0.conv2.weight: 12/512 channels masked
Layer layer4.0.downsample.0.weight: 77/512 channels masked
Layer layer4.1.conv2.weight: 38/512 channels masked
------------------------- time cost ------------------------- 5.065287351608276
ASR: 0.1248358044737702
attack_auc: 0.6608333633313925
Layer layer1.1.conv1.weight: 1/64 channels masked
Layer layer2.0.downsample.0.weight: 1/128 channels masked
Layer layer3.0.conv1.weight: 1/256 channels masked
Layer layer3.0.conv2.weight: 6/256 channels masked
Layer layer3.0.downsample.0.weight: 5/256 channels masked
Layer layer3.1.conv1.weight: 1/256 channels masked
Layer layer3.1.conv2.weight: 9/256 channels masked
Layer layer4.0.conv1.weight: 6/512 channels masked
Layer layer4.0.conv2.weight: 12/512 channels masked
Layer layer4.0.downsample.0.weight: 76/512 channels masked
Layer layer4.1.conv2.weight: 38/512 channels masked
------------------------- time cost ------------------------- 5.131839275360107
ASR: 0.15655762979102805
attack_auc: 0.6928650909699761
Layer layer1.1.conv1.weight: 1/64 channels masked
Layer layer2.0.downsample.0.weight: 1/128 channels masked
Layer layer3.0.conv1.weight: 1/256 channels masked
Layer layer3.0.conv2.weight: 6/256 channels masked
Layer layer3.0.downsample.0.weight: 5/256 channels masked
Layer layer3.1.conv1.weight: 1/256 channels masked
Layer layer3.1.conv2.weight: 9/256 channels masked
Layer layer4.0.conv1.weight: 6/512 channels masked
Layer layer4.0.conv2.weight: 15/512 channels masked
Layer layer4.0.downsample.0.weight: 73/512 channels masked
Layer layer4.1.conv2.weight: 39/512 channels masked
------------------------- time cost ------------------------- 4.448260068893433

-------------Round number: 170-------------

Evaluate personalized models
Averaged Train Loss: 0.5939
Averaged Test Accurancy: 0.7270
Averaged Test AUC: 0.9499
Std Test Accurancy: 0.0936
Std Test AUC: 0.0219
ASR: 0.17635680107538154
attack_auc: 0.6990629016788334
Layer layer1.1.conv1.weight: 1/64 channels masked
Layer layer2.0.downsample.0.weight: 1/128 channels masked
Layer layer3.0.conv1.weight: 1/256 channels masked
Layer layer3.0.conv2.weight: 6/256 channels masked
Layer layer3.0.downsample.0.weight: 5/256 channels masked
Layer layer3.1.conv1.weight: 1/256 channels masked
Layer layer3.1.conv2.weight: 9/256 channels masked
Layer layer4.0.conv1.weight: 6/512 channels masked
Layer layer4.0.conv2.weight: 15/512 channels masked
Layer layer4.0.downsample.0.weight: 73/512 channels masked
Layer layer4.1.conv2.weight: 39/512 channels masked
------------------------- time cost ------------------------- 12.801459550857544
ASR: 0.20058677313684453
attack_auc: 0.7227305862846276
Layer layer1.1.conv1.weight: 1/64 channels masked
Layer layer2.0.downsample.0.weight: 1/128 channels masked
Layer layer3.0.conv1.weight: 1/256 channels masked
Layer layer3.0.conv2.weight: 6/256 channels masked
Layer layer3.0.downsample.0.weight: 5/256 channels masked
Layer layer3.1.conv1.weight: 1/256 channels masked
Layer layer3.1.conv2.weight: 9/256 channels masked
Layer layer4.0.conv1.weight: 7/512 channels masked
Layer layer4.0.conv2.weight: 16/512 channels masked
Layer layer4.0.downsample.0.weight: 73/512 channels masked
Layer layer4.1.conv2.weight: 39/512 channels masked
------------------------- time cost ------------------------- 5.093588352203369
ASR: 0.175242761336325
attack_auc: 0.7106595258284465
Layer layer1.1.conv1.weight: 1/64 channels masked
Layer layer2.0.downsample.0.weight: 1/128 channels masked
Layer layer3.0.conv1.weight: 1/256 channels masked
Layer layer3.0.conv2.weight: 6/256 channels masked
Layer layer3.0.downsample.0.weight: 5/256 channels masked
Layer layer3.1.conv1.weight: 1/256 channels masked
Layer layer3.1.conv2.weight: 9/256 channels masked
Layer layer4.0.conv1.weight: 9/512 channels masked
Layer layer4.0.conv2.weight: 17/512 channels masked
Layer layer4.0.downsample.0.weight: 73/512 channels masked
Layer layer4.1.conv2.weight: 39/512 channels masked
------------------------- time cost ------------------------- 5.074941396713257
ASR: 0.18380076679692056
attack_auc: 0.7117992969292379
Layer layer1.1.conv1.weight: 1/64 channels masked
Layer layer2.0.downsample.0.weight: 1/128 channels masked
Layer layer3.0.conv1.weight: 1/256 channels masked
Layer layer3.0.conv2.weight: 6/256 channels masked
Layer layer3.0.downsample.0.weight: 5/256 channels masked
Layer layer3.1.conv1.weight: 1/256 channels masked
Layer layer3.1.conv2.weight: 9/256 channels masked
Layer layer4.0.conv1.weight: 9/512 channels masked
Layer layer4.0.conv2.weight: 15/512 channels masked
Layer layer4.0.downsample.0.weight: 72/512 channels masked
Layer layer4.1.conv2.weight: 38/512 channels masked
------------------------- time cost ------------------------- 5.714890003204346
ASR: 0.15695183523631973
attack_auc: 0.69120480070829
Layer layer1.1.conv1.weight: 1/64 channels masked
Layer layer2.0.downsample.0.weight: 1/128 channels masked
Layer layer3.0.conv1.weight: 1/256 channels masked
Layer layer3.0.conv2.weight: 6/256 channels masked
Layer layer3.0.downsample.0.weight: 5/256 channels masked
Layer layer3.1.conv1.weight: 1/256 channels masked
Layer layer3.1.conv2.weight: 9/256 channels masked
Layer layer4.0.conv1.weight: 8/512 channels masked
Layer layer4.0.conv2.weight: 14/512 channels masked
Layer layer4.0.downsample.0.weight: 70/512 channels masked
Layer layer4.1.conv2.weight: 38/512 channels masked
------------------------- time cost ------------------------- 4.5428571701049805
ASR: 0.15691622558062732
attack_auc: 0.7013354638590732
Layer layer1.1.conv1.weight: 1/64 channels masked
Layer layer2.0.downsample.0.weight: 1/128 channels masked
Layer layer3.0.conv1.weight: 1/256 channels masked
Layer layer3.0.conv2.weight: 6/256 channels masked
Layer layer3.0.downsample.0.weight: 5/256 channels masked
Layer layer3.1.conv1.weight: 1/256 channels masked
Layer layer3.1.conv2.weight: 9/256 channels masked
Layer layer4.0.conv1.weight: 5/512 channels masked
Layer layer4.0.conv2.weight: 13/512 channels masked
Layer layer4.0.downsample.0.weight: 70/512 channels masked
Layer layer4.1.conv2.weight: 38/512 channels masked
------------------------- time cost ------------------------- 5.67451286315918
ASR: 0.12725018216424763
attack_auc: 0.6652763029397647
Layer layer1.1.conv1.weight: 1/64 channels masked
Layer layer2.0.downsample.0.weight: 1/128 channels masked
Layer layer3.0.conv1.weight: 1/256 channels masked
Layer layer3.0.conv2.weight: 6/256 channels masked
Layer layer3.0.downsample.0.weight: 5/256 channels masked
Layer layer3.1.conv1.weight: 1/256 channels masked
Layer layer3.1.conv2.weight: 9/256 channels masked
Layer layer4.0.conv1.weight: 7/512 channels masked
Layer layer4.0.conv2.weight: 9/512 channels masked
Layer layer4.0.downsample.0.weight: 74/512 channels masked
Layer layer4.1.conv2.weight: 39/512 channels masked
------------------------- time cost ------------------------- 5.2459917068481445
ASR: 0.13945035728381713
attack_auc: 0.6874416810142177
Layer layer1.1.conv1.weight: 1/64 channels masked
Layer layer2.0.downsample.0.weight: 1/128 channels masked
Layer layer3.0.conv1.weight: 1/256 channels masked
Layer layer3.0.conv2.weight: 6/256 channels masked
Layer layer3.0.downsample.0.weight: 5/256 channels masked
Layer layer3.1.conv1.weight: 1/256 channels masked
Layer layer3.1.conv2.weight: 9/256 channels masked
Layer layer4.0.conv1.weight: 7/512 channels masked
Layer layer4.0.conv2.weight: 8/512 channels masked
Layer layer4.0.downsample.0.weight: 74/512 channels masked
Layer layer4.1.conv2.weight: 39/512 channels masked
------------------------- time cost ------------------------- 4.698632717132568
ASR: 0.15319261624926145
attack_auc: 0.7040871166629692
Layer layer1.1.conv1.weight: 1/64 channels masked
Layer layer2.0.downsample.0.weight: 1/128 channels masked
Layer layer3.0.conv1.weight: 1/256 channels masked
Layer layer3.0.conv2.weight: 6/256 channels masked
Layer layer3.0.downsample.0.weight: 5/256 channels masked
Layer layer3.1.conv1.weight: 1/256 channels masked
Layer layer3.1.conv2.weight: 9/256 channels masked
Layer layer4.0.conv1.weight: 6/512 channels masked
Layer layer4.0.conv2.weight: 7/512 channels masked
Layer layer4.0.downsample.0.weight: 74/512 channels masked
Layer layer4.1.conv2.weight: 39/512 channels masked
------------------------- time cost ------------------------- 5.641410827636719
ASR: 0.1547188083002979
attack_auc: 0.7014833973311939
Layer layer1.1.conv1.weight: 1/64 channels masked
Layer layer2.0.downsample.0.weight: 1/128 channels masked
Layer layer3.0.conv1.weight: 1/256 channels masked
Layer layer3.0.conv2.weight: 6/256 channels masked
Layer layer3.0.downsample.0.weight: 5/256 channels masked
Layer layer3.1.conv1.weight: 1/256 channels masked
Layer layer3.1.conv2.weight: 9/256 channels masked
Layer layer4.0.conv1.weight: 5/512 channels masked
Layer layer4.0.conv2.weight: 7/512 channels masked
Layer layer4.0.downsample.0.weight: 73/512 channels masked
Layer layer4.1.conv2.weight: 38/512 channels masked
------------------------- time cost ------------------------- 4.401472330093384

-------------Round number: 180-------------

Evaluate personalized models
Averaged Train Loss: 0.5809
Averaged Test Accurancy: 0.7302
Averaged Test AUC: 0.9506
Std Test Accurancy: 0.0907
Std Test AUC: 0.0229
ASR: 0.1741907287506538
attack_auc: 0.7189867860528983
Layer layer1.1.conv1.weight: 1/64 channels masked
Layer layer2.0.downsample.0.weight: 1/128 channels masked
Layer layer3.0.conv1.weight: 1/256 channels masked
Layer layer3.0.conv2.weight: 6/256 channels masked
Layer layer3.0.downsample.0.weight: 5/256 channels masked
Layer layer3.1.conv1.weight: 1/256 channels masked
Layer layer3.1.conv2.weight: 9/256 channels masked
Layer layer4.0.conv1.weight: 4/512 channels masked
Layer layer4.0.conv2.weight: 7/512 channels masked
Layer layer4.0.downsample.0.weight: 71/512 channels masked
Layer layer4.1.conv2.weight: 38/512 channels masked
------------------------- time cost ------------------------- 13.083112001419067
ASR: 0.15856222975312131
attack_auc: 0.7005699551750786
Layer layer1.1.conv1.weight: 1/64 channels masked
Layer layer2.0.downsample.0.weight: 1/128 channels masked
Layer layer3.0.conv1.weight: 1/256 channels masked
Layer layer3.0.conv2.weight: 6/256 channels masked
Layer layer3.0.downsample.0.weight: 5/256 channels masked
Layer layer3.1.conv1.weight: 1/256 channels masked
Layer layer3.1.conv2.weight: 9/256 channels masked
Layer layer4.0.conv1.weight: 5/512 channels masked
Layer layer4.0.conv2.weight: 7/512 channels masked
Layer layer4.0.downsample.0.weight: 70/512 channels masked
Layer layer4.1.conv2.weight: 37/512 channels masked
------------------------- time cost ------------------------- 4.485224008560181
ASR: 0.20395840151641179
attack_auc: 0.7288945404004904
Layer layer1.1.conv1.weight: 1/64 channels masked
Layer layer2.0.downsample.0.weight: 1/128 channels masked
Layer layer3.0.conv1.weight: 1/256 channels masked
Layer layer3.0.conv2.weight: 6/256 channels masked
Layer layer3.0.downsample.0.weight: 5/256 channels masked
Layer layer3.1.conv1.weight: 1/256 channels masked
Layer layer3.1.conv2.weight: 8/256 channels masked
Layer layer4.0.conv1.weight: 5/512 channels masked
Layer layer4.0.conv2.weight: 7/512 channels masked
Layer layer4.0.downsample.0.weight: 71/512 channels masked
Layer layer4.1.conv2.weight: 37/512 channels masked
------------------------- time cost ------------------------- 5.235650062561035
ASR: 0.18102059409055132
attack_auc: 0.7178757189987773
Layer layer1.1.conv1.weight: 1/64 channels masked
Layer layer2.0.downsample.0.weight: 1/128 channels masked
Layer layer3.0.conv1.weight: 1/256 channels masked
Layer layer3.0.conv2.weight: 6/256 channels masked
Layer layer3.0.downsample.0.weight: 5/256 channels masked
Layer layer3.1.conv1.weight: 1/256 channels masked
Layer layer3.1.conv2.weight: 8/256 channels masked
Layer layer4.0.conv1.weight: 4/512 channels masked
Layer layer4.0.conv2.weight: 9/512 channels masked
Layer layer4.0.downsample.0.weight: 70/512 channels masked
Layer layer4.1.conv2.weight: 37/512 channels masked
------------------------- time cost ------------------------- 4.701853036880493
ASR: 0.15557538917649957
attack_auc: 0.6956979293086326
Layer layer1.1.conv1.weight: 1/64 channels masked
Layer layer2.0.downsample.0.weight: 1/128 channels masked
Layer layer3.0.conv1.weight: 1/256 channels masked
Layer layer3.0.conv2.weight: 6/256 channels masked
Layer layer3.0.downsample.0.weight: 5/256 channels masked
Layer layer3.1.conv1.weight: 1/256 channels masked
Layer layer3.1.conv2.weight: 8/256 channels masked
Layer layer4.0.conv1.weight: 4/512 channels masked
Layer layer4.0.conv2.weight: 10/512 channels masked
Layer layer4.0.downsample.0.weight: 68/512 channels masked
Layer layer4.1.conv2.weight: 40/512 channels masked
------------------------- time cost ------------------------- 5.0314202308654785
ASR: 0.16578706052581466
attack_auc: 0.7063148280752558
Layer layer1.1.conv1.weight: 1/64 channels masked
Layer layer2.0.downsample.0.weight: 1/128 channels masked
Layer layer3.0.conv1.weight: 1/256 channels masked
Layer layer3.0.conv2.weight: 6/256 channels masked
Layer layer3.0.downsample.0.weight: 5/256 channels masked
Layer layer3.1.conv1.weight: 1/256 channels masked
Layer layer3.1.conv2.weight: 8/256 channels masked
Layer layer4.0.conv1.weight: 3/512 channels masked
Layer layer4.0.conv2.weight: 12/512 channels masked
Layer layer4.0.downsample.0.weight: 69/512 channels masked
Layer layer4.1.conv2.weight: 40/512 channels masked
------------------------- time cost ------------------------- 4.923425197601318
ASR: 0.19527633456811347
attack_auc: 0.7302720198084723
Layer layer1.1.conv1.weight: 1/64 channels masked
Layer layer2.0.downsample.0.weight: 1/128 channels masked
Layer layer3.0.conv1.weight: 1/256 channels masked
Layer layer3.0.conv2.weight: 6/256 channels masked
Layer layer3.0.downsample.0.weight: 5/256 channels masked
Layer layer3.1.conv1.weight: 1/256 channels masked
Layer layer3.1.conv2.weight: 8/256 channels masked
Layer layer4.0.conv1.weight: 1/512 channels masked
Layer layer4.0.conv2.weight: 9/512 channels masked
Layer layer4.0.downsample.0.weight: 71/512 channels masked
Layer layer4.1.conv2.weight: 40/512 channels masked
------------------------- time cost ------------------------- 5.064334392547607
ASR: 0.23839179199700097
attack_auc: 0.7543832631486808
Layer layer1.1.conv1.weight: 1/64 channels masked
Layer layer2.0.downsample.0.weight: 1/128 channels masked
Layer layer3.0.conv1.weight: 1/256 channels masked
Layer layer3.0.conv2.weight: 6/256 channels masked
Layer layer3.0.downsample.0.weight: 5/256 channels masked
Layer layer3.1.conv1.weight: 1/256 channels masked
Layer layer3.1.conv2.weight: 8/256 channels masked
Layer layer4.0.conv1.weight: 1/512 channels masked
Layer layer4.0.conv2.weight: 7/512 channels masked
Layer layer4.0.downsample.0.weight: 69/512 channels masked
Layer layer4.1.conv2.weight: 40/512 channels masked
------------------------- time cost ------------------------- 5.354409456253052
ASR: 0.23146269538546044
attack_auc: 0.7533454697380955
Layer layer1.1.conv1.weight: 1/64 channels masked
Layer layer2.0.downsample.0.weight: 1/128 channels masked
Layer layer3.0.conv1.weight: 1/256 channels masked
Layer layer3.0.conv2.weight: 6/256 channels masked
Layer layer3.0.downsample.0.weight: 5/256 channels masked
Layer layer3.1.conv1.weight: 1/256 channels masked
Layer layer3.1.conv2.weight: 8/256 channels masked
Layer layer4.0.conv1.weight: 1/512 channels masked
Layer layer4.0.conv2.weight: 6/512 channels masked
Layer layer4.0.downsample.0.weight: 69/512 channels masked
Layer layer4.1.conv2.weight: 40/512 channels masked
------------------------- time cost ------------------------- 4.857885122299194
ASR: 0.2702574282286908
attack_auc: 0.7766712716138564
Layer layer1.1.conv1.weight: 1/64 channels masked
Layer layer2.0.downsample.0.weight: 1/128 channels masked
Layer layer3.0.conv1.weight: 1/256 channels masked
Layer layer3.0.conv2.weight: 6/256 channels masked
Layer layer3.0.downsample.0.weight: 5/256 channels masked
Layer layer3.1.conv1.weight: 1/256 channels masked
Layer layer3.1.conv2.weight: 8/256 channels masked
Layer layer4.0.conv1.weight: 1/512 channels masked
Layer layer4.0.conv2.weight: 7/512 channels masked
Layer layer4.0.downsample.0.weight: 69/512 channels masked
Layer layer4.1.conv2.weight: 40/512 channels masked
------------------------- time cost ------------------------- 4.907185077667236

-------------Round number: 190-------------

Evaluate personalized models
Averaged Train Loss: 0.4987
Averaged Test Accurancy: 0.7521
Averaged Test AUC: 0.9556
Std Test Accurancy: 0.0800
Std Test AUC: 0.0192
ASR: 0.26228788892299987
attack_auc: 0.7633240832783078
Layer layer1.1.conv1.weight: 1/64 channels masked
Layer layer2.0.downsample.0.weight: 1/128 channels masked
Layer layer3.0.conv1.weight: 1/256 channels masked
Layer layer3.0.conv2.weight: 6/256 channels masked
Layer layer3.0.downsample.0.weight: 5/256 channels masked
Layer layer3.1.conv1.weight: 1/256 channels masked
Layer layer3.1.conv2.weight: 8/256 channels masked
Layer layer4.0.conv1.weight: 1/512 channels masked
Layer layer4.0.conv2.weight: 6/512 channels masked
Layer layer4.0.downsample.0.weight: 67/512 channels masked
Layer layer4.1.conv2.weight: 40/512 channels masked
------------------------- time cost ------------------------- 13.485015153884888
ASR: 0.2857697080022306
attack_auc: 0.7771707914655845
Layer layer1.1.conv1.weight: 1/64 channels masked
Layer layer2.0.downsample.0.weight: 1/128 channels masked
Layer layer3.0.conv1.weight: 1/256 channels masked
Layer layer3.0.conv2.weight: 6/256 channels masked
Layer layer3.0.downsample.0.weight: 5/256 channels masked
Layer layer3.1.conv1.weight: 1/256 channels masked
Layer layer3.1.conv2.weight: 8/256 channels masked
Layer layer4.0.conv1.weight: 2/512 channels masked
Layer layer4.0.conv2.weight: 6/512 channels masked
Layer layer4.0.downsample.0.weight: 65/512 channels masked
Layer layer4.1.conv2.weight: 40/512 channels masked
------------------------- time cost ------------------------- 4.6738317012786865
ASR: 0.25921329382900454
attack_auc: 0.7559823964976232
Layer layer1.1.conv1.weight: 1/64 channels masked
Layer layer2.0.downsample.0.weight: 1/128 channels masked
Layer layer3.0.conv1.weight: 1/256 channels masked
Layer layer3.0.conv2.weight: 6/256 channels masked
Layer layer3.0.downsample.0.weight: 5/256 channels masked
Layer layer3.1.conv1.weight: 1/256 channels masked
Layer layer3.1.conv2.weight: 8/256 channels masked
Layer layer4.0.conv1.weight: 2/512 channels masked
Layer layer4.0.conv2.weight: 5/512 channels masked
Layer layer4.0.downsample.0.weight: 66/512 channels masked
Layer layer4.1.conv2.weight: 40/512 channels masked
------------------------- time cost ------------------------- 5.949811220169067
ASR: 0.2674352315217948
attack_auc: 0.7625048894766717
Layer layer1.1.conv1.weight: 1/64 channels masked
Layer layer2.0.downsample.0.weight: 1/128 channels masked
Layer layer3.0.conv1.weight: 1/256 channels masked
Layer layer3.0.conv2.weight: 6/256 channels masked
Layer layer3.0.downsample.0.weight: 5/256 channels masked
Layer layer3.1.conv1.weight: 1/256 channels masked
Layer layer3.1.conv2.weight: 8/256 channels masked
Layer layer4.0.conv1.weight: 3/512 channels masked
Layer layer4.0.conv2.weight: 6/512 channels masked
Layer layer4.0.downsample.0.weight: 68/512 channels masked
Layer layer4.1.conv2.weight: 40/512 channels masked
------------------------- time cost ------------------------- 4.542107343673706
ASR: 0.30551818630169414
attack_auc: 0.7865618350521618
Layer layer1.1.conv1.weight: 1/64 channels masked
Layer layer2.0.downsample.0.weight: 1/128 channels masked
Layer layer3.0.conv1.weight: 1/256 channels masked
Layer layer3.0.conv2.weight: 6/256 channels masked
Layer layer3.0.downsample.0.weight: 5/256 channels masked
Layer layer3.1.conv1.weight: 1/256 channels masked
Layer layer3.1.conv2.weight: 8/256 channels masked
Layer layer4.0.conv1.weight: 3/512 channels masked
Layer layer4.0.conv2.weight: 7/512 channels masked
Layer layer4.0.downsample.0.weight: 67/512 channels masked
Layer layer4.1.conv2.weight: 40/512 channels masked
------------------------- time cost ------------------------- 4.926515817642212
ASR: 0.2878417837282651
attack_auc: 0.7752122484226304
Layer layer1.1.conv1.weight: 1/64 channels masked
Layer layer2.0.downsample.0.weight: 1/128 channels masked
Layer layer3.0.conv1.weight: 1/256 channels masked
Layer layer3.0.conv2.weight: 6/256 channels masked
Layer layer3.0.downsample.0.weight: 5/256 channels masked
Layer layer3.1.conv1.weight: 1/256 channels masked
Layer layer3.1.conv2.weight: 8/256 channels masked
Layer layer4.0.conv1.weight: 3/512 channels masked
Layer layer4.0.conv2.weight: 9/512 channels masked
Layer layer4.0.downsample.0.weight: 68/512 channels masked
Layer layer4.1.conv2.weight: 40/512 channels masked
------------------------- time cost ------------------------- 5.369643926620483
ASR: 0.29145450404947404
attack_auc: 0.7733795419994487
Layer layer1.1.conv1.weight: 1/64 channels masked
Layer layer2.0.downsample.0.weight: 1/128 channels masked
Layer layer3.0.conv1.weight: 1/256 channels masked
Layer layer3.0.conv2.weight: 6/256 channels masked
Layer layer3.0.downsample.0.weight: 5/256 channels masked
Layer layer3.1.conv1.weight: 1/256 channels masked
Layer layer3.1.conv2.weight: 8/256 channels masked
Layer layer4.0.conv1.weight: 4/512 channels masked
Layer layer4.0.conv2.weight: 7/512 channels masked
Layer layer4.0.downsample.0.weight: 67/512 channels masked
Layer layer4.1.conv2.weight: 40/512 channels masked
------------------------- time cost ------------------------- 5.211030960083008
ASR: 0.25983082037888455
attack_auc: 0.7551085537148069
Layer layer1.1.conv1.weight: 1/64 channels masked
Layer layer2.0.downsample.0.weight: 1/128 channels masked
Layer layer3.0.conv1.weight: 1/256 channels masked
Layer layer3.0.conv2.weight: 6/256 channels masked
Layer layer3.0.downsample.0.weight: 5/256 channels masked
Layer layer3.1.conv1.weight: 1/256 channels masked
Layer layer3.1.conv2.weight: 7/256 channels masked
Layer layer4.0.conv1.weight: 4/512 channels masked
Layer layer4.0.conv2.weight: 7/512 channels masked
Layer layer4.0.downsample.0.weight: 66/512 channels masked
Layer layer4.1.conv2.weight: 40/512 channels masked
------------------------- time cost ------------------------- 4.372643947601318
ASR: 0.2857676417933082
attack_auc: 0.7660597368549967
Layer layer1.1.conv1.weight: 1/64 channels masked
Layer layer2.0.downsample.0.weight: 1/128 channels masked
Layer layer3.0.conv1.weight: 1/256 channels masked
Layer layer3.0.conv2.weight: 6/256 channels masked
Layer layer3.0.downsample.0.weight: 5/256 channels masked
Layer layer3.1.conv1.weight: 1/256 channels masked
Layer layer3.1.conv2.weight: 7/256 channels masked
Layer layer4.0.conv1.weight: 3/512 channels masked
Layer layer4.0.conv2.weight: 8/512 channels masked
Layer layer4.0.downsample.0.weight: 67/512 channels masked
Layer layer4.1.conv2.weight: 40/512 channels masked
------------------------- time cost ------------------------- 5.002935171127319
ASR: 0.2821225890014179
attack_auc: 0.7628707730141818
Layer layer1.1.conv1.weight: 1/64 channels masked
Layer layer2.0.downsample.0.weight: 1/128 channels masked
Layer layer3.0.conv1.weight: 1/256 channels masked
Layer layer3.0.conv2.weight: 6/256 channels masked
Layer layer3.0.downsample.0.weight: 5/256 channels masked
Layer layer3.1.conv1.weight: 1/256 channels masked
Layer layer3.1.conv2.weight: 7/256 channels masked
Layer layer4.0.conv1.weight: 3/512 channels masked
Layer layer4.0.conv2.weight: 7/512 channels masked
Layer layer4.0.downsample.0.weight: 66/512 channels masked
Layer layer4.1.conv2.weight: 40/512 channels masked
------------------------- time cost ------------------------- 5.0928449630737305

-------------Round number: 200-------------

Evaluate personalized models
Averaged Train Loss: 0.5029
Averaged Test Accurancy: 0.7487
Averaged Test AUC: 0.9559
Std Test Accurancy: 0.0813
Std Test AUC: 0.0193
ASR: 0.3301040172054218
attack_auc: 0.7874852277245629
Layer layer1.1.conv1.weight: 1/64 channels masked
Layer layer2.0.downsample.0.weight: 1/128 channels masked
Layer layer3.0.conv1.weight: 1/256 channels masked
Layer layer3.0.conv2.weight: 6/256 channels masked
Layer layer3.0.downsample.0.weight: 5/256 channels masked
Layer layer3.1.conv1.weight: 1/256 channels masked
Layer layer3.1.conv2.weight: 7/256 channels masked
Layer layer4.0.conv1.weight: 2/512 channels masked
Layer layer4.0.conv2.weight: 8/512 channels masked
Layer layer4.0.downsample.0.weight: 67/512 channels masked
Layer layer4.1.conv2.weight: 40/512 channels masked
------------------------- time cost ------------------------- 13.210094928741455
ASR: 0.36907416074112903
attack_auc: 0.8093138503280464
Layer layer1.1.conv1.weight: 1/64 channels masked
Layer layer2.0.downsample.0.weight: 1/128 channels masked
Layer layer3.0.conv1.weight: 1/256 channels masked
Layer layer3.0.conv2.weight: 6/256 channels masked
Layer layer3.0.downsample.0.weight: 5/256 channels masked
Layer layer3.1.conv1.weight: 1/256 channels masked
Layer layer3.1.conv2.weight: 7/256 channels masked
Layer layer4.0.conv1.weight: 1/512 channels masked
Layer layer4.0.conv2.weight: 10/512 channels masked
Layer layer4.0.downsample.0.weight: 67/512 channels masked
Layer layer4.1.conv2.weight: 40/512 channels masked
------------------------- time cost ------------------------- 5.196511507034302
ASR: 0.35198559842497507
attack_auc: 0.8017602092963139
Layer layer1.1.conv1.weight: 1/64 channels masked
Layer layer2.0.downsample.0.weight: 1/128 channels masked
Layer layer3.0.conv1.weight: 1/256 channels masked
Layer layer3.0.conv2.weight: 6/256 channels masked
Layer layer3.0.downsample.0.weight: 5/256 channels masked
Layer layer3.1.conv1.weight: 1/256 channels masked
Layer layer3.1.conv2.weight: 7/256 channels masked
Layer layer4.0.conv1.weight: 1/512 channels masked
Layer layer4.0.conv2.weight: 12/512 channels masked
Layer layer4.0.downsample.0.weight: 69/512 channels masked
Layer layer4.1.conv2.weight: 40/512 channels masked
------------------------- time cost ------------------------- 4.736948728561401
ASR: 0.3870918165258934
attack_auc: 0.82166473422333
Layer layer1.1.conv1.weight: 1/64 channels masked
Layer layer2.0.downsample.0.weight: 1/128 channels masked
Layer layer3.0.conv1.weight: 1/256 channels masked
Layer layer3.0.conv2.weight: 6/256 channels masked
Layer layer3.0.downsample.0.weight: 5/256 channels masked
Layer layer3.1.conv1.weight: 1/256 channels masked
Layer layer3.1.conv2.weight: 7/256 channels masked
Layer layer4.0.conv1.weight: 1/512 channels masked
Layer layer4.0.conv2.weight: 10/512 channels masked
Layer layer4.0.downsample.0.weight: 70/512 channels masked
Layer layer4.1.conv2.weight: 40/512 channels masked
------------------------- time cost ------------------------- 4.895170450210571
ASR: 0.400039704523441
attack_auc: 0.8285567585294455
Layer layer1.1.conv1.weight: 1/64 channels masked
Layer layer2.0.downsample.0.weight: 1/128 channels masked
Layer layer3.0.conv1.weight: 1/256 channels masked
Layer layer3.0.conv2.weight: 6/256 channels masked
Layer layer3.0.downsample.0.weight: 5/256 channels masked
Layer layer3.1.conv1.weight: 1/256 channels masked
Layer layer3.1.conv2.weight: 7/256 channels masked
Layer layer4.0.conv2.weight: 10/512 channels masked
Layer layer4.0.downsample.0.weight: 70/512 channels masked
Layer layer4.1.conv2.weight: 40/512 channels masked
------------------------- time cost ------------------------- 5.61989164352417
ASR: 0.3605197227852778
attack_auc: 0.8060487796304316
Layer layer1.1.conv1.weight: 1/64 channels masked
Layer layer2.0.downsample.0.weight: 1/128 channels masked
Layer layer3.0.conv1.weight: 1/256 channels masked
Layer layer3.0.conv2.weight: 6/256 channels masked
Layer layer3.0.downsample.0.weight: 5/256 channels masked
Layer layer3.1.conv1.weight: 1/256 channels masked
Layer layer3.1.conv2.weight: 7/256 channels masked
Layer layer4.0.conv1.weight: 1/512 channels masked
Layer layer4.0.conv2.weight: 10/512 channels masked
Layer layer4.0.downsample.0.weight: 70/512 channels masked
Layer layer4.1.conv2.weight: 40/512 channels masked
------------------------- time cost ------------------------- 4.901837348937988
ASR: 0.38431552621701215
attack_auc: 0.8205827823325874
Layer layer1.1.conv1.weight: 1/64 channels masked
Layer layer2.0.downsample.0.weight: 1/128 channels masked
Layer layer3.0.conv1.weight: 1/256 channels masked
Layer layer3.0.conv2.weight: 6/256 channels masked
Layer layer3.0.downsample.0.weight: 5/256 channels masked
Layer layer3.1.conv1.weight: 1/256 channels masked
Layer layer3.1.conv2.weight: 7/256 channels masked
Layer layer4.0.conv1.weight: 1/512 channels masked
Layer layer4.0.conv2.weight: 10/512 channels masked
Layer layer4.0.downsample.0.weight: 70/512 channels masked
Layer layer4.1.conv2.weight: 40/512 channels masked
------------------------- time cost ------------------------- 5.168346166610718
ASR: 0.3611349845963287
attack_auc: 0.8085904446874136
Layer layer1.1.conv1.weight: 1/64 channels masked
Layer layer2.0.downsample.0.weight: 1/128 channels masked
Layer layer3.0.conv1.weight: 1/256 channels masked
Layer layer3.0.conv2.weight: 6/256 channels masked
Layer layer3.0.downsample.0.weight: 5/256 channels masked
Layer layer3.1.conv1.weight: 1/256 channels masked
Layer layer3.1.conv2.weight: 7/256 channels masked
Layer layer4.0.conv1.weight: 2/512 channels masked
Layer layer4.0.conv2.weight: 10/512 channels masked
Layer layer4.0.downsample.0.weight: 70/512 channels masked
Layer layer4.1.conv2.weight: 40/512 channels masked
------------------------- time cost ------------------------- 5.459483623504639
ASR: 0.3528759925407438
attack_auc: 0.8082687823142058
Layer layer1.1.conv1.weight: 1/64 channels masked
Layer layer2.0.downsample.0.weight: 1/128 channels masked
Layer layer3.0.conv1.weight: 1/256 channels masked
Layer layer3.0.conv2.weight: 6/256 channels masked
Layer layer3.0.downsample.0.weight: 5/256 channels masked
Layer layer3.1.conv1.weight: 1/256 channels masked
Layer layer3.1.conv2.weight: 7/256 channels masked
Layer layer4.0.conv1.weight: 1/512 channels masked
Layer layer4.0.conv2.weight: 10/512 channels masked
Layer layer4.0.downsample.0.weight: 68/512 channels masked
Layer layer4.1.conv2.weight: 40/512 channels masked
------------------------- time cost ------------------------- 5.018135070800781
ASR: 0.4012477089567206
attack_auc: 0.8309367413468098
Layer layer1.1.conv1.weight: 1/64 channels masked
Layer layer2.0.downsample.0.weight: 1/128 channels masked
Layer layer3.0.conv1.weight: 1/256 channels masked
Layer layer3.0.conv2.weight: 6/256 channels masked
Layer layer3.0.downsample.0.weight: 5/256 channels masked
Layer layer3.1.conv1.weight: 1/256 channels masked
Layer layer3.1.conv2.weight: 7/256 channels masked
Layer layer4.0.conv2.weight: 9/512 channels masked
Layer layer4.0.downsample.0.weight: 67/512 channels masked
Layer layer4.1.conv2.weight: 40/512 channels masked
------------------------- time cost ------------------------- 5.2006425857543945

-------------Round number: 210-------------

Evaluate personalized models
Averaged Train Loss: 0.4733
Averaged Test Accurancy: 0.7470
Averaged Test AUC: 0.9536
Std Test Accurancy: 0.0834
Std Test AUC: 0.0215
ASR: 0.39973124179282493
attack_auc: 0.8312804407065093
Layer layer1.1.conv1.weight: 1/64 channels masked
Layer layer2.0.downsample.0.weight: 1/128 channels masked
Layer layer3.0.conv1.weight: 1/256 channels masked
Layer layer3.0.conv2.weight: 6/256 channels masked
Layer layer3.0.downsample.0.weight: 5/256 channels masked
Layer layer3.1.conv1.weight: 1/256 channels masked
Layer layer3.1.conv2.weight: 7/256 channels masked
Layer layer4.0.conv2.weight: 9/512 channels masked
Layer layer4.0.downsample.0.weight: 67/512 channels masked
Layer layer4.1.conv2.weight: 40/512 channels masked
------------------------- time cost ------------------------- 13.364529609680176
ASR: 0.34470408229000415
attack_auc: 0.8063954676284701
Layer layer1.1.conv1.weight: 1/64 channels masked
Layer layer2.0.downsample.0.weight: 1/128 channels masked
Layer layer3.0.conv1.weight: 1/256 channels masked
Layer layer3.0.conv2.weight: 6/256 channels masked
Layer layer3.0.downsample.0.weight: 5/256 channels masked
Layer layer3.1.conv1.weight: 1/256 channels masked
Layer layer3.1.conv2.weight: 7/256 channels masked
Layer layer4.0.conv2.weight: 10/512 channels masked
Layer layer4.0.downsample.0.weight: 67/512 channels masked
Layer layer4.1.conv2.weight: 41/512 channels masked
------------------------- time cost ------------------------- 4.233142137527466
ASR: 0.34788768626161215
attack_auc: 0.8081602695945135
Layer layer1.1.conv1.weight: 1/64 channels masked
Layer layer2.0.downsample.0.weight: 1/128 channels masked
Layer layer3.0.conv1.weight: 1/256 channels masked
Layer layer3.0.conv2.weight: 6/256 channels masked
Layer layer3.0.downsample.0.weight: 5/256 channels masked
Layer layer3.1.conv1.weight: 1/256 channels masked
Layer layer3.1.conv2.weight: 8/256 channels masked
Layer layer4.0.conv2.weight: 9/512 channels masked
Layer layer4.0.downsample.0.weight: 67/512 channels masked
Layer layer4.1.conv2.weight: 41/512 channels masked
------------------------- time cost ------------------------- 5.174598217010498
ASR: 0.33888293921081647
attack_auc: 0.7983715964543074
Layer layer1.1.conv1.weight: 1/64 channels masked
Layer layer2.0.downsample.0.weight: 1/128 channels masked
Layer layer3.0.conv1.weight: 1/256 channels masked
Layer layer3.0.conv2.weight: 6/256 channels masked
Layer layer3.0.downsample.0.weight: 5/256 channels masked
Layer layer3.1.conv1.weight: 1/256 channels masked
Layer layer3.1.conv2.weight: 8/256 channels masked
Layer layer4.0.conv2.weight: 8/512 channels masked
Layer layer4.0.downsample.0.weight: 60/512 channels masked
Layer layer4.1.conv2.weight: 41/512 channels masked
------------------------- time cost ------------------------- 5.7322516441345215
ASR: 0.33810174422216194
attack_auc: 0.7960377840927815
Layer layer1.1.conv1.weight: 1/64 channels masked
Layer layer2.0.downsample.0.weight: 1/128 channels masked
Layer layer3.0.conv1.weight: 1/256 channels masked
Layer layer3.0.conv2.weight: 6/256 channels masked
Layer layer3.0.downsample.0.weight: 5/256 channels masked
Layer layer3.1.conv1.weight: 1/256 channels masked
Layer layer3.1.conv2.weight: 8/256 channels masked
Layer layer4.0.conv2.weight: 6/512 channels masked
Layer layer4.0.downsample.0.weight: 59/512 channels masked
Layer layer4.1.conv2.weight: 41/512 channels masked
------------------------- time cost ------------------------- 5.414109230041504
ASR: 0.36139867476916826
attack_auc: 0.8111914291726439
Layer layer1.1.conv1.weight: 1/64 channels masked
Layer layer2.0.downsample.0.weight: 1/128 channels masked
Layer layer3.0.conv1.weight: 1/256 channels masked
Layer layer3.0.conv2.weight: 6/256 channels masked
Layer layer3.0.downsample.0.weight: 5/256 channels masked
Layer layer3.1.conv1.weight: 1/256 channels masked
Layer layer3.1.conv2.weight: 8/256 channels masked
Layer layer4.0.conv2.weight: 4/512 channels masked
Layer layer4.0.downsample.0.weight: 59/512 channels masked
Layer layer4.1.conv2.weight: 41/512 channels masked
------------------------- time cost ------------------------- 5.923060655593872
ASR: 0.39331190481308237
attack_auc: 0.8299184281144656
Layer layer1.1.conv1.weight: 1/64 channels masked
Layer layer2.0.downsample.0.weight: 1/128 channels masked
Layer layer3.0.conv1.weight: 1/256 channels masked
Layer layer3.0.conv2.weight: 6/256 channels masked
Layer layer3.0.downsample.0.weight: 5/256 channels masked
Layer layer3.1.conv1.weight: 1/256 channels masked
Layer layer3.1.conv2.weight: 8/256 channels masked
Layer layer4.0.conv2.weight: 4/512 channels masked
Layer layer4.0.downsample.0.weight: 59/512 channels masked
Layer layer4.1.conv2.weight: 41/512 channels masked
------------------------- time cost ------------------------- 5.169819116592407
ASR: 0.3844854779394675
attack_auc: 0.8202247175550751
Layer layer1.1.conv1.weight: 1/64 channels masked
Layer layer2.0.downsample.0.weight: 1/128 channels masked
Layer layer3.0.conv1.weight: 1/256 channels masked
Layer layer3.0.conv2.weight: 6/256 channels masked
Layer layer3.0.downsample.0.weight: 5/256 channels masked
Layer layer3.1.conv1.weight: 1/256 channels masked
Layer layer3.1.conv2.weight: 8/256 channels masked
Layer layer4.0.conv2.weight: 4/512 channels masked
Layer layer4.0.downsample.0.weight: 56/512 channels masked
Layer layer4.1.conv2.weight: 41/512 channels masked
------------------------- time cost ------------------------- 5.559056758880615
ASR: 0.38205229364096716
attack_auc: 0.8180019282880634
Layer layer1.1.conv1.weight: 1/64 channels masked
Layer layer2.0.downsample.0.weight: 1/128 channels masked
Layer layer3.0.conv1.weight: 1/256 channels masked
Layer layer3.0.conv2.weight: 6/256 channels masked
Layer layer3.0.downsample.0.weight: 5/256 channels masked
Layer layer3.1.conv1.weight: 1/256 channels masked
Layer layer3.1.conv2.weight: 8/256 channels masked
Layer layer4.0.conv2.weight: 3/512 channels masked
Layer layer4.0.downsample.0.weight: 57/512 channels masked
Layer layer4.1.conv2.weight: 41/512 channels masked
------------------------- time cost ------------------------- 5.79903769493103
ASR: 0.361878913766321
attack_auc: 0.8059430965530382
Layer layer1.1.conv1.weight: 1/64 channels masked
Layer layer2.0.downsample.0.weight: 1/128 channels masked
Layer layer3.0.conv1.weight: 1/256 channels masked
Layer layer3.0.conv2.weight: 6/256 channels masked
Layer layer3.0.downsample.0.weight: 5/256 channels masked
Layer layer3.1.conv1.weight: 1/256 channels masked
Layer layer3.1.conv2.weight: 8/256 channels masked
Layer layer4.0.conv2.weight: 4/512 channels masked
Layer layer4.0.downsample.0.weight: 58/512 channels masked
Layer layer4.1.conv2.weight: 41/512 channels masked
------------------------- time cost ------------------------- 5.245419263839722

-------------Round number: 220-------------

Evaluate personalized models
Averaged Train Loss: 0.4456
Averaged Test Accurancy: 0.7480
Averaged Test AUC: 0.9548
Std Test Accurancy: 0.0852
Std Test AUC: 0.0203
ASR: 0.40373659555947783
attack_auc: 0.8322830111108115
Layer layer1.1.conv1.weight: 1/64 channels masked
Layer layer2.0.downsample.0.weight: 1/128 channels masked
Layer layer3.0.conv1.weight: 1/256 channels masked
Layer layer3.0.conv2.weight: 6/256 channels masked
Layer layer3.0.downsample.0.weight: 5/256 channels masked
Layer layer3.1.conv1.weight: 1/256 channels masked
Layer layer3.1.conv2.weight: 8/256 channels masked
Layer layer4.0.conv2.weight: 4/512 channels masked
Layer layer4.0.downsample.0.weight: 58/512 channels masked
Layer layer4.1.conv2.weight: 41/512 channels masked
------------------------- time cost ------------------------- 13.081492900848389
ASR: 0.3920917292871301
attack_auc: 0.8289188987406723
Layer layer1.1.conv1.weight: 1/64 channels masked
Layer layer2.0.downsample.0.weight: 1/128 channels masked
Layer layer3.0.conv1.weight: 1/256 channels masked
Layer layer3.0.conv2.weight: 6/256 channels masked
Layer layer3.0.downsample.0.weight: 5/256 channels masked
Layer layer3.1.conv1.weight: 1/256 channels masked
Layer layer3.1.conv2.weight: 8/256 channels masked
Layer layer4.0.conv2.weight: 4/512 channels masked
Layer layer4.0.downsample.0.weight: 58/512 channels masked
Layer layer4.1.conv2.weight: 41/512 channels masked
------------------------- time cost ------------------------- 4.705151796340942
ASR: 0.3876392760364245
attack_auc: 0.8284995987251617
Layer layer1.1.conv1.weight: 1/64 channels masked
Layer layer2.0.downsample.0.weight: 1/128 channels masked
Layer layer3.0.conv1.weight: 1/256 channels masked
Layer layer3.0.conv2.weight: 6/256 channels masked
Layer layer3.0.downsample.0.weight: 5/256 channels masked
Layer layer3.1.conv1.weight: 1/256 channels masked
Layer layer3.1.conv2.weight: 8/256 channels masked
Layer layer4.0.conv1.weight: 1/512 channels masked
Layer layer4.0.conv2.weight: 3/512 channels masked
Layer layer4.0.downsample.0.weight: 58/512 channels masked
Layer layer4.1.conv2.weight: 42/512 channels masked
------------------------- time cost ------------------------- 5.624546766281128
ASR: 0.3910635672127239
attack_auc: 0.8265111386174973
Layer layer1.1.conv1.weight: 1/64 channels masked
Layer layer2.0.downsample.0.weight: 1/128 channels masked
Layer layer3.0.conv1.weight: 1/256 channels masked
Layer layer3.0.conv2.weight: 6/256 channels masked
Layer layer3.0.downsample.0.weight: 5/256 channels masked
Layer layer3.1.conv1.weight: 1/256 channels masked
Layer layer3.1.conv2.weight: 8/256 channels masked
Layer layer4.0.conv1.weight: 1/512 channels masked
Layer layer4.0.conv2.weight: 3/512 channels masked
Layer layer4.0.downsample.0.weight: 58/512 channels masked
Layer layer4.1.conv2.weight: 42/512 channels masked
------------------------- time cost ------------------------- 5.255567312240601
ASR: 0.3562503308999052
attack_auc: 0.809024878177061
Layer layer1.1.conv1.weight: 1/64 channels masked
Layer layer2.0.downsample.0.weight: 1/128 channels masked
Layer layer3.0.conv1.weight: 1/256 channels masked
Layer layer3.0.conv2.weight: 6/256 channels masked
Layer layer3.0.downsample.0.weight: 5/256 channels masked
Layer layer3.1.conv1.weight: 1/256 channels masked
Layer layer3.1.conv2.weight: 8/256 channels masked
Layer layer4.0.conv1.weight: 2/512 channels masked
Layer layer4.0.conv2.weight: 4/512 channels masked
Layer layer4.0.downsample.0.weight: 61/512 channels masked
Layer layer4.1.conv2.weight: 43/512 channels masked
------------------------- time cost ------------------------- 4.6142919063568115
ASR: 0.3784604690655675
attack_auc: 0.820177653333291
Layer layer1.1.conv1.weight: 1/64 channels masked
Layer layer2.0.downsample.0.weight: 1/128 channels masked
Layer layer3.0.conv1.weight: 1/256 channels masked
Layer layer3.0.conv2.weight: 6/256 channels masked
Layer layer3.0.downsample.0.weight: 5/256 channels masked
Layer layer3.1.conv1.weight: 1/256 channels masked
Layer layer3.1.conv2.weight: 8/256 channels masked
Layer layer4.0.conv1.weight: 2/512 channels masked
Layer layer4.0.conv2.weight: 3/512 channels masked
Layer layer4.0.downsample.0.weight: 62/512 channels masked
Layer layer4.1.conv2.weight: 44/512 channels masked
------------------------- time cost ------------------------- 5.246164321899414
ASR: 0.38214908937719017
attack_auc: 0.8202890551157498
Layer layer1.1.conv1.weight: 1/64 channels masked
Layer layer2.0.downsample.0.weight: 1/128 channels masked
Layer layer3.0.conv1.weight: 1/256 channels masked
Layer layer3.0.conv2.weight: 6/256 channels masked
Layer layer3.0.downsample.0.weight: 5/256 channels masked
Layer layer3.1.conv1.weight: 1/256 channels masked
Layer layer3.1.conv2.weight: 8/256 channels masked
Layer layer4.0.conv1.weight: 2/512 channels masked
Layer layer4.0.conv2.weight: 2/512 channels masked
Layer layer4.0.downsample.0.weight: 61/512 channels masked
Layer layer4.1.conv2.weight: 44/512 channels masked
------------------------- time cost ------------------------- 5.7504167556762695
ASR: 0.3667818840695189
attack_auc: 0.8190738282517773
Layer layer1.1.conv1.weight: 1/64 channels masked
Layer layer2.0.downsample.0.weight: 1/128 channels masked
Layer layer3.0.conv1.weight: 1/256 channels masked
Layer layer3.0.conv2.weight: 6/256 channels masked
Layer layer3.0.downsample.0.weight: 5/256 channels masked
Layer layer3.1.conv1.weight: 1/256 channels masked
Layer layer3.1.conv2.weight: 8/256 channels masked
Layer layer4.0.conv1.weight: 2/512 channels masked
Layer layer4.0.conv2.weight: 2/512 channels masked
Layer layer4.0.downsample.0.weight: 60/512 channels masked
Layer layer4.1.conv2.weight: 44/512 channels masked
------------------------- time cost ------------------------- 4.7665228843688965
ASR: 0.3572583433735032
attack_auc: 0.810565657385303
Layer layer1.1.conv1.weight: 1/64 channels masked
Layer layer2.0.downsample.0.weight: 1/128 channels masked
Layer layer3.0.conv1.weight: 1/256 channels masked
Layer layer3.0.conv2.weight: 6/256 channels masked
Layer layer3.0.downsample.0.weight: 5/256 channels masked
Layer layer3.1.conv1.weight: 1/256 channels masked
Layer layer3.1.conv2.weight: 8/256 channels masked
Layer layer4.0.conv1.weight: 2/512 channels masked
Layer layer4.0.conv2.weight: 2/512 channels masked
Layer layer4.0.downsample.0.weight: 60/512 channels masked
Layer layer4.1.conv2.weight: 44/512 channels masked
------------------------- time cost ------------------------- 5.648200750350952
ASR: 0.34984748867775334
attack_auc: 0.8082419284424753
Layer layer1.1.conv1.weight: 1/64 channels masked
Layer layer2.0.downsample.0.weight: 1/128 channels masked
Layer layer3.0.conv1.weight: 1/256 channels masked
Layer layer3.0.conv2.weight: 6/256 channels masked
Layer layer3.0.downsample.0.weight: 5/256 channels masked
Layer layer3.1.conv1.weight: 1/256 channels masked
Layer layer3.1.conv2.weight: 8/256 channels masked
Layer layer4.0.conv1.weight: 2/512 channels masked
Layer layer4.0.conv2.weight: 2/512 channels masked
Layer layer4.0.downsample.0.weight: 60/512 channels masked
Layer layer4.1.conv2.weight: 45/512 channels masked
------------------------- time cost ------------------------- 5.346295118331909

-------------Round number: 230-------------

Evaluate personalized models
Averaged Train Loss: 0.3833
Averaged Test Accurancy: 0.7643
Averaged Test AUC: 0.9582
Std Test Accurancy: 0.0769
Std Test AUC: 0.0181
ASR: 0.3396086547693949
attack_auc: 0.8047091908079825
Layer layer1.1.conv1.weight: 1/64 channels masked
Layer layer2.0.downsample.0.weight: 1/128 channels masked
Layer layer3.0.conv1.weight: 1/256 channels masked
Layer layer3.0.conv2.weight: 6/256 channels masked
Layer layer3.0.downsample.0.weight: 5/256 channels masked
Layer layer3.1.conv1.weight: 1/256 channels masked
Layer layer3.1.conv2.weight: 8/256 channels masked
Layer layer4.0.conv1.weight: 2/512 channels masked
Layer layer4.0.conv2.weight: 3/512 channels masked
Layer layer4.0.downsample.0.weight: 61/512 channels masked
Layer layer4.1.conv2.weight: 47/512 channels masked
------------------------- time cost ------------------------- 12.942113399505615
ASR: 0.32056433319162425
attack_auc: 0.7972434241426607
Layer layer1.1.conv1.weight: 1/64 channels masked
Layer layer2.0.downsample.0.weight: 1/128 channels masked
Layer layer3.0.conv1.weight: 1/256 channels masked
Layer layer3.0.conv2.weight: 6/256 channels masked
Layer layer3.0.downsample.0.weight: 5/256 channels masked
Layer layer3.1.conv1.weight: 1/256 channels masked
Layer layer3.1.conv2.weight: 8/256 channels masked
Layer layer4.0.conv1.weight: 2/512 channels masked
Layer layer4.0.conv2.weight: 3/512 channels masked
Layer layer4.0.downsample.0.weight: 61/512 channels masked
Layer layer4.1.conv2.weight: 47/512 channels masked
------------------------- time cost ------------------------- 5.139359951019287
ASR: 0.3382186281508485
attack_auc: 0.808230031504941
Layer layer1.1.conv1.weight: 1/64 channels masked
Layer layer2.0.downsample.0.weight: 1/128 channels masked
Layer layer3.0.conv1.weight: 1/256 channels masked
Layer layer3.0.conv2.weight: 6/256 channels masked
Layer layer3.0.downsample.0.weight: 5/256 channels masked
Layer layer3.1.conv1.weight: 1/256 channels masked
Layer layer3.1.conv2.weight: 8/256 channels masked
Layer layer4.0.conv1.weight: 2/512 channels masked
Layer layer4.0.conv2.weight: 3/512 channels masked
Layer layer4.0.downsample.0.weight: 61/512 channels masked
Layer layer4.1.conv2.weight: 47/512 channels masked
------------------------- time cost ------------------------- 5.034379959106445
ASR: 0.38622580941047974
attack_auc: 0.8273443034495198
Layer layer1.1.conv1.weight: 1/64 channels masked
Layer layer2.0.downsample.0.weight: 1/128 channels masked
Layer layer3.0.conv1.weight: 1/256 channels masked
Layer layer3.0.conv2.weight: 6/256 channels masked
Layer layer3.0.downsample.0.weight: 5/256 channels masked
Layer layer3.1.conv1.weight: 1/256 channels masked
Layer layer3.1.conv2.weight: 8/256 channels masked
Layer layer4.0.conv1.weight: 2/512 channels masked
Layer layer4.0.conv2.weight: 2/512 channels masked
Layer layer4.0.downsample.0.weight: 61/512 channels masked
Layer layer4.1.conv2.weight: 47/512 channels masked
------------------------- time cost ------------------------- 5.383601188659668
ASR: 0.36602991015482184
attack_auc: 0.8217410342919038
Layer layer1.1.conv1.weight: 1/64 channels masked
Layer layer2.0.downsample.0.weight: 1/128 channels masked
Layer layer3.0.conv1.weight: 1/256 channels masked
Layer layer3.0.conv2.weight: 6/256 channels masked
Layer layer3.0.downsample.0.weight: 5/256 channels masked
Layer layer3.1.conv1.weight: 1/256 channels masked
Layer layer3.1.conv2.weight: 8/256 channels masked
Layer layer4.0.conv1.weight: 2/512 channels masked
Layer layer4.0.conv2.weight: 3/512 channels masked
Layer layer4.0.downsample.0.weight: 60/512 channels masked
Layer layer4.1.conv2.weight: 47/512 channels masked
------------------------- time cost ------------------------- 5.336468696594238
ASR: 0.38639851943860526
attack_auc: 0.8288868327788808
Layer layer1.1.conv1.weight: 1/64 channels masked
Layer layer2.0.downsample.0.weight: 1/128 channels masked
Layer layer3.0.conv1.weight: 1/256 channels masked
Layer layer3.0.conv2.weight: 6/256 channels masked
Layer layer3.0.downsample.0.weight: 5/256 channels masked
Layer layer3.1.conv1.weight: 1/256 channels masked
Layer layer3.1.conv2.weight: 8/256 channels masked
Layer layer4.0.conv1.weight: 2/512 channels masked
Layer layer4.0.conv2.weight: 3/512 channels masked
Layer layer4.0.downsample.0.weight: 58/512 channels masked
Layer layer4.1.conv2.weight: 48/512 channels masked
------------------------- time cost ------------------------- 5.23255467414856
ASR: 0.3480847988806138
attack_auc: 0.8085870092805364
Layer layer1.1.conv1.weight: 1/64 channels masked
Layer layer2.0.downsample.0.weight: 1/128 channels masked
Layer layer3.0.conv1.weight: 1/256 channels masked
Layer layer3.0.conv2.weight: 6/256 channels masked
Layer layer3.0.downsample.0.weight: 5/256 channels masked
Layer layer3.1.conv1.weight: 1/256 channels masked
Layer layer3.1.conv2.weight: 8/256 channels masked
Layer layer4.0.conv1.weight: 1/512 channels masked
Layer layer4.0.conv2.weight: 3/512 channels masked
Layer layer4.0.downsample.0.weight: 59/512 channels masked
Layer layer4.1.conv2.weight: 48/512 channels masked
------------------------- time cost ------------------------- 4.907979488372803
ASR: 0.35164457771451685
attack_auc: 0.8117669073242878
Layer layer1.1.conv1.weight: 1/64 channels masked
Layer layer2.0.downsample.0.weight: 1/128 channels masked
Layer layer3.0.conv1.weight: 1/256 channels masked
Layer layer3.0.conv2.weight: 6/256 channels masked
Layer layer3.0.downsample.0.weight: 5/256 channels masked
Layer layer3.1.conv1.weight: 1/256 channels masked
Layer layer3.1.conv2.weight: 8/256 channels masked
Layer layer4.0.conv1.weight: 1/512 channels masked
Layer layer4.0.conv2.weight: 3/512 channels masked
Layer layer4.0.downsample.0.weight: 64/512 channels masked
Layer layer4.1.conv2.weight: 48/512 channels masked
------------------------- time cost ------------------------- 4.783916711807251
ASR: 0.3626632811776298
attack_auc: 0.8214217862927964
Layer layer1.1.conv1.weight: 1/64 channels masked
Layer layer2.0.downsample.0.weight: 1/128 channels masked
Layer layer3.0.conv1.weight: 1/256 channels masked
Layer layer3.0.conv2.weight: 6/256 channels masked
Layer layer3.0.downsample.0.weight: 5/256 channels masked
Layer layer3.1.conv1.weight: 1/256 channels masked
Layer layer3.1.conv2.weight: 8/256 channels masked
Layer layer4.0.conv1.weight: 1/512 channels masked
Layer layer4.0.conv2.weight: 3/512 channels masked
Layer layer4.0.downsample.0.weight: 64/512 channels masked
Layer layer4.1.conv2.weight: 48/512 channels masked
------------------------- time cost ------------------------- 5.138077735900879
ASR: 0.3467650889583335
attack_auc: 0.8131099292822446
Layer layer1.1.conv1.weight: 1/64 channels masked
Layer layer2.0.downsample.0.weight: 1/128 channels masked
Layer layer3.0.conv1.weight: 1/256 channels masked
Layer layer3.0.conv2.weight: 6/256 channels masked
Layer layer3.0.downsample.0.weight: 5/256 channels masked
Layer layer3.1.conv1.weight: 1/256 channels masked
Layer layer3.1.conv2.weight: 8/256 channels masked
Layer layer4.0.conv2.weight: 4/512 channels masked
Layer layer4.0.downsample.0.weight: 62/512 channels masked
Layer layer4.1.conv2.weight: 48/512 channels masked
------------------------- time cost ------------------------- 4.665733814239502

-------------Round number: 240-------------

Evaluate personalized models
Averaged Train Loss: 0.3570
Averaged Test Accurancy: 0.7612
Averaged Test AUC: 0.9593
Std Test Accurancy: 0.0814
Std Test AUC: 0.0180
ASR: 0.34868822174749226
attack_auc: 0.8115515691746183
Layer layer1.1.conv1.weight: 1/64 channels masked
Layer layer2.0.downsample.0.weight: 1/128 channels masked
Layer layer3.0.conv1.weight: 1/256 channels masked
Layer layer3.0.conv2.weight: 6/256 channels masked
Layer layer3.0.downsample.0.weight: 5/256 channels masked
Layer layer3.1.conv1.weight: 1/256 channels masked
Layer layer3.1.conv2.weight: 8/256 channels masked
Layer layer4.0.conv2.weight: 5/512 channels masked
Layer layer4.0.downsample.0.weight: 63/512 channels masked
Layer layer4.1.conv2.weight: 49/512 channels masked
------------------------- time cost ------------------------- 12.73133134841919
ASR: 0.3460791323462045
attack_auc: 0.8122942594700153
Layer layer1.1.conv1.weight: 1/64 channels masked
Layer layer2.0.downsample.0.weight: 1/128 channels masked
Layer layer3.0.conv1.weight: 1/256 channels masked
Layer layer3.0.conv2.weight: 6/256 channels masked
Layer layer3.0.downsample.0.weight: 5/256 channels masked
Layer layer3.1.conv1.weight: 1/256 channels masked
Layer layer3.1.conv2.weight: 8/256 channels masked
Layer layer4.0.conv2.weight: 5/512 channels masked
Layer layer4.0.downsample.0.weight: 62/512 channels masked
Layer layer4.1.conv2.weight: 49/512 channels masked
------------------------- time cost ------------------------- 5.084967613220215
ASR: 0.3445917431713934
attack_auc: 0.806253406985639
Layer layer1.1.conv1.weight: 1/64 channels masked
Layer layer2.0.downsample.0.weight: 1/128 channels masked
Layer layer3.0.conv1.weight: 1/256 channels masked
Layer layer3.0.conv2.weight: 6/256 channels masked
Layer layer3.0.downsample.0.weight: 5/256 channels masked
Layer layer3.1.conv1.weight: 1/256 channels masked
Layer layer3.1.conv2.weight: 8/256 channels masked
Layer layer4.0.conv2.weight: 6/512 channels masked
Layer layer4.0.downsample.0.weight: 62/512 channels masked
Layer layer4.1.conv2.weight: 50/512 channels masked
------------------------- time cost ------------------------- 5.117523431777954
ASR: 0.39093989726504536
attack_auc: 0.8325352681360041
Layer layer1.1.conv1.weight: 1/64 channels masked
Layer layer2.0.downsample.0.weight: 1/128 channels masked
Layer layer3.0.conv1.weight: 1/256 channels masked
Layer layer3.0.conv2.weight: 6/256 channels masked
Layer layer3.0.downsample.0.weight: 5/256 channels masked
Layer layer3.1.conv1.weight: 1/256 channels masked
Layer layer3.1.conv2.weight: 8/256 channels masked
Layer layer4.0.conv2.weight: 9/512 channels masked
Layer layer4.0.downsample.0.weight: 62/512 channels masked
Layer layer4.1.conv2.weight: 50/512 channels masked
------------------------- time cost ------------------------- 5.2168357372283936
ASR: 0.44907458402688305
attack_auc: 0.8493086815876506
Layer layer1.1.conv1.weight: 1/64 channels masked
Layer layer2.0.downsample.0.weight: 1/128 channels masked
Layer layer3.0.conv1.weight: 1/256 channels masked
Layer layer3.0.conv2.weight: 6/256 channels masked
Layer layer3.0.downsample.0.weight: 5/256 channels masked
Layer layer3.1.conv1.weight: 1/256 channels masked
Layer layer3.1.conv2.weight: 8/256 channels masked
Layer layer4.0.conv2.weight: 6/512 channels masked
Layer layer4.0.downsample.0.weight: 62/512 channels masked
Layer layer4.1.conv2.weight: 50/512 channels masked
------------------------- time cost ------------------------- 5.204092264175415
ASR: 0.4193617916075046
attack_auc: 0.8394871368605291
Layer layer1.1.conv1.weight: 1/64 channels masked
Layer layer2.0.downsample.0.weight: 1/128 channels masked
Layer layer3.0.conv1.weight: 1/256 channels masked
Layer layer3.0.conv2.weight: 6/256 channels masked
Layer layer3.0.downsample.0.weight: 5/256 channels masked
Layer layer3.1.conv1.weight: 1/256 channels masked
Layer layer3.1.conv2.weight: 8/256 channels masked
Layer layer4.0.conv2.weight: 8/512 channels masked
Layer layer4.0.downsample.0.weight: 61/512 channels masked
Layer layer4.1.conv2.weight: 50/512 channels masked
------------------------- time cost ------------------------- 5.027280330657959
ASR: 0.44643903453343275
attack_auc: 0.8538946884216817
Layer layer1.1.conv1.weight: 1/64 channels masked
Layer layer2.0.downsample.0.weight: 1/128 channels masked
Layer layer3.0.conv1.weight: 1/256 channels masked
Layer layer3.0.conv2.weight: 6/256 channels masked
Layer layer3.0.downsample.0.weight: 5/256 channels masked
Layer layer3.1.conv1.weight: 1/256 channels masked
Layer layer3.1.conv2.weight: 8/256 channels masked
Layer layer4.0.conv2.weight: 9/512 channels masked
Layer layer4.0.downsample.0.weight: 63/512 channels masked
Layer layer4.1.conv2.weight: 50/512 channels masked
------------------------- time cost ------------------------- 5.2865869998931885
ASR: 0.450380175740325
attack_auc: 0.8554119773504597
Layer layer1.1.conv1.weight: 1/64 channels masked
Layer layer2.0.downsample.0.weight: 1/128 channels masked
Layer layer3.0.conv1.weight: 1/256 channels masked
Layer layer3.0.conv2.weight: 6/256 channels masked
Layer layer3.0.downsample.0.weight: 5/256 channels masked
Layer layer3.1.conv1.weight: 1/256 channels masked
Layer layer3.1.conv2.weight: 8/256 channels masked
Layer layer4.0.conv2.weight: 7/512 channels masked
Layer layer4.0.downsample.0.weight: 64/512 channels masked
Layer layer4.1.conv2.weight: 50/512 channels masked
------------------------- time cost ------------------------- 4.980054140090942
ASR: 0.46259285350312607
attack_auc: 0.8625269251918632
Layer layer1.1.conv1.weight: 1/64 channels masked
Layer layer2.0.downsample.0.weight: 1/128 channels masked
Layer layer3.0.conv1.weight: 1/256 channels masked
Layer layer3.0.conv2.weight: 6/256 channels masked
Layer layer3.0.downsample.0.weight: 5/256 channels masked
Layer layer3.1.conv1.weight: 1/256 channels masked
Layer layer3.1.conv2.weight: 8/256 channels masked
Layer layer4.0.conv2.weight: 8/512 channels masked
Layer layer4.0.downsample.0.weight: 65/512 channels masked
Layer layer4.1.conv2.weight: 50/512 channels masked
------------------------- time cost ------------------------- 5.10504412651062
ASR: 0.4758388781688612
attack_auc: 0.8663526113859965
Layer layer1.1.conv1.weight: 1/64 channels masked
Layer layer2.0.downsample.0.weight: 1/128 channels masked
Layer layer3.0.conv1.weight: 1/256 channels masked
Layer layer3.0.conv2.weight: 6/256 channels masked
Layer layer3.0.downsample.0.weight: 5/256 channels masked
Layer layer3.1.conv1.weight: 1/256 channels masked
Layer layer3.1.conv2.weight: 8/256 channels masked
Layer layer4.0.conv2.weight: 8/512 channels masked
Layer layer4.0.downsample.0.weight: 67/512 channels masked
Layer layer4.1.conv2.weight: 50/512 channels masked
------------------------- time cost ------------------------- 4.803801774978638

-------------Round number: 250-------------

Evaluate personalized models
Averaged Train Loss: 0.3378
Averaged Test Accurancy: 0.7636
Averaged Test AUC: 0.9590
Std Test Accurancy: 0.0751
Std Test AUC: 0.0178
ASR: 0.4530705635340156
attack_auc: 0.8569019748002349
Layer layer1.1.conv1.weight: 1/64 channels masked
Layer layer2.0.downsample.0.weight: 1/128 channels masked
Layer layer3.0.conv1.weight: 1/256 channels masked
Layer layer3.0.conv2.weight: 6/256 channels masked
Layer layer3.0.downsample.0.weight: 5/256 channels masked
Layer layer3.1.conv1.weight: 1/256 channels masked
Layer layer3.1.conv2.weight: 8/256 channels masked
Layer layer4.0.conv2.weight: 8/512 channels masked
Layer layer4.0.downsample.0.weight: 68/512 channels masked
Layer layer4.1.conv2.weight: 50/512 channels masked
------------------------- time cost ------------------------- 12.768254280090332
ASR: 0.45122067711805347
attack_auc: 0.8528069237993646
Layer layer1.1.conv1.weight: 1/64 channels masked
Layer layer2.0.downsample.0.weight: 1/128 channels masked
Layer layer3.0.conv1.weight: 1/256 channels masked
Layer layer3.0.conv2.weight: 6/256 channels masked
Layer layer3.0.downsample.0.weight: 5/256 channels masked
Layer layer3.1.conv1.weight: 1/256 channels masked
Layer layer3.1.conv2.weight: 8/256 channels masked
Layer layer4.0.conv2.weight: 8/512 channels masked
Layer layer4.0.downsample.0.weight: 68/512 channels masked
Layer layer4.1.conv2.weight: 49/512 channels masked
------------------------- time cost ------------------------- 5.077899932861328
ASR: 0.4429761870231375
attack_auc: 0.8475947515971217
Layer layer1.1.conv1.weight: 1/64 channels masked
Layer layer2.0.downsample.0.weight: 1/128 channels masked
Layer layer3.0.conv1.weight: 1/256 channels masked
Layer layer3.0.conv2.weight: 6/256 channels masked
Layer layer3.0.downsample.0.weight: 5/256 channels masked
Layer layer3.1.conv1.weight: 1/256 channels masked
Layer layer3.1.conv2.weight: 8/256 channels masked
Layer layer4.0.conv2.weight: 8/512 channels masked
Layer layer4.0.downsample.0.weight: 66/512 channels masked
Layer layer4.1.conv2.weight: 49/512 channels masked
------------------------- time cost ------------------------- 5.686076402664185
ASR: 0.4348775312197406
attack_auc: 0.8461998726797703
Layer layer1.1.conv1.weight: 1/64 channels masked
Layer layer2.0.downsample.0.weight: 1/128 channels masked
Layer layer3.0.conv1.weight: 1/256 channels masked
Layer layer3.0.conv2.weight: 6/256 channels masked
Layer layer3.0.downsample.0.weight: 5/256 channels masked
Layer layer3.1.conv1.weight: 1/256 channels masked
Layer layer3.1.conv2.weight: 8/256 channels masked
Layer layer4.0.conv2.weight: 8/512 channels masked
Layer layer4.0.downsample.0.weight: 67/512 channels masked
Layer layer4.1.conv2.weight: 49/512 channels masked
------------------------- time cost ------------------------- 5.040367364883423
ASR: 0.44954228219273357
attack_auc: 0.856487713669968
Layer layer1.1.conv1.weight: 1/64 channels masked
Layer layer2.0.downsample.0.weight: 1/128 channels masked
Layer layer3.0.conv1.weight: 1/256 channels masked
Layer layer3.0.conv2.weight: 6/256 channels masked
Layer layer3.0.downsample.0.weight: 5/256 channels masked
Layer layer3.1.conv1.weight: 1/256 channels masked
Layer layer3.1.conv2.weight: 8/256 channels masked
Layer layer4.0.conv2.weight: 9/512 channels masked
Layer layer4.0.downsample.0.weight: 67/512 channels masked
Layer layer4.1.conv2.weight: 49/512 channels masked
------------------------- time cost ------------------------- 4.780889272689819
ASR: 0.47834095358576073
attack_auc: 0.8657009926238521
Layer layer1.1.conv1.weight: 1/64 channels masked
Layer layer2.0.downsample.0.weight: 1/128 channels masked
Layer layer3.0.conv1.weight: 1/256 channels masked
Layer layer3.0.conv2.weight: 6/256 channels masked
Layer layer3.0.downsample.0.weight: 5/256 channels masked
Layer layer3.1.conv1.weight: 1/256 channels masked
Layer layer3.1.conv2.weight: 8/256 channels masked
Layer layer4.0.conv2.weight: 8/512 channels masked
Layer layer4.0.downsample.0.weight: 67/512 channels masked
Layer layer4.1.conv2.weight: 49/512 channels masked
------------------------- time cost ------------------------- 5.192668437957764
ASR: 0.4528085615035226
attack_auc: 0.8561010937167199
Layer layer1.1.conv1.weight: 1/64 channels masked
Layer layer2.0.downsample.0.weight: 1/128 channels masked
Layer layer3.0.conv1.weight: 1/256 channels masked
Layer layer3.0.conv2.weight: 6/256 channels masked
Layer layer3.0.downsample.0.weight: 5/256 channels masked
Layer layer3.1.conv1.weight: 1/256 channels masked
Layer layer3.1.conv2.weight: 8/256 channels masked
Layer layer4.0.conv1.weight: 1/512 channels masked
Layer layer4.0.conv2.weight: 8/512 channels masked
Layer layer4.0.downsample.0.weight: 67/512 channels masked
Layer layer4.1.conv2.weight: 50/512 channels masked
------------------------- time cost ------------------------- 5.037787675857544
ASR: 0.4017903739466542
attack_auc: 0.8280294311180859
Layer layer1.1.conv1.weight: 1/64 channels masked
Layer layer2.0.downsample.0.weight: 1/128 channels masked
Layer layer3.0.conv1.weight: 1/256 channels masked
Layer layer3.0.conv2.weight: 6/256 channels masked
Layer layer3.0.downsample.0.weight: 5/256 channels masked
Layer layer3.1.conv1.weight: 1/256 channels masked
Layer layer3.1.conv2.weight: 8/256 channels masked
Layer layer4.0.conv1.weight: 1/512 channels masked
Layer layer4.0.conv2.weight: 10/512 channels masked
Layer layer4.0.downsample.0.weight: 66/512 channels masked
Layer layer4.1.conv2.weight: 50/512 channels masked
------------------------- time cost ------------------------- 4.803666114807129
ASR: 0.3778306559562925
attack_auc: 0.8163358054099603
Layer layer1.1.conv1.weight: 1/64 channels masked
Layer layer2.0.downsample.0.weight: 1/128 channels masked
Layer layer3.0.conv1.weight: 1/256 channels masked
Layer layer3.0.conv2.weight: 6/256 channels masked
Layer layer3.0.downsample.0.weight: 5/256 channels masked
Layer layer3.1.conv1.weight: 1/256 channels masked
Layer layer3.1.conv2.weight: 8/256 channels masked
Layer layer4.0.conv1.weight: 1/512 channels masked
Layer layer4.0.conv2.weight: 7/512 channels masked
Layer layer4.0.downsample.0.weight: 67/512 channels masked
Layer layer4.1.conv2.weight: 50/512 channels masked
------------------------- time cost ------------------------- 5.6136555671691895
ASR: 0.37809279075409563
attack_auc: 0.8227964572127671
Layer layer1.1.conv1.weight: 1/64 channels masked
Layer layer2.0.downsample.0.weight: 1/128 channels masked
Layer layer3.0.conv1.weight: 1/256 channels masked
Layer layer3.0.conv2.weight: 6/256 channels masked
Layer layer3.0.downsample.0.weight: 5/256 channels masked
Layer layer3.1.conv1.weight: 1/256 channels masked
Layer layer3.1.conv2.weight: 8/256 channels masked
Layer layer4.0.conv1.weight: 1/512 channels masked
Layer layer4.0.conv2.weight: 7/512 channels masked
Layer layer4.0.downsample.0.weight: 67/512 channels masked
Layer layer4.1.conv2.weight: 50/512 channels masked
------------------------- time cost ------------------------- 5.061849117279053

-------------Round number: 260-------------

Evaluate personalized models
Averaged Train Loss: 0.3521
Averaged Test Accurancy: 0.7551
Averaged Test AUC: 0.9553
Std Test Accurancy: 0.0806
Std Test AUC: 0.0201
ASR: 0.44907037018214896
attack_auc: 0.8535747251307577
Layer layer1.1.conv1.weight: 1/64 channels masked
Layer layer2.0.downsample.0.weight: 1/128 channels masked
Layer layer3.0.conv1.weight: 1/256 channels masked
Layer layer3.0.conv2.weight: 6/256 channels masked
Layer layer3.0.downsample.0.weight: 5/256 channels masked
Layer layer3.1.conv1.weight: 1/256 channels masked
Layer layer3.1.conv2.weight: 8/256 channels masked
Layer layer4.0.conv1.weight: 1/512 channels masked
Layer layer4.0.conv2.weight: 7/512 channels masked
Layer layer4.0.downsample.0.weight: 66/512 channels masked
Layer layer4.1.conv2.weight: 50/512 channels masked
------------------------- time cost ------------------------- 12.67017126083374
ASR: 0.42758676458384803
attack_auc: 0.846274544237314
Layer layer1.1.conv1.weight: 1/64 channels masked
Layer layer2.0.downsample.0.weight: 1/128 channels masked
Layer layer3.0.conv1.weight: 1/256 channels masked
Layer layer3.0.conv2.weight: 6/256 channels masked
Layer layer3.0.downsample.0.weight: 5/256 channels masked
Layer layer3.1.conv1.weight: 1/256 channels masked
Layer layer3.1.conv2.weight: 8/256 channels masked
Layer layer4.0.conv1.weight: 1/512 channels masked
Layer layer4.0.conv2.weight: 7/512 channels masked
Layer layer4.0.downsample.0.weight: 66/512 channels masked
Layer layer4.1.conv2.weight: 50/512 channels masked
------------------------- time cost ------------------------- 5.243808031082153
ASR: 0.4337137908323729
attack_auc: 0.8470337832562377
Layer layer1.1.conv1.weight: 1/64 channels masked
Layer layer2.0.downsample.0.weight: 1/128 channels masked
Layer layer3.0.conv1.weight: 1/256 channels masked
Layer layer3.0.conv2.weight: 6/256 channels masked
Layer layer3.0.downsample.0.weight: 5/256 channels masked
Layer layer3.1.conv1.weight: 1/256 channels masked
Layer layer3.1.conv2.weight: 8/256 channels masked
Layer layer4.0.conv1.weight: 1/512 channels masked
Layer layer4.0.conv2.weight: 7/512 channels masked
Layer layer4.0.downsample.0.weight: 65/512 channels masked
Layer layer4.1.conv2.weight: 50/512 channels masked
------------------------- time cost ------------------------- 5.501894474029541
ASR: 0.4380592319431576
attack_auc: 0.8478160901108908
Layer layer1.1.conv1.weight: 1/64 channels masked
Layer layer2.0.downsample.0.weight: 1/128 channels masked
Layer layer3.0.conv1.weight: 1/256 channels masked
Layer layer3.0.conv2.weight: 6/256 channels masked
Layer layer3.0.downsample.0.weight: 5/256 channels masked
Layer layer3.1.conv1.weight: 1/256 channels masked
Layer layer3.1.conv2.weight: 8/256 channels masked
Layer layer4.0.conv2.weight: 7/512 channels masked
Layer layer4.0.downsample.0.weight: 64/512 channels masked
Layer layer4.1.conv2.weight: 49/512 channels masked
------------------------- time cost ------------------------- 5.344031810760498
ASR: 0.39953012539880645
attack_auc: 0.835730181459973
Layer layer1.1.conv1.weight: 1/64 channels masked
Layer layer2.0.downsample.0.weight: 1/128 channels masked
Layer layer3.0.conv1.weight: 1/256 channels masked
Layer layer3.0.conv2.weight: 6/256 channels masked
Layer layer3.0.downsample.0.weight: 5/256 channels masked
Layer layer3.1.conv1.weight: 1/256 channels masked
Layer layer3.1.conv2.weight: 8/256 channels masked
Layer layer4.0.conv2.weight: 10/512 channels masked
Layer layer4.0.downsample.0.weight: 64/512 channels masked
Layer layer4.1.conv2.weight: 50/512 channels masked
------------------------- time cost ------------------------- 5.226457118988037
ASR: 0.4169682122400382
attack_auc: 0.8410963716453993
Layer layer1.1.conv1.weight: 1/64 channels masked
Layer layer2.0.downsample.0.weight: 1/128 channels masked
Layer layer3.0.conv1.weight: 1/256 channels masked
Layer layer3.0.conv2.weight: 6/256 channels masked
Layer layer3.0.downsample.0.weight: 5/256 channels masked
Layer layer3.1.conv1.weight: 1/256 channels masked
Layer layer3.1.conv2.weight: 8/256 channels masked
Layer layer4.0.conv2.weight: 7/512 channels masked
Layer layer4.0.downsample.0.weight: 64/512 channels masked
Layer layer4.1.conv2.weight: 50/512 channels masked
------------------------- time cost ------------------------- 5.8753578662872314
ASR: 0.42964322599032767
attack_auc: 0.8436744170292763
Layer layer1.1.conv1.weight: 1/64 channels masked
Layer layer2.0.downsample.0.weight: 1/128 channels masked
Layer layer3.0.conv1.weight: 1/256 channels masked
Layer layer3.0.conv2.weight: 6/256 channels masked
Layer layer3.0.downsample.0.weight: 5/256 channels masked
Layer layer3.1.conv1.weight: 1/256 channels masked
Layer layer3.1.conv2.weight: 8/256 channels masked
Layer layer4.0.conv2.weight: 8/512 channels masked
Layer layer4.0.downsample.0.weight: 64/512 channels masked
Layer layer4.1.conv2.weight: 50/512 channels masked
------------------------- time cost ------------------------- 5.607323884963989
ASR: 0.43781407941186745
attack_auc: 0.8473375197258317
Layer layer1.1.conv1.weight: 1/64 channels masked
Layer layer2.0.downsample.0.weight: 1/128 channels masked
Layer layer3.0.conv1.weight: 1/256 channels masked
Layer layer3.0.conv2.weight: 6/256 channels masked
Layer layer3.0.downsample.0.weight: 5/256 channels masked
Layer layer3.1.conv1.weight: 1/256 channels masked
Layer layer3.1.conv2.weight: 8/256 channels masked
Layer layer4.0.conv2.weight: 9/512 channels masked
Layer layer4.0.downsample.0.weight: 64/512 channels masked
Layer layer4.1.conv2.weight: 50/512 channels masked
------------------------- time cost ------------------------- 4.531557559967041
ASR: 0.4069187794570542
attack_auc: 0.8280882724156767
Layer layer1.1.conv1.weight: 1/64 channels masked
Layer layer2.0.downsample.0.weight: 1/128 channels masked
Layer layer3.0.conv1.weight: 1/256 channels masked
Layer layer3.0.conv2.weight: 6/256 channels masked
Layer layer3.0.downsample.0.weight: 5/256 channels masked
Layer layer3.1.conv1.weight: 1/256 channels masked
Layer layer3.1.conv2.weight: 8/256 channels masked
Layer layer4.0.conv2.weight: 9/512 channels masked
Layer layer4.0.downsample.0.weight: 66/512 channels masked
Layer layer4.1.conv2.weight: 50/512 channels masked
------------------------- time cost ------------------------- 5.122644662857056
ASR: 0.4051553668756851
attack_auc: 0.8240421163388698
Layer layer1.1.conv1.weight: 1/64 channels masked
Layer layer2.0.downsample.0.weight: 1/128 channels masked
Layer layer3.0.conv1.weight: 1/256 channels masked
Layer layer3.0.conv2.weight: 6/256 channels masked
Layer layer3.0.downsample.0.weight: 5/256 channels masked
Layer layer3.1.conv1.weight: 1/256 channels masked
Layer layer3.1.conv2.weight: 8/256 channels masked
Layer layer4.0.conv2.weight: 9/512 channels masked
Layer layer4.0.downsample.0.weight: 64/512 channels masked
Layer layer4.1.conv2.weight: 49/512 channels masked
------------------------- time cost ------------------------- 5.528503656387329

-------------Round number: 270-------------

Evaluate personalized models
Averaged Train Loss: 0.3934
Averaged Test Accurancy: 0.7481
Averaged Test AUC: 0.9534
Std Test Accurancy: 0.0809
Std Test AUC: 0.0198
ASR: 0.38190787185351993
attack_auc: 0.8194060380276215
Layer layer1.1.conv1.weight: 1/64 channels masked
Layer layer2.0.downsample.0.weight: 1/128 channels masked
Layer layer3.0.conv1.weight: 1/256 channels masked
Layer layer3.0.conv2.weight: 6/256 channels masked
Layer layer3.0.downsample.0.weight: 5/256 channels masked
Layer layer3.1.conv1.weight: 1/256 channels masked
Layer layer3.1.conv2.weight: 8/256 channels masked
Layer layer4.0.conv2.weight: 8/512 channels masked
Layer layer4.0.downsample.0.weight: 62/512 channels masked
Layer layer4.1.conv2.weight: 46/512 channels masked
------------------------- time cost ------------------------- 13.073064088821411
ASR: 0.41975835826602326
attack_auc: 0.8381230622307951
Layer layer1.1.conv1.weight: 1/64 channels masked
Layer layer2.0.downsample.0.weight: 1/128 channels masked
Layer layer3.0.conv1.weight: 1/256 channels masked
Layer layer3.0.conv2.weight: 6/256 channels masked
Layer layer3.0.downsample.0.weight: 5/256 channels masked
Layer layer3.1.conv1.weight: 1/256 channels masked
Layer layer3.1.conv2.weight: 8/256 channels masked
Layer layer4.0.conv2.weight: 8/512 channels masked
Layer layer4.0.downsample.0.weight: 62/512 channels masked
Layer layer4.1.conv2.weight: 49/512 channels masked
------------------------- time cost ------------------------- 5.137558937072754
ASR: 0.36041770549197094
attack_auc: 0.8114438585075021
Layer layer1.1.conv1.weight: 1/64 channels masked
Layer layer2.0.downsample.0.weight: 1/128 channels masked
Layer layer3.0.conv1.weight: 1/256 channels masked
Layer layer3.0.conv2.weight: 6/256 channels masked
Layer layer3.0.downsample.0.weight: 5/256 channels masked
Layer layer3.1.conv1.weight: 1/256 channels masked
Layer layer3.1.conv2.weight: 8/256 channels masked
Layer layer4.0.conv1.weight: 1/512 channels masked
Layer layer4.0.conv2.weight: 8/512 channels masked
Layer layer4.0.downsample.0.weight: 62/512 channels masked
Layer layer4.1.conv2.weight: 50/512 channels masked
------------------------- time cost ------------------------- 5.327380418777466
ASR: 0.4040737351496571
attack_auc: 0.8307308883279881
Layer layer1.1.conv1.weight: 1/64 channels masked
Layer layer2.0.downsample.0.weight: 1/128 channels masked
Layer layer3.0.conv1.weight: 1/256 channels masked
Layer layer3.0.conv2.weight: 6/256 channels masked
Layer layer3.0.downsample.0.weight: 5/256 channels masked
Layer layer3.1.conv1.weight: 1/256 channels masked
Layer layer3.1.conv2.weight: 8/256 channels masked
Layer layer4.0.conv1.weight: 1/512 channels masked
Layer layer4.0.conv2.weight: 7/512 channels masked
Layer layer4.0.downsample.0.weight: 63/512 channels masked
Layer layer4.1.conv2.weight: 49/512 channels masked
------------------------- time cost ------------------------- 4.9665350914001465
ASR: 0.4249084075326034
attack_auc: 0.8417485844077542
Layer layer1.1.conv1.weight: 1/64 channels masked
Layer layer2.0.downsample.0.weight: 1/128 channels masked
Layer layer3.0.conv1.weight: 1/256 channels masked
Layer layer3.0.conv2.weight: 6/256 channels masked
Layer layer3.0.downsample.0.weight: 5/256 channels masked
Layer layer3.1.conv1.weight: 1/256 channels masked
Layer layer3.1.conv2.weight: 8/256 channels masked
Layer layer4.0.conv2.weight: 5/512 channels masked
Layer layer4.0.downsample.0.weight: 63/512 channels masked
Layer layer4.1.conv2.weight: 49/512 channels masked
------------------------- time cost ------------------------- 5.646307706832886
ASR: 0.42762853416661284
attack_auc: 0.8348430229237038
Layer layer1.1.conv1.weight: 1/64 channels masked
Layer layer2.0.downsample.0.weight: 1/128 channels masked
Layer layer3.0.conv1.weight: 1/256 channels masked
Layer layer3.0.conv2.weight: 6/256 channels masked
Layer layer3.0.downsample.0.weight: 5/256 channels masked
Layer layer3.1.conv1.weight: 1/256 channels masked
Layer layer3.1.conv2.weight: 8/256 channels masked
Layer layer4.0.conv2.weight: 5/512 channels masked
Layer layer4.0.downsample.0.weight: 63/512 channels masked
Layer layer4.1.conv2.weight: 47/512 channels masked
------------------------- time cost ------------------------- 4.782211542129517
ASR: 0.46764713978968386
attack_auc: 0.8630427106853885
Layer layer1.1.conv1.weight: 1/64 channels masked
Layer layer2.0.downsample.0.weight: 1/128 channels masked
Layer layer3.0.conv1.weight: 1/256 channels masked
Layer layer3.0.conv2.weight: 6/256 channels masked
Layer layer3.0.downsample.0.weight: 5/256 channels masked
Layer layer3.1.conv1.weight: 1/256 channels masked
Layer layer3.1.conv2.weight: 8/256 channels masked
Layer layer4.0.conv2.weight: 6/512 channels masked
Layer layer4.0.downsample.0.weight: 61/512 channels masked
Layer layer4.1.conv2.weight: 48/512 channels masked
------------------------- time cost ------------------------- 5.136901378631592
ASR: 0.46941509107614987
attack_auc: 0.859783772165357
Layer layer1.1.conv1.weight: 1/64 channels masked
Layer layer2.0.downsample.0.weight: 1/128 channels masked
Layer layer3.0.conv1.weight: 1/256 channels masked
Layer layer3.0.conv2.weight: 6/256 channels masked
Layer layer3.0.downsample.0.weight: 5/256 channels masked
Layer layer3.1.conv1.weight: 1/256 channels masked
Layer layer3.1.conv2.weight: 8/256 channels masked
Layer layer4.0.conv2.weight: 8/512 channels masked
Layer layer4.0.downsample.0.weight: 64/512 channels masked
Layer layer4.1.conv2.weight: 49/512 channels masked
------------------------- time cost ------------------------- 4.949779987335205
ASR: 0.5117900750966211
attack_auc: 0.8772393133501707
Layer layer1.1.conv1.weight: 1/64 channels masked
Layer layer2.0.downsample.0.weight: 1/128 channels masked
Layer layer3.0.conv1.weight: 1/256 channels masked
Layer layer3.0.conv2.weight: 6/256 channels masked
Layer layer3.0.downsample.0.weight: 5/256 channels masked
Layer layer3.1.conv1.weight: 1/256 channels masked
Layer layer3.1.conv2.weight: 8/256 channels masked
Layer layer4.0.conv2.weight: 8/512 channels masked
Layer layer4.0.downsample.0.weight: 63/512 channels masked
Layer layer4.1.conv2.weight: 49/512 channels masked
------------------------- time cost ------------------------- 4.720186233520508
ASR: 0.4911175327577601
attack_auc: 0.8680015037352172
Layer layer1.1.conv1.weight: 1/64 channels masked
Layer layer2.0.downsample.0.weight: 1/128 channels masked
Layer layer3.0.conv1.weight: 1/256 channels masked
Layer layer3.0.conv2.weight: 6/256 channels masked
Layer layer3.0.downsample.0.weight: 5/256 channels masked
Layer layer3.1.conv1.weight: 1/256 channels masked
Layer layer3.1.conv2.weight: 8/256 channels masked
Layer layer4.0.conv2.weight: 8/512 channels masked
Layer layer4.0.downsample.0.weight: 63/512 channels masked
Layer layer4.1.conv2.weight: 50/512 channels masked
------------------------- time cost ------------------------- 4.989727020263672

-------------Round number: 280-------------

Evaluate personalized models
Averaged Train Loss: 0.2882
Averaged Test Accurancy: 0.7605
Averaged Test AUC: 0.9588
Std Test Accurancy: 0.0825
Std Test AUC: 0.0190
ASR: 0.46944721651048277
attack_auc: 0.8611634258428021
Layer layer1.1.conv1.weight: 1/64 channels masked
Layer layer2.0.downsample.0.weight: 1/128 channels masked
Layer layer3.0.conv1.weight: 1/256 channels masked
Layer layer3.0.conv2.weight: 6/256 channels masked
Layer layer3.0.downsample.0.weight: 5/256 channels masked
Layer layer3.1.conv1.weight: 1/256 channels masked
Layer layer3.1.conv2.weight: 8/256 channels masked
Layer layer4.0.conv2.weight: 8/512 channels masked
Layer layer4.0.downsample.0.weight: 62/512 channels masked
Layer layer4.1.conv2.weight: 50/512 channels masked
------------------------- time cost ------------------------- 12.710638761520386
ASR: 0.48394343176014415
attack_auc: 0.8676079196863018
Layer layer1.1.conv1.weight: 1/64 channels masked
Layer layer2.0.downsample.0.weight: 1/128 channels masked
Layer layer3.0.conv1.weight: 1/256 channels masked
Layer layer3.0.conv2.weight: 6/256 channels masked
Layer layer3.0.downsample.0.weight: 5/256 channels masked
Layer layer3.1.conv1.weight: 1/256 channels masked
Layer layer3.1.conv2.weight: 8/256 channels masked
Layer layer4.0.conv2.weight: 9/512 channels masked
Layer layer4.0.downsample.0.weight: 62/512 channels masked
Layer layer4.1.conv2.weight: 50/512 channels masked
------------------------- time cost ------------------------- 5.21737813949585
ASR: 0.41882497988756884
attack_auc: 0.836340706436406
Layer layer1.1.conv1.weight: 1/64 channels masked
Layer layer2.0.downsample.0.weight: 1/128 channels masked
Layer layer3.0.conv1.weight: 1/256 channels masked
Layer layer3.0.conv2.weight: 6/256 channels masked
Layer layer3.0.downsample.0.weight: 5/256 channels masked
Layer layer3.1.conv1.weight: 1/256 channels masked
Layer layer3.1.conv2.weight: 8/256 channels masked
Layer layer4.0.conv2.weight: 9/512 channels masked
Layer layer4.0.downsample.0.weight: 62/512 channels masked
Layer layer4.1.conv2.weight: 49/512 channels masked
------------------------- time cost ------------------------- 5.953920125961304
ASR: 0.42282122550377077
attack_auc: 0.8443813343126159
Layer layer1.1.conv1.weight: 1/64 channels masked
Layer layer2.0.downsample.0.weight: 1/128 channels masked
Layer layer3.0.conv1.weight: 1/256 channels masked
Layer layer3.0.conv2.weight: 6/256 channels masked
Layer layer3.0.downsample.0.weight: 5/256 channels masked
Layer layer3.1.conv1.weight: 1/256 channels masked
Layer layer3.1.conv2.weight: 8/256 channels masked
Layer layer4.0.conv2.weight: 9/512 channels masked
Layer layer4.0.downsample.0.weight: 61/512 channels masked
Layer layer4.1.conv2.weight: 49/512 channels masked
------------------------- time cost ------------------------- 5.123415470123291
ASR: 0.4225012172156023
attack_auc: 0.844729006227343
Layer layer1.1.conv1.weight: 1/64 channels masked
Layer layer2.0.downsample.0.weight: 1/128 channels masked
Layer layer3.0.conv1.weight: 1/256 channels masked
Layer layer3.0.conv2.weight: 6/256 channels masked
Layer layer3.0.downsample.0.weight: 5/256 channels masked
Layer layer3.1.conv1.weight: 1/256 channels masked
Layer layer3.1.conv2.weight: 8/256 channels masked
Layer layer4.0.conv2.weight: 9/512 channels masked
Layer layer4.0.downsample.0.weight: 61/512 channels masked
Layer layer4.1.conv2.weight: 49/512 channels masked
------------------------- time cost ------------------------- 4.787102460861206
ASR: 0.4079325918339626
attack_auc: 0.8396136830656046
Layer layer1.1.conv1.weight: 1/64 channels masked
Layer layer2.0.downsample.0.weight: 1/128 channels masked
Layer layer3.0.conv1.weight: 1/256 channels masked
Layer layer3.0.conv2.weight: 6/256 channels masked
Layer layer3.0.downsample.0.weight: 5/256 channels masked
Layer layer3.1.conv1.weight: 1/256 channels masked
Layer layer3.1.conv2.weight: 8/256 channels masked
Layer layer4.0.conv2.weight: 9/512 channels masked
Layer layer4.0.downsample.0.weight: 61/512 channels masked
Layer layer4.1.conv2.weight: 51/512 channels masked
------------------------- time cost ------------------------- 5.255592346191406
ASR: 0.42491403899563157
attack_auc: 0.8455987011135204
Layer layer1.1.conv1.weight: 1/64 channels masked
Layer layer2.0.downsample.0.weight: 1/128 channels masked
Layer layer3.0.conv1.weight: 1/256 channels masked
Layer layer3.0.conv2.weight: 6/256 channels masked
Layer layer3.0.downsample.0.weight: 5/256 channels masked
Layer layer3.1.conv1.weight: 1/256 channels masked
Layer layer3.1.conv2.weight: 8/256 channels masked
Layer layer4.0.conv2.weight: 9/512 channels masked
Layer layer4.0.downsample.0.weight: 62/512 channels masked
Layer layer4.1.conv2.weight: 53/512 channels masked
------------------------- time cost ------------------------- 5.419278383255005
ASR: 0.4033922255352482
attack_auc: 0.8347678767398369
Layer layer1.1.conv1.weight: 1/64 channels masked
Layer layer2.0.downsample.0.weight: 1/128 channels masked
Layer layer3.0.conv1.weight: 1/256 channels masked
Layer layer3.0.conv2.weight: 6/256 channels masked
Layer layer3.0.downsample.0.weight: 5/256 channels masked
Layer layer3.1.conv1.weight: 1/256 channels masked
Layer layer3.1.conv2.weight: 8/256 channels masked
Layer layer4.0.conv2.weight: 9/512 channels masked
Layer layer4.0.downsample.0.weight: 63/512 channels masked
Layer layer4.1.conv2.weight: 53/512 channels masked
------------------------- time cost ------------------------- 5.4407384395599365
ASR: 0.39802314432817676
attack_auc: 0.836298123396432
Layer layer1.1.conv1.weight: 1/64 channels masked
Layer layer2.0.downsample.0.weight: 1/128 channels masked
Layer layer3.0.conv1.weight: 1/256 channels masked
Layer layer3.0.conv2.weight: 6/256 channels masked
Layer layer3.0.downsample.0.weight: 5/256 channels masked
Layer layer3.1.conv1.weight: 1/256 channels masked
Layer layer3.1.conv2.weight: 8/256 channels masked
Layer layer4.0.conv2.weight: 8/512 channels masked
Layer layer4.0.downsample.0.weight: 63/512 channels masked
Layer layer4.1.conv2.weight: 54/512 channels masked
------------------------- time cost ------------------------- 5.445770025253296
ASR: 0.403554663947956
attack_auc: 0.8379107288552874
Layer layer1.1.conv1.weight: 1/64 channels masked
Layer layer2.0.downsample.0.weight: 1/128 channels masked
Layer layer3.0.conv1.weight: 1/256 channels masked
Layer layer3.0.conv2.weight: 6/256 channels masked
Layer layer3.0.downsample.0.weight: 5/256 channels masked
Layer layer3.1.conv1.weight: 1/256 channels masked
Layer layer3.1.conv2.weight: 8/256 channels masked
Layer layer4.0.conv2.weight: 7/512 channels masked
Layer layer4.0.downsample.0.weight: 63/512 channels masked
Layer layer4.1.conv2.weight: 54/512 channels masked
------------------------- time cost ------------------------- 4.849521160125732

-------------Round number: 290-------------

Evaluate personalized models
Averaged Train Loss: 0.2586
Averaged Test Accurancy: 0.7694
Averaged Test AUC: 0.9601
Std Test Accurancy: 0.0797
Std Test AUC: 0.0179
ASR: 0.4325431807983663
attack_auc: 0.8489955021049046
Layer layer1.1.conv1.weight: 1/64 channels masked
Layer layer2.0.downsample.0.weight: 1/128 channels masked
Layer layer3.0.conv1.weight: 1/256 channels masked
Layer layer3.0.conv2.weight: 6/256 channels masked
Layer layer3.0.downsample.0.weight: 5/256 channels masked
Layer layer3.1.conv1.weight: 1/256 channels masked
Layer layer3.1.conv2.weight: 8/256 channels masked
Layer layer4.0.conv2.weight: 7/512 channels masked
Layer layer4.0.downsample.0.weight: 63/512 channels masked
Layer layer4.1.conv2.weight: 54/512 channels masked
------------------------- time cost ------------------------- 12.29258418083191
ASR: 0.48293124397965054
attack_auc: 0.8695854790945378
Layer layer1.1.conv1.weight: 1/64 channels masked
Layer layer2.0.downsample.0.weight: 1/128 channels masked
Layer layer3.0.conv1.weight: 1/256 channels masked
Layer layer3.0.conv2.weight: 6/256 channels masked
Layer layer3.0.downsample.0.weight: 5/256 channels masked
Layer layer3.1.conv1.weight: 1/256 channels masked
Layer layer3.1.conv2.weight: 8/256 channels masked
Layer layer4.0.conv2.weight: 8/512 channels masked
Layer layer4.0.downsample.0.weight: 63/512 channels masked
Layer layer4.1.conv2.weight: 56/512 channels masked
------------------------- time cost ------------------------- 5.118916034698486
ASR: 0.4460609271032301
attack_auc: 0.8551034055272654
Layer layer1.1.conv1.weight: 1/64 channels masked
Layer layer2.0.downsample.0.weight: 1/128 channels masked
Layer layer3.0.conv1.weight: 1/256 channels masked
Layer layer3.0.conv2.weight: 6/256 channels masked
Layer layer3.0.downsample.0.weight: 5/256 channels masked
Layer layer3.1.conv1.weight: 1/256 channels masked
Layer layer3.1.conv2.weight: 8/256 channels masked
Layer layer4.0.conv2.weight: 8/512 channels masked
Layer layer4.0.downsample.0.weight: 63/512 channels masked
Layer layer4.1.conv2.weight: 55/512 channels masked
------------------------- time cost ------------------------- 5.669915199279785
ASR: 0.4287055526820854
attack_auc: 0.8462392268454068
Layer layer1.1.conv1.weight: 1/64 channels masked
Layer layer2.0.downsample.0.weight: 1/128 channels masked
Layer layer3.0.conv1.weight: 1/256 channels masked
Layer layer3.0.conv2.weight: 6/256 channels masked
Layer layer3.0.downsample.0.weight: 5/256 channels masked
Layer layer3.1.conv1.weight: 1/256 channels masked
Layer layer3.1.conv2.weight: 8/256 channels masked
Layer layer4.0.conv2.weight: 8/512 channels masked
Layer layer4.0.downsample.0.weight: 64/512 channels masked
Layer layer4.1.conv2.weight: 55/512 channels masked
------------------------- time cost ------------------------- 4.753978967666626
ASR: 0.4600805165355098
attack_auc: 0.8587956418450547
Layer layer1.1.conv1.weight: 1/64 channels masked
Layer layer2.0.downsample.0.weight: 1/128 channels masked
Layer layer3.0.conv1.weight: 1/256 channels masked
Layer layer3.0.conv2.weight: 6/256 channels masked
Layer layer3.0.downsample.0.weight: 5/256 channels masked
Layer layer3.1.conv1.weight: 1/256 channels masked
Layer layer3.1.conv2.weight: 8/256 channels masked
Layer layer4.0.conv2.weight: 8/512 channels masked
Layer layer4.0.downsample.0.weight: 64/512 channels masked
Layer layer4.1.conv2.weight: 55/512 channels masked
------------------------- time cost ------------------------- 5.471593379974365
ASR: 0.45732821952968694
attack_auc: 0.8574824946817744
Layer layer1.1.conv1.weight: 1/64 channels masked
Layer layer2.0.downsample.0.weight: 1/128 channels masked
Layer layer3.0.conv1.weight: 1/256 channels masked
Layer layer3.0.conv2.weight: 6/256 channels masked
Layer layer3.0.downsample.0.weight: 5/256 channels masked
Layer layer3.1.conv1.weight: 1/256 channels masked
Layer layer3.1.conv2.weight: 8/256 channels masked
Layer layer4.0.conv2.weight: 8/512 channels masked
Layer layer4.0.downsample.0.weight: 65/512 channels masked
Layer layer4.1.conv2.weight: 55/512 channels masked
------------------------- time cost ------------------------- 5.561142921447754
ASR: 0.4512004044482048
attack_auc: 0.8556052578992679
Layer layer1.1.conv1.weight: 1/64 channels masked
Layer layer2.0.downsample.0.weight: 1/128 channels masked
Layer layer3.0.conv1.weight: 1/256 channels masked
Layer layer3.0.conv2.weight: 6/256 channels masked
Layer layer3.0.downsample.0.weight: 5/256 channels masked
Layer layer3.1.conv1.weight: 1/256 channels masked
Layer layer3.1.conv2.weight: 8/256 channels masked
Layer layer4.0.conv1.weight: 1/512 channels masked
Layer layer4.0.conv2.weight: 8/512 channels masked
Layer layer4.0.downsample.0.weight: 65/512 channels masked
Layer layer4.1.conv2.weight: 56/512 channels masked
------------------------- time cost ------------------------- 4.342320203781128
ASR: 0.4584150427629934
attack_auc: 0.8613413058378802
Layer layer1.1.conv1.weight: 1/64 channels masked
Layer layer2.0.downsample.0.weight: 1/128 channels masked
Layer layer3.0.conv1.weight: 1/256 channels masked
Layer layer3.0.conv2.weight: 6/256 channels masked
Layer layer3.0.downsample.0.weight: 5/256 channels masked
Layer layer3.1.conv1.weight: 1/256 channels masked
Layer layer3.1.conv2.weight: 8/256 channels masked
Layer layer4.0.conv1.weight: 1/512 channels masked
Layer layer4.0.conv2.weight: 8/512 channels masked
Layer layer4.0.downsample.0.weight: 64/512 channels masked
Layer layer4.1.conv2.weight: 56/512 channels masked
------------------------- time cost ------------------------- 4.164803504943848
ASR: 0.4945828448465596
attack_auc: 0.8771218514906804
Layer layer1.1.conv1.weight: 1/64 channels masked
Layer layer2.0.downsample.0.weight: 1/128 channels masked
Layer layer3.0.conv1.weight: 1/256 channels masked
Layer layer3.0.conv2.weight: 6/256 channels masked
Layer layer3.0.downsample.0.weight: 5/256 channels masked
Layer layer3.1.conv1.weight: 1/256 channels masked
Layer layer3.1.conv2.weight: 8/256 channels masked
Layer layer4.0.conv1.weight: 1/512 channels masked
Layer layer4.0.conv2.weight: 10/512 channels masked
Layer layer4.0.downsample.0.weight: 64/512 channels masked
Layer layer4.1.conv2.weight: 56/512 channels masked
------------------------- time cost ------------------------- 5.301570892333984
ASR: 0.49133924745152746
attack_auc: 0.8762446580707777
Layer layer1.1.conv1.weight: 1/64 channels masked
Layer layer2.0.downsample.0.weight: 1/128 channels masked
Layer layer3.0.conv1.weight: 1/256 channels masked
Layer layer3.0.conv2.weight: 6/256 channels masked
Layer layer3.0.downsample.0.weight: 5/256 channels masked
Layer layer3.1.conv1.weight: 1/256 channels masked
Layer layer3.1.conv2.weight: 8/256 channels masked
Layer layer4.0.conv1.weight: 1/512 channels masked
Layer layer4.0.conv2.weight: 11/512 channels masked
Layer layer4.0.downsample.0.weight: 64/512 channels masked
Layer layer4.1.conv2.weight: 56/512 channels masked
------------------------- time cost ------------------------- 4.572688102722168

-------------Round number: 300-------------

Evaluate personalized models
Averaged Train Loss: 0.2199
Averaged Test Accurancy: 0.7667
Averaged Test AUC: 0.9591
Std Test Accurancy: 0.0736
Std Test AUC: 0.0178
ASR: 0.5205226750692715
attack_auc: 0.8814868446825945
Layer layer1.1.conv1.weight: 1/64 channels masked
Layer layer2.0.downsample.0.weight: 1/128 channels masked
Layer layer3.0.conv1.weight: 1/256 channels masked
Layer layer3.0.conv2.weight: 6/256 channels masked
Layer layer3.0.downsample.0.weight: 5/256 channels masked
Layer layer3.1.conv1.weight: 1/256 channels masked
Layer layer3.1.conv2.weight: 8/256 channels masked
Layer layer4.0.conv1.weight: 1/512 channels masked
Layer layer4.0.conv2.weight: 12/512 channels masked
Layer layer4.0.downsample.0.weight: 65/512 channels masked
Layer layer4.1.conv2.weight: 56/512 channels masked
------------------------- time cost ------------------------- 13.001421689987183
ASR: 0.5480665349955032
attack_auc: 0.8889645420739618
Layer layer1.1.conv1.weight: 1/64 channels masked
Layer layer2.0.downsample.0.weight: 1/128 channels masked
Layer layer3.0.conv1.weight: 1/256 channels masked
Layer layer3.0.conv2.weight: 6/256 channels masked
Layer layer3.0.downsample.0.weight: 5/256 channels masked
Layer layer3.1.conv1.weight: 1/256 channels masked
Layer layer3.1.conv2.weight: 8/256 channels masked
Layer layer4.0.conv1.weight: 2/512 channels masked
Layer layer4.0.conv2.weight: 11/512 channels masked
Layer layer4.0.downsample.0.weight: 65/512 channels masked
Layer layer4.1.conv2.weight: 56/512 channels masked
------------------------- time cost ------------------------- 4.6796715259552
ASR: 0.5403249544996167
attack_auc: 0.8902617021265289
Layer layer1.1.conv1.weight: 1/64 channels masked
Layer layer2.0.downsample.0.weight: 1/128 channels masked
Layer layer3.0.conv1.weight: 1/256 channels masked
Layer layer3.0.conv2.weight: 6/256 channels masked
Layer layer3.0.downsample.0.weight: 5/256 channels masked
Layer layer3.1.conv1.weight: 1/256 channels masked
Layer layer3.1.conv2.weight: 8/256 channels masked
Layer layer4.0.conv1.weight: 2/512 channels masked
Layer layer4.0.conv2.weight: 13/512 channels masked
Layer layer4.0.downsample.0.weight: 65/512 channels masked
Layer layer4.1.conv2.weight: 56/512 channels masked
------------------------- time cost ------------------------- 5.011977672576904
ASR: 0.5070047156126407
attack_auc: 0.8756703033400803
Layer layer2.0.downsample.0.weight: 1/128 channels masked
Layer layer3.0.conv1.weight: 1/256 channels masked
Layer layer3.0.conv2.weight: 6/256 channels masked
Layer layer3.0.downsample.0.weight: 5/256 channels masked
Layer layer3.1.conv1.weight: 1/256 channels masked
Layer layer3.1.conv2.weight: 8/256 channels masked
Layer layer4.0.conv1.weight: 2/512 channels masked
Layer layer4.0.conv2.weight: 12/512 channels masked
Layer layer4.0.downsample.0.weight: 66/512 channels masked
Layer layer4.1.conv2.weight: 56/512 channels masked
------------------------- time cost ------------------------- 5.139595985412598
ASR: 0.4300781953543869
attack_auc: 0.8462587061452085
Layer layer2.0.downsample.0.weight: 1/128 channels masked
Layer layer3.0.conv1.weight: 1/256 channels masked
Layer layer3.0.conv2.weight: 6/256 channels masked
Layer layer3.0.downsample.0.weight: 5/256 channels masked
Layer layer3.1.conv1.weight: 1/256 channels masked
Layer layer3.1.conv2.weight: 8/256 channels masked
Layer layer4.0.conv1.weight: 2/512 channels masked
Layer layer4.0.conv2.weight: 11/512 channels masked
Layer layer4.0.downsample.0.weight: 66/512 channels masked
Layer layer4.1.conv2.weight: 56/512 channels masked
------------------------- time cost ------------------------- 5.9512317180633545
ASR: 0.4502881520326163
attack_auc: 0.8468476465885593
Layer layer2.0.downsample.0.weight: 1/128 channels masked
Layer layer3.0.conv1.weight: 1/256 channels masked
Layer layer3.0.conv2.weight: 6/256 channels masked
Layer layer3.0.downsample.0.weight: 5/256 channels masked
Layer layer3.1.conv1.weight: 1/256 channels masked
Layer layer3.1.conv2.weight: 8/256 channels masked
Layer layer4.0.conv1.weight: 1/512 channels masked
Layer layer4.0.conv2.weight: 11/512 channels masked
Layer layer4.0.downsample.0.weight: 64/512 channels masked
Layer layer4.1.conv2.weight: 57/512 channels masked
------------------------- time cost ------------------------- 5.272002935409546
ASR: 0.49830577543843224
attack_auc: 0.871052297867929
Layer layer2.0.downsample.0.weight: 1/128 channels masked
Layer layer3.0.conv1.weight: 1/256 channels masked
Layer layer3.0.conv2.weight: 6/256 channels masked
Layer layer3.0.downsample.0.weight: 5/256 channels masked
Layer layer3.1.conv1.weight: 1/256 channels masked
Layer layer3.1.conv2.weight: 8/256 channels masked
Layer layer4.0.conv2.weight: 13/512 channels masked
Layer layer4.0.downsample.0.weight: 65/512 channels masked
Layer layer4.1.conv2.weight: 57/512 channels masked
------------------------- time cost ------------------------- 5.552400350570679
ASR: 0.48170416329403026
attack_auc: 0.8670238460604016
Layer layer2.0.downsample.0.weight: 1/128 channels masked
Layer layer3.0.conv1.weight: 1/256 channels masked
Layer layer3.0.conv2.weight: 6/256 channels masked
Layer layer3.0.downsample.0.weight: 5/256 channels masked
Layer layer3.1.conv1.weight: 1/256 channels masked
Layer layer3.1.conv2.weight: 8/256 channels masked
Layer layer4.0.conv2.weight: 13/512 channels masked
Layer layer4.0.downsample.0.weight: 64/512 channels masked
Layer layer4.1.conv2.weight: 57/512 channels masked
------------------------- time cost ------------------------- 5.873472452163696
ASR: 0.4460315332001236
attack_auc: 0.8530518630101881
Layer layer2.0.downsample.0.weight: 1/128 channels masked
Layer layer3.0.conv1.weight: 1/256 channels masked
Layer layer3.0.conv2.weight: 6/256 channels masked
Layer layer3.0.downsample.0.weight: 5/256 channels masked
Layer layer3.1.conv1.weight: 1/256 channels masked
Layer layer3.1.conv2.weight: 8/256 channels masked
Layer layer4.0.conv1.weight: 1/512 channels masked
Layer layer4.0.conv2.weight: 13/512 channels masked
Layer layer4.0.downsample.0.weight: 64/512 channels masked
Layer layer4.1.conv2.weight: 57/512 channels masked
------------------------- time cost ------------------------- 4.843062877655029
ASR: 0.4891866815746748
attack_auc: 0.8701646425980006
Layer layer2.0.downsample.0.weight: 1/128 channels masked
Layer layer3.0.conv1.weight: 1/256 channels masked
Layer layer3.0.conv2.weight: 6/256 channels masked
Layer layer3.0.downsample.0.weight: 5/256 channels masked
Layer layer3.1.conv1.weight: 1/256 channels masked
Layer layer3.1.conv2.weight: 8/256 channels masked
Layer layer4.0.conv1.weight: 1/512 channels masked
Layer layer4.0.conv2.weight: 14/512 channels masked
Layer layer4.0.downsample.0.weight: 66/512 channels masked
Layer layer4.1.conv2.weight: 59/512 channels masked
------------------------- time cost ------------------------- 5.725209951400757

-------------Round number: 310-------------

Evaluate personalized models
Averaged Train Loss: 0.2027
Averaged Test Accurancy: 0.7697
Averaged Test AUC: 0.9599
Std Test Accurancy: 0.0806
Std Test AUC: 0.0184
ASR: 0.45293432588654176
attack_auc: 0.8511523165048789
Layer layer2.0.downsample.0.weight: 1/128 channels masked
Layer layer3.0.conv1.weight: 1/256 channels masked
Layer layer3.0.conv2.weight: 6/256 channels masked
Layer layer3.0.downsample.0.weight: 5/256 channels masked
Layer layer3.1.conv1.weight: 1/256 channels masked
Layer layer3.1.conv2.weight: 8/256 channels masked
Layer layer4.0.conv1.weight: 1/512 channels masked
Layer layer4.0.conv2.weight: 15/512 channels masked
Layer layer4.0.downsample.0.weight: 66/512 channels masked
Layer layer4.1.conv2.weight: 59/512 channels masked
------------------------- time cost ------------------------- 12.794310331344604
ASR: 0.5119671976730893
attack_auc: 0.8805743306457863
Layer layer2.0.downsample.0.weight: 1/128 channels masked
Layer layer3.0.conv1.weight: 1/256 channels masked
Layer layer3.0.conv2.weight: 6/256 channels masked
Layer layer3.0.downsample.0.weight: 5/256 channels masked
Layer layer3.1.conv1.weight: 1/256 channels masked
Layer layer3.1.conv2.weight: 8/256 channels masked
Layer layer4.0.conv1.weight: 1/512 channels masked
Layer layer4.0.conv2.weight: 16/512 channels masked
Layer layer4.0.downsample.0.weight: 66/512 channels masked
Layer layer4.1.conv2.weight: 60/512 channels masked
------------------------- time cost ------------------------- 5.177803039550781
ASR: 0.48516741699643207
attack_auc: 0.8710215263686466
Layer layer2.0.downsample.0.weight: 1/128 channels masked
Layer layer3.0.conv1.weight: 1/256 channels masked
Layer layer3.0.conv2.weight: 6/256 channels masked
Layer layer3.0.downsample.0.weight: 5/256 channels masked
Layer layer3.1.conv1.weight: 1/256 channels masked
Layer layer3.1.conv2.weight: 8/256 channels masked
Layer layer4.0.conv1.weight: 1/512 channels masked
Layer layer4.0.conv2.weight: 19/512 channels masked
Layer layer4.0.downsample.0.weight: 68/512 channels masked
Layer layer4.1.conv2.weight: 61/512 channels masked
------------------------- time cost ------------------------- 5.342874765396118
ASR: 0.44469496205798553
attack_auc: 0.8546403872550794
Layer layer2.0.downsample.0.weight: 1/128 channels masked
Layer layer3.0.conv1.weight: 1/256 channels masked
Layer layer3.0.conv2.weight: 6/256 channels masked
Layer layer3.0.downsample.0.weight: 5/256 channels masked
Layer layer3.1.conv1.weight: 1/256 channels masked
Layer layer3.1.conv2.weight: 8/256 channels masked
Layer layer4.0.conv1.weight: 1/512 channels masked
Layer layer4.0.conv2.weight: 17/512 channels masked
Layer layer4.0.downsample.0.weight: 69/512 channels masked
Layer layer4.1.conv2.weight: 60/512 channels masked
------------------------- time cost ------------------------- 5.379942178726196
ASR: 0.4251231544335683
attack_auc: 0.8457336534361046
Layer layer2.0.downsample.0.weight: 1/128 channels masked
Layer layer3.0.conv1.weight: 1/256 channels masked
Layer layer3.0.conv2.weight: 6/256 channels masked
Layer layer3.0.downsample.0.weight: 5/256 channels masked
Layer layer3.1.conv1.weight: 1/256 channels masked
Layer layer3.1.conv2.weight: 8/256 channels masked
Layer layer4.0.conv1.weight: 1/512 channels masked
Layer layer4.0.conv2.weight: 16/512 channels masked
Layer layer4.0.downsample.0.weight: 67/512 channels masked
Layer layer4.1.conv2.weight: 60/512 channels masked
------------------------- time cost ------------------------- 5.202702283859253
ASR: 0.44858732934814327
attack_auc: 0.8609866093512688
Layer layer2.0.downsample.0.weight: 1/128 channels masked
Layer layer3.0.conv1.weight: 1/256 channels masked
Layer layer3.0.conv2.weight: 6/256 channels masked
Layer layer3.0.downsample.0.weight: 5/256 channels masked
Layer layer3.1.conv1.weight: 1/256 channels masked
Layer layer3.1.conv2.weight: 8/256 channels masked
Layer layer4.0.conv1.weight: 1/512 channels masked
Layer layer4.0.conv2.weight: 16/512 channels masked
Layer layer4.0.downsample.0.weight: 68/512 channels masked
Layer layer4.1.conv2.weight: 61/512 channels masked
------------------------- time cost ------------------------- 5.015134811401367
ASR: 0.44931222098048457
attack_auc: 0.858233039639153
Layer layer2.0.downsample.0.weight: 1/128 channels masked
Layer layer3.0.conv1.weight: 1/256 channels masked
Layer layer3.0.conv2.weight: 6/256 channels masked
Layer layer3.0.downsample.0.weight: 5/256 channels masked
Layer layer3.1.conv1.weight: 1/256 channels masked
Layer layer3.1.conv2.weight: 8/256 channels masked
Layer layer4.0.conv2.weight: 17/512 channels masked
Layer layer4.0.downsample.0.weight: 68/512 channels masked
Layer layer4.1.conv2.weight: 61/512 channels masked
------------------------- time cost ------------------------- 6.300713300704956
ASR: 0.44902381110125583
attack_auc: 0.8554214614442922
Layer layer2.0.downsample.0.weight: 1/128 channels masked
Layer layer3.0.conv1.weight: 1/256 channels masked
Layer layer3.0.conv2.weight: 6/256 channels masked
Layer layer3.0.downsample.0.weight: 5/256 channels masked
Layer layer3.1.conv1.weight: 1/256 channels masked
Layer layer3.1.conv2.weight: 8/256 channels masked
Layer layer4.0.conv2.weight: 16/512 channels masked
Layer layer4.0.downsample.0.weight: 68/512 channels masked
Layer layer4.1.conv2.weight: 61/512 channels masked
------------------------- time cost ------------------------- 5.224565505981445
ASR: 0.45448548020507035
attack_auc: 0.8608422966168492
Layer layer2.0.downsample.0.weight: 1/128 channels masked
Layer layer3.0.conv1.weight: 1/256 channels masked
Layer layer3.0.conv2.weight: 6/256 channels masked
Layer layer3.0.downsample.0.weight: 5/256 channels masked
Layer layer3.1.conv1.weight: 1/256 channels masked
Layer layer3.1.conv2.weight: 8/256 channels masked
Layer layer4.0.conv2.weight: 17/512 channels masked
Layer layer4.0.downsample.0.weight: 69/512 channels masked
Layer layer4.1.conv2.weight: 61/512 channels masked
------------------------- time cost ------------------------- 4.78705096244812
ASR: 0.47130437325269836
attack_auc: 0.8679997951707347
Layer layer2.0.downsample.0.weight: 1/128 channels masked
Layer layer3.0.conv1.weight: 1/256 channels masked
Layer layer3.0.conv2.weight: 6/256 channels masked
Layer layer3.0.downsample.0.weight: 5/256 channels masked
Layer layer3.1.conv1.weight: 1/256 channels masked
Layer layer3.1.conv2.weight: 8/256 channels masked
Layer layer4.0.conv2.weight: 18/512 channels masked
Layer layer4.0.downsample.0.weight: 69/512 channels masked
Layer layer4.1.conv2.weight: 61/512 channels masked
------------------------- time cost ------------------------- 4.820906162261963

-------------Round number: 320-------------

Evaluate personalized models
Averaged Train Loss: 0.2026
Averaged Test Accurancy: 0.7632
Averaged Test AUC: 0.9596
Std Test Accurancy: 0.0840
Std Test AUC: 0.0182
ASR: 0.4517696707004019
attack_auc: 0.8554253503883099
Layer layer2.0.downsample.0.weight: 1/128 channels masked
Layer layer3.0.conv1.weight: 1/256 channels masked
Layer layer3.0.conv2.weight: 6/256 channels masked
Layer layer3.0.downsample.0.weight: 5/256 channels masked
Layer layer3.1.conv1.weight: 1/256 channels masked
Layer layer3.1.conv2.weight: 8/256 channels masked
Layer layer4.0.conv2.weight: 19/512 channels masked
Layer layer4.0.downsample.0.weight: 70/512 channels masked
Layer layer4.1.conv2.weight: 61/512 channels masked
------------------------- time cost ------------------------- 13.253703832626343
ASR: 0.4288925748138682
attack_auc: 0.8472236625299215
Layer layer2.0.downsample.0.weight: 1/128 channels masked
Layer layer3.0.conv2.weight: 6/256 channels masked
Layer layer3.0.downsample.0.weight: 5/256 channels masked
Layer layer3.1.conv1.weight: 1/256 channels masked
Layer layer3.1.conv2.weight: 8/256 channels masked
Layer layer4.0.conv2.weight: 20/512 channels masked
Layer layer4.0.downsample.0.weight: 70/512 channels masked
Layer layer4.1.conv2.weight: 60/512 channels masked
------------------------- time cost ------------------------- 4.917528390884399
ASR: 0.45557818217407514
attack_auc: 0.8598302182227093
Layer layer2.0.downsample.0.weight: 1/128 channels masked
Layer layer3.0.conv2.weight: 6/256 channels masked
Layer layer3.0.downsample.0.weight: 5/256 channels masked
Layer layer3.1.conv1.weight: 1/256 channels masked
Layer layer3.1.conv2.weight: 8/256 channels masked
Layer layer4.0.conv2.weight: 20/512 channels masked
Layer layer4.0.downsample.0.weight: 71/512 channels masked
Layer layer4.1.conv2.weight: 61/512 channels masked
------------------------- time cost ------------------------- 5.45328950881958
ASR: 0.3935804028353339
attack_auc: 0.8297042842607071
Layer layer2.0.downsample.0.weight: 1/128 channels masked
Layer layer3.0.conv2.weight: 6/256 channels masked
Layer layer3.0.downsample.0.weight: 5/256 channels masked
Layer layer3.1.conv1.weight: 1/256 channels masked
Layer layer3.1.conv2.weight: 8/256 channels masked
Layer layer4.0.conv2.weight: 19/512 channels masked
Layer layer4.0.downsample.0.weight: 71/512 channels masked
Layer layer4.1.conv2.weight: 62/512 channels masked
------------------------- time cost ------------------------- 4.502741813659668
ASR: 0.44923120069676387
attack_auc: 0.8556725177366966
Layer layer2.0.downsample.0.weight: 1/128 channels masked
Layer layer3.0.conv2.weight: 6/256 channels masked
Layer layer3.0.downsample.0.weight: 5/256 channels masked
Layer layer3.1.conv1.weight: 1/256 channels masked
Layer layer3.1.conv2.weight: 8/256 channels masked
Layer layer4.0.conv2.weight: 18/512 channels masked
Layer layer4.0.downsample.0.weight: 72/512 channels masked
Layer layer4.1.conv2.weight: 62/512 channels masked
------------------------- time cost ------------------------- 5.256464004516602
ASR: 0.4748543446190696
attack_auc: 0.8656649138494471
Layer layer2.0.downsample.0.weight: 1/128 channels masked
Layer layer3.0.conv2.weight: 6/256 channels masked
Layer layer3.0.downsample.0.weight: 5/256 channels masked
Layer layer3.1.conv1.weight: 1/256 channels masked
Layer layer3.1.conv2.weight: 8/256 channels masked
Layer layer4.0.conv2.weight: 18/512 channels masked
Layer layer4.0.downsample.0.weight: 72/512 channels masked
Layer layer4.1.conv2.weight: 62/512 channels masked
------------------------- time cost ------------------------- 4.515365123748779
ASR: 0.4960387384362703
attack_auc: 0.8746635513124591
Layer conv1.weight: 1/64 channels masked
Layer layer2.0.downsample.0.weight: 1/128 channels masked
Layer layer3.0.conv2.weight: 6/256 channels masked
Layer layer3.0.downsample.0.weight: 5/256 channels masked
Layer layer3.1.conv1.weight: 1/256 channels masked
Layer layer3.1.conv2.weight: 8/256 channels masked
Layer layer4.0.conv2.weight: 21/512 channels masked
Layer layer4.0.downsample.0.weight: 81/512 channels masked
Layer layer4.1.conv1.weight: 1/512 channels masked
Layer layer4.1.conv2.weight: 64/512 channels masked
------------------------- time cost ------------------------- 4.854642868041992
ASR: 0.4662925465217675
attack_auc: 0.861855433027932
Layer layer2.0.downsample.0.weight: 1/128 channels masked
Layer layer3.0.conv2.weight: 6/256 channels masked
Layer layer3.0.downsample.0.weight: 5/256 channels masked
Layer layer3.1.conv1.weight: 1/256 channels masked
Layer layer3.1.conv2.weight: 8/256 channels masked
Layer layer4.0.conv2.weight: 26/512 channels masked
Layer layer4.0.downsample.0.weight: 81/512 channels masked
Layer layer4.1.conv1.weight: 1/512 channels masked
Layer layer4.1.conv2.weight: 64/512 channels masked
------------------------- time cost ------------------------- 4.675544738769531
ASR: 0.4044788916255208
attack_auc: 0.8378957977507221
Layer layer2.0.downsample.0.weight: 1/128 channels masked
Layer layer3.0.conv2.weight: 6/256 channels masked
Layer layer3.0.downsample.0.weight: 5/256 channels masked
Layer layer3.1.conv1.weight: 1/256 channels masked
Layer layer3.1.conv2.weight: 8/256 channels masked
Layer layer4.0.conv2.weight: 26/512 channels masked
Layer layer4.0.downsample.0.weight: 81/512 channels masked
Layer layer4.1.conv1.weight: 1/512 channels masked
Layer layer4.1.conv2.weight: 64/512 channels masked
------------------------- time cost ------------------------- 5.411789417266846
ASR: 0.4085272041149745
attack_auc: 0.8342659481564447
Layer layer2.0.downsample.0.weight: 1/128 channels masked
Layer layer3.0.conv2.weight: 6/256 channels masked
Layer layer3.0.downsample.0.weight: 5/256 channels masked
Layer layer3.1.conv1.weight: 1/256 channels masked
Layer layer3.1.conv2.weight: 8/256 channels masked
Layer layer4.0.conv2.weight: 22/512 channels masked
Layer layer4.0.downsample.0.weight: 85/512 channels masked
Layer layer4.1.conv1.weight: 2/512 channels masked
Layer layer4.1.conv2.weight: 59/512 channels masked
------------------------- time cost ------------------------- 5.066287279129028

-------------Round number: 330-------------

Evaluate personalized models
Averaged Train Loss: 0.2039
Averaged Test Accurancy: 0.7630
Averaged Test AUC: 0.9595
Std Test Accurancy: 0.0819
Std Test AUC: 0.0182
ASR: 0.4193236571532158
attack_auc: 0.8388372801414877
Layer layer2.0.downsample.0.weight: 1/128 channels masked
Layer layer3.0.conv2.weight: 6/256 channels masked
Layer layer3.0.downsample.0.weight: 5/256 channels masked
Layer layer3.1.conv1.weight: 1/256 channels masked
Layer layer3.1.conv2.weight: 9/256 channels masked
Layer layer4.0.conv2.weight: 23/512 channels masked
Layer layer4.0.downsample.0.weight: 85/512 channels masked
Layer layer4.1.conv1.weight: 1/512 channels masked
Layer layer4.1.conv2.weight: 63/512 channels masked
------------------------- time cost ------------------------- 12.974080562591553
ASR: 0.4239475417144665
attack_auc: 0.8443233980970892
Layer layer2.0.downsample.0.weight: 1/128 channels masked
Layer layer3.0.conv2.weight: 6/256 channels masked
Layer layer3.0.downsample.0.weight: 5/256 channels masked
Layer layer3.1.conv1.weight: 1/256 channels masked
Layer layer3.1.conv2.weight: 9/256 channels masked
Layer layer4.0.conv2.weight: 23/512 channels masked
Layer layer4.0.downsample.0.weight: 86/512 channels masked
Layer layer4.1.conv1.weight: 2/512 channels masked
Layer layer4.1.conv2.weight: 63/512 channels masked
------------------------- time cost ------------------------- 4.750017404556274
ASR: 0.4078271651128808
attack_auc: 0.8414262203476017
Layer layer2.0.downsample.0.weight: 1/128 channels masked
Layer layer3.0.conv2.weight: 6/256 channels masked
Layer layer3.0.downsample.0.weight: 5/256 channels masked
Layer layer3.1.conv1.weight: 1/256 channels masked
Layer layer3.1.conv2.weight: 9/256 channels masked
Layer layer4.0.conv2.weight: 24/512 channels masked
Layer layer4.0.downsample.0.weight: 89/512 channels masked
Layer layer4.1.conv1.weight: 2/512 channels masked
Layer layer4.1.conv2.weight: 63/512 channels masked
------------------------- time cost ------------------------- 5.472703456878662
ASR: 0.4057775359060558
attack_auc: 0.838010944924949
Layer layer2.0.downsample.0.weight: 1/128 channels masked
Layer layer3.0.conv2.weight: 6/256 channels masked
Layer layer3.0.downsample.0.weight: 5/256 channels masked
Layer layer3.1.conv1.weight: 1/256 channels masked
Layer layer3.1.conv2.weight: 9/256 channels masked
Layer layer4.0.conv2.weight: 24/512 channels masked
Layer layer4.0.downsample.0.weight: 89/512 channels masked
Layer layer4.1.conv1.weight: 2/512 channels masked
Layer layer4.1.conv2.weight: 64/512 channels masked
------------------------- time cost ------------------------- 5.141354560852051
ASR: 0.4028804043400815
attack_auc: 0.8307999942931072
Layer layer2.0.downsample.0.weight: 1/128 channels masked
Layer layer3.0.conv2.weight: 6/256 channels masked
Layer layer3.0.downsample.0.weight: 5/256 channels masked
Layer layer3.1.conv1.weight: 1/256 channels masked
Layer layer3.1.conv2.weight: 9/256 channels masked
Layer layer4.0.conv2.weight: 24/512 channels masked
Layer layer4.0.downsample.0.weight: 89/512 channels masked
Layer layer4.1.conv1.weight: 2/512 channels masked
Layer layer4.1.conv2.weight: 64/512 channels masked
------------------------- time cost ------------------------- 4.970442771911621
ASR: 0.4232672240114575
attack_auc: 0.8436011131891541
Layer layer2.0.downsample.0.weight: 1/128 channels masked
Layer layer3.0.conv2.weight: 6/256 channels masked
Layer layer3.0.downsample.0.weight: 5/256 channels masked
Layer layer3.1.conv1.weight: 1/256 channels masked
Layer layer3.1.conv2.weight: 9/256 channels masked
Layer layer4.0.conv2.weight: 24/512 channels masked
Layer layer4.0.downsample.0.weight: 89/512 channels masked
Layer layer4.1.conv1.weight: 2/512 channels masked
Layer layer4.1.conv2.weight: 64/512 channels masked
------------------------- time cost ------------------------- 4.811511039733887
ASR: 0.41189254689403026
attack_auc: 0.8398437879413609
Layer layer2.0.downsample.0.weight: 1/128 channels masked
Layer layer3.0.conv2.weight: 6/256 channels masked
Layer layer3.0.downsample.0.weight: 5/256 channels masked
Layer layer3.1.conv1.weight: 1/256 channels masked
Layer layer3.1.conv2.weight: 9/256 channels masked
Layer layer4.0.conv1.weight: 1/512 channels masked
Layer layer4.0.conv2.weight: 25/512 channels masked
Layer layer4.0.downsample.0.weight: 90/512 channels masked
Layer layer4.1.conv1.weight: 2/512 channels masked
Layer layer4.1.conv2.weight: 64/512 channels masked
------------------------- time cost ------------------------- 5.0501627922058105
ASR: 0.49379574422490946
attack_auc: 0.8698142150496646
Layer layer2.0.downsample.0.weight: 1/128 channels masked
Layer layer3.0.conv2.weight: 6/256 channels masked
Layer layer3.0.downsample.0.weight: 5/256 channels masked
Layer layer3.1.conv1.weight: 1/256 channels masked
Layer layer3.1.conv2.weight: 9/256 channels masked
Layer layer4.0.conv1.weight: 1/512 channels masked
Layer layer4.0.conv2.weight: 25/512 channels masked
Layer layer4.0.downsample.0.weight: 89/512 channels masked
Layer layer4.1.conv1.weight: 2/512 channels masked
Layer layer4.1.conv2.weight: 60/512 channels masked
------------------------- time cost ------------------------- 6.001187801361084
ASR: 0.4925723821696106
attack_auc: 0.871303065733428
Layer layer2.0.downsample.0.weight: 1/128 channels masked
Layer layer3.0.conv2.weight: 6/256 channels masked
Layer layer3.0.downsample.0.weight: 5/256 channels masked
Layer layer3.1.conv1.weight: 1/256 channels masked
Layer layer3.1.conv2.weight: 9/256 channels masked
Layer layer4.0.conv1.weight: 1/512 channels masked
Layer layer4.0.conv2.weight: 25/512 channels masked
Layer layer4.0.downsample.0.weight: 90/512 channels masked
Layer layer4.1.conv1.weight: 2/512 channels masked
Layer layer4.1.conv2.weight: 62/512 channels masked
------------------------- time cost ------------------------- 5.242522239685059
ASR: 0.49006156058672556
attack_auc: 0.8693826445487315
Layer layer2.0.downsample.0.weight: 1/128 channels masked
Layer layer3.0.conv2.weight: 6/256 channels masked
Layer layer3.0.downsample.0.weight: 5/256 channels masked
Layer layer3.1.conv1.weight: 1/256 channels masked
Layer layer3.1.conv2.weight: 9/256 channels masked
Layer layer4.0.conv1.weight: 1/512 channels masked
Layer layer4.0.conv2.weight: 25/512 channels masked
Layer layer4.0.downsample.0.weight: 90/512 channels masked
Layer layer4.1.conv1.weight: 2/512 channels masked
Layer layer4.1.conv2.weight: 62/512 channels masked
------------------------- time cost ------------------------- 5.654784202575684

-------------Round number: 340-------------

Evaluate personalized models
Averaged Train Loss: 0.1872
Averaged Test Accurancy: 0.7635
Averaged Test AUC: 0.9594
Std Test Accurancy: 0.0820
Std Test AUC: 0.0191
ASR: 0.4610508570590715
attack_auc: 0.85707863094152
Layer layer2.0.downsample.0.weight: 1/128 channels masked
Layer layer3.0.conv2.weight: 6/256 channels masked
Layer layer3.0.downsample.0.weight: 5/256 channels masked
Layer layer3.1.conv1.weight: 1/256 channels masked
Layer layer3.1.conv2.weight: 9/256 channels masked
Layer layer4.0.conv1.weight: 1/512 channels masked
Layer layer4.0.conv2.weight: 26/512 channels masked
Layer layer4.0.downsample.0.weight: 91/512 channels masked
Layer layer4.1.conv1.weight: 2/512 channels masked
Layer layer4.1.conv2.weight: 62/512 channels masked
------------------------- time cost ------------------------- 12.86845874786377
ASR: 0.4561695551667336
attack_auc: 0.8614424358945865
Layer layer2.0.downsample.0.weight: 1/128 channels masked
Layer layer3.0.conv2.weight: 6/256 channels masked
Layer layer3.0.downsample.0.weight: 5/256 channels masked
Layer layer3.1.conv1.weight: 1/256 channels masked
Layer layer3.1.conv2.weight: 9/256 channels masked
Layer layer4.0.conv1.weight: 1/512 channels masked
Layer layer4.0.conv2.weight: 26/512 channels masked
Layer layer4.0.downsample.0.weight: 91/512 channels masked
Layer layer4.1.conv1.weight: 2/512 channels masked
Layer layer4.1.conv2.weight: 62/512 channels masked
------------------------- time cost ------------------------- 5.0309412479400635
ASR: 0.48379349575106
attack_auc: 0.8724638214792192
Layer layer2.0.downsample.0.weight: 1/128 channels masked
Layer layer3.0.conv2.weight: 6/256 channels masked
Layer layer3.0.downsample.0.weight: 5/256 channels masked
Layer layer3.1.conv1.weight: 1/256 channels masked
Layer layer3.1.conv2.weight: 9/256 channels masked
Layer layer4.0.conv1.weight: 1/512 channels masked
Layer layer4.0.conv2.weight: 25/512 channels masked
Layer layer4.0.downsample.0.weight: 91/512 channels masked
Layer layer4.1.conv1.weight: 2/512 channels masked
Layer layer4.1.conv2.weight: 62/512 channels masked
------------------------- time cost ------------------------- 5.401905059814453
ASR: 0.500682929518385
attack_auc: 0.8765908701056356
Layer layer2.0.downsample.0.weight: 1/128 channels masked
Layer layer3.0.conv2.weight: 6/256 channels masked
Layer layer3.0.downsample.0.weight: 5/256 channels masked
Layer layer3.1.conv1.weight: 1/256 channels masked
Layer layer3.1.conv2.weight: 9/256 channels masked
Layer layer4.0.conv2.weight: 27/512 channels masked
Layer layer4.0.downsample.0.weight: 91/512 channels masked
Layer layer4.1.conv1.weight: 2/512 channels masked
Layer layer4.1.conv2.weight: 62/512 channels masked
------------------------- time cost ------------------------- 5.1544554233551025
ASR: 0.4794826118446985
attack_auc: 0.8680974938812491
Layer layer2.0.downsample.0.weight: 1/128 channels masked
Layer layer3.0.conv2.weight: 6/256 channels masked
Layer layer3.0.downsample.0.weight: 5/256 channels masked
Layer layer3.1.conv1.weight: 1/256 channels masked
Layer layer3.1.conv2.weight: 9/256 channels masked
Layer layer4.0.conv2.weight: 26/512 channels masked
Layer layer4.0.downsample.0.weight: 91/512 channels masked
Layer layer4.1.conv1.weight: 2/512 channels masked
Layer layer4.1.conv2.weight: 63/512 channels masked
------------------------- time cost ------------------------- 5.305237054824829
ASR: 0.484483544808968
attack_auc: 0.8681141359103045
Layer layer2.0.downsample.0.weight: 1/128 channels masked
Layer layer3.0.conv2.weight: 6/256 channels masked
Layer layer3.0.downsample.0.weight: 5/256 channels masked
Layer layer3.1.conv1.weight: 1/256 channels masked
Layer layer3.1.conv2.weight: 9/256 channels masked
Layer layer4.0.conv2.weight: 27/512 channels masked
Layer layer4.0.downsample.0.weight: 90/512 channels masked
Layer layer4.1.conv1.weight: 2/512 channels masked
Layer layer4.1.conv2.weight: 62/512 channels masked
------------------------- time cost ------------------------- 5.158197402954102
ASR: 0.4834297541899969
attack_auc: 0.8682429251190484
Layer layer2.0.downsample.0.weight: 1/128 channels masked
Layer layer3.0.conv2.weight: 6/256 channels masked
Layer layer3.0.downsample.0.weight: 5/256 channels masked
Layer layer3.1.conv1.weight: 1/256 channels masked
Layer layer3.1.conv2.weight: 9/256 channels masked
Layer layer4.0.conv2.weight: 23/512 channels masked
Layer layer4.0.downsample.0.weight: 91/512 channels masked
Layer layer4.1.conv1.weight: 2/512 channels masked
Layer layer4.1.conv2.weight: 59/512 channels masked
------------------------- time cost ------------------------- 5.439435720443726
ASR: 0.4306129353771796
attack_auc: 0.8446635172046222
Layer layer2.0.downsample.0.weight: 1/128 channels masked
Layer layer3.0.conv2.weight: 6/256 channels masked
Layer layer3.0.downsample.0.weight: 5/256 channels masked
Layer layer3.1.conv1.weight: 1/256 channels masked
Layer layer3.1.conv2.weight: 9/256 channels masked
Layer layer4.0.conv2.weight: 21/512 channels masked
Layer layer4.0.downsample.0.weight: 91/512 channels masked
Layer layer4.1.conv1.weight: 2/512 channels masked
Layer layer4.1.conv2.weight: 60/512 channels masked
------------------------- time cost ------------------------- 5.26276159286499
ASR: 0.4302433419264986
attack_auc: 0.8476655883697546
Layer layer2.0.downsample.0.weight: 1/128 channels masked
Layer layer3.0.conv2.weight: 6/256 channels masked
Layer layer3.0.downsample.0.weight: 5/256 channels masked
Layer layer3.1.conv1.weight: 1/256 channels masked
Layer layer3.1.conv2.weight: 9/256 channels masked
Layer layer4.0.conv2.weight: 23/512 channels masked
Layer layer4.0.downsample.0.weight: 91/512 channels masked
Layer layer4.1.conv1.weight: 2/512 channels masked
Layer layer4.1.conv2.weight: 63/512 channels masked
------------------------- time cost ------------------------- 4.9891297817230225
ASR: 0.4655901323191259
attack_auc: 0.8629436264361316
Layer layer2.0.downsample.0.weight: 1/128 channels masked
Layer layer3.0.conv2.weight: 6/256 channels masked
Layer layer3.0.downsample.0.weight: 5/256 channels masked
Layer layer3.1.conv1.weight: 1/256 channels masked
Layer layer3.1.conv2.weight: 9/256 channels masked
Layer layer4.0.conv2.weight: 25/512 channels masked
Layer layer4.0.downsample.0.weight: 91/512 channels masked
Layer layer4.1.conv1.weight: 2/512 channels masked
Layer layer4.1.conv2.weight: 64/512 channels masked
------------------------- time cost ------------------------- 4.467556715011597

-------------Round number: 350-------------

Evaluate personalized models
Averaged Train Loss: 0.1722
Averaged Test Accurancy: 0.7569
Averaged Test AUC: 0.9585
Std Test Accurancy: 0.0899
Std Test AUC: 0.0207
ASR: 0.4836625523237583
attack_auc: 0.8682183208439287
Layer layer2.0.downsample.0.weight: 1/128 channels masked
Layer layer3.0.conv2.weight: 6/256 channels masked
Layer layer3.0.downsample.0.weight: 5/256 channels masked
Layer layer3.1.conv1.weight: 1/256 channels masked
Layer layer3.1.conv2.weight: 9/256 channels masked
Layer layer4.0.conv2.weight: 24/512 channels masked
Layer layer4.0.downsample.0.weight: 91/512 channels masked
Layer layer4.1.conv1.weight: 2/512 channels masked
Layer layer4.1.conv2.weight: 64/512 channels masked
------------------------- time cost ------------------------- 12.856684684753418
ASR: 0.46393679549717787
attack_auc: 0.8613773903142403
Layer layer2.0.downsample.0.weight: 1/128 channels masked
Layer layer3.0.conv2.weight: 6/256 channels masked
Layer layer3.0.downsample.0.weight: 5/256 channels masked
Layer layer3.1.conv1.weight: 1/256 channels masked
Layer layer3.1.conv2.weight: 9/256 channels masked
Layer layer4.0.conv2.weight: 24/512 channels masked
Layer layer4.0.downsample.0.weight: 91/512 channels masked
Layer layer4.1.conv1.weight: 2/512 channels masked
Layer layer4.1.conv2.weight: 64/512 channels masked
------------------------- time cost ------------------------- 5.037648677825928
ASR: 0.4847008432370466
attack_auc: 0.8720589375724779
Layer layer2.0.downsample.0.weight: 1/128 channels masked
Layer layer3.0.conv2.weight: 6/256 channels masked
Layer layer3.0.downsample.0.weight: 5/256 channels masked
Layer layer3.1.conv1.weight: 1/256 channels masked
Layer layer3.1.conv2.weight: 9/256 channels masked
Layer layer4.0.conv2.weight: 24/512 channels masked
Layer layer4.0.downsample.0.weight: 91/512 channels masked
Layer layer4.1.conv1.weight: 2/512 channels masked
Layer layer4.1.conv2.weight: 65/512 channels masked
------------------------- time cost ------------------------- 4.790877819061279
ASR: 0.4627423263257872
attack_auc: 0.8619126163744917
Layer layer2.0.downsample.0.weight: 1/128 channels masked
Layer layer3.0.conv2.weight: 6/256 channels masked
Layer layer3.0.downsample.0.weight: 5/256 channels masked
Layer layer3.1.conv1.weight: 1/256 channels masked
Layer layer3.1.conv2.weight: 9/256 channels masked
Layer layer4.0.conv2.weight: 24/512 channels masked
Layer layer4.0.downsample.0.weight: 91/512 channels masked
Layer layer4.1.conv1.weight: 2/512 channels masked
Layer layer4.1.conv2.weight: 65/512 channels masked
------------------------- time cost ------------------------- 5.223261594772339
ASR: 0.4829855083937271
attack_auc: 0.8717538755522715
Layer layer2.0.downsample.0.weight: 1/128 channels masked
Layer layer3.0.conv2.weight: 6/256 channels masked
Layer layer3.0.downsample.0.weight: 5/256 channels masked
Layer layer3.1.conv1.weight: 1/256 channels masked
Layer layer3.1.conv2.weight: 9/256 channels masked
Layer layer4.0.conv2.weight: 27/512 channels masked
Layer layer4.0.downsample.0.weight: 92/512 channels masked
Layer layer4.1.conv1.weight: 2/512 channels masked
Layer layer4.1.conv2.weight: 65/512 channels masked
------------------------- time cost ------------------------- 5.034977674484253
ASR: 0.4778942180100046
attack_auc: 0.8708186433973973
Layer layer2.0.downsample.0.weight: 1/128 channels masked
Layer layer3.0.conv2.weight: 6/256 channels masked
Layer layer3.0.downsample.0.weight: 5/256 channels masked
Layer layer3.1.conv1.weight: 1/256 channels masked
Layer layer3.1.conv2.weight: 9/256 channels masked
Layer layer4.0.conv2.weight: 28/512 channels masked
Layer layer4.0.downsample.0.weight: 95/512 channels masked
Layer layer4.1.conv1.weight: 2/512 channels masked
Layer layer4.1.conv2.weight: 65/512 channels masked
------------------------- time cost ------------------------- 4.751778602600098
ASR: 0.4918304810016411
attack_auc: 0.8730170743016908
Layer layer2.0.downsample.0.weight: 1/128 channels masked
Layer layer3.0.conv2.weight: 6/256 channels masked
Layer layer3.0.downsample.0.weight: 5/256 channels masked
Layer layer3.1.conv1.weight: 1/256 channels masked
Layer layer3.1.conv2.weight: 9/256 channels masked
Layer layer4.0.conv2.weight: 29/512 channels masked
Layer layer4.0.downsample.0.weight: 95/512 channels masked
Layer layer4.1.conv1.weight: 2/512 channels masked
Layer layer4.1.conv2.weight: 65/512 channels masked
------------------------- time cost ------------------------- 5.5254881381988525
ASR: 0.4471141953375271
attack_auc: 0.85839675047412
Layer layer2.0.downsample.0.weight: 1/128 channels masked
Layer layer3.0.conv2.weight: 6/256 channels masked
Layer layer3.0.downsample.0.weight: 5/256 channels masked
Layer layer3.1.conv1.weight: 1/256 channels masked
Layer layer3.1.conv2.weight: 9/256 channels masked
Layer layer4.0.conv2.weight: 29/512 channels masked
Layer layer4.0.downsample.0.weight: 96/512 channels masked
Layer layer4.1.conv1.weight: 2/512 channels masked
Layer layer4.1.conv2.weight: 65/512 channels masked
------------------------- time cost ------------------------- 5.104706525802612
ASR: 0.4331919459835787
attack_auc: 0.8532173139230282
Layer layer2.0.downsample.0.weight: 1/128 channels masked
Layer layer3.0.conv2.weight: 6/256 channels masked
Layer layer3.0.downsample.0.weight: 5/256 channels masked
Layer layer3.1.conv1.weight: 1/256 channels masked
Layer layer3.1.conv2.weight: 9/256 channels masked
Layer layer4.0.conv2.weight: 29/512 channels masked
Layer layer4.0.downsample.0.weight: 99/512 channels masked
Layer layer4.1.conv1.weight: 2/512 channels masked
Layer layer4.1.conv2.weight: 65/512 channels masked
------------------------- time cost ------------------------- 5.328160047531128
ASR: 0.43135268327601956
attack_auc: 0.8543993909548326
Layer layer2.0.downsample.0.weight: 1/128 channels masked
Layer layer3.0.conv2.weight: 6/256 channels masked
Layer layer3.0.downsample.0.weight: 5/256 channels masked
Layer layer3.1.conv1.weight: 1/256 channels masked
Layer layer3.1.conv2.weight: 9/256 channels masked
Layer layer4.0.conv2.weight: 25/512 channels masked
Layer layer4.0.downsample.0.weight: 103/512 channels masked
Layer layer4.1.conv1.weight: 2/512 channels masked
Layer layer4.1.conv2.weight: 66/512 channels masked
------------------------- time cost ------------------------- 5.466784715652466

-------------Round number: 360-------------

Evaluate personalized models
Averaged Train Loss: 0.1595
Averaged Test Accurancy: 0.7613
Averaged Test AUC: 0.9592
Std Test Accurancy: 0.0850
Std Test AUC: 0.0195
ASR: 0.468276225276306
attack_auc: 0.8690726845003237
Layer layer2.0.downsample.0.weight: 1/128 channels masked
Layer layer3.0.conv2.weight: 6/256 channels masked
Layer layer3.0.downsample.0.weight: 5/256 channels masked
Layer layer3.1.conv1.weight: 1/256 channels masked
Layer layer3.1.conv2.weight: 9/256 channels masked
Layer layer4.0.conv2.weight: 23/512 channels masked
Layer layer4.0.downsample.0.weight: 104/512 channels masked
Layer layer4.1.conv1.weight: 2/512 channels masked
Layer layer4.1.conv2.weight: 64/512 channels masked
------------------------- time cost ------------------------- 12.63149094581604
ASR: 0.49230824023260705
attack_auc: 0.8705028264230766
Layer layer2.0.downsample.0.weight: 1/128 channels masked
Layer layer3.0.conv2.weight: 6/256 channels masked
Layer layer3.0.downsample.0.weight: 5/256 channels masked
Layer layer3.1.conv1.weight: 1/256 channels masked
Layer layer3.1.conv2.weight: 9/256 channels masked
Layer layer4.0.conv2.weight: 27/512 channels masked
Layer layer4.0.downsample.0.weight: 105/512 channels masked
Layer layer4.1.conv1.weight: 2/512 channels masked
Layer layer4.1.conv2.weight: 66/512 channels masked
------------------------- time cost ------------------------- 5.401448488235474
ASR: 0.4407672356879173
attack_auc: 0.8518451888121975
Layer layer2.0.downsample.0.weight: 1/128 channels masked
Layer layer3.0.conv2.weight: 6/256 channels masked
Layer layer3.0.downsample.0.weight: 5/256 channels masked
Layer layer3.1.conv1.weight: 1/256 channels masked
Layer layer3.1.conv2.weight: 9/256 channels masked
Layer layer4.0.conv2.weight: 27/512 channels masked
Layer layer4.0.downsample.0.weight: 107/512 channels masked
Layer layer4.1.conv1.weight: 2/512 channels masked
Layer layer4.1.conv2.weight: 66/512 channels masked
------------------------- time cost ------------------------- 5.143680810928345
ASR: 0.48295484867703437
attack_auc: 0.8692054785715817
Layer layer2.0.downsample.0.weight: 1/128 channels masked
Layer layer3.0.conv2.weight: 6/256 channels masked
Layer layer3.0.downsample.0.weight: 5/256 channels masked
Layer layer3.1.conv1.weight: 1/256 channels masked
Layer layer3.1.conv2.weight: 9/256 channels masked
Layer layer4.0.conv1.weight: 1/512 channels masked
Layer layer4.0.conv2.weight: 28/512 channels masked
Layer layer4.0.downsample.0.weight: 107/512 channels masked
Layer layer4.1.conv1.weight: 5/512 channels masked
Layer layer4.1.conv2.weight: 68/512 channels masked
------------------------- time cost ------------------------- 4.890212535858154
ASR: 0.47617993330288805
attack_auc: 0.8684867060284178
Layer layer2.0.downsample.0.weight: 1/128 channels masked
Layer layer3.0.conv2.weight: 6/256 channels masked
Layer layer3.0.downsample.0.weight: 5/256 channels masked
Layer layer3.1.conv1.weight: 1/256 channels masked
Layer layer3.1.conv2.weight: 9/256 channels masked
Layer layer4.0.conv2.weight: 23/512 channels masked
Layer layer4.0.downsample.0.weight: 108/512 channels masked
Layer layer4.1.conv1.weight: 5/512 channels masked
Layer layer4.1.conv2.weight: 65/512 channels masked
------------------------- time cost ------------------------- 5.580166339874268
ASR: 0.4569130641112821
attack_auc: 0.8566980614354907
Layer layer2.0.downsample.0.weight: 1/128 channels masked
Layer layer3.0.conv2.weight: 6/256 channels masked
Layer layer3.0.downsample.0.weight: 5/256 channels masked
Layer layer3.1.conv1.weight: 1/256 channels masked
Layer layer3.1.conv2.weight: 9/256 channels masked
Layer layer4.0.conv2.weight: 23/512 channels masked
Layer layer4.0.downsample.0.weight: 108/512 channels masked
Layer layer4.1.conv1.weight: 5/512 channels masked
Layer layer4.1.conv2.weight: 65/512 channels masked
------------------------- time cost ------------------------- 5.0403523445129395
ASR: 0.45513742714824124
attack_auc: 0.8588002170628141
Layer layer2.0.downsample.0.weight: 1/128 channels masked
Layer layer3.0.conv2.weight: 6/256 channels masked
Layer layer3.0.downsample.0.weight: 5/256 channels masked
Layer layer3.1.conv1.weight: 1/256 channels masked
Layer layer3.1.conv2.weight: 9/256 channels masked
Layer layer4.0.conv2.weight: 25/512 channels masked
Layer layer4.0.downsample.0.weight: 109/512 channels masked
Layer layer4.1.conv1.weight: 5/512 channels masked
Layer layer4.1.conv2.weight: 67/512 channels masked
------------------------- time cost ------------------------- 5.094380140304565
ASR: 0.46252272035904823
attack_auc: 0.8637133129285377
Layer layer2.0.downsample.0.weight: 1/128 channels masked
Layer layer3.0.conv2.weight: 6/256 channels masked
Layer layer3.0.downsample.0.weight: 5/256 channels masked
Layer layer3.1.conv1.weight: 1/256 channels masked
Layer layer3.1.conv2.weight: 9/256 channels masked
Layer layer4.0.conv2.weight: 23/512 channels masked
Layer layer4.0.downsample.0.weight: 110/512 channels masked
Layer layer4.1.conv1.weight: 5/512 channels masked
Layer layer4.1.conv2.weight: 66/512 channels masked
------------------------- time cost ------------------------- 5.557876110076904
ASR: 0.4691442648873837
attack_auc: 0.8600277698213061
Layer layer2.0.downsample.0.weight: 1/128 channels masked
Layer layer3.0.conv2.weight: 6/256 channels masked
Layer layer3.0.downsample.0.weight: 5/256 channels masked
Layer layer3.1.conv1.weight: 1/256 channels masked
Layer layer3.1.conv2.weight: 9/256 channels masked
Layer layer4.0.conv2.weight: 26/512 channels masked
Layer layer4.0.downsample.0.weight: 110/512 channels masked
Layer layer4.1.conv1.weight: 5/512 channels masked
Layer layer4.1.conv2.weight: 67/512 channels masked
------------------------- time cost ------------------------- 4.6342453956604
ASR: 0.4733414383836601
attack_auc: 0.8675652999515885
Layer layer2.0.downsample.0.weight: 1/128 channels masked
Layer layer3.0.conv2.weight: 6/256 channels masked
Layer layer3.0.downsample.0.weight: 5/256 channels masked
Layer layer3.1.conv1.weight: 1/256 channels masked
Layer layer3.1.conv2.weight: 9/256 channels masked
Layer layer4.0.conv2.weight: 26/512 channels masked
Layer layer4.0.downsample.0.weight: 110/512 channels masked
Layer layer4.1.conv1.weight: 5/512 channels masked
Layer layer4.1.conv2.weight: 67/512 channels masked
------------------------- time cost ------------------------- 5.306887149810791

-------------Round number: 370-------------

Evaluate personalized models
Averaged Train Loss: 0.1637
Averaged Test Accurancy: 0.7603
Averaged Test AUC: 0.9582
Std Test Accurancy: 0.0806
Std Test AUC: 0.0191
ASR: 0.47170324268481345
attack_auc: 0.8676319075015605
Layer layer2.0.downsample.0.weight: 1/128 channels masked
Layer layer3.0.conv2.weight: 6/256 channels masked
Layer layer3.0.downsample.0.weight: 5/256 channels masked
Layer layer3.1.conv1.weight: 1/256 channels masked
Layer layer3.1.conv2.weight: 9/256 channels masked
Layer layer4.0.conv2.weight: 21/512 channels masked
Layer layer4.0.downsample.0.weight: 109/512 channels masked
Layer layer4.1.conv1.weight: 5/512 channels masked
Layer layer4.1.conv2.weight: 68/512 channels masked
------------------------- time cost ------------------------- 12.796234369277954
ASR: 0.4647063890828109
attack_auc: 0.8654020228383192
Layer layer2.0.downsample.0.weight: 1/128 channels masked
Layer layer3.0.conv2.weight: 6/256 channels masked
Layer layer3.0.downsample.0.weight: 5/256 channels masked
Layer layer3.1.conv2.weight: 9/256 channels masked
Layer layer4.0.conv2.weight: 18/512 channels masked
Layer layer4.0.downsample.0.weight: 116/512 channels masked
Layer layer4.1.conv1.weight: 5/512 channels masked
Layer layer4.1.conv2.weight: 67/512 channels masked
------------------------- time cost ------------------------- 5.043285846710205
ASR: 0.4601038676223145
attack_auc: 0.8656002691867309
Layer layer2.0.downsample.0.weight: 1/128 channels masked
Layer layer3.0.conv2.weight: 6/256 channels masked
Layer layer3.0.downsample.0.weight: 5/256 channels masked
Layer layer3.1.conv1.weight: 1/256 channels masked
Layer layer3.1.conv2.weight: 9/256 channels masked
Layer layer4.0.conv2.weight: 19/512 channels masked
Layer layer4.0.downsample.0.weight: 117/512 channels masked
Layer layer4.1.conv1.weight: 5/512 channels masked
Layer layer4.1.conv2.weight: 67/512 channels masked
------------------------- time cost ------------------------- 5.471262454986572
ASR: 0.437053436199497
attack_auc: 0.8552806088653863
Layer layer2.0.downsample.0.weight: 1/128 channels masked
Layer layer3.0.conv2.weight: 6/256 channels masked
Layer layer3.0.downsample.0.weight: 5/256 channels masked
Layer layer3.1.conv1.weight: 1/256 channels masked
Layer layer3.1.conv2.weight: 9/256 channels masked
Layer layer4.0.conv2.weight: 19/512 channels masked
Layer layer4.0.downsample.0.weight: 118/512 channels masked
Layer layer4.1.conv1.weight: 5/512 channels masked
Layer layer4.1.conv2.weight: 66/512 channels masked
------------------------- time cost ------------------------- 4.964593410491943
ASR: 0.4235791084706188
attack_auc: 0.8475160191477471
Layer layer2.0.downsample.0.weight: 1/128 channels masked
Layer layer3.0.conv2.weight: 6/256 channels masked
Layer layer3.0.downsample.0.weight: 5/256 channels masked
Layer layer3.1.conv1.weight: 1/256 channels masked
Layer layer3.1.conv2.weight: 9/256 channels masked
Layer layer4.0.conv2.weight: 19/512 channels masked
Layer layer4.0.downsample.0.weight: 118/512 channels masked
Layer layer4.1.conv1.weight: 5/512 channels masked
Layer layer4.1.conv2.weight: 68/512 channels masked
------------------------- time cost ------------------------- 5.447166919708252
ASR: 0.47104414614808715
attack_auc: 0.8635801139109441
Layer conv1.weight: 1/64 channels masked
Layer layer2.0.downsample.0.weight: 1/128 channels masked
Layer layer3.0.conv2.weight: 6/256 channels masked
Layer layer3.0.downsample.0.weight: 5/256 channels masked
Layer layer3.1.conv1.weight: 1/256 channels masked
Layer layer3.1.conv2.weight: 9/256 channels masked
Layer layer4.0.conv2.weight: 19/512 channels masked
Layer layer4.0.downsample.0.weight: 117/512 channels masked
Layer layer4.1.conv1.weight: 5/512 channels masked
Layer layer4.1.conv2.weight: 68/512 channels masked
------------------------- time cost ------------------------- 5.514512062072754
ASR: 0.4955413685994083
attack_auc: 0.8759444997621266
Layer layer2.0.downsample.0.weight: 1/128 channels masked
Layer layer3.0.conv2.weight: 6/256 channels masked
Layer layer3.0.downsample.0.weight: 5/256 channels masked
Layer layer3.1.conv1.weight: 1/256 channels masked
Layer layer3.1.conv2.weight: 9/256 channels masked
Layer layer4.0.conv1.weight: 1/512 channels masked
Layer layer4.0.conv2.weight: 19/512 channels masked
Layer layer4.0.downsample.0.weight: 117/512 channels masked
Layer layer4.1.conv1.weight: 5/512 channels masked
Layer layer4.1.conv2.weight: 68/512 channels masked
------------------------- time cost ------------------------- 5.056522846221924
ASR: 0.5558060843526884
attack_auc: 0.8957315529995818
Layer conv1.weight: 1/64 channels masked
Layer layer2.0.downsample.0.weight: 1/128 channels masked
Layer layer3.0.conv2.weight: 6/256 channels masked
Layer layer3.0.downsample.0.weight: 5/256 channels masked
Layer layer3.1.conv1.weight: 1/256 channels masked
Layer layer3.1.conv2.weight: 9/256 channels masked
Layer layer4.0.conv1.weight: 1/512 channels masked
Layer layer4.0.conv2.weight: 20/512 channels masked
Layer layer4.0.downsample.0.weight: 117/512 channels masked
Layer layer4.1.conv1.weight: 5/512 channels masked
Layer layer4.1.conv2.weight: 68/512 channels masked
------------------------- time cost ------------------------- 5.541574716567993
ASR: 0.5191643672969961
attack_auc: 0.8834507005235676
Layer conv1.weight: 1/64 channels masked
Layer layer2.0.downsample.0.weight: 1/128 channels masked
Layer layer3.0.conv2.weight: 6/256 channels masked
Layer layer3.0.downsample.0.weight: 5/256 channels masked
Layer layer3.1.conv1.weight: 1/256 channels masked
Layer layer3.1.conv2.weight: 9/256 channels masked
Layer layer4.0.conv1.weight: 1/512 channels masked
Layer layer4.0.conv2.weight: 21/512 channels masked
Layer layer4.0.downsample.0.weight: 116/512 channels masked
Layer layer4.1.conv1.weight: 5/512 channels masked
Layer layer4.1.conv2.weight: 68/512 channels masked
------------------------- time cost ------------------------- 5.368636846542358
ASR: 0.4804469802784717
attack_auc: 0.8731651103498275
Layer conv1.weight: 1/64 channels masked
Layer layer2.0.downsample.0.weight: 1/128 channels masked
Layer layer3.0.conv2.weight: 6/256 channels masked
Layer layer3.0.downsample.0.weight: 5/256 channels masked
Layer layer3.1.conv1.weight: 1/256 channels masked
Layer layer3.1.conv2.weight: 9/256 channels masked
Layer layer4.0.conv1.weight: 1/512 channels masked
Layer layer4.0.conv2.weight: 21/512 channels masked
Layer layer4.0.downsample.0.weight: 118/512 channels masked
Layer layer4.1.conv1.weight: 5/512 channels masked
Layer layer4.1.conv2.weight: 68/512 channels masked
------------------------- time cost ------------------------- 4.841464519500732

-------------Round number: 380-------------

Evaluate personalized models
Averaged Train Loss: 0.1434
Averaged Test Accurancy: 0.7627
Averaged Test AUC: 0.9596
Std Test Accurancy: 0.0811
Std Test AUC: 0.0195
ASR: 0.45071498494606876
attack_auc: 0.8613722872683073
Layer conv1.weight: 1/64 channels masked
Layer layer2.0.downsample.0.weight: 1/128 channels masked
Layer layer3.0.conv2.weight: 6/256 channels masked
Layer layer3.0.downsample.0.weight: 5/256 channels masked
Layer layer3.1.conv1.weight: 1/256 channels masked
Layer layer3.1.conv2.weight: 9/256 channels masked
Layer layer4.0.conv1.weight: 1/512 channels masked
Layer layer4.0.conv2.weight: 23/512 channels masked
Layer layer4.0.downsample.0.weight: 119/512 channels masked
Layer layer4.1.conv1.weight: 5/512 channels masked
Layer layer4.1.conv2.weight: 68/512 channels masked
------------------------- time cost ------------------------- 12.816958665847778
ASR: 0.485106499285521
attack_auc: 0.8742184962471127
Layer conv1.weight: 1/64 channels masked
Layer layer2.0.downsample.0.weight: 1/128 channels masked
Layer layer3.0.conv2.weight: 6/256 channels masked
Layer layer3.0.downsample.0.weight: 5/256 channels masked
Layer layer3.1.conv1.weight: 1/256 channels masked
Layer layer3.1.conv2.weight: 9/256 channels masked
Layer layer4.0.conv1.weight: 1/512 channels masked
Layer layer4.0.conv2.weight: 21/512 channels masked
Layer layer4.0.downsample.0.weight: 122/512 channels masked
Layer layer4.1.conv1.weight: 5/512 channels masked
Layer layer4.1.conv2.weight: 69/512 channels masked
------------------------- time cost ------------------------- 5.444585800170898
ASR: 0.5080502034073986
attack_auc: 0.8795674819635544
Layer conv1.weight: 1/64 channels masked
Layer layer2.0.downsample.0.weight: 1/128 channels masked
Layer layer3.0.conv2.weight: 6/256 channels masked
Layer layer3.0.downsample.0.weight: 5/256 channels masked
Layer layer3.1.conv1.weight: 1/256 channels masked
Layer layer3.1.conv2.weight: 9/256 channels masked
Layer layer4.0.conv1.weight: 1/512 channels masked
Layer layer4.0.conv2.weight: 21/512 channels masked
Layer layer4.0.downsample.0.weight: 122/512 channels masked
Layer layer4.1.conv1.weight: 5/512 channels masked
Layer layer4.1.conv2.weight: 69/512 channels masked
------------------------- time cost ------------------------- 5.177548885345459
ASR: 0.49077040739910005
attack_auc: 0.8768325410360802
Layer conv1.weight: 1/64 channels masked
Layer layer2.0.downsample.0.weight: 1/128 channels masked
Layer layer3.0.conv2.weight: 6/256 channels masked
Layer layer3.0.downsample.0.weight: 5/256 channels masked
Layer layer3.1.conv1.weight: 1/256 channels masked
Layer layer3.1.conv2.weight: 9/256 channels masked
Layer layer4.0.conv1.weight: 1/512 channels masked
Layer layer4.0.conv2.weight: 23/512 channels masked
Layer layer4.0.downsample.0.weight: 123/512 channels masked
Layer layer4.1.conv1.weight: 5/512 channels masked
Layer layer4.1.conv2.weight: 70/512 channels masked
------------------------- time cost ------------------------- 4.730671405792236
ASR: 0.49315223250968193
attack_auc: 0.8789994813701008
Layer conv1.weight: 1/64 channels masked
Layer layer2.0.downsample.0.weight: 1/128 channels masked
Layer layer3.0.conv2.weight: 6/256 channels masked
Layer layer3.0.downsample.0.weight: 5/256 channels masked
Layer layer3.1.conv1.weight: 1/256 channels masked
Layer layer3.1.conv2.weight: 9/256 channels masked
Layer layer4.0.conv1.weight: 1/512 channels masked
Layer layer4.0.conv2.weight: 23/512 channels masked
Layer layer4.0.downsample.0.weight: 124/512 channels masked
Layer layer4.1.conv1.weight: 5/512 channels masked
Layer layer4.1.conv2.weight: 69/512 channels masked
------------------------- time cost ------------------------- 5.431264638900757
ASR: 0.49629314599369834
attack_auc: 0.8756932490457469
Layer conv1.weight: 1/64 channels masked
Layer layer2.0.downsample.0.weight: 1/128 channels masked
Layer layer3.0.conv2.weight: 6/256 channels masked
Layer layer3.0.downsample.0.weight: 5/256 channels masked
Layer layer3.1.conv1.weight: 1/256 channels masked
Layer layer3.1.conv2.weight: 9/256 channels masked
Layer layer4.0.conv1.weight: 1/512 channels masked
Layer layer4.0.conv2.weight: 21/512 channels masked
Layer layer4.0.downsample.0.weight: 124/512 channels masked
Layer layer4.1.conv1.weight: 5/512 channels masked
Layer layer4.1.conv2.weight: 70/512 channels masked
------------------------- time cost ------------------------- 5.81161904335022
ASR: 0.5244999640199687
attack_auc: 0.8876750300299324
Layer conv1.weight: 1/64 channels masked
Layer layer2.0.downsample.0.weight: 1/128 channels masked
Layer layer3.0.conv2.weight: 6/256 channels masked
Layer layer3.0.downsample.0.weight: 5/256 channels masked
Layer layer3.1.conv1.weight: 1/256 channels masked
Layer layer3.1.conv2.weight: 9/256 channels masked
Layer layer4.0.conv1.weight: 1/512 channels masked
Layer layer4.0.conv2.weight: 22/512 channels masked
Layer layer4.0.downsample.0.weight: 124/512 channels masked
Layer layer4.1.conv1.weight: 5/512 channels masked
Layer layer4.1.conv2.weight: 71/512 channels masked
------------------------- time cost ------------------------- 5.220648765563965
ASR: 0.5334120296644582
attack_auc: 0.8915005281670201
Layer conv1.weight: 1/64 channels masked
Layer layer2.0.downsample.0.weight: 1/128 channels masked
Layer layer3.0.conv2.weight: 6/256 channels masked
Layer layer3.0.downsample.0.weight: 5/256 channels masked
Layer layer3.1.conv1.weight: 1/256 channels masked
Layer layer3.1.conv2.weight: 9/256 channels masked
Layer layer4.0.conv1.weight: 1/512 channels masked
Layer layer4.0.conv2.weight: 22/512 channels masked
Layer layer4.0.downsample.0.weight: 123/512 channels masked
Layer layer4.1.conv1.weight: 5/512 channels masked
Layer layer4.1.conv2.weight: 74/512 channels masked
------------------------- time cost ------------------------- 5.295577526092529
ASR: 0.5080479398918001
attack_auc: 0.8824008501020398
Layer conv1.weight: 1/64 channels masked
Layer layer2.0.downsample.0.weight: 1/128 channels masked
Layer layer3.0.conv2.weight: 6/256 channels masked
Layer layer3.0.downsample.0.weight: 5/256 channels masked
Layer layer3.1.conv1.weight: 1/256 channels masked
Layer layer3.1.conv2.weight: 9/256 channels masked
Layer layer4.0.conv1.weight: 1/512 channels masked
Layer layer4.0.conv2.weight: 21/512 channels masked
Layer layer4.0.downsample.0.weight: 122/512 channels masked
Layer layer4.1.conv1.weight: 5/512 channels masked
Layer layer4.1.conv2.weight: 73/512 channels masked
------------------------- time cost ------------------------- 5.340689659118652
ASR: 0.5092263746735534
attack_auc: 0.8831822838876187
Layer conv1.weight: 2/64 channels masked
Layer layer2.0.downsample.0.weight: 1/128 channels masked
Layer layer3.0.conv2.weight: 6/256 channels masked
Layer layer3.0.downsample.0.weight: 5/256 channels masked
Layer layer3.1.conv1.weight: 1/256 channels masked
Layer layer3.1.conv2.weight: 9/256 channels masked
Layer layer4.0.conv1.weight: 1/512 channels masked
Layer layer4.0.conv2.weight: 22/512 channels masked
Layer layer4.0.downsample.0.weight: 122/512 channels masked
Layer layer4.1.conv1.weight: 5/512 channels masked
Layer layer4.1.conv2.weight: 73/512 channels masked
------------------------- time cost ------------------------- 5.17706823348999

-------------Round number: 390-------------

Evaluate personalized models
Averaged Train Loss: 0.1782
Averaged Test Accurancy: 0.7591
Averaged Test AUC: 0.9574
Std Test Accurancy: 0.0844
Std Test AUC: 0.0207
ASR: 0.5181059293915735
attack_auc: 0.8832571703133891
Layer conv1.weight: 1/64 channels masked
Layer layer2.0.downsample.0.weight: 1/128 channels masked
Layer layer3.0.conv2.weight: 6/256 channels masked
Layer layer3.0.downsample.0.weight: 5/256 channels masked
Layer layer3.1.conv1.weight: 1/256 channels masked
Layer layer3.1.conv2.weight: 9/256 channels masked
Layer layer4.0.conv1.weight: 1/512 channels masked
Layer layer4.0.conv2.weight: 24/512 channels masked
Layer layer4.0.downsample.0.weight: 123/512 channels masked
Layer layer4.1.conv1.weight: 5/512 channels masked
Layer layer4.1.conv2.weight: 74/512 channels masked
------------------------- time cost ------------------------- 12.904760599136353
ASR: 0.45084654348525477
attack_auc: 0.8623972402878357
Layer conv1.weight: 1/64 channels masked
Layer layer2.0.downsample.0.weight: 1/128 channels masked
Layer layer3.0.conv2.weight: 6/256 channels masked
Layer layer3.0.downsample.0.weight: 5/256 channels masked
Layer layer3.1.conv1.weight: 1/256 channels masked
Layer layer3.1.conv2.weight: 9/256 channels masked
Layer layer4.0.conv1.weight: 1/512 channels masked
Layer layer4.0.conv2.weight: 21/512 channels masked
Layer layer4.0.downsample.0.weight: 124/512 channels masked
Layer layer4.1.conv1.weight: 5/512 channels masked
Layer layer4.1.conv2.weight: 73/512 channels masked
------------------------- time cost ------------------------- 5.356887102127075
ASR: 0.45057434022487763
attack_auc: 0.8599472190717488
Layer conv1.weight: 1/64 channels masked
Layer layer2.0.downsample.0.weight: 1/128 channels masked
Layer layer3.0.conv2.weight: 6/256 channels masked
Layer layer3.0.downsample.0.weight: 5/256 channels masked
Layer layer3.1.conv1.weight: 1/256 channels masked
Layer layer3.1.conv2.weight: 9/256 channels masked
Layer layer4.0.conv1.weight: 2/512 channels masked
Layer layer4.0.conv2.weight: 23/512 channels masked
Layer layer4.0.downsample.0.weight: 124/512 channels masked
Layer layer4.1.conv1.weight: 5/512 channels masked
Layer layer4.1.conv2.weight: 73/512 channels masked
------------------------- time cost ------------------------- 4.698652505874634
ASR: 0.4490430488646874
attack_auc: 0.8593387606825025
Layer conv1.weight: 2/64 channels masked
Layer layer2.0.downsample.0.weight: 1/128 channels masked
Layer layer3.0.conv2.weight: 6/256 channels masked
Layer layer3.0.downsample.0.weight: 5/256 channels masked
Layer layer3.1.conv1.weight: 1/256 channels masked
Layer layer3.1.conv2.weight: 9/256 channels masked
Layer layer4.0.conv1.weight: 2/512 channels masked
Layer layer4.0.conv2.weight: 22/512 channels masked
Layer layer4.0.downsample.0.weight: 127/512 channels masked
Layer layer4.1.conv1.weight: 5/512 channels masked
Layer layer4.1.conv2.weight: 73/512 channels masked
------------------------- time cost ------------------------- 4.889943838119507
ASR: 0.41686328752978297
attack_auc: 0.8473368904932703
Layer conv1.weight: 2/64 channels masked
Layer layer2.0.downsample.0.weight: 1/128 channels masked
Layer layer3.0.conv2.weight: 6/256 channels masked
Layer layer3.0.downsample.0.weight: 5/256 channels masked
Layer layer3.1.conv1.weight: 1/256 channels masked
Layer layer3.1.conv2.weight: 9/256 channels masked
Layer layer4.0.conv1.weight: 1/512 channels masked
Layer layer4.0.conv2.weight: 21/512 channels masked
Layer layer4.0.downsample.0.weight: 125/512 channels masked
Layer layer4.1.conv1.weight: 5/512 channels masked
Layer layer4.1.conv2.weight: 74/512 channels masked
------------------------- time cost ------------------------- 4.692349433898926
ASR: 0.38917765004107796
attack_auc: 0.8383966238425731
Layer conv1.weight: 1/64 channels masked
Layer layer2.0.downsample.0.weight: 1/128 channels masked
Layer layer3.0.conv2.weight: 6/256 channels masked
Layer layer3.0.downsample.0.weight: 5/256 channels masked
Layer layer3.1.conv1.weight: 1/256 channels masked
Layer layer3.1.conv2.weight: 9/256 channels masked
Layer layer4.0.conv1.weight: 1/512 channels masked
Layer layer4.0.conv2.weight: 24/512 channels masked
Layer layer4.0.downsample.0.weight: 127/512 channels masked
Layer layer4.1.conv1.weight: 5/512 channels masked
Layer layer4.1.conv2.weight: 76/512 channels masked
------------------------- time cost ------------------------- 5.9227471351623535
ASR: 0.43958336188260383
attack_auc: 0.8580328007718626
Layer conv1.weight: 1/64 channels masked
Layer layer2.0.downsample.0.weight: 1/128 channels masked
Layer layer3.0.conv2.weight: 6/256 channels masked
Layer layer3.0.downsample.0.weight: 5/256 channels masked
Layer layer3.1.conv1.weight: 1/256 channels masked
Layer layer3.1.conv2.weight: 9/256 channels masked
Layer layer4.0.conv1.weight: 1/512 channels masked
Layer layer4.0.conv2.weight: 25/512 channels masked
Layer layer4.0.downsample.0.weight: 127/512 channels masked
Layer layer4.1.conv1.weight: 5/512 channels masked
Layer layer4.1.conv2.weight: 76/512 channels masked
------------------------- time cost ------------------------- 5.160351276397705
ASR: 0.4876592766613706
attack_auc: 0.8679810620732444
Layer conv1.weight: 1/64 channels masked
Layer layer2.0.downsample.0.weight: 1/128 channels masked
Layer layer3.0.conv2.weight: 6/256 channels masked
Layer layer3.0.downsample.0.weight: 5/256 channels masked
Layer layer3.1.conv1.weight: 1/256 channels masked
Layer layer3.1.conv2.weight: 9/256 channels masked
Layer layer4.0.conv1.weight: 1/512 channels masked
Layer layer4.0.conv2.weight: 24/512 channels masked
Layer layer4.0.downsample.0.weight: 127/512 channels masked
Layer layer4.1.conv1.weight: 5/512 channels masked
Layer layer4.1.conv2.weight: 76/512 channels masked
------------------------- time cost ------------------------- 4.479080438613892
ASR: 0.5082758992476291
attack_auc: 0.8795945323670163
Layer conv1.weight: 2/64 channels masked
Layer layer2.0.downsample.0.weight: 1/128 channels masked
Layer layer3.0.conv2.weight: 6/256 channels masked
Layer layer3.0.downsample.0.weight: 5/256 channels masked
Layer layer3.1.conv1.weight: 1/256 channels masked
Layer layer3.1.conv2.weight: 9/256 channels masked
Layer layer4.0.conv1.weight: 1/512 channels masked
Layer layer4.0.conv2.weight: 27/512 channels masked
Layer layer4.0.downsample.0.weight: 128/512 channels masked
Layer layer4.1.conv1.weight: 5/512 channels masked
Layer layer4.1.conv2.weight: 76/512 channels masked
------------------------- time cost ------------------------- 5.0001060962677
ASR: 0.5523788914378757
attack_auc: 0.8946991815775595
Layer conv1.weight: 2/64 channels masked
Layer layer2.0.downsample.0.weight: 1/128 channels masked
Layer layer3.0.conv2.weight: 6/256 channels masked
Layer layer3.0.downsample.0.weight: 5/256 channels masked
Layer layer3.1.conv1.weight: 1/256 channels masked
Layer layer3.1.conv2.weight: 9/256 channels masked
Layer layer4.0.conv1.weight: 1/512 channels masked
Layer layer4.0.conv2.weight: 26/512 channels masked
Layer layer4.0.downsample.0.weight: 128/512 channels masked
Layer layer4.1.conv1.weight: 5/512 channels masked
Layer layer4.1.conv2.weight: 76/512 channels masked
------------------------- time cost ------------------------- 4.819383144378662

-------------Round number: 400-------------

Evaluate personalized models
Averaged Train Loss: 0.1713
Averaged Test Accurancy: 0.7510
Averaged Test AUC: 0.9563
Std Test Accurancy: 0.0883
Std Test AUC: 0.0222
ASR: 0.5512873203543209
attack_auc: 0.89619770911961
Layer conv1.weight: 1/64 channels masked
Layer layer2.0.downsample.0.weight: 1/128 channels masked
Layer layer3.0.conv2.weight: 6/256 channels masked
Layer layer3.0.downsample.0.weight: 5/256 channels masked
Layer layer3.1.conv1.weight: 1/256 channels masked
Layer layer3.1.conv2.weight: 9/256 channels masked
Layer layer4.0.conv1.weight: 1/512 channels masked
Layer layer4.0.conv2.weight: 28/512 channels masked
Layer layer4.0.downsample.0.weight: 128/512 channels masked
Layer layer4.1.conv1.weight: 5/512 channels masked
Layer layer4.1.conv2.weight: 76/512 channels masked
------------------------- time cost ------------------------- 12.62826418876648
ASR: 0.4974859318050308
attack_auc: 0.8765270799496758
Layer conv1.weight: 1/64 channels masked
Layer layer2.0.downsample.0.weight: 1/128 channels masked
Layer layer3.0.conv2.weight: 6/256 channels masked
Layer layer3.0.downsample.0.weight: 5/256 channels masked
Layer layer3.1.conv1.weight: 1/256 channels masked
Layer layer3.1.conv2.weight: 9/256 channels masked
Layer layer4.0.conv1.weight: 1/512 channels masked
Layer layer4.0.conv2.weight: 29/512 channels masked
Layer layer4.0.downsample.0.weight: 128/512 channels masked
Layer layer4.1.conv1.weight: 5/512 channels masked
Layer layer4.1.conv2.weight: 76/512 channels masked
------------------------- time cost ------------------------- 5.114381551742554
ASR: 0.4588428530030446
attack_auc: 0.8655975161702213
Layer conv1.weight: 1/64 channels masked
Layer layer2.0.downsample.0.weight: 1/128 channels masked
Layer layer3.0.conv2.weight: 6/256 channels masked
Layer layer3.0.downsample.0.weight: 5/256 channels masked
Layer layer3.1.conv1.weight: 1/256 channels masked
Layer layer3.1.conv2.weight: 9/256 channels masked
Layer layer4.0.conv1.weight: 1/512 channels masked
Layer layer4.0.conv2.weight: 27/512 channels masked
Layer layer4.0.downsample.0.weight: 129/512 channels masked
Layer layer4.1.conv1.weight: 5/512 channels masked
Layer layer4.1.conv2.weight: 76/512 channels masked
------------------------- time cost ------------------------- 4.842057943344116
ASR: 0.5230059378692535
attack_auc: 0.8819343808793897
Layer conv1.weight: 2/64 channels masked
Layer layer2.0.downsample.0.weight: 1/128 channels masked
Layer layer3.0.conv2.weight: 6/256 channels masked
Layer layer3.0.downsample.0.weight: 5/256 channels masked
Layer layer3.1.conv1.weight: 1/256 channels masked
Layer layer3.1.conv2.weight: 9/256 channels masked
Layer layer4.0.conv2.weight: 29/512 channels masked
Layer layer4.0.downsample.0.weight: 130/512 channels masked
Layer layer4.1.conv1.weight: 5/512 channels masked
Layer layer4.1.conv2.weight: 76/512 channels masked
------------------------- time cost ------------------------- 5.788509130477905
ASR: 0.45768009739465243
attack_auc: 0.8639485344365934
Layer conv1.weight: 2/64 channels masked
Layer layer2.0.downsample.0.weight: 1/128 channels masked
Layer layer3.0.conv2.weight: 6/256 channels masked
Layer layer3.0.downsample.0.weight: 5/256 channels masked
Layer layer3.1.conv1.weight: 1/256 channels masked
Layer layer3.1.conv2.weight: 9/256 channels masked
Layer layer4.0.conv2.weight: 28/512 channels masked
Layer layer4.0.downsample.0.weight: 129/512 channels masked
Layer layer4.1.conv1.weight: 5/512 channels masked
Layer layer4.1.conv2.weight: 76/512 channels masked
------------------------- time cost ------------------------- 4.803348779678345
ASR: 0.4713293947403406
attack_auc: 0.8644273201718918
Layer conv1.weight: 2/64 channels masked
Layer layer2.0.downsample.0.weight: 1/128 channels masked
Layer layer3.0.conv2.weight: 6/256 channels masked
Layer layer3.0.downsample.0.weight: 5/256 channels masked
Layer layer3.1.conv1.weight: 1/256 channels masked
Layer layer3.1.conv2.weight: 9/256 channels masked
Layer layer4.0.conv2.weight: 28/512 channels masked
Layer layer4.0.downsample.0.weight: 129/512 channels masked
Layer layer4.1.conv1.weight: 5/512 channels masked
Layer layer4.1.conv2.weight: 75/512 channels masked
------------------------- time cost ------------------------- 5.4162657260894775
ASR: 0.449205915726866
attack_auc: 0.8543913050588968
Layer conv1.weight: 2/64 channels masked
Layer layer2.0.downsample.0.weight: 1/128 channels masked
Layer layer3.0.conv2.weight: 6/256 channels masked
Layer layer3.0.downsample.0.weight: 5/256 channels masked
Layer layer3.1.conv1.weight: 1/256 channels masked
Layer layer3.1.conv2.weight: 9/256 channels masked
Layer layer4.0.conv2.weight: 26/512 channels masked
Layer layer4.0.downsample.0.weight: 130/512 channels masked
Layer layer4.1.conv1.weight: 5/512 channels masked
Layer layer4.1.conv2.weight: 77/512 channels masked
------------------------- time cost ------------------------- 5.3525402545928955
ASR: 0.47461929980525436
attack_auc: 0.8691256585241005
Layer conv1.weight: 2/64 channels masked
Layer layer2.0.downsample.0.weight: 1/128 channels masked
Layer layer3.0.conv2.weight: 6/256 channels masked
Layer layer3.0.downsample.0.weight: 5/256 channels masked
Layer layer3.1.conv1.weight: 1/256 channels masked
Layer layer3.1.conv2.weight: 9/256 channels masked
Layer layer4.0.conv2.weight: 27/512 channels masked
Layer layer4.0.downsample.0.weight: 130/512 channels masked
Layer layer4.1.conv1.weight: 5/512 channels masked
Layer layer4.1.conv2.weight: 77/512 channels masked
------------------------- time cost ------------------------- 5.293047904968262
ASR: 0.4671441871106819
attack_auc: 0.8661546021185534
Layer conv1.weight: 2/64 channels masked
Layer layer2.0.downsample.0.weight: 1/128 channels masked
Layer layer3.0.conv2.weight: 6/256 channels masked
Layer layer3.0.downsample.0.weight: 5/256 channels masked
Layer layer3.1.conv1.weight: 1/256 channels masked
Layer layer3.1.conv2.weight: 9/256 channels masked
Layer layer4.0.conv2.weight: 26/512 channels masked
Layer layer4.0.downsample.0.weight: 130/512 channels masked
Layer layer4.1.conv1.weight: 5/512 channels masked
Layer layer4.1.conv2.weight: 77/512 channels masked
------------------------- time cost ------------------------- 5.048947095870972
ASR: 0.4748519222432993
attack_auc: 0.8726757760763776
Layer conv1.weight: 2/64 channels masked
Layer layer2.0.downsample.0.weight: 1/128 channels masked
Layer layer3.0.conv2.weight: 6/256 channels masked
Layer layer3.0.downsample.0.weight: 5/256 channels masked
Layer layer3.1.conv1.weight: 1/256 channels masked
Layer layer3.1.conv2.weight: 9/256 channels masked
Layer layer4.0.conv2.weight: 26/512 channels masked
Layer layer4.0.downsample.0.weight: 130/512 channels masked
Layer layer4.1.conv1.weight: 5/512 channels masked
Layer layer4.1.conv2.weight: 77/512 channels masked
------------------------- time cost ------------------------- 5.4420225620269775

-------------Round number: 410-------------

Evaluate personalized models
Averaged Train Loss: 0.1312
Averaged Test Accurancy: 0.7662
Averaged Test AUC: 0.9602
Std Test Accurancy: 0.0767
Std Test AUC: 0.0186
ASR: 0.461080707679748
attack_auc: 0.8673228957539372
Layer conv1.weight: 2/64 channels masked
Layer layer2.0.downsample.0.weight: 1/128 channels masked
Layer layer3.0.conv2.weight: 6/256 channels masked
Layer layer3.0.downsample.0.weight: 5/256 channels masked
Layer layer3.1.conv1.weight: 1/256 channels masked
Layer layer3.1.conv2.weight: 9/256 channels masked
Layer layer4.0.conv1.weight: 2/512 channels masked
Layer layer4.0.conv2.weight: 31/512 channels masked
Layer layer4.0.downsample.0.weight: 135/512 channels masked
Layer layer4.1.conv1.weight: 7/512 channels masked
Layer layer4.1.conv2.weight: 81/512 channels masked
------------------------- time cost ------------------------- 12.699544668197632
ASR: 0.48100245801818664
attack_auc: 0.8739570061243442
Layer conv1.weight: 1/64 channels masked
Layer layer2.0.downsample.0.weight: 1/128 channels masked
Layer layer3.0.conv2.weight: 6/256 channels masked
Layer layer3.0.downsample.0.weight: 5/256 channels masked
Layer layer3.1.conv1.weight: 1/256 channels masked
Layer layer3.1.conv2.weight: 9/256 channels masked
Layer layer4.0.conv1.weight: 1/512 channels masked
Layer layer4.0.conv2.weight: 29/512 channels masked
Layer layer4.0.downsample.0.weight: 133/512 channels masked
Layer layer4.1.conv1.weight: 7/512 channels masked
Layer layer4.1.conv2.weight: 78/512 channels masked
------------------------- time cost ------------------------- 5.115575551986694
ASR: 0.45249716142908863
attack_auc: 0.8574725709864449
Layer conv1.weight: 1/64 channels masked
Layer layer2.0.downsample.0.weight: 1/128 channels masked
Layer layer3.0.conv2.weight: 6/256 channels masked
Layer layer3.0.downsample.0.weight: 5/256 channels masked
Layer layer3.1.conv1.weight: 1/256 channels masked
Layer layer3.1.conv2.weight: 9/256 channels masked
Layer layer4.0.conv1.weight: 2/512 channels masked
Layer layer4.0.conv2.weight: 30/512 channels masked
Layer layer4.0.downsample.0.weight: 133/512 channels masked
Layer layer4.1.conv1.weight: 8/512 channels masked
Layer layer4.1.conv2.weight: 79/512 channels masked
------------------------- time cost ------------------------- 5.724725246429443
ASR: 0.3963038360410072
attack_auc: 0.840558000140301
Layer conv1.weight: 1/64 channels masked
Layer layer2.0.downsample.0.weight: 1/128 channels masked
Layer layer3.0.conv2.weight: 6/256 channels masked
Layer layer3.0.downsample.0.weight: 5/256 channels masked
Layer layer3.1.conv1.weight: 1/256 channels masked
Layer layer3.1.conv2.weight: 9/256 channels masked
Layer layer4.0.conv1.weight: 2/512 channels masked
Layer layer4.0.conv2.weight: 29/512 channels masked
Layer layer4.0.downsample.0.weight: 133/512 channels masked
Layer layer4.1.conv1.weight: 8/512 channels masked
Layer layer4.1.conv2.weight: 80/512 channels masked
------------------------- time cost ------------------------- 5.849029541015625
ASR: 0.4153625681822166
attack_auc: 0.8493305657947807
Layer conv1.weight: 1/64 channels masked
Layer layer2.0.downsample.0.weight: 1/128 channels masked
Layer layer3.0.conv2.weight: 6/256 channels masked
Layer layer3.0.downsample.0.weight: 5/256 channels masked
Layer layer3.1.conv1.weight: 1/256 channels masked
Layer layer3.1.conv2.weight: 9/256 channels masked
Layer layer4.0.conv1.weight: 2/512 channels masked
Layer layer4.0.conv2.weight: 30/512 channels masked
Layer layer4.0.downsample.0.weight: 133/512 channels masked
Layer layer4.1.conv1.weight: 8/512 channels masked
Layer layer4.1.conv2.weight: 81/512 channels masked
------------------------- time cost ------------------------- 5.596575975418091
ASR: 0.42314897476275326
attack_auc: 0.848426426548786
Layer layer2.0.downsample.0.weight: 1/128 channels masked
Layer layer3.0.conv2.weight: 6/256 channels masked
Layer layer3.0.downsample.0.weight: 5/256 channels masked
Layer layer3.1.conv1.weight: 1/256 channels masked
Layer layer3.1.conv2.weight: 9/256 channels masked
Layer layer4.0.conv1.weight: 2/512 channels masked
Layer layer4.0.conv2.weight: 26/512 channels masked
Layer layer4.0.downsample.0.weight: 138/512 channels masked
Layer layer4.1.conv1.weight: 8/512 channels masked
Layer layer4.1.conv2.weight: 70/512 channels masked
------------------------- time cost ------------------------- 5.678749322891235
ASR: 0.4643159234170352
attack_auc: 0.8600982512733304
Layer layer2.0.downsample.0.weight: 1/128 channels masked
Layer layer3.0.conv2.weight: 6/256 channels masked
Layer layer3.0.downsample.0.weight: 5/256 channels masked
Layer layer3.1.conv1.weight: 1/256 channels masked
Layer layer3.1.conv2.weight: 9/256 channels masked
Layer layer4.0.conv1.weight: 2/512 channels masked
Layer layer4.0.conv2.weight: 27/512 channels masked
Layer layer4.0.downsample.0.weight: 136/512 channels masked
Layer layer4.1.conv1.weight: 8/512 channels masked
Layer layer4.1.conv2.weight: 81/512 channels masked
------------------------- time cost ------------------------- 5.094305515289307
ASR: 0.4624076511751632
attack_auc: 0.8645477756090129
Layer layer2.0.downsample.0.weight: 1/128 channels masked
Layer layer3.0.conv2.weight: 6/256 channels masked
Layer layer3.0.downsample.0.weight: 5/256 channels masked
Layer layer3.1.conv1.weight: 1/256 channels masked
Layer layer3.1.conv2.weight: 9/256 channels masked
Layer layer4.0.conv1.weight: 2/512 channels masked
Layer layer4.0.conv2.weight: 29/512 channels masked
Layer layer4.0.downsample.0.weight: 138/512 channels masked
Layer layer4.1.conv1.weight: 8/512 channels masked
Layer layer4.1.conv2.weight: 82/512 channels masked
------------------------- time cost ------------------------- 5.1421051025390625
ASR: 0.5041947392438022
attack_auc: 0.8793715069056846
Layer layer2.0.downsample.0.weight: 1/128 channels masked
Layer layer3.0.conv2.weight: 6/256 channels masked
Layer layer3.0.downsample.0.weight: 5/256 channels masked
Layer layer3.1.conv1.weight: 1/256 channels masked
Layer layer3.1.conv2.weight: 9/256 channels masked
Layer layer4.0.conv1.weight: 2/512 channels masked
Layer layer4.0.conv2.weight: 29/512 channels masked
Layer layer4.0.downsample.0.weight: 138/512 channels masked
Layer layer4.1.conv1.weight: 8/512 channels masked
Layer layer4.1.conv2.weight: 82/512 channels masked
------------------------- time cost ------------------------- 4.699071168899536
ASR: 0.5308790590102103
attack_auc: 0.884731689234692
Layer conv1.weight: 1/64 channels masked
Layer layer2.0.downsample.0.weight: 1/128 channels masked
Layer layer3.0.conv2.weight: 6/256 channels masked
Layer layer3.0.downsample.0.weight: 5/256 channels masked
Layer layer3.1.conv1.weight: 1/256 channels masked
Layer layer3.1.conv2.weight: 9/256 channels masked
Layer layer4.0.conv1.weight: 2/512 channels masked
Layer layer4.0.conv2.weight: 29/512 channels masked
Layer layer4.0.downsample.0.weight: 138/512 channels masked
Layer layer4.1.conv1.weight: 8/512 channels masked
Layer layer4.1.conv2.weight: 82/512 channels masked
------------------------- time cost ------------------------- 5.4418017864227295

-------------Round number: 420-------------

Evaluate personalized models
Averaged Train Loss: 0.1341
Averaged Test Accurancy: 0.7577
Averaged Test AUC: 0.9577
Std Test Accurancy: 0.0807
Std Test AUC: 0.0203
ASR: 0.5195696688492177
attack_auc: 0.8830880688353848
Layer conv1.weight: 1/64 channels masked
Layer layer2.0.downsample.0.weight: 1/128 channels masked
Layer layer3.0.conv2.weight: 6/256 channels masked
Layer layer3.0.downsample.0.weight: 5/256 channels masked
Layer layer3.1.conv1.weight: 1/256 channels masked
Layer layer3.1.conv2.weight: 9/256 channels masked
Layer layer4.0.conv1.weight: 2/512 channels masked
Layer layer4.0.conv2.weight: 31/512 channels masked
Layer layer4.0.downsample.0.weight: 138/512 channels masked
Layer layer4.1.conv1.weight: 8/512 channels masked
Layer layer4.1.conv2.weight: 82/512 channels masked
------------------------- time cost ------------------------- 12.714945554733276
ASR: 0.4677020196730497
attack_auc: 0.8667385772947802
Layer conv1.weight: 1/64 channels masked
Layer layer2.0.downsample.0.weight: 1/128 channels masked
Layer layer3.0.conv2.weight: 6/256 channels masked
Layer layer3.0.downsample.0.weight: 5/256 channels masked
Layer layer3.1.conv1.weight: 1/256 channels masked
Layer layer3.1.conv2.weight: 9/256 channels masked
Layer layer4.0.conv1.weight: 2/512 channels masked
Layer layer4.0.conv2.weight: 30/512 channels masked
Layer layer4.0.downsample.0.weight: 138/512 channels masked
Layer layer4.1.conv1.weight: 8/512 channels masked
Layer layer4.1.conv2.weight: 81/512 channels masked
------------------------- time cost ------------------------- 5.738780736923218
ASR: 0.45055484546807295
attack_auc: 0.8586275532234305
Layer conv1.weight: 1/64 channels masked
Layer layer2.0.downsample.0.weight: 1/128 channels masked
Layer layer3.0.conv2.weight: 6/256 channels masked
Layer layer3.0.downsample.0.weight: 5/256 channels masked
Layer layer3.1.conv1.weight: 1/256 channels masked
Layer layer3.1.conv2.weight: 9/256 channels masked
Layer layer4.0.conv1.weight: 1/512 channels masked
Layer layer4.0.conv2.weight: 21/512 channels masked
Layer layer4.0.downsample.0.weight: 137/512 channels masked
Layer layer4.1.conv1.weight: 8/512 channels masked
Layer layer4.1.conv2.weight: 70/512 channels masked
------------------------- time cost ------------------------- 5.499587535858154
ASR: 0.46083309752411616
attack_auc: 0.8599959698868642
Layer conv1.weight: 1/64 channels masked
Layer layer2.0.downsample.0.weight: 1/128 channels masked
Layer layer3.0.conv2.weight: 6/256 channels masked
Layer layer3.0.downsample.0.weight: 5/256 channels masked
Layer layer3.1.conv1.weight: 1/256 channels masked
Layer layer3.1.conv2.weight: 9/256 channels masked
Layer layer4.0.conv1.weight: 1/512 channels masked
Layer layer4.0.conv2.weight: 28/512 channels masked
Layer layer4.0.downsample.0.weight: 139/512 channels masked
Layer layer4.1.conv1.weight: 8/512 channels masked
Layer layer4.1.conv2.weight: 79/512 channels masked
------------------------- time cost ------------------------- 4.753461599349976
ASR: 0.4776500876848713
attack_auc: 0.868670603507049
Layer conv1.weight: 1/64 channels masked
Layer layer2.0.downsample.0.weight: 1/128 channels masked
Layer layer3.0.conv2.weight: 6/256 channels masked
Layer layer3.0.downsample.0.weight: 5/256 channels masked
Layer layer3.1.conv1.weight: 1/256 channels masked
Layer layer3.1.conv2.weight: 9/256 channels masked
Layer layer4.0.conv1.weight: 2/512 channels masked
Layer layer4.0.conv2.weight: 26/512 channels masked
Layer layer4.0.downsample.0.weight: 147/512 channels masked
Layer layer4.1.conv1.weight: 8/512 channels masked
Layer layer4.1.conv2.weight: 78/512 channels masked
------------------------- time cost ------------------------- 4.18471884727478
ASR: 0.5002256666519714
attack_auc: 0.8749875400701866
Layer conv1.weight: 1/64 channels masked
Layer layer2.0.downsample.0.weight: 1/128 channels masked
Layer layer3.0.conv2.weight: 6/256 channels masked
Layer layer3.0.downsample.0.weight: 5/256 channels masked
Layer layer3.1.conv1.weight: 1/256 channels masked
Layer layer3.1.conv2.weight: 9/256 channels masked
Layer layer4.0.conv1.weight: 2/512 channels masked
Layer layer4.0.conv2.weight: 31/512 channels masked
Layer layer4.0.downsample.0.weight: 146/512 channels masked
Layer layer4.1.conv1.weight: 8/512 channels masked
Layer layer4.1.conv2.weight: 80/512 channels masked
------------------------- time cost ------------------------- 4.894570827484131
ASR: 0.4413180736410556
attack_auc: 0.8598598229387855
Layer conv1.weight: 1/64 channels masked
Layer layer2.0.downsample.0.weight: 1/128 channels masked
Layer layer3.0.conv2.weight: 6/256 channels masked
Layer layer3.0.downsample.0.weight: 5/256 channels masked
Layer layer3.1.conv1.weight: 1/256 channels masked
Layer layer3.1.conv2.weight: 9/256 channels masked
Layer layer4.0.conv1.weight: 2/512 channels masked
Layer layer4.0.conv2.weight: 32/512 channels masked
Layer layer4.0.downsample.0.weight: 147/512 channels masked
Layer layer4.1.conv1.weight: 9/512 channels masked
Layer layer4.1.conv2.weight: 80/512 channels masked
------------------------- time cost ------------------------- 4.652209997177124
ASR: 0.4382372282411495
attack_auc: 0.8563358756298362
Layer conv1.weight: 1/64 channels masked
Layer layer2.0.downsample.0.weight: 1/128 channels masked
Layer layer3.0.conv2.weight: 6/256 channels masked
Layer layer3.0.downsample.0.weight: 5/256 channels masked
Layer layer3.1.conv1.weight: 1/256 channels masked
Layer layer3.1.conv2.weight: 9/256 channels masked
Layer layer4.0.conv1.weight: 2/512 channels masked
Layer layer4.0.conv2.weight: 33/512 channels masked
Layer layer4.0.downsample.0.weight: 147/512 channels masked
Layer layer4.1.conv1.weight: 9/512 channels masked
Layer layer4.1.conv2.weight: 80/512 channels masked
------------------------- time cost ------------------------- 4.782337427139282
ASR: 0.44604145324854066
attack_auc: 0.8558483934569415
Layer layer2.0.downsample.0.weight: 1/128 channels masked
Layer layer3.0.conv2.weight: 6/256 channels masked
Layer layer3.0.downsample.0.weight: 5/256 channels masked
Layer layer3.1.conv1.weight: 1/256 channels masked
Layer layer3.1.conv2.weight: 9/256 channels masked
Layer layer4.0.conv1.weight: 2/512 channels masked
Layer layer4.0.conv2.weight: 33/512 channels masked
Layer layer4.0.downsample.0.weight: 147/512 channels masked
Layer layer4.1.conv1.weight: 9/512 channels masked
Layer layer4.1.conv2.weight: 80/512 channels masked
------------------------- time cost ------------------------- 5.023356199264526
ASR: 0.5476448049955983
attack_auc: 0.889409600063795
Layer conv1.weight: 1/64 channels masked
Layer layer2.0.downsample.0.weight: 1/128 channels masked
Layer layer3.0.conv2.weight: 6/256 channels masked
Layer layer3.0.downsample.0.weight: 5/256 channels masked
Layer layer3.1.conv1.weight: 1/256 channels masked
Layer layer3.1.conv2.weight: 9/256 channels masked
Layer layer4.0.conv1.weight: 2/512 channels masked
Layer layer4.0.conv2.weight: 34/512 channels masked
Layer layer4.0.downsample.0.weight: 147/512 channels masked
Layer layer4.1.conv1.weight: 9/512 channels masked
Layer layer4.1.conv2.weight: 81/512 channels masked
------------------------- time cost ------------------------- 5.5530617237091064

-------------Round number: 430-------------

Evaluate personalized models
Averaged Train Loss: 0.1629
Averaged Test Accurancy: 0.7478
Averaged Test AUC: 0.9554
Std Test Accurancy: 0.0852
Std Test AUC: 0.0218
ASR: 0.5336432526076712
attack_auc: 0.8853338421825668
Layer conv1.weight: 1/64 channels masked
Layer layer2.0.downsample.0.weight: 1/128 channels masked
Layer layer3.0.conv2.weight: 5/256 channels masked
Layer layer3.0.downsample.0.weight: 5/256 channels masked
Layer layer3.1.conv1.weight: 1/256 channels masked
Layer layer3.1.conv2.weight: 9/256 channels masked
Layer layer4.0.conv2.weight: 26/512 channels masked
Layer layer4.0.downsample.0.weight: 146/512 channels masked
Layer layer4.1.conv1.weight: 9/512 channels masked
Layer layer4.1.conv2.weight: 76/512 channels masked
------------------------- time cost ------------------------- 13.21202802658081
ASR: 0.4814603323145364
attack_auc: 0.8673432505148684
Layer layer2.0.downsample.0.weight: 1/128 channels masked
Layer layer3.0.conv2.weight: 6/256 channels masked
Layer layer3.0.downsample.0.weight: 5/256 channels masked
Layer layer3.1.conv1.weight: 1/256 channels masked
Layer layer3.1.conv2.weight: 9/256 channels masked
Layer layer4.0.conv2.weight: 26/512 channels masked
Layer layer4.0.downsample.0.weight: 147/512 channels masked
Layer layer4.1.conv1.weight: 9/512 channels masked
Layer layer4.1.conv2.weight: 76/512 channels masked
------------------------- time cost ------------------------- 5.376874923706055
ASR: 0.5026590252508277
attack_auc: 0.8741069107435219
Layer layer2.0.downsample.0.weight: 1/128 channels masked
Layer layer3.0.conv2.weight: 6/256 channels masked
Layer layer3.0.downsample.0.weight: 5/256 channels masked
Layer layer3.1.conv1.weight: 1/256 channels masked
Layer layer3.1.conv2.weight: 9/256 channels masked
Layer layer4.0.conv2.weight: 25/512 channels masked
Layer layer4.0.downsample.0.weight: 147/512 channels masked
Layer layer4.1.conv1.weight: 9/512 channels masked
Layer layer4.1.conv2.weight: 75/512 channels masked
------------------------- time cost ------------------------- 4.886030197143555
ASR: 0.4931836613550209
attack_auc: 0.8706312668627528
Layer layer2.0.downsample.0.weight: 1/128 channels masked
Layer layer3.0.conv2.weight: 6/256 channels masked
Layer layer3.0.downsample.0.weight: 5/256 channels masked
Layer layer3.1.conv1.weight: 1/256 channels masked
Layer layer3.1.conv2.weight: 9/256 channels masked
Layer layer4.0.conv2.weight: 28/512 channels masked
Layer layer4.0.downsample.0.weight: 148/512 channels masked
Layer layer4.1.conv1.weight: 9/512 channels masked
Layer layer4.1.conv2.weight: 77/512 channels masked
------------------------- time cost ------------------------- 5.085110187530518
ASR: 0.47553393530306615
attack_auc: 0.8650468200879663
Layer layer2.0.downsample.0.weight: 1/128 channels masked
Layer layer3.0.conv2.weight: 6/256 channels masked
Layer layer3.0.downsample.0.weight: 5/256 channels masked
Layer layer3.1.conv1.weight: 1/256 channels masked
Layer layer3.1.conv2.weight: 9/256 channels masked
Layer layer4.0.conv2.weight: 29/512 channels masked
Layer layer4.0.downsample.0.weight: 149/512 channels masked
Layer layer4.1.conv1.weight: 9/512 channels masked
Layer layer4.1.conv2.weight: 78/512 channels masked
------------------------- time cost ------------------------- 5.051477670669556
ASR: 0.45829863587563313
attack_auc: 0.8564939905858181
Layer layer2.0.downsample.0.weight: 1/128 channels masked
Layer layer3.0.conv2.weight: 6/256 channels masked
Layer layer3.0.downsample.0.weight: 5/256 channels masked
Layer layer3.1.conv1.weight: 1/256 channels masked
Layer layer3.1.conv2.weight: 9/256 channels masked
Layer layer4.0.conv2.weight: 28/512 channels masked
Layer layer4.0.downsample.0.weight: 149/512 channels masked
Layer layer4.1.conv1.weight: 9/512 channels masked
Layer layer4.1.conv2.weight: 77/512 channels masked
------------------------- time cost ------------------------- 5.134405136108398
ASR: 0.4814532773525503
attack_auc: 0.86181388045924
Layer layer2.0.downsample.0.weight: 1/128 channels masked
Layer layer3.0.conv2.weight: 5/256 channels masked
Layer layer3.0.downsample.0.weight: 5/256 channels masked
Layer layer3.1.conv1.weight: 1/256 channels masked
Layer layer3.1.conv2.weight: 9/256 channels masked
Layer layer4.0.conv1.weight: 1/512 channels masked
Layer layer4.0.conv2.weight: 21/512 channels masked
Layer layer4.0.downsample.0.weight: 150/512 channels masked
Layer layer4.1.conv1.weight: 9/512 channels masked
Layer layer4.1.conv2.weight: 58/512 channels masked
------------------------- time cost ------------------------- 4.598294496536255
ASR: 0.4851928542594746
attack_auc: 0.8684683076092166
Layer layer2.0.downsample.0.weight: 1/128 channels masked
Layer layer3.0.conv2.weight: 6/256 channels masked
Layer layer3.0.downsample.0.weight: 5/256 channels masked
Layer layer3.1.conv1.weight: 1/256 channels masked
Layer layer3.1.conv2.weight: 9/256 channels masked
Layer layer4.0.conv1.weight: 1/512 channels masked
Layer layer4.0.conv2.weight: 28/512 channels masked
Layer layer4.0.downsample.0.weight: 150/512 channels masked
Layer layer4.1.conv1.weight: 9/512 channels masked
Layer layer4.1.conv2.weight: 78/512 channels masked
------------------------- time cost ------------------------- 5.412086725234985
ASR: 0.5157776705128798
attack_auc: 0.8787915914902557
Layer layer2.0.downsample.0.weight: 1/128 channels masked
Layer layer3.0.conv2.weight: 6/256 channels masked
Layer layer3.0.downsample.0.weight: 5/256 channels masked
Layer layer3.1.conv1.weight: 1/256 channels masked
Layer layer3.1.conv2.weight: 9/256 channels masked
Layer layer4.0.conv1.weight: 1/512 channels masked
Layer layer4.0.conv2.weight: 27/512 channels masked
Layer layer4.0.downsample.0.weight: 150/512 channels masked
Layer layer4.1.conv1.weight: 9/512 channels masked
Layer layer4.1.conv2.weight: 78/512 channels masked
------------------------- time cost ------------------------- 5.257145643234253
ASR: 0.473729435302354
attack_auc: 0.8672598665006068
Layer layer2.0.downsample.0.weight: 1/128 channels masked
Layer layer3.0.conv2.weight: 6/256 channels masked
Layer layer3.0.downsample.0.weight: 5/256 channels masked
Layer layer3.1.conv1.weight: 1/256 channels masked
Layer layer3.1.conv2.weight: 9/256 channels masked
Layer layer4.0.conv1.weight: 1/512 channels masked
Layer layer4.0.conv2.weight: 29/512 channels masked
Layer layer4.0.downsample.0.weight: 150/512 channels masked
Layer layer4.1.conv1.weight: 9/512 channels masked
Layer layer4.1.conv2.weight: 81/512 channels masked
------------------------- time cost ------------------------- 5.4460389614105225

-------------Round number: 440-------------

Evaluate personalized models
Averaged Train Loss: 0.1907
Averaged Test Accurancy: 0.7470
Averaged Test AUC: 0.9566
Std Test Accurancy: 0.0924
Std Test AUC: 0.0228
ASR: 0.46532533722486885
attack_auc: 0.8636367063764354
Layer layer2.0.downsample.0.weight: 1/128 channels masked
Layer layer3.0.conv2.weight: 6/256 channels masked
Layer layer3.0.downsample.0.weight: 5/256 channels masked
Layer layer3.1.conv1.weight: 1/256 channels masked
Layer layer3.1.conv2.weight: 9/256 channels masked
Layer layer4.0.conv1.weight: 1/512 channels masked
Layer layer4.0.conv2.weight: 28/512 channels masked
Layer layer4.0.downsample.0.weight: 150/512 channels masked
Layer layer4.1.conv1.weight: 9/512 channels masked
Layer layer4.1.conv2.weight: 78/512 channels masked
------------------------- time cost ------------------------- 12.602553367614746
ASR: 0.46072019167495326
attack_auc: 0.8639213935863027
Layer layer2.0.downsample.0.weight: 1/128 channels masked
Layer layer3.0.conv2.weight: 6/256 channels masked
Layer layer3.0.downsample.0.weight: 5/256 channels masked
Layer layer3.1.conv1.weight: 1/256 channels masked
Layer layer3.1.conv2.weight: 9/256 channels masked
Layer layer4.0.conv1.weight: 1/512 channels masked
Layer layer4.0.conv2.weight: 28/512 channels masked
Layer layer4.0.downsample.0.weight: 152/512 channels masked
Layer layer4.1.conv1.weight: 10/512 channels masked
Layer layer4.1.conv2.weight: 79/512 channels masked
------------------------- time cost ------------------------- 5.086472988128662
ASR: 0.47871620042574353
attack_auc: 0.866456548823365
Layer layer2.0.downsample.0.weight: 1/128 channels masked
Layer layer3.0.conv2.weight: 6/256 channels masked
Layer layer3.0.downsample.0.weight: 5/256 channels masked
Layer layer3.1.conv1.weight: 1/256 channels masked
Layer layer3.1.conv2.weight: 9/256 channels masked
Layer layer4.0.conv1.weight: 1/512 channels masked
Layer layer4.0.conv2.weight: 29/512 channels masked
Layer layer4.0.downsample.0.weight: 152/512 channels masked
Layer layer4.1.conv1.weight: 9/512 channels masked
Layer layer4.1.conv2.weight: 80/512 channels masked
------------------------- time cost ------------------------- 5.685063600540161
ASR: 0.516524731702927
attack_auc: 0.8820513230778799
Layer layer2.0.downsample.0.weight: 1/128 channels masked
Layer layer3.0.conv2.weight: 6/256 channels masked
Layer layer3.0.downsample.0.weight: 5/256 channels masked
Layer layer3.1.conv1.weight: 1/256 channels masked
Layer layer3.1.conv2.weight: 9/256 channels masked
Layer layer4.0.conv1.weight: 1/512 channels masked
Layer layer4.0.conv2.weight: 26/512 channels masked
Layer layer4.0.downsample.0.weight: 146/512 channels masked
Layer layer4.1.conv1.weight: 11/512 channels masked
Layer layer4.1.conv2.weight: 68/512 channels masked
------------------------- time cost ------------------------- 4.847440481185913
ASR: 0.49048081639708596
attack_auc: 0.8745181270457809
Layer conv1.weight: 3/64 channels masked
Layer layer2.0.downsample.0.weight: 1/128 channels masked
Layer layer3.0.conv2.weight: 6/256 channels masked
Layer layer3.0.downsample.0.weight: 5/256 channels masked
Layer layer3.1.conv1.weight: 1/256 channels masked
Layer layer3.1.conv2.weight: 9/256 channels masked
Layer layer4.0.conv1.weight: 1/512 channels masked
Layer layer4.0.conv2.weight: 26/512 channels masked
Layer layer4.0.downsample.0.weight: 150/512 channels masked
Layer layer4.1.conv1.weight: 11/512 channels masked
Layer layer4.1.conv2.weight: 79/512 channels masked
------------------------- time cost ------------------------- 5.099128484725952
ASR: 0.4835164292288025
attack_auc: 0.8677824223970041
Layer layer2.0.downsample.0.weight: 1/128 channels masked
Layer layer3.0.conv2.weight: 3/256 channels masked
Layer layer3.0.downsample.0.weight: 5/256 channels masked
Layer layer3.1.conv1.weight: 1/256 channels masked
Layer layer3.1.conv2.weight: 9/256 channels masked
Layer layer4.0.conv1.weight: 1/512 channels masked
Layer layer4.0.conv2.weight: 19/512 channels masked
Layer layer4.0.downsample.0.weight: 159/512 channels masked
Layer layer4.1.conv1.weight: 11/512 channels masked
Layer layer4.1.conv2.weight: 82/512 channels masked
------------------------- time cost ------------------------- 5.677713871002197
ASR: 0.5030601595178685
attack_auc: 0.8733666357737817
Layer conv1.weight: 1/64 channels masked
Layer layer2.0.downsample.0.weight: 1/128 channels masked
Layer layer3.0.conv2.weight: 5/256 channels masked
Layer layer3.0.downsample.0.weight: 5/256 channels masked
Layer layer3.1.conv1.weight: 1/256 channels masked
Layer layer3.1.conv2.weight: 9/256 channels masked
Layer layer4.0.conv1.weight: 1/512 channels masked
Layer layer4.0.conv2.weight: 23/512 channels masked
Layer layer4.0.downsample.0.weight: 159/512 channels masked
Layer layer4.1.conv1.weight: 11/512 channels masked
Layer layer4.1.conv2.weight: 83/512 channels masked
------------------------- time cost ------------------------- 5.075116395950317
ASR: 0.4719224122936779
attack_auc: 0.8590820698668498
Layer conv1.weight: 1/64 channels masked
Layer layer2.0.downsample.0.weight: 1/128 channels masked
Layer layer3.0.conv2.weight: 5/256 channels masked
Layer layer3.0.downsample.0.weight: 5/256 channels masked
Layer layer3.1.conv1.weight: 1/256 channels masked
Layer layer3.1.conv2.weight: 9/256 channels masked
Layer layer4.0.conv1.weight: 1/512 channels masked
Layer layer4.0.conv2.weight: 25/512 channels masked
Layer layer4.0.downsample.0.weight: 159/512 channels masked
Layer layer4.1.conv1.weight: 11/512 channels masked
Layer layer4.1.conv2.weight: 83/512 channels masked
------------------------- time cost ------------------------- 5.024656772613525
ASR: 0.5300761332257314
attack_auc: 0.8855725369862096
Layer conv1.weight: 1/64 channels masked
Layer layer2.0.downsample.0.weight: 1/128 channels masked
Layer layer3.0.conv2.weight: 5/256 channels masked
Layer layer3.0.downsample.0.weight: 5/256 channels masked
Layer layer3.1.conv1.weight: 1/256 channels masked
Layer layer3.1.conv2.weight: 9/256 channels masked
Layer layer4.0.conv1.weight: 1/512 channels masked
Layer layer4.0.conv2.weight: 25/512 channels masked
Layer layer4.0.downsample.0.weight: 159/512 channels masked
Layer layer4.1.conv1.weight: 11/512 channels masked
Layer layer4.1.conv2.weight: 79/512 channels masked
------------------------- time cost ------------------------- 5.558919906616211
ASR: 0.5265829365982558
attack_auc: 0.8874254619030109
Layer conv1.weight: 1/64 channels masked
Layer layer2.0.downsample.0.weight: 1/128 channels masked
Layer layer3.0.conv2.weight: 5/256 channels masked
Layer layer3.0.downsample.0.weight: 5/256 channels masked
Layer layer3.1.conv1.weight: 1/256 channels masked
Layer layer3.1.conv2.weight: 9/256 channels masked
Layer layer4.0.conv1.weight: 1/512 channels masked
Layer layer4.0.conv2.weight: 25/512 channels masked
Layer layer4.0.downsample.0.weight: 158/512 channels masked
Layer layer4.1.conv1.weight: 11/512 channels masked
Layer layer4.1.conv2.weight: 80/512 channels masked
------------------------- time cost ------------------------- 5.265163421630859

-------------Round number: 450-------------

Evaluate personalized models
Averaged Train Loss: 0.2052
Averaged Test Accurancy: 0.7544
Averaged Test AUC: 0.9569
Std Test Accurancy: 0.0965
Std Test AUC: 0.0216
ASR: 0.5126588080283317
attack_auc: 0.8779164273738961
Layer conv1.weight: 1/64 channels masked
Layer layer2.0.downsample.0.weight: 1/128 channels masked
Layer layer3.0.conv2.weight: 5/256 channels masked
Layer layer3.0.downsample.0.weight: 5/256 channels masked
Layer layer3.1.conv1.weight: 1/256 channels masked
Layer layer3.1.conv2.weight: 9/256 channels masked
Layer layer4.0.conv1.weight: 1/512 channels masked
Layer layer4.0.conv2.weight: 25/512 channels masked
Layer layer4.0.downsample.0.weight: 160/512 channels masked
Layer layer4.1.conv1.weight: 11/512 channels masked
Layer layer4.1.conv2.weight: 81/512 channels masked
------------------------- time cost ------------------------- 13.417080879211426
ASR: 0.5035739462348411
attack_auc: 0.8748997433322067
Layer conv1.weight: 1/64 channels masked
Layer layer2.0.downsample.0.weight: 1/128 channels masked
Layer layer3.0.conv2.weight: 5/256 channels masked
Layer layer3.0.downsample.0.weight: 5/256 channels masked
Layer layer3.1.conv1.weight: 1/256 channels masked
Layer layer3.1.conv2.weight: 9/256 channels masked
Layer layer4.0.conv1.weight: 1/512 channels masked
Layer layer4.0.conv2.weight: 24/512 channels masked
Layer layer4.0.downsample.0.weight: 160/512 channels masked
Layer layer4.1.conv1.weight: 11/512 channels masked
Layer layer4.1.conv2.weight: 82/512 channels masked
------------------------- time cost ------------------------- 5.2917444705963135
ASR: 0.4896931035401704
attack_auc: 0.8755663845703439
Layer conv1.weight: 1/64 channels masked
Layer layer2.0.downsample.0.weight: 1/128 channels masked
Layer layer3.0.conv2.weight: 5/256 channels masked
Layer layer3.0.downsample.0.weight: 5/256 channels masked
Layer layer3.1.conv1.weight: 1/256 channels masked
Layer layer3.1.conv2.weight: 9/256 channels masked
Layer layer4.0.conv1.weight: 1/512 channels masked
Layer layer4.0.conv2.weight: 24/512 channels masked
Layer layer4.0.downsample.0.weight: 161/512 channels masked
Layer layer4.1.conv1.weight: 11/512 channels masked
Layer layer4.1.conv2.weight: 85/512 channels masked
------------------------- time cost ------------------------- 5.163080453872681
ASR: 0.4949498158757499
attack_auc: 0.8772258384255213
Layer conv1.weight: 1/64 channels masked
Layer layer2.0.downsample.0.weight: 1/128 channels masked
Layer layer3.0.conv2.weight: 5/256 channels masked
Layer layer3.0.downsample.0.weight: 5/256 channels masked
Layer layer3.1.conv1.weight: 1/256 channels masked
Layer layer3.1.conv2.weight: 9/256 channels masked
Layer layer4.0.conv1.weight: 1/512 channels masked
Layer layer4.0.conv2.weight: 25/512 channels masked
Layer layer4.0.downsample.0.weight: 161/512 channels masked
Layer layer4.1.conv1.weight: 11/512 channels masked
Layer layer4.1.conv2.weight: 86/512 channels masked
------------------------- time cost ------------------------- 4.515995502471924
ASR: 0.4954480117189879
attack_auc: 0.877522648941746
Layer layer2.0.downsample.0.weight: 1/128 channels masked
Layer layer3.0.conv2.weight: 5/256 channels masked
Layer layer3.0.downsample.0.weight: 5/256 channels masked
Layer layer3.1.conv1.weight: 1/256 channels masked
Layer layer3.1.conv2.weight: 9/256 channels masked
Layer layer4.0.conv1.weight: 1/512 channels masked
Layer layer4.0.conv2.weight: 26/512 channels masked
Layer layer4.0.downsample.0.weight: 161/512 channels masked
Layer layer4.1.conv1.weight: 13/512 channels masked
Layer layer4.1.conv2.weight: 87/512 channels masked
------------------------- time cost ------------------------- 4.775546550750732
ASR: 0.5110014065135153
attack_auc: 0.8853463608869924
Layer layer2.0.downsample.0.weight: 1/128 channels masked
Layer layer3.0.conv2.weight: 5/256 channels masked
Layer layer3.0.downsample.0.weight: 5/256 channels masked
Layer layer3.1.conv1.weight: 1/256 channels masked
Layer layer3.1.conv2.weight: 9/256 channels masked
Layer layer4.0.conv1.weight: 1/512 channels masked
Layer layer4.0.conv2.weight: 27/512 channels masked
Layer layer4.0.downsample.0.weight: 161/512 channels masked
Layer layer4.1.conv1.weight: 12/512 channels masked
Layer layer4.1.conv2.weight: 88/512 channels masked
------------------------- time cost ------------------------- 5.27568507194519
ASR: 0.5176443245222988
attack_auc: 0.8864559628236154
Layer conv1.weight: 1/64 channels masked
Layer layer2.0.downsample.0.weight: 1/128 channels masked
Layer layer3.0.conv2.weight: 5/256 channels masked
Layer layer3.0.downsample.0.weight: 5/256 channels masked
Layer layer3.1.conv1.weight: 1/256 channels masked
Layer layer3.1.conv2.weight: 9/256 channels masked
Layer layer4.0.conv1.weight: 1/512 channels masked
Layer layer4.0.conv2.weight: 27/512 channels masked
Layer layer4.0.downsample.0.weight: 163/512 channels masked
Layer layer4.1.conv1.weight: 13/512 channels masked
Layer layer4.1.conv2.weight: 88/512 channels masked
------------------------- time cost ------------------------- 5.601818084716797
ASR: 0.499805511135922
attack_auc: 0.8794009593570519
Layer conv1.weight: 1/64 channels masked
Layer layer2.0.downsample.0.weight: 1/128 channels masked
Layer layer3.0.conv2.weight: 5/256 channels masked
Layer layer3.0.downsample.0.weight: 5/256 channels masked
Layer layer3.1.conv1.weight: 1/256 channels masked
Layer layer3.1.conv2.weight: 9/256 channels masked
Layer layer4.0.conv1.weight: 1/512 channels masked
Layer layer4.0.conv2.weight: 29/512 channels masked
Layer layer4.0.downsample.0.weight: 163/512 channels masked
Layer layer4.1.conv1.weight: 13/512 channels masked
Layer layer4.1.conv2.weight: 89/512 channels masked
------------------------- time cost ------------------------- 5.291527271270752
ASR: 0.47455692844469044
attack_auc: 0.8702104850173883
Layer conv1.weight: 1/64 channels masked
Layer layer2.0.downsample.0.weight: 1/128 channels masked
Layer layer3.0.conv2.weight: 5/256 channels masked
Layer layer3.0.downsample.0.weight: 5/256 channels masked
Layer layer3.1.conv1.weight: 1/256 channels masked
Layer layer3.1.conv2.weight: 9/256 channels masked
Layer layer4.0.conv1.weight: 1/512 channels masked
Layer layer4.0.conv2.weight: 28/512 channels masked
Layer layer4.0.downsample.0.weight: 163/512 channels masked
Layer layer4.1.conv1.weight: 13/512 channels masked
Layer layer4.1.conv2.weight: 90/512 channels masked
------------------------- time cost ------------------------- 4.756165981292725
ASR: 0.5251345358273739
attack_auc: 0.8850326171267522
Layer conv1.weight: 1/64 channels masked
Layer layer2.0.downsample.0.weight: 1/128 channels masked
Layer layer3.0.conv2.weight: 5/256 channels masked
Layer layer3.0.downsample.0.weight: 5/256 channels masked
Layer layer3.1.conv1.weight: 1/256 channels masked
Layer layer3.1.conv2.weight: 9/256 channels masked
Layer layer4.0.conv1.weight: 1/512 channels masked
Layer layer4.0.conv2.weight: 29/512 channels masked
Layer layer4.0.downsample.0.weight: 163/512 channels masked
Layer layer4.1.conv1.weight: 13/512 channels masked
Layer layer4.1.conv2.weight: 91/512 channels masked
------------------------- time cost ------------------------- 5.250121116638184

-------------Round number: 460-------------

Evaluate personalized models
Averaged Train Loss: 0.1897
Averaged Test Accurancy: 0.7422
Averaged Test AUC: 0.9555
Std Test Accurancy: 0.0872
Std Test AUC: 0.0209
ASR: 0.5122749569665996
attack_auc: 0.8825869417499362
Layer conv1.weight: 1/64 channels masked
Layer layer2.0.downsample.0.weight: 1/128 channels masked
Layer layer3.0.conv2.weight: 5/256 channels masked
Layer layer3.0.downsample.0.weight: 5/256 channels masked
Layer layer3.1.conv1.weight: 1/256 channels masked
Layer layer3.1.conv2.weight: 9/256 channels masked
Layer layer4.0.conv1.weight: 1/512 channels masked
Layer layer4.0.conv2.weight: 28/512 channels masked
Layer layer4.0.downsample.0.weight: 163/512 channels masked
Layer layer4.1.conv1.weight: 13/512 channels masked
Layer layer4.1.conv2.weight: 91/512 channels masked
------------------------- time cost ------------------------- 12.698315858840942
ASR: 0.47656584962797616
attack_auc: 0.8689852486084416
Layer conv1.weight: 1/64 channels masked
Layer layer2.0.downsample.0.weight: 1/128 channels masked
Layer layer3.0.conv2.weight: 5/256 channels masked
Layer layer3.0.downsample.0.weight: 5/256 channels masked
Layer layer3.1.conv1.weight: 2/256 channels masked
Layer layer3.1.conv2.weight: 9/256 channels masked
Layer layer4.0.conv1.weight: 1/512 channels masked
Layer layer4.0.conv2.weight: 27/512 channels masked
Layer layer4.0.downsample.0.weight: 164/512 channels masked
Layer layer4.1.conv1.weight: 13/512 channels masked
Layer layer4.1.conv2.weight: 90/512 channels masked
------------------------- time cost ------------------------- 4.697662115097046
ASR: 0.4604912491221326
attack_auc: 0.8577888533120248
Layer conv1.weight: 1/64 channels masked
Layer layer2.0.downsample.0.weight: 1/128 channels masked
Layer layer3.0.conv2.weight: 5/256 channels masked
Layer layer3.0.downsample.0.weight: 5/256 channels masked
Layer layer3.1.conv1.weight: 2/256 channels masked
Layer layer3.1.conv2.weight: 9/256 channels masked
Layer layer4.0.conv1.weight: 1/512 channels masked
Layer layer4.0.conv2.weight: 26/512 channels masked
Layer layer4.0.downsample.0.weight: 164/512 channels masked
Layer layer4.1.conv1.weight: 13/512 channels masked
Layer layer4.1.conv2.weight: 91/512 channels masked
------------------------- time cost ------------------------- 5.403800964355469
ASR: 0.4253333146676458
attack_auc: 0.8487349553612573
Layer conv1.weight: 1/64 channels masked
Layer layer2.0.downsample.0.weight: 1/128 channels masked
Layer layer3.0.conv2.weight: 5/256 channels masked
Layer layer3.0.downsample.0.weight: 5/256 channels masked
Layer layer3.1.conv1.weight: 2/256 channels masked
Layer layer3.1.conv2.weight: 9/256 channels masked
Layer layer4.0.conv1.weight: 1/512 channels masked
Layer layer4.0.conv2.weight: 25/512 channels masked
Layer layer4.0.downsample.0.weight: 165/512 channels masked
Layer layer4.1.conv1.weight: 13/512 channels masked
Layer layer4.1.conv2.weight: 91/512 channels masked
------------------------- time cost ------------------------- 5.673133134841919
ASR: 0.42782755839956327
attack_auc: 0.8486207419047863
Layer conv1.weight: 1/64 channels masked
Layer layer2.0.downsample.0.weight: 1/128 channels masked
Layer layer3.0.conv2.weight: 5/256 channels masked
Layer layer3.0.downsample.0.weight: 5/256 channels masked
Layer layer3.1.conv1.weight: 2/256 channels masked
Layer layer3.1.conv2.weight: 9/256 channels masked
Layer layer4.0.conv1.weight: 1/512 channels masked
Layer layer4.0.conv2.weight: 25/512 channels masked
Layer layer4.0.downsample.0.weight: 165/512 channels masked
Layer layer4.1.conv1.weight: 14/512 channels masked
Layer layer4.1.conv2.weight: 89/512 channels masked
------------------------- time cost ------------------------- 5.776317596435547
ASR: 0.4564502755856274
attack_auc: 0.8654262811639125
Layer conv1.weight: 1/64 channels masked
Layer layer2.0.downsample.0.weight: 1/128 channels masked
Layer layer3.0.conv2.weight: 5/256 channels masked
Layer layer3.0.downsample.0.weight: 5/256 channels masked
Layer layer3.1.conv1.weight: 2/256 channels masked
Layer layer3.1.conv2.weight: 9/256 channels masked
Layer layer4.0.conv1.weight: 1/512 channels masked
Layer layer4.0.conv2.weight: 25/512 channels masked
Layer layer4.0.downsample.0.weight: 165/512 channels masked
Layer layer4.1.conv1.weight: 14/512 channels masked
Layer layer4.1.conv2.weight: 90/512 channels masked
------------------------- time cost ------------------------- 4.891368389129639
ASR: 0.44623814384811294
attack_auc: 0.8611528447657213
Layer layer2.0.downsample.0.weight: 1/128 channels masked
Layer layer3.0.conv2.weight: 5/256 channels masked
Layer layer3.0.downsample.0.weight: 5/256 channels masked
Layer layer3.1.conv1.weight: 2/256 channels masked
Layer layer3.1.conv2.weight: 9/256 channels masked
Layer layer4.0.conv1.weight: 1/512 channels masked
Layer layer4.0.conv2.weight: 25/512 channels masked
Layer layer4.0.downsample.0.weight: 165/512 channels masked
Layer layer4.1.conv1.weight: 14/512 channels masked
Layer layer4.1.conv2.weight: 89/512 channels masked
------------------------- time cost ------------------------- 5.245036602020264
ASR: 0.4537381939868004
attack_auc: 0.8670573891611735
Layer layer2.0.downsample.0.weight: 1/128 channels masked
Layer layer3.0.conv2.weight: 5/256 channels masked
Layer layer3.0.downsample.0.weight: 5/256 channels masked
Layer layer3.1.conv1.weight: 2/256 channels masked
Layer layer3.1.conv2.weight: 9/256 channels masked
Layer layer4.0.conv1.weight: 1/512 channels masked
Layer layer4.0.conv2.weight: 26/512 channels masked
Layer layer4.0.downsample.0.weight: 165/512 channels masked
Layer layer4.1.conv1.weight: 14/512 channels masked
Layer layer4.1.conv2.weight: 91/512 channels masked
------------------------- time cost ------------------------- 4.982519626617432
ASR: 0.45194436539659966
attack_auc: 0.8654193704510119
Layer layer2.0.downsample.0.weight: 1/128 channels masked
Layer layer3.0.conv2.weight: 5/256 channels masked
Layer layer3.0.downsample.0.weight: 5/256 channels masked
Layer layer3.1.conv1.weight: 2/256 channels masked
Layer layer3.1.conv2.weight: 9/256 channels masked
Layer layer4.0.conv1.weight: 1/512 channels masked
Layer layer4.0.conv2.weight: 26/512 channels masked
Layer layer4.0.downsample.0.weight: 165/512 channels masked
Layer layer4.1.conv1.weight: 14/512 channels masked
Layer layer4.1.conv2.weight: 92/512 channels masked
------------------------- time cost ------------------------- 5.906800985336304
ASR: 0.4560100033612975
attack_auc: 0.8648085853992332
Layer conv1.weight: 2/64 channels masked
Layer layer2.0.downsample.0.weight: 1/128 channels masked
Layer layer3.0.conv2.weight: 5/256 channels masked
Layer layer3.0.downsample.0.weight: 5/256 channels masked
Layer layer3.1.conv1.weight: 2/256 channels masked
Layer layer3.1.conv2.weight: 9/256 channels masked
Layer layer4.0.conv1.weight: 1/512 channels masked
Layer layer4.0.conv2.weight: 23/512 channels masked
Layer layer4.0.downsample.0.weight: 165/512 channels masked
Layer layer4.1.conv1.weight: 14/512 channels masked
Layer layer4.1.conv2.weight: 87/512 channels masked
------------------------- time cost ------------------------- 4.48857307434082

-------------Round number: 470-------------

Evaluate personalized models
Averaged Train Loss: 0.1742
Averaged Test Accurancy: 0.7510
Averaged Test AUC: 0.9562
Std Test Accurancy: 0.0890
Std Test AUC: 0.0224
ASR: 0.407387929176516
attack_auc: 0.8416200817389673
Layer layer2.0.downsample.0.weight: 1/128 channels masked
Layer layer3.0.conv2.weight: 5/256 channels masked
Layer layer3.0.downsample.0.weight: 5/256 channels masked
Layer layer3.1.conv1.weight: 2/256 channels masked
Layer layer3.1.conv2.weight: 9/256 channels masked
Layer layer4.0.conv1.weight: 1/512 channels masked
Layer layer4.0.conv2.weight: 27/512 channels masked
Layer layer4.0.downsample.0.weight: 165/512 channels masked
Layer layer4.1.conv1.weight: 14/512 channels masked
Layer layer4.1.conv2.weight: 91/512 channels masked
------------------------- time cost ------------------------- 13.00949215888977
ASR: 0.40978417247166793
attack_auc: 0.8461895257161018
Layer layer2.0.downsample.0.weight: 1/128 channels masked
Layer layer3.0.conv2.weight: 5/256 channels masked
Layer layer3.0.downsample.0.weight: 5/256 channels masked
Layer layer3.1.conv1.weight: 2/256 channels masked
Layer layer3.1.conv2.weight: 9/256 channels masked
Layer layer4.0.conv1.weight: 1/512 channels masked
Layer layer4.0.conv2.weight: 27/512 channels masked
Layer layer4.0.downsample.0.weight: 166/512 channels masked
Layer layer4.1.conv1.weight: 14/512 channels masked
Layer layer4.1.conv2.weight: 92/512 channels masked
------------------------- time cost ------------------------- 5.26149320602417
ASR: 0.48324656779811304
attack_auc: 0.8701797754726337
Layer layer2.0.downsample.0.weight: 1/128 channels masked
Layer layer3.0.conv2.weight: 5/256 channels masked
Layer layer3.0.downsample.0.weight: 5/256 channels masked
Layer layer3.1.conv1.weight: 2/256 channels masked
Layer layer3.1.conv2.weight: 9/256 channels masked
Layer layer4.0.conv1.weight: 1/512 channels masked
Layer layer4.0.conv2.weight: 29/512 channels masked
Layer layer4.0.downsample.0.weight: 166/512 channels masked
Layer layer4.1.conv1.weight: 14/512 channels masked
Layer layer4.1.conv2.weight: 92/512 channels masked
------------------------- time cost ------------------------- 4.887695550918579
ASR: 0.4729888874873039
attack_auc: 0.8672112932671232
Layer layer2.0.downsample.0.weight: 1/128 channels masked
Layer layer3.0.conv2.weight: 5/256 channels masked
Layer layer3.0.downsample.0.weight: 5/256 channels masked
Layer layer3.1.conv1.weight: 2/256 channels masked
Layer layer3.1.conv2.weight: 9/256 channels masked
Layer layer4.0.conv1.weight: 1/512 channels masked
Layer layer4.0.conv2.weight: 29/512 channels masked
Layer layer4.0.downsample.0.weight: 167/512 channels masked
Layer layer4.1.conv1.weight: 14/512 channels masked
Layer layer4.1.conv2.weight: 92/512 channels masked
------------------------- time cost ------------------------- 5.4888763427734375
ASR: 0.4844132439290131
attack_auc: 0.8726383393368237
Layer layer2.0.downsample.0.weight: 1/128 channels masked
Layer layer3.0.conv2.weight: 4/256 channels masked
Layer layer3.0.downsample.0.weight: 5/256 channels masked
Layer layer3.1.conv1.weight: 2/256 channels masked
Layer layer3.1.conv2.weight: 9/256 channels masked
Layer layer4.0.conv1.weight: 1/512 channels masked
Layer layer4.0.conv2.weight: 27/512 channels masked
Layer layer4.0.downsample.0.weight: 168/512 channels masked
Layer layer4.1.conv1.weight: 14/512 channels masked
Layer layer4.1.conv2.weight: 92/512 channels masked
------------------------- time cost ------------------------- 5.372289180755615
ASR: 0.45939314223984734
attack_auc: 0.8683636616996537
Layer layer2.0.downsample.0.weight: 1/128 channels masked
Layer layer3.0.conv2.weight: 5/256 channels masked
Layer layer3.0.downsample.0.weight: 5/256 channels masked
Layer layer3.1.conv1.weight: 2/256 channels masked
Layer layer3.1.conv2.weight: 9/256 channels masked
Layer layer4.0.conv1.weight: 1/512 channels masked
Layer layer4.0.conv2.weight: 29/512 channels masked
Layer layer4.0.downsample.0.weight: 169/512 channels masked
Layer layer4.1.conv1.weight: 14/512 channels masked
Layer layer4.1.conv2.weight: 92/512 channels masked
------------------------- time cost ------------------------- 5.1920506954193115
ASR: 0.4815859367768199
attack_auc: 0.873100973939382
Layer layer2.0.downsample.0.weight: 1/128 channels masked
Layer layer3.0.conv2.weight: 5/256 channels masked
Layer layer3.0.downsample.0.weight: 5/256 channels masked
Layer layer3.1.conv1.weight: 2/256 channels masked
Layer layer3.1.conv2.weight: 9/256 channels masked
Layer layer4.0.conv1.weight: 1/512 channels masked
Layer layer4.0.conv2.weight: 29/512 channels masked
Layer layer4.0.downsample.0.weight: 169/512 channels masked
Layer layer4.1.conv1.weight: 14/512 channels masked
Layer layer4.1.conv2.weight: 92/512 channels masked
------------------------- time cost ------------------------- 4.855692625045776
ASR: 0.5064689288821691
attack_auc: 0.8842197341279001
Layer layer2.0.downsample.0.weight: 1/128 channels masked
Layer layer3.0.conv2.weight: 5/256 channels masked
Layer layer3.0.downsample.0.weight: 5/256 channels masked
Layer layer3.1.conv1.weight: 2/256 channels masked
Layer layer3.1.conv2.weight: 9/256 channels masked
Layer layer4.0.conv1.weight: 2/512 channels masked
Layer layer4.0.conv2.weight: 30/512 channels masked
Layer layer4.0.downsample.0.weight: 169/512 channels masked
Layer layer4.1.conv1.weight: 14/512 channels masked
Layer layer4.1.conv2.weight: 92/512 channels masked
------------------------- time cost ------------------------- 5.100964069366455
ASR: 0.4676281786689079
attack_auc: 0.8695248046023288
Layer layer2.0.downsample.0.weight: 1/128 channels masked
Layer layer3.0.conv2.weight: 5/256 channels masked
Layer layer3.0.downsample.0.weight: 5/256 channels masked
Layer layer3.1.conv1.weight: 2/256 channels masked
Layer layer3.1.conv2.weight: 9/256 channels masked
Layer layer4.0.conv1.weight: 2/512 channels masked
Layer layer4.0.conv2.weight: 32/512 channels masked
Layer layer4.0.downsample.0.weight: 169/512 channels masked
Layer layer4.1.conv1.weight: 15/512 channels masked
Layer layer4.1.conv2.weight: 92/512 channels masked
------------------------- time cost ------------------------- 4.932178258895874
ASR: 0.45947025136209746
attack_auc: 0.8628456402215151
Layer layer2.0.downsample.0.weight: 1/128 channels masked
Layer layer3.0.conv2.weight: 5/256 channels masked
Layer layer3.0.downsample.0.weight: 5/256 channels masked
Layer layer3.1.conv1.weight: 2/256 channels masked
Layer layer3.1.conv2.weight: 9/256 channels masked
Layer layer4.0.conv1.weight: 2/512 channels masked
Layer layer4.0.conv2.weight: 31/512 channels masked
Layer layer4.0.downsample.0.weight: 169/512 channels masked
Layer layer4.1.conv1.weight: 15/512 channels masked
Layer layer4.1.conv2.weight: 92/512 channels masked
------------------------- time cost ------------------------- 5.7021484375

-------------Round number: 480-------------

Evaluate personalized models
Averaged Train Loss: 0.2243
Averaged Test Accurancy: 0.7417
Averaged Test AUC: 0.9531
Std Test Accurancy: 0.0917
Std Test AUC: 0.0232
ASR: 0.484360439740214
attack_auc: 0.875390641717339
Layer layer2.0.downsample.0.weight: 1/128 channels masked
Layer layer3.0.conv2.weight: 5/256 channels masked
Layer layer3.0.downsample.0.weight: 5/256 channels masked
Layer layer3.1.conv1.weight: 2/256 channels masked
Layer layer3.1.conv2.weight: 9/256 channels masked
Layer layer4.0.conv1.weight: 2/512 channels masked
Layer layer4.0.conv2.weight: 30/512 channels masked
Layer layer4.0.downsample.0.weight: 169/512 channels masked
Layer layer4.1.conv1.weight: 15/512 channels masked
Layer layer4.1.conv2.weight: 92/512 channels masked
------------------------- time cost ------------------------- 12.993083477020264
ASR: 0.4984115112586758
attack_auc: 0.8753051317209183
Layer layer2.0.downsample.0.weight: 1/128 channels masked
Layer layer3.0.conv2.weight: 5/256 channels masked
Layer layer3.0.downsample.0.weight: 5/256 channels masked
Layer layer3.1.conv1.weight: 2/256 channels masked
Layer layer3.1.conv2.weight: 9/256 channels masked
Layer layer4.0.conv1.weight: 2/512 channels masked
Layer layer4.0.conv2.weight: 30/512 channels masked
Layer layer4.0.downsample.0.weight: 169/512 channels masked
Layer layer4.1.conv1.weight: 15/512 channels masked
Layer layer4.1.conv2.weight: 92/512 channels masked
------------------------- time cost ------------------------- 5.435914754867554
ASR: 0.46329182938542113
attack_auc: 0.8627857748523403
Layer conv1.weight: 1/64 channels masked
Layer layer2.0.downsample.0.weight: 1/128 channels masked
Layer layer3.0.conv2.weight: 4/256 channels masked
Layer layer3.0.downsample.0.weight: 5/256 channels masked
Layer layer3.1.conv1.weight: 2/256 channels masked
Layer layer3.1.conv2.weight: 9/256 channels masked
Layer layer4.0.conv1.weight: 1/512 channels masked
Layer layer4.0.conv2.weight: 30/512 channels masked
Layer layer4.0.downsample.0.weight: 169/512 channels masked
Layer layer4.1.conv1.weight: 15/512 channels masked
Layer layer4.1.conv2.weight: 92/512 channels masked
------------------------- time cost ------------------------- 4.931524991989136
ASR: 0.4375909061245672
attack_auc: 0.858097446543367
Layer layer2.0.downsample.0.weight: 1/128 channels masked
Layer layer3.0.conv2.weight: 4/256 channels masked
Layer layer3.0.downsample.0.weight: 5/256 channels masked
Layer layer3.1.conv1.weight: 2/256 channels masked
Layer layer3.1.conv2.weight: 9/256 channels masked
Layer layer4.0.conv1.weight: 1/512 channels masked
Layer layer4.0.conv2.weight: 31/512 channels masked
Layer layer4.0.downsample.0.weight: 169/512 channels masked
Layer layer4.1.conv1.weight: 15/512 channels masked
Layer layer4.1.conv2.weight: 92/512 channels masked
------------------------- time cost ------------------------- 4.881633996963501
ASR: 0.4357162446450296
attack_auc: 0.8568961486898573
Layer layer2.0.downsample.0.weight: 1/128 channels masked
Layer layer3.0.conv2.weight: 5/256 channels masked
Layer layer3.0.downsample.0.weight: 5/256 channels masked
Layer layer3.1.conv1.weight: 2/256 channels masked
Layer layer3.1.conv2.weight: 9/256 channels masked
Layer layer4.0.conv1.weight: 1/512 channels masked
Layer layer4.0.conv2.weight: 31/512 channels masked
Layer layer4.0.downsample.0.weight: 169/512 channels masked
Layer layer4.1.conv1.weight: 15/512 channels masked
Layer layer4.1.conv2.weight: 92/512 channels masked
------------------------- time cost ------------------------- 4.682765007019043
ASR: 0.49818666094943986
attack_auc: 0.8803783089992188
Layer conv1.weight: 1/64 channels masked
Layer layer2.0.downsample.0.weight: 1/128 channels masked
Layer layer3.0.conv2.weight: 5/256 channels masked
Layer layer3.0.downsample.0.weight: 5/256 channels masked
Layer layer3.1.conv1.weight: 1/256 channels masked
Layer layer3.1.conv2.weight: 9/256 channels masked
Layer layer4.0.conv1.weight: 1/512 channels masked
Layer layer4.0.conv2.weight: 31/512 channels masked
Layer layer4.0.downsample.0.weight: 169/512 channels masked
Layer layer4.1.conv1.weight: 15/512 channels masked
Layer layer4.1.conv2.weight: 92/512 channels masked
------------------------- time cost ------------------------- 5.641124486923218
ASR: 0.4816619718400989
attack_auc: 0.8735861371215182
Layer conv1.weight: 1/64 channels masked
Layer layer2.0.downsample.0.weight: 1/128 channels masked
Layer layer3.0.conv2.weight: 5/256 channels masked
Layer layer3.0.downsample.0.weight: 5/256 channels masked
Layer layer3.1.conv1.weight: 1/256 channels masked
Layer layer3.1.conv2.weight: 9/256 channels masked
Layer layer4.0.conv1.weight: 1/512 channels masked
Layer layer4.0.conv2.weight: 21/512 channels masked
Layer layer4.0.downsample.0.weight: 169/512 channels masked
Layer layer4.1.conv1.weight: 15/512 channels masked
Layer layer4.1.conv2.weight: 83/512 channels masked
------------------------- time cost ------------------------- 4.5150535106658936
ASR: 0.46857019167907704
attack_auc: 0.8647175529589777
Layer conv1.weight: 1/64 channels masked
Layer layer2.0.downsample.0.weight: 1/128 channels masked
Layer layer3.0.conv2.weight: 5/256 channels masked
Layer layer3.0.downsample.0.weight: 5/256 channels masked
Layer layer3.1.conv1.weight: 1/256 channels masked
Layer layer3.1.conv2.weight: 9/256 channels masked
Layer layer4.0.conv1.weight: 1/512 channels masked
Layer layer4.0.conv2.weight: 32/512 channels masked
Layer layer4.0.downsample.0.weight: 169/512 channels masked
Layer layer4.1.conv1.weight: 15/512 channels masked
Layer layer4.1.conv2.weight: 92/512 channels masked
------------------------- time cost ------------------------- 5.312218427658081
ASR: 0.49667518674016037
attack_auc: 0.8751140475497129
Layer conv1.weight: 1/64 channels masked
Layer layer2.0.downsample.0.weight: 1/128 channels masked
Layer layer3.0.conv2.weight: 5/256 channels masked
Layer layer3.0.downsample.0.weight: 5/256 channels masked
Layer layer3.1.conv1.weight: 1/256 channels masked
Layer layer3.1.conv2.weight: 9/256 channels masked
Layer layer4.0.conv1.weight: 1/512 channels masked
Layer layer4.0.conv2.weight: 31/512 channels masked
Layer layer4.0.downsample.0.weight: 169/512 channels masked
Layer layer4.1.conv1.weight: 15/512 channels masked
Layer layer4.1.conv2.weight: 92/512 channels masked
------------------------- time cost ------------------------- 5.434516429901123
ASR: 0.45369226500063414
attack_auc: 0.8556984926936378
Layer conv1.weight: 1/64 channels masked
Layer layer2.0.downsample.0.weight: 1/128 channels masked
Layer layer3.0.conv2.weight: 5/256 channels masked
Layer layer3.0.downsample.0.weight: 5/256 channels masked
Layer layer3.1.conv1.weight: 1/256 channels masked
Layer layer3.1.conv2.weight: 9/256 channels masked
Layer layer4.0.conv2.weight: 31/512 channels masked
Layer layer4.0.downsample.0.weight: 170/512 channels masked
Layer layer4.1.conv1.weight: 17/512 channels masked
Layer layer4.1.conv2.weight: 92/512 channels masked
------------------------- time cost ------------------------- 4.175321817398071

-------------Round number: 490-------------

Evaluate personalized models
Averaged Train Loss: 0.3036
Averaged Test Accurancy: 0.7282
Averaged Test AUC: 0.9532
Std Test Accurancy: 0.1060
Std Test AUC: 0.0252
ASR: 0.4424665670294359
attack_auc: 0.8450321565199681
Layer conv1.weight: 1/64 channels masked
Layer layer2.0.downsample.0.weight: 1/128 channels masked
Layer layer3.0.conv2.weight: 5/256 channels masked
Layer layer3.0.downsample.0.weight: 5/256 channels masked
Layer layer3.1.conv1.weight: 1/256 channels masked
Layer layer3.1.conv2.weight: 9/256 channels masked
Layer layer4.0.conv2.weight: 31/512 channels masked
Layer layer4.0.downsample.0.weight: 170/512 channels masked
Layer layer4.1.conv1.weight: 16/512 channels masked
Layer layer4.1.conv2.weight: 92/512 channels masked
------------------------- time cost ------------------------- 12.728389978408813
ASR: 0.45293963330185366
attack_auc: 0.856074909263898
Layer conv1.weight: 2/64 channels masked
Layer layer2.0.downsample.0.weight: 1/128 channels masked
Layer layer3.0.conv2.weight: 5/256 channels masked
Layer layer3.0.downsample.0.weight: 5/256 channels masked
Layer layer3.1.conv1.weight: 1/256 channels masked
Layer layer3.1.conv2.weight: 9/256 channels masked
Layer layer4.0.conv2.weight: 27/512 channels masked
Layer layer4.0.downsample.0.weight: 170/512 channels masked
Layer layer4.1.conv1.weight: 17/512 channels masked
Layer layer4.1.conv2.weight: 92/512 channels masked
------------------------- time cost ------------------------- 4.874141454696655
ASR: 0.43594184783625406
attack_auc: 0.8535072588203183
Layer conv1.weight: 2/64 channels masked
Layer layer2.0.downsample.0.weight: 1/128 channels masked
Layer layer3.0.conv2.weight: 5/256 channels masked
Layer layer3.0.downsample.0.weight: 5/256 channels masked
Layer layer3.1.conv1.weight: 1/256 channels masked
Layer layer3.1.conv2.weight: 9/256 channels masked
Layer layer4.0.conv2.weight: 31/512 channels masked
Layer layer4.0.downsample.0.weight: 170/512 channels masked
Layer layer4.1.conv1.weight: 17/512 channels masked
Layer layer4.1.conv2.weight: 93/512 channels masked
------------------------- time cost ------------------------- 4.711983919143677
ASR: 0.4079990765838609
attack_auc: 0.8347702420636708
Layer conv1.weight: 2/64 channels masked
Layer layer2.0.downsample.0.weight: 1/128 channels masked
Layer layer3.0.conv2.weight: 5/256 channels masked
Layer layer3.0.downsample.0.weight: 5/256 channels masked
Layer layer3.1.conv1.weight: 1/256 channels masked
Layer layer3.1.conv2.weight: 9/256 channels masked
Layer layer4.0.conv2.weight: 30/512 channels masked
Layer layer4.0.downsample.0.weight: 170/512 channels masked
Layer layer4.1.conv1.weight: 17/512 channels masked
Layer layer4.1.conv2.weight: 92/512 channels masked
------------------------- time cost ------------------------- 5.43315052986145
ASR: 0.43370655874897796
attack_auc: 0.8509558801789121
Layer conv1.weight: 2/64 channels masked
Layer layer2.0.downsample.0.weight: 1/128 channels masked
Layer layer3.0.conv2.weight: 5/256 channels masked
Layer layer3.0.downsample.0.weight: 5/256 channels masked
Layer layer3.1.conv1.weight: 1/256 channels masked
Layer layer3.1.conv2.weight: 9/256 channels masked
Layer layer4.0.conv2.weight: 31/512 channels masked
Layer layer4.0.downsample.0.weight: 170/512 channels masked
Layer layer4.1.conv1.weight: 17/512 channels masked
Layer layer4.1.conv2.weight: 93/512 channels masked
------------------------- time cost ------------------------- 5.118845701217651
ASR: 0.482397326061026
attack_auc: 0.8709862674984419
Layer conv1.weight: 2/64 channels masked
Layer layer2.0.downsample.0.weight: 1/128 channels masked
Layer layer3.0.conv2.weight: 5/256 channels masked
Layer layer3.0.downsample.0.weight: 5/256 channels masked
Layer layer3.1.conv1.weight: 1/256 channels masked
Layer layer3.1.conv2.weight: 9/256 channels masked
Layer layer4.0.conv2.weight: 30/512 channels masked
Layer layer4.0.downsample.0.weight: 170/512 channels masked
Layer layer4.1.conv1.weight: 17/512 channels masked
Layer layer4.1.conv2.weight: 93/512 channels masked
------------------------- time cost ------------------------- 4.769597053527832
ASR: 0.4729292959582194
attack_auc: 0.8662252256383495
Layer conv1.weight: 2/64 channels masked
Layer layer2.0.downsample.0.weight: 1/128 channels masked
Layer layer3.0.conv2.weight: 5/256 channels masked
Layer layer3.0.downsample.0.weight: 5/256 channels masked
Layer layer3.1.conv1.weight: 1/256 channels masked
Layer layer3.1.conv2.weight: 9/256 channels masked
Layer layer4.0.conv2.weight: 34/512 channels masked
Layer layer4.0.downsample.0.weight: 171/512 channels masked
Layer layer4.1.conv1.weight: 17/512 channels masked
Layer layer4.1.conv2.weight: 97/512 channels masked
------------------------- time cost ------------------------- 4.637425899505615
ASR: 0.44853661020832375
attack_auc: 0.8576239746154178
Layer conv1.weight: 2/64 channels masked
Layer layer2.0.downsample.0.weight: 1/128 channels masked
Layer layer3.0.conv2.weight: 5/256 channels masked
Layer layer3.0.downsample.0.weight: 5/256 channels masked
Layer layer3.1.conv1.weight: 1/256 channels masked
Layer layer3.1.conv2.weight: 9/256 channels masked
Layer layer4.0.conv2.weight: 32/512 channels masked
Layer layer4.0.downsample.0.weight: 172/512 channels masked
Layer layer4.1.conv1.weight: 17/512 channels masked
Layer layer4.1.conv2.weight: 94/512 channels masked
------------------------- time cost ------------------------- 4.663078784942627
ASR: 0.4395417928266426
attack_auc: 0.8540998729601168
Layer conv1.weight: 2/64 channels masked
Layer layer2.0.downsample.0.weight: 1/128 channels masked
Layer layer3.0.conv2.weight: 5/256 channels masked
Layer layer3.0.downsample.0.weight: 5/256 channels masked
Layer layer3.1.conv1.weight: 1/256 channels masked
Layer layer3.1.conv2.weight: 9/256 channels masked
Layer layer4.0.conv2.weight: 32/512 channels masked
Layer layer4.0.downsample.0.weight: 170/512 channels masked
Layer layer4.1.conv1.weight: 17/512 channels masked
Layer layer4.1.conv2.weight: 94/512 channels masked
------------------------- time cost ------------------------- 4.796663284301758
ASR: 0.45159020555221385
attack_auc: 0.8566698364505374
Layer conv1.weight: 1/64 channels masked
Layer layer2.0.downsample.0.weight: 1/128 channels masked
Layer layer3.0.conv2.weight: 3/256 channels masked
Layer layer3.0.downsample.0.weight: 5/256 channels masked
Layer layer3.1.conv1.weight: 1/256 channels masked
Layer layer3.1.conv2.weight: 9/256 channels masked
Layer layer4.0.conv2.weight: 26/512 channels masked
Layer layer4.0.downsample.0.weight: 170/512 channels masked
Layer layer4.1.conv1.weight: 18/512 channels masked
Layer layer4.1.conv2.weight: 96/512 channels masked
------------------------- time cost ------------------------- 5.255276203155518

-------------Round number: 500-------------

Evaluate personalized models
Averaged Train Loss: 0.1828
Averaged Test Accurancy: 0.7435
Averaged Test AUC: 0.9562
Std Test Accurancy: 0.0947
Std Test AUC: 0.0220
ASR: 0.4689998103200343
attack_auc: 0.8630692216156922
Layer conv1.weight: 1/64 channels masked
Layer layer2.0.downsample.0.weight: 1/128 channels masked
Layer layer3.0.conv2.weight: 3/256 channels masked
Layer layer3.0.downsample.0.weight: 5/256 channels masked
Layer layer3.1.conv1.weight: 1/256 channels masked
Layer layer3.1.conv2.weight: 9/256 channels masked
Layer layer4.0.conv2.weight: 30/512 channels masked
Layer layer4.0.downsample.0.weight: 170/512 channels masked
Layer layer4.1.conv1.weight: 17/512 channels masked
Layer layer4.1.conv2.weight: 96/512 channels masked
------------------------- time cost ------------------------- 13.082147359848022
ASR: 0.4534133141766325
attack_auc: 0.8607666197995328
Layer conv1.weight: 1/64 channels masked
Layer layer2.0.downsample.0.weight: 1/128 channels masked
Layer layer3.0.conv2.weight: 3/256 channels masked
Layer layer3.0.downsample.0.weight: 5/256 channels masked
Layer layer3.1.conv1.weight: 1/256 channels masked
Layer layer3.1.conv2.weight: 9/256 channels masked
Layer layer4.0.conv2.weight: 31/512 channels masked
Layer layer4.0.downsample.0.weight: 170/512 channels masked
Layer layer4.1.conv1.weight: 18/512 channels masked
Layer layer4.1.conv2.weight: 97/512 channels masked
------------------------- time cost ------------------------- 4.861783266067505
ASR: 0.429526143412259
attack_auc: 0.8488758602907654
Layer conv1.weight: 1/64 channels masked
Layer layer2.0.downsample.0.weight: 1/128 channels masked
Layer layer3.0.conv2.weight: 3/256 channels masked
Layer layer3.0.downsample.0.weight: 5/256 channels masked
Layer layer3.1.conv1.weight: 1/256 channels masked
Layer layer3.1.conv2.weight: 9/256 channels masked
Layer layer4.0.conv2.weight: 31/512 channels masked
Layer layer4.0.downsample.0.weight: 170/512 channels masked
Layer layer4.1.conv1.weight: 18/512 channels masked
Layer layer4.1.conv2.weight: 99/512 channels masked
------------------------- time cost ------------------------- 5.775594711303711
ASR: 0.4473551856381405
attack_auc: 0.8554976330308207
Layer conv1.weight: 2/64 channels masked
Layer layer2.0.downsample.0.weight: 1/128 channels masked
Layer layer3.0.conv2.weight: 3/256 channels masked
Layer layer3.0.downsample.0.weight: 5/256 channels masked
Layer layer3.1.conv1.weight: 1/256 channels masked
Layer layer3.1.conv2.weight: 9/256 channels masked
Layer layer4.0.conv2.weight: 30/512 channels masked
Layer layer4.0.downsample.0.weight: 170/512 channels masked
Layer layer4.1.conv1.weight: 18/512 channels masked
Layer layer4.1.conv2.weight: 97/512 channels masked
------------------------- time cost ------------------------- 4.925257921218872
ASR: 0.44035553968202923
attack_auc: 0.8497797149264789
Layer conv1.weight: 2/64 channels masked
Layer layer2.0.downsample.0.weight: 1/128 channels masked
Layer layer3.0.conv2.weight: 3/256 channels masked
Layer layer3.0.downsample.0.weight: 5/256 channels masked
Layer layer3.1.conv1.weight: 1/256 channels masked
Layer layer3.1.conv2.weight: 9/256 channels masked
Layer layer4.0.conv2.weight: 31/512 channels masked
Layer layer4.0.downsample.0.weight: 170/512 channels masked
Layer layer4.1.conv1.weight: 18/512 channels masked
Layer layer4.1.conv2.weight: 98/512 channels masked
------------------------- time cost ------------------------- 4.747675180435181
ASR: 0.45351164225621515
attack_auc: 0.8534489534558285
Layer conv1.weight: 2/64 channels masked
Layer layer2.0.downsample.0.weight: 1/128 channels masked
Layer layer3.0.conv2.weight: 3/256 channels masked
Layer layer3.0.downsample.0.weight: 5/256 channels masked
Layer layer3.1.conv1.weight: 1/256 channels masked
Layer layer3.1.conv2.weight: 9/256 channels masked
Layer layer4.0.conv2.weight: 28/512 channels masked
Layer layer4.0.downsample.0.weight: 170/512 channels masked
Layer layer4.1.conv1.weight: 18/512 channels masked
Layer layer4.1.conv2.weight: 93/512 channels masked
------------------------- time cost ------------------------- 5.284967660903931
ASR: 0.4517552918555755
attack_auc: 0.8576693787529004
Layer conv1.weight: 1/64 channels masked
Layer layer2.0.downsample.0.weight: 1/128 channels masked
Layer layer3.0.conv2.weight: 3/256 channels masked
Layer layer3.0.downsample.0.weight: 5/256 channels masked
Layer layer3.1.conv1.weight: 1/256 channels masked
Layer layer3.1.conv2.weight: 9/256 channels masked
Layer layer4.0.conv2.weight: 28/512 channels masked
Layer layer4.0.downsample.0.weight: 170/512 channels masked
Layer layer4.1.conv1.weight: 18/512 channels masked
Layer layer4.1.conv2.weight: 98/512 channels masked
------------------------- time cost ------------------------- 5.340981960296631
ASR: 0.41890163725603585
attack_auc: 0.8418144212519798
Layer conv1.weight: 2/64 channels masked
Layer layer2.0.downsample.0.weight: 1/128 channels masked
Layer layer3.0.conv2.weight: 3/256 channels masked
Layer layer3.0.downsample.0.weight: 5/256 channels masked
Layer layer3.1.conv1.weight: 1/256 channels masked
Layer layer3.1.conv2.weight: 9/256 channels masked
Layer layer4.0.conv2.weight: 30/512 channels masked
Layer layer4.0.downsample.0.weight: 170/512 channels masked
Layer layer4.1.conv1.weight: 18/512 channels masked
Layer layer4.1.conv2.weight: 99/512 channels masked
------------------------- time cost ------------------------- 5.276960134506226
ASR: 0.41884386434309256
attack_auc: 0.8470275423687705
Layer conv1.weight: 2/64 channels masked
Layer layer2.0.downsample.0.weight: 1/128 channels masked
Layer layer3.0.conv2.weight: 3/256 channels masked
Layer layer3.0.downsample.0.weight: 5/256 channels masked
Layer layer3.1.conv1.weight: 1/256 channels masked
Layer layer3.1.conv2.weight: 9/256 channels masked
Layer layer4.0.conv2.weight: 31/512 channels masked
Layer layer4.0.downsample.0.weight: 170/512 channels masked
Layer layer4.1.conv1.weight: 18/512 channels masked
Layer layer4.1.conv2.weight: 99/512 channels masked
------------------------- time cost ------------------------- 4.389002561569214
ASR: 0.42947859522242177
attack_auc: 0.8491583882083152
Layer conv1.weight: 2/64 channels masked
Layer layer2.0.downsample.0.weight: 1/128 channels masked
Layer layer3.0.conv2.weight: 3/256 channels masked
Layer layer3.0.downsample.0.weight: 5/256 channels masked
Layer layer3.1.conv1.weight: 1/256 channels masked
Layer layer3.1.conv2.weight: 9/256 channels masked
Layer layer4.0.conv2.weight: 31/512 channels masked
Layer layer4.0.downsample.0.weight: 170/512 channels masked
Layer layer4.1.conv1.weight: 18/512 channels masked
Layer layer4.1.conv2.weight: 99/512 channels masked
------------------------- time cost ------------------------- 5.88174033164978

-------------Round number: 510-------------

Evaluate personalized models
Averaged Train Loss: 0.1655
Averaged Test Accurancy: 0.7436
Averaged Test AUC: 0.9553
Std Test Accurancy: 0.0965
Std Test AUC: 0.0226
ASR: 0.5014771195222947
attack_auc: 0.8772595773998566
Layer conv1.weight: 1/64 channels masked
Layer layer2.0.downsample.0.weight: 1/128 channels masked
Layer layer3.0.conv2.weight: 3/256 channels masked
Layer layer3.0.downsample.0.weight: 5/256 channels masked
Layer layer3.1.conv1.weight: 1/256 channels masked
Layer layer3.1.conv2.weight: 9/256 channels masked
Layer layer4.0.conv2.weight: 31/512 channels masked
Layer layer4.0.downsample.0.weight: 170/512 channels masked
Layer layer4.1.conv1.weight: 18/512 channels masked
Layer layer4.1.conv2.weight: 99/512 channels masked
------------------------- time cost ------------------------- 13.361634969711304
ASR: 0.4986224982002273
attack_auc: 0.872613241685016
Layer conv1.weight: 1/64 channels masked
Layer layer2.0.downsample.0.weight: 1/128 channels masked
Layer layer3.0.conv2.weight: 3/256 channels masked
Layer layer3.0.downsample.0.weight: 5/256 channels masked
Layer layer3.1.conv1.weight: 1/256 channels masked
Layer layer3.1.conv2.weight: 9/256 channels masked
Layer layer4.0.conv2.weight: 30/512 channels masked
Layer layer4.0.downsample.0.weight: 170/512 channels masked
Layer layer4.1.conv1.weight: 18/512 channels masked
Layer layer4.1.conv2.weight: 101/512 channels masked
------------------------- time cost ------------------------- 5.41476583480835
ASR: 0.4847053367686758
attack_auc: 0.872373827595778
Layer conv1.weight: 1/64 channels masked
Layer layer2.0.downsample.0.weight: 1/128 channels masked
Layer layer3.0.conv2.weight: 3/256 channels masked
Layer layer3.0.downsample.0.weight: 5/256 channels masked
Layer layer3.1.conv1.weight: 1/256 channels masked
Layer layer3.1.conv2.weight: 9/256 channels masked
Layer layer4.0.conv2.weight: 31/512 channels masked
Layer layer4.0.downsample.0.weight: 170/512 channels masked
Layer layer4.1.conv1.weight: 18/512 channels masked
Layer layer4.1.conv2.weight: 99/512 channels masked
------------------------- time cost ------------------------- 5.442468643188477
ASR: 0.49020598662593706
attack_auc: 0.8687377443212868
Layer conv1.weight: 1/64 channels masked
Layer layer2.0.downsample.0.weight: 1/128 channels masked
Layer layer3.0.conv2.weight: 3/256 channels masked
Layer layer3.0.downsample.0.weight: 5/256 channels masked
Layer layer3.1.conv1.weight: 1/256 channels masked
Layer layer3.1.conv2.weight: 9/256 channels masked
Layer layer4.0.conv1.weight: 1/512 channels masked
Layer layer4.0.conv2.weight: 31/512 channels masked
Layer layer4.0.downsample.0.weight: 170/512 channels masked
Layer layer4.1.conv1.weight: 18/512 channels masked
Layer layer4.1.conv2.weight: 100/512 channels masked
------------------------- time cost ------------------------- 4.804452657699585
ASR: 0.4749959396327923
attack_auc: 0.8649247728689338
Layer conv1.weight: 1/64 channels masked
Layer layer2.0.downsample.0.weight: 1/128 channels masked
Layer layer3.0.conv2.weight: 3/256 channels masked
Layer layer3.0.downsample.0.weight: 5/256 channels masked
Layer layer3.1.conv1.weight: 1/256 channels masked
Layer layer3.1.conv2.weight: 9/256 channels masked
Layer layer4.0.conv1.weight: 1/512 channels masked
Layer layer4.0.conv2.weight: 32/512 channels masked
Layer layer4.0.downsample.0.weight: 170/512 channels masked
Layer layer4.1.conv1.weight: 18/512 channels masked
Layer layer4.1.conv2.weight: 100/512 channels masked
------------------------- time cost ------------------------- 4.803960800170898
ASR: 0.4738087728502343
attack_auc: 0.864855970960921
Layer conv1.weight: 1/64 channels masked
Layer layer2.0.downsample.0.weight: 1/128 channels masked
Layer layer3.0.conv2.weight: 3/256 channels masked
Layer layer3.0.downsample.0.weight: 5/256 channels masked
Layer layer3.1.conv1.weight: 1/256 channels masked
Layer layer3.1.conv2.weight: 9/256 channels masked
Layer layer4.0.conv1.weight: 1/512 channels masked
Layer layer4.0.conv2.weight: 33/512 channels masked
Layer layer4.0.downsample.0.weight: 170/512 channels masked
Layer layer4.1.conv1.weight: 18/512 channels masked
Layer layer4.1.conv2.weight: 100/512 channels masked
------------------------- time cost ------------------------- 4.919966220855713
ASR: 0.5173603594016718
attack_auc: 0.8793356113529163
Layer conv1.weight: 1/64 channels masked
Layer layer2.0.downsample.0.weight: 1/128 channels masked
Layer layer3.0.conv2.weight: 3/256 channels masked
Layer layer3.0.downsample.0.weight: 5/256 channels masked
Layer layer3.1.conv1.weight: 1/256 channels masked
Layer layer3.1.conv2.weight: 9/256 channels masked
Layer layer4.0.conv1.weight: 1/512 channels masked
Layer layer4.0.conv2.weight: 32/512 channels masked
Layer layer4.0.downsample.0.weight: 170/512 channels masked
Layer layer4.1.conv1.weight: 18/512 channels masked
Layer layer4.1.conv2.weight: 100/512 channels masked
------------------------- time cost ------------------------- 5.80143141746521
ASR: 0.48307463686144375
attack_auc: 0.8663847505424586
Layer conv1.weight: 1/64 channels masked
Layer layer2.0.downsample.0.weight: 1/128 channels masked
Layer layer3.0.conv2.weight: 3/256 channels masked
Layer layer3.0.downsample.0.weight: 5/256 channels masked
Layer layer3.1.conv1.weight: 1/256 channels masked
Layer layer3.1.conv2.weight: 9/256 channels masked
Layer layer4.0.conv1.weight: 1/512 channels masked
Layer layer4.0.conv2.weight: 30/512 channels masked
Layer layer4.0.downsample.0.weight: 170/512 channels masked
Layer layer4.1.conv1.weight: 18/512 channels masked
Layer layer4.1.conv2.weight: 96/512 channels masked
------------------------- time cost ------------------------- 5.2080605030059814
ASR: 0.47482499731659245
attack_auc: 0.8634349349338926
Layer conv1.weight: 1/64 channels masked
Layer layer2.0.downsample.0.weight: 1/128 channels masked
Layer layer3.0.conv2.weight: 3/256 channels masked
Layer layer3.0.downsample.0.weight: 5/256 channels masked
Layer layer3.1.conv1.weight: 1/256 channels masked
Layer layer3.1.conv2.weight: 9/256 channels masked
Layer layer4.0.conv1.weight: 1/512 channels masked
Layer layer4.0.conv2.weight: 31/512 channels masked
Layer layer4.0.downsample.0.weight: 170/512 channels masked
Layer layer4.1.conv1.weight: 18/512 channels masked
Layer layer4.1.conv2.weight: 100/512 channels masked
------------------------- time cost ------------------------- 5.566185712814331
ASR: 0.44600186742351355
attack_auc: 0.851700064837146
Layer conv1.weight: 2/64 channels masked
Layer layer2.0.downsample.0.weight: 1/128 channels masked
Layer layer3.0.conv2.weight: 3/256 channels masked
Layer layer3.0.downsample.0.weight: 5/256 channels masked
Layer layer3.1.conv1.weight: 1/256 channels masked
Layer layer3.1.conv2.weight: 9/256 channels masked
Layer layer4.0.conv1.weight: 1/512 channels masked
Layer layer4.0.conv2.weight: 30/512 channels masked
Layer layer4.0.downsample.0.weight: 170/512 channels masked
Layer layer4.1.conv1.weight: 18/512 channels masked
Layer layer4.1.conv2.weight: 100/512 channels masked
------------------------- time cost ------------------------- 5.444401741027832

-------------Round number: 520-------------

Evaluate personalized models
Averaged Train Loss: 0.1529
Averaged Test Accurancy: 0.7463
Averaged Test AUC: 0.9567
Std Test Accurancy: 0.0918
Std Test AUC: 0.0204
ASR: 0.4145063332984629
attack_auc: 0.839649395546463
Layer conv1.weight: 1/64 channels masked
Layer layer2.0.downsample.0.weight: 1/128 channels masked
Layer layer3.0.conv2.weight: 3/256 channels masked
Layer layer3.0.downsample.0.weight: 5/256 channels masked
Layer layer3.1.conv1.weight: 1/256 channels masked
Layer layer3.1.conv2.weight: 9/256 channels masked
Layer layer4.0.conv1.weight: 1/512 channels masked
Layer layer4.0.conv2.weight: 31/512 channels masked
Layer layer4.0.downsample.0.weight: 170/512 channels masked
Layer layer4.1.conv1.weight: 18/512 channels masked
Layer layer4.1.conv2.weight: 100/512 channels masked
------------------------- time cost ------------------------- 12.460778951644897
ASR: 0.43202654731987433
attack_auc: 0.8510705570929841
Layer conv1.weight: 1/64 channels masked
Layer layer2.0.downsample.0.weight: 1/128 channels masked
Layer layer3.0.conv2.weight: 3/256 channels masked
Layer layer3.0.downsample.0.weight: 5/256 channels masked
Layer layer3.1.conv1.weight: 1/256 channels masked
Layer layer3.1.conv2.weight: 9/256 channels masked
Layer layer4.0.conv1.weight: 1/512 channels masked
Layer layer4.0.conv2.weight: 35/512 channels masked
Layer layer4.0.downsample.0.weight: 170/512 channels masked
Layer layer4.1.conv1.weight: 24/512 channels masked
Layer layer4.1.conv2.weight: 103/512 channels masked
------------------------- time cost ------------------------- 5.105368614196777
ASR: 0.4670198796607204
attack_auc: 0.8658943108618781
Layer conv1.weight: 1/64 channels masked
Layer layer2.0.downsample.0.weight: 1/128 channels masked
Layer layer3.0.conv2.weight: 3/256 channels masked
Layer layer3.0.downsample.0.weight: 5/256 channels masked
Layer layer3.1.conv1.weight: 1/256 channels masked
Layer layer3.1.conv2.weight: 9/256 channels masked
Layer layer4.0.conv1.weight: 1/512 channels masked
Layer layer4.0.conv2.weight: 33/512 channels masked
Layer layer4.0.downsample.0.weight: 170/512 channels masked
Layer layer4.1.conv1.weight: 23/512 channels masked
Layer layer4.1.conv2.weight: 101/512 channels masked
------------------------- time cost ------------------------- 5.564564228057861
ASR: 0.5408419770304002
attack_auc: 0.8947636894531342
Layer conv1.weight: 2/64 channels masked
Layer layer2.0.downsample.0.weight: 1/128 channels masked
Layer layer3.0.conv2.weight: 3/256 channels masked
Layer layer3.0.downsample.0.weight: 5/256 channels masked
Layer layer3.1.conv1.weight: 1/256 channels masked
Layer layer3.1.conv2.weight: 9/256 channels masked
Layer layer4.0.conv1.weight: 1/512 channels masked
Layer layer4.0.conv2.weight: 31/512 channels masked
Layer layer4.0.downsample.0.weight: 170/512 channels masked
Layer layer4.1.conv1.weight: 23/512 channels masked
Layer layer4.1.conv2.weight: 99/512 channels masked
------------------------- time cost ------------------------- 5.82064151763916
ASR: 0.5427976377877533
attack_auc: 0.8906047374064432
Layer conv1.weight: 2/64 channels masked
Layer layer2.0.downsample.0.weight: 1/128 channels masked
Layer layer3.0.conv2.weight: 3/256 channels masked
Layer layer3.0.downsample.0.weight: 5/256 channels masked
Layer layer3.1.conv1.weight: 1/256 channels masked
Layer layer3.1.conv2.weight: 9/256 channels masked
Layer layer4.0.conv1.weight: 1/512 channels masked
Layer layer4.0.conv2.weight: 31/512 channels masked
Layer layer4.0.downsample.0.weight: 170/512 channels masked
Layer layer4.1.conv1.weight: 23/512 channels masked
Layer layer4.1.conv2.weight: 101/512 channels masked
------------------------- time cost ------------------------- 5.353876113891602
ASR: 0.5313031560815683
attack_auc: 0.8874812357251197
Layer conv1.weight: 2/64 channels masked
Layer layer2.0.downsample.0.weight: 1/128 channels masked
Layer layer3.0.conv2.weight: 3/256 channels masked
Layer layer3.0.downsample.0.weight: 5/256 channels masked
Layer layer3.1.conv1.weight: 1/256 channels masked
Layer layer3.1.conv2.weight: 9/256 channels masked
Layer layer4.0.conv1.weight: 2/512 channels masked
Layer layer4.0.conv2.weight: 33/512 channels masked
Layer layer4.0.downsample.0.weight: 173/512 channels masked
Layer layer4.1.conv1.weight: 25/512 channels masked
Layer layer4.1.conv2.weight: 110/512 channels masked
------------------------- time cost ------------------------- 4.991896629333496
ASR: 0.5276747954281585
attack_auc: 0.8854701146254166
Layer conv1.weight: 2/64 channels masked
Layer layer2.0.downsample.0.weight: 1/128 channels masked
Layer layer3.0.conv2.weight: 3/256 channels masked
Layer layer3.0.downsample.0.weight: 5/256 channels masked
Layer layer3.1.conv1.weight: 1/256 channels masked
Layer layer3.1.conv2.weight: 9/256 channels masked
Layer layer4.0.conv1.weight: 1/512 channels masked
Layer layer4.0.conv2.weight: 28/512 channels masked
Layer layer4.0.downsample.0.weight: 173/512 channels masked
Layer layer4.1.conv1.weight: 25/512 channels masked
Layer layer4.1.conv2.weight: 102/512 channels masked
------------------------- time cost ------------------------- 5.429119110107422
ASR: 0.4990096156551542
attack_auc: 0.8751287882015911
Layer conv1.weight: 2/64 channels masked
Layer layer2.0.downsample.0.weight: 1/128 channels masked
Layer layer3.0.conv2.weight: 3/256 channels masked
Layer layer3.0.downsample.0.weight: 5/256 channels masked
Layer layer3.1.conv1.weight: 1/256 channels masked
Layer layer3.1.conv2.weight: 9/256 channels masked
Layer layer4.0.conv1.weight: 2/512 channels masked
Layer layer4.0.conv2.weight: 31/512 channels masked
Layer layer4.0.downsample.0.weight: 173/512 channels masked
Layer layer4.1.conv1.weight: 25/512 channels masked
Layer layer4.1.conv2.weight: 105/512 channels masked
------------------------- time cost ------------------------- 4.960802793502808
ASR: 0.5038407282814353
attack_auc: 0.8807473864423513
Layer conv1.weight: 1/64 channels masked
Layer layer2.0.downsample.0.weight: 1/128 channels masked
Layer layer3.0.conv2.weight: 3/256 channels masked
Layer layer3.0.downsample.0.weight: 5/256 channels masked
Layer layer3.1.conv1.weight: 1/256 channels masked
Layer layer3.1.conv2.weight: 9/256 channels masked
Layer layer4.0.conv1.weight: 1/512 channels masked
Layer layer4.0.conv2.weight: 32/512 channels masked
Layer layer4.0.downsample.0.weight: 173/512 channels masked
Layer layer4.1.conv1.weight: 25/512 channels masked
Layer layer4.1.conv2.weight: 105/512 channels masked
------------------------- time cost ------------------------- 5.148879289627075
ASR: 0.4828603602229618
attack_auc: 0.8693357276936532
Layer conv1.weight: 1/64 channels masked
Layer layer2.0.downsample.0.weight: 1/128 channels masked
Layer layer3.0.conv2.weight: 3/256 channels masked
Layer layer3.0.downsample.0.weight: 5/256 channels masked
Layer layer3.1.conv1.weight: 1/256 channels masked
Layer layer3.1.conv2.weight: 9/256 channels masked
Layer layer4.0.conv1.weight: 1/512 channels masked
Layer layer4.0.conv2.weight: 32/512 channels masked
Layer layer4.0.downsample.0.weight: 173/512 channels masked
Layer layer4.1.conv1.weight: 25/512 channels masked
Layer layer4.1.conv2.weight: 105/512 channels masked
------------------------- time cost ------------------------- 5.0230019092559814

-------------Round number: 530-------------

Evaluate personalized models
Averaged Train Loss: 0.1774
Averaged Test Accurancy: 0.7466
Averaged Test AUC: 0.9568
Std Test Accurancy: 0.0961
Std Test AUC: 0.0208
ASR: 0.4391058913170075
attack_auc: 0.8580684485960084
Layer conv1.weight: 1/64 channels masked
Layer layer2.0.downsample.0.weight: 1/128 channels masked
Layer layer3.0.conv2.weight: 3/256 channels masked
Layer layer3.0.downsample.0.weight: 5/256 channels masked
Layer layer3.1.conv1.weight: 1/256 channels masked
Layer layer3.1.conv2.weight: 9/256 channels masked
Layer layer4.0.conv1.weight: 1/512 channels masked
Layer layer4.0.conv2.weight: 32/512 channels masked
Layer layer4.0.downsample.0.weight: 173/512 channels masked
Layer layer4.1.conv1.weight: 25/512 channels masked
Layer layer4.1.conv2.weight: 105/512 channels masked
------------------------- time cost ------------------------- 12.707502841949463
ASR: 0.42644243151799316
attack_auc: 0.8515140674762134
Layer conv1.weight: 1/64 channels masked
Layer layer2.0.downsample.0.weight: 1/128 channels masked
Layer layer3.0.conv2.weight: 3/256 channels masked
Layer layer3.0.downsample.0.weight: 5/256 channels masked
Layer layer3.1.conv1.weight: 1/256 channels masked
Layer layer3.1.conv2.weight: 9/256 channels masked
Layer layer4.0.conv1.weight: 1/512 channels masked
Layer layer4.0.conv2.weight: 33/512 channels masked
Layer layer4.0.downsample.0.weight: 173/512 channels masked
Layer layer4.1.conv1.weight: 25/512 channels masked
Layer layer4.1.conv2.weight: 105/512 channels masked
------------------------- time cost ------------------------- 4.684837102890015
ASR: 0.45986427533567953
attack_auc: 0.8623049921702146
Layer conv1.weight: 1/64 channels masked
Layer layer2.0.downsample.0.weight: 1/128 channels masked
Layer layer3.0.conv2.weight: 3/256 channels masked
Layer layer3.0.downsample.0.weight: 5/256 channels masked
Layer layer3.1.conv1.weight: 1/256 channels masked
Layer layer3.1.conv2.weight: 9/256 channels masked
Layer layer4.0.conv1.weight: 1/512 channels masked
Layer layer4.0.conv2.weight: 33/512 channels masked
Layer layer4.0.downsample.0.weight: 173/512 channels masked
Layer layer4.1.conv1.weight: 25/512 channels masked
Layer layer4.1.conv2.weight: 107/512 channels masked
------------------------- time cost ------------------------- 4.659716606140137
ASR: 0.4487407458862702
attack_auc: 0.8575711358830788
Layer conv1.weight: 1/64 channels masked
Layer layer2.0.downsample.0.weight: 1/128 channels masked
Layer layer3.0.conv2.weight: 1/256 channels masked
Layer layer3.0.downsample.0.weight: 5/256 channels masked
Layer layer3.1.conv1.weight: 1/256 channels masked
Layer layer3.1.conv2.weight: 9/256 channels masked
Layer layer4.0.conv1.weight: 1/512 channels masked
Layer layer4.0.conv2.weight: 29/512 channels masked
Layer layer4.0.downsample.0.weight: 173/512 channels masked
Layer layer4.1.conv1.weight: 25/512 channels masked
Layer layer4.1.conv2.weight: 95/512 channels masked
------------------------- time cost ------------------------- 5.985214710235596
ASR: 0.442247651094588
attack_auc: 0.8569436087716192
Layer conv1.weight: 1/64 channels masked
Layer layer2.0.downsample.0.weight: 1/128 channels masked
Layer layer3.0.conv2.weight: 3/256 channels masked
Layer layer3.0.downsample.0.weight: 5/256 channels masked
Layer layer3.1.conv1.weight: 1/256 channels masked
Layer layer3.1.conv2.weight: 9/256 channels masked
Layer layer4.0.conv1.weight: 1/512 channels masked
Layer layer4.0.conv2.weight: 34/512 channels masked
Layer layer4.0.downsample.0.weight: 173/512 channels masked
Layer layer4.1.conv1.weight: 25/512 channels masked
Layer layer4.1.conv2.weight: 107/512 channels masked
------------------------- time cost ------------------------- 5.082956314086914
ASR: 0.4615136153432696
attack_auc: 0.8653541463861171
Layer conv1.weight: 1/64 channels masked
Layer layer2.0.downsample.0.weight: 1/128 channels masked
Layer layer3.0.conv2.weight: 3/256 channels masked
Layer layer3.0.downsample.0.weight: 5/256 channels masked
Layer layer3.1.conv1.weight: 1/256 channels masked
Layer layer3.1.conv2.weight: 9/256 channels masked
Layer layer4.0.conv1.weight: 1/512 channels masked
Layer layer4.0.conv2.weight: 31/512 channels masked
Layer layer4.0.downsample.0.weight: 173/512 channels masked
Layer layer4.1.conv1.weight: 25/512 channels masked
Layer layer4.1.conv2.weight: 106/512 channels masked
------------------------- time cost ------------------------- 5.945402145385742
ASR: 0.48746447253102704
attack_auc: 0.8743259740510562
Layer conv1.weight: 1/64 channels masked
Layer layer2.0.downsample.0.weight: 1/128 channels masked
Layer layer3.0.conv2.weight: 3/256 channels masked
Layer layer3.0.downsample.0.weight: 5/256 channels masked
Layer layer3.1.conv1.weight: 1/256 channels masked
Layer layer3.1.conv2.weight: 9/256 channels masked
Layer layer4.0.conv1.weight: 1/512 channels masked
Layer layer4.0.conv2.weight: 32/512 channels masked
Layer layer4.0.downsample.0.weight: 173/512 channels masked
Layer layer4.1.conv1.weight: 26/512 channels masked
Layer layer4.1.conv2.weight: 107/512 channels masked
------------------------- time cost ------------------------- 4.99479079246521
ASR: 0.4420040268249824
attack_auc: 0.8540707812723147
Layer conv1.weight: 2/64 channels masked
Layer layer2.0.downsample.0.weight: 1/128 channels masked
Layer layer3.0.conv2.weight: 3/256 channels masked
Layer layer3.0.downsample.0.weight: 5/256 channels masked
Layer layer3.1.conv1.weight: 1/256 channels masked
Layer layer3.1.conv2.weight: 9/256 channels masked
Layer layer4.0.conv1.weight: 1/512 channels masked
Layer layer4.0.conv2.weight: 32/512 channels masked
Layer layer4.0.downsample.0.weight: 173/512 channels masked
Layer layer4.1.conv1.weight: 26/512 channels masked
Layer layer4.1.conv2.weight: 109/512 channels masked
------------------------- time cost ------------------------- 5.333700895309448
ASR: 0.4817864060287973
attack_auc: 0.8697441988456467
Layer conv1.weight: 2/64 channels masked
Layer layer2.0.downsample.0.weight: 1/128 channels masked
Layer layer3.0.conv2.weight: 3/256 channels masked
Layer layer3.0.downsample.0.weight: 5/256 channels masked
Layer layer3.1.conv1.weight: 1/256 channels masked
Layer layer3.1.conv2.weight: 9/256 channels masked
Layer layer4.0.conv2.weight: 31/512 channels masked
Layer layer4.0.downsample.0.weight: 173/512 channels masked
Layer layer4.1.conv1.weight: 26/512 channels masked
Layer layer4.1.conv2.weight: 109/512 channels masked
------------------------- time cost ------------------------- 5.388729810714722
ASR: 0.5090436560967133
attack_auc: 0.880941657656378
Layer conv1.weight: 2/64 channels masked
Layer layer2.0.downsample.0.weight: 1/128 channels masked
Layer layer3.0.conv2.weight: 3/256 channels masked
Layer layer3.0.downsample.0.weight: 5/256 channels masked
Layer layer3.1.conv1.weight: 1/256 channels masked
Layer layer3.1.conv2.weight: 9/256 channels masked
Layer layer4.0.conv2.weight: 28/512 channels masked
Layer layer4.0.downsample.0.weight: 174/512 channels masked
Layer layer4.1.conv1.weight: 26/512 channels masked
Layer layer4.1.conv2.weight: 108/512 channels masked
------------------------- time cost ------------------------- 4.761106014251709

-------------Round number: 540-------------

Evaluate personalized models
Averaged Train Loss: 0.1455
Averaged Test Accurancy: 0.7508
Averaged Test AUC: 0.9570
Std Test Accurancy: 0.0861
Std Test AUC: 0.0209
ASR: 0.5240654986429475
attack_auc: 0.8841168748526892
Layer conv1.weight: 1/64 channels masked
Layer layer2.0.downsample.0.weight: 1/128 channels masked
Layer layer3.0.conv2.weight: 3/256 channels masked
Layer layer3.0.downsample.0.weight: 5/256 channels masked
Layer layer3.1.conv1.weight: 1/256 channels masked
Layer layer3.1.conv2.weight: 9/256 channels masked
Layer layer4.0.conv2.weight: 31/512 channels masked
Layer layer4.0.downsample.0.weight: 174/512 channels masked
Layer layer4.1.conv1.weight: 28/512 channels masked
Layer layer4.1.conv2.weight: 107/512 channels masked
------------------------- time cost ------------------------- 11.767369031906128
ASR: 0.5116780921312915
attack_auc: 0.8756541632398457
Layer conv1.weight: 1/64 channels masked
Layer layer2.0.downsample.0.weight: 1/128 channels masked
Layer layer3.0.conv2.weight: 3/256 channels masked
Layer layer3.0.downsample.0.weight: 5/256 channels masked
Layer layer3.1.conv1.weight: 1/256 channels masked
Layer layer3.1.conv2.weight: 9/256 channels masked
Layer layer4.0.conv2.weight: 31/512 channels masked
Layer layer4.0.downsample.0.weight: 174/512 channels masked
Layer layer4.1.conv1.weight: 27/512 channels masked
Layer layer4.1.conv2.weight: 109/512 channels masked
------------------------- time cost ------------------------- 5.4965832233428955
ASR: 0.4762095720812282
attack_auc: 0.8679966644307959
Layer conv1.weight: 1/64 channels masked
Layer layer2.0.downsample.0.weight: 1/128 channels masked
Layer layer3.0.conv2.weight: 3/256 channels masked
Layer layer3.0.downsample.0.weight: 5/256 channels masked
Layer layer3.1.conv1.weight: 1/256 channels masked
Layer layer3.1.conv2.weight: 9/256 channels masked
Layer layer4.0.conv2.weight: 31/512 channels masked
Layer layer4.0.downsample.0.weight: 174/512 channels masked
Layer layer4.1.conv1.weight: 27/512 channels masked
Layer layer4.1.conv2.weight: 108/512 channels masked
------------------------- time cost ------------------------- 6.0105743408203125
ASR: 0.4716336463202564
attack_auc: 0.8694940651432786
Layer layer2.0.downsample.0.weight: 1/128 channels masked
Layer layer3.0.conv2.weight: 3/256 channels masked
Layer layer3.0.downsample.0.weight: 5/256 channels masked
Layer layer3.1.conv1.weight: 1/256 channels masked
Layer layer3.1.conv2.weight: 9/256 channels masked
Layer layer4.0.conv2.weight: 30/512 channels masked
Layer layer4.0.downsample.0.weight: 174/512 channels masked
Layer layer4.1.conv1.weight: 27/512 channels masked
Layer layer4.1.conv2.weight: 107/512 channels masked
------------------------- time cost ------------------------- 4.92570424079895
ASR: 0.4301386734463205
attack_auc: 0.8500614966401078
Layer conv1.weight: 1/64 channels masked
Layer layer2.0.downsample.0.weight: 1/128 channels masked
Layer layer3.0.conv2.weight: 3/256 channels masked
Layer layer3.0.downsample.0.weight: 5/256 channels masked
Layer layer3.1.conv1.weight: 1/256 channels masked
Layer layer3.1.conv2.weight: 9/256 channels masked
Layer layer4.0.conv2.weight: 30/512 channels masked
Layer layer4.0.downsample.0.weight: 174/512 channels masked
Layer layer4.1.conv1.weight: 27/512 channels masked
Layer layer4.1.conv2.weight: 107/512 channels masked
------------------------- time cost ------------------------- 5.251341104507446
ASR: 0.4703087807644584
attack_auc: 0.8666388584285449
Layer conv1.weight: 1/64 channels masked
Layer layer2.0.downsample.0.weight: 1/128 channels masked
Layer layer3.0.conv2.weight: 3/256 channels masked
Layer layer3.0.downsample.0.weight: 5/256 channels masked
Layer layer3.1.conv1.weight: 1/256 channels masked
Layer layer3.1.conv2.weight: 9/256 channels masked
Layer layer4.0.conv2.weight: 30/512 channels masked
Layer layer4.0.downsample.0.weight: 174/512 channels masked
Layer layer4.1.conv1.weight: 27/512 channels masked
Layer layer4.1.conv2.weight: 108/512 channels masked
------------------------- time cost ------------------------- 5.334453105926514
ASR: 0.5054143997731301
attack_auc: 0.8817777913537894
Layer conv1.weight: 2/64 channels masked
Layer layer2.0.downsample.0.weight: 1/128 channels masked
Layer layer3.0.conv2.weight: 3/256 channels masked
Layer layer3.0.downsample.0.weight: 5/256 channels masked
Layer layer3.1.conv1.weight: 1/256 channels masked
Layer layer3.1.conv2.weight: 9/256 channels masked
Layer layer4.0.conv2.weight: 28/512 channels masked
Layer layer4.0.downsample.0.weight: 174/512 channels masked
Layer layer4.1.conv1.weight: 28/512 channels masked
Layer layer4.1.conv2.weight: 106/512 channels masked
------------------------- time cost ------------------------- 5.452635765075684
ASR: 0.48292857870546463
attack_auc: 0.8724235899440073
Layer conv1.weight: 2/64 channels masked
Layer layer2.0.downsample.0.weight: 1/128 channels masked
Layer layer3.0.conv2.weight: 3/256 channels masked
Layer layer3.0.downsample.0.weight: 5/256 channels masked
Layer layer3.1.conv1.weight: 1/256 channels masked
Layer layer3.1.conv2.weight: 9/256 channels masked
Layer layer4.0.conv2.weight: 29/512 channels masked
Layer layer4.0.downsample.0.weight: 174/512 channels masked
Layer layer4.1.conv1.weight: 28/512 channels masked
Layer layer4.1.conv2.weight: 108/512 channels masked
------------------------- time cost ------------------------- 5.427675485610962
ASR: 0.4922815331779645
attack_auc: 0.8746623926534044
Layer conv1.weight: 2/64 channels masked
Layer layer2.0.downsample.0.weight: 1/128 channels masked
Layer layer3.0.conv2.weight: 3/256 channels masked
Layer layer3.0.downsample.0.weight: 5/256 channels masked
Layer layer3.1.conv1.weight: 1/256 channels masked
Layer layer3.1.conv2.weight: 9/256 channels masked
Layer layer4.0.conv2.weight: 29/512 channels masked
Layer layer4.0.downsample.0.weight: 175/512 channels masked
Layer layer4.1.conv1.weight: 28/512 channels masked
Layer layer4.1.conv2.weight: 108/512 channels masked
------------------------- time cost ------------------------- 4.8842973709106445
ASR: 0.4868435315769761
attack_auc: 0.8708219468524402
Layer conv1.weight: 2/64 channels masked
Layer layer2.0.downsample.0.weight: 1/128 channels masked
Layer layer3.0.conv2.weight: 3/256 channels masked
Layer layer3.0.downsample.0.weight: 5/256 channels masked
Layer layer3.1.conv1.weight: 1/256 channels masked
Layer layer3.1.conv2.weight: 9/256 channels masked
Layer layer4.0.conv2.weight: 29/512 channels masked
Layer layer4.0.downsample.0.weight: 174/512 channels masked
Layer layer4.1.conv1.weight: 28/512 channels masked
Layer layer4.1.conv2.weight: 108/512 channels masked
------------------------- time cost ------------------------- 5.34157133102417

-------------Round number: 550-------------

Evaluate personalized models
Averaged Train Loss: 0.1431
Averaged Test Accurancy: 0.7434
Averaged Test AUC: 0.9560
Std Test Accurancy: 0.0867
Std Test AUC: 0.0225
ASR: 0.4930720539840507
attack_auc: 0.872207725508378
Layer conv1.weight: 2/64 channels masked
Layer layer2.0.downsample.0.weight: 1/128 channels masked
Layer layer3.0.conv2.weight: 3/256 channels masked
Layer layer3.0.downsample.0.weight: 5/256 channels masked
Layer layer3.1.conv1.weight: 1/256 channels masked
Layer layer3.1.conv2.weight: 9/256 channels masked
Layer layer4.0.conv2.weight: 29/512 channels masked
Layer layer4.0.downsample.0.weight: 175/512 channels masked
Layer layer4.1.conv1.weight: 28/512 channels masked
Layer layer4.1.conv2.weight: 108/512 channels masked
------------------------- time cost ------------------------- 12.961616277694702
ASR: 0.4985482156978201
attack_auc: 0.873751232087016
Layer conv1.weight: 2/64 channels masked
Layer layer2.0.downsample.0.weight: 1/128 channels masked
Layer layer3.0.conv2.weight: 3/256 channels masked
Layer layer3.0.downsample.0.weight: 5/256 channels masked
Layer layer3.1.conv1.weight: 1/256 channels masked
Layer layer3.1.conv2.weight: 9/256 channels masked
Layer layer4.0.conv2.weight: 29/512 channels masked
Layer layer4.0.downsample.0.weight: 175/512 channels masked
Layer layer4.1.conv1.weight: 28/512 channels masked
Layer layer4.1.conv2.weight: 108/512 channels masked
------------------------- time cost ------------------------- 5.879087209701538
ASR: 0.4959377214322016
attack_auc: 0.8742001456260582
Layer conv1.weight: 1/64 channels masked
Layer layer2.0.downsample.0.weight: 1/128 channels masked
Layer layer3.0.conv2.weight: 3/256 channels masked
Layer layer3.0.downsample.0.weight: 5/256 channels masked
Layer layer3.1.conv1.weight: 1/256 channels masked
Layer layer3.1.conv2.weight: 9/256 channels masked
Layer layer4.0.conv2.weight: 29/512 channels masked
Layer layer4.0.downsample.0.weight: 175/512 channels masked
Layer layer4.1.conv1.weight: 28/512 channels masked
Layer layer4.1.conv2.weight: 109/512 channels masked
------------------------- time cost ------------------------- 4.348214864730835
ASR: 0.4882559359217663
attack_auc: 0.871428494804344
Layer conv1.weight: 1/64 channels masked
Layer layer2.0.downsample.0.weight: 1/128 channels masked
Layer layer3.0.conv2.weight: 3/256 channels masked
Layer layer3.0.downsample.0.weight: 5/256 channels masked
Layer layer3.1.conv1.weight: 1/256 channels masked
Layer layer3.1.conv2.weight: 9/256 channels masked
Layer layer4.0.conv2.weight: 30/512 channels masked
Layer layer4.0.downsample.0.weight: 175/512 channels masked
Layer layer4.1.conv1.weight: 28/512 channels masked
Layer layer4.1.conv2.weight: 109/512 channels masked
------------------------- time cost ------------------------- 4.945854425430298
ASR: 0.4916294256685679
attack_auc: 0.8631541533870918
Layer conv1.weight: 2/64 channels masked
Layer layer2.0.downsample.0.weight: 1/128 channels masked
Layer layer3.0.conv2.weight: 3/256 channels masked
Layer layer3.0.downsample.0.weight: 5/256 channels masked
Layer layer3.1.conv1.weight: 1/256 channels masked
Layer layer3.1.conv2.weight: 9/256 channels masked
Layer layer4.0.conv2.weight: 30/512 channels masked
Layer layer4.0.downsample.0.weight: 175/512 channels masked
Layer layer4.1.conv1.weight: 28/512 channels masked
Layer layer4.1.conv2.weight: 109/512 channels masked
------------------------- time cost ------------------------- 4.681403636932373
ASR: 0.47371719829038295
attack_auc: 0.8648783866825626
Layer conv1.weight: 1/64 channels masked
Layer layer2.0.downsample.0.weight: 1/128 channels masked
Layer layer3.0.conv2.weight: 3/256 channels masked
Layer layer3.0.downsample.0.weight: 5/256 channels masked
Layer layer3.1.conv1.weight: 1/256 channels masked
Layer layer3.1.conv2.weight: 9/256 channels masked
Layer layer4.0.conv2.weight: 31/512 channels masked
Layer layer4.0.downsample.0.weight: 176/512 channels masked
Layer layer4.1.conv1.weight: 28/512 channels masked
Layer layer4.1.conv2.weight: 106/512 channels masked
------------------------- time cost ------------------------- 5.054480075836182
ASR: 0.4823138484324282
attack_auc: 0.867029286896367
Layer conv1.weight: 1/64 channels masked
Layer layer2.0.downsample.0.weight: 1/128 channels masked
Layer layer3.0.conv2.weight: 3/256 channels masked
Layer layer3.0.downsample.0.weight: 5/256 channels masked
Layer layer3.1.conv1.weight: 1/256 channels masked
Layer layer3.1.conv2.weight: 9/256 channels masked
Layer layer4.0.conv2.weight: 30/512 channels masked
Layer layer4.0.downsample.0.weight: 176/512 channels masked
Layer layer4.1.conv1.weight: 28/512 channels masked
Layer layer4.1.conv2.weight: 110/512 channels masked
------------------------- time cost ------------------------- 4.5727198123931885
ASR: 0.5284984076891371
attack_auc: 0.8844296311394043
Layer conv1.weight: 2/64 channels masked
Layer layer2.0.downsample.0.weight: 1/128 channels masked
Layer layer3.0.conv2.weight: 3/256 channels masked
Layer layer3.0.downsample.0.weight: 5/256 channels masked
Layer layer3.1.conv1.weight: 1/256 channels masked
Layer layer3.1.conv2.weight: 9/256 channels masked
Layer layer4.0.conv2.weight: 30/512 channels masked
Layer layer4.0.downsample.0.weight: 176/512 channels masked
Layer layer4.1.conv1.weight: 28/512 channels masked
Layer layer4.1.conv2.weight: 110/512 channels masked
------------------------- time cost ------------------------- 4.328889608383179
ASR: 0.5097258483501876
attack_auc: 0.8766606051082849
Layer conv1.weight: 2/64 channels masked
Layer layer2.0.downsample.0.weight: 1/128 channels masked
Layer layer3.0.conv2.weight: 3/256 channels masked
Layer layer3.0.downsample.0.weight: 5/256 channels masked
Layer layer3.1.conv1.weight: 1/256 channels masked
Layer layer3.1.conv2.weight: 9/256 channels masked
Layer layer4.0.conv2.weight: 31/512 channels masked
Layer layer4.0.downsample.0.weight: 176/512 channels masked
Layer layer4.1.conv1.weight: 28/512 channels masked
Layer layer4.1.conv2.weight: 110/512 channels masked
------------------------- time cost ------------------------- 4.9981300830841064
ASR: 0.5084206810141116
attack_auc: 0.8792045951630433
Layer conv1.weight: 2/64 channels masked
Layer layer2.0.downsample.0.weight: 1/128 channels masked
Layer layer3.0.conv2.weight: 3/256 channels masked
Layer layer3.0.downsample.0.weight: 5/256 channels masked
Layer layer3.1.conv1.weight: 1/256 channels masked
Layer layer3.1.conv2.weight: 9/256 channels masked
Layer layer4.0.conv2.weight: 31/512 channels masked
Layer layer4.0.downsample.0.weight: 176/512 channels masked
Layer layer4.1.conv1.weight: 28/512 channels masked
Layer layer4.1.conv2.weight: 110/512 channels masked
------------------------- time cost ------------------------- 4.080995559692383

-------------Round number: 560-------------

Evaluate personalized models
Averaged Train Loss: 0.1403
Averaged Test Accurancy: 0.7477
Averaged Test AUC: 0.9564
Std Test Accurancy: 0.0922
Std Test AUC: 0.0238
ASR: 0.4948052064008905
attack_auc: 0.8765839648156667
Layer conv1.weight: 2/64 channels masked
Layer layer2.0.downsample.0.weight: 1/128 channels masked
Layer layer3.0.conv2.weight: 3/256 channels masked
Layer layer3.0.downsample.0.weight: 5/256 channels masked
Layer layer3.1.conv1.weight: 1/256 channels masked
Layer layer3.1.conv2.weight: 9/256 channels masked
Layer layer4.0.conv2.weight: 31/512 channels masked
Layer layer4.0.downsample.0.weight: 176/512 channels masked
Layer layer4.1.conv1.weight: 28/512 channels masked
Layer layer4.1.conv2.weight: 110/512 channels masked
------------------------- time cost ------------------------- 12.796137571334839
ASR: 0.48946852696724164
attack_auc: 0.8725434933216139
Layer conv1.weight: 2/64 channels masked
Layer layer2.0.downsample.0.weight: 1/128 channels masked
Layer layer3.0.conv2.weight: 2/256 channels masked
Layer layer3.0.downsample.0.weight: 5/256 channels masked
Layer layer3.1.conv1.weight: 1/256 channels masked
Layer layer3.1.conv2.weight: 9/256 channels masked
Layer layer4.0.conv2.weight: 31/512 channels masked
Layer layer4.0.downsample.0.weight: 176/512 channels masked
Layer layer4.1.conv1.weight: 28/512 channels masked
Layer layer4.1.conv2.weight: 107/512 channels masked
------------------------- time cost ------------------------- 5.139371395111084
ASR: 0.49064861540053695
attack_auc: 0.869006928911651
Layer conv1.weight: 2/64 channels masked
Layer layer2.0.downsample.0.weight: 1/128 channels masked
Layer layer3.0.conv2.weight: 2/256 channels masked
Layer layer3.0.downsample.0.weight: 5/256 channels masked
Layer layer3.1.conv1.weight: 1/256 channels masked
Layer layer3.1.conv2.weight: 9/256 channels masked
Layer layer4.0.conv2.weight: 28/512 channels masked
Layer layer4.0.downsample.0.weight: 176/512 channels masked
Layer layer4.1.conv1.weight: 27/512 channels masked
Layer layer4.1.conv2.weight: 105/512 channels masked
------------------------- time cost ------------------------- 4.758084297180176
ASR: 0.49324964596815496
attack_auc: 0.8720425616959948
Layer conv1.weight: 2/64 channels masked
Layer layer2.0.downsample.0.weight: 1/128 channels masked
Layer layer3.0.conv2.weight: 3/256 channels masked
Layer layer3.0.downsample.0.weight: 5/256 channels masked
Layer layer3.1.conv1.weight: 1/256 channels masked
Layer layer3.1.conv2.weight: 9/256 channels masked
Layer layer4.0.conv2.weight: 31/512 channels masked
Layer layer4.0.downsample.0.weight: 176/512 channels masked
Layer layer4.1.conv1.weight: 28/512 channels masked
Layer layer4.1.conv2.weight: 107/512 channels masked
------------------------- time cost ------------------------- 5.353323936462402
ASR: 0.4916662094158981
attack_auc: 0.8675443839923711
Layer conv1.weight: 2/64 channels masked
Layer layer2.0.downsample.0.weight: 1/128 channels masked
Layer layer3.0.conv2.weight: 2/256 channels masked
Layer layer3.0.downsample.0.weight: 5/256 channels masked
Layer layer3.1.conv1.weight: 1/256 channels masked
Layer layer3.1.conv2.weight: 9/256 channels masked
Layer layer4.0.conv2.weight: 28/512 channels masked
Layer layer4.0.downsample.0.weight: 176/512 channels masked
Layer layer4.1.conv1.weight: 28/512 channels masked
Layer layer4.1.conv2.weight: 101/512 channels masked
------------------------- time cost ------------------------- 5.323367118835449
ASR: 0.4960960928658994
attack_auc: 0.8698290887098834
Layer conv1.weight: 2/64 channels masked
Layer layer2.0.downsample.0.weight: 1/128 channels masked
Layer layer3.0.conv2.weight: 3/256 channels masked
Layer layer3.0.downsample.0.weight: 5/256 channels masked
Layer layer3.1.conv1.weight: 1/256 channels masked
Layer layer3.1.conv2.weight: 9/256 channels masked
Layer layer4.0.conv1.weight: 2/512 channels masked
Layer layer4.0.conv2.weight: 33/512 channels masked
Layer layer4.0.downsample.0.weight: 176/512 channels masked
Layer layer4.1.conv1.weight: 29/512 channels masked
Layer layer4.1.conv2.weight: 107/512 channels masked
------------------------- time cost ------------------------- 4.305199146270752
ASR: 0.48549561124710056
attack_auc: 0.8681583650444261
Layer conv1.weight: 2/64 channels masked
Layer layer2.0.downsample.0.weight: 1/128 channels masked
Layer layer3.0.conv2.weight: 3/256 channels masked
Layer layer3.0.downsample.0.weight: 5/256 channels masked
Layer layer3.1.conv1.weight: 1/256 channels masked
Layer layer3.1.conv2.weight: 9/256 channels masked
Layer layer4.0.conv1.weight: 1/512 channels masked
Layer layer4.0.conv2.weight: 32/512 channels masked
Layer layer4.0.downsample.0.weight: 176/512 channels masked
Layer layer4.1.conv1.weight: 29/512 channels masked
Layer layer4.1.conv2.weight: 108/512 channels masked
------------------------- time cost ------------------------- 5.07844614982605
ASR: 0.48817201316977027
attack_auc: 0.8693082215897849
Layer conv1.weight: 3/64 channels masked
Layer layer2.0.downsample.0.weight: 1/128 channels masked
Layer layer3.0.conv2.weight: 3/256 channels masked
Layer layer3.0.downsample.0.weight: 5/256 channels masked
Layer layer3.1.conv1.weight: 1/256 channels masked
Layer layer3.1.conv2.weight: 9/256 channels masked
Layer layer4.0.conv1.weight: 1/512 channels masked
Layer layer4.0.conv2.weight: 32/512 channels masked
Layer layer4.0.downsample.0.weight: 176/512 channels masked
Layer layer4.1.conv1.weight: 29/512 channels masked
Layer layer4.1.conv2.weight: 109/512 channels masked
------------------------- time cost ------------------------- 5.608599424362183
ASR: 0.488464858266861
attack_auc: 0.8707897423964113
Layer conv1.weight: 2/64 channels masked
Layer layer2.0.downsample.0.weight: 1/128 channels masked
Layer layer3.0.conv2.weight: 3/256 channels masked
Layer layer3.0.downsample.0.weight: 5/256 channels masked
Layer layer3.1.conv1.weight: 1/256 channels masked
Layer layer3.1.conv2.weight: 9/256 channels masked
Layer layer4.0.conv1.weight: 1/512 channels masked
Layer layer4.0.conv2.weight: 33/512 channels masked
Layer layer4.0.downsample.0.weight: 177/512 channels masked
Layer layer4.1.conv1.weight: 29/512 channels masked
Layer layer4.1.conv2.weight: 110/512 channels masked
------------------------- time cost ------------------------- 5.486939907073975
ASR: 0.4981849937618742
attack_auc: 0.8743570397992114
Layer conv1.weight: 2/64 channels masked
Layer layer2.0.downsample.0.weight: 1/128 channels masked
Layer layer3.0.conv2.weight: 3/256 channels masked
Layer layer3.0.downsample.0.weight: 5/256 channels masked
Layer layer3.1.conv1.weight: 1/256 channels masked
Layer layer3.1.conv2.weight: 9/256 channels masked
Layer layer4.0.conv1.weight: 2/512 channels masked
Layer layer4.0.conv2.weight: 33/512 channels masked
Layer layer4.0.downsample.0.weight: 177/512 channels masked
Layer layer4.1.conv1.weight: 29/512 channels masked
Layer layer4.1.conv2.weight: 111/512 channels masked
------------------------- time cost ------------------------- 4.883488655090332

-------------Round number: 570-------------

Evaluate personalized models
Averaged Train Loss: 0.0995
Averaged Test Accurancy: 0.7574
Averaged Test AUC: 0.9588
Std Test Accurancy: 0.0831
Std Test AUC: 0.0197
ASR: 0.4992841452292858
attack_auc: 0.8738812316567144
Layer conv1.weight: 1/64 channels masked
Layer layer2.0.downsample.0.weight: 1/128 channels masked
Layer layer3.0.conv2.weight: 3/256 channels masked
Layer layer3.0.downsample.0.weight: 5/256 channels masked
Layer layer3.1.conv1.weight: 1/256 channels masked
Layer layer3.1.conv2.weight: 9/256 channels masked
Layer layer4.0.conv1.weight: 3/512 channels masked
Layer layer4.0.conv2.weight: 32/512 channels masked
Layer layer4.0.downsample.0.weight: 177/512 channels masked
Layer layer4.1.conv1.weight: 29/512 channels masked
Layer layer4.1.conv2.weight: 110/512 channels masked
------------------------- time cost ------------------------- 12.602041006088257
ASR: 0.4678606710042347
attack_auc: 0.863038662520274
Layer conv1.weight: 1/64 channels masked
Layer layer2.0.downsample.0.weight: 1/128 channels masked
Layer layer3.0.conv2.weight: 3/256 channels masked
Layer layer3.0.downsample.0.weight: 5/256 channels masked
Layer layer3.1.conv1.weight: 1/256 channels masked
Layer layer3.1.conv2.weight: 9/256 channels masked
Layer layer4.0.conv1.weight: 2/512 channels masked
Layer layer4.0.conv2.weight: 33/512 channels masked
Layer layer4.0.downsample.0.weight: 177/512 channels masked
Layer layer4.1.conv1.weight: 29/512 channels masked
Layer layer4.1.conv2.weight: 111/512 channels masked
------------------------- time cost ------------------------- 5.235194206237793
ASR: 0.43600658687522686
attack_auc: 0.8522157392307714
Layer conv1.weight: 1/64 channels masked
Layer layer2.0.downsample.0.weight: 1/128 channels masked
Layer layer3.0.conv2.weight: 3/256 channels masked
Layer layer3.0.downsample.0.weight: 5/256 channels masked
Layer layer3.1.conv1.weight: 1/256 channels masked
Layer layer3.1.conv2.weight: 9/256 channels masked
Layer layer4.0.conv1.weight: 2/512 channels masked
Layer layer4.0.conv2.weight: 32/512 channels masked
Layer layer4.0.downsample.0.weight: 177/512 channels masked
Layer layer4.1.conv1.weight: 29/512 channels masked
Layer layer4.1.conv2.weight: 110/512 channels masked
------------------------- time cost ------------------------- 5.855017185211182
ASR: 0.45415340310028124
attack_auc: 0.860560051998647
Layer conv1.weight: 2/64 channels masked
Layer layer2.0.downsample.0.weight: 1/128 channels masked
Layer layer3.0.conv2.weight: 3/256 channels masked
Layer layer3.0.downsample.0.weight: 5/256 channels masked
Layer layer3.1.conv1.weight: 1/256 channels masked
Layer layer3.1.conv2.weight: 9/256 channels masked
Layer layer4.0.conv1.weight: 3/512 channels masked
Layer layer4.0.conv2.weight: 32/512 channels masked
Layer layer4.0.downsample.0.weight: 177/512 channels masked
Layer layer4.1.conv1.weight: 29/512 channels masked
Layer layer4.1.conv2.weight: 110/512 channels masked
------------------------- time cost ------------------------- 5.644070386886597
ASR: 0.5077840580450702
attack_auc: 0.8833761632902912
Layer conv1.weight: 1/64 channels masked
Layer layer2.0.downsample.0.weight: 1/128 channels masked
Layer layer3.0.conv2.weight: 3/256 channels masked
Layer layer3.0.downsample.0.weight: 5/256 channels masked
Layer layer3.1.conv1.weight: 1/256 channels masked
Layer layer3.1.conv2.weight: 9/256 channels masked
Layer layer4.0.conv1.weight: 3/512 channels masked
Layer layer4.0.conv2.weight: 32/512 channels masked
Layer layer4.0.downsample.0.weight: 177/512 channels masked
Layer layer4.1.conv1.weight: 29/512 channels masked
Layer layer4.1.conv2.weight: 111/512 channels masked
------------------------- time cost ------------------------- 4.712731838226318
ASR: 0.46214282352034936
attack_auc: 0.8657671805499325
Layer conv1.weight: 2/64 channels masked
Layer layer2.0.downsample.0.weight: 1/128 channels masked
Layer layer3.0.conv2.weight: 3/256 channels masked
Layer layer3.0.downsample.0.weight: 5/256 channels masked
Layer layer3.1.conv1.weight: 1/256 channels masked
Layer layer3.1.conv2.weight: 9/256 channels masked
Layer layer4.0.conv1.weight: 3/512 channels masked
Layer layer4.0.conv2.weight: 33/512 channels masked
Layer layer4.0.downsample.0.weight: 177/512 channels masked
Layer layer4.1.conv1.weight: 29/512 channels masked
Layer layer4.1.conv2.weight: 111/512 channels masked
------------------------- time cost ------------------------- 5.3398919105529785
ASR: 0.48465850162949614
attack_auc: 0.8711120728838608
Layer conv1.weight: 2/64 channels masked
Layer layer2.0.downsample.0.weight: 1/128 channels masked
Layer layer3.0.conv2.weight: 3/256 channels masked
Layer layer3.0.downsample.0.weight: 5/256 channels masked
Layer layer3.1.conv1.weight: 1/256 channels masked
Layer layer3.1.conv2.weight: 9/256 channels masked
Layer layer4.0.conv1.weight: 3/512 channels masked
Layer layer4.0.conv2.weight: 32/512 channels masked
Layer layer4.0.downsample.0.weight: 177/512 channels masked
Layer layer4.1.conv1.weight: 29/512 channels masked
Layer layer4.1.conv2.weight: 111/512 channels masked
------------------------- time cost ------------------------- 5.061686277389526
ASR: 0.4676558795866025
attack_auc: 0.8678334473042632
Layer conv1.weight: 2/64 channels masked
Layer layer2.0.downsample.0.weight: 1/128 channels masked
Layer layer3.0.conv2.weight: 3/256 channels masked
Layer layer3.0.downsample.0.weight: 5/256 channels masked
Layer layer3.1.conv1.weight: 1/256 channels masked
Layer layer3.1.conv2.weight: 9/256 channels masked
Layer layer4.0.conv1.weight: 3/512 channels masked
Layer layer4.0.conv2.weight: 33/512 channels masked
Layer layer4.0.downsample.0.weight: 177/512 channels masked
Layer layer4.1.conv1.weight: 31/512 channels masked
Layer layer4.1.conv2.weight: 111/512 channels masked
------------------------- time cost ------------------------- 4.9696900844573975
ASR: 0.4626643995006538
attack_auc: 0.8655743721649942
Layer conv1.weight: 2/64 channels masked
Layer layer2.0.downsample.0.weight: 1/128 channels masked
Layer layer3.0.conv2.weight: 3/256 channels masked
Layer layer3.0.downsample.0.weight: 5/256 channels masked
Layer layer3.1.conv1.weight: 1/256 channels masked
Layer layer3.1.conv2.weight: 9/256 channels masked
Layer layer4.0.conv1.weight: 3/512 channels masked
Layer layer4.0.conv2.weight: 33/512 channels masked
Layer layer4.0.downsample.0.weight: 177/512 channels masked
Layer layer4.1.conv1.weight: 31/512 channels masked
Layer layer4.1.conv2.weight: 111/512 channels masked
------------------------- time cost ------------------------- 5.0935564041137695
ASR: 0.473866451219496
attack_auc: 0.869119268606359
Layer conv1.weight: 2/64 channels masked
Layer layer2.0.downsample.0.weight: 1/128 channels masked
Layer layer3.0.conv2.weight: 3/256 channels masked
Layer layer3.0.downsample.0.weight: 5/256 channels masked
Layer layer3.1.conv1.weight: 1/256 channels masked
Layer layer3.1.conv2.weight: 9/256 channels masked
Layer layer4.0.conv1.weight: 2/512 channels masked
Layer layer4.0.conv2.weight: 33/512 channels masked
Layer layer4.0.downsample.0.weight: 177/512 channels masked
Layer layer4.1.conv1.weight: 32/512 channels masked
Layer layer4.1.conv2.weight: 114/512 channels masked
------------------------- time cost ------------------------- 5.6727049350738525

-------------Round number: 580-------------

Evaluate personalized models
Averaged Train Loss: 0.0929
Averaged Test Accurancy: 0.7519
Averaged Test AUC: 0.9578
Std Test Accurancy: 0.0837
Std Test AUC: 0.0196
ASR: 0.4682177975195327
attack_auc: 0.8663689361232956
Layer conv1.weight: 2/64 channels masked
Layer layer2.0.downsample.0.weight: 1/128 channels masked
Layer layer3.0.conv2.weight: 3/256 channels masked
Layer layer3.0.downsample.0.weight: 5/256 channels masked
Layer layer3.1.conv1.weight: 1/256 channels masked
Layer layer3.1.conv2.weight: 9/256 channels masked
Layer layer4.0.conv1.weight: 2/512 channels masked
Layer layer4.0.conv2.weight: 33/512 channels masked
Layer layer4.0.downsample.0.weight: 177/512 channels masked
Layer layer4.1.conv1.weight: 32/512 channels masked
Layer layer4.1.conv2.weight: 114/512 channels masked
------------------------- time cost ------------------------- 12.351530075073242
ASR: 0.4834008191925033
attack_auc: 0.8725361336568119
Layer conv1.weight: 2/64 channels masked
Layer layer2.0.downsample.0.weight: 1/128 channels masked
Layer layer3.0.conv2.weight: 3/256 channels masked
Layer layer3.0.downsample.0.weight: 5/256 channels masked
Layer layer3.1.conv1.weight: 1/256 channels masked
Layer layer3.1.conv2.weight: 9/256 channels masked
Layer layer4.0.conv1.weight: 2/512 channels masked
Layer layer4.0.conv2.weight: 34/512 channels masked
Layer layer4.0.downsample.0.weight: 177/512 channels masked
Layer layer4.1.conv1.weight: 32/512 channels masked
Layer layer4.1.conv2.weight: 113/512 channels masked
------------------------- time cost ------------------------- 4.652306318283081
ASR: 0.496434151037135
attack_auc: 0.8784312808970096
Layer conv1.weight: 3/64 channels masked
Layer layer2.0.downsample.0.weight: 1/128 channels masked
Layer layer3.0.conv2.weight: 3/256 channels masked
Layer layer3.0.downsample.0.weight: 5/256 channels masked
Layer layer3.1.conv1.weight: 1/256 channels masked
Layer layer3.1.conv2.weight: 9/256 channels masked
Layer layer4.0.conv1.weight: 1/512 channels masked
Layer layer4.0.conv2.weight: 33/512 channels masked
Layer layer4.0.downsample.0.weight: 177/512 channels masked
Layer layer4.1.conv1.weight: 31/512 channels masked
Layer layer4.1.conv2.weight: 107/512 channels masked
------------------------- time cost ------------------------- 5.203997850418091
ASR: 0.5085762991998687
attack_auc: 0.8805474263745542
Layer conv1.weight: 2/64 channels masked
Layer layer2.0.downsample.0.weight: 1/128 channels masked
Layer layer3.0.conv2.weight: 3/256 channels masked
Layer layer3.0.downsample.0.weight: 5/256 channels masked
Layer layer3.1.conv1.weight: 1/256 channels masked
Layer layer3.1.conv2.weight: 9/256 channels masked
Layer layer4.0.conv1.weight: 1/512 channels masked
Layer layer4.0.conv2.weight: 21/512 channels masked
Layer layer4.0.downsample.0.weight: 178/512 channels masked
Layer layer4.1.conv1.weight: 31/512 channels masked
Layer layer4.1.conv2.weight: 102/512 channels masked
------------------------- time cost ------------------------- 5.206969738006592
ASR: 0.5218995169903966
attack_auc: 0.8836952267075858
Layer conv1.weight: 3/64 channels masked
Layer layer2.0.downsample.0.weight: 1/128 channels masked
Layer layer3.0.conv2.weight: 3/256 channels masked
Layer layer3.0.downsample.0.weight: 5/256 channels masked
Layer layer3.1.conv1.weight: 1/256 channels masked
Layer layer3.1.conv2.weight: 9/256 channels masked
Layer layer4.0.conv1.weight: 1/512 channels masked
Layer layer4.0.conv2.weight: 27/512 channels masked
Layer layer4.0.downsample.0.weight: 178/512 channels masked
Layer layer4.1.conv1.weight: 32/512 channels masked
Layer layer4.1.conv2.weight: 103/512 channels masked
------------------------- time cost ------------------------- 5.889465570449829
ASR: 0.5253330006212248
attack_auc: 0.886950709563765
Layer conv1.weight: 2/64 channels masked
Layer layer2.0.downsample.0.weight: 1/128 channels masked
Layer layer3.0.conv2.weight: 3/256 channels masked
Layer layer3.0.downsample.0.weight: 5/256 channels masked
Layer layer3.1.conv1.weight: 1/256 channels masked
Layer layer3.1.conv2.weight: 9/256 channels masked
Layer layer4.0.conv2.weight: 26/512 channels masked
Layer layer4.0.downsample.0.weight: 178/512 channels masked
Layer layer4.1.conv1.weight: 32/512 channels masked
Layer layer4.1.conv2.weight: 102/512 channels masked
------------------------- time cost ------------------------- 4.683120012283325
ASR: 0.5266402903173285
attack_auc: 0.8898695233021796
Layer conv1.weight: 3/64 channels masked
Layer layer2.0.downsample.0.weight: 1/128 channels masked
Layer layer3.0.conv2.weight: 3/256 channels masked
Layer layer3.0.downsample.0.weight: 5/256 channels masked
Layer layer3.1.conv1.weight: 1/256 channels masked
Layer layer3.1.conv2.weight: 9/256 channels masked
Layer layer4.0.conv2.weight: 26/512 channels masked
Layer layer4.0.downsample.0.weight: 178/512 channels masked
Layer layer4.1.conv1.weight: 33/512 channels masked
Layer layer4.1.conv2.weight: 108/512 channels masked
------------------------- time cost ------------------------- 5.427027702331543
ASR: 0.5387918962071726
attack_auc: 0.8976323732552639
Layer conv1.weight: 1/64 channels masked
Layer layer2.0.downsample.0.weight: 1/128 channels masked
Layer layer3.0.conv2.weight: 3/256 channels masked
Layer layer3.0.downsample.0.weight: 5/256 channels masked
Layer layer3.1.conv1.weight: 1/256 channels masked
Layer layer3.1.conv2.weight: 9/256 channels masked
Layer layer4.0.conv2.weight: 27/512 channels masked
Layer layer4.0.downsample.0.weight: 178/512 channels masked
Layer layer4.1.conv1.weight: 33/512 channels masked
Layer layer4.1.conv2.weight: 104/512 channels masked
------------------------- time cost ------------------------- 5.109976530075073
ASR: 0.5311278021922775
attack_auc: 0.8936566063075795
Layer conv1.weight: 2/64 channels masked
Layer layer2.0.downsample.0.weight: 1/128 channels masked
Layer layer3.0.conv2.weight: 3/256 channels masked
Layer layer3.0.downsample.0.weight: 5/256 channels masked
Layer layer3.1.conv1.weight: 1/256 channels masked
Layer layer3.1.conv2.weight: 9/256 channels masked
Layer layer4.0.conv1.weight: 2/512 channels masked
Layer layer4.0.conv2.weight: 28/512 channels masked
Layer layer4.0.downsample.0.weight: 178/512 channels masked
Layer layer4.1.conv1.weight: 35/512 channels masked
Layer layer4.1.conv2.weight: 110/512 channels masked
------------------------- time cost ------------------------- 5.147320747375488
ASR: 0.5042849237226931
attack_auc: 0.8784646837877826
Layer conv1.weight: 1/64 channels masked
Layer layer2.0.downsample.0.weight: 1/128 channels masked
Layer layer3.0.conv2.weight: 3/256 channels masked
Layer layer3.0.downsample.0.weight: 5/256 channels masked
Layer layer3.1.conv1.weight: 1/256 channels masked
Layer layer3.1.conv2.weight: 9/256 channels masked
Layer layer4.0.conv1.weight: 1/512 channels masked
Layer layer4.0.conv2.weight: 28/512 channels masked
Layer layer4.0.downsample.0.weight: 178/512 channels masked
Layer layer4.1.conv1.weight: 35/512 channels masked
Layer layer4.1.conv2.weight: 111/512 channels masked
------------------------- time cost ------------------------- 5.201533794403076

-------------Round number: 590-------------

Evaluate personalized models
Averaged Train Loss: 0.1166
Averaged Test Accurancy: 0.7595
Averaged Test AUC: 0.9587
Std Test Accurancy: 0.0881
Std Test AUC: 0.0197
ASR: 0.4729385069377645
attack_auc: 0.8718423056494724
Layer conv1.weight: 2/64 channels masked
Layer layer2.0.downsample.0.weight: 1/128 channels masked
Layer layer3.0.conv2.weight: 3/256 channels masked
Layer layer3.0.downsample.0.weight: 5/256 channels masked
Layer layer3.1.conv1.weight: 1/256 channels masked
Layer layer3.1.conv2.weight: 9/256 channels masked
Layer layer4.0.conv1.weight: 2/512 channels masked
Layer layer4.0.conv2.weight: 28/512 channels masked
Layer layer4.0.downsample.0.weight: 178/512 channels masked
Layer layer4.1.conv1.weight: 35/512 channels masked
Layer layer4.1.conv2.weight: 111/512 channels masked
------------------------- time cost ------------------------- 13.601024866104126
ASR: 0.48603466012767454
attack_auc: 0.877967291501563
Layer conv1.weight: 3/64 channels masked
Layer layer2.0.downsample.0.weight: 1/128 channels masked
Layer layer3.0.conv2.weight: 3/256 channels masked
Layer layer3.0.downsample.0.weight: 5/256 channels masked
Layer layer3.1.conv1.weight: 1/256 channels masked
Layer layer3.1.conv2.weight: 9/256 channels masked
Layer layer4.0.conv1.weight: 2/512 channels masked
Layer layer4.0.conv2.weight: 30/512 channels masked
Layer layer4.0.downsample.0.weight: 178/512 channels masked
Layer layer4.1.conv1.weight: 35/512 channels masked
Layer layer4.1.conv2.weight: 113/512 channels masked
------------------------- time cost ------------------------- 4.663038730621338
ASR: 0.4956523028788068
attack_auc: 0.8794036312580501
Layer conv1.weight: 3/64 channels masked
Layer layer2.0.downsample.0.weight: 1/128 channels masked
Layer layer3.0.conv2.weight: 3/256 channels masked
Layer layer3.0.downsample.0.weight: 5/256 channels masked
Layer layer3.1.conv1.weight: 1/256 channels masked
Layer layer3.1.conv2.weight: 9/256 channels masked
Layer layer4.0.conv1.weight: 2/512 channels masked
Layer layer4.0.conv2.weight: 30/512 channels masked
Layer layer4.0.downsample.0.weight: 178/512 channels masked
Layer layer4.1.conv1.weight: 36/512 channels masked
Layer layer4.1.conv2.weight: 113/512 channels masked
------------------------- time cost ------------------------- 4.637494087219238
ASR: 0.5355025664591715
attack_auc: 0.8854257566528125
Layer conv1.weight: 3/64 channels masked
Layer layer2.0.downsample.0.weight: 1/128 channels masked
Layer layer3.0.conv2.weight: 3/256 channels masked
Layer layer3.0.downsample.0.weight: 5/256 channels masked
Layer layer3.1.conv1.weight: 1/256 channels masked
Layer layer3.1.conv2.weight: 9/256 channels masked
Layer layer4.0.conv1.weight: 2/512 channels masked
Layer layer4.0.conv2.weight: 30/512 channels masked
Layer layer4.0.downsample.0.weight: 178/512 channels masked
Layer layer4.1.conv1.weight: 36/512 channels masked
Layer layer4.1.conv2.weight: 113/512 channels masked
------------------------- time cost ------------------------- 5.104427099227905
ASR: 0.5252653282202402
attack_auc: 0.8867904806262286
Layer conv1.weight: 3/64 channels masked
Layer layer2.0.downsample.0.weight: 1/128 channels masked
Layer layer3.0.conv2.weight: 3/256 channels masked
Layer layer3.0.downsample.0.weight: 5/256 channels masked
Layer layer3.1.conv1.weight: 1/256 channels masked
Layer layer3.1.conv2.weight: 9/256 channels masked
Layer layer4.0.conv1.weight: 2/512 channels masked
Layer layer4.0.conv2.weight: 30/512 channels masked
Layer layer4.0.downsample.0.weight: 178/512 channels masked
Layer layer4.1.conv1.weight: 37/512 channels masked
Layer layer4.1.conv2.weight: 113/512 channels masked
------------------------- time cost ------------------------- 4.6746134757995605
ASR: 0.5303873447751968
attack_auc: 0.8893051732416235
Layer conv1.weight: 3/64 channels masked
Layer layer2.0.downsample.0.weight: 1/128 channels masked
Layer layer3.0.conv2.weight: 3/256 channels masked
Layer layer3.0.downsample.0.weight: 5/256 channels masked
Layer layer3.1.conv1.weight: 1/256 channels masked
Layer layer3.1.conv2.weight: 9/256 channels masked
Layer layer4.0.conv1.weight: 2/512 channels masked
Layer layer4.0.conv2.weight: 26/512 channels masked
Layer layer4.0.downsample.0.weight: 179/512 channels masked
Layer layer4.1.conv1.weight: 36/512 channels masked
Layer layer4.1.conv2.weight: 103/512 channels masked
------------------------- time cost ------------------------- 4.729748725891113
ASR: 0.5302384975443728
attack_auc: 0.8903149810017503
Layer conv1.weight: 4/64 channels masked
Layer layer2.0.downsample.0.weight: 1/128 channels masked
Layer layer3.0.conv2.weight: 3/256 channels masked
Layer layer3.0.downsample.0.weight: 5/256 channels masked
Layer layer3.1.conv1.weight: 1/256 channels masked
Layer layer3.1.conv2.weight: 9/256 channels masked
Layer layer4.0.conv1.weight: 2/512 channels masked
Layer layer4.0.conv2.weight: 30/512 channels masked
Layer layer4.0.downsample.0.weight: 178/512 channels masked
Layer layer4.1.conv1.weight: 37/512 channels masked
Layer layer4.1.conv2.weight: 115/512 channels masked
------------------------- time cost ------------------------- 5.3725745677948
ASR: 0.4952174135915257
attack_auc: 0.8778515992722472
Layer conv1.weight: 4/64 channels masked
Layer layer2.0.downsample.0.weight: 1/128 channels masked
Layer layer3.0.conv2.weight: 3/256 channels masked
Layer layer3.0.downsample.0.weight: 5/256 channels masked
Layer layer3.1.conv1.weight: 1/256 channels masked
Layer layer3.1.conv2.weight: 9/256 channels masked
Layer layer4.0.conv1.weight: 2/512 channels masked
Layer layer4.0.conv2.weight: 30/512 channels masked
Layer layer4.0.downsample.0.weight: 178/512 channels masked
Layer layer4.1.conv1.weight: 37/512 channels masked
Layer layer4.1.conv2.weight: 115/512 channels masked
------------------------- time cost ------------------------- 5.402570486068726
ASR: 0.49794805549897064
attack_auc: 0.8793198044931557
Layer conv1.weight: 4/64 channels masked
Layer layer2.0.downsample.0.weight: 1/128 channels masked
Layer layer3.0.conv2.weight: 3/256 channels masked
Layer layer3.0.downsample.0.weight: 5/256 channels masked
Layer layer3.1.conv1.weight: 1/256 channels masked
Layer layer3.1.conv2.weight: 9/256 channels masked
Layer layer4.0.conv1.weight: 2/512 channels masked
Layer layer4.0.conv2.weight: 30/512 channels masked
Layer layer4.0.downsample.0.weight: 178/512 channels masked
Layer layer4.1.conv1.weight: 37/512 channels masked
Layer layer4.1.conv2.weight: 115/512 channels masked
------------------------- time cost ------------------------- 4.866034507751465
ASR: 0.5015147404694018
attack_auc: 0.8801344449798407
Layer conv1.weight: 4/64 channels masked
Layer layer2.0.downsample.0.weight: 1/128 channels masked
Layer layer3.0.conv2.weight: 3/256 channels masked
Layer layer3.0.downsample.0.weight: 5/256 channels masked
Layer layer3.1.conv1.weight: 1/256 channels masked
Layer layer3.1.conv2.weight: 9/256 channels masked
Layer layer4.0.conv1.weight: 2/512 channels masked
Layer layer4.0.conv2.weight: 31/512 channels masked
Layer layer4.0.downsample.0.weight: 179/512 channels masked
Layer layer4.1.conv1.weight: 38/512 channels masked
Layer layer4.1.conv2.weight: 116/512 channels masked
------------------------- time cost ------------------------- 5.212514638900757

-------------Round number: 600-------------

Evaluate personalized models
Averaged Train Loss: 0.1183
Averaged Test Accurancy: 0.7572
Averaged Test AUC: 0.9587
Std Test Accurancy: 0.0970
Std Test AUC: 0.0196
ASR: 0.5277457418250677
attack_auc: 0.8816426934836943
Layer conv1.weight: 4/64 channels masked
Layer layer2.0.downsample.0.weight: 1/128 channels masked
Layer layer3.0.conv2.weight: 3/256 channels masked
Layer layer3.0.downsample.0.weight: 5/256 channels masked
Layer layer3.1.conv1.weight: 1/256 channels masked
Layer layer3.1.conv2.weight: 9/256 channels masked
Layer layer4.0.conv1.weight: 1/512 channels masked
Layer layer4.0.conv2.weight: 30/512 channels masked
Layer layer4.0.downsample.0.weight: 179/512 channels masked
Layer layer4.1.conv1.weight: 37/512 channels masked
Layer layer4.1.conv2.weight: 115/512 channels masked
------------------------- time cost ------------------------- 13.274813175201416
ASR: 0.5312245062417377
attack_auc: 0.8893716047062028
Layer conv1.weight: 4/64 channels masked
Layer layer2.0.downsample.0.weight: 1/128 channels masked
Layer layer3.0.conv2.weight: 3/256 channels masked
Layer layer3.0.downsample.0.weight: 5/256 channels masked
Layer layer3.1.conv1.weight: 1/256 channels masked
Layer layer3.1.conv2.weight: 9/256 channels masked
Layer layer4.0.conv1.weight: 1/512 channels masked
Layer layer4.0.conv2.weight: 32/512 channels masked
Layer layer4.0.downsample.0.weight: 179/512 channels masked
Layer layer4.1.conv1.weight: 38/512 channels masked
Layer layer4.1.conv2.weight: 115/512 channels masked
------------------------- time cost ------------------------- 5.061335563659668
ASR: 0.5001850776689452
attack_auc: 0.879410472438508
Layer conv1.weight: 4/64 channels masked
Layer layer2.0.downsample.0.weight: 1/128 channels masked
Layer layer3.0.conv2.weight: 3/256 channels masked
Layer layer3.0.downsample.0.weight: 5/256 channels masked
Layer layer3.1.conv1.weight: 1/256 channels masked
Layer layer3.1.conv2.weight: 9/256 channels masked
Layer layer4.0.conv1.weight: 1/512 channels masked
Layer layer4.0.conv2.weight: 32/512 channels masked
Layer layer4.0.downsample.0.weight: 179/512 channels masked
Layer layer4.1.conv1.weight: 38/512 channels masked
Layer layer4.1.conv2.weight: 116/512 channels masked
------------------------- time cost ------------------------- 5.22568941116333
ASR: 0.4974663554285003
attack_auc: 0.8775711534944349
Layer conv1.weight: 3/64 channels masked
Layer layer2.0.downsample.0.weight: 1/128 channels masked
Layer layer3.0.conv2.weight: 3/256 channels masked
Layer layer3.0.downsample.0.weight: 5/256 channels masked
Layer layer3.1.conv1.weight: 1/256 channels masked
Layer layer3.1.conv2.weight: 9/256 channels masked
Layer layer4.0.conv1.weight: 1/512 channels masked
Layer layer4.0.conv2.weight: 31/512 channels masked
Layer layer4.0.downsample.0.weight: 179/512 channels masked
Layer layer4.1.conv1.weight: 38/512 channels masked
Layer layer4.1.conv2.weight: 116/512 channels masked
------------------------- time cost ------------------------- 5.687236785888672
ASR: 0.5270729315402499
attack_auc: 0.887920548625638
Layer conv1.weight: 4/64 channels masked
Layer layer2.0.downsample.0.weight: 1/128 channels masked
Layer layer3.0.conv2.weight: 3/256 channels masked
Layer layer3.0.downsample.0.weight: 5/256 channels masked
Layer layer3.1.conv1.weight: 1/256 channels masked
Layer layer3.1.conv2.weight: 9/256 channels masked
Layer layer4.0.conv1.weight: 1/512 channels masked
Layer layer4.0.conv2.weight: 32/512 channels masked
Layer layer4.0.downsample.0.weight: 179/512 channels masked
Layer layer4.1.conv1.weight: 38/512 channels masked
Layer layer4.1.conv2.weight: 116/512 channels masked
------------------------- time cost ------------------------- 5.146369695663452
ASR: 0.5510436684225313
attack_auc: 0.89009633274029
Layer conv1.weight: 2/64 channels masked
Layer layer2.0.downsample.0.weight: 1/128 channels masked
Layer layer3.0.conv2.weight: 3/256 channels masked
Layer layer3.0.downsample.0.weight: 5/256 channels masked
Layer layer3.1.conv1.weight: 1/256 channels masked
Layer layer3.1.conv2.weight: 9/256 channels masked
Layer layer4.0.conv1.weight: 1/512 channels masked
Layer layer4.0.conv2.weight: 32/512 channels masked
Layer layer4.0.downsample.0.weight: 179/512 channels masked
Layer layer4.1.conv1.weight: 38/512 channels masked
Layer layer4.1.conv2.weight: 116/512 channels masked
------------------------- time cost ------------------------- 5.24915075302124
ASR: 0.5323204182998151
attack_auc: 0.8903668136393613
Layer conv1.weight: 2/64 channels masked
Layer layer2.0.downsample.0.weight: 1/128 channels masked
Layer layer3.0.conv2.weight: 3/256 channels masked
Layer layer3.0.downsample.0.weight: 5/256 channels masked
Layer layer3.1.conv1.weight: 1/256 channels masked
Layer layer3.1.conv2.weight: 9/256 channels masked
Layer layer4.0.conv1.weight: 1/512 channels masked
Layer layer4.0.conv2.weight: 32/512 channels masked
Layer layer4.0.downsample.0.weight: 179/512 channels masked
Layer layer4.1.conv1.weight: 38/512 channels masked
Layer layer4.1.conv2.weight: 118/512 channels masked
------------------------- time cost ------------------------- 4.552177667617798
ASR: 0.5139428711615832
attack_auc: 0.8843050425756409
Layer conv1.weight: 2/64 channels masked
Layer layer2.0.downsample.0.weight: 1/128 channels masked
Layer layer3.0.conv2.weight: 3/256 channels masked
Layer layer3.0.downsample.0.weight: 5/256 channels masked
Layer layer3.1.conv1.weight: 1/256 channels masked
Layer layer3.1.conv2.weight: 9/256 channels masked
Layer layer4.0.conv1.weight: 1/512 channels masked
Layer layer4.0.conv2.weight: 32/512 channels masked
Layer layer4.0.downsample.0.weight: 179/512 channels masked
Layer layer4.1.conv1.weight: 38/512 channels masked
Layer layer4.1.conv2.weight: 118/512 channels masked
------------------------- time cost ------------------------- 5.043063163757324
ASR: 0.524328049430565
attack_auc: 0.8806312938959447
Layer conv1.weight: 2/64 channels masked
Layer layer2.0.downsample.0.weight: 1/128 channels masked
Layer layer3.0.conv2.weight: 3/256 channels masked
Layer layer3.0.downsample.0.weight: 5/256 channels masked
Layer layer3.1.conv1.weight: 1/256 channels masked
Layer layer3.1.conv2.weight: 9/256 channels masked
Layer layer4.0.conv1.weight: 1/512 channels masked
Layer layer4.0.conv2.weight: 31/512 channels masked
Layer layer4.0.downsample.0.weight: 178/512 channels masked
Layer layer4.1.conv1.weight: 30/512 channels masked
Layer layer4.1.conv2.weight: 118/512 channels masked
------------------------- time cost ------------------------- 4.640917539596558
ASR: 0.49704012967245637
attack_auc: 0.8755612356334069
Layer conv1.weight: 3/64 channels masked
Layer layer2.0.downsample.0.weight: 1/128 channels masked
Layer layer3.0.conv2.weight: 3/256 channels masked
Layer layer3.0.downsample.0.weight: 5/256 channels masked
Layer layer3.1.conv1.weight: 1/256 channels masked
Layer layer3.1.conv2.weight: 9/256 channels masked
Layer layer4.0.conv1.weight: 1/512 channels masked
Layer layer4.0.conv2.weight: 32/512 channels masked
Layer layer4.0.downsample.0.weight: 178/512 channels masked
Layer layer4.1.conv1.weight: 37/512 channels masked
Layer layer4.1.conv2.weight: 118/512 channels masked
------------------------- time cost ------------------------- 5.09053373336792

-------------Round number: 610-------------

Evaluate personalized models
Averaged Train Loss: 0.1319
Averaged Test Accurancy: 0.7406
Averaged Test AUC: 0.9560
Std Test Accurancy: 0.0976
Std Test AUC: 0.0214
ASR: 0.5503312216703077
attack_auc: 0.8890450142495867
Layer conv1.weight: 3/64 channels masked
Layer layer2.0.downsample.0.weight: 1/128 channels masked
Layer layer3.0.conv2.weight: 3/256 channels masked
Layer layer3.0.downsample.0.weight: 5/256 channels masked
Layer layer3.1.conv1.weight: 1/256 channels masked
Layer layer3.1.conv2.weight: 9/256 channels masked
Layer layer4.0.conv1.weight: 1/512 channels masked
Layer layer4.0.conv2.weight: 31/512 channels masked
Layer layer4.0.downsample.0.weight: 179/512 channels masked
Layer layer4.1.conv1.weight: 38/512 channels masked
Layer layer4.1.conv2.weight: 118/512 channels masked
------------------------- time cost ------------------------- 12.692684888839722
ASR: 0.551152179694829
attack_auc: 0.8938852204923459
Layer conv1.weight: 2/64 channels masked
Layer layer2.0.downsample.0.weight: 1/128 channels masked
Layer layer3.0.conv2.weight: 3/256 channels masked
Layer layer3.0.downsample.0.weight: 5/256 channels masked
Layer layer3.1.conv1.weight: 1/256 channels masked
Layer layer3.1.conv2.weight: 9/256 channels masked
Layer layer4.0.conv2.weight: 32/512 channels masked
Layer layer4.0.downsample.0.weight: 178/512 channels masked
Layer layer4.1.conv1.weight: 38/512 channels masked
Layer layer4.1.conv2.weight: 118/512 channels masked
------------------------- time cost ------------------------- 5.16708779335022
ASR: 0.5535802637273616
attack_auc: 0.8965452999589794
Layer conv1.weight: 3/64 channels masked
Layer layer2.0.downsample.0.weight: 1/128 channels masked
Layer layer3.0.conv2.weight: 3/256 channels masked
Layer layer3.0.downsample.0.weight: 5/256 channels masked
Layer layer3.1.conv1.weight: 1/256 channels masked
Layer layer3.1.conv2.weight: 9/256 channels masked
Layer layer4.0.conv1.weight: 1/512 channels masked
Layer layer4.0.conv2.weight: 33/512 channels masked
Layer layer4.0.downsample.0.weight: 179/512 channels masked
Layer layer4.1.conv1.weight: 39/512 channels masked
Layer layer4.1.conv2.weight: 118/512 channels masked
------------------------- time cost ------------------------- 5.261715888977051
ASR: 0.5790549701417376
attack_auc: 0.903652792175179
Layer conv1.weight: 2/64 channels masked
Layer layer2.0.downsample.0.weight: 1/128 channels masked
Layer layer3.0.conv2.weight: 3/256 channels masked
Layer layer3.0.downsample.0.weight: 5/256 channels masked
Layer layer3.1.conv1.weight: 1/256 channels masked
Layer layer3.1.conv2.weight: 9/256 channels masked
Layer layer4.0.conv1.weight: 1/512 channels masked
Layer layer4.0.conv2.weight: 33/512 channels masked
Layer layer4.0.downsample.0.weight: 179/512 channels masked
Layer layer4.1.conv1.weight: 40/512 channels masked
Layer layer4.1.conv2.weight: 118/512 channels masked
------------------------- time cost ------------------------- 5.438122034072876
ASR: 0.5610826863977019
attack_auc: 0.899134304594899
Layer conv1.weight: 3/64 channels masked
Layer layer2.0.downsample.0.weight: 1/128 channels masked
Layer layer3.0.conv2.weight: 3/256 channels masked
Layer layer3.0.downsample.0.weight: 5/256 channels masked
Layer layer3.1.conv1.weight: 1/256 channels masked
Layer layer3.1.conv2.weight: 9/256 channels masked
Layer layer4.0.conv1.weight: 1/512 channels masked
Layer layer4.0.conv2.weight: 31/512 channels masked
Layer layer4.0.downsample.0.weight: 179/512 channels masked
Layer layer4.1.conv1.weight: 40/512 channels masked
Layer layer4.1.conv2.weight: 116/512 channels masked
------------------------- time cost ------------------------- 4.329558372497559
ASR: 0.5294435016339089
attack_auc: 0.8892416539502989
Layer conv1.weight: 3/64 channels masked
Layer layer2.0.downsample.0.weight: 1/128 channels masked
Layer layer3.0.conv2.weight: 3/256 channels masked
Layer layer3.0.downsample.0.weight: 5/256 channels masked
Layer layer3.1.conv1.weight: 1/256 channels masked
Layer layer3.1.conv2.weight: 9/256 channels masked
Layer layer4.0.conv1.weight: 1/512 channels masked
Layer layer4.0.conv2.weight: 33/512 channels masked
Layer layer4.0.downsample.0.weight: 179/512 channels masked
Layer layer4.1.conv1.weight: 41/512 channels masked
Layer layer4.1.conv2.weight: 119/512 channels masked
------------------------- time cost ------------------------- 5.012394666671753
ASR: 0.4916184958574307
attack_auc: 0.8775821075726078
Layer conv1.weight: 3/64 channels masked
Layer layer2.0.downsample.0.weight: 1/128 channels masked
Layer layer3.0.conv2.weight: 3/256 channels masked
Layer layer3.0.downsample.0.weight: 5/256 channels masked
Layer layer3.1.conv1.weight: 1/256 channels masked
Layer layer3.1.conv2.weight: 9/256 channels masked
Layer layer4.0.conv1.weight: 1/512 channels masked
Layer layer4.0.conv2.weight: 33/512 channels masked
Layer layer4.0.downsample.0.weight: 179/512 channels masked
Layer layer4.1.conv1.weight: 41/512 channels masked
Layer layer4.1.conv2.weight: 119/512 channels masked
------------------------- time cost ------------------------- 5.159719467163086
ASR: 0.5014252700686519
attack_auc: 0.8810880364527618
Layer conv1.weight: 3/64 channels masked
Layer layer2.0.downsample.0.weight: 1/128 channels masked
Layer layer3.0.conv2.weight: 3/256 channels masked
Layer layer3.0.downsample.0.weight: 5/256 channels masked
Layer layer3.1.conv1.weight: 1/256 channels masked
Layer layer3.1.conv2.weight: 9/256 channels masked
Layer layer4.0.conv1.weight: 1/512 channels masked
Layer layer4.0.conv2.weight: 33/512 channels masked
Layer layer4.0.downsample.0.weight: 179/512 channels masked
Layer layer4.1.conv1.weight: 41/512 channels masked
Layer layer4.1.conv2.weight: 119/512 channels masked
------------------------- time cost ------------------------- 4.2101356983184814
ASR: 0.5435635286796987
attack_auc: 0.8903877304534801
Layer conv1.weight: 3/64 channels masked
Layer layer2.0.downsample.0.weight: 1/128 channels masked
Layer layer3.0.conv2.weight: 3/256 channels masked
Layer layer3.0.downsample.0.weight: 5/256 channels masked
Layer layer3.1.conv1.weight: 1/256 channels masked
Layer layer3.1.conv2.weight: 9/256 channels masked
Layer layer4.0.conv1.weight: 1/512 channels masked
Layer layer4.0.conv2.weight: 33/512 channels masked
Layer layer4.0.downsample.0.weight: 179/512 channels masked
Layer layer4.1.conv1.weight: 41/512 channels masked
Layer layer4.1.conv2.weight: 119/512 channels masked
------------------------- time cost ------------------------- 5.025471448898315
ASR: 0.5167511389253072
attack_auc: 0.8809034939011735
Layer conv1.weight: 3/64 channels masked
Layer layer2.0.downsample.0.weight: 1/128 channels masked
Layer layer3.0.conv2.weight: 3/256 channels masked
Layer layer3.0.downsample.0.weight: 5/256 channels masked
Layer layer3.1.conv1.weight: 1/256 channels masked
Layer layer3.1.conv2.weight: 9/256 channels masked
Layer layer4.0.conv1.weight: 1/512 channels masked
Layer layer4.0.conv2.weight: 33/512 channels masked
Layer layer4.0.downsample.0.weight: 180/512 channels masked
Layer layer4.1.conv1.weight: 41/512 channels masked
Layer layer4.1.conv2.weight: 119/512 channels masked
------------------------- time cost ------------------------- 5.40185546875

-------------Round number: 620-------------

Evaluate personalized models
Averaged Train Loss: 0.0989
Averaged Test Accurancy: 0.7519
Averaged Test AUC: 0.9565
Std Test Accurancy: 0.0830
Std Test AUC: 0.0199
ASR: 0.537260524524318
attack_auc: 0.890535509154032
Layer conv1.weight: 2/64 channels masked
Layer layer2.0.downsample.0.weight: 1/128 channels masked
Layer layer3.0.conv2.weight: 3/256 channels masked
Layer layer3.0.downsample.0.weight: 5/256 channels masked
Layer layer3.1.conv1.weight: 1/256 channels masked
Layer layer3.1.conv2.weight: 9/256 channels masked
Layer layer4.0.conv1.weight: 1/512 channels masked
Layer layer4.0.conv2.weight: 29/512 channels masked
Layer layer4.0.downsample.0.weight: 178/512 channels masked
Layer layer4.1.conv1.weight: 39/512 channels masked
Layer layer4.1.conv2.weight: 110/512 channels masked
------------------------- time cost ------------------------- 12.689117670059204
ASR: 0.57333265229533
attack_auc: 0.9011487851917119
Layer conv1.weight: 1/64 channels masked
Layer layer2.0.downsample.0.weight: 1/128 channels masked
Layer layer3.0.conv2.weight: 3/256 channels masked
Layer layer3.0.downsample.0.weight: 5/256 channels masked
Layer layer3.1.conv1.weight: 1/256 channels masked
Layer layer3.1.conv2.weight: 9/256 channels masked
Layer layer4.0.conv1.weight: 1/512 channels masked
Layer layer4.0.conv2.weight: 27/512 channels masked
Layer layer4.0.downsample.0.weight: 179/512 channels masked
Layer layer4.1.conv1.weight: 39/512 channels masked
Layer layer4.1.conv2.weight: 96/512 channels masked
------------------------- time cost ------------------------- 5.062765121459961
ASR: 0.5855044757264839
attack_auc: 0.9070634977169623
Layer conv1.weight: 1/64 channels masked
Layer layer2.0.downsample.0.weight: 1/128 channels masked
Layer layer3.0.conv2.weight: 3/256 channels masked
Layer layer3.0.downsample.0.weight: 5/256 channels masked
Layer layer3.1.conv1.weight: 1/256 channels masked
Layer layer3.1.conv2.weight: 9/256 channels masked
Layer layer4.0.conv1.weight: 1/512 channels masked
Layer layer4.0.conv2.weight: 32/512 channels masked
Layer layer4.0.downsample.0.weight: 179/512 channels masked
Layer layer4.1.conv1.weight: 41/512 channels masked
Layer layer4.1.conv2.weight: 119/512 channels masked
------------------------- time cost ------------------------- 4.805991172790527
ASR: 0.5497656917216407
attack_auc: 0.8893557852095362
Layer conv1.weight: 3/64 channels masked
Layer layer2.0.downsample.0.weight: 1/128 channels masked
Layer layer3.0.conv2.weight: 3/256 channels masked
Layer layer3.0.downsample.0.weight: 5/256 channels masked
Layer layer3.1.conv1.weight: 1/256 channels masked
Layer layer3.1.conv2.weight: 9/256 channels masked
Layer layer4.0.conv1.weight: 1/512 channels masked
Layer layer4.0.conv2.weight: 31/512 channels masked
Layer layer4.0.downsample.0.weight: 179/512 channels masked
Layer layer4.1.conv1.weight: 42/512 channels masked
Layer layer4.1.conv2.weight: 119/512 channels masked
------------------------- time cost ------------------------- 5.545889377593994
ASR: 0.5101930331768287
attack_auc: 0.8827405636943655
Layer conv1.weight: 3/64 channels masked
Layer layer2.0.downsample.0.weight: 1/128 channels masked
Layer layer3.0.conv2.weight: 3/256 channels masked
Layer layer3.0.downsample.0.weight: 5/256 channels masked
Layer layer3.1.conv1.weight: 1/256 channels masked
Layer layer3.1.conv2.weight: 9/256 channels masked
Layer layer4.0.conv1.weight: 1/512 channels masked
Layer layer4.0.conv2.weight: 33/512 channels masked
Layer layer4.0.downsample.0.weight: 179/512 channels masked
Layer layer4.1.conv1.weight: 42/512 channels masked
Layer layer4.1.conv2.weight: 119/512 channels masked
------------------------- time cost ------------------------- 5.031400203704834
ASR: 0.5205702764275475
attack_auc: 0.8873206569189568
Layer conv1.weight: 3/64 channels masked
Layer layer2.0.downsample.0.weight: 1/128 channels masked
Layer layer3.0.conv2.weight: 3/256 channels masked
Layer layer3.0.downsample.0.weight: 5/256 channels masked
Layer layer3.1.conv1.weight: 1/256 channels masked
Layer layer3.1.conv2.weight: 9/256 channels masked
Layer layer4.0.conv1.weight: 1/512 channels masked
Layer layer4.0.conv2.weight: 33/512 channels masked
Layer layer4.0.downsample.0.weight: 179/512 channels masked
Layer layer4.1.conv1.weight: 42/512 channels masked
Layer layer4.1.conv2.weight: 119/512 channels masked
------------------------- time cost ------------------------- 5.227067470550537
ASR: 0.5207175103103664
attack_auc: 0.8858546755989803
Layer conv1.weight: 3/64 channels masked
Layer layer2.0.downsample.0.weight: 1/128 channels masked
Layer layer3.0.conv2.weight: 3/256 channels masked
Layer layer3.0.downsample.0.weight: 5/256 channels masked
Layer layer3.1.conv1.weight: 1/256 channels masked
Layer layer3.1.conv2.weight: 9/256 channels masked
Layer layer4.0.conv1.weight: 1/512 channels masked
Layer layer4.0.conv2.weight: 34/512 channels masked
Layer layer4.0.downsample.0.weight: 179/512 channels masked
Layer layer4.1.conv1.weight: 44/512 channels masked
Layer layer4.1.conv2.weight: 119/512 channels masked
------------------------- time cost ------------------------- 5.5001585483551025
ASR: 0.5000692474933858
attack_auc: 0.8820551568021197
Layer conv1.weight: 2/64 channels masked
Layer layer2.0.downsample.0.weight: 1/128 channels masked
Layer layer3.0.conv2.weight: 3/256 channels masked
Layer layer3.0.downsample.0.weight: 5/256 channels masked
Layer layer3.1.conv1.weight: 1/256 channels masked
Layer layer3.1.conv2.weight: 9/256 channels masked
Layer layer4.0.conv1.weight: 1/512 channels masked
Layer layer4.0.conv2.weight: 34/512 channels masked
Layer layer4.0.downsample.0.weight: 179/512 channels masked
Layer layer4.1.conv1.weight: 44/512 channels masked
Layer layer4.1.conv2.weight: 119/512 channels masked
------------------------- time cost ------------------------- 4.667428970336914
ASR: 0.5005684174747913
attack_auc: 0.8798439178791737
Layer conv1.weight: 3/64 channels masked
Layer layer2.0.downsample.0.weight: 1/128 channels masked
Layer layer3.0.conv2.weight: 3/256 channels masked
Layer layer3.0.downsample.0.weight: 5/256 channels masked
Layer layer3.1.conv1.weight: 1/256 channels masked
Layer layer3.1.conv2.weight: 9/256 channels masked
Layer layer4.0.conv1.weight: 1/512 channels masked
Layer layer4.0.conv2.weight: 34/512 channels masked
Layer layer4.0.downsample.0.weight: 179/512 channels masked
Layer layer4.1.conv1.weight: 44/512 channels masked
Layer layer4.1.conv2.weight: 119/512 channels masked
------------------------- time cost ------------------------- 5.159472465515137
ASR: 0.5024682046304735
attack_auc: 0.8797995322220029
Layer conv1.weight: 3/64 channels masked
Layer layer2.0.downsample.0.weight: 1/128 channels masked
Layer layer3.0.conv2.weight: 3/256 channels masked
Layer layer3.0.downsample.0.weight: 5/256 channels masked
Layer layer3.1.conv1.weight: 1/256 channels masked
Layer layer3.1.conv2.weight: 9/256 channels masked
Layer layer4.0.conv1.weight: 1/512 channels masked
Layer layer4.0.conv2.weight: 36/512 channels masked
Layer layer4.0.downsample.0.weight: 179/512 channels masked
Layer layer4.1.conv1.weight: 45/512 channels masked
Layer layer4.1.conv2.weight: 119/512 channels masked
------------------------- time cost ------------------------- 5.058366537094116

-------------Round number: 630-------------

Evaluate personalized models
Averaged Train Loss: 0.0703
Averaged Test Accurancy: 0.7648
Averaged Test AUC: 0.9611
Std Test Accurancy: 0.0770
Std Test AUC: 0.0169
ASR: 0.5230545966101912
attack_auc: 0.8872949580647449
Layer conv1.weight: 3/64 channels masked
Layer layer2.0.downsample.0.weight: 1/128 channels masked
Layer layer3.0.conv2.weight: 3/256 channels masked
Layer layer3.0.downsample.0.weight: 5/256 channels masked
Layer layer3.1.conv1.weight: 1/256 channels masked
Layer layer3.1.conv2.weight: 9/256 channels masked
Layer layer4.0.conv1.weight: 1/512 channels masked
Layer layer4.0.conv2.weight: 36/512 channels masked
Layer layer4.0.downsample.0.weight: 179/512 channels masked
Layer layer4.1.conv1.weight: 45/512 channels masked
Layer layer4.1.conv2.weight: 119/512 channels masked
------------------------- time cost ------------------------- 13.000925540924072
ASR: 0.5241685966765157
attack_auc: 0.8850333202670229
Layer conv1.weight: 3/64 channels masked
Layer layer2.0.downsample.0.weight: 1/128 channels masked
Layer layer3.0.conv2.weight: 3/256 channels masked
Layer layer3.0.downsample.0.weight: 5/256 channels masked
Layer layer3.1.conv1.weight: 1/256 channels masked
Layer layer3.1.conv2.weight: 9/256 channels masked
Layer layer4.0.conv1.weight: 1/512 channels masked
Layer layer4.0.conv2.weight: 37/512 channels masked
Layer layer4.0.downsample.0.weight: 179/512 channels masked
Layer layer4.1.conv1.weight: 48/512 channels masked
Layer layer4.1.conv2.weight: 119/512 channels masked
------------------------- time cost ------------------------- 4.306240558624268
ASR: 0.5228777245089106
attack_auc: 0.8866401173778665
Layer conv1.weight: 3/64 channels masked
Layer layer2.0.downsample.0.weight: 1/128 channels masked
Layer layer3.0.conv2.weight: 3/256 channels masked
Layer layer3.0.downsample.0.weight: 5/256 channels masked
Layer layer3.1.conv1.weight: 1/256 channels masked
Layer layer3.1.conv2.weight: 9/256 channels masked
Layer layer4.0.conv1.weight: 2/512 channels masked
Layer layer4.0.conv2.weight: 41/512 channels masked
Layer layer4.0.downsample.0.weight: 179/512 channels masked
Layer layer4.1.conv1.weight: 50/512 channels masked
Layer layer4.1.conv2.weight: 119/512 channels masked
------------------------- time cost ------------------------- 4.1854918003082275
ASR: 0.4889525404150069
attack_auc: 0.8768866603502965
Layer conv1.weight: 3/64 channels masked
Layer layer2.0.downsample.0.weight: 1/128 channels masked
Layer layer3.0.conv2.weight: 3/256 channels masked
Layer layer3.0.downsample.0.weight: 5/256 channels masked
Layer layer3.1.conv1.weight: 1/256 channels masked
Layer layer3.1.conv2.weight: 9/256 channels masked
Layer layer4.0.conv1.weight: 2/512 channels masked
Layer layer4.0.conv2.weight: 38/512 channels masked
Layer layer4.0.downsample.0.weight: 179/512 channels masked
Layer layer4.1.conv1.weight: 49/512 channels masked
Layer layer4.1.conv2.weight: 119/512 channels masked
------------------------- time cost ------------------------- 4.5730671882629395
ASR: 0.464878814664441
attack_auc: 0.8679776832906065
Layer conv1.weight: 4/64 channels masked
Layer layer2.0.downsample.0.weight: 1/128 channels masked
Layer layer3.0.conv2.weight: 3/256 channels masked
Layer layer3.0.downsample.0.weight: 5/256 channels masked
Layer layer3.1.conv1.weight: 1/256 channels masked
Layer layer3.1.conv2.weight: 9/256 channels masked
Layer layer4.0.conv1.weight: 5/512 channels masked
Layer layer4.0.conv2.weight: 42/512 channels masked
Layer layer4.0.downsample.0.weight: 179/512 channels masked
Layer layer4.1.conv1.weight: 51/512 channels masked
Layer layer4.1.conv2.weight: 120/512 channels masked
------------------------- time cost ------------------------- 5.127874374389648
ASR: 0.43777671884962194
attack_auc: 0.8568639676484022
Layer conv1.weight: 3/64 channels masked
Layer layer2.0.downsample.0.weight: 1/128 channels masked
Layer layer3.0.conv2.weight: 3/256 channels masked
Layer layer3.0.downsample.0.weight: 5/256 channels masked
Layer layer3.1.conv1.weight: 1/256 channels masked
Layer layer3.1.conv2.weight: 9/256 channels masked
Layer layer4.0.conv1.weight: 4/512 channels masked
Layer layer4.0.conv2.weight: 40/512 channels masked
Layer layer4.0.downsample.0.weight: 179/512 channels masked
Layer layer4.1.conv1.weight: 51/512 channels masked
Layer layer4.1.conv2.weight: 119/512 channels masked
------------------------- time cost ------------------------- 4.8399012088775635
ASR: 0.46015530087493883
attack_auc: 0.8667881569884902
Layer conv1.weight: 3/64 channels masked
Layer layer2.0.downsample.0.weight: 1/128 channels masked
Layer layer3.0.conv2.weight: 3/256 channels masked
Layer layer3.0.downsample.0.weight: 5/256 channels masked
Layer layer3.1.conv1.weight: 1/256 channels masked
Layer layer3.1.conv2.weight: 9/256 channels masked
Layer layer4.0.conv1.weight: 5/512 channels masked
Layer layer4.0.conv2.weight: 43/512 channels masked
Layer layer4.0.downsample.0.weight: 179/512 channels masked
Layer layer4.1.conv1.weight: 51/512 channels masked
Layer layer4.1.conv2.weight: 119/512 channels masked
------------------------- time cost ------------------------- 5.206886053085327
ASR: 0.4641505397886218
attack_auc: 0.8672745898354657
Layer conv1.weight: 4/64 channels masked
Layer layer2.0.downsample.0.weight: 1/128 channels masked
Layer layer3.0.conv2.weight: 3/256 channels masked
Layer layer3.0.downsample.0.weight: 5/256 channels masked
Layer layer3.1.conv1.weight: 1/256 channels masked
Layer layer3.1.conv2.weight: 9/256 channels masked
Layer layer4.0.conv1.weight: 5/512 channels masked
Layer layer4.0.conv2.weight: 43/512 channels masked
Layer layer4.0.downsample.0.weight: 179/512 channels masked
Layer layer4.1.conv1.weight: 51/512 channels masked
Layer layer4.1.conv2.weight: 118/512 channels masked
------------------------- time cost ------------------------- 5.268521308898926
ASR: 0.5044836327996164
attack_auc: 0.8806445088644588
Layer conv1.weight: 1/64 channels masked
Layer layer2.0.downsample.0.weight: 1/128 channels masked
Layer layer3.0.conv2.weight: 3/256 channels masked
Layer layer3.0.downsample.0.weight: 5/256 channels masked
Layer layer3.1.conv1.weight: 1/256 channels masked
Layer layer3.1.conv2.weight: 9/256 channels masked
Layer layer4.0.conv1.weight: 5/512 channels masked
Layer layer4.0.conv2.weight: 39/512 channels masked
Layer layer4.0.downsample.0.weight: 179/512 channels masked
Layer layer4.1.conv1.weight: 48/512 channels masked
Layer layer4.1.conv2.weight: 101/512 channels masked
------------------------- time cost ------------------------- 5.462616443634033
ASR: 0.48044275541154086
attack_auc: 0.8754578181962825
Layer conv1.weight: 2/64 channels masked
Layer layer2.0.downsample.0.weight: 1/128 channels masked
Layer layer3.0.conv2.weight: 3/256 channels masked
Layer layer3.0.downsample.0.weight: 5/256 channels masked
Layer layer3.1.conv1.weight: 1/256 channels masked
Layer layer3.1.conv2.weight: 9/256 channels masked
Layer layer4.0.conv1.weight: 5/512 channels masked
Layer layer4.0.conv2.weight: 45/512 channels masked
Layer layer4.0.downsample.0.weight: 179/512 channels masked
Layer layer4.1.conv1.weight: 49/512 channels masked
Layer layer4.1.conv2.weight: 119/512 channels masked
------------------------- time cost ------------------------- 5.0220887660980225

-------------Round number: 640-------------

Evaluate personalized models
Averaged Train Loss: 0.0923
Averaged Test Accurancy: 0.7594
Averaged Test AUC: 0.9598
Std Test Accurancy: 0.0779
Std Test AUC: 0.0180
ASR: 0.4529568959669126
attack_auc: 0.8632239038280135
Layer conv1.weight: 3/64 channels masked
Layer layer2.0.downsample.0.weight: 1/128 channels masked
Layer layer3.0.conv2.weight: 3/256 channels masked
Layer layer3.0.downsample.0.weight: 5/256 channels masked
Layer layer3.1.conv1.weight: 1/256 channels masked
Layer layer3.1.conv2.weight: 9/256 channels masked
Layer layer4.0.conv1.weight: 5/512 channels masked
Layer layer4.0.conv2.weight: 45/512 channels masked
Layer layer4.0.downsample.0.weight: 179/512 channels masked
Layer layer4.1.conv1.weight: 50/512 channels masked
Layer layer4.1.conv2.weight: 119/512 channels masked
------------------------- time cost ------------------------- 12.735913515090942
ASR: 0.44515200102532626
attack_auc: 0.8647709988362523
Layer conv1.weight: 2/64 channels masked
Layer layer2.0.downsample.0.weight: 1/128 channels masked
Layer layer3.0.conv2.weight: 3/256 channels masked
Layer layer3.0.downsample.0.weight: 5/256 channels masked
Layer layer3.1.conv1.weight: 1/256 channels masked
Layer layer3.1.conv2.weight: 9/256 channels masked
Layer layer4.0.conv1.weight: 5/512 channels masked
Layer layer4.0.conv2.weight: 45/512 channels masked
Layer layer4.0.downsample.0.weight: 179/512 channels masked
Layer layer4.1.conv1.weight: 51/512 channels masked
Layer layer4.1.conv2.weight: 119/512 channels masked
------------------------- time cost ------------------------- 4.629115581512451
ASR: 0.467471057374775
attack_auc: 0.8723393737443279
Layer conv1.weight: 2/64 channels masked
Layer layer2.0.downsample.0.weight: 1/128 channels masked
Layer layer3.0.conv2.weight: 3/256 channels masked
Layer layer3.0.downsample.0.weight: 5/256 channels masked
Layer layer3.1.conv1.weight: 1/256 channels masked
Layer layer3.1.conv2.weight: 9/256 channels masked
Layer layer4.0.conv1.weight: 6/512 channels masked
Layer layer4.0.conv2.weight: 46/512 channels masked
Layer layer4.0.downsample.0.weight: 179/512 channels masked
Layer layer4.1.conv1.weight: 51/512 channels masked
Layer layer4.1.conv2.weight: 120/512 channels masked
------------------------- time cost ------------------------- 4.473478555679321
ASR: 0.4911759994048093
attack_auc: 0.879796108569856
Layer conv1.weight: 3/64 channels masked
Layer layer2.0.downsample.0.weight: 1/128 channels masked
Layer layer3.0.conv2.weight: 3/256 channels masked
Layer layer3.0.downsample.0.weight: 5/256 channels masked
Layer layer3.1.conv1.weight: 1/256 channels masked
Layer layer3.1.conv2.weight: 9/256 channels masked
Layer layer4.0.conv1.weight: 5/512 channels masked
Layer layer4.0.conv2.weight: 47/512 channels masked
Layer layer4.0.downsample.0.weight: 179/512 channels masked
Layer layer4.1.conv1.weight: 52/512 channels masked
Layer layer4.1.conv2.weight: 120/512 channels masked
------------------------- time cost ------------------------- 5.35299825668335
ASR: 0.4839443591039943
attack_auc: 0.8783377063928853
Layer conv1.weight: 3/64 channels masked
Layer layer2.0.downsample.0.weight: 1/128 channels masked
Layer layer3.0.conv2.weight: 3/256 channels masked
Layer layer3.0.downsample.0.weight: 5/256 channels masked
Layer layer3.1.conv1.weight: 1/256 channels masked
Layer layer3.1.conv2.weight: 9/256 channels masked
Layer layer4.0.conv1.weight: 5/512 channels masked
Layer layer4.0.conv2.weight: 47/512 channels masked
Layer layer4.0.downsample.0.weight: 179/512 channels masked
Layer layer4.1.conv1.weight: 52/512 channels masked
Layer layer4.1.conv2.weight: 120/512 channels masked
------------------------- time cost ------------------------- 5.0731282234191895
ASR: 0.4695724727153246
attack_auc: 0.8739697837892572
Layer conv1.weight: 3/64 channels masked
Layer layer2.0.downsample.0.weight: 1/128 channels masked
Layer layer3.0.conv2.weight: 2/256 channels masked
Layer layer3.0.downsample.0.weight: 5/256 channels masked
Layer layer3.1.conv1.weight: 1/256 channels masked
Layer layer3.1.conv2.weight: 9/256 channels masked
Layer layer4.0.conv1.weight: 4/512 channels masked
Layer layer4.0.conv2.weight: 34/512 channels masked
Layer layer4.0.downsample.0.weight: 179/512 channels masked
Layer layer4.1.conv1.weight: 48/512 channels masked
Layer layer4.1.conv2.weight: 117/512 channels masked
------------------------- time cost ------------------------- 4.983710050582886
ASR: 0.5085041172584979
attack_auc: 0.8848805347804112
Layer conv1.weight: 3/64 channels masked
Layer layer2.0.downsample.0.weight: 1/128 channels masked
Layer layer3.0.conv2.weight: 2/256 channels masked
Layer layer3.0.downsample.0.weight: 5/256 channels masked
Layer layer3.1.conv1.weight: 1/256 channels masked
Layer layer3.1.conv2.weight: 9/256 channels masked
Layer layer4.0.conv1.weight: 5/512 channels masked
Layer layer4.0.conv2.weight: 40/512 channels masked
Layer layer4.0.downsample.0.weight: 179/512 channels masked
Layer layer4.1.conv1.weight: 50/512 channels masked
Layer layer4.1.conv2.weight: 118/512 channels masked
------------------------- time cost ------------------------- 4.329658508300781
ASR: 0.4941067258185188
attack_auc: 0.8738667945161578
Layer conv1.weight: 3/64 channels masked
Layer layer2.0.downsample.0.weight: 1/128 channels masked
Layer layer3.0.conv2.weight: 3/256 channels masked
Layer layer3.0.downsample.0.weight: 5/256 channels masked
Layer layer3.1.conv1.weight: 1/256 channels masked
Layer layer3.1.conv2.weight: 9/256 channels masked
Layer layer4.0.conv1.weight: 4/512 channels masked
Layer layer4.0.conv2.weight: 42/512 channels masked
Layer layer4.0.downsample.0.weight: 179/512 channels masked
Layer layer4.1.conv1.weight: 51/512 channels masked
Layer layer4.1.conv2.weight: 120/512 channels masked
------------------------- time cost ------------------------- 5.615090370178223
ASR: 0.44924881745618817
attack_auc: 0.8635328356583153
Layer conv1.weight: 3/64 channels masked
Layer layer2.0.downsample.0.weight: 1/128 channels masked
Layer layer3.0.conv2.weight: 3/256 channels masked
Layer layer3.0.downsample.0.weight: 5/256 channels masked
Layer layer3.1.conv1.weight: 1/256 channels masked
Layer layer3.1.conv2.weight: 9/256 channels masked
Layer layer4.0.conv1.weight: 4/512 channels masked
Layer layer4.0.conv2.weight: 45/512 channels masked
Layer layer4.0.downsample.0.weight: 179/512 channels masked
Layer layer4.1.conv1.weight: 51/512 channels masked
Layer layer4.1.conv2.weight: 120/512 channels masked
------------------------- time cost ------------------------- 5.553283214569092
ASR: 0.4308980215730283
attack_auc: 0.8599518162475407
Layer conv1.weight: 3/64 channels masked
Layer layer2.0.downsample.0.weight: 1/128 channels masked
Layer layer3.0.conv2.weight: 3/256 channels masked
Layer layer3.0.downsample.0.weight: 5/256 channels masked
Layer layer3.1.conv1.weight: 1/256 channels masked
Layer layer3.1.conv2.weight: 9/256 channels masked
Layer layer4.0.conv1.weight: 4/512 channels masked
Layer layer4.0.conv2.weight: 47/512 channels masked
Layer layer4.0.downsample.0.weight: 179/512 channels masked
Layer layer4.1.conv1.weight: 51/512 channels masked
Layer layer4.1.conv2.weight: 120/512 channels masked
------------------------- time cost ------------------------- 4.903561115264893

-------------Round number: 650-------------

Evaluate personalized models
Averaged Train Loss: 0.1540
Averaged Test Accurancy: 0.7542
Averaged Test AUC: 0.9572
Std Test Accurancy: 0.0949
Std Test AUC: 0.0225
ASR: 0.4555400463158263
attack_auc: 0.8627038824373061
Layer conv1.weight: 3/64 channels masked
Layer layer2.0.downsample.0.weight: 1/128 channels masked
Layer layer3.0.conv2.weight: 3/256 channels masked
Layer layer3.0.downsample.0.weight: 5/256 channels masked
Layer layer3.1.conv1.weight: 1/256 channels masked
Layer layer3.1.conv2.weight: 9/256 channels masked
Layer layer4.0.conv1.weight: 4/512 channels masked
Layer layer4.0.conv2.weight: 48/512 channels masked
Layer layer4.0.downsample.0.weight: 179/512 channels masked
Layer layer4.1.conv1.weight: 51/512 channels masked
Layer layer4.1.conv2.weight: 120/512 channels masked
------------------------- time cost ------------------------- 12.239343643188477
ASR: 0.4341119659010656
attack_auc: 0.8578507125739384
Layer conv1.weight: 3/64 channels masked
Layer layer2.0.downsample.0.weight: 1/128 channels masked
Layer layer3.0.conv2.weight: 3/256 channels masked
Layer layer3.0.downsample.0.weight: 5/256 channels masked
Layer layer3.1.conv1.weight: 1/256 channels masked
Layer layer3.1.conv2.weight: 9/256 channels masked
Layer layer4.0.conv1.weight: 4/512 channels masked
Layer layer4.0.conv2.weight: 46/512 channels masked
Layer layer4.0.downsample.0.weight: 179/512 channels masked
Layer layer4.1.conv1.weight: 51/512 channels masked
Layer layer4.1.conv2.weight: 120/512 channels masked
------------------------- time cost ------------------------- 5.007356882095337
ASR: 0.4539608604155434
attack_auc: 0.8628058037540759
Layer conv1.weight: 4/64 channels masked
Layer layer2.0.downsample.0.weight: 1/128 channels masked
Layer layer3.0.conv2.weight: 3/256 channels masked
Layer layer3.0.downsample.0.weight: 5/256 channels masked
Layer layer3.1.conv1.weight: 1/256 channels masked
Layer layer3.1.conv2.weight: 9/256 channels masked
Layer layer4.0.conv1.weight: 4/512 channels masked
Layer layer4.0.conv2.weight: 47/512 channels masked
Layer layer4.0.downsample.0.weight: 179/512 channels masked
Layer layer4.1.conv1.weight: 51/512 channels masked
Layer layer4.1.conv2.weight: 120/512 channels masked
------------------------- time cost ------------------------- 5.150180101394653
ASR: 0.4572815317704927
attack_auc: 0.8616234675498419
Layer conv1.weight: 3/64 channels masked
Layer layer2.0.downsample.0.weight: 1/128 channels masked
Layer layer3.0.conv2.weight: 3/256 channels masked
Layer layer3.0.downsample.0.weight: 5/256 channels masked
Layer layer3.1.conv1.weight: 1/256 channels masked
Layer layer3.1.conv2.weight: 9/256 channels masked
Layer layer4.0.conv1.weight: 4/512 channels masked
Layer layer4.0.conv2.weight: 44/512 channels masked
Layer layer4.0.downsample.0.weight: 180/512 channels masked
Layer layer4.1.conv1.weight: 50/512 channels masked
Layer layer4.1.conv2.weight: 114/512 channels masked
------------------------- time cost ------------------------- 5.443896293640137
ASR: 0.4444486320856255
attack_auc: 0.8602961061169567
Layer conv1.weight: 3/64 channels masked
Layer layer2.0.downsample.0.weight: 1/128 channels masked
Layer layer3.0.conv2.weight: 3/256 channels masked
Layer layer3.0.downsample.0.weight: 5/256 channels masked
Layer layer3.1.conv1.weight: 1/256 channels masked
Layer layer3.1.conv2.weight: 9/256 channels masked
Layer layer4.0.conv1.weight: 4/512 channels masked
Layer layer4.0.conv2.weight: 48/512 channels masked
Layer layer4.0.downsample.0.weight: 180/512 channels masked
Layer layer4.1.conv1.weight: 51/512 channels masked
Layer layer4.1.conv2.weight: 120/512 channels masked
------------------------- time cost ------------------------- 4.8818910121917725
ASR: 0.4400440947440821
attack_auc: 0.8553970710949452
Layer conv1.weight: 4/64 channels masked
Layer layer2.0.downsample.0.weight: 1/128 channels masked
Layer layer3.0.conv2.weight: 3/256 channels masked
Layer layer3.0.downsample.0.weight: 5/256 channels masked
Layer layer3.1.conv1.weight: 1/256 channels masked
Layer layer3.1.conv2.weight: 9/256 channels masked
Layer layer4.0.conv1.weight: 3/512 channels masked
Layer layer4.0.conv2.weight: 43/512 channels masked
Layer layer4.0.downsample.0.weight: 180/512 channels masked
Layer layer4.1.conv1.weight: 52/512 channels masked
Layer layer4.1.conv2.weight: 120/512 channels masked
------------------------- time cost ------------------------- 4.888221263885498
ASR: 0.44508442223703243
attack_auc: 0.8562492782728698
Layer conv1.weight: 3/64 channels masked
Layer layer2.0.downsample.0.weight: 1/128 channels masked
Layer layer3.0.conv2.weight: 3/256 channels masked
Layer layer3.0.downsample.0.weight: 5/256 channels masked
Layer layer3.1.conv1.weight: 1/256 channels masked
Layer layer3.1.conv2.weight: 9/256 channels masked
Layer layer4.0.conv1.weight: 3/512 channels masked
Layer layer4.0.conv2.weight: 44/512 channels masked
Layer layer4.0.downsample.0.weight: 180/512 channels masked
Layer layer4.1.conv1.weight: 52/512 channels masked
Layer layer4.1.conv2.weight: 120/512 channels masked
------------------------- time cost ------------------------- 5.063444375991821
ASR: 0.4481098022350463
attack_auc: 0.8597021502928911
Layer conv1.weight: 5/64 channels masked
Layer layer2.0.downsample.0.weight: 1/128 channels masked
Layer layer3.0.conv2.weight: 3/256 channels masked
Layer layer3.0.downsample.0.weight: 5/256 channels masked
Layer layer3.1.conv1.weight: 1/256 channels masked
Layer layer3.1.conv2.weight: 9/256 channels masked
Layer layer4.0.conv1.weight: 3/512 channels masked
Layer layer4.0.conv2.weight: 43/512 channels masked
Layer layer4.0.downsample.0.weight: 180/512 channels masked
Layer layer4.1.conv1.weight: 47/512 channels masked
Layer layer4.1.conv2.weight: 117/512 channels masked
------------------------- time cost ------------------------- 4.570380210876465
ASR: 0.4522284833810874
attack_auc: 0.8590049851214289
Layer conv1.weight: 5/64 channels masked
Layer layer2.0.downsample.0.weight: 1/128 channels masked
Layer layer3.0.conv2.weight: 3/256 channels masked
Layer layer3.0.downsample.0.weight: 5/256 channels masked
Layer layer3.1.conv1.weight: 1/256 channels masked
Layer layer3.1.conv2.weight: 9/256 channels masked
Layer layer4.0.conv1.weight: 2/512 channels masked
Layer layer4.0.conv2.weight: 41/512 channels masked
Layer layer4.0.downsample.0.weight: 180/512 channels masked
Layer layer4.1.conv1.weight: 51/512 channels masked
Layer layer4.1.conv2.weight: 120/512 channels masked
------------------------- time cost ------------------------- 5.601732492446899
ASR: 0.4551241125818611
attack_auc: 0.8629010688700268
Layer conv1.weight: 4/64 channels masked
Layer layer2.0.downsample.0.weight: 1/128 channels masked
Layer layer3.0.conv2.weight: 3/256 channels masked
Layer layer3.0.downsample.0.weight: 5/256 channels masked
Layer layer3.1.conv1.weight: 1/256 channels masked
Layer layer3.1.conv2.weight: 9/256 channels masked
Layer layer4.0.conv1.weight: 2/512 channels masked
Layer layer4.0.conv2.weight: 43/512 channels masked
Layer layer4.0.downsample.0.weight: 180/512 channels masked
Layer layer4.1.conv1.weight: 51/512 channels masked
Layer layer4.1.conv2.weight: 120/512 channels masked
------------------------- time cost ------------------------- 4.6516852378845215

-------------Round number: 660-------------

Evaluate personalized models
Averaged Train Loss: 0.1794
Averaged Test Accurancy: 0.7458
Averaged Test AUC: 0.9551
Std Test Accurancy: 0.0956
Std Test AUC: 0.0227
ASR: 0.4478729884781756
attack_auc: 0.8531329931943334
Layer conv1.weight: 5/64 channels masked
Layer layer2.0.downsample.0.weight: 1/128 channels masked
Layer layer3.0.conv2.weight: 2/256 channels masked
Layer layer3.0.downsample.0.weight: 5/256 channels masked
Layer layer3.1.conv1.weight: 1/256 channels masked
Layer layer3.1.conv2.weight: 9/256 channels masked
Layer layer4.0.conv1.weight: 2/512 channels masked
Layer layer4.0.conv2.weight: 33/512 channels masked
Layer layer4.0.downsample.0.weight: 180/512 channels masked
Layer layer4.1.conv1.weight: 51/512 channels masked
Layer layer4.1.conv2.weight: 109/512 channels masked
------------------------- time cost ------------------------- 13.132747650146484
ASR: 0.4204084286854248
attack_auc: 0.8532206687246034
Layer conv1.weight: 4/64 channels masked
Layer layer2.0.downsample.0.weight: 1/128 channels masked
Layer layer3.0.conv2.weight: 3/256 channels masked
Layer layer3.0.downsample.0.weight: 5/256 channels masked
Layer layer3.1.conv1.weight: 1/256 channels masked
Layer layer3.1.conv2.weight: 9/256 channels masked
Layer layer4.0.conv1.weight: 2/512 channels masked
Layer layer4.0.conv2.weight: 32/512 channels masked
Layer layer4.0.downsample.0.weight: 180/512 channels masked
Layer layer4.1.conv1.weight: 51/512 channels masked
Layer layer4.1.conv2.weight: 114/512 channels masked
------------------------- time cost ------------------------- 4.826114654541016
ASR: 0.4504428844453312
attack_auc: 0.8663662503071072
Layer conv1.weight: 6/64 channels masked
Layer layer2.0.downsample.0.weight: 1/128 channels masked
Layer layer3.0.conv2.weight: 3/256 channels masked
Layer layer3.0.downsample.0.weight: 5/256 channels masked
Layer layer3.1.conv1.weight: 1/256 channels masked
Layer layer3.1.conv2.weight: 9/256 channels masked
Layer layer4.0.conv1.weight: 2/512 channels masked
Layer layer4.0.conv2.weight: 37/512 channels masked
Layer layer4.0.downsample.0.weight: 180/512 channels masked
Layer layer4.1.conv1.weight: 51/512 channels masked
Layer layer4.1.conv2.weight: 118/512 channels masked
------------------------- time cost ------------------------- 5.661638021469116
ASR: 0.440435903801834
attack_auc: 0.8603671058183748
Layer conv1.weight: 5/64 channels masked
Layer layer2.0.downsample.0.weight: 1/128 channels masked
Layer layer3.0.conv2.weight: 3/256 channels masked
Layer layer3.0.downsample.0.weight: 5/256 channels masked
Layer layer3.1.conv1.weight: 1/256 channels masked
Layer layer3.1.conv2.weight: 9/256 channels masked
Layer layer4.0.conv1.weight: 2/512 channels masked
Layer layer4.0.conv2.weight: 38/512 channels masked
Layer layer4.0.downsample.0.weight: 180/512 channels masked
Layer layer4.1.conv1.weight: 51/512 channels masked
Layer layer4.1.conv2.weight: 119/512 channels masked
------------------------- time cost ------------------------- 5.848445653915405
ASR: 0.4226859828019185
attack_auc: 0.854466344202707
Layer conv1.weight: 6/64 channels masked
Layer layer2.0.downsample.0.weight: 1/128 channels masked
Layer layer3.0.conv2.weight: 3/256 channels masked
Layer layer3.0.downsample.0.weight: 5/256 channels masked
Layer layer3.1.conv1.weight: 1/256 channels masked
Layer layer3.1.conv2.weight: 9/256 channels masked
Layer layer4.0.conv1.weight: 2/512 channels masked
Layer layer4.0.conv2.weight: 38/512 channels masked
Layer layer4.0.downsample.0.weight: 180/512 channels masked
Layer layer4.1.conv1.weight: 52/512 channels masked
Layer layer4.1.conv2.weight: 120/512 channels masked
------------------------- time cost ------------------------- 5.253998279571533
ASR: 0.4137431540035651
attack_auc: 0.8532547789277158
Layer conv1.weight: 5/64 channels masked
Layer layer2.0.downsample.0.weight: 1/128 channels masked
Layer layer3.0.conv2.weight: 3/256 channels masked
Layer layer3.0.downsample.0.weight: 5/256 channels masked
Layer layer3.1.conv1.weight: 1/256 channels masked
Layer layer3.1.conv2.weight: 9/256 channels masked
Layer layer4.0.conv1.weight: 2/512 channels masked
Layer layer4.0.conv2.weight: 34/512 channels masked
Layer layer4.0.downsample.0.weight: 180/512 channels masked
Layer layer4.1.conv1.weight: 51/512 channels masked
Layer layer4.1.conv2.weight: 117/512 channels masked
------------------------- time cost ------------------------- 5.390713930130005
ASR: 0.4394532960847093
attack_auc: 0.861004536922343
Layer conv1.weight: 6/64 channels masked
Layer layer2.0.downsample.0.weight: 1/128 channels masked
Layer layer3.0.conv2.weight: 3/256 channels masked
Layer layer3.0.downsample.0.weight: 5/256 channels masked
Layer layer3.1.conv1.weight: 1/256 channels masked
Layer layer3.1.conv2.weight: 9/256 channels masked
Layer layer4.0.conv1.weight: 2/512 channels masked
Layer layer4.0.conv2.weight: 37/512 channels masked
Layer layer4.0.downsample.0.weight: 180/512 channels masked
Layer layer4.1.conv1.weight: 47/512 channels masked
Layer layer4.1.conv2.weight: 119/512 channels masked
------------------------- time cost ------------------------- 5.543387174606323
ASR: 0.4403144513985777
attack_auc: 0.8617217578232477
Layer conv1.weight: 7/64 channels masked
Layer layer2.0.downsample.0.weight: 1/128 channels masked
Layer layer3.0.conv2.weight: 3/256 channels masked
Layer layer3.0.downsample.0.weight: 5/256 channels masked
Layer layer3.1.conv1.weight: 1/256 channels masked
Layer layer3.1.conv2.weight: 9/256 channels masked
Layer layer4.0.conv1.weight: 2/512 channels masked
Layer layer4.0.conv2.weight: 37/512 channels masked
Layer layer4.0.downsample.0.weight: 180/512 channels masked
Layer layer4.1.conv1.weight: 48/512 channels masked
Layer layer4.1.conv2.weight: 119/512 channels masked
------------------------- time cost ------------------------- 4.848166227340698
ASR: 0.439785306696503
attack_auc: 0.8564547112757249
Layer conv1.weight: 6/64 channels masked
Layer layer2.0.downsample.0.weight: 1/128 channels masked
Layer layer3.0.conv2.weight: 3/256 channels masked
Layer layer3.0.downsample.0.weight: 5/256 channels masked
Layer layer3.1.conv1.weight: 1/256 channels masked
Layer layer3.1.conv2.weight: 9/256 channels masked
Layer layer4.0.conv1.weight: 2/512 channels masked
Layer layer4.0.conv2.weight: 37/512 channels masked
Layer layer4.0.downsample.0.weight: 180/512 channels masked
Layer layer4.1.conv1.weight: 49/512 channels masked
Layer layer4.1.conv2.weight: 119/512 channels masked
------------------------- time cost ------------------------- 5.351964712142944
ASR: 0.4468119882848829
attack_auc: 0.8562968980686455
Layer conv1.weight: 6/64 channels masked
Layer layer2.0.downsample.0.weight: 1/128 channels masked
Layer layer3.0.conv2.weight: 3/256 channels masked
Layer layer3.0.downsample.0.weight: 5/256 channels masked
Layer layer3.1.conv1.weight: 1/256 channels masked
Layer layer3.1.conv2.weight: 9/256 channels masked
Layer layer4.0.conv1.weight: 2/512 channels masked
Layer layer4.0.conv2.weight: 37/512 channels masked
Layer layer4.0.downsample.0.weight: 180/512 channels masked
Layer layer4.1.conv1.weight: 50/512 channels masked
Layer layer4.1.conv2.weight: 119/512 channels masked
------------------------- time cost ------------------------- 4.793380260467529

-------------Round number: 670-------------

Evaluate personalized models
Averaged Train Loss: 0.1691
Averaged Test Accurancy: 0.7445
Averaged Test AUC: 0.9562
Std Test Accurancy: 0.0976
Std Test AUC: 0.0227
ASR: 0.47881561741800044
attack_auc: 0.870223737648778
Layer conv1.weight: 4/64 channels masked
Layer layer2.0.downsample.0.weight: 1/128 channels masked
Layer layer3.0.conv2.weight: 2/256 channels masked
Layer layer3.0.downsample.0.weight: 5/256 channels masked
Layer layer3.1.conv1.weight: 1/256 channels masked
Layer layer3.1.conv2.weight: 9/256 channels masked
Layer layer4.0.conv1.weight: 2/512 channels masked
Layer layer4.0.conv2.weight: 34/512 channels masked
Layer layer4.0.downsample.0.weight: 180/512 channels masked
Layer layer4.1.conv1.weight: 50/512 channels masked
Layer layer4.1.conv2.weight: 119/512 channels masked
------------------------- time cost ------------------------- 13.055500030517578
ASR: 0.5088105110416695
attack_auc: 0.8788276329428663
Layer conv1.weight: 7/64 channels masked
Layer layer2.0.downsample.0.weight: 1/128 channels masked
Layer layer3.0.conv2.weight: 3/256 channels masked
Layer layer3.0.downsample.0.weight: 5/256 channels masked
Layer layer3.1.conv1.weight: 1/256 channels masked
Layer layer3.1.conv2.weight: 9/256 channels masked
Layer layer4.0.conv1.weight: 2/512 channels masked
Layer layer4.0.conv2.weight: 36/512 channels masked
Layer layer4.0.downsample.0.weight: 180/512 channels masked
Layer layer4.1.conv1.weight: 49/512 channels masked
Layer layer4.1.conv2.weight: 119/512 channels masked
------------------------- time cost ------------------------- 5.040055751800537
ASR: 0.5171762452443919
attack_auc: 0.8846693598821834
Layer conv1.weight: 6/64 channels masked
Layer layer2.0.downsample.0.weight: 1/128 channels masked
Layer layer3.0.conv2.weight: 3/256 channels masked
Layer layer3.0.downsample.0.weight: 5/256 channels masked
Layer layer3.1.conv1.weight: 1/256 channels masked
Layer layer3.1.conv2.weight: 9/256 channels masked
Layer layer4.0.conv1.weight: 2/512 channels masked
Layer layer4.0.conv2.weight: 31/512 channels masked
Layer layer4.0.downsample.0.weight: 180/512 channels masked
Layer layer4.1.conv1.weight: 50/512 channels masked
Layer layer4.1.conv2.weight: 110/512 channels masked
------------------------- time cost ------------------------- 5.007797718048096
ASR: 0.4913856538876915
attack_auc: 0.8742009883625199
Layer conv1.weight: 4/64 channels masked
Layer layer2.0.downsample.0.weight: 1/128 channels masked
Layer layer3.0.downsample.0.weight: 5/256 channels masked
Layer layer3.1.conv2.weight: 9/256 channels masked
Layer layer4.0.conv1.weight: 2/512 channels masked
Layer layer4.0.conv2.weight: 12/512 channels masked
Layer layer4.0.downsample.0.weight: 179/512 channels masked
Layer layer4.1.conv1.weight: 49/512 channels masked
Layer layer4.1.conv2.weight: 46/512 channels masked
------------------------- time cost ------------------------- 5.193730354309082
ASR: 0.5072415617764047
attack_auc: 0.8794559492088676
Layer conv1.weight: 6/64 channels masked
Layer layer2.0.downsample.0.weight: 1/128 channels masked
Layer layer3.0.conv2.weight: 3/256 channels masked
Layer layer3.0.downsample.0.weight: 5/256 channels masked
Layer layer3.1.conv1.weight: 1/256 channels masked
Layer layer3.1.conv2.weight: 9/256 channels masked
Layer layer4.0.conv1.weight: 2/512 channels masked
Layer layer4.0.conv2.weight: 35/512 channels masked
Layer layer4.0.downsample.0.weight: 180/512 channels masked
Layer layer4.1.conv1.weight: 48/512 channels masked
Layer layer4.1.conv2.weight: 115/512 channels masked
------------------------- time cost ------------------------- 5.091346740722656
ASR: 0.5091882061944253
attack_auc: 0.8829283727306996
Layer conv1.weight: 5/64 channels masked
Layer layer2.0.downsample.0.weight: 1/128 channels masked
Layer layer3.0.conv2.weight: 1/256 channels masked
Layer layer3.0.downsample.0.weight: 5/256 channels masked
Layer layer3.1.conv1.weight: 1/256 channels masked
Layer layer3.1.conv2.weight: 9/256 channels masked
Layer layer4.0.conv1.weight: 2/512 channels masked
Layer layer4.0.conv2.weight: 24/512 channels masked
Layer layer4.0.downsample.0.weight: 180/512 channels masked
Layer layer4.1.conv1.weight: 46/512 channels masked
Layer layer4.1.conv2.weight: 76/512 channels masked
------------------------- time cost ------------------------- 5.805992603302002
ASR: 0.46887900472515237
attack_auc: 0.8685162297426686
Layer conv1.weight: 5/64 channels masked
Layer layer2.0.downsample.0.weight: 1/128 channels masked
Layer layer3.0.conv2.weight: 3/256 channels masked
Layer layer3.0.downsample.0.weight: 5/256 channels masked
Layer layer3.1.conv1.weight: 1/256 channels masked
Layer layer3.1.conv2.weight: 9/256 channels masked
Layer layer4.0.conv1.weight: 2/512 channels masked
Layer layer4.0.conv2.weight: 34/512 channels masked
Layer layer4.0.downsample.0.weight: 180/512 channels masked
Layer layer4.1.conv1.weight: 48/512 channels masked
Layer layer4.1.conv2.weight: 118/512 channels masked
------------------------- time cost ------------------------- 5.483262062072754
ASR: 0.4397843584143634
attack_auc: 0.8545280808734237
Layer conv1.weight: 6/64 channels masked
Layer layer2.0.downsample.0.weight: 1/128 channels masked
Layer layer3.0.conv2.weight: 3/256 channels masked
Layer layer3.0.downsample.0.weight: 5/256 channels masked
Layer layer3.1.conv1.weight: 1/256 channels masked
Layer layer3.1.conv2.weight: 9/256 channels masked
Layer layer4.0.conv1.weight: 2/512 channels masked
Layer layer4.0.conv2.weight: 33/512 channels masked
Layer layer4.0.downsample.0.weight: 180/512 channels masked
Layer layer4.1.conv1.weight: 49/512 channels masked
Layer layer4.1.conv2.weight: 114/512 channels masked
------------------------- time cost ------------------------- 5.367177963256836
ASR: 0.44101264618010017
attack_auc: 0.8557776248105565
Layer conv1.weight: 6/64 channels masked
Layer layer2.0.downsample.0.weight: 1/128 channels masked
Layer layer3.0.conv2.weight: 3/256 channels masked
Layer layer3.0.downsample.0.weight: 5/256 channels masked
Layer layer3.1.conv1.weight: 1/256 channels masked
Layer layer3.1.conv2.weight: 9/256 channels masked
Layer layer4.0.conv1.weight: 2/512 channels masked
Layer layer4.0.conv2.weight: 33/512 channels masked
Layer layer4.0.downsample.0.weight: 180/512 channels masked
Layer layer4.1.conv1.weight: 49/512 channels masked
Layer layer4.1.conv2.weight: 119/512 channels masked
------------------------- time cost ------------------------- 4.738088369369507
ASR: 0.4592904352420405
attack_auc: 0.8611599421176327
Layer conv1.weight: 6/64 channels masked
Layer layer2.0.downsample.0.weight: 1/128 channels masked
Layer layer3.0.conv2.weight: 3/256 channels masked
Layer layer3.0.downsample.0.weight: 5/256 channels masked
Layer layer3.1.conv1.weight: 1/256 channels masked
Layer layer3.1.conv2.weight: 9/256 channels masked
Layer layer4.0.conv1.weight: 2/512 channels masked
Layer layer4.0.conv2.weight: 36/512 channels masked
Layer layer4.0.downsample.0.weight: 181/512 channels masked
Layer layer4.1.conv1.weight: 52/512 channels masked
Layer layer4.1.conv2.weight: 121/512 channels masked
------------------------- time cost ------------------------- 4.629776239395142

-------------Round number: 680-------------

Evaluate personalized models
Averaged Train Loss: 0.1693
Averaged Test Accurancy: 0.7513
Averaged Test AUC: 0.9586
Std Test Accurancy: 0.0860
Std Test AUC: 0.0204
ASR: 0.4628653324567926
attack_auc: 0.8643072846868199
Layer conv1.weight: 6/64 channels masked
Layer layer2.0.downsample.0.weight: 1/128 channels masked
Layer layer3.0.conv2.weight: 3/256 channels masked
Layer layer3.0.downsample.0.weight: 5/256 channels masked
Layer layer3.1.conv1.weight: 1/256 channels masked
Layer layer3.1.conv2.weight: 9/256 channels masked
Layer layer4.0.conv1.weight: 2/512 channels masked
Layer layer4.0.conv2.weight: 35/512 channels masked
Layer layer4.0.downsample.0.weight: 180/512 channels masked
Layer layer4.1.conv1.weight: 52/512 channels masked
Layer layer4.1.conv2.weight: 120/512 channels masked
------------------------- time cost ------------------------- 12.841811180114746
ASR: 0.4498177046675907
attack_auc: 0.8645629284801088
Layer conv1.weight: 6/64 channels masked
Layer layer2.0.downsample.0.weight: 1/128 channels masked
Layer layer3.0.conv2.weight: 3/256 channels masked
Layer layer3.0.downsample.0.weight: 5/256 channels masked
Layer layer3.1.conv1.weight: 1/256 channels masked
Layer layer3.1.conv2.weight: 9/256 channels masked
Layer layer4.0.conv1.weight: 2/512 channels masked
Layer layer4.0.conv2.weight: 35/512 channels masked
Layer layer4.0.downsample.0.weight: 180/512 channels masked
Layer layer4.1.conv1.weight: 52/512 channels masked
Layer layer4.1.conv2.weight: 121/512 channels masked
------------------------- time cost ------------------------- 5.432245969772339
ASR: 0.4453224434138935
attack_auc: 0.8576411908615512
Layer conv1.weight: 4/64 channels masked
Layer layer2.0.downsample.0.weight: 1/128 channels masked
Layer layer3.0.conv2.weight: 3/256 channels masked
Layer layer3.0.downsample.0.weight: 5/256 channels masked
Layer layer3.1.conv1.weight: 1/256 channels masked
Layer layer3.1.conv2.weight: 9/256 channels masked
Layer layer4.0.conv1.weight: 2/512 channels masked
Layer layer4.0.conv2.weight: 35/512 channels masked
Layer layer4.0.downsample.0.weight: 179/512 channels masked
Layer layer4.1.conv1.weight: 53/512 channels masked
Layer layer4.1.conv2.weight: 121/512 channels masked
------------------------- time cost ------------------------- 4.86499285697937
ASR: 0.49156693034902404
attack_auc: 0.8760884016801813
Layer conv1.weight: 5/64 channels masked
Layer layer2.0.downsample.0.weight: 1/128 channels masked
Layer layer3.0.conv2.weight: 3/256 channels masked
Layer layer3.0.downsample.0.weight: 5/256 channels masked
Layer layer3.1.conv1.weight: 1/256 channels masked
Layer layer3.1.conv2.weight: 9/256 channels masked
Layer layer4.0.conv1.weight: 2/512 channels masked
Layer layer4.0.conv2.weight: 35/512 channels masked
Layer layer4.0.downsample.0.weight: 179/512 channels masked
Layer layer4.1.conv1.weight: 53/512 channels masked
Layer layer4.1.conv2.weight: 121/512 channels masked
------------------------- time cost ------------------------- 5.144595384597778
ASR: 0.48423938642334885
attack_auc: 0.8774340132575815
Layer conv1.weight: 5/64 channels masked
Layer layer2.0.downsample.0.weight: 1/128 channels masked
Layer layer3.0.conv2.weight: 3/256 channels masked
Layer layer3.0.downsample.0.weight: 5/256 channels masked
Layer layer3.1.conv1.weight: 1/256 channels masked
Layer layer3.1.conv2.weight: 9/256 channels masked
Layer layer4.0.conv1.weight: 2/512 channels masked
Layer layer4.0.conv2.weight: 34/512 channels masked
Layer layer4.0.downsample.0.weight: 179/512 channels masked
Layer layer4.1.conv1.weight: 53/512 channels masked
Layer layer4.1.conv2.weight: 120/512 channels masked
------------------------- time cost ------------------------- 4.749683380126953
ASR: 0.4661790225928612
attack_auc: 0.8689489469381343
Layer conv1.weight: 5/64 channels masked
Layer layer2.0.downsample.0.weight: 1/128 channels masked
Layer layer3.0.conv2.weight: 3/256 channels masked
Layer layer3.0.downsample.0.weight: 5/256 channels masked
Layer layer3.1.conv1.weight: 1/256 channels masked
Layer layer3.1.conv2.weight: 9/256 channels masked
Layer layer4.0.conv1.weight: 2/512 channels masked
Layer layer4.0.conv2.weight: 34/512 channels masked
Layer layer4.0.downsample.0.weight: 180/512 channels masked
Layer layer4.1.conv1.weight: 54/512 channels masked
Layer layer4.1.conv2.weight: 121/512 channels masked
------------------------- time cost ------------------------- 5.390742778778076
ASR: 0.4850698461069495
attack_auc: 0.8780409362047024
Layer conv1.weight: 6/64 channels masked
Layer layer2.0.downsample.0.weight: 1/128 channels masked
Layer layer3.0.conv2.weight: 3/256 channels masked
Layer layer3.0.downsample.0.weight: 5/256 channels masked
Layer layer3.1.conv1.weight: 1/256 channels masked
Layer layer3.1.conv2.weight: 9/256 channels masked
Layer layer4.0.conv1.weight: 2/512 channels masked
Layer layer4.0.conv2.weight: 34/512 channels masked
Layer layer4.0.downsample.0.weight: 180/512 channels masked
Layer layer4.1.conv1.weight: 53/512 channels masked
Layer layer4.1.conv2.weight: 122/512 channels masked
------------------------- time cost ------------------------- 5.206564426422119
ASR: 0.46571095371640514
attack_auc: 0.8717695638075434
Layer conv1.weight: 5/64 channels masked
Layer layer2.0.downsample.0.weight: 1/128 channels masked
Layer layer3.0.conv2.weight: 3/256 channels masked
Layer layer3.0.downsample.0.weight: 5/256 channels masked
Layer layer3.1.conv1.weight: 1/256 channels masked
Layer layer3.1.conv2.weight: 9/256 channels masked
Layer layer4.0.conv1.weight: 3/512 channels masked
Layer layer4.0.conv2.weight: 34/512 channels masked
Layer layer4.0.downsample.0.weight: 180/512 channels masked
Layer layer4.1.conv1.weight: 54/512 channels masked
Layer layer4.1.conv2.weight: 122/512 channels masked
------------------------- time cost ------------------------- 4.141319990158081
ASR: 0.5107686424651828
attack_auc: 0.8798985257362432
Layer conv1.weight: 5/64 channels masked
Layer layer2.0.downsample.0.weight: 1/128 channels masked
Layer layer3.0.conv2.weight: 3/256 channels masked
Layer layer3.0.downsample.0.weight: 5/256 channels masked
Layer layer3.1.conv1.weight: 1/256 channels masked
Layer layer3.1.conv2.weight: 9/256 channels masked
Layer layer4.0.conv1.weight: 3/512 channels masked
Layer layer4.0.conv2.weight: 33/512 channels masked
Layer layer4.0.downsample.0.weight: 181/512 channels masked
Layer layer4.1.conv1.weight: 54/512 channels masked
Layer layer4.1.conv2.weight: 119/512 channels masked
------------------------- time cost ------------------------- 5.661090612411499
ASR: 0.46952913137472707
attack_auc: 0.8668943233386605
Layer conv1.weight: 5/64 channels masked
Layer layer2.0.downsample.0.weight: 1/128 channels masked
Layer layer3.0.conv2.weight: 3/256 channels masked
Layer layer3.0.downsample.0.weight: 5/256 channels masked
Layer layer3.1.conv1.weight: 1/256 channels masked
Layer layer3.1.conv2.weight: 9/256 channels masked
Layer layer4.0.conv1.weight: 2/512 channels masked
Layer layer4.0.conv2.weight: 34/512 channels masked
Layer layer4.0.downsample.0.weight: 181/512 channels masked
Layer layer4.1.conv1.weight: 54/512 channels masked
Layer layer4.1.conv2.weight: 123/512 channels masked
------------------------- time cost ------------------------- 5.1612865924835205

-------------Round number: 690-------------

Evaluate personalized models
Averaged Train Loss: 0.2263
Averaged Test Accurancy: 0.7495
Averaged Test AUC: 0.9586
Std Test Accurancy: 0.0908
Std Test AUC: 0.0207
ASR: 0.478778087683515
attack_auc: 0.8648018199411691
Layer conv1.weight: 6/64 channels masked
Layer layer2.0.downsample.0.weight: 1/128 channels masked
Layer layer3.0.conv2.weight: 3/256 channels masked
Layer layer3.0.downsample.0.weight: 5/256 channels masked
Layer layer3.1.conv1.weight: 1/256 channels masked
Layer layer3.1.conv2.weight: 9/256 channels masked
Layer layer4.0.conv1.weight: 2/512 channels masked
Layer layer4.0.conv2.weight: 35/512 channels masked
Layer layer4.0.downsample.0.weight: 182/512 channels masked
Layer layer4.1.conv1.weight: 54/512 channels masked
Layer layer4.1.conv2.weight: 122/512 channels masked
------------------------- time cost ------------------------- 13.09642767906189
ASR: 0.46678129141948765
attack_auc: 0.8680773550811706
Layer conv1.weight: 6/64 channels masked
Layer layer2.0.downsample.0.weight: 1/128 channels masked
Layer layer3.0.conv2.weight: 3/256 channels masked
Layer layer3.0.downsample.0.weight: 5/256 channels masked
Layer layer3.1.conv1.weight: 1/256 channels masked
Layer layer3.1.conv2.weight: 9/256 channels masked
Layer layer4.0.conv1.weight: 2/512 channels masked
Layer layer4.0.conv2.weight: 34/512 channels masked
Layer layer4.0.downsample.0.weight: 182/512 channels masked
Layer layer4.1.conv1.weight: 54/512 channels masked
Layer layer4.1.conv2.weight: 123/512 channels masked
------------------------- time cost ------------------------- 5.26388692855835
ASR: 0.49742965363775565
attack_auc: 0.8727019469881228
Layer conv1.weight: 2/64 channels masked
Layer layer2.0.downsample.0.weight: 1/128 channels masked
Layer layer3.0.conv2.weight: 2/256 channels masked
Layer layer3.0.downsample.0.weight: 5/256 channels masked
Layer layer3.1.conv1.weight: 1/256 channels masked
Layer layer3.1.conv2.weight: 9/256 channels masked
Layer layer4.0.conv1.weight: 2/512 channels masked
Layer layer4.0.conv2.weight: 25/512 channels masked
Layer layer4.0.downsample.0.weight: 181/512 channels masked
Layer layer4.1.conv1.weight: 51/512 channels masked
Layer layer4.1.conv2.weight: 115/512 channels masked
------------------------- time cost ------------------------- 4.952799320220947
ASR: 0.49003923280459405
attack_auc: 0.8711913843635012
Layer conv1.weight: 7/64 channels masked
Layer layer2.0.downsample.0.weight: 1/128 channels masked
Layer layer3.0.conv2.weight: 2/256 channels masked
Layer layer3.0.downsample.0.weight: 5/256 channels masked
Layer layer3.1.conv1.weight: 1/256 channels masked
Layer layer3.1.conv2.weight: 9/256 channels masked
Layer layer4.0.conv1.weight: 2/512 channels masked
Layer layer4.0.conv2.weight: 24/512 channels masked
Layer layer4.0.downsample.0.weight: 181/512 channels masked
Layer layer4.1.conv1.weight: 51/512 channels masked
Layer layer4.1.conv2.weight: 108/512 channels masked
------------------------- time cost ------------------------- 5.172618865966797
ASR: 0.4704336075712433
attack_auc: 0.8740548948155491
Layer conv1.weight: 3/64 channels masked
Layer layer2.0.downsample.0.weight: 1/128 channels masked
Layer layer3.0.conv2.weight: 1/256 channels masked
Layer layer3.0.downsample.0.weight: 5/256 channels masked
Layer layer3.1.conv1.weight: 1/256 channels masked
Layer layer3.1.conv2.weight: 9/256 channels masked
Layer layer4.0.conv1.weight: 2/512 channels masked
Layer layer4.0.conv2.weight: 25/512 channels masked
Layer layer4.0.downsample.0.weight: 181/512 channels masked
Layer layer4.1.conv1.weight: 53/512 channels masked
Layer layer4.1.conv2.weight: 109/512 channels masked
------------------------- time cost ------------------------- 5.033682107925415
ASR: 0.48688738062446585
attack_auc: 0.8777660545048455
Layer conv1.weight: 4/64 channels masked
Layer layer2.0.downsample.0.weight: 1/128 channels masked
Layer layer3.0.conv2.weight: 3/256 channels masked
Layer layer3.0.downsample.0.weight: 5/256 channels masked
Layer layer3.1.conv1.weight: 1/256 channels masked
Layer layer3.1.conv2.weight: 9/256 channels masked
Layer layer4.0.conv1.weight: 2/512 channels masked
Layer layer4.0.conv2.weight: 32/512 channels masked
Layer layer4.0.downsample.0.weight: 181/512 channels masked
Layer layer4.1.conv1.weight: 53/512 channels masked
Layer layer4.1.conv2.weight: 119/512 channels masked
------------------------- time cost ------------------------- 5.0836615562438965
ASR: 0.4732882364740871
attack_auc: 0.8749142284392535
Layer conv1.weight: 4/64 channels masked
Layer layer2.0.downsample.0.weight: 1/128 channels masked
Layer layer3.0.conv2.weight: 3/256 channels masked
Layer layer3.0.downsample.0.weight: 5/256 channels masked
Layer layer3.1.conv1.weight: 1/256 channels masked
Layer layer3.1.conv2.weight: 9/256 channels masked
Layer layer4.0.conv1.weight: 2/512 channels masked
Layer layer4.0.conv2.weight: 31/512 channels masked
Layer layer4.0.downsample.0.weight: 182/512 channels masked
Layer layer4.1.conv1.weight: 54/512 channels masked
Layer layer4.1.conv2.weight: 120/512 channels masked
------------------------- time cost ------------------------- 5.334546089172363
ASR: 0.49394853209270795
attack_auc: 0.8794175110113147
Layer conv1.weight: 5/64 channels masked
Layer layer2.0.downsample.0.weight: 1/128 channels masked
Layer layer3.0.conv2.weight: 3/256 channels masked
Layer layer3.0.downsample.0.weight: 5/256 channels masked
Layer layer3.1.conv1.weight: 1/256 channels masked
Layer layer3.1.conv2.weight: 9/256 channels masked
Layer layer4.0.conv1.weight: 2/512 channels masked
Layer layer4.0.conv2.weight: 32/512 channels masked
Layer layer4.0.downsample.0.weight: 182/512 channels masked
Layer layer4.1.conv1.weight: 54/512 channels masked
Layer layer4.1.conv2.weight: 120/512 channels masked
------------------------- time cost ------------------------- 5.23621129989624
ASR: 0.5346599726088448
attack_auc: 0.8946574453073869
Layer conv1.weight: 4/64 channels masked
Layer layer2.0.downsample.0.weight: 1/128 channels masked
Layer layer3.0.conv2.weight: 3/256 channels masked
Layer layer3.0.downsample.0.weight: 5/256 channels masked
Layer layer3.1.conv1.weight: 1/256 channels masked
Layer layer3.1.conv2.weight: 9/256 channels masked
Layer layer4.0.conv1.weight: 2/512 channels masked
Layer layer4.0.conv2.weight: 32/512 channels masked
Layer layer4.0.downsample.0.weight: 181/512 channels masked
Layer layer4.1.conv1.weight: 53/512 channels masked
Layer layer4.1.conv2.weight: 121/512 channels masked
------------------------- time cost ------------------------- 4.859199285507202
ASR: 0.5276692865599969
attack_auc: 0.8910745704359907
Layer conv1.weight: 4/64 channels masked
Layer layer2.0.downsample.0.weight: 1/128 channels masked
Layer layer3.0.conv2.weight: 3/256 channels masked
Layer layer3.0.downsample.0.weight: 5/256 channels masked
Layer layer3.1.conv1.weight: 1/256 channels masked
Layer layer3.1.conv2.weight: 9/256 channels masked
Layer layer4.0.conv1.weight: 2/512 channels masked
Layer layer4.0.conv2.weight: 33/512 channels masked
Layer layer4.0.downsample.0.weight: 182/512 channels masked
Layer layer4.1.conv1.weight: 54/512 channels masked
Layer layer4.1.conv2.weight: 123/512 channels masked
------------------------- time cost ------------------------- 5.418248176574707

-------------Round number: 700-------------

Evaluate personalized models
Averaged Train Loss: 0.1337
Averaged Test Accurancy: 0.7513
Averaged Test AUC: 0.9578
Std Test Accurancy: 0.0873
Std Test AUC: 0.0198
ASR: 0.5166766823672695
attack_auc: 0.8871922098875558
Layer conv1.weight: 4/64 channels masked
Layer layer2.0.downsample.0.weight: 1/128 channels masked
Layer layer3.0.conv2.weight: 3/256 channels masked
Layer layer3.0.downsample.0.weight: 5/256 channels masked
Layer layer3.1.conv1.weight: 1/256 channels masked
Layer layer3.1.conv2.weight: 9/256 channels masked
Layer layer4.0.conv1.weight: 2/512 channels masked
Layer layer4.0.conv2.weight: 33/512 channels masked
Layer layer4.0.downsample.0.weight: 182/512 channels masked
Layer layer4.1.conv1.weight: 53/512 channels masked
Layer layer4.1.conv2.weight: 122/512 channels masked
------------------------- time cost ------------------------- 12.60024881362915
ASR: 0.5526606858319655
attack_auc: 0.8999881957553032
Layer conv1.weight: 4/64 channels masked
Layer layer2.0.downsample.0.weight: 1/128 channels masked
Layer layer3.0.conv2.weight: 3/256 channels masked
Layer layer3.0.downsample.0.weight: 5/256 channels masked
Layer layer3.1.conv1.weight: 1/256 channels masked
Layer layer3.1.conv2.weight: 9/256 channels masked
Layer layer4.0.conv1.weight: 1/512 channels masked
Layer layer4.0.conv2.weight: 33/512 channels masked
Layer layer4.0.downsample.0.weight: 182/512 channels masked
Layer layer4.1.conv1.weight: 52/512 channels masked
Layer layer4.1.conv2.weight: 98/512 channels masked
------------------------- time cost ------------------------- 4.865027904510498
ASR: 0.5485276395468853
attack_auc: 0.8950517291572736
Layer conv1.weight: 5/64 channels masked
Layer layer2.0.downsample.0.weight: 1/128 channels masked
Layer layer3.0.conv2.weight: 3/256 channels masked
Layer layer3.0.downsample.0.weight: 5/256 channels masked
Layer layer3.1.conv1.weight: 1/256 channels masked
Layer layer3.1.conv2.weight: 9/256 channels masked
Layer layer4.0.conv1.weight: 2/512 channels masked
Layer layer4.0.conv2.weight: 34/512 channels masked
Layer layer4.0.downsample.0.weight: 183/512 channels masked
Layer layer4.1.conv1.weight: 58/512 channels masked
Layer layer4.1.conv2.weight: 126/512 channels masked
------------------------- time cost ------------------------- 5.46217679977417
ASR: 0.550618511143812
attack_auc: 0.8969600024719233
Layer conv1.weight: 4/64 channels masked
Layer layer2.0.downsample.0.weight: 1/128 channels masked
Layer layer3.0.conv2.weight: 1/256 channels masked
Layer layer3.0.downsample.0.weight: 5/256 channels masked
Layer layer3.1.conv1.weight: 1/256 channels masked
Layer layer3.1.conv2.weight: 9/256 channels masked
Layer layer4.0.conv1.weight: 2/512 channels masked
Layer layer4.0.conv2.weight: 30/512 channels masked
Layer layer4.0.downsample.0.weight: 183/512 channels masked
Layer layer4.1.conv1.weight: 57/512 channels masked
Layer layer4.1.conv2.weight: 118/512 channels masked
------------------------- time cost ------------------------- 5.224615097045898
ASR: 0.545439814324828
attack_auc: 0.89210466401073
Layer conv1.weight: 5/64 channels masked
Layer layer2.0.downsample.0.weight: 1/128 channels masked
Layer layer3.0.conv2.weight: 2/256 channels masked
Layer layer3.0.downsample.0.weight: 5/256 channels masked
Layer layer3.1.conv1.weight: 1/256 channels masked
Layer layer3.1.conv2.weight: 9/256 channels masked
Layer layer4.0.conv1.weight: 2/512 channels masked
Layer layer4.0.conv2.weight: 32/512 channels masked
Layer layer4.0.downsample.0.weight: 183/512 channels masked
Layer layer4.1.conv1.weight: 58/512 channels masked
Layer layer4.1.conv2.weight: 114/512 channels masked
------------------------- time cost ------------------------- 5.2162933349609375
ASR: 0.5286405424681057
attack_auc: 0.8912899957492081
Layer conv1.weight: 4/64 channels masked
Layer layer2.0.downsample.0.weight: 1/128 channels masked
Layer layer3.0.conv2.weight: 3/256 channels masked
Layer layer3.0.downsample.0.weight: 5/256 channels masked
Layer layer3.1.conv1.weight: 1/256 channels masked
Layer layer3.1.conv2.weight: 9/256 channels masked
Layer layer4.0.conv1.weight: 2/512 channels masked
Layer layer4.0.conv2.weight: 35/512 channels masked
Layer layer4.0.downsample.0.weight: 183/512 channels masked
Layer layer4.1.conv1.weight: 60/512 channels masked
Layer layer4.1.conv2.weight: 126/512 channels masked
------------------------- time cost ------------------------- 4.987736940383911
ASR: 0.5364600779327833
attack_auc: 0.8922296964568204
Layer conv1.weight: 6/64 channels masked
Layer layer2.0.downsample.0.weight: 1/128 channels masked
Layer layer3.0.conv2.weight: 3/256 channels masked
Layer layer3.0.downsample.0.weight: 5/256 channels masked
Layer layer3.1.conv1.weight: 1/256 channels masked
Layer layer3.1.conv2.weight: 9/256 channels masked
Layer layer4.0.conv1.weight: 2/512 channels masked
Layer layer4.0.conv2.weight: 34/512 channels masked
Layer layer4.0.downsample.0.weight: 183/512 channels masked
Layer layer4.1.conv1.weight: 61/512 channels masked
Layer layer4.1.conv2.weight: 126/512 channels masked
------------------------- time cost ------------------------- 5.987849473953247
ASR: 0.49710793061703745
attack_auc: 0.8797760183141172
Layer conv1.weight: 5/64 channels masked
Layer layer2.0.downsample.0.weight: 1/128 channels masked
Layer layer3.0.conv2.weight: 3/256 channels masked
Layer layer3.0.downsample.0.weight: 5/256 channels masked
Layer layer3.1.conv1.weight: 1/256 channels masked
Layer layer3.1.conv2.weight: 9/256 channels masked
Layer layer4.0.conv1.weight: 2/512 channels masked
Layer layer4.0.conv2.weight: 36/512 channels masked
Layer layer4.0.downsample.0.weight: 183/512 channels masked
Layer layer4.1.conv1.weight: 61/512 channels masked
Layer layer4.1.conv2.weight: 127/512 channels masked
------------------------- time cost ------------------------- 4.9002366065979
ASR: 0.48420569171231115
attack_auc: 0.8738846779231367
Layer conv1.weight: 6/64 channels masked
Layer layer2.0.downsample.0.weight: 1/128 channels masked
Layer layer3.0.conv2.weight: 3/256 channels masked
Layer layer3.0.downsample.0.weight: 5/256 channels masked
Layer layer3.1.conv1.weight: 1/256 channels masked
Layer layer3.1.conv2.weight: 9/256 channels masked
Layer layer4.0.conv1.weight: 2/512 channels masked
Layer layer4.0.conv2.weight: 36/512 channels masked
Layer layer4.0.downsample.0.weight: 183/512 channels masked
Layer layer4.1.conv1.weight: 61/512 channels masked
Layer layer4.1.conv2.weight: 127/512 channels masked
------------------------- time cost ------------------------- 5.348766326904297
ASR: 0.48936387501432915
attack_auc: 0.8760944422643917
Layer conv1.weight: 6/64 channels masked
Layer layer2.0.downsample.0.weight: 1/128 channels masked
Layer layer3.0.conv2.weight: 3/256 channels masked
Layer layer3.0.downsample.0.weight: 5/256 channels masked
Layer layer3.1.conv1.weight: 1/256 channels masked
Layer layer3.1.conv2.weight: 9/256 channels masked
Layer layer4.0.conv1.weight: 2/512 channels masked
Layer layer4.0.conv2.weight: 36/512 channels masked
Layer layer4.0.downsample.0.weight: 183/512 channels masked
Layer layer4.1.conv1.weight: 61/512 channels masked
Layer layer4.1.conv2.weight: 128/512 channels masked
------------------------- time cost ------------------------- 5.303668737411499

-------------Round number: 710-------------

Evaluate personalized models
Averaged Train Loss: 0.1257
Averaged Test Accurancy: 0.7510
Averaged Test AUC: 0.9578
Std Test Accurancy: 0.0929
Std Test AUC: 0.0219
ASR: 0.48369186579255885
attack_auc: 0.8730812103406317
Layer conv1.weight: 5/64 channels masked
Layer layer2.0.downsample.0.weight: 1/128 channels masked
Layer layer3.0.conv2.weight: 3/256 channels masked
Layer layer3.0.downsample.0.weight: 5/256 channels masked
Layer layer3.1.conv1.weight: 1/256 channels masked
Layer layer3.1.conv2.weight: 9/256 channels masked
Layer layer4.0.conv1.weight: 2/512 channels masked
Layer layer4.0.conv2.weight: 37/512 channels masked
Layer layer4.0.downsample.0.weight: 183/512 channels masked
Layer layer4.1.conv1.weight: 61/512 channels masked
Layer layer4.1.conv2.weight: 128/512 channels masked
------------------------- time cost ------------------------- 13.461397647857666
ASR: 0.5018797184210078
attack_auc: 0.8807236170669214
Layer conv1.weight: 5/64 channels masked
Layer layer2.0.downsample.0.weight: 1/128 channels masked
Layer layer3.0.conv2.weight: 3/256 channels masked
Layer layer3.0.downsample.0.weight: 5/256 channels masked
Layer layer3.1.conv1.weight: 1/256 channels masked
Layer layer3.1.conv2.weight: 9/256 channels masked
Layer layer4.0.conv1.weight: 2/512 channels masked
Layer layer4.0.conv2.weight: 39/512 channels masked
Layer layer4.0.downsample.0.weight: 183/512 channels masked
Layer layer4.1.conv1.weight: 62/512 channels masked
Layer layer4.1.conv2.weight: 128/512 channels masked
------------------------- time cost ------------------------- 4.918422222137451
ASR: 0.5012623295172932
attack_auc: 0.875700018222018
Layer conv1.weight: 4/64 channels masked
Layer layer2.0.downsample.0.weight: 1/128 channels masked
Layer layer3.0.conv2.weight: 3/256 channels masked
Layer layer3.0.downsample.0.weight: 5/256 channels masked
Layer layer3.1.conv1.weight: 1/256 channels masked
Layer layer3.1.conv2.weight: 9/256 channels masked
Layer layer4.0.conv1.weight: 3/512 channels masked
Layer layer4.0.conv2.weight: 38/512 channels masked
Layer layer4.0.downsample.0.weight: 183/512 channels masked
Layer layer4.1.conv1.weight: 62/512 channels masked
Layer layer4.1.conv2.weight: 128/512 channels masked
------------------------- time cost ------------------------- 5.458794593811035
ASR: 0.5051841898979512
attack_auc: 0.8848993041927444
Layer conv1.weight: 4/64 channels masked
Layer layer2.0.downsample.0.weight: 1/128 channels masked
Layer layer3.0.conv2.weight: 3/256 channels masked
Layer layer3.0.downsample.0.weight: 5/256 channels masked
Layer layer3.1.conv1.weight: 1/256 channels masked
Layer layer3.1.conv2.weight: 9/256 channels masked
Layer layer4.0.conv1.weight: 3/512 channels masked
Layer layer4.0.conv2.weight: 38/512 channels masked
Layer layer4.0.downsample.0.weight: 183/512 channels masked
Layer layer4.1.conv1.weight: 62/512 channels masked
Layer layer4.1.conv2.weight: 124/512 channels masked
------------------------- time cost ------------------------- 5.0971360206604
ASR: 0.5149941521481459
attack_auc: 0.886663519424964
Layer conv1.weight: 4/64 channels masked
Layer layer2.0.downsample.0.weight: 1/128 channels masked
Layer layer3.0.conv2.weight: 3/256 channels masked
Layer layer3.0.downsample.0.weight: 5/256 channels masked
Layer layer3.1.conv1.weight: 1/256 channels masked
Layer layer3.1.conv2.weight: 9/256 channels masked
Layer layer4.0.conv1.weight: 3/512 channels masked
Layer layer4.0.conv2.weight: 39/512 channels masked
Layer layer4.0.downsample.0.weight: 183/512 channels masked
Layer layer4.1.conv1.weight: 61/512 channels masked
Layer layer4.1.conv2.weight: 128/512 channels masked
------------------------- time cost ------------------------- 4.971880197525024
ASR: 0.491072285847384
attack_auc: 0.8782625875118114
Layer conv1.weight: 4/64 channels masked
Layer layer2.0.downsample.0.weight: 1/128 channels masked
Layer layer3.0.conv2.weight: 3/256 channels masked
Layer layer3.0.downsample.0.weight: 5/256 channels masked
Layer layer3.1.conv1.weight: 1/256 channels masked
Layer layer3.1.conv2.weight: 9/256 channels masked
Layer layer4.0.conv1.weight: 3/512 channels masked
Layer layer4.0.conv2.weight: 34/512 channels masked
Layer layer4.0.downsample.0.weight: 183/512 channels masked
Layer layer4.1.conv1.weight: 61/512 channels masked
Layer layer4.1.conv2.weight: 124/512 channels masked
------------------------- time cost ------------------------- 4.80567193031311
ASR: 0.5006256663180891
attack_auc: 0.8819587720629772
Layer conv1.weight: 4/64 channels masked
Layer layer2.0.downsample.0.weight: 1/128 channels masked
Layer layer3.0.conv2.weight: 3/256 channels masked
Layer layer3.0.downsample.0.weight: 5/256 channels masked
Layer layer3.1.conv1.weight: 1/256 channels masked
Layer layer3.1.conv2.weight: 9/256 channels masked
Layer layer4.0.conv1.weight: 3/512 channels masked
Layer layer4.0.conv2.weight: 40/512 channels masked
Layer layer4.0.downsample.0.weight: 184/512 channels masked
Layer layer4.1.conv1.weight: 61/512 channels masked
Layer layer4.1.conv2.weight: 130/512 channels masked
------------------------- time cost ------------------------- 4.437952995300293
ASR: 0.4948515158724549
attack_auc: 0.8800440648836182
Layer conv1.weight: 4/64 channels masked
Layer layer2.0.downsample.0.weight: 1/128 channels masked
Layer layer3.0.conv2.weight: 3/256 channels masked
Layer layer3.0.downsample.0.weight: 5/256 channels masked
Layer layer3.1.conv1.weight: 1/256 channels masked
Layer layer3.1.conv2.weight: 9/256 channels masked
Layer layer4.0.conv1.weight: 3/512 channels masked
Layer layer4.0.conv2.weight: 40/512 channels masked
Layer layer4.0.downsample.0.weight: 183/512 channels masked
Layer layer4.1.conv1.weight: 62/512 channels masked
Layer layer4.1.conv2.weight: 129/512 channels masked
------------------------- time cost ------------------------- 5.247104644775391
ASR: 0.4806956834667505
attack_auc: 0.8759650404804111
Layer conv1.weight: 4/64 channels masked
Layer layer2.0.downsample.0.weight: 1/128 channels masked
Layer layer3.0.conv2.weight: 3/256 channels masked
Layer layer3.0.downsample.0.weight: 5/256 channels masked
Layer layer3.1.conv1.weight: 1/256 channels masked
Layer layer3.1.conv2.weight: 9/256 channels masked
Layer layer4.0.conv1.weight: 3/512 channels masked
Layer layer4.0.conv2.weight: 40/512 channels masked
Layer layer4.0.downsample.0.weight: 183/512 channels masked
Layer layer4.1.conv1.weight: 59/512 channels masked
Layer layer4.1.conv2.weight: 128/512 channels masked
------------------------- time cost ------------------------- 5.162559509277344
ASR: 0.4766665383298918
attack_auc: 0.8747331285990668
Layer conv1.weight: 5/64 channels masked
Layer layer2.0.downsample.0.weight: 1/128 channels masked
Layer layer3.0.conv2.weight: 3/256 channels masked
Layer layer3.0.downsample.0.weight: 5/256 channels masked
Layer layer3.1.conv1.weight: 1/256 channels masked
Layer layer3.1.conv2.weight: 9/256 channels masked
Layer layer4.0.conv1.weight: 3/512 channels masked
Layer layer4.0.conv2.weight: 40/512 channels masked
Layer layer4.0.downsample.0.weight: 184/512 channels masked
Layer layer4.1.conv1.weight: 62/512 channels masked
Layer layer4.1.conv2.weight: 129/512 channels masked
------------------------- time cost ------------------------- 5.009142637252808

-------------Round number: 720-------------

Evaluate personalized models
Averaged Train Loss: 0.1417
Averaged Test Accurancy: 0.7479
Averaged Test AUC: 0.9576
Std Test Accurancy: 0.0974
Std Test AUC: 0.0217
ASR: 0.48097100254479713
attack_auc: 0.8783109558551914
Layer conv1.weight: 5/64 channels masked
Layer layer2.0.downsample.0.weight: 1/128 channels masked
Layer layer3.0.conv2.weight: 3/256 channels masked
Layer layer3.0.downsample.0.weight: 5/256 channels masked
Layer layer3.1.conv1.weight: 1/256 channels masked
Layer layer3.1.conv2.weight: 9/256 channels masked
Layer layer4.0.conv1.weight: 3/512 channels masked
Layer layer4.0.conv2.weight: 40/512 channels masked
Layer layer4.0.downsample.0.weight: 184/512 channels masked
Layer layer4.1.conv1.weight: 62/512 channels masked
Layer layer4.1.conv2.weight: 129/512 channels masked
------------------------- time cost ------------------------- 13.570198059082031
ASR: 0.49730759205185193
attack_auc: 0.883392615809754
Layer conv1.weight: 4/64 channels masked
Layer layer2.0.downsample.0.weight: 1/128 channels masked
Layer layer3.0.conv2.weight: 3/256 channels masked
Layer layer3.0.downsample.0.weight: 5/256 channels masked
Layer layer3.1.conv1.weight: 1/256 channels masked
Layer layer3.1.conv2.weight: 9/256 channels masked
Layer layer4.0.conv1.weight: 3/512 channels masked
Layer layer4.0.conv2.weight: 41/512 channels masked
Layer layer4.0.downsample.0.weight: 184/512 channels masked
Layer layer4.1.conv1.weight: 60/512 channels masked
Layer layer4.1.conv2.weight: 129/512 channels masked
------------------------- time cost ------------------------- 5.939967632293701
ASR: 0.5036471324790721
attack_auc: 0.8803811628110888
Layer conv1.weight: 5/64 channels masked
Layer layer2.0.downsample.0.weight: 1/128 channels masked
Layer layer3.0.conv2.weight: 3/256 channels masked
Layer layer3.0.downsample.0.weight: 5/256 channels masked
Layer layer3.1.conv1.weight: 1/256 channels masked
Layer layer3.1.conv2.weight: 9/256 channels masked
Layer layer4.0.conv1.weight: 3/512 channels masked
Layer layer4.0.conv2.weight: 41/512 channels masked
Layer layer4.0.downsample.0.weight: 184/512 channels masked
Layer layer4.1.conv1.weight: 61/512 channels masked
Layer layer4.1.conv2.weight: 129/512 channels masked
------------------------- time cost ------------------------- 5.06130051612854
ASR: 0.5001973843510477
attack_auc: 0.8810631065304613
Layer conv1.weight: 5/64 channels masked
Layer layer2.0.downsample.0.weight: 1/128 channels masked
Layer layer3.0.conv2.weight: 3/256 channels masked
Layer layer3.0.downsample.0.weight: 5/256 channels masked
Layer layer3.1.conv1.weight: 1/256 channels masked
Layer layer3.1.conv2.weight: 9/256 channels masked
Layer layer4.0.conv1.weight: 3/512 channels masked
Layer layer4.0.conv2.weight: 41/512 channels masked
Layer layer4.0.downsample.0.weight: 184/512 channels masked
Layer layer4.1.conv1.weight: 61/512 channels masked
Layer layer4.1.conv2.weight: 129/512 channels masked
------------------------- time cost ------------------------- 5.233072757720947
ASR: 0.534234054576202
attack_auc: 0.8835389632288189
Layer conv1.weight: 5/64 channels masked
Layer layer2.0.downsample.0.weight: 1/128 channels masked
Layer layer3.0.conv2.weight: 3/256 channels masked
Layer layer3.0.downsample.0.weight: 5/256 channels masked
Layer layer3.1.conv1.weight: 1/256 channels masked
Layer layer3.1.conv2.weight: 9/256 channels masked
Layer layer4.0.conv1.weight: 3/512 channels masked
Layer layer4.0.conv2.weight: 41/512 channels masked
Layer layer4.0.downsample.0.weight: 184/512 channels masked
Layer layer4.1.conv1.weight: 61/512 channels masked
Layer layer4.1.conv2.weight: 129/512 channels masked
------------------------- time cost ------------------------- 4.688010215759277
ASR: 0.5419242746304991
attack_auc: 0.8967245464306323
Layer conv1.weight: 2/64 channels masked
Layer layer2.0.downsample.0.weight: 1/128 channels masked
Layer layer3.0.conv2.weight: 3/256 channels masked
Layer layer3.0.downsample.0.weight: 5/256 channels masked
Layer layer3.1.conv1.weight: 1/256 channels masked
Layer layer3.1.conv2.weight: 9/256 channels masked
Layer layer4.0.conv1.weight: 2/512 channels masked
Layer layer4.0.conv2.weight: 42/512 channels masked
Layer layer4.0.downsample.0.weight: 184/512 channels masked
Layer layer4.1.conv1.weight: 60/512 channels masked
Layer layer4.1.conv2.weight: 129/512 channels masked
------------------------- time cost ------------------------- 5.013620138168335
ASR: 0.5387123818864307
attack_auc: 0.8934445204861426
Layer conv1.weight: 4/64 channels masked
Layer layer2.0.downsample.0.weight: 1/128 channels masked
Layer layer3.0.conv2.weight: 1/256 channels masked
Layer layer3.0.downsample.0.weight: 5/256 channels masked
Layer layer3.1.conv1.weight: 1/256 channels masked
Layer layer3.1.conv2.weight: 9/256 channels masked
Layer layer4.0.conv1.weight: 2/512 channels masked
Layer layer4.0.conv2.weight: 39/512 channels masked
Layer layer4.0.downsample.0.weight: 183/512 channels masked
Layer layer4.1.conv1.weight: 60/512 channels masked
Layer layer4.1.conv2.weight: 129/512 channels masked
------------------------- time cost ------------------------- 5.077636957168579
ASR: 0.5292173351868911
attack_auc: 0.89064087981156
Layer conv1.weight: 2/64 channels masked
Layer layer2.0.downsample.0.weight: 1/128 channels masked
Layer layer3.0.conv2.weight: 1/256 channels masked
Layer layer3.0.downsample.0.weight: 5/256 channels masked
Layer layer3.1.conv1.weight: 1/256 channels masked
Layer layer3.1.conv2.weight: 9/256 channels masked
Layer layer4.0.conv1.weight: 1/512 channels masked
Layer layer4.0.conv2.weight: 31/512 channels masked
Layer layer4.0.downsample.0.weight: 182/512 channels masked
Layer layer4.1.conv1.weight: 59/512 channels masked
Layer layer4.1.conv2.weight: 113/512 channels masked
------------------------- time cost ------------------------- 5.477787733078003
ASR: 0.4941632807427759
attack_auc: 0.8828963769850046
Layer conv1.weight: 4/64 channels masked
Layer layer2.0.downsample.0.weight: 1/128 channels masked
Layer layer3.0.conv2.weight: 3/256 channels masked
Layer layer3.0.downsample.0.weight: 5/256 channels masked
Layer layer3.1.conv1.weight: 1/256 channels masked
Layer layer3.1.conv2.weight: 9/256 channels masked
Layer layer4.0.conv1.weight: 2/512 channels masked
Layer layer4.0.conv2.weight: 41/512 channels masked
Layer layer4.0.downsample.0.weight: 182/512 channels masked
Layer layer4.1.conv1.weight: 60/512 channels masked
Layer layer4.1.conv2.weight: 128/512 channels masked
------------------------- time cost ------------------------- 4.633822441101074
ASR: 0.5080651736334362
attack_auc: 0.8825044037675812
Layer conv1.weight: 4/64 channels masked
Layer layer2.0.downsample.0.weight: 1/128 channels masked
Layer layer3.0.conv2.weight: 3/256 channels masked
Layer layer3.0.downsample.0.weight: 5/256 channels masked
Layer layer3.1.conv1.weight: 1/256 channels masked
Layer layer3.1.conv2.weight: 9/256 channels masked
Layer layer4.0.conv1.weight: 2/512 channels masked
Layer layer4.0.conv2.weight: 41/512 channels masked
Layer layer4.0.downsample.0.weight: 182/512 channels masked
Layer layer4.1.conv1.weight: 61/512 channels masked
Layer layer4.1.conv2.weight: 129/512 channels masked
------------------------- time cost ------------------------- 4.962357997894287

-------------Round number: 730-------------

Evaluate personalized models
Averaged Train Loss: 0.1208
Averaged Test Accurancy: 0.7603
Averaged Test AUC: 0.9599
Std Test Accurancy: 0.0920
Std Test AUC: 0.0209
ASR: 0.5206910605964283
attack_auc: 0.8901470228641418
Layer conv1.weight: 4/64 channels masked
Layer layer2.0.downsample.0.weight: 1/128 channels masked
Layer layer3.0.conv2.weight: 3/256 channels masked
Layer layer3.0.downsample.0.weight: 5/256 channels masked
Layer layer3.1.conv1.weight: 1/256 channels masked
Layer layer3.1.conv2.weight: 9/256 channels masked
Layer layer4.0.conv1.weight: 2/512 channels masked
Layer layer4.0.conv2.weight: 41/512 channels masked
Layer layer4.0.downsample.0.weight: 184/512 channels masked
Layer layer4.1.conv1.weight: 62/512 channels masked
Layer layer4.1.conv2.weight: 129/512 channels masked
------------------------- time cost ------------------------- 12.632313251495361
ASR: 0.5196839518570621
attack_auc: 0.8881486972292575
Layer conv1.weight: 4/64 channels masked
Layer layer2.0.downsample.0.weight: 1/128 channels masked
Layer layer3.0.conv2.weight: 3/256 channels masked
Layer layer3.0.downsample.0.weight: 5/256 channels masked
Layer layer3.1.conv1.weight: 1/256 channels masked
Layer layer3.1.conv2.weight: 9/256 channels masked
Layer layer4.0.conv1.weight: 2/512 channels masked
Layer layer4.0.conv2.weight: 41/512 channels masked
Layer layer4.0.downsample.0.weight: 184/512 channels masked
Layer layer4.1.conv1.weight: 62/512 channels masked
Layer layer4.1.conv2.weight: 129/512 channels masked
------------------------- time cost ------------------------- 4.942687749862671
ASR: 0.48977346835835994
attack_auc: 0.8753946079868838
Layer conv1.weight: 3/64 channels masked
Layer layer2.0.downsample.0.weight: 1/128 channels masked
Layer layer3.0.conv2.weight: 3/256 channels masked
Layer layer3.0.downsample.0.weight: 5/256 channels masked
Layer layer3.1.conv1.weight: 1/256 channels masked
Layer layer3.1.conv2.weight: 9/256 channels masked
Layer layer4.0.conv1.weight: 2/512 channels masked
Layer layer4.0.conv2.weight: 40/512 channels masked
Layer layer4.0.downsample.0.weight: 184/512 channels masked
Layer layer4.1.conv1.weight: 58/512 channels masked
Layer layer4.1.conv2.weight: 127/512 channels masked
------------------------- time cost ------------------------- 5.173995494842529
ASR: 0.5063083309010413
attack_auc: 0.882104699655926
Layer conv1.weight: 3/64 channels masked
Layer layer2.0.downsample.0.weight: 1/128 channels masked
Layer layer3.0.conv2.weight: 3/256 channels masked
Layer layer3.0.downsample.0.weight: 5/256 channels masked
Layer layer3.1.conv1.weight: 1/256 channels masked
Layer layer3.1.conv2.weight: 9/256 channels masked
Layer layer4.0.conv1.weight: 2/512 channels masked
Layer layer4.0.conv2.weight: 42/512 channels masked
Layer layer4.0.downsample.0.weight: 184/512 channels masked
Layer layer4.1.conv1.weight: 60/512 channels masked
Layer layer4.1.conv2.weight: 130/512 channels masked
------------------------- time cost ------------------------- 5.142954111099243
ASR: 0.4975998094444197
attack_auc: 0.87978812336196
Layer conv1.weight: 3/64 channels masked
Layer layer2.0.downsample.0.weight: 1/128 channels masked
Layer layer3.0.conv2.weight: 3/256 channels masked
Layer layer3.0.downsample.0.weight: 5/256 channels masked
Layer layer3.1.conv1.weight: 1/256 channels masked
Layer layer3.1.conv2.weight: 9/256 channels masked
Layer layer4.0.conv1.weight: 2/512 channels masked
Layer layer4.0.conv2.weight: 43/512 channels masked
Layer layer4.0.downsample.0.weight: 184/512 channels masked
Layer layer4.1.conv1.weight: 61/512 channels masked
Layer layer4.1.conv2.weight: 127/512 channels masked
------------------------- time cost ------------------------- 5.287102937698364
ASR: 0.5209020121491539
attack_auc: 0.8905925303014852
Layer conv1.weight: 2/64 channels masked
Layer layer2.0.downsample.0.weight: 1/128 channels masked
Layer layer3.0.conv2.weight: 3/256 channels masked
Layer layer3.0.downsample.0.weight: 5/256 channels masked
Layer layer3.1.conv1.weight: 1/256 channels masked
Layer layer3.1.conv2.weight: 9/256 channels masked
Layer layer4.0.conv1.weight: 2/512 channels masked
Layer layer4.0.conv2.weight: 40/512 channels masked
Layer layer4.0.downsample.0.weight: 183/512 channels masked
Layer layer4.1.conv1.weight: 59/512 channels masked
Layer layer4.1.conv2.weight: 125/512 channels masked
------------------------- time cost ------------------------- 5.085394859313965
ASR: 0.516613608222434
attack_auc: 0.8879242875055127
Layer conv1.weight: 3/64 channels masked
Layer layer2.0.downsample.0.weight: 1/128 channels masked
Layer layer3.0.conv2.weight: 3/256 channels masked
Layer layer3.0.downsample.0.weight: 5/256 channels masked
Layer layer3.1.conv1.weight: 1/256 channels masked
Layer layer3.1.conv2.weight: 9/256 channels masked
Layer layer4.0.conv1.weight: 2/512 channels masked
Layer layer4.0.conv2.weight: 44/512 channels masked
Layer layer4.0.downsample.0.weight: 184/512 channels masked
Layer layer4.1.conv1.weight: 62/512 channels masked
Layer layer4.1.conv2.weight: 130/512 channels masked
------------------------- time cost ------------------------- 4.963656425476074
ASR: 0.5322811046151207
attack_auc: 0.8941279425521563
Layer conv1.weight: 2/64 channels masked
Layer layer2.0.downsample.0.weight: 1/128 channels masked
Layer layer3.0.conv2.weight: 3/256 channels masked
Layer layer3.0.downsample.0.weight: 5/256 channels masked
Layer layer3.1.conv1.weight: 1/256 channels masked
Layer layer3.1.conv2.weight: 9/256 channels masked
Layer layer4.0.conv1.weight: 2/512 channels masked
Layer layer4.0.conv2.weight: 44/512 channels masked
Layer layer4.0.downsample.0.weight: 184/512 channels masked
Layer layer4.1.conv1.weight: 62/512 channels masked
Layer layer4.1.conv2.weight: 130/512 channels masked
------------------------- time cost ------------------------- 6.1050498485565186
ASR: 0.5376800058513239
attack_auc: 0.8936756375860799
Layer conv1.weight: 5/64 channels masked
Layer layer2.0.downsample.0.weight: 1/128 channels masked
Layer layer3.0.conv2.weight: 3/256 channels masked
Layer layer3.0.downsample.0.weight: 5/256 channels masked
Layer layer3.1.conv1.weight: 1/256 channels masked
Layer layer3.1.conv2.weight: 9/256 channels masked
Layer layer4.0.conv1.weight: 2/512 channels masked
Layer layer4.0.conv2.weight: 44/512 channels masked
Layer layer4.0.downsample.0.weight: 185/512 channels masked
Layer layer4.1.conv1.weight: 62/512 channels masked
Layer layer4.1.conv2.weight: 129/512 channels masked
------------------------- time cost ------------------------- 5.882948398590088
ASR: 0.53572331172972
attack_auc: 0.893545914326528
Layer conv1.weight: 5/64 channels masked
Layer layer2.0.downsample.0.weight: 1/128 channels masked
Layer layer3.0.conv2.weight: 1/256 channels masked
Layer layer3.0.downsample.0.weight: 5/256 channels masked
Layer layer3.1.conv2.weight: 9/256 channels masked
Layer layer4.0.conv2.weight: 25/512 channels masked
Layer layer4.0.downsample.0.weight: 182/512 channels masked
Layer layer4.1.conv1.weight: 40/512 channels masked
Layer layer4.1.conv2.weight: 101/512 channels masked
------------------------- time cost ------------------------- 5.727020263671875

-------------Round number: 740-------------

Evaluate personalized models
Averaged Train Loss: 0.0843
Averaged Test Accurancy: 0.7606
Averaged Test AUC: 0.9606
Std Test Accurancy: 0.0836
Std Test AUC: 0.0179
ASR: 0.5251110558861
attack_auc: 0.8898163559510744
Layer conv1.weight: 4/64 channels masked
Layer layer2.0.downsample.0.weight: 1/128 channels masked
Layer layer3.0.conv2.weight: 2/256 channels masked
Layer layer3.0.downsample.0.weight: 5/256 channels masked
Layer layer3.1.conv1.weight: 1/256 channels masked
Layer layer3.1.conv2.weight: 9/256 channels masked
Layer layer4.0.conv1.weight: 1/512 channels masked
Layer layer4.0.conv2.weight: 44/512 channels masked
Layer layer4.0.downsample.0.weight: 183/512 channels masked
Layer layer4.1.conv1.weight: 61/512 channels masked
Layer layer4.1.conv2.weight: 130/512 channels masked
------------------------- time cost ------------------------- 13.162095308303833
ASR: 0.5191033739808703
attack_auc: 0.8917474870278206
Layer conv1.weight: 5/64 channels masked
Layer layer2.0.downsample.0.weight: 1/128 channels masked
Layer layer3.0.conv2.weight: 2/256 channels masked
Layer layer3.0.downsample.0.weight: 5/256 channels masked
Layer layer3.1.conv1.weight: 1/256 channels masked
Layer layer3.1.conv2.weight: 9/256 channels masked
Layer layer4.0.conv1.weight: 1/512 channels masked
Layer layer4.0.conv2.weight: 41/512 channels masked
Layer layer4.0.downsample.0.weight: 183/512 channels masked
Layer layer4.1.conv1.weight: 62/512 channels masked
Layer layer4.1.conv2.weight: 130/512 channels masked
------------------------- time cost ------------------------- 4.824695110321045
ASR: 0.5257779149134186
attack_auc: 0.8922926951006034
Layer conv1.weight: 5/64 channels masked
Layer layer2.0.downsample.0.weight: 1/128 channels masked
Layer layer3.0.conv2.weight: 2/256 channels masked
Layer layer3.0.downsample.0.weight: 5/256 channels masked
Layer layer3.1.conv1.weight: 1/256 channels masked
Layer layer3.1.conv2.weight: 9/256 channels masked
Layer layer4.0.conv1.weight: 3/512 channels masked
Layer layer4.0.conv2.weight: 44/512 channels masked
Layer layer4.0.downsample.0.weight: 183/512 channels masked
Layer layer4.1.conv1.weight: 63/512 channels masked
Layer layer4.1.conv2.weight: 129/512 channels masked
------------------------- time cost ------------------------- 5.035285949707031
ASR: 0.5143050568217782
attack_auc: 0.8858038353765468
Layer conv1.weight: 4/64 channels masked
Layer layer2.0.downsample.0.weight: 1/128 channels masked
Layer layer3.0.conv2.weight: 2/256 channels masked
Layer layer3.0.downsample.0.weight: 5/256 channels masked
Layer layer3.1.conv1.weight: 1/256 channels masked
Layer layer3.1.conv2.weight: 9/256 channels masked
Layer layer4.0.conv1.weight: 4/512 channels masked
Layer layer4.0.conv2.weight: 38/512 channels masked
Layer layer4.0.downsample.0.weight: 184/512 channels masked
Layer layer4.1.conv1.weight: 62/512 channels masked
Layer layer4.1.conv2.weight: 128/512 channels masked
------------------------- time cost ------------------------- 5.364666223526001
ASR: 0.510875131366615
attack_auc: 0.8891513784571067
Layer conv1.weight: 6/64 channels masked
Layer layer2.0.downsample.0.weight: 1/128 channels masked
Layer layer3.0.conv2.weight: 2/256 channels masked
Layer layer3.0.downsample.0.weight: 5/256 channels masked
Layer layer3.1.conv1.weight: 1/256 channels masked
Layer layer3.1.conv2.weight: 9/256 channels masked
Layer layer4.0.conv1.weight: 4/512 channels masked
Layer layer4.0.conv2.weight: 45/512 channels masked
Layer layer4.0.downsample.0.weight: 184/512 channels masked
Layer layer4.1.conv1.weight: 63/512 channels masked
Layer layer4.1.conv2.weight: 130/512 channels masked
------------------------- time cost ------------------------- 5.18230128288269
ASR: 0.4898555417458881
attack_auc: 0.8814657933866775
Layer conv1.weight: 6/64 channels masked
Layer layer2.0.downsample.0.weight: 1/128 channels masked
Layer layer3.0.conv2.weight: 2/256 channels masked
Layer layer3.0.downsample.0.weight: 5/256 channels masked
Layer layer3.1.conv1.weight: 1/256 channels masked
Layer layer3.1.conv2.weight: 9/256 channels masked
Layer layer4.0.conv1.weight: 5/512 channels masked
Layer layer4.0.conv2.weight: 46/512 channels masked
Layer layer4.0.downsample.0.weight: 184/512 channels masked
Layer layer4.1.conv1.weight: 64/512 channels masked
Layer layer4.1.conv2.weight: 130/512 channels masked
------------------------- time cost ------------------------- 4.998210906982422
ASR: 0.5084543877314318
attack_auc: 0.8871014904476048
Layer conv1.weight: 7/64 channels masked
Layer layer2.0.downsample.0.weight: 1/128 channels masked
Layer layer3.0.conv2.weight: 2/256 channels masked
Layer layer3.0.downsample.0.weight: 5/256 channels masked
Layer layer3.1.conv1.weight: 1/256 channels masked
Layer layer3.1.conv2.weight: 9/256 channels masked
Layer layer4.0.conv1.weight: 5/512 channels masked
Layer layer4.0.conv2.weight: 46/512 channels masked
Layer layer4.0.downsample.0.weight: 184/512 channels masked
Layer layer4.1.conv1.weight: 67/512 channels masked
Layer layer4.1.conv2.weight: 130/512 channels masked
------------------------- time cost ------------------------- 4.842398405075073
ASR: 0.48924611038231347
attack_auc: 0.8781915235808347
Layer conv1.weight: 6/64 channels masked
Layer layer2.0.downsample.0.weight: 1/128 channels masked
Layer layer3.0.conv2.weight: 2/256 channels masked
Layer layer3.0.downsample.0.weight: 5/256 channels masked
Layer layer3.1.conv1.weight: 1/256 channels masked
Layer layer3.1.conv2.weight: 9/256 channels masked
Layer layer4.0.conv1.weight: 5/512 channels masked
Layer layer4.0.conv2.weight: 46/512 channels masked
Layer layer4.0.downsample.0.weight: 184/512 channels masked
Layer layer4.1.conv1.weight: 66/512 channels masked
Layer layer4.1.conv2.weight: 130/512 channels masked
------------------------- time cost ------------------------- 5.200165271759033
ASR: 0.4512150232344176
attack_auc: 0.8625450929031332
Layer conv1.weight: 3/64 channels masked
Layer layer2.0.downsample.0.weight: 1/128 channels masked
Layer layer3.0.downsample.0.weight: 5/256 channels masked
Layer layer3.1.conv2.weight: 8/256 channels masked
Layer layer4.0.conv1.weight: 2/512 channels masked
Layer layer4.0.conv2.weight: 9/512 channels masked
Layer layer4.0.downsample.0.weight: 183/512 channels masked
Layer layer4.1.conv1.weight: 63/512 channels masked
Layer layer4.1.conv2.weight: 84/512 channels masked
------------------------- time cost ------------------------- 5.351011037826538
ASR: 0.4698154554481468
attack_auc: 0.8685706769532369
Layer conv1.weight: 6/64 channels masked
Layer layer2.0.downsample.0.weight: 1/128 channels masked
Layer layer3.0.conv2.weight: 2/256 channels masked
Layer layer3.0.downsample.0.weight: 5/256 channels masked
Layer layer3.1.conv2.weight: 9/256 channels masked
Layer layer4.0.conv1.weight: 3/512 channels masked
Layer layer4.0.conv2.weight: 40/512 channels masked
Layer layer4.0.downsample.0.weight: 183/512 channels masked
Layer layer4.1.conv1.weight: 63/512 channels masked
Layer layer4.1.conv2.weight: 126/512 channels masked
------------------------- time cost ------------------------- 4.895874738693237

-------------Round number: 750-------------

Evaluate personalized models
Averaged Train Loss: 0.0904
Averaged Test Accurancy: 0.7611
Averaged Test AUC: 0.9599
Std Test Accurancy: 0.0794
Std Test AUC: 0.0185
ASR: 0.44902907251365504
attack_auc: 0.8636337929973508
Layer conv1.weight: 6/64 channels masked
Layer layer2.0.downsample.0.weight: 1/128 channels masked
Layer layer3.0.conv2.weight: 2/256 channels masked
Layer layer3.0.downsample.0.weight: 5/256 channels masked
Layer layer3.1.conv1.weight: 1/256 channels masked
Layer layer3.1.conv2.weight: 9/256 channels masked
Layer layer4.0.conv1.weight: 3/512 channels masked
Layer layer4.0.conv2.weight: 42/512 channels masked
Layer layer4.0.downsample.0.weight: 183/512 channels masked
Layer layer4.1.conv1.weight: 64/512 channels masked
Layer layer4.1.conv2.weight: 128/512 channels masked
------------------------- time cost ------------------------- 12.516160488128662
ASR: 0.45743025586414326
attack_auc: 0.8645268618171464
Layer conv1.weight: 7/64 channels masked
Layer layer2.0.downsample.0.weight: 1/128 channels masked
Layer layer3.0.conv2.weight: 2/256 channels masked
Layer layer3.0.downsample.0.weight: 5/256 channels masked
Layer layer3.1.conv1.weight: 1/256 channels masked
Layer layer3.1.conv2.weight: 9/256 channels masked
Layer layer4.0.conv1.weight: 3/512 channels masked
Layer layer4.0.conv2.weight: 40/512 channels masked
Layer layer4.0.downsample.0.weight: 183/512 channels masked
Layer layer4.1.conv1.weight: 65/512 channels masked
Layer layer4.1.conv2.weight: 126/512 channels masked
------------------------- time cost ------------------------- 4.98905873298645
ASR: 0.489093019918682
attack_auc: 0.8790019041953624
Layer conv1.weight: 6/64 channels masked
Layer layer2.0.downsample.0.weight: 1/128 channels masked
Layer layer3.0.conv2.weight: 2/256 channels masked
Layer layer3.0.downsample.0.weight: 5/256 channels masked
Layer layer3.1.conv1.weight: 1/256 channels masked
Layer layer3.1.conv2.weight: 9/256 channels masked
Layer layer4.0.conv1.weight: 2/512 channels masked
Layer layer4.0.conv2.weight: 38/512 channels masked
Layer layer4.0.downsample.0.weight: 183/512 channels masked
Layer layer4.1.conv1.weight: 67/512 channels masked
Layer layer4.1.conv2.weight: 128/512 channels masked
------------------------- time cost ------------------------- 5.317033290863037
ASR: 0.5080652126511079
attack_auc: 0.8824625210353095
Layer conv1.weight: 6/64 channels masked
Layer layer2.0.downsample.0.weight: 1/128 channels masked
Layer layer3.0.conv2.weight: 2/256 channels masked
Layer layer3.0.downsample.0.weight: 5/256 channels masked
Layer layer3.1.conv1.weight: 1/256 channels masked
Layer layer3.1.conv2.weight: 9/256 channels masked
Layer layer4.0.conv1.weight: 1/512 channels masked
Layer layer4.0.conv2.weight: 39/512 channels masked
Layer layer4.0.downsample.0.weight: 183/512 channels masked
Layer layer4.1.conv1.weight: 67/512 channels masked
Layer layer4.1.conv2.weight: 128/512 channels masked
------------------------- time cost ------------------------- 4.903975009918213
ASR: 0.4780790643409219
attack_auc: 0.8725566488436761
Layer conv1.weight: 6/64 channels masked
Layer layer2.0.downsample.0.weight: 1/128 channels masked
Layer layer3.0.conv2.weight: 2/256 channels masked
Layer layer3.0.downsample.0.weight: 5/256 channels masked
Layer layer3.1.conv1.weight: 1/256 channels masked
Layer layer3.1.conv2.weight: 9/256 channels masked
Layer layer4.0.conv1.weight: 2/512 channels masked
Layer layer4.0.conv2.weight: 41/512 channels masked
Layer layer4.0.downsample.0.weight: 183/512 channels masked
Layer layer4.1.conv1.weight: 68/512 channels masked
Layer layer4.1.conv2.weight: 128/512 channels masked
------------------------- time cost ------------------------- 4.944495677947998
ASR: 0.4964469702819578
attack_auc: 0.8772254107097877
Layer conv1.weight: 7/64 channels masked
Layer layer2.0.downsample.0.weight: 1/128 channels masked
Layer layer3.0.conv2.weight: 2/256 channels masked
Layer layer3.0.downsample.0.weight: 5/256 channels masked
Layer layer3.1.conv1.weight: 1/256 channels masked
Layer layer3.1.conv2.weight: 9/256 channels masked
Layer layer4.0.conv1.weight: 2/512 channels masked
Layer layer4.0.conv2.weight: 41/512 channels masked
Layer layer4.0.downsample.0.weight: 183/512 channels masked
Layer layer4.1.conv1.weight: 68/512 channels masked
Layer layer4.1.conv2.weight: 128/512 channels masked
------------------------- time cost ------------------------- 5.491555213928223
ASR: 0.4963841926080137
attack_auc: 0.8781338240484339
Layer conv1.weight: 7/64 channels masked
Layer layer2.0.downsample.0.weight: 1/128 channels masked
Layer layer3.0.conv2.weight: 2/256 channels masked
Layer layer3.0.downsample.0.weight: 5/256 channels masked
Layer layer3.1.conv1.weight: 1/256 channels masked
Layer layer3.1.conv2.weight: 9/256 channels masked
Layer layer4.0.conv1.weight: 2/512 channels masked
Layer layer4.0.conv2.weight: 41/512 channels masked
Layer layer4.0.downsample.0.weight: 182/512 channels masked
Layer layer4.1.conv1.weight: 68/512 channels masked
Layer layer4.1.conv2.weight: 128/512 channels masked
------------------------- time cost ------------------------- 5.2017059326171875
ASR: 0.49963766738677773
attack_auc: 0.8807778678388607
Layer conv1.weight: 6/64 channels masked
Layer layer2.0.downsample.0.weight: 1/128 channels masked
Layer layer3.0.conv2.weight: 2/256 channels masked
Layer layer3.0.downsample.0.weight: 5/256 channels masked
Layer layer3.1.conv1.weight: 1/256 channels masked
Layer layer3.1.conv2.weight: 9/256 channels masked
Layer layer4.0.conv1.weight: 2/512 channels masked
Layer layer4.0.conv2.weight: 41/512 channels masked
Layer layer4.0.downsample.0.weight: 183/512 channels masked
Layer layer4.1.conv1.weight: 68/512 channels masked
Layer layer4.1.conv2.weight: 130/512 channels masked
------------------------- time cost ------------------------- 4.61572527885437
ASR: 0.5036753299594086
attack_auc: 0.8825701196306556
Layer conv1.weight: 7/64 channels masked
Layer layer2.0.downsample.0.weight: 1/128 channels masked
Layer layer3.0.conv2.weight: 2/256 channels masked
Layer layer3.0.downsample.0.weight: 5/256 channels masked
Layer layer3.1.conv1.weight: 1/256 channels masked
Layer layer3.1.conv2.weight: 9/256 channels masked
Layer layer4.0.conv1.weight: 2/512 channels masked
Layer layer4.0.conv2.weight: 41/512 channels masked
Layer layer4.0.downsample.0.weight: 183/512 channels masked
Layer layer4.1.conv1.weight: 68/512 channels masked
Layer layer4.1.conv2.weight: 130/512 channels masked
------------------------- time cost ------------------------- 5.310531854629517
ASR: 0.5189916762109928
attack_auc: 0.8888244589113101
Layer conv1.weight: 5/64 channels masked
Layer layer2.0.downsample.0.weight: 1/128 channels masked
Layer layer3.0.conv2.weight: 2/256 channels masked
Layer layer3.0.downsample.0.weight: 5/256 channels masked
Layer layer3.1.conv1.weight: 1/256 channels masked
Layer layer3.1.conv2.weight: 9/256 channels masked
Layer layer4.0.conv1.weight: 2/512 channels masked
Layer layer4.0.conv2.weight: 41/512 channels masked
Layer layer4.0.downsample.0.weight: 184/512 channels masked
Layer layer4.1.conv1.weight: 69/512 channels masked
Layer layer4.1.conv2.weight: 130/512 channels masked
------------------------- time cost ------------------------- 5.5109851360321045

-------------Round number: 760-------------

Evaluate personalized models
Averaged Train Loss: 0.0577
Averaged Test Accurancy: 0.7676
Averaged Test AUC: 0.9615
Std Test Accurancy: 0.0807
Std Test AUC: 0.0185
ASR: 0.5101093312847962
attack_auc: 0.8829442075939422
Layer conv1.weight: 6/64 channels masked
Layer layer2.0.downsample.0.weight: 1/128 channels masked
Layer layer3.0.conv2.weight: 2/256 channels masked
Layer layer3.0.downsample.0.weight: 5/256 channels masked
Layer layer3.1.conv1.weight: 1/256 channels masked
Layer layer3.1.conv2.weight: 9/256 channels masked
Layer layer4.0.conv1.weight: 2/512 channels masked
Layer layer4.0.conv2.weight: 41/512 channels masked
Layer layer4.0.downsample.0.weight: 184/512 channels masked
Layer layer4.1.conv1.weight: 70/512 channels masked
Layer layer4.1.conv2.weight: 130/512 channels masked
------------------------- time cost ------------------------- 13.023407220840454
ASR: 0.5293225052174354
attack_auc: 0.8897202407395194
Layer conv1.weight: 6/64 channels masked
Layer layer2.0.downsample.0.weight: 1/128 channels masked
Layer layer3.0.conv2.weight: 2/256 channels masked
Layer layer3.0.downsample.0.weight: 5/256 channels masked
Layer layer3.1.conv1.weight: 1/256 channels masked
Layer layer3.1.conv2.weight: 9/256 channels masked
Layer layer4.0.conv1.weight: 2/512 channels masked
Layer layer4.0.conv2.weight: 43/512 channels masked
Layer layer4.0.downsample.0.weight: 184/512 channels masked
Layer layer4.1.conv1.weight: 70/512 channels masked
Layer layer4.1.conv2.weight: 130/512 channels masked
------------------------- time cost ------------------------- 4.696288824081421
ASR: 0.52919884866398
attack_auc: 0.8899192927567926
Layer conv1.weight: 6/64 channels masked
Layer layer2.0.downsample.0.weight: 1/128 channels masked
Layer layer3.0.conv2.weight: 2/256 channels masked
Layer layer3.0.downsample.0.weight: 5/256 channels masked
Layer layer3.1.conv1.weight: 1/256 channels masked
Layer layer3.1.conv2.weight: 9/256 channels masked
Layer layer4.0.conv1.weight: 2/512 channels masked
Layer layer4.0.conv2.weight: 42/512 channels masked
Layer layer4.0.downsample.0.weight: 184/512 channels masked
Layer layer4.1.conv1.weight: 70/512 channels masked
Layer layer4.1.conv2.weight: 130/512 channels masked
------------------------- time cost ------------------------- 4.5252602100372314
ASR: 0.5310746299681588
attack_auc: 0.8857861432670282
Layer conv1.weight: 7/64 channels masked
Layer layer2.0.downsample.0.weight: 1/128 channels masked
Layer layer3.0.conv2.weight: 2/256 channels masked
Layer layer3.0.downsample.0.weight: 5/256 channels masked
Layer layer3.1.conv1.weight: 1/256 channels masked
Layer layer3.1.conv2.weight: 9/256 channels masked
Layer layer4.0.conv1.weight: 2/512 channels masked
Layer layer4.0.conv2.weight: 43/512 channels masked
Layer layer4.0.downsample.0.weight: 184/512 channels masked
Layer layer4.1.conv1.weight: 71/512 channels masked
Layer layer4.1.conv2.weight: 130/512 channels masked
------------------------- time cost ------------------------- 4.9910008907318115
ASR: 0.5222531790650898
attack_auc: 0.8852986676183356
Layer conv1.weight: 6/64 channels masked
Layer layer2.0.downsample.0.weight: 1/128 channels masked
Layer layer3.0.downsample.0.weight: 5/256 channels masked
Layer layer3.1.conv1.weight: 1/256 channels masked
Layer layer3.1.conv2.weight: 9/256 channels masked
Layer layer4.0.conv1.weight: 2/512 channels masked
Layer layer4.0.conv2.weight: 33/512 channels masked
Layer layer4.0.downsample.0.weight: 184/512 channels masked
Layer layer4.1.conv1.weight: 70/512 channels masked
Layer layer4.1.conv2.weight: 116/512 channels masked
------------------------- time cost ------------------------- 4.739414930343628
ASR: 0.5356632814346277
attack_auc: 0.8877379835319175
Layer conv1.weight: 7/64 channels masked
Layer layer2.0.downsample.0.weight: 1/128 channels masked
Layer layer3.0.conv2.weight: 2/256 channels masked
Layer layer3.0.downsample.0.weight: 5/256 channels masked
Layer layer3.1.conv1.weight: 1/256 channels masked
Layer layer3.1.conv2.weight: 9/256 channels masked
Layer layer4.0.conv1.weight: 2/512 channels masked
Layer layer4.0.conv2.weight: 43/512 channels masked
Layer layer4.0.downsample.0.weight: 184/512 channels masked
Layer layer4.1.conv1.weight: 72/512 channels masked
Layer layer4.1.conv2.weight: 129/512 channels masked
------------------------- time cost ------------------------- 4.692176342010498
ASR: 0.5076581966012245
attack_auc: 0.8788323472039055
Layer conv1.weight: 7/64 channels masked
Layer layer2.0.downsample.0.weight: 1/128 channels masked
Layer layer3.0.conv2.weight: 2/256 channels masked
Layer layer3.0.downsample.0.weight: 5/256 channels masked
Layer layer3.1.conv1.weight: 1/256 channels masked
Layer layer3.1.conv2.weight: 9/256 channels masked
Layer layer4.0.conv1.weight: 2/512 channels masked
Layer layer4.0.conv2.weight: 43/512 channels masked
Layer layer4.0.downsample.0.weight: 185/512 channels masked
Layer layer4.1.conv1.weight: 72/512 channels masked
Layer layer4.1.conv2.weight: 128/512 channels masked
------------------------- time cost ------------------------- 5.031487941741943
ASR: 0.44690703939474213
attack_auc: 0.86086364206233
Layer conv1.weight: 9/64 channels masked
Layer layer2.0.downsample.0.weight: 1/128 channels masked
Layer layer3.0.conv2.weight: 2/256 channels masked
Layer layer3.0.downsample.0.weight: 5/256 channels masked
Layer layer3.1.conv1.weight: 1/256 channels masked
Layer layer3.1.conv2.weight: 9/256 channels masked
Layer layer4.0.conv1.weight: 2/512 channels masked
Layer layer4.0.conv2.weight: 42/512 channels masked
Layer layer4.0.downsample.0.weight: 181/512 channels masked
Layer layer4.1.conv1.weight: 66/512 channels masked
Layer layer4.1.conv2.weight: 120/512 channels masked
------------------------- time cost ------------------------- 4.765756845474243
ASR: 0.46879720741079106
attack_auc: 0.864951917166821
Layer conv1.weight: 9/64 channels masked
Layer layer2.0.downsample.0.weight: 1/128 channels masked
Layer layer3.0.conv2.weight: 1/256 channels masked
Layer layer3.0.downsample.0.weight: 5/256 channels masked
Layer layer3.1.conv1.weight: 1/256 channels masked
Layer layer3.1.conv2.weight: 9/256 channels masked
Layer layer4.0.conv1.weight: 2/512 channels masked
Layer layer4.0.conv2.weight: 41/512 channels masked
Layer layer4.0.downsample.0.weight: 182/512 channels masked
Layer layer4.1.conv1.weight: 67/512 channels masked
Layer layer4.1.conv2.weight: 129/512 channels masked
------------------------- time cost ------------------------- 4.200123071670532
ASR: 0.4548835513687183
attack_auc: 0.8627874540526275
Layer conv1.weight: 7/64 channels masked
Layer layer2.0.downsample.0.weight: 1/128 channels masked
Layer layer3.0.conv2.weight: 2/256 channels masked
Layer layer3.0.downsample.0.weight: 5/256 channels masked
Layer layer3.1.conv1.weight: 1/256 channels masked
Layer layer3.1.conv2.weight: 9/256 channels masked
Layer layer4.0.conv1.weight: 2/512 channels masked
Layer layer4.0.conv2.weight: 43/512 channels masked
Layer layer4.0.downsample.0.weight: 183/512 channels masked
Layer layer4.1.conv1.weight: 71/512 channels masked
Layer layer4.1.conv2.weight: 130/512 channels masked
------------------------- time cost ------------------------- 5.6962621212005615

-------------Round number: 770-------------

Evaluate personalized models
Averaged Train Loss: 0.0792
Averaged Test Accurancy: 0.7638
Averaged Test AUC: 0.9616
Std Test Accurancy: 0.0861
Std Test AUC: 0.0188
ASR: 0.4980141417937617
attack_auc: 0.8764881532107581
Layer conv1.weight: 6/64 channels masked
Layer layer2.0.downsample.0.weight: 1/128 channels masked
Layer layer3.0.conv2.weight: 1/256 channels masked
Layer layer3.0.downsample.0.weight: 5/256 channels masked
Layer layer3.1.conv1.weight: 1/256 channels masked
Layer layer3.1.conv2.weight: 9/256 channels masked
Layer layer4.0.conv1.weight: 2/512 channels masked
Layer layer4.0.conv2.weight: 29/512 channels masked
Layer layer4.0.downsample.0.weight: 180/512 channels masked
Layer layer4.1.conv1.weight: 59/512 channels masked
Layer layer4.1.conv2.weight: 88/512 channels masked
------------------------- time cost ------------------------- 13.139184474945068
ASR: 0.5073569376709195
attack_auc: 0.8810173390531797
Layer conv1.weight: 7/64 channels masked
Layer layer2.0.downsample.0.weight: 1/128 channels masked
Layer layer3.0.conv2.weight: 2/256 channels masked
Layer layer3.0.downsample.0.weight: 5/256 channels masked
Layer layer3.1.conv1.weight: 1/256 channels masked
Layer layer3.1.conv2.weight: 9/256 channels masked
Layer layer4.0.conv1.weight: 2/512 channels masked
Layer layer4.0.conv2.weight: 44/512 channels masked
Layer layer4.0.downsample.0.weight: 184/512 channels masked
Layer layer4.1.conv1.weight: 68/512 channels masked
Layer layer4.1.conv2.weight: 128/512 channels masked
------------------------- time cost ------------------------- 4.6688008308410645
ASR: 0.51652253063431
attack_auc: 0.8809258355884211
Layer conv1.weight: 8/64 channels masked
Layer layer2.0.downsample.0.weight: 1/128 channels masked
Layer layer3.0.conv2.weight: 2/256 channels masked
Layer layer3.0.downsample.0.weight: 5/256 channels masked
Layer layer3.1.conv1.weight: 1/256 channels masked
Layer layer3.1.conv2.weight: 9/256 channels masked
Layer layer4.0.conv1.weight: 2/512 channels masked
Layer layer4.0.conv2.weight: 44/512 channels masked
Layer layer4.0.downsample.0.weight: 184/512 channels masked
Layer layer4.1.conv1.weight: 69/512 channels masked
Layer layer4.1.conv2.weight: 129/512 channels masked
------------------------- time cost ------------------------- 5.2126336097717285
ASR: 0.48476695486674853
attack_auc: 0.8723615747028065
Layer conv1.weight: 5/64 channels masked
Layer layer2.0.downsample.0.weight: 1/128 channels masked
Layer layer3.0.conv2.weight: 2/256 channels masked
Layer layer3.0.downsample.0.weight: 5/256 channels masked
Layer layer3.1.conv1.weight: 1/256 channels masked
Layer layer3.1.conv2.weight: 9/256 channels masked
Layer layer4.0.conv1.weight: 2/512 channels masked
Layer layer4.0.conv2.weight: 43/512 channels masked
Layer layer4.0.downsample.0.weight: 185/512 channels masked
Layer layer4.1.conv1.weight: 69/512 channels masked
Layer layer4.1.conv2.weight: 129/512 channels masked
------------------------- time cost ------------------------- 5.139438152313232
ASR: 0.4944456825142682
attack_auc: 0.8780919083686157
Layer conv1.weight: 8/64 channels masked
Layer layer2.0.downsample.0.weight: 1/128 channels masked
Layer layer3.0.conv2.weight: 2/256 channels masked
Layer layer3.0.downsample.0.weight: 5/256 channels masked
Layer layer3.1.conv1.weight: 1/256 channels masked
Layer layer3.1.conv2.weight: 9/256 channels masked
Layer layer4.0.conv1.weight: 2/512 channels masked
Layer layer4.0.conv2.weight: 44/512 channels masked
Layer layer4.0.downsample.0.weight: 185/512 channels masked
Layer layer4.1.conv1.weight: 70/512 channels masked
Layer layer4.1.conv2.weight: 129/512 channels masked
------------------------- time cost ------------------------- 4.587221622467041
ASR: 0.4980357191020911
attack_auc: 0.8742560163709943
Layer conv1.weight: 7/64 channels masked
Layer layer2.0.downsample.0.weight: 1/128 channels masked
Layer layer3.0.conv2.weight: 2/256 channels masked
Layer layer3.0.downsample.0.weight: 5/256 channels masked
Layer layer3.1.conv1.weight: 1/256 channels masked
Layer layer3.1.conv2.weight: 9/256 channels masked
Layer layer4.0.conv1.weight: 2/512 channels masked
Layer layer4.0.conv2.weight: 44/512 channels masked
Layer layer4.0.downsample.0.weight: 185/512 channels masked
Layer layer4.1.conv1.weight: 71/512 channels masked
Layer layer4.1.conv2.weight: 129/512 channels masked
------------------------- time cost ------------------------- 5.376847982406616
ASR: 0.48724136554516845
attack_auc: 0.8732980577757974
Layer conv1.weight: 6/64 channels masked
Layer layer2.0.downsample.0.weight: 1/128 channels masked
Layer layer3.0.conv2.weight: 2/256 channels masked
Layer layer3.0.downsample.0.weight: 5/256 channels masked
Layer layer3.1.conv1.weight: 1/256 channels masked
Layer layer3.1.conv2.weight: 9/256 channels masked
Layer layer4.0.conv1.weight: 2/512 channels masked
Layer layer4.0.conv2.weight: 44/512 channels masked
Layer layer4.0.downsample.0.weight: 185/512 channels masked
Layer layer4.1.conv1.weight: 70/512 channels masked
Layer layer4.1.conv2.weight: 129/512 channels masked
------------------------- time cost ------------------------- 4.419493198394775
ASR: 0.5359766230005764
attack_auc: 0.8910873262309081
Layer conv1.weight: 6/64 channels masked
Layer layer2.0.downsample.0.weight: 1/128 channels masked
Layer layer3.0.conv2.weight: 2/256 channels masked
Layer layer3.0.downsample.0.weight: 5/256 channels masked
Layer layer3.1.conv1.weight: 1/256 channels masked
Layer layer3.1.conv2.weight: 9/256 channels masked
Layer layer4.0.conv1.weight: 3/512 channels masked
Layer layer4.0.conv2.weight: 48/512 channels masked
Layer layer4.0.downsample.0.weight: 185/512 channels masked
Layer layer4.1.conv1.weight: 72/512 channels masked
Layer layer4.1.conv2.weight: 130/512 channels masked
------------------------- time cost ------------------------- 4.2683868408203125
ASR: 0.5499948679246086
attack_auc: 0.8976962086854535
Layer conv1.weight: 6/64 channels masked
Layer layer2.0.downsample.0.weight: 1/128 channels masked
Layer layer3.0.conv2.weight: 2/256 channels masked
Layer layer3.0.downsample.0.weight: 5/256 channels masked
Layer layer3.1.conv1.weight: 1/256 channels masked
Layer layer3.1.conv2.weight: 9/256 channels masked
Layer layer4.0.conv1.weight: 3/512 channels masked
Layer layer4.0.conv2.weight: 46/512 channels masked
Layer layer4.0.downsample.0.weight: 185/512 channels masked
Layer layer4.1.conv1.weight: 71/512 channels masked
Layer layer4.1.conv2.weight: 130/512 channels masked
------------------------- time cost ------------------------- 5.120980978012085
ASR: 0.5255865469235315
attack_auc: 0.8877029321283995
Layer conv1.weight: 6/64 channels masked
Layer layer2.0.downsample.0.weight: 1/128 channels masked
Layer layer3.0.conv2.weight: 2/256 channels masked
Layer layer3.0.downsample.0.weight: 5/256 channels masked
Layer layer3.1.conv1.weight: 1/256 channels masked
Layer layer3.1.conv2.weight: 9/256 channels masked
Layer layer4.0.conv1.weight: 3/512 channels masked
Layer layer4.0.conv2.weight: 46/512 channels masked
Layer layer4.0.downsample.0.weight: 185/512 channels masked
Layer layer4.1.conv1.weight: 72/512 channels masked
Layer layer4.1.conv2.weight: 129/512 channels masked
------------------------- time cost ------------------------- 4.898281574249268

-------------Round number: 780-------------

Evaluate personalized models
Averaged Train Loss: 0.0857
Averaged Test Accurancy: 0.7622
Averaged Test AUC: 0.9590
Std Test Accurancy: 0.0835
Std Test AUC: 0.0216
ASR: 0.5262514859242279
attack_auc: 0.8854907053747608
Layer conv1.weight: 4/64 channels masked
Layer layer2.0.downsample.0.weight: 1/128 channels masked
Layer layer3.0.downsample.0.weight: 5/256 channels masked
Layer layer3.1.conv1.weight: 1/256 channels masked
Layer layer3.1.conv2.weight: 9/256 channels masked
Layer layer4.0.conv1.weight: 3/512 channels masked
Layer layer4.0.conv2.weight: 26/512 channels masked
Layer layer4.0.downsample.0.weight: 184/512 channels masked
Layer layer4.1.conv1.weight: 67/512 channels masked
Layer layer4.1.conv2.weight: 122/512 channels masked
------------------------- time cost ------------------------- 12.87865686416626
ASR: 0.5190606646983407
attack_auc: 0.8840137631514824
Layer conv1.weight: 4/64 channels masked
Layer layer2.0.downsample.0.weight: 1/128 channels masked
Layer layer3.0.conv2.weight: 2/256 channels masked
Layer layer3.0.downsample.0.weight: 5/256 channels masked
Layer layer3.1.conv1.weight: 1/256 channels masked
Layer layer3.1.conv2.weight: 9/256 channels masked
Layer layer4.0.conv1.weight: 3/512 channels masked
Layer layer4.0.conv2.weight: 28/512 channels masked
Layer layer4.0.downsample.0.weight: 184/512 channels masked
Layer layer4.1.conv1.weight: 70/512 channels masked
Layer layer4.1.conv2.weight: 124/512 channels masked
------------------------- time cost ------------------------- 5.447454929351807
ASR: 0.48232007339013866
attack_auc: 0.8740820565083054
Layer conv1.weight: 6/64 channels masked
Layer layer2.0.downsample.0.weight: 1/128 channels masked
Layer layer3.0.conv2.weight: 1/256 channels masked
Layer layer3.0.downsample.0.weight: 5/256 channels masked
Layer layer3.1.conv1.weight: 1/256 channels masked
Layer layer3.1.conv2.weight: 9/256 channels masked
Layer layer4.0.conv1.weight: 2/512 channels masked
Layer layer4.0.conv2.weight: 30/512 channels masked
Layer layer4.0.downsample.0.weight: 180/512 channels masked
Layer layer4.1.conv1.weight: 65/512 channels masked
Layer layer4.1.conv2.weight: 115/512 channels masked
------------------------- time cost ------------------------- 5.090709209442139
ASR: 0.5175192605843018
attack_auc: 0.8854669125938026
Layer conv1.weight: 7/64 channels masked
Layer layer2.0.downsample.0.weight: 1/128 channels masked
Layer layer3.0.conv2.weight: 2/256 channels masked
Layer layer3.0.downsample.0.weight: 5/256 channels masked
Layer layer3.1.conv1.weight: 1/256 channels masked
Layer layer3.1.conv2.weight: 9/256 channels masked
Layer layer4.0.conv1.weight: 2/512 channels masked
Layer layer4.0.conv2.weight: 41/512 channels masked
Layer layer4.0.downsample.0.weight: 184/512 channels masked
Layer layer4.1.conv1.weight: 69/512 channels masked
Layer layer4.1.conv2.weight: 126/512 channels masked
------------------------- time cost ------------------------- 5.2777419090271
ASR: 0.5325590972175138
attack_auc: 0.891144449574018
Layer conv1.weight: 5/64 channels masked
Layer layer2.0.downsample.0.weight: 1/128 channels masked
Layer layer3.0.conv2.weight: 2/256 channels masked
Layer layer3.0.downsample.0.weight: 5/256 channels masked
Layer layer3.1.conv1.weight: 1/256 channels masked
Layer layer3.1.conv2.weight: 9/256 channels masked
Layer layer4.0.conv1.weight: 2/512 channels masked
Layer layer4.0.conv2.weight: 42/512 channels masked
Layer layer4.0.downsample.0.weight: 185/512 channels masked
Layer layer4.1.conv1.weight: 70/512 channels masked
Layer layer4.1.conv2.weight: 128/512 channels masked
------------------------- time cost ------------------------- 5.1670427322387695
ASR: 0.5206666149220721
attack_auc: 0.8837382630347644
Layer conv1.weight: 7/64 channels masked
Layer layer2.0.downsample.0.weight: 1/128 channels masked
Layer layer3.0.conv2.weight: 2/256 channels masked
Layer layer3.0.downsample.0.weight: 5/256 channels masked
Layer layer3.1.conv1.weight: 1/256 channels masked
Layer layer3.1.conv2.weight: 9/256 channels masked
Layer layer4.0.conv1.weight: 2/512 channels masked
Layer layer4.0.conv2.weight: 41/512 channels masked
Layer layer4.0.downsample.0.weight: 185/512 channels masked
Layer layer4.1.conv1.weight: 71/512 channels masked
Layer layer4.1.conv2.weight: 128/512 channels masked
------------------------- time cost ------------------------- 5.147078514099121
ASR: 0.5001882336463772
attack_auc: 0.8812103709186924
Layer conv1.weight: 7/64 channels masked
Layer layer2.0.downsample.0.weight: 1/128 channels masked
Layer layer3.0.conv2.weight: 2/256 channels masked
Layer layer3.0.downsample.0.weight: 5/256 channels masked
Layer layer3.1.conv1.weight: 1/256 channels masked
Layer layer3.1.conv2.weight: 9/256 channels masked
Layer layer4.0.conv1.weight: 2/512 channels masked
Layer layer4.0.conv2.weight: 41/512 channels masked
Layer layer4.0.downsample.0.weight: 185/512 channels masked
Layer layer4.1.conv1.weight: 72/512 channels masked
Layer layer4.1.conv2.weight: 128/512 channels masked
------------------------- time cost ------------------------- 5.328091382980347
ASR: 0.5046620028492619
attack_auc: 0.879571445393959
Layer conv1.weight: 6/64 channels masked
Layer layer2.0.downsample.0.weight: 1/128 channels masked
Layer layer3.0.conv2.weight: 2/256 channels masked
Layer layer3.0.downsample.0.weight: 5/256 channels masked
Layer layer3.1.conv1.weight: 1/256 channels masked
Layer layer3.1.conv2.weight: 9/256 channels masked
Layer layer4.0.conv1.weight: 2/512 channels masked
Layer layer4.0.conv2.weight: 37/512 channels masked
Layer layer4.0.downsample.0.weight: 185/512 channels masked
Layer layer4.1.conv1.weight: 71/512 channels masked
Layer layer4.1.conv2.weight: 125/512 channels masked
------------------------- time cost ------------------------- 5.396744012832642
ASR: 0.43578255688674417
attack_auc: 0.8568183093289269
Layer conv1.weight: 7/64 channels masked
Layer layer2.0.downsample.0.weight: 1/128 channels masked
Layer layer3.0.conv2.weight: 2/256 channels masked
Layer layer3.0.downsample.0.weight: 5/256 channels masked
Layer layer3.1.conv1.weight: 1/256 channels masked
Layer layer3.1.conv2.weight: 9/256 channels masked
Layer layer4.0.conv1.weight: 2/512 channels masked
Layer layer4.0.conv2.weight: 39/512 channels masked
Layer layer4.0.downsample.0.weight: 181/512 channels masked
Layer layer4.1.conv1.weight: 69/512 channels masked
Layer layer4.1.conv2.weight: 123/512 channels masked
------------------------- time cost ------------------------- 4.943698406219482
ASR: 0.4537247312597943
attack_auc: 0.8654321558580594
Layer conv1.weight: 7/64 channels masked
Layer layer2.0.downsample.0.weight: 1/128 channels masked
Layer layer3.0.conv2.weight: 2/256 channels masked
Layer layer3.0.downsample.0.weight: 5/256 channels masked
Layer layer3.1.conv1.weight: 1/256 channels masked
Layer layer3.1.conv2.weight: 9/256 channels masked
Layer layer4.0.conv1.weight: 2/512 channels masked
Layer layer4.0.conv2.weight: 43/512 channels masked
Layer layer4.0.downsample.0.weight: 185/512 channels masked
Layer layer4.1.conv1.weight: 72/512 channels masked
Layer layer4.1.conv2.weight: 129/512 channels masked
------------------------- time cost ------------------------- 5.198609828948975

-------------Round number: 790-------------

Evaluate personalized models
Averaged Train Loss: 0.0948
Averaged Test Accurancy: 0.7643
Averaged Test AUC: 0.9612
Std Test Accurancy: 0.0832
Std Test AUC: 0.0185
ASR: 0.46512084130724296
attack_auc: 0.8699085021100744
Layer conv1.weight: 8/64 channels masked
Layer layer2.0.downsample.0.weight: 1/128 channels masked
Layer layer3.0.conv2.weight: 2/256 channels masked
Layer layer3.0.downsample.0.weight: 5/256 channels masked
Layer layer3.1.conv1.weight: 1/256 channels masked
Layer layer3.1.conv2.weight: 9/256 channels masked
Layer layer4.0.conv1.weight: 2/512 channels masked
Layer layer4.0.conv2.weight: 45/512 channels masked
Layer layer4.0.downsample.0.weight: 185/512 channels masked
Layer layer4.1.conv1.weight: 72/512 channels masked
Layer layer4.1.conv2.weight: 129/512 channels masked
------------------------- time cost ------------------------- 12.573389053344727
ASR: 0.45446075136132263
attack_auc: 0.867355155184562
Layer conv1.weight: 7/64 channels masked
Layer layer2.0.downsample.0.weight: 1/128 channels masked
Layer layer3.0.conv2.weight: 2/256 channels masked
Layer layer3.0.downsample.0.weight: 5/256 channels masked
Layer layer3.1.conv1.weight: 1/256 channels masked
Layer layer3.1.conv2.weight: 9/256 channels masked
Layer layer4.0.conv1.weight: 2/512 channels masked
Layer layer4.0.conv2.weight: 43/512 channels masked
Layer layer4.0.downsample.0.weight: 185/512 channels masked
Layer layer4.1.conv1.weight: 72/512 channels masked
Layer layer4.1.conv2.weight: 129/512 channels masked
------------------------- time cost ------------------------- 4.7535483837127686
ASR: 0.4554656140492242
attack_auc: 0.863071840098191
Layer conv1.weight: 6/64 channels masked
Layer layer2.0.downsample.0.weight: 1/128 channels masked
Layer layer3.0.conv2.weight: 2/256 channels masked
Layer layer3.0.downsample.0.weight: 5/256 channels masked
Layer layer3.1.conv1.weight: 1/256 channels masked
Layer layer3.1.conv2.weight: 9/256 channels masked
Layer layer4.0.conv1.weight: 2/512 channels masked
Layer layer4.0.conv2.weight: 39/512 channels masked
Layer layer4.0.downsample.0.weight: 184/512 channels masked
Layer layer4.1.conv1.weight: 72/512 channels masked
Layer layer4.1.conv2.weight: 127/512 channels masked
------------------------- time cost ------------------------- 5.69771933555603
ASR: 0.4698164172951894
attack_auc: 0.8694533862438986
Layer conv1.weight: 7/64 channels masked
Layer layer2.0.downsample.0.weight: 1/128 channels masked
Layer layer3.0.conv2.weight: 2/256 channels masked
Layer layer3.0.downsample.0.weight: 5/256 channels masked
Layer layer3.1.conv1.weight: 1/256 channels masked
Layer layer3.1.conv2.weight: 9/256 channels masked
Layer layer4.0.conv1.weight: 2/512 channels masked
Layer layer4.0.conv2.weight: 44/512 channels masked
Layer layer4.0.downsample.0.weight: 184/512 channels masked
Layer layer4.1.conv1.weight: 72/512 channels masked
Layer layer4.1.conv2.weight: 130/512 channels masked
------------------------- time cost ------------------------- 5.41179895401001
ASR: 0.45724627866811635
attack_auc: 0.8643835963450746
Layer conv1.weight: 7/64 channels masked
Layer layer2.0.downsample.0.weight: 1/128 channels masked
Layer layer3.0.conv2.weight: 2/256 channels masked
Layer layer3.0.downsample.0.weight: 5/256 channels masked
Layer layer3.1.conv1.weight: 1/256 channels masked
Layer layer3.1.conv2.weight: 9/256 channels masked
Layer layer4.0.conv1.weight: 2/512 channels masked
Layer layer4.0.conv2.weight: 36/512 channels masked
Layer layer4.0.downsample.0.weight: 184/512 channels masked
Layer layer4.1.conv1.weight: 71/512 channels masked
Layer layer4.1.conv2.weight: 128/512 channels masked
------------------------- time cost ------------------------- 5.2279980182647705
ASR: 0.49902253680329844
attack_auc: 0.8786944243877954
Layer conv1.weight: 8/64 channels masked
Layer layer2.0.downsample.0.weight: 1/128 channels masked
Layer layer3.0.conv2.weight: 2/256 channels masked
Layer layer3.0.downsample.0.weight: 5/256 channels masked
Layer layer3.1.conv1.weight: 1/256 channels masked
Layer layer3.1.conv2.weight: 9/256 channels masked
Layer layer4.0.conv1.weight: 2/512 channels masked
Layer layer4.0.conv2.weight: 34/512 channels masked
Layer layer4.0.downsample.0.weight: 183/512 channels masked
Layer layer4.1.conv1.weight: 71/512 channels masked
Layer layer4.1.conv2.weight: 117/512 channels masked
------------------------- time cost ------------------------- 4.859639406204224
ASR: 0.5272483877678068
attack_auc: 0.8871321967982078
Layer conv1.weight: 8/64 channels masked
Layer layer2.0.downsample.0.weight: 1/128 channels masked
Layer layer3.0.conv2.weight: 2/256 channels masked
Layer layer3.0.downsample.0.weight: 5/256 channels masked
Layer layer3.1.conv1.weight: 1/256 channels masked
Layer layer3.1.conv2.weight: 9/256 channels masked
Layer layer4.0.conv1.weight: 2/512 channels masked
Layer layer4.0.conv2.weight: 44/512 channels masked
Layer layer4.0.downsample.0.weight: 184/512 channels masked
Layer layer4.1.conv1.weight: 73/512 channels masked
Layer layer4.1.conv2.weight: 130/512 channels masked
------------------------- time cost ------------------------- 4.791362524032593
ASR: 0.48528329660434427
attack_auc: 0.8583113123589765
Layer conv1.weight: 8/64 channels masked
Layer layer2.0.downsample.0.weight: 1/128 channels masked
Layer layer3.0.conv2.weight: 2/256 channels masked
Layer layer3.0.downsample.0.weight: 5/256 channels masked
Layer layer3.1.conv1.weight: 1/256 channels masked
Layer layer3.1.conv2.weight: 9/256 channels masked
Layer layer4.0.conv1.weight: 2/512 channels masked
Layer layer4.0.conv2.weight: 43/512 channels masked
Layer layer4.0.downsample.0.weight: 184/512 channels masked
Layer layer4.1.conv1.weight: 73/512 channels masked
Layer layer4.1.conv2.weight: 130/512 channels masked
------------------------- time cost ------------------------- 5.082789182662964
ASR: 0.48011658992170697
attack_auc: 0.870781180486495
Layer conv1.weight: 9/64 channels masked
Layer layer2.0.downsample.0.weight: 1/128 channels masked
Layer layer3.0.conv2.weight: 2/256 channels masked
Layer layer3.0.downsample.0.weight: 5/256 channels masked
Layer layer3.1.conv1.weight: 1/256 channels masked
Layer layer3.1.conv2.weight: 9/256 channels masked
Layer layer4.0.conv1.weight: 4/512 channels masked
Layer layer4.0.conv2.weight: 50/512 channels masked
Layer layer4.0.downsample.0.weight: 184/512 channels masked
Layer layer4.1.conv1.weight: 75/512 channels masked
Layer layer4.1.conv2.weight: 130/512 channels masked
------------------------- time cost ------------------------- 4.939066171646118
ASR: 0.4665844229834854
attack_auc: 0.8630031497927241
Layer conv1.weight: 9/64 channels masked
Layer layer2.0.downsample.0.weight: 1/128 channels masked
Layer layer3.0.conv2.weight: 2/256 channels masked
Layer layer3.0.downsample.0.weight: 5/256 channels masked
Layer layer3.1.conv1.weight: 1/256 channels masked
Layer layer3.1.conv2.weight: 9/256 channels masked
Layer layer4.0.conv1.weight: 2/512 channels masked
Layer layer4.0.conv2.weight: 49/512 channels masked
Layer layer4.0.downsample.0.weight: 184/512 channels masked
Layer layer4.1.conv1.weight: 73/512 channels masked
Layer layer4.1.conv2.weight: 130/512 channels masked
------------------------- time cost ------------------------- 5.604397535324097

-------------Round number: 800-------------

Evaluate personalized models
Averaged Train Loss: 0.1048
Averaged Test Accurancy: 0.7615
Averaged Test AUC: 0.9601
Std Test Accurancy: 0.0853
Std Test AUC: 0.0207
ASR: 0.4982186626071053
attack_auc: 0.8761779726439799
Layer conv1.weight: 7/64 channels masked
Layer layer2.0.downsample.0.weight: 1/128 channels masked
Layer layer3.0.conv2.weight: 1/256 channels masked
Layer layer3.0.downsample.0.weight: 5/256 channels masked
Layer layer3.1.conv1.weight: 1/256 channels masked
Layer layer3.1.conv2.weight: 9/256 channels masked
Layer layer4.0.conv1.weight: 2/512 channels masked
Layer layer4.0.conv2.weight: 45/512 channels masked
Layer layer4.0.downsample.0.weight: 184/512 channels masked
Layer layer4.1.conv1.weight: 68/512 channels masked
Layer layer4.1.conv2.weight: 130/512 channels masked
------------------------- time cost ------------------------- 13.511520624160767

Best accuracy.
0.769722637435642

Average time cost per round.
5.906331676542759
File path: ./results/Cifar10_dir0.5_bdoor0.2_nclient_100_badnet_adv10_FedCLCM_HP01_BN_T8A05_0.h5

Average time cost: 4743.31s.
Length:  81
std for best accurancy: 0.0
mean for best accurancy: 0.769722637435642
All done!
