==================================================
goal = HP18_SIG_LE2_PLE2
device = cuda
join_ratio = 0.1
device_id = 3
dataset = Cifar10_dir0.5_bdoor0.2_nclient_100_sig_adv10
num_classes = 10
model = ResNet18
batch_size = 64
local_learning_rate = 0.1
learning_rate_decay = False
learning_rate_decay_gamma = 0.99
global_rounds = 800
top_cnt = 100
local_epochs = 2
algorithm = FedCLCM
num_clients = 100
eval_gap = 10
save_folder_name = items
auto_break = False
batch_num_per_client = 2
feature_dim = 512
vocab_size = 32000
max_len = 200
client_drop_rate = 0.0
time_select = False
time_threthold = 10000
send_slow_rate = 0.0
beta = 0.0
lamda = 1.0
mu = 0.0
K = 5
p_learning_rate = 0.01
M = 5
itk = 4000
alphaK = 1.0
sigma = 1.0
alpha = 1.0
plocal_epochs = 2
lr_head = 0.1
tau = 1.0
fine_tuning_epochs = 10
dr_learning_rate = 0.0
L = 1.0
noise_dim = 512
generator_learning_rate = 0.005
hidden_dim = 512
server_epochs = 1000
localize_feature_extractor = False
server_learning_rate = 1.0
eta = 1.0
rand_percent = 80
layer_idx = 2
mentee_learning_rate = 0.005
T_start = 0.95
T_end = 0.98
momentum = 0.1
kl_weight = 0.0
disti_epochs = 1
protect_id = 1
adv_eps = 0.0
adv_num_iter = 0
defense_epochs = 1
clean_data = 5000
sdmk_m = 7
sdmk_k = 5
delta = 0.5
sim_threshold = 0.7
rt_beta = 0.2
num_adv_clients = 10
lambda_cl = 0.2
aug_strength = 0.1
mask_tau = 6.0
mask_alpha = 0.3
enable_channel_mask = True
cosine_gate = False
cosine_gate_threshold = 0.3
cosine_gate_alpha = 0.5
trim_high_layers = 
trim_beta_high = None
trim_beta_low = None
purify_enable = False
purify_beta = 0.0
purify_feature_beta = 0.0
purify_logit_beta = 0.0
purify_temperature = 2.0
purify_start_round = 1
purify_layers = layer4
purify_teacher_momentum = 0.9
purify_teacher_cpu_half = True
attack = none
ba_target_label = 0
ba_poison_rate = 0.2
ba_trigger_gen_steps = 30
ba_trigger_gen_lr = 0.01
ba_pgd_eps = 0.0314
ba_trigger_scale = 8.0
pfedba_target_label = 0
pfedba_poison_rate = 0.5
pfedba_poison_count = -1
pfedba_poison_before_start = False
pfedba_attack_start = 30
pfedba_trigger_opt_steps = 15
pfedba_trigger_lr = 0.1
pfedba_init_value = 0.5
pfedba_patch_size = 8
pfedba_patch_position = center
pfedba_img_c = 3
pfedba_img_h = 32
pfedba_img_w = 32
pfedba_align_grad_weight = 1.0
pfedba_align_loss_weight = 1.0
pfedba_attack_loss_weight = 1.0
pfedba_opt_samples_per_class = 100
pfedba_opt_batch_size = 64
pfedba_opt_max_batches_per_client = 20
logit_analysis = False
logit_reject_thresholds = 0.5,0.6,0.7,0.8
logit_entropy_thresholds = 1.0,1.5,2.0
logit_margin_thresholds = 0.1,0.2,0.3
==================================================

============= Running time: 0th =============
Creating server and clients ...
ResNet(
  (conv1): Conv2d(3, 64, kernel_size=(3, 3), stride=(1, 1), padding=(1, 1), bias=False)
  (bn1): BatchNorm2d(64, eps=1e-05, momentum=0.1, affine=True, track_running_stats=True)
  (relu): ReLU(inplace=True)
  (layer1): Sequential(
    (0): BasicBlock(
      (conv1): Conv2d(64, 64, kernel_size=(3, 3), stride=(1, 1), padding=(1, 1), bias=False)
      (bn1): BatchNorm2d(64, eps=1e-05, momentum=0.1, affine=True, track_running_stats=True)
      (relu): ReLU(inplace=True)
      (conv2): Conv2d(64, 64, kernel_size=(3, 3), stride=(1, 1), padding=(1, 1), bias=False)
      (bn2): BatchNorm2d(64, eps=1e-05, momentum=0.1, affine=True, track_running_stats=True)
    )
    (1): BasicBlock(
      (conv1): Conv2d(64, 64, kernel_size=(3, 3), stride=(1, 1), padding=(1, 1), bias=False)
      (bn1): BatchNorm2d(64, eps=1e-05, momentum=0.1, affine=True, track_running_stats=True)
      (relu): ReLU(inplace=True)
      (conv2): Conv2d(64, 64, kernel_size=(3, 3), stride=(1, 1), padding=(1, 1), bias=False)
      (bn2): BatchNorm2d(64, eps=1e-05, momentum=0.1, affine=True, track_running_stats=True)
    )
  )
  (layer2): Sequential(
    (0): BasicBlock(
      (conv1): Conv2d(64, 128, kernel_size=(3, 3), stride=(2, 2), padding=(1, 1), bias=False)
      (bn1): BatchNorm2d(128, eps=1e-05, momentum=0.1, affine=True, track_running_stats=True)
      (relu): ReLU(inplace=True)
      (conv2): Conv2d(128, 128, kernel_size=(3, 3), stride=(1, 1), padding=(1, 1), bias=False)
      (bn2): BatchNorm2d(128, eps=1e-05, momentum=0.1, affine=True, track_running_stats=True)
      (downsample): Sequential(
        (0): Conv2d(64, 128, kernel_size=(1, 1), stride=(2, 2), bias=False)
        (1): BatchNorm2d(128, eps=1e-05, momentum=0.1, affine=True, track_running_stats=True)
      )
    )
    (1): BasicBlock(
      (conv1): Conv2d(128, 128, kernel_size=(3, 3), stride=(1, 1), padding=(1, 1), bias=False)
      (bn1): BatchNorm2d(128, eps=1e-05, momentum=0.1, affine=True, track_running_stats=True)
      (relu): ReLU(inplace=True)
      (conv2): Conv2d(128, 128, kernel_size=(3, 3), stride=(1, 1), padding=(1, 1), bias=False)
      (bn2): BatchNorm2d(128, eps=1e-05, momentum=0.1, affine=True, track_running_stats=True)
    )
  )
  (layer3): Sequential(
    (0): BasicBlock(
      (conv1): Conv2d(128, 256, kernel_size=(3, 3), stride=(2, 2), padding=(1, 1), bias=False)
      (bn1): BatchNorm2d(256, eps=1e-05, momentum=0.1, affine=True, track_running_stats=True)
      (relu): ReLU(inplace=True)
      (conv2): Conv2d(256, 256, kernel_size=(3, 3), stride=(1, 1), padding=(1, 1), bias=False)
      (bn2): BatchNorm2d(256, eps=1e-05, momentum=0.1, affine=True, track_running_stats=True)
      (downsample): Sequential(
        (0): Conv2d(128, 256, kernel_size=(1, 1), stride=(2, 2), bias=False)
        (1): BatchNorm2d(256, eps=1e-05, momentum=0.1, affine=True, track_running_stats=True)
      )
    )
    (1): BasicBlock(
      (conv1): Conv2d(256, 256, kernel_size=(3, 3), stride=(1, 1), padding=(1, 1), bias=False)
      (bn1): BatchNorm2d(256, eps=1e-05, momentum=0.1, affine=True, track_running_stats=True)
      (relu): ReLU(inplace=True)
      (conv2): Conv2d(256, 256, kernel_size=(3, 3), stride=(1, 1), padding=(1, 1), bias=False)
      (bn2): BatchNorm2d(256, eps=1e-05, momentum=0.1, affine=True, track_running_stats=True)
    )
  )
  (layer4): Sequential(
    (0): BasicBlock(
      (conv1): Conv2d(256, 512, kernel_size=(3, 3), stride=(2, 2), padding=(1, 1), bias=False)
      (bn1): BatchNorm2d(512, eps=1e-05, momentum=0.1, affine=True, track_running_stats=True)
      (relu): ReLU(inplace=True)
      (conv2): Conv2d(512, 512, kernel_size=(3, 3), stride=(1, 1), padding=(1, 1), bias=False)
      (bn2): BatchNorm2d(512, eps=1e-05, momentum=0.1, affine=True, track_running_stats=True)
      (downsample): Sequential(
        (0): Conv2d(256, 512, kernel_size=(1, 1), stride=(2, 2), bias=False)
        (1): BatchNorm2d(512, eps=1e-05, momentum=0.1, affine=True, track_running_stats=True)
      )
    )
    (1): BasicBlock(
      (conv1): Conv2d(512, 512, kernel_size=(3, 3), stride=(1, 1), padding=(1, 1), bias=False)
      (bn1): BatchNorm2d(512, eps=1e-05, momentum=0.1, affine=True, track_running_stats=True)
      (relu): ReLU(inplace=True)
      (conv2): Conv2d(512, 512, kernel_size=(3, 3), stride=(1, 1), padding=(1, 1), bias=False)
      (bn2): BatchNorm2d(512, eps=1e-05, momentum=0.1, affine=True, track_running_stats=True)
    )
  )
  (avgpool): AdaptiveAvgPool2d(output_size=(1, 1))
  (fc): Linear(in_features=512, out_features=10, bias=True)
)

Join ratio / total clients: 0.1 / 100
Finished creating server and clients.

-------------Round number: 0-------------

Evaluate personalized models
Averaged Train Loss: 2.4215
Averaged Test Accurancy: 0.1065
Averaged Test AUC: 0.5006
Std Test Accurancy: 0.1360
Std Test AUC: 0.1313
ASR: 0.012682031877078316
attack_auc: 0.7257706358140216
------------------------- time cost ------------------------- 16.940719604492188
ASR: 0.024032074665342327
attack_auc: 0.310135062374923
Layer conv1.weight: 7/64 channels masked
Layer layer1.0.conv1.weight: 3/64 channels masked
Layer layer1.0.conv2.weight: 1/64 channels masked
Layer layer1.1.conv1.weight: 1/64 channels masked
Layer layer2.0.conv2.weight: 3/128 channels masked
Layer layer2.0.downsample.0.weight: 3/128 channels masked
Layer layer2.1.conv2.weight: 1/128 channels masked
Layer layer3.0.downsample.0.weight: 3/256 channels masked
Layer layer4.0.downsample.0.weight: 15/512 channels masked
------------------------- time cost ------------------------- 8.811935901641846
ASR: 0.038820738805375135
attack_auc: 0.5239227021330979
Layer conv1.weight: 7/64 channels masked
Layer layer1.0.conv1.weight: 3/64 channels masked
Layer layer1.0.conv2.weight: 1/64 channels masked
Layer layer1.1.conv1.weight: 1/64 channels masked
Layer layer2.0.conv2.weight: 3/128 channels masked
Layer layer2.0.downsample.0.weight: 3/128 channels masked
Layer layer2.1.conv2.weight: 1/128 channels masked
Layer layer3.0.downsample.0.weight: 3/256 channels masked
Layer layer4.0.conv1.weight: 1/512 channels masked
Layer layer4.0.downsample.0.weight: 45/512 channels masked
Layer layer4.1.conv2.weight: 2/512 channels masked
------------------------- time cost ------------------------- 8.49509072303772
ASR: 0.036634829237521205
attack_auc: 0.48159624969979997
Layer conv1.weight: 7/64 channels masked
Layer layer1.0.conv1.weight: 3/64 channels masked
Layer layer1.0.conv2.weight: 1/64 channels masked
Layer layer1.1.conv1.weight: 1/64 channels masked
Layer layer2.0.conv2.weight: 3/128 channels masked
Layer layer2.0.downsample.0.weight: 3/128 channels masked
Layer layer2.1.conv2.weight: 1/128 channels masked
Layer layer3.0.downsample.0.weight: 4/256 channels masked
Layer layer4.0.conv1.weight: 1/512 channels masked
Layer layer4.0.conv2.weight: 5/512 channels masked
Layer layer4.0.downsample.0.weight: 53/512 channels masked
Layer layer4.1.conv2.weight: 12/512 channels masked
------------------------- time cost ------------------------- 8.401131391525269
ASR: 0.593350711565909
attack_auc: 0.7520063151385181
Layer conv1.weight: 8/64 channels masked
Layer layer1.0.conv1.weight: 3/64 channels masked
Layer layer1.0.conv2.weight: 1/64 channels masked
Layer layer1.1.conv1.weight: 1/64 channels masked
Layer layer2.0.conv2.weight: 3/128 channels masked
Layer layer2.0.downsample.0.weight: 3/128 channels masked
Layer layer2.1.conv2.weight: 1/128 channels masked
Layer layer3.0.downsample.0.weight: 4/256 channels masked
Layer layer4.0.conv1.weight: 1/512 channels masked
Layer layer4.0.conv2.weight: 6/512 channels masked
Layer layer4.0.downsample.0.weight: 57/512 channels masked
Layer layer4.1.conv2.weight: 13/512 channels masked
------------------------- time cost ------------------------- 7.872507572174072
ASR: 0.5251532548694104
attack_auc: 0.7034505924830902
Layer conv1.weight: 9/64 channels masked
Layer layer1.0.conv1.weight: 3/64 channels masked
Layer layer1.0.conv2.weight: 1/64 channels masked
Layer layer1.1.conv1.weight: 1/64 channels masked
Layer layer2.0.conv2.weight: 3/128 channels masked
Layer layer2.0.downsample.0.weight: 3/128 channels masked
Layer layer2.1.conv2.weight: 1/128 channels masked
Layer layer3.0.downsample.0.weight: 4/256 channels masked
Layer layer4.0.conv1.weight: 1/512 channels masked
Layer layer4.0.conv2.weight: 11/512 channels masked
Layer layer4.0.downsample.0.weight: 60/512 channels masked
Layer layer4.1.conv2.weight: 14/512 channels masked
------------------------- time cost ------------------------- 8.555695056915283
ASR: 0.03495916786618692
attack_auc: 0.6341047269118465
Layer conv1.weight: 10/64 channels masked
Layer layer1.0.conv1.weight: 3/64 channels masked
Layer layer1.0.conv2.weight: 1/64 channels masked
Layer layer1.1.conv1.weight: 1/64 channels masked
Layer layer2.0.conv2.weight: 3/128 channels masked
Layer layer2.0.downsample.0.weight: 3/128 channels masked
Layer layer2.1.conv2.weight: 1/128 channels masked
Layer layer3.0.downsample.0.weight: 4/256 channels masked
Layer layer4.0.conv1.weight: 1/512 channels masked
Layer layer4.0.conv2.weight: 11/512 channels masked
Layer layer4.0.downsample.0.weight: 66/512 channels masked
Layer layer4.1.conv2.weight: 14/512 channels masked
------------------------- time cost ------------------------- 9.29653549194336
ASR: 0.034323359910843586
attack_auc: 0.5379346853747262
Layer conv1.weight: 10/64 channels masked
Layer layer1.0.conv1.weight: 3/64 channels masked
Layer layer1.0.conv2.weight: 1/64 channels masked
Layer layer1.1.conv1.weight: 1/64 channels masked
Layer layer2.0.conv2.weight: 3/128 channels masked
Layer layer2.0.downsample.0.weight: 3/128 channels masked
Layer layer2.1.conv2.weight: 1/128 channels masked
Layer layer3.0.downsample.0.weight: 4/256 channels masked
Layer layer4.0.conv1.weight: 1/512 channels masked
Layer layer4.0.conv2.weight: 12/512 channels masked
Layer layer4.0.downsample.0.weight: 69/512 channels masked
Layer layer4.1.conv2.weight: 15/512 channels masked
------------------------- time cost ------------------------- 7.835268020629883
ASR: 0.04781255756993966
attack_auc: 0.5518341809516017
Layer conv1.weight: 9/64 channels masked
Layer layer1.0.conv1.weight: 3/64 channels masked
Layer layer1.0.conv2.weight: 1/64 channels masked
Layer layer1.1.conv1.weight: 1/64 channels masked
Layer layer2.0.conv2.weight: 3/128 channels masked
Layer layer2.0.downsample.0.weight: 3/128 channels masked
Layer layer2.1.conv2.weight: 1/128 channels masked
Layer layer3.0.downsample.0.weight: 4/256 channels masked
Layer layer4.0.conv1.weight: 2/512 channels masked
Layer layer4.0.conv2.weight: 13/512 channels masked
Layer layer4.0.downsample.0.weight: 74/512 channels masked
Layer layer4.1.conv2.weight: 13/512 channels masked
------------------------- time cost ------------------------- 8.654698848724365
ASR: 0.05510649653611386
attack_auc: 0.48656741535215525
Layer conv1.weight: 9/64 channels masked
Layer layer1.0.conv1.weight: 3/64 channels masked
Layer layer1.0.conv2.weight: 1/64 channels masked
Layer layer1.1.conv1.weight: 1/64 channels masked
Layer layer2.0.conv2.weight: 3/128 channels masked
Layer layer2.0.downsample.0.weight: 3/128 channels masked
Layer layer2.1.conv2.weight: 1/128 channels masked
Layer layer3.0.downsample.0.weight: 4/256 channels masked
Layer layer4.0.conv1.weight: 2/512 channels masked
Layer layer4.0.conv2.weight: 18/512 channels masked
Layer layer4.0.downsample.0.weight: 77/512 channels masked
Layer layer4.1.conv2.weight: 12/512 channels masked
------------------------- time cost ------------------------- 8.729944944381714

-------------Round number: 10-------------

Evaluate personalized models
Averaged Train Loss: 3.1310
Averaged Test Accurancy: 0.3600
Averaged Test AUC: 0.7472
Std Test Accurancy: 0.2380
Std Test AUC: 0.1925
ASR: 0.049012626439010026
attack_auc: 0.48879532356798594
Layer conv1.weight: 10/64 channels masked
Layer layer1.0.conv1.weight: 3/64 channels masked
Layer layer1.0.conv2.weight: 1/64 channels masked
Layer layer1.1.conv1.weight: 1/64 channels masked
Layer layer2.0.conv2.weight: 3/128 channels masked
Layer layer2.0.downsample.0.weight: 3/128 channels masked
Layer layer2.1.conv2.weight: 1/128 channels masked
Layer layer3.0.downsample.0.weight: 4/256 channels masked
Layer layer4.0.conv1.weight: 2/512 channels masked
Layer layer4.0.conv2.weight: 19/512 channels masked
Layer layer4.0.downsample.0.weight: 80/512 channels masked
Layer layer4.1.conv2.weight: 13/512 channels masked
------------------------- time cost ------------------------- 16.67413353919983
ASR: 0.046927820234628666
attack_auc: 0.5240271071336773
Layer conv1.weight: 10/64 channels masked
Layer layer1.0.conv1.weight: 3/64 channels masked
Layer layer1.0.conv2.weight: 1/64 channels masked
Layer layer1.1.conv1.weight: 1/64 channels masked
Layer layer2.0.conv2.weight: 3/128 channels masked
Layer layer2.0.downsample.0.weight: 3/128 channels masked
Layer layer2.1.conv2.weight: 1/128 channels masked
Layer layer3.0.downsample.0.weight: 4/256 channels masked
Layer layer4.0.conv1.weight: 2/512 channels masked
Layer layer4.0.conv2.weight: 21/512 channels masked
Layer layer4.0.downsample.0.weight: 82/512 channels masked
Layer layer4.1.conv2.weight: 14/512 channels masked
------------------------- time cost ------------------------- 9.18241286277771
ASR: 0.05664567513152164
attack_auc: 0.5267949754655629
Layer conv1.weight: 10/64 channels masked
Layer layer1.0.conv1.weight: 3/64 channels masked
Layer layer1.0.conv2.weight: 1/64 channels masked
Layer layer1.1.conv1.weight: 1/64 channels masked
Layer layer2.0.conv2.weight: 3/128 channels masked
Layer layer2.0.downsample.0.weight: 3/128 channels masked
Layer layer2.1.conv2.weight: 1/128 channels masked
Layer layer3.0.downsample.0.weight: 5/256 channels masked
Layer layer4.0.conv1.weight: 2/512 channels masked
Layer layer4.0.conv2.weight: 27/512 channels masked
Layer layer4.0.downsample.0.weight: 80/512 channels masked
Layer layer4.1.conv2.weight: 14/512 channels masked
------------------------- time cost ------------------------- 7.864593267440796
ASR: 0.051921313380678596
attack_auc: 0.5242343920916515
Layer conv1.weight: 10/64 channels masked
Layer layer1.0.conv1.weight: 3/64 channels masked
Layer layer1.0.conv2.weight: 1/64 channels masked
Layer layer1.1.conv1.weight: 1/64 channels masked
Layer layer2.0.conv2.weight: 3/128 channels masked
Layer layer2.0.downsample.0.weight: 3/128 channels masked
Layer layer2.1.conv2.weight: 1/128 channels masked
Layer layer3.0.downsample.0.weight: 5/256 channels masked
Layer layer4.0.conv1.weight: 2/512 channels masked
Layer layer4.0.conv2.weight: 26/512 channels masked
Layer layer4.0.downsample.0.weight: 78/512 channels masked
Layer layer4.1.conv2.weight: 13/512 channels masked
------------------------- time cost ------------------------- 8.518775224685669
ASR: 0.04959896685439141
attack_auc: 0.5065117218523297
Layer conv1.weight: 10/64 channels masked
Layer layer1.0.conv1.weight: 3/64 channels masked
Layer layer1.0.conv2.weight: 1/64 channels masked
Layer layer1.1.conv1.weight: 1/64 channels masked
Layer layer2.0.conv2.weight: 3/128 channels masked
Layer layer2.0.downsample.0.weight: 3/128 channels masked
Layer layer2.1.conv2.weight: 1/128 channels masked
Layer layer3.0.downsample.0.weight: 5/256 channels masked
Layer layer4.0.conv1.weight: 2/512 channels masked
Layer layer4.0.conv2.weight: 28/512 channels masked
Layer layer4.0.downsample.0.weight: 83/512 channels masked
Layer layer4.1.conv2.weight: 13/512 channels masked
------------------------- time cost ------------------------- 7.989586591720581
ASR: 0.040142027573473175
attack_auc: 0.4856494781758177
Layer conv1.weight: 9/64 channels masked
Layer layer1.0.conv1.weight: 3/64 channels masked
Layer layer1.0.conv2.weight: 1/64 channels masked
Layer layer1.1.conv1.weight: 1/64 channels masked
Layer layer2.0.conv2.weight: 3/128 channels masked
Layer layer2.0.downsample.0.weight: 4/128 channels masked
Layer layer2.1.conv2.weight: 1/128 channels masked
Layer layer3.0.downsample.0.weight: 5/256 channels masked
Layer layer4.0.conv1.weight: 2/512 channels masked
Layer layer4.0.conv2.weight: 31/512 channels masked
Layer layer4.0.downsample.0.weight: 84/512 channels masked
Layer layer4.1.conv2.weight: 13/512 channels masked
------------------------- time cost ------------------------- 9.89223575592041
ASR: 0.03610033183761463
attack_auc: 0.4798023556091217
Layer conv1.weight: 9/64 channels masked
Layer layer1.0.conv1.weight: 3/64 channels masked
Layer layer1.0.conv2.weight: 1/64 channels masked
Layer layer1.1.conv1.weight: 1/64 channels masked
Layer layer2.0.conv2.weight: 3/128 channels masked
Layer layer2.0.downsample.0.weight: 4/128 channels masked
Layer layer2.1.conv2.weight: 1/128 channels masked
Layer layer3.0.downsample.0.weight: 5/256 channels masked
Layer layer4.0.conv1.weight: 2/512 channels masked
Layer layer4.0.conv2.weight: 31/512 channels masked
Layer layer4.0.downsample.0.weight: 85/512 channels masked
Layer layer4.1.conv2.weight: 12/512 channels masked
------------------------- time cost ------------------------- 8.746065855026245
ASR: 0.041397805005467664
attack_auc: 0.4777872378625752
Layer conv1.weight: 8/64 channels masked
Layer layer1.0.conv1.weight: 2/64 channels masked
Layer layer1.0.conv2.weight: 1/64 channels masked
Layer layer1.1.conv1.weight: 1/64 channels masked
Layer layer2.0.conv2.weight: 3/128 channels masked
Layer layer2.0.downsample.0.weight: 4/128 channels masked
Layer layer2.1.conv2.weight: 1/128 channels masked
Layer layer3.0.downsample.0.weight: 5/256 channels masked
Layer layer4.0.conv1.weight: 2/512 channels masked
Layer layer4.0.conv2.weight: 31/512 channels masked
Layer layer4.0.downsample.0.weight: 86/512 channels masked
Layer layer4.1.conv2.weight: 15/512 channels masked
------------------------- time cost ------------------------- 8.562031507492065
ASR: 0.042401755520335094
attack_auc: 0.4711178351468475
Layer conv1.weight: 8/64 channels masked
Layer layer1.0.conv1.weight: 1/64 channels masked
Layer layer1.0.conv2.weight: 1/64 channels masked
Layer layer1.1.conv1.weight: 1/64 channels masked
Layer layer2.0.conv2.weight: 3/128 channels masked
Layer layer2.0.downsample.0.weight: 4/128 channels masked
Layer layer2.1.conv2.weight: 1/128 channels masked
Layer layer3.0.downsample.0.weight: 5/256 channels masked
Layer layer4.0.conv1.weight: 3/512 channels masked
Layer layer4.0.conv2.weight: 29/512 channels masked
Layer layer4.0.downsample.0.weight: 89/512 channels masked
Layer layer4.1.conv2.weight: 15/512 channels masked
------------------------- time cost ------------------------- 9.34188461303711
ASR: 0.03826358302481945
attack_auc: 0.4707501385773992
Layer conv1.weight: 7/64 channels masked
Layer layer1.0.conv1.weight: 1/64 channels masked
Layer layer1.0.conv2.weight: 1/64 channels masked
Layer layer1.1.conv1.weight: 1/64 channels masked
Layer layer2.0.conv2.weight: 3/128 channels masked
Layer layer2.0.downsample.0.weight: 4/128 channels masked
Layer layer2.1.conv2.weight: 1/128 channels masked
Layer layer3.0.downsample.0.weight: 5/256 channels masked
Layer layer4.0.conv1.weight: 3/512 channels masked
Layer layer4.0.conv2.weight: 34/512 channels masked
Layer layer4.0.downsample.0.weight: 88/512 channels masked
Layer layer4.1.conv2.weight: 15/512 channels masked
------------------------- time cost ------------------------- 7.938512563705444

-------------Round number: 20-------------

Evaluate personalized models
Averaged Train Loss: 1.8175
Averaged Test Accurancy: 0.5044
Averaged Test AUC: 0.8507
Std Test Accurancy: 0.2018
Std Test AUC: 0.1553
ASR: 0.03760175082314974
attack_auc: 0.4775329704975763
Layer conv1.weight: 7/64 channels masked
Layer layer1.0.conv1.weight: 1/64 channels masked
Layer layer1.0.conv2.weight: 1/64 channels masked
Layer layer1.1.conv1.weight: 1/64 channels masked
Layer layer2.0.conv2.weight: 3/128 channels masked
Layer layer2.0.downsample.0.weight: 4/128 channels masked
Layer layer2.1.conv2.weight: 1/128 channels masked
Layer layer3.0.downsample.0.weight: 5/256 channels masked
Layer layer4.0.conv1.weight: 3/512 channels masked
Layer layer4.0.conv2.weight: 34/512 channels masked
Layer layer4.0.downsample.0.weight: 89/512 channels masked
Layer layer4.1.conv2.weight: 16/512 channels masked
------------------------- time cost ------------------------- 15.420424938201904
ASR: 0.01950732451401033
attack_auc: 0.46777569721445794
Layer conv1.weight: 7/64 channels masked
Layer layer1.0.conv1.weight: 1/64 channels masked
Layer layer1.0.conv2.weight: 1/64 channels masked
Layer layer1.1.conv1.weight: 1/64 channels masked
Layer layer2.0.conv2.weight: 3/128 channels masked
Layer layer2.0.downsample.0.weight: 4/128 channels masked
Layer layer2.1.conv2.weight: 1/128 channels masked
Layer layer3.0.downsample.0.weight: 5/256 channels masked
Layer layer4.0.conv1.weight: 3/512 channels masked
Layer layer4.0.conv2.weight: 39/512 channels masked
Layer layer4.0.downsample.0.weight: 86/512 channels masked
Layer layer4.1.conv2.weight: 16/512 channels masked
------------------------- time cost ------------------------- 7.84456205368042
ASR: 0.03994988125816344
attack_auc: 0.46542322857024415
Layer conv1.weight: 7/64 channels masked
Layer layer1.0.conv1.weight: 1/64 channels masked
Layer layer1.0.conv2.weight: 1/64 channels masked
Layer layer1.1.conv1.weight: 1/64 channels masked
Layer layer2.0.conv2.weight: 3/128 channels masked
Layer layer2.0.downsample.0.weight: 4/128 channels masked
Layer layer2.1.conv2.weight: 1/128 channels masked
Layer layer3.0.downsample.0.weight: 5/256 channels masked
Layer layer4.0.conv1.weight: 3/512 channels masked
Layer layer4.0.conv2.weight: 41/512 channels masked
Layer layer4.0.downsample.0.weight: 87/512 channels masked
Layer layer4.1.conv2.weight: 18/512 channels masked
------------------------- time cost ------------------------- 8.62220549583435
ASR: 0.027589462088616498
attack_auc: 0.47683986199380574
Layer conv1.weight: 5/64 channels masked
Layer layer1.0.conv1.weight: 1/64 channels masked
Layer layer1.0.conv2.weight: 1/64 channels masked
Layer layer1.1.conv1.weight: 1/64 channels masked
Layer layer2.0.conv2.weight: 3/128 channels masked
Layer layer2.0.downsample.0.weight: 4/128 channels masked
Layer layer2.1.conv2.weight: 1/128 channels masked
Layer layer3.0.downsample.0.weight: 5/256 channels masked
Layer layer4.0.conv1.weight: 3/512 channels masked
Layer layer4.0.conv2.weight: 42/512 channels masked
Layer layer4.0.downsample.0.weight: 85/512 channels masked
Layer layer4.1.conv2.weight: 19/512 channels masked
------------------------- time cost ------------------------- 8.871021032333374
ASR: 0.07432208069499252
attack_auc: 0.4929235538483134
Layer conv1.weight: 5/64 channels masked
Layer layer1.0.conv1.weight: 1/64 channels masked
Layer layer1.0.conv2.weight: 1/64 channels masked
Layer layer1.1.conv1.weight: 1/64 channels masked
Layer layer2.0.conv2.weight: 3/128 channels masked
Layer layer2.0.downsample.0.weight: 4/128 channels masked
Layer layer2.1.conv2.weight: 1/128 channels masked
Layer layer3.0.downsample.0.weight: 5/256 channels masked
Layer layer4.0.conv1.weight: 3/512 channels masked
Layer layer4.0.conv2.weight: 44/512 channels masked
Layer layer4.0.downsample.0.weight: 86/512 channels masked
Layer layer4.1.conv2.weight: 18/512 channels masked
------------------------- time cost ------------------------- 9.002084493637085
ASR: 0.07134214967861047
attack_auc: 0.48028342686069175
Layer conv1.weight: 5/64 channels masked
Layer layer1.0.conv1.weight: 1/64 channels masked
Layer layer1.0.conv2.weight: 1/64 channels masked
Layer layer1.1.conv1.weight: 1/64 channels masked
Layer layer2.0.conv2.weight: 3/128 channels masked
Layer layer2.0.downsample.0.weight: 4/128 channels masked
Layer layer2.1.conv2.weight: 1/128 channels masked
Layer layer3.0.downsample.0.weight: 5/256 channels masked
Layer layer4.0.conv1.weight: 3/512 channels masked
Layer layer4.0.conv2.weight: 46/512 channels masked
Layer layer4.0.downsample.0.weight: 85/512 channels masked
Layer layer4.1.conv2.weight: 19/512 channels masked
------------------------- time cost ------------------------- 7.151468276977539
ASR: 0.050683151875074085
attack_auc: 0.46640506072353166
Layer conv1.weight: 5/64 channels masked
Layer layer1.0.conv1.weight: 1/64 channels masked
Layer layer1.0.conv2.weight: 1/64 channels masked
Layer layer1.1.conv1.weight: 1/64 channels masked
Layer layer2.0.conv2.weight: 3/128 channels masked
Layer layer2.0.downsample.0.weight: 4/128 channels masked
Layer layer2.1.conv2.weight: 1/128 channels masked
Layer layer3.0.downsample.0.weight: 5/256 channels masked
Layer layer4.0.conv1.weight: 3/512 channels masked
Layer layer4.0.conv2.weight: 46/512 channels masked
Layer layer4.0.downsample.0.weight: 86/512 channels masked
Layer layer4.1.conv2.weight: 20/512 channels masked
------------------------- time cost ------------------------- 8.339491367340088
ASR: 0.03447156060616213
attack_auc: 0.46065077042051394
Layer conv1.weight: 5/64 channels masked
Layer layer1.0.conv1.weight: 1/64 channels masked
Layer layer1.0.conv2.weight: 1/64 channels masked
Layer layer1.1.conv1.weight: 1/64 channels masked
Layer layer2.0.conv2.weight: 3/128 channels masked
Layer layer2.0.downsample.0.weight: 4/128 channels masked
Layer layer2.1.conv2.weight: 1/128 channels masked
Layer layer3.0.downsample.0.weight: 5/256 channels masked
Layer layer4.0.conv1.weight: 3/512 channels masked
Layer layer4.0.conv2.weight: 45/512 channels masked
Layer layer4.0.downsample.0.weight: 86/512 channels masked
Layer layer4.1.conv2.weight: 21/512 channels masked
------------------------- time cost ------------------------- 8.789689302444458
ASR: 0.042987415971648374
attack_auc: 0.45770188804314954
Layer conv1.weight: 5/64 channels masked
Layer layer1.0.conv1.weight: 1/64 channels masked
Layer layer1.0.conv2.weight: 1/64 channels masked
Layer layer1.1.conv1.weight: 1/64 channels masked
Layer layer2.0.conv2.weight: 3/128 channels masked
Layer layer2.0.downsample.0.weight: 4/128 channels masked
Layer layer2.1.conv2.weight: 1/128 channels masked
Layer layer3.0.downsample.0.weight: 5/256 channels masked
Layer layer4.0.conv1.weight: 3/512 channels masked
Layer layer4.0.conv2.weight: 46/512 channels masked
Layer layer4.0.downsample.0.weight: 89/512 channels masked
Layer layer4.1.conv2.weight: 21/512 channels masked
------------------------- time cost ------------------------- 8.537355661392212
ASR: 0.0333445418604407
attack_auc: 0.45773488593756384
Layer conv1.weight: 5/64 channels masked
Layer layer1.0.conv1.weight: 1/64 channels masked
Layer layer1.0.conv2.weight: 1/64 channels masked
Layer layer1.1.conv1.weight: 1/64 channels masked
Layer layer2.0.conv2.weight: 3/128 channels masked
Layer layer2.0.downsample.0.weight: 4/128 channels masked
Layer layer2.1.conv2.weight: 1/128 channels masked
Layer layer3.0.downsample.0.weight: 5/256 channels masked
Layer layer4.0.conv1.weight: 3/512 channels masked
Layer layer4.0.conv2.weight: 45/512 channels masked
Layer layer4.0.downsample.0.weight: 90/512 channels masked
Layer layer4.1.conv2.weight: 21/512 channels masked
------------------------- time cost ------------------------- 8.940667390823364

-------------Round number: 30-------------

Evaluate personalized models
Averaged Train Loss: 1.1614
Averaged Test Accurancy: 0.5840
Averaged Test AUC: 0.9013
Std Test Accurancy: 0.1446
Std Test AUC: 0.0863
ASR: 0.03161356659916837
attack_auc: 0.4697618204675268
Layer conv1.weight: 5/64 channels masked
Layer layer1.0.conv1.weight: 1/64 channels masked
Layer layer1.0.conv2.weight: 1/64 channels masked
Layer layer1.1.conv1.weight: 1/64 channels masked
Layer layer2.0.conv2.weight: 3/128 channels masked
Layer layer2.0.downsample.0.weight: 4/128 channels masked
Layer layer2.1.conv2.weight: 1/128 channels masked
Layer layer3.0.downsample.0.weight: 5/256 channels masked
Layer layer4.0.conv1.weight: 2/512 channels masked
Layer layer4.0.conv2.weight: 45/512 channels masked
Layer layer4.0.downsample.0.weight: 90/512 channels masked
Layer layer4.1.conv2.weight: 22/512 channels masked
------------------------- time cost ------------------------- 16.136917114257812
ASR: 0.025257517536838976
attack_auc: 0.4678117542849881
Layer conv1.weight: 5/64 channels masked
Layer layer1.0.conv1.weight: 1/64 channels masked
Layer layer1.0.conv2.weight: 1/64 channels masked
Layer layer1.1.conv1.weight: 1/64 channels masked
Layer layer2.0.conv2.weight: 3/128 channels masked
Layer layer2.0.downsample.0.weight: 4/128 channels masked
Layer layer2.1.conv2.weight: 1/128 channels masked
Layer layer3.0.downsample.0.weight: 5/256 channels masked
Layer layer4.0.conv1.weight: 2/512 channels masked
Layer layer4.0.conv2.weight: 46/512 channels masked
Layer layer4.0.downsample.0.weight: 91/512 channels masked
Layer layer4.1.conv2.weight: 22/512 channels masked
------------------------- time cost ------------------------- 8.17589783668518
ASR: 0.02855389694819016
attack_auc: 0.47727119127301465
Layer conv1.weight: 5/64 channels masked
Layer layer1.0.conv1.weight: 1/64 channels masked
Layer layer1.0.conv2.weight: 1/64 channels masked
Layer layer1.1.conv1.weight: 1/64 channels masked
Layer layer2.0.conv2.weight: 3/128 channels masked
Layer layer2.0.downsample.0.weight: 4/128 channels masked
Layer layer2.1.conv2.weight: 1/128 channels masked
Layer layer3.0.downsample.0.weight: 5/256 channels masked
Layer layer4.0.conv1.weight: 2/512 channels masked
Layer layer4.0.conv2.weight: 46/512 channels masked
Layer layer4.0.downsample.0.weight: 91/512 channels masked
Layer layer4.1.conv2.weight: 22/512 channels masked
------------------------- time cost ------------------------- 8.286860227584839
ASR: 0.009071463000927758
attack_auc: 0.4552590542712374
Layer conv1.weight: 5/64 channels masked
Layer layer1.0.conv1.weight: 1/64 channels masked
Layer layer1.0.conv2.weight: 1/64 channels masked
Layer layer1.1.conv1.weight: 1/64 channels masked
Layer layer2.0.conv2.weight: 3/128 channels masked
Layer layer2.0.downsample.0.weight: 4/128 channels masked
Layer layer2.1.conv2.weight: 1/128 channels masked
Layer layer3.0.downsample.0.weight: 5/256 channels masked
Layer layer4.0.conv1.weight: 2/512 channels masked
Layer layer4.0.conv2.weight: 46/512 channels masked
Layer layer4.0.downsample.0.weight: 92/512 channels masked
Layer layer4.1.conv2.weight: 22/512 channels masked
------------------------- time cost ------------------------- 9.169173240661621
ASR: 0.014364355337796885
attack_auc: 0.4450192096069017
Layer conv1.weight: 5/64 channels masked
Layer layer1.0.conv1.weight: 1/64 channels masked
Layer layer1.0.conv2.weight: 1/64 channels masked
Layer layer1.1.conv1.weight: 1/64 channels masked
Layer layer2.0.conv2.weight: 3/128 channels masked
Layer layer2.0.downsample.0.weight: 4/128 channels masked
Layer layer2.1.conv2.weight: 1/128 channels masked
Layer layer3.0.downsample.0.weight: 5/256 channels masked
Layer layer4.0.conv1.weight: 2/512 channels masked
Layer layer4.0.conv2.weight: 49/512 channels masked
Layer layer4.0.downsample.0.weight: 91/512 channels masked
Layer layer4.1.conv2.weight: 23/512 channels masked
------------------------- time cost ------------------------- 7.1244401931762695
ASR: 0.013217453974358927
attack_auc: 0.42034491052013123
Layer conv1.weight: 5/64 channels masked
Layer layer1.0.conv1.weight: 1/64 channels masked
Layer layer1.0.conv2.weight: 1/64 channels masked
Layer layer1.1.conv1.weight: 1/64 channels masked
Layer layer2.0.conv2.weight: 3/128 channels masked
Layer layer2.0.downsample.0.weight: 4/128 channels masked
Layer layer2.1.conv2.weight: 1/128 channels masked
Layer layer3.0.downsample.0.weight: 5/256 channels masked
Layer layer4.0.conv1.weight: 2/512 channels masked
Layer layer4.0.conv2.weight: 46/512 channels masked
Layer layer4.0.downsample.0.weight: 93/512 channels masked
Layer layer4.1.conv2.weight: 23/512 channels masked
------------------------- time cost ------------------------- 7.7746851444244385
ASR: 0.01638552311815074
attack_auc: 0.42835956776337974
Layer conv1.weight: 5/64 channels masked
Layer layer1.0.conv1.weight: 1/64 channels masked
Layer layer1.0.conv2.weight: 1/64 channels masked
Layer layer1.1.conv1.weight: 1/64 channels masked
Layer layer2.0.conv2.weight: 3/128 channels masked
Layer layer2.0.downsample.0.weight: 4/128 channels masked
Layer layer2.1.conv2.weight: 1/128 channels masked
Layer layer3.0.downsample.0.weight: 5/256 channels masked
Layer layer4.0.conv1.weight: 2/512 channels masked
Layer layer4.0.conv2.weight: 47/512 channels masked
Layer layer4.0.downsample.0.weight: 94/512 channels masked
Layer layer4.1.conv2.weight: 23/512 channels masked
------------------------- time cost ------------------------- 9.475384950637817
ASR: 0.009141898290147731
attack_auc: 0.4103948684236738
Layer conv1.weight: 4/64 channels masked
Layer layer1.0.conv1.weight: 1/64 channels masked
Layer layer1.0.conv2.weight: 1/64 channels masked
Layer layer1.1.conv1.weight: 1/64 channels masked
Layer layer2.0.conv2.weight: 3/128 channels masked
Layer layer2.0.downsample.0.weight: 4/128 channels masked
Layer layer2.1.conv2.weight: 1/128 channels masked
Layer layer3.0.downsample.0.weight: 5/256 channels masked
Layer layer4.0.conv1.weight: 2/512 channels masked
Layer layer4.0.conv2.weight: 46/512 channels masked
Layer layer4.0.downsample.0.weight: 97/512 channels masked
Layer layer4.1.conv2.weight: 23/512 channels masked
------------------------- time cost ------------------------- 7.001101016998291
ASR: 0.008418666477818464
attack_auc: 0.4148206074316314
Layer conv1.weight: 4/64 channels masked
Layer layer1.0.conv1.weight: 1/64 channels masked
Layer layer1.0.conv2.weight: 1/64 channels masked
Layer layer1.1.conv1.weight: 1/64 channels masked
Layer layer2.0.conv2.weight: 3/128 channels masked
Layer layer2.0.downsample.0.weight: 4/128 channels masked
Layer layer2.1.conv2.weight: 1/128 channels masked
Layer layer3.0.downsample.0.weight: 5/256 channels masked
Layer layer4.0.conv1.weight: 2/512 channels masked
Layer layer4.0.conv2.weight: 47/512 channels masked
Layer layer4.0.downsample.0.weight: 95/512 channels masked
Layer layer4.1.conv2.weight: 22/512 channels masked
------------------------- time cost ------------------------- 9.391978025436401
ASR: 0.011369790881815715
attack_auc: 0.4029135305686365
Layer conv1.weight: 4/64 channels masked
Layer layer1.0.conv1.weight: 1/64 channels masked
Layer layer1.0.conv2.weight: 1/64 channels masked
Layer layer1.1.conv1.weight: 1/64 channels masked
Layer layer2.0.conv2.weight: 3/128 channels masked
Layer layer2.0.downsample.0.weight: 4/128 channels masked
Layer layer2.1.conv2.weight: 1/128 channels masked
Layer layer3.0.downsample.0.weight: 5/256 channels masked
Layer layer4.0.conv1.weight: 2/512 channels masked
Layer layer4.0.conv2.weight: 49/512 channels masked
Layer layer4.0.downsample.0.weight: 97/512 channels masked
Layer layer4.1.conv2.weight: 22/512 channels masked
------------------------- time cost ------------------------- 9.219421148300171

-------------Round number: 40-------------

Evaluate personalized models
Averaged Train Loss: 0.9784
Averaged Test Accurancy: 0.6241
Averaged Test AUC: 0.9214
Std Test Accurancy: 0.1339
Std Test AUC: 0.0586
ASR: 0.007369269189873546
attack_auc: 0.3777643349565472
Layer conv1.weight: 4/64 channels masked
Layer layer1.0.conv1.weight: 1/64 channels masked
Layer layer1.0.conv2.weight: 1/64 channels masked
Layer layer1.1.conv1.weight: 1/64 channels masked
Layer layer2.0.conv2.weight: 3/128 channels masked
Layer layer2.0.downsample.0.weight: 4/128 channels masked
Layer layer2.1.conv2.weight: 1/128 channels masked
Layer layer3.0.downsample.0.weight: 5/256 channels masked
Layer layer4.0.conv1.weight: 2/512 channels masked
Layer layer4.0.conv2.weight: 48/512 channels masked
Layer layer4.0.downsample.0.weight: 97/512 channels masked
Layer layer4.1.conv2.weight: 22/512 channels masked
------------------------- time cost ------------------------- 16.042439222335815
ASR: 0.008369759213864323
attack_auc: 0.3924910716307282
Layer conv1.weight: 4/64 channels masked
Layer layer1.0.conv1.weight: 1/64 channels masked
Layer layer1.0.conv2.weight: 1/64 channels masked
Layer layer1.1.conv1.weight: 1/64 channels masked
Layer layer2.0.conv2.weight: 3/128 channels masked
Layer layer2.0.downsample.0.weight: 4/128 channels masked
Layer layer2.1.conv2.weight: 1/128 channels masked
Layer layer3.0.downsample.0.weight: 5/256 channels masked
Layer layer4.0.conv1.weight: 2/512 channels masked
Layer layer4.0.conv2.weight: 48/512 channels masked
Layer layer4.0.downsample.0.weight: 97/512 channels masked
Layer layer4.1.conv2.weight: 22/512 channels masked
------------------------- time cost ------------------------- 7.728142738342285
ASR: 0.006576372544740708
attack_auc: 0.39299074426892094
Layer conv1.weight: 4/64 channels masked
Layer layer1.0.conv1.weight: 1/64 channels masked
Layer layer1.0.conv2.weight: 1/64 channels masked
Layer layer1.1.conv1.weight: 1/64 channels masked
Layer layer2.0.conv2.weight: 3/128 channels masked
Layer layer2.0.downsample.0.weight: 4/128 channels masked
Layer layer2.1.conv2.weight: 1/128 channels masked
Layer layer3.0.downsample.0.weight: 5/256 channels masked
Layer layer4.0.conv1.weight: 2/512 channels masked
Layer layer4.0.conv2.weight: 48/512 channels masked
Layer layer4.0.downsample.0.weight: 99/512 channels masked
Layer layer4.1.conv2.weight: 22/512 channels masked
------------------------- time cost ------------------------- 8.139518976211548
ASR: 0.0074875326683051585
attack_auc: 0.3893969035421142
Layer conv1.weight: 4/64 channels masked
Layer layer1.0.conv1.weight: 1/64 channels masked
Layer layer1.0.conv2.weight: 1/64 channels masked
Layer layer1.1.conv1.weight: 1/64 channels masked
Layer layer2.0.conv2.weight: 3/128 channels masked
Layer layer2.0.downsample.0.weight: 4/128 channels masked
Layer layer2.1.conv2.weight: 1/128 channels masked
Layer layer3.0.downsample.0.weight: 5/256 channels masked
Layer layer4.0.conv1.weight: 2/512 channels masked
Layer layer4.0.conv2.weight: 49/512 channels masked
Layer layer4.0.downsample.0.weight: 100/512 channels masked
Layer layer4.1.conv2.weight: 22/512 channels masked
------------------------- time cost ------------------------- 8.743930578231812
ASR: 0.007723230418556426
attack_auc: 0.3997159999734985
Layer conv1.weight: 4/64 channels masked
Layer layer1.0.conv1.weight: 1/64 channels masked
Layer layer1.0.conv2.weight: 1/64 channels masked
Layer layer1.1.conv1.weight: 1/64 channels masked
Layer layer2.0.conv2.weight: 3/128 channels masked
Layer layer2.0.downsample.0.weight: 4/128 channels masked
Layer layer2.1.conv2.weight: 1/128 channels masked
Layer layer3.0.downsample.0.weight: 5/256 channels masked
Layer layer4.0.conv1.weight: 2/512 channels masked
Layer layer4.0.conv2.weight: 51/512 channels masked
Layer layer4.0.downsample.0.weight: 101/512 channels masked
Layer layer4.1.conv2.weight: 22/512 channels masked
------------------------- time cost ------------------------- 7.851727724075317
ASR: 0.005898689589751086
attack_auc: 0.38403812696583917
Layer conv1.weight: 4/64 channels masked
Layer layer1.0.conv1.weight: 1/64 channels masked
Layer layer1.0.conv2.weight: 1/64 channels masked
Layer layer1.1.conv1.weight: 1/64 channels masked
Layer layer2.0.conv2.weight: 3/128 channels masked
Layer layer2.0.downsample.0.weight: 4/128 channels masked
Layer layer2.1.conv2.weight: 1/128 channels masked
Layer layer3.0.downsample.0.weight: 5/256 channels masked
Layer layer4.0.conv1.weight: 2/512 channels masked
Layer layer4.0.conv2.weight: 50/512 channels masked
Layer layer4.0.downsample.0.weight: 103/512 channels masked
Layer layer4.1.conv2.weight: 22/512 channels masked
------------------------- time cost ------------------------- 7.754393577575684
ASR: 0.0016057250177943275
attack_auc: 0.3805018834944092
Layer conv1.weight: 4/64 channels masked
Layer layer1.0.conv1.weight: 1/64 channels masked
Layer layer1.0.conv2.weight: 1/64 channels masked
Layer layer1.1.conv1.weight: 1/64 channels masked
Layer layer2.0.conv2.weight: 3/128 channels masked
Layer layer2.0.downsample.0.weight: 4/128 channels masked
Layer layer2.1.conv2.weight: 1/128 channels masked
Layer layer3.0.downsample.0.weight: 5/256 channels masked
Layer layer4.0.conv1.weight: 2/512 channels masked
Layer layer4.0.conv2.weight: 50/512 channels masked
Layer layer4.0.downsample.0.weight: 104/512 channels masked
Layer layer4.1.conv1.weight: 1/512 channels masked
Layer layer4.1.conv2.weight: 22/512 channels masked
------------------------- time cost ------------------------- 8.305120706558228
ASR: 0.002933343439293604
attack_auc: 0.36777807371171833
Layer conv1.weight: 4/64 channels masked
Layer layer1.0.conv1.weight: 1/64 channels masked
Layer layer1.0.conv2.weight: 1/64 channels masked
Layer layer1.1.conv1.weight: 1/64 channels masked
Layer layer2.0.conv2.weight: 3/128 channels masked
Layer layer2.0.downsample.0.weight: 4/128 channels masked
Layer layer2.1.conv2.weight: 1/128 channels masked
Layer layer3.0.downsample.0.weight: 5/256 channels masked
Layer layer4.0.conv1.weight: 2/512 channels masked
Layer layer4.0.conv2.weight: 50/512 channels masked
Layer layer4.0.downsample.0.weight: 106/512 channels masked
Layer layer4.1.conv1.weight: 1/512 channels masked
Layer layer4.1.conv2.weight: 22/512 channels masked
------------------------- time cost ------------------------- 8.5922691822052
ASR: 0.002134943106431433
attack_auc: 0.33656445509749333
Layer conv1.weight: 4/64 channels masked
Layer layer1.0.conv1.weight: 1/64 channels masked
Layer layer1.0.conv2.weight: 1/64 channels masked
Layer layer1.1.conv1.weight: 1/64 channels masked
Layer layer2.0.conv2.weight: 3/128 channels masked
Layer layer2.0.downsample.0.weight: 4/128 channels masked
Layer layer2.1.conv2.weight: 1/128 channels masked
Layer layer3.0.downsample.0.weight: 5/256 channels masked
Layer layer4.0.conv1.weight: 2/512 channels masked
Layer layer4.0.conv2.weight: 49/512 channels masked
Layer layer4.0.downsample.0.weight: 106/512 channels masked
Layer layer4.1.conv1.weight: 1/512 channels masked
Layer layer4.1.conv2.weight: 22/512 channels masked
------------------------- time cost ------------------------- 8.321013927459717
ASR: 0.0026767100297408783
attack_auc: 0.35823780744298317
Layer conv1.weight: 3/64 channels masked
Layer layer1.0.conv1.weight: 1/64 channels masked
Layer layer1.0.conv2.weight: 1/64 channels masked
Layer layer1.1.conv1.weight: 1/64 channels masked
Layer layer2.0.conv2.weight: 3/128 channels masked
Layer layer2.0.downsample.0.weight: 4/128 channels masked
Layer layer2.1.conv2.weight: 1/128 channels masked
Layer layer3.0.downsample.0.weight: 5/256 channels masked
Layer layer4.0.conv1.weight: 2/512 channels masked
Layer layer4.0.conv2.weight: 47/512 channels masked
Layer layer4.0.downsample.0.weight: 106/512 channels masked
Layer layer4.1.conv1.weight: 1/512 channels masked
Layer layer4.1.conv2.weight: 23/512 channels masked
------------------------- time cost ------------------------- 8.129088640213013

-------------Round number: 50-------------

Evaluate personalized models
Averaged Train Loss: 0.8800
Averaged Test Accurancy: 0.6565
Averaged Test AUC: 0.9319
Std Test Accurancy: 0.1239
Std Test AUC: 0.0473
ASR: 0.003546080284297149
attack_auc: 0.37204949930421244
Layer conv1.weight: 2/64 channels masked
Layer layer1.0.conv1.weight: 1/64 channels masked
Layer layer1.0.conv2.weight: 1/64 channels masked
Layer layer1.1.conv1.weight: 1/64 channels masked
Layer layer2.0.conv2.weight: 3/128 channels masked
Layer layer2.0.downsample.0.weight: 4/128 channels masked
Layer layer2.1.conv2.weight: 1/128 channels masked
Layer layer3.0.downsample.0.weight: 5/256 channels masked
Layer layer4.0.conv1.weight: 2/512 channels masked
Layer layer4.0.conv2.weight: 47/512 channels masked
Layer layer4.0.downsample.0.weight: 106/512 channels masked
Layer layer4.1.conv1.weight: 1/512 channels masked
Layer layer4.1.conv2.weight: 24/512 channels masked
------------------------- time cost ------------------------- 14.551838397979736
ASR: 0.00374417137127499
attack_auc: 0.36549532762114817
Layer conv1.weight: 1/64 channels masked
Layer layer1.0.conv1.weight: 1/64 channels masked
Layer layer1.0.conv2.weight: 1/64 channels masked
Layer layer1.1.conv1.weight: 1/64 channels masked
Layer layer2.0.conv2.weight: 3/128 channels masked
Layer layer2.0.downsample.0.weight: 4/128 channels masked
Layer layer2.1.conv2.weight: 1/128 channels masked
Layer layer3.0.downsample.0.weight: 5/256 channels masked
Layer layer4.0.conv1.weight: 2/512 channels masked
Layer layer4.0.conv2.weight: 46/512 channels masked
Layer layer4.0.downsample.0.weight: 107/512 channels masked
Layer layer4.1.conv1.weight: 1/512 channels masked
Layer layer4.1.conv2.weight: 24/512 channels masked
------------------------- time cost ------------------------- 10.01748538017273
ASR: 0.0029223280907776637
attack_auc: 0.36585743672384125
Layer conv1.weight: 1/64 channels masked
Layer layer1.0.conv1.weight: 1/64 channels masked
Layer layer1.0.conv2.weight: 1/64 channels masked
Layer layer1.1.conv1.weight: 1/64 channels masked
Layer layer2.0.conv2.weight: 3/128 channels masked
Layer layer2.0.downsample.0.weight: 4/128 channels masked
Layer layer2.1.conv2.weight: 1/128 channels masked
Layer layer3.0.downsample.0.weight: 5/256 channels masked
Layer layer4.0.conv1.weight: 2/512 channels masked
Layer layer4.0.conv2.weight: 49/512 channels masked
Layer layer4.0.downsample.0.weight: 107/512 channels masked
Layer layer4.1.conv1.weight: 1/512 channels masked
Layer layer4.1.conv2.weight: 26/512 channels masked
------------------------- time cost ------------------------- 6.842848062515259
ASR: 0.007514820620468037
attack_auc: 0.4160734240155134
Layer conv1.weight: 1/64 channels masked
Layer layer1.0.conv1.weight: 1/64 channels masked
Layer layer1.0.conv2.weight: 1/64 channels masked
Layer layer1.1.conv1.weight: 1/64 channels masked
Layer layer2.0.conv2.weight: 3/128 channels masked
Layer layer2.0.downsample.0.weight: 4/128 channels masked
Layer layer2.1.conv2.weight: 1/128 channels masked
Layer layer3.0.downsample.0.weight: 5/256 channels masked
Layer layer4.0.conv1.weight: 2/512 channels masked
Layer layer4.0.conv2.weight: 48/512 channels masked
Layer layer4.0.downsample.0.weight: 105/512 channels masked
Layer layer4.1.conv1.weight: 1/512 channels masked
Layer layer4.1.conv2.weight: 26/512 channels masked
------------------------- time cost ------------------------- 9.975167751312256
ASR: 0.0062399216415969525
attack_auc: 0.40327821929276947
Layer conv1.weight: 1/64 channels masked
Layer layer1.0.conv1.weight: 1/64 channels masked
Layer layer1.0.conv2.weight: 1/64 channels masked
Layer layer1.1.conv1.weight: 1/64 channels masked
Layer layer2.0.conv2.weight: 3/128 channels masked
Layer layer2.0.downsample.0.weight: 4/128 channels masked
Layer layer2.1.conv2.weight: 1/128 channels masked
Layer layer3.0.downsample.0.weight: 5/256 channels masked
Layer layer4.0.conv1.weight: 2/512 channels masked
Layer layer4.0.conv2.weight: 48/512 channels masked
Layer layer4.0.downsample.0.weight: 103/512 channels masked
Layer layer4.1.conv1.weight: 1/512 channels masked
Layer layer4.1.conv2.weight: 27/512 channels masked
------------------------- time cost ------------------------- 8.525447130203247
ASR: 0.005997953827765914
attack_auc: 0.3564671609304329
Layer conv1.weight: 1/64 channels masked
Layer layer1.0.conv1.weight: 1/64 channels masked
Layer layer1.0.conv2.weight: 1/64 channels masked
Layer layer1.1.conv1.weight: 1/64 channels masked
Layer layer2.0.conv2.weight: 3/128 channels masked
Layer layer2.0.downsample.0.weight: 4/128 channels masked
Layer layer2.1.conv2.weight: 1/128 channels masked
Layer layer3.0.downsample.0.weight: 5/256 channels masked
Layer layer4.0.conv1.weight: 2/512 channels masked
Layer layer4.0.conv2.weight: 48/512 channels masked
Layer layer4.0.downsample.0.weight: 103/512 channels masked
Layer layer4.1.conv1.weight: 1/512 channels masked
Layer layer4.1.conv2.weight: 29/512 channels masked
------------------------- time cost ------------------------- 7.4856462478637695
ASR: 0.0024777068078747563
attack_auc: 0.3592794941989652
Layer conv1.weight: 1/64 channels masked
Layer layer1.0.conv1.weight: 1/64 channels masked
Layer layer1.0.conv2.weight: 1/64 channels masked
Layer layer1.1.conv1.weight: 1/64 channels masked
Layer layer2.0.conv2.weight: 3/128 channels masked
Layer layer2.0.downsample.0.weight: 4/128 channels masked
Layer layer2.1.conv2.weight: 1/128 channels masked
Layer layer3.0.downsample.0.weight: 5/256 channels masked
Layer layer4.0.conv1.weight: 2/512 channels masked
Layer layer4.0.conv2.weight: 47/512 channels masked
Layer layer4.0.downsample.0.weight: 104/512 channels masked
Layer layer4.1.conv1.weight: 1/512 channels masked
Layer layer4.1.conv2.weight: 29/512 channels masked
------------------------- time cost ------------------------- 7.9723875522613525
ASR: 0.0025759185076440825
attack_auc: 0.37432363468407875
Layer conv1.weight: 1/64 channels masked
Layer layer1.0.conv1.weight: 1/64 channels masked
Layer layer1.0.conv2.weight: 1/64 channels masked
Layer layer1.1.conv1.weight: 1/64 channels masked
Layer layer2.0.conv2.weight: 3/128 channels masked
Layer layer2.0.downsample.0.weight: 4/128 channels masked
Layer layer2.1.conv2.weight: 1/128 channels masked
Layer layer3.0.downsample.0.weight: 5/256 channels masked
Layer layer4.0.conv1.weight: 2/512 channels masked
Layer layer4.0.conv2.weight: 47/512 channels masked
Layer layer4.0.downsample.0.weight: 104/512 channels masked
Layer layer4.1.conv1.weight: 1/512 channels masked
Layer layer4.1.conv2.weight: 29/512 channels masked
------------------------- time cost ------------------------- 8.072262525558472
ASR: 0.004522245473424624
attack_auc: 0.40469257878841064
Layer conv1.weight: 1/64 channels masked
Layer layer1.0.conv2.weight: 1/64 channels masked
Layer layer1.1.conv1.weight: 1/64 channels masked
Layer layer2.0.conv2.weight: 3/128 channels masked
Layer layer2.0.downsample.0.weight: 4/128 channels masked
Layer layer2.1.conv2.weight: 1/128 channels masked
Layer layer3.0.downsample.0.weight: 5/256 channels masked
Layer layer4.0.conv1.weight: 2/512 channels masked
Layer layer4.0.conv2.weight: 50/512 channels masked
Layer layer4.0.downsample.0.weight: 104/512 channels masked
Layer layer4.1.conv1.weight: 1/512 channels masked
Layer layer4.1.conv2.weight: 29/512 channels masked
------------------------- time cost ------------------------- 7.13578987121582
ASR: 0.0023547734770531497
attack_auc: 0.3988974520366447
Layer layer1.0.conv2.weight: 1/64 channels masked
Layer layer1.1.conv1.weight: 1/64 channels masked
Layer layer2.0.conv2.weight: 3/128 channels masked
Layer layer2.0.downsample.0.weight: 4/128 channels masked
Layer layer2.1.conv2.weight: 1/128 channels masked
Layer layer3.0.downsample.0.weight: 5/256 channels masked
Layer layer4.0.conv1.weight: 2/512 channels masked
Layer layer4.0.conv2.weight: 51/512 channels masked
Layer layer4.0.downsample.0.weight: 104/512 channels masked
Layer layer4.1.conv1.weight: 1/512 channels masked
Layer layer4.1.conv2.weight: 29/512 channels masked
------------------------- time cost ------------------------- 7.82033109664917

-------------Round number: 60-------------

Evaluate personalized models
Averaged Train Loss: 0.7669
Averaged Test Accurancy: 0.6761
Averaged Test AUC: 0.9393
Std Test Accurancy: 0.1094
Std Test AUC: 0.0294
ASR: 0.0032913945180884524
attack_auc: 0.3924847131090951
Layer layer1.0.conv2.weight: 1/64 channels masked
Layer layer1.1.conv1.weight: 1/64 channels masked
Layer layer2.0.conv2.weight: 3/128 channels masked
Layer layer2.0.downsample.0.weight: 4/128 channels masked
Layer layer2.1.conv2.weight: 1/128 channels masked
Layer layer3.0.downsample.0.weight: 5/256 channels masked
Layer layer4.0.conv1.weight: 2/512 channels masked
Layer layer4.0.conv2.weight: 51/512 channels masked
Layer layer4.0.downsample.0.weight: 104/512 channels masked
Layer layer4.1.conv1.weight: 1/512 channels masked
Layer layer4.1.conv2.weight: 29/512 channels masked
------------------------- time cost ------------------------- 16.129679679870605
ASR: 0.005139478922823473
attack_auc: 0.3960741332733004
Layer layer1.0.conv2.weight: 1/64 channels masked
Layer layer1.1.conv1.weight: 1/64 channels masked
Layer layer2.0.conv2.weight: 3/128 channels masked
Layer layer2.0.downsample.0.weight: 4/128 channels masked
Layer layer2.1.conv2.weight: 1/128 channels masked
Layer layer3.0.downsample.0.weight: 5/256 channels masked
Layer layer4.0.conv1.weight: 2/512 channels masked
Layer layer4.0.conv2.weight: 51/512 channels masked
Layer layer4.0.downsample.0.weight: 103/512 channels masked
Layer layer4.1.conv1.weight: 1/512 channels masked
Layer layer4.1.conv2.weight: 29/512 channels masked
------------------------- time cost ------------------------- 9.39753246307373
ASR: 0.0040881706714899655
attack_auc: 0.3881802636453117
Layer layer1.0.conv2.weight: 1/64 channels masked
Layer layer1.1.conv1.weight: 1/64 channels masked
Layer layer2.0.conv2.weight: 3/128 channels masked
Layer layer2.0.downsample.0.weight: 4/128 channels masked
Layer layer2.1.conv2.weight: 1/128 channels masked
Layer layer3.0.downsample.0.weight: 5/256 channels masked
Layer layer4.0.conv1.weight: 2/512 channels masked
Layer layer4.0.conv2.weight: 48/512 channels masked
Layer layer4.0.downsample.0.weight: 104/512 channels masked
Layer layer4.1.conv1.weight: 1/512 channels masked
Layer layer4.1.conv2.weight: 29/512 channels masked
------------------------- time cost ------------------------- 8.151021957397461
ASR: 0.004652506180681463
attack_auc: 0.39247854875926863
Layer layer1.0.conv2.weight: 1/64 channels masked
Layer layer1.1.conv1.weight: 1/64 channels masked
Layer layer2.0.conv2.weight: 3/128 channels masked
Layer layer2.0.downsample.0.weight: 4/128 channels masked
Layer layer2.1.conv2.weight: 1/128 channels masked
Layer layer3.0.downsample.0.weight: 5/256 channels masked
Layer layer4.0.conv1.weight: 2/512 channels masked
Layer layer4.0.conv2.weight: 49/512 channels masked
Layer layer4.0.downsample.0.weight: 105/512 channels masked
Layer layer4.1.conv1.weight: 1/512 channels masked
Layer layer4.1.conv2.weight: 29/512 channels masked
------------------------- time cost ------------------------- 9.432472229003906
ASR: 0.004063263875886538
attack_auc: 0.38252341117839944
Layer layer1.0.conv2.weight: 1/64 channels masked
Layer layer1.1.conv1.weight: 1/64 channels masked
Layer layer2.0.conv2.weight: 3/128 channels masked
Layer layer2.0.downsample.0.weight: 4/128 channels masked
Layer layer2.1.conv2.weight: 1/128 channels masked
Layer layer3.0.downsample.0.weight: 5/256 channels masked
Layer layer4.0.conv1.weight: 2/512 channels masked
Layer layer4.0.conv2.weight: 49/512 channels masked
Layer layer4.0.downsample.0.weight: 106/512 channels masked
Layer layer4.1.conv1.weight: 1/512 channels masked
Layer layer4.1.conv2.weight: 29/512 channels masked
------------------------- time cost ------------------------- 7.73690938949585
ASR: 0.006071183778710972
attack_auc: 0.38019420716557645
Layer layer1.0.conv2.weight: 1/64 channels masked
Layer layer1.1.conv1.weight: 1/64 channels masked
Layer layer2.0.conv2.weight: 3/128 channels masked
Layer layer2.0.downsample.0.weight: 4/128 channels masked
Layer layer2.1.conv2.weight: 1/128 channels masked
Layer layer3.0.downsample.0.weight: 5/256 channels masked
Layer layer4.0.conv1.weight: 2/512 channels masked
Layer layer4.0.conv2.weight: 49/512 channels masked
Layer layer4.0.downsample.0.weight: 105/512 channels masked
Layer layer4.1.conv1.weight: 1/512 channels masked
Layer layer4.1.conv2.weight: 29/512 channels masked
------------------------- time cost ------------------------- 8.50985074043274
ASR: 0.0037565102220594873
attack_auc: 0.38896170743706066
Layer layer1.0.conv2.weight: 1/64 channels masked
Layer layer1.1.conv1.weight: 1/64 channels masked
Layer layer2.0.conv2.weight: 3/128 channels masked
Layer layer2.0.downsample.0.weight: 4/128 channels masked
Layer layer2.1.conv2.weight: 1/128 channels masked
Layer layer3.0.downsample.0.weight: 5/256 channels masked
Layer layer4.0.conv1.weight: 2/512 channels masked
Layer layer4.0.conv2.weight: 49/512 channels masked
Layer layer4.0.downsample.0.weight: 106/512 channels masked
Layer layer4.1.conv1.weight: 1/512 channels masked
Layer layer4.1.conv2.weight: 30/512 channels masked
------------------------- time cost ------------------------- 9.083552598953247
ASR: 0.0036632159424536638
attack_auc: 0.38532348588631454
Layer layer1.0.conv2.weight: 1/64 channels masked
Layer layer1.1.conv1.weight: 1/64 channels masked
Layer layer2.0.conv2.weight: 3/128 channels masked
Layer layer2.0.downsample.0.weight: 4/128 channels masked
Layer layer2.1.conv2.weight: 1/128 channels masked
Layer layer3.0.downsample.0.weight: 5/256 channels masked
Layer layer4.0.conv1.weight: 2/512 channels masked
Layer layer4.0.conv2.weight: 50/512 channels masked
Layer layer4.0.downsample.0.weight: 106/512 channels masked
Layer layer4.1.conv1.weight: 2/512 channels masked
Layer layer4.1.conv2.weight: 31/512 channels masked
------------------------- time cost ------------------------- 7.877928256988525
ASR: 0.003484361838563876
attack_auc: 0.39912780780024154
Layer layer1.0.conv2.weight: 1/64 channels masked
Layer layer1.1.conv1.weight: 1/64 channels masked
Layer layer2.0.conv2.weight: 3/128 channels masked
Layer layer2.0.downsample.0.weight: 4/128 channels masked
Layer layer2.1.conv2.weight: 1/128 channels masked
Layer layer3.0.downsample.0.weight: 5/256 channels masked
Layer layer4.0.conv1.weight: 2/512 channels masked
Layer layer4.0.conv2.weight: 50/512 channels masked
Layer layer4.0.downsample.0.weight: 105/512 channels masked
Layer layer4.1.conv1.weight: 2/512 channels masked
Layer layer4.1.conv2.weight: 31/512 channels masked
------------------------- time cost ------------------------- 7.7624359130859375
ASR: 0.003006778992559977
attack_auc: 0.4019304904137727
Layer layer1.0.conv2.weight: 1/64 channels masked
Layer layer1.1.conv1.weight: 1/64 channels masked
Layer layer2.0.conv2.weight: 3/128 channels masked
Layer layer2.0.downsample.0.weight: 4/128 channels masked
Layer layer2.1.conv2.weight: 1/128 channels masked
Layer layer3.0.downsample.0.weight: 5/256 channels masked
Layer layer4.0.conv1.weight: 2/512 channels masked
Layer layer4.0.conv2.weight: 50/512 channels masked
Layer layer4.0.downsample.0.weight: 104/512 channels masked
Layer layer4.1.conv1.weight: 2/512 channels masked
Layer layer4.1.conv2.weight: 31/512 channels masked
------------------------- time cost ------------------------- 8.806254386901855

-------------Round number: 70-------------

Evaluate personalized models
Averaged Train Loss: 0.7216
Averaged Test Accurancy: 0.6916
Averaged Test AUC: 0.9427
Std Test Accurancy: 0.1000
Std Test AUC: 0.0277
ASR: 0.0012886765469033521
attack_auc: 0.39801587336196326
Layer layer1.0.conv2.weight: 1/64 channels masked
Layer layer1.1.conv1.weight: 1/64 channels masked
Layer layer2.0.conv2.weight: 3/128 channels masked
Layer layer2.0.downsample.0.weight: 4/128 channels masked
Layer layer2.1.conv2.weight: 1/128 channels masked
Layer layer3.0.downsample.0.weight: 5/256 channels masked
Layer layer4.0.conv1.weight: 2/512 channels masked
Layer layer4.0.conv2.weight: 51/512 channels masked
Layer layer4.0.downsample.0.weight: 105/512 channels masked
Layer layer4.1.conv1.weight: 2/512 channels masked
Layer layer4.1.conv2.weight: 31/512 channels masked
------------------------- time cost ------------------------- 16.522143840789795
ASR: 0.003272417031642992
attack_auc: 0.4094184351438783
Layer layer1.0.conv2.weight: 1/64 channels masked
Layer layer1.1.conv1.weight: 1/64 channels masked
Layer layer2.0.conv2.weight: 3/128 channels masked
Layer layer2.0.downsample.0.weight: 4/128 channels masked
Layer layer2.1.conv2.weight: 1/128 channels masked
Layer layer3.0.downsample.0.weight: 5/256 channels masked
Layer layer4.0.conv1.weight: 2/512 channels masked
Layer layer4.0.conv2.weight: 51/512 channels masked
Layer layer4.0.downsample.0.weight: 103/512 channels masked
Layer layer4.1.conv1.weight: 2/512 channels masked
Layer layer4.1.conv2.weight: 31/512 channels masked
------------------------- time cost ------------------------- 9.131597757339478
ASR: 0.0027812861610187582
attack_auc: 0.41639727085403566
Layer layer1.0.conv2.weight: 1/64 channels masked
Layer layer1.1.conv1.weight: 1/64 channels masked
Layer layer2.0.conv2.weight: 3/128 channels masked
Layer layer2.0.downsample.0.weight: 4/128 channels masked
Layer layer2.1.conv2.weight: 1/128 channels masked
Layer layer3.0.downsample.0.weight: 5/256 channels masked
Layer layer4.0.conv1.weight: 2/512 channels masked
Layer layer4.0.conv2.weight: 52/512 channels masked
Layer layer4.0.downsample.0.weight: 105/512 channels masked
Layer layer4.1.conv1.weight: 2/512 channels masked
Layer layer4.1.conv2.weight: 31/512 channels masked
------------------------- time cost ------------------------- 7.897411108016968
ASR: 0.003204566118995429
attack_auc: 0.4384528851369917
Layer layer1.0.conv2.weight: 1/64 channels masked
Layer layer1.1.conv1.weight: 1/64 channels masked
Layer layer2.0.conv2.weight: 3/128 channels masked
Layer layer2.0.downsample.0.weight: 4/128 channels masked
Layer layer2.1.conv2.weight: 1/128 channels masked
Layer layer3.0.downsample.0.weight: 5/256 channels masked
Layer layer4.0.conv1.weight: 2/512 channels masked
Layer layer4.0.conv2.weight: 53/512 channels masked
Layer layer4.0.downsample.0.weight: 105/512 channels masked
Layer layer4.1.conv1.weight: 2/512 channels masked
Layer layer4.1.conv2.weight: 31/512 channels masked
------------------------- time cost ------------------------- 8.4356849193573
ASR: 0.0035363780080410194
attack_auc: 0.436854576756684
Layer layer1.0.conv2.weight: 1/64 channels masked
Layer layer1.1.conv1.weight: 1/64 channels masked
Layer layer2.0.conv2.weight: 3/128 channels masked
Layer layer2.0.downsample.0.weight: 4/128 channels masked
Layer layer2.1.conv2.weight: 1/128 channels masked
Layer layer3.0.downsample.0.weight: 5/256 channels masked
Layer layer4.0.conv1.weight: 2/512 channels masked
Layer layer4.0.conv2.weight: 53/512 channels masked
Layer layer4.0.downsample.0.weight: 105/512 channels masked
Layer layer4.1.conv1.weight: 2/512 channels masked
Layer layer4.1.conv2.weight: 31/512 channels masked
------------------------- time cost ------------------------- 8.728034734725952
ASR: 0.003272689554045615
attack_auc: 0.42386470961213246
Layer layer1.0.conv2.weight: 1/64 channels masked
Layer layer1.1.conv1.weight: 1/64 channels masked
Layer layer2.0.conv2.weight: 3/128 channels masked
Layer layer2.0.downsample.0.weight: 4/128 channels masked
Layer layer2.1.conv2.weight: 1/128 channels masked
Layer layer3.0.downsample.0.weight: 5/256 channels masked
Layer layer4.0.conv1.weight: 2/512 channels masked
Layer layer4.0.conv2.weight: 53/512 channels masked
Layer layer4.0.downsample.0.weight: 106/512 channels masked
Layer layer4.1.conv1.weight: 2/512 channels masked
Layer layer4.1.conv2.weight: 31/512 channels masked
------------------------- time cost ------------------------- 7.632440805435181
ASR: 0.002049858704114852
attack_auc: 0.42504983180032524
Layer conv1.weight: 1/64 channels masked
Layer layer1.0.conv2.weight: 1/64 channels masked
Layer layer1.1.conv1.weight: 1/64 channels masked
Layer layer2.0.conv2.weight: 3/128 channels masked
Layer layer2.0.downsample.0.weight: 4/128 channels masked
Layer layer2.1.conv2.weight: 1/128 channels masked
Layer layer3.0.downsample.0.weight: 5/256 channels masked
Layer layer4.0.conv1.weight: 2/512 channels masked
Layer layer4.0.conv2.weight: 55/512 channels masked
Layer layer4.0.downsample.0.weight: 106/512 channels masked
Layer layer4.1.conv1.weight: 2/512 channels masked
Layer layer4.1.conv2.weight: 31/512 channels masked
------------------------- time cost ------------------------- 8.306537389755249
ASR: 0.0019261919286517985
attack_auc: 0.43339883120439604
Layer conv1.weight: 1/64 channels masked
Layer layer1.0.conv2.weight: 1/64 channels masked
Layer layer1.1.conv1.weight: 1/64 channels masked
Layer layer2.0.conv2.weight: 3/128 channels masked
Layer layer2.0.downsample.0.weight: 4/128 channels masked
Layer layer2.1.conv2.weight: 1/128 channels masked
Layer layer3.0.downsample.0.weight: 5/256 channels masked
Layer layer4.0.conv1.weight: 2/512 channels masked
Layer layer4.0.conv2.weight: 55/512 channels masked
Layer layer4.0.downsample.0.weight: 107/512 channels masked
Layer layer4.1.conv1.weight: 2/512 channels masked
Layer layer4.1.conv2.weight: 31/512 channels masked
------------------------- time cost ------------------------- 8.724675178527832
ASR: 0.00466010680335436
attack_auc: 0.46320392461010224
Layer conv1.weight: 1/64 channels masked
Layer layer1.0.conv2.weight: 1/64 channels masked
Layer layer1.1.conv1.weight: 1/64 channels masked
Layer layer2.0.conv2.weight: 3/128 channels masked
Layer layer2.0.downsample.0.weight: 4/128 channels masked
Layer layer2.1.conv2.weight: 1/128 channels masked
Layer layer3.0.downsample.0.weight: 5/256 channels masked
Layer layer4.0.conv1.weight: 2/512 channels masked
Layer layer4.0.conv2.weight: 55/512 channels masked
Layer layer4.0.downsample.0.weight: 108/512 channels masked
Layer layer4.1.conv1.weight: 2/512 channels masked
Layer layer4.1.conv2.weight: 31/512 channels masked
------------------------- time cost ------------------------- 8.901275873184204
ASR: 0.002649432192972226
attack_auc: 0.455442509274322
Layer conv1.weight: 1/64 channels masked
Layer layer1.0.conv2.weight: 1/64 channels masked
Layer layer1.1.conv1.weight: 1/64 channels masked
Layer layer2.0.conv2.weight: 3/128 channels masked
Layer layer2.0.downsample.0.weight: 4/128 channels masked
Layer layer2.1.conv2.weight: 1/128 channels masked
Layer layer3.0.downsample.0.weight: 5/256 channels masked
Layer layer4.0.conv1.weight: 2/512 channels masked
Layer layer4.0.conv2.weight: 57/512 channels masked
Layer layer4.0.downsample.0.weight: 112/512 channels masked
Layer layer4.1.conv1.weight: 2/512 channels masked
Layer layer4.1.conv2.weight: 32/512 channels masked
------------------------- time cost ------------------------- 8.103687763214111

-------------Round number: 80-------------

Evaluate personalized models
Averaged Train Loss: 0.6651
Averaged Test Accurancy: 0.6978
Averaged Test AUC: 0.9432
Std Test Accurancy: 0.1076
Std Test AUC: 0.0315
ASR: 0.003688878864114665
attack_auc: 0.4569932023410029
Layer conv1.weight: 1/64 channels masked
Layer layer1.0.conv2.weight: 1/64 channels masked
Layer layer1.1.conv1.weight: 1/64 channels masked
Layer layer2.0.conv2.weight: 3/128 channels masked
Layer layer2.0.downsample.0.weight: 4/128 channels masked
Layer layer2.1.conv2.weight: 1/128 channels masked
Layer layer3.0.downsample.0.weight: 5/256 channels masked
Layer layer4.0.conv1.weight: 2/512 channels masked
Layer layer4.0.conv2.weight: 57/512 channels masked
Layer layer4.0.downsample.0.weight: 113/512 channels masked
Layer layer4.1.conv1.weight: 2/512 channels masked
Layer layer4.1.conv2.weight: 33/512 channels masked
------------------------- time cost ------------------------- 15.936961650848389
ASR: 0.002104325127597166
attack_auc: 0.47019465166743846
Layer conv1.weight: 1/64 channels masked
Layer layer1.0.conv2.weight: 1/64 channels masked
Layer layer1.1.conv1.weight: 1/64 channels masked
Layer layer2.0.conv2.weight: 3/128 channels masked
Layer layer2.0.downsample.0.weight: 4/128 channels masked
Layer layer2.1.conv2.weight: 1/128 channels masked
Layer layer3.0.downsample.0.weight: 5/256 channels masked
Layer layer4.0.conv1.weight: 2/512 channels masked
Layer layer4.0.conv2.weight: 58/512 channels masked
Layer layer4.0.downsample.0.weight: 113/512 channels masked
Layer layer4.1.conv1.weight: 2/512 channels masked
Layer layer4.1.conv2.weight: 34/512 channels masked
------------------------- time cost ------------------------- 8.710589408874512
ASR: 0.006706414577705878
attack_auc: 0.4851533153281442
Layer conv1.weight: 1/64 channels masked
Layer layer1.0.conv2.weight: 1/64 channels masked
Layer layer1.1.conv1.weight: 1/64 channels masked
Layer layer2.0.conv2.weight: 3/128 channels masked
Layer layer2.0.downsample.0.weight: 4/128 channels masked
Layer layer2.1.conv2.weight: 1/128 channels masked
Layer layer3.0.downsample.0.weight: 5/256 channels masked
Layer layer4.0.conv1.weight: 2/512 channels masked
Layer layer4.0.conv2.weight: 58/512 channels masked
Layer layer4.0.downsample.0.weight: 113/512 channels masked
Layer layer4.1.conv1.weight: 2/512 channels masked
Layer layer4.1.conv2.weight: 34/512 channels masked
------------------------- time cost ------------------------- 8.680586576461792
ASR: 0.007105468707178776
attack_auc: 0.4752091704672043
Layer conv1.weight: 1/64 channels masked
Layer layer1.0.conv2.weight: 1/64 channels masked
Layer layer1.1.conv1.weight: 1/64 channels masked
Layer layer2.0.conv2.weight: 3/128 channels masked
Layer layer2.0.downsample.0.weight: 4/128 channels masked
Layer layer2.1.conv2.weight: 1/128 channels masked
Layer layer3.0.downsample.0.weight: 5/256 channels masked
Layer layer4.0.conv1.weight: 2/512 channels masked
Layer layer4.0.conv2.weight: 59/512 channels masked
Layer layer4.0.downsample.0.weight: 113/512 channels masked
Layer layer4.1.conv1.weight: 2/512 channels masked
Layer layer4.1.conv2.weight: 34/512 channels masked
------------------------- time cost ------------------------- 7.989725589752197
ASR: 0.003206895258010489
attack_auc: 0.4651553874565216
Layer conv1.weight: 1/64 channels masked
Layer layer1.0.conv2.weight: 1/64 channels masked
Layer layer1.1.conv1.weight: 1/64 channels masked
Layer layer2.0.conv2.weight: 3/128 channels masked
Layer layer2.0.downsample.0.weight: 4/128 channels masked
Layer layer2.1.conv2.weight: 1/128 channels masked
Layer layer3.0.downsample.0.weight: 5/256 channels masked
Layer layer4.0.conv1.weight: 2/512 channels masked
Layer layer4.0.conv2.weight: 58/512 channels masked
Layer layer4.0.downsample.0.weight: 114/512 channels masked
Layer layer4.1.conv1.weight: 2/512 channels masked
Layer layer4.1.conv2.weight: 34/512 channels masked
------------------------- time cost ------------------------- 7.979790687561035
ASR: 0.00442748116650946
attack_auc: 0.4727412626926632
Layer conv1.weight: 1/64 channels masked
Layer layer1.0.conv2.weight: 1/64 channels masked
Layer layer1.1.conv1.weight: 1/64 channels masked
Layer layer2.0.conv2.weight: 3/128 channels masked
Layer layer2.0.downsample.0.weight: 4/128 channels masked
Layer layer2.1.conv2.weight: 1/128 channels masked
Layer layer3.0.downsample.0.weight: 5/256 channels masked
Layer layer4.0.conv1.weight: 1/512 channels masked
Layer layer4.0.conv2.weight: 58/512 channels masked
Layer layer4.0.downsample.0.weight: 116/512 channels masked
Layer layer4.1.conv1.weight: 2/512 channels masked
Layer layer4.1.conv2.weight: 34/512 channels masked
------------------------- time cost ------------------------- 8.438815116882324
ASR: 0.005024773875531043
attack_auc: 0.4496106028055501
Layer conv1.weight: 1/64 channels masked
Layer layer1.0.conv2.weight: 1/64 channels masked
Layer layer1.1.conv1.weight: 1/64 channels masked
Layer layer2.0.conv2.weight: 3/128 channels masked
Layer layer2.0.downsample.0.weight: 4/128 channels masked
Layer layer2.1.conv2.weight: 1/128 channels masked
Layer layer3.0.downsample.0.weight: 5/256 channels masked
Layer layer4.0.conv1.weight: 1/512 channels masked
Layer layer4.0.conv2.weight: 57/512 channels masked
Layer layer4.0.downsample.0.weight: 116/512 channels masked
Layer layer4.1.conv1.weight: 2/512 channels masked
Layer layer4.1.conv2.weight: 34/512 channels masked
------------------------- time cost ------------------------- 8.086452007293701
ASR: 0.004187162004906352
attack_auc: 0.48495484785280546
Layer conv1.weight: 1/64 channels masked
Layer layer1.0.conv2.weight: 1/64 channels masked
Layer layer1.1.conv1.weight: 1/64 channels masked
Layer layer2.0.conv2.weight: 3/128 channels masked
Layer layer2.0.downsample.0.weight: 4/128 channels masked
Layer layer2.1.conv2.weight: 1/128 channels masked
Layer layer3.0.downsample.0.weight: 5/256 channels masked
Layer layer4.0.conv1.weight: 1/512 channels masked
Layer layer4.0.conv2.weight: 56/512 channels masked
Layer layer4.0.downsample.0.weight: 115/512 channels masked
Layer layer4.1.conv1.weight: 2/512 channels masked
Layer layer4.1.conv2.weight: 34/512 channels masked
------------------------- time cost ------------------------- 7.783357381820679
ASR: 0.007420769772343998
attack_auc: 0.5029098152384373
Layer layer1.0.conv2.weight: 1/64 channels masked
Layer layer1.1.conv1.weight: 1/64 channels masked
Layer layer2.0.conv2.weight: 3/128 channels masked
Layer layer2.0.downsample.0.weight: 4/128 channels masked
Layer layer2.1.conv2.weight: 1/128 channels masked
Layer layer3.0.downsample.0.weight: 5/256 channels masked
Layer layer4.0.conv1.weight: 1/512 channels masked
Layer layer4.0.conv2.weight: 56/512 channels masked
Layer layer4.0.downsample.0.weight: 115/512 channels masked
Layer layer4.1.conv1.weight: 2/512 channels masked
Layer layer4.1.conv2.weight: 34/512 channels masked
------------------------- time cost ------------------------- 7.717139720916748
ASR: 0.007072882280069853
attack_auc: 0.49745192103035335
Layer layer1.0.conv2.weight: 1/64 channels masked
Layer layer1.1.conv1.weight: 1/64 channels masked
Layer layer2.0.conv2.weight: 3/128 channels masked
Layer layer2.0.downsample.0.weight: 4/128 channels masked
Layer layer2.1.conv2.weight: 1/128 channels masked
Layer layer3.0.downsample.0.weight: 5/256 channels masked
Layer layer4.0.conv1.weight: 1/512 channels masked
Layer layer4.0.conv2.weight: 57/512 channels masked
Layer layer4.0.downsample.0.weight: 116/512 channels masked
Layer layer4.1.conv1.weight: 2/512 channels masked
Layer layer4.1.conv2.weight: 34/512 channels masked
------------------------- time cost ------------------------- 8.10147213935852

-------------Round number: 90-------------

Evaluate personalized models
Averaged Train Loss: 0.6576
Averaged Test Accurancy: 0.7093
Averaged Test AUC: 0.9454
Std Test Accurancy: 0.1071
Std Test AUC: 0.0319
ASR: 0.006512277243304927
attack_auc: 0.48250293495755847
Layer layer1.0.conv2.weight: 1/64 channels masked
Layer layer1.1.conv1.weight: 1/64 channels masked
Layer layer2.0.conv2.weight: 3/128 channels masked
Layer layer2.0.downsample.0.weight: 4/128 channels masked
Layer layer2.1.conv2.weight: 1/128 channels masked
Layer layer3.0.downsample.0.weight: 5/256 channels masked
Layer layer4.0.conv1.weight: 1/512 channels masked
Layer layer4.0.conv2.weight: 58/512 channels masked
Layer layer4.0.downsample.0.weight: 117/512 channels masked
Layer layer4.1.conv1.weight: 2/512 channels masked
Layer layer4.1.conv2.weight: 34/512 channels masked
------------------------- time cost ------------------------- 15.31893014907837
ASR: 0.004311499302381977
attack_auc: 0.47563167867117584
Layer layer1.0.conv2.weight: 1/64 channels masked
Layer layer1.1.conv1.weight: 1/64 channels masked
Layer layer2.0.conv2.weight: 3/128 channels masked
Layer layer2.0.downsample.0.weight: 4/128 channels masked
Layer layer2.1.conv2.weight: 1/128 channels masked
Layer layer3.0.downsample.0.weight: 5/256 channels masked
Layer layer4.0.conv1.weight: 1/512 channels masked
Layer layer4.0.conv2.weight: 59/512 channels masked
Layer layer4.0.downsample.0.weight: 118/512 channels masked
Layer layer4.1.conv1.weight: 2/512 channels masked
Layer layer4.1.conv2.weight: 34/512 channels masked
------------------------- time cost ------------------------- 8.37738585472107
ASR: 0.008445401759267935
attack_auc: 0.48844286376346613
Layer layer1.0.conv2.weight: 1/64 channels masked
Layer layer1.1.conv1.weight: 1/64 channels masked
Layer layer2.0.conv2.weight: 3/128 channels masked
Layer layer2.0.downsample.0.weight: 4/128 channels masked
Layer layer2.1.conv2.weight: 1/128 channels masked
Layer layer3.0.downsample.0.weight: 5/256 channels masked
Layer layer4.0.conv1.weight: 1/512 channels masked
Layer layer4.0.conv2.weight: 61/512 channels masked
Layer layer4.0.downsample.0.weight: 117/512 channels masked
Layer layer4.1.conv1.weight: 2/512 channels masked
Layer layer4.1.conv2.weight: 34/512 channels masked
------------------------- time cost ------------------------- 8.687873363494873
ASR: 0.007270678567105344
attack_auc: 0.4773449234249732
Layer layer1.0.conv2.weight: 1/64 channels masked
Layer layer1.1.conv1.weight: 1/64 channels masked
Layer layer2.0.conv2.weight: 3/128 channels masked
Layer layer2.0.downsample.0.weight: 4/128 channels masked
Layer layer2.1.conv2.weight: 1/128 channels masked
Layer layer3.0.downsample.0.weight: 5/256 channels masked
Layer layer4.0.conv1.weight: 1/512 channels masked
Layer layer4.0.conv2.weight: 61/512 channels masked
Layer layer4.0.downsample.0.weight: 117/512 channels masked
Layer layer4.1.conv1.weight: 2/512 channels masked
Layer layer4.1.conv2.weight: 34/512 channels masked
------------------------- time cost ------------------------- 7.576482772827148
ASR: 0.006190703355477716
attack_auc: 0.45289771951801067
Layer layer1.0.conv2.weight: 1/64 channels masked
Layer layer1.1.conv1.weight: 1/64 channels masked
Layer layer2.0.conv2.weight: 3/128 channels masked
Layer layer2.0.downsample.0.weight: 4/128 channels masked
Layer layer2.1.conv2.weight: 1/128 channels masked
Layer layer3.0.downsample.0.weight: 5/256 channels masked
Layer layer4.0.conv1.weight: 1/512 channels masked
Layer layer4.0.conv2.weight: 60/512 channels masked
Layer layer4.0.downsample.0.weight: 117/512 channels masked
Layer layer4.1.conv1.weight: 2/512 channels masked
Layer layer4.1.conv2.weight: 34/512 channels masked
------------------------- time cost ------------------------- 7.808866500854492
ASR: 0.007117647336943808
attack_auc: 0.4415215451283902
Layer layer1.0.conv2.weight: 1/64 channels masked
Layer layer1.1.conv1.weight: 1/64 channels masked
Layer layer2.0.conv2.weight: 3/128 channels masked
Layer layer2.0.downsample.0.weight: 4/128 channels masked
Layer layer2.1.conv2.weight: 1/128 channels masked
Layer layer3.0.downsample.0.weight: 5/256 channels masked
Layer layer4.0.conv1.weight: 1/512 channels masked
Layer layer4.0.conv2.weight: 60/512 channels masked
Layer layer4.0.downsample.0.weight: 117/512 channels masked
Layer layer4.1.conv1.weight: 2/512 channels masked
Layer layer4.1.conv2.weight: 34/512 channels masked
------------------------- time cost ------------------------- 7.3253772258758545
ASR: 0.009585117827220185
attack_auc: 0.46346089684664693
Layer layer1.0.conv2.weight: 1/64 channels masked
Layer layer1.1.conv1.weight: 1/64 channels masked
Layer layer2.0.conv2.weight: 3/128 channels masked
Layer layer2.0.downsample.0.weight: 4/128 channels masked
Layer layer2.1.conv2.weight: 1/128 channels masked
Layer layer3.0.downsample.0.weight: 5/256 channels masked
Layer layer4.0.conv1.weight: 1/512 channels masked
Layer layer4.0.conv2.weight: 61/512 channels masked
Layer layer4.0.downsample.0.weight: 118/512 channels masked
Layer layer4.1.conv1.weight: 2/512 channels masked
Layer layer4.1.conv2.weight: 35/512 channels masked
------------------------- time cost ------------------------- 8.173415899276733
ASR: 0.007603676656865966
attack_auc: 0.47230423515663544
Layer layer1.0.conv2.weight: 1/64 channels masked
Layer layer1.1.conv1.weight: 1/64 channels masked
Layer layer2.0.conv2.weight: 3/128 channels masked
Layer layer2.0.downsample.0.weight: 4/128 channels masked
Layer layer2.1.conv2.weight: 1/128 channels masked
Layer layer3.0.downsample.0.weight: 5/256 channels masked
Layer layer4.0.conv1.weight: 1/512 channels masked
Layer layer4.0.conv2.weight: 61/512 channels masked
Layer layer4.0.downsample.0.weight: 118/512 channels masked
Layer layer4.1.conv1.weight: 2/512 channels masked
Layer layer4.1.conv2.weight: 35/512 channels masked
------------------------- time cost ------------------------- 8.447909116744995
ASR: 0.006623655530627167
attack_auc: 0.4592257050238406
Layer layer1.0.conv2.weight: 1/64 channels masked
Layer layer1.1.conv1.weight: 1/64 channels masked
Layer layer2.0.conv2.weight: 3/128 channels masked
Layer layer2.0.downsample.0.weight: 4/128 channels masked
Layer layer2.1.conv2.weight: 1/128 channels masked
Layer layer3.0.downsample.0.weight: 5/256 channels masked
Layer layer4.0.conv1.weight: 1/512 channels masked
Layer layer4.0.conv2.weight: 61/512 channels masked
Layer layer4.0.downsample.0.weight: 119/512 channels masked
Layer layer4.1.conv1.weight: 2/512 channels masked
Layer layer4.1.conv2.weight: 35/512 channels masked
------------------------- time cost ------------------------- 6.892676591873169
ASR: 0.007757363140481311
attack_auc: 0.4628553912494842
Layer layer1.0.conv2.weight: 1/64 channels masked
Layer layer1.1.conv1.weight: 1/64 channels masked
Layer layer2.0.conv2.weight: 3/128 channels masked
Layer layer2.0.downsample.0.weight: 4/128 channels masked
Layer layer2.1.conv2.weight: 1/128 channels masked
Layer layer3.0.downsample.0.weight: 5/256 channels masked
Layer layer4.0.conv1.weight: 1/512 channels masked
Layer layer4.0.conv2.weight: 61/512 channels masked
Layer layer4.0.downsample.0.weight: 119/512 channels masked
Layer layer4.1.conv1.weight: 2/512 channels masked
Layer layer4.1.conv2.weight: 35/512 channels masked
------------------------- time cost ------------------------- 8.870397567749023

-------------Round number: 100-------------

Evaluate personalized models
Averaged Train Loss: 0.5984
Averaged Test Accurancy: 0.7113
Averaged Test AUC: 0.9468
Std Test Accurancy: 0.0962
Std Test AUC: 0.0245
ASR: 0.011805595285573138
attack_auc: 0.4806895003959846
Layer layer1.0.conv2.weight: 1/64 channels masked
Layer layer1.1.conv1.weight: 1/64 channels masked
Layer layer2.0.conv2.weight: 3/128 channels masked
Layer layer2.0.downsample.0.weight: 4/128 channels masked
Layer layer2.1.conv2.weight: 1/128 channels masked
Layer layer3.0.downsample.0.weight: 5/256 channels masked
Layer layer4.0.conv1.weight: 1/512 channels masked
Layer layer4.0.conv2.weight: 61/512 channels masked
Layer layer4.0.downsample.0.weight: 120/512 channels masked
Layer layer4.1.conv1.weight: 2/512 channels masked
Layer layer4.1.conv2.weight: 37/512 channels masked
------------------------- time cost ------------------------- 15.901189088821411
ASR: 0.011798866398978423
attack_auc: 0.49232569170316887
Layer layer1.0.conv2.weight: 1/64 channels masked
Layer layer1.1.conv1.weight: 1/64 channels masked
Layer layer2.0.conv2.weight: 3/128 channels masked
Layer layer2.0.downsample.0.weight: 4/128 channels masked
Layer layer2.1.conv2.weight: 1/128 channels masked
Layer layer3.0.downsample.0.weight: 5/256 channels masked
Layer layer4.0.conv1.weight: 1/512 channels masked
Layer layer4.0.conv2.weight: 61/512 channels masked
Layer layer4.0.downsample.0.weight: 120/512 channels masked
Layer layer4.1.conv1.weight: 2/512 channels masked
Layer layer4.1.conv2.weight: 38/512 channels masked
------------------------- time cost ------------------------- 7.921191453933716
ASR: 0.010030104540724828
attack_auc: 0.4946865734671275
Layer layer1.0.conv2.weight: 1/64 channels masked
Layer layer1.1.conv1.weight: 1/64 channels masked
Layer layer2.0.conv2.weight: 3/128 channels masked
Layer layer2.0.downsample.0.weight: 4/128 channels masked
Layer layer2.1.conv2.weight: 1/128 channels masked
Layer layer3.0.downsample.0.weight: 5/256 channels masked
Layer layer4.0.conv1.weight: 1/512 channels masked
Layer layer4.0.conv2.weight: 61/512 channels masked
Layer layer4.0.downsample.0.weight: 121/512 channels masked
Layer layer4.1.conv1.weight: 2/512 channels masked
Layer layer4.1.conv2.weight: 38/512 channels masked
------------------------- time cost ------------------------- 7.8847057819366455
ASR: 0.008095514255800051
attack_auc: 0.4889238706431266
Layer layer1.0.conv2.weight: 1/64 channels masked
Layer layer1.1.conv1.weight: 1/64 channels masked
Layer layer2.0.conv2.weight: 3/128 channels masked
Layer layer2.0.downsample.0.weight: 4/128 channels masked
Layer layer2.1.conv2.weight: 1/128 channels masked
Layer layer3.0.downsample.0.weight: 5/256 channels masked
Layer layer4.0.conv1.weight: 1/512 channels masked
Layer layer4.0.conv2.weight: 61/512 channels masked
Layer layer4.0.downsample.0.weight: 121/512 channels masked
Layer layer4.1.conv1.weight: 2/512 channels masked
Layer layer4.1.conv2.weight: 38/512 channels masked
------------------------- time cost ------------------------- 7.690775156021118
ASR: 0.009262777040938523
attack_auc: 0.5034917903745662
Layer layer1.0.conv2.weight: 1/64 channels masked
Layer layer1.1.conv1.weight: 1/64 channels masked
Layer layer2.0.conv2.weight: 3/128 channels masked
Layer layer2.0.downsample.0.weight: 4/128 channels masked
Layer layer2.1.conv2.weight: 1/128 channels masked
Layer layer3.0.downsample.0.weight: 5/256 channels masked
Layer layer4.0.conv1.weight: 1/512 channels masked
Layer layer4.0.conv2.weight: 61/512 channels masked
Layer layer4.0.downsample.0.weight: 121/512 channels masked
Layer layer4.1.conv1.weight: 2/512 channels masked
Layer layer4.1.conv2.weight: 38/512 channels masked
------------------------- time cost ------------------------- 8.373769760131836
ASR: 0.007786180390922771
attack_auc: 0.48927573471067226
Layer layer1.0.conv2.weight: 1/64 channels masked
Layer layer1.1.conv1.weight: 1/64 channels masked
Layer layer2.0.conv2.weight: 3/128 channels masked
Layer layer2.0.downsample.0.weight: 4/128 channels masked
Layer layer2.1.conv2.weight: 1/128 channels masked
Layer layer3.0.downsample.0.weight: 5/256 channels masked
Layer layer4.0.conv1.weight: 1/512 channels masked
Layer layer4.0.conv2.weight: 61/512 channels masked
Layer layer4.0.downsample.0.weight: 121/512 channels masked
Layer layer4.1.conv1.weight: 2/512 channels masked
Layer layer4.1.conv2.weight: 38/512 channels masked
------------------------- time cost ------------------------- 7.5856945514678955
ASR: 0.0048197734274937395
attack_auc: 0.4752313733521161
Layer layer1.0.conv2.weight: 1/64 channels masked
Layer layer1.1.conv1.weight: 1/64 channels masked
Layer layer2.0.conv2.weight: 3/128 channels masked
Layer layer2.0.downsample.0.weight: 4/128 channels masked
Layer layer2.1.conv2.weight: 1/128 channels masked
Layer layer3.0.downsample.0.weight: 5/256 channels masked
Layer layer4.0.conv1.weight: 1/512 channels masked
Layer layer4.0.conv2.weight: 61/512 channels masked
Layer layer4.0.downsample.0.weight: 122/512 channels masked
Layer layer4.1.conv1.weight: 2/512 channels masked
Layer layer4.1.conv2.weight: 38/512 channels masked
------------------------- time cost ------------------------- 7.859289884567261
ASR: 0.008227427109303359
attack_auc: 0.5045162982442014
Layer layer1.0.conv2.weight: 1/64 channels masked
Layer layer1.1.conv1.weight: 1/64 channels masked
Layer layer2.0.conv2.weight: 3/128 channels masked
Layer layer2.0.downsample.0.weight: 4/128 channels masked
Layer layer2.1.conv2.weight: 1/128 channels masked
Layer layer3.0.downsample.0.weight: 5/256 channels masked
Layer layer4.0.conv1.weight: 1/512 channels masked
Layer layer4.0.conv2.weight: 62/512 channels masked
Layer layer4.0.downsample.0.weight: 123/512 channels masked
Layer layer4.1.conv1.weight: 2/512 channels masked
Layer layer4.1.conv2.weight: 38/512 channels masked
------------------------- time cost ------------------------- 9.078683614730835
ASR: 0.008818444893279926
attack_auc: 0.5191468946290014
Layer layer1.0.conv2.weight: 1/64 channels masked
Layer layer1.1.conv1.weight: 1/64 channels masked
Layer layer2.0.conv2.weight: 3/128 channels masked
Layer layer2.0.downsample.0.weight: 4/128 channels masked
Layer layer2.1.conv2.weight: 1/128 channels masked
Layer layer3.0.downsample.0.weight: 5/256 channels masked
Layer layer4.0.conv1.weight: 1/512 channels masked
Layer layer4.0.conv2.weight: 62/512 channels masked
Layer layer4.0.downsample.0.weight: 123/512 channels masked
Layer layer4.1.conv1.weight: 2/512 channels masked
Layer layer4.1.conv2.weight: 38/512 channels masked
------------------------- time cost ------------------------- 8.364832878112793
ASR: 0.009728698766034586
attack_auc: 0.5234236566777938
Layer layer1.0.conv2.weight: 1/64 channels masked
Layer layer1.1.conv1.weight: 1/64 channels masked
Layer layer2.0.conv2.weight: 3/128 channels masked
Layer layer2.0.downsample.0.weight: 4/128 channels masked
Layer layer2.1.conv2.weight: 1/128 channels masked
Layer layer3.0.downsample.0.weight: 5/256 channels masked
Layer layer4.0.conv1.weight: 1/512 channels masked
Layer layer4.0.conv2.weight: 62/512 channels masked
Layer layer4.0.downsample.0.weight: 123/512 channels masked
Layer layer4.1.conv1.weight: 2/512 channels masked
Layer layer4.1.conv2.weight: 38/512 channels masked
------------------------- time cost ------------------------- 8.779396057128906

-------------Round number: 110-------------

Evaluate personalized models
Averaged Train Loss: 0.5676
Averaged Test Accurancy: 0.7189
Averaged Test AUC: 0.9474
Std Test Accurancy: 0.0993
Std Test AUC: 0.0245
ASR: 0.022498746994936845
attack_auc: 0.5490335461364723
Layer layer1.0.conv2.weight: 1/64 channels masked
Layer layer1.1.conv1.weight: 1/64 channels masked
Layer layer2.0.conv2.weight: 3/128 channels masked
Layer layer2.0.downsample.0.weight: 4/128 channels masked
Layer layer2.1.conv2.weight: 1/128 channels masked
Layer layer3.0.downsample.0.weight: 5/256 channels masked
Layer layer4.0.conv1.weight: 1/512 channels masked
Layer layer4.0.conv2.weight: 62/512 channels masked
Layer layer4.0.downsample.0.weight: 123/512 channels masked
Layer layer4.1.conv1.weight: 2/512 channels masked
Layer layer4.1.conv2.weight: 38/512 channels masked
------------------------- time cost ------------------------- 17.377490282058716
ASR: 0.02193035413071666
attack_auc: 0.5164779676671265
Layer layer1.0.conv2.weight: 1/64 channels masked
Layer layer1.1.conv1.weight: 1/64 channels masked
Layer layer2.0.conv2.weight: 3/128 channels masked
Layer layer2.0.downsample.0.weight: 4/128 channels masked
Layer layer2.1.conv2.weight: 1/128 channels masked
Layer layer3.0.downsample.0.weight: 5/256 channels masked
Layer layer4.0.conv1.weight: 1/512 channels masked
Layer layer4.0.conv2.weight: 62/512 channels masked
Layer layer4.0.downsample.0.weight: 123/512 channels masked
Layer layer4.1.conv1.weight: 3/512 channels masked
Layer layer4.1.conv2.weight: 38/512 channels masked
------------------------- time cost ------------------------- 9.071986198425293
ASR: 0.020774355810073565
attack_auc: 0.5075780603247583
Layer layer1.0.conv2.weight: 1/64 channels masked
Layer layer1.1.conv1.weight: 1/64 channels masked
Layer layer2.0.conv2.weight: 3/128 channels masked
Layer layer2.0.downsample.0.weight: 4/128 channels masked
Layer layer2.1.conv2.weight: 1/128 channels masked
Layer layer3.0.downsample.0.weight: 5/256 channels masked
Layer layer4.0.conv1.weight: 1/512 channels masked
Layer layer4.0.conv2.weight: 62/512 channels masked
Layer layer4.0.downsample.0.weight: 125/512 channels masked
Layer layer4.1.conv1.weight: 3/512 channels masked
Layer layer4.1.conv2.weight: 38/512 channels masked
------------------------- time cost ------------------------- 7.588742733001709
ASR: 0.018869835090248612
attack_auc: 0.5236896426725252
Layer layer1.0.conv2.weight: 1/64 channels masked
Layer layer1.1.conv1.weight: 1/64 channels masked
Layer layer2.0.conv2.weight: 3/128 channels masked
Layer layer2.0.downsample.0.weight: 4/128 channels masked
Layer layer2.1.conv2.weight: 1/128 channels masked
Layer layer3.0.downsample.0.weight: 5/256 channels masked
Layer layer4.0.conv1.weight: 1/512 channels masked
Layer layer4.0.conv2.weight: 62/512 channels masked
Layer layer4.0.downsample.0.weight: 125/512 channels masked
Layer layer4.1.conv1.weight: 3/512 channels masked
Layer layer4.1.conv2.weight: 38/512 channels masked
------------------------- time cost ------------------------- 8.041964769363403
ASR: 0.018114035198872638
attack_auc: 0.5310493312323311
Layer layer1.0.conv2.weight: 1/64 channels masked
Layer layer1.1.conv1.weight: 1/64 channels masked
Layer layer2.0.conv2.weight: 3/128 channels masked
Layer layer2.0.downsample.0.weight: 4/128 channels masked
Layer layer2.1.conv2.weight: 1/128 channels masked
Layer layer3.0.downsample.0.weight: 5/256 channels masked
Layer layer4.0.conv1.weight: 1/512 channels masked
Layer layer4.0.conv2.weight: 62/512 channels masked
Layer layer4.0.downsample.0.weight: 125/512 channels masked
Layer layer4.1.conv1.weight: 3/512 channels masked
Layer layer4.1.conv2.weight: 38/512 channels masked
------------------------- time cost ------------------------- 9.505504369735718
ASR: 0.024249836021191084
attack_auc: 0.5331156390408325
Layer layer1.0.conv2.weight: 1/64 channels masked
Layer layer1.1.conv1.weight: 1/64 channels masked
Layer layer2.0.conv2.weight: 3/128 channels masked
Layer layer2.0.downsample.0.weight: 4/128 channels masked
Layer layer2.1.conv2.weight: 1/128 channels masked
Layer layer3.0.downsample.0.weight: 5/256 channels masked
Layer layer4.0.conv1.weight: 1/512 channels masked
Layer layer4.0.conv2.weight: 63/512 channels masked
Layer layer4.0.downsample.0.weight: 125/512 channels masked
Layer layer4.1.conv1.weight: 3/512 channels masked
Layer layer4.1.conv2.weight: 39/512 channels masked
------------------------- time cost ------------------------- 8.252952098846436
ASR: 0.023774745650124433
attack_auc: 0.547415747426858
Layer layer1.0.conv2.weight: 1/64 channels masked
Layer layer1.1.conv1.weight: 1/64 channels masked
Layer layer2.0.conv2.weight: 3/128 channels masked
Layer layer2.0.downsample.0.weight: 4/128 channels masked
Layer layer2.1.conv2.weight: 1/128 channels masked
Layer layer3.0.downsample.0.weight: 5/256 channels masked
Layer layer4.0.conv1.weight: 1/512 channels masked
Layer layer4.0.conv2.weight: 63/512 channels masked
Layer layer4.0.downsample.0.weight: 125/512 channels masked
Layer layer4.1.conv1.weight: 3/512 channels masked
Layer layer4.1.conv2.weight: 38/512 channels masked
------------------------- time cost ------------------------- 8.07912302017212
ASR: 0.02136895324907846
attack_auc: 0.5461415830293771
Layer layer1.0.conv2.weight: 1/64 channels masked
Layer layer1.1.conv1.weight: 1/64 channels masked
Layer layer2.0.conv2.weight: 3/128 channels masked
Layer layer2.0.downsample.0.weight: 4/128 channels masked
Layer layer2.1.conv2.weight: 1/128 channels masked
Layer layer3.0.downsample.0.weight: 5/256 channels masked
Layer layer4.0.conv1.weight: 1/512 channels masked
Layer layer4.0.conv2.weight: 64/512 channels masked
Layer layer4.0.downsample.0.weight: 125/512 channels masked
Layer layer4.1.conv1.weight: 3/512 channels masked
Layer layer4.1.conv2.weight: 39/512 channels masked
------------------------- time cost ------------------------- 8.810193538665771
ASR: 0.019196134869812732
attack_auc: 0.5455935429259712
Layer layer1.0.conv2.weight: 1/64 channels masked
Layer layer1.1.conv1.weight: 1/64 channels masked
Layer layer2.0.conv2.weight: 3/128 channels masked
Layer layer2.0.downsample.0.weight: 4/128 channels masked
Layer layer2.1.conv2.weight: 1/128 channels masked
Layer layer3.0.downsample.0.weight: 5/256 channels masked
Layer layer4.0.conv1.weight: 1/512 channels masked
Layer layer4.0.conv2.weight: 64/512 channels masked
Layer layer4.0.downsample.0.weight: 125/512 channels masked
Layer layer4.1.conv1.weight: 3/512 channels masked
Layer layer4.1.conv2.weight: 39/512 channels masked
------------------------- time cost ------------------------- 8.264182090759277
ASR: 0.011923126149546564
attack_auc: 0.5172745514775828
Layer layer1.0.conv2.weight: 1/64 channels masked
Layer layer1.1.conv1.weight: 1/64 channels masked
Layer layer2.0.conv2.weight: 3/128 channels masked
Layer layer2.0.downsample.0.weight: 4/128 channels masked
Layer layer2.1.conv2.weight: 1/128 channels masked
Layer layer3.0.downsample.0.weight: 5/256 channels masked
Layer layer4.0.conv1.weight: 1/512 channels masked
Layer layer4.0.conv2.weight: 64/512 channels masked
Layer layer4.0.downsample.0.weight: 125/512 channels masked
Layer layer4.1.conv1.weight: 3/512 channels masked
Layer layer4.1.conv2.weight: 39/512 channels masked
------------------------- time cost ------------------------- 8.016980648040771

-------------Round number: 120-------------

Evaluate personalized models
Averaged Train Loss: 0.5458
Averaged Test Accurancy: 0.7201
Averaged Test AUC: 0.9466
Std Test Accurancy: 0.0992
Std Test AUC: 0.0264
ASR: 0.013353442254133392
attack_auc: 0.5284539135948187
Layer layer1.0.conv2.weight: 1/64 channels masked
Layer layer1.1.conv1.weight: 1/64 channels masked
Layer layer2.0.conv2.weight: 3/128 channels masked
Layer layer2.0.downsample.0.weight: 4/128 channels masked
Layer layer2.1.conv2.weight: 1/128 channels masked
Layer layer3.0.downsample.0.weight: 5/256 channels masked
Layer layer4.0.conv1.weight: 1/512 channels masked
Layer layer4.0.conv2.weight: 64/512 channels masked
Layer layer4.0.downsample.0.weight: 125/512 channels masked
Layer layer4.1.conv1.weight: 3/512 channels masked
Layer layer4.1.conv2.weight: 39/512 channels masked
------------------------- time cost ------------------------- 17.13692855834961
ASR: 0.0189022873029154
attack_auc: 0.5467019566209128
Layer layer1.0.conv2.weight: 1/64 channels masked
Layer layer1.1.conv1.weight: 1/64 channels masked
Layer layer2.0.conv2.weight: 3/128 channels masked
Layer layer2.0.downsample.0.weight: 4/128 channels masked
Layer layer2.1.conv2.weight: 1/128 channels masked
Layer layer3.0.downsample.0.weight: 5/256 channels masked
Layer layer4.0.conv1.weight: 1/512 channels masked
Layer layer4.0.conv2.weight: 64/512 channels masked
Layer layer4.0.downsample.0.weight: 125/512 channels masked
Layer layer4.1.conv1.weight: 3/512 channels masked
Layer layer4.1.conv2.weight: 39/512 channels masked
------------------------- time cost ------------------------- 9.154366254806519
ASR: 0.018206490880591123
attack_auc: 0.5476630811741051
Layer layer1.0.conv2.weight: 1/64 channels masked
Layer layer1.1.conv1.weight: 1/64 channels masked
Layer layer2.0.conv2.weight: 3/128 channels masked
Layer layer2.0.downsample.0.weight: 4/128 channels masked
Layer layer2.1.conv2.weight: 1/128 channels masked
Layer layer3.0.downsample.0.weight: 5/256 channels masked
Layer layer4.0.conv1.weight: 1/512 channels masked
Layer layer4.0.conv2.weight: 63/512 channels masked
Layer layer4.0.downsample.0.weight: 125/512 channels masked
Layer layer4.1.conv1.weight: 3/512 channels masked
Layer layer4.1.conv2.weight: 39/512 channels masked
------------------------- time cost ------------------------- 9.636679410934448
ASR: 0.017461246160295443
attack_auc: 0.5372552237316296
Layer layer1.0.conv2.weight: 1/64 channels masked
Layer layer1.1.conv1.weight: 1/64 channels masked
Layer layer2.0.conv2.weight: 3/128 channels masked
Layer layer2.0.downsample.0.weight: 4/128 channels masked
Layer layer2.1.conv2.weight: 1/128 channels masked
Layer layer3.0.downsample.0.weight: 5/256 channels masked
Layer layer4.0.conv1.weight: 1/512 channels masked
Layer layer4.0.conv2.weight: 64/512 channels masked
Layer layer4.0.downsample.0.weight: 125/512 channels masked
Layer layer4.1.conv1.weight: 3/512 channels masked
Layer layer4.1.conv2.weight: 39/512 channels masked
------------------------- time cost ------------------------- 8.483309268951416
ASR: 0.017234252186667156
attack_auc: 0.5437586802322428
Layer layer1.0.conv2.weight: 1/64 channels masked
Layer layer1.1.conv1.weight: 1/64 channels masked
Layer layer2.0.conv2.weight: 3/128 channels masked
Layer layer2.0.downsample.0.weight: 4/128 channels masked
Layer layer2.1.conv2.weight: 1/128 channels masked
Layer layer3.0.downsample.0.weight: 5/256 channels masked
Layer layer4.0.conv1.weight: 1/512 channels masked
Layer layer4.0.conv2.weight: 64/512 channels masked
Layer layer4.0.downsample.0.weight: 125/512 channels masked
Layer layer4.1.conv1.weight: 3/512 channels masked
Layer layer4.1.conv2.weight: 39/512 channels masked
------------------------- time cost ------------------------- 7.859240531921387
ASR: 0.03128340891838678
attack_auc: 0.5969642988754209
Layer layer1.0.conv2.weight: 1/64 channels masked
Layer layer1.1.conv1.weight: 1/64 channels masked
Layer layer2.0.conv2.weight: 3/128 channels masked
Layer layer2.0.downsample.0.weight: 4/128 channels masked
Layer layer2.1.conv2.weight: 1/128 channels masked
Layer layer3.0.downsample.0.weight: 5/256 channels masked
Layer layer4.0.conv1.weight: 1/512 channels masked
Layer layer4.0.conv2.weight: 64/512 channels masked
Layer layer4.0.downsample.0.weight: 125/512 channels masked
Layer layer4.1.conv1.weight: 3/512 channels masked
Layer layer4.1.conv2.weight: 39/512 channels masked
------------------------- time cost ------------------------- 8.824753284454346
ASR: 0.020053327912687012
attack_auc: 0.5585576838510443
Layer conv1.weight: 1/64 channels masked
Layer layer1.0.conv2.weight: 1/64 channels masked
Layer layer1.1.conv1.weight: 1/64 channels masked
Layer layer2.0.conv2.weight: 3/128 channels masked
Layer layer2.0.downsample.0.weight: 4/128 channels masked
Layer layer2.1.conv2.weight: 1/128 channels masked
Layer layer3.0.downsample.0.weight: 5/256 channels masked
Layer layer4.0.conv1.weight: 1/512 channels masked
Layer layer4.0.conv2.weight: 64/512 channels masked
Layer layer4.0.downsample.0.weight: 125/512 channels masked
Layer layer4.1.conv1.weight: 3/512 channels masked
Layer layer4.1.conv2.weight: 39/512 channels masked
------------------------- time cost ------------------------- 9.007551193237305
ASR: 0.02850315721164021
attack_auc: 0.571153387142909
Layer conv1.weight: 1/64 channels masked
Layer layer1.0.conv2.weight: 1/64 channels masked
Layer layer1.1.conv1.weight: 1/64 channels masked
Layer layer2.0.conv2.weight: 3/128 channels masked
Layer layer2.0.downsample.0.weight: 4/128 channels masked
Layer layer2.1.conv2.weight: 1/128 channels masked
Layer layer3.0.downsample.0.weight: 5/256 channels masked
Layer layer4.0.conv1.weight: 1/512 channels masked
Layer layer4.0.conv2.weight: 64/512 channels masked
Layer layer4.0.downsample.0.weight: 125/512 channels masked
Layer layer4.1.conv1.weight: 3/512 channels masked
Layer layer4.1.conv2.weight: 39/512 channels masked
------------------------- time cost ------------------------- 9.030480146408081
ASR: 0.017594254155926883
attack_auc: 0.5192474737472862
Layer conv1.weight: 1/64 channels masked
Layer layer1.0.conv2.weight: 1/64 channels masked
Layer layer1.1.conv1.weight: 1/64 channels masked
Layer layer2.0.conv2.weight: 3/128 channels masked
Layer layer2.0.downsample.0.weight: 4/128 channels masked
Layer layer2.1.conv2.weight: 1/128 channels masked
Layer layer3.0.downsample.0.weight: 5/256 channels masked
Layer layer4.0.conv1.weight: 1/512 channels masked
Layer layer4.0.conv2.weight: 64/512 channels masked
Layer layer4.0.downsample.0.weight: 126/512 channels masked
Layer layer4.1.conv1.weight: 3/512 channels masked
Layer layer4.1.conv2.weight: 39/512 channels masked
------------------------- time cost ------------------------- 7.984849214553833
ASR: 0.014638710553706809
attack_auc: 0.505567788749162
Layer conv1.weight: 1/64 channels masked
Layer layer1.0.conv2.weight: 1/64 channels masked
Layer layer1.1.conv1.weight: 1/64 channels masked
Layer layer2.0.conv2.weight: 3/128 channels masked
Layer layer2.0.downsample.0.weight: 4/128 channels masked
Layer layer2.1.conv2.weight: 1/128 channels masked
Layer layer3.0.downsample.0.weight: 5/256 channels masked
Layer layer4.0.conv1.weight: 1/512 channels masked
Layer layer4.0.conv2.weight: 64/512 channels masked
Layer layer4.0.downsample.0.weight: 126/512 channels masked
Layer layer4.1.conv1.weight: 3/512 channels masked
Layer layer4.1.conv2.weight: 39/512 channels masked
------------------------- time cost ------------------------- 7.807661771774292

-------------Round number: 130-------------

Evaluate personalized models
Averaged Train Loss: 0.4730
Averaged Test Accurancy: 0.7265
Averaged Test AUC: 0.9502
Std Test Accurancy: 0.0971
Std Test AUC: 0.0239
ASR: 0.020250451957047635
attack_auc: 0.5352585445719144
Layer conv1.weight: 1/64 channels masked
Layer layer1.0.conv2.weight: 1/64 channels masked
Layer layer1.1.conv1.weight: 1/64 channels masked
Layer layer2.0.conv2.weight: 3/128 channels masked
Layer layer2.0.downsample.0.weight: 4/128 channels masked
Layer layer2.1.conv2.weight: 1/128 channels masked
Layer layer3.0.downsample.0.weight: 5/256 channels masked
Layer layer4.0.conv1.weight: 1/512 channels masked
Layer layer4.0.conv2.weight: 64/512 channels masked
Layer layer4.0.downsample.0.weight: 126/512 channels masked
Layer layer4.1.conv1.weight: 3/512 channels masked
Layer layer4.1.conv2.weight: 39/512 channels masked
------------------------- time cost ------------------------- 15.834532260894775
ASR: 0.02101341693415762
attack_auc: 0.5465316314688927
Layer conv1.weight: 1/64 channels masked
Layer layer1.0.conv2.weight: 1/64 channels masked
Layer layer1.1.conv1.weight: 1/64 channels masked
Layer layer2.0.conv2.weight: 3/128 channels masked
Layer layer2.0.downsample.0.weight: 4/128 channels masked
Layer layer2.1.conv2.weight: 1/128 channels masked
Layer layer3.0.downsample.0.weight: 5/256 channels masked
Layer layer4.0.conv1.weight: 1/512 channels masked
Layer layer4.0.conv2.weight: 64/512 channels masked
Layer layer4.0.downsample.0.weight: 126/512 channels masked
Layer layer4.1.conv1.weight: 3/512 channels masked
Layer layer4.1.conv2.weight: 39/512 channels masked
------------------------- time cost ------------------------- 8.167009115219116
ASR: 0.022355514438652257
attack_auc: 0.5353250320778151
Layer conv1.weight: 1/64 channels masked
Layer layer1.0.conv2.weight: 1/64 channels masked
Layer layer1.1.conv1.weight: 1/64 channels masked
Layer layer2.0.conv2.weight: 3/128 channels masked
Layer layer2.0.downsample.0.weight: 4/128 channels masked
Layer layer2.1.conv2.weight: 1/128 channels masked
Layer layer3.0.downsample.0.weight: 5/256 channels masked
Layer layer4.0.conv1.weight: 1/512 channels masked
Layer layer4.0.conv2.weight: 64/512 channels masked
Layer layer4.0.downsample.0.weight: 126/512 channels masked
Layer layer4.1.conv1.weight: 3/512 channels masked
Layer layer4.1.conv2.weight: 39/512 channels masked
------------------------- time cost ------------------------- 8.277028799057007
ASR: 0.021589835455120922
attack_auc: 0.5529325699651202
Layer conv1.weight: 1/64 channels masked
Layer layer1.0.conv2.weight: 1/64 channels masked
Layer layer1.1.conv1.weight: 1/64 channels masked
Layer layer2.0.conv2.weight: 3/128 channels masked
Layer layer2.0.downsample.0.weight: 4/128 channels masked
Layer layer2.1.conv2.weight: 1/128 channels masked
Layer layer3.0.downsample.0.weight: 5/256 channels masked
Layer layer4.0.conv1.weight: 1/512 channels masked
Layer layer4.0.conv2.weight: 64/512 channels masked
Layer layer4.0.downsample.0.weight: 126/512 channels masked
Layer layer4.1.conv1.weight: 3/512 channels masked
Layer layer4.1.conv2.weight: 39/512 channels masked
------------------------- time cost ------------------------- 8.922712087631226
ASR: 0.022108439074755435
attack_auc: 0.5493919291831534
Layer conv1.weight: 2/64 channels masked
Layer layer1.0.conv2.weight: 1/64 channels masked
Layer layer1.1.conv1.weight: 1/64 channels masked
Layer layer2.0.conv2.weight: 3/128 channels masked
Layer layer2.0.downsample.0.weight: 4/128 channels masked
Layer layer2.1.conv2.weight: 1/128 channels masked
Layer layer3.0.downsample.0.weight: 5/256 channels masked
Layer layer4.0.conv1.weight: 1/512 channels masked
Layer layer4.0.conv2.weight: 64/512 channels masked
Layer layer4.0.downsample.0.weight: 127/512 channels masked
Layer layer4.1.conv1.weight: 3/512 channels masked
Layer layer4.1.conv2.weight: 39/512 channels masked
------------------------- time cost ------------------------- 7.846851348876953
ASR: 0.012471851803331598
attack_auc: 0.5201188941539358
Layer conv1.weight: 2/64 channels masked
Layer layer1.0.conv2.weight: 1/64 channels masked
Layer layer1.1.conv1.weight: 1/64 channels masked
Layer layer2.0.conv2.weight: 3/128 channels masked
Layer layer2.0.downsample.0.weight: 4/128 channels masked
Layer layer2.1.conv2.weight: 1/128 channels masked
Layer layer3.0.downsample.0.weight: 5/256 channels masked
Layer layer4.0.conv1.weight: 1/512 channels masked
Layer layer4.0.conv2.weight: 64/512 channels masked
Layer layer4.0.downsample.0.weight: 127/512 channels masked
Layer layer4.1.conv1.weight: 3/512 channels masked
Layer layer4.1.conv2.weight: 39/512 channels masked
------------------------- time cost ------------------------- 8.86807107925415
ASR: 0.01379849755914519
attack_auc: 0.5153028773324047
Layer conv1.weight: 2/64 channels masked
Layer layer1.0.conv2.weight: 1/64 channels masked
Layer layer1.1.conv1.weight: 1/64 channels masked
Layer layer2.0.conv2.weight: 3/128 channels masked
Layer layer2.0.downsample.0.weight: 4/128 channels masked
Layer layer2.1.conv2.weight: 1/128 channels masked
Layer layer3.0.downsample.0.weight: 5/256 channels masked
Layer layer4.0.conv1.weight: 1/512 channels masked
Layer layer4.0.conv2.weight: 64/512 channels masked
Layer layer4.0.downsample.0.weight: 127/512 channels masked
Layer layer4.1.conv1.weight: 3/512 channels masked
Layer layer4.1.conv2.weight: 39/512 channels masked
------------------------- time cost ------------------------- 7.381722927093506
ASR: 0.017497007159155194
attack_auc: 0.5378348513745598
Layer conv1.weight: 2/64 channels masked
Layer layer1.0.conv2.weight: 1/64 channels masked
Layer layer1.1.conv1.weight: 1/64 channels masked
Layer layer2.0.conv2.weight: 3/128 channels masked
Layer layer2.0.downsample.0.weight: 4/128 channels masked
Layer layer2.1.conv2.weight: 1/128 channels masked
Layer layer3.0.downsample.0.weight: 5/256 channels masked
Layer layer4.0.conv1.weight: 1/512 channels masked
Layer layer4.0.conv2.weight: 64/512 channels masked
Layer layer4.0.downsample.0.weight: 127/512 channels masked
Layer layer4.1.conv1.weight: 3/512 channels masked
Layer layer4.1.conv2.weight: 39/512 channels masked
------------------------- time cost ------------------------- 8.45047402381897
ASR: 0.021671308040224498
attack_auc: 0.5164790438857655
Layer conv1.weight: 2/64 channels masked
Layer layer1.0.conv2.weight: 1/64 channels masked
Layer layer1.1.conv1.weight: 1/64 channels masked
Layer layer2.0.conv2.weight: 3/128 channels masked
Layer layer2.0.downsample.0.weight: 4/128 channels masked
Layer layer2.1.conv2.weight: 1/128 channels masked
Layer layer3.0.downsample.0.weight: 5/256 channels masked
Layer layer4.0.conv1.weight: 1/512 channels masked
Layer layer4.0.conv2.weight: 66/512 channels masked
Layer layer4.0.downsample.0.weight: 127/512 channels masked
Layer layer4.1.conv1.weight: 3/512 channels masked
Layer layer4.1.conv2.weight: 39/512 channels masked
------------------------- time cost ------------------------- 7.5762779712677
ASR: 0.04628095341665047
attack_auc: 0.5783628506053481
Layer conv1.weight: 1/64 channels masked
Layer layer1.0.conv2.weight: 1/64 channels masked
Layer layer1.1.conv1.weight: 1/64 channels masked
Layer layer2.0.conv2.weight: 3/128 channels masked
Layer layer2.0.downsample.0.weight: 4/128 channels masked
Layer layer2.1.conv2.weight: 1/128 channels masked
Layer layer3.0.downsample.0.weight: 5/256 channels masked
Layer layer4.0.conv1.weight: 1/512 channels masked
Layer layer4.0.conv2.weight: 66/512 channels masked
Layer layer4.0.downsample.0.weight: 127/512 channels masked
Layer layer4.1.conv1.weight: 3/512 channels masked
Layer layer4.1.conv2.weight: 39/512 channels masked
------------------------- time cost ------------------------- 8.814872980117798

-------------Round number: 140-------------

Evaluate personalized models
Averaged Train Loss: 0.4999
Averaged Test Accurancy: 0.7226
Averaged Test AUC: 0.9473
Std Test Accurancy: 0.1089
Std Test AUC: 0.0273
ASR: 0.034061319675410144
attack_auc: 0.5442850266134575
Layer conv1.weight: 1/64 channels masked
Layer layer1.0.conv2.weight: 1/64 channels masked
Layer layer1.1.conv1.weight: 1/64 channels masked
Layer layer2.0.conv2.weight: 3/128 channels masked
Layer layer2.0.downsample.0.weight: 4/128 channels masked
Layer layer2.1.conv2.weight: 1/128 channels masked
Layer layer3.0.downsample.0.weight: 5/256 channels masked
Layer layer4.0.conv1.weight: 1/512 channels masked
Layer layer4.0.conv2.weight: 66/512 channels masked
Layer layer4.0.downsample.0.weight: 128/512 channels masked
Layer layer4.1.conv1.weight: 3/512 channels masked
Layer layer4.1.conv2.weight: 40/512 channels masked
------------------------- time cost ------------------------- 15.535747766494751
ASR: 0.044846952439234526
attack_auc: 0.5634456418541318
Layer conv1.weight: 1/64 channels masked
Layer layer1.0.conv2.weight: 1/64 channels masked
Layer layer1.1.conv1.weight: 1/64 channels masked
Layer layer2.0.conv2.weight: 3/128 channels masked
Layer layer2.0.downsample.0.weight: 4/128 channels masked
Layer layer2.1.conv2.weight: 1/128 channels masked
Layer layer3.0.downsample.0.weight: 5/256 channels masked
Layer layer4.0.conv1.weight: 1/512 channels masked
Layer layer4.0.conv2.weight: 66/512 channels masked
Layer layer4.0.downsample.0.weight: 128/512 channels masked
Layer layer4.1.conv1.weight: 3/512 channels masked
Layer layer4.1.conv2.weight: 39/512 channels masked
------------------------- time cost ------------------------- 7.797957181930542
ASR: 0.06162907535285535
attack_auc: 0.6177964900145207
Layer conv1.weight: 1/64 channels masked
Layer layer1.0.conv2.weight: 1/64 channels masked
Layer layer1.1.conv1.weight: 1/64 channels masked
Layer layer2.0.conv2.weight: 3/128 channels masked
Layer layer2.0.downsample.0.weight: 4/128 channels masked
Layer layer2.1.conv2.weight: 1/128 channels masked
Layer layer3.0.downsample.0.weight: 5/256 channels masked
Layer layer4.0.conv1.weight: 1/512 channels masked
Layer layer4.0.conv2.weight: 66/512 channels masked
Layer layer4.0.downsample.0.weight: 128/512 channels masked
Layer layer4.1.conv1.weight: 3/512 channels masked
Layer layer4.1.conv2.weight: 40/512 channels masked
------------------------- time cost ------------------------- 8.757007360458374
ASR: 0.04567750843354987
attack_auc: 0.579703368571769
Layer conv1.weight: 1/64 channels masked
Layer layer1.0.conv2.weight: 1/64 channels masked
Layer layer1.1.conv1.weight: 1/64 channels masked
Layer layer2.0.conv2.weight: 3/128 channels masked
Layer layer2.0.downsample.0.weight: 4/128 channels masked
Layer layer2.1.conv2.weight: 1/128 channels masked
Layer layer3.0.downsample.0.weight: 5/256 channels masked
Layer layer4.0.conv1.weight: 1/512 channels masked
Layer layer4.0.conv2.weight: 66/512 channels masked
Layer layer4.0.downsample.0.weight: 128/512 channels masked
Layer layer4.1.conv1.weight: 3/512 channels masked
Layer layer4.1.conv2.weight: 40/512 channels masked
------------------------- time cost ------------------------- 6.9911651611328125
ASR: 0.02371343536899148
attack_auc: 0.5598250636478641
Layer conv1.weight: 1/64 channels masked
Layer layer1.0.conv2.weight: 1/64 channels masked
Layer layer1.1.conv1.weight: 1/64 channels masked
Layer layer2.0.conv2.weight: 3/128 channels masked
Layer layer2.0.downsample.0.weight: 4/128 channels masked
Layer layer2.1.conv2.weight: 1/128 channels masked
Layer layer3.0.downsample.0.weight: 5/256 channels masked
Layer layer4.0.conv1.weight: 1/512 channels masked
Layer layer4.0.conv2.weight: 66/512 channels masked
Layer layer4.0.downsample.0.weight: 128/512 channels masked
Layer layer4.1.conv1.weight: 4/512 channels masked
Layer layer4.1.conv2.weight: 43/512 channels masked
------------------------- time cost ------------------------- 6.824615240097046
ASR: 0.03437689993119963
attack_auc: 0.5560054685816422
Layer conv1.weight: 1/64 channels masked
Layer layer1.0.conv2.weight: 1/64 channels masked
Layer layer1.1.conv1.weight: 1/64 channels masked
Layer layer2.0.conv2.weight: 3/128 channels masked
Layer layer2.0.downsample.0.weight: 4/128 channels masked
Layer layer2.1.conv2.weight: 1/128 channels masked
Layer layer3.0.downsample.0.weight: 5/256 channels masked
Layer layer4.0.conv1.weight: 1/512 channels masked
Layer layer4.0.conv2.weight: 66/512 channels masked
Layer layer4.0.downsample.0.weight: 128/512 channels masked
Layer layer4.1.conv1.weight: 4/512 channels masked
Layer layer4.1.conv2.weight: 43/512 channels masked
------------------------- time cost ------------------------- 8.547492504119873
ASR: 0.029973002025891166
attack_auc: 0.5480445068135774
Layer conv1.weight: 1/64 channels masked
Layer layer1.0.conv2.weight: 1/64 channels masked
Layer layer1.1.conv1.weight: 1/64 channels masked
Layer layer2.0.conv2.weight: 3/128 channels masked
Layer layer2.0.downsample.0.weight: 4/128 channels masked
Layer layer2.1.conv2.weight: 1/128 channels masked
Layer layer3.0.downsample.0.weight: 5/256 channels masked
Layer layer4.0.conv1.weight: 1/512 channels masked
Layer layer4.0.conv2.weight: 63/512 channels masked
Layer layer4.0.downsample.0.weight: 129/512 channels masked
Layer layer4.1.conv1.weight: 4/512 channels masked
Layer layer4.1.conv2.weight: 43/512 channels masked
------------------------- time cost ------------------------- 8.270169973373413
ASR: 0.03169294874862834
attack_auc: 0.5710763430884429
Layer conv1.weight: 1/64 channels masked
Layer layer1.0.conv2.weight: 1/64 channels masked
Layer layer1.1.conv1.weight: 1/64 channels masked
Layer layer2.0.conv2.weight: 3/128 channels masked
Layer layer2.0.downsample.0.weight: 4/128 channels masked
Layer layer2.1.conv2.weight: 1/128 channels masked
Layer layer3.0.downsample.0.weight: 5/256 channels masked
Layer layer4.0.conv1.weight: 1/512 channels masked
Layer layer4.0.conv2.weight: 64/512 channels masked
Layer layer4.0.downsample.0.weight: 129/512 channels masked
Layer layer4.1.conv1.weight: 5/512 channels masked
Layer layer4.1.conv2.weight: 43/512 channels masked
------------------------- time cost ------------------------- 7.970038652420044
ASR: 0.03476737502970114
attack_auc: 0.5833087344190935
Layer conv1.weight: 1/64 channels masked
Layer layer1.0.conv2.weight: 1/64 channels masked
Layer layer1.1.conv1.weight: 1/64 channels masked
Layer layer2.0.conv2.weight: 3/128 channels masked
Layer layer2.0.downsample.0.weight: 4/128 channels masked
Layer layer2.1.conv2.weight: 1/128 channels masked
Layer layer3.0.downsample.0.weight: 5/256 channels masked
Layer layer4.0.conv1.weight: 1/512 channels masked
Layer layer4.0.conv2.weight: 64/512 channels masked
Layer layer4.0.downsample.0.weight: 129/512 channels masked
Layer layer4.1.conv1.weight: 6/512 channels masked
Layer layer4.1.conv2.weight: 44/512 channels masked
------------------------- time cost ------------------------- 8.889701128005981
ASR: 0.043004940206392804
attack_auc: 0.5914041060404993
Layer conv1.weight: 1/64 channels masked
Layer layer1.0.conv2.weight: 1/64 channels masked
Layer layer1.1.conv1.weight: 1/64 channels masked
Layer layer2.0.conv2.weight: 3/128 channels masked
Layer layer2.0.downsample.0.weight: 4/128 channels masked
Layer layer2.1.conv2.weight: 1/128 channels masked
Layer layer3.0.downsample.0.weight: 5/256 channels masked
Layer layer4.0.conv1.weight: 1/512 channels masked
Layer layer4.0.conv2.weight: 64/512 channels masked
Layer layer4.0.downsample.0.weight: 129/512 channels masked
Layer layer4.1.conv1.weight: 6/512 channels masked
Layer layer4.1.conv2.weight: 44/512 channels masked
------------------------- time cost ------------------------- 7.316507339477539

-------------Round number: 150-------------

Evaluate personalized models
Averaged Train Loss: 0.4042
Averaged Test Accurancy: 0.7324
Averaged Test AUC: 0.9507
Std Test Accurancy: 0.1022
Std Test AUC: 0.0250
ASR: 0.03784286089330942
attack_auc: 0.5868281157845373
Layer conv1.weight: 1/64 channels masked
Layer layer1.0.conv2.weight: 1/64 channels masked
Layer layer1.1.conv1.weight: 1/64 channels masked
Layer layer2.0.conv2.weight: 3/128 channels masked
Layer layer2.0.downsample.0.weight: 4/128 channels masked
Layer layer2.1.conv2.weight: 1/128 channels masked
Layer layer3.0.downsample.0.weight: 5/256 channels masked
Layer layer4.0.conv1.weight: 1/512 channels masked
Layer layer4.0.conv2.weight: 64/512 channels masked
Layer layer4.0.downsample.0.weight: 129/512 channels masked
Layer layer4.1.conv1.weight: 6/512 channels masked
Layer layer4.1.conv2.weight: 44/512 channels masked
------------------------- time cost ------------------------- 16.80838656425476
ASR: 0.04660587668413905
attack_auc: 0.5921293074407135
Layer conv1.weight: 1/64 channels masked
Layer layer1.0.conv2.weight: 1/64 channels masked
Layer layer1.1.conv1.weight: 1/64 channels masked
Layer layer2.0.conv2.weight: 3/128 channels masked
Layer layer2.0.downsample.0.weight: 4/128 channels masked
Layer layer2.1.conv2.weight: 1/128 channels masked
Layer layer3.0.downsample.0.weight: 5/256 channels masked
Layer layer4.0.conv1.weight: 1/512 channels masked
Layer layer4.0.conv2.weight: 64/512 channels masked
Layer layer4.0.downsample.0.weight: 129/512 channels masked
Layer layer4.1.conv1.weight: 6/512 channels masked
Layer layer4.1.conv2.weight: 44/512 channels masked
------------------------- time cost ------------------------- 7.88902473449707
ASR: 0.051500622420073486
attack_auc: 0.5987227574683219
Layer conv1.weight: 1/64 channels masked
Layer layer1.0.conv2.weight: 1/64 channels masked
Layer layer1.1.conv1.weight: 1/64 channels masked
Layer layer2.0.conv2.weight: 3/128 channels masked
Layer layer2.0.downsample.0.weight: 4/128 channels masked
Layer layer2.1.conv2.weight: 1/128 channels masked
Layer layer3.0.downsample.0.weight: 5/256 channels masked
Layer layer4.0.conv1.weight: 1/512 channels masked
Layer layer4.0.conv2.weight: 64/512 channels masked
Layer layer4.0.downsample.0.weight: 129/512 channels masked
Layer layer4.1.conv1.weight: 6/512 channels masked
Layer layer4.1.conv2.weight: 44/512 channels masked
------------------------- time cost ------------------------- 9.532639026641846
ASR: 0.03730630734612826
attack_auc: 0.5839783976502277
Layer conv1.weight: 1/64 channels masked
Layer layer1.0.conv2.weight: 1/64 channels masked
Layer layer1.1.conv1.weight: 1/64 channels masked
Layer layer2.0.conv2.weight: 3/128 channels masked
Layer layer2.0.downsample.0.weight: 4/128 channels masked
Layer layer2.1.conv2.weight: 1/128 channels masked
Layer layer3.0.downsample.0.weight: 5/256 channels masked
Layer layer4.0.conv1.weight: 1/512 channels masked
Layer layer4.0.conv2.weight: 64/512 channels masked
Layer layer4.0.downsample.0.weight: 129/512 channels masked
Layer layer4.1.conv1.weight: 6/512 channels masked
Layer layer4.1.conv2.weight: 44/512 channels masked
------------------------- time cost ------------------------- 7.415834426879883
ASR: 0.053064012323757355
attack_auc: 0.6109072576096811
Layer conv1.weight: 1/64 channels masked
Layer layer1.0.conv2.weight: 1/64 channels masked
Layer layer1.1.conv1.weight: 1/64 channels masked
Layer layer2.0.conv2.weight: 3/128 channels masked
Layer layer2.0.downsample.0.weight: 4/128 channels masked
Layer layer2.1.conv2.weight: 1/128 channels masked
Layer layer3.0.downsample.0.weight: 5/256 channels masked
Layer layer4.0.conv1.weight: 1/512 channels masked
Layer layer4.0.conv2.weight: 64/512 channels masked
Layer layer4.0.downsample.0.weight: 129/512 channels masked
Layer layer4.1.conv1.weight: 6/512 channels masked
Layer layer4.1.conv2.weight: 44/512 channels masked
------------------------- time cost ------------------------- 7.3734214305877686
ASR: 0.05605281816092178
attack_auc: 0.6275740046831234
Layer conv1.weight: 1/64 channels masked
Layer layer1.0.conv2.weight: 1/64 channels masked
Layer layer1.1.conv1.weight: 1/64 channels masked
Layer layer2.0.conv2.weight: 3/128 channels masked
Layer layer2.0.downsample.0.weight: 4/128 channels masked
Layer layer2.1.conv2.weight: 1/128 channels masked
Layer layer3.0.downsample.0.weight: 5/256 channels masked
Layer layer4.0.conv1.weight: 1/512 channels masked
Layer layer4.0.conv2.weight: 65/512 channels masked
Layer layer4.0.downsample.0.weight: 129/512 channels masked
Layer layer4.1.conv1.weight: 6/512 channels masked
Layer layer4.1.conv2.weight: 44/512 channels masked
------------------------- time cost ------------------------- 7.964381217956543
ASR: 0.050442944430379444
attack_auc: 0.6330886419489915
Layer conv1.weight: 1/64 channels masked
Layer layer1.0.conv2.weight: 1/64 channels masked
Layer layer1.1.conv1.weight: 1/64 channels masked
Layer layer2.0.conv2.weight: 3/128 channels masked
Layer layer2.0.downsample.0.weight: 4/128 channels masked
Layer layer2.1.conv2.weight: 1/128 channels masked
Layer layer3.0.downsample.0.weight: 5/256 channels masked
Layer layer4.0.conv1.weight: 1/512 channels masked
Layer layer4.0.conv2.weight: 65/512 channels masked
Layer layer4.0.downsample.0.weight: 129/512 channels masked
Layer layer4.1.conv1.weight: 6/512 channels masked
Layer layer4.1.conv2.weight: 44/512 channels masked
------------------------- time cost ------------------------- 9.312702417373657
ASR: 0.04952778200341465
attack_auc: 0.6148490874405478
Layer conv1.weight: 1/64 channels masked
Layer layer1.0.conv2.weight: 1/64 channels masked
Layer layer1.1.conv1.weight: 1/64 channels masked
Layer layer2.0.conv2.weight: 3/128 channels masked
Layer layer2.0.downsample.0.weight: 4/128 channels masked
Layer layer2.1.conv2.weight: 1/128 channels masked
Layer layer3.0.downsample.0.weight: 5/256 channels masked
Layer layer4.0.conv1.weight: 1/512 channels masked
Layer layer4.0.conv2.weight: 65/512 channels masked
Layer layer4.0.downsample.0.weight: 129/512 channels masked
Layer layer4.1.conv1.weight: 6/512 channels masked
Layer layer4.1.conv2.weight: 44/512 channels masked
------------------------- time cost ------------------------- 7.893099308013916
ASR: 0.05690841206448512
attack_auc: 0.6324723337700019
Layer conv1.weight: 1/64 channels masked
Layer layer1.0.conv2.weight: 1/64 channels masked
Layer layer1.1.conv1.weight: 1/64 channels masked
Layer layer2.0.conv2.weight: 3/128 channels masked
Layer layer2.0.downsample.0.weight: 4/128 channels masked
Layer layer2.1.conv2.weight: 1/128 channels masked
Layer layer3.0.downsample.0.weight: 5/256 channels masked
Layer layer4.0.conv1.weight: 1/512 channels masked
Layer layer4.0.conv2.weight: 65/512 channels masked
Layer layer4.0.downsample.0.weight: 129/512 channels masked
Layer layer4.1.conv1.weight: 6/512 channels masked
Layer layer4.1.conv2.weight: 44/512 channels masked
------------------------- time cost ------------------------- 8.099798917770386
ASR: 0.05830829743357149
attack_auc: 0.6306179019322062
Layer conv1.weight: 3/64 channels masked
Layer layer1.0.conv2.weight: 1/64 channels masked
Layer layer1.1.conv1.weight: 1/64 channels masked
Layer layer2.0.conv2.weight: 3/128 channels masked
Layer layer2.0.downsample.0.weight: 4/128 channels masked
Layer layer2.1.conv2.weight: 1/128 channels masked
Layer layer3.0.downsample.0.weight: 5/256 channels masked
Layer layer4.0.conv1.weight: 1/512 channels masked
Layer layer4.0.conv2.weight: 65/512 channels masked
Layer layer4.0.downsample.0.weight: 129/512 channels masked
Layer layer4.1.conv1.weight: 6/512 channels masked
Layer layer4.1.conv2.weight: 45/512 channels masked
------------------------- time cost ------------------------- 8.727648735046387

-------------Round number: 160-------------

Evaluate personalized models
Averaged Train Loss: 0.4097
Averaged Test Accurancy: 0.7312
Averaged Test AUC: 0.9501
Std Test Accurancy: 0.0982
Std Test AUC: 0.0253
ASR: 0.03696388240415346
attack_auc: 0.5920923442871839
Layer conv1.weight: 3/64 channels masked
Layer layer1.0.conv2.weight: 1/64 channels masked
Layer layer1.1.conv1.weight: 1/64 channels masked
Layer layer2.0.conv2.weight: 3/128 channels masked
Layer layer2.0.downsample.0.weight: 4/128 channels masked
Layer layer2.1.conv2.weight: 1/128 channels masked
Layer layer3.0.downsample.0.weight: 5/256 channels masked
Layer layer4.0.conv1.weight: 1/512 channels masked
Layer layer4.0.conv2.weight: 64/512 channels masked
Layer layer4.0.downsample.0.weight: 129/512 channels masked
Layer layer4.1.conv1.weight: 6/512 channels masked
Layer layer4.1.conv2.weight: 46/512 channels masked
------------------------- time cost ------------------------- 16.342129468917847
ASR: 0.04164108014704601
attack_auc: 0.594855120029252
Layer conv1.weight: 3/64 channels masked
Layer layer1.0.conv2.weight: 1/64 channels masked
Layer layer1.1.conv1.weight: 1/64 channels masked
Layer layer2.0.conv2.weight: 3/128 channels masked
Layer layer2.0.downsample.0.weight: 4/128 channels masked
Layer layer2.1.conv2.weight: 1/128 channels masked
Layer layer3.0.downsample.0.weight: 5/256 channels masked
Layer layer4.0.conv1.weight: 1/512 channels masked
Layer layer4.0.conv2.weight: 64/512 channels masked
Layer layer4.0.downsample.0.weight: 129/512 channels masked
Layer layer4.1.conv1.weight: 6/512 channels masked
Layer layer4.1.conv2.weight: 48/512 channels masked
------------------------- time cost ------------------------- 8.552660942077637
ASR: 0.03627948976399227
attack_auc: 0.592293838706991
Layer conv1.weight: 3/64 channels masked
Layer layer1.0.conv2.weight: 1/64 channels masked
Layer layer1.1.conv1.weight: 1/64 channels masked
Layer layer2.0.conv2.weight: 3/128 channels masked
Layer layer2.0.downsample.0.weight: 4/128 channels masked
Layer layer2.1.conv2.weight: 1/128 channels masked
Layer layer3.0.downsample.0.weight: 5/256 channels masked
Layer layer4.0.conv1.weight: 1/512 channels masked
Layer layer4.0.conv2.weight: 64/512 channels masked
Layer layer4.0.downsample.0.weight: 129/512 channels masked
Layer layer4.1.conv1.weight: 6/512 channels masked
Layer layer4.1.conv2.weight: 48/512 channels masked
------------------------- time cost ------------------------- 7.57089376449585
ASR: 0.030219372860692748
attack_auc: 0.5788873058092572
Layer conv1.weight: 3/64 channels masked
Layer layer1.0.conv2.weight: 1/64 channels masked
Layer layer1.1.conv1.weight: 1/64 channels masked
Layer layer2.0.conv2.weight: 3/128 channels masked
Layer layer2.0.downsample.0.weight: 4/128 channels masked
Layer layer2.1.conv2.weight: 1/128 channels masked
Layer layer3.0.downsample.0.weight: 5/256 channels masked
Layer layer4.0.conv1.weight: 1/512 channels masked
Layer layer4.0.conv2.weight: 64/512 channels masked
Layer layer4.0.downsample.0.weight: 129/512 channels masked
Layer layer4.1.conv1.weight: 6/512 channels masked
Layer layer4.1.conv2.weight: 48/512 channels masked
------------------------- time cost ------------------------- 8.669045209884644
ASR: 0.03767970838078776
attack_auc: 0.5872954025283659
Layer conv1.weight: 3/64 channels masked
Layer layer1.0.conv2.weight: 1/64 channels masked
Layer layer1.1.conv1.weight: 1/64 channels masked
Layer layer2.0.conv2.weight: 3/128 channels masked
Layer layer2.0.downsample.0.weight: 4/128 channels masked
Layer layer2.1.conv2.weight: 1/128 channels masked
Layer layer3.0.downsample.0.weight: 5/256 channels masked
Layer layer4.0.conv1.weight: 1/512 channels masked
Layer layer4.0.conv2.weight: 64/512 channels masked
Layer layer4.0.downsample.0.weight: 129/512 channels masked
Layer layer4.1.conv1.weight: 6/512 channels masked
Layer layer4.1.conv2.weight: 48/512 channels masked
------------------------- time cost ------------------------- 7.3266472816467285
ASR: 0.04493498233536111
attack_auc: 0.6164907013145972
Layer conv1.weight: 3/64 channels masked
Layer layer1.0.conv2.weight: 1/64 channels masked
Layer layer1.1.conv1.weight: 1/64 channels masked
Layer layer2.0.conv2.weight: 3/128 channels masked
Layer layer2.0.downsample.0.weight: 4/128 channels masked
Layer layer2.1.conv2.weight: 1/128 channels masked
Layer layer3.0.downsample.0.weight: 5/256 channels masked
Layer layer4.0.conv1.weight: 1/512 channels masked
Layer layer4.0.conv2.weight: 64/512 channels masked
Layer layer4.0.downsample.0.weight: 129/512 channels masked
Layer layer4.1.conv1.weight: 7/512 channels masked
Layer layer4.1.conv2.weight: 48/512 channels masked
------------------------- time cost ------------------------- 7.739927053451538
ASR: 0.04040005849770485
attack_auc: 0.621246269445813
Layer conv1.weight: 3/64 channels masked
Layer layer1.0.conv2.weight: 1/64 channels masked
Layer layer1.1.conv1.weight: 1/64 channels masked
Layer layer2.0.conv2.weight: 3/128 channels masked
Layer layer2.0.downsample.0.weight: 4/128 channels masked
Layer layer2.1.conv2.weight: 1/128 channels masked
Layer layer3.0.downsample.0.weight: 5/256 channels masked
Layer layer4.0.conv1.weight: 1/512 channels masked
Layer layer4.0.conv2.weight: 64/512 channels masked
Layer layer4.0.downsample.0.weight: 129/512 channels masked
Layer layer4.1.conv1.weight: 7/512 channels masked
Layer layer4.1.conv2.weight: 48/512 channels masked
------------------------- time cost ------------------------- 7.586171388626099
ASR: 0.04024892986698218
attack_auc: 0.5923622501258317
Layer conv1.weight: 3/64 channels masked
Layer layer1.0.conv2.weight: 1/64 channels masked
Layer layer1.1.conv1.weight: 1/64 channels masked
Layer layer2.0.conv2.weight: 3/128 channels masked
Layer layer2.0.downsample.0.weight: 4/128 channels masked
Layer layer2.1.conv2.weight: 1/128 channels masked
Layer layer3.0.downsample.0.weight: 5/256 channels masked
Layer layer4.0.conv1.weight: 1/512 channels masked
Layer layer4.0.conv2.weight: 64/512 channels masked
Layer layer4.0.downsample.0.weight: 129/512 channels masked
Layer layer4.1.conv1.weight: 7/512 channels masked
Layer layer4.1.conv2.weight: 49/512 channels masked
------------------------- time cost ------------------------- 8.74386215209961
ASR: 0.03884915502112862
attack_auc: 0.5970848470937792
Layer conv1.weight: 3/64 channels masked
Layer layer1.0.conv2.weight: 1/64 channels masked
Layer layer1.1.conv1.weight: 1/64 channels masked
Layer layer2.0.conv2.weight: 3/128 channels masked
Layer layer2.0.downsample.0.weight: 4/128 channels masked
Layer layer2.1.conv2.weight: 1/128 channels masked
Layer layer3.0.downsample.0.weight: 5/256 channels masked
Layer layer4.0.conv1.weight: 1/512 channels masked
Layer layer4.0.conv2.weight: 64/512 channels masked
Layer layer4.0.downsample.0.weight: 129/512 channels masked
Layer layer4.1.conv1.weight: 7/512 channels masked
Layer layer4.1.conv2.weight: 50/512 channels masked
------------------------- time cost ------------------------- 8.280366897583008
ASR: 0.03717518587780558
attack_auc: 0.5893109566397574
Layer conv1.weight: 3/64 channels masked
Layer layer1.0.conv2.weight: 1/64 channels masked
Layer layer1.1.conv1.weight: 1/64 channels masked
Layer layer2.0.conv2.weight: 3/128 channels masked
Layer layer2.0.downsample.0.weight: 4/128 channels masked
Layer layer2.1.conv2.weight: 1/128 channels masked
Layer layer3.0.downsample.0.weight: 5/256 channels masked
Layer layer4.0.conv1.weight: 1/512 channels masked
Layer layer4.0.conv2.weight: 64/512 channels masked
Layer layer4.0.downsample.0.weight: 130/512 channels masked
Layer layer4.1.conv1.weight: 7/512 channels masked
Layer layer4.1.conv2.weight: 50/512 channels masked
------------------------- time cost ------------------------- 8.93948769569397

-------------Round number: 170-------------

Evaluate personalized models
Averaged Train Loss: 0.3596
Averaged Test Accurancy: 0.7299
Averaged Test AUC: 0.9502
Std Test Accurancy: 0.0897
Std Test AUC: 0.0232
ASR: 0.03736157789087587
attack_auc: 0.5901569947498304
Layer conv1.weight: 4/64 channels masked
Layer layer1.0.conv2.weight: 1/64 channels masked
Layer layer1.1.conv1.weight: 1/64 channels masked
Layer layer2.0.conv2.weight: 3/128 channels masked
Layer layer2.0.downsample.0.weight: 4/128 channels masked
Layer layer2.1.conv2.weight: 1/128 channels masked
Layer layer3.0.downsample.0.weight: 5/256 channels masked
Layer layer4.0.conv1.weight: 1/512 channels masked
Layer layer4.0.conv2.weight: 64/512 channels masked
Layer layer4.0.downsample.0.weight: 130/512 channels masked
Layer layer4.1.conv1.weight: 8/512 channels masked
Layer layer4.1.conv2.weight: 50/512 channels masked
------------------------- time cost ------------------------- 16.905850887298584
ASR: 0.04525741427116039
attack_auc: 0.5929893428426156
Layer conv1.weight: 4/64 channels masked
Layer layer1.0.conv2.weight: 1/64 channels masked
Layer layer1.1.conv1.weight: 1/64 channels masked
Layer layer2.0.conv2.weight: 3/128 channels masked
Layer layer2.0.downsample.0.weight: 4/128 channels masked
Layer layer2.1.conv2.weight: 1/128 channels masked
Layer layer3.0.downsample.0.weight: 5/256 channels masked
Layer layer4.0.conv1.weight: 1/512 channels masked
Layer layer4.0.conv2.weight: 64/512 channels masked
Layer layer4.0.downsample.0.weight: 130/512 channels masked
Layer layer4.1.conv1.weight: 8/512 channels masked
Layer layer4.1.conv2.weight: 50/512 channels masked
------------------------- time cost ------------------------- 8.943351984024048
ASR: 0.04297034629744601
attack_auc: 0.6038289964622212
Layer conv1.weight: 4/64 channels masked
Layer layer1.0.conv2.weight: 1/64 channels masked
Layer layer1.1.conv1.weight: 1/64 channels masked
Layer layer2.0.conv2.weight: 3/128 channels masked
Layer layer2.0.downsample.0.weight: 4/128 channels masked
Layer layer2.1.conv2.weight: 1/128 channels masked
Layer layer3.0.downsample.0.weight: 5/256 channels masked
Layer layer4.0.conv1.weight: 1/512 channels masked
Layer layer4.0.conv2.weight: 64/512 channels masked
Layer layer4.0.downsample.0.weight: 130/512 channels masked
Layer layer4.1.conv1.weight: 8/512 channels masked
Layer layer4.1.conv2.weight: 50/512 channels masked
------------------------- time cost ------------------------- 8.258236408233643
ASR: 0.04452580843502962
attack_auc: 0.601981327403694
Layer conv1.weight: 4/64 channels masked
Layer layer1.0.conv2.weight: 1/64 channels masked
Layer layer1.1.conv1.weight: 1/64 channels masked
Layer layer2.0.conv2.weight: 3/128 channels masked
Layer layer2.0.downsample.0.weight: 4/128 channels masked
Layer layer2.1.conv2.weight: 1/128 channels masked
Layer layer3.0.downsample.0.weight: 5/256 channels masked
Layer layer4.0.conv1.weight: 1/512 channels masked
Layer layer4.0.conv2.weight: 64/512 channels masked
Layer layer4.0.downsample.0.weight: 130/512 channels masked
Layer layer4.1.conv1.weight: 8/512 channels masked
Layer layer4.1.conv2.weight: 50/512 channels masked
------------------------- time cost ------------------------- 8.343735933303833
ASR: 0.03822667921526371
attack_auc: 0.5642706770390936
Layer conv1.weight: 4/64 channels masked
Layer layer1.0.conv2.weight: 1/64 channels masked
Layer layer1.1.conv1.weight: 1/64 channels masked
Layer layer2.0.conv2.weight: 3/128 channels masked
Layer layer2.0.downsample.0.weight: 4/128 channels masked
Layer layer2.1.conv2.weight: 1/128 channels masked
Layer layer3.0.downsample.0.weight: 5/256 channels masked
Layer layer4.0.conv1.weight: 1/512 channels masked
Layer layer4.0.conv2.weight: 64/512 channels masked
Layer layer4.0.downsample.0.weight: 130/512 channels masked
Layer layer4.1.conv1.weight: 8/512 channels masked
Layer layer4.1.conv2.weight: 50/512 channels masked
------------------------- time cost ------------------------- 7.441859006881714
ASR: 0.04356952416433774
attack_auc: 0.5797284882354161
Layer conv1.weight: 4/64 channels masked
Layer layer1.0.conv2.weight: 1/64 channels masked
Layer layer1.1.conv1.weight: 1/64 channels masked
Layer layer2.0.conv2.weight: 3/128 channels masked
Layer layer2.0.downsample.0.weight: 4/128 channels masked
Layer layer2.1.conv2.weight: 1/128 channels masked
Layer layer3.0.downsample.0.weight: 5/256 channels masked
Layer layer4.0.conv1.weight: 1/512 channels masked
Layer layer4.0.conv2.weight: 64/512 channels masked
Layer layer4.0.downsample.0.weight: 130/512 channels masked
Layer layer4.1.conv1.weight: 8/512 channels masked
Layer layer4.1.conv2.weight: 50/512 channels masked
------------------------- time cost ------------------------- 7.117615699768066
ASR: 0.0438417754473582
attack_auc: 0.598662489269489
Layer conv1.weight: 3/64 channels masked
Layer layer1.0.conv2.weight: 1/64 channels masked
Layer layer1.1.conv1.weight: 1/64 channels masked
Layer layer2.0.conv2.weight: 3/128 channels masked
Layer layer2.0.downsample.0.weight: 4/128 channels masked
Layer layer2.1.conv2.weight: 1/128 channels masked
Layer layer3.0.downsample.0.weight: 5/256 channels masked
Layer layer4.0.conv1.weight: 1/512 channels masked
Layer layer4.0.conv2.weight: 64/512 channels masked
Layer layer4.0.downsample.0.weight: 130/512 channels masked
Layer layer4.1.conv1.weight: 8/512 channels masked
Layer layer4.1.conv2.weight: 50/512 channels masked
------------------------- time cost ------------------------- 8.239745378494263
ASR: 0.0500758290466488
attack_auc: 0.6207126199787493
Layer conv1.weight: 3/64 channels masked
Layer layer1.0.conv2.weight: 1/64 channels masked
Layer layer1.1.conv1.weight: 1/64 channels masked
Layer layer2.0.conv2.weight: 3/128 channels masked
Layer layer2.0.downsample.0.weight: 4/128 channels masked
Layer layer2.1.conv2.weight: 1/128 channels masked
Layer layer3.0.downsample.0.weight: 5/256 channels masked
Layer layer4.0.conv1.weight: 1/512 channels masked
Layer layer4.0.conv2.weight: 64/512 channels masked
Layer layer4.0.downsample.0.weight: 130/512 channels masked
Layer layer4.1.conv1.weight: 8/512 channels masked
Layer layer4.1.conv2.weight: 50/512 channels masked
------------------------- time cost ------------------------- 9.440809726715088
ASR: 0.04778654753447613
attack_auc: 0.6205483999312981
Layer conv1.weight: 3/64 channels masked
Layer layer1.0.conv2.weight: 1/64 channels masked
Layer layer1.1.conv1.weight: 1/64 channels masked
Layer layer2.0.conv2.weight: 3/128 channels masked
Layer layer2.0.downsample.0.weight: 4/128 channels masked
Layer layer2.1.conv2.weight: 1/128 channels masked
Layer layer3.0.downsample.0.weight: 5/256 channels masked
Layer layer4.0.conv1.weight: 1/512 channels masked
Layer layer4.0.conv2.weight: 64/512 channels masked
Layer layer4.0.downsample.0.weight: 130/512 channels masked
Layer layer4.1.conv1.weight: 8/512 channels masked
Layer layer4.1.conv2.weight: 50/512 channels masked
------------------------- time cost ------------------------- 9.188582420349121
ASR: 0.03928019190006743
attack_auc: 0.5978917511591674
Layer conv1.weight: 3/64 channels masked
Layer layer1.0.conv2.weight: 1/64 channels masked
Layer layer1.1.conv1.weight: 1/64 channels masked
Layer layer2.0.conv2.weight: 3/128 channels masked
Layer layer2.0.downsample.0.weight: 4/128 channels masked
Layer layer2.1.conv2.weight: 1/128 channels masked
Layer layer3.0.downsample.0.weight: 5/256 channels masked
Layer layer4.0.conv1.weight: 1/512 channels masked
Layer layer4.0.conv2.weight: 64/512 channels masked
Layer layer4.0.downsample.0.weight: 130/512 channels masked
Layer layer4.1.conv1.weight: 8/512 channels masked
Layer layer4.1.conv2.weight: 50/512 channels masked
------------------------- time cost ------------------------- 7.970179080963135

-------------Round number: 180-------------

Evaluate personalized models
Averaged Train Loss: 0.3288
Averaged Test Accurancy: 0.7325
Averaged Test AUC: 0.9512
Std Test Accurancy: 0.1011
Std Test AUC: 0.0239
ASR: 0.04640644698515236
attack_auc: 0.6110109165692658
Layer conv1.weight: 3/64 channels masked
Layer layer1.0.conv2.weight: 1/64 channels masked
Layer layer1.1.conv1.weight: 1/64 channels masked
Layer layer2.0.conv2.weight: 3/128 channels masked
Layer layer2.0.downsample.0.weight: 4/128 channels masked
Layer layer2.1.conv2.weight: 1/128 channels masked
Layer layer3.0.downsample.0.weight: 5/256 channels masked
Layer layer4.0.conv1.weight: 1/512 channels masked
Layer layer4.0.conv2.weight: 64/512 channels masked
Layer layer4.0.downsample.0.weight: 130/512 channels masked
Layer layer4.1.conv1.weight: 8/512 channels masked
Layer layer4.1.conv2.weight: 50/512 channels masked
------------------------- time cost ------------------------- 15.915196657180786
ASR: 0.05352541387989943
attack_auc: 0.6344315350451728
Layer conv1.weight: 3/64 channels masked
Layer layer1.0.conv2.weight: 1/64 channels masked
Layer layer1.1.conv1.weight: 1/64 channels masked
Layer layer2.0.conv2.weight: 3/128 channels masked
Layer layer2.0.downsample.0.weight: 4/128 channels masked
Layer layer2.1.conv2.weight: 1/128 channels masked
Layer layer3.0.downsample.0.weight: 5/256 channels masked
Layer layer4.0.conv1.weight: 1/512 channels masked
Layer layer4.0.conv2.weight: 64/512 channels masked
Layer layer4.0.downsample.0.weight: 130/512 channels masked
Layer layer4.1.conv1.weight: 8/512 channels masked
Layer layer4.1.conv2.weight: 50/512 channels masked
------------------------- time cost ------------------------- 9.781686782836914
ASR: 0.040490032852351705
attack_auc: 0.6145471383877531
Layer conv1.weight: 3/64 channels masked
Layer layer1.0.conv2.weight: 1/64 channels masked
Layer layer1.1.conv1.weight: 1/64 channels masked
Layer layer2.0.conv2.weight: 3/128 channels masked
Layer layer2.0.downsample.0.weight: 4/128 channels masked
Layer layer2.1.conv2.weight: 1/128 channels masked
Layer layer3.0.downsample.0.weight: 5/256 channels masked
Layer layer4.0.conv1.weight: 1/512 channels masked
Layer layer4.0.conv2.weight: 64/512 channels masked
Layer layer4.0.downsample.0.weight: 130/512 channels masked
Layer layer4.1.conv1.weight: 8/512 channels masked
Layer layer4.1.conv2.weight: 50/512 channels masked
------------------------- time cost ------------------------- 8.421507835388184
ASR: 0.030620504322211476
attack_auc: 0.5856145692307365
Layer conv1.weight: 2/64 channels masked
Layer layer1.0.conv2.weight: 1/64 channels masked
Layer layer1.1.conv1.weight: 1/64 channels masked
Layer layer2.0.conv2.weight: 3/128 channels masked
Layer layer2.0.downsample.0.weight: 4/128 channels masked
Layer layer2.1.conv2.weight: 1/128 channels masked
Layer layer3.0.downsample.0.weight: 5/256 channels masked
Layer layer4.0.conv1.weight: 1/512 channels masked
Layer layer4.0.conv2.weight: 65/512 channels masked
Layer layer4.0.downsample.0.weight: 130/512 channels masked
Layer layer4.1.conv1.weight: 10/512 channels masked
Layer layer4.1.conv2.weight: 50/512 channels masked
------------------------- time cost ------------------------- 8.495077848434448
ASR: 0.052622472512422684
attack_auc: 0.6325242746828146
Layer conv1.weight: 2/64 channels masked
Layer layer1.0.conv2.weight: 1/64 channels masked
Layer layer1.1.conv1.weight: 1/64 channels masked
Layer layer2.0.conv2.weight: 3/128 channels masked
Layer layer2.0.downsample.0.weight: 4/128 channels masked
Layer layer2.1.conv2.weight: 1/128 channels masked
Layer layer3.0.downsample.0.weight: 5/256 channels masked
Layer layer4.0.conv1.weight: 1/512 channels masked
Layer layer4.0.conv2.weight: 67/512 channels masked
Layer layer4.0.downsample.0.weight: 130/512 channels masked
Layer layer4.1.conv1.weight: 16/512 channels masked
Layer layer4.1.conv2.weight: 50/512 channels masked
------------------------- time cost ------------------------- 7.419576406478882
ASR: 0.06014670016263753
attack_auc: 0.626508284340549
Layer conv1.weight: 2/64 channels masked
Layer layer1.0.conv2.weight: 1/64 channels masked
Layer layer1.1.conv1.weight: 1/64 channels masked
Layer layer2.0.conv2.weight: 3/128 channels masked
Layer layer2.0.downsample.0.weight: 4/128 channels masked
Layer layer2.1.conv2.weight: 1/128 channels masked
Layer layer3.0.downsample.0.weight: 5/256 channels masked
Layer layer4.0.conv1.weight: 1/512 channels masked
Layer layer4.0.conv2.weight: 68/512 channels masked
Layer layer4.0.downsample.0.weight: 130/512 channels masked
Layer layer4.1.conv1.weight: 16/512 channels masked
Layer layer4.1.conv2.weight: 50/512 channels masked
------------------------- time cost ------------------------- 7.870108366012573
ASR: 0.06122452864911736
attack_auc: 0.6241230589478103
Layer conv1.weight: 2/64 channels masked
Layer layer1.0.conv2.weight: 1/64 channels masked
Layer layer1.1.conv1.weight: 1/64 channels masked
Layer layer2.0.conv2.weight: 3/128 channels masked
Layer layer2.0.downsample.0.weight: 4/128 channels masked
Layer layer2.1.conv2.weight: 1/128 channels masked
Layer layer3.0.downsample.0.weight: 5/256 channels masked
Layer layer4.0.conv1.weight: 1/512 channels masked
Layer layer4.0.conv2.weight: 67/512 channels masked
Layer layer4.0.downsample.0.weight: 130/512 channels masked
Layer layer4.1.conv1.weight: 16/512 channels masked
Layer layer4.1.conv2.weight: 50/512 channels masked
------------------------- time cost ------------------------- 8.916911602020264
ASR: 0.05107517163442396
attack_auc: 0.6074537066295396
Layer conv1.weight: 2/64 channels masked
Layer layer1.0.conv2.weight: 1/64 channels masked
Layer layer1.1.conv1.weight: 1/64 channels masked
Layer layer2.0.conv2.weight: 3/128 channels masked
Layer layer2.0.downsample.0.weight: 4/128 channels masked
Layer layer2.1.conv2.weight: 1/128 channels masked
Layer layer3.0.downsample.0.weight: 5/256 channels masked
Layer layer4.0.conv1.weight: 1/512 channels masked
Layer layer4.0.conv2.weight: 68/512 channels masked
Layer layer4.0.downsample.0.weight: 130/512 channels masked
Layer layer4.1.conv1.weight: 16/512 channels masked
Layer layer4.1.conv2.weight: 50/512 channels masked
------------------------- time cost ------------------------- 7.964555263519287
ASR: 0.038478286588483034
attack_auc: 0.5848050604547473
Layer conv1.weight: 2/64 channels masked
Layer layer1.0.conv2.weight: 1/64 channels masked
Layer layer1.1.conv1.weight: 1/64 channels masked
Layer layer2.0.conv2.weight: 3/128 channels masked
Layer layer2.0.downsample.0.weight: 4/128 channels masked
Layer layer2.1.conv2.weight: 1/128 channels masked
Layer layer3.0.downsample.0.weight: 5/256 channels masked
Layer layer4.0.conv1.weight: 1/512 channels masked
Layer layer4.0.conv2.weight: 68/512 channels masked
Layer layer4.0.downsample.0.weight: 130/512 channels masked
Layer layer4.1.conv1.weight: 16/512 channels masked
Layer layer4.1.conv2.weight: 50/512 channels masked
------------------------- time cost ------------------------- 9.10922908782959
ASR: 0.04322109267644339
attack_auc: 0.5718807780576097
Layer conv1.weight: 2/64 channels masked
Layer layer1.0.conv2.weight: 1/64 channels masked
Layer layer1.1.conv1.weight: 1/64 channels masked
Layer layer2.0.conv2.weight: 3/128 channels masked
Layer layer2.0.downsample.0.weight: 4/128 channels masked
Layer layer2.1.conv2.weight: 1/128 channels masked
Layer layer3.0.downsample.0.weight: 5/256 channels masked
Layer layer4.0.conv1.weight: 1/512 channels masked
Layer layer4.0.conv2.weight: 68/512 channels masked
Layer layer4.0.downsample.0.weight: 130/512 channels masked
Layer layer4.1.conv1.weight: 16/512 channels masked
Layer layer4.1.conv2.weight: 50/512 channels masked
------------------------- time cost ------------------------- 7.7925944328308105

-------------Round number: 190-------------

Evaluate personalized models
Averaged Train Loss: 0.3041
Averaged Test Accurancy: 0.7368
Averaged Test AUC: 0.9521
Std Test Accurancy: 0.1017
Std Test AUC: 0.0261
ASR: 0.034949687857504956
attack_auc: 0.5882911974817397
Layer conv1.weight: 2/64 channels masked
Layer layer1.0.conv2.weight: 1/64 channels masked
Layer layer1.1.conv1.weight: 1/64 channels masked
Layer layer2.0.conv2.weight: 3/128 channels masked
Layer layer2.0.downsample.0.weight: 4/128 channels masked
Layer layer2.1.conv2.weight: 1/128 channels masked
Layer layer3.0.downsample.0.weight: 5/256 channels masked
Layer layer4.0.conv1.weight: 1/512 channels masked
Layer layer4.0.conv2.weight: 68/512 channels masked
Layer layer4.0.downsample.0.weight: 130/512 channels masked
Layer layer4.1.conv1.weight: 16/512 channels masked
Layer layer4.1.conv2.weight: 50/512 channels masked
------------------------- time cost ------------------------- 16.791709661483765
ASR: 0.04788447502110131
attack_auc: 0.6027682955761022
Layer conv1.weight: 2/64 channels masked
Layer layer1.0.conv2.weight: 1/64 channels masked
Layer layer1.1.conv1.weight: 1/64 channels masked
Layer layer2.0.conv2.weight: 3/128 channels masked
Layer layer2.0.downsample.0.weight: 4/128 channels masked
Layer layer2.1.conv2.weight: 1/128 channels masked
Layer layer3.0.downsample.0.weight: 5/256 channels masked
Layer layer4.0.conv1.weight: 1/512 channels masked
Layer layer4.0.conv2.weight: 68/512 channels masked
Layer layer4.0.downsample.0.weight: 130/512 channels masked
Layer layer4.1.conv1.weight: 16/512 channels masked
Layer layer4.1.conv2.weight: 50/512 channels masked
------------------------- time cost ------------------------- 9.72335696220398
ASR: 0.05525689024655642
attack_auc: 0.6133570925882541
Layer conv1.weight: 2/64 channels masked
Layer layer1.0.conv2.weight: 1/64 channels masked
Layer layer1.1.conv1.weight: 1/64 channels masked
Layer layer2.0.conv2.weight: 3/128 channels masked
Layer layer2.0.downsample.0.weight: 4/128 channels masked
Layer layer2.1.conv2.weight: 1/128 channels masked
Layer layer3.0.downsample.0.weight: 5/256 channels masked
Layer layer4.0.conv1.weight: 1/512 channels masked
Layer layer4.0.conv2.weight: 68/512 channels masked
Layer layer4.0.downsample.0.weight: 130/512 channels masked
Layer layer4.1.conv1.weight: 16/512 channels masked
Layer layer4.1.conv2.weight: 50/512 channels masked
------------------------- time cost ------------------------- 7.621546268463135
ASR: 0.05279101049919144
attack_auc: 0.6091221707524145
Layer conv1.weight: 2/64 channels masked
Layer layer1.0.conv2.weight: 1/64 channels masked
Layer layer1.1.conv1.weight: 1/64 channels masked
Layer layer2.0.conv2.weight: 3/128 channels masked
Layer layer2.0.downsample.0.weight: 4/128 channels masked
Layer layer2.1.conv2.weight: 1/128 channels masked
Layer layer3.0.downsample.0.weight: 5/256 channels masked
Layer layer4.0.conv1.weight: 1/512 channels masked
Layer layer4.0.conv2.weight: 68/512 channels masked
Layer layer4.0.downsample.0.weight: 130/512 channels masked
Layer layer4.1.conv1.weight: 16/512 channels masked
Layer layer4.1.conv2.weight: 50/512 channels masked
------------------------- time cost ------------------------- 8.088751316070557
ASR: 0.053422788057381695
attack_auc: 0.5976612567802161
Layer conv1.weight: 2/64 channels masked
Layer layer1.0.conv2.weight: 1/64 channels masked
Layer layer1.1.conv1.weight: 1/64 channels masked
Layer layer2.0.conv2.weight: 3/128 channels masked
Layer layer2.0.downsample.0.weight: 4/128 channels masked
Layer layer2.1.conv2.weight: 1/128 channels masked
Layer layer3.0.downsample.0.weight: 5/256 channels masked
Layer layer4.0.conv1.weight: 1/512 channels masked
Layer layer4.0.conv2.weight: 67/512 channels masked
Layer layer4.0.downsample.0.weight: 130/512 channels masked
Layer layer4.1.conv1.weight: 16/512 channels masked
Layer layer4.1.conv2.weight: 50/512 channels masked
------------------------- time cost ------------------------- 8.41924500465393
ASR: 0.04007962561672047
attack_auc: 0.5961338318536703
Layer conv1.weight: 2/64 channels masked
Layer layer1.0.conv2.weight: 1/64 channels masked
Layer layer1.1.conv1.weight: 1/64 channels masked
Layer layer2.0.conv2.weight: 3/128 channels masked
Layer layer2.0.downsample.0.weight: 4/128 channels masked
Layer layer2.1.conv2.weight: 1/128 channels masked
Layer layer3.0.downsample.0.weight: 5/256 channels masked
Layer layer4.0.conv1.weight: 1/512 channels masked
Layer layer4.0.conv2.weight: 67/512 channels masked
Layer layer4.0.downsample.0.weight: 130/512 channels masked
Layer layer4.1.conv1.weight: 16/512 channels masked
Layer layer4.1.conv2.weight: 50/512 channels masked
------------------------- time cost ------------------------- 8.837539434432983
ASR: 0.044213122180276114
attack_auc: 0.5970402696425836
Layer conv1.weight: 2/64 channels masked
Layer layer1.0.conv2.weight: 1/64 channels masked
Layer layer1.1.conv1.weight: 1/64 channels masked
Layer layer2.0.conv2.weight: 3/128 channels masked
Layer layer2.0.downsample.0.weight: 4/128 channels masked
Layer layer2.1.conv2.weight: 1/128 channels masked
Layer layer3.0.downsample.0.weight: 5/256 channels masked
Layer layer4.0.conv1.weight: 1/512 channels masked
Layer layer4.0.conv2.weight: 67/512 channels masked
Layer layer4.0.downsample.0.weight: 130/512 channels masked
Layer layer4.1.conv1.weight: 16/512 channels masked
Layer layer4.1.conv2.weight: 50/512 channels masked
------------------------- time cost ------------------------- 9.132817268371582
ASR: 0.048107154024498555
attack_auc: 0.6168619653264391
Layer conv1.weight: 3/64 channels masked
Layer layer1.0.conv2.weight: 1/64 channels masked
Layer layer1.1.conv1.weight: 1/64 channels masked
Layer layer2.0.conv2.weight: 3/128 channels masked
Layer layer2.0.downsample.0.weight: 4/128 channels masked
Layer layer2.1.conv2.weight: 1/128 channels masked
Layer layer3.0.downsample.0.weight: 5/256 channels masked
Layer layer4.0.conv1.weight: 1/512 channels masked
Layer layer4.0.conv2.weight: 67/512 channels masked
Layer layer4.0.downsample.0.weight: 130/512 channels masked
Layer layer4.1.conv1.weight: 16/512 channels masked
Layer layer4.1.conv2.weight: 50/512 channels masked
------------------------- time cost ------------------------- 8.156994819641113
ASR: 0.055800733908889795
attack_auc: 0.6384282059700004
Layer conv1.weight: 3/64 channels masked
Layer layer1.0.conv2.weight: 1/64 channels masked
Layer layer1.1.conv1.weight: 1/64 channels masked
Layer layer2.0.conv2.weight: 3/128 channels masked
Layer layer2.0.downsample.0.weight: 4/128 channels masked
Layer layer2.1.conv2.weight: 1/128 channels masked
Layer layer3.0.downsample.0.weight: 5/256 channels masked
Layer layer4.0.conv1.weight: 1/512 channels masked
Layer layer4.0.conv2.weight: 66/512 channels masked
Layer layer4.0.downsample.0.weight: 130/512 channels masked
Layer layer4.1.conv1.weight: 16/512 channels masked
Layer layer4.1.conv2.weight: 50/512 channels masked
------------------------- time cost ------------------------- 9.077011346817017
ASR: 0.06764615276511146
attack_auc: 0.6454902134915811
Layer conv1.weight: 3/64 channels masked
Layer layer1.0.conv2.weight: 1/64 channels masked
Layer layer1.1.conv1.weight: 1/64 channels masked
Layer layer2.0.conv2.weight: 3/128 channels masked
Layer layer2.0.downsample.0.weight: 4/128 channels masked
Layer layer2.1.conv2.weight: 1/128 channels masked
Layer layer3.0.downsample.0.weight: 5/256 channels masked
Layer layer4.0.conv1.weight: 1/512 channels masked
Layer layer4.0.conv2.weight: 68/512 channels masked
Layer layer4.0.downsample.0.weight: 130/512 channels masked
Layer layer4.1.conv1.weight: 16/512 channels masked
Layer layer4.1.conv2.weight: 50/512 channels masked
------------------------- time cost ------------------------- 7.468810081481934

-------------Round number: 200-------------

Evaluate personalized models
Averaged Train Loss: 0.2773
Averaged Test Accurancy: 0.7368
Averaged Test AUC: 0.9514
Std Test Accurancy: 0.0966
Std Test AUC: 0.0250
ASR: 0.06798488788918622
attack_auc: 0.6371660275242663
Layer conv1.weight: 3/64 channels masked
Layer layer1.0.conv2.weight: 1/64 channels masked
Layer layer1.1.conv1.weight: 1/64 channels masked
Layer layer2.0.conv2.weight: 3/128 channels masked
Layer layer2.0.downsample.0.weight: 4/128 channels masked
Layer layer2.1.conv2.weight: 1/128 channels masked
Layer layer3.0.downsample.0.weight: 5/256 channels masked
Layer layer4.0.conv1.weight: 1/512 channels masked
Layer layer4.0.conv2.weight: 68/512 channels masked
Layer layer4.0.downsample.0.weight: 130/512 channels masked
Layer layer4.1.conv1.weight: 16/512 channels masked
Layer layer4.1.conv2.weight: 50/512 channels masked
------------------------- time cost ------------------------- 16.4624342918396
ASR: 0.0542881431987583
attack_auc: 0.6353773058192272
Layer conv1.weight: 3/64 channels masked
Layer layer1.0.conv2.weight: 1/64 channels masked
Layer layer1.1.conv1.weight: 1/64 channels masked
Layer layer2.0.conv2.weight: 3/128 channels masked
Layer layer2.0.downsample.0.weight: 4/128 channels masked
Layer layer2.1.conv2.weight: 1/128 channels masked
Layer layer3.0.downsample.0.weight: 5/256 channels masked
Layer layer4.0.conv1.weight: 1/512 channels masked
Layer layer4.0.conv2.weight: 69/512 channels masked
Layer layer4.0.downsample.0.weight: 130/512 channels masked
Layer layer4.1.conv1.weight: 16/512 channels masked
Layer layer4.1.conv2.weight: 50/512 channels masked
------------------------- time cost ------------------------- 8.037079334259033
ASR: 0.05771771798570379
attack_auc: 0.627626182065469
Layer conv1.weight: 3/64 channels masked
Layer layer1.0.conv2.weight: 1/64 channels masked
Layer layer1.1.conv1.weight: 1/64 channels masked
Layer layer2.0.conv2.weight: 3/128 channels masked
Layer layer2.0.downsample.0.weight: 4/128 channels masked
Layer layer2.1.conv2.weight: 1/128 channels masked
Layer layer3.0.downsample.0.weight: 5/256 channels masked
Layer layer4.0.conv1.weight: 1/512 channels masked
Layer layer4.0.conv2.weight: 69/512 channels masked
Layer layer4.0.downsample.0.weight: 130/512 channels masked
Layer layer4.1.conv1.weight: 16/512 channels masked
Layer layer4.1.conv2.weight: 50/512 channels masked
------------------------- time cost ------------------------- 8.30642580986023
ASR: 0.0654671995888011
attack_auc: 0.6483685621230175
Layer conv1.weight: 3/64 channels masked
Layer layer1.0.conv2.weight: 1/64 channels masked
Layer layer1.1.conv1.weight: 1/64 channels masked
Layer layer2.0.conv2.weight: 3/128 channels masked
Layer layer2.0.downsample.0.weight: 4/128 channels masked
Layer layer2.1.conv2.weight: 1/128 channels masked
Layer layer3.0.downsample.0.weight: 5/256 channels masked
Layer layer4.0.conv1.weight: 1/512 channels masked
Layer layer4.0.conv2.weight: 69/512 channels masked
Layer layer4.0.downsample.0.weight: 130/512 channels masked
Layer layer4.1.conv1.weight: 16/512 channels masked
Layer layer4.1.conv2.weight: 50/512 channels masked
------------------------- time cost ------------------------- 8.557827234268188
ASR: 0.06934016455398088
attack_auc: 0.6527542147288611
Layer conv1.weight: 3/64 channels masked
Layer layer1.0.conv2.weight: 1/64 channels masked
Layer layer1.1.conv1.weight: 1/64 channels masked
Layer layer2.0.conv2.weight: 3/128 channels masked
Layer layer2.0.downsample.0.weight: 4/128 channels masked
Layer layer2.1.conv2.weight: 1/128 channels masked
Layer layer3.0.downsample.0.weight: 5/256 channels masked
Layer layer4.0.conv1.weight: 1/512 channels masked
Layer layer4.0.conv2.weight: 69/512 channels masked
Layer layer4.0.downsample.0.weight: 130/512 channels masked
Layer layer4.1.conv1.weight: 16/512 channels masked
Layer layer4.1.conv2.weight: 50/512 channels masked
------------------------- time cost ------------------------- 7.622191905975342
ASR: 0.060385094918092956
attack_auc: 0.6552165144217352
Layer conv1.weight: 3/64 channels masked
Layer layer1.0.conv2.weight: 1/64 channels masked
Layer layer1.1.conv1.weight: 1/64 channels masked
Layer layer2.0.conv2.weight: 3/128 channels masked
Layer layer2.0.downsample.0.weight: 4/128 channels masked
Layer layer2.1.conv2.weight: 1/128 channels masked
Layer layer3.0.downsample.0.weight: 5/256 channels masked
Layer layer4.0.conv1.weight: 1/512 channels masked
Layer layer4.0.conv2.weight: 69/512 channels masked
Layer layer4.0.downsample.0.weight: 130/512 channels masked
Layer layer4.1.conv1.weight: 16/512 channels masked
Layer layer4.1.conv2.weight: 50/512 channels masked
------------------------- time cost ------------------------- 8.147566795349121
ASR: 0.06479417233030102
attack_auc: 0.6577737178642226
Layer conv1.weight: 3/64 channels masked
Layer layer1.0.conv2.weight: 1/64 channels masked
Layer layer1.1.conv1.weight: 1/64 channels masked
Layer layer2.0.conv2.weight: 3/128 channels masked
Layer layer2.0.downsample.0.weight: 4/128 channels masked
Layer layer2.1.conv2.weight: 1/128 channels masked
Layer layer3.0.downsample.0.weight: 5/256 channels masked
Layer layer4.0.conv1.weight: 1/512 channels masked
Layer layer4.0.conv2.weight: 69/512 channels masked
Layer layer4.0.downsample.0.weight: 130/512 channels masked
Layer layer4.1.conv1.weight: 16/512 channels masked
Layer layer4.1.conv2.weight: 50/512 channels masked
------------------------- time cost ------------------------- 8.878756761550903
ASR: 0.07795014257944002
attack_auc: 0.6751338816960513
Layer conv1.weight: 3/64 channels masked
Layer layer1.0.conv2.weight: 1/64 channels masked
Layer layer1.1.conv1.weight: 1/64 channels masked
Layer layer2.0.conv2.weight: 3/128 channels masked
Layer layer2.0.downsample.0.weight: 4/128 channels masked
Layer layer2.1.conv2.weight: 1/128 channels masked
Layer layer3.0.downsample.0.weight: 5/256 channels masked
Layer layer4.0.conv1.weight: 1/512 channels masked
Layer layer4.0.conv2.weight: 69/512 channels masked
Layer layer4.0.downsample.0.weight: 130/512 channels masked
Layer layer4.1.conv1.weight: 16/512 channels masked
Layer layer4.1.conv2.weight: 50/512 channels masked
------------------------- time cost ------------------------- 9.035048484802246
ASR: 0.08089394713672321
attack_auc: 0.6663021711295392
Layer conv1.weight: 3/64 channels masked
Layer layer1.0.conv2.weight: 1/64 channels masked
Layer layer1.1.conv1.weight: 1/64 channels masked
Layer layer2.0.conv2.weight: 3/128 channels masked
Layer layer2.0.downsample.0.weight: 4/128 channels masked
Layer layer2.1.conv2.weight: 1/128 channels masked
Layer layer3.0.downsample.0.weight: 5/256 channels masked
Layer layer4.0.conv1.weight: 1/512 channels masked
Layer layer4.0.conv2.weight: 69/512 channels masked
Layer layer4.0.downsample.0.weight: 130/512 channels masked
Layer layer4.1.conv1.weight: 16/512 channels masked
Layer layer4.1.conv2.weight: 50/512 channels masked
------------------------- time cost ------------------------- 7.392975330352783
ASR: 0.08607020990909088
attack_auc: 0.6845096313644796
Layer conv1.weight: 3/64 channels masked
Layer layer1.0.conv2.weight: 1/64 channels masked
Layer layer1.1.conv1.weight: 1/64 channels masked
Layer layer2.0.conv2.weight: 3/128 channels masked
Layer layer2.0.downsample.0.weight: 4/128 channels masked
Layer layer2.1.conv2.weight: 1/128 channels masked
Layer layer3.0.downsample.0.weight: 5/256 channels masked
Layer layer4.0.conv1.weight: 1/512 channels masked
Layer layer4.0.conv2.weight: 69/512 channels masked
Layer layer4.0.downsample.0.weight: 130/512 channels masked
Layer layer4.1.conv1.weight: 16/512 channels masked
Layer layer4.1.conv2.weight: 50/512 channels masked
------------------------- time cost ------------------------- 8.278214931488037

-------------Round number: 210-------------

Evaluate personalized models
Averaged Train Loss: 0.2212
Averaged Test Accurancy: 0.7450
Averaged Test AUC: 0.9540
Std Test Accurancy: 0.0959
Std Test AUC: 0.0225
ASR: 0.06574251041612217
attack_auc: 0.668454037017215
Layer conv1.weight: 3/64 channels masked
Layer layer1.0.conv2.weight: 1/64 channels masked
Layer layer1.1.conv1.weight: 1/64 channels masked
Layer layer2.0.conv2.weight: 3/128 channels masked
Layer layer2.0.downsample.0.weight: 4/128 channels masked
Layer layer2.1.conv2.weight: 1/128 channels masked
Layer layer3.0.downsample.0.weight: 5/256 channels masked
Layer layer4.0.conv1.weight: 1/512 channels masked
Layer layer4.0.conv2.weight: 69/512 channels masked
Layer layer4.0.downsample.0.weight: 130/512 channels masked
Layer layer4.1.conv1.weight: 16/512 channels masked
Layer layer4.1.conv2.weight: 50/512 channels masked
------------------------- time cost ------------------------- 15.701595067977905
ASR: 0.06655014137012481
attack_auc: 0.66283613253865
Layer conv1.weight: 3/64 channels masked
Layer layer1.0.conv2.weight: 1/64 channels masked
Layer layer1.1.conv1.weight: 1/64 channels masked
Layer layer2.0.conv2.weight: 3/128 channels masked
Layer layer2.0.downsample.0.weight: 4/128 channels masked
Layer layer2.1.conv2.weight: 1/128 channels masked
Layer layer3.0.downsample.0.weight: 5/256 channels masked
Layer layer4.0.conv1.weight: 1/512 channels masked
Layer layer4.0.conv2.weight: 68/512 channels masked
Layer layer4.0.downsample.0.weight: 130/512 channels masked
Layer layer4.1.conv1.weight: 16/512 channels masked
Layer layer4.1.conv2.weight: 50/512 channels masked
------------------------- time cost ------------------------- 9.356122732162476
ASR: 0.05168523539594452
attack_auc: 0.6495436016415412
Layer conv1.weight: 3/64 channels masked
Layer layer1.0.conv2.weight: 1/64 channels masked
Layer layer1.1.conv1.weight: 1/64 channels masked
Layer layer2.0.conv2.weight: 3/128 channels masked
Layer layer2.0.downsample.0.weight: 4/128 channels masked
Layer layer2.1.conv2.weight: 1/128 channels masked
Layer layer3.0.downsample.0.weight: 5/256 channels masked
Layer layer4.0.conv1.weight: 1/512 channels masked
Layer layer4.0.conv2.weight: 68/512 channels masked
Layer layer4.0.downsample.0.weight: 130/512 channels masked
Layer layer4.1.conv1.weight: 16/512 channels masked
Layer layer4.1.conv2.weight: 51/512 channels masked
------------------------- time cost ------------------------- 7.4408228397369385
ASR: 0.05071074890171039
attack_auc: 0.6442297738167164
Layer conv1.weight: 3/64 channels masked
Layer layer1.0.conv2.weight: 1/64 channels masked
Layer layer1.1.conv1.weight: 1/64 channels masked
Layer layer2.0.conv2.weight: 3/128 channels masked
Layer layer2.0.downsample.0.weight: 4/128 channels masked
Layer layer2.1.conv2.weight: 1/128 channels masked
Layer layer3.0.downsample.0.weight: 5/256 channels masked
Layer layer4.0.conv1.weight: 1/512 channels masked
Layer layer4.0.conv2.weight: 68/512 channels masked
Layer layer4.0.downsample.0.weight: 130/512 channels masked
Layer layer4.1.conv1.weight: 16/512 channels masked
Layer layer4.1.conv2.weight: 50/512 channels masked
------------------------- time cost ------------------------- 7.281198263168335
ASR: 0.05656752050620606
attack_auc: 0.647413761979164
Layer conv1.weight: 3/64 channels masked
Layer layer1.0.conv2.weight: 1/64 channels masked
Layer layer1.1.conv1.weight: 1/64 channels masked
Layer layer2.0.conv2.weight: 3/128 channels masked
Layer layer2.0.downsample.0.weight: 4/128 channels masked
Layer layer2.1.conv2.weight: 1/128 channels masked
Layer layer3.0.downsample.0.weight: 5/256 channels masked
Layer layer4.0.conv1.weight: 1/512 channels masked
Layer layer4.0.conv2.weight: 68/512 channels masked
Layer layer4.0.downsample.0.weight: 130/512 channels masked
Layer layer4.1.conv1.weight: 16/512 channels masked
Layer layer4.1.conv2.weight: 51/512 channels masked
------------------------- time cost ------------------------- 7.440934896469116
ASR: 0.052418222498323286
attack_auc: 0.632594307187527
Layer conv1.weight: 4/64 channels masked
Layer layer1.0.conv2.weight: 1/64 channels masked
Layer layer1.1.conv1.weight: 1/64 channels masked
Layer layer2.0.conv2.weight: 3/128 channels masked
Layer layer2.0.downsample.0.weight: 4/128 channels masked
Layer layer2.1.conv2.weight: 1/128 channels masked
Layer layer3.0.downsample.0.weight: 5/256 channels masked
Layer layer4.0.conv1.weight: 1/512 channels masked
Layer layer4.0.conv2.weight: 68/512 channels masked
Layer layer4.0.downsample.0.weight: 130/512 channels masked
Layer layer4.1.conv1.weight: 16/512 channels masked
Layer layer4.1.conv2.weight: 51/512 channels masked
------------------------- time cost ------------------------- 8.271033763885498
ASR: 0.06168386344294802
attack_auc: 0.6501932371563519
Layer conv1.weight: 3/64 channels masked
Layer layer1.0.conv2.weight: 1/64 channels masked
Layer layer1.1.conv1.weight: 1/64 channels masked
Layer layer2.0.conv2.weight: 3/128 channels masked
Layer layer2.0.downsample.0.weight: 4/128 channels masked
Layer layer2.1.conv2.weight: 1/128 channels masked
Layer layer3.0.downsample.0.weight: 5/256 channels masked
Layer layer4.0.conv1.weight: 1/512 channels masked
Layer layer4.0.conv2.weight: 68/512 channels masked
Layer layer4.0.downsample.0.weight: 130/512 channels masked
Layer layer4.1.conv1.weight: 16/512 channels masked
Layer layer4.1.conv2.weight: 51/512 channels masked
------------------------- time cost ------------------------- 7.264788866043091
ASR: 0.06743469933159423
attack_auc: 0.6515944295268153
Layer conv1.weight: 4/64 channels masked
Layer layer1.0.conv2.weight: 1/64 channels masked
Layer layer1.1.conv1.weight: 1/64 channels masked
Layer layer2.0.conv2.weight: 3/128 channels masked
Layer layer2.0.downsample.0.weight: 4/128 channels masked
Layer layer2.1.conv2.weight: 1/128 channels masked
Layer layer3.0.downsample.0.weight: 5/256 channels masked
Layer layer4.0.conv1.weight: 1/512 channels masked
Layer layer4.0.conv2.weight: 68/512 channels masked
Layer layer4.0.downsample.0.weight: 130/512 channels masked
Layer layer4.1.conv1.weight: 16/512 channels masked
Layer layer4.1.conv2.weight: 52/512 channels masked
------------------------- time cost ------------------------- 8.07749319076538
ASR: 0.08025614222668755
attack_auc: 0.6743089807608055
Layer conv1.weight: 4/64 channels masked
Layer layer1.0.conv2.weight: 1/64 channels masked
Layer layer1.1.conv1.weight: 1/64 channels masked
Layer layer2.0.conv2.weight: 3/128 channels masked
Layer layer2.0.downsample.0.weight: 4/128 channels masked
Layer layer2.1.conv2.weight: 1/128 channels masked
Layer layer3.0.downsample.0.weight: 5/256 channels masked
Layer layer4.0.conv1.weight: 1/512 channels masked
Layer layer4.0.conv2.weight: 68/512 channels masked
Layer layer4.0.downsample.0.weight: 130/512 channels masked
Layer layer4.1.conv1.weight: 16/512 channels masked
Layer layer4.1.conv2.weight: 52/512 channels masked
------------------------- time cost ------------------------- 8.052369117736816
ASR: 0.06033379423215929
attack_auc: 0.6506326761097521
Layer conv1.weight: 4/64 channels masked
Layer layer1.0.conv2.weight: 1/64 channels masked
Layer layer1.1.conv1.weight: 1/64 channels masked
Layer layer2.0.conv2.weight: 3/128 channels masked
Layer layer2.0.downsample.0.weight: 4/128 channels masked
Layer layer2.1.conv2.weight: 1/128 channels masked
Layer layer3.0.downsample.0.weight: 5/256 channels masked
Layer layer4.0.conv1.weight: 1/512 channels masked
Layer layer4.0.conv2.weight: 68/512 channels masked
Layer layer4.0.downsample.0.weight: 130/512 channels masked
Layer layer4.1.conv1.weight: 17/512 channels masked
Layer layer4.1.conv2.weight: 52/512 channels masked
------------------------- time cost ------------------------- 9.21485424041748

-------------Round number: 220-------------

Evaluate personalized models
Averaged Train Loss: 0.1866
Averaged Test Accurancy: 0.7578
Averaged Test AUC: 0.9562
Std Test Accurancy: 0.0905
Std Test AUC: 0.0228
ASR: 0.055192745723716456
attack_auc: 0.64011424423394
Layer conv1.weight: 4/64 channels masked
Layer layer1.0.conv2.weight: 1/64 channels masked
Layer layer1.1.conv1.weight: 1/64 channels masked
Layer layer2.0.conv2.weight: 3/128 channels masked
Layer layer2.0.downsample.0.weight: 4/128 channels masked
Layer layer2.1.conv2.weight: 1/128 channels masked
Layer layer3.0.downsample.0.weight: 5/256 channels masked
Layer layer4.0.conv1.weight: 1/512 channels masked
Layer layer4.0.conv2.weight: 68/512 channels masked
Layer layer4.0.downsample.0.weight: 131/512 channels masked
Layer layer4.1.conv1.weight: 17/512 channels masked
Layer layer4.1.conv2.weight: 52/512 channels masked
------------------------- time cost ------------------------- 15.87618350982666
ASR: 0.06020647349067618
attack_auc: 0.6498114341230768
Layer conv1.weight: 4/64 channels masked
Layer layer1.0.conv2.weight: 1/64 channels masked
Layer layer1.1.conv1.weight: 1/64 channels masked
Layer layer2.0.conv2.weight: 3/128 channels masked
Layer layer2.0.downsample.0.weight: 4/128 channels masked
Layer layer2.1.conv2.weight: 1/128 channels masked
Layer layer3.0.downsample.0.weight: 5/256 channels masked
Layer layer4.0.conv1.weight: 1/512 channels masked
Layer layer4.0.conv2.weight: 67/512 channels masked
Layer layer4.0.downsample.0.weight: 131/512 channels masked
Layer layer4.1.conv1.weight: 17/512 channels masked
Layer layer4.1.conv2.weight: 52/512 channels masked
------------------------- time cost ------------------------- 8.833216428756714
ASR: 0.05034031191066262
attack_auc: 0.6281883596995874
Layer conv1.weight: 4/64 channels masked
Layer layer1.0.conv2.weight: 1/64 channels masked
Layer layer1.1.conv1.weight: 1/64 channels masked
Layer layer2.0.conv2.weight: 3/128 channels masked
Layer layer2.0.downsample.0.weight: 4/128 channels masked
Layer layer2.1.conv2.weight: 1/128 channels masked
Layer layer3.0.downsample.0.weight: 5/256 channels masked
Layer layer4.0.conv1.weight: 1/512 channels masked
Layer layer4.0.conv2.weight: 67/512 channels masked
Layer layer4.0.downsample.0.weight: 131/512 channels masked
Layer layer4.1.conv1.weight: 17/512 channels masked
Layer layer4.1.conv2.weight: 53/512 channels masked
------------------------- time cost ------------------------- 7.257463455200195
ASR: 0.05648540268546857
attack_auc: 0.6244083171959021
Layer conv1.weight: 4/64 channels masked
Layer layer1.0.conv2.weight: 1/64 channels masked
Layer layer1.1.conv1.weight: 1/64 channels masked
Layer layer2.0.conv2.weight: 3/128 channels masked
Layer layer2.0.downsample.0.weight: 4/128 channels masked
Layer layer2.1.conv2.weight: 1/128 channels masked
Layer layer3.0.downsample.0.weight: 5/256 channels masked
Layer layer4.0.conv1.weight: 1/512 channels masked
Layer layer4.0.conv2.weight: 67/512 channels masked
Layer layer4.0.downsample.0.weight: 131/512 channels masked
Layer layer4.1.conv1.weight: 17/512 channels masked
Layer layer4.1.conv2.weight: 54/512 channels masked
------------------------- time cost ------------------------- 8.479204654693604
ASR: 0.06469629341292388
attack_auc: 0.6451292913723767
Layer conv1.weight: 4/64 channels masked
Layer layer1.0.conv2.weight: 1/64 channels masked
Layer layer1.1.conv1.weight: 1/64 channels masked
Layer layer2.0.conv2.weight: 3/128 channels masked
Layer layer2.0.downsample.0.weight: 4/128 channels masked
Layer layer2.1.conv2.weight: 1/128 channels masked
Layer layer3.0.downsample.0.weight: 5/256 channels masked
Layer layer4.0.conv1.weight: 1/512 channels masked
Layer layer4.0.conv2.weight: 68/512 channels masked
Layer layer4.0.downsample.0.weight: 131/512 channels masked
Layer layer4.1.conv1.weight: 19/512 channels masked
Layer layer4.1.conv2.weight: 58/512 channels masked
------------------------- time cost ------------------------- 8.528042316436768
ASR: 0.07876958028513248
attack_auc: 0.6608436158293903
Layer conv1.weight: 4/64 channels masked
Layer layer1.0.conv2.weight: 1/64 channels masked
Layer layer1.1.conv1.weight: 1/64 channels masked
Layer layer2.0.conv2.weight: 3/128 channels masked
Layer layer2.0.downsample.0.weight: 4/128 channels masked
Layer layer2.1.conv2.weight: 1/128 channels masked
Layer layer3.0.downsample.0.weight: 5/256 channels masked
Layer layer4.0.conv1.weight: 1/512 channels masked
Layer layer4.0.conv2.weight: 69/512 channels masked
Layer layer4.0.downsample.0.weight: 131/512 channels masked
Layer layer4.1.conv1.weight: 19/512 channels masked
Layer layer4.1.conv2.weight: 58/512 channels masked
------------------------- time cost ------------------------- 9.207589864730835
ASR: 0.07402231435853728
attack_auc: 0.64650675813632
Layer conv1.weight: 3/64 channels masked
Layer layer1.0.conv2.weight: 1/64 channels masked
Layer layer1.1.conv1.weight: 1/64 channels masked
Layer layer2.0.conv2.weight: 3/128 channels masked
Layer layer2.0.downsample.0.weight: 4/128 channels masked
Layer layer2.1.conv2.weight: 1/128 channels masked
Layer layer3.0.downsample.0.weight: 5/256 channels masked
Layer layer4.0.conv1.weight: 1/512 channels masked
Layer layer4.0.conv2.weight: 69/512 channels masked
Layer layer4.0.downsample.0.weight: 131/512 channels masked
Layer layer4.1.conv1.weight: 21/512 channels masked
Layer layer4.1.conv2.weight: 60/512 channels masked
------------------------- time cost ------------------------- 7.9854185581207275
ASR: 0.05842213863073039
attack_auc: 0.635135850904159
Layer conv1.weight: 3/64 channels masked
Layer layer1.0.conv2.weight: 1/64 channels masked
Layer layer1.1.conv1.weight: 1/64 channels masked
Layer layer2.0.conv2.weight: 3/128 channels masked
Layer layer2.0.downsample.0.weight: 4/128 channels masked
Layer layer2.1.conv2.weight: 1/128 channels masked
Layer layer3.0.downsample.0.weight: 5/256 channels masked
Layer layer4.0.conv1.weight: 1/512 channels masked
Layer layer4.0.conv2.weight: 68/512 channels masked
Layer layer4.0.downsample.0.weight: 131/512 channels masked
Layer layer4.1.conv1.weight: 21/512 channels masked
Layer layer4.1.conv2.weight: 60/512 channels masked
------------------------- time cost ------------------------- 8.046211004257202
ASR: 0.05463821333213817
attack_auc: 0.6449937645061949
Layer conv1.weight: 4/64 channels masked
Layer layer1.0.conv2.weight: 1/64 channels masked
Layer layer1.1.conv1.weight: 1/64 channels masked
Layer layer2.0.conv2.weight: 3/128 channels masked
Layer layer2.0.downsample.0.weight: 4/128 channels masked
Layer layer2.1.conv2.weight: 1/128 channels masked
Layer layer3.0.downsample.0.weight: 5/256 channels masked
Layer layer4.0.conv1.weight: 1/512 channels masked
Layer layer4.0.conv2.weight: 69/512 channels masked
Layer layer4.0.downsample.0.weight: 131/512 channels masked
Layer layer4.1.conv1.weight: 22/512 channels masked
Layer layer4.1.conv2.weight: 60/512 channels masked
------------------------- time cost ------------------------- 8.354794979095459
ASR: 0.04385482293829823
attack_auc: 0.6183201677503386
Layer conv1.weight: 4/64 channels masked
Layer layer1.0.conv2.weight: 1/64 channels masked
Layer layer1.1.conv1.weight: 1/64 channels masked
Layer layer2.0.conv2.weight: 3/128 channels masked
Layer layer2.0.downsample.0.weight: 4/128 channels masked
Layer layer2.1.conv2.weight: 1/128 channels masked
Layer layer3.0.downsample.0.weight: 5/256 channels masked
Layer layer4.0.conv1.weight: 1/512 channels masked
Layer layer4.0.conv2.weight: 71/512 channels masked
Layer layer4.0.downsample.0.weight: 131/512 channels masked
Layer layer4.1.conv1.weight: 22/512 channels masked
Layer layer4.1.conv2.weight: 60/512 channels masked
------------------------- time cost ------------------------- 8.467047929763794

-------------Round number: 230-------------

Evaluate personalized models
Averaged Train Loss: 0.2572
Averaged Test Accurancy: 0.7307
Averaged Test AUC: 0.9527
Std Test Accurancy: 0.0967
Std Test AUC: 0.0241
ASR: 0.05406928819467947
attack_auc: 0.6319132759545394
Layer conv1.weight: 4/64 channels masked
Layer layer1.0.conv2.weight: 1/64 channels masked
Layer layer1.1.conv1.weight: 1/64 channels masked
Layer layer2.0.conv2.weight: 3/128 channels masked
Layer layer2.0.downsample.0.weight: 4/128 channels masked
Layer layer2.1.conv2.weight: 1/128 channels masked
Layer layer3.0.downsample.0.weight: 5/256 channels masked
Layer layer4.0.conv1.weight: 1/512 channels masked
Layer layer4.0.conv2.weight: 71/512 channels masked
Layer layer4.0.downsample.0.weight: 132/512 channels masked
Layer layer4.1.conv1.weight: 22/512 channels masked
Layer layer4.1.conv2.weight: 62/512 channels masked
------------------------- time cost ------------------------- 14.975905418395996
ASR: 0.06085376665786179
attack_auc: 0.6373107915168966
Layer conv1.weight: 4/64 channels masked
Layer layer1.0.conv2.weight: 1/64 channels masked
Layer layer1.1.conv1.weight: 1/64 channels masked
Layer layer2.0.conv2.weight: 3/128 channels masked
Layer layer2.0.downsample.0.weight: 4/128 channels masked
Layer layer2.1.conv2.weight: 1/128 channels masked
Layer layer3.0.downsample.0.weight: 5/256 channels masked
Layer layer4.0.conv1.weight: 1/512 channels masked
Layer layer4.0.conv2.weight: 71/512 channels masked
Layer layer4.0.downsample.0.weight: 132/512 channels masked
Layer layer4.1.conv1.weight: 22/512 channels masked
Layer layer4.1.conv2.weight: 62/512 channels masked
------------------------- time cost ------------------------- 7.775905609130859
ASR: 0.056892828349367076
attack_auc: 0.6365211112769376
Layer conv1.weight: 4/64 channels masked
Layer layer1.0.conv2.weight: 1/64 channels masked
Layer layer1.1.conv1.weight: 1/64 channels masked
Layer layer2.0.conv2.weight: 3/128 channels masked
Layer layer2.0.downsample.0.weight: 4/128 channels masked
Layer layer2.1.conv2.weight: 1/128 channels masked
Layer layer3.0.downsample.0.weight: 5/256 channels masked
Layer layer4.0.conv1.weight: 1/512 channels masked
Layer layer4.0.conv2.weight: 73/512 channels masked
Layer layer4.0.downsample.0.weight: 132/512 channels masked
Layer layer4.1.conv1.weight: 22/512 channels masked
Layer layer4.1.conv2.weight: 62/512 channels masked
------------------------- time cost ------------------------- 9.11674690246582
ASR: 0.07598962870108034
attack_auc: 0.6528692129825154
Layer conv1.weight: 4/64 channels masked
Layer layer1.0.conv2.weight: 1/64 channels masked
Layer layer1.1.conv1.weight: 1/64 channels masked
Layer layer2.0.conv2.weight: 3/128 channels masked
Layer layer2.0.downsample.0.weight: 4/128 channels masked
Layer layer2.1.conv2.weight: 1/128 channels masked
Layer layer3.0.downsample.0.weight: 5/256 channels masked
Layer layer4.0.conv1.weight: 1/512 channels masked
Layer layer4.0.conv2.weight: 73/512 channels masked
Layer layer4.0.downsample.0.weight: 132/512 channels masked
Layer layer4.1.conv1.weight: 22/512 channels masked
Layer layer4.1.conv2.weight: 62/512 channels masked
------------------------- time cost ------------------------- 7.48797869682312
ASR: 0.06306212897846046
attack_auc: 0.642614077117033
Layer conv1.weight: 6/64 channels masked
Layer layer1.0.conv2.weight: 1/64 channels masked
Layer layer1.1.conv1.weight: 1/64 channels masked
Layer layer2.0.conv2.weight: 3/128 channels masked
Layer layer2.0.downsample.0.weight: 4/128 channels masked
Layer layer2.1.conv2.weight: 1/128 channels masked
Layer layer3.0.downsample.0.weight: 5/256 channels masked
Layer layer4.0.conv1.weight: 1/512 channels masked
Layer layer4.0.conv2.weight: 71/512 channels masked
Layer layer4.0.downsample.0.weight: 132/512 channels masked
Layer layer4.1.conv1.weight: 22/512 channels masked
Layer layer4.1.conv2.weight: 63/512 channels masked
------------------------- time cost ------------------------- 8.278050184249878
ASR: 0.0612739924681135
attack_auc: 0.6458910582727688
Layer conv1.weight: 6/64 channels masked
Layer layer1.0.conv2.weight: 1/64 channels masked
Layer layer1.1.conv1.weight: 1/64 channels masked
Layer layer2.0.conv2.weight: 3/128 channels masked
Layer layer2.0.downsample.0.weight: 4/128 channels masked
Layer layer2.1.conv2.weight: 1/128 channels masked
Layer layer3.0.downsample.0.weight: 5/256 channels masked
Layer layer4.0.conv2.weight: 71/512 channels masked
Layer layer4.0.downsample.0.weight: 132/512 channels masked
Layer layer4.1.conv1.weight: 22/512 channels masked
Layer layer4.1.conv2.weight: 65/512 channels masked
------------------------- time cost ------------------------- 8.721811056137085
ASR: 0.06785264572722419
attack_auc: 0.6516078225207337
Layer conv1.weight: 6/64 channels masked
Layer layer1.0.conv2.weight: 1/64 channels masked
Layer layer1.1.conv1.weight: 1/64 channels masked
Layer layer2.0.conv2.weight: 3/128 channels masked
Layer layer2.0.downsample.0.weight: 4/128 channels masked
Layer layer2.1.conv2.weight: 1/128 channels masked
Layer layer3.0.downsample.0.weight: 5/256 channels masked
Layer layer4.0.conv2.weight: 72/512 channels masked
Layer layer4.0.downsample.0.weight: 132/512 channels masked
Layer layer4.1.conv1.weight: 22/512 channels masked
Layer layer4.1.conv2.weight: 67/512 channels masked
------------------------- time cost ------------------------- 8.594324111938477
ASR: 0.07559652693546355
attack_auc: 0.6680391174864361
Layer conv1.weight: 6/64 channels masked
Layer layer1.0.conv2.weight: 1/64 channels masked
Layer layer1.1.conv1.weight: 1/64 channels masked
Layer layer2.0.conv2.weight: 3/128 channels masked
Layer layer2.0.downsample.0.weight: 4/128 channels masked
Layer layer2.1.conv2.weight: 1/128 channels masked
Layer layer3.0.downsample.0.weight: 5/256 channels masked
Layer layer4.0.conv2.weight: 71/512 channels masked
Layer layer4.0.downsample.0.weight: 132/512 channels masked
Layer layer4.1.conv1.weight: 22/512 channels masked
Layer layer4.1.conv2.weight: 67/512 channels masked
------------------------- time cost ------------------------- 8.911885499954224
ASR: 0.07283314638518455
attack_auc: 0.663225593535953
Layer conv1.weight: 6/64 channels masked
Layer layer1.0.conv2.weight: 1/64 channels masked
Layer layer1.1.conv1.weight: 1/64 channels masked
Layer layer2.0.conv2.weight: 3/128 channels masked
Layer layer2.0.downsample.0.weight: 4/128 channels masked
Layer layer2.1.conv2.weight: 1/128 channels masked
Layer layer3.0.downsample.0.weight: 5/256 channels masked
Layer layer4.0.conv2.weight: 69/512 channels masked
Layer layer4.0.downsample.0.weight: 132/512 channels masked
Layer layer4.1.conv1.weight: 22/512 channels masked
Layer layer4.1.conv2.weight: 67/512 channels masked
------------------------- time cost ------------------------- 8.961880922317505
ASR: 0.09333987516097994
attack_auc: 0.6639598816536816
Layer conv1.weight: 6/64 channels masked
Layer layer1.0.conv2.weight: 1/64 channels masked
Layer layer1.1.conv1.weight: 1/64 channels masked
Layer layer2.0.conv2.weight: 3/128 channels masked
Layer layer2.0.downsample.0.weight: 4/128 channels masked
Layer layer2.1.conv2.weight: 1/128 channels masked
Layer layer3.0.downsample.0.weight: 5/256 channels masked
Layer layer4.0.conv2.weight: 66/512 channels masked
Layer layer4.0.downsample.0.weight: 132/512 channels masked
Layer layer4.1.conv1.weight: 22/512 channels masked
Layer layer4.1.conv2.weight: 67/512 channels masked
------------------------- time cost ------------------------- 8.182039737701416

-------------Round number: 240-------------

Evaluate personalized models
Averaged Train Loss: 0.4571
Averaged Test Accurancy: 0.7280
Averaged Test AUC: 0.9471
Std Test Accurancy: 0.1159
Std Test AUC: 0.0478
ASR: 0.09807424674075957
attack_auc: 0.6746379824740352
Layer conv1.weight: 8/64 channels masked
Layer layer1.0.conv2.weight: 1/64 channels masked
Layer layer1.1.conv1.weight: 1/64 channels masked
Layer layer2.0.conv2.weight: 3/128 channels masked
Layer layer2.0.downsample.0.weight: 4/128 channels masked
Layer layer2.1.conv2.weight: 1/128 channels masked
Layer layer3.0.downsample.0.weight: 5/256 channels masked
Layer layer4.0.conv2.weight: 66/512 channels masked
Layer layer4.0.downsample.0.weight: 132/512 channels masked
Layer layer4.1.conv1.weight: 22/512 channels masked
Layer layer4.1.conv2.weight: 68/512 channels masked
------------------------- time cost ------------------------- 15.8954336643219
ASR: 0.11882719724730238
attack_auc: 0.693125203170072
Layer conv1.weight: 7/64 channels masked
Layer layer1.0.conv2.weight: 1/64 channels masked
Layer layer1.1.conv1.weight: 1/64 channels masked
Layer layer2.0.conv2.weight: 3/128 channels masked
Layer layer2.0.downsample.0.weight: 4/128 channels masked
Layer layer2.1.conv2.weight: 1/128 channels masked
Layer layer3.0.downsample.0.weight: 5/256 channels masked
Layer layer4.0.conv2.weight: 66/512 channels masked
Layer layer4.0.downsample.0.weight: 132/512 channels masked
Layer layer4.1.conv1.weight: 22/512 channels masked
Layer layer4.1.conv2.weight: 68/512 channels masked
------------------------- time cost ------------------------- 7.38864541053772
ASR: 0.12432694468364698
attack_auc: 0.6913695438300825
Layer conv1.weight: 8/64 channels masked
Layer layer1.0.conv2.weight: 1/64 channels masked
Layer layer1.1.conv1.weight: 1/64 channels masked
Layer layer2.0.conv2.weight: 3/128 channels masked
Layer layer2.0.downsample.0.weight: 4/128 channels masked
Layer layer2.1.conv2.weight: 1/128 channels masked
Layer layer3.0.downsample.0.weight: 5/256 channels masked
Layer layer4.0.conv2.weight: 66/512 channels masked
Layer layer4.0.downsample.0.weight: 132/512 channels masked
Layer layer4.1.conv1.weight: 22/512 channels masked
Layer layer4.1.conv2.weight: 68/512 channels masked
------------------------- time cost ------------------------- 8.414971351623535
ASR: 0.07442254150897387
attack_auc: 0.6490299682775661
Layer conv1.weight: 7/64 channels masked
Layer layer1.0.conv2.weight: 1/64 channels masked
Layer layer1.1.conv1.weight: 1/64 channels masked
Layer layer2.0.conv2.weight: 3/128 channels masked
Layer layer2.0.downsample.0.weight: 4/128 channels masked
Layer layer2.1.conv2.weight: 1/128 channels masked
Layer layer3.0.downsample.0.weight: 5/256 channels masked
Layer layer4.0.conv2.weight: 65/512 channels masked
Layer layer4.0.downsample.0.weight: 132/512 channels masked
Layer layer4.1.conv1.weight: 22/512 channels masked
Layer layer4.1.conv2.weight: 68/512 channels masked
------------------------- time cost ------------------------- 8.176846981048584
ASR: 0.09458205586753506
attack_auc: 0.6668461330634626
Layer conv1.weight: 7/64 channels masked
Layer layer1.0.conv2.weight: 1/64 channels masked
Layer layer1.1.conv1.weight: 1/64 channels masked
Layer layer2.0.conv2.weight: 3/128 channels masked
Layer layer2.0.downsample.0.weight: 4/128 channels masked
Layer layer2.1.conv2.weight: 1/128 channels masked
Layer layer3.0.downsample.0.weight: 5/256 channels masked
Layer layer4.0.conv2.weight: 65/512 channels masked
Layer layer4.0.downsample.0.weight: 132/512 channels masked
Layer layer4.1.conv1.weight: 22/512 channels masked
Layer layer4.1.conv2.weight: 69/512 channels masked
------------------------- time cost ------------------------- 7.9734532833099365
ASR: 0.0849561597720343
attack_auc: 0.6604318570345348
Layer conv1.weight: 7/64 channels masked
Layer layer1.0.conv2.weight: 1/64 channels masked
Layer layer1.1.conv1.weight: 1/64 channels masked
Layer layer2.0.conv2.weight: 3/128 channels masked
Layer layer2.0.downsample.0.weight: 4/128 channels masked
Layer layer2.1.conv2.weight: 1/128 channels masked
Layer layer3.0.downsample.0.weight: 5/256 channels masked
Layer layer4.0.conv2.weight: 65/512 channels masked
Layer layer4.0.downsample.0.weight: 132/512 channels masked
Layer layer4.1.conv1.weight: 22/512 channels masked
Layer layer4.1.conv2.weight: 70/512 channels masked
------------------------- time cost ------------------------- 8.340417385101318
ASR: 0.07772020754631317
attack_auc: 0.6506509926443937
Layer conv1.weight: 7/64 channels masked
Layer layer1.0.conv2.weight: 1/64 channels masked
Layer layer1.1.conv1.weight: 1/64 channels masked
Layer layer2.0.conv2.weight: 3/128 channels masked
Layer layer2.0.downsample.0.weight: 4/128 channels masked
Layer layer2.1.conv2.weight: 1/128 channels masked
Layer layer3.0.downsample.0.weight: 5/256 channels masked
Layer layer4.0.conv2.weight: 65/512 channels masked
Layer layer4.0.downsample.0.weight: 132/512 channels masked
Layer layer4.1.conv1.weight: 22/512 channels masked
Layer layer4.1.conv2.weight: 70/512 channels masked
------------------------- time cost ------------------------- 7.329837083816528
ASR: 0.06275822683316132
attack_auc: 0.6304711180462849
Layer conv1.weight: 7/64 channels masked
Layer layer1.0.conv2.weight: 1/64 channels masked
Layer layer1.1.conv1.weight: 1/64 channels masked
Layer layer2.0.conv2.weight: 3/128 channels masked
Layer layer2.0.downsample.0.weight: 4/128 channels masked
Layer layer2.1.conv2.weight: 1/128 channels masked
Layer layer3.0.downsample.0.weight: 5/256 channels masked
Layer layer4.0.conv2.weight: 65/512 channels masked
Layer layer4.0.downsample.0.weight: 132/512 channels masked
Layer layer4.1.conv1.weight: 22/512 channels masked
Layer layer4.1.conv2.weight: 70/512 channels masked
------------------------- time cost ------------------------- 8.06903600692749
ASR: 0.06926882133335382
attack_auc: 0.6307232465775241
Layer conv1.weight: 7/64 channels masked
Layer layer1.0.conv2.weight: 1/64 channels masked
Layer layer1.1.conv1.weight: 1/64 channels masked
Layer layer2.0.conv2.weight: 3/128 channels masked
Layer layer2.0.downsample.0.weight: 4/128 channels masked
Layer layer2.1.conv2.weight: 1/128 channels masked
Layer layer3.0.downsample.0.weight: 5/256 channels masked
Layer layer4.0.conv2.weight: 65/512 channels masked
Layer layer4.0.downsample.0.weight: 132/512 channels masked
Layer layer4.1.conv1.weight: 23/512 channels masked
Layer layer4.1.conv2.weight: 70/512 channels masked
------------------------- time cost ------------------------- 9.119583129882812
ASR: 0.07721723030811282
attack_auc: 0.6494739029890144
Layer conv1.weight: 7/64 channels masked
Layer layer1.0.conv2.weight: 1/64 channels masked
Layer layer1.1.conv1.weight: 1/64 channels masked
Layer layer2.0.conv2.weight: 3/128 channels masked
Layer layer2.0.downsample.0.weight: 4/128 channels masked
Layer layer2.1.conv2.weight: 1/128 channels masked
Layer layer3.0.downsample.0.weight: 5/256 channels masked
Layer layer4.0.conv2.weight: 65/512 channels masked
Layer layer4.0.downsample.0.weight: 132/512 channels masked
Layer layer4.1.conv1.weight: 23/512 channels masked
Layer layer4.1.conv2.weight: 70/512 channels masked
------------------------- time cost ------------------------- 7.554288148880005

-------------Round number: 250-------------

Evaluate personalized models
Averaged Train Loss: 0.4143
Averaged Test Accurancy: 0.7235
Averaged Test AUC: 0.9505
Std Test Accurancy: 0.1128
Std Test AUC: 0.0266
ASR: 0.06877405767431682
attack_auc: 0.6414999134804259
Layer conv1.weight: 7/64 channels masked
Layer layer1.0.conv2.weight: 1/64 channels masked
Layer layer1.1.conv1.weight: 1/64 channels masked
Layer layer2.0.conv2.weight: 3/128 channels masked
Layer layer2.0.downsample.0.weight: 4/128 channels masked
Layer layer2.1.conv2.weight: 1/128 channels masked
Layer layer3.0.downsample.0.weight: 5/256 channels masked
Layer layer4.0.conv2.weight: 65/512 channels masked
Layer layer4.0.downsample.0.weight: 132/512 channels masked
Layer layer4.1.conv1.weight: 23/512 channels masked
Layer layer4.1.conv2.weight: 70/512 channels masked
------------------------- time cost ------------------------- 15.50798487663269
ASR: 0.07723036653880104
attack_auc: 0.644297134784601
Layer conv1.weight: 7/64 channels masked
Layer layer1.0.conv2.weight: 1/64 channels masked
Layer layer1.1.conv1.weight: 1/64 channels masked
Layer layer2.0.conv2.weight: 3/128 channels masked
Layer layer2.0.downsample.0.weight: 4/128 channels masked
Layer layer2.1.conv2.weight: 1/128 channels masked
Layer layer3.0.downsample.0.weight: 5/256 channels masked
Layer layer4.0.conv2.weight: 65/512 channels masked
Layer layer4.0.downsample.0.weight: 132/512 channels masked
Layer layer4.1.conv1.weight: 23/512 channels masked
Layer layer4.1.conv2.weight: 70/512 channels masked
------------------------- time cost ------------------------- 8.32216763496399
ASR: 0.07774276115858392
attack_auc: 0.6463458469606332
Layer conv1.weight: 7/64 channels masked
Layer layer1.0.conv2.weight: 1/64 channels masked
Layer layer1.1.conv1.weight: 1/64 channels masked
Layer layer2.0.conv2.weight: 3/128 channels masked
Layer layer2.0.downsample.0.weight: 4/128 channels masked
Layer layer2.1.conv2.weight: 1/128 channels masked
Layer layer3.0.downsample.0.weight: 5/256 channels masked
Layer layer4.0.conv2.weight: 65/512 channels masked
Layer layer4.0.downsample.0.weight: 132/512 channels masked
Layer layer4.1.conv1.weight: 23/512 channels masked
Layer layer4.1.conv2.weight: 70/512 channels masked
------------------------- time cost ------------------------- 7.606153964996338
ASR: 0.0832248200426017
attack_auc: 0.6649287071797333
Layer conv1.weight: 7/64 channels masked
Layer layer1.0.conv2.weight: 1/64 channels masked
Layer layer1.1.conv1.weight: 1/64 channels masked
Layer layer2.0.conv2.weight: 3/128 channels masked
Layer layer2.0.downsample.0.weight: 4/128 channels masked
Layer layer2.1.conv2.weight: 1/128 channels masked
Layer layer3.0.downsample.0.weight: 5/256 channels masked
Layer layer4.0.conv2.weight: 66/512 channels masked
Layer layer4.0.downsample.0.weight: 132/512 channels masked
Layer layer4.1.conv1.weight: 24/512 channels masked
Layer layer4.1.conv2.weight: 70/512 channels masked
------------------------- time cost ------------------------- 7.838098049163818
ASR: 0.09187916059998417
attack_auc: 0.674713592577006
Layer conv1.weight: 7/64 channels masked
Layer layer1.0.conv2.weight: 1/64 channels masked
Layer layer1.1.conv1.weight: 1/64 channels masked
Layer layer2.0.conv2.weight: 3/128 channels masked
Layer layer2.0.downsample.0.weight: 4/128 channels masked
Layer layer2.1.conv2.weight: 1/128 channels masked
Layer layer3.0.downsample.0.weight: 5/256 channels masked
Layer layer4.0.conv2.weight: 66/512 channels masked
Layer layer4.0.downsample.0.weight: 132/512 channels masked
Layer layer4.1.conv1.weight: 24/512 channels masked
Layer layer4.1.conv2.weight: 71/512 channels masked
------------------------- time cost ------------------------- 8.851906299591064
ASR: 0.06847725367135835
attack_auc: 0.636212334356733
Layer conv1.weight: 7/64 channels masked
Layer layer1.1.conv1.weight: 1/64 channels masked
Layer layer2.0.conv2.weight: 3/128 channels masked
Layer layer2.0.downsample.0.weight: 4/128 channels masked
Layer layer2.1.conv2.weight: 1/128 channels masked
Layer layer3.0.downsample.0.weight: 5/256 channels masked
Layer layer4.0.conv2.weight: 61/512 channels masked
Layer layer4.0.downsample.0.weight: 132/512 channels masked
Layer layer4.1.conv1.weight: 24/512 channels masked
Layer layer4.1.conv2.weight: 71/512 channels masked
------------------------- time cost ------------------------- 8.758283615112305
ASR: 0.05303763372511263
attack_auc: 0.6119774992973266
Layer conv1.weight: 7/64 channels masked
Layer layer1.1.conv1.weight: 1/64 channels masked
Layer layer2.0.conv2.weight: 3/128 channels masked
Layer layer2.0.downsample.0.weight: 4/128 channels masked
Layer layer2.1.conv2.weight: 1/128 channels masked
Layer layer3.0.downsample.0.weight: 5/256 channels masked
Layer layer4.0.conv2.weight: 62/512 channels masked
Layer layer4.0.downsample.0.weight: 132/512 channels masked
Layer layer4.1.conv1.weight: 24/512 channels masked
Layer layer4.1.conv2.weight: 71/512 channels masked
------------------------- time cost ------------------------- 7.655292272567749
ASR: 0.05338218110132224
attack_auc: 0.6149496649197188
Layer conv1.weight: 7/64 channels masked
Layer layer1.0.conv2.weight: 1/64 channels masked
Layer layer1.1.conv1.weight: 1/64 channels masked
Layer layer2.0.conv2.weight: 3/128 channels masked
Layer layer2.0.downsample.0.weight: 4/128 channels masked
Layer layer2.1.conv2.weight: 1/128 channels masked
Layer layer3.0.downsample.0.weight: 5/256 channels masked
Layer layer4.0.conv2.weight: 63/512 channels masked
Layer layer4.0.downsample.0.weight: 132/512 channels masked
Layer layer4.1.conv1.weight: 24/512 channels masked
Layer layer4.1.conv2.weight: 71/512 channels masked
------------------------- time cost ------------------------- 7.791290044784546
ASR: 0.06849140685342166
attack_auc: 0.6366276571597358
Layer conv1.weight: 7/64 channels masked
Layer layer1.0.conv2.weight: 1/64 channels masked
Layer layer1.1.conv1.weight: 1/64 channels masked
Layer layer2.0.conv2.weight: 3/128 channels masked
Layer layer2.0.downsample.0.weight: 4/128 channels masked
Layer layer2.1.conv2.weight: 1/128 channels masked
Layer layer3.0.downsample.0.weight: 5/256 channels masked
Layer layer4.0.conv2.weight: 64/512 channels masked
Layer layer4.0.downsample.0.weight: 132/512 channels masked
Layer layer4.1.conv1.weight: 24/512 channels masked
Layer layer4.1.conv2.weight: 71/512 channels masked
------------------------- time cost ------------------------- 8.73888897895813
ASR: 0.08809521975559934
attack_auc: 0.6584389837669385
Layer conv1.weight: 7/64 channels masked
Layer layer1.0.conv2.weight: 1/64 channels masked
Layer layer1.1.conv1.weight: 1/64 channels masked
Layer layer2.0.conv2.weight: 3/128 channels masked
Layer layer2.0.downsample.0.weight: 4/128 channels masked
Layer layer2.1.conv2.weight: 1/128 channels masked
Layer layer3.0.downsample.0.weight: 5/256 channels masked
Layer layer4.0.conv2.weight: 66/512 channels masked
Layer layer4.0.downsample.0.weight: 132/512 channels masked
Layer layer4.1.conv1.weight: 24/512 channels masked
Layer layer4.1.conv2.weight: 71/512 channels masked
------------------------- time cost ------------------------- 6.232529878616333

-------------Round number: 260-------------

Evaluate personalized models
Averaged Train Loss: 0.3791
Averaged Test Accurancy: 0.7395
Averaged Test AUC: 0.9534
Std Test Accurancy: 0.1109
Std Test AUC: 0.0250
ASR: 0.08573072162082519
attack_auc: 0.666469063936477
Layer conv1.weight: 7/64 channels masked
Layer layer1.0.conv2.weight: 1/64 channels masked
Layer layer1.1.conv1.weight: 1/64 channels masked
Layer layer2.0.conv2.weight: 3/128 channels masked
Layer layer2.0.downsample.0.weight: 4/128 channels masked
Layer layer2.1.conv2.weight: 1/128 channels masked
Layer layer3.0.downsample.0.weight: 5/256 channels masked
Layer layer4.0.conv2.weight: 66/512 channels masked
Layer layer4.0.downsample.0.weight: 132/512 channels masked
Layer layer4.1.conv1.weight: 24/512 channels masked
Layer layer4.1.conv2.weight: 71/512 channels masked
------------------------- time cost ------------------------- 17.066762685775757
ASR: 0.0904248101254427
attack_auc: 0.6748104647482646
Layer conv1.weight: 7/64 channels masked
Layer layer1.0.conv2.weight: 1/64 channels masked
Layer layer1.1.conv1.weight: 1/64 channels masked
Layer layer2.0.conv2.weight: 3/128 channels masked
Layer layer2.0.downsample.0.weight: 4/128 channels masked
Layer layer2.1.conv2.weight: 1/128 channels masked
Layer layer3.0.downsample.0.weight: 5/256 channels masked
Layer layer4.0.conv2.weight: 66/512 channels masked
Layer layer4.0.downsample.0.weight: 132/512 channels masked
Layer layer4.1.conv1.weight: 24/512 channels masked
Layer layer4.1.conv2.weight: 71/512 channels masked
------------------------- time cost ------------------------- 9.49824333190918
ASR: 0.09137939941312527
attack_auc: 0.6746484939202495
Layer conv1.weight: 8/64 channels masked
Layer layer1.0.conv2.weight: 1/64 channels masked
Layer layer1.1.conv1.weight: 1/64 channels masked
Layer layer2.0.conv2.weight: 3/128 channels masked
Layer layer2.0.downsample.0.weight: 4/128 channels masked
Layer layer2.1.conv2.weight: 1/128 channels masked
Layer layer3.0.downsample.0.weight: 5/256 channels masked
Layer layer4.0.conv2.weight: 67/512 channels masked
Layer layer4.0.downsample.0.weight: 133/512 channels masked
Layer layer4.1.conv1.weight: 26/512 channels masked
Layer layer4.1.conv2.weight: 71/512 channels masked
------------------------- time cost ------------------------- 7.475609540939331
ASR: 0.10097458861176217
attack_auc: 0.6755633815626755
Layer conv1.weight: 8/64 channels masked
Layer layer1.0.conv2.weight: 1/64 channels masked
Layer layer1.1.conv1.weight: 1/64 channels masked
Layer layer2.0.conv2.weight: 3/128 channels masked
Layer layer2.0.downsample.0.weight: 4/128 channels masked
Layer layer2.1.conv2.weight: 1/128 channels masked
Layer layer3.0.downsample.0.weight: 5/256 channels masked
Layer layer4.0.conv2.weight: 67/512 channels masked
Layer layer4.0.downsample.0.weight: 133/512 channels masked
Layer layer4.1.conv1.weight: 26/512 channels masked
Layer layer4.1.conv2.weight: 71/512 channels masked
------------------------- time cost ------------------------- 7.462552547454834
ASR: 0.08399182063365815
attack_auc: 0.6504134236662732
Layer conv1.weight: 8/64 channels masked
Layer layer1.0.conv2.weight: 1/64 channels masked
Layer layer1.1.conv1.weight: 1/64 channels masked
Layer layer2.0.conv2.weight: 3/128 channels masked
Layer layer2.0.downsample.0.weight: 4/128 channels masked
Layer layer2.1.conv2.weight: 1/128 channels masked
Layer layer3.0.downsample.0.weight: 5/256 channels masked
Layer layer4.0.conv2.weight: 67/512 channels masked
Layer layer4.0.downsample.0.weight: 133/512 channels masked
Layer layer4.1.conv1.weight: 28/512 channels masked
Layer layer4.1.conv2.weight: 72/512 channels masked
------------------------- time cost ------------------------- 7.421855449676514
ASR: 0.08938911461476812
attack_auc: 0.6619479920680881
Layer conv1.weight: 8/64 channels masked
Layer layer1.0.conv2.weight: 1/64 channels masked
Layer layer1.1.conv1.weight: 1/64 channels masked
Layer layer2.0.conv2.weight: 3/128 channels masked
Layer layer2.0.downsample.0.weight: 4/128 channels masked
Layer layer2.1.conv2.weight: 1/128 channels masked
Layer layer3.0.downsample.0.weight: 5/256 channels masked
Layer layer4.0.conv2.weight: 67/512 channels masked
Layer layer4.0.downsample.0.weight: 133/512 channels masked
Layer layer4.1.conv1.weight: 29/512 channels masked
Layer layer4.1.conv2.weight: 72/512 channels masked
------------------------- time cost ------------------------- 6.3260650634765625
ASR: 0.10610339183372944
attack_auc: 0.6761198729877578
Layer conv1.weight: 8/64 channels masked
Layer layer1.0.conv2.weight: 1/64 channels masked
Layer layer1.1.conv1.weight: 1/64 channels masked
Layer layer2.0.conv2.weight: 3/128 channels masked
Layer layer2.0.downsample.0.weight: 4/128 channels masked
Layer layer2.1.conv2.weight: 1/128 channels masked
Layer layer3.0.downsample.0.weight: 5/256 channels masked
Layer layer4.0.conv2.weight: 61/512 channels masked
Layer layer4.0.downsample.0.weight: 133/512 channels masked
Layer layer4.1.conv1.weight: 29/512 channels masked
Layer layer4.1.conv2.weight: 72/512 channels masked
------------------------- time cost ------------------------- 8.701361894607544
ASR: 0.09596122704286962
attack_auc: 0.6642385662799655
Layer conv1.weight: 9/64 channels masked
Layer layer1.0.conv2.weight: 1/64 channels masked
Layer layer1.1.conv1.weight: 1/64 channels masked
Layer layer2.0.conv2.weight: 3/128 channels masked
Layer layer2.0.downsample.0.weight: 4/128 channels masked
Layer layer2.1.conv2.weight: 1/128 channels masked
Layer layer3.0.downsample.0.weight: 5/256 channels masked
Layer layer4.0.conv2.weight: 60/512 channels masked
Layer layer4.0.downsample.0.weight: 133/512 channels masked
Layer layer4.1.conv1.weight: 29/512 channels masked
Layer layer4.1.conv2.weight: 72/512 channels masked
------------------------- time cost ------------------------- 8.608906507492065
ASR: 0.0904877480232915
attack_auc: 0.6590710924792191
Layer conv1.weight: 9/64 channels masked
Layer layer1.0.conv2.weight: 1/64 channels masked
Layer layer1.1.conv1.weight: 1/64 channels masked
Layer layer2.0.conv2.weight: 3/128 channels masked
Layer layer2.0.downsample.0.weight: 4/128 channels masked
Layer layer2.1.conv2.weight: 1/128 channels masked
Layer layer3.0.downsample.0.weight: 5/256 channels masked
Layer layer4.0.conv2.weight: 64/512 channels masked
Layer layer4.0.downsample.0.weight: 133/512 channels masked
Layer layer4.1.conv1.weight: 29/512 channels masked
Layer layer4.1.conv2.weight: 76/512 channels masked
------------------------- time cost ------------------------- 8.283995151519775
ASR: 0.0843905189504963
attack_auc: 0.6594060837415546
Layer conv1.weight: 9/64 channels masked
Layer layer1.0.conv2.weight: 1/64 channels masked
Layer layer1.1.conv1.weight: 1/64 channels masked
Layer layer2.0.conv2.weight: 3/128 channels masked
Layer layer2.0.downsample.0.weight: 4/128 channels masked
Layer layer2.1.conv2.weight: 1/128 channels masked
Layer layer3.0.downsample.0.weight: 5/256 channels masked
Layer layer4.0.conv2.weight: 64/512 channels masked
Layer layer4.0.downsample.0.weight: 133/512 channels masked
Layer layer4.1.conv1.weight: 29/512 channels masked
Layer layer4.1.conv2.weight: 76/512 channels masked
------------------------- time cost ------------------------- 8.509373188018799

-------------Round number: 270-------------

Evaluate personalized models
Averaged Train Loss: 0.2548
Averaged Test Accurancy: 0.7368
Averaged Test AUC: 0.9546
Std Test Accurancy: 0.1017
Std Test AUC: 0.0238
ASR: 0.07998170158421075
attack_auc: 0.6436502672092091
Layer conv1.weight: 9/64 channels masked
Layer layer1.0.conv2.weight: 1/64 channels masked
Layer layer1.1.conv1.weight: 1/64 channels masked
Layer layer2.0.conv2.weight: 3/128 channels masked
Layer layer2.0.downsample.0.weight: 4/128 channels masked
Layer layer2.1.conv2.weight: 1/128 channels masked
Layer layer3.0.downsample.0.weight: 5/256 channels masked
Layer layer4.0.conv2.weight: 64/512 channels masked
Layer layer4.0.downsample.0.weight: 133/512 channels masked
Layer layer4.1.conv1.weight: 29/512 channels masked
Layer layer4.1.conv2.weight: 76/512 channels masked
------------------------- time cost ------------------------- 15.900300741195679
ASR: 0.08292289921377904
attack_auc: 0.6417525757976047
Layer conv1.weight: 9/64 channels masked
Layer layer1.0.conv2.weight: 1/64 channels masked
Layer layer1.1.conv1.weight: 1/64 channels masked
Layer layer2.0.conv2.weight: 3/128 channels masked
Layer layer2.0.downsample.0.weight: 4/128 channels masked
Layer layer2.1.conv2.weight: 1/128 channels masked
Layer layer3.0.downsample.0.weight: 5/256 channels masked
Layer layer4.0.conv2.weight: 64/512 channels masked
Layer layer4.0.downsample.0.weight: 133/512 channels masked
Layer layer4.1.conv1.weight: 29/512 channels masked
Layer layer4.1.conv2.weight: 76/512 channels masked
------------------------- time cost ------------------------- 8.080453395843506
ASR: 0.05643457313416495
attack_auc: 0.6241012665523206
Layer conv1.weight: 9/64 channels masked
Layer layer1.0.conv2.weight: 1/64 channels masked
Layer layer1.1.conv1.weight: 1/64 channels masked
Layer layer2.0.conv2.weight: 3/128 channels masked
Layer layer2.0.downsample.0.weight: 4/128 channels masked
Layer layer2.1.conv2.weight: 1/128 channels masked
Layer layer3.0.downsample.0.weight: 5/256 channels masked
Layer layer4.0.conv2.weight: 64/512 channels masked
Layer layer4.0.downsample.0.weight: 133/512 channels masked
Layer layer4.1.conv1.weight: 29/512 channels masked
Layer layer4.1.conv2.weight: 76/512 channels masked
------------------------- time cost ------------------------- 8.542436599731445
ASR: 0.0672421159996948
attack_auc: 0.6406685401918236
Layer conv1.weight: 9/64 channels masked
Layer layer1.0.conv2.weight: 1/64 channels masked
Layer layer1.1.conv1.weight: 1/64 channels masked
Layer layer2.0.conv2.weight: 3/128 channels masked
Layer layer2.0.downsample.0.weight: 4/128 channels masked
Layer layer2.1.conv2.weight: 1/128 channels masked
Layer layer3.0.downsample.0.weight: 5/256 channels masked
Layer layer4.0.conv2.weight: 64/512 channels masked
Layer layer4.0.downsample.0.weight: 133/512 channels masked
Layer layer4.1.conv1.weight: 29/512 channels masked
Layer layer4.1.conv2.weight: 76/512 channels masked
------------------------- time cost ------------------------- 8.448678731918335
ASR: 0.07669665843124865
attack_auc: 0.6517866512797891
Layer conv1.weight: 9/64 channels masked
Layer layer1.0.conv2.weight: 1/64 channels masked
Layer layer1.1.conv1.weight: 1/64 channels masked
Layer layer2.0.conv2.weight: 3/128 channels masked
Layer layer2.0.downsample.0.weight: 4/128 channels masked
Layer layer2.1.conv2.weight: 1/128 channels masked
Layer layer3.0.downsample.0.weight: 5/256 channels masked
Layer layer4.0.conv2.weight: 64/512 channels masked
Layer layer4.0.downsample.0.weight: 133/512 channels masked
Layer layer4.1.conv1.weight: 29/512 channels masked
Layer layer4.1.conv2.weight: 76/512 channels masked
------------------------- time cost ------------------------- 8.564199209213257
ASR: 0.08494779858758311
attack_auc: 0.6550178417333961
Layer conv1.weight: 9/64 channels masked
Layer layer1.0.conv2.weight: 1/64 channels masked
Layer layer1.1.conv1.weight: 1/64 channels masked
Layer layer2.0.conv2.weight: 3/128 channels masked
Layer layer2.0.downsample.0.weight: 4/128 channels masked
Layer layer2.1.conv2.weight: 1/128 channels masked
Layer layer3.0.downsample.0.weight: 5/256 channels masked
Layer layer4.0.conv2.weight: 64/512 channels masked
Layer layer4.0.downsample.0.weight: 133/512 channels masked
Layer layer4.1.conv1.weight: 30/512 channels masked
Layer layer4.1.conv2.weight: 76/512 channels masked
------------------------- time cost ------------------------- 7.8673882484436035
ASR: 0.08653773546737792
attack_auc: 0.6589100317605124
Layer conv1.weight: 9/64 channels masked
Layer layer1.0.conv2.weight: 1/64 channels masked
Layer layer1.1.conv1.weight: 1/64 channels masked
Layer layer2.0.conv2.weight: 3/128 channels masked
Layer layer2.0.downsample.0.weight: 4/128 channels masked
Layer layer2.1.conv2.weight: 1/128 channels masked
Layer layer3.0.downsample.0.weight: 5/256 channels masked
Layer layer4.0.conv2.weight: 64/512 channels masked
Layer layer4.0.downsample.0.weight: 133/512 channels masked
Layer layer4.1.conv1.weight: 30/512 channels masked
Layer layer4.1.conv2.weight: 76/512 channels masked
------------------------- time cost ------------------------- 8.31399393081665
ASR: 0.07722649627536056
attack_auc: 0.6432414071415924
Layer conv1.weight: 9/64 channels masked
Layer layer1.0.conv2.weight: 1/64 channels masked
Layer layer1.1.conv1.weight: 1/64 channels masked
Layer layer2.0.conv2.weight: 3/128 channels masked
Layer layer2.0.downsample.0.weight: 4/128 channels masked
Layer layer2.1.conv2.weight: 1/128 channels masked
Layer layer3.0.downsample.0.weight: 5/256 channels masked
Layer layer4.0.conv2.weight: 64/512 channels masked
Layer layer4.0.downsample.0.weight: 133/512 channels masked
Layer layer4.1.conv1.weight: 30/512 channels masked
Layer layer4.1.conv2.weight: 76/512 channels masked
------------------------- time cost ------------------------- 7.876741409301758
ASR: 0.08171997554850015
attack_auc: 0.6445335838973842
Layer conv1.weight: 9/64 channels masked
Layer layer1.0.conv2.weight: 1/64 channels masked
Layer layer1.1.conv1.weight: 1/64 channels masked
Layer layer2.0.conv2.weight: 3/128 channels masked
Layer layer2.0.downsample.0.weight: 4/128 channels masked
Layer layer2.1.conv2.weight: 1/128 channels masked
Layer layer3.0.downsample.0.weight: 5/256 channels masked
Layer layer4.0.conv2.weight: 64/512 channels masked
Layer layer4.0.downsample.0.weight: 133/512 channels masked
Layer layer4.1.conv1.weight: 30/512 channels masked
Layer layer4.1.conv2.weight: 77/512 channels masked
------------------------- time cost ------------------------- 7.2024877071380615
ASR: 0.0910216762752158
attack_auc: 0.6668382507768084
Layer conv1.weight: 9/64 channels masked
Layer layer1.0.conv2.weight: 1/64 channels masked
Layer layer1.1.conv1.weight: 1/64 channels masked
Layer layer2.0.conv2.weight: 3/128 channels masked
Layer layer2.0.downsample.0.weight: 4/128 channels masked
Layer layer2.1.conv2.weight: 1/128 channels masked
Layer layer3.0.downsample.0.weight: 5/256 channels masked
Layer layer4.0.conv2.weight: 64/512 channels masked
Layer layer4.0.downsample.0.weight: 133/512 channels masked
Layer layer4.1.conv1.weight: 31/512 channels masked
Layer layer4.1.conv2.weight: 77/512 channels masked
------------------------- time cost ------------------------- 8.36968445777893

-------------Round number: 280-------------

Evaluate personalized models
Averaged Train Loss: 0.1783
Averaged Test Accurancy: 0.7456
Averaged Test AUC: 0.9555
Std Test Accurancy: 0.0946
Std Test AUC: 0.0216
ASR: 0.10474131675706758
attack_auc: 0.6687544457286557
Layer conv1.weight: 9/64 channels masked
Layer layer1.0.conv2.weight: 1/64 channels masked
Layer layer1.1.conv1.weight: 1/64 channels masked
Layer layer2.0.conv2.weight: 3/128 channels masked
Layer layer2.0.downsample.0.weight: 4/128 channels masked
Layer layer2.1.conv2.weight: 1/128 channels masked
Layer layer3.0.downsample.0.weight: 5/256 channels masked
Layer layer4.0.conv2.weight: 64/512 channels masked
Layer layer4.0.downsample.0.weight: 133/512 channels masked
Layer layer4.1.conv1.weight: 31/512 channels masked
Layer layer4.1.conv2.weight: 77/512 channels masked
------------------------- time cost ------------------------- 15.798998594284058
ASR: 0.09530111610578808
attack_auc: 0.6529608650244347
Layer conv1.weight: 9/64 channels masked
Layer layer1.0.conv2.weight: 1/64 channels masked
Layer layer1.1.conv1.weight: 1/64 channels masked
Layer layer2.0.conv2.weight: 3/128 channels masked
Layer layer2.0.downsample.0.weight: 4/128 channels masked
Layer layer2.1.conv2.weight: 1/128 channels masked
Layer layer3.0.downsample.0.weight: 5/256 channels masked
Layer layer4.0.conv2.weight: 64/512 channels masked
Layer layer4.0.downsample.0.weight: 133/512 channels masked
Layer layer4.1.conv1.weight: 31/512 channels masked
Layer layer4.1.conv2.weight: 77/512 channels masked
------------------------- time cost ------------------------- 9.039594650268555
ASR: 0.07474539834489251
attack_auc: 0.6624668407949023
Layer conv1.weight: 9/64 channels masked
Layer layer1.0.conv2.weight: 1/64 channels masked
Layer layer1.1.conv1.weight: 1/64 channels masked
Layer layer2.0.conv2.weight: 3/128 channels masked
Layer layer2.0.downsample.0.weight: 4/128 channels masked
Layer layer2.1.conv2.weight: 1/128 channels masked
Layer layer3.0.downsample.0.weight: 5/256 channels masked
Layer layer4.0.conv2.weight: 63/512 channels masked
Layer layer4.0.downsample.0.weight: 133/512 channels masked
Layer layer4.1.conv1.weight: 31/512 channels masked
Layer layer4.1.conv2.weight: 77/512 channels masked
------------------------- time cost ------------------------- 7.495913982391357
ASR: 0.07111117037596054
attack_auc: 0.6515231208773195
Layer conv1.weight: 9/64 channels masked
Layer layer1.0.conv2.weight: 1/64 channels masked
Layer layer1.1.conv1.weight: 1/64 channels masked
Layer layer2.0.conv2.weight: 3/128 channels masked
Layer layer2.0.downsample.0.weight: 4/128 channels masked
Layer layer2.1.conv2.weight: 1/128 channels masked
Layer layer3.0.downsample.0.weight: 5/256 channels masked
Layer layer4.0.conv1.weight: 1/512 channels masked
Layer layer4.0.conv2.weight: 66/512 channels masked
Layer layer4.0.downsample.0.weight: 133/512 channels masked
Layer layer4.1.conv1.weight: 32/512 channels masked
Layer layer4.1.conv2.weight: 77/512 channels masked
------------------------- time cost ------------------------- 8.189917087554932
ASR: 0.10053164826112694
attack_auc: 0.6723115942908586
Layer conv1.weight: 9/64 channels masked
Layer layer1.0.conv2.weight: 1/64 channels masked
Layer layer1.1.conv1.weight: 1/64 channels masked
Layer layer2.0.conv2.weight: 3/128 channels masked
Layer layer2.0.downsample.0.weight: 4/128 channels masked
Layer layer2.1.conv2.weight: 1/128 channels masked
Layer layer3.0.downsample.0.weight: 5/256 channels masked
Layer layer4.0.conv1.weight: 1/512 channels masked
Layer layer4.0.conv2.weight: 68/512 channels masked
Layer layer4.0.downsample.0.weight: 133/512 channels masked
Layer layer4.1.conv1.weight: 33/512 channels masked
Layer layer4.1.conv2.weight: 77/512 channels masked
------------------------- time cost ------------------------- 8.845807313919067
ASR: 0.10669710183824574
attack_auc: 0.6809528066870851
Layer conv1.weight: 9/64 channels masked
Layer layer1.0.conv2.weight: 1/64 channels masked
Layer layer1.1.conv1.weight: 1/64 channels masked
Layer layer2.0.conv2.weight: 3/128 channels masked
Layer layer2.0.downsample.0.weight: 4/128 channels masked
Layer layer2.1.conv2.weight: 1/128 channels masked
Layer layer3.0.downsample.0.weight: 5/256 channels masked
Layer layer4.0.conv1.weight: 1/512 channels masked
Layer layer4.0.conv2.weight: 68/512 channels masked
Layer layer4.0.downsample.0.weight: 133/512 channels masked
Layer layer4.1.conv1.weight: 33/512 channels masked
Layer layer4.1.conv2.weight: 77/512 channels masked
------------------------- time cost ------------------------- 9.150693655014038
ASR: 0.12616430158054842
attack_auc: 0.7066893193748064
Layer conv1.weight: 8/64 channels masked
Layer layer1.0.conv2.weight: 1/64 channels masked
Layer layer1.1.conv1.weight: 1/64 channels masked
Layer layer2.0.conv2.weight: 3/128 channels masked
Layer layer2.0.downsample.0.weight: 4/128 channels masked
Layer layer2.1.conv2.weight: 1/128 channels masked
Layer layer3.0.downsample.0.weight: 5/256 channels masked
Layer layer4.0.conv1.weight: 1/512 channels masked
Layer layer4.0.conv2.weight: 68/512 channels masked
Layer layer4.0.downsample.0.weight: 133/512 channels masked
Layer layer4.1.conv1.weight: 34/512 channels masked
Layer layer4.1.conv2.weight: 77/512 channels masked
------------------------- time cost ------------------------- 8.49085545539856
ASR: 0.12404772489451427
attack_auc: 0.7055012611670514
Layer conv1.weight: 9/64 channels masked
Layer layer1.0.conv2.weight: 1/64 channels masked
Layer layer1.1.conv1.weight: 1/64 channels masked
Layer layer2.0.conv2.weight: 3/128 channels masked
Layer layer2.0.downsample.0.weight: 4/128 channels masked
Layer layer2.1.conv2.weight: 1/128 channels masked
Layer layer3.0.downsample.0.weight: 5/256 channels masked
Layer layer4.0.conv1.weight: 1/512 channels masked
Layer layer4.0.conv2.weight: 69/512 channels masked
Layer layer4.0.downsample.0.weight: 133/512 channels masked
Layer layer4.1.conv1.weight: 34/512 channels masked
Layer layer4.1.conv2.weight: 77/512 channels masked
------------------------- time cost ------------------------- 8.06136155128479
ASR: 0.12757446030498398
attack_auc: 0.7041778099581901
Layer conv1.weight: 9/64 channels masked
Layer layer1.0.conv2.weight: 1/64 channels masked
Layer layer1.1.conv1.weight: 1/64 channels masked
Layer layer2.0.conv2.weight: 3/128 channels masked
Layer layer2.0.downsample.0.weight: 4/128 channels masked
Layer layer2.1.conv2.weight: 1/128 channels masked
Layer layer3.0.downsample.0.weight: 5/256 channels masked
Layer layer4.0.conv1.weight: 1/512 channels masked
Layer layer4.0.conv2.weight: 69/512 channels masked
Layer layer4.0.downsample.0.weight: 133/512 channels masked
Layer layer4.1.conv1.weight: 34/512 channels masked
Layer layer4.1.conv2.weight: 77/512 channels masked
------------------------- time cost ------------------------- 7.774316310882568
ASR: 0.09837525315729931
attack_auc: 0.6754072511261742
Layer conv1.weight: 9/64 channels masked
Layer layer1.0.conv2.weight: 1/64 channels masked
Layer layer1.1.conv1.weight: 1/64 channels masked
Layer layer2.0.conv2.weight: 3/128 channels masked
Layer layer2.0.downsample.0.weight: 4/128 channels masked
Layer layer2.1.conv2.weight: 1/128 channels masked
Layer layer3.0.downsample.0.weight: 5/256 channels masked
Layer layer4.0.conv1.weight: 1/512 channels masked
Layer layer4.0.conv2.weight: 69/512 channels masked
Layer layer4.0.downsample.0.weight: 133/512 channels masked
Layer layer4.1.conv1.weight: 34/512 channels masked
Layer layer4.1.conv2.weight: 77/512 channels masked
------------------------- time cost ------------------------- 9.00951361656189

-------------Round number: 290-------------

Evaluate personalized models
Averaged Train Loss: 0.1803
Averaged Test Accurancy: 0.7444
Averaged Test AUC: 0.9557
Std Test Accurancy: 0.1012
Std Test AUC: 0.0231
ASR: 0.07899553816327794
attack_auc: 0.6657434061497297
Layer conv1.weight: 9/64 channels masked
Layer layer1.0.conv2.weight: 1/64 channels masked
Layer layer1.1.conv1.weight: 1/64 channels masked
Layer layer2.0.conv2.weight: 3/128 channels masked
Layer layer2.0.downsample.0.weight: 4/128 channels masked
Layer layer2.1.conv2.weight: 1/128 channels masked
Layer layer3.0.downsample.0.weight: 5/256 channels masked
Layer layer4.0.conv1.weight: 1/512 channels masked
Layer layer4.0.conv2.weight: 69/512 channels masked
Layer layer4.0.downsample.0.weight: 133/512 channels masked
Layer layer4.1.conv1.weight: 34/512 channels masked
Layer layer4.1.conv2.weight: 77/512 channels masked
------------------------- time cost ------------------------- 16.598989248275757
ASR: 0.09303064691297422
attack_auc: 0.679884854312669
Layer conv1.weight: 8/64 channels masked
Layer layer1.1.conv1.weight: 1/64 channels masked
Layer layer2.0.conv2.weight: 3/128 channels masked
Layer layer2.0.downsample.0.weight: 4/128 channels masked
Layer layer2.1.conv2.weight: 1/128 channels masked
Layer layer3.0.downsample.0.weight: 5/256 channels masked
Layer layer4.0.conv1.weight: 1/512 channels masked
Layer layer4.0.conv2.weight: 61/512 channels masked
Layer layer4.0.downsample.0.weight: 133/512 channels masked
Layer layer4.1.conv1.weight: 34/512 channels masked
Layer layer4.1.conv2.weight: 76/512 channels masked
------------------------- time cost ------------------------- 8.145053148269653
ASR: 0.08917608625500474
attack_auc: 0.6806531556592906
Layer conv1.weight: 8/64 channels masked
Layer layer1.0.conv2.weight: 1/64 channels masked
Layer layer1.1.conv1.weight: 1/64 channels masked
Layer layer2.0.conv2.weight: 3/128 channels masked
Layer layer2.0.downsample.0.weight: 4/128 channels masked
Layer layer2.1.conv2.weight: 1/128 channels masked
Layer layer3.0.downsample.0.weight: 5/256 channels masked
Layer layer4.0.conv1.weight: 1/512 channels masked
Layer layer4.0.conv2.weight: 65/512 channels masked
Layer layer4.0.downsample.0.weight: 133/512 channels masked
Layer layer4.1.conv1.weight: 34/512 channels masked
Layer layer4.1.conv2.weight: 77/512 channels masked
------------------------- time cost ------------------------- 7.465716123580933
ASR: 0.08228142743618605
attack_auc: 0.6862376153205625
Layer conv1.weight: 8/64 channels masked
Layer layer1.0.conv2.weight: 1/64 channels masked
Layer layer1.1.conv1.weight: 1/64 channels masked
Layer layer2.0.conv2.weight: 3/128 channels masked
Layer layer2.0.downsample.0.weight: 4/128 channels masked
Layer layer2.1.conv2.weight: 1/128 channels masked
Layer layer3.0.downsample.0.weight: 5/256 channels masked
Layer layer4.0.conv1.weight: 1/512 channels masked
Layer layer4.0.conv2.weight: 66/512 channels masked
Layer layer4.0.downsample.0.weight: 133/512 channels masked
Layer layer4.1.conv1.weight: 34/512 channels masked
Layer layer4.1.conv2.weight: 77/512 channels masked
------------------------- time cost ------------------------- 8.361019849777222
ASR: 0.09193764748974077
attack_auc: 0.6765840197638137
Layer conv1.weight: 8/64 channels masked
Layer layer1.0.conv2.weight: 1/64 channels masked
Layer layer1.1.conv1.weight: 1/64 channels masked
Layer layer2.0.conv2.weight: 3/128 channels masked
Layer layer2.0.downsample.0.weight: 4/128 channels masked
Layer layer2.1.conv2.weight: 1/128 channels masked
Layer layer3.0.downsample.0.weight: 5/256 channels masked
Layer layer4.0.conv1.weight: 1/512 channels masked
Layer layer4.0.conv2.weight: 66/512 channels masked
Layer layer4.0.downsample.0.weight: 133/512 channels masked
Layer layer4.1.conv1.weight: 36/512 channels masked
Layer layer4.1.conv2.weight: 77/512 channels masked
------------------------- time cost ------------------------- 8.150402545928955
ASR: 0.08775893195567072
attack_auc: 0.670758034818727
Layer conv1.weight: 8/64 channels masked
Layer layer1.0.conv2.weight: 1/64 channels masked
Layer layer1.1.conv1.weight: 1/64 channels masked
Layer layer2.0.conv2.weight: 3/128 channels masked
Layer layer2.0.downsample.0.weight: 4/128 channels masked
Layer layer2.1.conv2.weight: 1/128 channels masked
Layer layer3.0.downsample.0.weight: 5/256 channels masked
Layer layer4.0.conv1.weight: 2/512 channels masked
Layer layer4.0.conv2.weight: 66/512 channels masked
Layer layer4.0.downsample.0.weight: 133/512 channels masked
Layer layer4.1.conv1.weight: 37/512 channels masked
Layer layer4.1.conv2.weight: 77/512 channels masked
------------------------- time cost ------------------------- 8.060359001159668
ASR: 0.08391882982269452
attack_auc: 0.6651066957659311
Layer conv1.weight: 8/64 channels masked
Layer layer1.0.conv2.weight: 1/64 channels masked
Layer layer1.1.conv1.weight: 1/64 channels masked
Layer layer2.0.conv2.weight: 3/128 channels masked
Layer layer2.0.downsample.0.weight: 4/128 channels masked
Layer layer2.1.conv2.weight: 1/128 channels masked
Layer layer3.0.downsample.0.weight: 5/256 channels masked
Layer layer4.0.conv1.weight: 2/512 channels masked
Layer layer4.0.conv2.weight: 66/512 channels masked
Layer layer4.0.downsample.0.weight: 133/512 channels masked
Layer layer4.1.conv1.weight: 40/512 channels masked
Layer layer4.1.conv2.weight: 77/512 channels masked
------------------------- time cost ------------------------- 6.837622404098511
ASR: 0.10532027612382508
attack_auc: 0.6853624705035407
Layer conv1.weight: 8/64 channels masked
Layer layer1.0.conv2.weight: 1/64 channels masked
Layer layer1.1.conv1.weight: 1/64 channels masked
Layer layer2.0.conv2.weight: 3/128 channels masked
Layer layer2.0.downsample.0.weight: 4/128 channels masked
Layer layer2.1.conv2.weight: 1/128 channels masked
Layer layer3.0.downsample.0.weight: 5/256 channels masked
Layer layer4.0.conv1.weight: 2/512 channels masked
Layer layer4.0.conv2.weight: 66/512 channels masked
Layer layer4.0.downsample.0.weight: 133/512 channels masked
Layer layer4.1.conv1.weight: 40/512 channels masked
Layer layer4.1.conv2.weight: 77/512 channels masked
------------------------- time cost ------------------------- 9.122369527816772
ASR: 0.08670265224404791
attack_auc: 0.669932199623685
Layer conv1.weight: 8/64 channels masked
Layer layer1.0.conv2.weight: 1/64 channels masked
Layer layer1.1.conv1.weight: 1/64 channels masked
Layer layer2.0.conv2.weight: 3/128 channels masked
Layer layer2.0.downsample.0.weight: 4/128 channels masked
Layer layer2.1.conv2.weight: 1/128 channels masked
Layer layer3.0.downsample.0.weight: 5/256 channels masked
Layer layer4.0.conv1.weight: 2/512 channels masked
Layer layer4.0.conv2.weight: 66/512 channels masked
Layer layer4.0.downsample.0.weight: 133/512 channels masked
Layer layer4.1.conv1.weight: 40/512 channels masked
Layer layer4.1.conv2.weight: 77/512 channels masked
------------------------- time cost ------------------------- 8.664112091064453
ASR: 0.08028149578909496
attack_auc: 0.6673179144623186
Layer conv1.weight: 8/64 channels masked
Layer layer1.0.conv2.weight: 1/64 channels masked
Layer layer1.1.conv1.weight: 1/64 channels masked
Layer layer2.0.conv2.weight: 3/128 channels masked
Layer layer2.0.downsample.0.weight: 4/128 channels masked
Layer layer2.1.conv2.weight: 1/128 channels masked
Layer layer3.0.downsample.0.weight: 5/256 channels masked
Layer layer4.0.conv1.weight: 2/512 channels masked
Layer layer4.0.conv2.weight: 66/512 channels masked
Layer layer4.0.downsample.0.weight: 133/512 channels masked
Layer layer4.1.conv1.weight: 40/512 channels masked
Layer layer4.1.conv2.weight: 77/512 channels masked
------------------------- time cost ------------------------- 9.439037561416626

-------------Round number: 300-------------

Evaluate personalized models
Averaged Train Loss: 0.1929
Averaged Test Accurancy: 0.7446
Averaged Test AUC: 0.9566
Std Test Accurancy: 0.0959
Std Test AUC: 0.0199
ASR: 0.09747935776536187
attack_auc: 0.6783154219823868
Layer conv1.weight: 8/64 channels masked
Layer layer1.0.conv2.weight: 1/64 channels masked
Layer layer1.1.conv1.weight: 1/64 channels masked
Layer layer2.0.conv2.weight: 3/128 channels masked
Layer layer2.0.downsample.0.weight: 4/128 channels masked
Layer layer2.1.conv2.weight: 1/128 channels masked
Layer layer3.0.downsample.0.weight: 5/256 channels masked
Layer layer4.0.conv1.weight: 2/512 channels masked
Layer layer4.0.conv2.weight: 65/512 channels masked
Layer layer4.0.downsample.0.weight: 133/512 channels masked
Layer layer4.1.conv1.weight: 41/512 channels masked
Layer layer4.1.conv2.weight: 78/512 channels masked
------------------------- time cost ------------------------- 15.871627569198608
ASR: 0.13549978582521366
attack_auc: 0.698574169301941
Layer conv1.weight: 8/64 channels masked
Layer layer1.0.conv2.weight: 1/64 channels masked
Layer layer1.1.conv1.weight: 1/64 channels masked
Layer layer2.0.conv2.weight: 3/128 channels masked
Layer layer2.0.downsample.0.weight: 4/128 channels masked
Layer layer2.1.conv2.weight: 1/128 channels masked
Layer layer3.0.downsample.0.weight: 5/256 channels masked
Layer layer4.0.conv1.weight: 2/512 channels masked
Layer layer4.0.conv2.weight: 65/512 channels masked
Layer layer4.0.downsample.0.weight: 133/512 channels masked
Layer layer4.1.conv1.weight: 41/512 channels masked
Layer layer4.1.conv2.weight: 78/512 channels masked
------------------------- time cost ------------------------- 8.172932624816895
ASR: 0.15656251822503284
attack_auc: 0.7130616085484381
Layer conv1.weight: 8/64 channels masked
Layer layer1.0.conv2.weight: 1/64 channels masked
Layer layer1.1.conv1.weight: 1/64 channels masked
Layer layer2.0.conv2.weight: 3/128 channels masked
Layer layer2.0.downsample.0.weight: 4/128 channels masked
Layer layer2.1.conv2.weight: 1/128 channels masked
Layer layer3.0.downsample.0.weight: 5/256 channels masked
Layer layer4.0.conv1.weight: 2/512 channels masked
Layer layer4.0.conv2.weight: 67/512 channels masked
Layer layer4.0.downsample.0.weight: 133/512 channels masked
Layer layer4.1.conv1.weight: 41/512 channels masked
Layer layer4.1.conv2.weight: 81/512 channels masked
------------------------- time cost ------------------------- 8.713449239730835
ASR: 0.13257910681094923
attack_auc: 0.6980211279522465
Layer conv1.weight: 7/64 channels masked
Layer layer1.0.conv2.weight: 1/64 channels masked
Layer layer1.1.conv1.weight: 1/64 channels masked
Layer layer2.0.conv2.weight: 3/128 channels masked
Layer layer2.0.downsample.0.weight: 4/128 channels masked
Layer layer2.1.conv2.weight: 1/128 channels masked
Layer layer3.0.downsample.0.weight: 5/256 channels masked
Layer layer4.0.conv1.weight: 3/512 channels masked
Layer layer4.0.conv2.weight: 67/512 channels masked
Layer layer4.0.downsample.0.weight: 133/512 channels masked
Layer layer4.1.conv1.weight: 41/512 channels masked
Layer layer4.1.conv2.weight: 80/512 channels masked
------------------------- time cost ------------------------- 8.005332469940186
ASR: 0.1443068748410554
attack_auc: 0.7001462428223607
Layer conv1.weight: 7/64 channels masked
Layer layer1.0.conv2.weight: 1/64 channels masked
Layer layer1.1.conv1.weight: 1/64 channels masked
Layer layer2.0.conv2.weight: 3/128 channels masked
Layer layer2.0.downsample.0.weight: 4/128 channels masked
Layer layer2.1.conv2.weight: 1/128 channels masked
Layer layer3.0.downsample.0.weight: 5/256 channels masked
Layer layer4.0.conv1.weight: 3/512 channels masked
Layer layer4.0.conv2.weight: 67/512 channels masked
Layer layer4.0.downsample.0.weight: 133/512 channels masked
Layer layer4.1.conv1.weight: 41/512 channels masked
Layer layer4.1.conv2.weight: 80/512 channels masked
------------------------- time cost ------------------------- 8.092498540878296
ASR: 0.13882976769277855
attack_auc: 0.7016982898623589
Layer conv1.weight: 8/64 channels masked
Layer layer1.0.conv2.weight: 1/64 channels masked
Layer layer1.1.conv1.weight: 1/64 channels masked
Layer layer2.0.conv2.weight: 3/128 channels masked
Layer layer2.0.downsample.0.weight: 4/128 channels masked
Layer layer2.1.conv2.weight: 1/128 channels masked
Layer layer3.0.downsample.0.weight: 5/256 channels masked
Layer layer4.0.conv1.weight: 3/512 channels masked
Layer layer4.0.conv2.weight: 67/512 channels masked
Layer layer4.0.downsample.0.weight: 133/512 channels masked
Layer layer4.1.conv1.weight: 41/512 channels masked
Layer layer4.1.conv2.weight: 81/512 channels masked
------------------------- time cost ------------------------- 9.259464979171753
ASR: 0.1270447990537083
attack_auc: 0.694637454108177
Layer conv1.weight: 8/64 channels masked
Layer layer1.0.conv2.weight: 1/64 channels masked
Layer layer1.1.conv1.weight: 1/64 channels masked
Layer layer2.0.conv2.weight: 3/128 channels masked
Layer layer2.0.downsample.0.weight: 4/128 channels masked
Layer layer2.1.conv2.weight: 1/128 channels masked
Layer layer3.0.downsample.0.weight: 5/256 channels masked
Layer layer4.0.conv1.weight: 3/512 channels masked
Layer layer4.0.conv2.weight: 65/512 channels masked
Layer layer4.0.downsample.0.weight: 133/512 channels masked
Layer layer4.1.conv1.weight: 41/512 channels masked
Layer layer4.1.conv2.weight: 81/512 channels masked
------------------------- time cost ------------------------- 9.642518997192383
ASR: 0.12573353752362998
attack_auc: 0.7015739014799425
Layer conv1.weight: 8/64 channels masked
Layer layer1.0.conv2.weight: 1/64 channels masked
Layer layer1.1.conv1.weight: 1/64 channels masked
Layer layer2.0.conv2.weight: 3/128 channels masked
Layer layer2.0.downsample.0.weight: 4/128 channels masked
Layer layer2.1.conv2.weight: 1/128 channels masked
Layer layer3.0.downsample.0.weight: 5/256 channels masked
Layer layer4.0.conv1.weight: 4/512 channels masked
Layer layer4.0.conv2.weight: 69/512 channels masked
Layer layer4.0.downsample.0.weight: 133/512 channels masked
Layer layer4.1.conv1.weight: 45/512 channels masked
Layer layer4.1.conv2.weight: 81/512 channels masked
------------------------- time cost ------------------------- 7.076604127883911
ASR: 0.11863216644788085
attack_auc: 0.696766716612511
Layer conv1.weight: 8/64 channels masked
Layer layer1.0.conv2.weight: 1/64 channels masked
Layer layer1.1.conv1.weight: 1/64 channels masked
Layer layer2.0.conv2.weight: 3/128 channels masked
Layer layer2.0.downsample.0.weight: 4/128 channels masked
Layer layer2.1.conv2.weight: 1/128 channels masked
Layer layer3.0.downsample.0.weight: 5/256 channels masked
Layer layer4.0.conv1.weight: 4/512 channels masked
Layer layer4.0.conv2.weight: 69/512 channels masked
Layer layer4.0.downsample.0.weight: 133/512 channels masked
Layer layer4.1.conv1.weight: 45/512 channels masked
Layer layer4.1.conv2.weight: 81/512 channels masked
------------------------- time cost ------------------------- 8.263713836669922
ASR: 0.11352478661261861
attack_auc: 0.6944344210085432
Layer conv1.weight: 8/64 channels masked
Layer layer1.0.conv2.weight: 1/64 channels masked
Layer layer1.1.conv1.weight: 1/64 channels masked
Layer layer2.0.conv2.weight: 3/128 channels masked
Layer layer2.0.downsample.0.weight: 4/128 channels masked
Layer layer2.1.conv2.weight: 1/128 channels masked
Layer layer3.0.downsample.0.weight: 5/256 channels masked
Layer layer4.0.conv1.weight: 4/512 channels masked
Layer layer4.0.conv2.weight: 69/512 channels masked
Layer layer4.0.downsample.0.weight: 133/512 channels masked
Layer layer4.1.conv1.weight: 46/512 channels masked
Layer layer4.1.conv2.weight: 81/512 channels masked
------------------------- time cost ------------------------- 9.009343385696411

-------------Round number: 310-------------

Evaluate personalized models
Averaged Train Loss: 0.1872
Averaged Test Accurancy: 0.7413
Averaged Test AUC: 0.9552
Std Test Accurancy: 0.0957
Std Test AUC: 0.0211
ASR: 0.1259419071395745
attack_auc: 0.6934848952096253
Layer conv1.weight: 10/64 channels masked
Layer layer1.0.conv2.weight: 1/64 channels masked
Layer layer1.1.conv1.weight: 1/64 channels masked
Layer layer2.0.conv2.weight: 3/128 channels masked
Layer layer2.0.downsample.0.weight: 4/128 channels masked
Layer layer2.1.conv2.weight: 1/128 channels masked
Layer layer3.0.downsample.0.weight: 5/256 channels masked
Layer layer4.0.conv1.weight: 4/512 channels masked
Layer layer4.0.conv2.weight: 68/512 channels masked
Layer layer4.0.downsample.0.weight: 133/512 channels masked
Layer layer4.1.conv1.weight: 46/512 channels masked
Layer layer4.1.conv2.weight: 81/512 channels masked
------------------------- time cost ------------------------- 14.958886861801147
ASR: 0.1297402412921648
attack_auc: 0.6982743329669894
Layer conv1.weight: 9/64 channels masked
Layer layer1.0.conv2.weight: 1/64 channels masked
Layer layer1.1.conv1.weight: 1/64 channels masked
Layer layer2.0.conv2.weight: 3/128 channels masked
Layer layer2.0.downsample.0.weight: 4/128 channels masked
Layer layer2.1.conv2.weight: 1/128 channels masked
Layer layer3.0.downsample.0.weight: 5/256 channels masked
Layer layer4.0.conv1.weight: 4/512 channels masked
Layer layer4.0.conv2.weight: 69/512 channels masked
Layer layer4.0.downsample.0.weight: 133/512 channels masked
Layer layer4.1.conv1.weight: 46/512 channels masked
Layer layer4.1.conv2.weight: 81/512 channels masked
------------------------- time cost ------------------------- 7.960096120834351
ASR: 0.1283167014077607
attack_auc: 0.7009538652524707
Layer conv1.weight: 8/64 channels masked
Layer layer1.0.conv2.weight: 1/64 channels masked
Layer layer1.1.conv1.weight: 1/64 channels masked
Layer layer2.0.conv2.weight: 3/128 channels masked
Layer layer2.0.downsample.0.weight: 4/128 channels masked
Layer layer2.1.conv2.weight: 1/128 channels masked
Layer layer3.0.downsample.0.weight: 5/256 channels masked
Layer layer4.0.conv1.weight: 4/512 channels masked
Layer layer4.0.conv2.weight: 69/512 channels masked
Layer layer4.0.downsample.0.weight: 133/512 channels masked
Layer layer4.1.conv1.weight: 46/512 channels masked
Layer layer4.1.conv2.weight: 81/512 channels masked
------------------------- time cost ------------------------- 8.358551263809204
ASR: 0.11612248935470561
attack_auc: 0.6862981748650849
Layer conv1.weight: 9/64 channels masked
Layer layer1.0.conv2.weight: 1/64 channels masked
Layer layer1.1.conv1.weight: 1/64 channels masked
Layer layer2.0.conv2.weight: 3/128 channels masked
Layer layer2.0.downsample.0.weight: 4/128 channels masked
Layer layer2.1.conv2.weight: 1/128 channels masked
Layer layer3.0.downsample.0.weight: 5/256 channels masked
Layer layer4.0.conv1.weight: 4/512 channels masked
Layer layer4.0.conv2.weight: 69/512 channels masked
Layer layer4.0.downsample.0.weight: 133/512 channels masked
Layer layer4.1.conv1.weight: 46/512 channels masked
Layer layer4.1.conv2.weight: 81/512 channels masked
------------------------- time cost ------------------------- 7.343165397644043
ASR: 0.14336080079938354
attack_auc: 0.7134932572676501
Layer conv1.weight: 9/64 channels masked
Layer layer1.0.conv2.weight: 1/64 channels masked
Layer layer1.1.conv1.weight: 1/64 channels masked
Layer layer2.0.conv2.weight: 3/128 channels masked
Layer layer2.0.downsample.0.weight: 4/128 channels masked
Layer layer2.1.conv2.weight: 1/128 channels masked
Layer layer3.0.downsample.0.weight: 5/256 channels masked
Layer layer4.0.conv1.weight: 4/512 channels masked
Layer layer4.0.conv2.weight: 69/512 channels masked
Layer layer4.0.downsample.0.weight: 133/512 channels masked
Layer layer4.1.conv1.weight: 46/512 channels masked
Layer layer4.1.conv2.weight: 81/512 channels masked
------------------------- time cost ------------------------- 6.92206072807312
ASR: 0.17829631919674382
attack_auc: 0.7342371530805355
Layer conv1.weight: 9/64 channels masked
Layer layer1.0.conv2.weight: 1/64 channels masked
Layer layer1.1.conv1.weight: 1/64 channels masked
Layer layer2.0.conv2.weight: 3/128 channels masked
Layer layer2.0.downsample.0.weight: 4/128 channels masked
Layer layer2.1.conv2.weight: 1/128 channels masked
Layer layer3.0.downsample.0.weight: 5/256 channels masked
Layer layer4.0.conv1.weight: 4/512 channels masked
Layer layer4.0.conv2.weight: 69/512 channels masked
Layer layer4.0.downsample.0.weight: 133/512 channels masked
Layer layer4.1.conv1.weight: 46/512 channels masked
Layer layer4.1.conv2.weight: 81/512 channels masked
------------------------- time cost ------------------------- 7.303598165512085
ASR: 0.15693133185988856
attack_auc: 0.7258238654395672
Layer conv1.weight: 9/64 channels masked
Layer layer1.0.conv2.weight: 1/64 channels masked
Layer layer1.1.conv1.weight: 1/64 channels masked
Layer layer2.0.conv2.weight: 3/128 channels masked
Layer layer2.0.downsample.0.weight: 4/128 channels masked
Layer layer2.1.conv2.weight: 1/128 channels masked
Layer layer3.0.downsample.0.weight: 5/256 channels masked
Layer layer4.0.conv1.weight: 4/512 channels masked
Layer layer4.0.conv2.weight: 69/512 channels masked
Layer layer4.0.downsample.0.weight: 133/512 channels masked
Layer layer4.1.conv1.weight: 46/512 channels masked
Layer layer4.1.conv2.weight: 81/512 channels masked
------------------------- time cost ------------------------- 8.45407247543335
ASR: 0.10318313819055439
attack_auc: 0.6872438475976845
Layer conv1.weight: 9/64 channels masked
Layer layer1.0.conv2.weight: 1/64 channels masked
Layer layer1.1.conv1.weight: 1/64 channels masked
Layer layer2.0.conv2.weight: 3/128 channels masked
Layer layer2.0.downsample.0.weight: 4/128 channels masked
Layer layer2.1.conv2.weight: 1/128 channels masked
Layer layer3.0.downsample.0.weight: 5/256 channels masked
Layer layer4.0.conv1.weight: 4/512 channels masked
Layer layer4.0.conv2.weight: 65/512 channels masked
Layer layer4.0.downsample.0.weight: 133/512 channels masked
Layer layer4.1.conv1.weight: 46/512 channels masked
Layer layer4.1.conv2.weight: 81/512 channels masked
------------------------- time cost ------------------------- 8.548627853393555
ASR: 0.1106157780151872
attack_auc: 0.6956877143980619
Layer conv1.weight: 9/64 channels masked
Layer layer1.0.conv2.weight: 1/64 channels masked
Layer layer1.1.conv1.weight: 1/64 channels masked
Layer layer2.0.conv2.weight: 3/128 channels masked
Layer layer2.0.downsample.0.weight: 4/128 channels masked
Layer layer2.1.conv2.weight: 1/128 channels masked
Layer layer3.0.downsample.0.weight: 5/256 channels masked
Layer layer4.0.conv1.weight: 4/512 channels masked
Layer layer4.0.conv2.weight: 68/512 channels masked
Layer layer4.0.downsample.0.weight: 133/512 channels masked
Layer layer4.1.conv1.weight: 46/512 channels masked
Layer layer4.1.conv2.weight: 81/512 channels masked
------------------------- time cost ------------------------- 7.546363353729248
ASR: 0.10227821844140504
attack_auc: 0.6812170177423558
Layer conv1.weight: 9/64 channels masked
Layer layer1.0.conv2.weight: 1/64 channels masked
Layer layer1.1.conv1.weight: 1/64 channels masked
Layer layer2.0.conv2.weight: 3/128 channels masked
Layer layer2.0.downsample.0.weight: 4/128 channels masked
Layer layer2.1.conv2.weight: 1/128 channels masked
Layer layer3.0.downsample.0.weight: 5/256 channels masked
Layer layer4.0.conv1.weight: 4/512 channels masked
Layer layer4.0.conv2.weight: 68/512 channels masked
Layer layer4.0.downsample.0.weight: 133/512 channels masked
Layer layer4.1.conv1.weight: 47/512 channels masked
Layer layer4.1.conv2.weight: 81/512 channels masked
------------------------- time cost ------------------------- 7.364967584609985

-------------Round number: 320-------------

Evaluate personalized models
Averaged Train Loss: 0.2321
Averaged Test Accurancy: 0.7246
Averaged Test AUC: 0.9536
Std Test Accurancy: 0.1021
Std Test AUC: 0.0225
ASR: 0.10258780337782561
attack_auc: 0.6905519266650735
Layer conv1.weight: 10/64 channels masked
Layer layer1.0.conv2.weight: 1/64 channels masked
Layer layer2.0.conv2.weight: 3/128 channels masked
Layer layer2.0.downsample.0.weight: 4/128 channels masked
Layer layer2.1.conv2.weight: 1/128 channels masked
Layer layer3.0.downsample.0.weight: 5/256 channels masked
Layer layer4.0.conv1.weight: 4/512 channels masked
Layer layer4.0.conv2.weight: 62/512 channels masked
Layer layer4.0.downsample.0.weight: 133/512 channels masked
Layer layer4.1.conv1.weight: 47/512 channels masked
Layer layer4.1.conv2.weight: 81/512 channels masked
------------------------- time cost ------------------------- 15.085265398025513
ASR: 0.11547560667688589
attack_auc: 0.7013451147396815
Layer conv1.weight: 9/64 channels masked
Layer layer1.0.conv2.weight: 1/64 channels masked
Layer layer1.1.conv1.weight: 1/64 channels masked
Layer layer2.0.conv2.weight: 3/128 channels masked
Layer layer2.0.downsample.0.weight: 4/128 channels masked
Layer layer2.1.conv2.weight: 1/128 channels masked
Layer layer3.0.downsample.0.weight: 5/256 channels masked
Layer layer4.0.conv1.weight: 4/512 channels masked
Layer layer4.0.conv2.weight: 68/512 channels masked
Layer layer4.0.downsample.0.weight: 133/512 channels masked
Layer layer4.1.conv1.weight: 47/512 channels masked
Layer layer4.1.conv2.weight: 81/512 channels masked
------------------------- time cost ------------------------- 7.463095188140869
ASR: 0.0977916822129642
attack_auc: 0.6839590383129087
Layer conv1.weight: 10/64 channels masked
Layer layer1.0.conv2.weight: 1/64 channels masked
Layer layer1.1.conv1.weight: 1/64 channels masked
Layer layer2.0.conv2.weight: 3/128 channels masked
Layer layer2.0.downsample.0.weight: 4/128 channels masked
Layer layer2.1.conv2.weight: 1/128 channels masked
Layer layer3.0.downsample.0.weight: 5/256 channels masked
Layer layer4.0.conv1.weight: 4/512 channels masked
Layer layer4.0.conv2.weight: 68/512 channels masked
Layer layer4.0.downsample.0.weight: 133/512 channels masked
Layer layer4.1.conv1.weight: 47/512 channels masked
Layer layer4.1.conv2.weight: 81/512 channels masked
------------------------- time cost ------------------------- 8.022492170333862
ASR: 0.08642934694961858
attack_auc: 0.6688263001166747
Layer conv1.weight: 11/64 channels masked
Layer layer1.0.conv2.weight: 1/64 channels masked
Layer layer1.1.conv1.weight: 1/64 channels masked
Layer layer2.0.conv2.weight: 3/128 channels masked
Layer layer2.0.downsample.0.weight: 4/128 channels masked
Layer layer2.1.conv2.weight: 1/128 channels masked
Layer layer3.0.downsample.0.weight: 5/256 channels masked
Layer layer4.0.conv1.weight: 4/512 channels masked
Layer layer4.0.conv2.weight: 68/512 channels masked
Layer layer4.0.downsample.0.weight: 133/512 channels masked
Layer layer4.1.conv1.weight: 51/512 channels masked
Layer layer4.1.conv2.weight: 83/512 channels masked
------------------------- time cost ------------------------- 6.964035987854004
ASR: 0.07836924419710717
attack_auc: 0.6645665083307858
Layer conv1.weight: 11/64 channels masked
Layer layer1.0.conv2.weight: 1/64 channels masked
Layer layer1.1.conv1.weight: 1/64 channels masked
Layer layer2.0.conv2.weight: 3/128 channels masked
Layer layer2.0.downsample.0.weight: 4/128 channels masked
Layer layer2.1.conv2.weight: 1/128 channels masked
Layer layer3.0.downsample.0.weight: 5/256 channels masked
Layer layer4.0.conv1.weight: 4/512 channels masked
Layer layer4.0.conv2.weight: 68/512 channels masked
Layer layer4.0.downsample.0.weight: 133/512 channels masked
Layer layer4.1.conv1.weight: 51/512 channels masked
Layer layer4.1.conv2.weight: 82/512 channels masked
------------------------- time cost ------------------------- 8.37835144996643
ASR: 0.07895575255852144
attack_auc: 0.6588647380204553
Layer conv1.weight: 10/64 channels masked
Layer layer1.0.conv2.weight: 1/64 channels masked
Layer layer1.1.conv1.weight: 1/64 channels masked
Layer layer2.0.conv2.weight: 3/128 channels masked
Layer layer2.0.downsample.0.weight: 4/128 channels masked
Layer layer2.1.conv2.weight: 1/128 channels masked
Layer layer3.0.downsample.0.weight: 5/256 channels masked
Layer layer4.0.conv1.weight: 4/512 channels masked
Layer layer4.0.conv2.weight: 68/512 channels masked
Layer layer4.0.downsample.0.weight: 133/512 channels masked
Layer layer4.1.conv1.weight: 51/512 channels masked
Layer layer4.1.conv2.weight: 83/512 channels masked
------------------------- time cost ------------------------- 8.319086790084839
ASR: 0.09954162166270078
attack_auc: 0.6816683514608791
Layer conv1.weight: 10/64 channels masked
Layer layer1.0.conv2.weight: 1/64 channels masked
Layer layer1.1.conv1.weight: 1/64 channels masked
Layer layer2.0.conv2.weight: 3/128 channels masked
Layer layer2.0.downsample.0.weight: 4/128 channels masked
Layer layer2.1.conv2.weight: 1/128 channels masked
Layer layer3.0.downsample.0.weight: 5/256 channels masked
Layer layer4.0.conv1.weight: 4/512 channels masked
Layer layer4.0.conv2.weight: 67/512 channels masked
Layer layer4.0.downsample.0.weight: 133/512 channels masked
Layer layer4.1.conv1.weight: 51/512 channels masked
Layer layer4.1.conv2.weight: 83/512 channels masked
------------------------- time cost ------------------------- 8.323708057403564
ASR: 0.10236486973711201
attack_auc: 0.6875856970017117
Layer conv1.weight: 10/64 channels masked
Layer layer1.0.conv2.weight: 1/64 channels masked
Layer layer1.1.conv1.weight: 1/64 channels masked
Layer layer2.0.conv2.weight: 3/128 channels masked
Layer layer2.0.downsample.0.weight: 4/128 channels masked
Layer layer2.1.conv2.weight: 1/128 channels masked
Layer layer3.0.downsample.0.weight: 5/256 channels masked
Layer layer4.0.conv1.weight: 5/512 channels masked
Layer layer4.0.conv2.weight: 69/512 channels masked
Layer layer4.0.downsample.0.weight: 133/512 channels masked
Layer layer4.1.conv1.weight: 51/512 channels masked
Layer layer4.1.conv2.weight: 83/512 channels masked
------------------------- time cost ------------------------- 9.094630479812622
ASR: 0.09752053506942888
attack_auc: 0.6699635987780103
Layer conv1.weight: 10/64 channels masked
Layer layer1.0.conv2.weight: 1/64 channels masked
Layer layer1.1.conv1.weight: 1/64 channels masked
Layer layer2.0.conv2.weight: 3/128 channels masked
Layer layer2.0.downsample.0.weight: 4/128 channels masked
Layer layer2.1.conv2.weight: 1/128 channels masked
Layer layer3.0.downsample.0.weight: 5/256 channels masked
Layer layer4.0.conv1.weight: 5/512 channels masked
Layer layer4.0.conv2.weight: 69/512 channels masked
Layer layer4.0.downsample.0.weight: 133/512 channels masked
Layer layer4.1.conv1.weight: 51/512 channels masked
Layer layer4.1.conv2.weight: 83/512 channels masked
------------------------- time cost ------------------------- 8.516302824020386
ASR: 0.11433509044547131
attack_auc: 0.6859575960698625
Layer conv1.weight: 10/64 channels masked
Layer layer1.0.conv2.weight: 1/64 channels masked
Layer layer1.1.conv1.weight: 1/64 channels masked
Layer layer2.0.conv2.weight: 3/128 channels masked
Layer layer2.0.downsample.0.weight: 4/128 channels masked
Layer layer2.1.conv2.weight: 1/128 channels masked
Layer layer3.0.downsample.0.weight: 5/256 channels masked
Layer layer4.0.conv1.weight: 5/512 channels masked
Layer layer4.0.conv2.weight: 69/512 channels masked
Layer layer4.0.downsample.0.weight: 133/512 channels masked
Layer layer4.1.conv1.weight: 51/512 channels masked
Layer layer4.1.conv2.weight: 83/512 channels masked
------------------------- time cost ------------------------- 9.114887714385986

-------------Round number: 330-------------

Evaluate personalized models
Averaged Train Loss: 0.2449
Averaged Test Accurancy: 0.7315
Averaged Test AUC: 0.9527
Std Test Accurancy: 0.0955
Std Test AUC: 0.0244
ASR: 0.1291251978572048
attack_auc: 0.7118604218359429
Layer conv1.weight: 9/64 channels masked
Layer layer1.0.conv2.weight: 1/64 channels masked
Layer layer1.1.conv1.weight: 1/64 channels masked
Layer layer2.0.conv2.weight: 3/128 channels masked
Layer layer2.0.downsample.0.weight: 4/128 channels masked
Layer layer2.1.conv2.weight: 1/128 channels masked
Layer layer3.0.downsample.0.weight: 5/256 channels masked
Layer layer4.0.conv1.weight: 5/512 channels masked
Layer layer4.0.conv2.weight: 68/512 channels masked
Layer layer4.0.downsample.0.weight: 133/512 channels masked
Layer layer4.1.conv1.weight: 51/512 channels masked
Layer layer4.1.conv2.weight: 83/512 channels masked
------------------------- time cost ------------------------- 15.998018503189087
ASR: 0.12980993596818907
attack_auc: 0.7120652137078911
Layer conv1.weight: 10/64 channels masked
Layer layer1.0.conv2.weight: 1/64 channels masked
Layer layer1.1.conv1.weight: 1/64 channels masked
Layer layer2.0.conv2.weight: 3/128 channels masked
Layer layer2.0.downsample.0.weight: 4/128 channels masked
Layer layer2.1.conv2.weight: 1/128 channels masked
Layer layer3.0.downsample.0.weight: 5/256 channels masked
Layer layer4.0.conv1.weight: 5/512 channels masked
Layer layer4.0.conv2.weight: 69/512 channels masked
Layer layer4.0.downsample.0.weight: 133/512 channels masked
Layer layer4.1.conv1.weight: 51/512 channels masked
Layer layer4.1.conv2.weight: 83/512 channels masked
------------------------- time cost ------------------------- 7.850773334503174
ASR: 0.12049525938435121
attack_auc: 0.7089218133716965
Layer conv1.weight: 10/64 channels masked
Layer layer1.0.conv2.weight: 1/64 channels masked
Layer layer1.1.conv1.weight: 1/64 channels masked
Layer layer2.0.conv2.weight: 3/128 channels masked
Layer layer2.0.downsample.0.weight: 4/128 channels masked
Layer layer2.1.conv2.weight: 1/128 channels masked
Layer layer3.0.downsample.0.weight: 5/256 channels masked
Layer layer4.0.conv1.weight: 5/512 channels masked
Layer layer4.0.conv2.weight: 69/512 channels masked
Layer layer4.0.downsample.0.weight: 133/512 channels masked
Layer layer4.1.conv1.weight: 51/512 channels masked
Layer layer4.1.conv2.weight: 84/512 channels masked
------------------------- time cost ------------------------- 8.36511516571045
ASR: 0.13128818001760964
attack_auc: 0.7147917876358894
Layer conv1.weight: 10/64 channels masked
Layer layer1.0.conv2.weight: 1/64 channels masked
Layer layer1.1.conv1.weight: 1/64 channels masked
Layer layer2.0.conv2.weight: 3/128 channels masked
Layer layer2.0.downsample.0.weight: 4/128 channels masked
Layer layer2.1.conv2.weight: 1/128 channels masked
Layer layer3.0.downsample.0.weight: 5/256 channels masked
Layer layer4.0.conv1.weight: 5/512 channels masked
Layer layer4.0.conv2.weight: 69/512 channels masked
Layer layer4.0.downsample.0.weight: 133/512 channels masked
Layer layer4.1.conv1.weight: 51/512 channels masked
Layer layer4.1.conv2.weight: 86/512 channels masked
------------------------- time cost ------------------------- 6.967849016189575
ASR: 0.12046337890806134
attack_auc: 0.711444235524639
Layer conv1.weight: 10/64 channels masked
Layer layer1.0.conv2.weight: 1/64 channels masked
Layer layer1.1.conv1.weight: 1/64 channels masked
Layer layer2.0.conv2.weight: 3/128 channels masked
Layer layer2.0.downsample.0.weight: 4/128 channels masked
Layer layer2.1.conv2.weight: 1/128 channels masked
Layer layer3.0.downsample.0.weight: 5/256 channels masked
Layer layer4.0.conv1.weight: 5/512 channels masked
Layer layer4.0.conv2.weight: 68/512 channels masked
Layer layer4.0.downsample.0.weight: 133/512 channels masked
Layer layer4.1.conv1.weight: 51/512 channels masked
Layer layer4.1.conv2.weight: 86/512 channels masked
------------------------- time cost ------------------------- 8.921376943588257
ASR: 0.1385709829204768
attack_auc: 0.7198501971138521
Layer conv1.weight: 10/64 channels masked
Layer layer1.0.conv2.weight: 1/64 channels masked
Layer layer1.1.conv1.weight: 1/64 channels masked
Layer layer2.0.conv2.weight: 3/128 channels masked
Layer layer2.0.downsample.0.weight: 4/128 channels masked
Layer layer2.1.conv2.weight: 1/128 channels masked
Layer layer3.0.downsample.0.weight: 5/256 channels masked
Layer layer4.0.conv1.weight: 5/512 channels masked
Layer layer4.0.conv2.weight: 69/512 channels masked
Layer layer4.0.downsample.0.weight: 133/512 channels masked
Layer layer4.1.conv1.weight: 51/512 channels masked
Layer layer4.1.conv2.weight: 86/512 channels masked
------------------------- time cost ------------------------- 6.737741231918335
ASR: 0.12552339820529498
attack_auc: 0.7111504760839169
Layer conv1.weight: 10/64 channels masked
Layer layer1.0.conv2.weight: 1/64 channels masked
Layer layer1.1.conv1.weight: 1/64 channels masked
Layer layer2.0.conv2.weight: 3/128 channels masked
Layer layer2.0.downsample.0.weight: 4/128 channels masked
Layer layer2.1.conv2.weight: 1/128 channels masked
Layer layer3.0.downsample.0.weight: 5/256 channels masked
Layer layer4.0.conv1.weight: 5/512 channels masked
Layer layer4.0.conv2.weight: 72/512 channels masked
Layer layer4.0.downsample.0.weight: 133/512 channels masked
Layer layer4.1.conv1.weight: 52/512 channels masked
Layer layer4.1.conv2.weight: 86/512 channels masked
------------------------- time cost ------------------------- 9.111379146575928
ASR: 0.15777976287139597
attack_auc: 0.7278842696522622
Layer conv1.weight: 10/64 channels masked
Layer layer1.0.conv2.weight: 1/64 channels masked
Layer layer1.1.conv1.weight: 1/64 channels masked
Layer layer2.0.conv2.weight: 3/128 channels masked
Layer layer2.0.downsample.0.weight: 4/128 channels masked
Layer layer2.1.conv2.weight: 1/128 channels masked
Layer layer3.0.downsample.0.weight: 5/256 channels masked
Layer layer4.0.conv1.weight: 5/512 channels masked
Layer layer4.0.conv2.weight: 72/512 channels masked
Layer layer4.0.downsample.0.weight: 133/512 channels masked
Layer layer4.1.conv1.weight: 52/512 channels masked
Layer layer4.1.conv2.weight: 86/512 channels masked
------------------------- time cost ------------------------- 8.237914562225342
ASR: 0.14598219136493315
attack_auc: 0.7224244031432577
Layer conv1.weight: 10/64 channels masked
Layer layer1.0.conv2.weight: 1/64 channels masked
Layer layer1.1.conv1.weight: 1/64 channels masked
Layer layer2.0.conv2.weight: 3/128 channels masked
Layer layer2.0.downsample.0.weight: 4/128 channels masked
Layer layer2.1.conv2.weight: 1/128 channels masked
Layer layer3.0.downsample.0.weight: 5/256 channels masked
Layer layer4.0.conv1.weight: 5/512 channels masked
Layer layer4.0.conv2.weight: 72/512 channels masked
Layer layer4.0.downsample.0.weight: 133/512 channels masked
Layer layer4.1.conv1.weight: 52/512 channels masked
Layer layer4.1.conv2.weight: 86/512 channels masked
------------------------- time cost ------------------------- 8.619930505752563
ASR: 0.12315565544791274
attack_auc: 0.7026348939792347
Layer conv1.weight: 10/64 channels masked
Layer layer1.0.conv2.weight: 1/64 channels masked
Layer layer1.1.conv1.weight: 1/64 channels masked
Layer layer2.0.conv2.weight: 3/128 channels masked
Layer layer2.0.downsample.0.weight: 4/128 channels masked
Layer layer2.1.conv2.weight: 1/128 channels masked
Layer layer3.0.downsample.0.weight: 5/256 channels masked
Layer layer4.0.conv1.weight: 5/512 channels masked
Layer layer4.0.conv2.weight: 72/512 channels masked
Layer layer4.0.downsample.0.weight: 133/512 channels masked
Layer layer4.1.conv1.weight: 52/512 channels masked
Layer layer4.1.conv2.weight: 86/512 channels masked
------------------------- time cost ------------------------- 8.637692928314209

-------------Round number: 340-------------

Evaluate personalized models
Averaged Train Loss: 0.2237
Averaged Test Accurancy: 0.7407
Averaged Test AUC: 0.9541
Std Test Accurancy: 0.1029
Std Test AUC: 0.0258
ASR: 0.11465530515402246
attack_auc: 0.6878566607424027
Layer conv1.weight: 10/64 channels masked
Layer layer1.0.conv2.weight: 1/64 channels masked
Layer layer1.1.conv1.weight: 1/64 channels masked
Layer layer2.0.conv2.weight: 3/128 channels masked
Layer layer2.0.downsample.0.weight: 4/128 channels masked
Layer layer2.1.conv2.weight: 1/128 channels masked
Layer layer3.0.downsample.0.weight: 5/256 channels masked
Layer layer4.0.conv1.weight: 5/512 channels masked
Layer layer4.0.conv2.weight: 72/512 channels masked
Layer layer4.0.downsample.0.weight: 133/512 channels masked
Layer layer4.1.conv1.weight: 52/512 channels masked
Layer layer4.1.conv2.weight: 86/512 channels masked
------------------------- time cost ------------------------- 16.306270837783813
ASR: 0.10757184691509453
attack_auc: 0.693828038331338
Layer conv1.weight: 10/64 channels masked
Layer layer1.0.conv2.weight: 1/64 channels masked
Layer layer1.1.conv1.weight: 1/64 channels masked
Layer layer2.0.conv2.weight: 3/128 channels masked
Layer layer2.0.downsample.0.weight: 4/128 channels masked
Layer layer2.1.conv2.weight: 1/128 channels masked
Layer layer3.0.downsample.0.weight: 5/256 channels masked
Layer layer4.0.conv1.weight: 5/512 channels masked
Layer layer4.0.conv2.weight: 72/512 channels masked
Layer layer4.0.downsample.0.weight: 133/512 channels masked
Layer layer4.1.conv1.weight: 52/512 channels masked
Layer layer4.1.conv2.weight: 87/512 channels masked
------------------------- time cost ------------------------- 9.147029399871826
ASR: 0.10525989658501422
attack_auc: 0.694518536824281
Layer conv1.weight: 10/64 channels masked
Layer layer1.0.conv2.weight: 1/64 channels masked
Layer layer1.1.conv1.weight: 1/64 channels masked
Layer layer2.0.conv2.weight: 3/128 channels masked
Layer layer2.0.downsample.0.weight: 4/128 channels masked
Layer layer2.1.conv2.weight: 1/128 channels masked
Layer layer3.0.downsample.0.weight: 5/256 channels masked
Layer layer4.0.conv1.weight: 5/512 channels masked
Layer layer4.0.conv2.weight: 72/512 channels masked
Layer layer4.0.downsample.0.weight: 133/512 channels masked
Layer layer4.1.conv1.weight: 52/512 channels masked
Layer layer4.1.conv2.weight: 87/512 channels masked
------------------------- time cost ------------------------- 8.729388236999512
ASR: 0.09962856812141402
attack_auc: 0.679413562758156
Layer conv1.weight: 10/64 channels masked
Layer layer1.0.conv2.weight: 1/64 channels masked
Layer layer1.1.conv1.weight: 1/64 channels masked
Layer layer2.0.conv2.weight: 3/128 channels masked
Layer layer2.0.downsample.0.weight: 4/128 channels masked
Layer layer2.1.conv2.weight: 1/128 channels masked
Layer layer3.0.downsample.0.weight: 5/256 channels masked
Layer layer4.0.conv1.weight: 5/512 channels masked
Layer layer4.0.conv2.weight: 73/512 channels masked
Layer layer4.0.downsample.0.weight: 133/512 channels masked
Layer layer4.1.conv1.weight: 52/512 channels masked
Layer layer4.1.conv2.weight: 87/512 channels masked
------------------------- time cost ------------------------- 7.601153612136841
ASR: 0.10563676303881317
attack_auc: 0.6820428737108046
Layer conv1.weight: 10/64 channels masked
Layer layer1.0.conv2.weight: 1/64 channels masked
Layer layer1.1.conv1.weight: 1/64 channels masked
Layer layer2.0.conv2.weight: 3/128 channels masked
Layer layer2.0.downsample.0.weight: 4/128 channels masked
Layer layer2.1.conv2.weight: 1/128 channels masked
Layer layer3.0.downsample.0.weight: 5/256 channels masked
Layer layer4.0.conv1.weight: 5/512 channels masked
Layer layer4.0.conv2.weight: 72/512 channels masked
Layer layer4.0.downsample.0.weight: 133/512 channels masked
Layer layer4.1.conv1.weight: 53/512 channels masked
Layer layer4.1.conv2.weight: 88/512 channels masked
------------------------- time cost ------------------------- 8.068907737731934
ASR: 0.07497727300907814
attack_auc: 0.6582512107307834
Layer conv1.weight: 10/64 channels masked
Layer layer1.0.conv2.weight: 1/64 channels masked
Layer layer1.1.conv1.weight: 1/64 channels masked
Layer layer2.0.conv2.weight: 3/128 channels masked
Layer layer2.0.downsample.0.weight: 4/128 channels masked
Layer layer2.1.conv2.weight: 1/128 channels masked
Layer layer3.0.downsample.0.weight: 5/256 channels masked
Layer layer4.0.conv1.weight: 5/512 channels masked
Layer layer4.0.conv2.weight: 73/512 channels masked
Layer layer4.0.downsample.0.weight: 133/512 channels masked
Layer layer4.1.conv1.weight: 53/512 channels masked
Layer layer4.1.conv2.weight: 90/512 channels masked
------------------------- time cost ------------------------- 7.518653154373169
ASR: 0.07934780209430153
attack_auc: 0.6698468857882158
Layer conv1.weight: 10/64 channels masked
Layer layer1.0.conv2.weight: 1/64 channels masked
Layer layer1.1.conv1.weight: 1/64 channels masked
Layer layer2.0.conv2.weight: 3/128 channels masked
Layer layer2.0.downsample.0.weight: 4/128 channels masked
Layer layer2.1.conv2.weight: 1/128 channels masked
Layer layer3.0.downsample.0.weight: 5/256 channels masked
Layer layer4.0.conv1.weight: 5/512 channels masked
Layer layer4.0.conv2.weight: 73/512 channels masked
Layer layer4.0.downsample.0.weight: 133/512 channels masked
Layer layer4.1.conv1.weight: 53/512 channels masked
Layer layer4.1.conv2.weight: 90/512 channels masked
------------------------- time cost ------------------------- 8.214354991912842
ASR: 0.06729668753806879
attack_auc: 0.654593119007194
Layer conv1.weight: 10/64 channels masked
Layer layer1.0.conv2.weight: 1/64 channels masked
Layer layer1.1.conv1.weight: 1/64 channels masked
Layer layer2.0.conv2.weight: 3/128 channels masked
Layer layer2.0.downsample.0.weight: 4/128 channels masked
Layer layer2.1.conv2.weight: 1/128 channels masked
Layer layer3.0.downsample.0.weight: 5/256 channels masked
Layer layer4.0.conv1.weight: 5/512 channels masked
Layer layer4.0.conv2.weight: 74/512 channels masked
Layer layer4.0.downsample.0.weight: 133/512 channels masked
Layer layer4.1.conv1.weight: 53/512 channels masked
Layer layer4.1.conv2.weight: 90/512 channels masked
------------------------- time cost ------------------------- 7.417132139205933
ASR: 0.08152794349702679
attack_auc: 0.6626062164274057
Layer conv1.weight: 10/64 channels masked
Layer layer1.0.conv2.weight: 1/64 channels masked
Layer layer1.1.conv1.weight: 1/64 channels masked
Layer layer2.0.conv2.weight: 3/128 channels masked
Layer layer2.0.downsample.0.weight: 4/128 channels masked
Layer layer2.1.conv2.weight: 1/128 channels masked
Layer layer3.0.downsample.0.weight: 5/256 channels masked
Layer layer4.0.conv1.weight: 5/512 channels masked
Layer layer4.0.conv2.weight: 73/512 channels masked
Layer layer4.0.downsample.0.weight: 133/512 channels masked
Layer layer4.1.conv1.weight: 53/512 channels masked
Layer layer4.1.conv2.weight: 91/512 channels masked
------------------------- time cost ------------------------- 8.832480907440186
ASR: 0.10061713870060092
attack_auc: 0.6829212780919623
Layer conv1.weight: 10/64 channels masked
Layer layer1.0.conv2.weight: 1/64 channels masked
Layer layer1.1.conv1.weight: 1/64 channels masked
Layer layer2.0.conv2.weight: 3/128 channels masked
Layer layer2.0.downsample.0.weight: 4/128 channels masked
Layer layer2.1.conv2.weight: 1/128 channels masked
Layer layer3.0.downsample.0.weight: 5/256 channels masked
Layer layer4.0.conv1.weight: 5/512 channels masked
Layer layer4.0.conv2.weight: 74/512 channels masked
Layer layer4.0.downsample.0.weight: 133/512 channels masked
Layer layer4.1.conv1.weight: 53/512 channels masked
Layer layer4.1.conv2.weight: 91/512 channels masked
------------------------- time cost ------------------------- 8.371411085128784

-------------Round number: 350-------------

Evaluate personalized models
Averaged Train Loss: 0.1739
Averaged Test Accurancy: 0.7387
Averaged Test AUC: 0.9560
Std Test Accurancy: 0.0966
Std Test AUC: 0.0220
ASR: 0.10124699873970869
attack_auc: 0.6860931257599278
Layer conv1.weight: 10/64 channels masked
Layer layer2.0.conv2.weight: 2/128 channels masked
Layer layer2.0.downsample.0.weight: 4/128 channels masked
Layer layer2.1.conv2.weight: 1/128 channels masked
Layer layer3.0.downsample.0.weight: 5/256 channels masked
Layer layer4.0.conv1.weight: 5/512 channels masked
Layer layer4.0.conv2.weight: 64/512 channels masked
Layer layer4.0.downsample.0.weight: 133/512 channels masked
Layer layer4.1.conv1.weight: 53/512 channels masked
Layer layer4.1.conv2.weight: 91/512 channels masked
------------------------- time cost ------------------------- 16.37552499771118
ASR: 0.1490159475655002
attack_auc: 0.7245669890509928
Layer conv1.weight: 11/64 channels masked
Layer layer1.0.conv2.weight: 1/64 channels masked
Layer layer1.1.conv1.weight: 1/64 channels masked
Layer layer2.0.conv2.weight: 3/128 channels masked
Layer layer2.0.downsample.0.weight: 4/128 channels masked
Layer layer2.1.conv2.weight: 1/128 channels masked
Layer layer3.0.downsample.0.weight: 5/256 channels masked
Layer layer4.0.conv1.weight: 5/512 channels masked
Layer layer4.0.conv2.weight: 72/512 channels masked
Layer layer4.0.downsample.0.weight: 133/512 channels masked
Layer layer4.1.conv1.weight: 53/512 channels masked
Layer layer4.1.conv2.weight: 91/512 channels masked
------------------------- time cost ------------------------- 8.421521663665771
ASR: 0.14577725351871496
attack_auc: 0.7270462560359656
Layer conv1.weight: 11/64 channels masked
Layer layer1.0.conv2.weight: 1/64 channels masked
Layer layer1.1.conv1.weight: 1/64 channels masked
Layer layer2.0.conv2.weight: 3/128 channels masked
Layer layer2.0.downsample.0.weight: 4/128 channels masked
Layer layer2.1.conv2.weight: 1/128 channels masked
Layer layer3.0.downsample.0.weight: 5/256 channels masked
Layer layer4.0.conv1.weight: 5/512 channels masked
Layer layer4.0.conv2.weight: 71/512 channels masked
Layer layer4.0.downsample.0.weight: 133/512 channels masked
Layer layer4.1.conv1.weight: 53/512 channels masked
Layer layer4.1.conv2.weight: 91/512 channels masked
------------------------- time cost ------------------------- 8.273602724075317
ASR: 0.16204963385250284
attack_auc: 0.7319044406582514
Layer conv1.weight: 11/64 channels masked
Layer layer1.0.conv2.weight: 1/64 channels masked
Layer layer1.1.conv1.weight: 1/64 channels masked
Layer layer2.0.conv2.weight: 3/128 channels masked
Layer layer2.0.downsample.0.weight: 4/128 channels masked
Layer layer2.1.conv2.weight: 1/128 channels masked
Layer layer3.0.downsample.0.weight: 5/256 channels masked
Layer layer4.0.conv1.weight: 5/512 channels masked
Layer layer4.0.conv2.weight: 72/512 channels masked
Layer layer4.0.downsample.0.weight: 133/512 channels masked
Layer layer4.1.conv1.weight: 53/512 channels masked
Layer layer4.1.conv2.weight: 91/512 channels masked
------------------------- time cost ------------------------- 7.225782871246338
ASR: 0.13057434157099973
attack_auc: 0.7042720783397413
Layer conv1.weight: 11/64 channels masked
Layer layer1.1.conv1.weight: 1/64 channels masked
Layer layer2.0.conv2.weight: 3/128 channels masked
Layer layer2.0.downsample.0.weight: 4/128 channels masked
Layer layer2.1.conv2.weight: 1/128 channels masked
Layer layer3.0.downsample.0.weight: 5/256 channels masked
Layer layer4.0.conv1.weight: 5/512 channels masked
Layer layer4.0.conv2.weight: 71/512 channels masked
Layer layer4.0.downsample.0.weight: 133/512 channels masked
Layer layer4.1.conv1.weight: 53/512 channels masked
Layer layer4.1.conv2.weight: 91/512 channels masked
------------------------- time cost ------------------------- 7.872034311294556
ASR: 0.1603342051396666
attack_auc: 0.7302788309628406
Layer conv1.weight: 11/64 channels masked
Layer layer1.0.conv2.weight: 1/64 channels masked
Layer layer1.1.conv1.weight: 1/64 channels masked
Layer layer2.0.conv2.weight: 3/128 channels masked
Layer layer2.0.downsample.0.weight: 4/128 channels masked
Layer layer2.1.conv2.weight: 1/128 channels masked
Layer layer3.0.downsample.0.weight: 5/256 channels masked
Layer layer4.0.conv1.weight: 5/512 channels masked
Layer layer4.0.conv2.weight: 72/512 channels masked
Layer layer4.0.downsample.0.weight: 133/512 channels masked
Layer layer4.1.conv1.weight: 53/512 channels masked
Layer layer4.1.conv2.weight: 91/512 channels masked
------------------------- time cost ------------------------- 8.32791018486023
ASR: 0.14364646699324143
attack_auc: 0.7167061330801572
Layer conv1.weight: 12/64 channels masked
Layer layer1.0.conv2.weight: 1/64 channels masked
Layer layer1.1.conv1.weight: 1/64 channels masked
Layer layer2.0.conv2.weight: 3/128 channels masked
Layer layer2.0.downsample.0.weight: 4/128 channels masked
Layer layer2.1.conv2.weight: 1/128 channels masked
Layer layer3.0.downsample.0.weight: 5/256 channels masked
Layer layer4.0.conv1.weight: 5/512 channels masked
Layer layer4.0.conv2.weight: 72/512 channels masked
Layer layer4.0.downsample.0.weight: 133/512 channels masked
Layer layer4.1.conv1.weight: 53/512 channels masked
Layer layer4.1.conv2.weight: 91/512 channels masked
------------------------- time cost ------------------------- 7.162365913391113
ASR: 0.15747466064213392
attack_auc: 0.7223790031490368
Layer conv1.weight: 11/64 channels masked
Layer layer1.0.conv2.weight: 1/64 channels masked
Layer layer1.1.conv1.weight: 1/64 channels masked
Layer layer2.0.conv2.weight: 3/128 channels masked
Layer layer2.0.downsample.0.weight: 4/128 channels masked
Layer layer2.1.conv2.weight: 1/128 channels masked
Layer layer3.0.downsample.0.weight: 5/256 channels masked
Layer layer4.0.conv1.weight: 5/512 channels masked
Layer layer4.0.conv2.weight: 72/512 channels masked
Layer layer4.0.downsample.0.weight: 133/512 channels masked
Layer layer4.1.conv1.weight: 53/512 channels masked
Layer layer4.1.conv2.weight: 91/512 channels masked
------------------------- time cost ------------------------- 8.741198301315308
ASR: 0.1583792936416175
attack_auc: 0.7405020866390782
Layer conv1.weight: 12/64 channels masked
Layer layer1.0.conv2.weight: 1/64 channels masked
Layer layer1.1.conv1.weight: 1/64 channels masked
Layer layer2.0.conv2.weight: 3/128 channels masked
Layer layer2.0.downsample.0.weight: 4/128 channels masked
Layer layer2.1.conv2.weight: 1/128 channels masked
Layer layer3.0.downsample.0.weight: 5/256 channels masked
Layer layer4.0.conv1.weight: 5/512 channels masked
Layer layer4.0.conv2.weight: 72/512 channels masked
Layer layer4.0.downsample.0.weight: 133/512 channels masked
Layer layer4.1.conv1.weight: 53/512 channels masked
Layer layer4.1.conv2.weight: 91/512 channels masked
------------------------- time cost ------------------------- 8.91741681098938
ASR: 0.15010991083609848
attack_auc: 0.7285940180667448
Layer conv1.weight: 12/64 channels masked
Layer layer1.0.conv2.weight: 1/64 channels masked
Layer layer1.1.conv1.weight: 1/64 channels masked
Layer layer2.0.conv2.weight: 3/128 channels masked
Layer layer2.0.downsample.0.weight: 4/128 channels masked
Layer layer2.1.conv2.weight: 1/128 channels masked
Layer layer3.0.downsample.0.weight: 5/256 channels masked
Layer layer4.0.conv1.weight: 5/512 channels masked
Layer layer4.0.conv2.weight: 71/512 channels masked
Layer layer4.0.downsample.0.weight: 133/512 channels masked
Layer layer4.1.conv1.weight: 53/512 channels masked
Layer layer4.1.conv2.weight: 91/512 channels masked
------------------------- time cost ------------------------- 9.118241786956787

-------------Round number: 360-------------

Evaluate personalized models
Averaged Train Loss: 0.1809
Averaged Test Accurancy: 0.7395
Averaged Test AUC: 0.9560
Std Test Accurancy: 0.0874
Std Test AUC: 0.0213
ASR: 0.1462965661066539
attack_auc: 0.7301857782794
Layer conv1.weight: 12/64 channels masked
Layer layer1.0.conv2.weight: 1/64 channels masked
Layer layer1.1.conv1.weight: 1/64 channels masked
Layer layer2.0.conv2.weight: 3/128 channels masked
Layer layer2.0.downsample.0.weight: 4/128 channels masked
Layer layer2.1.conv2.weight: 1/128 channels masked
Layer layer3.0.downsample.0.weight: 5/256 channels masked
Layer layer4.0.conv1.weight: 5/512 channels masked
Layer layer4.0.conv2.weight: 72/512 channels masked
Layer layer4.0.downsample.0.weight: 133/512 channels masked
Layer layer4.1.conv1.weight: 53/512 channels masked
Layer layer4.1.conv2.weight: 91/512 channels masked
------------------------- time cost ------------------------- 15.758127212524414
ASR: 0.13797424425077925
attack_auc: 0.7248440502785357
Layer conv1.weight: 12/64 channels masked
Layer layer1.0.conv2.weight: 1/64 channels masked
Layer layer1.1.conv1.weight: 1/64 channels masked
Layer layer2.0.conv2.weight: 3/128 channels masked
Layer layer2.0.downsample.0.weight: 4/128 channels masked
Layer layer2.1.conv2.weight: 1/128 channels masked
Layer layer3.0.downsample.0.weight: 5/256 channels masked
Layer layer4.0.conv1.weight: 5/512 channels masked
Layer layer4.0.conv2.weight: 72/512 channels masked
Layer layer4.0.downsample.0.weight: 133/512 channels masked
Layer layer4.1.conv1.weight: 53/512 channels masked
Layer layer4.1.conv2.weight: 91/512 channels masked
------------------------- time cost ------------------------- 8.652363777160645
ASR: 0.14253047147270195
attack_auc: 0.7246502560774524
Layer conv1.weight: 12/64 channels masked
Layer layer1.0.conv2.weight: 1/64 channels masked
Layer layer1.1.conv1.weight: 1/64 channels masked
Layer layer2.0.conv2.weight: 3/128 channels masked
Layer layer2.0.downsample.0.weight: 4/128 channels masked
Layer layer2.1.conv2.weight: 1/128 channels masked
Layer layer3.0.downsample.0.weight: 5/256 channels masked
Layer layer4.0.conv1.weight: 5/512 channels masked
Layer layer4.0.conv2.weight: 70/512 channels masked
Layer layer4.0.downsample.0.weight: 133/512 channels masked
Layer layer4.1.conv1.weight: 53/512 channels masked
Layer layer4.1.conv2.weight: 91/512 channels masked
------------------------- time cost ------------------------- 8.905354976654053
ASR: 0.1511335453684766
attack_auc: 0.7379482743717125
Layer conv1.weight: 12/64 channels masked
Layer layer1.0.conv2.weight: 1/64 channels masked
Layer layer1.1.conv1.weight: 1/64 channels masked
Layer layer2.0.conv2.weight: 3/128 channels masked
Layer layer2.0.downsample.0.weight: 4/128 channels masked
Layer layer2.1.conv2.weight: 1/128 channels masked
Layer layer3.0.downsample.0.weight: 5/256 channels masked
Layer layer4.0.conv1.weight: 5/512 channels masked
Layer layer4.0.conv2.weight: 72/512 channels masked
Layer layer4.0.downsample.0.weight: 133/512 channels masked
Layer layer4.1.conv1.weight: 53/512 channels masked
Layer layer4.1.conv2.weight: 91/512 channels masked
------------------------- time cost ------------------------- 8.619604110717773
ASR: 0.15212988501434108
attack_auc: 0.7299002335110184
Layer conv1.weight: 12/64 channels masked
Layer layer1.0.conv2.weight: 1/64 channels masked
Layer layer1.1.conv1.weight: 1/64 channels masked
Layer layer2.0.conv2.weight: 3/128 channels masked
Layer layer2.0.downsample.0.weight: 4/128 channels masked
Layer layer2.1.conv2.weight: 1/128 channels masked
Layer layer3.0.downsample.0.weight: 5/256 channels masked
Layer layer4.0.conv1.weight: 5/512 channels masked
Layer layer4.0.conv2.weight: 72/512 channels masked
Layer layer4.0.downsample.0.weight: 133/512 channels masked
Layer layer4.1.conv1.weight: 53/512 channels masked
Layer layer4.1.conv2.weight: 91/512 channels masked
------------------------- time cost ------------------------- 7.844568490982056
ASR: 0.1464752153642912
attack_auc: 0.7280724598875861
Layer conv1.weight: 12/64 channels masked
Layer layer1.0.conv2.weight: 1/64 channels masked
Layer layer1.1.conv1.weight: 1/64 channels masked
Layer layer2.0.conv2.weight: 3/128 channels masked
Layer layer2.0.downsample.0.weight: 4/128 channels masked
Layer layer2.1.conv2.weight: 1/128 channels masked
Layer layer3.0.downsample.0.weight: 5/256 channels masked
Layer layer4.0.conv1.weight: 5/512 channels masked
Layer layer4.0.conv2.weight: 73/512 channels masked
Layer layer4.0.downsample.0.weight: 133/512 channels masked
Layer layer4.1.conv1.weight: 53/512 channels masked
Layer layer4.1.conv2.weight: 92/512 channels masked
------------------------- time cost ------------------------- 7.454720735549927
ASR: 0.14166178219883002
attack_auc: 0.7255564823816373
Layer conv1.weight: 13/64 channels masked
Layer layer1.0.conv2.weight: 1/64 channels masked
Layer layer1.1.conv1.weight: 1/64 channels masked
Layer layer2.0.conv2.weight: 3/128 channels masked
Layer layer2.0.downsample.0.weight: 4/128 channels masked
Layer layer2.1.conv2.weight: 1/128 channels masked
Layer layer3.0.downsample.0.weight: 5/256 channels masked
Layer layer4.0.conv1.weight: 5/512 channels masked
Layer layer4.0.conv2.weight: 71/512 channels masked
Layer layer4.0.downsample.0.weight: 133/512 channels masked
Layer layer4.1.conv1.weight: 53/512 channels masked
Layer layer4.1.conv2.weight: 92/512 channels masked
------------------------- time cost ------------------------- 7.4010910987854
ASR: 0.14273398745151467
attack_auc: 0.7237339861832196
Layer conv1.weight: 13/64 channels masked
Layer layer1.0.conv2.weight: 1/64 channels masked
Layer layer1.1.conv1.weight: 1/64 channels masked
Layer layer2.0.conv2.weight: 3/128 channels masked
Layer layer2.0.downsample.0.weight: 4/128 channels masked
Layer layer2.1.conv2.weight: 1/128 channels masked
Layer layer3.0.downsample.0.weight: 5/256 channels masked
Layer layer4.0.conv1.weight: 5/512 channels masked
Layer layer4.0.conv2.weight: 72/512 channels masked
Layer layer4.0.downsample.0.weight: 133/512 channels masked
Layer layer4.1.conv1.weight: 53/512 channels masked
Layer layer4.1.conv2.weight: 93/512 channels masked
------------------------- time cost ------------------------- 7.654795169830322
ASR: 0.16329076872242382
attack_auc: 0.7275564232834548
Layer conv1.weight: 13/64 channels masked
Layer layer1.0.conv2.weight: 1/64 channels masked
Layer layer1.1.conv1.weight: 1/64 channels masked
Layer layer2.0.conv2.weight: 3/128 channels masked
Layer layer2.0.downsample.0.weight: 4/128 channels masked
Layer layer2.1.conv2.weight: 1/128 channels masked
Layer layer3.0.downsample.0.weight: 5/256 channels masked
Layer layer4.0.conv1.weight: 5/512 channels masked
Layer layer4.0.conv2.weight: 73/512 channels masked
Layer layer4.0.downsample.0.weight: 133/512 channels masked
Layer layer4.1.conv1.weight: 53/512 channels masked
Layer layer4.1.conv2.weight: 93/512 channels masked
------------------------- time cost ------------------------- 7.66886830329895
ASR: 0.15656757811434532
attack_auc: 0.73579726190497
Layer conv1.weight: 12/64 channels masked
Layer layer1.1.conv1.weight: 1/64 channels masked
Layer layer2.0.conv2.weight: 3/128 channels masked
Layer layer2.0.downsample.0.weight: 4/128 channels masked
Layer layer2.1.conv2.weight: 1/128 channels masked
Layer layer3.0.downsample.0.weight: 5/256 channels masked
Layer layer4.0.conv1.weight: 5/512 channels masked
Layer layer4.0.conv2.weight: 64/512 channels masked
Layer layer4.0.downsample.0.weight: 133/512 channels masked
Layer layer4.1.conv1.weight: 53/512 channels masked
Layer layer4.1.conv2.weight: 92/512 channels masked
------------------------- time cost ------------------------- 10.956254482269287

-------------Round number: 370-------------

Evaluate personalized models
Averaged Train Loss: 0.1903
Averaged Test Accurancy: 0.7472
Averaged Test AUC: 0.9547
Std Test Accurancy: 0.0888
Std Test AUC: 0.0229
ASR: 0.1751356263586261
attack_auc: 0.7450619901189763
Layer conv1.weight: 12/64 channels masked
Layer layer1.1.conv1.weight: 1/64 channels masked
Layer layer2.0.conv2.weight: 3/128 channels masked
Layer layer2.0.downsample.0.weight: 4/128 channels masked
Layer layer2.1.conv2.weight: 1/128 channels masked
Layer layer3.0.downsample.0.weight: 5/256 channels masked
Layer layer4.0.conv1.weight: 5/512 channels masked
Layer layer4.0.conv2.weight: 69/512 channels masked
Layer layer4.0.downsample.0.weight: 133/512 channels masked
Layer layer4.1.conv1.weight: 53/512 channels masked
Layer layer4.1.conv2.weight: 92/512 channels masked
------------------------- time cost ------------------------- 17.060389518737793
ASR: 0.1501060587815812
attack_auc: 0.7342366205215376
Layer conv1.weight: 13/64 channels masked
Layer layer1.1.conv1.weight: 1/64 channels masked
Layer layer2.0.conv2.weight: 3/128 channels masked
Layer layer2.0.downsample.0.weight: 4/128 channels masked
Layer layer2.1.conv2.weight: 1/128 channels masked
Layer layer3.0.downsample.0.weight: 5/256 channels masked
Layer layer4.0.conv1.weight: 5/512 channels masked
Layer layer4.0.conv2.weight: 69/512 channels masked
Layer layer4.0.downsample.0.weight: 133/512 channels masked
Layer layer4.1.conv1.weight: 53/512 channels masked
Layer layer4.1.conv2.weight: 93/512 channels masked
------------------------- time cost ------------------------- 8.733662843704224
ASR: 0.126309359942553
attack_auc: 0.7208916006728018
Layer conv1.weight: 13/64 channels masked
Layer layer1.1.conv1.weight: 1/64 channels masked
Layer layer2.0.conv2.weight: 3/128 channels masked
Layer layer2.0.downsample.0.weight: 4/128 channels masked
Layer layer2.1.conv2.weight: 1/128 channels masked
Layer layer3.0.downsample.0.weight: 5/256 channels masked
Layer layer4.0.conv1.weight: 5/512 channels masked
Layer layer4.0.conv2.weight: 70/512 channels masked
Layer layer4.0.downsample.0.weight: 133/512 channels masked
Layer layer4.1.conv1.weight: 53/512 channels masked
Layer layer4.1.conv2.weight: 93/512 channels masked
------------------------- time cost ------------------------- 7.594709873199463
ASR: 0.15593769421590378
attack_auc: 0.7418196920403176
Layer conv1.weight: 13/64 channels masked
Layer layer1.1.conv1.weight: 1/64 channels masked
Layer layer2.0.conv2.weight: 3/128 channels masked
Layer layer2.0.downsample.0.weight: 4/128 channels masked
Layer layer2.1.conv2.weight: 1/128 channels masked
Layer layer3.0.downsample.0.weight: 5/256 channels masked
Layer layer4.0.conv1.weight: 5/512 channels masked
Layer layer4.0.conv2.weight: 70/512 channels masked
Layer layer4.0.downsample.0.weight: 133/512 channels masked
Layer layer4.1.conv1.weight: 53/512 channels masked
Layer layer4.1.conv2.weight: 93/512 channels masked
------------------------- time cost ------------------------- 8.729804277420044
ASR: 0.1635626783890424
attack_auc: 0.7464615107187882
Layer conv1.weight: 13/64 channels masked
Layer layer1.1.conv1.weight: 1/64 channels masked
Layer layer2.0.conv2.weight: 3/128 channels masked
Layer layer2.0.downsample.0.weight: 4/128 channels masked
Layer layer2.1.conv2.weight: 1/128 channels masked
Layer layer3.0.downsample.0.weight: 5/256 channels masked
Layer layer4.0.conv1.weight: 5/512 channels masked
Layer layer4.0.conv2.weight: 69/512 channels masked
Layer layer4.0.downsample.0.weight: 133/512 channels masked
Layer layer4.1.conv1.weight: 53/512 channels masked
Layer layer4.1.conv2.weight: 93/512 channels masked
------------------------- time cost ------------------------- 7.217494964599609
ASR: 0.15614043696858562
attack_auc: 0.7398160614712096
Layer conv1.weight: 13/64 channels masked
Layer layer1.1.conv1.weight: 1/64 channels masked
Layer layer2.0.conv2.weight: 3/128 channels masked
Layer layer2.0.downsample.0.weight: 4/128 channels masked
Layer layer2.1.conv2.weight: 1/128 channels masked
Layer layer3.0.downsample.0.weight: 5/256 channels masked
Layer layer4.0.conv1.weight: 5/512 channels masked
Layer layer4.0.conv2.weight: 71/512 channels masked
Layer layer4.0.downsample.0.weight: 133/512 channels masked
Layer layer4.1.conv1.weight: 53/512 channels masked
Layer layer4.1.conv2.weight: 93/512 channels masked
------------------------- time cost ------------------------- 8.252657175064087
ASR: 0.16812230919909904
attack_auc: 0.7437048826513682
Layer conv1.weight: 11/64 channels masked
Layer layer1.1.conv1.weight: 1/64 channels masked
Layer layer2.0.conv2.weight: 3/128 channels masked
Layer layer2.0.downsample.0.weight: 4/128 channels masked
Layer layer2.1.conv2.weight: 1/128 channels masked
Layer layer3.0.downsample.0.weight: 5/256 channels masked
Layer layer4.0.conv1.weight: 5/512 channels masked
Layer layer4.0.conv2.weight: 66/512 channels masked
Layer layer4.0.downsample.0.weight: 133/512 channels masked
Layer layer4.1.conv1.weight: 53/512 channels masked
Layer layer4.1.conv2.weight: 93/512 channels masked
------------------------- time cost ------------------------- 8.950899839401245
ASR: 0.18361699538729137
attack_auc: 0.7636781689827299
Layer conv1.weight: 12/64 channels masked
Layer layer1.1.conv1.weight: 1/64 channels masked
Layer layer2.0.conv2.weight: 3/128 channels masked
Layer layer2.0.downsample.0.weight: 4/128 channels masked
Layer layer2.1.conv2.weight: 1/128 channels masked
Layer layer3.0.downsample.0.weight: 5/256 channels masked
Layer layer4.0.conv1.weight: 5/512 channels masked
Layer layer4.0.conv2.weight: 62/512 channels masked
Layer layer4.0.downsample.0.weight: 133/512 channels masked
Layer layer4.1.conv1.weight: 53/512 channels masked
Layer layer4.1.conv2.weight: 93/512 channels masked
------------------------- time cost ------------------------- 8.729681015014648
ASR: 0.19895952340043344
attack_auc: 0.7663343497111976
Layer conv1.weight: 11/64 channels masked
Layer layer1.1.conv1.weight: 1/64 channels masked
Layer layer2.0.conv2.weight: 3/128 channels masked
Layer layer2.0.downsample.0.weight: 4/128 channels masked
Layer layer2.1.conv2.weight: 1/128 channels masked
Layer layer3.0.downsample.0.weight: 5/256 channels masked
Layer layer4.0.conv1.weight: 5/512 channels masked
Layer layer4.0.conv2.weight: 63/512 channels masked
Layer layer4.0.downsample.0.weight: 133/512 channels masked
Layer layer4.1.conv1.weight: 53/512 channels masked
Layer layer4.1.conv2.weight: 93/512 channels masked
------------------------- time cost ------------------------- 8.926186800003052
ASR: 0.17315623349172732
attack_auc: 0.7537687678526171
Layer conv1.weight: 11/64 channels masked
Layer layer1.1.conv1.weight: 1/64 channels masked
Layer layer2.0.conv2.weight: 3/128 channels masked
Layer layer2.0.downsample.0.weight: 4/128 channels masked
Layer layer2.1.conv2.weight: 1/128 channels masked
Layer layer3.0.downsample.0.weight: 5/256 channels masked
Layer layer4.0.conv1.weight: 5/512 channels masked
Layer layer4.0.conv2.weight: 69/512 channels masked
Layer layer4.0.downsample.0.weight: 133/512 channels masked
Layer layer4.1.conv1.weight: 53/512 channels masked
Layer layer4.1.conv2.weight: 93/512 channels masked
------------------------- time cost ------------------------- 9.100520610809326

-------------Round number: 380-------------

Evaluate personalized models
Averaged Train Loss: 0.1981
Averaged Test Accurancy: 0.7352
Averaged Test AUC: 0.9530
Std Test Accurancy: 0.1038
Std Test AUC: 0.0248
ASR: 0.15837643919684635
attack_auc: 0.7502260278364176
Layer conv1.weight: 11/64 channels masked
Layer layer1.1.conv1.weight: 1/64 channels masked
Layer layer2.0.conv2.weight: 3/128 channels masked
Layer layer2.0.downsample.0.weight: 4/128 channels masked
Layer layer2.1.conv2.weight: 1/128 channels masked
Layer layer3.0.downsample.0.weight: 5/256 channels masked
Layer layer4.0.conv1.weight: 5/512 channels masked
Layer layer4.0.conv2.weight: 68/512 channels masked
Layer layer4.0.downsample.0.weight: 133/512 channels masked
Layer layer4.1.conv1.weight: 53/512 channels masked
Layer layer4.1.conv2.weight: 93/512 channels masked
------------------------- time cost ------------------------- 17.109193563461304
ASR: 0.16270624987941332
attack_auc: 0.7446743359826546
Layer conv1.weight: 11/64 channels masked
Layer layer1.1.conv1.weight: 1/64 channels masked
Layer layer2.0.conv2.weight: 3/128 channels masked
Layer layer2.0.downsample.0.weight: 4/128 channels masked
Layer layer2.1.conv2.weight: 1/128 channels masked
Layer layer3.0.downsample.0.weight: 5/256 channels masked
Layer layer4.0.conv1.weight: 5/512 channels masked
Layer layer4.0.conv2.weight: 68/512 channels masked
Layer layer4.0.downsample.0.weight: 133/512 channels masked
Layer layer4.1.conv1.weight: 54/512 channels masked
Layer layer4.1.conv2.weight: 94/512 channels masked
------------------------- time cost ------------------------- 7.783859729766846
ASR: 0.16981662087466068
attack_auc: 0.7593036997358269
Layer conv1.weight: 11/64 channels masked
Layer layer1.1.conv1.weight: 1/64 channels masked
Layer layer2.0.conv2.weight: 3/128 channels masked
Layer layer2.0.downsample.0.weight: 4/128 channels masked
Layer layer2.1.conv2.weight: 1/128 channels masked
Layer layer3.0.downsample.0.weight: 5/256 channels masked
Layer layer4.0.conv1.weight: 5/512 channels masked
Layer layer4.0.conv2.weight: 68/512 channels masked
Layer layer4.0.downsample.0.weight: 133/512 channels masked
Layer layer4.1.conv1.weight: 54/512 channels masked
Layer layer4.1.conv2.weight: 94/512 channels masked
------------------------- time cost ------------------------- 9.414611101150513
ASR: 0.2368239288614209
attack_auc: 0.7897963992688505
Layer conv1.weight: 10/64 channels masked
Layer layer1.1.conv1.weight: 1/64 channels masked
Layer layer2.0.conv2.weight: 3/128 channels masked
Layer layer2.0.downsample.0.weight: 4/128 channels masked
Layer layer2.1.conv2.weight: 1/128 channels masked
Layer layer3.0.downsample.0.weight: 5/256 channels masked
Layer layer4.0.conv1.weight: 5/512 channels masked
Layer layer4.0.conv2.weight: 68/512 channels masked
Layer layer4.0.downsample.0.weight: 133/512 channels masked
Layer layer4.1.conv1.weight: 54/512 channels masked
Layer layer4.1.conv2.weight: 95/512 channels masked
------------------------- time cost ------------------------- 8.10994815826416
ASR: 0.18796763009489836
attack_auc: 0.7655501307986209
Layer conv1.weight: 11/64 channels masked
Layer layer1.1.conv1.weight: 1/64 channels masked
Layer layer2.0.conv2.weight: 3/128 channels masked
Layer layer2.0.downsample.0.weight: 4/128 channels masked
Layer layer2.1.conv2.weight: 1/128 channels masked
Layer layer3.0.downsample.0.weight: 5/256 channels masked
Layer layer4.0.conv1.weight: 6/512 channels masked
Layer layer4.0.conv2.weight: 74/512 channels masked
Layer layer4.0.downsample.0.weight: 133/512 channels masked
Layer layer4.1.conv1.weight: 55/512 channels masked
Layer layer4.1.conv2.weight: 96/512 channels masked
------------------------- time cost ------------------------- 7.416199445724487
ASR: 0.15797514704771606
attack_auc: 0.7315039026161629
Layer conv1.weight: 11/64 channels masked
Layer layer1.1.conv1.weight: 1/64 channels masked
Layer layer2.0.conv2.weight: 3/128 channels masked
Layer layer2.0.downsample.0.weight: 4/128 channels masked
Layer layer2.1.conv2.weight: 1/128 channels masked
Layer layer3.0.downsample.0.weight: 5/256 channels masked
Layer layer4.0.conv1.weight: 6/512 channels masked
Layer layer4.0.conv2.weight: 74/512 channels masked
Layer layer4.0.downsample.0.weight: 133/512 channels masked
Layer layer4.1.conv1.weight: 55/512 channels masked
Layer layer4.1.conv2.weight: 97/512 channels masked
------------------------- time cost ------------------------- 8.630576610565186
ASR: 0.21064771549037095
attack_auc: 0.7619138017625272
Layer conv1.weight: 11/64 channels masked
Layer layer1.1.conv1.weight: 1/64 channels masked
Layer layer2.0.conv2.weight: 3/128 channels masked
Layer layer2.0.downsample.0.weight: 4/128 channels masked
Layer layer2.1.conv2.weight: 1/128 channels masked
Layer layer3.0.downsample.0.weight: 5/256 channels masked
Layer layer4.0.conv1.weight: 6/512 channels masked
Layer layer4.0.conv2.weight: 74/512 channels masked
Layer layer4.0.downsample.0.weight: 133/512 channels masked
Layer layer4.1.conv1.weight: 55/512 channels masked
Layer layer4.1.conv2.weight: 97/512 channels masked
------------------------- time cost ------------------------- 7.88551664352417
ASR: 0.21020293805902235
attack_auc: 0.770719216864432
Layer conv1.weight: 12/64 channels masked
Layer layer1.1.conv1.weight: 1/64 channels masked
Layer layer2.0.conv2.weight: 3/128 channels masked
Layer layer2.0.downsample.0.weight: 4/128 channels masked
Layer layer2.1.conv2.weight: 1/128 channels masked
Layer layer3.0.downsample.0.weight: 5/256 channels masked
Layer layer4.0.conv1.weight: 6/512 channels masked
Layer layer4.0.conv2.weight: 73/512 channels masked
Layer layer4.0.downsample.0.weight: 133/512 channels masked
Layer layer4.1.conv1.weight: 55/512 channels masked
Layer layer4.1.conv2.weight: 97/512 channels masked
------------------------- time cost ------------------------- 9.013172388076782
ASR: 0.21248012104111302
attack_auc: 0.7776068598585623
Layer conv1.weight: 12/64 channels masked
Layer layer1.1.conv1.weight: 1/64 channels masked
Layer layer2.0.conv2.weight: 3/128 channels masked
Layer layer2.0.downsample.0.weight: 4/128 channels masked
Layer layer2.1.conv2.weight: 1/128 channels masked
Layer layer3.0.downsample.0.weight: 5/256 channels masked
Layer layer4.0.conv1.weight: 6/512 channels masked
Layer layer4.0.conv2.weight: 73/512 channels masked
Layer layer4.0.downsample.0.weight: 133/512 channels masked
Layer layer4.1.conv1.weight: 55/512 channels masked
Layer layer4.1.conv2.weight: 97/512 channels masked
------------------------- time cost ------------------------- 7.791019916534424
ASR: 0.21800432710193146
attack_auc: 0.7737845619228642
Layer conv1.weight: 11/64 channels masked
Layer layer1.1.conv1.weight: 1/64 channels masked
Layer layer2.0.conv2.weight: 3/128 channels masked
Layer layer2.0.downsample.0.weight: 4/128 channels masked
Layer layer2.1.conv2.weight: 1/128 channels masked
Layer layer3.0.downsample.0.weight: 5/256 channels masked
Layer layer4.0.conv1.weight: 6/512 channels masked
Layer layer4.0.conv2.weight: 73/512 channels masked
Layer layer4.0.downsample.0.weight: 133/512 channels masked
Layer layer4.1.conv1.weight: 55/512 channels masked
Layer layer4.1.conv2.weight: 97/512 channels masked
------------------------- time cost ------------------------- 8.739316701889038

-------------Round number: 390-------------

Evaluate personalized models
Averaged Train Loss: 0.1939
Averaged Test Accurancy: 0.7336
Averaged Test AUC: 0.9533
Std Test Accurancy: 0.1055
Std Test AUC: 0.0246
ASR: 0.18483706359843916
attack_auc: 0.7647310016242604
Layer conv1.weight: 11/64 channels masked
Layer layer1.1.conv1.weight: 1/64 channels masked
Layer layer2.0.conv2.weight: 3/128 channels masked
Layer layer2.0.downsample.0.weight: 4/128 channels masked
Layer layer2.1.conv2.weight: 1/128 channels masked
Layer layer3.0.downsample.0.weight: 5/256 channels masked
Layer layer4.0.conv1.weight: 7/512 channels masked
Layer layer4.0.conv2.weight: 73/512 channels masked
Layer layer4.0.downsample.0.weight: 133/512 channels masked
Layer layer4.1.conv1.weight: 55/512 channels masked
Layer layer4.1.conv2.weight: 97/512 channels masked
------------------------- time cost ------------------------- 16.132072687149048
ASR: 0.1937930447910218
attack_auc: 0.7597797870041526
Layer conv1.weight: 11/64 channels masked
Layer layer1.1.conv1.weight: 1/64 channels masked
Layer layer2.0.conv2.weight: 3/128 channels masked
Layer layer2.0.downsample.0.weight: 4/128 channels masked
Layer layer2.1.conv2.weight: 1/128 channels masked
Layer layer3.0.downsample.0.weight: 5/256 channels masked
Layer layer4.0.conv1.weight: 7/512 channels masked
Layer layer4.0.conv2.weight: 73/512 channels masked
Layer layer4.0.downsample.0.weight: 133/512 channels masked
Layer layer4.1.conv1.weight: 55/512 channels masked
Layer layer4.1.conv2.weight: 97/512 channels masked
------------------------- time cost ------------------------- 9.390904903411865
ASR: 0.20051945428759618
attack_auc: 0.771760081592616
Layer conv1.weight: 11/64 channels masked
Layer layer1.1.conv1.weight: 1/64 channels masked
Layer layer2.0.conv2.weight: 3/128 channels masked
Layer layer2.0.downsample.0.weight: 4/128 channels masked
Layer layer2.1.conv2.weight: 1/128 channels masked
Layer layer3.0.downsample.0.weight: 5/256 channels masked
Layer layer4.0.conv1.weight: 7/512 channels masked
Layer layer4.0.conv2.weight: 73/512 channels masked
Layer layer4.0.downsample.0.weight: 133/512 channels masked
Layer layer4.1.conv1.weight: 55/512 channels masked
Layer layer4.1.conv2.weight: 97/512 channels masked
------------------------- time cost ------------------------- 7.320163726806641
ASR: 0.2248659171205298
attack_auc: 0.7831326772246177
Layer conv1.weight: 11/64 channels masked
Layer layer1.1.conv1.weight: 1/64 channels masked
Layer layer2.0.conv2.weight: 3/128 channels masked
Layer layer2.0.downsample.0.weight: 4/128 channels masked
Layer layer2.1.conv2.weight: 1/128 channels masked
Layer layer3.0.downsample.0.weight: 5/256 channels masked
Layer layer4.0.conv1.weight: 7/512 channels masked
Layer layer4.0.conv2.weight: 73/512 channels masked
Layer layer4.0.downsample.0.weight: 133/512 channels masked
Layer layer4.1.conv1.weight: 55/512 channels masked
Layer layer4.1.conv2.weight: 97/512 channels masked
------------------------- time cost ------------------------- 8.368481874465942
ASR: 0.23116812087466737
attack_auc: 0.7719193101942774
Layer conv1.weight: 11/64 channels masked
Layer layer1.1.conv1.weight: 1/64 channels masked
Layer layer2.0.conv2.weight: 3/128 channels masked
Layer layer2.0.downsample.0.weight: 4/128 channels masked
Layer layer2.1.conv2.weight: 1/128 channels masked
Layer layer3.0.downsample.0.weight: 5/256 channels masked
Layer layer4.0.conv1.weight: 7/512 channels masked
Layer layer4.0.conv2.weight: 62/512 channels masked
Layer layer4.0.downsample.0.weight: 133/512 channels masked
Layer layer4.1.conv1.weight: 55/512 channels masked
Layer layer4.1.conv2.weight: 97/512 channels masked
------------------------- time cost ------------------------- 8.84561562538147
ASR: 0.20421598695020432
attack_auc: 0.7660034836680762
Layer conv1.weight: 11/64 channels masked
Layer layer1.1.conv1.weight: 1/64 channels masked
Layer layer2.0.conv2.weight: 3/128 channels masked
Layer layer2.0.downsample.0.weight: 4/128 channels masked
Layer layer2.1.conv2.weight: 1/128 channels masked
Layer layer3.0.downsample.0.weight: 5/256 channels masked
Layer layer4.0.conv1.weight: 7/512 channels masked
Layer layer4.0.conv2.weight: 73/512 channels masked
Layer layer4.0.downsample.0.weight: 133/512 channels masked
Layer layer4.1.conv1.weight: 55/512 channels masked
Layer layer4.1.conv2.weight: 98/512 channels masked
------------------------- time cost ------------------------- 8.2796049118042
ASR: 0.1730332489818336
attack_auc: 0.7528774450138198
Layer conv1.weight: 11/64 channels masked
Layer layer1.1.conv1.weight: 1/64 channels masked
Layer layer2.0.conv2.weight: 3/128 channels masked
Layer layer2.0.downsample.0.weight: 4/128 channels masked
Layer layer2.1.conv2.weight: 1/128 channels masked
Layer layer3.0.downsample.0.weight: 5/256 channels masked
Layer layer4.0.conv1.weight: 7/512 channels masked
Layer layer4.0.conv2.weight: 73/512 channels masked
Layer layer4.0.downsample.0.weight: 133/512 channels masked
Layer layer4.1.conv1.weight: 55/512 channels masked
Layer layer4.1.conv2.weight: 97/512 channels masked
------------------------- time cost ------------------------- 7.969693422317505
ASR: 0.15095233336614186
attack_auc: 0.7463029877104282
Layer conv1.weight: 11/64 channels masked
Layer layer1.1.conv1.weight: 1/64 channels masked
Layer layer2.0.conv2.weight: 3/128 channels masked
Layer layer2.0.downsample.0.weight: 4/128 channels masked
Layer layer2.1.conv2.weight: 1/128 channels masked
Layer layer3.0.downsample.0.weight: 5/256 channels masked
Layer layer4.0.conv1.weight: 7/512 channels masked
Layer layer4.0.conv2.weight: 73/512 channels masked
Layer layer4.0.downsample.0.weight: 133/512 channels masked
Layer layer4.1.conv1.weight: 55/512 channels masked
Layer layer4.1.conv2.weight: 97/512 channels masked
------------------------- time cost ------------------------- 8.581258773803711
ASR: 0.15375226389530097
attack_auc: 0.7465010728094973
Layer conv1.weight: 11/64 channels masked
Layer layer1.1.conv1.weight: 1/64 channels masked
Layer layer2.0.conv2.weight: 3/128 channels masked
Layer layer2.0.downsample.0.weight: 4/128 channels masked
Layer layer2.1.conv2.weight: 1/128 channels masked
Layer layer3.0.downsample.0.weight: 5/256 channels masked
Layer layer4.0.conv1.weight: 7/512 channels masked
Layer layer4.0.conv2.weight: 70/512 channels masked
Layer layer4.0.downsample.0.weight: 133/512 channels masked
Layer layer4.1.conv1.weight: 55/512 channels masked
Layer layer4.1.conv2.weight: 98/512 channels masked
------------------------- time cost ------------------------- 7.671029090881348
ASR: 0.14033650722916974
attack_auc: 0.7359525982649276
Layer conv1.weight: 11/64 channels masked
Layer layer1.1.conv1.weight: 1/64 channels masked
Layer layer2.0.conv2.weight: 3/128 channels masked
Layer layer2.0.downsample.0.weight: 4/128 channels masked
Layer layer2.1.conv2.weight: 1/128 channels masked
Layer layer3.0.downsample.0.weight: 5/256 channels masked
Layer layer4.0.conv1.weight: 7/512 channels masked
Layer layer4.0.conv2.weight: 73/512 channels masked
Layer layer4.0.downsample.0.weight: 133/512 channels masked
Layer layer4.1.conv1.weight: 55/512 channels masked
Layer layer4.1.conv2.weight: 98/512 channels masked
------------------------- time cost ------------------------- 8.771903038024902

-------------Round number: 400-------------

Evaluate personalized models
Averaged Train Loss: 0.1597
Averaged Test Accurancy: 0.7471
Averaged Test AUC: 0.9564
Std Test Accurancy: 0.0996
Std Test AUC: 0.0233
ASR: 0.16224582237167037
attack_auc: 0.7365392788768014
Layer conv1.weight: 10/64 channels masked
Layer layer1.1.conv1.weight: 1/64 channels masked
Layer layer2.0.conv2.weight: 3/128 channels masked
Layer layer2.0.downsample.0.weight: 4/128 channels masked
Layer layer2.1.conv2.weight: 1/128 channels masked
Layer layer3.0.downsample.0.weight: 5/256 channels masked
Layer layer4.0.conv1.weight: 7/512 channels masked
Layer layer4.0.conv2.weight: 73/512 channels masked
Layer layer4.0.downsample.0.weight: 133/512 channels masked
Layer layer4.1.conv1.weight: 55/512 channels masked
Layer layer4.1.conv2.weight: 98/512 channels masked
------------------------- time cost ------------------------- 16.3114755153656
ASR: 0.16090718514724384
attack_auc: 0.7330597704410532
Layer conv1.weight: 10/64 channels masked
Layer layer1.1.conv1.weight: 1/64 channels masked
Layer layer2.0.conv2.weight: 3/128 channels masked
Layer layer2.0.downsample.0.weight: 4/128 channels masked
Layer layer2.1.conv2.weight: 1/128 channels masked
Layer layer3.0.downsample.0.weight: 5/256 channels masked
Layer layer4.0.conv1.weight: 7/512 channels masked
Layer layer4.0.conv2.weight: 74/512 channels masked
Layer layer4.0.downsample.0.weight: 133/512 channels masked
Layer layer4.1.conv1.weight: 55/512 channels masked
Layer layer4.1.conv2.weight: 98/512 channels masked
------------------------- time cost ------------------------- 8.68487811088562
ASR: 0.175748087890091
attack_auc: 0.7410441110206846
Layer conv1.weight: 10/64 channels masked
Layer layer1.1.conv1.weight: 1/64 channels masked
Layer layer2.0.conv2.weight: 3/128 channels masked
Layer layer2.0.downsample.0.weight: 4/128 channels masked
Layer layer2.1.conv2.weight: 1/128 channels masked
Layer layer3.0.downsample.0.weight: 5/256 channels masked
Layer layer4.0.conv1.weight: 7/512 channels masked
Layer layer4.0.conv2.weight: 72/512 channels masked
Layer layer4.0.downsample.0.weight: 133/512 channels masked
Layer layer4.1.conv1.weight: 55/512 channels masked
Layer layer4.1.conv2.weight: 99/512 channels masked
------------------------- time cost ------------------------- 9.115002393722534
ASR: 0.15513954697238913
attack_auc: 0.7212059958025963
Layer conv1.weight: 10/64 channels masked
Layer layer1.1.conv1.weight: 1/64 channels masked
Layer layer2.0.conv2.weight: 3/128 channels masked
Layer layer2.0.downsample.0.weight: 4/128 channels masked
Layer layer2.1.conv2.weight: 1/128 channels masked
Layer layer3.0.downsample.0.weight: 5/256 channels masked
Layer layer4.0.conv1.weight: 7/512 channels masked
Layer layer4.0.conv2.weight: 74/512 channels masked
Layer layer4.0.downsample.0.weight: 133/512 channels masked
Layer layer4.1.conv1.weight: 55/512 channels masked
Layer layer4.1.conv2.weight: 99/512 channels masked
------------------------- time cost ------------------------- 8.059433460235596
ASR: 0.15976407530740444
attack_auc: 0.7223788606155251
Layer conv1.weight: 10/64 channels masked
Layer layer1.1.conv1.weight: 1/64 channels masked
Layer layer2.0.conv2.weight: 3/128 channels masked
Layer layer2.0.downsample.0.weight: 4/128 channels masked
Layer layer2.1.conv2.weight: 1/128 channels masked
Layer layer3.0.downsample.0.weight: 5/256 channels masked
Layer layer4.0.conv1.weight: 8/512 channels masked
Layer layer4.0.conv2.weight: 74/512 channels masked
Layer layer4.0.downsample.0.weight: 133/512 channels masked
Layer layer4.1.conv1.weight: 55/512 channels masked
Layer layer4.1.conv2.weight: 99/512 channels masked
------------------------- time cost ------------------------- 6.723063945770264
ASR: 0.17768347882953814
attack_auc: 0.7424636841633042
Layer conv1.weight: 10/64 channels masked
Layer layer1.1.conv1.weight: 1/64 channels masked
Layer layer2.0.conv2.weight: 3/128 channels masked
Layer layer2.0.downsample.0.weight: 4/128 channels masked
Layer layer2.1.conv2.weight: 1/128 channels masked
Layer layer3.0.downsample.0.weight: 5/256 channels masked
Layer layer4.0.conv1.weight: 8/512 channels masked
Layer layer4.0.conv2.weight: 75/512 channels masked
Layer layer4.0.downsample.0.weight: 133/512 channels masked
Layer layer4.1.conv1.weight: 56/512 channels masked
Layer layer4.1.conv2.weight: 99/512 channels masked
------------------------- time cost ------------------------- 6.788420915603638
ASR: 0.17120306184407932
attack_auc: 0.7380224103202282
Layer conv1.weight: 10/64 channels masked
Layer layer1.1.conv1.weight: 1/64 channels masked
Layer layer2.0.conv2.weight: 3/128 channels masked
Layer layer2.0.downsample.0.weight: 4/128 channels masked
Layer layer2.1.conv2.weight: 1/128 channels masked
Layer layer3.0.downsample.0.weight: 5/256 channels masked
Layer layer4.0.conv1.weight: 8/512 channels masked
Layer layer4.0.conv2.weight: 75/512 channels masked
Layer layer4.0.downsample.0.weight: 133/512 channels masked
Layer layer4.1.conv1.weight: 56/512 channels masked
Layer layer4.1.conv2.weight: 99/512 channels masked
------------------------- time cost ------------------------- 8.620151042938232
ASR: 0.1867347491090633
attack_auc: 0.7469220380907015
Layer conv1.weight: 11/64 channels masked
Layer layer1.1.conv1.weight: 1/64 channels masked
Layer layer2.0.conv2.weight: 3/128 channels masked
Layer layer2.0.downsample.0.weight: 4/128 channels masked
Layer layer2.1.conv2.weight: 1/128 channels masked
Layer layer3.0.downsample.0.weight: 5/256 channels masked
Layer layer4.0.conv1.weight: 8/512 channels masked
Layer layer4.0.conv2.weight: 75/512 channels masked
Layer layer4.0.downsample.0.weight: 133/512 channels masked
Layer layer4.1.conv1.weight: 56/512 channels masked
Layer layer4.1.conv2.weight: 99/512 channels masked
------------------------- time cost ------------------------- 8.179318189620972
ASR: 0.20212424423382608
attack_auc: 0.7508622857053528
Layer conv1.weight: 11/64 channels masked
Layer layer1.1.conv1.weight: 1/64 channels masked
Layer layer2.0.conv2.weight: 3/128 channels masked
Layer layer2.0.downsample.0.weight: 4/128 channels masked
Layer layer2.1.conv2.weight: 1/128 channels masked
Layer layer3.0.downsample.0.weight: 5/256 channels masked
Layer layer4.0.conv1.weight: 8/512 channels masked
Layer layer4.0.conv2.weight: 75/512 channels masked
Layer layer4.0.downsample.0.weight: 133/512 channels masked
Layer layer4.1.conv1.weight: 56/512 channels masked
Layer layer4.1.conv2.weight: 99/512 channels masked
------------------------- time cost ------------------------- 8.642374753952026
ASR: 0.23282003902232404
attack_auc: 0.7754545498908303
Layer conv1.weight: 11/64 channels masked
Layer layer1.1.conv1.weight: 1/64 channels masked
Layer layer2.0.conv2.weight: 3/128 channels masked
Layer layer2.0.downsample.0.weight: 4/128 channels masked
Layer layer2.1.conv2.weight: 1/128 channels masked
Layer layer3.0.downsample.0.weight: 5/256 channels masked
Layer layer4.0.conv1.weight: 8/512 channels masked
Layer layer4.0.conv2.weight: 75/512 channels masked
Layer layer4.0.downsample.0.weight: 133/512 channels masked
Layer layer4.1.conv1.weight: 56/512 channels masked
Layer layer4.1.conv2.weight: 99/512 channels masked
------------------------- time cost ------------------------- 7.394354343414307

-------------Round number: 410-------------

Evaluate personalized models
Averaged Train Loss: 0.1793
Averaged Test Accurancy: 0.7373
Averaged Test AUC: 0.9545
Std Test Accurancy: 0.1096
Std Test AUC: 0.0256
ASR: 0.2292671767203861
attack_auc: 0.7667734523855576
Layer conv1.weight: 11/64 channels masked
Layer layer1.1.conv1.weight: 1/64 channels masked
Layer layer2.0.conv2.weight: 3/128 channels masked
Layer layer2.0.downsample.0.weight: 4/128 channels masked
Layer layer2.1.conv2.weight: 1/128 channels masked
Layer layer3.0.downsample.0.weight: 5/256 channels masked
Layer layer4.0.conv1.weight: 8/512 channels masked
Layer layer4.0.conv2.weight: 75/512 channels masked
Layer layer4.0.downsample.0.weight: 133/512 channels masked
Layer layer4.1.conv1.weight: 56/512 channels masked
Layer layer4.1.conv2.weight: 99/512 channels masked
------------------------- time cost ------------------------- 15.652817010879517
ASR: 0.18786827965305414
attack_auc: 0.7516929479827169
Layer conv1.weight: 11/64 channels masked
Layer layer1.1.conv1.weight: 1/64 channels masked
Layer layer2.0.conv2.weight: 3/128 channels masked
Layer layer2.0.downsample.0.weight: 4/128 channels masked
Layer layer2.1.conv2.weight: 1/128 channels masked
Layer layer3.0.downsample.0.weight: 5/256 channels masked
Layer layer4.0.conv1.weight: 8/512 channels masked
Layer layer4.0.conv2.weight: 75/512 channels masked
Layer layer4.0.downsample.0.weight: 133/512 channels masked
Layer layer4.1.conv1.weight: 56/512 channels masked
Layer layer4.1.conv2.weight: 99/512 channels masked
------------------------- time cost ------------------------- 8.454161882400513
ASR: 0.21074759887518474
attack_auc: 0.7660748895630393
Layer conv1.weight: 11/64 channels masked
Layer layer1.1.conv1.weight: 1/64 channels masked
Layer layer2.0.conv2.weight: 3/128 channels masked
Layer layer2.0.downsample.0.weight: 4/128 channels masked
Layer layer2.1.conv2.weight: 1/128 channels masked
Layer layer3.0.downsample.0.weight: 5/256 channels masked
Layer layer4.0.conv1.weight: 8/512 channels masked
Layer layer4.0.conv2.weight: 75/512 channels masked
Layer layer4.0.downsample.0.weight: 133/512 channels masked
Layer layer4.1.conv1.weight: 56/512 channels masked
Layer layer4.1.conv2.weight: 99/512 channels masked
------------------------- time cost ------------------------- 7.866647720336914
ASR: 0.18654374623886108
attack_auc: 0.7551104946848416
Layer conv1.weight: 11/64 channels masked
Layer layer1.1.conv1.weight: 1/64 channels masked
Layer layer2.0.conv2.weight: 3/128 channels masked
Layer layer2.0.downsample.0.weight: 4/128 channels masked
Layer layer2.1.conv2.weight: 1/128 channels masked
Layer layer3.0.downsample.0.weight: 5/256 channels masked
Layer layer4.0.conv1.weight: 8/512 channels masked
Layer layer4.0.conv2.weight: 75/512 channels masked
Layer layer4.0.downsample.0.weight: 133/512 channels masked
Layer layer4.1.conv1.weight: 56/512 channels masked
Layer layer4.1.conv2.weight: 99/512 channels masked
------------------------- time cost ------------------------- 7.465901613235474
ASR: 0.19307587370118123
attack_auc: 0.7564264381157002
Layer conv1.weight: 11/64 channels masked
Layer layer1.1.conv1.weight: 1/64 channels masked
Layer layer2.0.conv2.weight: 3/128 channels masked
Layer layer2.0.downsample.0.weight: 4/128 channels masked
Layer layer2.1.conv2.weight: 1/128 channels masked
Layer layer3.0.downsample.0.weight: 5/256 channels masked
Layer layer4.0.conv1.weight: 8/512 channels masked
Layer layer4.0.conv2.weight: 67/512 channels masked
Layer layer4.0.downsample.0.weight: 133/512 channels masked
Layer layer4.1.conv1.weight: 56/512 channels masked
Layer layer4.1.conv2.weight: 99/512 channels masked
------------------------- time cost ------------------------- 7.596513748168945
ASR: 0.19819546767658344
attack_auc: 0.7619016037176648
Layer conv1.weight: 10/64 channels masked
Layer layer2.0.downsample.0.weight: 4/128 channels masked
Layer layer2.1.conv2.weight: 1/128 channels masked
Layer layer3.0.downsample.0.weight: 5/256 channels masked
Layer layer4.0.conv1.weight: 7/512 channels masked
Layer layer4.0.conv2.weight: 52/512 channels masked
Layer layer4.0.downsample.0.weight: 133/512 channels masked
Layer layer4.1.conv1.weight: 56/512 channels masked
Layer layer4.1.conv2.weight: 99/512 channels masked
------------------------- time cost ------------------------- 10.100414276123047
ASR: 0.16515488510685228
attack_auc: 0.7453437554045409
Layer conv1.weight: 10/64 channels masked
Layer layer1.1.conv1.weight: 1/64 channels masked
Layer layer2.0.conv2.weight: 3/128 channels masked
Layer layer2.0.downsample.0.weight: 4/128 channels masked
Layer layer2.1.conv2.weight: 1/128 channels masked
Layer layer3.0.downsample.0.weight: 5/256 channels masked
Layer layer4.0.conv1.weight: 7/512 channels masked
Layer layer4.0.conv2.weight: 75/512 channels masked
Layer layer4.0.downsample.0.weight: 133/512 channels masked
Layer layer4.1.conv1.weight: 56/512 channels masked
Layer layer4.1.conv2.weight: 99/512 channels masked
------------------------- time cost ------------------------- 8.253440141677856
ASR: 0.16520642537601438
attack_auc: 0.7444415151126705
Layer conv1.weight: 11/64 channels masked
Layer layer1.1.conv1.weight: 1/64 channels masked
Layer layer2.0.conv2.weight: 3/128 channels masked
Layer layer2.0.downsample.0.weight: 4/128 channels masked
Layer layer2.1.conv2.weight: 1/128 channels masked
Layer layer3.0.downsample.0.weight: 5/256 channels masked
Layer layer4.0.conv1.weight: 7/512 channels masked
Layer layer4.0.conv2.weight: 74/512 channels masked
Layer layer4.0.downsample.0.weight: 133/512 channels masked
Layer layer4.1.conv1.weight: 56/512 channels masked
Layer layer4.1.conv2.weight: 99/512 channels masked
------------------------- time cost ------------------------- 7.104708194732666
ASR: 0.1796935777364358
attack_auc: 0.7573988691818325
Layer conv1.weight: 11/64 channels masked
Layer layer1.1.conv1.weight: 1/64 channels masked
Layer layer2.0.conv2.weight: 3/128 channels masked
Layer layer2.0.downsample.0.weight: 4/128 channels masked
Layer layer2.1.conv2.weight: 1/128 channels masked
Layer layer3.0.downsample.0.weight: 5/256 channels masked
Layer layer4.0.conv1.weight: 7/512 channels masked
Layer layer4.0.conv2.weight: 75/512 channels masked
Layer layer4.0.downsample.0.weight: 133/512 channels masked
Layer layer4.1.conv1.weight: 56/512 channels masked
Layer layer4.1.conv2.weight: 99/512 channels masked
------------------------- time cost ------------------------- 8.786100625991821
ASR: 0.20512799828121192
attack_auc: 0.772851321614842
Layer conv1.weight: 11/64 channels masked
Layer layer1.1.conv1.weight: 1/64 channels masked
Layer layer2.0.conv2.weight: 3/128 channels masked
Layer layer2.0.downsample.0.weight: 4/128 channels masked
Layer layer2.1.conv2.weight: 1/128 channels masked
Layer layer3.0.downsample.0.weight: 5/256 channels masked
Layer layer4.0.conv1.weight: 7/512 channels masked
Layer layer4.0.conv2.weight: 75/512 channels masked
Layer layer4.0.downsample.0.weight: 133/512 channels masked
Layer layer4.1.conv1.weight: 56/512 channels masked
Layer layer4.1.conv2.weight: 99/512 channels masked
------------------------- time cost ------------------------- 8.327582597732544

-------------Round number: 420-------------

Evaluate personalized models
Averaged Train Loss: 0.1600
Averaged Test Accurancy: 0.7337
Averaged Test AUC: 0.9550
Std Test Accurancy: 0.0958
Std Test AUC: 0.0206
ASR: 0.22438505198234043
attack_auc: 0.7910492545327286
Layer conv1.weight: 12/64 channels masked
Layer layer1.1.conv1.weight: 1/64 channels masked
Layer layer2.0.conv2.weight: 3/128 channels masked
Layer layer2.0.downsample.0.weight: 4/128 channels masked
Layer layer2.1.conv2.weight: 1/128 channels masked
Layer layer3.0.downsample.0.weight: 5/256 channels masked
Layer layer4.0.conv1.weight: 7/512 channels masked
Layer layer4.0.conv2.weight: 75/512 channels masked
Layer layer4.0.downsample.0.weight: 133/512 channels masked
Layer layer4.1.conv1.weight: 56/512 channels masked
Layer layer4.1.conv2.weight: 99/512 channels masked
------------------------- time cost ------------------------- 15.6800217628479
ASR: 0.2299881729170137
attack_auc: 0.7938685482888809
Layer conv1.weight: 12/64 channels masked
Layer layer1.1.conv1.weight: 1/64 channels masked
Layer layer2.0.conv2.weight: 3/128 channels masked
Layer layer2.0.downsample.0.weight: 4/128 channels masked
Layer layer2.1.conv2.weight: 1/128 channels masked
Layer layer3.0.downsample.0.weight: 5/256 channels masked
Layer layer4.0.conv1.weight: 7/512 channels masked
Layer layer4.0.conv2.weight: 75/512 channels masked
Layer layer4.0.downsample.0.weight: 133/512 channels masked
Layer layer4.1.conv1.weight: 56/512 channels masked
Layer layer4.1.conv2.weight: 99/512 channels masked
------------------------- time cost ------------------------- 7.738378286361694
ASR: 0.23250278922537918
attack_auc: 0.7982036816719693
Layer conv1.weight: 12/64 channels masked
Layer layer1.1.conv1.weight: 1/64 channels masked
Layer layer2.0.conv2.weight: 3/128 channels masked
Layer layer2.0.downsample.0.weight: 4/128 channels masked
Layer layer2.1.conv2.weight: 1/128 channels masked
Layer layer3.0.downsample.0.weight: 5/256 channels masked
Layer layer4.0.conv1.weight: 7/512 channels masked
Layer layer4.0.conv2.weight: 76/512 channels masked
Layer layer4.0.downsample.0.weight: 133/512 channels masked
Layer layer4.1.conv1.weight: 56/512 channels masked
Layer layer4.1.conv2.weight: 99/512 channels masked
------------------------- time cost ------------------------- 8.549051523208618
ASR: 0.2252641625229733
attack_auc: 0.7944105058671893
Layer conv1.weight: 12/64 channels masked
Layer layer1.1.conv1.weight: 1/64 channels masked
Layer layer2.0.conv2.weight: 3/128 channels masked
Layer layer2.0.downsample.0.weight: 4/128 channels masked
Layer layer2.1.conv2.weight: 1/128 channels masked
Layer layer3.0.downsample.0.weight: 5/256 channels masked
Layer layer4.0.conv1.weight: 7/512 channels masked
Layer layer4.0.conv2.weight: 76/512 channels masked
Layer layer4.0.downsample.0.weight: 133/512 channels masked
Layer layer4.1.conv1.weight: 56/512 channels masked
Layer layer4.1.conv2.weight: 99/512 channels masked
------------------------- time cost ------------------------- 8.653706073760986
ASR: 0.22405572673662577
attack_auc: 0.7910225309725395
Layer conv1.weight: 12/64 channels masked
Layer layer1.1.conv1.weight: 1/64 channels masked
Layer layer2.0.conv2.weight: 3/128 channels masked
Layer layer2.0.downsample.0.weight: 4/128 channels masked
Layer layer2.1.conv2.weight: 1/128 channels masked
Layer layer3.0.downsample.0.weight: 5/256 channels masked
Layer layer4.0.conv1.weight: 7/512 channels masked
Layer layer4.0.conv2.weight: 76/512 channels masked
Layer layer4.0.downsample.0.weight: 133/512 channels masked
Layer layer4.1.conv1.weight: 56/512 channels masked
Layer layer4.1.conv2.weight: 99/512 channels masked
------------------------- time cost ------------------------- 9.428025484085083
ASR: 0.2271279460876599
attack_auc: 0.7837606312687116
Layer conv1.weight: 12/64 channels masked
Layer layer1.1.conv1.weight: 1/64 channels masked
Layer layer2.0.conv2.weight: 3/128 channels masked
Layer layer2.0.downsample.0.weight: 4/128 channels masked
Layer layer2.1.conv2.weight: 1/128 channels masked
Layer layer3.0.downsample.0.weight: 5/256 channels masked
Layer layer4.0.conv1.weight: 7/512 channels masked
Layer layer4.0.conv2.weight: 77/512 channels masked
Layer layer4.0.downsample.0.weight: 133/512 channels masked
Layer layer4.1.conv1.weight: 57/512 channels masked
Layer layer4.1.conv2.weight: 99/512 channels masked
------------------------- time cost ------------------------- 7.98431134223938
ASR: 0.22883798290308358
attack_auc: 0.794564895611555
Layer conv1.weight: 12/64 channels masked
Layer layer1.1.conv1.weight: 1/64 channels masked
Layer layer2.0.conv2.weight: 3/128 channels masked
Layer layer2.0.downsample.0.weight: 4/128 channels masked
Layer layer2.1.conv2.weight: 1/128 channels masked
Layer layer3.0.downsample.0.weight: 5/256 channels masked
Layer layer4.0.conv1.weight: 7/512 channels masked
Layer layer4.0.conv2.weight: 77/512 channels masked
Layer layer4.0.downsample.0.weight: 133/512 channels masked
Layer layer4.1.conv1.weight: 57/512 channels masked
Layer layer4.1.conv2.weight: 99/512 channels masked
------------------------- time cost ------------------------- 8.763604640960693
ASR: 0.2307137701934699
attack_auc: 0.7909666069018253
Layer conv1.weight: 12/64 channels masked
Layer layer1.1.conv1.weight: 1/64 channels masked
Layer layer2.0.conv2.weight: 3/128 channels masked
Layer layer2.0.downsample.0.weight: 4/128 channels masked
Layer layer2.1.conv2.weight: 1/128 channels masked
Layer layer3.0.downsample.0.weight: 5/256 channels masked
Layer layer4.0.conv1.weight: 7/512 channels masked
Layer layer4.0.conv2.weight: 77/512 channels masked
Layer layer4.0.downsample.0.weight: 133/512 channels masked
Layer layer4.1.conv1.weight: 57/512 channels masked
Layer layer4.1.conv2.weight: 99/512 channels masked
------------------------- time cost ------------------------- 7.605212688446045
ASR: 0.21665102168024147
attack_auc: 0.7802515398669041
Layer conv1.weight: 12/64 channels masked
Layer layer1.1.conv1.weight: 1/64 channels masked
Layer layer2.0.conv2.weight: 3/128 channels masked
Layer layer2.0.downsample.0.weight: 4/128 channels masked
Layer layer2.1.conv2.weight: 1/128 channels masked
Layer layer3.0.downsample.0.weight: 5/256 channels masked
Layer layer4.0.conv1.weight: 7/512 channels masked
Layer layer4.0.conv2.weight: 77/512 channels masked
Layer layer4.0.downsample.0.weight: 133/512 channels masked
Layer layer4.1.conv1.weight: 57/512 channels masked
Layer layer4.1.conv2.weight: 99/512 channels masked
------------------------- time cost ------------------------- 7.2455973625183105
ASR: 0.26379536392648273
attack_auc: 0.8115905644523141
Layer conv1.weight: 12/64 channels masked
Layer layer1.1.conv1.weight: 1/64 channels masked
Layer layer2.0.conv2.weight: 3/128 channels masked
Layer layer2.0.downsample.0.weight: 4/128 channels masked
Layer layer2.1.conv2.weight: 1/128 channels masked
Layer layer3.0.downsample.0.weight: 5/256 channels masked
Layer layer4.0.conv1.weight: 7/512 channels masked
Layer layer4.0.conv2.weight: 77/512 channels masked
Layer layer4.0.downsample.0.weight: 133/512 channels masked
Layer layer4.1.conv1.weight: 57/512 channels masked
Layer layer4.1.conv2.weight: 99/512 channels masked
------------------------- time cost ------------------------- 7.787649393081665

-------------Round number: 430-------------

Evaluate personalized models
Averaged Train Loss: 0.1618
Averaged Test Accurancy: 0.7325
Averaged Test AUC: 0.9546
Std Test Accurancy: 0.1022
Std Test AUC: 0.0222
ASR: 0.2334447443163634
attack_auc: 0.7928589968303201
Layer conv1.weight: 13/64 channels masked
Layer layer1.1.conv1.weight: 1/64 channels masked
Layer layer2.0.conv2.weight: 3/128 channels masked
Layer layer2.0.downsample.0.weight: 4/128 channels masked
Layer layer2.1.conv2.weight: 1/128 channels masked
Layer layer3.0.downsample.0.weight: 5/256 channels masked
Layer layer4.0.conv1.weight: 7/512 channels masked
Layer layer4.0.conv2.weight: 77/512 channels masked
Layer layer4.0.downsample.0.weight: 133/512 channels masked
Layer layer4.1.conv1.weight: 57/512 channels masked
Layer layer4.1.conv2.weight: 99/512 channels masked
------------------------- time cost ------------------------- 16.43175983428955
ASR: 0.2247153447881242
attack_auc: 0.790111128865635
Layer conv1.weight: 13/64 channels masked
Layer layer1.1.conv1.weight: 1/64 channels masked
Layer layer2.0.conv2.weight: 3/128 channels masked
Layer layer2.0.downsample.0.weight: 4/128 channels masked
Layer layer2.1.conv2.weight: 1/128 channels masked
Layer layer3.0.downsample.0.weight: 5/256 channels masked
Layer layer4.0.conv1.weight: 7/512 channels masked
Layer layer4.0.conv2.weight: 77/512 channels masked
Layer layer4.0.downsample.0.weight: 133/512 channels masked
Layer layer4.1.conv1.weight: 57/512 channels masked
Layer layer4.1.conv2.weight: 99/512 channels masked
------------------------- time cost ------------------------- 8.372974872589111
ASR: 0.22324751300667817
attack_auc: 0.7874284384152145
Layer conv1.weight: 13/64 channels masked
Layer layer1.1.conv1.weight: 1/64 channels masked
Layer layer2.0.conv2.weight: 3/128 channels masked
Layer layer2.0.downsample.0.weight: 4/128 channels masked
Layer layer2.1.conv2.weight: 1/128 channels masked
Layer layer3.0.downsample.0.weight: 5/256 channels masked
Layer layer4.0.conv1.weight: 7/512 channels masked
Layer layer4.0.conv2.weight: 77/512 channels masked
Layer layer4.0.downsample.0.weight: 133/512 channels masked
Layer layer4.1.conv1.weight: 57/512 channels masked
Layer layer4.1.conv2.weight: 99/512 channels masked
------------------------- time cost ------------------------- 8.840704441070557
ASR: 0.18840194215409703
attack_auc: 0.7667337880437177
Layer conv1.weight: 13/64 channels masked
Layer layer1.1.conv1.weight: 1/64 channels masked
Layer layer2.0.conv2.weight: 3/128 channels masked
Layer layer2.0.downsample.0.weight: 4/128 channels masked
Layer layer2.1.conv2.weight: 1/128 channels masked
Layer layer3.0.downsample.0.weight: 5/256 channels masked
Layer layer4.0.conv1.weight: 7/512 channels masked
Layer layer4.0.conv2.weight: 77/512 channels masked
Layer layer4.0.downsample.0.weight: 133/512 channels masked
Layer layer4.1.conv1.weight: 57/512 channels masked
Layer layer4.1.conv2.weight: 99/512 channels masked
------------------------- time cost ------------------------- 7.872361421585083
ASR: 0.2113426261289845
attack_auc: 0.7732962200694637
Layer conv1.weight: 13/64 channels masked
Layer layer1.1.conv1.weight: 1/64 channels masked
Layer layer2.0.conv2.weight: 3/128 channels masked
Layer layer2.0.downsample.0.weight: 4/128 channels masked
Layer layer2.1.conv2.weight: 1/128 channels masked
Layer layer3.0.downsample.0.weight: 5/256 channels masked
Layer layer4.0.conv1.weight: 8/512 channels masked
Layer layer4.0.conv2.weight: 78/512 channels masked
Layer layer4.0.downsample.0.weight: 133/512 channels masked
Layer layer4.1.conv1.weight: 57/512 channels masked
Layer layer4.1.conv2.weight: 99/512 channels masked
------------------------- time cost ------------------------- 8.00849461555481
ASR: 0.21870426241519164
attack_auc: 0.7782155520383248
Layer conv1.weight: 13/64 channels masked
Layer layer1.1.conv1.weight: 1/64 channels masked
Layer layer2.0.conv2.weight: 3/128 channels masked
Layer layer2.0.downsample.0.weight: 4/128 channels masked
Layer layer2.1.conv2.weight: 1/128 channels masked
Layer layer3.0.downsample.0.weight: 5/256 channels masked
Layer layer4.0.conv1.weight: 8/512 channels masked
Layer layer4.0.conv2.weight: 80/512 channels masked
Layer layer4.0.downsample.0.weight: 133/512 channels masked
Layer layer4.1.conv1.weight: 57/512 channels masked
Layer layer4.1.conv2.weight: 99/512 channels masked
------------------------- time cost ------------------------- 8.852156162261963
ASR: 0.23199074071059805
attack_auc: 0.7840713337485321
Layer conv1.weight: 13/64 channels masked
Layer layer1.1.conv1.weight: 1/64 channels masked
Layer layer2.0.conv2.weight: 3/128 channels masked
Layer layer2.0.downsample.0.weight: 4/128 channels masked
Layer layer2.1.conv2.weight: 1/128 channels masked
Layer layer3.0.downsample.0.weight: 5/256 channels masked
Layer layer4.0.conv1.weight: 8/512 channels masked
Layer layer4.0.conv2.weight: 80/512 channels masked
Layer layer4.0.downsample.0.weight: 133/512 channels masked
Layer layer4.1.conv1.weight: 57/512 channels masked
Layer layer4.1.conv2.weight: 99/512 channels masked
------------------------- time cost ------------------------- 6.452214241027832
ASR: 0.24864133382104514
attack_auc: 0.7995299718320612
Layer conv1.weight: 14/64 channels masked
Layer layer1.1.conv1.weight: 1/64 channels masked
Layer layer2.0.conv2.weight: 3/128 channels masked
Layer layer2.0.downsample.0.weight: 4/128 channels masked
Layer layer2.1.conv2.weight: 1/128 channels masked
Layer layer3.0.downsample.0.weight: 5/256 channels masked
Layer layer4.0.conv1.weight: 8/512 channels masked
Layer layer4.0.conv2.weight: 80/512 channels masked
Layer layer4.0.downsample.0.weight: 133/512 channels masked
Layer layer4.1.conv1.weight: 57/512 channels masked
Layer layer4.1.conv2.weight: 99/512 channels masked
------------------------- time cost ------------------------- 8.334201097488403
ASR: 0.24467257476944787
attack_auc: 0.7945875821310273
Layer conv1.weight: 15/64 channels masked
Layer layer1.1.conv1.weight: 1/64 channels masked
Layer layer2.0.conv2.weight: 3/128 channels masked
Layer layer2.0.downsample.0.weight: 4/128 channels masked
Layer layer2.1.conv2.weight: 1/128 channels masked
Layer layer3.0.downsample.0.weight: 5/256 channels masked
Layer layer4.0.conv1.weight: 8/512 channels masked
Layer layer4.0.conv2.weight: 78/512 channels masked
Layer layer4.0.downsample.0.weight: 133/512 channels masked
Layer layer4.1.conv1.weight: 58/512 channels masked
Layer layer4.1.conv2.weight: 99/512 channels masked
------------------------- time cost ------------------------- 7.923064947128296
ASR: 0.26122919197517835
attack_auc: 0.7959166626987197
Layer conv1.weight: 15/64 channels masked
Layer layer1.1.conv1.weight: 1/64 channels masked
Layer layer2.0.conv2.weight: 3/128 channels masked
Layer layer2.0.downsample.0.weight: 4/128 channels masked
Layer layer2.1.conv2.weight: 1/128 channels masked
Layer layer3.0.downsample.0.weight: 5/256 channels masked
Layer layer4.0.conv1.weight: 8/512 channels masked
Layer layer4.0.conv2.weight: 80/512 channels masked
Layer layer4.0.downsample.0.weight: 133/512 channels masked
Layer layer4.1.conv1.weight: 58/512 channels masked
Layer layer4.1.conv2.weight: 99/512 channels masked
------------------------- time cost ------------------------- 8.371580362319946

-------------Round number: 440-------------

Evaluate personalized models
Averaged Train Loss: 0.0797
Averaged Test Accurancy: 0.7588
Averaged Test AUC: 0.9587
Std Test Accurancy: 0.0855
Std Test AUC: 0.0208
ASR: 0.27726198084301806
attack_auc: 0.7989638947831524
Layer conv1.weight: 15/64 channels masked
Layer layer1.1.conv1.weight: 1/64 channels masked
Layer layer2.0.conv2.weight: 3/128 channels masked
Layer layer2.0.downsample.0.weight: 4/128 channels masked
Layer layer2.1.conv2.weight: 1/128 channels masked
Layer layer3.0.downsample.0.weight: 5/256 channels masked
Layer layer4.0.conv1.weight: 8/512 channels masked
Layer layer4.0.conv2.weight: 80/512 channels masked
Layer layer4.0.downsample.0.weight: 133/512 channels masked
Layer layer4.1.conv1.weight: 58/512 channels masked
Layer layer4.1.conv2.weight: 99/512 channels masked
------------------------- time cost ------------------------- 16.21996021270752
ASR: 0.2423307053674332
attack_auc: 0.7832695558020208
Layer conv1.weight: 15/64 channels masked
Layer layer1.1.conv1.weight: 1/64 channels masked
Layer layer2.0.conv2.weight: 3/128 channels masked
Layer layer2.0.downsample.0.weight: 4/128 channels masked
Layer layer2.1.conv2.weight: 1/128 channels masked
Layer layer3.0.downsample.0.weight: 5/256 channels masked
Layer layer4.0.conv1.weight: 8/512 channels masked
Layer layer4.0.conv2.weight: 81/512 channels masked
Layer layer4.0.downsample.0.weight: 133/512 channels masked
Layer layer4.1.conv1.weight: 59/512 channels masked
Layer layer4.1.conv2.weight: 99/512 channels masked
------------------------- time cost ------------------------- 7.740740776062012
ASR: 0.2561794209490823
attack_auc: 0.7943735912306092
Layer conv1.weight: 14/64 channels masked
Layer layer2.0.conv2.weight: 3/128 channels masked
Layer layer2.0.downsample.0.weight: 4/128 channels masked
Layer layer2.1.conv2.weight: 1/128 channels masked
Layer layer3.0.downsample.0.weight: 5/256 channels masked
Layer layer4.0.conv1.weight: 8/512 channels masked
Layer layer4.0.conv2.weight: 75/512 channels masked
Layer layer4.0.downsample.0.weight: 133/512 channels masked
Layer layer4.1.conv1.weight: 59/512 channels masked
Layer layer4.1.conv2.weight: 99/512 channels masked
------------------------- time cost ------------------------- 8.663631200790405
ASR: 0.2375756278868195
attack_auc: 0.7907842426604724
Layer conv1.weight: 15/64 channels masked
Layer layer1.1.conv1.weight: 1/64 channels masked
Layer layer2.0.conv2.weight: 3/128 channels masked
Layer layer2.0.downsample.0.weight: 4/128 channels masked
Layer layer2.1.conv2.weight: 1/128 channels masked
Layer layer3.0.downsample.0.weight: 5/256 channels masked
Layer layer4.0.conv1.weight: 8/512 channels masked
Layer layer4.0.conv2.weight: 81/512 channels masked
Layer layer4.0.downsample.0.weight: 133/512 channels masked
Layer layer4.1.conv1.weight: 59/512 channels masked
Layer layer4.1.conv2.weight: 99/512 channels masked
------------------------- time cost ------------------------- 6.9053544998168945
ASR: 0.2500858716311875
attack_auc: 0.795873781471586
Layer conv1.weight: 15/64 channels masked
Layer layer1.1.conv1.weight: 1/64 channels masked
Layer layer2.0.conv2.weight: 3/128 channels masked
Layer layer2.0.downsample.0.weight: 4/128 channels masked
Layer layer2.1.conv2.weight: 1/128 channels masked
Layer layer3.0.downsample.0.weight: 5/256 channels masked
Layer layer4.0.conv1.weight: 8/512 channels masked
Layer layer4.0.conv2.weight: 82/512 channels masked
Layer layer4.0.downsample.0.weight: 133/512 channels masked
Layer layer4.1.conv1.weight: 61/512 channels masked
Layer layer4.1.conv2.weight: 99/512 channels masked
------------------------- time cost ------------------------- 7.718586444854736
ASR: 0.2587425885125973
attack_auc: 0.8047729439761967
Layer conv1.weight: 15/64 channels masked
Layer layer1.1.conv1.weight: 1/64 channels masked
Layer layer2.0.conv2.weight: 3/128 channels masked
Layer layer2.0.downsample.0.weight: 4/128 channels masked
Layer layer2.1.conv2.weight: 1/128 channels masked
Layer layer3.0.downsample.0.weight: 5/256 channels masked
Layer layer4.0.conv1.weight: 8/512 channels masked
Layer layer4.0.conv2.weight: 81/512 channels masked
Layer layer4.0.downsample.0.weight: 133/512 channels masked
Layer layer4.1.conv1.weight: 61/512 channels masked
Layer layer4.1.conv2.weight: 99/512 channels masked
------------------------- time cost ------------------------- 8.687055587768555
ASR: 0.290470785977998
attack_auc: 0.8157160386790229
Layer conv1.weight: 15/64 channels masked
Layer layer1.1.conv1.weight: 1/64 channels masked
Layer layer2.0.conv2.weight: 3/128 channels masked
Layer layer2.0.downsample.0.weight: 4/128 channels masked
Layer layer2.1.conv2.weight: 1/128 channels masked
Layer layer3.0.downsample.0.weight: 5/256 channels masked
Layer layer4.0.conv1.weight: 8/512 channels masked
Layer layer4.0.conv2.weight: 83/512 channels masked
Layer layer4.0.downsample.0.weight: 133/512 channels masked
Layer layer4.1.conv1.weight: 61/512 channels masked
Layer layer4.1.conv2.weight: 99/512 channels masked
------------------------- time cost ------------------------- 8.447741985321045
ASR: 0.2500148665252663
attack_auc: 0.797865593614271
Layer conv1.weight: 15/64 channels masked
Layer layer1.1.conv1.weight: 1/64 channels masked
Layer layer2.0.conv2.weight: 3/128 channels masked
Layer layer2.0.downsample.0.weight: 4/128 channels masked
Layer layer2.1.conv2.weight: 1/128 channels masked
Layer layer3.0.downsample.0.weight: 5/256 channels masked
Layer layer4.0.conv1.weight: 8/512 channels masked
Layer layer4.0.conv2.weight: 83/512 channels masked
Layer layer4.0.downsample.0.weight: 133/512 channels masked
Layer layer4.1.conv1.weight: 61/512 channels masked
Layer layer4.1.conv2.weight: 99/512 channels masked
------------------------- time cost ------------------------- 8.47922158241272
ASR: 0.27608142671794084
attack_auc: 0.8173626060798204
Layer conv1.weight: 15/64 channels masked
Layer layer1.1.conv1.weight: 1/64 channels masked
Layer layer2.0.conv2.weight: 3/128 channels masked
Layer layer2.0.downsample.0.weight: 4/128 channels masked
Layer layer2.1.conv2.weight: 1/128 channels masked
Layer layer3.0.downsample.0.weight: 5/256 channels masked
Layer layer4.0.conv1.weight: 8/512 channels masked
Layer layer4.0.conv2.weight: 83/512 channels masked
Layer layer4.0.downsample.0.weight: 133/512 channels masked
Layer layer4.1.conv1.weight: 61/512 channels masked
Layer layer4.1.conv2.weight: 99/512 channels masked
------------------------- time cost ------------------------- 9.086459398269653
ASR: 0.2699645224130454
attack_auc: 0.813889346675854
Layer conv1.weight: 15/64 channels masked
Layer layer1.1.conv1.weight: 1/64 channels masked
Layer layer2.0.conv2.weight: 3/128 channels masked
Layer layer2.0.downsample.0.weight: 4/128 channels masked
Layer layer2.1.conv2.weight: 1/128 channels masked
Layer layer3.0.downsample.0.weight: 5/256 channels masked
Layer layer4.0.conv1.weight: 8/512 channels masked
Layer layer4.0.conv2.weight: 84/512 channels masked
Layer layer4.0.downsample.0.weight: 133/512 channels masked
Layer layer4.1.conv1.weight: 62/512 channels masked
Layer layer4.1.conv2.weight: 99/512 channels masked
------------------------- time cost ------------------------- 7.853825092315674

-------------Round number: 450-------------

Evaluate personalized models
Averaged Train Loss: 0.0810
Averaged Test Accurancy: 0.7569
Averaged Test AUC: 0.9590
Std Test Accurancy: 0.0813
Std Test AUC: 0.0192
ASR: 0.29012013500849804
attack_auc: 0.8196242829785766
Layer conv1.weight: 15/64 channels masked
Layer layer1.1.conv1.weight: 1/64 channels masked
Layer layer2.0.conv2.weight: 3/128 channels masked
Layer layer2.0.downsample.0.weight: 4/128 channels masked
Layer layer2.1.conv2.weight: 1/128 channels masked
Layer layer3.0.downsample.0.weight: 5/256 channels masked
Layer layer4.0.conv1.weight: 8/512 channels masked
Layer layer4.0.conv2.weight: 84/512 channels masked
Layer layer4.0.downsample.0.weight: 133/512 channels masked
Layer layer4.1.conv1.weight: 62/512 channels masked
Layer layer4.1.conv2.weight: 99/512 channels masked
------------------------- time cost ------------------------- 15.846556663513184
ASR: 0.254107481644446
attack_auc: 0.8021196905700106
Layer conv1.weight: 15/64 channels masked
Layer layer1.1.conv1.weight: 1/64 channels masked
Layer layer2.0.conv2.weight: 3/128 channels masked
Layer layer2.0.downsample.0.weight: 4/128 channels masked
Layer layer2.1.conv2.weight: 1/128 channels masked
Layer layer3.0.downsample.0.weight: 5/256 channels masked
Layer layer4.0.conv1.weight: 8/512 channels masked
Layer layer4.0.conv2.weight: 81/512 channels masked
Layer layer4.0.downsample.0.weight: 133/512 channels masked
Layer layer4.1.conv1.weight: 62/512 channels masked
Layer layer4.1.conv2.weight: 99/512 channels masked
------------------------- time cost ------------------------- 7.884988784790039
ASR: 0.2632517409166075
attack_auc: 0.8048903839928927
Layer conv1.weight: 15/64 channels masked
Layer layer1.1.conv1.weight: 1/64 channels masked
Layer layer2.0.conv2.weight: 3/128 channels masked
Layer layer2.0.downsample.0.weight: 4/128 channels masked
Layer layer2.1.conv2.weight: 1/128 channels masked
Layer layer3.0.downsample.0.weight: 5/256 channels masked
Layer layer4.0.conv1.weight: 8/512 channels masked
Layer layer4.0.conv2.weight: 83/512 channels masked
Layer layer4.0.downsample.0.weight: 133/512 channels masked
Layer layer4.1.conv1.weight: 62/512 channels masked
Layer layer4.1.conv2.weight: 99/512 channels masked
------------------------- time cost ------------------------- 8.135261535644531
ASR: 0.26869272128066224
attack_auc: 0.7992542514453169
Layer conv1.weight: 16/64 channels masked
Layer layer1.1.conv1.weight: 1/64 channels masked
Layer layer2.0.conv2.weight: 3/128 channels masked
Layer layer2.0.downsample.0.weight: 4/128 channels masked
Layer layer2.1.conv2.weight: 1/128 channels masked
Layer layer3.0.downsample.0.weight: 5/256 channels masked
Layer layer4.0.conv1.weight: 8/512 channels masked
Layer layer4.0.conv2.weight: 83/512 channels masked
Layer layer4.0.downsample.0.weight: 133/512 channels masked
Layer layer4.1.conv1.weight: 62/512 channels masked
Layer layer4.1.conv2.weight: 99/512 channels masked
------------------------- time cost ------------------------- 7.910783290863037
ASR: 0.25744852081134517
attack_auc: 0.7983704320809797
Layer conv1.weight: 16/64 channels masked
Layer layer1.1.conv1.weight: 1/64 channels masked
Layer layer2.0.conv2.weight: 3/128 channels masked
Layer layer2.0.downsample.0.weight: 4/128 channels masked
Layer layer2.1.conv2.weight: 1/128 channels masked
Layer layer3.0.downsample.0.weight: 5/256 channels masked
Layer layer4.0.conv1.weight: 8/512 channels masked
Layer layer4.0.conv2.weight: 83/512 channels masked
Layer layer4.0.downsample.0.weight: 133/512 channels masked
Layer layer4.1.conv1.weight: 62/512 channels masked
Layer layer4.1.conv2.weight: 99/512 channels masked
------------------------- time cost ------------------------- 7.210607290267944
ASR: 0.2661164116562972
attack_auc: 0.8042204921065593
Layer conv1.weight: 16/64 channels masked
Layer layer1.1.conv1.weight: 1/64 channels masked
Layer layer2.0.conv2.weight: 3/128 channels masked
Layer layer2.0.downsample.0.weight: 4/128 channels masked
Layer layer2.1.conv2.weight: 1/128 channels masked
Layer layer3.0.downsample.0.weight: 5/256 channels masked
Layer layer4.0.conv1.weight: 8/512 channels masked
Layer layer4.0.conv2.weight: 83/512 channels masked
Layer layer4.0.downsample.0.weight: 133/512 channels masked
Layer layer4.1.conv1.weight: 63/512 channels masked
Layer layer4.1.conv2.weight: 99/512 channels masked
------------------------- time cost ------------------------- 8.171759366989136
ASR: 0.24096900366268836
attack_auc: 0.7892525547988211
Layer conv1.weight: 16/64 channels masked
Layer layer1.1.conv1.weight: 1/64 channels masked
Layer layer2.0.conv2.weight: 3/128 channels masked
Layer layer2.0.downsample.0.weight: 4/128 channels masked
Layer layer2.1.conv2.weight: 1/128 channels masked
Layer layer3.0.downsample.0.weight: 5/256 channels masked
Layer layer4.0.conv1.weight: 7/512 channels masked
Layer layer4.0.conv2.weight: 83/512 channels masked
Layer layer4.0.downsample.0.weight: 133/512 channels masked
Layer layer4.1.conv1.weight: 64/512 channels masked
Layer layer4.1.conv2.weight: 99/512 channels masked
------------------------- time cost ------------------------- 8.346434354782104
ASR: 0.23928236315235768
attack_auc: 0.7821581511644969
Layer conv1.weight: 16/64 channels masked
Layer layer1.1.conv1.weight: 1/64 channels masked
Layer layer2.0.conv2.weight: 3/128 channels masked
Layer layer2.0.downsample.0.weight: 4/128 channels masked
Layer layer2.1.conv2.weight: 1/128 channels masked
Layer layer3.0.downsample.0.weight: 5/256 channels masked
Layer layer4.0.conv1.weight: 7/512 channels masked
Layer layer4.0.conv2.weight: 83/512 channels masked
Layer layer4.0.downsample.0.weight: 133/512 channels masked
Layer layer4.1.conv1.weight: 65/512 channels masked
Layer layer4.1.conv2.weight: 99/512 channels masked
------------------------- time cost ------------------------- 8.732771158218384
ASR: 0.2544705398659333
attack_auc: 0.794222857856589
Layer conv1.weight: 16/64 channels masked
Layer layer1.1.conv1.weight: 1/64 channels masked
Layer layer2.0.conv2.weight: 3/128 channels masked
Layer layer2.0.downsample.0.weight: 4/128 channels masked
Layer layer2.1.conv2.weight: 1/128 channels masked
Layer layer3.0.downsample.0.weight: 5/256 channels masked
Layer layer4.0.conv1.weight: 7/512 channels masked
Layer layer4.0.conv2.weight: 83/512 channels masked
Layer layer4.0.downsample.0.weight: 133/512 channels masked
Layer layer4.1.conv1.weight: 65/512 channels masked
Layer layer4.1.conv2.weight: 99/512 channels masked
------------------------- time cost ------------------------- 8.858084678649902
ASR: 0.22864798932365019
attack_auc: 0.7887794391801969
Layer conv1.weight: 16/64 channels masked
Layer layer1.1.conv1.weight: 1/64 channels masked
Layer layer2.0.conv2.weight: 3/128 channels masked
Layer layer2.0.downsample.0.weight: 4/128 channels masked
Layer layer2.1.conv2.weight: 1/128 channels masked
Layer layer3.0.downsample.0.weight: 5/256 channels masked
Layer layer4.0.conv1.weight: 7/512 channels masked
Layer layer4.0.conv2.weight: 83/512 channels masked
Layer layer4.0.downsample.0.weight: 133/512 channels masked
Layer layer4.1.conv1.weight: 65/512 channels masked
Layer layer4.1.conv2.weight: 99/512 channels masked
------------------------- time cost ------------------------- 8.469418048858643

-------------Round number: 460-------------

Evaluate personalized models
Averaged Train Loss: 0.1177
Averaged Test Accurancy: 0.7540
Averaged Test AUC: 0.9587
Std Test Accurancy: 0.0903
Std Test AUC: 0.0206
ASR: 0.20811750882158794
attack_auc: 0.7752303221698633
Layer conv1.weight: 16/64 channels masked
Layer layer1.1.conv1.weight: 1/64 channels masked
Layer layer2.0.conv2.weight: 3/128 channels masked
Layer layer2.0.downsample.0.weight: 4/128 channels masked
Layer layer2.1.conv2.weight: 1/128 channels masked
Layer layer3.0.downsample.0.weight: 5/256 channels masked
Layer layer4.0.conv1.weight: 7/512 channels masked
Layer layer4.0.conv2.weight: 80/512 channels masked
Layer layer4.0.downsample.0.weight: 133/512 channels masked
Layer layer4.1.conv1.weight: 65/512 channels masked
Layer layer4.1.conv2.weight: 99/512 channels masked
------------------------- time cost ------------------------- 15.452058553695679
ASR: 0.2481608145121569
attack_auc: 0.7956748830289045
Layer conv1.weight: 16/64 channels masked
Layer layer1.1.conv1.weight: 1/64 channels masked
Layer layer2.0.conv2.weight: 3/128 channels masked
Layer layer2.0.downsample.0.weight: 4/128 channels masked
Layer layer2.1.conv2.weight: 1/128 channels masked
Layer layer3.0.downsample.0.weight: 5/256 channels masked
Layer layer4.0.conv1.weight: 8/512 channels masked
Layer layer4.0.conv2.weight: 84/512 channels masked
Layer layer4.0.downsample.0.weight: 133/512 channels masked
Layer layer4.1.conv1.weight: 65/512 channels masked
Layer layer4.1.conv2.weight: 99/512 channels masked
------------------------- time cost ------------------------- 8.15191650390625
ASR: 0.24232011368402406
attack_auc: 0.7870992271003316
Layer conv1.weight: 15/64 channels masked
Layer layer1.1.conv1.weight: 1/64 channels masked
Layer layer2.0.conv2.weight: 3/128 channels masked
Layer layer2.0.downsample.0.weight: 4/128 channels masked
Layer layer2.1.conv2.weight: 1/128 channels masked
Layer layer3.0.downsample.0.weight: 5/256 channels masked
Layer layer4.0.conv1.weight: 8/512 channels masked
Layer layer4.0.conv2.weight: 79/512 channels masked
Layer layer4.0.downsample.0.weight: 133/512 channels masked
Layer layer4.1.conv1.weight: 65/512 channels masked
Layer layer4.1.conv2.weight: 99/512 channels masked
------------------------- time cost ------------------------- 8.885788679122925
ASR: 0.2627592858981383
attack_auc: 0.7958400847664374
Layer conv1.weight: 15/64 channels masked
Layer layer1.1.conv1.weight: 1/64 channels masked
Layer layer2.0.conv2.weight: 3/128 channels masked
Layer layer2.0.downsample.0.weight: 4/128 channels masked
Layer layer2.1.conv2.weight: 1/128 channels masked
Layer layer3.0.downsample.0.weight: 5/256 channels masked
Layer layer4.0.conv1.weight: 8/512 channels masked
Layer layer4.0.conv2.weight: 84/512 channels masked
Layer layer4.0.downsample.0.weight: 133/512 channels masked
Layer layer4.1.conv1.weight: 65/512 channels masked
Layer layer4.1.conv2.weight: 99/512 channels masked
------------------------- time cost ------------------------- 8.622278928756714
ASR: 0.24693836601911054
attack_auc: 0.7843563911513821
Layer conv1.weight: 14/64 channels masked
Layer layer1.1.conv1.weight: 1/64 channels masked
Layer layer2.0.conv2.weight: 3/128 channels masked
Layer layer2.0.downsample.0.weight: 4/128 channels masked
Layer layer2.1.conv2.weight: 1/128 channels masked
Layer layer3.0.downsample.0.weight: 5/256 channels masked
Layer layer4.0.conv1.weight: 9/512 channels masked
Layer layer4.0.conv2.weight: 83/512 channels masked
Layer layer4.0.downsample.0.weight: 133/512 channels masked
Layer layer4.1.conv1.weight: 65/512 channels masked
Layer layer4.1.conv2.weight: 99/512 channels masked
------------------------- time cost ------------------------- 6.7335968017578125
ASR: 0.2606431503433633
attack_auc: 0.7931761116642513
Layer conv1.weight: 15/64 channels masked
Layer layer1.1.conv1.weight: 1/64 channels masked
Layer layer2.0.conv2.weight: 3/128 channels masked
Layer layer2.0.downsample.0.weight: 4/128 channels masked
Layer layer2.1.conv2.weight: 1/128 channels masked
Layer layer3.0.downsample.0.weight: 5/256 channels masked
Layer layer4.0.conv1.weight: 9/512 channels masked
Layer layer4.0.conv2.weight: 84/512 channels masked
Layer layer4.0.downsample.0.weight: 133/512 channels masked
Layer layer4.1.conv1.weight: 67/512 channels masked
Layer layer4.1.conv2.weight: 99/512 channels masked
------------------------- time cost ------------------------- 7.473647356033325
ASR: 0.23700810978044193
attack_auc: 0.7804449740583165
Layer conv1.weight: 14/64 channels masked
Layer layer1.1.conv1.weight: 1/64 channels masked
Layer layer2.0.conv2.weight: 3/128 channels masked
Layer layer2.0.downsample.0.weight: 4/128 channels masked
Layer layer2.1.conv2.weight: 1/128 channels masked
Layer layer3.0.downsample.0.weight: 5/256 channels masked
Layer layer4.0.conv1.weight: 9/512 channels masked
Layer layer4.0.conv2.weight: 82/512 channels masked
Layer layer4.0.downsample.0.weight: 133/512 channels masked
Layer layer4.1.conv1.weight: 68/512 channels masked
Layer layer4.1.conv2.weight: 99/512 channels masked
------------------------- time cost ------------------------- 8.20955514907837
ASR: 0.249620339266007
attack_auc: 0.7862913102479545
Layer conv1.weight: 14/64 channels masked
Layer layer1.1.conv1.weight: 1/64 channels masked
Layer layer2.0.conv2.weight: 3/128 channels masked
Layer layer2.0.downsample.0.weight: 4/128 channels masked
Layer layer2.1.conv2.weight: 1/128 channels masked
Layer layer3.0.downsample.0.weight: 5/256 channels masked
Layer layer4.0.conv1.weight: 9/512 channels masked
Layer layer4.0.conv2.weight: 83/512 channels masked
Layer layer4.0.downsample.0.weight: 133/512 channels masked
Layer layer4.1.conv1.weight: 69/512 channels masked
Layer layer4.1.conv2.weight: 99/512 channels masked
------------------------- time cost ------------------------- 8.357711791992188
ASR: 0.26494931557285156
attack_auc: 0.7984006976371725
Layer conv1.weight: 14/64 channels masked
Layer layer1.1.conv1.weight: 1/64 channels masked
Layer layer2.0.conv2.weight: 3/128 channels masked
Layer layer2.0.downsample.0.weight: 4/128 channels masked
Layer layer2.1.conv2.weight: 1/128 channels masked
Layer layer3.0.downsample.0.weight: 5/256 channels masked
Layer layer4.0.conv1.weight: 9/512 channels masked
Layer layer4.0.conv2.weight: 83/512 channels masked
Layer layer4.0.downsample.0.weight: 133/512 channels masked
Layer layer4.1.conv1.weight: 70/512 channels masked
Layer layer4.1.conv2.weight: 99/512 channels masked
------------------------- time cost ------------------------- 8.47446084022522
ASR: 0.24719219988755928
attack_auc: 0.7870206316911742
Layer conv1.weight: 14/64 channels masked
Layer layer1.1.conv1.weight: 1/64 channels masked
Layer layer2.0.conv2.weight: 3/128 channels masked
Layer layer2.0.downsample.0.weight: 4/128 channels masked
Layer layer2.1.conv2.weight: 1/128 channels masked
Layer layer3.0.downsample.0.weight: 5/256 channels masked
Layer layer4.0.conv1.weight: 9/512 channels masked
Layer layer4.0.conv2.weight: 75/512 channels masked
Layer layer4.0.downsample.0.weight: 133/512 channels masked
Layer layer4.1.conv1.weight: 70/512 channels masked
Layer layer4.1.conv2.weight: 99/512 channels masked
------------------------- time cost ------------------------- 8.924999475479126

-------------Round number: 470-------------

Evaluate personalized models
Averaged Train Loss: 0.2044
Averaged Test Accurancy: 0.7505
Averaged Test AUC: 0.9573
Std Test Accurancy: 0.1023
Std Test AUC: 0.0247
ASR: 0.2519397423003097
attack_auc: 0.7896952917184402
Layer conv1.weight: 14/64 channels masked
Layer layer1.1.conv1.weight: 1/64 channels masked
Layer layer2.0.conv2.weight: 3/128 channels masked
Layer layer2.0.downsample.0.weight: 4/128 channels masked
Layer layer2.1.conv2.weight: 1/128 channels masked
Layer layer3.0.downsample.0.weight: 5/256 channels masked
Layer layer4.0.conv1.weight: 9/512 channels masked
Layer layer4.0.conv2.weight: 83/512 channels masked
Layer layer4.0.downsample.0.weight: 133/512 channels masked
Layer layer4.1.conv1.weight: 70/512 channels masked
Layer layer4.1.conv2.weight: 99/512 channels masked
------------------------- time cost ------------------------- 16.08627223968506
ASR: 0.24616021050706471
attack_auc: 0.7911039804492745
Layer conv1.weight: 14/64 channels masked
Layer layer1.1.conv1.weight: 1/64 channels masked
Layer layer2.0.conv2.weight: 3/128 channels masked
Layer layer2.0.downsample.0.weight: 4/128 channels masked
Layer layer2.1.conv2.weight: 1/128 channels masked
Layer layer3.0.downsample.0.weight: 5/256 channels masked
Layer layer4.0.conv1.weight: 9/512 channels masked
Layer layer4.0.conv2.weight: 83/512 channels masked
Layer layer4.0.downsample.0.weight: 133/512 channels masked
Layer layer4.1.conv1.weight: 70/512 channels masked
Layer layer4.1.conv2.weight: 99/512 channels masked
------------------------- time cost ------------------------- 8.1745126247406
ASR: 0.2497316022136921
attack_auc: 0.7979287342334072
Layer conv1.weight: 14/64 channels masked
Layer layer1.1.conv1.weight: 1/64 channels masked
Layer layer2.0.conv2.weight: 3/128 channels masked
Layer layer2.0.downsample.0.weight: 4/128 channels masked
Layer layer2.1.conv2.weight: 1/128 channels masked
Layer layer3.0.downsample.0.weight: 5/256 channels masked
Layer layer4.0.conv1.weight: 9/512 channels masked
Layer layer4.0.conv2.weight: 84/512 channels masked
Layer layer4.0.downsample.0.weight: 133/512 channels masked
Layer layer4.1.conv1.weight: 70/512 channels masked
Layer layer4.1.conv2.weight: 99/512 channels masked
------------------------- time cost ------------------------- 8.494239330291748
ASR: 0.24808920199836612
attack_auc: 0.7947998851784528
Layer conv1.weight: 14/64 channels masked
Layer layer1.1.conv1.weight: 1/64 channels masked
Layer layer2.0.conv2.weight: 3/128 channels masked
Layer layer2.0.downsample.0.weight: 4/128 channels masked
Layer layer2.1.conv2.weight: 1/128 channels masked
Layer layer3.0.downsample.0.weight: 5/256 channels masked
Layer layer4.0.conv1.weight: 9/512 channels masked
Layer layer4.0.conv2.weight: 85/512 channels masked
Layer layer4.0.downsample.0.weight: 133/512 channels masked
Layer layer4.1.conv1.weight: 70/512 channels masked
Layer layer4.1.conv2.weight: 99/512 channels masked
------------------------- time cost ------------------------- 8.554860591888428
ASR: 0.2222825492730938
attack_auc: 0.785791012903905
Layer conv1.weight: 14/64 channels masked
Layer layer1.1.conv1.weight: 1/64 channels masked
Layer layer2.0.conv2.weight: 3/128 channels masked
Layer layer2.0.downsample.0.weight: 4/128 channels masked
Layer layer2.1.conv2.weight: 1/128 channels masked
Layer layer3.0.downsample.0.weight: 5/256 channels masked
Layer layer4.0.conv1.weight: 9/512 channels masked
Layer layer4.0.conv2.weight: 85/512 channels masked
Layer layer4.0.downsample.0.weight: 133/512 channels masked
Layer layer4.1.conv1.weight: 70/512 channels masked
Layer layer4.1.conv2.weight: 99/512 channels masked
------------------------- time cost ------------------------- 7.9531800746917725
ASR: 0.259457556054653
attack_auc: 0.8018936604090644
Layer conv1.weight: 14/64 channels masked
Layer layer1.1.conv1.weight: 1/64 channels masked
Layer layer2.0.conv2.weight: 3/128 channels masked
Layer layer2.0.downsample.0.weight: 4/128 channels masked
Layer layer2.1.conv2.weight: 1/128 channels masked
Layer layer3.0.downsample.0.weight: 5/256 channels masked
Layer layer4.0.conv1.weight: 9/512 channels masked
Layer layer4.0.conv2.weight: 89/512 channels masked
Layer layer4.0.downsample.0.weight: 133/512 channels masked
Layer layer4.1.conv1.weight: 70/512 channels masked
Layer layer4.1.conv2.weight: 99/512 channels masked
------------------------- time cost ------------------------- 7.856166362762451
ASR: 0.2854919098349784
attack_auc: 0.8072871491486623
Layer conv1.weight: 14/64 channels masked
Layer layer1.1.conv1.weight: 1/64 channels masked
Layer layer2.0.conv2.weight: 3/128 channels masked
Layer layer2.0.downsample.0.weight: 4/128 channels masked
Layer layer2.1.conv2.weight: 1/128 channels masked
Layer layer3.0.downsample.0.weight: 5/256 channels masked
Layer layer4.0.conv1.weight: 9/512 channels masked
Layer layer4.0.conv2.weight: 89/512 channels masked
Layer layer4.0.downsample.0.weight: 133/512 channels masked
Layer layer4.1.conv1.weight: 70/512 channels masked
Layer layer4.1.conv2.weight: 99/512 channels masked
------------------------- time cost ------------------------- 8.807081460952759
ASR: 0.25819356738943666
attack_auc: 0.7988219582935582
Layer conv1.weight: 14/64 channels masked
Layer layer1.1.conv1.weight: 1/64 channels masked
Layer layer2.0.conv2.weight: 3/128 channels masked
Layer layer2.0.downsample.0.weight: 4/128 channels masked
Layer layer2.1.conv2.weight: 1/128 channels masked
Layer layer3.0.downsample.0.weight: 5/256 channels masked
Layer layer4.0.conv1.weight: 9/512 channels masked
Layer layer4.0.conv2.weight: 89/512 channels masked
Layer layer4.0.downsample.0.weight: 133/512 channels masked
Layer layer4.1.conv1.weight: 71/512 channels masked
Layer layer4.1.conv2.weight: 99/512 channels masked
------------------------- time cost ------------------------- 8.288886785507202
ASR: 0.21500617889517107
attack_auc: 0.7812262746876611
Layer conv1.weight: 14/64 channels masked
Layer layer1.1.conv1.weight: 1/64 channels masked
Layer layer2.0.conv2.weight: 3/128 channels masked
Layer layer2.0.downsample.0.weight: 4/128 channels masked
Layer layer2.1.conv2.weight: 1/128 channels masked
Layer layer3.0.downsample.0.weight: 5/256 channels masked
Layer layer4.0.conv1.weight: 9/512 channels masked
Layer layer4.0.conv2.weight: 89/512 channels masked
Layer layer4.0.downsample.0.weight: 133/512 channels masked
Layer layer4.1.conv1.weight: 72/512 channels masked
Layer layer4.1.conv2.weight: 99/512 channels masked
------------------------- time cost ------------------------- 6.73668360710144
ASR: 0.20459125107586298
attack_auc: 0.7752624217243247
Layer conv1.weight: 14/64 channels masked
Layer layer1.1.conv1.weight: 1/64 channels masked
Layer layer2.0.conv2.weight: 3/128 channels masked
Layer layer2.0.downsample.0.weight: 4/128 channels masked
Layer layer2.1.conv2.weight: 1/128 channels masked
Layer layer3.0.downsample.0.weight: 5/256 channels masked
Layer layer4.0.conv1.weight: 9/512 channels masked
Layer layer4.0.conv2.weight: 89/512 channels masked
Layer layer4.0.downsample.0.weight: 133/512 channels masked
Layer layer4.1.conv1.weight: 72/512 channels masked
Layer layer4.1.conv2.weight: 99/512 channels masked
------------------------- time cost ------------------------- 9.032819509506226

-------------Round number: 480-------------

Evaluate personalized models
Averaged Train Loss: 0.1053
Averaged Test Accurancy: 0.7476
Averaged Test AUC: 0.9581
Std Test Accurancy: 0.0918
Std Test AUC: 0.0205
ASR: 0.21939463824901564
attack_auc: 0.7842699445119616
Layer conv1.weight: 14/64 channels masked
Layer layer1.1.conv1.weight: 1/64 channels masked
Layer layer2.0.conv2.weight: 3/128 channels masked
Layer layer2.0.downsample.0.weight: 4/128 channels masked
Layer layer2.1.conv2.weight: 1/128 channels masked
Layer layer3.0.downsample.0.weight: 5/256 channels masked
Layer layer4.0.conv1.weight: 9/512 channels masked
Layer layer4.0.conv2.weight: 89/512 channels masked
Layer layer4.0.downsample.0.weight: 133/512 channels masked
Layer layer4.1.conv1.weight: 72/512 channels masked
Layer layer4.1.conv2.weight: 99/512 channels masked
------------------------- time cost ------------------------- 15.38542914390564
ASR: 0.2387139800710131
attack_auc: 0.7954889508913456
Layer conv1.weight: 14/64 channels masked
Layer layer1.1.conv1.weight: 1/64 channels masked
Layer layer2.0.conv2.weight: 3/128 channels masked
Layer layer2.0.downsample.0.weight: 4/128 channels masked
Layer layer2.1.conv2.weight: 1/128 channels masked
Layer layer3.0.downsample.0.weight: 5/256 channels masked
Layer layer4.0.conv1.weight: 9/512 channels masked
Layer layer4.0.conv2.weight: 89/512 channels masked
Layer layer4.0.downsample.0.weight: 133/512 channels masked
Layer layer4.1.conv1.weight: 72/512 channels masked
Layer layer4.1.conv2.weight: 99/512 channels masked
------------------------- time cost ------------------------- 7.952621221542358
ASR: 0.23155603477841574
attack_auc: 0.789610515035
Layer conv1.weight: 14/64 channels masked
Layer layer1.1.conv1.weight: 1/64 channels masked
Layer layer2.0.conv2.weight: 3/128 channels masked
Layer layer2.0.downsample.0.weight: 4/128 channels masked
Layer layer2.1.conv2.weight: 1/128 channels masked
Layer layer3.0.downsample.0.weight: 5/256 channels masked
Layer layer4.0.conv1.weight: 9/512 channels masked
Layer layer4.0.conv2.weight: 89/512 channels masked
Layer layer4.0.downsample.0.weight: 133/512 channels masked
Layer layer4.1.conv1.weight: 72/512 channels masked
Layer layer4.1.conv2.weight: 99/512 channels masked
------------------------- time cost ------------------------- 8.928147077560425
ASR: 0.22315494968659735
attack_auc: 0.7878420674882668
Layer conv1.weight: 14/64 channels masked
Layer layer1.1.conv1.weight: 1/64 channels masked
Layer layer2.0.conv2.weight: 3/128 channels masked
Layer layer2.0.downsample.0.weight: 4/128 channels masked
Layer layer2.1.conv2.weight: 1/128 channels masked
Layer layer3.0.downsample.0.weight: 5/256 channels masked
Layer layer4.0.conv1.weight: 10/512 channels masked
Layer layer4.0.conv2.weight: 91/512 channels masked
Layer layer4.0.downsample.0.weight: 134/512 channels masked
Layer layer4.1.conv1.weight: 74/512 channels masked
Layer layer4.1.conv2.weight: 100/512 channels masked
------------------------- time cost ------------------------- 8.174182176589966
ASR: 0.24206987734438346
attack_auc: 0.7899472870107149
Layer conv1.weight: 14/64 channels masked
Layer layer1.1.conv1.weight: 1/64 channels masked
Layer layer2.0.conv2.weight: 3/128 channels masked
Layer layer2.0.downsample.0.weight: 4/128 channels masked
Layer layer2.1.conv2.weight: 1/128 channels masked
Layer layer3.0.downsample.0.weight: 5/256 channels masked
Layer layer4.0.conv1.weight: 10/512 channels masked
Layer layer4.0.conv2.weight: 91/512 channels masked
Layer layer4.0.downsample.0.weight: 134/512 channels masked
Layer layer4.1.conv1.weight: 74/512 channels masked
Layer layer4.1.conv2.weight: 99/512 channels masked
------------------------- time cost ------------------------- 7.707888603210449
ASR: 0.24997931697072392
attack_auc: 0.79931405955082
Layer conv1.weight: 15/64 channels masked
Layer layer1.1.conv1.weight: 1/64 channels masked
Layer layer2.0.conv2.weight: 3/128 channels masked
Layer layer2.0.downsample.0.weight: 4/128 channels masked
Layer layer2.1.conv2.weight: 1/128 channels masked
Layer layer3.0.downsample.0.weight: 5/256 channels masked
Layer layer4.0.conv1.weight: 9/512 channels masked
Layer layer4.0.conv2.weight: 91/512 channels masked
Layer layer4.0.downsample.0.weight: 134/512 channels masked
Layer layer4.1.conv1.weight: 74/512 channels masked
Layer layer4.1.conv2.weight: 100/512 channels masked
------------------------- time cost ------------------------- 9.89618444442749
ASR: 0.2665143867822457
attack_auc: 0.8056784991063943
Layer conv1.weight: 15/64 channels masked
Layer layer1.1.conv1.weight: 1/64 channels masked
Layer layer2.0.conv2.weight: 3/128 channels masked
Layer layer2.0.downsample.0.weight: 4/128 channels masked
Layer layer2.1.conv2.weight: 1/128 channels masked
Layer layer3.0.downsample.0.weight: 5/256 channels masked
Layer layer4.0.conv1.weight: 9/512 channels masked
Layer layer4.0.conv2.weight: 91/512 channels masked
Layer layer4.0.downsample.0.weight: 134/512 channels masked
Layer layer4.1.conv1.weight: 74/512 channels masked
Layer layer4.1.conv2.weight: 100/512 channels masked
------------------------- time cost ------------------------- 7.328153610229492
ASR: 0.27141631673778555
attack_auc: 0.804383380536683
Layer conv1.weight: 15/64 channels masked
Layer layer1.1.conv1.weight: 1/64 channels masked
Layer layer2.0.conv2.weight: 3/128 channels masked
Layer layer2.0.downsample.0.weight: 4/128 channels masked
Layer layer2.1.conv2.weight: 1/128 channels masked
Layer layer3.0.downsample.0.weight: 5/256 channels masked
Layer layer4.0.conv1.weight: 9/512 channels masked
Layer layer4.0.conv2.weight: 91/512 channels masked
Layer layer4.0.downsample.0.weight: 134/512 channels masked
Layer layer4.1.conv1.weight: 74/512 channels masked
Layer layer4.1.conv2.weight: 100/512 channels masked
------------------------- time cost ------------------------- 8.201139688491821
ASR: 0.3021116326841631
attack_auc: 0.8249256094682369
Layer conv1.weight: 15/64 channels masked
Layer layer1.1.conv1.weight: 1/64 channels masked
Layer layer2.0.conv2.weight: 3/128 channels masked
Layer layer2.0.downsample.0.weight: 4/128 channels masked
Layer layer2.1.conv2.weight: 1/128 channels masked
Layer layer3.0.downsample.0.weight: 5/256 channels masked
Layer layer4.0.conv1.weight: 9/512 channels masked
Layer layer4.0.conv2.weight: 91/512 channels masked
Layer layer4.0.downsample.0.weight: 134/512 channels masked
Layer layer4.1.conv1.weight: 74/512 channels masked
Layer layer4.1.conv2.weight: 100/512 channels masked
------------------------- time cost ------------------------- 9.25330138206482
ASR: 0.3056757480359107
attack_auc: 0.8200011416158157
Layer conv1.weight: 15/64 channels masked
Layer layer1.1.conv1.weight: 1/64 channels masked
Layer layer2.0.conv2.weight: 3/128 channels masked
Layer layer2.0.downsample.0.weight: 4/128 channels masked
Layer layer2.1.conv2.weight: 1/128 channels masked
Layer layer3.0.downsample.0.weight: 5/256 channels masked
Layer layer4.0.conv1.weight: 9/512 channels masked
Layer layer4.0.conv2.weight: 91/512 channels masked
Layer layer4.0.downsample.0.weight: 134/512 channels masked
Layer layer4.1.conv1.weight: 74/512 channels masked
Layer layer4.1.conv2.weight: 100/512 channels masked
------------------------- time cost ------------------------- 8.556244134902954

-------------Round number: 490-------------

Evaluate personalized models
Averaged Train Loss: 0.0973
Averaged Test Accurancy: 0.7453
Averaged Test AUC: 0.9576
Std Test Accurancy: 0.0925
Std Test AUC: 0.0204
ASR: 0.27843026109447927
attack_auc: 0.8104305037539059
Layer conv1.weight: 15/64 channels masked
Layer layer1.1.conv1.weight: 1/64 channels masked
Layer layer2.0.conv2.weight: 3/128 channels masked
Layer layer2.0.downsample.0.weight: 4/128 channels masked
Layer layer2.1.conv2.weight: 1/128 channels masked
Layer layer3.0.downsample.0.weight: 5/256 channels masked
Layer layer4.0.conv1.weight: 9/512 channels masked
Layer layer4.0.conv2.weight: 91/512 channels masked
Layer layer4.0.downsample.0.weight: 134/512 channels masked
Layer layer4.1.conv1.weight: 74/512 channels masked
Layer layer4.1.conv2.weight: 100/512 channels masked
------------------------- time cost ------------------------- 16.02754855155945
ASR: 0.2629316362343377
attack_auc: 0.8080828228286985
Layer conv1.weight: 15/64 channels masked
Layer layer1.1.conv1.weight: 1/64 channels masked
Layer layer2.0.conv2.weight: 3/128 channels masked
Layer layer2.0.downsample.0.weight: 4/128 channels masked
Layer layer2.1.conv2.weight: 1/128 channels masked
Layer layer3.0.downsample.0.weight: 5/256 channels masked
Layer layer4.0.conv1.weight: 9/512 channels masked
Layer layer4.0.conv2.weight: 91/512 channels masked
Layer layer4.0.downsample.0.weight: 134/512 channels masked
Layer layer4.1.conv1.weight: 74/512 channels masked
Layer layer4.1.conv2.weight: 100/512 channels masked
------------------------- time cost ------------------------- 8.086248397827148
ASR: 0.27852695833325347
attack_auc: 0.8147842230917729
Layer conv1.weight: 15/64 channels masked
Layer layer1.1.conv1.weight: 1/64 channels masked
Layer layer2.0.conv2.weight: 3/128 channels masked
Layer layer2.0.downsample.0.weight: 4/128 channels masked
Layer layer2.1.conv2.weight: 1/128 channels masked
Layer layer3.0.downsample.0.weight: 5/256 channels masked
Layer layer4.0.conv1.weight: 8/512 channels masked
Layer layer4.0.conv2.weight: 81/512 channels masked
Layer layer4.0.downsample.0.weight: 135/512 channels masked
Layer layer4.1.conv1.weight: 74/512 channels masked
Layer layer4.1.conv2.weight: 100/512 channels masked
------------------------- time cost ------------------------- 9.03065299987793
ASR: 0.25395021929997974
attack_auc: 0.8067877092920226
Layer conv1.weight: 15/64 channels masked
Layer layer1.1.conv1.weight: 1/64 channels masked
Layer layer2.0.conv2.weight: 3/128 channels masked
Layer layer2.0.downsample.0.weight: 4/128 channels masked
Layer layer2.1.conv2.weight: 1/128 channels masked
Layer layer3.0.downsample.0.weight: 5/256 channels masked
Layer layer4.0.conv1.weight: 9/512 channels masked
Layer layer4.0.conv2.weight: 83/512 channels masked
Layer layer4.0.downsample.0.weight: 135/512 channels masked
Layer layer4.1.conv1.weight: 74/512 channels masked
Layer layer4.1.conv2.weight: 100/512 channels masked
------------------------- time cost ------------------------- 8.34027361869812
ASR: 0.227594976830245
attack_auc: 0.785121570846148
Layer conv1.weight: 15/64 channels masked
Layer layer1.1.conv1.weight: 1/64 channels masked
Layer layer2.0.conv2.weight: 3/128 channels masked
Layer layer2.0.downsample.0.weight: 4/128 channels masked
Layer layer2.1.conv2.weight: 1/128 channels masked
Layer layer3.0.downsample.0.weight: 5/256 channels masked
Layer layer4.0.conv1.weight: 9/512 channels masked
Layer layer4.0.conv2.weight: 86/512 channels masked
Layer layer4.0.downsample.0.weight: 135/512 channels masked
Layer layer4.1.conv1.weight: 77/512 channels masked
Layer layer4.1.conv2.weight: 101/512 channels masked
------------------------- time cost ------------------------- 7.7807793617248535
ASR: 0.2283030020017983
attack_auc: 0.7859010910642303
Layer conv1.weight: 15/64 channels masked
Layer layer1.1.conv1.weight: 1/64 channels masked
Layer layer2.0.conv2.weight: 3/128 channels masked
Layer layer2.0.downsample.0.weight: 4/128 channels masked
Layer layer2.1.conv2.weight: 1/128 channels masked
Layer layer3.0.downsample.0.weight: 5/256 channels masked
Layer layer4.0.conv1.weight: 9/512 channels masked
Layer layer4.0.conv2.weight: 66/512 channels masked
Layer layer4.0.downsample.0.weight: 135/512 channels masked
Layer layer4.1.conv1.weight: 77/512 channels masked
Layer layer4.1.conv2.weight: 101/512 channels masked
------------------------- time cost ------------------------- 8.077766180038452
ASR: 0.2445748254561208
attack_auc: 0.7923931919704559
Layer conv1.weight: 15/64 channels masked
Layer layer1.1.conv1.weight: 1/64 channels masked
Layer layer2.0.conv2.weight: 3/128 channels masked
Layer layer2.0.downsample.0.weight: 4/128 channels masked
Layer layer2.1.conv2.weight: 1/128 channels masked
Layer layer3.0.downsample.0.weight: 5/256 channels masked
Layer layer4.0.conv1.weight: 9/512 channels masked
Layer layer4.0.conv2.weight: 89/512 channels masked
Layer layer4.0.downsample.0.weight: 135/512 channels masked
Layer layer4.1.conv1.weight: 77/512 channels masked
Layer layer4.1.conv2.weight: 101/512 channels masked
------------------------- time cost ------------------------- 6.86740255355835
ASR: 0.2518153886731831
attack_auc: 0.803561139911097
Layer conv1.weight: 15/64 channels masked
Layer layer1.1.conv1.weight: 1/64 channels masked
Layer layer2.0.conv2.weight: 3/128 channels masked
Layer layer2.0.downsample.0.weight: 4/128 channels masked
Layer layer2.1.conv2.weight: 1/128 channels masked
Layer layer3.0.downsample.0.weight: 5/256 channels masked
Layer layer4.0.conv1.weight: 9/512 channels masked
Layer layer4.0.conv2.weight: 89/512 channels masked
Layer layer4.0.downsample.0.weight: 135/512 channels masked
Layer layer4.1.conv1.weight: 78/512 channels masked
Layer layer4.1.conv2.weight: 101/512 channels masked
------------------------- time cost ------------------------- 8.235211849212646
ASR: 0.2655319961499268
attack_auc: 0.8108411603978886
Layer conv1.weight: 15/64 channels masked
Layer layer1.1.conv1.weight: 1/64 channels masked
Layer layer2.0.conv2.weight: 3/128 channels masked
Layer layer2.0.downsample.0.weight: 4/128 channels masked
Layer layer2.1.conv2.weight: 1/128 channels masked
Layer layer3.0.downsample.0.weight: 5/256 channels masked
Layer layer4.0.conv1.weight: 9/512 channels masked
Layer layer4.0.conv2.weight: 89/512 channels masked
Layer layer4.0.downsample.0.weight: 135/512 channels masked
Layer layer4.1.conv1.weight: 78/512 channels masked
Layer layer4.1.conv2.weight: 101/512 channels masked
------------------------- time cost ------------------------- 8.849037408828735
ASR: 0.28760958520303925
attack_auc: 0.8173124631289355
Layer conv1.weight: 15/64 channels masked
Layer layer1.1.conv1.weight: 1/64 channels masked
Layer layer2.0.conv2.weight: 3/128 channels masked
Layer layer2.0.downsample.0.weight: 4/128 channels masked
Layer layer2.1.conv2.weight: 1/128 channels masked
Layer layer3.0.downsample.0.weight: 5/256 channels masked
Layer layer4.0.conv1.weight: 9/512 channels masked
Layer layer4.0.conv2.weight: 90/512 channels masked
Layer layer4.0.downsample.0.weight: 135/512 channels masked
Layer layer4.1.conv1.weight: 78/512 channels masked
Layer layer4.1.conv2.weight: 101/512 channels masked
------------------------- time cost ------------------------- 9.315692901611328

-------------Round number: 500-------------

Evaluate personalized models
Averaged Train Loss: 0.1126
Averaged Test Accurancy: 0.7456
Averaged Test AUC: 0.9564
Std Test Accurancy: 0.1025
Std Test AUC: 0.0255
ASR: 0.2811532116508963
attack_auc: 0.8129659772535308
Layer conv1.weight: 15/64 channels masked
Layer layer1.1.conv1.weight: 1/64 channels masked
Layer layer2.0.conv2.weight: 3/128 channels masked
Layer layer2.0.downsample.0.weight: 4/128 channels masked
Layer layer2.1.conv2.weight: 1/128 channels masked
Layer layer3.0.downsample.0.weight: 5/256 channels masked
Layer layer4.0.conv1.weight: 9/512 channels masked
Layer layer4.0.conv2.weight: 91/512 channels masked
Layer layer4.0.downsample.0.weight: 135/512 channels masked
Layer layer4.1.conv1.weight: 78/512 channels masked
Layer layer4.1.conv2.weight: 101/512 channels masked
------------------------- time cost ------------------------- 16.617154121398926
ASR: 0.26082797153029924
attack_auc: 0.8071059140618336
Layer conv1.weight: 15/64 channels masked
Layer layer1.1.conv1.weight: 1/64 channels masked
Layer layer2.0.conv2.weight: 3/128 channels masked
Layer layer2.0.downsample.0.weight: 4/128 channels masked
Layer layer2.1.conv2.weight: 1/128 channels masked
Layer layer3.0.downsample.0.weight: 5/256 channels masked
Layer layer4.0.conv1.weight: 10/512 channels masked
Layer layer4.0.conv2.weight: 91/512 channels masked
Layer layer4.0.downsample.0.weight: 135/512 channels masked
Layer layer4.1.conv1.weight: 78/512 channels masked
Layer layer4.1.conv2.weight: 101/512 channels masked
------------------------- time cost ------------------------- 8.044496536254883
ASR: 0.18875211089940686
attack_auc: 0.7646439694593572
Layer conv1.weight: 15/64 channels masked
Layer layer1.1.conv1.weight: 1/64 channels masked
Layer layer2.0.conv2.weight: 3/128 channels masked
Layer layer2.0.downsample.0.weight: 4/128 channels masked
Layer layer2.1.conv2.weight: 1/128 channels masked
Layer layer3.0.downsample.0.weight: 5/256 channels masked
Layer layer4.0.conv1.weight: 10/512 channels masked
Layer layer4.0.conv2.weight: 90/512 channels masked
Layer layer4.0.downsample.0.weight: 135/512 channels masked
Layer layer4.1.conv1.weight: 81/512 channels masked
Layer layer4.1.conv2.weight: 102/512 channels masked
------------------------- time cost ------------------------- 7.028894424438477
ASR: 0.20904502574395611
attack_auc: 0.7710174099652806
Layer conv1.weight: 13/64 channels masked
Layer layer1.1.conv1.weight: 1/64 channels masked
Layer layer2.0.downsample.0.weight: 4/128 channels masked
Layer layer2.1.conv2.weight: 1/128 channels masked
Layer layer3.0.downsample.0.weight: 5/256 channels masked
Layer layer4.0.conv1.weight: 10/512 channels masked
Layer layer4.0.conv2.weight: 64/512 channels masked
Layer layer4.0.downsample.0.weight: 135/512 channels masked
Layer layer4.1.conv1.weight: 80/512 channels masked
Layer layer4.1.conv2.weight: 102/512 channels masked
------------------------- time cost ------------------------- 9.400887966156006
ASR: 0.24558855527197432
attack_auc: 0.7887551881200927
Layer conv1.weight: 14/64 channels masked
Layer layer1.1.conv1.weight: 1/64 channels masked
Layer layer2.0.conv2.weight: 3/128 channels masked
Layer layer2.0.downsample.0.weight: 4/128 channels masked
Layer layer2.1.conv2.weight: 1/128 channels masked
Layer layer3.0.downsample.0.weight: 5/256 channels masked
Layer layer4.0.conv1.weight: 10/512 channels masked
Layer layer4.0.conv2.weight: 90/512 channels masked
Layer layer4.0.downsample.0.weight: 135/512 channels masked
Layer layer4.1.conv1.weight: 80/512 channels masked
Layer layer4.1.conv2.weight: 103/512 channels masked
------------------------- time cost ------------------------- 8.967349290847778
ASR: 0.22790159849630806
attack_auc: 0.7815659213319162
Layer conv1.weight: 14/64 channels masked
Layer layer1.1.conv1.weight: 1/64 channels masked
Layer layer2.0.conv2.weight: 3/128 channels masked
Layer layer2.0.downsample.0.weight: 4/128 channels masked
Layer layer2.1.conv2.weight: 1/128 channels masked
Layer layer3.0.downsample.0.weight: 5/256 channels masked
Layer layer4.0.conv1.weight: 10/512 channels masked
Layer layer4.0.conv2.weight: 90/512 channels masked
Layer layer4.0.downsample.0.weight: 135/512 channels masked
Layer layer4.1.conv1.weight: 80/512 channels masked
Layer layer4.1.conv2.weight: 103/512 channels masked
------------------------- time cost ------------------------- 9.140142440795898
ASR: 0.22200348966685052
attack_auc: 0.7784003982574185
Layer conv1.weight: 14/64 channels masked
Layer layer1.1.conv1.weight: 1/64 channels masked
Layer layer2.0.conv2.weight: 3/128 channels masked
Layer layer2.0.downsample.0.weight: 4/128 channels masked
Layer layer2.1.conv2.weight: 1/128 channels masked
Layer layer3.0.downsample.0.weight: 5/256 channels masked
Layer layer4.0.conv1.weight: 10/512 channels masked
Layer layer4.0.conv2.weight: 91/512 channels masked
Layer layer4.0.downsample.0.weight: 135/512 channels masked
Layer layer4.1.conv1.weight: 80/512 channels masked
Layer layer4.1.conv2.weight: 103/512 channels masked
------------------------- time cost ------------------------- 8.83650279045105
ASR: 0.22555276409185004
attack_auc: 0.7776600506077982
Layer conv1.weight: 14/64 channels masked
Layer layer1.1.conv1.weight: 1/64 channels masked
Layer layer2.0.conv2.weight: 3/128 channels masked
Layer layer2.0.downsample.0.weight: 4/128 channels masked
Layer layer2.1.conv2.weight: 1/128 channels masked
Layer layer3.0.downsample.0.weight: 5/256 channels masked
Layer layer4.0.conv1.weight: 10/512 channels masked
Layer layer4.0.conv2.weight: 91/512 channels masked
Layer layer4.0.downsample.0.weight: 135/512 channels masked
Layer layer4.1.conv1.weight: 80/512 channels masked
Layer layer4.1.conv2.weight: 103/512 channels masked
------------------------- time cost ------------------------- 8.758867263793945
ASR: 0.2619717571742411
attack_auc: 0.7943745646765001
Layer conv1.weight: 14/64 channels masked
Layer layer1.1.conv1.weight: 1/64 channels masked
Layer layer2.0.conv2.weight: 3/128 channels masked
Layer layer2.0.downsample.0.weight: 4/128 channels masked
Layer layer2.1.conv2.weight: 1/128 channels masked
Layer layer3.0.downsample.0.weight: 5/256 channels masked
Layer layer4.0.conv1.weight: 10/512 channels masked
Layer layer4.0.conv2.weight: 91/512 channels masked
Layer layer4.0.downsample.0.weight: 135/512 channels masked
Layer layer4.1.conv1.weight: 81/512 channels masked
Layer layer4.1.conv2.weight: 105/512 channels masked
------------------------- time cost ------------------------- 8.925572633743286
ASR: 0.2518457220330778
attack_auc: 0.7897481806812618
Layer conv1.weight: 14/64 channels masked
Layer layer1.1.conv1.weight: 1/64 channels masked
Layer layer2.0.conv2.weight: 3/128 channels masked
Layer layer2.0.downsample.0.weight: 4/128 channels masked
Layer layer2.1.conv2.weight: 1/128 channels masked
Layer layer3.0.downsample.0.weight: 5/256 channels masked
Layer layer4.0.conv1.weight: 10/512 channels masked
Layer layer4.0.conv2.weight: 92/512 channels masked
Layer layer4.0.downsample.0.weight: 135/512 channels masked
Layer layer4.1.conv1.weight: 81/512 channels masked
Layer layer4.1.conv2.weight: 107/512 channels masked
------------------------- time cost ------------------------- 8.57734751701355

-------------Round number: 510-------------

Evaluate personalized models
Averaged Train Loss: 0.1504
Averaged Test Accurancy: 0.7364
Averaged Test AUC: 0.9553
Std Test Accurancy: 0.0949
Std Test AUC: 0.0220
ASR: 0.22206375618661614
attack_auc: 0.7747011769928217
Layer conv1.weight: 14/64 channels masked
Layer layer1.1.conv1.weight: 1/64 channels masked
Layer layer2.0.conv2.weight: 3/128 channels masked
Layer layer2.0.downsample.0.weight: 4/128 channels masked
Layer layer2.1.conv2.weight: 1/128 channels masked
Layer layer3.0.downsample.0.weight: 5/256 channels masked
Layer layer4.0.conv1.weight: 10/512 channels masked
Layer layer4.0.conv2.weight: 92/512 channels masked
Layer layer4.0.downsample.0.weight: 135/512 channels masked
Layer layer4.1.conv1.weight: 81/512 channels masked
Layer layer4.1.conv2.weight: 107/512 channels masked
------------------------- time cost ------------------------- 16.397128105163574
ASR: 0.2145954810125509
attack_auc: 0.77449430238699
Layer conv1.weight: 14/64 channels masked
Layer layer1.1.conv1.weight: 1/64 channels masked
Layer layer2.0.conv2.weight: 3/128 channels masked
Layer layer2.0.downsample.0.weight: 4/128 channels masked
Layer layer2.1.conv2.weight: 1/128 channels masked
Layer layer3.0.downsample.0.weight: 5/256 channels masked
Layer layer4.0.conv1.weight: 10/512 channels masked
Layer layer4.0.conv2.weight: 92/512 channels masked
Layer layer4.0.downsample.0.weight: 135/512 channels masked
Layer layer4.1.conv1.weight: 81/512 channels masked
Layer layer4.1.conv2.weight: 107/512 channels masked
------------------------- time cost ------------------------- 7.974535942077637
ASR: 0.20487832817091337
attack_auc: 0.7743067104107847
Layer conv1.weight: 14/64 channels masked
Layer layer1.1.conv1.weight: 1/64 channels masked
Layer layer2.0.conv2.weight: 3/128 channels masked
Layer layer2.0.downsample.0.weight: 4/128 channels masked
Layer layer2.1.conv2.weight: 1/128 channels masked
Layer layer3.0.downsample.0.weight: 5/256 channels masked
Layer layer4.0.conv1.weight: 10/512 channels masked
Layer layer4.0.conv2.weight: 92/512 channels masked
Layer layer4.0.downsample.0.weight: 135/512 channels masked
Layer layer4.1.conv1.weight: 81/512 channels masked
Layer layer4.1.conv2.weight: 107/512 channels masked
------------------------- time cost ------------------------- 7.886441707611084
ASR: 0.2121226056455203
attack_auc: 0.7821078849391119
Layer conv1.weight: 14/64 channels masked
Layer layer1.1.conv1.weight: 1/64 channels masked
Layer layer2.0.conv2.weight: 3/128 channels masked
Layer layer2.0.downsample.0.weight: 4/128 channels masked
Layer layer2.1.conv2.weight: 1/128 channels masked
Layer layer3.0.downsample.0.weight: 5/256 channels masked
Layer layer4.0.conv1.weight: 10/512 channels masked
Layer layer4.0.conv2.weight: 92/512 channels masked
Layer layer4.0.downsample.0.weight: 135/512 channels masked
Layer layer4.1.conv1.weight: 81/512 channels masked
Layer layer4.1.conv2.weight: 107/512 channels masked
------------------------- time cost ------------------------- 8.664023876190186
ASR: 0.24544100500774466
attack_auc: 0.7962428065399132
Layer conv1.weight: 14/64 channels masked
Layer layer1.1.conv1.weight: 1/64 channels masked
Layer layer2.0.conv2.weight: 3/128 channels masked
Layer layer2.0.downsample.0.weight: 4/128 channels masked
Layer layer2.1.conv2.weight: 1/128 channels masked
Layer layer3.0.downsample.0.weight: 5/256 channels masked
Layer layer4.0.conv1.weight: 10/512 channels masked
Layer layer4.0.conv2.weight: 92/512 channels masked
Layer layer4.0.downsample.0.weight: 135/512 channels masked
Layer layer4.1.conv1.weight: 81/512 channels masked
Layer layer4.1.conv2.weight: 107/512 channels masked
------------------------- time cost ------------------------- 8.754645347595215
ASR: 0.23170636600468902
attack_auc: 0.787409762019757
Layer conv1.weight: 14/64 channels masked
Layer layer1.1.conv1.weight: 1/64 channels masked
Layer layer2.0.conv2.weight: 3/128 channels masked
Layer layer2.0.downsample.0.weight: 4/128 channels masked
Layer layer2.1.conv2.weight: 1/128 channels masked
Layer layer3.0.downsample.0.weight: 5/256 channels masked
Layer layer4.0.conv1.weight: 11/512 channels masked
Layer layer4.0.conv2.weight: 93/512 channels masked
Layer layer4.0.downsample.0.weight: 135/512 channels masked
Layer layer4.1.conv1.weight: 82/512 channels masked
Layer layer4.1.conv2.weight: 109/512 channels masked
------------------------- time cost ------------------------- 8.521071434020996
ASR: 0.23715983024286572
attack_auc: 0.7894231493762909
Layer conv1.weight: 14/64 channels masked
Layer layer1.1.conv1.weight: 1/64 channels masked
Layer layer2.0.conv2.weight: 3/128 channels masked
Layer layer2.0.downsample.0.weight: 4/128 channels masked
Layer layer2.1.conv2.weight: 1/128 channels masked
Layer layer3.0.downsample.0.weight: 5/256 channels masked
Layer layer4.0.conv1.weight: 11/512 channels masked
Layer layer4.0.conv2.weight: 93/512 channels masked
Layer layer4.0.downsample.0.weight: 135/512 channels masked
Layer layer4.1.conv1.weight: 83/512 channels masked
Layer layer4.1.conv2.weight: 110/512 channels masked
------------------------- time cost ------------------------- 9.267462491989136
ASR: 0.2374987467062101
attack_auc: 0.7927777970234622
Layer conv1.weight: 14/64 channels masked
Layer layer1.1.conv1.weight: 1/64 channels masked
Layer layer2.0.conv2.weight: 3/128 channels masked
Layer layer2.0.downsample.0.weight: 4/128 channels masked
Layer layer2.1.conv2.weight: 1/128 channels masked
Layer layer3.0.downsample.0.weight: 5/256 channels masked
Layer layer4.0.conv1.weight: 11/512 channels masked
Layer layer4.0.conv2.weight: 93/512 channels masked
Layer layer4.0.downsample.0.weight: 135/512 channels masked
Layer layer4.1.conv1.weight: 83/512 channels masked
Layer layer4.1.conv2.weight: 110/512 channels masked
------------------------- time cost ------------------------- 8.609372615814209
ASR: 0.2042567327390517
attack_auc: 0.7709318256125851
Layer conv1.weight: 14/64 channels masked
Layer layer1.1.conv1.weight: 1/64 channels masked
Layer layer2.0.conv2.weight: 3/128 channels masked
Layer layer2.0.downsample.0.weight: 4/128 channels masked
Layer layer2.1.conv2.weight: 1/128 channels masked
Layer layer3.0.downsample.0.weight: 5/256 channels masked
Layer layer4.0.conv1.weight: 11/512 channels masked
Layer layer4.0.conv2.weight: 93/512 channels masked
Layer layer4.0.downsample.0.weight: 135/512 channels masked
Layer layer4.1.conv1.weight: 83/512 channels masked
Layer layer4.1.conv2.weight: 110/512 channels masked
------------------------- time cost ------------------------- 7.955622434616089
ASR: 0.2125806241204777
attack_auc: 0.7783060904999037
Layer conv1.weight: 14/64 channels masked
Layer layer1.1.conv1.weight: 1/64 channels masked
Layer layer2.0.conv2.weight: 3/128 channels masked
Layer layer2.0.downsample.0.weight: 4/128 channels masked
Layer layer2.1.conv2.weight: 1/128 channels masked
Layer layer3.0.downsample.0.weight: 5/256 channels masked
Layer layer4.0.conv1.weight: 11/512 channels masked
Layer layer4.0.conv2.weight: 93/512 channels masked
Layer layer4.0.downsample.0.weight: 135/512 channels masked
Layer layer4.1.conv1.weight: 83/512 channels masked
Layer layer4.1.conv2.weight: 110/512 channels masked
------------------------- time cost ------------------------- 8.545238494873047

-------------Round number: 520-------------

Evaluate personalized models
Averaged Train Loss: 0.1315
Averaged Test Accurancy: 0.7422
Averaged Test AUC: 0.9562
Std Test Accurancy: 0.0863
Std Test AUC: 0.0211
ASR: 0.23450573832694635
attack_auc: 0.7913678883748386
Layer conv1.weight: 14/64 channels masked
Layer layer1.1.conv1.weight: 1/64 channels masked
Layer layer2.0.conv2.weight: 3/128 channels masked
Layer layer2.0.downsample.0.weight: 4/128 channels masked
Layer layer2.1.conv2.weight: 1/128 channels masked
Layer layer3.0.downsample.0.weight: 5/256 channels masked
Layer layer4.0.conv1.weight: 11/512 channels masked
Layer layer4.0.conv2.weight: 95/512 channels masked
Layer layer4.0.downsample.0.weight: 136/512 channels masked
Layer layer4.1.conv1.weight: 89/512 channels masked
Layer layer4.1.conv2.weight: 112/512 channels masked
------------------------- time cost ------------------------- 15.33458685874939
ASR: 0.18428891908582093
attack_auc: 0.7669427542101164
Layer conv1.weight: 14/64 channels masked
Layer layer1.1.conv1.weight: 1/64 channels masked
Layer layer2.0.conv2.weight: 3/128 channels masked
Layer layer2.0.downsample.0.weight: 4/128 channels masked
Layer layer2.1.conv2.weight: 1/128 channels masked
Layer layer3.0.downsample.0.weight: 5/256 channels masked
Layer layer4.0.conv1.weight: 12/512 channels masked
Layer layer4.0.conv2.weight: 96/512 channels masked
Layer layer4.0.downsample.0.weight: 136/512 channels masked
Layer layer4.1.conv1.weight: 89/512 channels masked
Layer layer4.1.conv2.weight: 113/512 channels masked
------------------------- time cost ------------------------- 8.293798446655273
ASR: 0.2529167733930847
attack_auc: 0.7974039298443382
Layer conv1.weight: 14/64 channels masked
Layer layer1.1.conv1.weight: 1/64 channels masked
Layer layer2.0.conv2.weight: 3/128 channels masked
Layer layer2.0.downsample.0.weight: 4/128 channels masked
Layer layer2.1.conv2.weight: 1/128 channels masked
Layer layer3.0.downsample.0.weight: 5/256 channels masked
Layer layer4.0.conv1.weight: 13/512 channels masked
Layer layer4.0.conv2.weight: 98/512 channels masked
Layer layer4.0.downsample.0.weight: 136/512 channels masked
Layer layer4.1.conv1.weight: 89/512 channels masked
Layer layer4.1.conv2.weight: 113/512 channels masked
------------------------- time cost ------------------------- 8.152387142181396
ASR: 0.22159237964718548
attack_auc: 0.7873531128717238
Layer conv1.weight: 14/64 channels masked
Layer layer1.1.conv1.weight: 1/64 channels masked
Layer layer2.0.conv2.weight: 3/128 channels masked
Layer layer2.0.downsample.0.weight: 4/128 channels masked
Layer layer2.1.conv2.weight: 1/128 channels masked
Layer layer3.0.downsample.0.weight: 5/256 channels masked
Layer layer4.0.conv1.weight: 13/512 channels masked
Layer layer4.0.conv2.weight: 98/512 channels masked
Layer layer4.0.downsample.0.weight: 136/512 channels masked
Layer layer4.1.conv1.weight: 89/512 channels masked
Layer layer4.1.conv2.weight: 118/512 channels masked
------------------------- time cost ------------------------- 8.23128056526184
ASR: 0.25426506435457924
attack_auc: 0.8014175863174494
Layer conv1.weight: 14/64 channels masked
Layer layer1.1.conv1.weight: 1/64 channels masked
Layer layer2.0.conv2.weight: 3/128 channels masked
Layer layer2.0.downsample.0.weight: 4/128 channels masked
Layer layer2.1.conv2.weight: 1/128 channels masked
Layer layer3.0.downsample.0.weight: 5/256 channels masked
Layer layer4.0.conv1.weight: 14/512 channels masked
Layer layer4.0.conv2.weight: 98/512 channels masked
Layer layer4.0.downsample.0.weight: 136/512 channels masked
Layer layer4.1.conv1.weight: 88/512 channels masked
Layer layer4.1.conv2.weight: 117/512 channels masked
------------------------- time cost ------------------------- 8.34785008430481
ASR: 0.2510740756309381
attack_auc: 0.7963553824528163
Layer conv1.weight: 14/64 channels masked
Layer layer1.1.conv1.weight: 1/64 channels masked
Layer layer2.0.conv2.weight: 3/128 channels masked
Layer layer2.0.downsample.0.weight: 4/128 channels masked
Layer layer2.1.conv2.weight: 1/128 channels masked
Layer layer3.0.downsample.0.weight: 5/256 channels masked
Layer layer4.0.conv1.weight: 14/512 channels masked
Layer layer4.0.conv2.weight: 98/512 channels masked
Layer layer4.0.downsample.0.weight: 136/512 channels masked
Layer layer4.1.conv1.weight: 89/512 channels masked
Layer layer4.1.conv2.weight: 117/512 channels masked
------------------------- time cost ------------------------- 8.56298279762268
ASR: 0.2734450117492723
attack_auc: 0.807903942072125
Layer conv1.weight: 14/64 channels masked
Layer layer1.1.conv1.weight: 1/64 channels masked
Layer layer2.0.conv2.weight: 3/128 channels masked
Layer layer2.0.downsample.0.weight: 4/128 channels masked
Layer layer2.1.conv2.weight: 1/128 channels masked
Layer layer3.0.downsample.0.weight: 5/256 channels masked
Layer layer4.0.conv1.weight: 14/512 channels masked
Layer layer4.0.conv2.weight: 95/512 channels masked
Layer layer4.0.downsample.0.weight: 136/512 channels masked
Layer layer4.1.conv1.weight: 89/512 channels masked
Layer layer4.1.conv2.weight: 119/512 channels masked
------------------------- time cost ------------------------- 9.41727066040039
ASR: 0.27738619416410637
attack_auc: 0.8171381534549751
Layer conv1.weight: 13/64 channels masked
Layer layer1.1.conv1.weight: 1/64 channels masked
Layer layer2.0.conv2.weight: 3/128 channels masked
Layer layer2.0.downsample.0.weight: 4/128 channels masked
Layer layer2.1.conv2.weight: 1/128 channels masked
Layer layer3.0.downsample.0.weight: 5/256 channels masked
Layer layer4.0.conv1.weight: 14/512 channels masked
Layer layer4.0.conv2.weight: 95/512 channels masked
Layer layer4.0.downsample.0.weight: 136/512 channels masked
Layer layer4.1.conv1.weight: 89/512 channels masked
Layer layer4.1.conv2.weight: 119/512 channels masked
------------------------- time cost ------------------------- 8.634732007980347
ASR: 0.24948447335389562
attack_auc: 0.8036296572153562
Layer conv1.weight: 14/64 channels masked
Layer layer1.1.conv1.weight: 1/64 channels masked
Layer layer2.0.conv2.weight: 3/128 channels masked
Layer layer2.0.downsample.0.weight: 4/128 channels masked
Layer layer2.1.conv2.weight: 1/128 channels masked
Layer layer3.0.downsample.0.weight: 5/256 channels masked
Layer layer4.0.conv1.weight: 14/512 channels masked
Layer layer4.0.conv2.weight: 97/512 channels masked
Layer layer4.0.downsample.0.weight: 136/512 channels masked
Layer layer4.1.conv1.weight: 90/512 channels masked
Layer layer4.1.conv2.weight: 119/512 channels masked
------------------------- time cost ------------------------- 7.889031648635864
ASR: 0.2457653481787251
attack_auc: 0.7930797487812862
Layer conv1.weight: 14/64 channels masked
Layer layer1.1.conv1.weight: 1/64 channels masked
Layer layer2.0.conv2.weight: 3/128 channels masked
Layer layer2.0.downsample.0.weight: 4/128 channels masked
Layer layer2.1.conv2.weight: 1/128 channels masked
Layer layer3.0.downsample.0.weight: 5/256 channels masked
Layer layer4.0.conv1.weight: 14/512 channels masked
Layer layer4.0.conv2.weight: 96/512 channels masked
Layer layer4.0.downsample.0.weight: 136/512 channels masked
Layer layer4.1.conv1.weight: 90/512 channels masked
Layer layer4.1.conv2.weight: 124/512 channels masked
------------------------- time cost ------------------------- 8.309284448623657

-------------Round number: 530-------------

Evaluate personalized models
Averaged Train Loss: 0.2305
Averaged Test Accurancy: 0.7261
Averaged Test AUC: 0.9541
Std Test Accurancy: 0.1060
Std Test AUC: 0.0225
ASR: 0.24863865608107025
attack_auc: 0.7826306222778345
Layer conv1.weight: 14/64 channels masked
Layer layer1.1.conv1.weight: 1/64 channels masked
Layer layer2.0.conv2.weight: 3/128 channels masked
Layer layer2.0.downsample.0.weight: 4/128 channels masked
Layer layer2.1.conv2.weight: 1/128 channels masked
Layer layer3.0.downsample.0.weight: 5/256 channels masked
Layer layer4.0.conv1.weight: 14/512 channels masked
Layer layer4.0.conv2.weight: 97/512 channels masked
Layer layer4.0.downsample.0.weight: 136/512 channels masked
Layer layer4.1.conv1.weight: 90/512 channels masked
Layer layer4.1.conv2.weight: 124/512 channels masked
------------------------- time cost ------------------------- 15.820494413375854
ASR: 0.28080180305223035
attack_auc: 0.8066650852046855
Layer conv1.weight: 14/64 channels masked
Layer layer1.1.conv1.weight: 1/64 channels masked
Layer layer2.0.conv2.weight: 3/128 channels masked
Layer layer2.0.downsample.0.weight: 4/128 channels masked
Layer layer2.1.conv2.weight: 1/128 channels masked
Layer layer3.0.downsample.0.weight: 5/256 channels masked
Layer layer4.0.conv1.weight: 14/512 channels masked
Layer layer4.0.conv2.weight: 97/512 channels masked
Layer layer4.0.downsample.0.weight: 136/512 channels masked
Layer layer4.1.conv1.weight: 90/512 channels masked
Layer layer4.1.conv2.weight: 124/512 channels masked
------------------------- time cost ------------------------- 8.581396341323853
ASR: 0.28956922430478493
attack_auc: 0.8112102900956611
Layer conv1.weight: 14/64 channels masked
Layer layer1.1.conv1.weight: 1/64 channels masked
Layer layer2.0.conv2.weight: 3/128 channels masked
Layer layer2.0.downsample.0.weight: 4/128 channels masked
Layer layer2.1.conv2.weight: 1/128 channels masked
Layer layer3.0.downsample.0.weight: 5/256 channels masked
Layer layer4.0.conv1.weight: 14/512 channels masked
Layer layer4.0.conv2.weight: 97/512 channels masked
Layer layer4.0.downsample.0.weight: 136/512 channels masked
Layer layer4.1.conv1.weight: 90/512 channels masked
Layer layer4.1.conv2.weight: 124/512 channels masked
------------------------- time cost ------------------------- 8.544397592544556
ASR: 0.26435385265867023
attack_auc: 0.7997586175114724
Layer conv1.weight: 14/64 channels masked
Layer layer1.1.conv1.weight: 1/64 channels masked
Layer layer2.0.conv2.weight: 3/128 channels masked
Layer layer2.0.downsample.0.weight: 4/128 channels masked
Layer layer2.1.conv2.weight: 1/128 channels masked
Layer layer3.0.downsample.0.weight: 5/256 channels masked
Layer layer4.0.conv1.weight: 14/512 channels masked
Layer layer4.0.conv2.weight: 97/512 channels masked
Layer layer4.0.downsample.0.weight: 136/512 channels masked
Layer layer4.1.conv1.weight: 90/512 channels masked
Layer layer4.1.conv2.weight: 124/512 channels masked
------------------------- time cost ------------------------- 8.169073820114136
ASR: 0.21893381989746016
attack_auc: 0.7656405878662021
Layer conv1.weight: 14/64 channels masked
Layer layer1.1.conv1.weight: 1/64 channels masked
Layer layer2.0.conv2.weight: 3/128 channels masked
Layer layer2.0.downsample.0.weight: 4/128 channels masked
Layer layer2.1.conv2.weight: 1/128 channels masked
Layer layer3.0.downsample.0.weight: 5/256 channels masked
Layer layer4.0.conv1.weight: 14/512 channels masked
Layer layer4.0.conv2.weight: 83/512 channels masked
Layer layer4.0.downsample.0.weight: 136/512 channels masked
Layer layer4.1.conv1.weight: 90/512 channels masked
Layer layer4.1.conv2.weight: 124/512 channels masked
------------------------- time cost ------------------------- 9.80450963973999
ASR: 0.21076848199771064
attack_auc: 0.7660530954928769
Layer conv1.weight: 14/64 channels masked
Layer layer1.1.conv1.weight: 1/64 channels masked
Layer layer2.0.conv2.weight: 3/128 channels masked
Layer layer2.0.downsample.0.weight: 4/128 channels masked
Layer layer2.1.conv2.weight: 1/128 channels masked
Layer layer3.0.downsample.0.weight: 5/256 channels masked
Layer layer4.0.conv1.weight: 14/512 channels masked
Layer layer4.0.conv2.weight: 96/512 channels masked
Layer layer4.0.downsample.0.weight: 136/512 channels masked
Layer layer4.1.conv1.weight: 90/512 channels masked
Layer layer4.1.conv2.weight: 124/512 channels masked
------------------------- time cost ------------------------- 7.300159931182861
ASR: 0.20881027978230082
attack_auc: 0.7581735203686442
Layer conv1.weight: 14/64 channels masked
Layer layer1.1.conv1.weight: 1/64 channels masked
Layer layer2.0.conv2.weight: 3/128 channels masked
Layer layer2.0.downsample.0.weight: 4/128 channels masked
Layer layer2.1.conv2.weight: 1/128 channels masked
Layer layer3.0.downsample.0.weight: 5/256 channels masked
Layer layer4.0.conv1.weight: 14/512 channels masked
Layer layer4.0.conv2.weight: 96/512 channels masked
Layer layer4.0.downsample.0.weight: 136/512 channels masked
Layer layer4.1.conv1.weight: 90/512 channels masked
Layer layer4.1.conv2.weight: 124/512 channels masked
------------------------- time cost ------------------------- 7.929304361343384
ASR: 0.22839546256378185
attack_auc: 0.7720284738944133
Layer conv1.weight: 14/64 channels masked
Layer layer1.1.conv1.weight: 1/64 channels masked
Layer layer2.0.conv2.weight: 3/128 channels masked
Layer layer2.0.downsample.0.weight: 4/128 channels masked
Layer layer2.1.conv2.weight: 1/128 channels masked
Layer layer3.0.downsample.0.weight: 5/256 channels masked
Layer layer4.0.conv1.weight: 14/512 channels masked
Layer layer4.0.conv2.weight: 96/512 channels masked
Layer layer4.0.downsample.0.weight: 136/512 channels masked
Layer layer4.1.conv1.weight: 90/512 channels masked
Layer layer4.1.conv2.weight: 124/512 channels masked
------------------------- time cost ------------------------- 7.102052211761475
ASR: 0.26534947097606815
attack_auc: 0.786286641461303
Layer conv1.weight: 14/64 channels masked
Layer layer1.1.conv1.weight: 1/64 channels masked
Layer layer2.0.conv2.weight: 3/128 channels masked
Layer layer2.0.downsample.0.weight: 4/128 channels masked
Layer layer2.1.conv2.weight: 1/128 channels masked
Layer layer3.0.downsample.0.weight: 5/256 channels masked
Layer layer4.0.conv1.weight: 14/512 channels masked
Layer layer4.0.conv2.weight: 96/512 channels masked
Layer layer4.0.downsample.0.weight: 136/512 channels masked
Layer layer4.1.conv1.weight: 90/512 channels masked
Layer layer4.1.conv2.weight: 124/512 channels masked
------------------------- time cost ------------------------- 8.338755369186401
ASR: 0.2571568823331618
attack_auc: 0.7849776993091206
Layer conv1.weight: 14/64 channels masked
Layer layer1.1.conv1.weight: 1/64 channels masked
Layer layer2.0.conv2.weight: 3/128 channels masked
Layer layer2.0.downsample.0.weight: 4/128 channels masked
Layer layer2.1.conv2.weight: 1/128 channels masked
Layer layer3.0.downsample.0.weight: 5/256 channels masked
Layer layer4.0.conv1.weight: 14/512 channels masked
Layer layer4.0.conv2.weight: 96/512 channels masked
Layer layer4.0.downsample.0.weight: 136/512 channels masked
Layer layer4.1.conv1.weight: 90/512 channels masked
Layer layer4.1.conv2.weight: 124/512 channels masked
------------------------- time cost ------------------------- 8.570672035217285

-------------Round number: 540-------------

Evaluate personalized models
Averaged Train Loss: 0.1947
Averaged Test Accurancy: 0.7196
Averaged Test AUC: 0.9512
Std Test Accurancy: 0.0943
Std Test AUC: 0.0239
ASR: 0.298765696509915
attack_auc: 0.8020841625600847
Layer conv1.weight: 14/64 channels masked
Layer layer1.1.conv1.weight: 1/64 channels masked
Layer layer2.0.conv2.weight: 3/128 channels masked
Layer layer2.0.downsample.0.weight: 4/128 channels masked
Layer layer2.1.conv2.weight: 1/128 channels masked
Layer layer3.0.downsample.0.weight: 5/256 channels masked
Layer layer4.0.conv1.weight: 14/512 channels masked
Layer layer4.0.conv2.weight: 96/512 channels masked
Layer layer4.0.downsample.0.weight: 136/512 channels masked
Layer layer4.1.conv1.weight: 91/512 channels masked
Layer layer4.1.conv2.weight: 124/512 channels masked
------------------------- time cost ------------------------- 15.24722933769226
ASR: 0.2846840984114313
attack_auc: 0.7955983521283081
Layer conv1.weight: 14/64 channels masked
Layer layer1.1.conv1.weight: 1/64 channels masked
Layer layer2.0.conv2.weight: 3/128 channels masked
Layer layer2.0.downsample.0.weight: 4/128 channels masked
Layer layer2.1.conv2.weight: 1/128 channels masked
Layer layer3.0.downsample.0.weight: 5/256 channels masked
Layer layer4.0.conv1.weight: 15/512 channels masked
Layer layer4.0.conv2.weight: 96/512 channels masked
Layer layer4.0.downsample.0.weight: 136/512 channels masked
Layer layer4.1.conv1.weight: 91/512 channels masked
Layer layer4.1.conv2.weight: 124/512 channels masked
------------------------- time cost ------------------------- 8.827925443649292
ASR: 0.27744141779535897
attack_auc: 0.7997908504619269
Layer conv1.weight: 14/64 channels masked
Layer layer1.1.conv1.weight: 1/64 channels masked
Layer layer2.0.conv2.weight: 3/128 channels masked
Layer layer2.0.downsample.0.weight: 4/128 channels masked
Layer layer2.1.conv2.weight: 1/128 channels masked
Layer layer3.0.downsample.0.weight: 5/256 channels masked
Layer layer4.0.conv1.weight: 15/512 channels masked
Layer layer4.0.conv2.weight: 95/512 channels masked
Layer layer4.0.downsample.0.weight: 136/512 channels masked
Layer layer4.1.conv1.weight: 91/512 channels masked
Layer layer4.1.conv2.weight: 124/512 channels masked
------------------------- time cost ------------------------- 7.9499077796936035
ASR: 0.2636654755666081
attack_auc: 0.7927146170850503
Layer conv1.weight: 14/64 channels masked
Layer layer1.1.conv1.weight: 1/64 channels masked
Layer layer2.0.conv2.weight: 3/128 channels masked
Layer layer2.0.downsample.0.weight: 4/128 channels masked
Layer layer2.1.conv2.weight: 1/128 channels masked
Layer layer3.0.downsample.0.weight: 5/256 channels masked
Layer layer4.0.conv1.weight: 15/512 channels masked
Layer layer4.0.conv2.weight: 96/512 channels masked
Layer layer4.0.downsample.0.weight: 136/512 channels masked
Layer layer4.1.conv1.weight: 91/512 channels masked
Layer layer4.1.conv2.weight: 124/512 channels masked
------------------------- time cost ------------------------- 8.358992099761963
ASR: 0.2401036695100613
attack_auc: 0.7857413690587228
Layer conv1.weight: 14/64 channels masked
Layer layer1.1.conv1.weight: 1/64 channels masked
Layer layer2.0.conv2.weight: 3/128 channels masked
Layer layer2.0.downsample.0.weight: 4/128 channels masked
Layer layer2.1.conv2.weight: 1/128 channels masked
Layer layer3.0.downsample.0.weight: 5/256 channels masked
Layer layer4.0.conv1.weight: 16/512 channels masked
Layer layer4.0.conv2.weight: 96/512 channels masked
Layer layer4.0.downsample.0.weight: 136/512 channels masked
Layer layer4.1.conv1.weight: 92/512 channels masked
Layer layer4.1.conv2.weight: 124/512 channels masked
------------------------- time cost ------------------------- 8.072278261184692
ASR: 0.3215141577182769
attack_auc: 0.827056687529023
Layer conv1.weight: 16/64 channels masked
Layer layer1.1.conv1.weight: 1/64 channels masked
Layer layer2.0.conv2.weight: 3/128 channels masked
Layer layer2.0.downsample.0.weight: 4/128 channels masked
Layer layer2.1.conv2.weight: 1/128 channels masked
Layer layer3.0.downsample.0.weight: 5/256 channels masked
Layer layer4.0.conv1.weight: 16/512 channels masked
Layer layer4.0.conv2.weight: 99/512 channels masked
Layer layer4.0.downsample.0.weight: 137/512 channels masked
Layer layer4.1.conv1.weight: 96/512 channels masked
Layer layer4.1.conv2.weight: 125/512 channels masked
------------------------- time cost ------------------------- 8.096459865570068
ASR: 0.2881104907834279
attack_auc: 0.808472336993592
Layer conv1.weight: 16/64 channels masked
Layer layer1.1.conv1.weight: 1/64 channels masked
Layer layer2.0.conv2.weight: 3/128 channels masked
Layer layer2.0.downsample.0.weight: 4/128 channels masked
Layer layer2.1.conv2.weight: 1/128 channels masked
Layer layer3.0.downsample.0.weight: 5/256 channels masked
Layer layer4.0.conv1.weight: 17/512 channels masked
Layer layer4.0.conv2.weight: 99/512 channels masked
Layer layer4.0.downsample.0.weight: 137/512 channels masked
Layer layer4.1.conv1.weight: 96/512 channels masked
Layer layer4.1.conv2.weight: 125/512 channels masked
------------------------- time cost ------------------------- 8.841888189315796
ASR: 0.3004401801942532
attack_auc: 0.8165371704731952
Layer conv1.weight: 16/64 channels masked
Layer layer1.1.conv1.weight: 1/64 channels masked
Layer layer2.0.conv2.weight: 3/128 channels masked
Layer layer2.0.downsample.0.weight: 4/128 channels masked
Layer layer2.1.conv2.weight: 1/128 channels masked
Layer layer3.0.downsample.0.weight: 5/256 channels masked
Layer layer4.0.conv1.weight: 17/512 channels masked
Layer layer4.0.conv2.weight: 99/512 channels masked
Layer layer4.0.downsample.0.weight: 137/512 channels masked
Layer layer4.1.conv1.weight: 96/512 channels masked
Layer layer4.1.conv2.weight: 125/512 channels masked
------------------------- time cost ------------------------- 9.143019437789917
ASR: 0.282378715254465
attack_auc: 0.8087697750307515
Layer conv1.weight: 16/64 channels masked
Layer layer1.1.conv1.weight: 1/64 channels masked
Layer layer2.0.conv2.weight: 3/128 channels masked
Layer layer2.0.downsample.0.weight: 4/128 channels masked
Layer layer2.1.conv2.weight: 1/128 channels masked
Layer layer3.0.downsample.0.weight: 5/256 channels masked
Layer layer4.0.conv1.weight: 17/512 channels masked
Layer layer4.0.conv2.weight: 99/512 channels masked
Layer layer4.0.downsample.0.weight: 137/512 channels masked
Layer layer4.1.conv1.weight: 96/512 channels masked
Layer layer4.1.conv2.weight: 126/512 channels masked
------------------------- time cost ------------------------- 8.369370460510254
ASR: 0.2737979033299028
attack_auc: 0.8046082740804198
Layer conv1.weight: 16/64 channels masked
Layer layer1.1.conv1.weight: 1/64 channels masked
Layer layer2.0.conv2.weight: 3/128 channels masked
Layer layer2.0.downsample.0.weight: 4/128 channels masked
Layer layer2.1.conv2.weight: 1/128 channels masked
Layer layer3.0.downsample.0.weight: 5/256 channels masked
Layer layer4.0.conv1.weight: 17/512 channels masked
Layer layer4.0.conv2.weight: 99/512 channels masked
Layer layer4.0.downsample.0.weight: 137/512 channels masked
Layer layer4.1.conv1.weight: 96/512 channels masked
Layer layer4.1.conv2.weight: 126/512 channels masked
------------------------- time cost ------------------------- 7.165159463882446

-------------Round number: 550-------------

Evaluate personalized models
Averaged Train Loss: 0.2427
Averaged Test Accurancy: 0.7138
Averaged Test AUC: 0.9483
Std Test Accurancy: 0.1115
Std Test AUC: 0.0298
ASR: 0.2682736509577807
attack_auc: 0.7897340416881112
Layer conv1.weight: 16/64 channels masked
Layer layer1.1.conv1.weight: 1/64 channels masked
Layer layer2.0.conv2.weight: 3/128 channels masked
Layer layer2.0.downsample.0.weight: 4/128 channels masked
Layer layer2.1.conv2.weight: 1/128 channels masked
Layer layer3.0.downsample.0.weight: 5/256 channels masked
Layer layer4.0.conv1.weight: 17/512 channels masked
Layer layer4.0.conv2.weight: 95/512 channels masked
Layer layer4.0.downsample.0.weight: 137/512 channels masked
Layer layer4.1.conv1.weight: 96/512 channels masked
Layer layer4.1.conv2.weight: 126/512 channels masked
------------------------- time cost ------------------------- 16.769540548324585
ASR: 0.26218886686752296
attack_auc: 0.7883070350859136
Layer conv1.weight: 16/64 channels masked
Layer layer2.0.conv2.weight: 1/128 channels masked
Layer layer2.0.downsample.0.weight: 4/128 channels masked
Layer layer2.1.conv2.weight: 1/128 channels masked
Layer layer3.0.downsample.0.weight: 5/256 channels masked
Layer layer4.0.conv1.weight: 16/512 channels masked
Layer layer4.0.conv2.weight: 73/512 channels masked
Layer layer4.0.downsample.0.weight: 137/512 channels masked
Layer layer4.1.conv1.weight: 95/512 channels masked
Layer layer4.1.conv2.weight: 123/512 channels masked
------------------------- time cost ------------------------- 8.126693725585938
ASR: 0.27056341135096834
attack_auc: 0.7943678762440393
Layer conv1.weight: 16/64 channels masked
Layer layer1.1.conv1.weight: 1/64 channels masked
Layer layer2.0.conv2.weight: 3/128 channels masked
Layer layer2.0.downsample.0.weight: 4/128 channels masked
Layer layer2.1.conv2.weight: 1/128 channels masked
Layer layer3.0.downsample.0.weight: 5/256 channels masked
Layer layer4.0.conv1.weight: 16/512 channels masked
Layer layer4.0.conv2.weight: 90/512 channels masked
Layer layer4.0.downsample.0.weight: 137/512 channels masked
Layer layer4.1.conv1.weight: 95/512 channels masked
Layer layer4.1.conv2.weight: 125/512 channels masked
------------------------- time cost ------------------------- 8.587208032608032
ASR: 0.2660340162326086
attack_auc: 0.7860346276754319
Layer conv1.weight: 16/64 channels masked
Layer layer1.1.conv1.weight: 1/64 channels masked
Layer layer2.0.conv2.weight: 3/128 channels masked
Layer layer2.0.downsample.0.weight: 4/128 channels masked
Layer layer2.1.conv2.weight: 1/128 channels masked
Layer layer3.0.downsample.0.weight: 5/256 channels masked
Layer layer4.0.conv1.weight: 16/512 channels masked
Layer layer4.0.conv2.weight: 87/512 channels masked
Layer layer4.0.downsample.0.weight: 137/512 channels masked
Layer layer4.1.conv1.weight: 95/512 channels masked
Layer layer4.1.conv2.weight: 125/512 channels masked
------------------------- time cost ------------------------- 8.893094301223755
ASR: 0.2773630687767442
attack_auc: 0.788869535580877
Layer conv1.weight: 16/64 channels masked
Layer layer1.1.conv1.weight: 1/64 channels masked
Layer layer2.0.conv2.weight: 3/128 channels masked
Layer layer2.0.downsample.0.weight: 4/128 channels masked
Layer layer2.1.conv2.weight: 1/128 channels masked
Layer layer3.0.downsample.0.weight: 5/256 channels masked
Layer layer4.0.conv1.weight: 16/512 channels masked
Layer layer4.0.conv2.weight: 93/512 channels masked
Layer layer4.0.downsample.0.weight: 137/512 channels masked
Layer layer4.1.conv1.weight: 95/512 channels masked
Layer layer4.1.conv2.weight: 125/512 channels masked
------------------------- time cost ------------------------- 9.92502474784851
ASR: 0.2657620136549585
attack_auc: 0.7936102355759033
Layer conv1.weight: 16/64 channels masked
Layer layer1.1.conv1.weight: 1/64 channels masked
Layer layer2.0.conv2.weight: 3/128 channels masked
Layer layer2.0.downsample.0.weight: 4/128 channels masked
Layer layer2.1.conv2.weight: 1/128 channels masked
Layer layer3.0.downsample.0.weight: 5/256 channels masked
Layer layer4.0.conv1.weight: 16/512 channels masked
Layer layer4.0.conv2.weight: 91/512 channels masked
Layer layer4.0.downsample.0.weight: 137/512 channels masked
Layer layer4.1.conv1.weight: 95/512 channels masked
Layer layer4.1.conv2.weight: 125/512 channels masked
------------------------- time cost ------------------------- 8.481392860412598
ASR: 0.28361120163139575
attack_auc: 0.8034242506360897
Layer conv1.weight: 16/64 channels masked
Layer layer1.1.conv1.weight: 1/64 channels masked
Layer layer2.0.conv2.weight: 3/128 channels masked
Layer layer2.0.downsample.0.weight: 4/128 channels masked
Layer layer2.1.conv2.weight: 1/128 channels masked
Layer layer3.0.downsample.0.weight: 5/256 channels masked
Layer layer4.0.conv1.weight: 16/512 channels masked
Layer layer4.0.conv2.weight: 92/512 channels masked
Layer layer4.0.downsample.0.weight: 137/512 channels masked
Layer layer4.1.conv1.weight: 95/512 channels masked
Layer layer4.1.conv2.weight: 125/512 channels masked
------------------------- time cost ------------------------- 8.115334033966064
ASR: 0.28473723073868074
attack_auc: 0.8080409933597129
Layer conv1.weight: 16/64 channels masked
Layer layer1.1.conv1.weight: 1/64 channels masked
Layer layer2.0.conv2.weight: 3/128 channels masked
Layer layer2.0.downsample.0.weight: 4/128 channels masked
Layer layer2.1.conv2.weight: 1/128 channels masked
Layer layer3.0.downsample.0.weight: 5/256 channels masked
Layer layer4.0.conv1.weight: 16/512 channels masked
Layer layer4.0.conv2.weight: 92/512 channels masked
Layer layer4.0.downsample.0.weight: 137/512 channels masked
Layer layer4.1.conv1.weight: 95/512 channels masked
Layer layer4.1.conv2.weight: 125/512 channels masked
------------------------- time cost ------------------------- 8.202136039733887
ASR: 0.29199070828918683
attack_auc: 0.8038240279932162
Layer conv1.weight: 16/64 channels masked
Layer layer1.1.conv1.weight: 1/64 channels masked
Layer layer2.0.conv2.weight: 3/128 channels masked
Layer layer2.0.downsample.0.weight: 4/128 channels masked
Layer layer2.1.conv2.weight: 1/128 channels masked
Layer layer3.0.downsample.0.weight: 5/256 channels masked
Layer layer4.0.conv1.weight: 16/512 channels masked
Layer layer4.0.conv2.weight: 93/512 channels masked
Layer layer4.0.downsample.0.weight: 137/512 channels masked
Layer layer4.1.conv1.weight: 96/512 channels masked
Layer layer4.1.conv2.weight: 127/512 channels masked
------------------------- time cost ------------------------- 8.368170261383057
ASR: 0.30211504753034313
attack_auc: 0.8086662171306835
Layer conv1.weight: 16/64 channels masked
Layer layer1.1.conv1.weight: 1/64 channels masked
Layer layer2.0.conv2.weight: 3/128 channels masked
Layer layer2.0.downsample.0.weight: 4/128 channels masked
Layer layer2.1.conv2.weight: 1/128 channels masked
Layer layer3.0.downsample.0.weight: 5/256 channels masked
Layer layer4.0.conv1.weight: 16/512 channels masked
Layer layer4.0.conv2.weight: 93/512 channels masked
Layer layer4.0.downsample.0.weight: 137/512 channels masked
Layer layer4.1.conv1.weight: 96/512 channels masked
Layer layer4.1.conv2.weight: 127/512 channels masked
------------------------- time cost ------------------------- 9.15648889541626

-------------Round number: 560-------------

Evaluate personalized models
Averaged Train Loss: 0.1555
Averaged Test Accurancy: 0.7379
Averaged Test AUC: 0.9539
Std Test Accurancy: 0.0910
Std Test AUC: 0.0223
ASR: 0.29060926431502554
attack_auc: 0.802621257240556
Layer conv1.weight: 16/64 channels masked
Layer layer1.1.conv1.weight: 1/64 channels masked
Layer layer2.0.conv2.weight: 3/128 channels masked
Layer layer2.0.downsample.0.weight: 4/128 channels masked
Layer layer2.1.conv2.weight: 1/128 channels masked
Layer layer3.0.downsample.0.weight: 5/256 channels masked
Layer layer4.0.conv1.weight: 16/512 channels masked
Layer layer4.0.conv2.weight: 86/512 channels masked
Layer layer4.0.downsample.0.weight: 137/512 channels masked
Layer layer4.1.conv1.weight: 96/512 channels masked
Layer layer4.1.conv2.weight: 128/512 channels masked
------------------------- time cost ------------------------- 16.57873773574829
ASR: 0.35118936332277145
attack_auc: 0.8294959851866456
Layer conv1.weight: 16/64 channels masked
Layer layer1.1.conv1.weight: 1/64 channels masked
Layer layer2.0.conv2.weight: 3/128 channels masked
Layer layer2.0.downsample.0.weight: 4/128 channels masked
Layer layer2.1.conv2.weight: 1/128 channels masked
Layer layer3.0.downsample.0.weight: 5/256 channels masked
Layer layer4.0.conv1.weight: 16/512 channels masked
Layer layer4.0.conv2.weight: 93/512 channels masked
Layer layer4.0.downsample.0.weight: 137/512 channels masked
Layer layer4.1.conv1.weight: 96/512 channels masked
Layer layer4.1.conv2.weight: 128/512 channels masked
------------------------- time cost ------------------------- 7.480454921722412
ASR: 0.3579883891454036
attack_auc: 0.8371499388584711
Layer conv1.weight: 16/64 channels masked
Layer layer1.1.conv1.weight: 1/64 channels masked
Layer layer2.0.conv2.weight: 3/128 channels masked
Layer layer2.0.downsample.0.weight: 4/128 channels masked
Layer layer2.1.conv2.weight: 1/128 channels masked
Layer layer3.0.downsample.0.weight: 5/256 channels masked
Layer layer4.0.conv1.weight: 16/512 channels masked
Layer layer4.0.conv2.weight: 92/512 channels masked
Layer layer4.0.downsample.0.weight: 137/512 channels masked
Layer layer4.1.conv1.weight: 96/512 channels masked
Layer layer4.1.conv2.weight: 128/512 channels masked
------------------------- time cost ------------------------- 7.692593812942505
ASR: 0.36134589426087466
attack_auc: 0.8333039754155103
Layer conv1.weight: 16/64 channels masked
Layer layer1.1.conv1.weight: 1/64 channels masked
Layer layer2.0.conv2.weight: 3/128 channels masked
Layer layer2.0.downsample.0.weight: 4/128 channels masked
Layer layer2.1.conv2.weight: 1/128 channels masked
Layer layer3.0.downsample.0.weight: 5/256 channels masked
Layer layer4.0.conv1.weight: 16/512 channels masked
Layer layer4.0.conv2.weight: 93/512 channels masked
Layer layer4.0.downsample.0.weight: 137/512 channels masked
Layer layer4.1.conv1.weight: 96/512 channels masked
Layer layer4.1.conv2.weight: 128/512 channels masked
------------------------- time cost ------------------------- 7.999456405639648
ASR: 0.3393775961837907
attack_auc: 0.8266777557830264
Layer conv1.weight: 16/64 channels masked
Layer layer1.1.conv1.weight: 1/64 channels masked
Layer layer2.0.conv2.weight: 3/128 channels masked
Layer layer2.0.downsample.0.weight: 4/128 channels masked
Layer layer2.1.conv2.weight: 1/128 channels masked
Layer layer3.0.downsample.0.weight: 5/256 channels masked
Layer layer4.0.conv1.weight: 16/512 channels masked
Layer layer4.0.conv2.weight: 93/512 channels masked
Layer layer4.0.downsample.0.weight: 137/512 channels masked
Layer layer4.1.conv1.weight: 96/512 channels masked
Layer layer4.1.conv2.weight: 128/512 channels masked
------------------------- time cost ------------------------- 8.832404851913452
ASR: 0.32684537907329936
attack_auc: 0.8221938400701075
Layer conv1.weight: 16/64 channels masked
Layer layer1.1.conv1.weight: 1/64 channels masked
Layer layer2.0.conv2.weight: 3/128 channels masked
Layer layer2.0.downsample.0.weight: 4/128 channels masked
Layer layer2.1.conv2.weight: 1/128 channels masked
Layer layer3.0.downsample.0.weight: 5/256 channels masked
Layer layer4.0.conv1.weight: 16/512 channels masked
Layer layer4.0.conv2.weight: 93/512 channels masked
Layer layer4.0.downsample.0.weight: 137/512 channels masked
Layer layer4.1.conv1.weight: 96/512 channels masked
Layer layer4.1.conv2.weight: 128/512 channels masked
------------------------- time cost ------------------------- 7.52696967124939
ASR: 0.30758529369603443
attack_auc: 0.8166213341738642
Layer conv1.weight: 16/64 channels masked
Layer layer1.1.conv1.weight: 1/64 channels masked
Layer layer2.0.conv2.weight: 3/128 channels masked
Layer layer2.0.downsample.0.weight: 4/128 channels masked
Layer layer2.1.conv2.weight: 1/128 channels masked
Layer layer3.0.downsample.0.weight: 5/256 channels masked
Layer layer4.0.conv1.weight: 16/512 channels masked
Layer layer4.0.conv2.weight: 93/512 channels masked
Layer layer4.0.downsample.0.weight: 137/512 channels masked
Layer layer4.1.conv1.weight: 96/512 channels masked
Layer layer4.1.conv2.weight: 128/512 channels masked
------------------------- time cost ------------------------- 9.445496797561646
ASR: 0.3158953140895283
attack_auc: 0.8197642143993479
Layer conv1.weight: 15/64 channels masked
Layer layer1.1.conv1.weight: 1/64 channels masked
Layer layer2.0.conv2.weight: 3/128 channels masked
Layer layer2.0.downsample.0.weight: 4/128 channels masked
Layer layer2.1.conv2.weight: 1/128 channels masked
Layer layer3.0.downsample.0.weight: 5/256 channels masked
Layer layer4.0.conv1.weight: 16/512 channels masked
Layer layer4.0.conv2.weight: 89/512 channels masked
Layer layer4.0.downsample.0.weight: 137/512 channels masked
Layer layer4.1.conv1.weight: 96/512 channels masked
Layer layer4.1.conv2.weight: 128/512 channels masked
------------------------- time cost ------------------------- 8.286516666412354
ASR: 0.3239629730631178
attack_auc: 0.8253290645877224
Layer conv1.weight: 15/64 channels masked
Layer layer1.1.conv1.weight: 1/64 channels masked
Layer layer2.0.conv2.weight: 3/128 channels masked
Layer layer2.0.downsample.0.weight: 4/128 channels masked
Layer layer2.1.conv2.weight: 1/128 channels masked
Layer layer3.0.downsample.0.weight: 5/256 channels masked
Layer layer4.0.conv1.weight: 16/512 channels masked
Layer layer4.0.conv2.weight: 91/512 channels masked
Layer layer4.0.downsample.0.weight: 137/512 channels masked
Layer layer4.1.conv1.weight: 96/512 channels masked
Layer layer4.1.conv2.weight: 128/512 channels masked
------------------------- time cost ------------------------- 9.132574081420898
ASR: 0.3107088388868845
attack_auc: 0.8200950676229569
Layer conv1.weight: 15/64 channels masked
Layer layer1.1.conv1.weight: 1/64 channels masked
Layer layer2.0.conv2.weight: 3/128 channels masked
Layer layer2.0.downsample.0.weight: 4/128 channels masked
Layer layer2.1.conv2.weight: 1/128 channels masked
Layer layer3.0.downsample.0.weight: 5/256 channels masked
Layer layer4.0.conv1.weight: 16/512 channels masked
Layer layer4.0.conv2.weight: 92/512 channels masked
Layer layer4.0.downsample.0.weight: 137/512 channels masked
Layer layer4.1.conv1.weight: 96/512 channels masked
Layer layer4.1.conv2.weight: 128/512 channels masked
------------------------- time cost ------------------------- 8.689265251159668

-------------Round number: 570-------------

Evaluate personalized models
Averaged Train Loss: 0.1143
Averaged Test Accurancy: 0.7431
Averaged Test AUC: 0.9558
Std Test Accurancy: 0.0900
Std Test AUC: 0.0212
ASR: 0.3678631213686192
attack_auc: 0.8420607233759355
Layer conv1.weight: 15/64 channels masked
Layer layer1.1.conv1.weight: 1/64 channels masked
Layer layer2.0.conv2.weight: 3/128 channels masked
Layer layer2.0.downsample.0.weight: 4/128 channels masked
Layer layer2.1.conv2.weight: 1/128 channels masked
Layer layer3.0.downsample.0.weight: 5/256 channels masked
Layer layer4.0.conv1.weight: 18/512 channels masked
Layer layer4.0.conv2.weight: 92/512 channels masked
Layer layer4.0.downsample.0.weight: 138/512 channels masked
Layer layer4.1.conv1.weight: 98/512 channels masked
Layer layer4.1.conv2.weight: 129/512 channels masked
------------------------- time cost ------------------------- 15.7350172996521
ASR: 0.31143179606423443
attack_auc: 0.8182879610548975
Layer conv1.weight: 15/64 channels masked
Layer layer1.1.conv1.weight: 1/64 channels masked
Layer layer2.0.conv2.weight: 3/128 channels masked
Layer layer2.0.downsample.0.weight: 4/128 channels masked
Layer layer2.1.conv2.weight: 1/128 channels masked
Layer layer3.0.downsample.0.weight: 5/256 channels masked
Layer layer4.0.conv1.weight: 20/512 channels masked
Layer layer4.0.conv2.weight: 92/512 channels masked
Layer layer4.0.downsample.0.weight: 138/512 channels masked
Layer layer4.1.conv1.weight: 99/512 channels masked
Layer layer4.1.conv2.weight: 129/512 channels masked
------------------------- time cost ------------------------- 7.0889434814453125
ASR: 0.30069773924619403
attack_auc: 0.8153513766550161
Layer conv1.weight: 15/64 channels masked
Layer layer1.1.conv1.weight: 1/64 channels masked
Layer layer2.0.conv2.weight: 3/128 channels masked
Layer layer2.0.downsample.0.weight: 4/128 channels masked
Layer layer2.1.conv2.weight: 1/128 channels masked
Layer layer3.0.downsample.0.weight: 5/256 channels masked
Layer layer4.0.conv1.weight: 20/512 channels masked
Layer layer4.0.conv2.weight: 92/512 channels masked
Layer layer4.0.downsample.0.weight: 138/512 channels masked
Layer layer4.1.conv1.weight: 99/512 channels masked
Layer layer4.1.conv2.weight: 129/512 channels masked
------------------------- time cost ------------------------- 8.562439441680908
ASR: 0.31121773133332425
attack_auc: 0.820458764365156
Layer conv1.weight: 15/64 channels masked
Layer layer1.1.conv1.weight: 1/64 channels masked
Layer layer2.0.conv2.weight: 3/128 channels masked
Layer layer2.0.downsample.0.weight: 4/128 channels masked
Layer layer2.1.conv2.weight: 1/128 channels masked
Layer layer3.0.downsample.0.weight: 5/256 channels masked
Layer layer4.0.conv1.weight: 20/512 channels masked
Layer layer4.0.conv2.weight: 92/512 channels masked
Layer layer4.0.downsample.0.weight: 138/512 channels masked
Layer layer4.1.conv1.weight: 99/512 channels masked
Layer layer4.1.conv2.weight: 129/512 channels masked
------------------------- time cost ------------------------- 9.128161191940308
ASR: 0.310965403977507
attack_auc: 0.8234887336418633
Layer conv1.weight: 15/64 channels masked
Layer layer1.1.conv1.weight: 1/64 channels masked
Layer layer2.0.conv2.weight: 3/128 channels masked
Layer layer2.0.downsample.0.weight: 4/128 channels masked
Layer layer2.1.conv2.weight: 1/128 channels masked
Layer layer3.0.downsample.0.weight: 5/256 channels masked
Layer layer4.0.conv1.weight: 20/512 channels masked
Layer layer4.0.conv2.weight: 92/512 channels masked
Layer layer4.0.downsample.0.weight: 138/512 channels masked
Layer layer4.1.conv1.weight: 99/512 channels masked
Layer layer4.1.conv2.weight: 129/512 channels masked
------------------------- time cost ------------------------- 9.43222188949585
ASR: 0.3514343994770421
attack_auc: 0.8332112385201204
Layer conv1.weight: 15/64 channels masked
Layer layer1.1.conv1.weight: 1/64 channels masked
Layer layer2.0.conv2.weight: 3/128 channels masked
Layer layer2.0.downsample.0.weight: 4/128 channels masked
Layer layer2.1.conv2.weight: 1/128 channels masked
Layer layer3.0.downsample.0.weight: 5/256 channels masked
Layer layer4.0.conv1.weight: 20/512 channels masked
Layer layer4.0.conv2.weight: 92/512 channels masked
Layer layer4.0.downsample.0.weight: 138/512 channels masked
Layer layer4.1.conv1.weight: 99/512 channels masked
Layer layer4.1.conv2.weight: 129/512 channels masked
------------------------- time cost ------------------------- 9.42063593864441
ASR: 0.3179898847395794
attack_auc: 0.8239911442819547
Layer conv1.weight: 15/64 channels masked
Layer layer1.1.conv1.weight: 1/64 channels masked
Layer layer2.0.conv2.weight: 3/128 channels masked
Layer layer2.0.downsample.0.weight: 4/128 channels masked
Layer layer2.1.conv2.weight: 1/128 channels masked
Layer layer3.0.downsample.0.weight: 5/256 channels masked
Layer layer4.0.conv1.weight: 20/512 channels masked
Layer layer4.0.conv2.weight: 83/512 channels masked
Layer layer4.0.downsample.0.weight: 138/512 channels masked
Layer layer4.1.conv1.weight: 99/512 channels masked
Layer layer4.1.conv2.weight: 129/512 channels masked
------------------------- time cost ------------------------- 8.873436212539673
ASR: 0.3046768141437685
attack_auc: 0.8072653662294813
Layer conv1.weight: 15/64 channels masked
Layer layer1.1.conv1.weight: 1/64 channels masked
Layer layer2.0.conv2.weight: 3/128 channels masked
Layer layer2.0.downsample.0.weight: 4/128 channels masked
Layer layer2.1.conv2.weight: 1/128 channels masked
Layer layer3.0.downsample.0.weight: 5/256 channels masked
Layer layer4.0.conv1.weight: 20/512 channels masked
Layer layer4.0.conv2.weight: 90/512 channels masked
Layer layer4.0.downsample.0.weight: 138/512 channels masked
Layer layer4.1.conv1.weight: 99/512 channels masked
Layer layer4.1.conv2.weight: 129/512 channels masked
------------------------- time cost ------------------------- 8.297110795974731
ASR: 0.3157625542445773
attack_auc: 0.8111561948968513
Layer conv1.weight: 15/64 channels masked
Layer layer1.1.conv1.weight: 1/64 channels masked
Layer layer2.0.conv2.weight: 3/128 channels masked
Layer layer2.0.downsample.0.weight: 4/128 channels masked
Layer layer2.1.conv2.weight: 1/128 channels masked
Layer layer3.0.downsample.0.weight: 5/256 channels masked
Layer layer4.0.conv1.weight: 20/512 channels masked
Layer layer4.0.conv2.weight: 92/512 channels masked
Layer layer4.0.downsample.0.weight: 139/512 channels masked
Layer layer4.1.conv1.weight: 100/512 channels masked
Layer layer4.1.conv2.weight: 129/512 channels masked
------------------------- time cost ------------------------- 7.667579650878906
ASR: 0.34270610025712456
attack_auc: 0.8233174318142213
Layer conv1.weight: 15/64 channels masked
Layer layer1.1.conv1.weight: 1/64 channels masked
Layer layer2.0.conv2.weight: 3/128 channels masked
Layer layer2.0.downsample.0.weight: 4/128 channels masked
Layer layer2.1.conv2.weight: 1/128 channels masked
Layer layer3.0.downsample.0.weight: 5/256 channels masked
Layer layer4.0.conv1.weight: 20/512 channels masked
Layer layer4.0.conv2.weight: 92/512 channels masked
Layer layer4.0.downsample.0.weight: 139/512 channels masked
Layer layer4.1.conv1.weight: 100/512 channels masked
Layer layer4.1.conv2.weight: 129/512 channels masked
------------------------- time cost ------------------------- 7.622191905975342

-------------Round number: 580-------------

Evaluate personalized models
Averaged Train Loss: 0.1189
Averaged Test Accurancy: 0.7390
Averaged Test AUC: 0.9566
Std Test Accurancy: 0.0891
Std Test AUC: 0.0200
ASR: 0.3387113775612337
attack_auc: 0.8223483616052875
Layer conv1.weight: 15/64 channels masked
Layer layer1.1.conv1.weight: 1/64 channels masked
Layer layer2.0.conv2.weight: 3/128 channels masked
Layer layer2.0.downsample.0.weight: 4/128 channels masked
Layer layer2.1.conv2.weight: 1/128 channels masked
Layer layer3.0.downsample.0.weight: 5/256 channels masked
Layer layer4.0.conv1.weight: 20/512 channels masked
Layer layer4.0.conv2.weight: 92/512 channels masked
Layer layer4.0.downsample.0.weight: 139/512 channels masked
Layer layer4.1.conv1.weight: 100/512 channels masked
Layer layer4.1.conv2.weight: 129/512 channels masked
------------------------- time cost ------------------------- 17.011224508285522
ASR: 0.360680326448982
attack_auc: 0.8367517981630674
Layer conv1.weight: 14/64 channels masked
Layer layer1.1.conv1.weight: 1/64 channels masked
Layer layer2.0.conv2.weight: 3/128 channels masked
Layer layer2.0.downsample.0.weight: 4/128 channels masked
Layer layer2.1.conv2.weight: 1/128 channels masked
Layer layer3.0.downsample.0.weight: 5/256 channels masked
Layer layer4.0.conv1.weight: 20/512 channels masked
Layer layer4.0.conv2.weight: 90/512 channels masked
Layer layer4.0.downsample.0.weight: 139/512 channels masked
Layer layer4.1.conv1.weight: 101/512 channels masked
Layer layer4.1.conv2.weight: 128/512 channels masked
------------------------- time cost ------------------------- 8.663883686065674
ASR: 0.34296346437460223
attack_auc: 0.8284977121318636
Layer conv1.weight: 14/64 channels masked
Layer layer1.1.conv1.weight: 1/64 channels masked
Layer layer2.0.conv2.weight: 3/128 channels masked
Layer layer2.0.downsample.0.weight: 4/128 channels masked
Layer layer2.1.conv2.weight: 1/128 channels masked
Layer layer3.0.downsample.0.weight: 5/256 channels masked
Layer layer4.0.conv1.weight: 20/512 channels masked
Layer layer4.0.conv2.weight: 91/512 channels masked
Layer layer4.0.downsample.0.weight: 139/512 channels masked
Layer layer4.1.conv1.weight: 101/512 channels masked
Layer layer4.1.conv2.weight: 129/512 channels masked
------------------------- time cost ------------------------- 8.87145733833313
ASR: 0.3529931334920898
attack_auc: 0.8295282926718939
Layer conv1.weight: 14/64 channels masked
Layer layer1.1.conv1.weight: 1/64 channels masked
Layer layer2.0.conv2.weight: 3/128 channels masked
Layer layer2.0.downsample.0.weight: 4/128 channels masked
Layer layer2.1.conv2.weight: 1/128 channels masked
Layer layer3.0.downsample.0.weight: 5/256 channels masked
Layer layer4.0.conv1.weight: 21/512 channels masked
Layer layer4.0.conv2.weight: 93/512 channels masked
Layer layer4.0.downsample.0.weight: 139/512 channels masked
Layer layer4.1.conv1.weight: 101/512 channels masked
Layer layer4.1.conv2.weight: 129/512 channels masked
------------------------- time cost ------------------------- 8.473541975021362
ASR: 0.3462176293959776
attack_auc: 0.828454768222076
Layer conv1.weight: 14/64 channels masked
Layer layer1.1.conv1.weight: 1/64 channels masked
Layer layer2.0.conv2.weight: 3/128 channels masked
Layer layer2.0.downsample.0.weight: 4/128 channels masked
Layer layer2.1.conv2.weight: 1/128 channels masked
Layer layer3.0.downsample.0.weight: 5/256 channels masked
Layer layer4.0.conv1.weight: 21/512 channels masked
Layer layer4.0.conv2.weight: 93/512 channels masked
Layer layer4.0.downsample.0.weight: 139/512 channels masked
Layer layer4.1.conv1.weight: 102/512 channels masked
Layer layer4.1.conv2.weight: 129/512 channels masked
------------------------- time cost ------------------------- 7.7723729610443115
ASR: 0.3450341047118988
attack_auc: 0.8267105344229042
Layer conv1.weight: 14/64 channels masked
Layer layer1.1.conv1.weight: 1/64 channels masked
Layer layer2.0.conv2.weight: 3/128 channels masked
Layer layer2.0.downsample.0.weight: 4/128 channels masked
Layer layer2.1.conv2.weight: 1/128 channels masked
Layer layer3.0.downsample.0.weight: 5/256 channels masked
Layer layer4.0.conv1.weight: 21/512 channels masked
Layer layer4.0.conv2.weight: 95/512 channels masked
Layer layer4.0.downsample.0.weight: 139/512 channels masked
Layer layer4.1.conv1.weight: 102/512 channels masked
Layer layer4.1.conv2.weight: 129/512 channels masked
------------------------- time cost ------------------------- 8.764385461807251
ASR: 0.36486334865659464
attack_auc: 0.8325739685666038
Layer conv1.weight: 14/64 channels masked
Layer layer1.1.conv1.weight: 1/64 channels masked
Layer layer2.0.conv2.weight: 3/128 channels masked
Layer layer2.0.downsample.0.weight: 4/128 channels masked
Layer layer2.1.conv2.weight: 1/128 channels masked
Layer layer3.0.downsample.0.weight: 5/256 channels masked
Layer layer4.0.conv1.weight: 21/512 channels masked
Layer layer4.0.conv2.weight: 95/512 channels masked
Layer layer4.0.downsample.0.weight: 139/512 channels masked
Layer layer4.1.conv1.weight: 102/512 channels masked
Layer layer4.1.conv2.weight: 129/512 channels masked
------------------------- time cost ------------------------- 7.4461424350738525
ASR: 0.360206166610241
attack_auc: 0.8299129209439564
Layer conv1.weight: 15/64 channels masked
Layer layer1.1.conv1.weight: 1/64 channels masked
Layer layer2.0.conv2.weight: 3/128 channels masked
Layer layer2.0.downsample.0.weight: 4/128 channels masked
Layer layer2.1.conv2.weight: 1/128 channels masked
Layer layer3.0.downsample.0.weight: 5/256 channels masked
Layer layer4.0.conv1.weight: 22/512 channels masked
Layer layer4.0.conv2.weight: 95/512 channels masked
Layer layer4.0.downsample.0.weight: 139/512 channels masked
Layer layer4.1.conv1.weight: 103/512 channels masked
Layer layer4.1.conv2.weight: 129/512 channels masked
------------------------- time cost ------------------------- 7.513438940048218
ASR: 0.32054065868724746
attack_auc: 0.805005494758456
Layer conv1.weight: 15/64 channels masked
Layer layer1.1.conv1.weight: 1/64 channels masked
Layer layer2.0.conv2.weight: 3/128 channels masked
Layer layer2.0.downsample.0.weight: 4/128 channels masked
Layer layer2.1.conv2.weight: 1/128 channels masked
Layer layer3.0.downsample.0.weight: 5/256 channels masked
Layer layer4.0.conv1.weight: 22/512 channels masked
Layer layer4.0.conv2.weight: 94/512 channels masked
Layer layer4.0.downsample.0.weight: 139/512 channels masked
Layer layer4.1.conv1.weight: 103/512 channels masked
Layer layer4.1.conv2.weight: 129/512 channels masked
------------------------- time cost ------------------------- 8.310673236846924
ASR: 0.35482913600547833
attack_auc: 0.8218896134863635
Layer conv1.weight: 14/64 channels masked
Layer layer1.1.conv1.weight: 1/64 channels masked
Layer layer2.0.conv2.weight: 3/128 channels masked
Layer layer2.0.downsample.0.weight: 4/128 channels masked
Layer layer2.1.conv2.weight: 1/128 channels masked
Layer layer3.0.downsample.0.weight: 5/256 channels masked
Layer layer4.0.conv1.weight: 22/512 channels masked
Layer layer4.0.conv2.weight: 93/512 channels masked
Layer layer4.0.downsample.0.weight: 138/512 channels masked
Layer layer4.1.conv1.weight: 102/512 channels masked
Layer layer4.1.conv2.weight: 129/512 channels masked
------------------------- time cost ------------------------- 7.65589714050293

-------------Round number: 590-------------

Evaluate personalized models
Averaged Train Loss: 0.3050
Averaged Test Accurancy: 0.7226
Averaged Test AUC: 0.9521
Std Test Accurancy: 0.1046
Std Test AUC: 0.0270
ASR: 0.32677260632034577
attack_auc: 0.8130805392848922
Layer conv1.weight: 15/64 channels masked
Layer layer2.0.downsample.0.weight: 4/128 channels masked
Layer layer2.1.conv2.weight: 1/128 channels masked
Layer layer3.0.downsample.0.weight: 5/256 channels masked
Layer layer4.0.conv1.weight: 21/512 channels masked
Layer layer4.0.conv2.weight: 66/512 channels masked
Layer layer4.0.downsample.0.weight: 138/512 channels masked
Layer layer4.1.conv1.weight: 102/512 channels masked
Layer layer4.1.conv2.weight: 128/512 channels masked
------------------------- time cost ------------------------- 16.242052793502808
ASR: 0.3315209317876825
attack_auc: 0.8167634330505928
Layer conv1.weight: 14/64 channels masked
Layer layer1.1.conv1.weight: 1/64 channels masked
Layer layer2.0.conv2.weight: 3/128 channels masked
Layer layer2.0.downsample.0.weight: 4/128 channels masked
Layer layer2.1.conv2.weight: 1/128 channels masked
Layer layer3.0.downsample.0.weight: 5/256 channels masked
Layer layer4.0.conv1.weight: 20/512 channels masked
Layer layer4.0.conv2.weight: 81/512 channels masked
Layer layer4.0.downsample.0.weight: 138/512 channels masked
Layer layer4.1.conv1.weight: 99/512 channels masked
Layer layer4.1.conv2.weight: 128/512 channels masked
------------------------- time cost ------------------------- 7.686152935028076
ASR: 0.3501258542772362
attack_auc: 0.8198991672381526
Layer conv1.weight: 14/64 channels masked
Layer layer1.1.conv1.weight: 1/64 channels masked
Layer layer2.0.conv2.weight: 3/128 channels masked
Layer layer2.0.downsample.0.weight: 4/128 channels masked
Layer layer2.1.conv2.weight: 1/128 channels masked
Layer layer3.0.downsample.0.weight: 5/256 channels masked
Layer layer4.0.conv1.weight: 21/512 channels masked
Layer layer4.0.conv2.weight: 82/512 channels masked
Layer layer4.0.downsample.0.weight: 138/512 channels masked
Layer layer4.1.conv1.weight: 100/512 channels masked
Layer layer4.1.conv2.weight: 129/512 channels masked
------------------------- time cost ------------------------- 9.320854663848877
ASR: 0.3469911476840418
attack_auc: 0.8240159024496271
Layer conv1.weight: 15/64 channels masked
Layer layer1.1.conv1.weight: 1/64 channels masked
Layer layer2.0.conv2.weight: 3/128 channels masked
Layer layer2.0.downsample.0.weight: 4/128 channels masked
Layer layer2.1.conv2.weight: 1/128 channels masked
Layer layer3.0.downsample.0.weight: 5/256 channels masked
Layer layer4.0.conv1.weight: 22/512 channels masked
Layer layer4.0.conv2.weight: 83/512 channels masked
Layer layer4.0.downsample.0.weight: 138/512 channels masked
Layer layer4.1.conv1.weight: 101/512 channels masked
Layer layer4.1.conv2.weight: 129/512 channels masked
------------------------- time cost ------------------------- 6.674870252609253
ASR: 0.3520056449141133
attack_auc: 0.8307558620634017
Layer conv1.weight: 15/64 channels masked
Layer layer1.1.conv1.weight: 1/64 channels masked
Layer layer2.0.conv2.weight: 3/128 channels masked
Layer layer2.0.downsample.0.weight: 4/128 channels masked
Layer layer2.1.conv2.weight: 1/128 channels masked
Layer layer3.0.downsample.0.weight: 5/256 channels masked
Layer layer4.0.conv1.weight: 22/512 channels masked
Layer layer4.0.conv2.weight: 83/512 channels masked
Layer layer4.0.downsample.0.weight: 138/512 channels masked
Layer layer4.1.conv1.weight: 101/512 channels masked
Layer layer4.1.conv2.weight: 129/512 channels masked
------------------------- time cost ------------------------- 7.612400531768799
ASR: 0.3357555725786716
attack_auc: 0.8162097532075118
Layer conv1.weight: 15/64 channels masked
Layer layer1.1.conv1.weight: 1/64 channels masked
Layer layer2.0.conv2.weight: 3/128 channels masked
Layer layer2.0.downsample.0.weight: 4/128 channels masked
Layer layer2.1.conv2.weight: 1/128 channels masked
Layer layer3.0.downsample.0.weight: 5/256 channels masked
Layer layer4.0.conv1.weight: 22/512 channels masked
Layer layer4.0.conv2.weight: 83/512 channels masked
Layer layer4.0.downsample.0.weight: 138/512 channels masked
Layer layer4.1.conv1.weight: 101/512 channels masked
Layer layer4.1.conv2.weight: 130/512 channels masked
------------------------- time cost ------------------------- 8.4544997215271
ASR: 0.3620260013700053
attack_auc: 0.829237332742733
Layer conv1.weight: 15/64 channels masked
Layer layer1.1.conv1.weight: 1/64 channels masked
Layer layer2.0.conv2.weight: 3/128 channels masked
Layer layer2.0.downsample.0.weight: 4/128 channels masked
Layer layer2.1.conv2.weight: 1/128 channels masked
Layer layer3.0.downsample.0.weight: 5/256 channels masked
Layer layer4.0.conv1.weight: 23/512 channels masked
Layer layer4.0.conv2.weight: 83/512 channels masked
Layer layer4.0.downsample.0.weight: 138/512 channels masked
Layer layer4.1.conv1.weight: 101/512 channels masked
Layer layer4.1.conv2.weight: 130/512 channels masked
------------------------- time cost ------------------------- 8.10783052444458
ASR: 0.36544589954653023
attack_auc: 0.8334700941347938
Layer conv1.weight: 15/64 channels masked
Layer layer1.1.conv1.weight: 1/64 channels masked
Layer layer2.0.conv2.weight: 3/128 channels masked
Layer layer2.0.downsample.0.weight: 4/128 channels masked
Layer layer2.1.conv2.weight: 1/128 channels masked
Layer layer3.0.downsample.0.weight: 5/256 channels masked
Layer layer4.0.conv1.weight: 23/512 channels masked
Layer layer4.0.conv2.weight: 83/512 channels masked
Layer layer4.0.downsample.0.weight: 138/512 channels masked
Layer layer4.1.conv1.weight: 101/512 channels masked
Layer layer4.1.conv2.weight: 130/512 channels masked
------------------------- time cost ------------------------- 8.9375159740448
ASR: 0.335274821720228
attack_auc: 0.8250494664200145
Layer conv1.weight: 15/64 channels masked
Layer layer1.1.conv1.weight: 1/64 channels masked
Layer layer2.0.conv2.weight: 3/128 channels masked
Layer layer2.0.downsample.0.weight: 4/128 channels masked
Layer layer2.1.conv2.weight: 1/128 channels masked
Layer layer3.0.downsample.0.weight: 5/256 channels masked
Layer layer4.0.conv1.weight: 22/512 channels masked
Layer layer4.0.conv2.weight: 83/512 channels masked
Layer layer4.0.downsample.0.weight: 138/512 channels masked
Layer layer4.1.conv1.weight: 101/512 channels masked
Layer layer4.1.conv2.weight: 130/512 channels masked
------------------------- time cost ------------------------- 8.47217059135437
ASR: 0.3347015046021463
attack_auc: 0.8216998319250023
Layer conv1.weight: 13/64 channels masked
Layer layer1.1.conv1.weight: 1/64 channels masked
Layer layer2.0.conv2.weight: 3/128 channels masked
Layer layer2.0.downsample.0.weight: 4/128 channels masked
Layer layer2.1.conv2.weight: 1/128 channels masked
Layer layer3.0.downsample.0.weight: 5/256 channels masked
Layer layer4.0.conv1.weight: 23/512 channels masked
Layer layer4.0.conv2.weight: 77/512 channels masked
Layer layer4.0.downsample.0.weight: 138/512 channels masked
Layer layer4.1.conv1.weight: 100/512 channels masked
Layer layer4.1.conv2.weight: 130/512 channels masked
------------------------- time cost ------------------------- 8.762423753738403

-------------Round number: 600-------------

Evaluate personalized models
Averaged Train Loss: 0.2420
Averaged Test Accurancy: 0.7339
Averaged Test AUC: 0.9526
Std Test Accurancy: 0.1001
Std Test AUC: 0.0268
ASR: 0.34828453414357813
attack_auc: 0.8167836116160618
Layer conv1.weight: 13/64 channels masked
Layer layer1.1.conv1.weight: 1/64 channels masked
Layer layer2.0.conv2.weight: 3/128 channels masked
Layer layer2.0.downsample.0.weight: 4/128 channels masked
Layer layer2.1.conv2.weight: 1/128 channels masked
Layer layer3.0.downsample.0.weight: 5/256 channels masked
Layer layer4.0.conv1.weight: 23/512 channels masked
Layer layer4.0.conv2.weight: 75/512 channels masked
Layer layer4.0.downsample.0.weight: 138/512 channels masked
Layer layer4.1.conv1.weight: 100/512 channels masked
Layer layer4.1.conv2.weight: 130/512 channels masked
------------------------- time cost ------------------------- 17.83320641517639
ASR: 0.32167678659750915
attack_auc: 0.8105790779169273
Layer conv1.weight: 12/64 channels masked
Layer layer1.1.conv1.weight: 1/64 channels masked
Layer layer2.0.conv2.weight: 3/128 channels masked
Layer layer2.0.downsample.0.weight: 4/128 channels masked
Layer layer2.1.conv2.weight: 1/128 channels masked
Layer layer3.0.downsample.0.weight: 5/256 channels masked
Layer layer4.0.conv1.weight: 23/512 channels masked
Layer layer4.0.conv2.weight: 79/512 channels masked
Layer layer4.0.downsample.0.weight: 138/512 channels masked
Layer layer4.1.conv1.weight: 100/512 channels masked
Layer layer4.1.conv2.weight: 130/512 channels masked
------------------------- time cost ------------------------- 7.46635890007019
ASR: 0.3137112419771785
attack_auc: 0.8077302048460312
Layer conv1.weight: 12/64 channels masked
Layer layer1.1.conv1.weight: 1/64 channels masked
Layer layer2.0.conv2.weight: 3/128 channels masked
Layer layer2.0.downsample.0.weight: 4/128 channels masked
Layer layer2.1.conv2.weight: 1/128 channels masked
Layer layer3.0.downsample.0.weight: 5/256 channels masked
Layer layer4.0.conv1.weight: 24/512 channels masked
Layer layer4.0.conv2.weight: 78/512 channels masked
Layer layer4.0.downsample.0.weight: 138/512 channels masked
Layer layer4.1.conv1.weight: 100/512 channels masked
Layer layer4.1.conv2.weight: 130/512 channels masked
------------------------- time cost ------------------------- 7.869076490402222
ASR: 0.32958786372733695
attack_auc: 0.8163751395835266
Layer conv1.weight: 14/64 channels masked
Layer layer1.1.conv1.weight: 1/64 channels masked
Layer layer2.0.conv2.weight: 3/128 channels masked
Layer layer2.0.downsample.0.weight: 4/128 channels masked
Layer layer2.1.conv2.weight: 1/128 channels masked
Layer layer3.0.downsample.0.weight: 5/256 channels masked
Layer layer4.0.conv1.weight: 24/512 channels masked
Layer layer4.0.conv2.weight: 78/512 channels masked
Layer layer4.0.downsample.0.weight: 138/512 channels masked
Layer layer4.1.conv1.weight: 99/512 channels masked
Layer layer4.1.conv2.weight: 130/512 channels masked
------------------------- time cost ------------------------- 8.804781198501587
ASR: 0.2659971646546487
attack_auc: 0.785350057200501
Layer conv1.weight: 14/64 channels masked
Layer layer1.1.conv1.weight: 1/64 channels masked
Layer layer2.0.conv2.weight: 3/128 channels masked
Layer layer2.0.downsample.0.weight: 4/128 channels masked
Layer layer2.1.conv2.weight: 1/128 channels masked
Layer layer3.0.downsample.0.weight: 5/256 channels masked
Layer layer4.0.conv1.weight: 24/512 channels masked
Layer layer4.0.conv2.weight: 79/512 channels masked
Layer layer4.0.downsample.0.weight: 138/512 channels masked
Layer layer4.1.conv1.weight: 99/512 channels masked
Layer layer4.1.conv2.weight: 130/512 channels masked
------------------------- time cost ------------------------- 8.520025730133057
ASR: 0.28345101422294794
attack_auc: 0.7958325313669388
Layer conv1.weight: 12/64 channels masked
Layer layer2.0.downsample.0.weight: 4/128 channels masked
Layer layer2.1.conv2.weight: 1/128 channels masked
Layer layer3.0.downsample.0.weight: 5/256 channels masked
Layer layer4.0.conv1.weight: 23/512 channels masked
Layer layer4.0.conv2.weight: 63/512 channels masked
Layer layer4.0.downsample.0.weight: 138/512 channels masked
Layer layer4.1.conv1.weight: 98/512 channels masked
Layer layer4.1.conv2.weight: 130/512 channels masked
------------------------- time cost ------------------------- 9.127732276916504
ASR: 0.31672789989601036
attack_auc: 0.8038287221443955
Layer conv1.weight: 13/64 channels masked
Layer layer1.1.conv1.weight: 1/64 channels masked
Layer layer2.0.conv2.weight: 3/128 channels masked
Layer layer2.0.downsample.0.weight: 4/128 channels masked
Layer layer2.1.conv2.weight: 1/128 channels masked
Layer layer3.0.downsample.0.weight: 5/256 channels masked
Layer layer4.0.conv1.weight: 23/512 channels masked
Layer layer4.0.conv2.weight: 78/512 channels masked
Layer layer4.0.downsample.0.weight: 137/512 channels masked
Layer layer4.1.conv1.weight: 98/512 channels masked
Layer layer4.1.conv2.weight: 130/512 channels masked
------------------------- time cost ------------------------- 7.625905275344849
ASR: 0.32618233319204204
attack_auc: 0.812551596056937
Layer conv1.weight: 13/64 channels masked
Layer layer1.1.conv1.weight: 1/64 channels masked
Layer layer2.0.conv2.weight: 3/128 channels masked
Layer layer2.0.downsample.0.weight: 4/128 channels masked
Layer layer2.1.conv2.weight: 1/128 channels masked
Layer layer3.0.downsample.0.weight: 5/256 channels masked
Layer layer4.0.conv1.weight: 23/512 channels masked
Layer layer4.0.conv2.weight: 78/512 channels masked
Layer layer4.0.downsample.0.weight: 137/512 channels masked
Layer layer4.1.conv1.weight: 98/512 channels masked
Layer layer4.1.conv2.weight: 130/512 channels masked
------------------------- time cost ------------------------- 8.603656768798828
ASR: 0.3335612462143445
attack_auc: 0.814761153596286
Layer conv1.weight: 13/64 channels masked
Layer layer1.1.conv1.weight: 1/64 channels masked
Layer layer2.0.conv2.weight: 3/128 channels masked
Layer layer2.0.downsample.0.weight: 4/128 channels masked
Layer layer2.1.conv2.weight: 1/128 channels masked
Layer layer3.0.downsample.0.weight: 5/256 channels masked
Layer layer4.0.conv1.weight: 23/512 channels masked
Layer layer4.0.conv2.weight: 78/512 channels masked
Layer layer4.0.downsample.0.weight: 137/512 channels masked
Layer layer4.1.conv1.weight: 98/512 channels masked
Layer layer4.1.conv2.weight: 130/512 channels masked
------------------------- time cost ------------------------- 8.96933913230896
ASR: 0.3245632175576247
attack_auc: 0.813515869016073
Layer conv1.weight: 14/64 channels masked
Layer layer1.1.conv1.weight: 1/64 channels masked
Layer layer2.0.conv2.weight: 3/128 channels masked
Layer layer2.0.downsample.0.weight: 4/128 channels masked
Layer layer2.1.conv2.weight: 1/128 channels masked
Layer layer3.0.downsample.0.weight: 5/256 channels masked
Layer layer4.0.conv1.weight: 23/512 channels masked
Layer layer4.0.conv2.weight: 78/512 channels masked
Layer layer4.0.downsample.0.weight: 137/512 channels masked
Layer layer4.1.conv1.weight: 98/512 channels masked
Layer layer4.1.conv2.weight: 130/512 channels masked
------------------------- time cost ------------------------- 7.863992691040039

-------------Round number: 610-------------

Evaluate personalized models
Averaged Train Loss: 0.3401
Averaged Test Accurancy: 0.7076
Averaged Test AUC: 0.9449
Std Test Accurancy: 0.1097
Std Test AUC: 0.0335
ASR: 0.32558094162923196
attack_auc: 0.8087498935250417
Layer conv1.weight: 11/64 channels masked
Layer layer1.1.conv1.weight: 1/64 channels masked
Layer layer2.0.conv2.weight: 3/128 channels masked
Layer layer2.0.downsample.0.weight: 4/128 channels masked
Layer layer2.1.conv2.weight: 1/128 channels masked
Layer layer3.0.downsample.0.weight: 5/256 channels masked
Layer layer4.0.conv1.weight: 24/512 channels masked
Layer layer4.0.conv2.weight: 79/512 channels masked
Layer layer4.0.downsample.0.weight: 137/512 channels masked
Layer layer4.1.conv1.weight: 101/512 channels masked
Layer layer4.1.conv2.weight: 132/512 channels masked
------------------------- time cost ------------------------- 16.568323612213135
ASR: 0.342129950555921
attack_auc: 0.8167857484207856
Layer conv1.weight: 13/64 channels masked
Layer layer1.1.conv1.weight: 1/64 channels masked
Layer layer2.0.conv2.weight: 3/128 channels masked
Layer layer2.0.downsample.0.weight: 4/128 channels masked
Layer layer2.1.conv2.weight: 1/128 channels masked
Layer layer3.0.downsample.0.weight: 5/256 channels masked
Layer layer4.0.conv1.weight: 24/512 channels masked
Layer layer4.0.conv2.weight: 79/512 channels masked
Layer layer4.0.downsample.0.weight: 137/512 channels masked
Layer layer4.1.conv1.weight: 101/512 channels masked
Layer layer4.1.conv2.weight: 132/512 channels masked
------------------------- time cost ------------------------- 8.726217985153198
ASR: 0.3110113616474679
attack_auc: 0.8113070639348829
Layer conv1.weight: 13/64 channels masked
Layer layer1.1.conv1.weight: 1/64 channels masked
Layer layer2.0.conv2.weight: 3/128 channels masked
Layer layer2.0.downsample.0.weight: 4/128 channels masked
Layer layer2.1.conv2.weight: 1/128 channels masked
Layer layer3.0.downsample.0.weight: 5/256 channels masked
Layer layer4.0.conv1.weight: 24/512 channels masked
Layer layer4.0.conv2.weight: 73/512 channels masked
Layer layer4.0.downsample.0.weight: 137/512 channels masked
Layer layer4.1.conv1.weight: 100/512 channels masked
Layer layer4.1.conv2.weight: 132/512 channels masked
------------------------- time cost ------------------------- 8.546733617782593
ASR: 0.3460432186769399
attack_auc: 0.818493704860188
Layer conv1.weight: 13/64 channels masked
Layer layer1.1.conv1.weight: 1/64 channels masked
Layer layer2.0.conv2.weight: 3/128 channels masked
Layer layer2.0.downsample.0.weight: 4/128 channels masked
Layer layer2.1.conv2.weight: 1/128 channels masked
Layer layer3.0.downsample.0.weight: 5/256 channels masked
Layer layer4.0.conv1.weight: 24/512 channels masked
Layer layer4.0.conv2.weight: 75/512 channels masked
Layer layer4.0.downsample.0.weight: 137/512 channels masked
Layer layer4.1.conv1.weight: 100/512 channels masked
Layer layer4.1.conv2.weight: 132/512 channels masked
------------------------- time cost ------------------------- 8.123093605041504
ASR: 0.3277781208946769
attack_auc: 0.8099925902276831
Layer conv1.weight: 14/64 channels masked
Layer layer1.0.conv1.weight: 1/64 channels masked
Layer layer2.0.conv2.weight: 3/128 channels masked
Layer layer2.0.downsample.0.weight: 4/128 channels masked
Layer layer2.1.conv2.weight: 1/128 channels masked
Layer layer3.0.downsample.0.weight: 5/256 channels masked
Layer layer4.0.conv1.weight: 24/512 channels masked
Layer layer4.0.conv2.weight: 70/512 channels masked
Layer layer4.0.downsample.0.weight: 137/512 channels masked
Layer layer4.1.conv1.weight: 99/512 channels masked
Layer layer4.1.conv2.weight: 132/512 channels masked
------------------------- time cost ------------------------- 7.860348463058472
ASR: 0.3607645495886361
attack_auc: 0.8292347979707952
Layer conv1.weight: 14/64 channels masked
Layer layer1.0.conv1.weight: 1/64 channels masked
Layer layer1.1.conv1.weight: 1/64 channels masked
Layer layer2.0.conv2.weight: 3/128 channels masked
Layer layer2.0.downsample.0.weight: 4/128 channels masked
Layer layer2.1.conv2.weight: 1/128 channels masked
Layer layer3.0.downsample.0.weight: 5/256 channels masked
Layer layer4.0.conv1.weight: 24/512 channels masked
Layer layer4.0.conv2.weight: 74/512 channels masked
Layer layer4.0.downsample.0.weight: 137/512 channels masked
Layer layer4.1.conv1.weight: 100/512 channels masked
Layer layer4.1.conv2.weight: 132/512 channels masked
------------------------- time cost ------------------------- 8.464180707931519
ASR: 0.33151422431400474
attack_auc: 0.8153579353424469
Layer conv1.weight: 15/64 channels masked
Layer layer1.0.conv1.weight: 1/64 channels masked
Layer layer1.1.conv1.weight: 1/64 channels masked
Layer layer2.0.conv2.weight: 3/128 channels masked
Layer layer2.0.downsample.0.weight: 4/128 channels masked
Layer layer2.1.conv2.weight: 1/128 channels masked
Layer layer3.0.downsample.0.weight: 5/256 channels masked
Layer layer4.0.conv1.weight: 24/512 channels masked
Layer layer4.0.conv2.weight: 76/512 channels masked
Layer layer4.0.downsample.0.weight: 137/512 channels masked
Layer layer4.1.conv1.weight: 100/512 channels masked
Layer layer4.1.conv2.weight: 132/512 channels masked
------------------------- time cost ------------------------- 7.697106122970581
ASR: 0.33911289597813393
attack_auc: 0.8227893053168878
Layer conv1.weight: 12/64 channels masked
Layer layer1.0.conv1.weight: 1/64 channels masked
Layer layer2.0.downsample.0.weight: 4/128 channels masked
Layer layer2.1.conv2.weight: 1/128 channels masked
Layer layer3.0.downsample.0.weight: 5/256 channels masked
Layer layer4.0.conv1.weight: 24/512 channels masked
Layer layer4.0.conv2.weight: 67/512 channels masked
Layer layer4.0.downsample.0.weight: 137/512 channels masked
Layer layer4.1.conv1.weight: 97/512 channels masked
Layer layer4.1.conv2.weight: 122/512 channels masked
------------------------- time cost ------------------------- 9.171309471130371
ASR: 0.38474725986427355
attack_auc: 0.8396094881938173
Layer conv1.weight: 14/64 channels masked
Layer layer1.0.conv1.weight: 1/64 channels masked
Layer layer2.0.downsample.0.weight: 4/128 channels masked
Layer layer2.1.conv2.weight: 1/128 channels masked
Layer layer3.0.downsample.0.weight: 5/256 channels masked
Layer layer4.0.conv1.weight: 24/512 channels masked
Layer layer4.0.conv2.weight: 69/512 channels masked
Layer layer4.0.downsample.0.weight: 137/512 channels masked
Layer layer4.1.conv1.weight: 97/512 channels masked
Layer layer4.1.conv2.weight: 130/512 channels masked
------------------------- time cost ------------------------- 9.033259868621826
ASR: 0.4197235091831042
attack_auc: 0.8482598083512494
Layer conv1.weight: 14/64 channels masked
Layer layer1.0.conv1.weight: 1/64 channels masked
Layer layer1.1.conv1.weight: 1/64 channels masked
Layer layer2.0.downsample.0.weight: 4/128 channels masked
Layer layer2.1.conv2.weight: 1/128 channels masked
Layer layer3.0.downsample.0.weight: 5/256 channels masked
Layer layer4.0.conv1.weight: 23/512 channels masked
Layer layer4.0.conv2.weight: 69/512 channels masked
Layer layer4.0.downsample.0.weight: 137/512 channels masked
Layer layer4.1.conv1.weight: 98/512 channels masked
Layer layer4.1.conv2.weight: 130/512 channels masked
------------------------- time cost ------------------------- 7.535438299179077

-------------Round number: 620-------------

Evaluate personalized models
Averaged Train Loss: 0.3786
Averaged Test Accurancy: 0.6997
Averaged Test AUC: 0.9441
Std Test Accurancy: 0.1156
Std Test AUC: 0.0317
ASR: 0.3524579081499116
attack_auc: 0.8262598443160022
Layer conv1.weight: 14/64 channels masked
Layer layer1.0.conv1.weight: 1/64 channels masked
Layer layer1.1.conv1.weight: 1/64 channels masked
Layer layer2.0.downsample.0.weight: 4/128 channels masked
Layer layer2.1.conv2.weight: 1/128 channels masked
Layer layer3.0.downsample.0.weight: 5/256 channels masked
Layer layer4.0.conv1.weight: 23/512 channels masked
Layer layer4.0.conv2.weight: 68/512 channels masked
Layer layer4.0.downsample.0.weight: 137/512 channels masked
Layer layer4.1.conv1.weight: 98/512 channels masked
Layer layer4.1.conv2.weight: 130/512 channels masked
------------------------- time cost ------------------------- 15.732184171676636
ASR: 0.3024837244855745
attack_auc: 0.8101672301081598
Layer conv1.weight: 14/64 channels masked
Layer layer1.0.conv1.weight: 1/64 channels masked
Layer layer1.1.conv1.weight: 1/64 channels masked
Layer layer2.0.conv2.weight: 1/128 channels masked
Layer layer2.0.downsample.0.weight: 4/128 channels masked
Layer layer2.1.conv2.weight: 1/128 channels masked
Layer layer3.0.downsample.0.weight: 5/256 channels masked
Layer layer4.0.conv1.weight: 23/512 channels masked
Layer layer4.0.conv2.weight: 68/512 channels masked
Layer layer4.0.downsample.0.weight: 137/512 channels masked
Layer layer4.1.conv1.weight: 98/512 channels masked
Layer layer4.1.conv2.weight: 131/512 channels masked
------------------------- time cost ------------------------- 8.153260707855225
ASR: 0.3261305728160618
attack_auc: 0.8154797132045103
Layer conv1.weight: 14/64 channels masked
Layer layer1.0.conv1.weight: 1/64 channels masked
Layer layer1.1.conv1.weight: 1/64 channels masked
Layer layer2.0.conv2.weight: 1/128 channels masked
Layer layer2.0.downsample.0.weight: 4/128 channels masked
Layer layer2.1.conv2.weight: 1/128 channels masked
Layer layer3.0.downsample.0.weight: 5/256 channels masked
Layer layer4.0.conv1.weight: 23/512 channels masked
Layer layer4.0.conv2.weight: 68/512 channels masked
Layer layer4.0.downsample.0.weight: 137/512 channels masked
Layer layer4.1.conv1.weight: 98/512 channels masked
Layer layer4.1.conv2.weight: 131/512 channels masked
------------------------- time cost ------------------------- 8.108791828155518
ASR: 0.3643038973613913
attack_auc: 0.8325248220362808
Layer conv1.weight: 14/64 channels masked
Layer layer1.0.conv1.weight: 1/64 channels masked
Layer layer1.1.conv1.weight: 1/64 channels masked
Layer layer2.0.conv2.weight: 1/128 channels masked
Layer layer2.0.downsample.0.weight: 4/128 channels masked
Layer layer2.1.conv2.weight: 1/128 channels masked
Layer layer3.0.downsample.0.weight: 5/256 channels masked
Layer layer4.0.conv1.weight: 23/512 channels masked
Layer layer4.0.conv2.weight: 68/512 channels masked
Layer layer4.0.downsample.0.weight: 137/512 channels masked
Layer layer4.1.conv1.weight: 98/512 channels masked
Layer layer4.1.conv2.weight: 131/512 channels masked
------------------------- time cost ------------------------- 7.61262059211731
ASR: 0.34371774998206117
attack_auc: 0.8240522806046878
Layer conv1.weight: 14/64 channels masked
Layer layer1.0.conv1.weight: 1/64 channels masked
Layer layer1.1.conv1.weight: 1/64 channels masked
Layer layer2.0.conv2.weight: 1/128 channels masked
Layer layer2.0.downsample.0.weight: 4/128 channels masked
Layer layer2.1.conv2.weight: 1/128 channels masked
Layer layer3.0.downsample.0.weight: 5/256 channels masked
Layer layer4.0.conv1.weight: 23/512 channels masked
Layer layer4.0.conv2.weight: 68/512 channels masked
Layer layer4.0.downsample.0.weight: 137/512 channels masked
Layer layer4.1.conv1.weight: 98/512 channels masked
Layer layer4.1.conv2.weight: 131/512 channels masked
------------------------- time cost ------------------------- 6.962279558181763
ASR: 0.3511362699224652
attack_auc: 0.8291622955650398
Layer conv1.weight: 13/64 channels masked
Layer layer1.0.conv1.weight: 1/64 channels masked
Layer layer1.1.conv1.weight: 1/64 channels masked
Layer layer2.0.conv2.weight: 1/128 channels masked
Layer layer2.0.downsample.0.weight: 4/128 channels masked
Layer layer2.1.conv2.weight: 1/128 channels masked
Layer layer3.0.downsample.0.weight: 5/256 channels masked
Layer layer4.0.conv1.weight: 21/512 channels masked
Layer layer4.0.conv2.weight: 68/512 channels masked
Layer layer4.0.downsample.0.weight: 137/512 channels masked
Layer layer4.1.conv1.weight: 89/512 channels masked
Layer layer4.1.conv2.weight: 125/512 channels masked
------------------------- time cost ------------------------- 9.13282299041748
ASR: 0.33867182516989774
attack_auc: 0.8269270302943875
Layer conv1.weight: 13/64 channels masked
Layer layer1.0.conv1.weight: 1/64 channels masked
Layer layer1.1.conv1.weight: 1/64 channels masked
Layer layer2.0.conv2.weight: 1/128 channels masked
Layer layer2.0.downsample.0.weight: 4/128 channels masked
Layer layer2.1.conv2.weight: 1/128 channels masked
Layer layer3.0.downsample.0.weight: 5/256 channels masked
Layer layer4.0.conv1.weight: 22/512 channels masked
Layer layer4.0.conv2.weight: 69/512 channels masked
Layer layer4.0.downsample.0.weight: 137/512 channels masked
Layer layer4.1.conv1.weight: 92/512 channels masked
Layer layer4.1.conv2.weight: 130/512 channels masked
------------------------- time cost ------------------------- 7.4169838428497314
ASR: 0.3394974991111209
attack_auc: 0.8314249390288203
Layer conv1.weight: 12/64 channels masked
Layer layer1.0.conv1.weight: 1/64 channels masked
Layer layer1.1.conv1.weight: 1/64 channels masked
Layer layer2.0.conv2.weight: 1/128 channels masked
Layer layer2.0.downsample.0.weight: 4/128 channels masked
Layer layer2.1.conv2.weight: 1/128 channels masked
Layer layer3.0.downsample.0.weight: 5/256 channels masked
Layer layer4.0.conv1.weight: 22/512 channels masked
Layer layer4.0.conv2.weight: 68/512 channels masked
Layer layer4.0.downsample.0.weight: 137/512 channels masked
Layer layer4.1.conv1.weight: 93/512 channels masked
Layer layer4.1.conv2.weight: 130/512 channels masked
------------------------- time cost ------------------------- 9.229633569717407
ASR: 0.3329392742673334
attack_auc: 0.8261207175110843
Layer conv1.weight: 12/64 channels masked
Layer layer1.0.conv1.weight: 1/64 channels masked
Layer layer1.1.conv1.weight: 1/64 channels masked
Layer layer2.0.conv2.weight: 1/128 channels masked
Layer layer2.0.downsample.0.weight: 4/128 channels masked
Layer layer2.1.conv2.weight: 1/128 channels masked
Layer layer3.0.downsample.0.weight: 5/256 channels masked
Layer layer4.0.conv1.weight: 22/512 channels masked
Layer layer4.0.conv2.weight: 68/512 channels masked
Layer layer4.0.downsample.0.weight: 137/512 channels masked
Layer layer4.1.conv1.weight: 93/512 channels masked
Layer layer4.1.conv2.weight: 130/512 channels masked
------------------------- time cost ------------------------- 8.132415533065796
ASR: 0.355781321010711
attack_auc: 0.8342310665077433
Layer conv1.weight: 12/64 channels masked
Layer layer1.0.conv1.weight: 1/64 channels masked
Layer layer1.1.conv1.weight: 1/64 channels masked
Layer layer2.0.conv2.weight: 1/128 channels masked
Layer layer2.0.downsample.0.weight: 4/128 channels masked
Layer layer2.1.conv2.weight: 1/128 channels masked
Layer layer3.0.downsample.0.weight: 5/256 channels masked
Layer layer4.0.conv1.weight: 22/512 channels masked
Layer layer4.0.conv2.weight: 69/512 channels masked
Layer layer4.0.downsample.0.weight: 137/512 channels masked
Layer layer4.1.conv1.weight: 93/512 channels masked
Layer layer4.1.conv2.weight: 130/512 channels masked
------------------------- time cost ------------------------- 8.728891372680664

-------------Round number: 630-------------

Evaluate personalized models
Averaged Train Loss: 0.2031
Averaged Test Accurancy: 0.7310
Averaged Test AUC: 0.9517
Std Test Accurancy: 0.1005
Std Test AUC: 0.0260
ASR: 0.3623721638506555
attack_auc: 0.8423001973575053
Layer conv1.weight: 12/64 channels masked
Layer layer1.0.conv1.weight: 1/64 channels masked
Layer layer1.1.conv1.weight: 1/64 channels masked
Layer layer2.0.conv2.weight: 1/128 channels masked
Layer layer2.0.downsample.0.weight: 4/128 channels masked
Layer layer2.1.conv2.weight: 1/128 channels masked
Layer layer3.0.downsample.0.weight: 5/256 channels masked
Layer layer4.0.conv1.weight: 22/512 channels masked
Layer layer4.0.conv2.weight: 68/512 channels masked
Layer layer4.0.downsample.0.weight: 137/512 channels masked
Layer layer4.1.conv1.weight: 92/512 channels masked
Layer layer4.1.conv2.weight: 130/512 channels masked
------------------------- time cost ------------------------- 17.01589059829712
ASR: 0.34914403723706855
attack_auc: 0.8377620106483988
Layer conv1.weight: 12/64 channels masked
Layer layer1.0.conv1.weight: 1/64 channels masked
Layer layer1.1.conv1.weight: 1/64 channels masked
Layer layer2.0.conv2.weight: 1/128 channels masked
Layer layer2.0.downsample.0.weight: 4/128 channels masked
Layer layer2.1.conv2.weight: 1/128 channels masked
Layer layer3.0.downsample.0.weight: 5/256 channels masked
Layer layer4.0.conv1.weight: 22/512 channels masked
Layer layer4.0.conv2.weight: 70/512 channels masked
Layer layer4.0.downsample.0.weight: 137/512 channels masked
Layer layer4.1.conv1.weight: 92/512 channels masked
Layer layer4.1.conv2.weight: 130/512 channels masked
------------------------- time cost ------------------------- 8.242608785629272
ASR: 0.33264337002728767
attack_auc: 0.8320382603217289
Layer conv1.weight: 13/64 channels masked
Layer layer1.0.conv1.weight: 1/64 channels masked
Layer layer1.1.conv1.weight: 1/64 channels masked
Layer layer2.0.conv2.weight: 1/128 channels masked
Layer layer2.0.downsample.0.weight: 4/128 channels masked
Layer layer2.1.conv2.weight: 1/128 channels masked
Layer layer3.0.downsample.0.weight: 5/256 channels masked
Layer layer4.0.conv1.weight: 22/512 channels masked
Layer layer4.0.conv2.weight: 70/512 channels masked
Layer layer4.0.downsample.0.weight: 137/512 channels masked
Layer layer4.1.conv1.weight: 92/512 channels masked
Layer layer4.1.conv2.weight: 128/512 channels masked
------------------------- time cost ------------------------- 7.2186737060546875
ASR: 0.32073986649221964
attack_auc: 0.8284723498631201
Layer conv1.weight: 13/64 channels masked
Layer layer1.0.conv1.weight: 1/64 channels masked
Layer layer2.0.downsample.0.weight: 4/128 channels masked
Layer layer2.1.conv2.weight: 1/128 channels masked
Layer layer3.0.downsample.0.weight: 5/256 channels masked
Layer layer4.0.conv1.weight: 22/512 channels masked
Layer layer4.0.conv2.weight: 69/512 channels masked
Layer layer4.0.downsample.0.weight: 137/512 channels masked
Layer layer4.1.conv1.weight: 91/512 channels masked
Layer layer4.1.conv2.weight: 129/512 channels masked
------------------------- time cost ------------------------- 8.561695337295532
ASR: 0.3439275023770222
attack_auc: 0.8379148941387283
Layer conv1.weight: 14/64 channels masked
Layer layer1.0.conv1.weight: 1/64 channels masked
Layer layer1.1.conv1.weight: 1/64 channels masked
Layer layer2.0.conv2.weight: 1/128 channels masked
Layer layer2.0.downsample.0.weight: 4/128 channels masked
Layer layer2.1.conv2.weight: 1/128 channels masked
Layer layer3.0.downsample.0.weight: 5/256 channels masked
Layer layer4.0.conv1.weight: 22/512 channels masked
Layer layer4.0.conv2.weight: 70/512 channels masked
Layer layer4.0.downsample.0.weight: 137/512 channels masked
Layer layer4.1.conv1.weight: 92/512 channels masked
Layer layer4.1.conv2.weight: 129/512 channels masked
------------------------- time cost ------------------------- 8.923778057098389
ASR: 0.28794477547794534
attack_auc: 0.8129474921686477
Layer conv1.weight: 14/64 channels masked
Layer layer1.0.conv1.weight: 1/64 channels masked
Layer layer1.1.conv1.weight: 1/64 channels masked
Layer layer2.0.conv2.weight: 1/128 channels masked
Layer layer2.0.downsample.0.weight: 4/128 channels masked
Layer layer2.1.conv2.weight: 1/128 channels masked
Layer layer3.0.downsample.0.weight: 5/256 channels masked
Layer layer4.0.conv1.weight: 22/512 channels masked
Layer layer4.0.conv2.weight: 70/512 channels masked
Layer layer4.0.downsample.0.weight: 137/512 channels masked
Layer layer4.1.conv1.weight: 92/512 channels masked
Layer layer4.1.conv2.weight: 129/512 channels masked
------------------------- time cost ------------------------- 8.66046690940857
ASR: 0.26324829505511804
attack_auc: 0.7966790329565517
Layer conv1.weight: 14/64 channels masked
Layer layer1.0.conv1.weight: 1/64 channels masked
Layer layer1.1.conv1.weight: 1/64 channels masked
Layer layer2.0.conv2.weight: 1/128 channels masked
Layer layer2.0.downsample.0.weight: 4/128 channels masked
Layer layer2.1.conv2.weight: 1/128 channels masked
Layer layer3.0.downsample.0.weight: 5/256 channels masked
Layer layer4.0.conv1.weight: 22/512 channels masked
Layer layer4.0.conv2.weight: 70/512 channels masked
Layer layer4.0.downsample.0.weight: 137/512 channels masked
Layer layer4.1.conv1.weight: 92/512 channels masked
Layer layer4.1.conv2.weight: 129/512 channels masked
------------------------- time cost ------------------------- 8.541735172271729
ASR: 0.27631219923765815
attack_auc: 0.8027517347443186
Layer conv1.weight: 14/64 channels masked
Layer layer1.0.conv1.weight: 1/64 channels masked
Layer layer1.1.conv1.weight: 1/64 channels masked
Layer layer2.0.conv2.weight: 1/128 channels masked
Layer layer2.0.downsample.0.weight: 4/128 channels masked
Layer layer2.1.conv2.weight: 1/128 channels masked
Layer layer3.0.downsample.0.weight: 5/256 channels masked
Layer layer4.0.conv1.weight: 20/512 channels masked
Layer layer4.0.conv2.weight: 69/512 channels masked
Layer layer4.0.downsample.0.weight: 137/512 channels masked
Layer layer4.1.conv1.weight: 89/512 channels masked
Layer layer4.1.conv2.weight: 129/512 channels masked
------------------------- time cost ------------------------- 9.070848226547241
ASR: 0.2684293726094671
attack_auc: 0.8018301755955937
Layer conv1.weight: 12/64 channels masked
Layer layer1.0.conv1.weight: 1/64 channels masked
Layer layer1.1.conv1.weight: 1/64 channels masked
Layer layer2.0.conv2.weight: 1/128 channels masked
Layer layer2.0.downsample.0.weight: 4/128 channels masked
Layer layer2.1.conv2.weight: 1/128 channels masked
Layer layer3.0.downsample.0.weight: 5/256 channels masked
Layer layer4.0.conv1.weight: 20/512 channels masked
Layer layer4.0.conv2.weight: 69/512 channels masked
Layer layer4.0.downsample.0.weight: 137/512 channels masked
Layer layer4.1.conv1.weight: 90/512 channels masked
Layer layer4.1.conv2.weight: 130/512 channels masked
------------------------- time cost ------------------------- 8.01758885383606
ASR: 0.3028691030617151
attack_auc: 0.8174181198236934
Layer conv1.weight: 14/64 channels masked
Layer layer1.0.conv1.weight: 1/64 channels masked
Layer layer1.1.conv1.weight: 1/64 channels masked
Layer layer2.0.conv2.weight: 1/128 channels masked
Layer layer2.0.downsample.0.weight: 4/128 channels masked
Layer layer2.1.conv2.weight: 1/128 channels masked
Layer layer3.0.downsample.0.weight: 5/256 channels masked
Layer layer4.0.conv1.weight: 20/512 channels masked
Layer layer4.0.conv2.weight: 68/512 channels masked
Layer layer4.0.downsample.0.weight: 137/512 channels masked
Layer layer4.1.conv1.weight: 90/512 channels masked
Layer layer4.1.conv2.weight: 131/512 channels masked
------------------------- time cost ------------------------- 7.407463312149048

-------------Round number: 640-------------

Evaluate personalized models
Averaged Train Loss: 0.2112
Averaged Test Accurancy: 0.7335
Averaged Test AUC: 0.9530
Std Test Accurancy: 0.0996
Std Test AUC: 0.0236
ASR: 0.2678549768278952
attack_auc: 0.8022621229546109
Layer conv1.weight: 12/64 channels masked
Layer layer1.0.conv1.weight: 1/64 channels masked
Layer layer1.1.conv1.weight: 1/64 channels masked
Layer layer2.0.conv2.weight: 1/128 channels masked
Layer layer2.0.downsample.0.weight: 4/128 channels masked
Layer layer2.1.conv2.weight: 1/128 channels masked
Layer layer3.0.downsample.0.weight: 5/256 channels masked
Layer layer4.0.conv1.weight: 20/512 channels masked
Layer layer4.0.conv2.weight: 68/512 channels masked
Layer layer4.0.downsample.0.weight: 137/512 channels masked
Layer layer4.1.conv1.weight: 90/512 channels masked
Layer layer4.1.conv2.weight: 131/512 channels masked
------------------------- time cost ------------------------- 17.23062777519226
ASR: 0.24429942913764582
attack_auc: 0.7852774596248382
Layer conv1.weight: 10/64 channels masked
Layer layer1.0.conv1.weight: 1/64 channels masked
Layer layer2.0.downsample.0.weight: 4/128 channels masked
Layer layer2.1.conv2.weight: 1/128 channels masked
Layer layer3.0.downsample.0.weight: 5/256 channels masked
Layer layer4.0.conv1.weight: 20/512 channels masked
Layer layer4.0.conv2.weight: 67/512 channels masked
Layer layer4.0.downsample.0.weight: 137/512 channels masked
Layer layer4.1.conv1.weight: 90/512 channels masked
Layer layer4.1.conv2.weight: 131/512 channels masked
------------------------- time cost ------------------------- 8.938357830047607
ASR: 0.2690193617551715
attack_auc: 0.7992824974917753
Layer conv1.weight: 13/64 channels masked
Layer layer1.0.conv1.weight: 1/64 channels masked
Layer layer2.0.conv2.weight: 1/128 channels masked
Layer layer2.0.downsample.0.weight: 4/128 channels masked
Layer layer2.1.conv2.weight: 1/128 channels masked
Layer layer3.0.downsample.0.weight: 5/256 channels masked
Layer layer4.0.conv1.weight: 20/512 channels masked
Layer layer4.0.conv2.weight: 68/512 channels masked
Layer layer4.0.downsample.0.weight: 137/512 channels masked
Layer layer4.1.conv1.weight: 90/512 channels masked
Layer layer4.1.conv2.weight: 131/512 channels masked
------------------------- time cost ------------------------- 8.120277166366577
ASR: 0.2652899640233113
attack_auc: 0.7949311852642926
Layer conv1.weight: 14/64 channels masked
Layer layer1.0.conv1.weight: 1/64 channels masked
Layer layer2.0.conv2.weight: 1/128 channels masked
Layer layer2.0.downsample.0.weight: 4/128 channels masked
Layer layer2.1.conv2.weight: 1/128 channels masked
Layer layer3.0.downsample.0.weight: 5/256 channels masked
Layer layer4.0.conv1.weight: 20/512 channels masked
Layer layer4.0.conv2.weight: 68/512 channels masked
Layer layer4.0.downsample.0.weight: 137/512 channels masked
Layer layer4.1.conv1.weight: 90/512 channels masked
Layer layer4.1.conv2.weight: 131/512 channels masked
------------------------- time cost ------------------------- 8.860834121704102
ASR: 0.2767239145843857
attack_auc: 0.8031308056142361
Layer conv1.weight: 14/64 channels masked
Layer layer1.0.conv1.weight: 1/64 channels masked
Layer layer2.0.conv2.weight: 1/128 channels masked
Layer layer2.0.downsample.0.weight: 4/128 channels masked
Layer layer2.1.conv2.weight: 1/128 channels masked
Layer layer3.0.downsample.0.weight: 5/256 channels masked
Layer layer4.0.conv1.weight: 20/512 channels masked
Layer layer4.0.conv2.weight: 68/512 channels masked
Layer layer4.0.downsample.0.weight: 137/512 channels masked
Layer layer4.1.conv1.weight: 90/512 channels masked
Layer layer4.1.conv2.weight: 131/512 channels masked
------------------------- time cost ------------------------- 7.767073154449463
ASR: 0.2950950024883405
attack_auc: 0.8061289727959652
Layer conv1.weight: 14/64 channels masked
Layer layer1.0.conv1.weight: 1/64 channels masked
Layer layer2.0.conv2.weight: 1/128 channels masked
Layer layer2.0.downsample.0.weight: 4/128 channels masked
Layer layer2.1.conv2.weight: 1/128 channels masked
Layer layer3.0.downsample.0.weight: 5/256 channels masked
Layer layer4.0.conv1.weight: 20/512 channels masked
Layer layer4.0.conv2.weight: 68/512 channels masked
Layer layer4.0.downsample.0.weight: 137/512 channels masked
Layer layer4.1.conv1.weight: 90/512 channels masked
Layer layer4.1.conv2.weight: 131/512 channels masked
------------------------- time cost ------------------------- 7.863698720932007
ASR: 0.34307641138705064
attack_auc: 0.8274377555512051
Layer conv1.weight: 14/64 channels masked
Layer layer1.0.conv1.weight: 1/64 channels masked
Layer layer2.0.conv2.weight: 1/128 channels masked
Layer layer2.0.downsample.0.weight: 4/128 channels masked
Layer layer2.1.conv2.weight: 1/128 channels masked
Layer layer3.0.downsample.0.weight: 5/256 channels masked
Layer layer4.0.conv1.weight: 20/512 channels masked
Layer layer4.0.conv2.weight: 68/512 channels masked
Layer layer4.0.downsample.0.weight: 137/512 channels masked
Layer layer4.1.conv1.weight: 90/512 channels masked
Layer layer4.1.conv2.weight: 131/512 channels masked
------------------------- time cost ------------------------- 7.630794525146484
ASR: 0.32093182246942586
attack_auc: 0.8245357400549839
Layer conv1.weight: 14/64 channels masked
Layer layer1.0.conv1.weight: 1/64 channels masked
Layer layer2.0.conv2.weight: 1/128 channels masked
Layer layer2.0.downsample.0.weight: 4/128 channels masked
Layer layer2.1.conv2.weight: 1/128 channels masked
Layer layer3.0.downsample.0.weight: 5/256 channels masked
Layer layer4.0.conv1.weight: 20/512 channels masked
Layer layer4.0.conv2.weight: 71/512 channels masked
Layer layer4.0.downsample.0.weight: 137/512 channels masked
Layer layer4.1.conv1.weight: 90/512 channels masked
Layer layer4.1.conv2.weight: 131/512 channels masked
------------------------- time cost ------------------------- 8.342756032943726
ASR: 0.3106604514297954
attack_auc: 0.8168155857960324
Layer conv1.weight: 15/64 channels masked
Layer layer1.0.conv1.weight: 1/64 channels masked
Layer layer2.0.conv2.weight: 1/128 channels masked
Layer layer2.0.downsample.0.weight: 4/128 channels masked
Layer layer2.1.conv2.weight: 1/128 channels masked
Layer layer3.0.downsample.0.weight: 5/256 channels masked
Layer layer4.0.conv1.weight: 20/512 channels masked
Layer layer4.0.conv2.weight: 71/512 channels masked
Layer layer4.0.downsample.0.weight: 137/512 channels masked
Layer layer4.1.conv1.weight: 90/512 channels masked
Layer layer4.1.conv2.weight: 132/512 channels masked
------------------------- time cost ------------------------- 8.184136629104614
ASR: 0.32528778836949845
attack_auc: 0.8205005691758624
Layer conv1.weight: 15/64 channels masked
Layer layer1.0.conv1.weight: 1/64 channels masked
Layer layer2.0.conv2.weight: 1/128 channels masked
Layer layer2.0.downsample.0.weight: 4/128 channels masked
Layer layer2.1.conv2.weight: 1/128 channels masked
Layer layer3.0.downsample.0.weight: 5/256 channels masked
Layer layer4.0.conv1.weight: 20/512 channels masked
Layer layer4.0.conv2.weight: 71/512 channels masked
Layer layer4.0.downsample.0.weight: 137/512 channels masked
Layer layer4.1.conv1.weight: 91/512 channels masked
Layer layer4.1.conv2.weight: 133/512 channels masked
------------------------- time cost ------------------------- 7.1375732421875

-------------Round number: 650-------------

Evaluate personalized models
Averaged Train Loss: 0.1845
Averaged Test Accurancy: 0.7285
Averaged Test AUC: 0.9538
Std Test Accurancy: 0.0913
Std Test AUC: 0.0214
ASR: 0.3411494016891812
attack_auc: 0.8288326933900418
Layer conv1.weight: 15/64 channels masked
Layer layer1.0.conv1.weight: 1/64 channels masked
Layer layer2.0.conv2.weight: 1/128 channels masked
Layer layer2.0.downsample.0.weight: 4/128 channels masked
Layer layer2.1.conv2.weight: 1/128 channels masked
Layer layer3.0.downsample.0.weight: 5/256 channels masked
Layer layer4.0.conv1.weight: 20/512 channels masked
Layer layer4.0.conv2.weight: 71/512 channels masked
Layer layer4.0.downsample.0.weight: 137/512 channels masked
Layer layer4.1.conv1.weight: 91/512 channels masked
Layer layer4.1.conv2.weight: 133/512 channels masked
------------------------- time cost ------------------------- 15.79460072517395
ASR: 0.30674559867291895
attack_auc: 0.8182866648694992
Layer conv1.weight: 16/64 channels masked
Layer layer1.0.conv1.weight: 1/64 channels masked
Layer layer2.0.conv2.weight: 1/128 channels masked
Layer layer2.0.downsample.0.weight: 4/128 channels masked
Layer layer2.1.conv2.weight: 1/128 channels masked
Layer layer3.0.downsample.0.weight: 5/256 channels masked
Layer layer4.0.conv1.weight: 20/512 channels masked
Layer layer4.0.conv2.weight: 73/512 channels masked
Layer layer4.0.downsample.0.weight: 137/512 channels masked
Layer layer4.1.conv1.weight: 94/512 channels masked
Layer layer4.1.conv2.weight: 133/512 channels masked
------------------------- time cost ------------------------- 9.154500007629395
ASR: 0.33535477178826606
attack_auc: 0.8375687750733636
Layer conv1.weight: 15/64 channels masked
Layer layer1.0.conv1.weight: 1/64 channels masked
Layer layer2.0.conv2.weight: 1/128 channels masked
Layer layer2.0.downsample.0.weight: 4/128 channels masked
Layer layer2.1.conv2.weight: 1/128 channels masked
Layer layer3.0.downsample.0.weight: 5/256 channels masked
Layer layer4.0.conv1.weight: 20/512 channels masked
Layer layer4.0.conv2.weight: 73/512 channels masked
Layer layer4.0.downsample.0.weight: 137/512 channels masked
Layer layer4.1.conv1.weight: 94/512 channels masked
Layer layer4.1.conv2.weight: 133/512 channels masked
------------------------- time cost ------------------------- 9.136792421340942
ASR: 0.3070761905730294
attack_auc: 0.8250504800746025
Layer conv1.weight: 15/64 channels masked
Layer layer1.0.conv1.weight: 1/64 channels masked
Layer layer2.0.conv2.weight: 1/128 channels masked
Layer layer2.0.downsample.0.weight: 4/128 channels masked
Layer layer2.1.conv2.weight: 1/128 channels masked
Layer layer3.0.downsample.0.weight: 5/256 channels masked
Layer layer4.0.conv1.weight: 20/512 channels masked
Layer layer4.0.conv2.weight: 73/512 channels masked
Layer layer4.0.downsample.0.weight: 137/512 channels masked
Layer layer4.1.conv1.weight: 94/512 channels masked
Layer layer4.1.conv2.weight: 133/512 channels masked
------------------------- time cost ------------------------- 9.00401258468628
ASR: 0.2914076109629041
attack_auc: 0.8194389631250636
Layer conv1.weight: 16/64 channels masked
Layer layer1.0.conv1.weight: 1/64 channels masked
Layer layer2.0.conv2.weight: 1/128 channels masked
Layer layer2.0.downsample.0.weight: 4/128 channels masked
Layer layer2.1.conv2.weight: 1/128 channels masked
Layer layer3.0.downsample.0.weight: 5/256 channels masked
Layer layer4.0.conv1.weight: 20/512 channels masked
Layer layer4.0.conv2.weight: 73/512 channels masked
Layer layer4.0.downsample.0.weight: 137/512 channels masked
Layer layer4.1.conv1.weight: 94/512 channels masked
Layer layer4.1.conv2.weight: 133/512 channels masked
------------------------- time cost ------------------------- 8.544678449630737
ASR: 0.32000930897818763
attack_auc: 0.8318582678013993
Layer conv1.weight: 16/64 channels masked
Layer layer1.0.conv1.weight: 1/64 channels masked
Layer layer2.0.conv2.weight: 1/128 channels masked
Layer layer2.0.downsample.0.weight: 4/128 channels masked
Layer layer2.1.conv2.weight: 1/128 channels masked
Layer layer3.0.downsample.0.weight: 5/256 channels masked
Layer layer4.0.conv1.weight: 20/512 channels masked
Layer layer4.0.conv2.weight: 73/512 channels masked
Layer layer4.0.downsample.0.weight: 137/512 channels masked
Layer layer4.1.conv1.weight: 94/512 channels masked
Layer layer4.1.conv2.weight: 133/512 channels masked
------------------------- time cost ------------------------- 8.067805051803589
ASR: 0.3038880619446184
attack_auc: 0.823116068166857
Layer conv1.weight: 16/64 channels masked
Layer layer1.0.conv1.weight: 1/64 channels masked
Layer layer2.0.downsample.0.weight: 4/128 channels masked
Layer layer2.1.conv2.weight: 1/128 channels masked
Layer layer3.0.downsample.0.weight: 5/256 channels masked
Layer layer4.0.conv1.weight: 20/512 channels masked
Layer layer4.0.conv2.weight: 72/512 channels masked
Layer layer4.0.downsample.0.weight: 137/512 channels masked
Layer layer4.1.conv1.weight: 95/512 channels masked
Layer layer4.1.conv2.weight: 133/512 channels masked
------------------------- time cost ------------------------- 8.975012063980103
ASR: 0.30309043748305664
attack_auc: 0.8187336553771393
Layer conv1.weight: 16/64 channels masked
Layer layer1.0.conv1.weight: 1/64 channels masked
Layer layer2.0.conv2.weight: 1/128 channels masked
Layer layer2.0.downsample.0.weight: 4/128 channels masked
Layer layer2.1.conv2.weight: 1/128 channels masked
Layer layer3.0.downsample.0.weight: 5/256 channels masked
Layer layer4.0.conv1.weight: 20/512 channels masked
Layer layer4.0.conv2.weight: 72/512 channels masked
Layer layer4.0.downsample.0.weight: 137/512 channels masked
Layer layer4.1.conv1.weight: 95/512 channels masked
Layer layer4.1.conv2.weight: 133/512 channels masked
------------------------- time cost ------------------------- 7.985973358154297
ASR: 0.30480734054788083
attack_auc: 0.8190450831186387
Layer conv1.weight: 14/64 channels masked
Layer layer1.0.conv1.weight: 1/64 channels masked
Layer layer2.0.conv2.weight: 1/128 channels masked
Layer layer2.0.downsample.0.weight: 4/128 channels masked
Layer layer2.1.conv2.weight: 1/128 channels masked
Layer layer3.0.downsample.0.weight: 5/256 channels masked
Layer layer4.0.conv1.weight: 19/512 channels masked
Layer layer4.0.conv2.weight: 72/512 channels masked
Layer layer4.0.downsample.0.weight: 137/512 channels masked
Layer layer4.1.conv1.weight: 96/512 channels masked
Layer layer4.1.conv2.weight: 132/512 channels masked
------------------------- time cost ------------------------- 9.740225791931152
ASR: 0.3493432439262707
attack_auc: 0.8399356282615871
Layer conv1.weight: 16/64 channels masked
Layer layer1.0.conv1.weight: 1/64 channels masked
Layer layer2.0.conv2.weight: 1/128 channels masked
Layer layer2.0.downsample.0.weight: 4/128 channels masked
Layer layer2.1.conv2.weight: 1/128 channels masked
Layer layer3.0.downsample.0.weight: 5/256 channels masked
Layer layer4.0.conv1.weight: 19/512 channels masked
Layer layer4.0.conv2.weight: 72/512 channels masked
Layer layer4.0.downsample.0.weight: 137/512 channels masked
Layer layer4.1.conv1.weight: 96/512 channels masked
Layer layer4.1.conv2.weight: 133/512 channels masked
------------------------- time cost ------------------------- 9.041568040847778

-------------Round number: 660-------------

Evaluate personalized models
Averaged Train Loss: 0.1599
Averaged Test Accurancy: 0.7312
Averaged Test AUC: 0.9534
Std Test Accurancy: 0.0982
Std Test AUC: 0.0234
ASR: 0.3542272252683393
attack_auc: 0.8452316891884695
Layer conv1.weight: 16/64 channels masked
Layer layer1.0.conv1.weight: 1/64 channels masked
Layer layer2.0.conv2.weight: 1/128 channels masked
Layer layer2.0.downsample.0.weight: 4/128 channels masked
Layer layer2.1.conv2.weight: 1/128 channels masked
Layer layer3.0.downsample.0.weight: 5/256 channels masked
Layer layer4.0.conv1.weight: 19/512 channels masked
Layer layer4.0.conv2.weight: 72/512 channels masked
Layer layer4.0.downsample.0.weight: 137/512 channels masked
Layer layer4.1.conv1.weight: 96/512 channels masked
Layer layer4.1.conv2.weight: 134/512 channels masked
------------------------- time cost ------------------------- 16.604997158050537
ASR: 0.3691043086890395
attack_auc: 0.8479759869309116
Layer conv1.weight: 16/64 channels masked
Layer layer1.0.conv1.weight: 1/64 channels masked
Layer layer2.0.conv2.weight: 1/128 channels masked
Layer layer2.0.downsample.0.weight: 4/128 channels masked
Layer layer2.1.conv2.weight: 1/128 channels masked
Layer layer3.0.downsample.0.weight: 5/256 channels masked
Layer layer4.0.conv1.weight: 19/512 channels masked
Layer layer4.0.conv2.weight: 72/512 channels masked
Layer layer4.0.downsample.0.weight: 137/512 channels masked
Layer layer4.1.conv1.weight: 96/512 channels masked
Layer layer4.1.conv2.weight: 134/512 channels masked
------------------------- time cost ------------------------- 7.486829519271851
ASR: 0.3559474123252326
attack_auc: 0.843924728608534
Layer conv1.weight: 16/64 channels masked
Layer layer1.0.conv1.weight: 1/64 channels masked
Layer layer2.0.conv2.weight: 1/128 channels masked
Layer layer2.0.downsample.0.weight: 4/128 channels masked
Layer layer2.1.conv2.weight: 1/128 channels masked
Layer layer3.0.downsample.0.weight: 5/256 channels masked
Layer layer4.0.conv1.weight: 19/512 channels masked
Layer layer4.0.conv2.weight: 72/512 channels masked
Layer layer4.0.downsample.0.weight: 137/512 channels masked
Layer layer4.1.conv1.weight: 96/512 channels masked
Layer layer4.1.conv2.weight: 134/512 channels masked
------------------------- time cost ------------------------- 7.801077842712402
ASR: 0.3560730075429959
attack_auc: 0.8436879195998664
Layer conv1.weight: 16/64 channels masked
Layer layer1.0.conv1.weight: 1/64 channels masked
Layer layer2.0.conv2.weight: 1/128 channels masked
Layer layer2.0.downsample.0.weight: 4/128 channels masked
Layer layer2.1.conv2.weight: 1/128 channels masked
Layer layer3.0.downsample.0.weight: 5/256 channels masked
Layer layer4.0.conv1.weight: 19/512 channels masked
Layer layer4.0.conv2.weight: 72/512 channels masked
Layer layer4.0.downsample.0.weight: 137/512 channels masked
Layer layer4.1.conv1.weight: 97/512 channels masked
Layer layer4.1.conv2.weight: 135/512 channels masked
------------------------- time cost ------------------------- 8.479405879974365
ASR: 0.334133745698498
attack_auc: 0.8370171275599446
Layer conv1.weight: 16/64 channels masked
Layer layer1.0.conv1.weight: 1/64 channels masked
Layer layer2.0.conv2.weight: 1/128 channels masked
Layer layer2.0.downsample.0.weight: 4/128 channels masked
Layer layer2.1.conv2.weight: 1/128 channels masked
Layer layer3.0.downsample.0.weight: 5/256 channels masked
Layer layer4.0.conv1.weight: 19/512 channels masked
Layer layer4.0.conv2.weight: 73/512 channels masked
Layer layer4.0.downsample.0.weight: 137/512 channels masked
Layer layer4.1.conv1.weight: 97/512 channels masked
Layer layer4.1.conv2.weight: 135/512 channels masked
------------------------- time cost ------------------------- 8.624636888504028
ASR: 0.33644482302210105
attack_auc: 0.8406619958909018
Layer conv1.weight: 16/64 channels masked
Layer layer1.0.conv1.weight: 1/64 channels masked
Layer layer2.0.conv2.weight: 1/128 channels masked
Layer layer2.0.downsample.0.weight: 4/128 channels masked
Layer layer2.1.conv2.weight: 1/128 channels masked
Layer layer3.0.downsample.0.weight: 5/256 channels masked
Layer layer4.0.conv1.weight: 19/512 channels masked
Layer layer4.0.conv2.weight: 75/512 channels masked
Layer layer4.0.downsample.0.weight: 137/512 channels masked
Layer layer4.1.conv1.weight: 97/512 channels masked
Layer layer4.1.conv2.weight: 135/512 channels masked
------------------------- time cost ------------------------- 8.096861839294434
ASR: 0.2815292181242338
attack_auc: 0.812695419051982
Layer conv1.weight: 16/64 channels masked
Layer layer1.0.conv1.weight: 1/64 channels masked
Layer layer2.0.conv2.weight: 1/128 channels masked
Layer layer2.0.downsample.0.weight: 4/128 channels masked
Layer layer2.1.conv2.weight: 1/128 channels masked
Layer layer3.0.downsample.0.weight: 5/256 channels masked
Layer layer4.0.conv1.weight: 19/512 channels masked
Layer layer4.0.conv2.weight: 75/512 channels masked
Layer layer4.0.downsample.0.weight: 137/512 channels masked
Layer layer4.1.conv1.weight: 97/512 channels masked
Layer layer4.1.conv2.weight: 135/512 channels masked
------------------------- time cost ------------------------- 7.6993348598480225
ASR: 0.27954926334200214
attack_auc: 0.8070377135888126
Layer conv1.weight: 16/64 channels masked
Layer layer1.0.conv1.weight: 1/64 channels masked
Layer layer2.0.conv2.weight: 1/128 channels masked
Layer layer2.0.downsample.0.weight: 4/128 channels masked
Layer layer2.1.conv2.weight: 1/128 channels masked
Layer layer3.0.downsample.0.weight: 5/256 channels masked
Layer layer4.0.conv1.weight: 19/512 channels masked
Layer layer4.0.conv2.weight: 75/512 channels masked
Layer layer4.0.downsample.0.weight: 137/512 channels masked
Layer layer4.1.conv1.weight: 97/512 channels masked
Layer layer4.1.conv2.weight: 135/512 channels masked
------------------------- time cost ------------------------- 9.129682779312134
ASR: 0.30532001186585866
attack_auc: 0.8202164071807359
Layer conv1.weight: 16/64 channels masked
Layer layer1.0.conv1.weight: 1/64 channels masked
Layer layer2.0.conv2.weight: 1/128 channels masked
Layer layer2.0.downsample.0.weight: 4/128 channels masked
Layer layer2.1.conv2.weight: 1/128 channels masked
Layer layer3.0.downsample.0.weight: 5/256 channels masked
Layer layer4.0.conv1.weight: 19/512 channels masked
Layer layer4.0.conv2.weight: 75/512 channels masked
Layer layer4.0.downsample.0.weight: 137/512 channels masked
Layer layer4.1.conv1.weight: 97/512 channels masked
Layer layer4.1.conv2.weight: 135/512 channels masked
------------------------- time cost ------------------------- 8.831356287002563
ASR: 0.30180867135579403
attack_auc: 0.8202341991175879
Layer conv1.weight: 16/64 channels masked
Layer layer1.0.conv1.weight: 1/64 channels masked
Layer layer2.0.conv2.weight: 1/128 channels masked
Layer layer2.0.downsample.0.weight: 4/128 channels masked
Layer layer2.1.conv2.weight: 1/128 channels masked
Layer layer3.0.downsample.0.weight: 5/256 channels masked
Layer layer4.0.conv1.weight: 19/512 channels masked
Layer layer4.0.conv2.weight: 75/512 channels masked
Layer layer4.0.downsample.0.weight: 137/512 channels masked
Layer layer4.1.conv1.weight: 97/512 channels masked
Layer layer4.1.conv2.weight: 135/512 channels masked
------------------------- time cost ------------------------- 7.939925670623779

-------------Round number: 670-------------

Evaluate personalized models
Averaged Train Loss: 0.1641
Averaged Test Accurancy: 0.7343
Averaged Test AUC: 0.9541
Std Test Accurancy: 0.0930
Std Test AUC: 0.0223
ASR: 0.2675200338632463
attack_auc: 0.8020182256162068
Layer conv1.weight: 17/64 channels masked
Layer layer1.0.conv1.weight: 1/64 channels masked
Layer layer2.0.conv2.weight: 1/128 channels masked
Layer layer2.0.downsample.0.weight: 4/128 channels masked
Layer layer2.1.conv2.weight: 1/128 channels masked
Layer layer3.0.downsample.0.weight: 5/256 channels masked
Layer layer4.0.conv1.weight: 19/512 channels masked
Layer layer4.0.conv2.weight: 75/512 channels masked
Layer layer4.0.downsample.0.weight: 137/512 channels masked
Layer layer4.1.conv1.weight: 97/512 channels masked
Layer layer4.1.conv2.weight: 135/512 channels masked
------------------------- time cost ------------------------- 16.385056257247925
ASR: 0.27419669559988125
attack_auc: 0.8023104779998582
Layer conv1.weight: 17/64 channels masked
Layer layer1.0.conv1.weight: 1/64 channels masked
Layer layer2.0.conv2.weight: 1/128 channels masked
Layer layer2.0.downsample.0.weight: 4/128 channels masked
Layer layer2.1.conv2.weight: 1/128 channels masked
Layer layer3.0.downsample.0.weight: 5/256 channels masked
Layer layer4.0.conv1.weight: 19/512 channels masked
Layer layer4.0.conv2.weight: 75/512 channels masked
Layer layer4.0.downsample.0.weight: 137/512 channels masked
Layer layer4.1.conv1.weight: 99/512 channels masked
Layer layer4.1.conv2.weight: 135/512 channels masked
------------------------- time cost ------------------------- 8.02817678451538
ASR: 0.3112830800869396
attack_auc: 0.8244982675375212
Layer conv1.weight: 17/64 channels masked
Layer layer1.0.conv1.weight: 1/64 channels masked
Layer layer2.0.conv2.weight: 1/128 channels masked
Layer layer2.0.downsample.0.weight: 4/128 channels masked
Layer layer2.1.conv2.weight: 1/128 channels masked
Layer layer3.0.downsample.0.weight: 5/256 channels masked
Layer layer4.0.conv1.weight: 21/512 channels masked
Layer layer4.0.conv2.weight: 75/512 channels masked
Layer layer4.0.downsample.0.weight: 137/512 channels masked
Layer layer4.1.conv1.weight: 99/512 channels masked
Layer layer4.1.conv2.weight: 135/512 channels masked
------------------------- time cost ------------------------- 7.4084930419921875
ASR: 0.29174738587839083
attack_auc: 0.8101378244663809
Layer conv1.weight: 17/64 channels masked
Layer layer1.0.conv1.weight: 1/64 channels masked
Layer layer2.0.conv2.weight: 1/128 channels masked
Layer layer2.0.downsample.0.weight: 4/128 channels masked
Layer layer2.1.conv2.weight: 1/128 channels masked
Layer layer3.0.downsample.0.weight: 5/256 channels masked
Layer layer4.0.conv1.weight: 21/512 channels masked
Layer layer4.0.conv2.weight: 75/512 channels masked
Layer layer4.0.downsample.0.weight: 137/512 channels masked
Layer layer4.1.conv1.weight: 99/512 channels masked
Layer layer4.1.conv2.weight: 135/512 channels masked
------------------------- time cost ------------------------- 8.502666234970093
ASR: 0.3275936046983006
attack_auc: 0.8318351237333047
Layer conv1.weight: 17/64 channels masked
Layer layer1.0.conv1.weight: 1/64 channels masked
Layer layer2.0.conv2.weight: 1/128 channels masked
Layer layer2.0.downsample.0.weight: 4/128 channels masked
Layer layer2.1.conv2.weight: 1/128 channels masked
Layer layer3.0.downsample.0.weight: 5/256 channels masked
Layer layer4.0.conv1.weight: 21/512 channels masked
Layer layer4.0.conv2.weight: 75/512 channels masked
Layer layer4.0.downsample.0.weight: 137/512 channels masked
Layer layer4.1.conv1.weight: 99/512 channels masked
Layer layer4.1.conv2.weight: 135/512 channels masked
------------------------- time cost ------------------------- 8.174941539764404
ASR: 0.3086609581313251
attack_auc: 0.8226618178302662
Layer conv1.weight: 17/64 channels masked
Layer layer1.0.conv1.weight: 1/64 channels masked
Layer layer2.0.conv2.weight: 1/128 channels masked
Layer layer2.0.downsample.0.weight: 4/128 channels masked
Layer layer2.1.conv2.weight: 1/128 channels masked
Layer layer3.0.downsample.0.weight: 5/256 channels masked
Layer layer4.0.conv1.weight: 21/512 channels masked
Layer layer4.0.conv2.weight: 75/512 channels masked
Layer layer4.0.downsample.0.weight: 137/512 channels masked
Layer layer4.1.conv1.weight: 99/512 channels masked
Layer layer4.1.conv2.weight: 135/512 channels masked
------------------------- time cost ------------------------- 8.71464991569519
ASR: 0.310514843800579
attack_auc: 0.8190936769937945
Layer conv1.weight: 17/64 channels masked
Layer layer1.0.conv1.weight: 1/64 channels masked
Layer layer2.0.conv2.weight: 1/128 channels masked
Layer layer2.0.downsample.0.weight: 4/128 channels masked
Layer layer2.1.conv2.weight: 1/128 channels masked
Layer layer3.0.downsample.0.weight: 5/256 channels masked
Layer layer4.0.conv1.weight: 21/512 channels masked
Layer layer4.0.conv2.weight: 75/512 channels masked
Layer layer4.0.downsample.0.weight: 137/512 channels masked
Layer layer4.1.conv1.weight: 99/512 channels masked
Layer layer4.1.conv2.weight: 135/512 channels masked
------------------------- time cost ------------------------- 8.888808012008667
ASR: 0.3087879667961634
attack_auc: 0.8274815098721638
Layer conv1.weight: 17/64 channels masked
Layer layer1.0.conv1.weight: 1/64 channels masked
Layer layer2.0.conv2.weight: 1/128 channels masked
Layer layer2.0.downsample.0.weight: 4/128 channels masked
Layer layer2.1.conv2.weight: 1/128 channels masked
Layer layer3.0.downsample.0.weight: 5/256 channels masked
Layer layer4.0.conv1.weight: 21/512 channels masked
Layer layer4.0.conv2.weight: 75/512 channels masked
Layer layer4.0.downsample.0.weight: 137/512 channels masked
Layer layer4.1.conv1.weight: 99/512 channels masked
Layer layer4.1.conv2.weight: 135/512 channels masked
------------------------- time cost ------------------------- 8.087002038955688
ASR: 0.3152324182128999
attack_auc: 0.827589195161808
Layer conv1.weight: 17/64 channels masked
Layer layer1.0.conv1.weight: 1/64 channels masked
Layer layer2.0.conv2.weight: 1/128 channels masked
Layer layer2.0.downsample.0.weight: 4/128 channels masked
Layer layer2.1.conv2.weight: 1/128 channels masked
Layer layer3.0.downsample.0.weight: 5/256 channels masked
Layer layer4.0.conv1.weight: 21/512 channels masked
Layer layer4.0.conv2.weight: 75/512 channels masked
Layer layer4.0.downsample.0.weight: 137/512 channels masked
Layer layer4.1.conv1.weight: 99/512 channels masked
Layer layer4.1.conv2.weight: 135/512 channels masked
------------------------- time cost ------------------------- 8.375544548034668
ASR: 0.3374003840924836
attack_auc: 0.8403554469120178
Layer conv1.weight: 17/64 channels masked
Layer layer1.0.conv1.weight: 1/64 channels masked
Layer layer2.0.conv2.weight: 1/128 channels masked
Layer layer2.0.downsample.0.weight: 4/128 channels masked
Layer layer2.1.conv2.weight: 1/128 channels masked
Layer layer3.0.downsample.0.weight: 5/256 channels masked
Layer layer4.0.conv1.weight: 22/512 channels masked
Layer layer4.0.conv2.weight: 75/512 channels masked
Layer layer4.0.downsample.0.weight: 137/512 channels masked
Layer layer4.1.conv1.weight: 99/512 channels masked
Layer layer4.1.conv2.weight: 135/512 channels masked
------------------------- time cost ------------------------- 8.687235116958618

-------------Round number: 680-------------

Evaluate personalized models
Averaged Train Loss: 0.1874
Averaged Test Accurancy: 0.7317
Averaged Test AUC: 0.9540
Std Test Accurancy: 0.1055
Std Test AUC: 0.0252
ASR: 0.3178214784673767
attack_auc: 0.8267161304389417
Layer conv1.weight: 17/64 channels masked
Layer layer1.0.conv1.weight: 1/64 channels masked
Layer layer2.0.conv2.weight: 1/128 channels masked
Layer layer2.0.downsample.0.weight: 4/128 channels masked
Layer layer2.1.conv2.weight: 1/128 channels masked
Layer layer3.0.downsample.0.weight: 5/256 channels masked
Layer layer4.0.conv1.weight: 22/512 channels masked
Layer layer4.0.conv2.weight: 77/512 channels masked
Layer layer4.0.downsample.0.weight: 137/512 channels masked
Layer layer4.1.conv1.weight: 101/512 channels masked
Layer layer4.1.conv2.weight: 135/512 channels masked
------------------------- time cost ------------------------- 16.96714735031128
ASR: 0.29770995574337805
attack_auc: 0.819235271532607
Layer conv1.weight: 16/64 channels masked
Layer layer1.0.conv1.weight: 1/64 channels masked
Layer layer2.0.conv2.weight: 1/128 channels masked
Layer layer2.0.downsample.0.weight: 4/128 channels masked
Layer layer2.1.conv2.weight: 1/128 channels masked
Layer layer3.0.downsample.0.weight: 5/256 channels masked
Layer layer4.0.conv1.weight: 22/512 channels masked
Layer layer4.0.conv2.weight: 77/512 channels masked
Layer layer4.0.downsample.0.weight: 137/512 channels masked
Layer layer4.1.conv1.weight: 101/512 channels masked
Layer layer4.1.conv2.weight: 135/512 channels masked
------------------------- time cost ------------------------- 8.243269205093384
ASR: 0.3582985415342849
attack_auc: 0.8397792086773256
Layer conv1.weight: 17/64 channels masked
Layer layer1.0.conv1.weight: 1/64 channels masked
Layer layer2.0.conv2.weight: 1/128 channels masked
Layer layer2.0.downsample.0.weight: 4/128 channels masked
Layer layer2.1.conv2.weight: 1/128 channels masked
Layer layer3.0.downsample.0.weight: 5/256 channels masked
Layer layer4.0.conv1.weight: 22/512 channels masked
Layer layer4.0.conv2.weight: 78/512 channels masked
Layer layer4.0.downsample.0.weight: 137/512 channels masked
Layer layer4.1.conv1.weight: 104/512 channels masked
Layer layer4.1.conv2.weight: 135/512 channels masked
------------------------- time cost ------------------------- 7.795652627944946
ASR: 0.33572486389244155
attack_auc: 0.8257697232546773
Layer conv1.weight: 17/64 channels masked
Layer layer1.0.conv1.weight: 1/64 channels masked
Layer layer2.0.conv2.weight: 1/128 channels masked
Layer layer2.0.downsample.0.weight: 4/128 channels masked
Layer layer2.1.conv2.weight: 1/128 channels masked
Layer layer3.0.downsample.0.weight: 5/256 channels masked
Layer layer4.0.conv1.weight: 22/512 channels masked
Layer layer4.0.conv2.weight: 78/512 channels masked
Layer layer4.0.downsample.0.weight: 137/512 channels masked
Layer layer4.1.conv1.weight: 104/512 channels masked
Layer layer4.1.conv2.weight: 135/512 channels masked
------------------------- time cost ------------------------- 8.153156280517578
ASR: 0.3682454780865928
attack_auc: 0.8423843780190837
Layer conv1.weight: 17/64 channels masked
Layer layer1.0.conv1.weight: 1/64 channels masked
Layer layer2.0.conv2.weight: 1/128 channels masked
Layer layer2.0.downsample.0.weight: 4/128 channels masked
Layer layer2.1.conv2.weight: 1/128 channels masked
Layer layer3.0.downsample.0.weight: 5/256 channels masked
Layer layer4.0.conv1.weight: 24/512 channels masked
Layer layer4.0.conv2.weight: 80/512 channels masked
Layer layer4.0.downsample.0.weight: 137/512 channels masked
Layer layer4.1.conv1.weight: 104/512 channels masked
Layer layer4.1.conv2.weight: 135/512 channels masked
------------------------- time cost ------------------------- 7.395346164703369
ASR: 0.331190791620547
attack_auc: 0.8276826470844754
Layer conv1.weight: 17/64 channels masked
Layer layer1.0.conv1.weight: 1/64 channels masked
Layer layer2.0.conv2.weight: 1/128 channels masked
Layer layer2.0.downsample.0.weight: 4/128 channels masked
Layer layer2.1.conv2.weight: 1/128 channels masked
Layer layer3.0.downsample.0.weight: 5/256 channels masked
Layer layer4.0.conv1.weight: 24/512 channels masked
Layer layer4.0.conv2.weight: 80/512 channels masked
Layer layer4.0.downsample.0.weight: 137/512 channels masked
Layer layer4.1.conv1.weight: 105/512 channels masked
Layer layer4.1.conv2.weight: 135/512 channels masked
------------------------- time cost ------------------------- 8.689681053161621
ASR: 0.32526122159937576
attack_auc: 0.8247593579777417
Layer conv1.weight: 17/64 channels masked
Layer layer1.0.conv1.weight: 1/64 channels masked
Layer layer2.0.conv2.weight: 1/128 channels masked
Layer layer2.0.downsample.0.weight: 4/128 channels masked
Layer layer2.1.conv2.weight: 1/128 channels masked
Layer layer3.0.downsample.0.weight: 5/256 channels masked
Layer layer4.0.conv1.weight: 24/512 channels masked
Layer layer4.0.conv2.weight: 80/512 channels masked
Layer layer4.0.downsample.0.weight: 136/512 channels masked
Layer layer4.1.conv1.weight: 105/512 channels masked
Layer layer4.1.conv2.weight: 135/512 channels masked
------------------------- time cost ------------------------- 7.172260999679565
ASR: 0.32885372436315996
attack_auc: 0.8178930245082464
Layer conv1.weight: 16/64 channels masked
Layer layer1.0.conv1.weight: 1/64 channels masked
Layer layer2.0.conv2.weight: 1/128 channels masked
Layer layer2.0.downsample.0.weight: 4/128 channels masked
Layer layer2.1.conv2.weight: 1/128 channels masked
Layer layer3.0.downsample.0.weight: 5/256 channels masked
Layer layer4.0.conv1.weight: 24/512 channels masked
Layer layer4.0.conv2.weight: 80/512 channels masked
Layer layer4.0.downsample.0.weight: 136/512 channels masked
Layer layer4.1.conv1.weight: 105/512 channels masked
Layer layer4.1.conv2.weight: 135/512 channels masked
------------------------- time cost ------------------------- 8.278818607330322
ASR: 0.38825688915492534
attack_auc: 0.8468748473663457
Layer conv1.weight: 16/64 channels masked
Layer layer1.0.conv1.weight: 1/64 channels masked
Layer layer2.0.conv2.weight: 1/128 channels masked
Layer layer2.0.downsample.0.weight: 4/128 channels masked
Layer layer2.1.conv2.weight: 1/128 channels masked
Layer layer3.0.downsample.0.weight: 5/256 channels masked
Layer layer4.0.conv1.weight: 24/512 channels masked
Layer layer4.0.conv2.weight: 80/512 channels masked
Layer layer4.0.downsample.0.weight: 137/512 channels masked
Layer layer4.1.conv1.weight: 105/512 channels masked
Layer layer4.1.conv2.weight: 134/512 channels masked
------------------------- time cost ------------------------- 8.12508249282837
ASR: 0.3863511691113578
attack_auc: 0.8513349301779014
Layer conv1.weight: 16/64 channels masked
Layer layer1.0.conv1.weight: 1/64 channels masked
Layer layer2.0.conv2.weight: 1/128 channels masked
Layer layer2.0.downsample.0.weight: 4/128 channels masked
Layer layer2.1.conv2.weight: 1/128 channels masked
Layer layer3.0.downsample.0.weight: 5/256 channels masked
Layer layer4.0.conv1.weight: 26/512 channels masked
Layer layer4.0.conv2.weight: 80/512 channels masked
Layer layer4.0.downsample.0.weight: 137/512 channels masked
Layer layer4.1.conv1.weight: 105/512 channels masked
Layer layer4.1.conv2.weight: 136/512 channels masked
------------------------- time cost ------------------------- 7.544951915740967

-------------Round number: 690-------------

Evaluate personalized models
Averaged Train Loss: 0.1556
Averaged Test Accurancy: 0.7336
Averaged Test AUC: 0.9550
Std Test Accurancy: 0.0906
Std Test AUC: 0.0219
ASR: 0.41098406700014867
attack_auc: 0.8544829217429591
Layer conv1.weight: 16/64 channels masked
Layer layer1.0.conv1.weight: 1/64 channels masked
Layer layer2.0.conv2.weight: 1/128 channels masked
Layer layer2.0.downsample.0.weight: 4/128 channels masked
Layer layer2.1.conv2.weight: 1/128 channels masked
Layer layer3.0.downsample.0.weight: 5/256 channels masked
Layer layer4.0.conv1.weight: 26/512 channels masked
Layer layer4.0.conv2.weight: 80/512 channels masked
Layer layer4.0.downsample.0.weight: 137/512 channels masked
Layer layer4.1.conv1.weight: 105/512 channels masked
Layer layer4.1.conv2.weight: 136/512 channels masked
------------------------- time cost ------------------------- 15.190202474594116
ASR: 0.41109384315259284
attack_auc: 0.8624082034838395
Layer conv1.weight: 16/64 channels masked
Layer layer1.0.conv1.weight: 1/64 channels masked
Layer layer2.0.conv2.weight: 1/128 channels masked
Layer layer2.0.downsample.0.weight: 4/128 channels masked
Layer layer2.1.conv2.weight: 1/128 channels masked
Layer layer3.0.downsample.0.weight: 5/256 channels masked
Layer layer4.0.conv1.weight: 26/512 channels masked
Layer layer4.0.conv2.weight: 80/512 channels masked
Layer layer4.0.downsample.0.weight: 137/512 channels masked
Layer layer4.1.conv1.weight: 105/512 channels masked
Layer layer4.1.conv2.weight: 136/512 channels masked
------------------------- time cost ------------------------- 7.7819013595581055
ASR: 0.4512290893688431
attack_auc: 0.8742737144099293
Layer conv1.weight: 15/64 channels masked
Layer layer1.0.conv1.weight: 1/64 channels masked
Layer layer2.0.conv2.weight: 1/128 channels masked
Layer layer2.0.downsample.0.weight: 4/128 channels masked
Layer layer2.1.conv2.weight: 1/128 channels masked
Layer layer3.0.downsample.0.weight: 5/256 channels masked
Layer layer4.0.conv1.weight: 26/512 channels masked
Layer layer4.0.conv2.weight: 80/512 channels masked
Layer layer4.0.downsample.0.weight: 137/512 channels masked
Layer layer4.1.conv1.weight: 105/512 channels masked
Layer layer4.1.conv2.weight: 136/512 channels masked
------------------------- time cost ------------------------- 8.249945163726807
ASR: 0.4231343103825791
attack_auc: 0.8651527777085513
Layer conv1.weight: 15/64 channels masked
Layer layer1.0.conv1.weight: 1/64 channels masked
Layer layer2.0.conv2.weight: 1/128 channels masked
Layer layer2.0.downsample.0.weight: 4/128 channels masked
Layer layer2.1.conv2.weight: 1/128 channels masked
Layer layer3.0.downsample.0.weight: 5/256 channels masked
Layer layer4.0.conv1.weight: 26/512 channels masked
Layer layer4.0.conv2.weight: 80/512 channels masked
Layer layer4.0.downsample.0.weight: 137/512 channels masked
Layer layer4.1.conv1.weight: 105/512 channels masked
Layer layer4.1.conv2.weight: 136/512 channels masked
------------------------- time cost ------------------------- 8.73754358291626
ASR: 0.4242333258335276
attack_auc: 0.8653728312252205
Layer conv1.weight: 15/64 channels masked
Layer layer1.0.conv1.weight: 1/64 channels masked
Layer layer2.0.conv2.weight: 1/128 channels masked
Layer layer2.0.downsample.0.weight: 4/128 channels masked
Layer layer2.1.conv2.weight: 1/128 channels masked
Layer layer3.0.downsample.0.weight: 5/256 channels masked
Layer layer4.0.conv1.weight: 26/512 channels masked
Layer layer4.0.conv2.weight: 80/512 channels masked
Layer layer4.0.downsample.0.weight: 137/512 channels masked
Layer layer4.1.conv1.weight: 105/512 channels masked
Layer layer4.1.conv2.weight: 136/512 channels masked
------------------------- time cost ------------------------- 8.472551345825195
ASR: 0.4265976174815901
attack_auc: 0.8686838630892318
Layer conv1.weight: 15/64 channels masked
Layer layer1.0.conv1.weight: 1/64 channels masked
Layer layer2.0.conv2.weight: 1/128 channels masked
Layer layer2.0.downsample.0.weight: 4/128 channels masked
Layer layer2.1.conv2.weight: 1/128 channels masked
Layer layer3.0.downsample.0.weight: 5/256 channels masked
Layer layer4.0.conv1.weight: 26/512 channels masked
Layer layer4.0.conv2.weight: 80/512 channels masked
Layer layer4.0.downsample.0.weight: 137/512 channels masked
Layer layer4.1.conv1.weight: 105/512 channels masked
Layer layer4.1.conv2.weight: 136/512 channels masked
------------------------- time cost ------------------------- 8.52261233329773
ASR: 0.44634664326587065
attack_auc: 0.8677446269980149
Layer conv1.weight: 15/64 channels masked
Layer layer1.0.conv1.weight: 1/64 channels masked
Layer layer2.0.conv2.weight: 1/128 channels masked
Layer layer2.0.downsample.0.weight: 4/128 channels masked
Layer layer2.1.conv2.weight: 1/128 channels masked
Layer layer3.0.downsample.0.weight: 5/256 channels masked
Layer layer4.0.conv1.weight: 25/512 channels masked
Layer layer4.0.conv2.weight: 80/512 channels masked
Layer layer4.0.downsample.0.weight: 137/512 channels masked
Layer layer4.1.conv1.weight: 105/512 channels masked
Layer layer4.1.conv2.weight: 136/512 channels masked
------------------------- time cost ------------------------- 9.64273977279663
ASR: 0.45176505439262216
attack_auc: 0.8679225749062932
Layer conv1.weight: 15/64 channels masked
Layer layer1.0.conv1.weight: 1/64 channels masked
Layer layer2.0.conv2.weight: 1/128 channels masked
Layer layer2.0.downsample.0.weight: 4/128 channels masked
Layer layer2.1.conv2.weight: 1/128 channels masked
Layer layer3.0.downsample.0.weight: 5/256 channels masked
Layer layer4.0.conv1.weight: 26/512 channels masked
Layer layer4.0.conv2.weight: 80/512 channels masked
Layer layer4.0.downsample.0.weight: 137/512 channels masked
Layer layer4.1.conv1.weight: 105/512 channels masked
Layer layer4.1.conv2.weight: 136/512 channels masked
------------------------- time cost ------------------------- 7.885956764221191
ASR: 0.42312047321684915
attack_auc: 0.8572361281867517
Layer conv1.weight: 15/64 channels masked
Layer layer1.0.conv1.weight: 1/64 channels masked
Layer layer2.0.conv2.weight: 1/128 channels masked
Layer layer2.0.downsample.0.weight: 4/128 channels masked
Layer layer2.1.conv2.weight: 1/128 channels masked
Layer layer3.0.downsample.0.weight: 5/256 channels masked
Layer layer4.0.conv1.weight: 28/512 channels masked
Layer layer4.0.conv2.weight: 80/512 channels masked
Layer layer4.0.downsample.0.weight: 137/512 channels masked
Layer layer4.1.conv1.weight: 106/512 channels masked
Layer layer4.1.conv2.weight: 136/512 channels masked
------------------------- time cost ------------------------- 7.320233583450317
ASR: 0.4226922895645371
attack_auc: 0.861996648777576
Layer conv1.weight: 15/64 channels masked
Layer layer1.0.conv1.weight: 1/64 channels masked
Layer layer2.0.conv2.weight: 1/128 channels masked
Layer layer2.0.downsample.0.weight: 4/128 channels masked
Layer layer2.1.conv2.weight: 1/128 channels masked
Layer layer3.0.downsample.0.weight: 5/256 channels masked
Layer layer4.0.conv1.weight: 28/512 channels masked
Layer layer4.0.conv2.weight: 80/512 channels masked
Layer layer4.0.downsample.0.weight: 137/512 channels masked
Layer layer4.1.conv1.weight: 106/512 channels masked
Layer layer4.1.conv2.weight: 136/512 channels masked
------------------------- time cost ------------------------- 9.051063299179077

-------------Round number: 700-------------

Evaluate personalized models
Averaged Train Loss: 0.0741
Averaged Test Accurancy: 0.7466
Averaged Test AUC: 0.9568
Std Test Accurancy: 0.0818
Std Test AUC: 0.0206
ASR: 0.4185286515558664
attack_auc: 0.8580162371657591
Layer conv1.weight: 15/64 channels masked
Layer layer1.0.conv1.weight: 1/64 channels masked
Layer layer2.0.conv2.weight: 1/128 channels masked
Layer layer2.0.downsample.0.weight: 4/128 channels masked
Layer layer2.1.conv2.weight: 1/128 channels masked
Layer layer3.0.downsample.0.weight: 5/256 channels masked
Layer layer4.0.conv1.weight: 28/512 channels masked
Layer layer4.0.conv2.weight: 80/512 channels masked
Layer layer4.0.downsample.0.weight: 137/512 channels masked
Layer layer4.1.conv1.weight: 106/512 channels masked
Layer layer4.1.conv2.weight: 136/512 channels masked
------------------------- time cost ------------------------- 17.295034408569336
ASR: 0.43146959926702366
attack_auc: 0.8668738804700652
Layer conv1.weight: 15/64 channels masked
Layer layer1.0.conv1.weight: 1/64 channels masked
Layer layer2.0.conv2.weight: 1/128 channels masked
Layer layer2.0.downsample.0.weight: 4/128 channels masked
Layer layer2.1.conv2.weight: 1/128 channels masked
Layer layer3.0.downsample.0.weight: 5/256 channels masked
Layer layer4.0.conv1.weight: 28/512 channels masked
Layer layer4.0.conv2.weight: 80/512 channels masked
Layer layer4.0.downsample.0.weight: 137/512 channels masked
Layer layer4.1.conv1.weight: 106/512 channels masked
Layer layer4.1.conv2.weight: 136/512 channels masked
------------------------- time cost ------------------------- 9.263231992721558
ASR: 0.3956987145807219
attack_auc: 0.8565463188340633
Layer conv1.weight: 16/64 channels masked
Layer layer1.0.conv1.weight: 1/64 channels masked
Layer layer2.0.conv2.weight: 1/128 channels masked
Layer layer2.0.downsample.0.weight: 4/128 channels masked
Layer layer2.1.conv2.weight: 1/128 channels masked
Layer layer3.0.downsample.0.weight: 5/256 channels masked
Layer layer4.0.conv1.weight: 28/512 channels masked
Layer layer4.0.conv2.weight: 80/512 channels masked
Layer layer4.0.downsample.0.weight: 137/512 channels masked
Layer layer4.1.conv1.weight: 106/512 channels masked
Layer layer4.1.conv2.weight: 136/512 channels masked
------------------------- time cost ------------------------- 8.290834665298462
ASR: 0.3923157002441521
attack_auc: 0.854644624220278
Layer conv1.weight: 16/64 channels masked
Layer layer1.0.conv1.weight: 1/64 channels masked
Layer layer2.0.conv2.weight: 1/128 channels masked
Layer layer2.0.downsample.0.weight: 4/128 channels masked
Layer layer2.1.conv2.weight: 1/128 channels masked
Layer layer3.0.downsample.0.weight: 5/256 channels masked
Layer layer4.0.conv1.weight: 28/512 channels masked
Layer layer4.0.conv2.weight: 81/512 channels masked
Layer layer4.0.downsample.0.weight: 137/512 channels masked
Layer layer4.1.conv1.weight: 107/512 channels masked
Layer layer4.1.conv2.weight: 136/512 channels masked
------------------------- time cost ------------------------- 7.016520023345947
ASR: 0.3955245947380984
attack_auc: 0.8538786198966523
Layer conv1.weight: 16/64 channels masked
Layer layer1.0.conv1.weight: 1/64 channels masked
Layer layer2.0.conv2.weight: 1/128 channels masked
Layer layer2.0.downsample.0.weight: 4/128 channels masked
Layer layer2.1.conv2.weight: 1/128 channels masked
Layer layer3.0.downsample.0.weight: 5/256 channels masked
Layer layer4.0.conv1.weight: 29/512 channels masked
Layer layer4.0.conv2.weight: 83/512 channels masked
Layer layer4.0.downsample.0.weight: 138/512 channels masked
Layer layer4.1.conv1.weight: 107/512 channels masked
Layer layer4.1.conv2.weight: 136/512 channels masked
------------------------- time cost ------------------------- 8.020427942276001
ASR: 0.3526514493774446
attack_auc: 0.8377742105225612
Layer conv1.weight: 16/64 channels masked
Layer layer1.0.conv1.weight: 1/64 channels masked
Layer layer2.0.conv2.weight: 1/128 channels masked
Layer layer2.0.downsample.0.weight: 4/128 channels masked
Layer layer2.1.conv2.weight: 1/128 channels masked
Layer layer3.0.downsample.0.weight: 5/256 channels masked
Layer layer4.0.conv1.weight: 29/512 channels masked
Layer layer4.0.conv2.weight: 80/512 channels masked
Layer layer4.0.downsample.0.weight: 138/512 channels masked
Layer layer4.1.conv1.weight: 107/512 channels masked
Layer layer4.1.conv2.weight: 135/512 channels masked
------------------------- time cost ------------------------- 7.036567687988281
ASR: 0.32765351200832027
attack_auc: 0.8349270804273731
Layer conv1.weight: 16/64 channels masked
Layer layer1.0.conv1.weight: 1/64 channels masked
Layer layer2.0.conv2.weight: 1/128 channels masked
Layer layer2.0.downsample.0.weight: 4/128 channels masked
Layer layer2.1.conv2.weight: 1/128 channels masked
Layer layer3.0.downsample.0.weight: 5/256 channels masked
Layer layer4.0.conv1.weight: 29/512 channels masked
Layer layer4.0.conv2.weight: 83/512 channels masked
Layer layer4.0.downsample.0.weight: 138/512 channels masked
Layer layer4.1.conv1.weight: 107/512 channels masked
Layer layer4.1.conv2.weight: 136/512 channels masked
------------------------- time cost ------------------------- 8.16299033164978
ASR: 0.34608063969497116
attack_auc: 0.8400013211292743
Layer conv1.weight: 15/64 channels masked
Layer layer1.0.conv1.weight: 1/64 channels masked
Layer layer2.0.conv2.weight: 1/128 channels masked
Layer layer2.0.downsample.0.weight: 4/128 channels masked
Layer layer2.1.conv2.weight: 1/128 channels masked
Layer layer3.0.downsample.0.weight: 5/256 channels masked
Layer layer4.0.conv1.weight: 29/512 channels masked
Layer layer4.0.conv2.weight: 80/512 channels masked
Layer layer4.0.downsample.0.weight: 138/512 channels masked
Layer layer4.1.conv1.weight: 107/512 channels masked
Layer layer4.1.conv2.weight: 136/512 channels masked
------------------------- time cost ------------------------- 8.941623210906982
ASR: 0.3725537189566363
attack_auc: 0.847526932728566
Layer conv1.weight: 16/64 channels masked
Layer layer1.0.conv1.weight: 1/64 channels masked
Layer layer2.0.conv2.weight: 1/128 channels masked
Layer layer2.0.downsample.0.weight: 4/128 channels masked
Layer layer2.1.conv2.weight: 1/128 channels masked
Layer layer3.0.downsample.0.weight: 5/256 channels masked
Layer layer4.0.conv1.weight: 29/512 channels masked
Layer layer4.0.conv2.weight: 82/512 channels masked
Layer layer4.0.downsample.0.weight: 138/512 channels masked
Layer layer4.1.conv1.weight: 107/512 channels masked
Layer layer4.1.conv2.weight: 136/512 channels masked
------------------------- time cost ------------------------- 7.125099182128906
ASR: 0.3304971134674881
attack_auc: 0.8305555698323276
Layer conv1.weight: 16/64 channels masked
Layer layer1.0.conv1.weight: 1/64 channels masked
Layer layer2.0.conv2.weight: 1/128 channels masked
Layer layer2.0.downsample.0.weight: 4/128 channels masked
Layer layer2.1.conv2.weight: 1/128 channels masked
Layer layer3.0.downsample.0.weight: 5/256 channels masked
Layer layer4.0.conv1.weight: 29/512 channels masked
Layer layer4.0.conv2.weight: 82/512 channels masked
Layer layer4.0.downsample.0.weight: 138/512 channels masked
Layer layer4.1.conv1.weight: 107/512 channels masked
Layer layer4.1.conv2.weight: 136/512 channels masked
------------------------- time cost ------------------------- 9.073026895523071

-------------Round number: 710-------------

Evaluate personalized models
Averaged Train Loss: 0.1431
Averaged Test Accurancy: 0.7367
Averaged Test AUC: 0.9550
Std Test Accurancy: 0.0921
Std Test AUC: 0.0220
ASR: 0.3191042918655312
attack_auc: 0.8262841666514112
Layer conv1.weight: 16/64 channels masked
Layer layer1.0.conv1.weight: 1/64 channels masked
Layer layer2.0.conv2.weight: 1/128 channels masked
Layer layer2.0.downsample.0.weight: 4/128 channels masked
Layer layer2.1.conv2.weight: 1/128 channels masked
Layer layer3.0.downsample.0.weight: 5/256 channels masked
Layer layer4.0.conv1.weight: 31/512 channels masked
Layer layer4.0.conv2.weight: 84/512 channels masked
Layer layer4.0.downsample.0.weight: 138/512 channels masked
Layer layer4.1.conv1.weight: 107/512 channels masked
Layer layer4.1.conv2.weight: 136/512 channels masked
------------------------- time cost ------------------------- 15.270061254501343
ASR: 0.3556898919229273
attack_auc: 0.8414725049112821
Layer conv1.weight: 16/64 channels masked
Layer layer1.0.conv1.weight: 1/64 channels masked
Layer layer2.0.conv2.weight: 1/128 channels masked
Layer layer2.0.downsample.0.weight: 4/128 channels masked
Layer layer2.1.conv2.weight: 1/128 channels masked
Layer layer3.0.downsample.0.weight: 5/256 channels masked
Layer layer4.0.conv1.weight: 31/512 channels masked
Layer layer4.0.conv2.weight: 84/512 channels masked
Layer layer4.0.downsample.0.weight: 138/512 channels masked
Layer layer4.1.conv1.weight: 107/512 channels masked
Layer layer4.1.conv2.weight: 136/512 channels masked
------------------------- time cost ------------------------- 7.140637397766113
ASR: 0.3502352847252197
attack_auc: 0.8424883277038164
Layer conv1.weight: 18/64 channels masked
Layer layer1.0.conv1.weight: 1/64 channels masked
Layer layer2.0.conv2.weight: 1/128 channels masked
Layer layer2.0.downsample.0.weight: 4/128 channels masked
Layer layer2.1.conv2.weight: 1/128 channels masked
Layer layer3.0.downsample.0.weight: 5/256 channels masked
Layer layer4.0.conv1.weight: 31/512 channels masked
Layer layer4.0.conv2.weight: 84/512 channels masked
Layer layer4.0.downsample.0.weight: 138/512 channels masked
Layer layer4.1.conv1.weight: 107/512 channels masked
Layer layer4.1.conv2.weight: 136/512 channels masked
------------------------- time cost ------------------------- 8.079503297805786
ASR: 0.38258647625894254
attack_auc: 0.850992279315579
Layer conv1.weight: 17/64 channels masked
Layer layer1.0.conv1.weight: 1/64 channels masked
Layer layer2.0.conv2.weight: 1/128 channels masked
Layer layer2.0.downsample.0.weight: 4/128 channels masked
Layer layer2.1.conv2.weight: 1/128 channels masked
Layer layer3.0.downsample.0.weight: 5/256 channels masked
Layer layer4.0.conv1.weight: 31/512 channels masked
Layer layer4.0.conv2.weight: 84/512 channels masked
Layer layer4.0.downsample.0.weight: 138/512 channels masked
Layer layer4.1.conv1.weight: 107/512 channels masked
Layer layer4.1.conv2.weight: 136/512 channels masked
------------------------- time cost ------------------------- 7.778101444244385
ASR: 0.39296974663796613
attack_auc: 0.8602414935696697
Layer conv1.weight: 15/64 channels masked
Layer layer1.0.conv1.weight: 1/64 channels masked
Layer layer2.0.downsample.0.weight: 4/128 channels masked
Layer layer3.0.downsample.0.weight: 5/256 channels masked
Layer layer4.0.conv1.weight: 31/512 channels masked
Layer layer4.0.conv2.weight: 71/512 channels masked
Layer layer4.0.downsample.0.weight: 138/512 channels masked
Layer layer4.1.conv1.weight: 107/512 channels masked
Layer layer4.1.conv2.weight: 135/512 channels masked
------------------------- time cost ------------------------- 7.929057598114014
ASR: 0.4099024173350907
attack_auc: 0.8641713834797956
Layer conv1.weight: 18/64 channels masked
Layer layer1.0.conv1.weight: 1/64 channels masked
Layer layer2.0.conv2.weight: 1/128 channels masked
Layer layer2.0.downsample.0.weight: 4/128 channels masked
Layer layer2.1.conv2.weight: 1/128 channels masked
Layer layer3.0.downsample.0.weight: 5/256 channels masked
Layer layer4.0.conv1.weight: 31/512 channels masked
Layer layer4.0.conv2.weight: 81/512 channels masked
Layer layer4.0.downsample.0.weight: 138/512 channels masked
Layer layer4.1.conv1.weight: 107/512 channels masked
Layer layer4.1.conv2.weight: 136/512 channels masked
------------------------- time cost ------------------------- 7.669541120529175
ASR: 0.4273516767074468
attack_auc: 0.8724837174913198
Layer conv1.weight: 19/64 channels masked
Layer layer1.0.conv1.weight: 1/64 channels masked
Layer layer2.0.conv2.weight: 1/128 channels masked
Layer layer2.0.downsample.0.weight: 4/128 channels masked
Layer layer2.1.conv2.weight: 1/128 channels masked
Layer layer3.0.downsample.0.weight: 5/256 channels masked
Layer layer4.0.conv1.weight: 31/512 channels masked
Layer layer4.0.conv2.weight: 86/512 channels masked
Layer layer4.0.downsample.0.weight: 138/512 channels masked
Layer layer4.1.conv1.weight: 108/512 channels masked
Layer layer4.1.conv2.weight: 136/512 channels masked
------------------------- time cost ------------------------- 8.002599477767944
ASR: 0.4425876086481273
attack_auc: 0.8735182666334056
Layer conv1.weight: 19/64 channels masked
Layer layer1.0.conv1.weight: 1/64 channels masked
Layer layer2.0.conv2.weight: 1/128 channels masked
Layer layer2.0.downsample.0.weight: 4/128 channels masked
Layer layer2.1.conv2.weight: 1/128 channels masked
Layer layer3.0.downsample.0.weight: 5/256 channels masked
Layer layer4.0.conv1.weight: 31/512 channels masked
Layer layer4.0.conv2.weight: 86/512 channels masked
Layer layer4.0.downsample.0.weight: 138/512 channels masked
Layer layer4.1.conv1.weight: 108/512 channels masked
Layer layer4.1.conv2.weight: 136/512 channels masked
------------------------- time cost ------------------------- 8.189659595489502
ASR: 0.48350404745150566
attack_auc: 0.8842107721953308
Layer conv1.weight: 18/64 channels masked
Layer layer1.0.conv1.weight: 1/64 channels masked
Layer layer2.0.conv2.weight: 1/128 channels masked
Layer layer2.0.downsample.0.weight: 4/128 channels masked
Layer layer2.1.conv2.weight: 1/128 channels masked
Layer layer3.0.downsample.0.weight: 5/256 channels masked
Layer layer4.0.conv1.weight: 30/512 channels masked
Layer layer4.0.conv2.weight: 86/512 channels masked
Layer layer4.0.downsample.0.weight: 138/512 channels masked
Layer layer4.1.conv1.weight: 108/512 channels masked
Layer layer4.1.conv2.weight: 136/512 channels masked
------------------------- time cost ------------------------- 8.362495183944702
ASR: 0.4527646462195171
attack_auc: 0.876237378982925
Layer conv1.weight: 19/64 channels masked
Layer layer1.0.conv1.weight: 1/64 channels masked
Layer layer2.0.conv2.weight: 1/128 channels masked
Layer layer2.0.downsample.0.weight: 4/128 channels masked
Layer layer2.1.conv2.weight: 1/128 channels masked
Layer layer3.0.downsample.0.weight: 5/256 channels masked
Layer layer4.0.conv1.weight: 30/512 channels masked
Layer layer4.0.conv2.weight: 81/512 channels masked
Layer layer4.0.downsample.0.weight: 138/512 channels masked
Layer layer4.1.conv1.weight: 108/512 channels masked
Layer layer4.1.conv2.weight: 139/512 channels masked
------------------------- time cost ------------------------- 7.712276458740234

-------------Round number: 720-------------

Evaluate personalized models
Averaged Train Loss: 0.1668
Averaged Test Accurancy: 0.7300
Averaged Test AUC: 0.9507
Std Test Accurancy: 0.1104
Std Test AUC: 0.0360
ASR: 0.5257726599989508
attack_auc: 0.8963602821721213
Layer conv1.weight: 19/64 channels masked
Layer layer1.0.conv1.weight: 1/64 channels masked
Layer layer2.0.conv2.weight: 1/128 channels masked
Layer layer2.0.downsample.0.weight: 4/128 channels masked
Layer layer2.1.conv2.weight: 1/128 channels masked
Layer layer3.0.downsample.0.weight: 5/256 channels masked
Layer layer4.0.conv1.weight: 32/512 channels masked
Layer layer4.0.conv2.weight: 85/512 channels masked
Layer layer4.0.downsample.0.weight: 138/512 channels masked
Layer layer4.1.conv1.weight: 109/512 channels masked
Layer layer4.1.conv2.weight: 140/512 channels masked
------------------------- time cost ------------------------- 14.870357990264893
ASR: 0.49494454724111814
attack_auc: 0.8835636408305733
Layer conv1.weight: 19/64 channels masked
Layer layer1.0.conv1.weight: 1/64 channels masked
Layer layer2.0.conv2.weight: 1/128 channels masked
Layer layer2.0.downsample.0.weight: 4/128 channels masked
Layer layer2.1.conv2.weight: 1/128 channels masked
Layer layer3.0.downsample.0.weight: 5/256 channels masked
Layer layer4.0.conv1.weight: 32/512 channels masked
Layer layer4.0.conv2.weight: 86/512 channels masked
Layer layer4.0.downsample.0.weight: 138/512 channels masked
Layer layer4.1.conv1.weight: 109/512 channels masked
Layer layer4.1.conv2.weight: 141/512 channels masked
------------------------- time cost ------------------------- 8.028152465820312
ASR: 0.48586984153666885
attack_auc: 0.8815448793565334
Layer conv1.weight: 17/64 channels masked
Layer layer1.0.conv1.weight: 1/64 channels masked
Layer layer2.0.conv2.weight: 1/128 channels masked
Layer layer2.0.downsample.0.weight: 4/128 channels masked
Layer layer2.1.conv2.weight: 1/128 channels masked
Layer layer3.0.downsample.0.weight: 5/256 channels masked
Layer layer4.0.conv1.weight: 31/512 channels masked
Layer layer4.0.conv2.weight: 84/512 channels masked
Layer layer4.0.downsample.0.weight: 138/512 channels masked
Layer layer4.1.conv1.weight: 109/512 channels masked
Layer layer4.1.conv2.weight: 142/512 channels masked
------------------------- time cost ------------------------- 8.127269268035889
ASR: 0.4929108568735104
attack_auc: 0.8788789834671443
Layer conv1.weight: 18/64 channels masked
Layer layer1.0.conv1.weight: 1/64 channels masked
Layer layer2.0.conv2.weight: 1/128 channels masked
Layer layer2.0.downsample.0.weight: 4/128 channels masked
Layer layer2.1.conv2.weight: 1/128 channels masked
Layer layer3.0.downsample.0.weight: 5/256 channels masked
Layer layer4.0.conv1.weight: 32/512 channels masked
Layer layer4.0.conv2.weight: 84/512 channels masked
Layer layer4.0.downsample.0.weight: 138/512 channels masked
Layer layer4.1.conv1.weight: 109/512 channels masked
Layer layer4.1.conv2.weight: 142/512 channels masked
------------------------- time cost ------------------------- 8.039640188217163
ASR: 0.4546862083747757
attack_auc: 0.8693281866669041
Layer conv1.weight: 18/64 channels masked
Layer layer1.0.conv1.weight: 1/64 channels masked
Layer layer2.0.conv2.weight: 1/128 channels masked
Layer layer2.0.downsample.0.weight: 4/128 channels masked
Layer layer2.1.conv2.weight: 1/128 channels masked
Layer layer3.0.downsample.0.weight: 5/256 channels masked
Layer layer4.0.conv1.weight: 31/512 channels masked
Layer layer4.0.conv2.weight: 83/512 channels masked
Layer layer4.0.downsample.0.weight: 138/512 channels masked
Layer layer4.1.conv1.weight: 109/512 channels masked
Layer layer4.1.conv2.weight: 142/512 channels masked
------------------------- time cost ------------------------- 8.452560901641846
ASR: 0.4637433870215973
attack_auc: 0.8748517154863241
Layer conv1.weight: 18/64 channels masked
Layer layer1.0.conv1.weight: 1/64 channels masked
Layer layer2.0.conv2.weight: 1/128 channels masked
Layer layer2.0.downsample.0.weight: 4/128 channels masked
Layer layer2.1.conv2.weight: 1/128 channels masked
Layer layer3.0.downsample.0.weight: 5/256 channels masked
Layer layer4.0.conv1.weight: 31/512 channels masked
Layer layer4.0.conv2.weight: 83/512 channels masked
Layer layer4.0.downsample.0.weight: 138/512 channels masked
Layer layer4.1.conv1.weight: 109/512 channels masked
Layer layer4.1.conv2.weight: 142/512 channels masked
------------------------- time cost ------------------------- 8.65459656715393
ASR: 0.4464458564959666
attack_auc: 0.8673853127894113
Layer conv1.weight: 21/64 channels masked
Layer layer1.0.conv1.weight: 1/64 channels masked
Layer layer2.0.conv2.weight: 1/128 channels masked
Layer layer2.0.downsample.0.weight: 4/128 channels masked
Layer layer2.1.conv2.weight: 1/128 channels masked
Layer layer3.0.downsample.0.weight: 5/256 channels masked
Layer layer4.0.conv1.weight: 31/512 channels masked
Layer layer4.0.conv2.weight: 86/512 channels masked
Layer layer4.0.downsample.0.weight: 138/512 channels masked
Layer layer4.1.conv1.weight: 109/512 channels masked
Layer layer4.1.conv2.weight: 145/512 channels masked
------------------------- time cost ------------------------- 7.159319877624512
ASR: 0.41317843464293685
attack_auc: 0.8567777333659042
Layer conv1.weight: 21/64 channels masked
Layer layer1.0.conv1.weight: 1/64 channels masked
Layer layer2.0.conv2.weight: 1/128 channels masked
Layer layer2.0.downsample.0.weight: 4/128 channels masked
Layer layer2.1.conv2.weight: 1/128 channels masked
Layer layer3.0.downsample.0.weight: 5/256 channels masked
Layer layer4.0.conv1.weight: 31/512 channels masked
Layer layer4.0.conv2.weight: 87/512 channels masked
Layer layer4.0.downsample.0.weight: 138/512 channels masked
Layer layer4.1.conv1.weight: 109/512 channels masked
Layer layer4.1.conv2.weight: 145/512 channels masked
------------------------- time cost ------------------------- 8.16805124282837
ASR: 0.43944233617668294
attack_auc: 0.8695348771830003
Layer conv1.weight: 21/64 channels masked
Layer layer1.0.conv1.weight: 1/64 channels masked
Layer layer2.0.conv2.weight: 1/128 channels masked
Layer layer2.0.downsample.0.weight: 4/128 channels masked
Layer layer2.1.conv2.weight: 1/128 channels masked
Layer layer3.0.downsample.0.weight: 5/256 channels masked
Layer layer4.0.conv1.weight: 31/512 channels masked
Layer layer4.0.conv2.weight: 87/512 channels masked
Layer layer4.0.downsample.0.weight: 138/512 channels masked
Layer layer4.1.conv1.weight: 109/512 channels masked
Layer layer4.1.conv2.weight: 145/512 channels masked
------------------------- time cost ------------------------- 6.6821722984313965
ASR: 0.4352471938156248
attack_auc: 0.8676247159319036
Layer conv1.weight: 20/64 channels masked
Layer layer1.0.conv1.weight: 1/64 channels masked
Layer layer2.0.conv2.weight: 1/128 channels masked
Layer layer2.0.downsample.0.weight: 4/128 channels masked
Layer layer2.1.conv2.weight: 1/128 channels masked
Layer layer3.0.downsample.0.weight: 5/256 channels masked
Layer layer4.0.conv1.weight: 31/512 channels masked
Layer layer4.0.conv2.weight: 87/512 channels masked
Layer layer4.0.downsample.0.weight: 138/512 channels masked
Layer layer4.1.conv1.weight: 109/512 channels masked
Layer layer4.1.conv2.weight: 146/512 channels masked
------------------------- time cost ------------------------- 6.913797616958618

-------------Round number: 730-------------

Evaluate personalized models
Averaged Train Loss: 0.2844
Averaged Test Accurancy: 0.7104
Averaged Test AUC: 0.9468
Std Test Accurancy: 0.1262
Std Test AUC: 0.0374
ASR: 0.4516392207747218
attack_auc: 0.8729048830068454
Layer conv1.weight: 20/64 channels masked
Layer layer1.0.conv1.weight: 1/64 channels masked
Layer layer2.0.conv2.weight: 1/128 channels masked
Layer layer2.0.downsample.0.weight: 4/128 channels masked
Layer layer2.1.conv2.weight: 1/128 channels masked
Layer layer3.0.downsample.0.weight: 5/256 channels masked
Layer layer4.0.conv1.weight: 31/512 channels masked
Layer layer4.0.conv2.weight: 87/512 channels masked
Layer layer4.0.downsample.0.weight: 138/512 channels masked
Layer layer4.1.conv1.weight: 109/512 channels masked
Layer layer4.1.conv2.weight: 146/512 channels masked
------------------------- time cost ------------------------- 15.301055192947388
ASR: 0.4489239876070065
attack_auc: 0.8740692621987625
Layer conv1.weight: 20/64 channels masked
Layer layer1.0.conv1.weight: 1/64 channels masked
Layer layer2.0.conv2.weight: 1/128 channels masked
Layer layer2.0.downsample.0.weight: 4/128 channels masked
Layer layer2.1.conv2.weight: 1/128 channels masked
Layer layer3.0.downsample.0.weight: 5/256 channels masked
Layer layer4.0.conv1.weight: 32/512 channels masked
Layer layer4.0.conv2.weight: 88/512 channels masked
Layer layer4.0.downsample.0.weight: 138/512 channels masked
Layer layer4.1.conv1.weight: 109/512 channels masked
Layer layer4.1.conv2.weight: 146/512 channels masked
------------------------- time cost ------------------------- 8.07004714012146
ASR: 0.43857832085290366
attack_auc: 0.8757438674246962
Layer conv1.weight: 17/64 channels masked
Layer layer1.0.conv1.weight: 1/64 channels masked
Layer layer2.0.conv2.weight: 1/128 channels masked
Layer layer2.0.downsample.0.weight: 4/128 channels masked
Layer layer2.1.conv2.weight: 1/128 channels masked
Layer layer3.0.downsample.0.weight: 5/256 channels masked
Layer layer4.0.conv1.weight: 32/512 channels masked
Layer layer4.0.conv2.weight: 87/512 channels masked
Layer layer4.0.downsample.0.weight: 138/512 channels masked
Layer layer4.1.conv1.weight: 108/512 channels masked
Layer layer4.1.conv2.weight: 146/512 channels masked
------------------------- time cost ------------------------- 8.560332298278809
ASR: 0.4022335506611876
attack_auc: 0.8583248401381677
Layer conv1.weight: 18/64 channels masked
Layer layer1.0.conv1.weight: 1/64 channels masked
Layer layer2.0.conv2.weight: 1/128 channels masked
Layer layer2.0.downsample.0.weight: 4/128 channels masked
Layer layer2.1.conv2.weight: 1/128 channels masked
Layer layer3.0.downsample.0.weight: 5/256 channels masked
Layer layer4.0.conv1.weight: 32/512 channels masked
Layer layer4.0.conv2.weight: 88/512 channels masked
Layer layer4.0.downsample.0.weight: 138/512 channels masked
Layer layer4.1.conv1.weight: 108/512 channels masked
Layer layer4.1.conv2.weight: 146/512 channels masked
------------------------- time cost ------------------------- 8.577529430389404
ASR: 0.4075434609939627
attack_auc: 0.8597458460224174
Layer conv1.weight: 18/64 channels masked
Layer layer1.0.conv1.weight: 1/64 channels masked
Layer layer2.0.conv2.weight: 1/128 channels masked
Layer layer2.0.downsample.0.weight: 4/128 channels masked
Layer layer2.1.conv2.weight: 1/128 channels masked
Layer layer3.0.downsample.0.weight: 5/256 channels masked
Layer layer4.0.conv1.weight: 32/512 channels masked
Layer layer4.0.conv2.weight: 88/512 channels masked
Layer layer4.0.downsample.0.weight: 138/512 channels masked
Layer layer4.1.conv1.weight: 108/512 channels masked
Layer layer4.1.conv2.weight: 146/512 channels masked
------------------------- time cost ------------------------- 8.839016199111938
ASR: 0.3980781348889163
attack_auc: 0.86139847169994
Layer conv1.weight: 18/64 channels masked
Layer layer1.0.conv1.weight: 1/64 channels masked
Layer layer2.0.conv2.weight: 1/128 channels masked
Layer layer2.0.downsample.0.weight: 4/128 channels masked
Layer layer2.1.conv2.weight: 1/128 channels masked
Layer layer3.0.downsample.0.weight: 5/256 channels masked
Layer layer4.0.conv1.weight: 32/512 channels masked
Layer layer4.0.conv2.weight: 88/512 channels masked
Layer layer4.0.downsample.0.weight: 138/512 channels masked
Layer layer4.1.conv1.weight: 109/512 channels masked
Layer layer4.1.conv2.weight: 146/512 channels masked
------------------------- time cost ------------------------- 8.531137943267822
ASR: 0.381089641794706
attack_auc: 0.8570078711393795
Layer conv1.weight: 18/64 channels masked
Layer layer1.0.conv1.weight: 1/64 channels masked
Layer layer2.0.conv2.weight: 1/128 channels masked
Layer layer2.0.downsample.0.weight: 4/128 channels masked
Layer layer2.1.conv2.weight: 1/128 channels masked
Layer layer3.0.downsample.0.weight: 5/256 channels masked
Layer layer4.0.conv1.weight: 32/512 channels masked
Layer layer4.0.conv2.weight: 88/512 channels masked
Layer layer4.0.downsample.0.weight: 138/512 channels masked
Layer layer4.1.conv1.weight: 109/512 channels masked
Layer layer4.1.conv2.weight: 146/512 channels masked
------------------------- time cost ------------------------- 8.733319282531738
ASR: 0.37862047024549084
attack_auc: 0.8551684274738002
Layer conv1.weight: 18/64 channels masked
Layer layer1.0.conv1.weight: 1/64 channels masked
Layer layer2.0.downsample.0.weight: 4/128 channels masked
Layer layer2.1.conv2.weight: 1/128 channels masked
Layer layer3.0.downsample.0.weight: 5/256 channels masked
Layer layer4.0.conv1.weight: 32/512 channels masked
Layer layer4.0.conv2.weight: 83/512 channels masked
Layer layer4.0.downsample.0.weight: 138/512 channels masked
Layer layer4.1.conv1.weight: 109/512 channels masked
Layer layer4.1.conv2.weight: 145/512 channels masked
------------------------- time cost ------------------------- 8.773554563522339
ASR: 0.3859489629420547
attack_auc: 0.8474919653977133
Layer conv1.weight: 17/64 channels masked
Layer layer1.0.conv1.weight: 1/64 channels masked
Layer layer2.0.conv2.weight: 1/128 channels masked
Layer layer2.0.downsample.0.weight: 4/128 channels masked
Layer layer2.1.conv2.weight: 1/128 channels masked
Layer layer3.0.downsample.0.weight: 5/256 channels masked
Layer layer4.0.conv1.weight: 32/512 channels masked
Layer layer4.0.conv2.weight: 88/512 channels masked
Layer layer4.0.downsample.0.weight: 138/512 channels masked
Layer layer4.1.conv1.weight: 109/512 channels masked
Layer layer4.1.conv2.weight: 146/512 channels masked
------------------------- time cost ------------------------- 8.05152177810669
ASR: 0.4015855976939808
attack_auc: 0.8553034549114413
Layer conv1.weight: 17/64 channels masked
Layer layer1.0.conv1.weight: 1/64 channels masked
Layer layer2.0.conv2.weight: 1/128 channels masked
Layer layer2.0.downsample.0.weight: 4/128 channels masked
Layer layer2.1.conv2.weight: 1/128 channels masked
Layer layer3.0.downsample.0.weight: 5/256 channels masked
Layer layer4.0.conv1.weight: 32/512 channels masked
Layer layer4.0.conv2.weight: 89/512 channels masked
Layer layer4.0.downsample.0.weight: 138/512 channels masked
Layer layer4.1.conv1.weight: 110/512 channels masked
Layer layer4.1.conv2.weight: 146/512 channels masked
------------------------- time cost ------------------------- 7.450554370880127

-------------Round number: 740-------------

Evaluate personalized models
Averaged Train Loss: 0.2837
Averaged Test Accurancy: 0.7095
Averaged Test AUC: 0.9503
Std Test Accurancy: 0.1072
Std Test AUC: 0.0257
ASR: 0.3821492808198743
attack_auc: 0.8510042139091485
Layer conv1.weight: 17/64 channels masked
Layer layer1.0.conv1.weight: 1/64 channels masked
Layer layer2.0.conv2.weight: 1/128 channels masked
Layer layer2.0.downsample.0.weight: 4/128 channels masked
Layer layer2.1.conv2.weight: 1/128 channels masked
Layer layer3.0.downsample.0.weight: 5/256 channels masked
Layer layer4.0.conv1.weight: 32/512 channels masked
Layer layer4.0.conv2.weight: 90/512 channels masked
Layer layer4.0.downsample.0.weight: 138/512 channels masked
Layer layer4.1.conv1.weight: 110/512 channels masked
Layer layer4.1.conv2.weight: 146/512 channels masked
------------------------- time cost ------------------------- 16.79002571105957
ASR: 0.42078036984638434
attack_auc: 0.8701957173187184
Layer conv1.weight: 17/64 channels masked
Layer layer1.0.conv1.weight: 1/64 channels masked
Layer layer2.0.conv2.weight: 1/128 channels masked
Layer layer2.0.downsample.0.weight: 4/128 channels masked
Layer layer2.1.conv2.weight: 1/128 channels masked
Layer layer3.0.downsample.0.weight: 5/256 channels masked
Layer layer4.0.conv1.weight: 32/512 channels masked
Layer layer4.0.conv2.weight: 90/512 channels masked
Layer layer4.0.downsample.0.weight: 138/512 channels masked
Layer layer4.1.conv1.weight: 110/512 channels masked
Layer layer4.1.conv2.weight: 146/512 channels masked
------------------------- time cost ------------------------- 8.302915811538696
ASR: 0.4063260100726454
attack_auc: 0.8669377553259575
Layer conv1.weight: 16/64 channels masked
Layer layer1.0.conv1.weight: 1/64 channels masked
Layer layer2.0.conv2.weight: 1/128 channels masked
Layer layer2.0.downsample.0.weight: 4/128 channels masked
Layer layer2.1.conv2.weight: 1/128 channels masked
Layer layer3.0.downsample.0.weight: 5/256 channels masked
Layer layer4.0.conv1.weight: 32/512 channels masked
Layer layer4.0.conv2.weight: 87/512 channels masked
Layer layer4.0.downsample.0.weight: 138/512 channels masked
Layer layer4.1.conv1.weight: 110/512 channels masked
Layer layer4.1.conv2.weight: 146/512 channels masked
------------------------- time cost ------------------------- 8.763657093048096
ASR: 0.4165045730356203
attack_auc: 0.866595426125546
Layer conv1.weight: 17/64 channels masked
Layer layer1.0.conv1.weight: 1/64 channels masked
Layer layer2.0.conv2.weight: 1/128 channels masked
Layer layer2.0.downsample.0.weight: 4/128 channels masked
Layer layer2.1.conv2.weight: 1/128 channels masked
Layer layer3.0.downsample.0.weight: 5/256 channels masked
Layer layer4.0.conv1.weight: 32/512 channels masked
Layer layer4.0.conv2.weight: 87/512 channels masked
Layer layer4.0.downsample.0.weight: 138/512 channels masked
Layer layer4.1.conv1.weight: 109/512 channels masked
Layer layer4.1.conv2.weight: 146/512 channels masked
------------------------- time cost ------------------------- 8.445853233337402
ASR: 0.4265842589109203
attack_auc: 0.8693357444652328
Layer conv1.weight: 18/64 channels masked
Layer layer1.0.conv1.weight: 1/64 channels masked
Layer layer2.0.conv2.weight: 1/128 channels masked
Layer layer2.0.downsample.0.weight: 4/128 channels masked
Layer layer2.1.conv2.weight: 1/128 channels masked
Layer layer3.0.downsample.0.weight: 5/256 channels masked
Layer layer4.0.conv1.weight: 33/512 channels masked
Layer layer4.0.conv2.weight: 90/512 channels masked
Layer layer4.0.downsample.0.weight: 138/512 channels masked
Layer layer4.1.conv1.weight: 110/512 channels masked
Layer layer4.1.conv2.weight: 146/512 channels masked
------------------------- time cost ------------------------- 8.140594482421875
ASR: 0.38567634537440004
attack_auc: 0.8600561801075219
Layer conv1.weight: 18/64 channels masked
Layer layer1.0.conv1.weight: 1/64 channels masked
Layer layer2.0.conv2.weight: 1/128 channels masked
Layer layer2.0.downsample.0.weight: 4/128 channels masked
Layer layer2.1.conv2.weight: 1/128 channels masked
Layer layer3.0.downsample.0.weight: 5/256 channels masked
Layer layer4.0.conv1.weight: 33/512 channels masked
Layer layer4.0.conv2.weight: 90/512 channels masked
Layer layer4.0.downsample.0.weight: 138/512 channels masked
Layer layer4.1.conv1.weight: 110/512 channels masked
Layer layer4.1.conv2.weight: 146/512 channels masked
------------------------- time cost ------------------------- 8.18282437324524
ASR: 0.38401631397475994
attack_auc: 0.8499386882719233
Layer conv1.weight: 18/64 channels masked
Layer layer1.0.conv1.weight: 1/64 channels masked
Layer layer2.0.conv2.weight: 1/128 channels masked
Layer layer2.0.downsample.0.weight: 4/128 channels masked
Layer layer2.1.conv2.weight: 1/128 channels masked
Layer layer3.0.downsample.0.weight: 5/256 channels masked
Layer layer4.0.conv1.weight: 34/512 channels masked
Layer layer4.0.conv2.weight: 90/512 channels masked
Layer layer4.0.downsample.0.weight: 138/512 channels masked
Layer layer4.1.conv1.weight: 111/512 channels masked
Layer layer4.1.conv2.weight: 148/512 channels masked
------------------------- time cost ------------------------- 7.903838396072388
ASR: 0.37629191316648136
attack_auc: 0.848951855087455
Layer conv1.weight: 18/64 channels masked
Layer layer1.0.conv1.weight: 1/64 channels masked
Layer layer2.0.conv2.weight: 1/128 channels masked
Layer layer2.0.downsample.0.weight: 4/128 channels masked
Layer layer2.1.conv2.weight: 1/128 channels masked
Layer layer3.0.downsample.0.weight: 5/256 channels masked
Layer layer4.0.conv1.weight: 34/512 channels masked
Layer layer4.0.conv2.weight: 90/512 channels masked
Layer layer4.0.downsample.0.weight: 138/512 channels masked
Layer layer4.1.conv1.weight: 111/512 channels masked
Layer layer4.1.conv2.weight: 148/512 channels masked
------------------------- time cost ------------------------- 7.179950714111328
ASR: 0.4185011036543311
attack_auc: 0.8626256395807934
Layer conv1.weight: 17/64 channels masked
Layer layer1.0.conv1.weight: 1/64 channels masked
Layer layer2.0.conv2.weight: 1/128 channels masked
Layer layer2.0.downsample.0.weight: 4/128 channels masked
Layer layer2.1.conv2.weight: 1/128 channels masked
Layer layer3.0.downsample.0.weight: 5/256 channels masked
Layer layer4.0.conv1.weight: 35/512 channels masked
Layer layer4.0.conv2.weight: 92/512 channels masked
Layer layer4.0.downsample.0.weight: 138/512 channels masked
Layer layer4.1.conv1.weight: 111/512 channels masked
Layer layer4.1.conv2.weight: 148/512 channels masked
------------------------- time cost ------------------------- 8.164541482925415
ASR: 0.3890573949509523
attack_auc: 0.8545150872085076
Layer conv1.weight: 18/64 channels masked
Layer layer1.0.conv1.weight: 1/64 channels masked
Layer layer2.0.conv2.weight: 1/128 channels masked
Layer layer2.0.downsample.0.weight: 4/128 channels masked
Layer layer2.1.conv2.weight: 1/128 channels masked
Layer layer3.0.downsample.0.weight: 5/256 channels masked
Layer layer4.0.conv1.weight: 35/512 channels masked
Layer layer4.0.conv2.weight: 93/512 channels masked
Layer layer4.0.downsample.0.weight: 138/512 channels masked
Layer layer4.1.conv1.weight: 111/512 channels masked
Layer layer4.1.conv2.weight: 148/512 channels masked
------------------------- time cost ------------------------- 7.210758209228516

-------------Round number: 750-------------

Evaluate personalized models
Averaged Train Loss: 0.1706
Averaged Test Accurancy: 0.7368
Averaged Test AUC: 0.9552
Std Test Accurancy: 0.0970
Std Test AUC: 0.0223
ASR: 0.4140233595192631
attack_auc: 0.8640519019967191
Layer conv1.weight: 18/64 channels masked
Layer layer1.0.conv1.weight: 1/64 channels masked
Layer layer2.0.conv2.weight: 1/128 channels masked
Layer layer2.0.downsample.0.weight: 4/128 channels masked
Layer layer2.1.conv2.weight: 1/128 channels masked
Layer layer3.0.downsample.0.weight: 5/256 channels masked
Layer layer4.0.conv1.weight: 35/512 channels masked
Layer layer4.0.conv2.weight: 93/512 channels masked
Layer layer4.0.downsample.0.weight: 137/512 channels masked
Layer layer4.1.conv1.weight: 107/512 channels masked
Layer layer4.1.conv2.weight: 148/512 channels masked
------------------------- time cost ------------------------- 16.163350582122803
ASR: 0.40769029389343536
attack_auc: 0.8602387211090877
Layer conv1.weight: 18/64 channels masked
Layer layer1.0.conv1.weight: 1/64 channels masked
Layer layer2.0.downsample.0.weight: 4/128 channels masked
Layer layer2.1.conv2.weight: 1/128 channels masked
Layer layer3.0.downsample.0.weight: 5/256 channels masked
Layer layer4.0.conv1.weight: 33/512 channels masked
Layer layer4.0.conv2.weight: 89/512 channels masked
Layer layer4.0.downsample.0.weight: 137/512 channels masked
Layer layer4.1.conv1.weight: 106/512 channels masked
Layer layer4.1.conv2.weight: 147/512 channels masked
------------------------- time cost ------------------------- 8.04277753829956
ASR: 0.4199484094777576
attack_auc: 0.8621703064863534
Layer conv1.weight: 16/64 channels masked
Layer layer1.0.conv1.weight: 1/64 channels masked
Layer layer2.0.conv2.weight: 1/128 channels masked
Layer layer2.0.downsample.0.weight: 4/128 channels masked
Layer layer2.1.conv2.weight: 1/128 channels masked
Layer layer3.0.downsample.0.weight: 5/256 channels masked
Layer layer4.0.conv1.weight: 33/512 channels masked
Layer layer4.0.conv2.weight: 89/512 channels masked
Layer layer4.0.downsample.0.weight: 138/512 channels masked
Layer layer4.1.conv1.weight: 105/512 channels masked
Layer layer4.1.conv2.weight: 147/512 channels masked
------------------------- time cost ------------------------- 7.701928377151489
ASR: 0.43744942483141336
attack_auc: 0.8659857199794562
Layer conv1.weight: 15/64 channels masked
Layer layer1.0.conv1.weight: 1/64 channels masked
Layer layer2.0.conv2.weight: 1/128 channels masked
Layer layer2.0.downsample.0.weight: 4/128 channels masked
Layer layer2.1.conv2.weight: 1/128 channels masked
Layer layer3.0.downsample.0.weight: 5/256 channels masked
Layer layer4.0.conv1.weight: 33/512 channels masked
Layer layer4.0.conv2.weight: 90/512 channels masked
Layer layer4.0.downsample.0.weight: 138/512 channels masked
Layer layer4.1.conv1.weight: 105/512 channels masked
Layer layer4.1.conv2.weight: 147/512 channels masked
------------------------- time cost ------------------------- 8.36971640586853
ASR: 0.409287354373354
attack_auc: 0.858350068808423
Layer conv1.weight: 17/64 channels masked
Layer layer1.0.conv1.weight: 1/64 channels masked
Layer layer2.0.conv2.weight: 1/128 channels masked
Layer layer2.0.downsample.0.weight: 4/128 channels masked
Layer layer2.1.conv2.weight: 1/128 channels masked
Layer layer3.0.downsample.0.weight: 5/256 channels masked
Layer layer4.0.conv1.weight: 33/512 channels masked
Layer layer4.0.conv2.weight: 91/512 channels masked
Layer layer4.0.downsample.0.weight: 138/512 channels masked
Layer layer4.1.conv1.weight: 105/512 channels masked
Layer layer4.1.conv2.weight: 147/512 channels masked
------------------------- time cost ------------------------- 7.459833383560181
ASR: 0.4096625171532929
attack_auc: 0.8545939548442285
Layer conv1.weight: 16/64 channels masked
Layer layer1.0.conv1.weight: 1/64 channels masked
Layer layer2.0.conv2.weight: 1/128 channels masked
Layer layer2.0.downsample.0.weight: 4/128 channels masked
Layer layer2.1.conv2.weight: 1/128 channels masked
Layer layer3.0.downsample.0.weight: 5/256 channels masked
Layer layer4.0.conv1.weight: 33/512 channels masked
Layer layer4.0.conv2.weight: 91/512 channels masked
Layer layer4.0.downsample.0.weight: 138/512 channels masked
Layer layer4.1.conv1.weight: 105/512 channels masked
Layer layer4.1.conv2.weight: 147/512 channels masked
------------------------- time cost ------------------------- 7.57444429397583
ASR: 0.4419923298076088
attack_auc: 0.8668125783119892
Layer conv1.weight: 18/64 channels masked
Layer layer1.0.conv1.weight: 1/64 channels masked
Layer layer2.0.conv2.weight: 1/128 channels masked
Layer layer2.0.downsample.0.weight: 4/128 channels masked
Layer layer2.1.conv2.weight: 1/128 channels masked
Layer layer3.0.downsample.0.weight: 5/256 channels masked
Layer layer4.0.conv1.weight: 33/512 channels masked
Layer layer4.0.conv2.weight: 91/512 channels masked
Layer layer4.0.downsample.0.weight: 138/512 channels masked
Layer layer4.1.conv1.weight: 105/512 channels masked
Layer layer4.1.conv2.weight: 147/512 channels masked
------------------------- time cost ------------------------- 9.52820611000061
ASR: 0.43659498175208894
attack_auc: 0.865570948365645
Layer conv1.weight: 18/64 channels masked
Layer layer1.0.conv1.weight: 1/64 channels masked
Layer layer2.0.conv2.weight: 1/128 channels masked
Layer layer2.0.downsample.0.weight: 4/128 channels masked
Layer layer2.1.conv2.weight: 1/128 channels masked
Layer layer3.0.downsample.0.weight: 5/256 channels masked
Layer layer4.0.conv1.weight: 33/512 channels masked
Layer layer4.0.conv2.weight: 92/512 channels masked
Layer layer4.0.downsample.0.weight: 138/512 channels masked
Layer layer4.1.conv1.weight: 105/512 channels masked
Layer layer4.1.conv2.weight: 147/512 channels masked
------------------------- time cost ------------------------- 8.213472604751587
ASR: 0.4590066726725456
attack_auc: 0.8754801322049132
Layer conv1.weight: 18/64 channels masked
Layer layer1.0.conv1.weight: 1/64 channels masked
Layer layer2.0.conv2.weight: 1/128 channels masked
Layer layer2.0.downsample.0.weight: 4/128 channels masked
Layer layer2.1.conv2.weight: 1/128 channels masked
Layer layer3.0.downsample.0.weight: 5/256 channels masked
Layer layer4.0.conv1.weight: 33/512 channels masked
Layer layer4.0.conv2.weight: 93/512 channels masked
Layer layer4.0.downsample.0.weight: 140/512 channels masked
Layer layer4.1.conv1.weight: 105/512 channels masked
Layer layer4.1.conv2.weight: 149/512 channels masked
------------------------- time cost ------------------------- 7.119992256164551
ASR: 0.43575326841956935
attack_auc: 0.8672566281061044
Layer conv1.weight: 18/64 channels masked
Layer layer1.0.conv1.weight: 1/64 channels masked
Layer layer2.0.conv2.weight: 1/128 channels masked
Layer layer2.0.downsample.0.weight: 4/128 channels masked
Layer layer2.1.conv2.weight: 1/128 channels masked
Layer layer3.0.downsample.0.weight: 5/256 channels masked
Layer layer4.0.conv1.weight: 33/512 channels masked
Layer layer4.0.conv2.weight: 93/512 channels masked
Layer layer4.0.downsample.0.weight: 140/512 channels masked
Layer layer4.1.conv1.weight: 107/512 channels masked
Layer layer4.1.conv2.weight: 149/512 channels masked
------------------------- time cost ------------------------- 8.177282571792603

-------------Round number: 760-------------

Evaluate personalized models
Averaged Train Loss: 0.1288
Averaged Test Accurancy: 0.7317
Averaged Test AUC: 0.9532
Std Test Accurancy: 0.1005
Std Test AUC: 0.0244
ASR: 0.4498059286383914
attack_auc: 0.8711908508811704
Layer conv1.weight: 18/64 channels masked
Layer layer1.0.conv1.weight: 1/64 channels masked
Layer layer2.0.conv2.weight: 1/128 channels masked
Layer layer2.0.downsample.0.weight: 4/128 channels masked
Layer layer2.1.conv2.weight: 1/128 channels masked
Layer layer3.0.downsample.0.weight: 5/256 channels masked
Layer layer4.0.conv1.weight: 33/512 channels masked
Layer layer4.0.conv2.weight: 93/512 channels masked
Layer layer4.0.downsample.0.weight: 140/512 channels masked
Layer layer4.1.conv1.weight: 107/512 channels masked
Layer layer4.1.conv2.weight: 149/512 channels masked
------------------------- time cost ------------------------- 16.486826419830322
ASR: 0.4365043487450326
attack_auc: 0.8682222263544377
Layer conv1.weight: 18/64 channels masked
Layer layer1.0.conv1.weight: 1/64 channels masked
Layer layer2.0.conv2.weight: 1/128 channels masked
Layer layer2.0.downsample.0.weight: 4/128 channels masked
Layer layer2.1.conv2.weight: 1/128 channels masked
Layer layer3.0.downsample.0.weight: 5/256 channels masked
Layer layer4.0.conv1.weight: 33/512 channels masked
Layer layer4.0.conv2.weight: 92/512 channels masked
Layer layer4.0.downsample.0.weight: 140/512 channels masked
Layer layer4.1.conv1.weight: 107/512 channels masked
Layer layer4.1.conv2.weight: 149/512 channels masked
------------------------- time cost ------------------------- 7.941726446151733
ASR: 0.46267253288078475
attack_auc: 0.8789498996396928
Layer conv1.weight: 20/64 channels masked
Layer layer1.0.conv1.weight: 1/64 channels masked
Layer layer2.0.conv2.weight: 1/128 channels masked
Layer layer2.0.downsample.0.weight: 4/128 channels masked
Layer layer2.1.conv2.weight: 1/128 channels masked
Layer layer3.0.downsample.0.weight: 5/256 channels masked
Layer layer4.0.conv1.weight: 33/512 channels masked
Layer layer4.0.conv2.weight: 88/512 channels masked
Layer layer4.0.downsample.0.weight: 140/512 channels masked
Layer layer4.1.conv1.weight: 106/512 channels masked
Layer layer4.1.conv2.weight: 147/512 channels masked
------------------------- time cost ------------------------- 9.162556648254395
ASR: 0.47518457527882
attack_auc: 0.881485304608322
Layer conv1.weight: 20/64 channels masked
Layer layer1.0.conv1.weight: 1/64 channels masked
Layer layer2.0.conv2.weight: 1/128 channels masked
Layer layer2.0.downsample.0.weight: 4/128 channels masked
Layer layer2.1.conv2.weight: 1/128 channels masked
Layer layer3.0.downsample.0.weight: 5/256 channels masked
Layer layer4.0.conv1.weight: 33/512 channels masked
Layer layer4.0.conv2.weight: 92/512 channels masked
Layer layer4.0.downsample.0.weight: 140/512 channels masked
Layer layer4.1.conv1.weight: 107/512 channels masked
Layer layer4.1.conv2.weight: 148/512 channels masked
------------------------- time cost ------------------------- 7.77409553527832
ASR: 0.45563371735862923
attack_auc: 0.8762074506346342
Layer conv1.weight: 20/64 channels masked
Layer layer1.0.conv1.weight: 1/64 channels masked
Layer layer2.0.conv2.weight: 1/128 channels masked
Layer layer2.0.downsample.0.weight: 4/128 channels masked
Layer layer2.1.conv2.weight: 1/128 channels masked
Layer layer3.0.downsample.0.weight: 5/256 channels masked
Layer layer4.0.conv1.weight: 33/512 channels masked
Layer layer4.0.conv2.weight: 92/512 channels masked
Layer layer4.0.downsample.0.weight: 140/512 channels masked
Layer layer4.1.conv1.weight: 108/512 channels masked
Layer layer4.1.conv2.weight: 148/512 channels masked
------------------------- time cost ------------------------- 8.287042379379272
ASR: 0.44607618782833436
attack_auc: 0.8714750567408841
Layer conv1.weight: 19/64 channels masked
Layer layer1.0.conv1.weight: 1/64 channels masked
Layer layer2.0.conv2.weight: 1/128 channels masked
Layer layer2.0.downsample.0.weight: 4/128 channels masked
Layer layer2.1.conv2.weight: 1/128 channels masked
Layer layer3.0.downsample.0.weight: 5/256 channels masked
Layer layer4.0.conv1.weight: 33/512 channels masked
Layer layer4.0.conv2.weight: 88/512 channels masked
Layer layer4.0.downsample.0.weight: 140/512 channels masked
Layer layer4.1.conv1.weight: 108/512 channels masked
Layer layer4.1.conv2.weight: 148/512 channels masked
------------------------- time cost ------------------------- 9.158951997756958
ASR: 0.42918527835994724
attack_auc: 0.8692070294799173
Layer conv1.weight: 18/64 channels masked
Layer layer1.0.conv1.weight: 1/64 channels masked
Layer layer2.0.conv2.weight: 1/128 channels masked
Layer layer2.0.downsample.0.weight: 4/128 channels masked
Layer layer2.1.conv2.weight: 1/128 channels masked
Layer layer3.0.downsample.0.weight: 5/256 channels masked
Layer layer4.0.conv1.weight: 36/512 channels masked
Layer layer4.0.conv2.weight: 91/512 channels masked
Layer layer4.0.downsample.0.weight: 140/512 channels masked
Layer layer4.1.conv1.weight: 111/512 channels masked
Layer layer4.1.conv2.weight: 148/512 channels masked
------------------------- time cost ------------------------- 8.67239499092102
ASR: 0.4216088538317218
attack_auc: 0.8671895631584831
Layer conv1.weight: 21/64 channels masked
Layer layer1.0.conv1.weight: 1/64 channels masked
Layer layer2.0.conv2.weight: 1/128 channels masked
Layer layer2.0.downsample.0.weight: 4/128 channels masked
Layer layer2.1.conv2.weight: 1/128 channels masked
Layer layer3.0.downsample.0.weight: 5/256 channels masked
Layer layer4.0.conv1.weight: 36/512 channels masked
Layer layer4.0.conv2.weight: 92/512 channels masked
Layer layer4.0.downsample.0.weight: 140/512 channels masked
Layer layer4.1.conv1.weight: 111/512 channels masked
Layer layer4.1.conv2.weight: 148/512 channels masked
------------------------- time cost ------------------------- 8.547257900238037
ASR: 0.4361503461788669
attack_auc: 0.8709120735453302
Layer conv1.weight: 19/64 channels masked
Layer layer1.0.conv1.weight: 1/64 channels masked
Layer layer2.0.conv2.weight: 1/128 channels masked
Layer layer2.0.downsample.0.weight: 4/128 channels masked
Layer layer2.1.conv2.weight: 1/128 channels masked
Layer layer3.0.downsample.0.weight: 5/256 channels masked
Layer layer4.0.conv1.weight: 34/512 channels masked
Layer layer4.0.conv2.weight: 86/512 channels masked
Layer layer4.0.downsample.0.weight: 140/512 channels masked
Layer layer4.1.conv1.weight: 111/512 channels masked
Layer layer4.1.conv2.weight: 149/512 channels masked
------------------------- time cost ------------------------- 7.711383819580078
ASR: 0.3751277692206773
attack_auc: 0.8505135057404826
Layer conv1.weight: 21/64 channels masked
Layer layer1.0.conv1.weight: 1/64 channels masked
Layer layer2.0.conv2.weight: 1/128 channels masked
Layer layer2.0.downsample.0.weight: 4/128 channels masked
Layer layer2.1.conv2.weight: 1/128 channels masked
Layer layer3.0.downsample.0.weight: 5/256 channels masked
Layer layer4.0.conv1.weight: 33/512 channels masked
Layer layer4.0.conv2.weight: 87/512 channels masked
Layer layer4.0.downsample.0.weight: 139/512 channels masked
Layer layer4.1.conv1.weight: 110/512 channels masked
Layer layer4.1.conv2.weight: 149/512 channels masked
------------------------- time cost ------------------------- 9.412638664245605

-------------Round number: 770-------------

Evaluate personalized models
Averaged Train Loss: 0.1196
Averaged Test Accurancy: 0.7400
Averaged Test AUC: 0.9551
Std Test Accurancy: 0.0940
Std Test AUC: 0.0225
ASR: 0.3689968807177002
attack_auc: 0.845996674339448
Layer conv1.weight: 19/64 channels masked
Layer layer1.0.conv1.weight: 1/64 channels masked
Layer layer2.0.conv2.weight: 1/128 channels masked
Layer layer2.0.downsample.0.weight: 4/128 channels masked
Layer layer2.1.conv2.weight: 1/128 channels masked
Layer layer3.0.downsample.0.weight: 5/256 channels masked
Layer layer4.0.conv1.weight: 33/512 channels masked
Layer layer4.0.conv2.weight: 86/512 channels masked
Layer layer4.0.downsample.0.weight: 140/512 channels masked
Layer layer4.1.conv1.weight: 111/512 channels masked
Layer layer4.1.conv2.weight: 149/512 channels masked
------------------------- time cost ------------------------- 17.3457510471344
ASR: 0.374627212098282
attack_auc: 0.8404327065594036
Layer conv1.weight: 19/64 channels masked
Layer layer1.0.conv1.weight: 1/64 channels masked
Layer layer2.0.conv2.weight: 1/128 channels masked
Layer layer2.0.downsample.0.weight: 4/128 channels masked
Layer layer2.1.conv2.weight: 1/128 channels masked
Layer layer3.0.downsample.0.weight: 5/256 channels masked
Layer layer4.0.conv1.weight: 33/512 channels masked
Layer layer4.0.conv2.weight: 87/512 channels masked
Layer layer4.0.downsample.0.weight: 140/512 channels masked
Layer layer4.1.conv1.weight: 111/512 channels masked
Layer layer4.1.conv2.weight: 149/512 channels masked
------------------------- time cost ------------------------- 8.520496368408203
ASR: 0.43267919365094215
attack_auc: 0.870779842746183
Layer conv1.weight: 18/64 channels masked
Layer layer1.0.conv1.weight: 1/64 channels masked
Layer layer2.0.conv2.weight: 1/128 channels masked
Layer layer2.0.downsample.0.weight: 4/128 channels masked
Layer layer2.1.conv2.weight: 1/128 channels masked
Layer layer3.0.downsample.0.weight: 5/256 channels masked
Layer layer4.0.conv1.weight: 33/512 channels masked
Layer layer4.0.conv2.weight: 87/512 channels masked
Layer layer4.0.downsample.0.weight: 140/512 channels masked
Layer layer4.1.conv1.weight: 111/512 channels masked
Layer layer4.1.conv2.weight: 149/512 channels masked
------------------------- time cost ------------------------- 8.244104862213135
ASR: 0.43077106194853026
attack_auc: 0.8659010637755737
Layer conv1.weight: 17/64 channels masked
Layer layer1.0.conv1.weight: 1/64 channels masked
Layer layer2.0.conv2.weight: 1/128 channels masked
Layer layer2.0.downsample.0.weight: 4/128 channels masked
Layer layer2.1.conv2.weight: 1/128 channels masked
Layer layer3.0.downsample.0.weight: 5/256 channels masked
Layer layer4.0.conv1.weight: 31/512 channels masked
Layer layer4.0.conv2.weight: 75/512 channels masked
Layer layer4.0.downsample.0.weight: 140/512 channels masked
Layer layer4.1.conv1.weight: 110/512 channels masked
Layer layer4.1.conv2.weight: 140/512 channels masked
------------------------- time cost ------------------------- 9.126240968704224
ASR: 0.44607714514294616
attack_auc: 0.8662985498152318
Layer conv1.weight: 19/64 channels masked
Layer layer1.0.conv1.weight: 1/64 channels masked
Layer layer2.0.conv2.weight: 1/128 channels masked
Layer layer2.0.downsample.0.weight: 4/128 channels masked
Layer layer2.1.conv2.weight: 1/128 channels masked
Layer layer3.0.downsample.0.weight: 5/256 channels masked
Layer layer4.0.conv1.weight: 32/512 channels masked
Layer layer4.0.conv2.weight: 87/512 channels masked
Layer layer4.0.downsample.0.weight: 140/512 channels masked
Layer layer4.1.conv1.weight: 110/512 channels masked
Layer layer4.1.conv2.weight: 146/512 channels masked
------------------------- time cost ------------------------- 7.781707763671875
ASR: 0.4188987573195172
attack_auc: 0.8563049911211524
Layer conv1.weight: 20/64 channels masked
Layer layer1.0.conv1.weight: 1/64 channels masked
Layer layer2.0.conv2.weight: 1/128 channels masked
Layer layer2.0.downsample.0.weight: 4/128 channels masked
Layer layer2.1.conv2.weight: 1/128 channels masked
Layer layer3.0.downsample.0.weight: 5/256 channels masked
Layer layer4.0.conv1.weight: 32/512 channels masked
Layer layer4.0.conv2.weight: 87/512 channels masked
Layer layer4.0.downsample.0.weight: 140/512 channels masked
Layer layer4.1.conv1.weight: 110/512 channels masked
Layer layer4.1.conv2.weight: 147/512 channels masked
------------------------- time cost ------------------------- 8.47416353225708
ASR: 0.4259398746986808
attack_auc: 0.8630075581250171
Layer conv1.weight: 20/64 channels masked
Layer layer1.0.conv1.weight: 1/64 channels masked
Layer layer2.0.conv2.weight: 1/128 channels masked
Layer layer2.0.downsample.0.weight: 4/128 channels masked
Layer layer2.1.conv2.weight: 1/128 channels masked
Layer layer3.0.downsample.0.weight: 5/256 channels masked
Layer layer4.0.conv1.weight: 32/512 channels masked
Layer layer4.0.conv2.weight: 89/512 channels masked
Layer layer4.0.downsample.0.weight: 141/512 channels masked
Layer layer4.1.conv1.weight: 111/512 channels masked
Layer layer4.1.conv2.weight: 149/512 channels masked
------------------------- time cost ------------------------- 7.800293922424316
ASR: 0.419649890855188
attack_auc: 0.8630261739286644
Layer conv1.weight: 20/64 channels masked
Layer layer1.0.conv1.weight: 1/64 channels masked
Layer layer2.0.conv2.weight: 1/128 channels masked
Layer layer2.0.downsample.0.weight: 4/128 channels masked
Layer layer2.1.conv2.weight: 1/128 channels masked
Layer layer3.0.downsample.0.weight: 5/256 channels masked
Layer layer4.0.conv1.weight: 32/512 channels masked
Layer layer4.0.conv2.weight: 89/512 channels masked
Layer layer4.0.downsample.0.weight: 141/512 channels masked
Layer layer4.1.conv1.weight: 111/512 channels masked
Layer layer4.1.conv2.weight: 149/512 channels masked
------------------------- time cost ------------------------- 8.490845441818237
ASR: 0.48053483353911763
attack_auc: 0.8802691948219155
Layer conv1.weight: 20/64 channels masked
Layer layer1.0.conv1.weight: 1/64 channels masked
Layer layer2.0.conv2.weight: 1/128 channels masked
Layer layer2.0.downsample.0.weight: 4/128 channels masked
Layer layer2.1.conv2.weight: 1/128 channels masked
Layer layer3.0.downsample.0.weight: 5/256 channels masked
Layer layer4.0.conv1.weight: 32/512 channels masked
Layer layer4.0.conv2.weight: 87/512 channels masked
Layer layer4.0.downsample.0.weight: 141/512 channels masked
Layer layer4.1.conv1.weight: 111/512 channels masked
Layer layer4.1.conv2.weight: 150/512 channels masked
------------------------- time cost ------------------------- 8.661493062973022
ASR: 0.4626731497145249
attack_auc: 0.8761934119404665
Layer conv1.weight: 20/64 channels masked
Layer layer1.0.conv1.weight: 1/64 channels masked
Layer layer2.0.conv2.weight: 1/128 channels masked
Layer layer2.0.downsample.0.weight: 4/128 channels masked
Layer layer2.1.conv2.weight: 1/128 channels masked
Layer layer3.0.downsample.0.weight: 5/256 channels masked
Layer layer4.0.conv1.weight: 32/512 channels masked
Layer layer4.0.conv2.weight: 90/512 channels masked
Layer layer4.0.downsample.0.weight: 141/512 channels masked
Layer layer4.1.conv1.weight: 111/512 channels masked
Layer layer4.1.conv2.weight: 150/512 channels masked
------------------------- time cost ------------------------- 7.900308132171631

-------------Round number: 780-------------

Evaluate personalized models
Averaged Train Loss: 0.1919
Averaged Test Accurancy: 0.7265
Averaged Test AUC: 0.9509
Std Test Accurancy: 0.1055
Std Test AUC: 0.0246
ASR: 0.44998205552200216
attack_auc: 0.8699018316129695
Layer conv1.weight: 18/64 channels masked
Layer layer1.0.conv1.weight: 1/64 channels masked
Layer layer2.0.conv2.weight: 1/128 channels masked
Layer layer2.0.downsample.0.weight: 4/128 channels masked
Layer layer2.1.conv2.weight: 1/128 channels masked
Layer layer3.0.downsample.0.weight: 5/256 channels masked
Layer layer4.0.conv1.weight: 32/512 channels masked
Layer layer4.0.conv2.weight: 90/512 channels masked
Layer layer4.0.downsample.0.weight: 141/512 channels masked
Layer layer4.1.conv1.weight: 111/512 channels masked
Layer layer4.1.conv2.weight: 150/512 channels masked
------------------------- time cost ------------------------- 16.716359615325928
ASR: 0.45793747611068025
attack_auc: 0.8814576985870076
Layer conv1.weight: 18/64 channels masked
Layer layer1.0.conv1.weight: 1/64 channels masked
Layer layer2.0.conv2.weight: 1/128 channels masked
Layer layer2.0.downsample.0.weight: 4/128 channels masked
Layer layer2.1.conv2.weight: 1/128 channels masked
Layer layer3.0.downsample.0.weight: 5/256 channels masked
Layer layer4.0.conv1.weight: 32/512 channels masked
Layer layer4.0.conv2.weight: 90/512 channels masked
Layer layer4.0.downsample.0.weight: 141/512 channels masked
Layer layer4.1.conv1.weight: 112/512 channels masked
Layer layer4.1.conv2.weight: 150/512 channels masked
------------------------- time cost ------------------------- 8.965415954589844
ASR: 0.4218811623189137
attack_auc: 0.8676035230035762
Layer conv1.weight: 18/64 channels masked
Layer layer1.0.conv1.weight: 1/64 channels masked
Layer layer2.0.conv2.weight: 1/128 channels masked
Layer layer2.0.downsample.0.weight: 4/128 channels masked
Layer layer2.1.conv2.weight: 1/128 channels masked
Layer layer3.0.downsample.0.weight: 5/256 channels masked
Layer layer4.0.conv1.weight: 32/512 channels masked
Layer layer4.0.conv2.weight: 92/512 channels masked
Layer layer4.0.downsample.0.weight: 141/512 channels masked
Layer layer4.1.conv1.weight: 112/512 channels masked
Layer layer4.1.conv2.weight: 150/512 channels masked
------------------------- time cost ------------------------- 8.55864953994751
ASR: 0.3908484164149757
attack_auc: 0.8582299538412517
Layer conv1.weight: 19/64 channels masked
Layer layer1.0.conv1.weight: 1/64 channels masked
Layer layer2.0.conv2.weight: 1/128 channels masked
Layer layer2.0.downsample.0.weight: 4/128 channels masked
Layer layer2.1.conv2.weight: 1/128 channels masked
Layer layer3.0.downsample.0.weight: 5/256 channels masked
Layer layer4.0.conv1.weight: 32/512 channels masked
Layer layer4.0.conv2.weight: 92/512 channels masked
Layer layer4.0.downsample.0.weight: 141/512 channels masked
Layer layer4.1.conv1.weight: 112/512 channels masked
Layer layer4.1.conv2.weight: 150/512 channels masked
------------------------- time cost ------------------------- 7.5039732456207275
ASR: 0.41791009122795436
attack_auc: 0.8635306585020913
Layer conv1.weight: 19/64 channels masked
Layer layer1.0.conv1.weight: 1/64 channels masked
Layer layer2.0.conv2.weight: 1/128 channels masked
Layer layer2.0.downsample.0.weight: 4/128 channels masked
Layer layer2.1.conv2.weight: 1/128 channels masked
Layer layer3.0.downsample.0.weight: 5/256 channels masked
Layer layer4.0.conv1.weight: 32/512 channels masked
Layer layer4.0.conv2.weight: 93/512 channels masked
Layer layer4.0.downsample.0.weight: 141/512 channels masked
Layer layer4.1.conv1.weight: 113/512 channels masked
Layer layer4.1.conv2.weight: 150/512 channels masked
------------------------- time cost ------------------------- 7.202143669128418
ASR: 0.4431828469360077
attack_auc: 0.8717247344488482
Layer conv1.weight: 18/64 channels masked
Layer layer1.0.conv1.weight: 1/64 channels masked
Layer layer2.0.conv2.weight: 1/128 channels masked
Layer layer2.0.downsample.0.weight: 4/128 channels masked
Layer layer2.1.conv2.weight: 1/128 channels masked
Layer layer3.0.downsample.0.weight: 5/256 channels masked
Layer layer4.0.conv1.weight: 32/512 channels masked
Layer layer4.0.conv2.weight: 93/512 channels masked
Layer layer4.0.downsample.0.weight: 141/512 channels masked
Layer layer4.1.conv1.weight: 112/512 channels masked
Layer layer4.1.conv2.weight: 150/512 channels masked
------------------------- time cost ------------------------- 8.954071998596191
ASR: 0.4505001114654149
attack_auc: 0.8703806671034103
Layer conv1.weight: 18/64 channels masked
Layer layer1.0.conv1.weight: 1/64 channels masked
Layer layer2.0.downsample.0.weight: 4/128 channels masked
Layer layer2.1.conv2.weight: 1/128 channels masked
Layer layer3.0.downsample.0.weight: 5/256 channels masked
Layer layer4.0.conv1.weight: 31/512 channels masked
Layer layer4.0.conv2.weight: 80/512 channels masked
Layer layer4.0.downsample.0.weight: 141/512 channels masked
Layer layer4.1.conv1.weight: 111/512 channels masked
Layer layer4.1.conv2.weight: 148/512 channels masked
------------------------- time cost ------------------------- 7.194497346878052
ASR: 0.4544717048526533
attack_auc: 0.8712376676719263
Layer conv1.weight: 18/64 channels masked
Layer layer1.0.conv1.weight: 1/64 channels masked
Layer layer2.0.conv2.weight: 1/128 channels masked
Layer layer2.0.downsample.0.weight: 4/128 channels masked
Layer layer2.1.conv2.weight: 1/128 channels masked
Layer layer3.0.downsample.0.weight: 5/256 channels masked
Layer layer4.0.conv1.weight: 31/512 channels masked
Layer layer4.0.conv2.weight: 91/512 channels masked
Layer layer4.0.downsample.0.weight: 141/512 channels masked
Layer layer4.1.conv1.weight: 116/512 channels masked
Layer layer4.1.conv2.weight: 150/512 channels masked
------------------------- time cost ------------------------- 7.524062156677246
ASR: 0.4689445585075622
attack_auc: 0.8768255326998101
Layer conv1.weight: 19/64 channels masked
Layer layer1.0.conv1.weight: 1/64 channels masked
Layer layer2.0.conv2.weight: 1/128 channels masked
Layer layer2.0.downsample.0.weight: 4/128 channels masked
Layer layer2.1.conv2.weight: 1/128 channels masked
Layer layer3.0.downsample.0.weight: 5/256 channels masked
Layer layer4.0.conv1.weight: 32/512 channels masked
Layer layer4.0.conv2.weight: 91/512 channels masked
Layer layer4.0.downsample.0.weight: 141/512 channels masked
Layer layer4.1.conv1.weight: 115/512 channels masked
Layer layer4.1.conv2.weight: 150/512 channels masked
------------------------- time cost ------------------------- 8.98120665550232
ASR: 0.45081262939993894
attack_auc: 0.868428195304572
Layer conv1.weight: 18/64 channels masked
Layer layer1.0.conv1.weight: 1/64 channels masked
Layer layer2.0.conv2.weight: 1/128 channels masked
Layer layer2.0.downsample.0.weight: 4/128 channels masked
Layer layer2.1.conv2.weight: 1/128 channels masked
Layer layer3.0.downsample.0.weight: 5/256 channels masked
Layer layer4.0.conv1.weight: 32/512 channels masked
Layer layer4.0.conv2.weight: 94/512 channels masked
Layer layer4.0.downsample.0.weight: 141/512 channels masked
Layer layer4.1.conv1.weight: 115/512 channels masked
Layer layer4.1.conv2.weight: 150/512 channels masked
------------------------- time cost ------------------------- 8.100854873657227

-------------Round number: 790-------------

Evaluate personalized models
Averaged Train Loss: 0.1270
Averaged Test Accurancy: 0.7368
Averaged Test AUC: 0.9545
Std Test Accurancy: 0.0941
Std Test AUC: 0.0238
ASR: 0.45347773700271193
attack_auc: 0.8702718175230791
Layer conv1.weight: 20/64 channels masked
Layer layer1.0.conv1.weight: 1/64 channels masked
Layer layer2.0.conv2.weight: 1/128 channels masked
Layer layer2.0.downsample.0.weight: 4/128 channels masked
Layer layer2.1.conv2.weight: 1/128 channels masked
Layer layer3.0.downsample.0.weight: 5/256 channels masked
Layer layer4.0.conv1.weight: 32/512 channels masked
Layer layer4.0.conv2.weight: 94/512 channels masked
Layer layer4.0.downsample.0.weight: 142/512 channels masked
Layer layer4.1.conv1.weight: 115/512 channels masked
Layer layer4.1.conv2.weight: 149/512 channels masked
------------------------- time cost ------------------------- 16.663227796554565
ASR: 0.41545292531669553
attack_auc: 0.8546267515944742
Layer conv1.weight: 19/64 channels masked
Layer layer1.0.conv1.weight: 1/64 channels masked
Layer layer2.0.conv2.weight: 1/128 channels masked
Layer layer2.0.downsample.0.weight: 4/128 channels masked
Layer layer2.1.conv2.weight: 1/128 channels masked
Layer layer3.0.downsample.0.weight: 5/256 channels masked
Layer layer4.0.conv1.weight: 33/512 channels masked
Layer layer4.0.conv2.weight: 97/512 channels masked
Layer layer4.0.downsample.0.weight: 142/512 channels masked
Layer layer4.1.conv1.weight: 115/512 channels masked
Layer layer4.1.conv2.weight: 150/512 channels masked
------------------------- time cost ------------------------- 8.477746963500977
ASR: 0.39943670284873556
attack_auc: 0.8487021481323366
Layer conv1.weight: 19/64 channels masked
Layer layer1.0.conv1.weight: 1/64 channels masked
Layer layer2.0.conv2.weight: 1/128 channels masked
Layer layer2.0.downsample.0.weight: 4/128 channels masked
Layer layer2.1.conv2.weight: 1/128 channels masked
Layer layer3.0.downsample.0.weight: 5/256 channels masked
Layer layer4.0.conv1.weight: 33/512 channels masked
Layer layer4.0.conv2.weight: 96/512 channels masked
Layer layer4.0.downsample.0.weight: 142/512 channels masked
Layer layer4.1.conv1.weight: 115/512 channels masked
Layer layer4.1.conv2.weight: 151/512 channels masked
------------------------- time cost ------------------------- 7.925978899002075
ASR: 0.4037035776712219
attack_auc: 0.8480151527297453
Layer conv1.weight: 19/64 channels masked
Layer layer1.0.conv1.weight: 1/64 channels masked
Layer layer2.0.conv2.weight: 1/128 channels masked
Layer layer2.0.downsample.0.weight: 4/128 channels masked
Layer layer2.1.conv2.weight: 1/128 channels masked
Layer layer3.0.downsample.0.weight: 5/256 channels masked
Layer layer4.0.conv1.weight: 33/512 channels masked
Layer layer4.0.conv2.weight: 98/512 channels masked
Layer layer4.0.downsample.0.weight: 142/512 channels masked
Layer layer4.1.conv1.weight: 115/512 channels masked
Layer layer4.1.conv2.weight: 151/512 channels masked
------------------------- time cost ------------------------- 7.583923101425171
ASR: 0.3734447341463687
attack_auc: 0.8375200316863142
Layer conv1.weight: 19/64 channels masked
Layer layer1.0.conv1.weight: 1/64 channels masked
Layer layer2.0.conv2.weight: 1/128 channels masked
Layer layer2.0.downsample.0.weight: 4/128 channels masked
Layer layer2.1.conv2.weight: 1/128 channels masked
Layer layer3.0.downsample.0.weight: 5/256 channels masked
Layer layer4.0.conv1.weight: 33/512 channels masked
Layer layer4.0.conv2.weight: 98/512 channels masked
Layer layer4.0.downsample.0.weight: 142/512 channels masked
Layer layer4.1.conv1.weight: 115/512 channels masked
Layer layer4.1.conv2.weight: 151/512 channels masked
------------------------- time cost ------------------------- 8.96694540977478
ASR: 0.3946013493839778
attack_auc: 0.8495067930503053
Layer conv1.weight: 19/64 channels masked
Layer layer1.0.conv1.weight: 1/64 channels masked
Layer layer2.0.conv2.weight: 1/128 channels masked
Layer layer2.0.downsample.0.weight: 4/128 channels masked
Layer layer2.1.conv2.weight: 1/128 channels masked
Layer layer3.0.downsample.0.weight: 5/256 channels masked
Layer layer4.0.conv1.weight: 33/512 channels masked
Layer layer4.0.conv2.weight: 98/512 channels masked
Layer layer4.0.downsample.0.weight: 142/512 channels masked
Layer layer4.1.conv1.weight: 115/512 channels masked
Layer layer4.1.conv2.weight: 151/512 channels masked
------------------------- time cost ------------------------- 7.986910343170166
ASR: 0.39637469938416464
attack_auc: 0.8508975853570394
Layer conv1.weight: 19/64 channels masked
Layer layer1.0.conv1.weight: 1/64 channels masked
Layer layer2.0.conv2.weight: 1/128 channels masked
Layer layer2.0.downsample.0.weight: 4/128 channels masked
Layer layer2.1.conv2.weight: 1/128 channels masked
Layer layer3.0.downsample.0.weight: 5/256 channels masked
Layer layer4.0.conv1.weight: 33/512 channels masked
Layer layer4.0.conv2.weight: 99/512 channels masked
Layer layer4.0.downsample.0.weight: 141/512 channels masked
Layer layer4.1.conv1.weight: 117/512 channels masked
Layer layer4.1.conv2.weight: 151/512 channels masked
------------------------- time cost ------------------------- 7.712587833404541
ASR: 0.4010921552572255
attack_auc: 0.852037803437007
Layer conv1.weight: 19/64 channels masked
Layer layer1.0.conv1.weight: 1/64 channels masked
Layer layer2.0.conv2.weight: 1/128 channels masked
Layer layer2.0.downsample.0.weight: 4/128 channels masked
Layer layer2.1.conv2.weight: 1/128 channels masked
Layer layer3.0.downsample.0.weight: 5/256 channels masked
Layer layer4.0.conv1.weight: 34/512 channels masked
Layer layer4.0.conv2.weight: 99/512 channels masked
Layer layer4.0.downsample.0.weight: 141/512 channels masked
Layer layer4.1.conv1.weight: 116/512 channels masked
Layer layer4.1.conv2.weight: 152/512 channels masked
------------------------- time cost ------------------------- 8.115884065628052
ASR: 0.4260954290223839
attack_auc: 0.8595130384985451
Layer conv1.weight: 19/64 channels masked
Layer layer1.0.conv1.weight: 1/64 channels masked
Layer layer2.0.conv2.weight: 1/128 channels masked
Layer layer2.0.downsample.0.weight: 4/128 channels masked
Layer layer2.1.conv2.weight: 1/128 channels masked
Layer layer3.0.downsample.0.weight: 5/256 channels masked
Layer layer4.0.conv1.weight: 34/512 channels masked
Layer layer4.0.conv2.weight: 94/512 channels masked
Layer layer4.0.downsample.0.weight: 142/512 channels masked
Layer layer4.1.conv1.weight: 116/512 channels masked
Layer layer4.1.conv2.weight: 152/512 channels masked
------------------------- time cost ------------------------- 7.17535138130188
ASR: 0.4172210012364127
attack_auc: 0.8612422383207278
Layer conv1.weight: 19/64 channels masked
Layer layer1.0.conv1.weight: 1/64 channels masked
Layer layer2.0.conv2.weight: 1/128 channels masked
Layer layer2.0.downsample.0.weight: 4/128 channels masked
Layer layer2.1.conv2.weight: 1/128 channels masked
Layer layer3.0.downsample.0.weight: 5/256 channels masked
Layer layer4.0.conv1.weight: 34/512 channels masked
Layer layer4.0.conv2.weight: 98/512 channels masked
Layer layer4.0.downsample.0.weight: 142/512 channels masked
Layer layer4.1.conv1.weight: 116/512 channels masked
Layer layer4.1.conv2.weight: 152/512 channels masked
------------------------- time cost ------------------------- 7.336114883422852

-------------Round number: 800-------------

Evaluate personalized models
Averaged Train Loss: 0.1860
Averaged Test Accurancy: 0.7285
Averaged Test AUC: 0.9532
Std Test Accurancy: 0.1145
Std Test AUC: 0.0270
ASR: 0.3749925246902738
attack_auc: 0.8439805977767001
Layer conv1.weight: 19/64 channels masked
Layer layer1.0.conv1.weight: 1/64 channels masked
Layer layer2.0.conv2.weight: 1/128 channels masked
Layer layer2.0.downsample.0.weight: 4/128 channels masked
Layer layer2.1.conv2.weight: 1/128 channels masked
Layer layer3.0.downsample.0.weight: 5/256 channels masked
Layer layer4.0.conv1.weight: 34/512 channels masked
Layer layer4.0.conv2.weight: 98/512 channels masked
Layer layer4.0.downsample.0.weight: 142/512 channels masked
Layer layer4.1.conv1.weight: 116/512 channels masked
Layer layer4.1.conv2.weight: 152/512 channels masked
------------------------- time cost ------------------------- 15.822802066802979

Best accuracy.
0.7588440458395616

Average time cost per round.
9.054630887508392
File path: ./results/Cifar10_dir0.5_bdoor0.2_nclient_100_sig_adv10_FedCLCM_HP18_SIG_LE2_PLE2_0.h5

Average time cost: 7265.32s.
Length:  81
std for best accurancy: 0.0
mean for best accurancy: 0.7588440458395616
All done!
