==================================================
goal = MS04_FEDAVG_BADNET_S43
device = cuda
join_ratio = 0.1
device_id = 0
dataset = Cifar10_dir0.5_bdoor0.2_nclient_100_badnet_adv10_seed43
num_classes = 10
model = ResNet18
batch_size = 64
local_learning_rate = 0.1
learning_rate_decay = False
learning_rate_decay_gamma = 0.99
global_rounds = 800
top_cnt = 100
local_epochs = 1
algorithm = FedAvg
num_clients = 100
eval_gap = 10
save_folder_name = items
auto_break = False
batch_num_per_client = 2
feature_dim = 512
vocab_size = 32000
max_len = 200
client_drop_rate = 0.0
time_select = False
time_threthold = 10000
send_slow_rate = 0.0
beta = 0.0
lamda = 1.0
mu = 0.0
K = 5
p_learning_rate = 0.01
M = 5
itk = 4000
alphaK = 1.0
sigma = 1.0
alpha = 1.0
plocal_epochs = 1
lr_head = 0.1
tau = 1.0
fine_tuning_epochs = 10
dr_learning_rate = 0.0
L = 1.0
noise_dim = 512
generator_learning_rate = 0.005
hidden_dim = 512
server_epochs = 1000
localize_feature_extractor = False
server_learning_rate = 1.0
eta = 1.0
rand_percent = 80
layer_idx = 2
mentee_learning_rate = 0.005
T_start = 0.95
T_end = 0.98
momentum = 0.1
kl_weight = 0.0
disti_epochs = 1
protect_id = 1
adv_eps = 0.1
adv_num_iter = 5
defense_epochs = 1
clean_data = 5000
sdmk_m = 7
sdmk_k = 5
delta = 0.5
sim_threshold = 0.7
rt_beta = 0.2
num_adv_clients = 10
lambda_cl = 0.5
aug_strength = 0.1
mask_tau = 2.0
mask_alpha = 0.3
enable_channel_mask = True
cosine_gate = False
cosine_gate_threshold = 0.3
cosine_gate_alpha = 0.5
trim_high_layers = 
trim_beta_high = None
trim_beta_low = None
purify_enable = False
purify_beta = 0.0
purify_feature_beta = 0.0
purify_logit_beta = 0.0
purify_temperature = 2.0
purify_start_round = 1
purify_layers = layer4
purify_teacher_momentum = 0.9
purify_teacher_cpu_half = True
attack = none
ba_target_label = 0
ba_poison_rate = 0.2
ba_trigger_gen_steps = 30
ba_trigger_gen_lr = 0.01
ba_pgd_eps = 0.0314
ba_trigger_scale = 8.0
pfedba_target_label = 0
pfedba_poison_rate = 0.5
pfedba_poison_count = -1
pfedba_poison_before_start = False
pfedba_attack_start = 30
pfedba_trigger_opt_steps = 15
pfedba_trigger_lr = 0.1
pfedba_init_value = 0.5
pfedba_patch_size = 8
pfedba_patch_position = center
pfedba_img_c = 3
pfedba_img_h = 32
pfedba_img_w = 32
pfedba_align_grad_weight = 1.0
pfedba_align_loss_weight = 1.0
pfedba_attack_loss_weight = 1.0
pfedba_opt_samples_per_class = 100
pfedba_opt_batch_size = 64
pfedba_opt_max_batches_per_client = 20
logit_analysis = False
logit_reject_thresholds = 0.5,0.6,0.7,0.8
logit_entropy_thresholds = 1.0,1.5,2.0
logit_margin_thresholds = 0.1,0.2,0.3
==================================================

============= Running time: 0th =============
Creating server and clients ...
ResNet(
  (conv1): Conv2d(3, 64, kernel_size=(3, 3), stride=(1, 1), padding=(1, 1), bias=False)
  (bn1): BatchNorm2d(64, eps=1e-05, momentum=0.1, affine=True, track_running_stats=True)
  (relu): ReLU(inplace=True)
  (layer1): Sequential(
    (0): BasicBlock(
      (conv1): Conv2d(64, 64, kernel_size=(3, 3), stride=(1, 1), padding=(1, 1), bias=False)
      (bn1): BatchNorm2d(64, eps=1e-05, momentum=0.1, affine=True, track_running_stats=True)
      (relu): ReLU(inplace=True)
      (conv2): Conv2d(64, 64, kernel_size=(3, 3), stride=(1, 1), padding=(1, 1), bias=False)
      (bn2): BatchNorm2d(64, eps=1e-05, momentum=0.1, affine=True, track_running_stats=True)
    )
    (1): BasicBlock(
      (conv1): Conv2d(64, 64, kernel_size=(3, 3), stride=(1, 1), padding=(1, 1), bias=False)
      (bn1): BatchNorm2d(64, eps=1e-05, momentum=0.1, affine=True, track_running_stats=True)
      (relu): ReLU(inplace=True)
      (conv2): Conv2d(64, 64, kernel_size=(3, 3), stride=(1, 1), padding=(1, 1), bias=False)
      (bn2): BatchNorm2d(64, eps=1e-05, momentum=0.1, affine=True, track_running_stats=True)
    )
  )
  (layer2): Sequential(
    (0): BasicBlock(
      (conv1): Conv2d(64, 128, kernel_size=(3, 3), stride=(2, 2), padding=(1, 1), bias=False)
      (bn1): BatchNorm2d(128, eps=1e-05, momentum=0.1, affine=True, track_running_stats=True)
      (relu): ReLU(inplace=True)
      (conv2): Conv2d(128, 128, kernel_size=(3, 3), stride=(1, 1), padding=(1, 1), bias=False)
      (bn2): BatchNorm2d(128, eps=1e-05, momentum=0.1, affine=True, track_running_stats=True)
      (downsample): Sequential(
        (0): Conv2d(64, 128, kernel_size=(1, 1), stride=(2, 2), bias=False)
        (1): BatchNorm2d(128, eps=1e-05, momentum=0.1, affine=True, track_running_stats=True)
      )
    )
    (1): BasicBlock(
      (conv1): Conv2d(128, 128, kernel_size=(3, 3), stride=(1, 1), padding=(1, 1), bias=False)
      (bn1): BatchNorm2d(128, eps=1e-05, momentum=0.1, affine=True, track_running_stats=True)
      (relu): ReLU(inplace=True)
      (conv2): Conv2d(128, 128, kernel_size=(3, 3), stride=(1, 1), padding=(1, 1), bias=False)
      (bn2): BatchNorm2d(128, eps=1e-05, momentum=0.1, affine=True, track_running_stats=True)
    )
  )
  (layer3): Sequential(
    (0): BasicBlock(
      (conv1): Conv2d(128, 256, kernel_size=(3, 3), stride=(2, 2), padding=(1, 1), bias=False)
      (bn1): BatchNorm2d(256, eps=1e-05, momentum=0.1, affine=True, track_running_stats=True)
      (relu): ReLU(inplace=True)
      (conv2): Conv2d(256, 256, kernel_size=(3, 3), stride=(1, 1), padding=(1, 1), bias=False)
      (bn2): BatchNorm2d(256, eps=1e-05, momentum=0.1, affine=True, track_running_stats=True)
      (downsample): Sequential(
        (0): Conv2d(128, 256, kernel_size=(1, 1), stride=(2, 2), bias=False)
        (1): BatchNorm2d(256, eps=1e-05, momentum=0.1, affine=True, track_running_stats=True)
      )
    )
    (1): BasicBlock(
      (conv1): Conv2d(256, 256, kernel_size=(3, 3), stride=(1, 1), padding=(1, 1), bias=False)
      (bn1): BatchNorm2d(256, eps=1e-05, momentum=0.1, affine=True, track_running_stats=True)
      (relu): ReLU(inplace=True)
      (conv2): Conv2d(256, 256, kernel_size=(3, 3), stride=(1, 1), padding=(1, 1), bias=False)
      (bn2): BatchNorm2d(256, eps=1e-05, momentum=0.1, affine=True, track_running_stats=True)
    )
  )
  (layer4): Sequential(
    (0): BasicBlock(
      (conv1): Conv2d(256, 512, kernel_size=(3, 3), stride=(2, 2), padding=(1, 1), bias=False)
      (bn1): BatchNorm2d(512, eps=1e-05, momentum=0.1, affine=True, track_running_stats=True)
      (relu): ReLU(inplace=True)
      (conv2): Conv2d(512, 512, kernel_size=(3, 3), stride=(1, 1), padding=(1, 1), bias=False)
      (bn2): BatchNorm2d(512, eps=1e-05, momentum=0.1, affine=True, track_running_stats=True)
      (downsample): Sequential(
        (0): Conv2d(256, 512, kernel_size=(1, 1), stride=(2, 2), bias=False)
        (1): BatchNorm2d(512, eps=1e-05, momentum=0.1, affine=True, track_running_stats=True)
      )
    )
    (1): BasicBlock(
      (conv1): Conv2d(512, 512, kernel_size=(3, 3), stride=(1, 1), padding=(1, 1), bias=False)
      (bn1): BatchNorm2d(512, eps=1e-05, momentum=0.1, affine=True, track_running_stats=True)
      (relu): ReLU(inplace=True)
      (conv2): Conv2d(512, 512, kernel_size=(3, 3), stride=(1, 1), padding=(1, 1), bias=False)
      (bn2): BatchNorm2d(512, eps=1e-05, momentum=0.1, affine=True, track_running_stats=True)
    )
  )
  (avgpool): AdaptiveAvgPool2d(output_size=(1, 1))
  (fc): Linear(in_features=512, out_features=10, bias=True)
)

Join ratio / total clients: 0.1 / 100
Finished creating server and clients.

-------------Round number: 0-------------

Evaluate global model
Averaged Train Loss: 2.4259
Averaged Test Accurancy: 0.1016
Averaged Test AUC: 0.5013
Std Test Accurancy: 0.1514
Std Test AUC: 0.1496
ASR : 0.002777777777777778
attack_auc : 0.7362120987654321
------------------------- time cost ------------------------- 10.994035005569458
ASR : 0.00011111111111111112
attack_auc : 0.5551645679012344
------------------------- time cost ------------------------- 2.666167974472046
ASR : 0.009000000000000001
attack_auc : 0.7048501234567898
------------------------- time cost ------------------------- 2.4984569549560547
ASR : 0.01877777777777778
attack_auc : 0.5438712345679011
------------------------- time cost ------------------------- 2.6528918743133545
ASR : 0.14211111111111116
attack_auc : 0.7620156790123458
------------------------- time cost ------------------------- 2.446333646774292
ASR : 0.02011111111111111
attack_auc : 0.2943159259259261
------------------------- time cost ------------------------- 2.7178611755371094
ASR : 0.04422222222222222
attack_auc : 0.42664049382716035
------------------------- time cost ------------------------- 2.6499578952789307
ASR : 0.02677777777777778
attack_auc : 0.3296587654320987
------------------------- time cost ------------------------- 2.310366153717041
ASR : 0.09533333333333334
attack_auc : 0.3415282716049383
------------------------- time cost ------------------------- 2.598318576812744
ASR : 0.02577777777777778
attack_auc : 0.22626030864197544
------------------------- time cost ------------------------- 2.6678426265716553

-------------Round number: 10-------------

Evaluate global model
Averaged Train Loss: 5.1989
Averaged Test Accurancy: 0.2204
Averaged Test AUC: 0.6123
Std Test Accurancy: 0.1602
Std Test AUC: 0.1579
ASR : 0.017111111111111115
attack_auc : 0.26789185185185194
------------------------- time cost ------------------------- 9.935170650482178
ASR : 0.059666666666666666
attack_auc : 0.3983627160493827
------------------------- time cost ------------------------- 2.5299503803253174
ASR : 0.04822222222222222
attack_auc : 0.3315986419753087
------------------------- time cost ------------------------- 2.500624656677246
ASR : 0.05544444444444441
attack_auc : 0.3618611111111111
------------------------- time cost ------------------------- 2.437734842300415
ASR : 0.13100000000000006
attack_auc : 0.5080148148148149
------------------------- time cost ------------------------- 2.802467107772827
ASR : 0.06677777777777776
attack_auc : 0.4196692592592591
------------------------- time cost ------------------------- 2.660414218902588
ASR : 0.13300000000000003
attack_auc : 0.5316733333333331
------------------------- time cost ------------------------- 2.72912335395813
ASR : 0.12555555555555553
attack_auc : 0.5563238271604939
------------------------- time cost ------------------------- 2.528074026107788
ASR : 0.2183333333333334
attack_auc : 0.6349535802469138
------------------------- time cost ------------------------- 2.576314926147461
ASR : 0.14077777777777778
attack_auc : 0.49276098765432097
------------------------- time cost ------------------------- 2.6550395488739014

-------------Round number: 20-------------

Evaluate global model
Averaged Train Loss: 4.1123
Averaged Test Accurancy: 0.1771
Averaged Test AUC: 0.6169
Std Test Accurancy: 0.1457
Std Test AUC: 0.1435
ASR : 0.1426666666666667
attack_auc : 0.6158333333333333
------------------------- time cost ------------------------- 10.28243374824524
ASR : 0.011666666666666667
attack_auc : 0.4215346913580248
------------------------- time cost ------------------------- 2.892040729522705
ASR : 0.10788888888888885
attack_auc : 0.48659271604938303
------------------------- time cost ------------------------- 2.600125789642334
ASR : 0.13644444444444448
attack_auc : 0.6014295061728391
------------------------- time cost ------------------------- 2.714803695678711
ASR : 0.18611111111111112
attack_auc : 0.5677346913580247
------------------------- time cost ------------------------- 2.500124454498291
ASR : 0.1610000000000001
attack_auc : 0.5531240740740742
------------------------- time cost ------------------------- 2.7001423835754395
ASR : 0.15322222222222218
attack_auc : 0.638795185185185
------------------------- time cost ------------------------- 2.8474345207214355
ASR : 0.0721111111111111
attack_auc : 0.6029160493827163
------------------------- time cost ------------------------- 2.605189085006714
ASR : 0.06077777777777776
attack_auc : 0.5867801234567902
------------------------- time cost ------------------------- 2.475908041000366
ASR : 0.22766666666666677
attack_auc : 0.6448625308641976
------------------------- time cost ------------------------- 2.5649795532226562

-------------Round number: 30-------------

Evaluate global model
Averaged Train Loss: 2.3154
Averaged Test Accurancy: 0.2342
Averaged Test AUC: 0.6868
Std Test Accurancy: 0.1415
Std Test AUC: 0.1360
ASR : 0.07177777777777777
attack_auc : 0.527416172839506
------------------------- time cost ------------------------- 9.964763402938843
ASR : 0.03444444444444444
attack_auc : 0.45139629629629646
------------------------- time cost ------------------------- 2.5174107551574707
ASR : 0.12200000000000003
attack_auc : 0.5650516049382717
------------------------- time cost ------------------------- 2.7189016342163086
ASR : 0.22055555555555556
attack_auc : 0.6796079012345679
------------------------- time cost ------------------------- 2.7378671169281006
ASR : 0.023222222222222224
attack_auc : 0.5231937037037039
------------------------- time cost ------------------------- 2.597062826156616
ASR : 0.10066666666666667
attack_auc : 0.533740864197531
------------------------- time cost ------------------------- 2.826826572418213
ASR : 0.1258888888888889
attack_auc : 0.5301340740740739
------------------------- time cost ------------------------- 2.593613862991333
ASR : 0.07366666666666664
attack_auc : 0.5664202469135804
------------------------- time cost ------------------------- 2.679863452911377
ASR : 0.12211111111111113
attack_auc : 0.4704024691358026
------------------------- time cost ------------------------- 2.612630844116211
ASR : 0.11944444444444445
attack_auc : 0.48553580246913586
------------------------- time cost ------------------------- 2.71197247505188

-------------Round number: 40-------------

Evaluate global model
Averaged Train Loss: 2.0895
Averaged Test Accurancy: 0.2846
Averaged Test AUC: 0.7246
Std Test Accurancy: 0.1437
Std Test AUC: 0.1318
ASR : 0.03455555555555555
attack_auc : 0.4949185185185185
------------------------- time cost ------------------------- 10.140973806381226
ASR : 0.0414444444444444
attack_auc : 0.5039443209876542
------------------------- time cost ------------------------- 2.525223731994629
ASR : 0.15788888888888886
attack_auc : 0.5921803086419751
------------------------- time cost ------------------------- 2.6108856201171875
ASR : 0.030444444444444427
attack_auc : 0.4669403703703703
------------------------- time cost ------------------------- 2.627115488052368
ASR : 0.13866666666666666
attack_auc : 0.498967037037037
------------------------- time cost ------------------------- 2.5532305240631104
ASR : 0.028333333333333342
attack_auc : 0.4058907407407407
------------------------- time cost ------------------------- 2.8344931602478027
ASR : 0.05466666666666665
attack_auc : 0.5175651851851852
------------------------- time cost ------------------------- 2.7023370265960693
ASR : 0.047777777777777766
attack_auc : 0.5428218518518516
------------------------- time cost ------------------------- 2.4881157875061035
ASR : 0.05077777777777774
attack_auc : 0.47345580246913593
------------------------- time cost ------------------------- 2.5582122802734375
ASR : 0.20488888888888881
attack_auc : 0.6201035802469137
------------------------- time cost ------------------------- 2.61503529548645

-------------Round number: 50-------------

Evaluate global model
Averaged Train Loss: 1.8201
Averaged Test Accurancy: 0.3167
Averaged Test AUC: 0.7807
Std Test Accurancy: 0.1496
Std Test AUC: 0.1104
ASR : 0.09799999999999992
attack_auc : 0.6129630864197533
------------------------- time cost ------------------------- 10.111154556274414
ASR : 0.12722222222222224
attack_auc : 0.5797630864197533
------------------------- time cost ------------------------- 2.707547903060913
ASR : 0.09766666666666668
attack_auc : 0.520835802469136
------------------------- time cost ------------------------- 2.5900707244873047
ASR : 0.06266666666666666
attack_auc : 0.5575743209876542
------------------------- time cost ------------------------- 2.3546876907348633
ASR : 0.08511111111111111
attack_auc : 0.5169817283950618
------------------------- time cost ------------------------- 2.643448829650879
ASR : 0.16533333333333336
attack_auc : 0.5602034567901236
------------------------- time cost ------------------------- 2.5555474758148193
ASR : 0.08188888888888887
attack_auc : 0.5694676543209879
------------------------- time cost ------------------------- 2.451927900314331
ASR : 0.0432222222222222
attack_auc : 0.5100187654320988
------------------------- time cost ------------------------- 2.565678834915161
ASR : 0.11077777777777774
attack_auc : 0.5463601234567902
------------------------- time cost ------------------------- 2.6877076625823975
ASR : 0.1071111111111111
attack_auc : 0.5298080246913581
------------------------- time cost ------------------------- 2.633955955505371

-------------Round number: 60-------------

Evaluate global model
Averaged Train Loss: 1.9398
Averaged Test Accurancy: 0.3229
Averaged Test AUC: 0.7663
Std Test Accurancy: 0.1381
Std Test AUC: 0.1150
ASR : 0.020444444444444453
attack_auc : 0.42548851851851854
------------------------- time cost ------------------------- 10.376426935195923
ASR : 0.05111111111111108
attack_auc : 0.45665283950617275
------------------------- time cost ------------------------- 2.4709699153900146
ASR : 0.0836666666666666
attack_auc : 0.5001508641975307
------------------------- time cost ------------------------- 2.5584588050842285
ASR : 0.09222222222222219
attack_auc : 0.4947001234567901
------------------------- time cost ------------------------- 2.6082732677459717
ASR : 0.08622222222222221
attack_auc : 0.5603535802469134
------------------------- time cost ------------------------- 2.609689950942993
ASR : 0.07088888888888888
attack_auc : 0.48359370370370375
------------------------- time cost ------------------------- 2.5630364418029785
ASR : 0.1363333333333333
attack_auc : 0.5289815432098763
------------------------- time cost ------------------------- 2.5222933292388916
ASR : 0.15766666666666665
attack_auc : 0.6163338271604938
------------------------- time cost ------------------------- 2.7905468940734863
ASR : 0.1568888888888889
attack_auc : 0.5926797530864201
------------------------- time cost ------------------------- 2.8836324214935303
ASR : 0.0535555555555555
attack_auc : 0.5180303703703705
------------------------- time cost ------------------------- 2.882051944732666

-------------Round number: 70-------------

Evaluate global model
Averaged Train Loss: 1.7280
Averaged Test Accurancy: 0.3670
Averaged Test AUC: 0.8018
Std Test Accurancy: 0.1473
Std Test AUC: 0.0921
ASR : 0.08266666666666665
attack_auc : 0.5350041975308643
------------------------- time cost ------------------------- 10.022048473358154
ASR : 0.07099999999999998
attack_auc : 0.4636058024691357
------------------------- time cost ------------------------- 2.6467535495758057
ASR : 0.15888888888888889
attack_auc : 0.6038787654320987
------------------------- time cost ------------------------- 2.75288987159729
ASR : 0.04355555555555551
attack_auc : 0.4829561728395061
------------------------- time cost ------------------------- 2.562384843826294
ASR : 0.04588888888888886
attack_auc : 0.43992839506172843
------------------------- time cost ------------------------- 2.630746603012085
ASR : 0.07888888888888884
attack_auc : 0.530440987654321
------------------------- time cost ------------------------- 2.4409871101379395
ASR : 0.06155555555555552
attack_auc : 0.5030551851851851
------------------------- time cost ------------------------- 2.7380964756011963
ASR : 0.09799999999999999
attack_auc : 0.5786734567901235
------------------------- time cost ------------------------- 2.5991263389587402
ASR : 0.1063333333333333
attack_auc : 0.553611975308642
------------------------- time cost ------------------------- 2.4937398433685303
ASR : 0.0913333333333333
attack_auc : 0.4698730864197532
------------------------- time cost ------------------------- 2.725785493850708

-------------Round number: 80-------------

Evaluate global model
Averaged Train Loss: 1.8061
Averaged Test Accurancy: 0.3703
Averaged Test AUC: 0.7909
Std Test Accurancy: 0.1433
Std Test AUC: 0.0908
ASR : 0.08377777777777771
attack_auc : 0.4568564197530868
------------------------- time cost ------------------------- 10.028618097305298
ASR : 0.10088888888888883
attack_auc : 0.5518497530864197
------------------------- time cost ------------------------- 2.7668120861053467
ASR : 0.12655555555555553
attack_auc : 0.54478987654321
------------------------- time cost ------------------------- 2.6166436672210693
ASR : 0.0928888888888889
attack_auc : 0.5070876543209877
------------------------- time cost ------------------------- 2.4698498249053955
ASR : 0.08055555555555555
attack_auc : 0.5136356172839505
------------------------- time cost ------------------------- 2.5533087253570557
ASR : 0.04788888888888884
attack_auc : 0.5123713580246914
------------------------- time cost ------------------------- 2.5693728923797607
ASR : 0.12277777777777772
attack_auc : 0.6042516049382716
------------------------- time cost ------------------------- 2.6020660400390625
ASR : 0.23222222222222225
attack_auc : 0.6787675308641974
------------------------- time cost ------------------------- 2.4865775108337402
ASR : 0.15555555555555559
attack_auc : 0.598555061728395
------------------------- time cost ------------------------- 2.605583906173706
ASR : 0.04911111111111107
attack_auc : 0.4890446913580247
------------------------- time cost ------------------------- 2.5897340774536133

-------------Round number: 90-------------

Evaluate global model
Averaged Train Loss: 1.6320
Averaged Test Accurancy: 0.4309
Averaged Test AUC: 0.8400
Std Test Accurancy: 0.1350
Std Test AUC: 0.0563
ASR : 0.053333333333333274
attack_auc : 0.490366172839506
------------------------- time cost ------------------------- 10.358701229095459
ASR : 0.08388888888888887
attack_auc : 0.5517169135802468
------------------------- time cost ------------------------- 2.6620705127716064
ASR : 0.09322222222222215
attack_auc : 0.5489650617283953
------------------------- time cost ------------------------- 2.7209315299987793
ASR : 0.09566666666666666
attack_auc : 0.5806288888888889
------------------------- time cost ------------------------- 2.4897713661193848
ASR : 0.12099999999999998
attack_auc : 0.550288024691358
------------------------- time cost ------------------------- 2.4760818481445312
ASR : 0.3135555555555556
attack_auc : 0.7339083950617281
------------------------- time cost ------------------------- 2.5567781925201416
ASR : 0.15266666666666673
attack_auc : 0.6589034567901234
------------------------- time cost ------------------------- 2.4777591228485107
ASR : 0.08266666666666664
attack_auc : 0.6439613580246911
------------------------- time cost ------------------------- 2.6333489418029785
ASR : 0.21788888888888888
attack_auc : 0.7146107407407408
------------------------- time cost ------------------------- 2.394578456878662
ASR : 0.17777777777777773
attack_auc : 0.6609861728395062
------------------------- time cost ------------------------- 2.695573091506958

-------------Round number: 100-------------

Evaluate global model
Averaged Train Loss: 1.5709
Averaged Test Accurancy: 0.4436
Averaged Test AUC: 0.8381
Std Test Accurancy: 0.1233
Std Test AUC: 0.0650
ASR : 0.1043333333333333
attack_auc : 0.5814922222222224
------------------------- time cost ------------------------- 10.189778804779053
ASR : 0.13966666666666666
attack_auc : 0.67324012345679
------------------------- time cost ------------------------- 2.6485047340393066
ASR : 0.1442222222222222
attack_auc : 0.6550155555555555
------------------------- time cost ------------------------- 2.4614624977111816
ASR : 0.2847777777777777
attack_auc : 0.7459065432098768
------------------------- time cost ------------------------- 2.604874849319458
ASR : 0.28844444444444434
attack_auc : 0.7411103703703706
------------------------- time cost ------------------------- 2.599301815032959
ASR : 0.11877777777777777
attack_auc : 0.6673188888888889
------------------------- time cost ------------------------- 2.5973784923553467
ASR : 0.1572222222222222
attack_auc : 0.6645343209876542
------------------------- time cost ------------------------- 2.554002523422241
ASR : 0.3325555555555556
attack_auc : 0.7984198765432098
------------------------- time cost ------------------------- 2.470541000366211
ASR : 0.3951111111111111
attack_auc : 0.8312444444444448
------------------------- time cost ------------------------- 2.5220346450805664
ASR : 0.47255555555555573
attack_auc : 0.8492891358024692
------------------------- time cost ------------------------- 2.8488452434539795

-------------Round number: 110-------------

Evaluate global model
Averaged Train Loss: 1.6185
Averaged Test Accurancy: 0.4366
Averaged Test AUC: 0.8296
Std Test Accurancy: 0.1401
Std Test AUC: 0.0757
ASR : 0.41477777777777775
attack_auc : 0.8447497530864198
------------------------- time cost ------------------------- 10.154921531677246
ASR : 0.5688888888888889
attack_auc : 0.8938728395061724
------------------------- time cost ------------------------- 2.583347797393799
ASR : 0.3555555555555555
attack_auc : 0.7938544444444446
------------------------- time cost ------------------------- 2.5450923442840576
ASR : 0.5276666666666667
attack_auc : 0.8832183950617287
------------------------- time cost ------------------------- 2.455481767654419
ASR : 0.4788888888888891
attack_auc : 0.8569085185185186
------------------------- time cost ------------------------- 2.558704376220703
ASR : 0.5133333333333332
attack_auc : 0.8582320987654322
------------------------- time cost ------------------------- 2.5245773792266846
ASR : 0.5426666666666665
attack_auc : 0.8720482716049385
------------------------- time cost ------------------------- 2.3099205493927
ASR : 0.6663333333333334
attack_auc : 0.9105186419753089
------------------------- time cost ------------------------- 2.775029182434082
ASR : 0.5419999999999999
attack_auc : 0.8792879012345679
------------------------- time cost ------------------------- 2.539013624191284
ASR : 0.5123333333333335
attack_auc : 0.8611568518518523
------------------------- time cost ------------------------- 2.539457082748413

-------------Round number: 120-------------

Evaluate global model
Averaged Train Loss: 1.5454
Averaged Test Accurancy: 0.4323
Averaged Test AUC: 0.8391
Std Test Accurancy: 0.1194
Std Test AUC: 0.0567
ASR : 0.48700000000000015
attack_auc : 0.8273690123456788
------------------------- time cost ------------------------- 10.23068618774414
ASR : 0.5695555555555556
attack_auc : 0.8863308641975307
------------------------- time cost ------------------------- 2.5050411224365234
ASR : 0.6226666666666666
attack_auc : 0.8941875308641973
------------------------- time cost ------------------------- 2.582033634185791
ASR : 0.6252222222222223
attack_auc : 0.9024588888888891
------------------------- time cost ------------------------- 2.611497402191162
ASR : 0.6305555555555558
attack_auc : 0.9085740740740735
------------------------- time cost ------------------------- 2.4568912982940674
ASR : 0.4220000000000001
attack_auc : 0.8687113580246911
------------------------- time cost ------------------------- 2.658958673477173
ASR : 0.6956666666666665
attack_auc : 0.9152190123456785
------------------------- time cost ------------------------- 2.701483964920044
ASR : 0.7685555555555555
attack_auc : 0.9519722222222219
------------------------- time cost ------------------------- 2.7061500549316406
ASR : 0.5774444444444445
attack_auc : 0.8909487654320987
------------------------- time cost ------------------------- 2.826740264892578
ASR : 0.6416666666666664
attack_auc : 0.9067624691358025
------------------------- time cost ------------------------- 2.5444436073303223

-------------Round number: 130-------------

Evaluate global model
Averaged Train Loss: 1.5171
Averaged Test Accurancy: 0.4377
Averaged Test AUC: 0.8311
Std Test Accurancy: 0.1249
Std Test AUC: 0.0675
ASR : 0.6657777777777779
attack_auc : 0.9070362962962963
------------------------- time cost ------------------------- 10.06849718093872
ASR : 0.7058888888888889
attack_auc : 0.9274539506172842
------------------------- time cost ------------------------- 2.328686237335205
ASR : 0.7917777777777777
attack_auc : 0.9567655555555558
------------------------- time cost ------------------------- 2.4900314807891846
ASR : 0.5677777777777779
attack_auc : 0.9036786419753083
------------------------- time cost ------------------------- 2.5518436431884766
ASR : 0.6263333333333332
attack_auc : 0.8951543209876545
------------------------- time cost ------------------------- 2.684708833694458
ASR : 0.6656666666666667
attack_auc : 0.9297607407407404
------------------------- time cost ------------------------- 2.812427043914795
ASR : 0.8237777777777776
attack_auc : 0.9617466666666666
------------------------- time cost ------------------------- 2.4804437160491943
ASR : 0.7607777777777779
attack_auc : 0.9473054320987653
------------------------- time cost ------------------------- 2.6825499534606934
ASR : 0.8532222222222224
attack_auc : 0.9733317283950617
------------------------- time cost ------------------------- 2.6027615070343018
ASR : 0.7426666666666667
attack_auc : 0.942458271604938
------------------------- time cost ------------------------- 2.799250841140747

-------------Round number: 140-------------

Evaluate global model
Averaged Train Loss: 1.6596
Averaged Test Accurancy: 0.3908
Averaged Test AUC: 0.8054
Std Test Accurancy: 0.1181
Std Test AUC: 0.0743
ASR : 0.7444444444444441
attack_auc : 0.9451753086419755
------------------------- time cost ------------------------- 10.579266786575317
ASR : 0.8569999999999998
attack_auc : 0.9736285802469132
------------------------- time cost ------------------------- 2.495774507522583
ASR : 0.7663333333333336
attack_auc : 0.9543585185185186
------------------------- time cost ------------------------- 2.577744960784912
ASR : 0.7103333333333333
attack_auc : 0.9271113580246917
------------------------- time cost ------------------------- 2.9067142009735107
ASR : 0.7382222222222222
attack_auc : 0.9343534567901233
------------------------- time cost ------------------------- 2.7264649868011475
ASR : 0.6928888888888888
attack_auc : 0.9220758024691358
------------------------- time cost ------------------------- 2.6257615089416504
ASR : 0.7008888888888886
attack_auc : 0.9269085802469135
------------------------- time cost ------------------------- 2.7423481941223145
ASR : 0.865222222222222
attack_auc : 0.9769449382716056
------------------------- time cost ------------------------- 2.534484386444092
ASR : 0.8427777777777781
attack_auc : 0.9711423456790123
------------------------- time cost ------------------------- 2.561879873275757
ASR : 0.7162222222222222
attack_auc : 0.926449135802469
------------------------- time cost ------------------------- 2.8167433738708496

-------------Round number: 150-------------

Evaluate global model
Averaged Train Loss: 1.5471
Averaged Test Accurancy: 0.4378
Averaged Test AUC: 0.8344
Std Test Accurancy: 0.1630
Std Test AUC: 0.0912
ASR : 0.7350000000000002
attack_auc : 0.9393176543209872
------------------------- time cost ------------------------- 10.019140005111694
ASR : 0.7522222222222221
attack_auc : 0.9407660493827162
------------------------- time cost ------------------------- 2.6106185913085938
ASR : 0.8551111111111114
attack_auc : 0.968602962962963
------------------------- time cost ------------------------- 2.6334824562072754
ASR : 0.841111111111111
attack_auc : 0.9700597530864198
------------------------- time cost ------------------------- 2.4135680198669434
ASR : 0.8278888888888891
attack_auc : 0.9644245061728397
------------------------- time cost ------------------------- 2.393775701522827
ASR : 0.8617777777777778
attack_auc : 0.9696393827160492
------------------------- time cost ------------------------- 2.611269950866699
ASR : 0.7714444444444442
attack_auc : 0.9428185185185184
------------------------- time cost ------------------------- 2.800325393676758
ASR : 0.7437777777777778
attack_auc : 0.9263392592592593
------------------------- time cost ------------------------- 2.579059362411499
ASR : 0.7413333333333336
attack_auc : 0.9322091358024694
------------------------- time cost ------------------------- 2.565088987350464
ASR : 0.8660000000000001
attack_auc : 0.9728340740740739
------------------------- time cost ------------------------- 2.4840965270996094

-------------Round number: 160-------------

Evaluate global model
Averaged Train Loss: 1.4674
Averaged Test Accurancy: 0.4519
Averaged Test AUC: 0.8314
Std Test Accurancy: 0.1464
Std Test AUC: 0.0842
ASR : 0.8981111111111115
attack_auc : 0.9812042592592594
------------------------- time cost ------------------------- 10.141413688659668
ASR : 0.8275555555555555
attack_auc : 0.9668801234567905
------------------------- time cost ------------------------- 2.584787607192993
ASR : 0.8065555555555552
attack_auc : 0.956012098765432
------------------------- time cost ------------------------- 2.608886957168579
ASR : 0.8394444444444444
attack_auc : 0.9706012345679014
------------------------- time cost ------------------------- 2.6392571926116943
ASR : 0.808222222222222
attack_auc : 0.9497182716049385
------------------------- time cost ------------------------- 2.3975327014923096
ASR : 0.7923333333333336
attack_auc : 0.9505208641975309
------------------------- time cost ------------------------- 2.7879714965820312
ASR : 0.8206666666666667
attack_auc : 0.9595631481481482
------------------------- time cost ------------------------- 2.512946128845215
ASR : 0.9332222222222222
attack_auc : 0.9857233333333337
------------------------- time cost ------------------------- 2.6395342350006104
ASR : 0.8262222222222224
attack_auc : 0.962014814814815
------------------------- time cost ------------------------- 2.748278856277466
ASR : 0.8613333333333332
attack_auc : 0.9719391358024689
------------------------- time cost ------------------------- 2.6403467655181885

-------------Round number: 170-------------

Evaluate global model
Averaged Train Loss: 1.6137
Averaged Test Accurancy: 0.4324
Averaged Test AUC: 0.8172
Std Test Accurancy: 0.1450
Std Test AUC: 0.0986
ASR : 0.8004444444444446
attack_auc : 0.9556262962962965
------------------------- time cost ------------------------- 10.666896104812622
ASR : 0.7800000000000001
attack_auc : 0.9458187654320983
------------------------- time cost ------------------------- 2.490178108215332
ASR : 0.9239999999999998
attack_auc : 0.9875787654320985
------------------------- time cost ------------------------- 2.502509355545044
ASR : 0.8738888888888886
attack_auc : 0.9764891358024693
------------------------- time cost ------------------------- 2.6803057193756104
ASR : 0.8397777777777777
attack_auc : 0.9615039506172839
------------------------- time cost ------------------------- 2.3641908168792725
ASR : 0.8551111111111112
attack_auc : 0.970458518518518
------------------------- time cost ------------------------- 2.6349234580993652
ASR : 0.8588888888888888
attack_auc : 0.974117160493827
------------------------- time cost ------------------------- 2.700561285018921
ASR : 0.8261111111111112
attack_auc : 0.9624333333333335
------------------------- time cost ------------------------- 2.5403943061828613
ASR : 0.8426666666666666
attack_auc : 0.9674614814814814
------------------------- time cost ------------------------- 2.5507256984710693
ASR : 0.8638888888888892
attack_auc : 0.9727165432098768
------------------------- time cost ------------------------- 2.4486093521118164

-------------Round number: 180-------------

Evaluate global model
Averaged Train Loss: 1.5522
Averaged Test Accurancy: 0.4330
Averaged Test AUC: 0.8044
Std Test Accurancy: 0.1360
Std Test AUC: 0.1059
ASR : 0.8685555555555555
attack_auc : 0.9758144444444444
------------------------- time cost ------------------------- 9.944293975830078
ASR : 0.8295555555555552
attack_auc : 0.9684298765432098
------------------------- time cost ------------------------- 2.774862766265869
ASR : 0.9171111111111105
attack_auc : 0.9897564197530858
------------------------- time cost ------------------------- 2.7557871341705322
ASR : 0.8475555555555554
attack_auc : 0.9713759259259258
------------------------- time cost ------------------------- 2.538679599761963
ASR : 0.7871111111111107
attack_auc : 0.9491108641975313
------------------------- time cost ------------------------- 2.7124717235565186
ASR : 0.751888888888889
attack_auc : 0.9373404938271603
------------------------- time cost ------------------------- 2.6530542373657227
ASR : 0.7906666666666665
attack_auc : 0.947085555555556
------------------------- time cost ------------------------- 2.5759944915771484
ASR : 0.8622222222222227
attack_auc : 0.971490987654321
------------------------- time cost ------------------------- 2.511202096939087
ASR : 0.8628888888888888
attack_auc : 0.9759164197530863
------------------------- time cost ------------------------- 2.7479207515716553
ASR : 0.840777777777778
attack_auc : 0.9703003703703699
------------------------- time cost ------------------------- 2.6471076011657715

-------------Round number: 190-------------

Evaluate global model
Averaged Train Loss: 1.7842
Averaged Test Accurancy: 0.4176
Averaged Test AUC: 0.7985
Std Test Accurancy: 0.1738
Std Test AUC: 0.1196
ASR : 0.8893333333333334
attack_auc : 0.9834477777777781
------------------------- time cost ------------------------- 10.05355453491211
ASR : 0.8746666666666664
attack_auc : 0.974422839506173
------------------------- time cost ------------------------- 2.590444803237915
ASR : 0.8845555555555555
attack_auc : 0.9765082716049382
------------------------- time cost ------------------------- 2.389350652694702
ASR : 0.8844444444444448
attack_auc : 0.9790812345679013
------------------------- time cost ------------------------- 2.5549261569976807
ASR : 0.7948888888888888
attack_auc : 0.9487233333333333
------------------------- time cost ------------------------- 2.6169214248657227
ASR : 0.8633333333333331
attack_auc : 0.9736095061728397
------------------------- time cost ------------------------- 2.521267890930176
ASR : 0.8412222222222224
attack_auc : 0.9653659259259262
------------------------- time cost ------------------------- 2.682518243789673
ASR : 0.8680000000000003
attack_auc : 0.9782650617283952
------------------------- time cost ------------------------- 2.5656628608703613
ASR : 0.9329999999999998
attack_auc : 0.9886437037037036
------------------------- time cost ------------------------- 2.6639034748077393
ASR : 0.8453333333333335
attack_auc : 0.9642006172839505
------------------------- time cost ------------------------- 2.4576244354248047

-------------Round number: 200-------------

Evaluate global model
Averaged Train Loss: 1.5826
Averaged Test Accurancy: 0.4235
Averaged Test AUC: 0.8049
Std Test Accurancy: 0.1456
Std Test AUC: 0.1026
ASR : 0.8682222222222223
attack_auc : 0.9713498765432104
------------------------- time cost ------------------------- 10.170004606246948
ASR : 0.8692222222222219
attack_auc : 0.9670388888888886
------------------------- time cost ------------------------- 2.8652732372283936
ASR : 0.8605555555555554
attack_auc : 0.9739341975308643
------------------------- time cost ------------------------- 2.789987802505493
ASR : 0.8716666666666666
attack_auc : 0.9764679012345678
------------------------- time cost ------------------------- 2.6003334522247314
ASR : 0.8923333333333336
attack_auc : 0.9786820987654322
------------------------- time cost ------------------------- 2.6475753784179688
ASR : 0.8715555555555552
attack_auc : 0.9689434567901232
------------------------- time cost ------------------------- 2.9568023681640625
ASR : 0.9394444444444449
attack_auc : 0.9901945679012344
------------------------- time cost ------------------------- 2.8123581409454346
ASR : 0.9357777777777775
attack_auc : 0.9902908641975308
------------------------- time cost ------------------------- 2.6377017498016357
ASR : 0.9466666666666661
attack_auc : 0.9928575925925925
------------------------- time cost ------------------------- 2.5862417221069336
ASR : 0.8862222222222222
attack_auc : 0.9720570370370376
------------------------- time cost ------------------------- 2.525421142578125

-------------Round number: 210-------------

Evaluate global model
Averaged Train Loss: 1.5825
Averaged Test Accurancy: 0.4071
Averaged Test AUC: 0.7846
Std Test Accurancy: 0.1339
Std Test AUC: 0.1068
ASR : 0.9192222222222216
attack_auc : 0.9845872839506175
------------------------- time cost ------------------------- 10.4192214012146
ASR : 0.9052222222222224
attack_auc : 0.9820730864197529
------------------------- time cost ------------------------- 2.6115994453430176
ASR : 0.8969999999999996
attack_auc : 0.977138024691358
------------------------- time cost ------------------------- 2.60273814201355
ASR : 0.8875555555555552
attack_auc : 0.9793782716049383
------------------------- time cost ------------------------- 2.5705485343933105
ASR : 0.9184444444444444
attack_auc : 0.9855188888888886
------------------------- time cost ------------------------- 2.541335105895996
ASR : 0.9152222222222223
attack_auc : 0.9850219753086421
------------------------- time cost ------------------------- 2.57767915725708
ASR : 0.9017777777777779
attack_auc : 0.9839654320987656
------------------------- time cost ------------------------- 2.453460454940796
ASR : 0.9063333333333334
attack_auc : 0.9865408641975307
------------------------- time cost ------------------------- 2.5074994564056396
ASR : 0.8597777777777774
attack_auc : 0.9669424691358022
------------------------- time cost ------------------------- 2.698857545852661
ASR : 0.8966666666666667
attack_auc : 0.9793259259259258
------------------------- time cost ------------------------- 2.586150884628296

-------------Round number: 220-------------

Evaluate global model
Averaged Train Loss: 1.6117
Averaged Test Accurancy: 0.4114
Averaged Test AUC: 0.7849
Std Test Accurancy: 0.1392
Std Test AUC: 0.1206
ASR : 0.9016666666666671
attack_auc : 0.9807951851851853
------------------------- time cost ------------------------- 9.905538558959961
ASR : 0.8843333333333334
attack_auc : 0.9779564197530863
------------------------- time cost ------------------------- 2.4315438270568848
ASR : 0.884777777777778
attack_auc : 0.9803537037037041
------------------------- time cost ------------------------- 2.6375622749328613
ASR : 0.8648888888888889
attack_auc : 0.9734851851851858
------------------------- time cost ------------------------- 2.714237689971924
ASR : 0.8602222222222221
attack_auc : 0.9711558024691362
------------------------- time cost ------------------------- 2.660121202468872
ASR : 0.8713333333333336
attack_auc : 0.9715719753086417
------------------------- time cost ------------------------- 2.602869749069214
ASR : 0.8891111111111114
attack_auc : 0.9747293827160495
------------------------- time cost ------------------------- 2.554611921310425
ASR : 0.9173333333333332
attack_auc : 0.9871188888888889
------------------------- time cost ------------------------- 2.5750820636749268
ASR : 0.8456666666666668
attack_auc : 0.9701271604938272
------------------------- time cost ------------------------- 2.5869975090026855
ASR : 0.9575555555555556
attack_auc : 0.991575061728395
------------------------- time cost ------------------------- 2.6471431255340576

-------------Round number: 230-------------

Evaluate global model
Averaged Train Loss: 1.7179
Averaged Test Accurancy: 0.4071
Averaged Test AUC: 0.7764
Std Test Accurancy: 0.1435
Std Test AUC: 0.1311
ASR : 0.9414444444444445
attack_auc : 0.9921508641975306
------------------------- time cost ------------------------- 9.996458292007446
ASR : 0.8941111111111113
attack_auc : 0.9858108641975302
------------------------- time cost ------------------------- 2.4625914096832275
ASR : 0.9339999999999997
attack_auc : 0.9904425925925924
------------------------- time cost ------------------------- 2.8487985134124756
ASR : 0.8837777777777776
attack_auc : 0.9782383950617284
------------------------- time cost ------------------------- 2.8575849533081055
ASR : 0.8863333333333334
attack_auc : 0.9808396296296298
------------------------- time cost ------------------------- 2.8711938858032227
ASR : 0.9210000000000004
attack_auc : 0.9874362962962967
------------------------- time cost ------------------------- 2.4251036643981934
ASR : 0.9088888888888895
attack_auc : 0.9848995061728396
------------------------- time cost ------------------------- 2.387202262878418
ASR : 0.9366666666666663
attack_auc : 0.990462469135802
------------------------- time cost ------------------------- 2.7168686389923096
ASR : 0.884555555555556
attack_auc : 0.9753751851851852
------------------------- time cost ------------------------- 2.8545708656311035
ASR : 0.8692222222222221
attack_auc : 0.967806913580247
------------------------- time cost ------------------------- 2.561795949935913

-------------Round number: 240-------------

Evaluate global model
Averaged Train Loss: 1.7518
Averaged Test Accurancy: 0.3881
Averaged Test AUC: 0.7784
Std Test Accurancy: 0.1407
Std Test AUC: 0.1179
ASR : 0.9422222222222223
attack_auc : 0.9919053086419751
------------------------- time cost ------------------------- 10.513303995132446
ASR : 0.9344444444444447
attack_auc : 0.9915266666666672
------------------------- time cost ------------------------- 2.7438769340515137
ASR : 0.9449999999999996
attack_auc : 0.9915714814814814
------------------------- time cost ------------------------- 2.7220144271850586
ASR : 0.933222222222222
attack_auc : 0.9879580246913584
------------------------- time cost ------------------------- 2.5771048069000244
ASR : 0.9226666666666665
attack_auc : 0.9886599999999997
------------------------- time cost ------------------------- 2.652327060699463
ASR : 0.8845555555555562
attack_auc : 0.97557537037037
------------------------- time cost ------------------------- 2.407848596572876
ASR : 0.9051111111111115
attack_auc : 0.9862041975308642
------------------------- time cost ------------------------- 2.7105655670166016
ASR : 0.8993333333333338
attack_auc : 0.9826865432098763
------------------------- time cost ------------------------- 2.6531503200531006
ASR : 0.9158888888888891
attack_auc : 0.9867769135802471
------------------------- time cost ------------------------- 2.646129846572876
ASR : 0.8846666666666668
attack_auc : 0.9823117283950619
------------------------- time cost ------------------------- 2.5617544651031494

-------------Round number: 250-------------

Evaluate global model
Averaged Train Loss: 1.7411
Averaged Test Accurancy: 0.4054
Averaged Test AUC: 0.7780
Std Test Accurancy: 0.1572
Std Test AUC: 0.1256
ASR : 0.8942222222222225
attack_auc : 0.9818928395061732
------------------------- time cost ------------------------- 10.377467155456543
ASR : 0.895777777777778
attack_auc : 0.9839059259259255
------------------------- time cost ------------------------- 2.543832778930664
ASR : 0.9403333333333328
attack_auc : 0.991812962962963
------------------------- time cost ------------------------- 2.6648011207580566
ASR : 0.9204444444444446
attack_auc : 0.987553950617284
------------------------- time cost ------------------------- 2.6181952953338623
ASR : 0.8882222222222225
attack_auc : 0.9814333333333332
------------------------- time cost ------------------------- 2.6059741973876953
ASR : 0.8483333333333334
attack_auc : 0.9688308641975306
------------------------- time cost ------------------------- 2.452958822250366
ASR : 0.8991111111111113
attack_auc : 0.9842453086419756
------------------------- time cost ------------------------- 2.5952882766723633
ASR : 0.922777777777778
attack_auc : 0.9881551851851852
------------------------- time cost ------------------------- 2.6458680629730225
ASR : 0.891888888888889
attack_auc : 0.9803211111111114
------------------------- time cost ------------------------- 2.754377603530884
ASR : 0.9007777777777777
attack_auc : 0.9800269135802465
------------------------- time cost ------------------------- 2.7341465950012207

-------------Round number: 260-------------

Evaluate global model
Averaged Train Loss: 1.7829
Averaged Test Accurancy: 0.3943
Averaged Test AUC: 0.7730
Std Test Accurancy: 0.1511
Std Test AUC: 0.1265
ASR : 0.8851111111111115
attack_auc : 0.9771572839506171
------------------------- time cost ------------------------- 10.147170066833496
ASR : 0.9030000000000001
attack_auc : 0.9817834567901231
------------------------- time cost ------------------------- 2.5487048625946045
ASR : 0.9092222222222224
attack_auc : 0.9802560493827157
------------------------- time cost ------------------------- 2.6247591972351074
ASR : 0.8940000000000001
attack_auc : 0.9784676543209876
------------------------- time cost ------------------------- 2.6576929092407227
ASR : 0.8979999999999998
attack_auc : 0.9808992592592596
------------------------- time cost ------------------------- 2.6542534828186035
ASR : 0.9064444444444446
attack_auc : 0.9855516049382721
------------------------- time cost ------------------------- 2.5614278316497803
ASR : 0.895777777777778
attack_auc : 0.9823708641975311
------------------------- time cost ------------------------- 2.581322193145752
ASR : 0.8846666666666667
attack_auc : 0.9782016049382719
------------------------- time cost ------------------------- 2.8014602661132812
ASR : 0.873777777777778
attack_auc : 0.9725924691358028
------------------------- time cost ------------------------- 2.577972173690796
ASR : 0.8942222222222225
attack_auc : 0.9781175308641978
------------------------- time cost ------------------------- 2.443824291229248

-------------Round number: 270-------------

Evaluate global model
Averaged Train Loss: 1.9438
Averaged Test Accurancy: 0.3763
Averaged Test AUC: 0.7658
Std Test Accurancy: 0.1636
Std Test AUC: 0.1296
ASR : 0.8781111111111112
attack_auc : 0.978671111111111
------------------------- time cost ------------------------- 10.26233696937561
ASR : 0.8886666666666668
attack_auc : 0.9770527160493826
------------------------- time cost ------------------------- 2.7454097270965576
ASR : 0.8813333333333335
attack_auc : 0.9776009876543214
------------------------- time cost ------------------------- 2.583857536315918
ASR : 0.8715555555555555
attack_auc : 0.9713712345679009
------------------------- time cost ------------------------- 2.7789320945739746
ASR : 0.8455555555555555
attack_auc : 0.9685012345679015
------------------------- time cost ------------------------- 2.54201078414917
ASR : 0.9107777777777779
attack_auc : 0.983813086419753
------------------------- time cost ------------------------- 2.667536973953247
ASR : 0.9275555555555551
attack_auc : 0.9870625925925929
------------------------- time cost ------------------------- 2.6088075637817383
ASR : 0.8855555555555558
attack_auc : 0.9809032098765436
------------------------- time cost ------------------------- 2.5575242042541504
ASR : 0.9215555555555552
attack_auc : 0.9873620987654318
------------------------- time cost ------------------------- 2.5679025650024414
ASR : 0.8823333333333334
attack_auc : 0.9788846913580246
------------------------- time cost ------------------------- 2.514521360397339

-------------Round number: 280-------------

Evaluate global model
Averaged Train Loss: 1.8487
Averaged Test Accurancy: 0.3924
Averaged Test AUC: 0.7614
Std Test Accurancy: 0.1570
Std Test AUC: 0.1391
ASR : 0.918777777777778
attack_auc : 0.9873671604938274
------------------------- time cost ------------------------- 10.288403034210205
ASR : 0.9288888888888883
attack_auc : 0.988569012345679
------------------------- time cost ------------------------- 2.6679091453552246
ASR : 0.8995555555555557
attack_auc : 0.9797254320987656
------------------------- time cost ------------------------- 2.6478450298309326
ASR : 0.9337777777777775
attack_auc : 0.990439382716049
------------------------- time cost ------------------------- 2.631458044052124
ASR : 0.9161111111111117
attack_auc : 0.9861379012345678
------------------------- time cost ------------------------- 2.7301180362701416
ASR : 0.9236666666666662
attack_auc : 0.9891111111111114
------------------------- time cost ------------------------- 2.6365740299224854
ASR : 0.9194444444444453
attack_auc : 0.9892082716049381
------------------------- time cost ------------------------- 2.6466610431671143
ASR : 0.9043333333333333
attack_auc : 0.9836780864197536
------------------------- time cost ------------------------- 2.4203314781188965
ASR : 0.9075555555555558
attack_auc : 0.9844407407407412
------------------------- time cost ------------------------- 2.551776170730591
ASR : 0.9353333333333331
attack_auc : 0.9912866666666665
------------------------- time cost ------------------------- 2.58841609954834

-------------Round number: 290-------------

Evaluate global model
Averaged Train Loss: 2.1502
Averaged Test Accurancy: 0.3722
Averaged Test AUC: 0.7606
Std Test Accurancy: 0.1681
Std Test AUC: 0.1466
ASR : 0.9333333333333331
attack_auc : 0.9897692592592596
------------------------- time cost ------------------------- 10.142979145050049
ASR : 0.9336666666666669
attack_auc : 0.9890438271604934
------------------------- time cost ------------------------- 2.669947624206543
ASR : 0.9090000000000004
attack_auc : 0.9837144444444451
------------------------- time cost ------------------------- 2.711412191390991
ASR : 0.8794444444444444
attack_auc : 0.9766417283950615
------------------------- time cost ------------------------- 2.4995276927948
ASR : 0.9074444444444446
attack_auc : 0.9834923456790127
------------------------- time cost ------------------------- 2.6750006675720215
ASR : 0.9225555555555556
attack_auc : 0.9859418518518518
------------------------- time cost ------------------------- 2.939584493637085
ASR : 0.9342222222222222
attack_auc : 0.9884303703703703
------------------------- time cost ------------------------- 2.5176305770874023
ASR : 0.9418888888888886
attack_auc : 0.9905774074074079
------------------------- time cost ------------------------- 2.6367125511169434
ASR : 0.9262222222222222
attack_auc : 0.988556296296296
------------------------- time cost ------------------------- 2.553044319152832
ASR : 0.9314444444444449
attack_auc : 0.9882355555555553
------------------------- time cost ------------------------- 2.5958263874053955

-------------Round number: 300-------------

Evaluate global model
Averaged Train Loss: 1.9562
Averaged Test Accurancy: 0.3636
Averaged Test AUC: 0.7572
Std Test Accurancy: 0.1597
Std Test AUC: 0.1369
ASR : 0.8705555555555556
attack_auc : 0.976013703703704
------------------------- time cost ------------------------- 10.311677932739258
ASR : 0.8924444444444443
attack_auc : 0.9757723456790124
------------------------- time cost ------------------------- 2.480074882507324
ASR : 0.9062222222222226
attack_auc : 0.9793022222222224
------------------------- time cost ------------------------- 2.5877013206481934
ASR : 0.9421111111111106
attack_auc : 0.9901462962962967
------------------------- time cost ------------------------- 2.6809282302856445
ASR : 0.9274444444444443
attack_auc : 0.9867351851851855
------------------------- time cost ------------------------- 2.5306589603424072
ASR : 0.939
attack_auc : 0.9900265432098768
------------------------- time cost ------------------------- 2.40392804145813
ASR : 0.894888888888889
attack_auc : 0.9802860493827157
------------------------- time cost ------------------------- 2.3482754230499268
ASR : 0.9223333333333337
attack_auc : 0.986936790123457
------------------------- time cost ------------------------- 2.6168017387390137
ASR : 0.9183333333333336
attack_auc : 0.9859702469135802
------------------------- time cost ------------------------- 2.470344305038452
ASR : 0.952444444444444
attack_auc : 0.9921796296296292
------------------------- time cost ------------------------- 2.5310862064361572

-------------Round number: 310-------------

Evaluate global model
Averaged Train Loss: 1.8993
Averaged Test Accurancy: 0.3718
Averaged Test AUC: 0.7526
Std Test Accurancy: 0.1613
Std Test AUC: 0.1410
ASR : 0.9355555555555548
attack_auc : 0.989464814814815
------------------------- time cost ------------------------- 10.469527959823608
ASR : 0.8920000000000001
attack_auc : 0.9811740740740741
------------------------- time cost ------------------------- 2.512407064437866
ASR : 0.9032222222222226
attack_auc : 0.9813408641975306
------------------------- time cost ------------------------- 2.533928394317627
ASR : 0.9187777777777778
attack_auc : 0.9858172839506171
------------------------- time cost ------------------------- 2.664262056350708
ASR : 0.9056666666666671
attack_auc : 0.985632901234568
------------------------- time cost ------------------------- 2.6418464183807373
ASR : 0.9098888888888889
attack_auc : 0.9843858024691358
------------------------- time cost ------------------------- 2.4426064491271973
ASR : 0.9157777777777778
attack_auc : 0.9832450617283948
------------------------- time cost ------------------------- 2.527829170227051
ASR : 0.9456666666666662
attack_auc : 0.9904364197530864
------------------------- time cost ------------------------- 2.3391153812408447
ASR : 0.8976666666666667
attack_auc : 0.9812765432098763
------------------------- time cost ------------------------- 2.6577343940734863
ASR : 0.8923333333333336
attack_auc : 0.9805999999999999
------------------------- time cost ------------------------- 2.6047534942626953

-------------Round number: 320-------------

Evaluate global model
Averaged Train Loss: 1.8911
Averaged Test Accurancy: 0.3765
Averaged Test AUC: 0.7564
Std Test Accurancy: 0.1411
Std Test AUC: 0.1340
ASR : 0.8892222222222226
attack_auc : 0.9798332098765434
------------------------- time cost ------------------------- 10.129948616027832
ASR : 0.9113333333333333
attack_auc : 0.9843970370370372
------------------------- time cost ------------------------- 2.634605884552002
ASR : 0.9325555555555548
attack_auc : 0.9886990123456784
------------------------- time cost ------------------------- 2.7035775184631348
ASR : 0.8956666666666672
attack_auc : 0.9833961728395058
------------------------- time cost ------------------------- 2.64689040184021
ASR : 0.8824444444444443
attack_auc : 0.9776707407407411
------------------------- time cost ------------------------- 2.913414239883423
ASR : 0.8926666666666668
attack_auc : 0.9798725925925929
------------------------- time cost ------------------------- 2.617717742919922
ASR : 0.9522222222222216
attack_auc : 0.9915407407407405
------------------------- time cost ------------------------- 2.4251599311828613
ASR : 0.9581111111111108
attack_auc : 0.9932107407407406
------------------------- time cost ------------------------- 2.5855088233947754
ASR : 0.925888888888889
attack_auc : 0.9870640740740741
------------------------- time cost ------------------------- 2.672107696533203
ASR : 0.8665555555555556
attack_auc : 0.9750514814814816
------------------------- time cost ------------------------- 2.468348503112793

-------------Round number: 330-------------

Evaluate global model
Averaged Train Loss: 2.2674
Averaged Test Accurancy: 0.3502
Averaged Test AUC: 0.7363
Std Test Accurancy: 0.1632
Std Test AUC: 0.1427
ASR : 0.8008888888888889
attack_auc : 0.9554418518518524
------------------------- time cost ------------------------- 9.977645874023438
ASR : 0.9382222222222218
attack_auc : 0.9870479012345679
------------------------- time cost ------------------------- 2.7318294048309326
ASR : 0.909555555555556
attack_auc : 0.9824945679012346
------------------------- time cost ------------------------- 2.538574457168579
ASR : 0.9383333333333326
attack_auc : 0.9888134567901236
------------------------- time cost ------------------------- 2.5073399543762207
ASR : 0.9126666666666664
attack_auc : 0.9856895061728401
------------------------- time cost ------------------------- 2.437222719192505
ASR : 0.9269999999999997
attack_auc : 0.9864277777777779
------------------------- time cost ------------------------- 2.5696053504943848
ASR : 0.9224444444444445
attack_auc : 0.9850666666666668
------------------------- time cost ------------------------- 2.686840772628784
ASR : 0.9101111111111111
attack_auc : 0.9830018518518517
------------------------- time cost ------------------------- 2.601250410079956
ASR : 0.9608888888888886
attack_auc : 0.99353012345679
------------------------- time cost ------------------------- 2.5822818279266357
ASR : 0.9462222222222219
attack_auc : 0.989849135802469
------------------------- time cost ------------------------- 2.43933367729187

-------------Round number: 340-------------

Evaluate global model
Averaged Train Loss: 1.9115
Averaged Test Accurancy: 0.3675
Averaged Test AUC: 0.7477
Std Test Accurancy: 0.1449
Std Test AUC: 0.1349
ASR : 0.9427777777777774
attack_auc : 0.9897053086419755
------------------------- time cost ------------------------- 9.900696277618408
ASR : 0.9393333333333332
attack_auc : 0.9871888888888891
------------------------- time cost ------------------------- 2.397235870361328
ASR : 0.9489999999999996
attack_auc : 0.9926043209876545
------------------------- time cost ------------------------- 2.4734926223754883
ASR : 0.9377777777777777
attack_auc : 0.9873366666666663
------------------------- time cost ------------------------- 2.6340246200561523
ASR : 0.9706666666666665
attack_auc : 0.9961934567901237
------------------------- time cost ------------------------- 2.4309170246124268
ASR : 0.9461111111111103
attack_auc : 0.9893040740740742
------------------------- time cost ------------------------- 2.4217419624328613
ASR : 0.949333333333333
attack_auc : 0.9914646913580248
------------------------- time cost ------------------------- 2.4733333587646484
ASR : 0.9358888888888888
attack_auc : 0.9880912345679017
------------------------- time cost ------------------------- 2.547503709793091
ASR : 0.9501111111111107
attack_auc : 0.9911877777777776
------------------------- time cost ------------------------- 2.429572343826294
ASR : 0.9643333333333329
attack_auc : 0.9928965432098764
------------------------- time cost ------------------------- 2.499290943145752

-------------Round number: 350-------------

Evaluate global model
Averaged Train Loss: 1.8326
Averaged Test Accurancy: 0.3760
Averaged Test AUC: 0.7487
Std Test Accurancy: 0.1473
Std Test AUC: 0.1403
ASR : 0.9506666666666662
attack_auc : 0.9908088888888885
------------------------- time cost ------------------------- 10.015802383422852
ASR : 0.9346666666666668
attack_auc : 0.9883412345679015
------------------------- time cost ------------------------- 2.650546073913574
ASR : 0.9378888888888885
attack_auc : 0.9872624691358021
------------------------- time cost ------------------------- 2.492361307144165
ASR : 0.9174444444444447
attack_auc : 0.9846344444444444
------------------------- time cost ------------------------- 2.5126028060913086
ASR : 0.9102222222222223
attack_auc : 0.9825306172839507
------------------------- time cost ------------------------- 2.7143571376800537
ASR : 0.9541111111111107
attack_auc : 0.9931502469135798
------------------------- time cost ------------------------- 2.5933563709259033
ASR : 0.9077777777777778
attack_auc : 0.9818886419753092
------------------------- time cost ------------------------- 2.5916969776153564
ASR : 0.931
attack_auc : 0.9867148148148152
------------------------- time cost ------------------------- 2.500959873199463
ASR : 0.9196666666666667
attack_auc : 0.9848779012345681
------------------------- time cost ------------------------- 2.8042514324188232
ASR : 0.9275555555555555
attack_auc : 0.9883166666666667
------------------------- time cost ------------------------- 2.533177614212036

-------------Round number: 360-------------

Evaluate global model
Averaged Train Loss: 1.9508
Averaged Test Accurancy: 0.3803
Averaged Test AUC: 0.7541
Std Test Accurancy: 0.1635
Std Test AUC: 0.1549
ASR : 0.8939999999999999
attack_auc : 0.9771974074074079
------------------------- time cost ------------------------- 10.251942157745361
ASR : 0.9072222222222223
attack_auc : 0.9809972839506167
------------------------- time cost ------------------------- 2.4830048084259033
ASR : 0.9042222222222221
attack_auc : 0.9821930864197532
------------------------- time cost ------------------------- 2.598193883895874
ASR : 0.9175555555555553
attack_auc : 0.9831759259259261
------------------------- time cost ------------------------- 2.502620220184326
ASR : 0.9284444444444439
attack_auc : 0.9855964197530862
------------------------- time cost ------------------------- 2.4017233848571777
ASR : 0.9283333333333335
attack_auc : 0.9857550617283948
------------------------- time cost ------------------------- 2.821608066558838
ASR : 0.9147777777777782
attack_auc : 0.983861358024691
------------------------- time cost ------------------------- 2.691744565963745
ASR : 0.9284444444444442
attack_auc : 0.9872754320987653
------------------------- time cost ------------------------- 2.6005682945251465
ASR : 0.9392222222222224
attack_auc : 0.9901544444444448
------------------------- time cost ------------------------- 2.3702738285064697
ASR : 0.9723333333333327
attack_auc : 0.996367283950617
------------------------- time cost ------------------------- 2.642909049987793

-------------Round number: 370-------------

Evaluate global model
Averaged Train Loss: 1.9909
Averaged Test Accurancy: 0.3582
Averaged Test AUC: 0.7360
Std Test Accurancy: 0.1550
Std Test AUC: 0.1483
ASR : 0.9326666666666666
attack_auc : 0.9888401234567905
------------------------- time cost ------------------------- 9.911632537841797
ASR : 0.9461111111111111
attack_auc : 0.9922223456790121
------------------------- time cost ------------------------- 2.6640465259552
ASR : 0.9362222222222216
attack_auc : 0.9905896913580247
------------------------- time cost ------------------------- 2.591362476348877
ASR : 0.9327777777777779
attack_auc : 0.9873493827160496
------------------------- time cost ------------------------- 2.470494508743286
ASR : 0.9341111111111112
attack_auc : 0.9888181481481477
------------------------- time cost ------------------------- 2.7935214042663574
ASR : 0.9144444444444443
attack_auc : 0.9854245679012347
------------------------- time cost ------------------------- 2.662076473236084
ASR : 0.9355555555555553
attack_auc : 0.9894061728395064
------------------------- time cost ------------------------- 2.548085927963257
ASR : 0.9104444444444451
attack_auc : 0.9851828395061729
------------------------- time cost ------------------------- 2.7124149799346924
ASR : 0.9264444444444442
attack_auc : 0.9880385185185185
------------------------- time cost ------------------------- 2.416449785232544
ASR : 0.9567777777777768
attack_auc : 0.9934041975308644
------------------------- time cost ------------------------- 2.601217269897461

-------------Round number: 380-------------

Evaluate global model
Averaged Train Loss: 2.0622
Averaged Test Accurancy: 0.3767
Averaged Test AUC: 0.7392
Std Test Accurancy: 0.1702
Std Test AUC: 0.1593
ASR : 0.9547777777777775
attack_auc : 0.993948024691358
------------------------- time cost ------------------------- 9.757152557373047
ASR : 0.9287777777777774
attack_auc : 0.9869804938271609
------------------------- time cost ------------------------- 2.4426465034484863
ASR : 0.9182222222222224
attack_auc : 0.9850774074074073
------------------------- time cost ------------------------- 2.8108224868774414
ASR : 0.9508888888888881
attack_auc : 0.9918577777777776
------------------------- time cost ------------------------- 2.487354278564453
ASR : 0.911888888888889
attack_auc : 0.9828786419753085
------------------------- time cost ------------------------- 2.4384119510650635
ASR : 0.8951111111111106
attack_auc : 0.9779513580246914
------------------------- time cost ------------------------- 2.6477432250976562
ASR : 0.8680000000000001
attack_auc : 0.9779413580246916
------------------------- time cost ------------------------- 2.7071194648742676
ASR : 0.9284444444444443
attack_auc : 0.9867825925925929
------------------------- time cost ------------------------- 2.7017459869384766
ASR : 0.9311111111111109
attack_auc : 0.9878964197530871
------------------------- time cost ------------------------- 2.6534616947174072
ASR : 0.9217777777777776
attack_auc : 0.9836271604938269
------------------------- time cost ------------------------- 2.5967397689819336

-------------Round number: 390-------------

Evaluate global model
Averaged Train Loss: 1.8103
Averaged Test Accurancy: 0.3809
Averaged Test AUC: 0.7433
Std Test Accurancy: 0.1563
Std Test AUC: 0.1544
ASR : 0.9327777777777778
attack_auc : 0.9869281481481481
------------------------- time cost ------------------------- 10.173104524612427
ASR : 0.9237777777777781
attack_auc : 0.9853762962962965
------------------------- time cost ------------------------- 2.30899715423584
ASR : 0.9324444444444443
attack_auc : 0.9887151851851853
------------------------- time cost ------------------------- 2.5032455921173096
ASR : 0.9094444444444444
attack_auc : 0.9860623456790124
------------------------- time cost ------------------------- 2.6965301036834717
ASR : 0.9578888888888885
attack_auc : 0.9928012345679013
------------------------- time cost ------------------------- 2.637667417526245
ASR : 0.908
attack_auc : 0.9838151851851847
------------------------- time cost ------------------------- 2.6559109687805176
ASR : 0.9343333333333329
attack_auc : 0.9905930864197534
------------------------- time cost ------------------------- 2.36504864692688
ASR : 0.9567777777777772
attack_auc : 0.99416012345679
------------------------- time cost ------------------------- 2.628598690032959
ASR : 0.9397777777777773
attack_auc : 0.991363827160494
------------------------- time cost ------------------------- 2.685969591140747
ASR : 0.9247777777777777
attack_auc : 0.9870700000000002
------------------------- time cost ------------------------- 2.562225818634033

-------------Round number: 400-------------

Evaluate global model
Averaged Train Loss: 1.9587
Averaged Test Accurancy: 0.3688
Averaged Test AUC: 0.7430
Std Test Accurancy: 0.1516
Std Test AUC: 0.1560
ASR : 0.9013333333333337
attack_auc : 0.9800679012345674
------------------------- time cost ------------------------- 10.11217975616455
ASR : 0.9305555555555556
attack_auc : 0.9840762962962963
------------------------- time cost ------------------------- 2.449589252471924
ASR : 0.9443333333333331
attack_auc : 0.9911702469135807
------------------------- time cost ------------------------- 2.5269625186920166
ASR : 0.9391111111111111
attack_auc : 0.9893187654320987
------------------------- time cost ------------------------- 2.659442186355591
ASR : 0.9167777777777777
attack_auc : 0.9832181481481481
------------------------- time cost ------------------------- 2.601433277130127
ASR : 0.948444444444444
attack_auc : 0.9875823456790117
------------------------- time cost ------------------------- 2.5021297931671143
ASR : 0.9419999999999997
attack_auc : 0.9868153086419751
------------------------- time cost ------------------------- 2.809363842010498
ASR : 0.9183333333333332
attack_auc : 0.9816418518518519
------------------------- time cost ------------------------- 2.5281927585601807
ASR : 0.8970000000000005
attack_auc : 0.9824743209876541
------------------------- time cost ------------------------- 2.5114903450012207
ASR : 0.9271111111111112
attack_auc : 0.9851097530864201
------------------------- time cost ------------------------- 2.76330828666687

-------------Round number: 410-------------

Evaluate global model
Averaged Train Loss: 1.7311
Averaged Test Accurancy: 0.3837
Averaged Test AUC: 0.7394
Std Test Accurancy: 0.1451
Std Test AUC: 0.1454
ASR : 0.9385555555555553
attack_auc : 0.9860395061728394
------------------------- time cost ------------------------- 10.317150354385376
ASR : 0.9064444444444447
attack_auc : 0.9827485185185184
------------------------- time cost ------------------------- 2.4857258796691895
ASR : 0.9063333333333334
attack_auc : 0.9867119753086423
------------------------- time cost ------------------------- 2.603584051132202
ASR : 0.9189999999999996
attack_auc : 0.9840004938271601
------------------------- time cost ------------------------- 2.7495462894439697
ASR : 0.9095555555555562
attack_auc : 0.980620493827161
------------------------- time cost ------------------------- 2.575376510620117
ASR : 0.9441111111111109
attack_auc : 0.9872681481481482
------------------------- time cost ------------------------- 2.6709489822387695
ASR : 0.952777777777777
attack_auc : 0.9898150617283955
------------------------- time cost ------------------------- 2.5695858001708984
ASR : 0.9345555555555556
attack_auc : 0.9847139506172842
------------------------- time cost ------------------------- 2.585308790206909
ASR : 0.9007777777777779
attack_auc : 0.978895308641975
------------------------- time cost ------------------------- 2.565497875213623
ASR : 0.9214444444444447
attack_auc : 0.9833796913580244
------------------------- time cost ------------------------- 2.4800384044647217

-------------Round number: 420-------------

Evaluate global model
Averaged Train Loss: 1.6698
Averaged Test Accurancy: 0.3995
Averaged Test AUC: 0.7481
Std Test Accurancy: 0.1469
Std Test AUC: 0.1441
ASR : 0.9432222222222217
attack_auc : 0.9870964197530867
------------------------- time cost ------------------------- 10.274778366088867
ASR : 0.9491111111111108
attack_auc : 0.9888875308641972
------------------------- time cost ------------------------- 2.731292247772217
ASR : 0.9462222222222217
attack_auc : 0.9885520987654324
------------------------- time cost ------------------------- 2.555074453353882
ASR : 0.9344444444444441
attack_auc : 0.9862361728395062
------------------------- time cost ------------------------- 2.6224451065063477
ASR : 0.932333333333333
attack_auc : 0.9857017283950622
------------------------- time cost ------------------------- 2.6469321250915527
ASR : 0.9261111111111106
attack_auc : 0.9817509876543211
------------------------- time cost ------------------------- 2.4329142570495605
ASR : 0.9376666666666661
attack_auc : 0.9890011728395062
------------------------- time cost ------------------------- 2.5025475025177
ASR : 0.9462222222222219
attack_auc : 0.9900353086419754
------------------------- time cost ------------------------- 2.627091407775879
ASR : 0.9437777777777776
attack_auc : 0.9906548148148149
------------------------- time cost ------------------------- 2.5793960094451904
ASR : 0.9235555555555561
attack_auc : 0.984279382716049
------------------------- time cost ------------------------- 2.564829111099243

-------------Round number: 430-------------

Evaluate global model
Averaged Train Loss: 1.7019
Averaged Test Accurancy: 0.4070
Averaged Test AUC: 0.7472
Std Test Accurancy: 0.1463
Std Test AUC: 0.1478
ASR : 0.914333333333334
attack_auc : 0.9822703703703701
------------------------- time cost ------------------------- 9.944380044937134
ASR : 0.8931111111111112
attack_auc : 0.9765858641975312
------------------------- time cost ------------------------- 2.6579668521881104
ASR : 0.9058888888888889
attack_auc : 0.981806790123457
------------------------- time cost ------------------------- 2.6626572608947754
ASR : 0.9024444444444446
attack_auc : 0.978754691358025
------------------------- time cost ------------------------- 2.581573486328125
ASR : 0.9257777777777784
attack_auc : 0.9854781481481483
------------------------- time cost ------------------------- 2.673616886138916
ASR : 0.9406666666666659
attack_auc : 0.989705061728395
------------------------- time cost ------------------------- 2.7326786518096924
ASR : 0.9568888888888885
attack_auc : 0.9936275308641972
------------------------- time cost ------------------------- 2.675532579421997
ASR : 0.936555555555555
attack_auc : 0.9888722222222223
------------------------- time cost ------------------------- 2.537515878677368
ASR : 0.9176666666666667
attack_auc : 0.9842350617283947
------------------------- time cost ------------------------- 2.5766801834106445
ASR : 0.8993333333333337
attack_auc : 0.9812623456790123
------------------------- time cost ------------------------- 2.5942912101745605

-------------Round number: 440-------------

Evaluate global model
Averaged Train Loss: 1.8142
Averaged Test Accurancy: 0.3651
Averaged Test AUC: 0.7446
Std Test Accurancy: 0.1467
Std Test AUC: 0.1452
ASR : 0.9212222222222224
attack_auc : 0.9829865432098763
------------------------- time cost ------------------------- 10.03588342666626
ASR : 0.9069999999999999
attack_auc : 0.981652098765432
------------------------- time cost ------------------------- 2.7765703201293945
ASR : 0.8968888888888887
attack_auc : 0.9763371604938272
------------------------- time cost ------------------------- 2.6607165336608887
ASR : 0.9493333333333334
attack_auc : 0.9909483950617285
------------------------- time cost ------------------------- 2.621837854385376
ASR : 0.9466666666666664
attack_auc : 0.9895070370370367
------------------------- time cost ------------------------- 2.6718690395355225
ASR : 0.9445555555555548
attack_auc : 0.9898753086419754
------------------------- time cost ------------------------- 2.421550750732422
ASR : 0.9533333333333327
attack_auc : 0.9911869135802465
------------------------- time cost ------------------------- 2.5205864906311035
ASR : 0.9511111111111106
attack_auc : 0.992238395061728
------------------------- time cost ------------------------- 2.722691297531128
ASR : 0.933333333333333
attack_auc : 0.9866246913580246
------------------------- time cost ------------------------- 2.64176344871521
ASR : 0.9252222222222221
attack_auc : 0.9857843827160497
------------------------- time cost ------------------------- 2.775088310241699

-------------Round number: 450-------------

Evaluate global model
Averaged Train Loss: 1.5337
Averaged Test Accurancy: 0.4028
Averaged Test AUC: 0.7688
Std Test Accurancy: 0.1528
Std Test AUC: 0.1382
ASR : 0.9265555555555557
attack_auc : 0.985917901234568
------------------------- time cost ------------------------- 9.959887981414795
ASR : 0.9511111111111109
attack_auc : 0.9928979012345677
------------------------- time cost ------------------------- 2.5834779739379883
ASR : 0.9361111111111112
attack_auc : 0.9881770370370366
------------------------- time cost ------------------------- 2.611799955368042
ASR : 0.9008888888888892
attack_auc : 0.9826811111111117
------------------------- time cost ------------------------- 2.783778190612793
ASR : 0.9221111111111111
attack_auc : 0.9846048148148152
------------------------- time cost ------------------------- 2.5007107257843018
ASR : 0.9413333333333335
attack_auc : 0.9889969135802469
------------------------- time cost ------------------------- 2.6211206912994385
ASR : 0.9641111111111106
attack_auc : 0.9947139506172841
------------------------- time cost ------------------------- 2.374871015548706
ASR : 0.9526666666666658
attack_auc : 0.9920264197530865
------------------------- time cost ------------------------- 2.3026986122131348
ASR : 0.9736666666666661
attack_auc : 0.9954144444444443
------------------------- time cost ------------------------- 2.5025320053100586
ASR : 0.9603333333333328
attack_auc : 0.9919822222222221
------------------------- time cost ------------------------- 2.566143035888672

-------------Round number: 460-------------

Evaluate global model
Averaged Train Loss: 1.8522
Averaged Test Accurancy: 0.3837
Averaged Test AUC: 0.7505
Std Test Accurancy: 0.1319
Std Test AUC: 0.1435
ASR : 0.959333333333333
attack_auc : 0.9891425925925923
------------------------- time cost ------------------------- 9.992821455001831
ASR : 0.9637777777777774
attack_auc : 0.9928416049382712
------------------------- time cost ------------------------- 2.5828604698181152
ASR : 0.9601111111111102
attack_auc : 0.992879012345679
------------------------- time cost ------------------------- 2.4090871810913086
ASR : 0.9643333333333325
attack_auc : 0.9938746913580244
------------------------- time cost ------------------------- 2.5292739868164062
ASR : 0.9637777777777775
attack_auc : 0.994142345679012
------------------------- time cost ------------------------- 2.632338762283325
ASR : 0.9439999999999992
attack_auc : 0.9887356790123456
------------------------- time cost ------------------------- 2.480003833770752
ASR : 0.950333333333333
attack_auc : 0.9906461728395063
------------------------- time cost ------------------------- 2.731632947921753
ASR : 0.9228888888888892
attack_auc : 0.983383703703704
------------------------- time cost ------------------------- 2.6961326599121094
ASR : 0.9270000000000006
attack_auc : 0.9831383950617283
------------------------- time cost ------------------------- 2.5485363006591797
ASR : 0.9503333333333329
attack_auc : 0.9876887654320989
------------------------- time cost ------------------------- 2.564854621887207

-------------Round number: 470-------------

Evaluate global model
Averaged Train Loss: 1.5584
Averaged Test Accurancy: 0.4163
Averaged Test AUC: 0.7701
Std Test Accurancy: 0.1633
Std Test AUC: 0.1561
ASR : 0.9468888888888889
attack_auc : 0.9868158024691362
------------------------- time cost ------------------------- 9.98856520652771
ASR : 0.9748888888888888
attack_auc : 0.9949959259259261
------------------------- time cost ------------------------- 2.501103401184082
ASR : 0.9597777777777777
attack_auc : 0.9911372839506172
------------------------- time cost ------------------------- 2.638204574584961
ASR : 0.9319999999999999
attack_auc : 0.9852314814814817
------------------------- time cost ------------------------- 2.400909900665283
ASR : 0.9386666666666662
attack_auc : 0.9879785185185185
------------------------- time cost ------------------------- 2.520103693008423
ASR : 0.9327777777777775
attack_auc : 0.9878177777777779
------------------------- time cost ------------------------- 2.61049485206604
ASR : 0.9568888888888885
attack_auc : 0.9917049382716048
------------------------- time cost ------------------------- 2.496709108352661
ASR : 0.9746666666666667
attack_auc : 0.9950950617283948
------------------------- time cost ------------------------- 2.499699592590332
ASR : 0.9645555555555549
attack_auc : 0.9929838271604937
------------------------- time cost ------------------------- 2.64858078956604
ASR : 0.9561111111111102
attack_auc : 0.9900559259259258
------------------------- time cost ------------------------- 2.5043411254882812

-------------Round number: 480-------------

Evaluate global model
Averaged Train Loss: 1.7175
Averaged Test Accurancy: 0.4107
Averaged Test AUC: 0.7587
Std Test Accurancy: 0.1719
Std Test AUC: 0.1641
ASR : 0.9544444444444439
attack_auc : 0.9912337037037037
------------------------- time cost ------------------------- 10.12259554862976
ASR : 0.9267777777777779
attack_auc : 0.9859499999999999
------------------------- time cost ------------------------- 2.6204895973205566
ASR : 0.9564444444444438
attack_auc : 0.9919175308641974
------------------------- time cost ------------------------- 2.6564314365386963
ASR : 0.9452222222222222
attack_auc : 0.9887125925925929
------------------------- time cost ------------------------- 2.2914390563964844
ASR : 0.940444444444444
attack_auc : 0.9883683950617287
------------------------- time cost ------------------------- 2.5996110439300537
ASR : 0.9151111111111111
attack_auc : 0.9825690123456791
------------------------- time cost ------------------------- 2.480581521987915
ASR : 0.9263333333333336
attack_auc : 0.9797930864197529
------------------------- time cost ------------------------- 2.4538936614990234
ASR : 0.9365555555555556
attack_auc : 0.9844125925925924
------------------------- time cost ------------------------- 2.6505088806152344
ASR : 0.9563333333333325
attack_auc : 0.9890790123456791
------------------------- time cost ------------------------- 2.747957468032837
ASR : 0.9548888888888881
attack_auc : 0.9905459259259262
------------------------- time cost ------------------------- 2.5017552375793457

-------------Round number: 490-------------

Evaluate global model
Averaged Train Loss: 1.4819
Averaged Test Accurancy: 0.4212
Averaged Test AUC: 0.7626
Std Test Accurancy: 0.1539
Std Test AUC: 0.1554
ASR : 0.9571111111111109
attack_auc : 0.9904893827160496
------------------------- time cost ------------------------- 10.059369802474976
ASR : 0.9346666666666662
attack_auc : 0.9842979012345675
------------------------- time cost ------------------------- 2.692910671234131
ASR : 0.9274444444444443
attack_auc : 0.9825996296296295
------------------------- time cost ------------------------- 2.557971715927124
ASR : 0.9388888888888888
attack_auc : 0.9857541975308644
------------------------- time cost ------------------------- 2.4283664226531982
ASR : 0.9489999999999993
attack_auc : 0.9875745679012343
------------------------- time cost ------------------------- 2.538412570953369
ASR : 0.9511111111111101
attack_auc : 0.9882883950617283
------------------------- time cost ------------------------- 2.674215078353882
ASR : 0.948888888888888
attack_auc : 0.9882435802469138
------------------------- time cost ------------------------- 2.584290027618408
ASR : 0.9544444444444438
attack_auc : 0.9900214814814814
------------------------- time cost ------------------------- 2.5694193840026855
ASR : 0.9621111111111107
attack_auc : 0.9925639506172844
------------------------- time cost ------------------------- 2.5346603393554688
ASR : 0.9697777777777775
attack_auc : 0.9949779012345679
------------------------- time cost ------------------------- 2.6750285625457764

-------------Round number: 500-------------

Evaluate global model
Averaged Train Loss: 1.2876
Averaged Test Accurancy: 0.4341
Averaged Test AUC: 0.7775
Std Test Accurancy: 0.1460
Std Test AUC: 0.1492
ASR : 0.9616666666666667
attack_auc : 0.9892717283950615
------------------------- time cost ------------------------- 10.082087755203247
ASR : 0.9682222222222219
attack_auc : 0.9899822222222223
------------------------- time cost ------------------------- 2.57574725151062
ASR : 0.9659999999999993
attack_auc : 0.989987037037037
------------------------- time cost ------------------------- 2.5365848541259766
ASR : 0.9771111111111108
attack_auc : 0.9956324691358025
------------------------- time cost ------------------------- 2.785475015640259
ASR : 0.9685555555555553
attack_auc : 0.9937225925925928
------------------------- time cost ------------------------- 2.571004629135132
ASR : 0.9614444444444435
attack_auc : 0.9925409876543209
------------------------- time cost ------------------------- 2.6581950187683105
ASR : 0.9676666666666667
attack_auc : 0.9933308641975305
------------------------- time cost ------------------------- 2.3850743770599365
ASR : 0.9659999999999999
attack_auc : 0.9931481481481486
------------------------- time cost ------------------------- 2.5352118015289307
ASR : 0.945444444444444
attack_auc : 0.9896122222222223
------------------------- time cost ------------------------- 2.5257699489593506
ASR : 0.9491111111111104
attack_auc : 0.9882574074074078
------------------------- time cost ------------------------- 2.5827267169952393

-------------Round number: 510-------------

Evaluate global model
Averaged Train Loss: 1.1865
Averaged Test Accurancy: 0.4467
Averaged Test AUC: 0.7860
Std Test Accurancy: 0.1639
Std Test AUC: 0.1538
ASR : 0.9601111111111102
attack_auc : 0.9902660493827161
------------------------- time cost ------------------------- 10.159218549728394
ASR : 0.9682222222222219
attack_auc : 0.994056543209876
------------------------- time cost ------------------------- 2.6721439361572266
ASR : 0.953333333333333
attack_auc : 0.9897474074074075
------------------------- time cost ------------------------- 2.458958387374878
ASR : 0.9717777777777774
attack_auc : 0.9936855555555556
------------------------- time cost ------------------------- 2.8192405700683594
ASR : 0.9769999999999993
attack_auc : 0.9956145679012347
------------------------- time cost ------------------------- 2.8412837982177734
ASR : 0.968555555555555
attack_auc : 0.9930120987654322
------------------------- time cost ------------------------- 2.517134189605713
ASR : 0.9552222222222214
attack_auc : 0.9874095061728394
------------------------- time cost ------------------------- 2.4385130405426025
ASR : 0.9405555555555548
attack_auc : 0.9879685185185186
------------------------- time cost ------------------------- 2.6656463146209717
ASR : 0.9219999999999999
attack_auc : 0.983025308641975
------------------------- time cost ------------------------- 2.7545697689056396
ASR : 0.9293333333333335
attack_auc : 0.9806471604938268
------------------------- time cost ------------------------- 2.7997312545776367

-------------Round number: 520-------------

Evaluate global model
Averaged Train Loss: 1.3396
Averaged Test Accurancy: 0.4153
Averaged Test AUC: 0.7764
Std Test Accurancy: 0.1613
Std Test AUC: 0.1537
ASR : 0.9398888888888889
attack_auc : 0.9835879012345677
------------------------- time cost ------------------------- 10.006028413772583
ASR : 0.9481111111111108
attack_auc : 0.9877935802469138
------------------------- time cost ------------------------- 2.5617387294769287
ASR : 0.9556666666666662
attack_auc : 0.9911162962962965
------------------------- time cost ------------------------- 2.534280776977539
ASR : 0.9537777777777774
attack_auc : 0.9915202469135803
------------------------- time cost ------------------------- 2.740854263305664
ASR : 0.9453333333333335
attack_auc : 0.9896346913580247
------------------------- time cost ------------------------- 2.640962839126587
ASR : 0.9503333333333329
attack_auc : 0.992030493827161
------------------------- time cost ------------------------- 2.5066730976104736
ASR : 0.9551111111111106
attack_auc : 0.9920658024691359
------------------------- time cost ------------------------- 2.51237416267395
ASR : 0.9569999999999997
attack_auc : 0.9921466666666668
------------------------- time cost ------------------------- 2.5838816165924072
ASR : 0.9495555555555554
attack_auc : 0.9895371604938275
------------------------- time cost ------------------------- 2.569474458694458
ASR : 0.9444444444444441
attack_auc : 0.9888225925925926
------------------------- time cost ------------------------- 2.767369031906128

-------------Round number: 530-------------

Evaluate global model
Averaged Train Loss: 1.5107
Averaged Test Accurancy: 0.4143
Averaged Test AUC: 0.7679
Std Test Accurancy: 0.1396
Std Test AUC: 0.1444
ASR : 0.9444444444444441
attack_auc : 0.9891949382716052
------------------------- time cost ------------------------- 10.423795700073242
ASR : 0.9527777777777773
attack_auc : 0.9893692592592598
------------------------- time cost ------------------------- 2.6736931800842285
ASR : 0.9476666666666662
attack_auc : 0.9870408641975302
------------------------- time cost ------------------------- 2.685159683227539
ASR : 0.9621111111111107
attack_auc : 0.9923811111111113
------------------------- time cost ------------------------- 2.5678389072418213
ASR : 0.9717777777777775
attack_auc : 0.9941434567901234
------------------------- time cost ------------------------- 2.547004461288452
ASR : 0.9659999999999989
attack_auc : 0.9922772839506172
------------------------- time cost ------------------------- 2.78149151802063
ASR : 0.9615555555555548
attack_auc : 0.9907083950617286
------------------------- time cost ------------------------- 2.607980251312256
ASR : 0.949777777777777
attack_auc : 0.9893245679012348
------------------------- time cost ------------------------- 2.700469493865967
ASR : 0.9563333333333328
attack_auc : 0.990283086419753
------------------------- time cost ------------------------- 2.5354435443878174
ASR : 0.9339999999999995
attack_auc : 0.983942345679012
------------------------- time cost ------------------------- 2.5787343978881836

-------------Round number: 540-------------

Evaluate global model
Averaged Train Loss: 1.0607
Averaged Test Accurancy: 0.4581
Averaged Test AUC: 0.7898
Std Test Accurancy: 0.1497
Std Test AUC: 0.1423
ASR : 0.945333333333333
attack_auc : 0.9862956790123456
------------------------- time cost ------------------------- 10.419047594070435
ASR : 0.9345555555555556
attack_auc : 0.9862665432098767
------------------------- time cost ------------------------- 2.5018985271453857
ASR : 0.9509999999999995
attack_auc : 0.9877730864197528
------------------------- time cost ------------------------- 2.5175633430480957
ASR : 0.9401111111111108
attack_auc : 0.9866558024691358
------------------------- time cost ------------------------- 2.760801076889038
ASR : 0.9275555555555555
attack_auc : 0.9821867901234569
------------------------- time cost ------------------------- 2.970489263534546
ASR : 0.9398888888888887
attack_auc : 0.9851995061728396
------------------------- time cost ------------------------- 2.740318775177002
ASR : 0.9421111111111107
attack_auc : 0.986145061728395
------------------------- time cost ------------------------- 2.500762701034546
ASR : 0.9248888888888889
attack_auc : 0.9821456790123455
------------------------- time cost ------------------------- 2.5708773136138916
ASR : 0.9306666666666669
attack_auc : 0.9836716049382719
------------------------- time cost ------------------------- 2.790569543838501
ASR : 0.929888888888889
attack_auc : 0.9837035802469136
------------------------- time cost ------------------------- 2.4371705055236816

-------------Round number: 550-------------

Evaluate global model
Averaged Train Loss: 1.3547
Averaged Test Accurancy: 0.4469
Averaged Test AUC: 0.7806
Std Test Accurancy: 0.1632
Std Test AUC: 0.1523
ASR : 0.941111111111111
attack_auc : 0.9860145679012348
------------------------- time cost ------------------------- 10.245627641677856
ASR : 0.9366666666666666
attack_auc : 0.9862818518518521
------------------------- time cost ------------------------- 2.4360997676849365
ASR : 0.9568888888888883
attack_auc : 0.9917574074074074
------------------------- time cost ------------------------- 2.7432634830474854
ASR : 0.9552222222222215
attack_auc : 0.9929455555555555
------------------------- time cost ------------------------- 2.6031315326690674
ASR : 0.9642222222222219
attack_auc : 0.9934974074074076
------------------------- time cost ------------------------- 2.4655745029449463
ASR : 0.9513333333333329
attack_auc : 0.9906614814814817
------------------------- time cost ------------------------- 2.5390825271606445
ASR : 0.9649999999999997
attack_auc : 0.9934079012345677
------------------------- time cost ------------------------- 2.5596680641174316
ASR : 0.9593333333333323
attack_auc : 0.9916323456790126
------------------------- time cost ------------------------- 2.5806405544281006
ASR : 0.9489999999999993
attack_auc : 0.9878346913580249
------------------------- time cost ------------------------- 2.5637733936309814
ASR : 0.952888888888888
attack_auc : 0.9896944444444443
------------------------- time cost ------------------------- 2.5246174335479736

-------------Round number: 560-------------

Evaluate global model
Averaged Train Loss: 1.1419
Averaged Test Accurancy: 0.4670
Averaged Test AUC: 0.7935
Std Test Accurancy: 0.1606
Std Test AUC: 0.1404
ASR : 0.9488888888888888
attack_auc : 0.9889841975308642
------------------------- time cost ------------------------- 10.29762315750122
ASR : 0.9408888888888887
attack_auc : 0.9862820987654323
------------------------- time cost ------------------------- 2.6781773567199707
ASR : 0.9423333333333332
attack_auc : 0.9872728395061727
------------------------- time cost ------------------------- 2.509799003601074
ASR : 0.9523333333333328
attack_auc : 0.9898822222222227
------------------------- time cost ------------------------- 2.8026647567749023
ASR : 0.9613333333333328
attack_auc : 0.9905884567901236
------------------------- time cost ------------------------- 2.5399112701416016
ASR : 0.9357777777777775
attack_auc : 0.9866362962962963
------------------------- time cost ------------------------- 2.658020496368408
ASR : 0.9376666666666669
attack_auc : 0.9854551851851855
------------------------- time cost ------------------------- 2.5565834045410156
ASR : 0.9375555555555557
attack_auc : 0.9859986419753081
------------------------- time cost ------------------------- 2.4819436073303223
ASR : 0.9489999999999993
attack_auc : 0.9893219753086416
------------------------- time cost ------------------------- 2.6414053440093994
ASR : 0.9406666666666667
attack_auc : 0.9873734567901242
------------------------- time cost ------------------------- 2.6504578590393066

-------------Round number: 570-------------

Evaluate global model
Averaged Train Loss: 1.0947
Averaged Test Accurancy: 0.4458
Averaged Test AUC: 0.8003
Std Test Accurancy: 0.1627
Std Test AUC: 0.1332
ASR : 0.9221111111111113
attack_auc : 0.9832891358024695
------------------------- time cost ------------------------- 10.367444276809692
ASR : 0.9262222222222222
attack_auc : 0.982551975308642
------------------------- time cost ------------------------- 2.644538402557373
ASR : 0.9636666666666661
attack_auc : 0.9910364197530861
------------------------- time cost ------------------------- 2.668492555618286
ASR : 0.958888888888888
attack_auc : 0.9903718518518523
------------------------- time cost ------------------------- 2.5385639667510986
ASR : 0.9669999999999992
attack_auc : 0.99315
------------------------- time cost ------------------------- 2.506134271621704
ASR : 0.9605555555555549
attack_auc : 0.9912596296296297
------------------------- time cost ------------------------- 2.5210952758789062
ASR : 0.9607777777777773
attack_auc : 0.9925753086419751
------------------------- time cost ------------------------- 2.3422629833221436
ASR : 0.9536666666666663
attack_auc : 0.990873086419753
------------------------- time cost ------------------------- 2.6658573150634766
ASR : 0.9504444444444434
attack_auc : 0.9897980246913578
------------------------- time cost ------------------------- 2.547869920730591
ASR : 0.9444444444444444
attack_auc : 0.9877124691358025
------------------------- time cost ------------------------- 2.48069167137146

-------------Round number: 580-------------

Evaluate global model
Averaged Train Loss: 1.2192
Averaged Test Accurancy: 0.4362
Averaged Test AUC: 0.7901
Std Test Accurancy: 0.1614
Std Test AUC: 0.1387
ASR : 0.9542222222222219
attack_auc : 0.9876558024691361
------------------------- time cost ------------------------- 10.09496283531189
ASR : 0.9528888888888887
attack_auc : 0.9891358024691358
------------------------- time cost ------------------------- 2.66318678855896
ASR : 0.9577777777777768
attack_auc : 0.9901393827160493
------------------------- time cost ------------------------- 2.487971067428589
ASR : 0.9506666666666658
attack_auc : 0.9888127160493829
------------------------- time cost ------------------------- 2.308171510696411
ASR : 0.9559999999999991
attack_auc : 0.990052469135802
------------------------- time cost ------------------------- 2.5363662242889404
ASR : 0.9491111111111101
attack_auc : 0.9870637037037032
------------------------- time cost ------------------------- 2.583953857421875
ASR : 0.9561111111111108
attack_auc : 0.9902179012345679
------------------------- time cost ------------------------- 2.558408260345459
ASR : 0.9394444444444449
attack_auc : 0.9857703703703703
------------------------- time cost ------------------------- 2.737311840057373
ASR : 0.9459999999999995
attack_auc : 0.9886632098765432
------------------------- time cost ------------------------- 2.6984784603118896
ASR : 0.9555555555555549
attack_auc : 0.9919512345679014
------------------------- time cost ------------------------- 2.810340166091919

-------------Round number: 590-------------

Evaluate global model
Averaged Train Loss: 0.9380
Averaged Test Accurancy: 0.4654
Averaged Test AUC: 0.8123
Std Test Accurancy: 0.1517
Std Test AUC: 0.1276
ASR : 0.9486666666666663
attack_auc : 0.9894917283950619
------------------------- time cost ------------------------- 10.266282320022583
ASR : 0.9504444444444438
attack_auc : 0.9901319753086418
------------------------- time cost ------------------------- 2.6741552352905273
ASR : 0.952
attack_auc : 0.9914618518518519
------------------------- time cost ------------------------- 2.7305469512939453
ASR : 0.9611111111111108
attack_auc : 0.9939423456790117
------------------------- time cost ------------------------- 2.6461641788482666
ASR : 0.9568888888888885
attack_auc : 0.9905391358024697
------------------------- time cost ------------------------- 2.478410005569458
ASR : 0.9598888888888882
attack_auc : 0.9909179012345682
------------------------- time cost ------------------------- 2.650425672531128
ASR : 0.9583333333333328
attack_auc : 0.9906496296296298
------------------------- time cost ------------------------- 2.643855333328247
ASR : 0.9551111111111106
attack_auc : 0.9898653086419753
------------------------- time cost ------------------------- 2.6314029693603516
ASR : 0.9493333333333325
attack_auc : 0.9891648148148148
------------------------- time cost ------------------------- 2.3872592449188232
ASR : 0.9307777777777776
attack_auc : 0.9870966666666665
------------------------- time cost ------------------------- 2.7252085208892822

-------------Round number: 600-------------

Evaluate global model
Averaged Train Loss: 0.7362
Averaged Test Accurancy: 0.4845
Averaged Test AUC: 0.8123
Std Test Accurancy: 0.1434
Std Test AUC: 0.1241
ASR : 0.9304444444444445
attack_auc : 0.9837801234567898
------------------------- time cost ------------------------- 10.302510499954224
ASR : 0.9418888888888891
attack_auc : 0.9875241975308643
------------------------- time cost ------------------------- 2.530916452407837
ASR : 0.9453333333333331
attack_auc : 0.9879940740740742
------------------------- time cost ------------------------- 2.378605365753174
ASR : 0.9461111111111111
attack_auc : 0.9885938271604936
------------------------- time cost ------------------------- 2.660315752029419
ASR : 0.9653333333333332
attack_auc : 0.9914683950617282
------------------------- time cost ------------------------- 2.824547052383423
ASR : 0.9424444444444444
attack_auc : 0.9874359259259259
------------------------- time cost ------------------------- 2.5669941902160645
ASR : 0.9549999999999994
attack_auc : 0.9897282716049385
------------------------- time cost ------------------------- 2.731271505355835
ASR : 0.957555555555555
attack_auc : 0.9910507407407406
------------------------- time cost ------------------------- 2.861694097518921
ASR : 0.9617777777777771
attack_auc : 0.9912572839506176
------------------------- time cost ------------------------- 2.3404464721679688
ASR : 0.9525555555555555
attack_auc : 0.9902812962962967
------------------------- time cost ------------------------- 2.4256083965301514

-------------Round number: 610-------------

Evaluate global model
Averaged Train Loss: 0.8896
Averaged Test Accurancy: 0.4774
Averaged Test AUC: 0.8126
Std Test Accurancy: 0.1563
Std Test AUC: 0.1324
ASR : 0.9398888888888888
attack_auc : 0.9875538271604943
------------------------- time cost ------------------------- 9.996753215789795
ASR : 0.9382222222222221
attack_auc : 0.984657160493827
------------------------- time cost ------------------------- 2.5334136486053467
ASR : 0.9354444444444441
attack_auc : 0.984152839506173
------------------------- time cost ------------------------- 2.580700635910034
ASR : 0.9533333333333325
attack_auc : 0.9886550617283946
------------------------- time cost ------------------------- 2.5667076110839844
ASR : 0.9553333333333326
attack_auc : 0.9895108641975308
------------------------- time cost ------------------------- 2.7066869735717773
ASR : 0.9606666666666661
attack_auc : 0.990602716049383
------------------------- time cost ------------------------- 2.778576374053955
ASR : 0.9487777777777775
attack_auc : 0.9876497530864199
------------------------- time cost ------------------------- 2.7166950702667236
ASR : 0.9577777777777767
attack_auc : 0.989779135802469
------------------------- time cost ------------------------- 2.51043701171875
ASR : 0.9625555555555547
attack_auc : 0.9903045679012347
------------------------- time cost ------------------------- 2.684807538986206
ASR : 0.9716666666666662
attack_auc : 0.9924654320987651
------------------------- time cost ------------------------- 2.5576536655426025

-------------Round number: 620-------------

Evaluate global model
Averaged Train Loss: 0.9407
Averaged Test Accurancy: 0.4706
Averaged Test AUC: 0.8093
Std Test Accurancy: 0.1571
Std Test AUC: 0.1401
ASR : 0.9643333333333322
attack_auc : 0.9933186419753088
------------------------- time cost ------------------------- 9.845881938934326
ASR : 0.9631111111111099
attack_auc : 0.9933340740740744
------------------------- time cost ------------------------- 2.687713861465454
ASR : 0.9712222222222218
attack_auc : 0.9934780246913579
------------------------- time cost ------------------------- 2.645810127258301
ASR : 0.9723333333333327
attack_auc : 0.9922238271604938
------------------------- time cost ------------------------- 2.4534363746643066
ASR : 0.973555555555555
attack_auc : 0.9922439506172834
------------------------- time cost ------------------------- 2.7090904712677
ASR : 0.9712222222222223
attack_auc : 0.9924908641975305
------------------------- time cost ------------------------- 2.5446174144744873
ASR : 0.9563333333333325
attack_auc : 0.9897103703703698
------------------------- time cost ------------------------- 2.7082631587982178
ASR : 0.9621111111111103
attack_auc : 0.9906855555555557
------------------------- time cost ------------------------- 2.763732671737671
ASR : 0.9601111111111099
attack_auc : 0.9899193827160488
------------------------- time cost ------------------------- 2.6695799827575684
ASR : 0.9671111111111104
attack_auc : 0.9905569135802471
------------------------- time cost ------------------------- 2.831747531890869

-------------Round number: 630-------------

Evaluate global model
Averaged Train Loss: 0.7968
Averaged Test Accurancy: 0.4858
Averaged Test AUC: 0.8114
Std Test Accurancy: 0.1513
Std Test AUC: 0.1409
ASR : 0.9613333333333329
attack_auc : 0.9903270370370371
------------------------- time cost ------------------------- 9.987222909927368
ASR : 0.9497777777777774
attack_auc : 0.9876993827160495
------------------------- time cost ------------------------- 2.47113037109375
ASR : 0.9643333333333328
attack_auc : 0.991867901234568
------------------------- time cost ------------------------- 2.7100722789764404
ASR : 0.9549999999999991
attack_auc : 0.9902371604938272
------------------------- time cost ------------------------- 2.4807045459747314
ASR : 0.9589999999999994
attack_auc : 0.9908519753086419
------------------------- time cost ------------------------- 2.7266712188720703
ASR : 0.9669999999999995
attack_auc : 0.9913529629629632
------------------------- time cost ------------------------- 2.6908068656921387
ASR : 0.9621111111111105
attack_auc : 0.9916129629629632
------------------------- time cost ------------------------- 2.654340982437134
ASR : 0.9607777777777766
attack_auc : 0.9906566666666667
------------------------- time cost ------------------------- 2.907588481903076
ASR : 0.9659999999999993
attack_auc : 0.9913148148148154
------------------------- time cost ------------------------- 2.6173973083496094
ASR : 0.9528888888888883
attack_auc : 0.9890828395061727
------------------------- time cost ------------------------- 2.8414673805236816

-------------Round number: 640-------------

Evaluate global model
Averaged Train Loss: 0.9383
Averaged Test Accurancy: 0.4353
Averaged Test AUC: 0.7955
Std Test Accurancy: 0.1397
Std Test AUC: 0.1367
ASR : 0.9679999999999995
attack_auc : 0.9889713580246908
------------------------- time cost ------------------------- 9.989578485488892
ASR : 0.9555555555555547
attack_auc : 0.9850176543209879
------------------------- time cost ------------------------- 2.5724921226501465
ASR : 0.9564444444444434
attack_auc : 0.9857340740740742
------------------------- time cost ------------------------- 2.5565385818481445
ASR : 0.9615555555555548
attack_auc : 0.9880459259259256
------------------------- time cost ------------------------- 2.487483024597168
ASR : 0.9654444444444437
attack_auc : 0.9875609876543205
------------------------- time cost ------------------------- 2.767854928970337
ASR : 0.9615555555555547
attack_auc : 0.9883690123456792
------------------------- time cost ------------------------- 2.4926645755767822
ASR : 0.9673333333333326
attack_auc : 0.9910150617283953
------------------------- time cost ------------------------- 2.501718759536743
ASR : 0.9675555555555551
attack_auc : 0.9910408641975309
------------------------- time cost ------------------------- 2.565541982650757
ASR : 0.9746666666666663
attack_auc : 0.9933293827160493
------------------------- time cost ------------------------- 2.6094534397125244
ASR : 0.9703333333333328
attack_auc : 0.9938169135802472
------------------------- time cost ------------------------- 2.8197543621063232

-------------Round number: 650-------------

Evaluate global model
Averaged Train Loss: 0.6692
Averaged Test Accurancy: 0.4686
Averaged Test AUC: 0.8112
Std Test Accurancy: 0.1442
Std Test AUC: 0.1227
ASR : 0.9698888888888888
attack_auc : 0.9935538271604932
------------------------- time cost ------------------------- 9.906949758529663
ASR : 0.9628888888888884
attack_auc : 0.9913220987654318
------------------------- time cost ------------------------- 2.4616591930389404
ASR : 0.9563333333333329
attack_auc : 0.9892022222222223
------------------------- time cost ------------------------- 2.5900750160217285
ASR : 0.9581111111111104
attack_auc : 0.9902598765432098
------------------------- time cost ------------------------- 2.6852900981903076
ASR : 0.9571111111111108
attack_auc : 0.9897898765432098
------------------------- time cost ------------------------- 2.535364866256714
ASR : 0.9545555555555552
attack_auc : 0.9892681481481481
------------------------- time cost ------------------------- 2.4265921115875244
ASR : 0.9645555555555546
attack_auc : 0.990618271604938
------------------------- time cost ------------------------- 2.584660530090332
ASR : 0.9634444444444438
attack_auc : 0.9915551851851849
------------------------- time cost ------------------------- 2.8051953315734863
ASR : 0.9554444444444437
attack_auc : 0.9906035802469134
------------------------- time cost ------------------------- 2.5801749229431152
ASR : 0.9565555555555546
attack_auc : 0.9906971604938272
------------------------- time cost ------------------------- 2.4294302463531494

-------------Round number: 660-------------

Evaluate global model
Averaged Train Loss: 0.5228
Averaged Test Accurancy: 0.5123
Averaged Test AUC: 0.8291
Std Test Accurancy: 0.1454
Std Test AUC: 0.1234
ASR : 0.9557777777777766
attack_auc : 0.9896893827160496
------------------------- time cost ------------------------- 10.02245545387268
ASR : 0.9594444444444439
attack_auc : 0.9883117283950615
------------------------- time cost ------------------------- 2.5668134689331055
ASR : 0.949444444444444
attack_auc : 0.9880707407407409
------------------------- time cost ------------------------- 2.453988790512085
ASR : 0.9549999999999994
attack_auc : 0.9892062962962969
------------------------- time cost ------------------------- 2.587132692337036
ASR : 0.9617777777777775
attack_auc : 0.9896729629629631
------------------------- time cost ------------------------- 2.5604424476623535
ASR : 0.9797777777777774
attack_auc : 0.9935765432098769
------------------------- time cost ------------------------- 2.6195459365844727
ASR : 0.9784444444444437
attack_auc : 0.9957624691358027
------------------------- time cost ------------------------- 2.632797956466675
ASR : 0.9659999999999992
attack_auc : 0.9932067901234567
------------------------- time cost ------------------------- 2.5126800537109375
ASR : 0.9653333333333324
attack_auc : 0.9921266666666668
------------------------- time cost ------------------------- 2.52181077003479
ASR : 0.9641111111111101
attack_auc : 0.99174049382716
------------------------- time cost ------------------------- 2.7242329120635986

-------------Round number: 670-------------

Evaluate global model
Averaged Train Loss: 0.4081
Averaged Test Accurancy: 0.5053
Averaged Test AUC: 0.8389
Std Test Accurancy: 0.1317
Std Test AUC: 0.0895
ASR : 0.9681111111111106
attack_auc : 0.9916032098765435
------------------------- time cost ------------------------- 10.156691312789917
ASR : 0.9632222222222214
attack_auc : 0.9904390123456788
------------------------- time cost ------------------------- 2.595430612564087
ASR : 0.9663333333333328
attack_auc : 0.9916076543209883
------------------------- time cost ------------------------- 2.455225706100464
ASR : 0.9612222222222215
attack_auc : 0.9912583950617283
------------------------- time cost ------------------------- 2.5443050861358643
ASR : 0.9645555555555548
attack_auc : 0.9915176543209877
------------------------- time cost ------------------------- 2.587430477142334
ASR : 0.9567777777777775
attack_auc : 0.9903651851851849
------------------------- time cost ------------------------- 2.5506467819213867
ASR : 0.9608888888888883
attack_auc : 0.9903567901234568
------------------------- time cost ------------------------- 2.5294620990753174
ASR : 0.9608888888888886
attack_auc : 0.9914901234567899
------------------------- time cost ------------------------- 2.6480422019958496
ASR : 0.9569999999999993
attack_auc : 0.9925456790123459
------------------------- time cost ------------------------- 2.5734245777130127
ASR : 0.9578888888888882
attack_auc : 0.9917717283950621
------------------------- time cost ------------------------- 2.699517250061035

-------------Round number: 680-------------

Evaluate global model
Averaged Train Loss: 0.3719
Averaged Test Accurancy: 0.5199
Averaged Test AUC: 0.8445
Std Test Accurancy: 0.1431
Std Test AUC: 0.0989
ASR : 0.9565555555555548
attack_auc : 0.9920927160493828
------------------------- time cost ------------------------- 9.905261278152466
ASR : 0.9604444444444438
attack_auc : 0.9915769135802467
------------------------- time cost ------------------------- 2.514486312866211
ASR : 0.9625555555555547
attack_auc : 0.9913049382716043
------------------------- time cost ------------------------- 2.6633968353271484
ASR : 0.95811111111111
attack_auc : 0.9899569135802467
------------------------- time cost ------------------------- 2.584174156188965
ASR : 0.9525555555555546
attack_auc : 0.9890616049382718
------------------------- time cost ------------------------- 2.565011739730835
ASR : 0.9549999999999993
attack_auc : 0.9894004938271611
------------------------- time cost ------------------------- 2.5591561794281006
ASR : 0.9538888888888883
attack_auc : 0.9890883950617286
------------------------- time cost ------------------------- 2.736798048019409
ASR : 0.9519999999999996
attack_auc : 0.9879169135802469
------------------------- time cost ------------------------- 2.379314422607422
ASR : 0.9537777777777771
attack_auc : 0.9889651851851855
------------------------- time cost ------------------------- 2.4860737323760986
ASR : 0.9689999999999998
attack_auc : 0.991875308641975
------------------------- time cost ------------------------- 2.7216439247131348

-------------Round number: 690-------------

Evaluate global model
Averaged Train Loss: 0.5579
Averaged Test Accurancy: 0.5014
Averaged Test AUC: 0.8295
Std Test Accurancy: 0.1430
Std Test AUC: 0.1081
ASR : 0.9591111111111101
attack_auc : 0.9910140740740744
------------------------- time cost ------------------------- 9.82394528388977
ASR : 0.950555555555555
attack_auc : 0.9895753086419755
------------------------- time cost ------------------------- 2.5944271087646484
ASR : 0.9507777777777774
attack_auc : 0.9866400000000002
------------------------- time cost ------------------------- 2.5800399780273438
ASR : 0.9585555555555552
attack_auc : 0.9893640740740739
------------------------- time cost ------------------------- 2.6240410804748535
ASR : 0.9435555555555553
attack_auc : 0.9854944444444447
------------------------- time cost ------------------------- 2.5112922191619873
ASR : 0.9390000000000004
attack_auc : 0.9827998765432098
------------------------- time cost ------------------------- 2.6057727336883545
ASR : 0.9456666666666668
attack_auc : 0.9838685185185183
------------------------- time cost ------------------------- 2.680495500564575
ASR : 0.9447777777777775
attack_auc : 0.9856995061728396
------------------------- time cost ------------------------- 2.425828695297241
ASR : 0.9389999999999996
attack_auc : 0.9831597530864202
------------------------- time cost ------------------------- 2.6258413791656494
ASR : 0.9682222222222219
attack_auc : 0.9913338271604937
------------------------- time cost ------------------------- 2.5937588214874268

-------------Round number: 700-------------

Evaluate global model
Averaged Train Loss: 0.9567
Averaged Test Accurancy: 0.4300
Averaged Test AUC: 0.7993
Std Test Accurancy: 0.1389
Std Test AUC: 0.1093
ASR : 0.9486666666666661
attack_auc : 0.9868113580246916
------------------------- time cost ------------------------- 10.169913053512573
ASR : 0.9599999999999999
attack_auc : 0.9878606172839505
------------------------- time cost ------------------------- 2.6384799480438232
ASR : 0.9673333333333334
attack_auc : 0.9931722222222221
------------------------- time cost ------------------------- 2.644289255142212
ASR : 0.9574444444444439
attack_auc : 0.9910034567901231
------------------------- time cost ------------------------- 2.3385822772979736
ASR : 0.945666666666666
attack_auc : 0.9856938271604935
------------------------- time cost ------------------------- 2.414790630340576
ASR : 0.9581111111111108
attack_auc : 0.9892859259259258
------------------------- time cost ------------------------- 2.560476303100586
ASR : 0.9483333333333325
attack_auc : 0.988062098765432
------------------------- time cost ------------------------- 2.5138072967529297
ASR : 0.9541111111111104
attack_auc : 0.9895949382716049
------------------------- time cost ------------------------- 2.4567208290100098
ASR : 0.9639999999999994
attack_auc : 0.9913053086419751
------------------------- time cost ------------------------- 2.4597859382629395
ASR : 0.9569999999999992
attack_auc : 0.9900961728395059
------------------------- time cost ------------------------- 2.693051338195801

-------------Round number: 710-------------

Evaluate global model
Averaged Train Loss: 0.7506
Averaged Test Accurancy: 0.4858
Averaged Test AUC: 0.8220
Std Test Accurancy: 0.1565
Std Test AUC: 0.1141
ASR : 0.9233333333333336
attack_auc : 0.9812796296296293
------------------------- time cost ------------------------- 9.900040626525879
ASR : 0.9592222222222218
attack_auc : 0.9923801234567903
------------------------- time cost ------------------------- 2.5075345039367676
ASR : 0.9684444444444438
attack_auc : 0.9925364197530865
------------------------- time cost ------------------------- 2.432147264480591
ASR : 0.9677777777777771
attack_auc : 0.9921083950617283
------------------------- time cost ------------------------- 2.594604730606079
ASR : 0.9726666666666665
attack_auc : 0.9941887654320982
------------------------- time cost ------------------------- 2.8010096549987793
ASR : 0.9577777777777768
attack_auc : 0.9922991358024689
------------------------- time cost ------------------------- 2.375800371170044
ASR : 0.9565555555555546
attack_auc : 0.9925340740740745
------------------------- time cost ------------------------- 2.465441942214966
ASR : 0.9544444444444439
attack_auc : 0.9916522222222223
------------------------- time cost ------------------------- 2.778409481048584
ASR : 0.9525555555555552
attack_auc : 0.9906738271604935
------------------------- time cost ------------------------- 2.329324245452881
ASR : 0.9519999999999997
attack_auc : 0.9909240740740742
------------------------- time cost ------------------------- 2.6508078575134277

-------------Round number: 720-------------

Evaluate global model
Averaged Train Loss: 0.6029
Averaged Test Accurancy: 0.5026
Averaged Test AUC: 0.8293
Std Test Accurancy: 0.1477
Std Test AUC: 0.1162
ASR : 0.9574444444444439
attack_auc : 0.9918454320987661
------------------------- time cost ------------------------- 10.091719627380371
ASR : 0.9575555555555553
attack_auc : 0.9913318518518517
------------------------- time cost ------------------------- 2.6375443935394287
ASR : 0.9578888888888887
attack_auc : 0.9914369135802469
------------------------- time cost ------------------------- 2.536381244659424
ASR : 0.9535555555555552
attack_auc : 0.9901337037037038
------------------------- time cost ------------------------- 2.5972089767456055
ASR : 0.9506666666666665
attack_auc : 0.989923456790124
------------------------- time cost ------------------------- 2.488685131072998
ASR : 0.9526666666666663
attack_auc : 0.9901958024691356
------------------------- time cost ------------------------- 2.551804304122925
ASR : 0.9537777777777774
attack_auc : 0.9910346913580246
------------------------- time cost ------------------------- 2.8953938484191895
ASR : 0.9268888888888888
attack_auc : 0.9871934567901234
------------------------- time cost ------------------------- 2.620748519897461
ASR : 0.9474444444444444
attack_auc : 0.9892791358024692
------------------------- time cost ------------------------- 2.4500420093536377
ASR : 0.9509999999999997
attack_auc : 0.990404567901235
------------------------- time cost ------------------------- 2.7084600925445557

-------------Round number: 730-------------

Evaluate global model
Averaged Train Loss: 0.5312
Averaged Test Accurancy: 0.5183
Averaged Test AUC: 0.8363
Std Test Accurancy: 0.1533
Std Test AUC: 0.1211
ASR : 0.9475555555555556
attack_auc : 0.9900277777777774
------------------------- time cost ------------------------- 10.058490753173828
ASR : 0.945222222222223
attack_auc : 0.9887149382716048
------------------------- time cost ------------------------- 2.5941874980926514
ASR : 0.9566666666666661
attack_auc : 0.9916883950617283
------------------------- time cost ------------------------- 2.550870418548584
ASR : 0.9507777777777777
attack_auc : 0.990190987654321
------------------------- time cost ------------------------- 2.558337926864624
ASR : 0.9467777777777778
attack_auc : 0.9885849382716045
------------------------- time cost ------------------------- 2.5537824630737305
ASR : 0.9491111111111107
attack_auc : 0.988648765432099
------------------------- time cost ------------------------- 2.5822761058807373
ASR : 0.9496666666666665
attack_auc : 0.9889451851851856
------------------------- time cost ------------------------- 2.6405892372131348
ASR : 0.9498888888888888
attack_auc : 0.9891255555555554
------------------------- time cost ------------------------- 2.7429258823394775
ASR : 0.9483333333333335
attack_auc : 0.9886856790123457
------------------------- time cost ------------------------- 2.5677201747894287
ASR : 0.9493333333333334
attack_auc : 0.9883567901234572
------------------------- time cost ------------------------- 2.5923097133636475

-------------Round number: 740-------------

Evaluate global model
Averaged Train Loss: 0.5158
Averaged Test Accurancy: 0.5191
Averaged Test AUC: 0.8398
Std Test Accurancy: 0.1456
Std Test AUC: 0.1149
ASR : 0.9456666666666673
attack_auc : 0.9879092592592591
------------------------- time cost ------------------------- 10.022697687149048
ASR : 0.9352222222222225
attack_auc : 0.9856495061728395
------------------------- time cost ------------------------- 2.4236643314361572
ASR : 0.937444444444445
attack_auc : 0.9865882716049384
------------------------- time cost ------------------------- 2.556899309158325
ASR : 0.9410000000000002
attack_auc : 0.9870077777777777
------------------------- time cost ------------------------- 2.402564764022827
ASR : 0.9537777777777776
attack_auc : 0.990808024691358
------------------------- time cost ------------------------- 2.6704015731811523
ASR : 0.9475555555555564
attack_auc : 0.9890174074074073
------------------------- time cost ------------------------- 2.5784215927124023
ASR : 0.9541111111111108
attack_auc : 0.9903423456790127
------------------------- time cost ------------------------- 2.4450390338897705
ASR : 0.9548888888888886
attack_auc : 0.9903017283950615
------------------------- time cost ------------------------- 2.49880313873291
ASR : 0.954111111111111
attack_auc : 0.9897097530864198
------------------------- time cost ------------------------- 2.4182465076446533
ASR : 0.9552222222222218
attack_auc : 0.9897966666666667
------------------------- time cost ------------------------- 2.464538097381592

-------------Round number: 750-------------

Evaluate global model
Averaged Train Loss: 0.5084
Averaged Test Accurancy: 0.5137
Averaged Test AUC: 0.8356
Std Test Accurancy: 0.1494
Std Test AUC: 0.1207
ASR : 0.9477777777777783
attack_auc : 0.988287901234568
------------------------- time cost ------------------------- 10.337245225906372
ASR : 0.9525555555555549
attack_auc : 0.9886433333333338
------------------------- time cost ------------------------- 2.382288932800293
ASR : 0.9531111111111108
attack_auc : 0.989168395061729
------------------------- time cost ------------------------- 2.5893161296844482
ASR : 0.9541111111111108
attack_auc : 0.9895437037037038
------------------------- time cost ------------------------- 2.433234453201294
ASR : 0.9551111111111104
attack_auc : 0.9896346913580245
------------------------- time cost ------------------------- 2.545443058013916
ASR : 0.9509999999999995
attack_auc : 0.9884282716049385
------------------------- time cost ------------------------- 2.541886806488037
ASR : 0.9494444444444444
attack_auc : 0.9885185185185187
------------------------- time cost ------------------------- 2.7286479473114014
ASR : 0.9513333333333329
attack_auc : 0.9890002469135806
------------------------- time cost ------------------------- 2.7698285579681396
ASR : 0.9548888888888883
attack_auc : 0.9895833333333328
------------------------- time cost ------------------------- 2.7265567779541016
ASR : 0.9493333333333334
attack_auc : 0.9885890123456793
------------------------- time cost ------------------------- 2.4483718872070312

-------------Round number: 760-------------

Evaluate global model
Averaged Train Loss: 0.5064
Averaged Test Accurancy: 0.5308
Averaged Test AUC: 0.8427
Std Test Accurancy: 0.1385
Std Test AUC: 0.1211
ASR : 0.9501111111111109
attack_auc : 0.9888141975308643
------------------------- time cost ------------------------- 10.182083368301392
ASR : 0.9561111111111112
attack_auc : 0.9913016049382719
------------------------- time cost ------------------------- 2.786071300506592
ASR : 0.9504444444444445
attack_auc : 0.9898964197530863
------------------------- time cost ------------------------- 2.7489335536956787
ASR : 0.9515555555555556
attack_auc : 0.9901325925925928
------------------------- time cost ------------------------- 2.799570322036743
ASR : 0.9561111111111102
attack_auc : 0.9915211111111113
------------------------- time cost ------------------------- 2.499173879623413
ASR : 0.9589999999999994
attack_auc : 0.9918772839506176
------------------------- time cost ------------------------- 2.464607000350952
ASR : 0.9575555555555547
attack_auc : 0.9910211111111114
------------------------- time cost ------------------------- 2.669813871383667
ASR : 0.9583333333333327
attack_auc : 0.9909816049382714
------------------------- time cost ------------------------- 2.4039053916931152
ASR : 0.957222222222222
attack_auc : 0.990394074074074
------------------------- time cost ------------------------- 2.3506081104278564
ASR : 0.961888888888888
attack_auc : 0.99110037037037
------------------------- time cost ------------------------- 2.4691879749298096

-------------Round number: 770-------------

Evaluate global model
Averaged Train Loss: 0.5162
Averaged Test Accurancy: 0.5290
Averaged Test AUC: 0.8428
Std Test Accurancy: 0.1407
Std Test AUC: 0.1202
ASR : 0.9634444444444435
attack_auc : 0.9917604938271607
------------------------- time cost ------------------------- 9.836100578308105
ASR : 0.9618888888888881
attack_auc : 0.9911876543209879
------------------------- time cost ------------------------- 2.4452860355377197
ASR : 0.9621111111111105
attack_auc : 0.9912090123456793
------------------------- time cost ------------------------- 2.6668450832366943
ASR : 0.9629999999999992
attack_auc : 0.9916296296296299
------------------------- time cost ------------------------- 2.6142210960388184
ASR : 0.9607777777777772
attack_auc : 0.9915823456790124
------------------------- time cost ------------------------- 2.7353060245513916
ASR : 0.9608888888888885
attack_auc : 0.9913258024691359
------------------------- time cost ------------------------- 2.640336036682129
ASR : 0.963555555555555
attack_auc : 0.9914481481481476
------------------------- time cost ------------------------- 2.352078437805176
ASR : 0.9596666666666662
attack_auc : 0.9907422222222222
------------------------- time cost ------------------------- 2.693708896636963
ASR : 0.9602222222222218
attack_auc : 0.9907771604938269
------------------------- time cost ------------------------- 2.2469892501831055
ASR : 0.9586666666666659
attack_auc : 0.990781728395062
------------------------- time cost ------------------------- 2.595733165740967

-------------Round number: 780-------------

Evaluate global model
Averaged Train Loss: 0.4691
Averaged Test Accurancy: 0.5399
Averaged Test AUC: 0.8503
Std Test Accurancy: 0.1335
Std Test AUC: 0.1164
ASR : 0.958555555555555
attack_auc : 0.9905692592592589
------------------------- time cost ------------------------- 10.402905225753784
ASR : 0.9612222222222216
attack_auc : 0.9909481481481482
------------------------- time cost ------------------------- 2.6027023792266846
ASR : 0.9615555555555552
attack_auc : 0.9909729629629631
------------------------- time cost ------------------------- 2.7546916007995605
ASR : 0.9597777777777773
attack_auc : 0.9904750617283951
------------------------- time cost ------------------------- 2.7298314571380615
ASR : 0.9551111111111109
attack_auc : 0.9895124691358024
------------------------- time cost ------------------------- 2.536342144012451
ASR : 0.9491111111111118
attack_auc : 0.9874093827160493
------------------------- time cost ------------------------- 2.517697334289551
ASR : 0.9448888888888896
attack_auc : 0.9851069135802468
------------------------- time cost ------------------------- 2.679274082183838
ASR : 0.9423333333333335
attack_auc : 0.9864879012345678
------------------------- time cost ------------------------- 2.613229513168335
ASR : 0.9491111111111108
attack_auc : 0.9864699999999991
------------------------- time cost ------------------------- 2.6990156173706055
ASR : 0.9469999999999998
attack_auc : 0.9856616049382718
------------------------- time cost ------------------------- 2.6832656860351562

-------------Round number: 790-------------

Evaluate global model
Averaged Train Loss: 0.3142
Averaged Test Accurancy: 0.5245
Averaged Test AUC: 0.8469
Std Test Accurancy: 0.1302
Std Test AUC: 0.1012
ASR : 0.9491111111111116
attack_auc : 0.9866462962962961
------------------------- time cost ------------------------- 10.114137649536133
ASR : 0.950555555555556
attack_auc : 0.9873392592592588
------------------------- time cost ------------------------- 2.843287229537964
ASR : 0.9380000000000006
attack_auc : 0.9860021604938269
------------------------- time cost ------------------------- 2.6006805896759033
ASR : 0.9368888888888887
attack_auc : 0.9790483950617278
------------------------- time cost ------------------------- 2.600576877593994
ASR : 0.9452222222222223
attack_auc : 0.9855543209876542
------------------------- time cost ------------------------- 2.5416128635406494
ASR : 0.9475555555555556
attack_auc : 0.9861524691358027
------------------------- time cost ------------------------- 2.666090965270996
ASR : 0.950222222222222
attack_auc : 0.9866908641975309
------------------------- time cost ------------------------- 2.603137493133545
ASR : 0.9568888888888888
attack_auc : 0.9883888888888889
------------------------- time cost ------------------------- 2.5875351428985596
ASR : 0.9639999999999993
attack_auc : 0.9907265432098765
------------------------- time cost ------------------------- 2.7597522735595703
ASR : 0.9613333333333327
attack_auc : 0.9904017283950621
------------------------- time cost ------------------------- 2.4892334938049316

-------------Round number: 800-------------

Evaluate global model
Averaged Train Loss: 0.2932
Averaged Test Accurancy: 0.5275
Averaged Test AUC: 0.8462
Std Test Accurancy: 0.1296
Std Test AUC: 0.1005
ASR : 0.9667777777777774
attack_auc : 0.9915028395061727
------------------------- time cost ------------------------- 10.163082361221313

Best accuracy.
0.5398986963381217

Average time cost per round.
3.350465729534626
File path: ./results/Cifar10_dir0.5_bdoor0.2_nclient_100_badnet_adv10_seed43_FedAvg_MS04_FEDAVG_BADNET_S43_0.h5

Average time cost: 2696.01s.
Length:  81
std for best accurancy: 0.0
mean for best accurancy: 0.5398986963381217
All done!
