==================================================
goal = s3_rep_badnet
device = cuda
join_ratio = 0.1
device_id = 0
dataset = Cifar10_dir0.5_bdoor0.2_nclient_100_badnet_adv10
num_classes = 10
model = ResNet18
batch_size = 64
local_learning_rate = 0.1
learning_rate_decay = False
learning_rate_decay_gamma = 0.99
global_rounds = 600
top_cnt = 100
local_epochs = 1
algorithm = FedRep
num_clients = 100
eval_gap = 1
save_folder_name = items
auto_break = False
batch_num_per_client = 2
feature_dim = 512
vocab_size = 32000
max_len = 200
client_drop_rate = 0.0
time_select = False
time_threthold = 10000
send_slow_rate = 0.0
beta = 0.0
lamda = 1.0
mu = 0.0
K = 5
p_learning_rate = 0.01
M = 5
itk = 4000
alphaK = 1.0
sigma = 1.0
alpha = 1.0
plocal_epochs = 1
lr_head = 0.1
tau = 1.0
fine_tuning_epochs = 10
dr_learning_rate = 0.0
L = 1.0
noise_dim = 512
generator_learning_rate = 0.005
hidden_dim = 512
server_epochs = 1000
localize_feature_extractor = False
server_learning_rate = 1.0
eta = 1.0
rand_percent = 80
layer_idx = 2
mentee_learning_rate = 0.005
T_start = 0.95
T_end = 0.98
momentum = 0.1
kl_weight = 0.0
disti_epochs = 1
protect_id = 1
adv_eps = 0.1
adv_num_iter = 5
defense_epochs = 1
clean_data = 5000
sdmk_m = 7
sdmk_k = 5
delta = 0.5
sim_threshold = 0.7
rt_beta = 0.2
num_adv_clients = 10
lambda_cl = 0.5
aug_strength = 0.1
mask_tau = 2.0
mask_alpha = 0.3
enable_channel_mask = True
cosine_gate = False
cosine_gate_threshold = 0.3
cosine_gate_alpha = 0.5
trim_high_layers = 
trim_beta_high = None
trim_beta_low = None
attack = none
ba_target_label = 0
ba_poison_rate = 0.2
ba_trigger_gen_steps = 30
ba_trigger_gen_lr = 0.01
ba_pgd_eps = 0.0314
ba_trigger_scale = 8.0
pfedba_target_label = 0
pfedba_poison_rate = 0.5
pfedba_poison_count = -1
pfedba_poison_before_start = False
pfedba_attack_start = 30
pfedba_trigger_opt_steps = 15
pfedba_trigger_lr = 0.1
pfedba_init_value = 0.5
pfedba_patch_size = 8
pfedba_patch_position = center
pfedba_img_c = 3
pfedba_img_h = 32
pfedba_img_w = 32
pfedba_align_grad_weight = 1.0
pfedba_align_loss_weight = 1.0
pfedba_attack_loss_weight = 1.0
pfedba_opt_samples_per_class = 100
pfedba_opt_batch_size = 64
pfedba_opt_max_batches_per_client = 20
logit_analysis = False
logit_reject_thresholds = 0.5,0.6,0.7,0.8
logit_entropy_thresholds = 1.0,1.5,2.0
logit_margin_thresholds = 0.1,0.2,0.3
==================================================

============= Running time: 0th =============
Creating server and clients ...
ResNet(
  (conv1): Conv2d(3, 64, kernel_size=(3, 3), stride=(1, 1), padding=(1, 1), bias=False)
  (bn1): BatchNorm2d(64, eps=1e-05, momentum=0.1, affine=True, track_running_stats=True)
  (relu): ReLU(inplace=True)
  (layer1): Sequential(
    (0): BasicBlock(
      (conv1): Conv2d(64, 64, kernel_size=(3, 3), stride=(1, 1), padding=(1, 1), bias=False)
      (bn1): BatchNorm2d(64, eps=1e-05, momentum=0.1, affine=True, track_running_stats=True)
      (relu): ReLU(inplace=True)
      (conv2): Conv2d(64, 64, kernel_size=(3, 3), stride=(1, 1), padding=(1, 1), bias=False)
      (bn2): BatchNorm2d(64, eps=1e-05, momentum=0.1, affine=True, track_running_stats=True)
    )
    (1): BasicBlock(
      (conv1): Conv2d(64, 64, kernel_size=(3, 3), stride=(1, 1), padding=(1, 1), bias=False)
      (bn1): BatchNorm2d(64, eps=1e-05, momentum=0.1, affine=True, track_running_stats=True)
      (relu): ReLU(inplace=True)
      (conv2): Conv2d(64, 64, kernel_size=(3, 3), stride=(1, 1), padding=(1, 1), bias=False)
      (bn2): BatchNorm2d(64, eps=1e-05, momentum=0.1, affine=True, track_running_stats=True)
    )
  )
  (layer2): Sequential(
    (0): BasicBlock(
      (conv1): Conv2d(64, 128, kernel_size=(3, 3), stride=(2, 2), padding=(1, 1), bias=False)
      (bn1): BatchNorm2d(128, eps=1e-05, momentum=0.1, affine=True, track_running_stats=True)
      (relu): ReLU(inplace=True)
      (conv2): Conv2d(128, 128, kernel_size=(3, 3), stride=(1, 1), padding=(1, 1), bias=False)
      (bn2): BatchNorm2d(128, eps=1e-05, momentum=0.1, affine=True, track_running_stats=True)
      (downsample): Sequential(
        (0): Conv2d(64, 128, kernel_size=(1, 1), stride=(2, 2), bias=False)
        (1): BatchNorm2d(128, eps=1e-05, momentum=0.1, affine=True, track_running_stats=True)
      )
    )
    (1): BasicBlock(
      (conv1): Conv2d(128, 128, kernel_size=(3, 3), stride=(1, 1), padding=(1, 1), bias=False)
      (bn1): BatchNorm2d(128, eps=1e-05, momentum=0.1, affine=True, track_running_stats=True)
      (relu): ReLU(inplace=True)
      (conv2): Conv2d(128, 128, kernel_size=(3, 3), stride=(1, 1), padding=(1, 1), bias=False)
      (bn2): BatchNorm2d(128, eps=1e-05, momentum=0.1, affine=True, track_running_stats=True)
    )
  )
  (layer3): Sequential(
    (0): BasicBlock(
      (conv1): Conv2d(128, 256, kernel_size=(3, 3), stride=(2, 2), padding=(1, 1), bias=False)
      (bn1): BatchNorm2d(256, eps=1e-05, momentum=0.1, affine=True, track_running_stats=True)
      (relu): ReLU(inplace=True)
      (conv2): Conv2d(256, 256, kernel_size=(3, 3), stride=(1, 1), padding=(1, 1), bias=False)
      (bn2): BatchNorm2d(256, eps=1e-05, momentum=0.1, affine=True, track_running_stats=True)
      (downsample): Sequential(
        (0): Conv2d(128, 256, kernel_size=(1, 1), stride=(2, 2), bias=False)
        (1): BatchNorm2d(256, eps=1e-05, momentum=0.1, affine=True, track_running_stats=True)
      )
    )
    (1): BasicBlock(
      (conv1): Conv2d(256, 256, kernel_size=(3, 3), stride=(1, 1), padding=(1, 1), bias=False)
      (bn1): BatchNorm2d(256, eps=1e-05, momentum=0.1, affine=True, track_running_stats=True)
      (relu): ReLU(inplace=True)
      (conv2): Conv2d(256, 256, kernel_size=(3, 3), stride=(1, 1), padding=(1, 1), bias=False)
      (bn2): BatchNorm2d(256, eps=1e-05, momentum=0.1, affine=True, track_running_stats=True)
    )
  )
  (layer4): Sequential(
    (0): BasicBlock(
      (conv1): Conv2d(256, 512, kernel_size=(3, 3), stride=(2, 2), padding=(1, 1), bias=False)
      (bn1): BatchNorm2d(512, eps=1e-05, momentum=0.1, affine=True, track_running_stats=True)
      (relu): ReLU(inplace=True)
      (conv2): Conv2d(512, 512, kernel_size=(3, 3), stride=(1, 1), padding=(1, 1), bias=False)
      (bn2): BatchNorm2d(512, eps=1e-05, momentum=0.1, affine=True, track_running_stats=True)
      (downsample): Sequential(
        (0): Conv2d(256, 512, kernel_size=(1, 1), stride=(2, 2), bias=False)
        (1): BatchNorm2d(512, eps=1e-05, momentum=0.1, affine=True, track_running_stats=True)
      )
    )
    (1): BasicBlock(
      (conv1): Conv2d(512, 512, kernel_size=(3, 3), stride=(1, 1), padding=(1, 1), bias=False)
      (bn1): BatchNorm2d(512, eps=1e-05, momentum=0.1, affine=True, track_running_stats=True)
      (relu): ReLU(inplace=True)
      (conv2): Conv2d(512, 512, kernel_size=(3, 3), stride=(1, 1), padding=(1, 1), bias=False)
      (bn2): BatchNorm2d(512, eps=1e-05, momentum=0.1, affine=True, track_running_stats=True)
    )
  )
  (avgpool): AdaptiveAvgPool2d(output_size=(1, 1))
  (fc): Linear(in_features=512, out_features=10, bias=True)
)

Join ratio / total clients: 0.1 / 100
Finished creating server and clients.

-------------Round number: 0-------------

Evaluate personalized models
Averaged Train Loss: 2.4217
Averaged Test Accurancy: 0.1065
Averaged Test AUC: 0.5006
Std Test Accurancy: 0.1360
Std Test AUC: 0.1313
ASR : 0.01158900836320191
attack_auc : 0.716641257369459
------------------------- time cost ------------------------- 14.564018726348877

-------------Round number: 1-------------

Evaluate personalized models
Averaged Train Loss: 106.7194
Averaged Test Accurancy: 0.1271
Averaged Test AUC: 0.5225
Std Test Accurancy: 0.1505
Std Test AUC: 0.1356
ASR : 0.03191838231442192
attack_auc : 0.7138549574571827
------------------------- time cost ------------------------- 13.175688028335571

-------------Round number: 2-------------

Evaluate personalized models
Averaged Train Loss: 106.9925
Averaged Test Accurancy: 0.1447
Averaged Test AUC: 0.5506
Std Test Accurancy: 0.1531
Std Test AUC: 0.1631
ASR : 0.02649376961182852
attack_auc : 0.36790355683566467
------------------------- time cost ------------------------- 12.784197807312012

-------------Round number: 3-------------

Evaluate personalized models
Averaged Train Loss: 67.7722
Averaged Test Accurancy: 0.1597
Averaged Test AUC: 0.5717
Std Test Accurancy: 0.1589
Std Test AUC: 0.1708
ASR : 0.02342329327271489
attack_auc : 0.5158431709729713
------------------------- time cost ------------------------- 12.837900876998901

-------------Round number: 4-------------

Evaluate personalized models
Averaged Train Loss: 45.9708
Averaged Test Accurancy: 0.1731
Averaged Test AUC: 0.5890
Std Test Accurancy: 0.1600
Std Test AUC: 0.1831
ASR : 0.027732437695450585
attack_auc : 0.41316996212043333
------------------------- time cost ------------------------- 14.295090198516846

-------------Round number: 5-------------

Evaluate personalized models
Averaged Train Loss: 29.7724
Averaged Test Accurancy: 0.1947
Averaged Test AUC: 0.6035
Std Test Accurancy: 0.1588
Std Test AUC: 0.1825
ASR : 0.029962894163544283
attack_auc : 0.5733376081061661
------------------------- time cost ------------------------- 13.29041838645935

-------------Round number: 6-------------

Evaluate personalized models
Averaged Train Loss: 26.8502
Averaged Test Accurancy: 0.2157
Averaged Test AUC: 0.6246
Std Test Accurancy: 0.1836
Std Test AUC: 0.1900
ASR : 0.03785566077354892
attack_auc : 0.5836484576840226
------------------------- time cost ------------------------- 13.029677391052246

-------------Round number: 7-------------

Evaluate personalized models
Averaged Train Loss: 21.5816
Averaged Test Accurancy: 0.2318
Averaged Test AUC: 0.6388
Std Test Accurancy: 0.1858
Std Test AUC: 0.2027
ASR : 0.035399835070362436
attack_auc : 0.38255509874150245
------------------------- time cost ------------------------- 13.860592126846313

-------------Round number: 8-------------

Evaluate personalized models
Averaged Train Loss: 15.6725
Averaged Test Accurancy: 0.2644
Averaged Test AUC: 0.6786
Std Test Accurancy: 0.1966
Std Test AUC: 0.1983
ASR : 0.044601718128136646
attack_auc : 0.44837788241864707
------------------------- time cost ------------------------- 13.253067970275879

-------------Round number: 9-------------

Evaluate personalized models
Averaged Train Loss: 15.9377
Averaged Test Accurancy: 0.2807
Averaged Test AUC: 0.6896
Std Test Accurancy: 0.1964
Std Test AUC: 0.1949
ASR : 0.05934878905262589
attack_auc : 0.5764865519635168
------------------------- time cost ------------------------- 13.22098422050476

-------------Round number: 10-------------

Evaluate personalized models
Averaged Train Loss: 13.3863
Averaged Test Accurancy: 0.2770
Averaged Test AUC: 0.6985
Std Test Accurancy: 0.1919
Std Test AUC: 0.1914
ASR : 0.05365932771801711
attack_auc : 0.5551030760772464
------------------------- time cost ------------------------- 12.912907361984253

-------------Round number: 11-------------

Evaluate personalized models
Averaged Train Loss: 11.0492
Averaged Test Accurancy: 0.2893
Averaged Test AUC: 0.7096
Std Test Accurancy: 0.1949
Std Test AUC: 0.1825
ASR : 0.05443214507785465
attack_auc : 0.5777774692164749
------------------------- time cost ------------------------- 13.625318050384521

-------------Round number: 12-------------

Evaluate personalized models
Averaged Train Loss: 5.8997
Averaged Test Accurancy: 0.3058
Averaged Test AUC: 0.7247
Std Test Accurancy: 0.1946
Std Test AUC: 0.1825
ASR : 0.05541826058536475
attack_auc : 0.5721707073902109
------------------------- time cost ------------------------- 12.882816791534424

-------------Round number: 13-------------

Evaluate personalized models
Averaged Train Loss: 6.8605
Averaged Test Accurancy: 0.3151
Averaged Test AUC: 0.7341
Std Test Accurancy: 0.1912
Std Test AUC: 0.1811
ASR : 0.05248814150974235
attack_auc : 0.5683416519847168
------------------------- time cost ------------------------- 12.968348979949951

-------------Round number: 14-------------

Evaluate personalized models
Averaged Train Loss: 5.7081
Averaged Test Accurancy: 0.3346
Averaged Test AUC: 0.7604
Std Test Accurancy: 0.1855
Std Test AUC: 0.1611
ASR : 0.04720245933524749
attack_auc : 0.5700429588408435
------------------------- time cost ------------------------- 13.52282977104187

-------------Round number: 15-------------

Evaluate personalized models
Averaged Train Loss: 5.6845
Averaged Test Accurancy: 0.3475
Averaged Test AUC: 0.7668
Std Test Accurancy: 0.1864
Std Test AUC: 0.1618
ASR : 0.059561764214516866
attack_auc : 0.5526566185070269
------------------------- time cost ------------------------- 13.975731611251831

-------------Round number: 16-------------

Evaluate personalized models
Averaged Train Loss: 4.6933
Averaged Test Accurancy: 0.3770
Averaged Test AUC: 0.7965
Std Test Accurancy: 0.1819
Std Test AUC: 0.1420
ASR : 0.045043376265740065
attack_auc : 0.5348654005503095
------------------------- time cost ------------------------- 13.349432229995728

-------------Round number: 17-------------

Evaluate personalized models
Averaged Train Loss: 4.8728
Averaged Test Accurancy: 0.3867
Averaged Test AUC: 0.8063
Std Test Accurancy: 0.1875
Std Test AUC: 0.1441
ASR : 0.04375718790662312
attack_auc : 0.5091758036299326
------------------------- time cost ------------------------- 13.376392126083374

-------------Round number: 18-------------

Evaluate personalized models
Averaged Train Loss: 5.7233
Averaged Test Accurancy: 0.4087
Averaged Test AUC: 0.8150
Std Test Accurancy: 0.1938
Std Test AUC: 0.1411
ASR : 0.044075992344306404
attack_auc : 0.5180043952181433
------------------------- time cost ------------------------- 13.405047178268433

-------------Round number: 19-------------

Evaluate personalized models
Averaged Train Loss: 4.9374
Averaged Test Accurancy: 0.4270
Averaged Test AUC: 0.8231
Std Test Accurancy: 0.1949
Std Test AUC: 0.1397
ASR : 0.04246725499787343
attack_auc : 0.5216129386394766
------------------------- time cost ------------------------- 13.2210533618927

-------------Round number: 20-------------

Evaluate personalized models
Averaged Train Loss: 3.6343
Averaged Test Accurancy: 0.4446
Averaged Test AUC: 0.8322
Std Test Accurancy: 0.1872
Std Test AUC: 0.1298
ASR : 0.06870315734494281
attack_auc : 0.5472638423274054
------------------------- time cost ------------------------- 13.200549125671387

-------------Round number: 21-------------

Evaluate personalized models
Averaged Train Loss: 3.3363
Averaged Test Accurancy: 0.4537
Averaged Test AUC: 0.8338
Std Test Accurancy: 0.1928
Std Test AUC: 0.1319
ASR : 0.04893233994130828
attack_auc : 0.5367252747565339
------------------------- time cost ------------------------- 13.720717906951904

-------------Round number: 22-------------

Evaluate personalized models
Averaged Train Loss: 3.3582
Averaged Test Accurancy: 0.4560
Averaged Test AUC: 0.8380
Std Test Accurancy: 0.1887
Std Test AUC: 0.1307
ASR : 0.046177283027559704
attack_auc : 0.5201639996194166
------------------------- time cost ------------------------- 13.687992095947266

-------------Round number: 23-------------

Evaluate personalized models
Averaged Train Loss: 2.9584
Averaged Test Accurancy: 0.4770
Averaged Test AUC: 0.8508
Std Test Accurancy: 0.1875
Std Test AUC: 0.1228
ASR : 0.045596070797243815
attack_auc : 0.5445191644941888
------------------------- time cost ------------------------- 13.623382806777954

-------------Round number: 24-------------

Evaluate personalized models
Averaged Train Loss: 3.2597
Averaged Test Accurancy: 0.4797
Averaged Test AUC: 0.8501
Std Test Accurancy: 0.1876
Std Test AUC: 0.1267
ASR : 0.044728736434368574
attack_auc : 0.5037146826439028
------------------------- time cost ------------------------- 13.468679428100586

-------------Round number: 25-------------

Evaluate personalized models
Averaged Train Loss: 2.4291
Averaged Test Accurancy: 0.4975
Averaged Test AUC: 0.8622
Std Test Accurancy: 0.1751
Std Test AUC: 0.1122
ASR : 0.043983489752783295
attack_auc : 0.5106195083100518
------------------------- time cost ------------------------- 13.966635704040527

-------------Round number: 26-------------

Evaluate personalized models
Averaged Train Loss: 2.3312
Averaged Test Accurancy: 0.5053
Averaged Test AUC: 0.8650
Std Test Accurancy: 0.1715
Std Test AUC: 0.1087
ASR : 0.04411180387841884
attack_auc : 0.5107260028722922
------------------------- time cost ------------------------- 11.19583010673523

-------------Round number: 27-------------

Evaluate personalized models
Averaged Train Loss: 2.2579
Averaged Test Accurancy: 0.5166
Averaged Test AUC: 0.8714
Std Test Accurancy: 0.1767
Std Test AUC: 0.1075
ASR : 0.05219750146246648
attack_auc : 0.5270646409860087
------------------------- time cost ------------------------- 11.249885559082031

-------------Round number: 28-------------

Evaluate personalized models
Averaged Train Loss: 2.2048
Averaged Test Accurancy: 0.5214
Averaged Test AUC: 0.8738
Std Test Accurancy: 0.1746
Std Test AUC: 0.1054
ASR : 0.046052203737666934
attack_auc : 0.5171426155326188
------------------------- time cost ------------------------- 10.985556840896606

-------------Round number: 29-------------

Evaluate personalized models
Averaged Train Loss: 2.1099
Averaged Test Accurancy: 0.5261
Averaged Test AUC: 0.8747
Std Test Accurancy: 0.1735
Std Test AUC: 0.1045
ASR : 0.059736630424525546
attack_auc : 0.5062312010512435
------------------------- time cost ------------------------- 11.0912766456604

-------------Round number: 30-------------

Evaluate personalized models
Averaged Train Loss: 1.9493
Averaged Test Accurancy: 0.5289
Averaged Test AUC: 0.8769
Std Test Accurancy: 0.1785
Std Test AUC: 0.1028
ASR : 0.08457600603768782
attack_auc : 0.4960580802173504
------------------------- time cost ------------------------- 10.942909002304077

-------------Round number: 31-------------

Evaluate personalized models
Averaged Train Loss: 1.8444
Averaged Test Accurancy: 0.5362
Averaged Test AUC: 0.8806
Std Test Accurancy: 0.1771
Std Test AUC: 0.1027
ASR : 0.0832300986074326
attack_auc : 0.5000998142769639
------------------------- time cost ------------------------- 10.791479110717773

-------------Round number: 32-------------

Evaluate personalized models
Averaged Train Loss: 1.6515
Averaged Test Accurancy: 0.5520
Averaged Test AUC: 0.8894
Std Test Accurancy: 0.1645
Std Test AUC: 0.0899
ASR : 0.04933355770585618
attack_auc : 0.5036227485577451
------------------------- time cost ------------------------- 10.818515539169312

-------------Round number: 33-------------

Evaluate personalized models
Averaged Train Loss: 1.6313
Averaged Test Accurancy: 0.5419
Averaged Test AUC: 0.8867
Std Test Accurancy: 0.1690
Std Test AUC: 0.0940
ASR : 0.06949824852850511
attack_auc : 0.46983657613613794
------------------------- time cost ------------------------- 11.070351123809814

-------------Round number: 34-------------

Evaluate personalized models
Averaged Train Loss: 1.6365
Averaged Test Accurancy: 0.5418
Averaged Test AUC: 0.8856
Std Test Accurancy: 0.1689
Std Test AUC: 0.0940
ASR : 0.0680029880969323
attack_auc : 0.4817347699356809
------------------------- time cost ------------------------- 11.017447471618652

-------------Round number: 35-------------

Evaluate personalized models
Averaged Train Loss: 1.5676
Averaged Test Accurancy: 0.5536
Averaged Test AUC: 0.8919
Std Test Accurancy: 0.1655
Std Test AUC: 0.0946
ASR : 0.06708965343398487
attack_auc : 0.4765946685125209
------------------------- time cost ------------------------- 11.003206014633179

-------------Round number: 36-------------

Evaluate personalized models
Averaged Train Loss: 1.6068
Averaged Test Accurancy: 0.5487
Averaged Test AUC: 0.8867
Std Test Accurancy: 0.1626
Std Test AUC: 0.0991
ASR : 0.06586355824886038
attack_auc : 0.4694031514674434
------------------------- time cost ------------------------- 11.298517227172852

-------------Round number: 37-------------

Evaluate personalized models
Averaged Train Loss: 1.5607
Averaged Test Accurancy: 0.5567
Averaged Test AUC: 0.8894
Std Test Accurancy: 0.1667
Std Test AUC: 0.0947
ASR : 0.06492000787607685
attack_auc : 0.46704733476789184
------------------------- time cost ------------------------- 10.728014707565308

-------------Round number: 38-------------

Evaluate personalized models
Averaged Train Loss: 1.4876
Averaged Test Accurancy: 0.5610
Averaged Test AUC: 0.8936
Std Test Accurancy: 0.1654
Std Test AUC: 0.0931
ASR : 0.03738581781141538
attack_auc : 0.48535689075373806
------------------------- time cost ------------------------- 11.29587435722351

-------------Round number: 39-------------

Evaluate personalized models
Averaged Train Loss: 1.5030
Averaged Test Accurancy: 0.5642
Averaged Test AUC: 0.8955
Std Test Accurancy: 0.1654
Std Test AUC: 0.0945
ASR : 0.03719172962347558
attack_auc : 0.4814469577907586
------------------------- time cost ------------------------- 10.885056257247925

-------------Round number: 40-------------

Evaluate personalized models
Averaged Train Loss: 1.5653
Averaged Test Accurancy: 0.5546
Averaged Test AUC: 0.8936
Std Test Accurancy: 0.1674
Std Test AUC: 0.0930
ASR : 0.036456319403970025
attack_auc : 0.4728134186127645
------------------------- time cost ------------------------- 10.821436166763306

-------------Round number: 41-------------

Evaluate personalized models
Averaged Train Loss: 1.2810
Averaged Test Accurancy: 0.5722
Averaged Test AUC: 0.9041
Std Test Accurancy: 0.1604
Std Test AUC: 0.0708
ASR : 0.03877885648136184
attack_auc : 0.47981516380598427
------------------------- time cost ------------------------- 10.685451984405518

-------------Round number: 42-------------

Evaluate personalized models
Averaged Train Loss: 1.3135
Averaged Test Accurancy: 0.5621
Averaged Test AUC: 0.8988
Std Test Accurancy: 0.1578
Std Test AUC: 0.0736
ASR : 0.028785553226271313
attack_auc : 0.457157201097703
------------------------- time cost ------------------------- 10.872475624084473

-------------Round number: 43-------------

Evaluate personalized models
Averaged Train Loss: 1.2824
Averaged Test Accurancy: 0.5624
Averaged Test AUC: 0.9001
Std Test Accurancy: 0.1632
Std Test AUC: 0.0730
ASR : 0.02868378417084051
attack_auc : 0.46923270293979624
------------------------- time cost ------------------------- 10.70175576210022

-------------Round number: 44-------------

Evaluate personalized models
Averaged Train Loss: 1.2853
Averaged Test Accurancy: 0.5548
Averaged Test AUC: 0.8976
Std Test Accurancy: 0.1640
Std Test AUC: 0.0742
ASR : 0.03953417731135727
attack_auc : 0.4808232145073972
------------------------- time cost ------------------------- 10.84303331375122

-------------Round number: 45-------------

Evaluate personalized models
Averaged Train Loss: 1.2449
Averaged Test Accurancy: 0.5701
Averaged Test AUC: 0.9036
Std Test Accurancy: 0.1588
Std Test AUC: 0.0695
ASR : 0.0389406363380471
attack_auc : 0.4844219071921486
------------------------- time cost ------------------------- 11.078518152236938

-------------Round number: 46-------------

Evaluate personalized models
Averaged Train Loss: 1.2865
Averaged Test Accurancy: 0.5543
Averaged Test AUC: 0.8985
Std Test Accurancy: 0.1617
Std Test AUC: 0.0740
ASR : 0.05108380078921305
attack_auc : 0.48631197407900006
------------------------- time cost ------------------------- 10.743772983551025

-------------Round number: 47-------------

Evaluate personalized models
Averaged Train Loss: 1.2576
Averaged Test Accurancy: 0.5727
Averaged Test AUC: 0.9025
Std Test Accurancy: 0.1582
Std Test AUC: 0.0720
ASR : 0.05080764672152999
attack_auc : 0.4916052518727717
------------------------- time cost ------------------------- 10.729489088058472

-------------Round number: 48-------------

Evaluate personalized models
Averaged Train Loss: 1.1907
Averaged Test Accurancy: 0.5858
Averaged Test AUC: 0.9082
Std Test Accurancy: 0.1527
Std Test AUC: 0.0687
ASR : 0.03716212667087313
attack_auc : 0.48091103350945574
------------------------- time cost ------------------------- 10.841580390930176

-------------Round number: 49-------------

Evaluate personalized models
Averaged Train Loss: 1.1661
Averaged Test Accurancy: 0.5992
Averaged Test AUC: 0.9135
Std Test Accurancy: 0.1518
Std Test AUC: 0.0648
ASR : 0.0556592440646185
attack_auc : 0.5095579847918004
------------------------- time cost ------------------------- 10.885499477386475

-------------Round number: 50-------------

Evaluate personalized models
Averaged Train Loss: 1.1620
Averaged Test Accurancy: 0.5933
Averaged Test AUC: 0.9111
Std Test Accurancy: 0.1522
Std Test AUC: 0.0675
ASR : 0.049573311107090845
attack_auc : 0.4801766405860237
------------------------- time cost ------------------------- 10.808724164962769

-------------Round number: 51-------------

Evaluate personalized models
Averaged Train Loss: 1.2577
Averaged Test Accurancy: 0.5626
Averaged Test AUC: 0.9010
Std Test Accurancy: 0.1562
Std Test AUC: 0.0689
ASR : 0.05132084637279965
attack_auc : 0.47968647366633577
------------------------- time cost ------------------------- 11.181343078613281

-------------Round number: 52-------------

Evaluate personalized models
Averaged Train Loss: 1.1624
Averaged Test Accurancy: 0.5933
Averaged Test AUC: 0.9106
Std Test Accurancy: 0.1543
Std Test AUC: 0.0680
ASR : 0.05050275068507182
attack_auc : 0.48082298851158173
------------------------- time cost ------------------------- 10.784529685974121

-------------Round number: 53-------------

Evaluate personalized models
Averaged Train Loss: 1.1733
Averaged Test Accurancy: 0.5915
Averaged Test AUC: 0.9100
Std Test Accurancy: 0.1522
Std Test AUC: 0.0664
ASR : 0.04732723351777516
attack_auc : 0.4803668551038451
------------------------- time cost ------------------------- 10.914548873901367

-------------Round number: 54-------------

Evaluate personalized models
Averaged Train Loss: 1.1115
Averaged Test Accurancy: 0.6065
Averaged Test AUC: 0.9154
Std Test Accurancy: 0.1479
Std Test AUC: 0.0642
ASR : 0.049134372910820345
attack_auc : 0.49274120049544534
------------------------- time cost ------------------------- 10.89088487625122

-------------Round number: 55-------------

Evaluate personalized models
Averaged Train Loss: 1.1109
Averaged Test Accurancy: 0.6057
Averaged Test AUC: 0.9154
Std Test Accurancy: 0.1484
Std Test AUC: 0.0640
ASR : 0.041663580233091656
attack_auc : 0.49376679497384046
------------------------- time cost ------------------------- 10.956714391708374

-------------Round number: 56-------------

Evaluate personalized models
Averaged Train Loss: 1.1170
Averaged Test Accurancy: 0.6042
Averaged Test AUC: 0.9139
Std Test Accurancy: 0.1486
Std Test AUC: 0.0655
ASR : 0.050012314138105925
attack_auc : 0.5056642450919886
------------------------- time cost ------------------------- 10.563070058822632

-------------Round number: 57-------------

Evaluate personalized models
Averaged Train Loss: 1.1100
Averaged Test Accurancy: 0.6099
Averaged Test AUC: 0.9158
Std Test Accurancy: 0.1532
Std Test AUC: 0.0658
ASR : 0.05395033404975533
attack_auc : 0.4915837769640901
------------------------- time cost ------------------------- 10.937434434890747

-------------Round number: 58-------------

Evaluate personalized models
Averaged Train Loss: 1.0768
Averaged Test Accurancy: 0.6181
Averaged Test AUC: 0.9188
Std Test Accurancy: 0.1513
Std Test AUC: 0.0615
ASR : 0.05469925941358943
attack_auc : 0.4955066480778992
------------------------- time cost ------------------------- 10.875345230102539

-------------Round number: 59-------------

Evaluate personalized models
Averaged Train Loss: 1.0899
Averaged Test Accurancy: 0.6188
Averaged Test AUC: 0.9183
Std Test Accurancy: 0.1544
Std Test AUC: 0.0626
ASR : 0.05907635644613223
attack_auc : 0.49734150044174913
------------------------- time cost ------------------------- 10.587304830551147

-------------Round number: 60-------------

Evaluate personalized models
Averaged Train Loss: 1.0738
Averaged Test Accurancy: 0.6209
Averaged Test AUC: 0.9196
Std Test Accurancy: 0.1537
Std Test AUC: 0.0613
ASR : 0.06088544101368664
attack_auc : 0.5014087337009974
------------------------- time cost ------------------------- 10.885655641555786

-------------Round number: 61-------------

Evaluate personalized models
Averaged Train Loss: 1.0667
Averaged Test Accurancy: 0.6281
Averaged Test AUC: 0.9218
Std Test Accurancy: 0.1519
Std Test AUC: 0.0612
ASR : 0.059768065221658735
attack_auc : 0.500745637017569
------------------------- time cost ------------------------- 10.863606452941895

-------------Round number: 62-------------

Evaluate personalized models
Averaged Train Loss: 1.0214
Averaged Test Accurancy: 0.6348
Averaged Test AUC: 0.9243
Std Test Accurancy: 0.1507
Std Test AUC: 0.0589
ASR : 0.051751328131795185
attack_auc : 0.49809785550173635
------------------------- time cost ------------------------- 10.464154958724976

-------------Round number: 63-------------

Evaluate personalized models
Averaged Train Loss: 1.0400
Averaged Test Accurancy: 0.6314
Averaged Test AUC: 0.9219
Std Test Accurancy: 0.1460
Std Test AUC: 0.0605
ASR : 0.04939034515871722
attack_auc : 0.48747876329267936
------------------------- time cost ------------------------- 10.759692192077637

-------------Round number: 64-------------

Evaluate personalized models
Averaged Train Loss: 1.0381
Averaged Test Accurancy: 0.6360
Averaged Test AUC: 0.9217
Std Test Accurancy: 0.1500
Std Test AUC: 0.0599
ASR : 0.059675447602504345
attack_auc : 0.5221896282319972
------------------------- time cost ------------------------- 10.712972164154053

-------------Round number: 65-------------

Evaluate personalized models
Averaged Train Loss: 1.0083
Averaged Test Accurancy: 0.6405
Averaged Test AUC: 0.9249
Std Test Accurancy: 0.1440
Std Test AUC: 0.0608
ASR : 0.05280151856236694
attack_auc : 0.49128035932721636
------------------------- time cost ------------------------- 10.938899040222168

-------------Round number: 66-------------

Evaluate personalized models
Averaged Train Loss: 0.9922
Averaged Test Accurancy: 0.6401
Averaged Test AUC: 0.9250
Std Test Accurancy: 0.1432
Std Test AUC: 0.0605
ASR : 0.05445118207420155
attack_auc : 0.4851023502426379
------------------------- time cost ------------------------- 10.988378763198853

-------------Round number: 67-------------

Evaluate personalized models
Averaged Train Loss: 1.0021
Averaged Test Accurancy: 0.6330
Averaged Test AUC: 0.9228
Std Test Accurancy: 0.1444
Std Test AUC: 0.0617
ASR : 0.04151380245200721
attack_auc : 0.4598817938123787
------------------------- time cost ------------------------- 10.747825622558594

-------------Round number: 68-------------

Evaluate personalized models
Averaged Train Loss: 0.9852
Averaged Test Accurancy: 0.6397
Averaged Test AUC: 0.9248
Std Test Accurancy: 0.1430
Std Test AUC: 0.0627
ASR : 0.05351820768486752
attack_auc : 0.4850007899142392
------------------------- time cost ------------------------- 10.549022436141968

-------------Round number: 69-------------

Evaluate personalized models
Averaged Train Loss: 0.9691
Averaged Test Accurancy: 0.6473
Averaged Test AUC: 0.9271
Std Test Accurancy: 0.1459
Std Test AUC: 0.0609
ASR : 0.059934557844460376
attack_auc : 0.5096418512981873
------------------------- time cost ------------------------- 10.355745792388916

-------------Round number: 70-------------

Evaluate personalized models
Averaged Train Loss: 0.9668
Averaged Test Accurancy: 0.6481
Averaged Test AUC: 0.9275
Std Test Accurancy: 0.1376
Std Test AUC: 0.0592
ASR : 0.038222354887772134
attack_auc : 0.4820590897580147
------------------------- time cost ------------------------- 10.669899225234985

-------------Round number: 71-------------

Evaluate personalized models
Averaged Train Loss: 0.9504
Averaged Test Accurancy: 0.6457
Averaged Test AUC: 0.9281
Std Test Accurancy: 0.1352
Std Test AUC: 0.0551
ASR : 0.03669106610524185
attack_auc : 0.4892742644954019
------------------------- time cost ------------------------- 10.840826034545898

-------------Round number: 72-------------

Evaluate personalized models
Averaged Train Loss: 0.9520
Averaged Test Accurancy: 0.6452
Averaged Test AUC: 0.9268
Std Test Accurancy: 0.1340
Std Test AUC: 0.0563
ASR : 0.03290905223347177
attack_auc : 0.4590428969428189
------------------------- time cost ------------------------- 10.899415969848633

-------------Round number: 73-------------

Evaluate personalized models
Averaged Train Loss: 0.8689
Averaged Test Accurancy: 0.6539
Averaged Test AUC: 0.9324
Std Test Accurancy: 0.1226
Std Test AUC: 0.0374
ASR : 0.03910584899664122
attack_auc : 0.48176682791660025
------------------------- time cost ------------------------- 10.730310440063477

-------------Round number: 74-------------

Evaluate personalized models
Averaged Train Loss: 0.8586
Averaged Test Accurancy: 0.6587
Averaged Test AUC: 0.9341
Std Test Accurancy: 0.1225
Std Test AUC: 0.0357
ASR : 0.039802078589469
attack_auc : 0.48795613592265574
------------------------- time cost ------------------------- 10.60010313987732

-------------Round number: 75-------------

Evaluate personalized models
Averaged Train Loss: 0.8466
Averaged Test Accurancy: 0.6628
Averaged Test AUC: 0.9345
Std Test Accurancy: 0.1214
Std Test AUC: 0.0319
ASR : 0.04449594785870557
attack_auc : 0.499967177294738
------------------------- time cost ------------------------- 10.52506422996521

-------------Round number: 76-------------

Evaluate personalized models
Averaged Train Loss: 0.8419
Averaged Test Accurancy: 0.6620
Averaged Test AUC: 0.9339
Std Test Accurancy: 0.1142
Std Test AUC: 0.0297
ASR : 0.04207783450132838
attack_auc : 0.4924205664554443
------------------------- time cost ------------------------- 10.88695740699768

-------------Round number: 77-------------

Evaluate personalized models
Averaged Train Loss: 0.8193
Averaged Test Accurancy: 0.6674
Averaged Test AUC: 0.9368
Std Test Accurancy: 0.1147
Std Test AUC: 0.0298
ASR : 0.04598707251938094
attack_auc : 0.5014430064764882
------------------------- time cost ------------------------- 10.741274118423462

-------------Round number: 78-------------

Evaluate personalized models
Averaged Train Loss: 0.8479
Averaged Test Accurancy: 0.6572
Averaged Test AUC: 0.9339
Std Test Accurancy: 0.1210
Std Test AUC: 0.0337
ASR : 0.038977149212091916
attack_auc : 0.49087300226234565
------------------------- time cost ------------------------- 11.084299325942993

-------------Round number: 79-------------

Evaluate personalized models
Averaged Train Loss: 0.8470
Averaged Test Accurancy: 0.6591
Averaged Test AUC: 0.9351
Std Test Accurancy: 0.1204
Std Test AUC: 0.0343
ASR : 0.03429727295940185
attack_auc : 0.48377743497646397
------------------------- time cost ------------------------- 10.597335577011108

-------------Round number: 80-------------

Evaluate personalized models
Averaged Train Loss: 0.8228
Averaged Test Accurancy: 0.6696
Averaged Test AUC: 0.9369
Std Test Accurancy: 0.1217
Std Test AUC: 0.0343
ASR : 0.03820481518551072
attack_auc : 0.4909709408044731
------------------------- time cost ------------------------- 10.843139410018921

-------------Round number: 81-------------

Evaluate personalized models
Averaged Train Loss: 0.8343
Averaged Test Accurancy: 0.6662
Averaged Test AUC: 0.9368
Std Test Accurancy: 0.1260
Std Test AUC: 0.0344
ASR : 0.0370828656304738
attack_auc : 0.49027210969341184
------------------------- time cost ------------------------- 10.954556703567505

-------------Round number: 82-------------

Evaluate personalized models
Averaged Train Loss: 0.8304
Averaged Test Accurancy: 0.6682
Averaged Test AUC: 0.9371
Std Test Accurancy: 0.1203
Std Test AUC: 0.0345
ASR : 0.04198025222239208
attack_auc : 0.495889624986579
------------------------- time cost ------------------------- 10.727349042892456

-------------Round number: 83-------------

Evaluate personalized models
Averaged Train Loss: 0.8045
Averaged Test Accurancy: 0.6716
Averaged Test AUC: 0.9393
Std Test Accurancy: 0.1272
Std Test AUC: 0.0293
ASR : 0.04913720782887701
attack_auc : 0.529463795023986
------------------------- time cost ------------------------- 10.773447036743164

-------------Round number: 84-------------

Evaluate personalized models
Averaged Train Loss: 0.7942
Averaged Test Accurancy: 0.6730
Averaged Test AUC: 0.9395
Std Test Accurancy: 0.1236
Std Test AUC: 0.0310
ASR : 0.04602229441562393
attack_auc : 0.509783325824229
------------------------- time cost ------------------------- 10.805848360061646

-------------Round number: 85-------------

Evaluate personalized models
Averaged Train Loss: 0.8020
Averaged Test Accurancy: 0.6759
Averaged Test AUC: 0.9398
Std Test Accurancy: 0.1255
Std Test AUC: 0.0334
ASR : 0.03218380739939684
attack_auc : 0.4797607276533151
------------------------- time cost ------------------------- 10.77519679069519

-------------Round number: 86-------------

Evaluate personalized models
Averaged Train Loss: 0.7923
Averaged Test Accurancy: 0.6785
Averaged Test AUC: 0.9398
Std Test Accurancy: 0.1216
Std Test AUC: 0.0333
ASR : 0.033062668363521334
attack_auc : 0.48608158665896556
------------------------- time cost ------------------------- 10.684926986694336

-------------Round number: 87-------------

Evaluate personalized models
Averaged Train Loss: 0.7544
Averaged Test Accurancy: 0.6923
Averaged Test AUC: 0.9430
Std Test Accurancy: 0.1110
Std Test AUC: 0.0275
ASR : 0.03347596283120784
attack_auc : 0.5022867349715123
------------------------- time cost ------------------------- 10.866607189178467

-------------Round number: 88-------------

Evaluate personalized models
Averaged Train Loss: 0.7940
Averaged Test Accurancy: 0.6810
Averaged Test AUC: 0.9397
Std Test Accurancy: 0.1141
Std Test AUC: 0.0314
ASR : 0.030605822041557387
attack_auc : 0.47711582259212265
------------------------- time cost ------------------------- 10.70021104812622

-------------Round number: 89-------------

Evaluate personalized models
Averaged Train Loss: 0.8097
Averaged Test Accurancy: 0.6763
Averaged Test AUC: 0.9380
Std Test Accurancy: 0.1163
Std Test AUC: 0.0326
ASR : 0.03289791488486405
attack_auc : 0.46844876808304614
------------------------- time cost ------------------------- 10.94957423210144

-------------Round number: 90-------------

Evaluate personalized models
Averaged Train Loss: 0.7745
Averaged Test Accurancy: 0.6819
Averaged Test AUC: 0.9408
Std Test Accurancy: 0.1306
Std Test AUC: 0.0308
ASR : 0.03663310343444466
attack_auc : 0.4893593294556334
------------------------- time cost ------------------------- 10.988361835479736

-------------Round number: 91-------------

Evaluate personalized models
Averaged Train Loss: 0.7681
Averaged Test Accurancy: 0.6798
Averaged Test AUC: 0.9402
Std Test Accurancy: 0.1318
Std Test AUC: 0.0313
ASR : 0.03994588410820069
attack_auc : 0.513450303160352
------------------------- time cost ------------------------- 10.754827976226807

-------------Round number: 92-------------

Evaluate personalized models
Averaged Train Loss: 0.7593
Averaged Test Accurancy: 0.6854
Averaged Test AUC: 0.9417
Std Test Accurancy: 0.1287
Std Test AUC: 0.0326
ASR : 0.029804184614969666
attack_auc : 0.47842523492426675
------------------------- time cost ------------------------- 10.667297124862671

-------------Round number: 93-------------

Evaluate personalized models
Averaged Train Loss: 0.7803
Averaged Test Accurancy: 0.6821
Averaged Test AUC: 0.9391
Std Test Accurancy: 0.1195
Std Test AUC: 0.0335
ASR : 0.03487417709896378
attack_auc : 0.48627844494396416
------------------------- time cost ------------------------- 10.684394836425781

-------------Round number: 94-------------

Evaluate personalized models
Averaged Train Loss: 0.7851
Averaged Test Accurancy: 0.6797
Averaged Test AUC: 0.9385
Std Test Accurancy: 0.1194
Std Test AUC: 0.0346
ASR : 0.03594262350968367
attack_auc : 0.48225274046630234
------------------------- time cost ------------------------- 10.850698471069336

-------------Round number: 95-------------

Evaluate personalized models
Averaged Train Loss: 0.7470
Averaged Test Accurancy: 0.6881
Averaged Test AUC: 0.9406
Std Test Accurancy: 0.1204
Std Test AUC: 0.0339
ASR : 0.0453219123037429
attack_auc : 0.49917138005530154
------------------------- time cost ------------------------- 10.54098629951477

-------------Round number: 96-------------

Evaluate personalized models
Averaged Train Loss: 0.7396
Averaged Test Accurancy: 0.6879
Averaged Test AUC: 0.9404
Std Test Accurancy: 0.1223
Std Test AUC: 0.0337
ASR : 0.04839086280798333
attack_auc : 0.5074370796995753
------------------------- time cost ------------------------- 10.49156904220581

-------------Round number: 97-------------

Evaluate personalized models
Averaged Train Loss: 0.7339
Averaged Test Accurancy: 0.6912
Averaged Test AUC: 0.9417
Std Test Accurancy: 0.1266
Std Test AUC: 0.0337
ASR : 0.052307506769659194
attack_auc : 0.5291528498997218
------------------------- time cost ------------------------- 10.78842806816101

-------------Round number: 98-------------

Evaluate personalized models
Averaged Train Loss: 0.7199
Averaged Test Accurancy: 0.6942
Averaged Test AUC: 0.9421
Std Test Accurancy: 0.1280
Std Test AUC: 0.0315
ASR : 0.061782064878439964
attack_auc : 0.5411299524040089
------------------------- time cost ------------------------- 11.076719522476196

-------------Round number: 99-------------

Evaluate personalized models
Averaged Train Loss: 0.7167
Averaged Test Accurancy: 0.6904
Averaged Test AUC: 0.9427
Std Test Accurancy: 0.1316
Std Test AUC: 0.0323
ASR : 0.061622696866697343
attack_auc : 0.5586243586686374
------------------------- time cost ------------------------- 10.66208791732788

-------------Round number: 100-------------

Evaluate personalized models
Averaged Train Loss: 0.7146
Averaged Test Accurancy: 0.6889
Averaged Test AUC: 0.9421
Std Test Accurancy: 0.1307
Std Test AUC: 0.0301
ASR : 0.062218763258107074
attack_auc : 0.5433373917244714
------------------------- time cost ------------------------- 10.8312406539917

-------------Round number: 101-------------

Evaluate personalized models
Averaged Train Loss: 0.6927
Averaged Test Accurancy: 0.6922
Averaged Test AUC: 0.9439
Std Test Accurancy: 0.1318
Std Test AUC: 0.0291
ASR : 0.0551658900468743
attack_auc : 0.5483194706615824
------------------------- time cost ------------------------- 10.744136810302734

-------------Round number: 102-------------

Evaluate personalized models
Averaged Train Loss: 0.7003
Averaged Test Accurancy: 0.6903
Averaged Test AUC: 0.9425
Std Test Accurancy: 0.1316
Std Test AUC: 0.0314
ASR : 0.0555343432466901
attack_auc : 0.5481741080930773
------------------------- time cost ------------------------- 10.766371011734009

-------------Round number: 103-------------

Evaluate personalized models
Averaged Train Loss: 0.7192
Averaged Test Accurancy: 0.6875
Averaged Test AUC: 0.9409
Std Test Accurancy: 0.1288
Std Test AUC: 0.0326
ASR : 0.059927310228448966
attack_auc : 0.5570289882510875
------------------------- time cost ------------------------- 10.60795259475708

-------------Round number: 104-------------

Evaluate personalized models
Averaged Train Loss: 0.7090
Averaged Test Accurancy: 0.6887
Averaged Test AUC: 0.9415
Std Test Accurancy: 0.1255
Std Test AUC: 0.0323
ASR : 0.08118840955975208
attack_auc : 0.5869096603605075
------------------------- time cost ------------------------- 10.718623638153076

-------------Round number: 105-------------

Evaluate personalized models
Averaged Train Loss: 0.6969
Averaged Test Accurancy: 0.6918
Averaged Test AUC: 0.9429
Std Test Accurancy: 0.1272
Std Test AUC: 0.0297
ASR : 0.08960698611436996
attack_auc : 0.6216690711817694
------------------------- time cost ------------------------- 10.734582901000977

-------------Round number: 106-------------

Evaluate personalized models
Averaged Train Loss: 0.6560
Averaged Test Accurancy: 0.7077
Averaged Test AUC: 0.9474
Std Test Accurancy: 0.1085
Std Test AUC: 0.0239
ASR : 0.09339162898621987
attack_auc : 0.6272598805559721
------------------------- time cost ------------------------- 10.683608770370483

-------------Round number: 107-------------

Evaluate personalized models
Averaged Train Loss: 0.6635
Averaged Test Accurancy: 0.7059
Averaged Test AUC: 0.9460
Std Test Accurancy: 0.1044
Std Test AUC: 0.0258
ASR : 0.08825761426717374
attack_auc : 0.6131375836630948
------------------------- time cost ------------------------- 10.759355306625366

-------------Round number: 108-------------

Evaluate personalized models
Averaged Train Loss: 0.6788
Averaged Test Accurancy: 0.7004
Averaged Test AUC: 0.9441
Std Test Accurancy: 0.1023
Std Test AUC: 0.0268
ASR : 0.1045017057045966
attack_auc : 0.6190640262139427
------------------------- time cost ------------------------- 10.628111362457275

-------------Round number: 109-------------

Evaluate personalized models
Averaged Train Loss: 0.6900
Averaged Test Accurancy: 0.6998
Averaged Test AUC: 0.9433
Std Test Accurancy: 0.1044
Std Test AUC: 0.0260
ASR : 0.14968622570141085
attack_auc : 0.6672322445906771
------------------------- time cost ------------------------- 10.514155626296997

-------------Round number: 110-------------

Evaluate personalized models
Averaged Train Loss: 0.6483
Averaged Test Accurancy: 0.7079
Averaged Test AUC: 0.9463
Std Test Accurancy: 0.0994
Std Test AUC: 0.0234
ASR : 0.14680350005406614
attack_auc : 0.6851158939754403
------------------------- time cost ------------------------- 10.725251913070679

-------------Round number: 111-------------

Evaluate personalized models
Averaged Train Loss: 0.6453
Averaged Test Accurancy: 0.7128
Averaged Test AUC: 0.9470
Std Test Accurancy: 0.0971
Std Test AUC: 0.0242
ASR : 0.1707156349153597
attack_auc : 0.7086188356885647
------------------------- time cost ------------------------- 10.953879594802856

-------------Round number: 112-------------

Evaluate personalized models
Averaged Train Loss: 0.6380
Averaged Test Accurancy: 0.7103
Averaged Test AUC: 0.9477
Std Test Accurancy: 0.0996
Std Test AUC: 0.0237
ASR : 0.1783276819132987
attack_auc : 0.7115795728258139
------------------------- time cost ------------------------- 10.879038572311401

-------------Round number: 113-------------

Evaluate personalized models
Averaged Train Loss: 0.6632
Averaged Test Accurancy: 0.7017
Averaged Test AUC: 0.9453
Std Test Accurancy: 0.1019
Std Test AUC: 0.0258
ASR : 0.18933975905159042
attack_auc : 0.7092555363129097
------------------------- time cost ------------------------- 10.592275142669678

-------------Round number: 114-------------

Evaluate personalized models
Averaged Train Loss: 0.6124
Averaged Test Accurancy: 0.7145
Averaged Test AUC: 0.9491
Std Test Accurancy: 0.0990
Std Test AUC: 0.0231
ASR : 0.17005015335628754
attack_auc : 0.7005297451201794
------------------------- time cost ------------------------- 10.654680967330933

-------------Round number: 115-------------

Evaluate personalized models
Averaged Train Loss: 0.6064
Averaged Test Accurancy: 0.7140
Averaged Test AUC: 0.9489
Std Test Accurancy: 0.0962
Std Test AUC: 0.0229
ASR : 0.18081162204141338
attack_auc : 0.7150951510219762
------------------------- time cost ------------------------- 10.52075743675232

-------------Round number: 116-------------

Evaluate personalized models
Averaged Train Loss: 0.6050
Averaged Test Accurancy: 0.7184
Averaged Test AUC: 0.9494
Std Test Accurancy: 0.0936
Std Test AUC: 0.0223
ASR : 0.18412159804749118
attack_auc : 0.7201640520407248
------------------------- time cost ------------------------- 10.633249759674072

-------------Round number: 117-------------

Evaluate personalized models
Averaged Train Loss: 0.5995
Averaged Test Accurancy: 0.7180
Averaged Test AUC: 0.9498
Std Test Accurancy: 0.0935
Std Test AUC: 0.0214
ASR : 0.17713748478128713
attack_auc : 0.7141468267313251
------------------------- time cost ------------------------- 10.734408855438232

-------------Round number: 118-------------

Evaluate personalized models
Averaged Train Loss: 0.6424
Averaged Test Accurancy: 0.7095
Averaged Test AUC: 0.9474
Std Test Accurancy: 0.0961
Std Test AUC: 0.0232
ASR : 0.15616663679059764
attack_auc : 0.6862803214755856
------------------------- time cost ------------------------- 10.993571996688843

-------------Round number: 119-------------

Evaluate personalized models
Averaged Train Loss: 0.6329
Averaged Test Accurancy: 0.7105
Averaged Test AUC: 0.9473
Std Test Accurancy: 0.0985
Std Test AUC: 0.0236
ASR : 0.18861964165278178
attack_auc : 0.7140052829688961
------------------------- time cost ------------------------- 10.85305666923523

-------------Round number: 120-------------

Evaluate personalized models
Averaged Train Loss: 0.6404
Averaged Test Accurancy: 0.7065
Averaged Test AUC: 0.9468
Std Test Accurancy: 0.1051
Std Test AUC: 0.0255
ASR : 0.2711326492456902
attack_auc : 0.7660813921689174
------------------------- time cost ------------------------- 10.749732971191406

-------------Round number: 121-------------

Evaluate personalized models
Averaged Train Loss: 0.6115
Averaged Test Accurancy: 0.7135
Averaged Test AUC: 0.9479
Std Test Accurancy: 0.1003
Std Test AUC: 0.0230
ASR : 0.24383930395564696
attack_auc : 0.7578335373631819
------------------------- time cost ------------------------- 10.82201623916626

-------------Round number: 122-------------

Evaluate personalized models
Averaged Train Loss: 0.6119
Averaged Test Accurancy: 0.7132
Averaged Test AUC: 0.9488
Std Test Accurancy: 0.1023
Std Test AUC: 0.0233
ASR : 0.2092076599595401
attack_auc : 0.7433613085654692
------------------------- time cost ------------------------- 10.531443357467651

-------------Round number: 123-------------

Evaluate personalized models
Averaged Train Loss: 0.6019
Averaged Test Accurancy: 0.7177
Averaged Test AUC: 0.9490
Std Test Accurancy: 0.1013
Std Test AUC: 0.0226
ASR : 0.1922980971936643
attack_auc : 0.7322377751135863
------------------------- time cost ------------------------- 10.755239248275757

-------------Round number: 124-------------

Evaluate personalized models
Averaged Train Loss: 0.5614
Averaged Test Accurancy: 0.7255
Averaged Test AUC: 0.9508
Std Test Accurancy: 0.0981
Std Test AUC: 0.0227
ASR : 0.19734136623736542
attack_auc : 0.7372022132851607
------------------------- time cost ------------------------- 10.506503582000732

-------------Round number: 125-------------

Evaluate personalized models
Averaged Train Loss: 0.5514
Averaged Test Accurancy: 0.7258
Averaged Test AUC: 0.9513
Std Test Accurancy: 0.0992
Std Test AUC: 0.0231
ASR : 0.20759562467362766
attack_auc : 0.7320059978263981
------------------------- time cost ------------------------- 10.720479965209961

-------------Round number: 126-------------

Evaluate personalized models
Averaged Train Loss: 0.5553
Averaged Test Accurancy: 0.7228
Averaged Test AUC: 0.9506
Std Test Accurancy: 0.1005
Std Test AUC: 0.0244
ASR : 0.2503491450915871
attack_auc : 0.7522691546736512
------------------------- time cost ------------------------- 10.653244256973267

-------------Round number: 127-------------

Evaluate personalized models
Averaged Train Loss: 0.5618
Averaged Test Accurancy: 0.7200
Averaged Test AUC: 0.9496
Std Test Accurancy: 0.1079
Std Test AUC: 0.0248
ASR : 0.22643480142471176
attack_auc : 0.7429896164013386
------------------------- time cost ------------------------- 10.907362699508667

-------------Round number: 128-------------

Evaluate personalized models
Averaged Train Loss: 0.5401
Averaged Test Accurancy: 0.7296
Averaged Test AUC: 0.9511
Std Test Accurancy: 0.1018
Std Test AUC: 0.0239
ASR : 0.20348710923904917
attack_auc : 0.7277676004091646
------------------------- time cost ------------------------- 10.543674230575562

-------------Round number: 129-------------

Evaluate personalized models
Averaged Train Loss: 0.5369
Averaged Test Accurancy: 0.7282
Averaged Test AUC: 0.9513
Std Test Accurancy: 0.0991
Std Test AUC: 0.0236
ASR : 0.22858997549786939
attack_auc : 0.7484177270879037
------------------------- time cost ------------------------- 10.549100637435913

-------------Round number: 130-------------

Evaluate personalized models
Averaged Train Loss: 0.5607
Averaged Test Accurancy: 0.7262
Averaged Test AUC: 0.9502
Std Test Accurancy: 0.1006
Std Test AUC: 0.0256
ASR : 0.23329521056717337
attack_auc : 0.7413348287736612
------------------------- time cost ------------------------- 10.684685468673706

-------------Round number: 131-------------

Evaluate personalized models
Averaged Train Loss: 0.5297
Averaged Test Accurancy: 0.7315
Averaged Test AUC: 0.9525
Std Test Accurancy: 0.0995
Std Test AUC: 0.0221
ASR : 0.22622917063684014
attack_auc : 0.7423760922305154
------------------------- time cost ------------------------- 10.822128534317017

-------------Round number: 132-------------

Evaluate personalized models
Averaged Train Loss: 0.5449
Averaged Test Accurancy: 0.7305
Averaged Test AUC: 0.9516
Std Test Accurancy: 0.1010
Std Test AUC: 0.0238
ASR : 0.21073720816096844
attack_auc : 0.730079352054842
------------------------- time cost ------------------------- 10.593816041946411

-------------Round number: 133-------------

Evaluate personalized models
Averaged Train Loss: 0.5664
Averaged Test Accurancy: 0.7211
Averaged Test AUC: 0.9499
Std Test Accurancy: 0.1005
Std Test AUC: 0.0242
ASR : 0.19226342208874256
attack_auc : 0.7145720993985131
------------------------- time cost ------------------------- 10.435705184936523

-------------Round number: 134-------------

Evaluate personalized models
Averaged Train Loss: 0.5613
Averaged Test Accurancy: 0.7211
Averaged Test AUC: 0.9489
Std Test Accurancy: 0.0972
Std Test AUC: 0.0232
ASR : 0.20331999744946236
attack_auc : 0.7404349788106769
------------------------- time cost ------------------------- 10.615527868270874

-------------Round number: 135-------------

Evaluate personalized models
Averaged Train Loss: 0.5319
Averaged Test Accurancy: 0.7301
Averaged Test AUC: 0.9524
Std Test Accurancy: 0.0975
Std Test AUC: 0.0230
ASR : 0.21046470422789085
attack_auc : 0.7458802679868561
------------------------- time cost ------------------------- 10.467863082885742

-------------Round number: 136-------------

Evaluate personalized models
Averaged Train Loss: 0.5092
Averaged Test Accurancy: 0.7389
Averaged Test AUC: 0.9533
Std Test Accurancy: 0.0942
Std Test AUC: 0.0220
ASR : 0.2032261213598872
attack_auc : 0.7384707147002062
------------------------- time cost ------------------------- 10.401293516159058

-------------Round number: 137-------------

Evaluate personalized models
Averaged Train Loss: 0.5228
Averaged Test Accurancy: 0.7302
Averaged Test AUC: 0.9525
Std Test Accurancy: 0.0957
Std Test AUC: 0.0235
ASR : 0.1904376955539158
attack_auc : 0.7268022741129185
------------------------- time cost ------------------------- 10.524305820465088

-------------Round number: 138-------------

Evaluate personalized models
Averaged Train Loss: 0.5117
Averaged Test Accurancy: 0.7333
Averaged Test AUC: 0.9540
Std Test Accurancy: 0.0951
Std Test AUC: 0.0209
ASR : 0.17910159318308821
attack_auc : 0.7273306230951467
------------------------- time cost ------------------------- 10.647285223007202

-------------Round number: 139-------------

Evaluate personalized models
Averaged Train Loss: 0.5323
Averaged Test Accurancy: 0.7261
Averaged Test AUC: 0.9517
Std Test Accurancy: 0.0953
Std Test AUC: 0.0240
ASR : 0.1928853253641946
attack_auc : 0.7299824129299666
------------------------- time cost ------------------------- 10.587938785552979

-------------Round number: 140-------------

Evaluate personalized models
Averaged Train Loss: 0.5364
Averaged Test Accurancy: 0.7249
Averaged Test AUC: 0.9517
Std Test Accurancy: 0.0984
Std Test AUC: 0.0225
ASR : 0.19893539343284167
attack_auc : 0.7435795144628885
------------------------- time cost ------------------------- 10.766713857650757

-------------Round number: 141-------------

Evaluate personalized models
Averaged Train Loss: 0.5069
Averaged Test Accurancy: 0.7325
Averaged Test AUC: 0.9531
Std Test Accurancy: 0.0950
Std Test AUC: 0.0230
ASR : 0.20880640640399212
attack_auc : 0.7435977569336473
------------------------- time cost ------------------------- 10.613413572311401

-------------Round number: 142-------------

Evaluate personalized models
Averaged Train Loss: 0.5182
Averaged Test Accurancy: 0.7319
Averaged Test AUC: 0.9524
Std Test Accurancy: 0.0944
Std Test AUC: 0.0247
ASR : 0.2129716773591165
attack_auc : 0.7432073116541437
------------------------- time cost ------------------------- 10.920895338058472

-------------Round number: 143-------------

Evaluate personalized models
Averaged Train Loss: 0.4904
Averaged Test Accurancy: 0.7348
Averaged Test AUC: 0.9550
Std Test Accurancy: 0.0953
Std Test AUC: 0.0218
ASR : 0.21702821022832935
attack_auc : 0.7513471001194072
------------------------- time cost ------------------------- 10.545556783676147

-------------Round number: 144-------------

Evaluate personalized models
Averaged Train Loss: 0.4729
Averaged Test Accurancy: 0.7402
Averaged Test AUC: 0.9553
Std Test Accurancy: 0.0967
Std Test AUC: 0.0216
ASR : 0.23324164651017507
attack_auc : 0.7601803907945429
------------------------- time cost ------------------------- 10.320122003555298

-------------Round number: 145-------------

Evaluate personalized models
Averaged Train Loss: 0.4978
Averaged Test Accurancy: 0.7322
Averaged Test AUC: 0.9529
Std Test Accurancy: 0.0937
Std Test AUC: 0.0227
ASR : 0.2509322012816343
attack_auc : 0.7719333194626725
------------------------- time cost ------------------------- 10.716120719909668

-------------Round number: 146-------------

Evaluate personalized models
Averaged Train Loss: 0.5039
Averaged Test Accurancy: 0.7324
Averaged Test AUC: 0.9525
Std Test Accurancy: 0.0926
Std Test AUC: 0.0225
ASR : 0.2145099672039205
attack_auc : 0.7358295081280706
------------------------- time cost ------------------------- 10.60397744178772

-------------Round number: 147-------------

Evaluate personalized models
Averaged Train Loss: 0.5421
Averaged Test Accurancy: 0.7166
Averaged Test AUC: 0.9476
Std Test Accurancy: 0.0953
Std Test AUC: 0.0255
ASR : 0.242756004918298
attack_auc : 0.7525026228549018
------------------------- time cost ------------------------- 10.826329708099365

-------------Round number: 148-------------

Evaluate personalized models
Averaged Train Loss: 0.4858
Averaged Test Accurancy: 0.7316
Averaged Test AUC: 0.9528
Std Test Accurancy: 0.0979
Std Test AUC: 0.0227
ASR : 0.26641597067288664
attack_auc : 0.7745989692776821
------------------------- time cost ------------------------- 10.627388000488281

-------------Round number: 149-------------

Evaluate personalized models
Averaged Train Loss: 0.5151
Averaged Test Accurancy: 0.7256
Averaged Test AUC: 0.9512
Std Test Accurancy: 0.0963
Std Test AUC: 0.0243
ASR : 0.24590495247926705
attack_auc : 0.7507962073476739
------------------------- time cost ------------------------- 10.239899635314941

-------------Round number: 150-------------

Evaluate personalized models
Averaged Train Loss: 0.4746
Averaged Test Accurancy: 0.7379
Averaged Test AUC: 0.9538
Std Test Accurancy: 0.0924
Std Test AUC: 0.0216
ASR : 0.3118380152561775
attack_auc : 0.7985442887797723
------------------------- time cost ------------------------- 10.488877534866333

-------------Round number: 151-------------

Evaluate personalized models
Averaged Train Loss: 0.4460
Averaged Test Accurancy: 0.7478
Averaged Test AUC: 0.9556
Std Test Accurancy: 0.0901
Std Test AUC: 0.0212
ASR : 0.3033734028229987
attack_auc : 0.8002017076487334
------------------------- time cost ------------------------- 10.762393951416016

-------------Round number: 152-------------

Evaluate personalized models
Averaged Train Loss: 0.4299
Averaged Test Accurancy: 0.7473
Averaged Test AUC: 0.9559
Std Test Accurancy: 0.0900
Std Test AUC: 0.0206
ASR : 0.29862823378486447
attack_auc : 0.7989667419143213
------------------------- time cost ------------------------- 10.485329151153564

-------------Round number: 153-------------

Evaluate personalized models
Averaged Train Loss: 0.4282
Averaged Test Accurancy: 0.7498
Averaged Test AUC: 0.9568
Std Test Accurancy: 0.0892
Std Test AUC: 0.0199
ASR : 0.3012475280607398
attack_auc : 0.7996507168299901
------------------------- time cost ------------------------- 10.882501125335693

-------------Round number: 154-------------

Evaluate personalized models
Averaged Train Loss: 0.4490
Averaged Test Accurancy: 0.7443
Averaged Test AUC: 0.9551
Std Test Accurancy: 0.0960
Std Test AUC: 0.0220
ASR : 0.37169007981914187
attack_auc : 0.8267593867868205
------------------------- time cost ------------------------- 10.433973789215088

-------------Round number: 155-------------

Evaluate personalized models
Averaged Train Loss: 0.4304
Averaged Test Accurancy: 0.7462
Averaged Test AUC: 0.9554
Std Test Accurancy: 0.0926
Std Test AUC: 0.0218
ASR : 0.3297580383740605
attack_auc : 0.8076534650877991
------------------------- time cost ------------------------- 10.637614965438843

-------------Round number: 156-------------

Evaluate personalized models
Averaged Train Loss: 0.4204
Averaged Test Accurancy: 0.7445
Averaged Test AUC: 0.9553
Std Test Accurancy: 0.0924
Std Test AUC: 0.0211
ASR : 0.3184643824672363
attack_auc : 0.8078160512208359
------------------------- time cost ------------------------- 10.398428916931152

-------------Round number: 157-------------

Evaluate personalized models
Averaged Train Loss: 0.4191
Averaged Test Accurancy: 0.7428
Averaged Test AUC: 0.9548
Std Test Accurancy: 0.0972
Std Test AUC: 0.0220
ASR : 0.34159512043262996
attack_auc : 0.815242025170104
------------------------- time cost ------------------------- 10.327395677566528

-------------Round number: 158-------------

Evaluate personalized models
Averaged Train Loss: 0.4313
Averaged Test Accurancy: 0.7410
Averaged Test AUC: 0.9542
Std Test Accurancy: 0.0986
Std Test AUC: 0.0235
ASR : 0.3516475194479112
attack_auc : 0.8226860114118763
------------------------- time cost ------------------------- 10.709300994873047

-------------Round number: 159-------------

Evaluate personalized models
Averaged Train Loss: 0.4266
Averaged Test Accurancy: 0.7449
Averaged Test AUC: 0.9552
Std Test Accurancy: 0.0948
Std Test AUC: 0.0236
ASR : 0.33370498452008474
attack_auc : 0.8133468116372118
------------------------- time cost ------------------------- 10.651450634002686

-------------Round number: 160-------------

Evaluate personalized models
Averaged Train Loss: 0.4224
Averaged Test Accurancy: 0.7447
Averaged Test AUC: 0.9550
Std Test Accurancy: 0.0899
Std Test AUC: 0.0228
ASR : 0.33914199538021705
attack_auc : 0.8201553404343894
------------------------- time cost ------------------------- 10.664753437042236

-------------Round number: 161-------------

Evaluate personalized models
Averaged Train Loss: 0.4188
Averaged Test Accurancy: 0.7428
Averaged Test AUC: 0.9542
Std Test Accurancy: 0.0893
Std Test AUC: 0.0203
ASR : 0.3867514890708725
attack_auc : 0.842481644522069
------------------------- time cost ------------------------- 10.441079139709473

-------------Round number: 162-------------

Evaluate personalized models
Averaged Train Loss: 0.4179
Averaged Test Accurancy: 0.7420
Averaged Test AUC: 0.9534
Std Test Accurancy: 0.0896
Std Test AUC: 0.0234
ASR : 0.3690436664010724
attack_auc : 0.8256714146315068
------------------------- time cost ------------------------- 10.266500234603882

-------------Round number: 163-------------

Evaluate personalized models
Averaged Train Loss: 0.4415
Averaged Test Accurancy: 0.7374
Averaged Test AUC: 0.9513
Std Test Accurancy: 0.0921
Std Test AUC: 0.0256
ASR : 0.34465657103357544
attack_auc : 0.8146277776235236
------------------------- time cost ------------------------- 10.466182947158813

-------------Round number: 164-------------

Evaluate personalized models
Averaged Train Loss: 0.4282
Averaged Test Accurancy: 0.7364
Averaged Test AUC: 0.9535
Std Test Accurancy: 0.0930
Std Test AUC: 0.0233
ASR : 0.34959250384097046
attack_auc : 0.8187264711166863
------------------------- time cost ------------------------- 10.684268712997437

-------------Round number: 165-------------

Evaluate personalized models
Averaged Train Loss: 0.4113
Averaged Test Accurancy: 0.7442
Averaged Test AUC: 0.9543
Std Test Accurancy: 0.0899
Std Test AUC: 0.0223
ASR : 0.3772723242750008
attack_auc : 0.8318313776053039
------------------------- time cost ------------------------- 10.600706100463867

-------------Round number: 166-------------

Evaluate personalized models
Averaged Train Loss: 0.4176
Averaged Test Accurancy: 0.7436
Averaged Test AUC: 0.9551
Std Test Accurancy: 0.0894
Std Test AUC: 0.0239
ASR : 0.3841032714794133
attack_auc : 0.838371355169303
------------------------- time cost ------------------------- 10.30085301399231

-------------Round number: 167-------------

Evaluate personalized models
Averaged Train Loss: 0.4012
Averaged Test Accurancy: 0.7436
Averaged Test AUC: 0.9552
Std Test Accurancy: 0.0955
Std Test AUC: 0.0231
ASR : 0.4219032406281916
attack_auc : 0.853292032730065
------------------------- time cost ------------------------- 10.565734386444092

-------------Round number: 168-------------

Evaluate personalized models
Averaged Train Loss: 0.4322
Averaged Test Accurancy: 0.7343
Averaged Test AUC: 0.9526
Std Test Accurancy: 0.0983
Std Test AUC: 0.0273
ASR : 0.34338195608693545
attack_auc : 0.8143256321569962
------------------------- time cost ------------------------- 10.577433586120605

-------------Round number: 169-------------

Evaluate personalized models
Averaged Train Loss: 0.3993
Averaged Test Accurancy: 0.7421
Averaged Test AUC: 0.9551
Std Test Accurancy: 0.0914
Std Test AUC: 0.0251
ASR : 0.3682925507722507
attack_auc : 0.8250116584552691
------------------------- time cost ------------------------- 10.464032649993896

-------------Round number: 170-------------

Evaluate personalized models
Averaged Train Loss: 0.3802
Averaged Test Accurancy: 0.7471
Averaged Test AUC: 0.9561
Std Test Accurancy: 0.0901
Std Test AUC: 0.0213
ASR : 0.36900917685142465
attack_auc : 0.8328643137875523
------------------------- time cost ------------------------- 10.584309577941895

-------------Round number: 171-------------

Evaluate personalized models
Averaged Train Loss: 0.3803
Averaged Test Accurancy: 0.7446
Averaged Test AUC: 0.9555
Std Test Accurancy: 0.0939
Std Test AUC: 0.0247
ASR : 0.37983399041793614
attack_auc : 0.83464747962691
------------------------- time cost ------------------------- 10.623232126235962

-------------Round number: 172-------------

Evaluate personalized models
Averaged Train Loss: 0.4011
Averaged Test Accurancy: 0.7334
Averaged Test AUC: 0.9530
Std Test Accurancy: 0.0966
Std Test AUC: 0.0252
ASR : 0.4477441932898069
attack_auc : 0.8618269690519514
------------------------- time cost ------------------------- 10.744602680206299

-------------Round number: 173-------------

Evaluate personalized models
Averaged Train Loss: 0.3698
Averaged Test Accurancy: 0.7486
Averaged Test AUC: 0.9557
Std Test Accurancy: 0.0949
Std Test AUC: 0.0231
ASR : 0.4260784231445747
attack_auc : 0.8519818868087741
------------------------- time cost ------------------------- 10.447104692459106

-------------Round number: 174-------------

Evaluate personalized models
Averaged Train Loss: 0.3403
Averaged Test Accurancy: 0.7559
Averaged Test AUC: 0.9567
Std Test Accurancy: 0.0892
Std Test AUC: 0.0218
ASR : 0.4230247671893114
attack_auc : 0.8568608094965607
------------------------- time cost ------------------------- 10.418938398361206

-------------Round number: 175-------------

Evaluate personalized models
Averaged Train Loss: 0.3716
Averaged Test Accurancy: 0.7434
Averaged Test AUC: 0.9549
Std Test Accurancy: 0.0944
Std Test AUC: 0.0247
ASR : 0.42583999880971984
attack_auc : 0.8540674149236147
------------------------- time cost ------------------------- 10.854370594024658

-------------Round number: 176-------------

Evaluate personalized models
Averaged Train Loss: 0.3637
Averaged Test Accurancy: 0.7471
Averaged Test AUC: 0.9556
Std Test Accurancy: 0.0958
Std Test AUC: 0.0243
ASR : 0.4653169535525123
attack_auc : 0.8691407062295102
------------------------- time cost ------------------------- 10.507357120513916

-------------Round number: 177-------------

Evaluate personalized models
Averaged Train Loss: 0.3354
Averaged Test Accurancy: 0.7540
Averaged Test AUC: 0.9570
Std Test Accurancy: 0.0939
Std Test AUC: 0.0229
ASR : 0.45701364865735933
attack_auc : 0.8689207138900575
------------------------- time cost ------------------------- 10.512780904769897

-------------Round number: 178-------------

Evaluate personalized models
Averaged Train Loss: 0.3266
Averaged Test Accurancy: 0.7539
Averaged Test AUC: 0.9571
Std Test Accurancy: 0.0883
Std Test AUC: 0.0222
ASR : 0.4384521217581894
attack_auc : 0.8644058447182185
------------------------- time cost ------------------------- 10.49648404121399

-------------Round number: 179-------------

Evaluate personalized models
Averaged Train Loss: 0.3298
Averaged Test Accurancy: 0.7536
Averaged Test AUC: 0.9555
Std Test Accurancy: 0.0882
Std Test AUC: 0.0209
ASR : 0.43464635600130663
attack_auc : 0.8642945421981156
------------------------- time cost ------------------------- 10.408832550048828

-------------Round number: 180-------------

Evaluate personalized models
Averaged Train Loss: 0.3297
Averaged Test Accurancy: 0.7520
Averaged Test AUC: 0.9558
Std Test Accurancy: 0.0885
Std Test AUC: 0.0213
ASR : 0.4305183213183726
attack_auc : 0.8608491894343091
------------------------- time cost ------------------------- 10.441917419433594

-------------Round number: 181-------------

Evaluate personalized models
Averaged Train Loss: 0.3199
Averaged Test Accurancy: 0.7580
Averaged Test AUC: 0.9565
Std Test Accurancy: 0.0891
Std Test AUC: 0.0206
ASR : 0.40302604119121194
attack_auc : 0.8498259619652282
------------------------- time cost ------------------------- 10.187628507614136

-------------Round number: 182-------------

Evaluate personalized models
Averaged Train Loss: 0.3350
Averaged Test Accurancy: 0.7499
Averaged Test AUC: 0.9552
Std Test Accurancy: 0.0895
Std Test AUC: 0.0222
ASR : 0.37874294819561954
attack_auc : 0.8389212116378986
------------------------- time cost ------------------------- 10.376994609832764

-------------Round number: 183-------------

Evaluate personalized models
Averaged Train Loss: 0.3329
Averaged Test Accurancy: 0.7476
Averaged Test AUC: 0.9563
Std Test Accurancy: 0.0928
Std Test AUC: 0.0232
ASR : 0.4055321278905661
attack_auc : 0.845366255177826
------------------------- time cost ------------------------- 10.554527521133423

-------------Round number: 184-------------

Evaluate personalized models
Averaged Train Loss: 0.3178
Averaged Test Accurancy: 0.7490
Averaged Test AUC: 0.9553
Std Test Accurancy: 0.0900
Std Test AUC: 0.0223
ASR : 0.45080638963584063
attack_auc : 0.86747191014363
------------------------- time cost ------------------------- 10.318332195281982

-------------Round number: 185-------------

Evaluate personalized models
Averaged Train Loss: 0.2972
Averaged Test Accurancy: 0.7592
Averaged Test AUC: 0.9578
Std Test Accurancy: 0.0888
Std Test AUC: 0.0210
ASR : 0.40145982977323974
attack_auc : 0.8467911416981505
------------------------- time cost ------------------------- 10.476265668869019

-------------Round number: 186-------------

Evaluate personalized models
Averaged Train Loss: 0.2899
Averaged Test Accurancy: 0.7611
Averaged Test AUC: 0.9590
Std Test Accurancy: 0.0860
Std Test AUC: 0.0198
ASR : 0.41585340621093814
attack_auc : 0.8517183322555211
------------------------- time cost ------------------------- 10.777370691299438

-------------Round number: 187-------------

Evaluate personalized models
Averaged Train Loss: 0.2906
Averaged Test Accurancy: 0.7670
Averaged Test AUC: 0.9587
Std Test Accurancy: 0.0879
Std Test AUC: 0.0217
ASR : 0.4329928139741627
attack_auc : 0.8565210601549623
------------------------- time cost ------------------------- 10.649864196777344

-------------Round number: 188-------------

Evaluate personalized models
Averaged Train Loss: 0.2944
Averaged Test Accurancy: 0.7613
Averaged Test AUC: 0.9582
Std Test Accurancy: 0.0863
Std Test AUC: 0.0222
ASR : 0.4043257209558091
attack_auc : 0.844198212838975
------------------------- time cost ------------------------- 10.483065366744995

-------------Round number: 189-------------

Evaluate personalized models
Averaged Train Loss: 0.2891
Averaged Test Accurancy: 0.7645
Averaged Test AUC: 0.9583
Std Test Accurancy: 0.0893
Std Test AUC: 0.0227
ASR : 0.41880983224605883
attack_auc : 0.8496445602503885
------------------------- time cost ------------------------- 10.543829679489136

-------------Round number: 190-------------

Evaluate personalized models
Averaged Train Loss: 0.2935
Averaged Test Accurancy: 0.7556
Averaged Test AUC: 0.9575
Std Test Accurancy: 0.0925
Std Test AUC: 0.0248
ASR : 0.3908083519443854
attack_auc : 0.8379550693285983
------------------------- time cost ------------------------- 10.574950456619263

-------------Round number: 191-------------

Evaluate personalized models
Averaged Train Loss: 0.2840
Averaged Test Accurancy: 0.7561
Averaged Test AUC: 0.9576
Std Test Accurancy: 0.0947
Std Test AUC: 0.0232
ASR : 0.47862113492639546
attack_auc : 0.8751394134053768
------------------------- time cost ------------------------- 10.494993686676025

-------------Round number: 192-------------

Evaluate personalized models
Averaged Train Loss: 0.2754
Averaged Test Accurancy: 0.7616
Averaged Test AUC: 0.9577
Std Test Accurancy: 0.0899
Std Test AUC: 0.0215
ASR : 0.47247921703304474
attack_auc : 0.8770493024402961
------------------------- time cost ------------------------- 10.513805627822876

-------------Round number: 193-------------

Evaluate personalized models
Averaged Train Loss: 0.2596
Averaged Test Accurancy: 0.7638
Averaged Test AUC: 0.9582
Std Test Accurancy: 0.0843
Std Test AUC: 0.0211
ASR : 0.45641595725833617
attack_auc : 0.8691847436883638
------------------------- time cost ------------------------- 10.451616525650024

-------------Round number: 194-------------

Evaluate personalized models
Averaged Train Loss: 0.2536
Averaged Test Accurancy: 0.7604
Averaged Test AUC: 0.9584
Std Test Accurancy: 0.0871
Std Test AUC: 0.0212
ASR : 0.43631002038441785
attack_auc : 0.8627521076909108
------------------------- time cost ------------------------- 10.598485946655273

-------------Round number: 195-------------

Evaluate personalized models
Averaged Train Loss: 0.2477
Averaged Test Accurancy: 0.7639
Averaged Test AUC: 0.9593
Std Test Accurancy: 0.0898
Std Test AUC: 0.0215
ASR : 0.4464118636756775
attack_auc : 0.8649724495483967
------------------------- time cost ------------------------- 10.543216943740845

-------------Round number: 196-------------

Evaluate personalized models
Averaged Train Loss: 0.2621
Averaged Test Accurancy: 0.7606
Averaged Test AUC: 0.9584
Std Test Accurancy: 0.0923
Std Test AUC: 0.0222
ASR : 0.41396160166230206
attack_auc : 0.8476107230412617
------------------------- time cost ------------------------- 10.598653078079224

-------------Round number: 197-------------

Evaluate personalized models
Averaged Train Loss: 0.2611
Averaged Test Accurancy: 0.7588
Averaged Test AUC: 0.9583
Std Test Accurancy: 0.0901
Std Test AUC: 0.0236
ASR : 0.4071477812656958
attack_auc : 0.8407832110888505
------------------------- time cost ------------------------- 10.538654565811157

-------------Round number: 198-------------

Evaluate personalized models
Averaged Train Loss: 0.2484
Averaged Test Accurancy: 0.7648
Averaged Test AUC: 0.9594
Std Test Accurancy: 0.0905
Std Test AUC: 0.0227
ASR : 0.43155468782545203
attack_auc : 0.8555923228587377
------------------------- time cost ------------------------- 10.589712858200073

-------------Round number: 199-------------

Evaluate personalized models
Averaged Train Loss: 0.2863
Averaged Test Accurancy: 0.7480
Averaged Test AUC: 0.9561
Std Test Accurancy: 0.0898
Std Test AUC: 0.0252
ASR : 0.4336947241479299
attack_auc : 0.853911346489589
------------------------- time cost ------------------------- 10.556217670440674

-------------Round number: 200-------------

Evaluate personalized models
Averaged Train Loss: 0.2581
Averaged Test Accurancy: 0.7589
Averaged Test AUC: 0.9576
Std Test Accurancy: 0.0853
Std Test AUC: 0.0238
ASR : 0.4642462054765668
attack_auc : 0.8747490709819106
------------------------- time cost ------------------------- 10.240593671798706

-------------Round number: 201-------------

Evaluate personalized models
Averaged Train Loss: 0.2388
Averaged Test Accurancy: 0.7630
Averaged Test AUC: 0.9593
Std Test Accurancy: 0.0852
Std Test AUC: 0.0225
ASR : 0.4329800525520613
attack_auc : 0.8609187324895959
------------------------- time cost ------------------------- 10.204448223114014

-------------Round number: 202-------------

Evaluate personalized models
Averaged Train Loss: 0.2525
Averaged Test Accurancy: 0.7600
Averaged Test AUC: 0.9589
Std Test Accurancy: 0.0922
Std Test AUC: 0.0254
ASR : 0.43520737822703215
attack_auc : 0.8588060276865749
------------------------- time cost ------------------------- 10.697067260742188

-------------Round number: 203-------------

Evaluate personalized models
Averaged Train Loss: 0.2358
Averaged Test Accurancy: 0.7611
Averaged Test AUC: 0.9592
Std Test Accurancy: 0.0882
Std Test AUC: 0.0237
ASR : 0.4678503046256596
attack_auc : 0.8744410673663745
------------------------- time cost ------------------------- 10.702988862991333

-------------Round number: 204-------------

Evaluate personalized models
Averaged Train Loss: 0.2205
Averaged Test Accurancy: 0.7680
Averaged Test AUC: 0.9600
Std Test Accurancy: 0.0834
Std Test AUC: 0.0216
ASR : 0.4493588462746489
attack_auc : 0.8659977124389218
------------------------- time cost ------------------------- 10.38197636604309

-------------Round number: 205-------------

Evaluate personalized models
Averaged Train Loss: 0.2572
Averaged Test Accurancy: 0.7569
Averaged Test AUC: 0.9579
Std Test Accurancy: 0.0880
Std Test AUC: 0.0240
ASR : 0.3788867231844695
attack_auc : 0.8364635965317522
------------------------- time cost ------------------------- 10.7157723903656

-------------Round number: 206-------------

Evaluate personalized models
Averaged Train Loss: 0.2259
Averaged Test Accurancy: 0.7648
Averaged Test AUC: 0.9593
Std Test Accurancy: 0.0833
Std Test AUC: 0.0226
ASR : 0.4057597805602636
attack_auc : 0.8504447760749754
------------------------- time cost ------------------------- 10.63022232055664

-------------Round number: 207-------------

Evaluate personalized models
Averaged Train Loss: 0.2454
Averaged Test Accurancy: 0.7599
Averaged Test AUC: 0.9588
Std Test Accurancy: 0.0882
Std Test AUC: 0.0247
ASR : 0.40238176382174373
attack_auc : 0.8484476796521115
------------------------- time cost ------------------------- 10.734516382217407

-------------Round number: 208-------------

Evaluate personalized models
Averaged Train Loss: 0.2207
Averaged Test Accurancy: 0.7621
Averaged Test AUC: 0.9594
Std Test Accurancy: 0.0850
Std Test AUC: 0.0238
ASR : 0.4187629044884153
attack_auc : 0.8572183905241666
------------------------- time cost ------------------------- 10.588901996612549

-------------Round number: 209-------------

Evaluate personalized models
Averaged Train Loss: 0.2163
Averaged Test Accurancy: 0.7665
Averaged Test AUC: 0.9588
Std Test Accurancy: 0.0871
Std Test AUC: 0.0252
ASR : 0.4708674102518628
attack_auc : 0.8760409122042929
------------------------- time cost ------------------------- 10.462481260299683

-------------Round number: 210-------------

Evaluate personalized models
Averaged Train Loss: 0.2218
Averaged Test Accurancy: 0.7626
Averaged Test AUC: 0.9579
Std Test Accurancy: 0.0912
Std Test AUC: 0.0246
ASR : 0.4589454330075661
attack_auc : 0.8704559513754306
------------------------- time cost ------------------------- 10.654030323028564

-------------Round number: 211-------------

Evaluate personalized models
Averaged Train Loss: 0.2196
Averaged Test Accurancy: 0.7615
Averaged Test AUC: 0.9574
Std Test Accurancy: 0.0895
Std Test AUC: 0.0262
ASR : 0.4532839096610067
attack_auc : 0.8689425995532954
------------------------- time cost ------------------------- 10.249910116195679

-------------Round number: 212-------------

Evaluate personalized models
Averaged Train Loss: 0.2175
Averaged Test Accurancy: 0.7671
Averaged Test AUC: 0.9585
Std Test Accurancy: 0.0877
Std Test AUC: 0.0261
ASR : 0.4197667550139099
attack_auc : 0.8562589738513204
------------------------- time cost ------------------------- 10.5065438747406

-------------Round number: 213-------------

Evaluate personalized models
Averaged Train Loss: 0.2013
Averaged Test Accurancy: 0.7644
Averaged Test AUC: 0.9594
Std Test Accurancy: 0.0870
Std Test AUC: 0.0248
ASR : 0.4306295732850469
attack_auc : 0.860259372805735
------------------------- time cost ------------------------- 10.493191719055176

-------------Round number: 214-------------

Evaluate personalized models
Averaged Train Loss: 0.2016
Averaged Test Accurancy: 0.7659
Averaged Test AUC: 0.9593
Std Test Accurancy: 0.0885
Std Test AUC: 0.0267
ASR : 0.41145100098549
attack_auc : 0.8514082037501608
------------------------- time cost ------------------------- 10.828763246536255

-------------Round number: 215-------------

Evaluate personalized models
Averaged Train Loss: 0.2023
Averaged Test Accurancy: 0.7644
Averaged Test AUC: 0.9588
Std Test Accurancy: 0.0854
Std Test AUC: 0.0238
ASR : 0.4431607856828834
attack_auc : 0.8672984415158923
------------------------- time cost ------------------------- 10.491064071655273

-------------Round number: 216-------------

Evaluate personalized models
Averaged Train Loss: 0.1912
Averaged Test Accurancy: 0.7643
Averaged Test AUC: 0.9591
Std Test Accurancy: 0.0862
Std Test AUC: 0.0262
ASR : 0.4633775267935779
attack_auc : 0.8758673154972557
------------------------- time cost ------------------------- 10.485276699066162

-------------Round number: 217-------------

Evaluate personalized models
Averaged Train Loss: 0.1888
Averaged Test Accurancy: 0.7631
Averaged Test AUC: 0.9591
Std Test Accurancy: 0.0887
Std Test AUC: 0.0278
ASR : 0.44270580422687494
attack_auc : 0.8666212300284706
------------------------- time cost ------------------------- 10.261813163757324

-------------Round number: 218-------------

Evaluate personalized models
Averaged Train Loss: 0.1994
Averaged Test Accurancy: 0.7618
Averaged Test AUC: 0.9593
Std Test Accurancy: 0.0874
Std Test AUC: 0.0276
ASR : 0.45435631656566877
attack_auc : 0.8739487255894821
------------------------- time cost ------------------------- 10.585625648498535

-------------Round number: 219-------------

Evaluate personalized models
Averaged Train Loss: 0.2056
Averaged Test Accurancy: 0.7572
Averaged Test AUC: 0.9571
Std Test Accurancy: 0.0818
Std Test AUC: 0.0192
ASR : 0.45521819526408736
attack_auc : 0.8761508469289249
------------------------- time cost ------------------------- 10.542230129241943

-------------Round number: 220-------------

Evaluate personalized models
Averaged Train Loss: 0.1897
Averaged Test Accurancy: 0.7564
Averaged Test AUC: 0.9580
Std Test Accurancy: 0.0832
Std Test AUC: 0.0197
ASR : 0.4263124441399066
attack_auc : 0.8598809318831288
------------------------- time cost ------------------------- 10.317487478256226

-------------Round number: 221-------------

Evaluate personalized models
Averaged Train Loss: 0.1622
Averaged Test Accurancy: 0.7734
Averaged Test AUC: 0.9606
Std Test Accurancy: 0.0761
Std Test AUC: 0.0188
ASR : 0.44113936599334064
attack_auc : 0.8716395933943889
------------------------- time cost ------------------------- 10.421451807022095

-------------Round number: 222-------------

Evaluate personalized models
Averaged Train Loss: 0.1584
Averaged Test Accurancy: 0.7693
Averaged Test AUC: 0.9604
Std Test Accurancy: 0.0769
Std Test AUC: 0.0180
ASR : 0.44711545594021246
attack_auc : 0.8722872472920531
------------------------- time cost ------------------------- 10.73494839668274

-------------Round number: 223-------------

Evaluate personalized models
Averaged Train Loss: 0.1565
Averaged Test Accurancy: 0.7671
Averaged Test AUC: 0.9603
Std Test Accurancy: 0.0755
Std Test AUC: 0.0175
ASR : 0.4757578013596141
attack_auc : 0.883089765917386
------------------------- time cost ------------------------- 10.651846647262573

-------------Round number: 224-------------

Evaluate personalized models
Averaged Train Loss: 0.1658
Averaged Test Accurancy: 0.7635
Averaged Test AUC: 0.9594
Std Test Accurancy: 0.0767
Std Test AUC: 0.0183
ASR : 0.4018326575008635
attack_auc : 0.8495291642281084
------------------------- time cost ------------------------- 10.502086400985718

-------------Round number: 225-------------

Evaluate personalized models
Averaged Train Loss: 0.1479
Averaged Test Accurancy: 0.7694
Averaged Test AUC: 0.9603
Std Test Accurancy: 0.0792
Std Test AUC: 0.0182
ASR : 0.41830548791765604
attack_auc : 0.8589321638871883
------------------------- time cost ------------------------- 10.919891119003296

-------------Round number: 226-------------

Evaluate personalized models
Averaged Train Loss: 0.1600
Averaged Test Accurancy: 0.7631
Averaged Test AUC: 0.9597
Std Test Accurancy: 0.0810
Std Test AUC: 0.0187
ASR : 0.395716946083897
attack_auc : 0.8465848454733783
------------------------- time cost ------------------------- 10.428112983703613

-------------Round number: 227-------------

Evaluate personalized models
Averaged Train Loss: 0.1573
Averaged Test Accurancy: 0.7634
Averaged Test AUC: 0.9596
Std Test Accurancy: 0.0775
Std Test AUC: 0.0184
ASR : 0.40672637474439005
attack_auc : 0.8576473971577366
------------------------- time cost ------------------------- 10.729435920715332

-------------Round number: 228-------------

Evaluate personalized models
Averaged Train Loss: 0.1312
Averaged Test Accurancy: 0.7771
Averaged Test AUC: 0.9614
Std Test Accurancy: 0.0716
Std Test AUC: 0.0169
ASR : 0.42773084338605644
attack_auc : 0.866770024376934
------------------------- time cost ------------------------- 10.419362783432007

-------------Round number: 229-------------

Evaluate personalized models
Averaged Train Loss: 0.1516
Averaged Test Accurancy: 0.7648
Averaged Test AUC: 0.9597
Std Test Accurancy: 0.0816
Std Test AUC: 0.0182
ASR : 0.39965016151223826
attack_auc : 0.8521964655008805
------------------------- time cost ------------------------- 10.915960311889648

-------------Round number: 230-------------

Evaluate personalized models
Averaged Train Loss: 0.1315
Averaged Test Accurancy: 0.7729
Averaged Test AUC: 0.9619
Std Test Accurancy: 0.0770
Std Test AUC: 0.0169
ASR : 0.4128752587654583
attack_auc : 0.8566236364603856
------------------------- time cost ------------------------- 10.590086698532104

-------------Round number: 231-------------

Evaluate personalized models
Averaged Train Loss: 0.1784
Averaged Test Accurancy: 0.7565
Averaged Test AUC: 0.9585
Std Test Accurancy: 0.0805
Std Test AUC: 0.0192
ASR : 0.440995471208452
attack_auc : 0.8679770673158078
------------------------- time cost ------------------------- 10.503337144851685

-------------Round number: 232-------------

Evaluate personalized models
Averaged Train Loss: 0.1332
Averaged Test Accurancy: 0.7676
Averaged Test AUC: 0.9608
Std Test Accurancy: 0.0791
Std Test AUC: 0.0174
ASR : 0.4690640938949442
attack_auc : 0.8796983303549821
------------------------- time cost ------------------------- 10.4143807888031

-------------Round number: 233-------------

Evaluate personalized models
Averaged Train Loss: 0.1104
Averaged Test Accurancy: 0.7755
Averaged Test AUC: 0.9621
Std Test Accurancy: 0.0758
Std Test AUC: 0.0165
ASR : 0.48149960358183963
attack_auc : 0.8867423511974508
------------------------- time cost ------------------------- 10.61407995223999

-------------Round number: 234-------------

Evaluate personalized models
Averaged Train Loss: 0.1153
Averaged Test Accurancy: 0.7746
Averaged Test AUC: 0.9624
Std Test Accurancy: 0.0758
Std Test AUC: 0.0165
ASR : 0.4702510405058685
attack_auc : 0.8840900466136559
------------------------- time cost ------------------------- 10.280734300613403

-------------Round number: 235-------------

Evaluate personalized models
Averaged Train Loss: 0.1077
Averaged Test Accurancy: 0.7757
Averaged Test AUC: 0.9626
Std Test Accurancy: 0.0743
Std Test AUC: 0.0162
ASR : 0.48792287248195476
attack_auc : 0.8873227654765391
------------------------- time cost ------------------------- 10.57752251625061

-------------Round number: 236-------------

Evaluate personalized models
Averaged Train Loss: 0.1296
Averaged Test Accurancy: 0.7637
Averaged Test AUC: 0.9587
Std Test Accurancy: 0.0731
Std Test AUC: 0.0179
ASR : 0.4674573534248228
attack_auc : 0.8811599656567749
------------------------- time cost ------------------------- 10.686502695083618

-------------Round number: 237-------------

Evaluate personalized models
Averaged Train Loss: 0.1021
Averaged Test Accurancy: 0.7740
Averaged Test AUC: 0.9608
Std Test Accurancy: 0.0723
Std Test AUC: 0.0170
ASR : 0.48482534270932987
attack_auc : 0.8886202793784256
------------------------- time cost ------------------------- 10.431124687194824

-------------Round number: 238-------------

Evaluate personalized models
Averaged Train Loss: 0.1077
Averaged Test Accurancy: 0.7734
Averaged Test AUC: 0.9620
Std Test Accurancy: 0.0724
Std Test AUC: 0.0165
ASR : 0.45386865663363907
attack_auc : 0.8769105634336842
------------------------- time cost ------------------------- 10.471215963363647

-------------Round number: 239-------------

Evaluate personalized models
Averaged Train Loss: 0.0940
Averaged Test Accurancy: 0.7747
Averaged Test AUC: 0.9623
Std Test Accurancy: 0.0724
Std Test AUC: 0.0166
ASR : 0.47956385116457556
attack_auc : 0.885794306894746
------------------------- time cost ------------------------- 10.719774723052979

-------------Round number: 240-------------

Evaluate personalized models
Averaged Train Loss: 0.0986
Averaged Test Accurancy: 0.7739
Averaged Test AUC: 0.9614
Std Test Accurancy: 0.0737
Std Test AUC: 0.0168
ASR : 0.4850508690026398
attack_auc : 0.8886267064443184
------------------------- time cost ------------------------- 10.573349952697754

-------------Round number: 241-------------

Evaluate personalized models
Averaged Train Loss: 0.0939
Averaged Test Accurancy: 0.7735
Averaged Test AUC: 0.9618
Std Test Accurancy: 0.0734
Std Test AUC: 0.0167
ASR : 0.49551967030202126
attack_auc : 0.8894335061043015
------------------------- time cost ------------------------- 10.491060256958008

-------------Round number: 242-------------

Evaluate personalized models
Averaged Train Loss: 0.0893
Averaged Test Accurancy: 0.7763
Averaged Test AUC: 0.9624
Std Test Accurancy: 0.0730
Std Test AUC: 0.0166
ASR : 0.5003190212793294
attack_auc : 0.8920603897978039
------------------------- time cost ------------------------- 10.858423948287964

-------------Round number: 243-------------

Evaluate personalized models
Averaged Train Loss: 0.1036
Averaged Test Accurancy: 0.7701
Averaged Test AUC: 0.9610
Std Test Accurancy: 0.0766
Std Test AUC: 0.0177
ASR : 0.4794416001679865
attack_auc : 0.883313633838494
------------------------- time cost ------------------------- 10.552049398422241

-------------Round number: 244-------------

Evaluate personalized models
Averaged Train Loss: 0.1008
Averaged Test Accurancy: 0.7732
Averaged Test AUC: 0.9616
Std Test Accurancy: 0.0752
Std Test AUC: 0.0176
ASR : 0.47663095794659643
attack_auc : 0.8878572862109297
------------------------- time cost ------------------------- 10.485748767852783

-------------Round number: 245-------------

Evaluate personalized models
Averaged Train Loss: 0.0936
Averaged Test Accurancy: 0.7736
Averaged Test AUC: 0.9622
Std Test Accurancy: 0.0746
Std Test AUC: 0.0167
ASR : 0.4884685942162573
attack_auc : 0.8860347485265156
------------------------- time cost ------------------------- 10.451639890670776

-------------Round number: 246-------------

Evaluate personalized models
Averaged Train Loss: 0.1041
Averaged Test Accurancy: 0.7696
Averaged Test AUC: 0.9600
Std Test Accurancy: 0.0739
Std Test AUC: 0.0177
ASR : 0.46867735680555916
attack_auc : 0.881975633688897
------------------------- time cost ------------------------- 10.535953044891357

-------------Round number: 247-------------

Evaluate personalized models
Averaged Train Loss: 0.0849
Averaged Test Accurancy: 0.7774
Averaged Test AUC: 0.9623
Std Test Accurancy: 0.0745
Std Test AUC: 0.0171
ASR : 0.47077546538379633
attack_auc : 0.8814314113248138
------------------------- time cost ------------------------- 10.420681953430176

-------------Round number: 248-------------

Evaluate personalized models
Averaged Train Loss: 0.0754
Averaged Test Accurancy: 0.7784
Averaged Test AUC: 0.9635
Std Test Accurancy: 0.0727
Std Test AUC: 0.0166
ASR : 0.4796522980931881
attack_auc : 0.8851135247981825
------------------------- time cost ------------------------- 10.456176280975342

-------------Round number: 249-------------

Evaluate personalized models
Averaged Train Loss: 0.0782
Averaged Test Accurancy: 0.7761
Averaged Test AUC: 0.9628
Std Test Accurancy: 0.0735
Std Test AUC: 0.0171
ASR : 0.4642725883416041
attack_auc : 0.8815963924439186
------------------------- time cost ------------------------- 10.313226461410522

-------------Round number: 250-------------

Evaluate personalized models
Averaged Train Loss: 0.0798
Averaged Test Accurancy: 0.7753
Averaged Test AUC: 0.9625
Std Test Accurancy: 0.0771
Std Test AUC: 0.0173
ASR : 0.46610632562842075
attack_auc : 0.8833181682208401
------------------------- time cost ------------------------- 10.557840824127197

-------------Round number: 251-------------

Evaluate personalized models
Averaged Train Loss: 0.0854
Averaged Test Accurancy: 0.7726
Averaged Test AUC: 0.9624
Std Test Accurancy: 0.0730
Std Test AUC: 0.0170
ASR : 0.4740959478359735
attack_auc : 0.8846442270364931
------------------------- time cost ------------------------- 10.522080659866333

-------------Round number: 252-------------

Evaluate personalized models
Averaged Train Loss: 0.0725
Averaged Test Accurancy: 0.7754
Averaged Test AUC: 0.9631
Std Test Accurancy: 0.0738
Std Test AUC: 0.0165
ASR : 0.4635940251013654
attack_auc : 0.8801635372541398
------------------------- time cost ------------------------- 10.394190549850464

-------------Round number: 253-------------

Evaluate personalized models
Averaged Train Loss: 0.0872
Averaged Test Accurancy: 0.7696
Averaged Test AUC: 0.9617
Std Test Accurancy: 0.0743
Std Test AUC: 0.0166
ASR : 0.45857522103470527
attack_auc : 0.8808185098555646
------------------------- time cost ------------------------- 10.588326215744019

-------------Round number: 254-------------

Evaluate personalized models
Averaged Train Loss: 0.1279
Averaged Test Accurancy: 0.7562
Averaged Test AUC: 0.9572
Std Test Accurancy: 0.0766
Std Test AUC: 0.0185
ASR : 0.48404687232226823
attack_auc : 0.8924950764704844
------------------------- time cost ------------------------- 10.574338436126709

-------------Round number: 255-------------

Evaluate personalized models
Averaged Train Loss: 0.0934
Averaged Test Accurancy: 0.7672
Averaged Test AUC: 0.9605
Std Test Accurancy: 0.0737
Std Test AUC: 0.0170
ASR : 0.4854239125065661
attack_auc : 0.8918375660393048
------------------------- time cost ------------------------- 10.604403972625732

-------------Round number: 256-------------

Evaluate personalized models
Averaged Train Loss: 0.0787
Averaged Test Accurancy: 0.7724
Averaged Test AUC: 0.9613
Std Test Accurancy: 0.0702
Std Test AUC: 0.0167
ASR : 0.489210245346508
attack_auc : 0.8925133184503778
------------------------- time cost ------------------------- 10.352682828903198

-------------Round number: 257-------------

Evaluate personalized models
Averaged Train Loss: 0.0754
Averaged Test Accurancy: 0.7741
Averaged Test AUC: 0.9621
Std Test Accurancy: 0.0716
Std Test AUC: 0.0166
ASR : 0.4584033028003752
attack_auc : 0.8817094812106743
------------------------- time cost ------------------------- 10.572535276412964

-------------Round number: 258-------------

Evaluate personalized models
Averaged Train Loss: 0.1082
Averaged Test Accurancy: 0.7676
Averaged Test AUC: 0.9605
Std Test Accurancy: 0.0737
Std Test AUC: 0.0174
ASR : 0.45147843668937104
attack_auc : 0.8783242537425318
------------------------- time cost ------------------------- 10.613272905349731

-------------Round number: 259-------------

Evaluate personalized models
Averaged Train Loss: 0.0862
Averaged Test Accurancy: 0.7723
Averaged Test AUC: 0.9616
Std Test Accurancy: 0.0735
Std Test AUC: 0.0167
ASR : 0.42868163534842735
attack_auc : 0.8708882546370746
------------------------- time cost ------------------------- 10.352961778640747

-------------Round number: 260-------------

Evaluate personalized models
Averaged Train Loss: 0.0771
Averaged Test Accurancy: 0.7749
Averaged Test AUC: 0.9620
Std Test Accurancy: 0.0730
Std Test AUC: 0.0164
ASR : 0.47360533685085826
attack_auc : 0.8865701150454782
------------------------- time cost ------------------------- 10.27096152305603

-------------Round number: 261-------------

Evaluate personalized models
Averaged Train Loss: 0.0805
Averaged Test Accurancy: 0.7673
Averaged Test AUC: 0.9612
Std Test Accurancy: 0.0751
Std Test AUC: 0.0172
ASR : 0.504819156099983
attack_auc : 0.8975307354074236
------------------------- time cost ------------------------- 10.719401121139526

-------------Round number: 262-------------

Evaluate personalized models
Averaged Train Loss: 0.0929
Averaged Test Accurancy: 0.7621
Averaged Test AUC: 0.9587
Std Test Accurancy: 0.0766
Std Test AUC: 0.0178
ASR : 0.5493019338233355
attack_auc : 0.9094696969488725
------------------------- time cost ------------------------- 10.54405951499939

-------------Round number: 263-------------

Evaluate personalized models
Averaged Train Loss: 0.0784
Averaged Test Accurancy: 0.7650
Averaged Test AUC: 0.9603
Std Test Accurancy: 0.0758
Std Test AUC: 0.0169
ASR : 0.5418982673637185
attack_auc : 0.9087019332665162
------------------------- time cost ------------------------- 10.870599031448364

-------------Round number: 264-------------

Evaluate personalized models
Averaged Train Loss: 0.0689
Averaged Test Accurancy: 0.7696
Averaged Test AUC: 0.9616
Std Test Accurancy: 0.0743
Std Test AUC: 0.0167
ASR : 0.5049400496940778
attack_auc : 0.8960403884125445
------------------------- time cost ------------------------- 10.31334400177002

-------------Round number: 265-------------

Evaluate personalized models
Averaged Train Loss: 0.0670
Averaged Test Accurancy: 0.7701
Averaged Test AUC: 0.9617
Std Test Accurancy: 0.0742
Std Test AUC: 0.0170
ASR : 0.4875198225709162
attack_auc : 0.8896375724114048
------------------------- time cost ------------------------- 10.365230560302734

-------------Round number: 266-------------

Evaluate personalized models
Averaged Train Loss: 0.0656
Averaged Test Accurancy: 0.7696
Averaged Test AUC: 0.9613
Std Test Accurancy: 0.0751
Std Test AUC: 0.0172
ASR : 0.5111123962379844
attack_auc : 0.8994434904232176
------------------------- time cost ------------------------- 10.24069333076477

-------------Round number: 267-------------

Evaluate personalized models
Averaged Train Loss: 0.0564
Averaged Test Accurancy: 0.7770
Averaged Test AUC: 0.9629
Std Test Accurancy: 0.0730
Std Test AUC: 0.0160
ASR : 0.5101130568179908
attack_auc : 0.9000204958508267
------------------------- time cost ------------------------- 10.591350793838501

-------------Round number: 268-------------

Evaluate personalized models
Averaged Train Loss: 0.0581
Averaged Test Accurancy: 0.7727
Averaged Test AUC: 0.9629
Std Test Accurancy: 0.0702
Std Test AUC: 0.0161
ASR : 0.4838093459952677
attack_auc : 0.8876201402526006
------------------------- time cost ------------------------- 10.548099517822266

-------------Round number: 269-------------

Evaluate personalized models
Averaged Train Loss: 0.0545
Averaged Test Accurancy: 0.7735
Averaged Test AUC: 0.9623
Std Test Accurancy: 0.0732
Std Test AUC: 0.0165
ASR : 0.49793324744334894
attack_auc : 0.8921807616255101
------------------------- time cost ------------------------- 10.515912532806396

-------------Round number: 270-------------

Evaluate personalized models
Averaged Train Loss: 0.0557
Averaged Test Accurancy: 0.7707
Averaged Test AUC: 0.9619
Std Test Accurancy: 0.0757
Std Test AUC: 0.0166
ASR : 0.502497414199535
attack_auc : 0.8950489664155317
------------------------- time cost ------------------------- 10.311296224594116

-------------Round number: 271-------------

Evaluate personalized models
Averaged Train Loss: 0.0598
Averaged Test Accurancy: 0.7669
Averaged Test AUC: 0.9608
Std Test Accurancy: 0.0766
Std Test AUC: 0.0175
ASR : 0.5021704578464216
attack_auc : 0.8928221442520909
------------------------- time cost ------------------------- 10.592821836471558

-------------Round number: 272-------------

Evaluate personalized models
Averaged Train Loss: 0.0503
Averaged Test Accurancy: 0.7746
Averaged Test AUC: 0.9622
Std Test Accurancy: 0.0738
Std Test AUC: 0.0164
ASR : 0.47325153758841015
attack_auc : 0.8869512724466484
------------------------- time cost ------------------------- 10.625456094741821

-------------Round number: 273-------------

Evaluate personalized models
Averaged Train Loss: 0.0513
Averaged Test Accurancy: 0.7745
Averaged Test AUC: 0.9621
Std Test Accurancy: 0.0750
Std Test AUC: 0.0168
ASR : 0.49395443883643203
attack_auc : 0.8916724233096764
------------------------- time cost ------------------------- 10.395844459533691

-------------Round number: 274-------------

Evaluate personalized models
Averaged Train Loss: 0.0505
Averaged Test Accurancy: 0.7753
Averaged Test AUC: 0.9622
Std Test Accurancy: 0.0798
Std Test AUC: 0.0167
ASR : 0.5110082174033136
attack_auc : 0.8981278876701128
------------------------- time cost ------------------------- 10.277574300765991

-------------Round number: 275-------------

Evaluate personalized models
Averaged Train Loss: 0.0527
Averaged Test Accurancy: 0.7714
Averaged Test AUC: 0.9620
Std Test Accurancy: 0.0793
Std Test AUC: 0.0169
ASR : 0.5055354827383182
attack_auc : 0.8954660002175162
------------------------- time cost ------------------------- 10.217951774597168

-------------Round number: 276-------------

Evaluate personalized models
Averaged Train Loss: 0.0529
Averaged Test Accurancy: 0.7736
Averaged Test AUC: 0.9616
Std Test Accurancy: 0.0767
Std Test AUC: 0.0171
ASR : 0.5019411036571623
attack_auc : 0.8942344842190109
------------------------- time cost ------------------------- 10.517309188842773

-------------Round number: 277-------------

Evaluate personalized models
Averaged Train Loss: 0.0562
Averaged Test Accurancy: 0.7672
Averaged Test AUC: 0.9609
Std Test Accurancy: 0.0790
Std Test AUC: 0.0179
ASR : 0.4675875188375727
attack_auc : 0.8824183332476345
------------------------- time cost ------------------------- 10.57902455329895

-------------Round number: 278-------------

Evaluate personalized models
Averaged Train Loss: 0.0483
Averaged Test Accurancy: 0.7724
Averaged Test AUC: 0.9619
Std Test Accurancy: 0.0783
Std Test AUC: 0.0174
ASR : 0.4964640980207136
attack_auc : 0.8912241203081798
------------------------- time cost ------------------------- 10.819741249084473

-------------Round number: 279-------------

Evaluate personalized models
Averaged Train Loss: 0.0475
Averaged Test Accurancy: 0.7720
Averaged Test AUC: 0.9623
Std Test Accurancy: 0.0774
Std Test AUC: 0.0172
ASR : 0.5073056264449156
attack_auc : 0.8948033233516955
------------------------- time cost ------------------------- 10.673667907714844

-------------Round number: 280-------------

Evaluate personalized models
Averaged Train Loss: 0.0461
Averaged Test Accurancy: 0.7732
Averaged Test AUC: 0.9627
Std Test Accurancy: 0.0784
Std Test AUC: 0.0170
ASR : 0.5048382629029629
attack_auc : 0.8955123265014194
------------------------- time cost ------------------------- 10.4615159034729

-------------Round number: 281-------------

Evaluate personalized models
Averaged Train Loss: 0.0451
Averaged Test Accurancy: 0.7729
Averaged Test AUC: 0.9622
Std Test Accurancy: 0.0763
Std Test AUC: 0.0171
ASR : 0.49004708846007905
attack_auc : 0.8898459696587041
------------------------- time cost ------------------------- 10.505640745162964

-------------Round number: 282-------------

Evaluate personalized models
Averaged Train Loss: 0.0389
Averaged Test Accurancy: 0.7760
Averaged Test AUC: 0.9629
Std Test Accurancy: 0.0748
Std Test AUC: 0.0163
ASR : 0.5100705962264497
attack_auc : 0.8984961533788123
------------------------- time cost ------------------------- 10.702535152435303

-------------Round number: 283-------------

Evaluate personalized models
Averaged Train Loss: 0.0379
Averaged Test Accurancy: 0.7730
Averaged Test AUC: 0.9627
Std Test Accurancy: 0.0774
Std Test AUC: 0.0169
ASR : 0.5029960453879315
attack_auc : 0.8965276981375889
------------------------- time cost ------------------------- 10.530832052230835

-------------Round number: 284-------------

Evaluate personalized models
Averaged Train Loss: 0.0386
Averaged Test Accurancy: 0.7735
Averaged Test AUC: 0.9626
Std Test Accurancy: 0.0742
Std Test AUC: 0.0170
ASR : 0.5178955114581895
attack_auc : 0.9002321444336853
------------------------- time cost ------------------------- 10.299288272857666

-------------Round number: 285-------------

Evaluate personalized models
Averaged Train Loss: 0.0364
Averaged Test Accurancy: 0.7711
Averaged Test AUC: 0.9627
Std Test Accurancy: 0.0758
Std Test AUC: 0.0169
ASR : 0.5145405953220569
attack_auc : 0.899640548896322
------------------------- time cost ------------------------- 10.633238554000854

-------------Round number: 286-------------

Evaluate personalized models
Averaged Train Loss: 0.0305
Averaged Test Accurancy: 0.7777
Averaged Test AUC: 0.9636
Std Test Accurancy: 0.0753
Std Test AUC: 0.0168
ASR : 0.5144517824725735
attack_auc : 0.8999603017162746
------------------------- time cost ------------------------- 10.390347242355347

-------------Round number: 287-------------

Evaluate personalized models
Averaged Train Loss: 0.0304
Averaged Test Accurancy: 0.7780
Averaged Test AUC: 0.9638
Std Test Accurancy: 0.0749
Std Test AUC: 0.0167
ASR : 0.5158805381779807
attack_auc : 0.8989296197919724
------------------------- time cost ------------------------- 10.517368078231812

-------------Round number: 288-------------

Evaluate personalized models
Averaged Train Loss: 0.0314
Averaged Test Accurancy: 0.7774
Averaged Test AUC: 0.9633
Std Test Accurancy: 0.0759
Std Test AUC: 0.0169
ASR : 0.5129687765869119
attack_auc : 0.8977598233476451
------------------------- time cost ------------------------- 10.504649639129639

-------------Round number: 289-------------

Evaluate personalized models
Averaged Train Loss: 0.0303
Averaged Test Accurancy: 0.7782
Averaged Test AUC: 0.9637
Std Test Accurancy: 0.0740
Std Test AUC: 0.0168
ASR : 0.5030355764143372
attack_auc : 0.8948737177171407
------------------------- time cost ------------------------- 10.480706930160522

-------------Round number: 290-------------

Evaluate personalized models
Averaged Train Loss: 0.0390
Averaged Test Accurancy: 0.7663
Averaged Test AUC: 0.9617
Std Test Accurancy: 0.0789
Std Test AUC: 0.0185
ASR : 0.48526562235420817
attack_auc : 0.8892326417244344
------------------------- time cost ------------------------- 10.692074298858643

-------------Round number: 291-------------

Evaluate personalized models
Averaged Train Loss: 0.0325
Averaged Test Accurancy: 0.7753
Averaged Test AUC: 0.9630
Std Test Accurancy: 0.0762
Std Test AUC: 0.0174
ASR : 0.5148090542657717
attack_auc : 0.8992858078215962
------------------------- time cost ------------------------- 10.547954559326172

-------------Round number: 292-------------

Evaluate personalized models
Averaged Train Loss: 0.0310
Averaged Test Accurancy: 0.7784
Averaged Test AUC: 0.9629
Std Test Accurancy: 0.0761
Std Test AUC: 0.0176
ASR : 0.5137946289480018
attack_auc : 0.8984415271825411
------------------------- time cost ------------------------- 10.540203332901001

-------------Round number: 293-------------

Evaluate personalized models
Averaged Train Loss: 0.0295
Averaged Test Accurancy: 0.7794
Averaged Test AUC: 0.9629
Std Test Accurancy: 0.0767
Std Test AUC: 0.0176
ASR : 0.5115430087543112
attack_auc : 0.8975957817630881
------------------------- time cost ------------------------- 10.608646869659424

-------------Round number: 294-------------

Evaluate personalized models
Averaged Train Loss: 0.0296
Averaged Test Accurancy: 0.7786
Averaged Test AUC: 0.9630
Std Test Accurancy: 0.0734
Std Test AUC: 0.0169
ASR : 0.5384794721008094
attack_auc : 0.907383912270234
------------------------- time cost ------------------------- 10.39969277381897

-------------Round number: 295-------------

Evaluate personalized models
Averaged Train Loss: 0.0281
Averaged Test Accurancy: 0.7779
Averaged Test AUC: 0.9631
Std Test Accurancy: 0.0749
Std Test AUC: 0.0167
ASR : 0.5452189349021517
attack_auc : 0.9078945288939617
------------------------- time cost ------------------------- 10.545143842697144

-------------Round number: 296-------------

Evaluate personalized models
Averaged Train Loss: 0.0260
Averaged Test Accurancy: 0.7786
Averaged Test AUC: 0.9632
Std Test Accurancy: 0.0750
Std Test AUC: 0.0166
ASR : 0.5567833931891826
attack_auc : 0.9125723306883747
------------------------- time cost ------------------------- 10.53644847869873

-------------Round number: 297-------------

Evaluate personalized models
Averaged Train Loss: 0.0246
Averaged Test Accurancy: 0.7794
Averaged Test AUC: 0.9634
Std Test Accurancy: 0.0758
Std Test AUC: 0.0166
ASR : 0.5483689837536946
attack_auc : 0.9073143827653916
------------------------- time cost ------------------------- 10.297876119613647

-------------Round number: 298-------------

Evaluate personalized models
Averaged Train Loss: 0.0319
Averaged Test Accurancy: 0.7769
Averaged Test AUC: 0.9630
Std Test Accurancy: 0.0738
Std Test AUC: 0.0168
ASR : 0.5369350945592365
attack_auc : 0.9054893533622898
------------------------- time cost ------------------------- 10.686635494232178

-------------Round number: 299-------------

Evaluate personalized models
Averaged Train Loss: 0.0271
Averaged Test Accurancy: 0.7795
Averaged Test AUC: 0.9635
Std Test Accurancy: 0.0762
Std Test AUC: 0.0166
ASR : 0.5441548562835261
attack_auc : 0.9068288171436504
------------------------- time cost ------------------------- 10.40490436553955

-------------Round number: 300-------------

Evaluate personalized models
Averaged Train Loss: 0.0278
Averaged Test Accurancy: 0.7752
Averaged Test AUC: 0.9629
Std Test Accurancy: 0.0771
Std Test AUC: 0.0166
ASR : 0.5723250339684599
attack_auc : 0.9120687011908667
------------------------- time cost ------------------------- 10.280910730361938

-------------Round number: 301-------------

Evaluate personalized models
Averaged Train Loss: 0.0431
Averaged Test Accurancy: 0.7704
Averaged Test AUC: 0.9610
Std Test Accurancy: 0.0789
Std Test AUC: 0.0180
ASR : 0.5890877935764934
attack_auc : 0.9179156290068077
------------------------- time cost ------------------------- 10.652714967727661

-------------Round number: 302-------------

Evaluate personalized models
Averaged Train Loss: 0.0362
Averaged Test Accurancy: 0.7696
Averaged Test AUC: 0.9610
Std Test Accurancy: 0.0761
Std Test AUC: 0.0176
ASR : 0.5961557311670369
attack_auc : 0.9201720967744687
------------------------- time cost ------------------------- 10.543434619903564

-------------Round number: 303-------------

Evaluate personalized models
Averaged Train Loss: 0.0281
Averaged Test Accurancy: 0.7763
Averaged Test AUC: 0.9628
Std Test Accurancy: 0.0736
Std Test AUC: 0.0166
ASR : 0.5738788805296849
attack_auc : 0.9145790119524222
------------------------- time cost ------------------------- 10.304299592971802

-------------Round number: 304-------------

Evaluate personalized models
Averaged Train Loss: 0.0300
Averaged Test Accurancy: 0.7750
Averaged Test AUC: 0.9614
Std Test Accurancy: 0.0711
Std Test AUC: 0.0168
ASR : 0.5827771255300631
attack_auc : 0.9189683320310089
------------------------- time cost ------------------------- 10.503632068634033

-------------Round number: 305-------------

Evaluate personalized models
Averaged Train Loss: 0.0269
Averaged Test Accurancy: 0.7763
Averaged Test AUC: 0.9619
Std Test Accurancy: 0.0696
Std Test AUC: 0.0164
ASR : 0.5827041976016545
attack_auc : 0.9167616435074264
------------------------- time cost ------------------------- 10.700263500213623

-------------Round number: 306-------------

Evaluate personalized models
Averaged Train Loss: 0.0326
Averaged Test Accurancy: 0.7705
Averaged Test AUC: 0.9612
Std Test Accurancy: 0.0708
Std Test AUC: 0.0170
ASR : 0.5387564231483912
attack_auc : 0.9058862955473788
------------------------- time cost ------------------------- 10.605120420455933

-------------Round number: 307-------------

Evaluate personalized models
Averaged Train Loss: 0.0291
Averaged Test Accurancy: 0.7718
Averaged Test AUC: 0.9617
Std Test Accurancy: 0.0753
Std Test AUC: 0.0172
ASR : 0.5720989782298727
attack_auc : 0.9138564746979511
------------------------- time cost ------------------------- 10.460789442062378

-------------Round number: 308-------------

Evaluate personalized models
Averaged Train Loss: 0.0273
Averaged Test Accurancy: 0.7729
Averaged Test AUC: 0.9621
Std Test Accurancy: 0.0746
Std Test AUC: 0.0169
ASR : 0.5789806356298512
attack_auc : 0.9151736565018925
------------------------- time cost ------------------------- 10.45700979232788

-------------Round number: 309-------------

Evaluate personalized models
Averaged Train Loss: 0.0260
Averaged Test Accurancy: 0.7754
Averaged Test AUC: 0.9628
Std Test Accurancy: 0.0707
Std Test AUC: 0.0166
ASR : 0.548863048916214
attack_auc : 0.9063027828280493
------------------------- time cost ------------------------- 10.425676345825195

-------------Round number: 310-------------

Evaluate personalized models
Averaged Train Loss: 0.0227
Averaged Test Accurancy: 0.7782
Averaged Test AUC: 0.9632
Std Test Accurancy: 0.0709
Std Test AUC: 0.0163
ASR : 0.5539047334521439
attack_auc : 0.9083045882182477
------------------------- time cost ------------------------- 10.30228590965271

-------------Round number: 311-------------

Evaluate personalized models
Averaged Train Loss: 0.0226
Averaged Test Accurancy: 0.7764
Averaged Test AUC: 0.9630
Std Test Accurancy: 0.0729
Std Test AUC: 0.0161
ASR : 0.5808617586041449
attack_auc : 0.9141295263338713
------------------------- time cost ------------------------- 10.379013299942017

-------------Round number: 312-------------

Evaluate personalized models
Averaged Train Loss: 0.0209
Averaged Test Accurancy: 0.7762
Averaged Test AUC: 0.9631
Std Test Accurancy: 0.0706
Std Test AUC: 0.0163
ASR : 0.5640360010128054
attack_auc : 0.9101840040035526
------------------------- time cost ------------------------- 10.776792287826538

-------------Round number: 313-------------

Evaluate personalized models
Averaged Train Loss: 0.0208
Averaged Test Accurancy: 0.7768
Averaged Test AUC: 0.9634
Std Test Accurancy: 0.0732
Std Test AUC: 0.0164
ASR : 0.5674574101983016
attack_auc : 0.9124533784957958
------------------------- time cost ------------------------- 10.499071598052979

-------------Round number: 314-------------

Evaluate personalized models
Averaged Train Loss: 0.0194
Averaged Test Accurancy: 0.7762
Averaged Test AUC: 0.9635
Std Test Accurancy: 0.0720
Std Test AUC: 0.0165
ASR : 0.5697113092172007
attack_auc : 0.9118904128158958
------------------------- time cost ------------------------- 10.878220319747925

-------------Round number: 315-------------

Evaluate personalized models
Averaged Train Loss: 0.0186
Averaged Test Accurancy: 0.7771
Averaged Test AUC: 0.9636
Std Test Accurancy: 0.0718
Std Test AUC: 0.0164
ASR : 0.578512860417306
attack_auc : 0.9151920894077817
------------------------- time cost ------------------------- 10.466909170150757

-------------Round number: 316-------------

Evaluate personalized models
Averaged Train Loss: 0.0178
Averaged Test Accurancy: 0.7769
Averaged Test AUC: 0.9635
Std Test Accurancy: 0.0742
Std Test AUC: 0.0165
ASR : 0.5881292968971816
attack_auc : 0.9180896312081513
------------------------- time cost ------------------------- 10.19565463066101

-------------Round number: 317-------------

Evaluate personalized models
Averaged Train Loss: 0.0182
Averaged Test Accurancy: 0.7769
Averaged Test AUC: 0.9632
Std Test Accurancy: 0.0718
Std Test AUC: 0.0162
ASR : 0.5851816439418438
attack_auc : 0.9185417326707473
------------------------- time cost ------------------------- 10.429671049118042

-------------Round number: 318-------------

Evaluate personalized models
Averaged Train Loss: 0.0167
Averaged Test Accurancy: 0.7766
Averaged Test AUC: 0.9631
Std Test Accurancy: 0.0746
Std Test AUC: 0.0167
ASR : 0.5782933819501686
attack_auc : 0.9164786034091926
------------------------- time cost ------------------------- 10.552929401397705

-------------Round number: 319-------------

Evaluate personalized models
Averaged Train Loss: 0.0148
Averaged Test Accurancy: 0.7786
Averaged Test AUC: 0.9638
Std Test Accurancy: 0.0742
Std Test AUC: 0.0164
ASR : 0.574193296461051
attack_auc : 0.914949661192582
------------------------- time cost ------------------------- 10.662589073181152

-------------Round number: 320-------------

Evaluate personalized models
Averaged Train Loss: 0.0164
Averaged Test Accurancy: 0.7768
Averaged Test AUC: 0.9628
Std Test Accurancy: 0.0734
Std Test AUC: 0.0170
ASR : 0.5665208185667902
attack_auc : 0.913049219446102
------------------------- time cost ------------------------- 10.756157159805298

-------------Round number: 321-------------

Evaluate personalized models
Averaged Train Loss: 0.0164
Averaged Test Accurancy: 0.7798
Averaged Test AUC: 0.9632
Std Test Accurancy: 0.0729
Std Test AUC: 0.0170
ASR : 0.5417400798344032
attack_auc : 0.9063125007435033
------------------------- time cost ------------------------- 10.353631734848022

-------------Round number: 322-------------

Evaluate personalized models
Averaged Train Loss: 0.0172
Averaged Test Accurancy: 0.7776
Averaged Test AUC: 0.9632
Std Test Accurancy: 0.0753
Std Test AUC: 0.0171
ASR : 0.5363522059504764
attack_auc : 0.9028394016287352
------------------------- time cost ------------------------- 10.587425947189331

-------------Round number: 323-------------

Evaluate personalized models
Averaged Train Loss: 0.0151
Averaged Test Accurancy: 0.7817
Averaged Test AUC: 0.9640
Std Test Accurancy: 0.0718
Std Test AUC: 0.0164
ASR : 0.5395061594563902
attack_auc : 0.9033551148777221
------------------------- time cost ------------------------- 10.187851905822754

-------------Round number: 324-------------

Evaluate personalized models
Averaged Train Loss: 0.0135
Averaged Test Accurancy: 0.7809
Averaged Test AUC: 0.9643
Std Test Accurancy: 0.0754
Std Test AUC: 0.0164
ASR : 0.536188486322561
attack_auc : 0.9040049100732807
------------------------- time cost ------------------------- 10.672678232192993

-------------Round number: 325-------------

Evaluate personalized models
Averaged Train Loss: 0.0143
Averaged Test Accurancy: 0.7805
Averaged Test AUC: 0.9641
Std Test Accurancy: 0.0762
Std Test AUC: 0.0165
ASR : 0.513181355941488
attack_auc : 0.8975725977220804
------------------------- time cost ------------------------- 10.540616989135742

-------------Round number: 326-------------

Evaluate personalized models
Averaged Train Loss: 0.0153
Averaged Test Accurancy: 0.7763
Averaged Test AUC: 0.9639
Std Test Accurancy: 0.0779
Std Test AUC: 0.0168
ASR : 0.5366055093079963
attack_auc : 0.9057677769756546
------------------------- time cost ------------------------- 10.625898122787476

-------------Round number: 327-------------

Evaluate personalized models
Averaged Train Loss: 0.0151
Averaged Test Accurancy: 0.7791
Averaged Test AUC: 0.9637
Std Test Accurancy: 0.0745
Std Test AUC: 0.0166
ASR : 0.533561936257985
attack_auc : 0.9038138045246508
------------------------- time cost ------------------------- 10.669283866882324

-------------Round number: 328-------------

Evaluate personalized models
Averaged Train Loss: 0.0134
Averaged Test Accurancy: 0.7822
Averaged Test AUC: 0.9641
Std Test Accurancy: 0.0729
Std Test AUC: 0.0163
ASR : 0.5474898925694576
attack_auc : 0.9086167393852476
------------------------- time cost ------------------------- 10.237854480743408

-------------Round number: 329-------------

Evaluate personalized models
Averaged Train Loss: 0.0120
Averaged Test Accurancy: 0.7845
Averaged Test AUC: 0.9645
Std Test Accurancy: 0.0727
Std Test AUC: 0.0159
ASR : 0.5392598960234061
attack_auc : 0.9062022457223552
------------------------- time cost ------------------------- 10.858123540878296

-------------Round number: 330-------------

Evaluate personalized models
Averaged Train Loss: 0.0112
Averaged Test Accurancy: 0.7847
Averaged Test AUC: 0.9646
Std Test Accurancy: 0.0721
Std Test AUC: 0.0160
ASR : 0.5380199291397887
attack_auc : 0.9068628938509974
------------------------- time cost ------------------------- 10.55616569519043

-------------Round number: 331-------------

Evaluate personalized models
Averaged Train Loss: 0.0133
Averaged Test Accurancy: 0.7797
Averaged Test AUC: 0.9640
Std Test Accurancy: 0.0734
Std Test AUC: 0.0162
ASR : 0.542551901599403
attack_auc : 0.9078700679273086
------------------------- time cost ------------------------- 10.399539232254028

-------------Round number: 332-------------

Evaluate personalized models
Averaged Train Loss: 0.0185
Averaged Test Accurancy: 0.7724
Averaged Test AUC: 0.9619
Std Test Accurancy: 0.0755
Std Test AUC: 0.0167
ASR : 0.5700040436474998
attack_auc : 0.9167406321199566
------------------------- time cost ------------------------- 10.667463541030884

-------------Round number: 333-------------

Evaluate personalized models
Averaged Train Loss: 0.0144
Averaged Test Accurancy: 0.7792
Averaged Test AUC: 0.9630
Std Test Accurancy: 0.0728
Std Test AUC: 0.0164
ASR : 0.5458290177156158
attack_auc : 0.9097195504672819
------------------------- time cost ------------------------- 10.470853328704834

-------------Round number: 334-------------

Evaluate personalized models
Averaged Train Loss: 0.0136
Averaged Test Accurancy: 0.7794
Averaged Test AUC: 0.9636
Std Test Accurancy: 0.0740
Std Test AUC: 0.0163
ASR : 0.5430520721032053
attack_auc : 0.9090597554873749
------------------------- time cost ------------------------- 10.493205070495605

-------------Round number: 335-------------

Evaluate personalized models
Averaged Train Loss: 0.0242
Averaged Test Accurancy: 0.7712
Averaged Test AUC: 0.9614
Std Test Accurancy: 0.0744
Std Test AUC: 0.0171
ASR : 0.5469278477433898
attack_auc : 0.909267422571001
------------------------- time cost ------------------------- 10.850680828094482

-------------Round number: 336-------------

Evaluate personalized models
Averaged Train Loss: 0.0154
Averaged Test Accurancy: 0.7790
Averaged Test AUC: 0.9634
Std Test Accurancy: 0.0715
Std Test AUC: 0.0163
ASR : 0.5345722826733358
attack_auc : 0.906202413702853
------------------------- time cost ------------------------- 10.793036699295044

-------------Round number: 337-------------

Evaluate personalized models
Averaged Train Loss: 0.0141
Averaged Test Accurancy: 0.7789
Averaged Test AUC: 0.9639
Std Test Accurancy: 0.0726
Std Test AUC: 0.0161
ASR : 0.5320216136356224
attack_auc : 0.9050969017323
------------------------- time cost ------------------------- 10.780806541442871

-------------Round number: 338-------------

Evaluate personalized models
Averaged Train Loss: 0.0130
Averaged Test Accurancy: 0.7800
Averaged Test AUC: 0.9640
Std Test Accurancy: 0.0724
Std Test AUC: 0.0163
ASR : 0.5267058516496881
attack_auc : 0.903929585008722
------------------------- time cost ------------------------- 10.548893928527832

-------------Round number: 339-------------

Evaluate personalized models
Averaged Train Loss: 0.0182
Averaged Test Accurancy: 0.7789
Averaged Test AUC: 0.9629
Std Test Accurancy: 0.0734
Std Test AUC: 0.0168
ASR : 0.5022732560674178
attack_auc : 0.8957433440717639
------------------------- time cost ------------------------- 10.380952835083008

-------------Round number: 340-------------

Evaluate personalized models
Averaged Train Loss: 0.0185
Averaged Test Accurancy: 0.7782
Averaged Test AUC: 0.9626
Std Test Accurancy: 0.0754
Std Test AUC: 0.0172
ASR : 0.5308298318242026
attack_auc : 0.9043286525169779
------------------------- time cost ------------------------- 10.565707206726074

-------------Round number: 341-------------

Evaluate personalized models
Averaged Train Loss: 0.0127
Averaged Test Accurancy: 0.7813
Averaged Test AUC: 0.9637
Std Test Accurancy: 0.0750
Std Test AUC: 0.0166
ASR : 0.5422087130754566
attack_auc : 0.9073360701080768
------------------------- time cost ------------------------- 10.458723783493042

-------------Round number: 342-------------

Evaluate personalized models
Averaged Train Loss: 0.0131
Averaged Test Accurancy: 0.7799
Averaged Test AUC: 0.9635
Std Test Accurancy: 0.0752
Std Test AUC: 0.0169
ASR : 0.5430822496713201
attack_auc : 0.9073239301801184
------------------------- time cost ------------------------- 10.579979181289673

-------------Round number: 343-------------

Evaluate personalized models
Averaged Train Loss: 0.0119
Averaged Test Accurancy: 0.7802
Averaged Test AUC: 0.9638
Std Test Accurancy: 0.0735
Std Test AUC: 0.0164
ASR : 0.548820905067948
attack_auc : 0.9097358333470918
------------------------- time cost ------------------------- 10.720471382141113

-------------Round number: 344-------------

Evaluate personalized models
Averaged Train Loss: 0.0115
Averaged Test Accurancy: 0.7819
Averaged Test AUC: 0.9640
Std Test Accurancy: 0.0718
Std Test AUC: 0.0163
ASR : 0.5447254264563715
attack_auc : 0.9092456921016511
------------------------- time cost ------------------------- 10.547421216964722

-------------Round number: 345-------------

Evaluate personalized models
Averaged Train Loss: 0.0115
Averaged Test Accurancy: 0.7811
Averaged Test AUC: 0.9640
Std Test Accurancy: 0.0728
Std Test AUC: 0.0165
ASR : 0.557156896295492
attack_auc : 0.9125927067343717
------------------------- time cost ------------------------- 10.227372884750366

-------------Round number: 346-------------

Evaluate personalized models
Averaged Train Loss: 0.0105
Averaged Test Accurancy: 0.7810
Averaged Test AUC: 0.9643
Std Test Accurancy: 0.0741
Std Test AUC: 0.0163
ASR : 0.5448714435075532
attack_auc : 0.9091926690443243
------------------------- time cost ------------------------- 10.791399955749512

-------------Round number: 347-------------

Evaluate personalized models
Averaged Train Loss: 0.0096
Averaged Test Accurancy: 0.7826
Averaged Test AUC: 0.9646
Std Test Accurancy: 0.0724
Std Test AUC: 0.0161
ASR : 0.5588629882038364
attack_auc : 0.9129214522104241
------------------------- time cost ------------------------- 10.596824645996094

-------------Round number: 348-------------

Evaluate personalized models
Averaged Train Loss: 0.0109
Averaged Test Accurancy: 0.7783
Averaged Test AUC: 0.9633
Std Test Accurancy: 0.0749
Std Test AUC: 0.0165
ASR : 0.5906362848945063
attack_auc : 0.9214458798750067
------------------------- time cost ------------------------- 10.620954275131226

-------------Round number: 349-------------

Evaluate personalized models
Averaged Train Loss: 0.0103
Averaged Test Accurancy: 0.7786
Averaged Test AUC: 0.9635
Std Test Accurancy: 0.0768
Std Test AUC: 0.0165
ASR : 0.5871859420533069
attack_auc : 0.9204782110750358
------------------------- time cost ------------------------- 10.462721824645996

-------------Round number: 350-------------

Evaluate personalized models
Averaged Train Loss: 0.0097
Averaged Test Accurancy: 0.7805
Averaged Test AUC: 0.9641
Std Test Accurancy: 0.0777
Std Test AUC: 0.0163
ASR : 0.5831777510545468
attack_auc : 0.9190373434727641
------------------------- time cost ------------------------- 10.290778160095215

-------------Round number: 351-------------

Evaluate personalized models
Averaged Train Loss: 0.0089
Averaged Test Accurancy: 0.7808
Averaged Test AUC: 0.9645
Std Test Accurancy: 0.0754
Std Test AUC: 0.0162
ASR : 0.5742392772442989
attack_auc : 0.9163114633108486
------------------------- time cost ------------------------- 10.608574151992798

-------------Round number: 352-------------

Evaluate personalized models
Averaged Train Loss: 0.0087
Averaged Test Accurancy: 0.7826
Averaged Test AUC: 0.9647
Std Test Accurancy: 0.0748
Std Test AUC: 0.0160
ASR : 0.5644711219728313
attack_auc : 0.915025935530841
------------------------- time cost ------------------------- 10.485934734344482

-------------Round number: 353-------------

Evaluate personalized models
Averaged Train Loss: 0.0079
Averaged Test Accurancy: 0.7832
Averaged Test AUC: 0.9651
Std Test Accurancy: 0.0739
Std Test AUC: 0.0158
ASR : 0.5610114077088052
attack_auc : 0.9133768303610831
------------------------- time cost ------------------------- 10.55757999420166

-------------Round number: 354-------------

Evaluate personalized models
Averaged Train Loss: 0.0080
Averaged Test Accurancy: 0.7828
Averaged Test AUC: 0.9649
Std Test Accurancy: 0.0729
Std Test AUC: 0.0158
ASR : 0.5661386635454149
attack_auc : 0.914534338345407
------------------------- time cost ------------------------- 10.281542301177979

-------------Round number: 355-------------

Evaluate personalized models
Averaged Train Loss: 0.0074
Averaged Test Accurancy: 0.7823
Averaged Test AUC: 0.9648
Std Test Accurancy: 0.0723
Std Test AUC: 0.0156
ASR : 0.5617288605528263
attack_auc : 0.9128242007656872
------------------------- time cost ------------------------- 10.398137092590332

-------------Round number: 356-------------

Evaluate personalized models
Averaged Train Loss: 0.0072
Averaged Test Accurancy: 0.7829
Averaged Test AUC: 0.9649
Std Test Accurancy: 0.0717
Std Test AUC: 0.0155
ASR : 0.56437405730049
attack_auc : 0.9134922271121697
------------------------- time cost ------------------------- 10.881348609924316

-------------Round number: 357-------------

Evaluate personalized models
Averaged Train Loss: 0.0071
Averaged Test Accurancy: 0.7842
Averaged Test AUC: 0.9652
Std Test Accurancy: 0.0717
Std Test AUC: 0.0156
ASR : 0.5581243510356997
attack_auc : 0.911579816083026
------------------------- time cost ------------------------- 10.38466739654541

-------------Round number: 358-------------

Evaluate personalized models
Averaged Train Loss: 0.0070
Averaged Test Accurancy: 0.7850
Averaged Test AUC: 0.9651
Std Test Accurancy: 0.0718
Std Test AUC: 0.0156
ASR : 0.5601223283609346
attack_auc : 0.9122609412391349
------------------------- time cost ------------------------- 10.353148460388184

-------------Round number: 359-------------

Evaluate personalized models
Averaged Train Loss: 0.0082
Averaged Test Accurancy: 0.7798
Averaged Test AUC: 0.9641
Std Test Accurancy: 0.0723
Std Test AUC: 0.0160
ASR : 0.5692947102831631
attack_auc : 0.9137121279693198
------------------------- time cost ------------------------- 10.23422384262085

-------------Round number: 360-------------

Evaluate personalized models
Averaged Train Loss: 0.0098
Averaged Test Accurancy: 0.7758
Averaged Test AUC: 0.9634
Std Test Accurancy: 0.0731
Std Test AUC: 0.0163
ASR : 0.5573590795853085
attack_auc : 0.9120428602076681
------------------------- time cost ------------------------- 10.777723789215088

-------------Round number: 361-------------

Evaluate personalized models
Averaged Train Loss: 0.0078
Averaged Test Accurancy: 0.7803
Averaged Test AUC: 0.9644
Std Test Accurancy: 0.0725
Std Test AUC: 0.0161
ASR : 0.5549312108357586
attack_auc : 0.9112967405652329
------------------------- time cost ------------------------- 10.385110855102539

-------------Round number: 362-------------

Evaluate personalized models
Averaged Train Loss: 0.0069
Averaged Test Accurancy: 0.7821
Averaged Test AUC: 0.9646
Std Test Accurancy: 0.0736
Std Test AUC: 0.0161
ASR : 0.5579842850549116
attack_auc : 0.9119349662886561
------------------------- time cost ------------------------- 10.424773216247559

-------------Round number: 363-------------

Evaluate personalized models
Averaged Train Loss: 0.0064
Averaged Test Accurancy: 0.7837
Averaged Test AUC: 0.9649
Std Test Accurancy: 0.0722
Std Test AUC: 0.0159
ASR : 0.5565672723156523
attack_auc : 0.9117806869768237
------------------------- time cost ------------------------- 10.480822563171387

-------------Round number: 364-------------

Evaluate personalized models
Averaged Train Loss: 0.0060
Averaged Test Accurancy: 0.7852
Averaged Test AUC: 0.9651
Std Test Accurancy: 0.0726
Std Test AUC: 0.0157
ASR : 0.5534376479570391
attack_auc : 0.9114461071785172
------------------------- time cost ------------------------- 10.657578468322754

-------------Round number: 365-------------

Evaluate personalized models
Averaged Train Loss: 0.0059
Averaged Test Accurancy: 0.7863
Averaged Test AUC: 0.9652
Std Test Accurancy: 0.0714
Std Test AUC: 0.0157
ASR : 0.5499517686162985
attack_auc : 0.9106094531611381
------------------------- time cost ------------------------- 10.768579483032227

-------------Round number: 366-------------

Evaluate personalized models
Averaged Train Loss: 0.0060
Averaged Test Accurancy: 0.7848
Averaged Test AUC: 0.9652
Std Test Accurancy: 0.0705
Std Test AUC: 0.0158
ASR : 0.5483224676797157
attack_auc : 0.9102012194572562
------------------------- time cost ------------------------- 10.472736835479736

-------------Round number: 367-------------

Evaluate personalized models
Averaged Train Loss: 0.0059
Averaged Test Accurancy: 0.7851
Averaged Test AUC: 0.9651
Std Test Accurancy: 0.0703
Std Test AUC: 0.0158
ASR : 0.5623484891178882
attack_auc : 0.9128352167406878
------------------------- time cost ------------------------- 11.15451169013977

-------------Round number: 368-------------

Evaluate personalized models
Averaged Train Loss: 0.0059
Averaged Test Accurancy: 0.7845
Averaged Test AUC: 0.9652
Std Test Accurancy: 0.0703
Std Test AUC: 0.0155
ASR : 0.5702002458142968
attack_auc : 0.9157664007562878
------------------------- time cost ------------------------- 10.777855634689331

-------------Round number: 369-------------

Evaluate personalized models
Averaged Train Loss: 0.0057
Averaged Test Accurancy: 0.7841
Averaged Test AUC: 0.9651
Std Test Accurancy: 0.0699
Std Test AUC: 0.0156
ASR : 0.5639629965602737
attack_auc : 0.9148516116388768
------------------------- time cost ------------------------- 10.480577230453491

-------------Round number: 370-------------

Evaluate personalized models
Averaged Train Loss: 0.0064
Averaged Test Accurancy: 0.7838
Averaged Test AUC: 0.9646
Std Test Accurancy: 0.0698
Std Test AUC: 0.0161
ASR : 0.5374814140078317
attack_auc : 0.9072556436647372
------------------------- time cost ------------------------- 10.424428224563599

-------------Round number: 371-------------

Evaluate personalized models
Averaged Train Loss: 0.0062
Averaged Test Accurancy: 0.7840
Averaged Test AUC: 0.9647
Std Test Accurancy: 0.0722
Std Test AUC: 0.0162
ASR : 0.5447836031547768
attack_auc : 0.9082600407566961
------------------------- time cost ------------------------- 10.704925060272217

-------------Round number: 372-------------

Evaluate personalized models
Averaged Train Loss: 0.0057
Averaged Test Accurancy: 0.7828
Averaged Test AUC: 0.9649
Std Test Accurancy: 0.0724
Std Test AUC: 0.0158
ASR : 0.5578967552210158
attack_auc : 0.912597866648302
------------------------- time cost ------------------------- 10.56659483909607

-------------Round number: 373-------------

Evaluate personalized models
Averaged Train Loss: 0.0056
Averaged Test Accurancy: 0.7826
Averaged Test AUC: 0.9650
Std Test Accurancy: 0.0714
Std Test AUC: 0.0158
ASR : 0.5607272570172209
attack_auc : 0.913290654320104
------------------------- time cost ------------------------- 10.84838604927063

-------------Round number: 374-------------

Evaluate personalized models
Averaged Train Loss: 0.0054
Averaged Test Accurancy: 0.7848
Averaged Test AUC: 0.9652
Std Test Accurancy: 0.0712
Std Test AUC: 0.0155
ASR : 0.5645439876725726
attack_auc : 0.9149474852025451
------------------------- time cost ------------------------- 10.495820999145508

-------------Round number: 375-------------

Evaluate personalized models
Averaged Train Loss: 0.0052
Averaged Test Accurancy: 0.7852
Averaged Test AUC: 0.9652
Std Test Accurancy: 0.0710
Std Test AUC: 0.0155
ASR : 0.5717916731195013
attack_auc : 0.9169438430888402
------------------------- time cost ------------------------- 10.588442325592041

-------------Round number: 376-------------

Evaluate personalized models
Averaged Train Loss: 0.0051
Averaged Test Accurancy: 0.7845
Averaged Test AUC: 0.9653
Std Test Accurancy: 0.0730
Std Test AUC: 0.0156
ASR : 0.5651772941247871
attack_auc : 0.9154026179057455
------------------------- time cost ------------------------- 10.446127891540527

-------------Round number: 377-------------

Evaluate personalized models
Averaged Train Loss: 0.0048
Averaged Test Accurancy: 0.7863
Averaged Test AUC: 0.9654
Std Test Accurancy: 0.0721
Std Test AUC: 0.0155
ASR : 0.5685767594662042
attack_auc : 0.9158454270814177
------------------------- time cost ------------------------- 10.594763278961182

-------------Round number: 378-------------

Evaluate personalized models
Averaged Train Loss: 0.0046
Averaged Test Accurancy: 0.7834
Averaged Test AUC: 0.9653
Std Test Accurancy: 0.0736
Std Test AUC: 0.0156
ASR : 0.5729241909738878
attack_auc : 0.917141901320355
------------------------- time cost ------------------------- 10.31134295463562

-------------Round number: 379-------------

Evaluate personalized models
Averaged Train Loss: 0.0045
Averaged Test Accurancy: 0.7848
Averaged Test AUC: 0.9652
Std Test Accurancy: 0.0718
Std Test AUC: 0.0156
ASR : 0.5779042763575566
attack_auc : 0.9176622237587463
------------------------- time cost ------------------------- 10.391149997711182

-------------Round number: 380-------------

Evaluate personalized models
Averaged Train Loss: 0.0043
Averaged Test Accurancy: 0.7837
Averaged Test AUC: 0.9654
Std Test Accurancy: 0.0724
Std Test AUC: 0.0154
ASR : 0.5704819311308756
attack_auc : 0.9164232611597349
------------------------- time cost ------------------------- 10.471800327301025

-------------Round number: 381-------------

Evaluate personalized models
Averaged Train Loss: 0.0041
Averaged Test Accurancy: 0.7838
Averaged Test AUC: 0.9655
Std Test Accurancy: 0.0715
Std Test AUC: 0.0155
ASR : 0.5636061944846286
attack_auc : 0.9147713685260821
------------------------- time cost ------------------------- 10.625845432281494

-------------Round number: 382-------------

Evaluate personalized models
Averaged Train Loss: 0.0040
Averaged Test Accurancy: 0.7848
Averaged Test AUC: 0.9656
Std Test Accurancy: 0.0719
Std Test AUC: 0.0155
ASR : 0.565167244580244
attack_auc : 0.9147874970068628
------------------------- time cost ------------------------- 10.461623907089233

-------------Round number: 383-------------

Evaluate personalized models
Averaged Train Loss: 0.0040
Averaged Test Accurancy: 0.7833
Averaged Test AUC: 0.9653
Std Test Accurancy: 0.0719
Std Test AUC: 0.0156
ASR : 0.5675951681153498
attack_auc : 0.9152441328326534
------------------------- time cost ------------------------- 10.465851783752441

-------------Round number: 384-------------

Evaluate personalized models
Averaged Train Loss: 0.0039
Averaged Test Accurancy: 0.7855
Averaged Test AUC: 0.9655
Std Test Accurancy: 0.0696
Std Test AUC: 0.0154
ASR : 0.5697086391086711
attack_auc : 0.915744807989503
------------------------- time cost ------------------------- 10.47723913192749

-------------Round number: 385-------------

Evaluate personalized models
Averaged Train Loss: 0.0040
Averaged Test Accurancy: 0.7845
Averaged Test AUC: 0.9656
Std Test Accurancy: 0.0708
Std Test AUC: 0.0154
ASR : 0.561372626086441
attack_auc : 0.9132390397346233
------------------------- time cost ------------------------- 10.686721801757812

-------------Round number: 386-------------

Evaluate personalized models
Averaged Train Loss: 0.0039
Averaged Test Accurancy: 0.7838
Averaged Test AUC: 0.9656
Std Test Accurancy: 0.0708
Std Test AUC: 0.0154
ASR : 0.5627293529778332
attack_auc : 0.9138454436724542
------------------------- time cost ------------------------- 10.521024703979492

-------------Round number: 387-------------

Evaluate personalized models
Averaged Train Loss: 0.0040
Averaged Test Accurancy: 0.7834
Averaged Test AUC: 0.9656
Std Test Accurancy: 0.0727
Std Test AUC: 0.0154
ASR : 0.5633204790129922
attack_auc : 0.9106151041123319
------------------------- time cost ------------------------- 10.491356134414673

-------------Round number: 388-------------

Evaluate personalized models
Averaged Train Loss: 0.0290
Averaged Test Accurancy: 0.7603
Averaged Test AUC: 0.9572
Std Test Accurancy: 0.0713
Std Test AUC: 0.0183
ASR : 0.5753320873485962
attack_auc : 0.9178007267217446
------------------------- time cost ------------------------- 10.62883734703064

-------------Round number: 389-------------

Evaluate personalized models
Averaged Train Loss: 0.0089
Averaged Test Accurancy: 0.7765
Averaged Test AUC: 0.9627
Std Test Accurancy: 0.0708
Std Test AUC: 0.0165
ASR : 0.5744682818469129
attack_auc : 0.9174481771708989
------------------------- time cost ------------------------- 10.958868265151978

-------------Round number: 390-------------

Evaluate personalized models
Averaged Train Loss: 0.0063
Averaged Test Accurancy: 0.7788
Averaged Test AUC: 0.9643
Std Test Accurancy: 0.0721
Std Test AUC: 0.0161
ASR : 0.5820212080813304
attack_auc : 0.9186121686404988
------------------------- time cost ------------------------- 10.398250341415405

-------------Round number: 391-------------

Evaluate personalized models
Averaged Train Loss: 0.0054
Averaged Test Accurancy: 0.7826
Averaged Test AUC: 0.9650
Std Test Accurancy: 0.0701
Std Test AUC: 0.0156
ASR : 0.5772195192223976
attack_auc : 0.9174302597194881
------------------------- time cost ------------------------- 10.443414449691772

-------------Round number: 392-------------

Evaluate personalized models
Averaged Train Loss: 0.0051
Averaged Test Accurancy: 0.7831
Averaged Test AUC: 0.9650
Std Test Accurancy: 0.0705
Std Test AUC: 0.0156
ASR : 0.5738296539192846
attack_auc : 0.9168156005640603
------------------------- time cost ------------------------- 10.525194644927979

-------------Round number: 393-------------

Evaluate personalized models
Averaged Train Loss: 0.0050
Averaged Test Accurancy: 0.7802
Averaged Test AUC: 0.9650
Std Test Accurancy: 0.0721
Std Test AUC: 0.0156
ASR : 0.5645987690908628
attack_auc : 0.9144153538859658
------------------------- time cost ------------------------- 10.567121505737305

-------------Round number: 394-------------

Evaluate personalized models
Averaged Train Loss: 0.0046
Averaged Test Accurancy: 0.7812
Averaged Test AUC: 0.9651
Std Test Accurancy: 0.0727
Std Test AUC: 0.0155
ASR : 0.5691237835276112
attack_auc : 0.9158774741961714
------------------------- time cost ------------------------- 10.57229495048523

-------------Round number: 395-------------

Evaluate personalized models
Averaged Train Loss: 0.0043
Averaged Test Accurancy: 0.7827
Averaged Test AUC: 0.9653
Std Test Accurancy: 0.0710
Std Test AUC: 0.0154
ASR : 0.5653033600463416
attack_auc : 0.915214832230583
------------------------- time cost ------------------------- 10.289787769317627

-------------Round number: 396-------------

Evaluate personalized models
Averaged Train Loss: 0.0044
Averaged Test Accurancy: 0.7843
Averaged Test AUC: 0.9651
Std Test Accurancy: 0.0721
Std Test AUC: 0.0154
ASR : 0.5770166717401021
attack_auc : 0.9174705305287214
------------------------- time cost ------------------------- 10.675674200057983

-------------Round number: 397-------------

Evaluate personalized models
Averaged Train Loss: 0.0077
Averaged Test Accurancy: 0.7751
Averaged Test AUC: 0.9630
Std Test Accurancy: 0.0714
Std Test AUC: 0.0162
ASR : 0.5712262703502838
attack_auc : 0.9166928948495419
------------------------- time cost ------------------------- 10.729069948196411

-------------Round number: 398-------------

Evaluate personalized models
Averaged Train Loss: 0.0054
Averaged Test Accurancy: 0.7799
Averaged Test AUC: 0.9644
Std Test Accurancy: 0.0708
Std Test AUC: 0.0159
ASR : 0.5707496031682716
attack_auc : 0.9159628441840787
------------------------- time cost ------------------------- 10.565556049346924

-------------Round number: 399-------------

Evaluate personalized models
Averaged Train Loss: 0.0054
Averaged Test Accurancy: 0.7805
Averaged Test AUC: 0.9647
Std Test Accurancy: 0.0704
Std Test AUC: 0.0156
ASR : 0.5612818034807927
attack_auc : 0.9138419618122406
------------------------- time cost ------------------------- 10.519334316253662

-------------Round number: 400-------------

Evaluate personalized models
Averaged Train Loss: 0.0046
Averaged Test Accurancy: 0.7838
Averaged Test AUC: 0.9652
Std Test Accurancy: 0.0715
Std Test AUC: 0.0156
ASR : 0.5664921342699956
attack_auc : 0.914862943242762
------------------------- time cost ------------------------- 10.422677278518677

-------------Round number: 401-------------

Evaluate personalized models
Averaged Train Loss: 0.0040
Averaged Test Accurancy: 0.7831
Averaged Test AUC: 0.9655
Std Test Accurancy: 0.0722
Std Test AUC: 0.0155
ASR : 0.5678889306855804
attack_auc : 0.9153804813121913
------------------------- time cost ------------------------- 10.483975410461426

-------------Round number: 402-------------

Evaluate personalized models
Averaged Train Loss: 0.0039
Averaged Test Accurancy: 0.7831
Averaged Test AUC: 0.9655
Std Test Accurancy: 0.0720
Std Test AUC: 0.0156
ASR : 0.5635933329118936
attack_auc : 0.9141862647031347
------------------------- time cost ------------------------- 10.51622986793518

-------------Round number: 403-------------

Evaluate personalized models
Averaged Train Loss: 0.0037
Averaged Test Accurancy: 0.7843
Averaged Test AUC: 0.9657
Std Test Accurancy: 0.0719
Std Test AUC: 0.0155
ASR : 0.5539024468772766
attack_auc : 0.912148884790408
------------------------- time cost ------------------------- 10.444870233535767

-------------Round number: 404-------------

Evaluate personalized models
Averaged Train Loss: 0.0037
Averaged Test Accurancy: 0.7859
Averaged Test AUC: 0.9655
Std Test Accurancy: 0.0714
Std Test AUC: 0.0156
ASR : 0.5616312826878912
attack_auc : 0.9140178639326361
------------------------- time cost ------------------------- 10.358428955078125

-------------Round number: 405-------------

Evaluate personalized models
Averaged Train Loss: 0.0036
Averaged Test Accurancy: 0.7855
Averaged Test AUC: 0.9656
Std Test Accurancy: 0.0713
Std Test AUC: 0.0155
ASR : 0.5674615087901773
attack_auc : 0.9154802876139952
------------------------- time cost ------------------------- 10.547871351242065

-------------Round number: 406-------------

Evaluate personalized models
Averaged Train Loss: 0.0036
Averaged Test Accurancy: 0.7837
Averaged Test AUC: 0.9655
Std Test Accurancy: 0.0692
Std Test AUC: 0.0154
ASR : 0.572354278489224
attack_auc : 0.9162879335434422
------------------------- time cost ------------------------- 10.448203802108765

-------------Round number: 407-------------

Evaluate personalized models
Averaged Train Loss: 0.0034
Averaged Test Accurancy: 0.7834
Averaged Test AUC: 0.9656
Std Test Accurancy: 0.0701
Std Test AUC: 0.0154
ASR : 0.5685703000827751
attack_auc : 0.9152900421300536
------------------------- time cost ------------------------- 10.596395254135132

-------------Round number: 408-------------

Evaluate personalized models
Averaged Train Loss: 0.0034
Averaged Test Accurancy: 0.7848
Averaged Test AUC: 0.9657
Std Test Accurancy: 0.0705
Std Test AUC: 0.0154
ASR : 0.5677872276232662
attack_auc : 0.915232286204788
------------------------- time cost ------------------------- 10.521687984466553

-------------Round number: 409-------------

Evaluate personalized models
Averaged Train Loss: 0.0033
Averaged Test Accurancy: 0.7858
Averaged Test AUC: 0.9657
Std Test Accurancy: 0.0690
Std Test AUC: 0.0153
ASR : 0.5624267029282611
attack_auc : 0.9143890179086862
------------------------- time cost ------------------------- 10.486329793930054

-------------Round number: 410-------------

Evaluate personalized models
Averaged Train Loss: 0.0032
Averaged Test Accurancy: 0.7852
Averaged Test AUC: 0.9658
Std Test Accurancy: 0.0704
Std Test AUC: 0.0153
ASR : 0.559876383218093
attack_auc : 0.9134028834380601
------------------------- time cost ------------------------- 10.597495555877686

-------------Round number: 411-------------

Evaluate personalized models
Averaged Train Loss: 0.0033
Averaged Test Accurancy: 0.7838
Averaged Test AUC: 0.9656
Std Test Accurancy: 0.0716
Std Test AUC: 0.0155
ASR : 0.555695778803808
attack_auc : 0.9121976134896737
------------------------- time cost ------------------------- 10.575731992721558

-------------Round number: 412-------------

Evaluate personalized models
Averaged Train Loss: 0.0032
Averaged Test Accurancy: 0.7865
Averaged Test AUC: 0.9657
Std Test Accurancy: 0.0684
Std Test AUC: 0.0153
ASR : 0.5541407079116025
attack_auc : 0.9121203021242675
------------------------- time cost ------------------------- 10.638204336166382

-------------Round number: 413-------------

Evaluate personalized models
Averaged Train Loss: 0.0032
Averaged Test Accurancy: 0.7854
Averaged Test AUC: 0.9657
Std Test Accurancy: 0.0714
Std Test AUC: 0.0153
ASR : 0.5494316705514103
attack_auc : 0.9111853351280699
------------------------- time cost ------------------------- 10.63929009437561

-------------Round number: 414-------------

Evaluate personalized models
Averaged Train Loss: 0.0052
Averaged Test Accurancy: 0.7785
Averaged Test AUC: 0.9647
Std Test Accurancy: 0.0737
Std Test AUC: 0.0162
ASR : 0.5431052214615791
attack_auc : 0.9078358029117103
------------------------- time cost ------------------------- 10.55361294746399

-------------Round number: 415-------------

Evaluate personalized models
Averaged Train Loss: 0.0041
Averaged Test Accurancy: 0.7820
Averaged Test AUC: 0.9653
Std Test Accurancy: 0.0731
Std Test AUC: 0.0159
ASR : 0.5519947826554327
attack_auc : 0.9109541515261952
------------------------- time cost ------------------------- 10.502897024154663

-------------Round number: 416-------------

Evaluate personalized models
Averaged Train Loss: 0.0059
Averaged Test Accurancy: 0.7799
Averaged Test AUC: 0.9640
Std Test Accurancy: 0.0737
Std Test AUC: 0.0168
ASR : 0.5462069801058808
attack_auc : 0.9096054204258383
------------------------- time cost ------------------------- 10.438125133514404

-------------Round number: 417-------------

Evaluate personalized models
Averaged Train Loss: 0.0039
Averaged Test Accurancy: 0.7832
Averaged Test AUC: 0.9652
Std Test Accurancy: 0.0712
Std Test AUC: 0.0160
ASR : 0.5582391814309262
attack_auc : 0.9128276443468039
------------------------- time cost ------------------------- 10.708045721054077

-------------Round number: 418-------------

Evaluate personalized models
Averaged Train Loss: 0.0039
Averaged Test Accurancy: 0.7828
Averaged Test AUC: 0.9651
Std Test Accurancy: 0.0722
Std Test AUC: 0.0158
ASR : 0.5786790945828649
attack_auc : 0.9189034699187341
------------------------- time cost ------------------------- 10.390225648880005

-------------Round number: 419-------------

Evaluate personalized models
Averaged Train Loss: 0.0088
Averaged Test Accurancy: 0.7751
Averaged Test AUC: 0.9627
Std Test Accurancy: 0.0748
Std Test AUC: 0.0168
ASR : 0.5933195077508072
attack_auc : 0.9217167317224022
------------------------- time cost ------------------------- 10.60025429725647

-------------Round number: 420-------------

Evaluate personalized models
Averaged Train Loss: 0.0050
Averaged Test Accurancy: 0.7790
Averaged Test AUC: 0.9643
Std Test Accurancy: 0.0727
Std Test AUC: 0.0159
ASR : 0.5878965735375439
attack_auc : 0.920779755662052
------------------------- time cost ------------------------- 10.41025185585022

-------------Round number: 421-------------

Evaluate personalized models
Averaged Train Loss: 0.0038
Averaged Test Accurancy: 0.7813
Averaged Test AUC: 0.9653
Std Test Accurancy: 0.0722
Std Test AUC: 0.0154
ASR : 0.5875170290748405
attack_auc : 0.9203236041569066
------------------------- time cost ------------------------- 10.571857213973999

-------------Round number: 422-------------

Evaluate personalized models
Averaged Train Loss: 0.0036
Averaged Test Accurancy: 0.7817
Averaged Test AUC: 0.9655
Std Test Accurancy: 0.0732
Std Test AUC: 0.0154
ASR : 0.5764464854273869
attack_auc : 0.9175544129822797
------------------------- time cost ------------------------- 10.571471452713013

-------------Round number: 423-------------

Evaluate personalized models
Averaged Train Loss: 0.0071
Averaged Test Accurancy: 0.7734
Averaged Test AUC: 0.9636
Std Test Accurancy: 0.0736
Std Test AUC: 0.0164
ASR : 0.5819244030905892
attack_auc : 0.9198816832284895
------------------------- time cost ------------------------- 10.655619621276855

-------------Round number: 424-------------

Evaluate personalized models
Averaged Train Loss: 0.0053
Averaged Test Accurancy: 0.7767
Averaged Test AUC: 0.9646
Std Test Accurancy: 0.0738
Std Test AUC: 0.0160
ASR : 0.578833014216225
attack_auc : 0.918325551465876
------------------------- time cost ------------------------- 10.467926025390625

-------------Round number: 425-------------

Evaluate personalized models
Averaged Train Loss: 0.0042
Averaged Test Accurancy: 0.7791
Averaged Test AUC: 0.9652
Std Test Accurancy: 0.0745
Std Test AUC: 0.0156
ASR : 0.5836773498795405
attack_auc : 0.9199868437740599
------------------------- time cost ------------------------- 10.440705060958862

-------------Round number: 426-------------

Evaluate personalized models
Averaged Train Loss: 0.0038
Averaged Test Accurancy: 0.7804
Averaged Test AUC: 0.9653
Std Test Accurancy: 0.0738
Std Test AUC: 0.0154
ASR : 0.56915190817182
attack_auc : 0.9159044143889097
------------------------- time cost ------------------------- 10.270199298858643

-------------Round number: 427-------------

Evaluate personalized models
Averaged Train Loss: 0.0037
Averaged Test Accurancy: 0.7823
Averaged Test AUC: 0.9652
Std Test Accurancy: 0.0721
Std Test AUC: 0.0155
ASR : 0.5809269513285512
attack_auc : 0.9186601033992542
------------------------- time cost ------------------------- 10.30298137664795

-------------Round number: 428-------------

Evaluate personalized models
Averaged Train Loss: 0.0035
Averaged Test Accurancy: 0.7831
Averaged Test AUC: 0.9653
Std Test Accurancy: 0.0738
Std Test AUC: 0.0156
ASR : 0.571674520534096
attack_auc : 0.9168637430182448
------------------------- time cost ------------------------- 10.373312950134277

-------------Round number: 429-------------

Evaluate personalized models
Averaged Train Loss: 0.0033
Averaged Test Accurancy: 0.7836
Averaged Test AUC: 0.9655
Std Test Accurancy: 0.0735
Std Test AUC: 0.0157
ASR : 0.5632046065743603
attack_auc : 0.9146212040206972
------------------------- time cost ------------------------- 10.476077318191528

-------------Round number: 430-------------

Evaluate personalized models
Averaged Train Loss: 0.0032
Averaged Test Accurancy: 0.7827
Averaged Test AUC: 0.9654
Std Test Accurancy: 0.0725
Std Test AUC: 0.0158
ASR : 0.5579340439289572
attack_auc : 0.9123921279375027
------------------------- time cost ------------------------- 10.448310375213623

-------------Round number: 431-------------

Evaluate personalized models
Averaged Train Loss: 0.0032
Averaged Test Accurancy: 0.7838
Averaged Test AUC: 0.9653
Std Test Accurancy: 0.0716
Std Test AUC: 0.0159
ASR : 0.5540002901756083
attack_auc : 0.9116880716841241
------------------------- time cost ------------------------- 10.437828779220581

-------------Round number: 432-------------

Evaluate personalized models
Averaged Train Loss: 0.0030
Averaged Test Accurancy: 0.7834
Averaged Test AUC: 0.9653
Std Test Accurancy: 0.0731
Std Test AUC: 0.0158
ASR : 0.5678059843559762
attack_auc : 0.915964598780296
------------------------- time cost ------------------------- 10.678400039672852

-------------Round number: 433-------------

Evaluate personalized models
Averaged Train Loss: 0.0030
Averaged Test Accurancy: 0.7833
Averaged Test AUC: 0.9653
Std Test Accurancy: 0.0723
Std Test AUC: 0.0157
ASR : 0.569392226887305
attack_auc : 0.9167632539720404
------------------------- time cost ------------------------- 10.493491649627686

-------------Round number: 434-------------

Evaluate personalized models
Averaged Train Loss: 0.0028
Averaged Test Accurancy: 0.7839
Averaged Test AUC: 0.9655
Std Test Accurancy: 0.0736
Std Test AUC: 0.0157
ASR : 0.56250465744045
attack_auc : 0.9148917182048748
------------------------- time cost ------------------------- 10.42235541343689

-------------Round number: 435-------------

Evaluate personalized models
Averaged Train Loss: 0.0028
Averaged Test Accurancy: 0.7828
Averaged Test AUC: 0.9656
Std Test Accurancy: 0.0736
Std Test AUC: 0.0158
ASR : 0.5600388165313647
attack_auc : 0.9134853432186241
------------------------- time cost ------------------------- 10.380334377288818

-------------Round number: 436-------------

Evaluate personalized models
Averaged Train Loss: 0.0026
Averaged Test Accurancy: 0.7815
Averaged Test AUC: 0.9655
Std Test Accurancy: 0.0756
Std Test AUC: 0.0159
ASR : 0.5587740984376685
attack_auc : 0.9131509555852537
------------------------- time cost ------------------------- 10.53765869140625

-------------Round number: 437-------------

Evaluate personalized models
Averaged Train Loss: 0.0026
Averaged Test Accurancy: 0.7824
Averaged Test AUC: 0.9655
Std Test Accurancy: 0.0732
Std Test AUC: 0.0159
ASR : 0.5644944691906455
attack_auc : 0.9144633240458367
------------------------- time cost ------------------------- 10.563411951065063

-------------Round number: 438-------------

Evaluate personalized models
Averaged Train Loss: 0.0027
Averaged Test Accurancy: 0.7825
Averaged Test AUC: 0.9652
Std Test Accurancy: 0.0721
Std Test AUC: 0.0160
ASR : 0.5688683734718828
attack_auc : 0.9156239563566163
------------------------- time cost ------------------------- 10.454336166381836

-------------Round number: 439-------------

Evaluate personalized models
Averaged Train Loss: 0.0026
Averaged Test Accurancy: 0.7828
Averaged Test AUC: 0.9652
Std Test Accurancy: 0.0729
Std Test AUC: 0.0160
ASR : 0.569146478667633
attack_auc : 0.9154510352523433
------------------------- time cost ------------------------- 10.499874591827393

-------------Round number: 440-------------

Evaluate personalized models
Averaged Train Loss: 0.0025
Averaged Test Accurancy: 0.7832
Averaged Test AUC: 0.9653
Std Test Accurancy: 0.0726
Std Test AUC: 0.0160
ASR : 0.5652453062963926
attack_auc : 0.9149581125016089
------------------------- time cost ------------------------- 10.656891584396362

-------------Round number: 441-------------

Evaluate personalized models
Averaged Train Loss: 0.0024
Averaged Test Accurancy: 0.7843
Averaged Test AUC: 0.9653
Std Test Accurancy: 0.0729
Std Test AUC: 0.0159
ASR : 0.5699536439265898
attack_auc : 0.9166652649140449
------------------------- time cost ------------------------- 10.23127007484436

-------------Round number: 442-------------

Evaluate personalized models
Averaged Train Loss: 0.0025
Averaged Test Accurancy: 0.7836
Averaged Test AUC: 0.9652
Std Test Accurancy: 0.0737
Std Test AUC: 0.0160
ASR : 0.570553984980665
attack_auc : 0.9163429778467321
------------------------- time cost ------------------------- 10.59834623336792

-------------Round number: 443-------------

Evaluate personalized models
Averaged Train Loss: 0.0025
Averaged Test Accurancy: 0.7860
Averaged Test AUC: 0.9651
Std Test Accurancy: 0.0720
Std Test AUC: 0.0159
ASR : 0.582187863618546
attack_auc : 0.9195923391241746
------------------------- time cost ------------------------- 10.690384864807129

-------------Round number: 444-------------

Evaluate personalized models
Averaged Train Loss: 0.0024
Averaged Test Accurancy: 0.7854
Averaged Test AUC: 0.9654
Std Test Accurancy: 0.0718
Std Test AUC: 0.0157
ASR : 0.5858183941762256
attack_auc : 0.920107834041904
------------------------- time cost ------------------------- 10.372555255889893

-------------Round number: 445-------------

Evaluate personalized models
Averaged Train Loss: 0.0023
Averaged Test Accurancy: 0.7846
Averaged Test AUC: 0.9656
Std Test Accurancy: 0.0722
Std Test AUC: 0.0156
ASR : 0.5805473378922881
attack_auc : 0.918928883719548
------------------------- time cost ------------------------- 10.583709001541138

-------------Round number: 446-------------

Evaluate personalized models
Averaged Train Loss: 0.0022
Averaged Test Accurancy: 0.7861
Averaged Test AUC: 0.9658
Std Test Accurancy: 0.0721
Std Test AUC: 0.0155
ASR : 0.5817154513574901
attack_auc : 0.9192375398488449
------------------------- time cost ------------------------- 10.543405294418335

-------------Round number: 447-------------

Evaluate personalized models
Averaged Train Loss: 0.0023
Averaged Test Accurancy: 0.7858
Averaged Test AUC: 0.9657
Std Test Accurancy: 0.0707
Std Test AUC: 0.0155
ASR : 0.5785096568749646
attack_auc : 0.9180532134953501
------------------------- time cost ------------------------- 10.587523698806763

-------------Round number: 448-------------

Evaluate personalized models
Averaged Train Loss: 0.0023
Averaged Test Accurancy: 0.7849
Averaged Test AUC: 0.9657
Std Test Accurancy: 0.0707
Std Test AUC: 0.0154
ASR : 0.5777058907116139
attack_auc : 0.9178794426921415
------------------------- time cost ------------------------- 10.343286037445068

-------------Round number: 449-------------

Evaluate personalized models
Averaged Train Loss: 0.0022
Averaged Test Accurancy: 0.7855
Averaged Test AUC: 0.9657
Std Test Accurancy: 0.0706
Std Test AUC: 0.0154
ASR : 0.5777282092466656
attack_auc : 0.9184975526330187
------------------------- time cost ------------------------- 10.792912006378174

-------------Round number: 450-------------

Evaluate personalized models
Averaged Train Loss: 0.0022
Averaged Test Accurancy: 0.7844
Averaged Test AUC: 0.9658
Std Test Accurancy: 0.0702
Std Test AUC: 0.0154
ASR : 0.580575951124316
attack_auc : 0.9185373464531884
------------------------- time cost ------------------------- 10.784730434417725

-------------Round number: 451-------------

Evaluate personalized models
Averaged Train Loss: 0.0022
Averaged Test Accurancy: 0.7851
Averaged Test AUC: 0.9657
Std Test Accurancy: 0.0695
Std Test AUC: 0.0154
ASR : 0.5793902060742234
attack_auc : 0.9182862609884916
------------------------- time cost ------------------------- 10.771227359771729

-------------Round number: 452-------------

Evaluate personalized models
Averaged Train Loss: 0.0022
Averaged Test Accurancy: 0.7854
Averaged Test AUC: 0.9658
Std Test Accurancy: 0.0692
Std Test AUC: 0.0153
ASR : 0.5788090607797565
attack_auc : 0.9187165550342611
------------------------- time cost ------------------------- 10.290550231933594

-------------Round number: 453-------------

Evaluate personalized models
Averaged Train Loss: 0.0021
Averaged Test Accurancy: 0.7851
Averaged Test AUC: 0.9658
Std Test Accurancy: 0.0698
Std Test AUC: 0.0153
ASR : 0.5776624663721912
attack_auc : 0.9179145095550325
------------------------- time cost ------------------------- 10.515491247177124

-------------Round number: 454-------------

Evaluate personalized models
Averaged Train Loss: 0.0021
Averaged Test Accurancy: 0.7855
Averaged Test AUC: 0.9657
Std Test Accurancy: 0.0707
Std Test AUC: 0.0154
ASR : 0.5802765786256207
attack_auc : 0.9188832970555162
------------------------- time cost ------------------------- 10.414849996566772

-------------Round number: 455-------------

Evaluate personalized models
Averaged Train Loss: 0.0021
Averaged Test Accurancy: 0.7860
Averaged Test AUC: 0.9658
Std Test Accurancy: 0.0707
Std Test AUC: 0.0154
ASR : 0.5774036562596684
attack_auc : 0.918148332851783
------------------------- time cost ------------------------- 10.281548976898193

-------------Round number: 456-------------

Evaluate personalized models
Averaged Train Loss: 0.0021
Averaged Test Accurancy: 0.7870
Averaged Test AUC: 0.9658
Std Test Accurancy: 0.0692
Std Test AUC: 0.0154
ASR : 0.5707278853544303
attack_auc : 0.9167681803228536
------------------------- time cost ------------------------- 10.338560104370117

-------------Round number: 457-------------

Evaluate personalized models
Averaged Train Loss: 0.0020
Averaged Test Accurancy: 0.7860
Averaged Test AUC: 0.9659
Std Test Accurancy: 0.0691
Std Test AUC: 0.0154
ASR : 0.5682855576477945
attack_auc : 0.9152087292386143
------------------------- time cost ------------------------- 10.7214515209198

-------------Round number: 458-------------

Evaluate personalized models
Averaged Train Loss: 0.0020
Averaged Test Accurancy: 0.7850
Averaged Test AUC: 0.9658
Std Test Accurancy: 0.0684
Std Test AUC: 0.0152
ASR : 0.5739294990033076
attack_auc : 0.9173577920741849
------------------------- time cost ------------------------- 10.566938877105713

-------------Round number: 459-------------

Evaluate personalized models
Averaged Train Loss: 0.0020
Averaged Test Accurancy: 0.7853
Averaged Test AUC: 0.9658
Std Test Accurancy: 0.0690
Std Test AUC: 0.0152
ASR : 0.5749990523441664
attack_auc : 0.9177281733865412
------------------------- time cost ------------------------- 10.347709655761719

-------------Round number: 460-------------

Evaluate personalized models
Averaged Train Loss: 0.0020
Averaged Test Accurancy: 0.7849
Averaged Test AUC: 0.9658
Std Test Accurancy: 0.0698
Std Test AUC: 0.0152
ASR : 0.574240374613173
attack_auc : 0.91769749128768
------------------------- time cost ------------------------- 10.528072834014893

-------------Round number: 461-------------

Evaluate personalized models
Averaged Train Loss: 0.0020
Averaged Test Accurancy: 0.7845
Averaged Test AUC: 0.9659
Std Test Accurancy: 0.0696
Std Test AUC: 0.0152
ASR : 0.5702010780537327
attack_auc : 0.91563269906155
------------------------- time cost ------------------------- 10.654245376586914

-------------Round number: 462-------------

Evaluate personalized models
Averaged Train Loss: 0.0020
Averaged Test Accurancy: 0.7861
Averaged Test AUC: 0.9659
Std Test Accurancy: 0.0689
Std Test AUC: 0.0151
ASR : 0.5652595076694278
attack_auc : 0.9147664149914626
------------------------- time cost ------------------------- 10.155772924423218

-------------Round number: 463-------------

Evaluate personalized models
Averaged Train Loss: 0.0020
Averaged Test Accurancy: 0.7870
Averaged Test AUC: 0.9657
Std Test Accurancy: 0.0690
Std Test AUC: 0.0153
ASR : 0.5613051850534122
attack_auc : 0.9137531763082452
------------------------- time cost ------------------------- 10.79365873336792

-------------Round number: 464-------------

Evaluate personalized models
Averaged Train Loss: 0.0019
Averaged Test Accurancy: 0.7861
Averaged Test AUC: 0.9657
Std Test Accurancy: 0.0700
Std Test AUC: 0.0153
ASR : 0.5632729485601884
attack_auc : 0.9143252556586918
------------------------- time cost ------------------------- 10.904803991317749

-------------Round number: 465-------------

Evaluate personalized models
Averaged Train Loss: 0.0019
Averaged Test Accurancy: 0.7865
Averaged Test AUC: 0.9658
Std Test Accurancy: 0.0702
Std Test AUC: 0.0154
ASR : 0.5702684101355944
attack_auc : 0.9162478028708544
------------------------- time cost ------------------------- 10.443416833877563

-------------Round number: 466-------------

Evaluate personalized models
Averaged Train Loss: 0.0019
Averaged Test Accurancy: 0.7852
Averaged Test AUC: 0.9657
Std Test Accurancy: 0.0698
Std Test AUC: 0.0154
ASR : 0.5719129052145202
attack_auc : 0.9168361687613389
------------------------- time cost ------------------------- 10.334296703338623

-------------Round number: 467-------------

Evaluate personalized models
Averaged Train Loss: 0.0020
Averaged Test Accurancy: 0.7855
Averaged Test AUC: 0.9657
Std Test Accurancy: 0.0723
Std Test AUC: 0.0153
ASR : 0.5704829432830404
attack_auc : 0.9162982163849899
------------------------- time cost ------------------------- 10.61419939994812

-------------Round number: 468-------------

Evaluate personalized models
Averaged Train Loss: 0.0019
Averaged Test Accurancy: 0.7865
Averaged Test AUC: 0.9659
Std Test Accurancy: 0.0712
Std Test AUC: 0.0152
ASR : 0.5643785751129442
attack_auc : 0.9151774958272018
------------------------- time cost ------------------------- 10.435544729232788

-------------Round number: 469-------------

Evaluate personalized models
Averaged Train Loss: 0.0019
Averaged Test Accurancy: 0.7853
Averaged Test AUC: 0.9656
Std Test Accurancy: 0.0724
Std Test AUC: 0.0153
ASR : 0.5721789886475622
attack_auc : 0.9168061028758552
------------------------- time cost ------------------------- 10.548202753067017

-------------Round number: 470-------------

Evaluate personalized models
Averaged Train Loss: 0.0019
Averaged Test Accurancy: 0.7851
Averaged Test AUC: 0.9657
Std Test Accurancy: 0.0724
Std Test AUC: 0.0153
ASR : 0.5732254242149344
attack_auc : 0.917242216861271
------------------------- time cost ------------------------- 10.699360132217407

-------------Round number: 471-------------

Evaluate personalized models
Averaged Train Loss: 0.0018
Averaged Test Accurancy: 0.7846
Averaged Test AUC: 0.9657
Std Test Accurancy: 0.0732
Std Test AUC: 0.0154
ASR : 0.5702459469930705
attack_auc : 0.9162156592519735
------------------------- time cost ------------------------- 10.498794794082642

-------------Round number: 472-------------

Evaluate personalized models
Averaged Train Loss: 0.0018
Averaged Test Accurancy: 0.7843
Averaged Test AUC: 0.9657
Std Test Accurancy: 0.0723
Std Test AUC: 0.0153
ASR : 0.5706169553432285
attack_auc : 0.9164239350960279
------------------------- time cost ------------------------- 10.212141752243042

-------------Round number: 473-------------

Evaluate personalized models
Averaged Train Loss: 0.0018
Averaged Test Accurancy: 0.7848
Averaged Test AUC: 0.9657
Std Test Accurancy: 0.0710
Std Test AUC: 0.0154
ASR : 0.5705029972985276
attack_auc : 0.9159391527573496
------------------------- time cost ------------------------- 10.504590272903442

-------------Round number: 474-------------

Evaluate personalized models
Averaged Train Loss: 0.0018
Averaged Test Accurancy: 0.7848
Averaged Test AUC: 0.9657
Std Test Accurancy: 0.0709
Std Test AUC: 0.0153
ASR : 0.5683157845236976
attack_auc : 0.9155433686712553
------------------------- time cost ------------------------- 10.595036745071411

-------------Round number: 475-------------

Evaluate personalized models
Averaged Train Loss: 0.0017
Averaged Test Accurancy: 0.7841
Averaged Test AUC: 0.9656
Std Test Accurancy: 0.0722
Std Test AUC: 0.0154
ASR : 0.5717660756726137
attack_auc : 0.9165084912428358
------------------------- time cost ------------------------- 10.757903337478638

-------------Round number: 476-------------

Evaluate personalized models
Averaged Train Loss: 0.0017
Averaged Test Accurancy: 0.7830
Averaged Test AUC: 0.9656
Std Test Accurancy: 0.0712
Std Test AUC: 0.0154
ASR : 0.5734996646777654
attack_auc : 0.9164139842034438
------------------------- time cost ------------------------- 10.784634113311768

-------------Round number: 477-------------

Evaluate personalized models
Averaged Train Loss: 0.0018
Averaged Test Accurancy: 0.7850
Averaged Test AUC: 0.9655
Std Test Accurancy: 0.0707
Std Test AUC: 0.0153
ASR : 0.5901352494187595
attack_auc : 0.9209127666380741
------------------------- time cost ------------------------- 10.625617265701294

-------------Round number: 478-------------

Evaluate personalized models
Averaged Train Loss: 0.0018
Averaged Test Accurancy: 0.7846
Averaged Test AUC: 0.9653
Std Test Accurancy: 0.0711
Std Test AUC: 0.0155
ASR : 0.5878064296874359
attack_auc : 0.9205437310255354
------------------------- time cost ------------------------- 10.652724742889404

-------------Round number: 479-------------

Evaluate personalized models
Averaged Train Loss: 0.0017
Averaged Test Accurancy: 0.7838
Averaged Test AUC: 0.9657
Std Test Accurancy: 0.0713
Std Test AUC: 0.0154
ASR : 0.5827721966130197
attack_auc : 0.919055707570872
------------------------- time cost ------------------------- 10.584189891815186

-------------Round number: 480-------------

Evaluate personalized models
Averaged Train Loss: 0.0017
Averaged Test Accurancy: 0.7836
Averaged Test AUC: 0.9658
Std Test Accurancy: 0.0705
Std Test AUC: 0.0153
ASR : 0.5785440815679628
attack_auc : 0.9183167844643405
------------------------- time cost ------------------------- 10.408528804779053

-------------Round number: 481-------------

Evaluate personalized models
Averaged Train Loss: 0.0017
Averaged Test Accurancy: 0.7843
Averaged Test AUC: 0.9659
Std Test Accurancy: 0.0704
Std Test AUC: 0.0153
ASR : 0.5767286136529143
attack_auc : 0.9176455126197631
------------------------- time cost ------------------------- 10.568358659744263

-------------Round number: 482-------------

Evaluate personalized models
Averaged Train Loss: 0.0018
Averaged Test Accurancy: 0.7837
Averaged Test AUC: 0.9657
Std Test Accurancy: 0.0704
Std Test AUC: 0.0151
ASR : 0.5825040569870586
attack_auc : 0.9196103573120303
------------------------- time cost ------------------------- 10.25298523902893

-------------Round number: 483-------------

Evaluate personalized models
Averaged Train Loss: 0.0017
Averaged Test Accurancy: 0.7833
Averaged Test AUC: 0.9658
Std Test Accurancy: 0.0703
Std Test AUC: 0.0151
ASR : 0.5749778943063327
attack_auc : 0.918275740591047
------------------------- time cost ------------------------- 10.206594467163086

-------------Round number: 484-------------

Evaluate personalized models
Averaged Train Loss: 0.0017
Averaged Test Accurancy: 0.7841
Averaged Test AUC: 0.9658
Std Test Accurancy: 0.0722
Std Test AUC: 0.0151
ASR : 0.5764585862024483
attack_auc : 0.918651629291705
------------------------- time cost ------------------------- 10.122786521911621

-------------Round number: 485-------------

Evaluate personalized models
Averaged Train Loss: 0.0016
Averaged Test Accurancy: 0.7852
Averaged Test AUC: 0.9658
Std Test Accurancy: 0.0708
Std Test AUC: 0.0151
ASR : 0.5781400274478824
attack_auc : 0.9183537172595205
------------------------- time cost ------------------------- 10.469933986663818

-------------Round number: 486-------------

Evaluate personalized models
Averaged Train Loss: 0.0016
Averaged Test Accurancy: 0.7851
Averaged Test AUC: 0.9658
Std Test Accurancy: 0.0700
Std Test AUC: 0.0151
ASR : 0.5810823123802977
attack_auc : 0.9189215770643273
------------------------- time cost ------------------------- 10.322258710861206

-------------Round number: 487-------------

Evaluate personalized models
Averaged Train Loss: 0.0016
Averaged Test Accurancy: 0.7854
Averaged Test AUC: 0.9657
Std Test Accurancy: 0.0702
Std Test AUC: 0.0152
ASR : 0.5887890802682457
attack_auc : 0.9206925688935041
------------------------- time cost ------------------------- 10.100136041641235

-------------Round number: 488-------------

Evaluate personalized models
Averaged Train Loss: 0.0015
Averaged Test Accurancy: 0.7853
Averaged Test AUC: 0.9658
Std Test Accurancy: 0.0703
Std Test AUC: 0.0152
ASR : 0.5922783539869466
attack_auc : 0.9216362579312676
------------------------- time cost ------------------------- 10.579962253570557

-------------Round number: 489-------------

Evaluate personalized models
Averaged Train Loss: 0.0016
Averaged Test Accurancy: 0.7852
Averaged Test AUC: 0.9657
Std Test Accurancy: 0.0703
Std Test AUC: 0.0152
ASR : 0.5996772298524964
attack_auc : 0.9236236415679833
------------------------- time cost ------------------------- 10.372810363769531

-------------Round number: 490-------------

Evaluate personalized models
Averaged Train Loss: 0.0015
Averaged Test Accurancy: 0.7830
Averaged Test AUC: 0.9657
Std Test Accurancy: 0.0704
Std Test AUC: 0.0152
ASR : 0.5977768002951517
attack_auc : 0.9233470709437906
------------------------- time cost ------------------------- 10.494113683700562

-------------Round number: 491-------------

Evaluate personalized models
Averaged Train Loss: 0.0015
Averaged Test Accurancy: 0.7826
Averaged Test AUC: 0.9658
Std Test Accurancy: 0.0705
Std Test AUC: 0.0152
ASR : 0.5868514162456333
attack_auc : 0.9203442005597193
------------------------- time cost ------------------------- 10.273830890655518

-------------Round number: 492-------------

Evaluate personalized models
Averaged Train Loss: 0.0015
Averaged Test Accurancy: 0.7828
Averaged Test AUC: 0.9657
Std Test Accurancy: 0.0703
Std Test AUC: 0.0152
ASR : 0.5835740059839389
attack_auc : 0.9197179187759618
------------------------- time cost ------------------------- 10.156357288360596

-------------Round number: 493-------------

Evaluate personalized models
Averaged Train Loss: 0.0015
Averaged Test Accurancy: 0.7839
Averaged Test AUC: 0.9658
Std Test Accurancy: 0.0717
Std Test AUC: 0.0152
ASR : 0.5850000805996465
attack_auc : 0.9204333731618703
------------------------- time cost ------------------------- 10.338935852050781

-------------Round number: 494-------------

Evaluate personalized models
Averaged Train Loss: 0.0029
Averaged Test Accurancy: 0.7794
Averaged Test AUC: 0.9645
Std Test Accurancy: 0.0732
Std Test AUC: 0.0158
ASR : 0.5852343372255223
attack_auc : 0.9215171175672967
------------------------- time cost ------------------------- 10.325887203216553

-------------Round number: 495-------------

Evaluate personalized models
Averaged Train Loss: 0.0023
Averaged Test Accurancy: 0.7820
Averaged Test AUC: 0.9650
Std Test Accurancy: 0.0715
Std Test AUC: 0.0155
ASR : 0.5812980293951124
attack_auc : 0.9202799163956902
------------------------- time cost ------------------------- 10.051301002502441

-------------Round number: 496-------------

Evaluate personalized models
Averaged Train Loss: 0.0020
Averaged Test Accurancy: 0.7828
Averaged Test AUC: 0.9653
Std Test Accurancy: 0.0705
Std Test AUC: 0.0155
ASR : 0.5800776558942632
attack_auc : 0.9189555749773706
------------------------- time cost ------------------------- 10.338162899017334

-------------Round number: 497-------------

Evaluate personalized models
Averaged Train Loss: 0.0018
Averaged Test Accurancy: 0.7852
Averaged Test AUC: 0.9658
Std Test Accurancy: 0.0708
Std Test AUC: 0.0153
ASR : 0.5795846161631959
attack_auc : 0.9193313171985475
------------------------- time cost ------------------------- 10.209337711334229

-------------Round number: 498-------------

Evaluate personalized models
Averaged Train Loss: 0.0017
Averaged Test Accurancy: 0.7848
Averaged Test AUC: 0.9659
Std Test Accurancy: 0.0708
Std Test AUC: 0.0153
ASR : 0.5842501881797653
attack_auc : 0.9198956446021082
------------------------- time cost ------------------------- 10.418643712997437

-------------Round number: 499-------------

Evaluate personalized models
Averaged Train Loss: 0.0017
Averaged Test Accurancy: 0.7848
Averaged Test AUC: 0.9658
Std Test Accurancy: 0.0714
Std Test AUC: 0.0153
ASR : 0.5809416404084481
attack_auc : 0.9194422472186284
------------------------- time cost ------------------------- 10.328254699707031

-------------Round number: 500-------------

Evaluate personalized models
Averaged Train Loss: 0.0016
Averaged Test Accurancy: 0.7847
Averaged Test AUC: 0.9658
Std Test Accurancy: 0.0716
Std Test AUC: 0.0153
ASR : 0.5783909618240205
attack_auc : 0.9186791871837516
------------------------- time cost ------------------------- 10.304597616195679

-------------Round number: 501-------------

Evaluate personalized models
Averaged Train Loss: 0.0015
Averaged Test Accurancy: 0.7847
Averaged Test AUC: 0.9659
Std Test Accurancy: 0.0706
Std Test AUC: 0.0153
ASR : 0.5766167995730803
attack_auc : 0.9183021211933144
------------------------- time cost ------------------------- 10.529104948043823

-------------Round number: 502-------------

Evaluate personalized models
Averaged Train Loss: 0.0016
Averaged Test Accurancy: 0.7829
Averaged Test AUC: 0.9657
Std Test Accurancy: 0.0702
Std Test AUC: 0.0153
ASR : 0.5775116320628603
attack_auc : 0.9188608524868045
------------------------- time cost ------------------------- 10.030735731124878

-------------Round number: 503-------------

Evaluate personalized models
Averaged Train Loss: 0.0016
Averaged Test Accurancy: 0.7831
Averaged Test AUC: 0.9657
Std Test Accurancy: 0.0690
Std Test AUC: 0.0152
ASR : 0.5810188309272998
attack_auc : 0.9197749851298007
------------------------- time cost ------------------------- 10.238094568252563

-------------Round number: 504-------------

Evaluate personalized models
Averaged Train Loss: 0.0015
Averaged Test Accurancy: 0.7830
Averaged Test AUC: 0.9658
Std Test Accurancy: 0.0705
Std Test AUC: 0.0152
ASR : 0.5753853937955123
attack_auc : 0.9183211214626549
------------------------- time cost ------------------------- 10.236977338790894

-------------Round number: 505-------------

Evaluate personalized models
Averaged Train Loss: 0.0016
Averaged Test Accurancy: 0.7836
Averaged Test AUC: 0.9657
Std Test Accurancy: 0.0699
Std Test AUC: 0.0153
ASR : 0.5773880138306747
attack_auc : 0.9188528195836235
------------------------- time cost ------------------------- 10.388878583908081

-------------Round number: 506-------------

Evaluate personalized models
Averaged Train Loss: 0.0015
Averaged Test Accurancy: 0.7834
Averaged Test AUC: 0.9658
Std Test Accurancy: 0.0696
Std Test AUC: 0.0152
ASR : 0.5785328409598596
attack_auc : 0.9188358617373585
------------------------- time cost ------------------------- 10.393817901611328

-------------Round number: 507-------------

Evaluate personalized models
Averaged Train Loss: 0.0015
Averaged Test Accurancy: 0.7851
Averaged Test AUC: 0.9658
Std Test Accurancy: 0.0697
Std Test AUC: 0.0152
ASR : 0.5727967085629144
attack_auc : 0.9181085861996271
------------------------- time cost ------------------------- 10.145848035812378

-------------Round number: 508-------------

Evaluate personalized models
Averaged Train Loss: 0.0257
Averaged Test Accurancy: 0.7689
Averaged Test AUC: 0.9610
Std Test Accurancy: 0.0709
Std Test AUC: 0.0168
ASR : 0.5844228177735208
attack_auc : 0.9205124404764751
------------------------- time cost ------------------------- 10.097933292388916

-------------Round number: 509-------------

Evaluate personalized models
Averaged Train Loss: 1.2480
Averaged Test Accurancy: 0.5648
Averaged Test AUC: 0.9023
Std Test Accurancy: 0.1162
Std Test AUC: 0.0368
ASR : 0.5992035212876732
attack_auc : 0.9231189832588466
------------------------- time cost ------------------------- 10.139075756072998

-------------Round number: 510-------------

Evaluate personalized models
Averaged Train Loss: 1.0484
Averaged Test Accurancy: 0.5826
Averaged Test AUC: 0.9107
Std Test Accurancy: 0.1202
Std Test AUC: 0.0366
ASR : 0.5883955753152176
attack_auc : 0.920449851307632
------------------------- time cost ------------------------- 10.441910743713379

-------------Round number: 511-------------

Evaluate personalized models
Averaged Train Loss: 0.2268
Averaged Test Accurancy: 0.7231
Averaged Test AUC: 0.9462
Std Test Accurancy: 0.0785
Std Test AUC: 0.0229
ASR : 0.5248951075712275
attack_auc : 0.8979067845502052
------------------------- time cost ------------------------- 10.435864925384521

-------------Round number: 512-------------

Evaluate personalized models
Averaged Train Loss: 0.1043
Averaged Test Accurancy: 0.7505
Averaged Test AUC: 0.9561
Std Test Accurancy: 0.0755
Std Test AUC: 0.0204
ASR : 0.5097950028533345
attack_auc : 0.8970396508871307
------------------------- time cost ------------------------- 10.413906812667847

-------------Round number: 513-------------

Evaluate personalized models
Averaged Train Loss: 0.1620
Averaged Test Accurancy: 0.7286
Averaged Test AUC: 0.9503
Std Test Accurancy: 0.0857
Std Test AUC: 0.0243
ASR : 0.5828115709198242
attack_auc : 0.920528043549898
------------------------- time cost ------------------------- 10.308393478393555

-------------Round number: 514-------------

Evaluate personalized models
Averaged Train Loss: 0.1408
Averaged Test Accurancy: 0.7287
Averaged Test AUC: 0.9490
Std Test Accurancy: 0.0929
Std Test AUC: 0.0256
ASR : 0.6384767099258376
attack_auc : 0.9337683236343881
------------------------- time cost ------------------------- 10.204666137695312

-------------Round number: 515-------------

Evaluate personalized models
Averaged Train Loss: 0.0726
Averaged Test Accurancy: 0.7524
Averaged Test AUC: 0.9553
Std Test Accurancy: 0.0832
Std Test AUC: 0.0221
ASR : 0.6195986922294401
attack_auc : 0.9284697933282137
------------------------- time cost ------------------------- 9.973956823348999

-------------Round number: 516-------------

Evaluate personalized models
Averaged Train Loss: 0.0507
Averaged Test Accurancy: 0.7588
Averaged Test AUC: 0.9580
Std Test Accurancy: 0.0802
Std Test AUC: 0.0208
ASR : 0.5837748436312116
attack_auc : 0.9191103712112991
------------------------- time cost ------------------------- 10.242838144302368

-------------Round number: 517-------------

Evaluate personalized models
Averaged Train Loss: 0.1033
Averaged Test Accurancy: 0.7445
Averaged Test AUC: 0.9533
Std Test Accurancy: 0.0835
Std Test AUC: 0.0227
ASR : 0.5161918606272999
attack_auc : 0.8981061809372024
------------------------- time cost ------------------------- 10.77354383468628

-------------Round number: 518-------------

Evaluate personalized models
Averaged Train Loss: 0.1615
Averaged Test Accurancy: 0.7302
Averaged Test AUC: 0.9481
Std Test Accurancy: 0.0880
Std Test AUC: 0.0261
ASR : 0.5322006586010523
attack_auc : 0.9033705835573347
------------------------- time cost ------------------------- 10.246265172958374

-------------Round number: 519-------------

Evaluate personalized models
Averaged Train Loss: 0.1486
Averaged Test Accurancy: 0.7269
Averaged Test AUC: 0.9490
Std Test Accurancy: 0.0922
Std Test AUC: 0.0260
ASR : 0.49098826246246235
attack_auc : 0.8889133646513184
------------------------- time cost ------------------------- 9.864410161972046

-------------Round number: 520-------------

Evaluate personalized models
Averaged Train Loss: 0.0585
Averaged Test Accurancy: 0.7603
Averaged Test AUC: 0.9578
Std Test Accurancy: 0.0819
Std Test AUC: 0.0208
ASR : 0.5257495404091548
attack_auc : 0.9026015668916554
------------------------- time cost ------------------------- 10.282342195510864

-------------Round number: 521-------------

Evaluate personalized models
Averaged Train Loss: 0.1061
Averaged Test Accurancy: 0.7437
Averaged Test AUC: 0.9523
Std Test Accurancy: 0.0844
Std Test AUC: 0.0236
ASR : 0.5470628473247936
attack_auc : 0.9093732866934852
------------------------- time cost ------------------------- 10.302787780761719

-------------Round number: 522-------------

Evaluate personalized models
Averaged Train Loss: 0.0603
Averaged Test Accurancy: 0.7589
Averaged Test AUC: 0.9574
Std Test Accurancy: 0.0812
Std Test AUC: 0.0211
ASR : 0.5384297714126387
attack_auc : 0.9045273888423007
------------------------- time cost ------------------------- 10.162724494934082

-------------Round number: 523-------------

Evaluate personalized models
Averaged Train Loss: 0.0479
Averaged Test Accurancy: 0.7632
Averaged Test AUC: 0.9599
Std Test Accurancy: 0.0800
Std Test AUC: 0.0206
ASR : 0.5171216911408553
attack_auc : 0.8976526194970865
------------------------- time cost ------------------------- 10.4772469997406

-------------Round number: 524-------------

Evaluate personalized models
Averaged Train Loss: 0.0388
Averaged Test Accurancy: 0.7667
Averaged Test AUC: 0.9611
Std Test Accurancy: 0.0799
Std Test AUC: 0.0200
ASR : 0.5161938354301482
attack_auc : 0.8971686121067014
------------------------- time cost ------------------------- 10.264307737350464

-------------Round number: 525-------------

Evaluate personalized models
Averaged Train Loss: 0.0345
Averaged Test Accurancy: 0.7691
Averaged Test AUC: 0.9614
Std Test Accurancy: 0.0799
Std Test AUC: 0.0195
ASR : 0.5387937510520862
attack_auc : 0.9051065883653632
------------------------- time cost ------------------------- 10.082074642181396

-------------Round number: 526-------------

Evaluate personalized models
Averaged Train Loss: 0.0305
Averaged Test Accurancy: 0.7719
Averaged Test AUC: 0.9618
Std Test Accurancy: 0.0789
Std Test AUC: 0.0194
ASR : 0.5399185226719727
attack_auc : 0.9048392192022626
------------------------- time cost ------------------------- 10.386446237564087

-------------Round number: 527-------------

Evaluate personalized models
Averaged Train Loss: 0.0306
Averaged Test Accurancy: 0.7692
Averaged Test AUC: 0.9619
Std Test Accurancy: 0.0795
Std Test AUC: 0.0193
ASR : 0.5379437399841777
attack_auc : 0.9042803277458933
------------------------- time cost ------------------------- 10.359989166259766

-------------Round number: 528-------------

Evaluate personalized models
Averaged Train Loss: 0.0264
Averaged Test Accurancy: 0.7726
Averaged Test AUC: 0.9625
Std Test Accurancy: 0.0783
Std Test AUC: 0.0190
ASR : 0.5500208533399567
attack_auc : 0.9077585943097526
------------------------- time cost ------------------------- 10.591283798217773

-------------Round number: 529-------------

Evaluate personalized models
Averaged Train Loss: 0.0254
Averaged Test Accurancy: 0.7722
Averaged Test AUC: 0.9625
Std Test Accurancy: 0.0773
Std Test AUC: 0.0187
ASR : 0.5624790332109364
attack_auc : 0.9111522922723904
------------------------- time cost ------------------------- 10.317941427230835

-------------Round number: 530-------------

Evaluate personalized models
Averaged Train Loss: 0.0234
Averaged Test Accurancy: 0.7737
Averaged Test AUC: 0.9630
Std Test Accurancy: 0.0769
Std Test AUC: 0.0188
ASR : 0.5520426560652549
attack_auc : 0.9078619922581559
------------------------- time cost ------------------------- 10.400753736495972

-------------Round number: 531-------------

Evaluate personalized models
Averaged Train Loss: 0.0229
Averaged Test Accurancy: 0.7748
Averaged Test AUC: 0.9629
Std Test Accurancy: 0.0772
Std Test AUC: 0.0191
ASR : 0.5509884545019201
attack_auc : 0.9077756342299622
------------------------- time cost ------------------------- 10.424506902694702

-------------Round number: 532-------------

Evaluate personalized models
Averaged Train Loss: 0.0210
Averaged Test Accurancy: 0.7758
Averaged Test AUC: 0.9632
Std Test Accurancy: 0.0778
Std Test AUC: 0.0191
ASR : 0.5528958656515863
attack_auc : 0.9079913009314294
------------------------- time cost ------------------------- 10.440423250198364

-------------Round number: 533-------------

Evaluate personalized models
Averaged Train Loss: 0.0217
Averaged Test Accurancy: 0.7747
Averaged Test AUC: 0.9631
Std Test Accurancy: 0.0780
Std Test AUC: 0.0193
ASR : 0.5524194770319499
attack_auc : 0.9085588698640946
------------------------- time cost ------------------------- 10.209938526153564

-------------Round number: 534-------------

Evaluate personalized models
Averaged Train Loss: 0.0202
Averaged Test Accurancy: 0.7774
Averaged Test AUC: 0.9636
Std Test Accurancy: 0.0770
Std Test AUC: 0.0190
ASR : 0.5660231245643178
attack_auc : 0.9130627633264696
------------------------- time cost ------------------------- 10.040405511856079

-------------Round number: 535-------------

Evaluate personalized models
Averaged Train Loss: 0.0184
Averaged Test Accurancy: 0.7786
Averaged Test AUC: 0.9640
Std Test Accurancy: 0.0774
Std Test AUC: 0.0185
ASR : 0.5607466347037797
attack_auc : 0.9112682601779681
------------------------- time cost ------------------------- 10.065284013748169

-------------Round number: 536-------------

Evaluate personalized models
Averaged Train Loss: 0.0062
Averaged Test Accurancy: 0.7799
Averaged Test AUC: 0.9650
Std Test Accurancy: 0.0729
Std Test AUC: 0.0158
ASR : 0.5679053914703902
attack_auc : 0.9131068467271375
------------------------- time cost ------------------------- 10.456377506256104

-------------Round number: 537-------------

Evaluate personalized models
Averaged Train Loss: 0.0056
Averaged Test Accurancy: 0.7818
Averaged Test AUC: 0.9652
Std Test Accurancy: 0.0716
Std Test AUC: 0.0156
ASR : 0.5777155008049636
attack_auc : 0.9164049073474961
------------------------- time cost ------------------------- 9.994125366210938

-------------Round number: 538-------------

Evaluate personalized models
Averaged Train Loss: 0.0050
Averaged Test Accurancy: 0.7823
Averaged Test AUC: 0.9654
Std Test Accurancy: 0.0712
Std Test AUC: 0.0156
ASR : 0.5768516226404117
attack_auc : 0.9168722592904691
------------------------- time cost ------------------------- 10.340738296508789

-------------Round number: 539-------------

Evaluate personalized models
Averaged Train Loss: 0.0048
Averaged Test Accurancy: 0.7826
Averaged Test AUC: 0.9655
Std Test Accurancy: 0.0703
Std Test AUC: 0.0156
ASR : 0.5723541956344204
attack_auc : 0.9152021754547254
------------------------- time cost ------------------------- 10.10680365562439

-------------Round number: 540-------------

Evaluate personalized models
Averaged Train Loss: 0.0047
Averaged Test Accurancy: 0.7823
Averaged Test AUC: 0.9654
Std Test Accurancy: 0.0704
Std Test AUC: 0.0156
ASR : 0.5685556709121893
attack_auc : 0.9147667758056895
------------------------- time cost ------------------------- 10.492804288864136

-------------Round number: 541-------------

Evaluate personalized models
Averaged Train Loss: 0.0043
Averaged Test Accurancy: 0.7838
Averaged Test AUC: 0.9657
Std Test Accurancy: 0.0698
Std Test AUC: 0.0156
ASR : 0.5699581217784171
attack_auc : 0.9153947644325212
------------------------- time cost ------------------------- 10.3426353931427

-------------Round number: 542-------------

Evaluate personalized models
Averaged Train Loss: 0.0042
Averaged Test Accurancy: 0.7838
Averaged Test AUC: 0.9657
Std Test Accurancy: 0.0706
Std Test AUC: 0.0156
ASR : 0.5720945295544623
attack_auc : 0.9157327338072306
------------------------- time cost ------------------------- 10.133458137512207

-------------Round number: 543-------------

Evaluate personalized models
Averaged Train Loss: 0.0035
Averaged Test Accurancy: 0.7838
Averaged Test AUC: 0.9659
Std Test Accurancy: 0.0697
Std Test AUC: 0.0157
ASR : 0.5711352863242755
attack_auc : 0.915145655985476
------------------------- time cost ------------------------- 10.52456784248352

-------------Round number: 544-------------

Evaluate personalized models
Averaged Train Loss: 0.0031
Averaged Test Accurancy: 0.7862
Averaged Test AUC: 0.9661
Std Test Accurancy: 0.0714
Std Test AUC: 0.0156
ASR : 0.5798489450986783
attack_auc : 0.9175060515263277
------------------------- time cost ------------------------- 10.498412370681763

-------------Round number: 545-------------

Evaluate personalized models
Averaged Train Loss: 0.0030
Averaged Test Accurancy: 0.7849
Averaged Test AUC: 0.9661
Std Test Accurancy: 0.0693
Std Test AUC: 0.0156
ASR : 0.5687329382604948
attack_auc : 0.9149445632221668
------------------------- time cost ------------------------- 10.100538730621338

-------------Round number: 546-------------

Evaluate personalized models
Averaged Train Loss: 0.0029
Averaged Test Accurancy: 0.7857
Averaged Test AUC: 0.9662
Std Test Accurancy: 0.0702
Std Test AUC: 0.0155
ASR : 0.5652550767734509
attack_auc : 0.9137746187075726
------------------------- time cost ------------------------- 10.242369651794434

-------------Round number: 547-------------

Evaluate personalized models
Averaged Train Loss: 0.0027
Averaged Test Accurancy: 0.7865
Averaged Test AUC: 0.9663
Std Test Accurancy: 0.0699
Std Test AUC: 0.0155
ASR : 0.5744920966623435
attack_auc : 0.916251004418657
------------------------- time cost ------------------------- 10.322985887527466

-------------Round number: 548-------------

Evaluate personalized models
Averaged Train Loss: 0.0026
Averaged Test Accurancy: 0.7862
Averaged Test AUC: 0.9663
Std Test Accurancy: 0.0701
Std Test AUC: 0.0155
ASR : 0.5783945571946864
attack_auc : 0.9176634996715747
------------------------- time cost ------------------------- 10.320723295211792

-------------Round number: 549-------------

Evaluate personalized models
Averaged Train Loss: 0.0025
Averaged Test Accurancy: 0.7867
Averaged Test AUC: 0.9664
Std Test Accurancy: 0.0703
Std Test AUC: 0.0155
ASR : 0.5830198780866507
attack_auc : 0.919300967628923
------------------------- time cost ------------------------- 10.597601652145386

-------------Round number: 550-------------

Evaluate personalized models
Averaged Train Loss: 0.0026
Averaged Test Accurancy: 0.7848
Averaged Test AUC: 0.9658
Std Test Accurancy: 0.0719
Std Test AUC: 0.0160
ASR : 0.5867072376988312
attack_auc : 0.9210243350715214
------------------------- time cost ------------------------- 10.27839970588684

-------------Round number: 551-------------

Evaluate personalized models
Averaged Train Loss: 0.0026
Averaged Test Accurancy: 0.7843
Averaged Test AUC: 0.9660
Std Test Accurancy: 0.0710
Std Test AUC: 0.0158
ASR : 0.5785628789889036
attack_auc : 0.9180618692200334
------------------------- time cost ------------------------- 10.50027060508728

-------------Round number: 552-------------

Evaluate personalized models
Averaged Train Loss: 0.0026
Averaged Test Accurancy: 0.7858
Averaged Test AUC: 0.9660
Std Test Accurancy: 0.0711
Std Test AUC: 0.0158
ASR : 0.5773120398128537
attack_auc : 0.9175002749042592
------------------------- time cost ------------------------- 10.263054370880127

-------------Round number: 553-------------

Evaluate personalized models
Averaged Train Loss: 0.0025
Averaged Test Accurancy: 0.7868
Averaged Test AUC: 0.9662
Std Test Accurancy: 0.0711
Std Test AUC: 0.0157
ASR : 0.5713027464408377
attack_auc : 0.9158063257696837
------------------------- time cost ------------------------- 10.398137092590332

-------------Round number: 554-------------

Evaluate personalized models
Averaged Train Loss: 0.0025
Averaged Test Accurancy: 0.7870
Averaged Test AUC: 0.9663
Std Test Accurancy: 0.0696
Std Test AUC: 0.0157
ASR : 0.5666954855776213
attack_auc : 0.9147650747446269
------------------------- time cost ------------------------- 10.190739393234253

-------------Round number: 555-------------

Evaluate personalized models
Averaged Train Loss: 0.0023
Averaged Test Accurancy: 0.7867
Averaged Test AUC: 0.9664
Std Test Accurancy: 0.0696
Std Test AUC: 0.0156
ASR : 0.5672270755567617
attack_auc : 0.9146411393408133
------------------------- time cost ------------------------- 10.59834623336792

-------------Round number: 556-------------

Evaluate personalized models
Averaged Train Loss: 0.0022
Averaged Test Accurancy: 0.7872
Averaged Test AUC: 0.9664
Std Test Accurancy: 0.0687
Std Test AUC: 0.0156
ASR : 0.5655479779506989
attack_auc : 0.9147459062254394
------------------------- time cost ------------------------- 10.193467617034912

-------------Round number: 557-------------

Evaluate personalized models
Averaged Train Loss: 0.0022
Averaged Test Accurancy: 0.7874
Averaged Test AUC: 0.9664
Std Test Accurancy: 0.0688
Std Test AUC: 0.0155
ASR : 0.5640042950053655
attack_auc : 0.914167618513714
------------------------- time cost ------------------------- 10.329660415649414

-------------Round number: 558-------------

Evaluate personalized models
Averaged Train Loss: 0.0021
Averaged Test Accurancy: 0.7857
Averaged Test AUC: 0.9664
Std Test Accurancy: 0.0695
Std Test AUC: 0.0155
ASR : 0.5618773509005889
attack_auc : 0.9129342646413733
------------------------- time cost ------------------------- 10.270905494689941

-------------Round number: 559-------------

Evaluate personalized models
Averaged Train Loss: 0.0021
Averaged Test Accurancy: 0.7861
Averaged Test AUC: 0.9663
Std Test Accurancy: 0.0691
Std Test AUC: 0.0154
ASR : 0.5705160547576041
attack_auc : 0.9155114922983609
------------------------- time cost ------------------------- 10.292643547058105

-------------Round number: 560-------------

Evaluate personalized models
Averaged Train Loss: 0.0021
Averaged Test Accurancy: 0.7856
Averaged Test AUC: 0.9663
Std Test Accurancy: 0.0694
Std Test AUC: 0.0155
ASR : 0.5691501268927301
attack_auc : 0.9151871735691574
------------------------- time cost ------------------------- 10.229736566543579

-------------Round number: 561-------------

Evaluate personalized models
Averaged Train Loss: 0.0021
Averaged Test Accurancy: 0.7870
Averaged Test AUC: 0.9663
Std Test Accurancy: 0.0692
Std Test AUC: 0.0154
ASR : 0.5731460322560288
attack_auc : 0.9164581524883553
------------------------- time cost ------------------------- 10.56249475479126

-------------Round number: 562-------------

Evaluate personalized models
Averaged Train Loss: 0.0020
Averaged Test Accurancy: 0.7872
Averaged Test AUC: 0.9663
Std Test Accurancy: 0.0691
Std Test AUC: 0.0154
ASR : 0.576564366798588
attack_auc : 0.9171097828591117
------------------------- time cost ------------------------- 10.33780026435852

-------------Round number: 563-------------

Evaluate personalized models
Averaged Train Loss: 0.0020
Averaged Test Accurancy: 0.7879
Averaged Test AUC: 0.9664
Std Test Accurancy: 0.0679
Std Test AUC: 0.0154
ASR : 0.5720518145664515
attack_auc : 0.9155276139808753
------------------------- time cost ------------------------- 10.429916143417358

-------------Round number: 564-------------

Evaluate personalized models
Averaged Train Loss: 0.0019
Averaged Test Accurancy: 0.7873
Averaged Test AUC: 0.9665
Std Test Accurancy: 0.0691
Std Test AUC: 0.0154
ASR : 0.5723269350956532
attack_auc : 0.9161637991874031
------------------------- time cost ------------------------- 10.43576455116272

-------------Round number: 565-------------

Evaluate personalized models
Averaged Train Loss: 0.0019
Averaged Test Accurancy: 0.7872
Averaged Test AUC: 0.9664
Std Test Accurancy: 0.0706
Std Test AUC: 0.0154
ASR : 0.5767513054038724
attack_auc : 0.9173809544269471
------------------------- time cost ------------------------- 10.36756682395935

-------------Round number: 566-------------

Evaluate personalized models
Averaged Train Loss: 0.0019
Averaged Test Accurancy: 0.7877
Averaged Test AUC: 0.9664
Std Test Accurancy: 0.0691
Std Test AUC: 0.0154
ASR : 0.5808196763951297
attack_auc : 0.9176991983642141
------------------------- time cost ------------------------- 10.357880353927612

-------------Round number: 567-------------

Evaluate personalized models
Averaged Train Loss: 0.0018
Averaged Test Accurancy: 0.7877
Averaged Test AUC: 0.9663
Std Test Accurancy: 0.0688
Std Test AUC: 0.0155
ASR : 0.5724612450868515
attack_auc : 0.9163246337472718
------------------------- time cost ------------------------- 10.314522981643677

-------------Round number: 568-------------

Evaluate personalized models
Averaged Train Loss: 0.0018
Averaged Test Accurancy: 0.7862
Averaged Test AUC: 0.9662
Std Test Accurancy: 0.0702
Std Test AUC: 0.0154
ASR : 0.5717735781843885
attack_auc : 0.9157676513565732
------------------------- time cost ------------------------- 10.46321702003479

-------------Round number: 569-------------

Evaluate personalized models
Averaged Train Loss: 0.0017
Averaged Test Accurancy: 0.7874
Averaged Test AUC: 0.9663
Std Test Accurancy: 0.0687
Std Test AUC: 0.0155
ASR : 0.5722729774442014
attack_auc : 0.9155782538850972
------------------------- time cost ------------------------- 10.16055941581726

-------------Round number: 570-------------

Evaluate personalized models
Averaged Train Loss: 0.0016
Averaged Test Accurancy: 0.7887
Averaged Test AUC: 0.9663
Std Test Accurancy: 0.0681
Std Test AUC: 0.0155
ASR : 0.5742047530593041
attack_auc : 0.9166384465232146
------------------------- time cost ------------------------- 10.298825979232788

-------------Round number: 571-------------

Evaluate personalized models
Averaged Train Loss: 0.0016
Averaged Test Accurancy: 0.7871
Averaged Test AUC: 0.9663
Std Test Accurancy: 0.0701
Std Test AUC: 0.0154
ASR : 0.5757513800332853
attack_auc : 0.9170997081793494
------------------------- time cost ------------------------- 10.322535037994385

-------------Round number: 572-------------

Evaluate personalized models
Averaged Train Loss: 0.0015
Averaged Test Accurancy: 0.7867
Averaged Test AUC: 0.9663
Std Test Accurancy: 0.0692
Std Test AUC: 0.0155
ASR : 0.576514995773494
attack_auc : 0.9174013422379648
------------------------- time cost ------------------------- 10.173540115356445

-------------Round number: 573-------------

Evaluate personalized models
Averaged Train Loss: 0.0016
Averaged Test Accurancy: 0.7866
Averaged Test AUC: 0.9663
Std Test Accurancy: 0.0695
Std Test AUC: 0.0154
ASR : 0.581404591324873
attack_auc : 0.9191731285950464
------------------------- time cost ------------------------- 10.504648923873901

-------------Round number: 574-------------

Evaluate personalized models
Averaged Train Loss: 0.0016
Averaged Test Accurancy: 0.7865
Averaged Test AUC: 0.9661
Std Test Accurancy: 0.0699
Std Test AUC: 0.0156
ASR : 0.5769261828796324
attack_auc : 0.9176357321653853
------------------------- time cost ------------------------- 10.133359670639038

-------------Round number: 575-------------

Evaluate personalized models
Averaged Train Loss: 0.0015
Averaged Test Accurancy: 0.7852
Averaged Test AUC: 0.9661
Std Test Accurancy: 0.0699
Std Test AUC: 0.0157
ASR : 0.5742155422630351
attack_auc : 0.9163380551670363
------------------------- time cost ------------------------- 10.310622453689575

-------------Round number: 576-------------

Evaluate personalized models
Averaged Train Loss: 0.0015
Averaged Test Accurancy: 0.7860
Averaged Test AUC: 0.9661
Std Test Accurancy: 0.0698
Std Test AUC: 0.0158
ASR : 0.5696535557977104
attack_auc : 0.9145512830291386
------------------------- time cost ------------------------- 10.628330945968628

-------------Round number: 577-------------

Evaluate personalized models
Averaged Train Loss: 0.0016
Averaged Test Accurancy: 0.7861
Averaged Test AUC: 0.9661
Std Test Accurancy: 0.0688
Std Test AUC: 0.0158
ASR : 0.5663085949591671
attack_auc : 0.9140628115667143
------------------------- time cost ------------------------- 10.177868843078613

-------------Round number: 578-------------

Evaluate personalized models
Averaged Train Loss: 0.0015
Averaged Test Accurancy: 0.7862
Averaged Test AUC: 0.9661
Std Test Accurancy: 0.0694
Std Test AUC: 0.0158
ASR : 0.5625251510356029
attack_auc : 0.912893820367345
------------------------- time cost ------------------------- 10.432806730270386

-------------Round number: 579-------------

Evaluate personalized models
Averaged Train Loss: 0.0015
Averaged Test Accurancy: 0.7855
Averaged Test AUC: 0.9663
Std Test Accurancy: 0.0700
Std Test AUC: 0.0157
ASR : 0.5641839732217392
attack_auc : 0.9133509233691446
------------------------- time cost ------------------------- 10.047013998031616

-------------Round number: 580-------------

Evaluate personalized models
Averaged Train Loss: 0.0014
Averaged Test Accurancy: 0.7877
Averaged Test AUC: 0.9664
Std Test Accurancy: 0.0688
Std Test AUC: 0.0157
ASR : 0.5610597079321346
attack_auc : 0.9128606238607475
------------------------- time cost ------------------------- 10.192895650863647

-------------Round number: 581-------------

Evaluate personalized models
Averaged Train Loss: 0.0015
Averaged Test Accurancy: 0.7865
Averaged Test AUC: 0.9663
Std Test Accurancy: 0.0697
Std Test AUC: 0.0157
ASR : 0.5578345577863002
attack_auc : 0.9121865318415061
------------------------- time cost ------------------------- 10.41297173500061

-------------Round number: 582-------------

Evaluate personalized models
Averaged Train Loss: 0.0014
Averaged Test Accurancy: 0.7879
Averaged Test AUC: 0.9664
Std Test Accurancy: 0.0702
Std Test AUC: 0.0156
ASR : 0.56140841379712
attack_auc : 0.9127722715743656
------------------------- time cost ------------------------- 10.490232467651367

-------------Round number: 583-------------

Evaluate personalized models
Averaged Train Loss: 0.0014
Averaged Test Accurancy: 0.7862
Averaged Test AUC: 0.9664
Std Test Accurancy: 0.0691
Std Test AUC: 0.0157
ASR : 0.5633902034129624
attack_auc : 0.9134133758356923
------------------------- time cost ------------------------- 10.226242303848267

-------------Round number: 584-------------

Evaluate personalized models
Averaged Train Loss: 0.0014
Averaged Test Accurancy: 0.7862
Averaged Test AUC: 0.9663
Std Test Accurancy: 0.0694
Std Test AUC: 0.0157
ASR : 0.5609294504412868
attack_auc : 0.9128742023521159
------------------------- time cost ------------------------- 10.470558404922485

-------------Round number: 585-------------

Evaluate personalized models
Averaged Train Loss: 0.0014
Averaged Test Accurancy: 0.7867
Averaged Test AUC: 0.9663
Std Test Accurancy: 0.0700
Std Test AUC: 0.0157
ASR : 0.5675582644505112
attack_auc : 0.9149116341564899
------------------------- time cost ------------------------- 10.41530156135559

-------------Round number: 586-------------

Evaluate personalized models
Averaged Train Loss: 0.0013
Averaged Test Accurancy: 0.7871
Averaged Test AUC: 0.9663
Std Test Accurancy: 0.0697
Std Test AUC: 0.0157
ASR : 0.571550773100645
attack_auc : 0.9162143174825099
------------------------- time cost ------------------------- 10.327324390411377

-------------Round number: 587-------------

Evaluate personalized models
Averaged Train Loss: 0.0013
Averaged Test Accurancy: 0.7865
Averaged Test AUC: 0.9663
Std Test Accurancy: 0.0692
Std Test AUC: 0.0157
ASR : 0.570314675112399
attack_auc : 0.915386682958319
------------------------- time cost ------------------------- 10.279240131378174

-------------Round number: 588-------------

Evaluate personalized models
Averaged Train Loss: 0.0013
Averaged Test Accurancy: 0.7865
Averaged Test AUC: 0.9662
Std Test Accurancy: 0.0696
Std Test AUC: 0.0157
ASR : 0.5655926689411906
attack_auc : 0.9143094921000715
------------------------- time cost ------------------------- 9.94570541381836

-------------Round number: 589-------------

Evaluate personalized models
Averaged Train Loss: 0.0013
Averaged Test Accurancy: 0.7854
Averaged Test AUC: 0.9663
Std Test Accurancy: 0.0689
Std Test AUC: 0.0158
ASR : 0.564868804734464
attack_auc : 0.9137009484731986
------------------------- time cost ------------------------- 10.514386415481567

-------------Round number: 590-------------

Evaluate personalized models
Averaged Train Loss: 0.0013
Averaged Test Accurancy: 0.7872
Averaged Test AUC: 0.9663
Std Test Accurancy: 0.0683
Std Test AUC: 0.0157
ASR : 0.5691075188070837
attack_auc : 0.9148893553553215
------------------------- time cost ------------------------- 10.210917472839355

-------------Round number: 591-------------

Evaluate personalized models
Averaged Train Loss: 0.0013
Averaged Test Accurancy: 0.7862
Averaged Test AUC: 0.9663
Std Test Accurancy: 0.0690
Std Test AUC: 0.0157
ASR : 0.5679696618525266
attack_auc : 0.9148589768021506
------------------------- time cost ------------------------- 10.152574062347412

-------------Round number: 592-------------

Evaluate personalized models
Averaged Train Loss: 0.0013
Averaged Test Accurancy: 0.7867
Averaged Test AUC: 0.9665
Std Test Accurancy: 0.0693
Std Test AUC: 0.0156
ASR : 0.5702266177746181
attack_auc : 0.9153587280724256
------------------------- time cost ------------------------- 10.13533902168274

-------------Round number: 593-------------

Evaluate personalized models
Averaged Train Loss: 0.0012
Averaged Test Accurancy: 0.7868
Averaged Test AUC: 0.9664
Std Test Accurancy: 0.0674
Std Test AUC: 0.0156
ASR : 0.5749138522401127
attack_auc : 0.9164430973240474
------------------------- time cost ------------------------- 10.497044801712036

-------------Round number: 594-------------

Evaluate personalized models
Averaged Train Loss: 0.0012
Averaged Test Accurancy: 0.7862
Averaged Test AUC: 0.9664
Std Test Accurancy: 0.0685
Std Test AUC: 0.0155
ASR : 0.5762143445564233
attack_auc : 0.9168481751986077
------------------------- time cost ------------------------- 10.114211320877075

-------------Round number: 595-------------

Evaluate personalized models
Averaged Train Loss: 0.0012
Averaged Test Accurancy: 0.7869
Averaged Test AUC: 0.9664
Std Test Accurancy: 0.0691
Std Test AUC: 0.0155
ASR : 0.5769845895136866
attack_auc : 0.9175028088121979
------------------------- time cost ------------------------- 10.208288192749023

-------------Round number: 596-------------

Evaluate personalized models
Averaged Train Loss: 0.0012
Averaged Test Accurancy: 0.7873
Averaged Test AUC: 0.9664
Std Test Accurancy: 0.0688
Std Test AUC: 0.0155
ASR : 0.5780176817277773
attack_auc : 0.9176402874757725
------------------------- time cost ------------------------- 10.174301624298096

-------------Round number: 597-------------

Evaluate personalized models
Averaged Train Loss: 0.0012
Averaged Test Accurancy: 0.7866
Averaged Test AUC: 0.9664
Std Test Accurancy: 0.0685
Std Test AUC: 0.0155
ASR : 0.5758974070748626
attack_auc : 0.9169511083664911
------------------------- time cost ------------------------- 10.195355892181396

-------------Round number: 598-------------

Evaluate personalized models
Averaged Train Loss: 0.0012
Averaged Test Accurancy: 0.7872
Averaged Test AUC: 0.9664
Std Test Accurancy: 0.0675
Std Test AUC: 0.0155
ASR : 0.5785315684102265
attack_auc : 0.9177821346279061
------------------------- time cost ------------------------- 10.179580450057983

-------------Round number: 599-------------

Evaluate personalized models
Averaged Train Loss: 0.0012
Averaged Test Accurancy: 0.7872
Averaged Test AUC: 0.9664
Std Test Accurancy: 0.0676
Std Test AUC: 0.0155
ASR : 0.5773237000310619
attack_auc : 0.9172122602646501
------------------------- time cost ------------------------- 9.826306104660034

-------------Round number: 600-------------

Evaluate personalized models
Averaged Train Loss: 0.0012
Averaged Test Accurancy: 0.7870
Averaged Test AUC: 0.9663
Std Test Accurancy: 0.0677
Std Test AUC: 0.0155
ASR : 0.5754534017235804
attack_auc : 0.9168640993959634
------------------------- time cost ------------------------- 10.224774360656738

Best accuracy.
0.7886563693738582

Average time cost per round.
10.651166212956111
File path: ./results/Cifar10_dir0.5_bdoor0.2_nclient_100_badnet_adv10_FedRep_s3_rep_badnet_0.h5

Average time cost: 6409.85s.
Length:  601
std for best accurancy: 0.0
mean for best accurancy: 0.7886563693738582
All done!
