==================================================
goal = tau_8
device = cuda
join_ratio = 1.0
device_id = 1
dataset = Cifar10_dir0.5_nclient_40_badpfl_adv5
num_classes = 10
model = ResNetP
batch_size = 64
local_learning_rate = 0.003
learning_rate_decay = False
learning_rate_decay_gamma = 0.99
global_rounds = 800
top_cnt = 100
local_epochs = 1
algorithm = FedCLCM
num_clients = 40
eval_gap = 1
save_folder_name = items
auto_break = False
batch_num_per_client = 2
feature_dim = 512
vocab_size = 32000
max_len = 200
client_drop_rate = 0.0
time_select = False
time_threthold = 10000
send_slow_rate = 0.0
beta = 0.0
lamda = 1.0
mu = 0.0
K = 5
p_learning_rate = 0.01
M = 5
itk = 4000
alphaK = 1.0
sigma = 1.0
alpha = 1.0
plocal_epochs = 1
lr_head = 0.01
tau = 1.0
fine_tuning_epochs = 10
dr_learning_rate = 0.0
L = 1.0
noise_dim = 512
generator_learning_rate = 0.005
hidden_dim = 512
server_epochs = 1000
localize_feature_extractor = False
server_learning_rate = 1.0
eta = 1.0
rand_percent = 80
layer_idx = 2
mentee_learning_rate = 0.005
T_start = 0.95
T_end = 0.98
momentum = 0.1
kl_weight = 0.0
disti_epochs = 1
protect_id = 1
adv_eps = 0.0
adv_num_iter = 0
defense_epochs = 1
clean_data = 5000
sdmk_m = 7
sdmk_k = 5
delta = 0.5
sim_threshold = 0.7
rt_beta = 0.0
num_adv_clients = 5
lambda_cl = 0.1
aug_strength = 0.05
mask_tau = 8.0
mask_alpha = 0.9
enable_channel_mask = True
cosine_gate = False
cosine_gate_threshold = 0.3
cosine_gate_alpha = 0.5
trim_high_layers = 
trim_beta_high = None
trim_beta_low = None
attack = pfedba
ba_target_label = 0
ba_poison_rate = 0.2
ba_trigger_gen_steps = 30
ba_trigger_gen_lr = 0.01
ba_pgd_eps = 0.0314
ba_trigger_scale = 8.0
pfedba_target_label = 0
pfedba_poison_rate = 0.5
pfedba_poison_count = -1
pfedba_poison_before_start = False
pfedba_attack_start = 30
pfedba_trigger_opt_steps = 15
pfedba_trigger_lr = 0.1
pfedba_init_value = 0.5
pfedba_patch_size = 10
pfedba_patch_position = center
pfedba_img_c = 3
pfedba_img_h = 32
pfedba_img_w = 32
pfedba_align_grad_weight = 1.0
pfedba_align_loss_weight = 1.0
pfedba_attack_loss_weight = 1.0
pfedba_opt_samples_per_class = 100
pfedba_opt_batch_size = 64
pfedba_opt_max_batches_per_client = 20
logit_analysis = False
logit_reject_thresholds = 0.5,0.6,0.7,0.8
logit_entropy_thresholds = 1.0,1.5,2.0
logit_margin_thresholds = 0.1,0.2,0.3
==================================================

============= Running time: 0th =============
Creating server and clients ...
ResNet(
  (conv1): Conv2d(3, 64, kernel_size=(7, 7), stride=(2, 2), padding=(3, 3), bias=False)
  (bn1): BatchNorm2d(64, eps=1e-05, momentum=0.1, affine=True, track_running_stats=True)
  (relu): ReLU(inplace=True)
  (maxpool): MaxPool2d(kernel_size=3, stride=2, padding=1, dilation=1, ceil_mode=False)
  (layer1): Sequential(
    (0): BasicBlock(
      (conv1): Conv2d(64, 64, kernel_size=(3, 3), stride=(1, 1), padding=(1, 1), bias=False)
      (bn1): BatchNorm2d(64, eps=1e-05, momentum=0.1, affine=True, track_running_stats=True)
      (relu): ReLU(inplace=True)
      (conv2): Conv2d(64, 64, kernel_size=(3, 3), stride=(1, 1), padding=(1, 1), bias=False)
      (bn2): BatchNorm2d(64, eps=1e-05, momentum=0.1, affine=True, track_running_stats=True)
    )
    (1): BasicBlock(
      (conv1): Conv2d(64, 64, kernel_size=(3, 3), stride=(1, 1), padding=(1, 1), bias=False)
      (bn1): BatchNorm2d(64, eps=1e-05, momentum=0.1, affine=True, track_running_stats=True)
      (relu): ReLU(inplace=True)
      (conv2): Conv2d(64, 64, kernel_size=(3, 3), stride=(1, 1), padding=(1, 1), bias=False)
      (bn2): BatchNorm2d(64, eps=1e-05, momentum=0.1, affine=True, track_running_stats=True)
    )
  )
  (layer2): Sequential(
    (0): BasicBlock(
      (conv1): Conv2d(64, 128, kernel_size=(3, 3), stride=(2, 2), padding=(1, 1), bias=False)
      (bn1): BatchNorm2d(128, eps=1e-05, momentum=0.1, affine=True, track_running_stats=True)
      (relu): ReLU(inplace=True)
      (conv2): Conv2d(128, 128, kernel_size=(3, 3), stride=(1, 1), padding=(1, 1), bias=False)
      (bn2): BatchNorm2d(128, eps=1e-05, momentum=0.1, affine=True, track_running_stats=True)
      (downsample): Sequential(
        (0): Conv2d(64, 128, kernel_size=(1, 1), stride=(2, 2), bias=False)
        (1): BatchNorm2d(128, eps=1e-05, momentum=0.1, affine=True, track_running_stats=True)
      )
    )
    (1): BasicBlock(
      (conv1): Conv2d(128, 128, kernel_size=(3, 3), stride=(1, 1), padding=(1, 1), bias=False)
      (bn1): BatchNorm2d(128, eps=1e-05, momentum=0.1, affine=True, track_running_stats=True)
      (relu): ReLU(inplace=True)
      (conv2): Conv2d(128, 128, kernel_size=(3, 3), stride=(1, 1), padding=(1, 1), bias=False)
      (bn2): BatchNorm2d(128, eps=1e-05, momentum=0.1, affine=True, track_running_stats=True)
    )
  )
  (layer3): Sequential(
    (0): BasicBlock(
      (conv1): Conv2d(128, 256, kernel_size=(3, 3), stride=(2, 2), padding=(1, 1), bias=False)
      (bn1): BatchNorm2d(256, eps=1e-05, momentum=0.1, affine=True, track_running_stats=True)
      (relu): ReLU(inplace=True)
      (conv2): Conv2d(256, 256, kernel_size=(3, 3), stride=(1, 1), padding=(1, 1), bias=False)
      (bn2): BatchNorm2d(256, eps=1e-05, momentum=0.1, affine=True, track_running_stats=True)
      (downsample): Sequential(
        (0): Conv2d(128, 256, kernel_size=(1, 1), stride=(2, 2), bias=False)
        (1): BatchNorm2d(256, eps=1e-05, momentum=0.1, affine=True, track_running_stats=True)
      )
    )
    (1): BasicBlock(
      (conv1): Conv2d(256, 256, kernel_size=(3, 3), stride=(1, 1), padding=(1, 1), bias=False)
      (bn1): BatchNorm2d(256, eps=1e-05, momentum=0.1, affine=True, track_running_stats=True)
      (relu): ReLU(inplace=True)
      (conv2): Conv2d(256, 256, kernel_size=(3, 3), stride=(1, 1), padding=(1, 1), bias=False)
      (bn2): BatchNorm2d(256, eps=1e-05, momentum=0.1, affine=True, track_running_stats=True)
    )
  )
  (layer4): Sequential(
    (0): BasicBlock(
      (conv1): Conv2d(256, 512, kernel_size=(3, 3), stride=(2, 2), padding=(1, 1), bias=False)
      (bn1): BatchNorm2d(512, eps=1e-05, momentum=0.1, affine=True, track_running_stats=True)
      (relu): ReLU(inplace=True)
      (conv2): Conv2d(512, 512, kernel_size=(3, 3), stride=(1, 1), padding=(1, 1), bias=False)
      (bn2): BatchNorm2d(512, eps=1e-05, momentum=0.1, affine=True, track_running_stats=True)
      (downsample): Sequential(
        (0): Conv2d(256, 512, kernel_size=(1, 1), stride=(2, 2), bias=False)
        (1): BatchNorm2d(512, eps=1e-05, momentum=0.1, affine=True, track_running_stats=True)
      )
    )
    (1): BasicBlock(
      (conv1): Conv2d(512, 512, kernel_size=(3, 3), stride=(1, 1), padding=(1, 1), bias=False)
      (bn1): BatchNorm2d(512, eps=1e-05, momentum=0.1, affine=True, track_running_stats=True)
      (relu): ReLU(inplace=True)
      (conv2): Conv2d(512, 512, kernel_size=(3, 3), stride=(1, 1), padding=(1, 1), bias=False)
      (bn2): BatchNorm2d(512, eps=1e-05, momentum=0.1, affine=True, track_running_stats=True)
    )
  )
  (avgpool): AdaptiveAvgPool2d(output_size=(1, 1))
  (fc): Linear(in_features=512, out_features=10, bias=True)
)

Join ratio / total clients: 1.0 / 40
Finished creating server and clients.
[PFedBA] Initialized: target=0, patch=10x10 (center), attack_start=30, num_adv=5
[PFedBA] Attack attached: malicious_clients=5, loss_w=1.0, grad_w=1.0

-------------Round number: 0-------------

Evaluate personalized models
Averaged Train Loss: 2.4417
Averaged Test Accurancy: 0.1139
Averaged Test AUC: 0.4904
Std Test Accurancy: 0.0794
Std Test AUC: 0.1273
ASR: 0.07190592447450282
attack_auc: 0.5241028440017667
------------------------- time cost ------------------------- 24.129616498947144

-------------Round number: 1-------------

Evaluate personalized models
Averaged Train Loss: 1.3273
Averaged Test Accurancy: 0.5239
Averaged Test AUC: 0.8692
Std Test Accurancy: 0.1126
Std Test AUC: 0.0561
ASR: 0.07520092462368723
attack_auc: 0.524019945903225
Layer layer3.0.conv2.weight: 1/256 channels masked
Layer layer3.0.downsample.0.weight: 1/256 channels masked
Layer layer3.1.conv1.weight: 1/256 channels masked
Layer layer4.0.conv1.weight: 1/512 channels masked
Layer layer4.0.conv2.weight: 3/512 channels masked
Layer layer4.0.downsample.0.weight: 2/512 channels masked
Layer layer4.1.conv1.weight: 6/512 channels masked
------------------------- time cost ------------------------- 23.944579362869263

-------------Round number: 2-------------

Evaluate personalized models
Averaged Train Loss: 1.1300
Averaged Test Accurancy: 0.5757
Averaged Test AUC: 0.8918
Std Test Accurancy: 0.1044
Std Test AUC: 0.0469
ASR: 0.06872497815110155
attack_auc: 0.5199185851915
Layer layer3.0.conv2.weight: 1/256 channels masked
Layer layer3.0.downsample.0.weight: 1/256 channels masked
Layer layer3.1.conv1.weight: 1/256 channels masked
Layer layer4.0.conv1.weight: 1/512 channels masked
Layer layer4.0.conv2.weight: 4/512 channels masked
Layer layer4.0.downsample.0.weight: 2/512 channels masked
Layer layer4.1.conv1.weight: 8/512 channels masked
------------------------- time cost ------------------------- 24.31796169281006

-------------Round number: 3-------------

Evaluate personalized models
Averaged Train Loss: 1.0157
Averaged Test Accurancy: 0.6062
Averaged Test AUC: 0.9046
Std Test Accurancy: 0.1083
Std Test AUC: 0.0411
ASR: 0.07135900331433048
attack_auc: 0.5241801608540152
Layer layer3.0.conv2.weight: 1/256 channels masked
Layer layer3.0.downsample.0.weight: 1/256 channels masked
Layer layer3.1.conv1.weight: 1/256 channels masked
Layer layer4.0.conv1.weight: 1/512 channels masked
Layer layer4.0.conv2.weight: 4/512 channels masked
Layer layer4.0.downsample.0.weight: 2/512 channels masked
Layer layer4.1.conv1.weight: 8/512 channels masked
------------------------- time cost ------------------------- 24.299224615097046

-------------Round number: 4-------------

Evaluate personalized models
Averaged Train Loss: 0.9353
Averaged Test Accurancy: 0.6248
Averaged Test AUC: 0.9129
Std Test Accurancy: 0.1080
Std Test AUC: 0.0374
ASR: 0.05798766242441662
attack_auc: 0.5218801874404253
Layer layer3.0.conv2.weight: 1/256 channels masked
Layer layer3.0.downsample.0.weight: 1/256 channels masked
Layer layer3.1.conv1.weight: 1/256 channels masked
Layer layer4.0.conv1.weight: 1/512 channels masked
Layer layer4.0.conv2.weight: 4/512 channels masked
Layer layer4.0.downsample.0.weight: 2/512 channels masked
Layer layer4.1.conv1.weight: 8/512 channels masked
------------------------- time cost ------------------------- 23.881446599960327

-------------Round number: 5-------------

Evaluate personalized models
Averaged Train Loss: 0.8669
Averaged Test Accurancy: 0.6369
Averaged Test AUC: 0.9188
Std Test Accurancy: 0.0985
Std Test AUC: 0.0346
ASR: 0.0566635762145613
attack_auc: 0.5211981485011119
Layer layer3.0.conv2.weight: 1/256 channels masked
Layer layer3.0.downsample.0.weight: 1/256 channels masked
Layer layer3.1.conv1.weight: 1/256 channels masked
Layer layer4.0.conv1.weight: 1/512 channels masked
Layer layer4.0.conv2.weight: 4/512 channels masked
Layer layer4.0.downsample.0.weight: 2/512 channels masked
Layer layer4.1.conv1.weight: 8/512 channels masked
------------------------- time cost ------------------------- 24.228106260299683

-------------Round number: 6-------------

Evaluate personalized models
Averaged Train Loss: 0.8150
Averaged Test Accurancy: 0.6485
Averaged Test AUC: 0.9236
Std Test Accurancy: 0.0997
Std Test AUC: 0.0331
ASR: 0.05853098791055892
attack_auc: 0.523955815558656
Layer layer3.0.conv2.weight: 1/256 channels masked
Layer layer3.0.downsample.0.weight: 1/256 channels masked
Layer layer3.1.conv1.weight: 1/256 channels masked
Layer layer4.0.conv1.weight: 1/512 channels masked
Layer layer4.0.conv2.weight: 4/512 channels masked
Layer layer4.0.downsample.0.weight: 2/512 channels masked
Layer layer4.1.conv1.weight: 8/512 channels masked
------------------------- time cost ------------------------- 23.911566734313965

-------------Round number: 7-------------

Evaluate personalized models
Averaged Train Loss: 0.7704
Averaged Test Accurancy: 0.6533
Averaged Test AUC: 0.9270
Std Test Accurancy: 0.1010
Std Test AUC: 0.0318
ASR: 0.057272662948400416
attack_auc: 0.5266457147706051
Layer layer3.0.conv2.weight: 1/256 channels masked
Layer layer3.0.downsample.0.weight: 1/256 channels masked
Layer layer3.1.conv1.weight: 1/256 channels masked
Layer layer4.0.conv1.weight: 1/512 channels masked
Layer layer4.0.conv2.weight: 4/512 channels masked
Layer layer4.0.downsample.0.weight: 2/512 channels masked
Layer layer4.1.conv1.weight: 8/512 channels masked
------------------------- time cost ------------------------- 23.796517848968506

-------------Round number: 8-------------

Evaluate personalized models
Averaged Train Loss: 0.7334
Averaged Test Accurancy: 0.6629
Averaged Test AUC: 0.9301
Std Test Accurancy: 0.1017
Std Test AUC: 0.0309
ASR: 0.057378514781080484
attack_auc: 0.5322821192493277
Layer layer3.0.conv2.weight: 1/256 channels masked
Layer layer3.0.downsample.0.weight: 1/256 channels masked
Layer layer3.1.conv1.weight: 1/256 channels masked
Layer layer4.0.conv1.weight: 1/512 channels masked
Layer layer4.0.conv2.weight: 4/512 channels masked
Layer layer4.0.downsample.0.weight: 2/512 channels masked
Layer layer4.1.conv1.weight: 9/512 channels masked
------------------------- time cost ------------------------- 23.945270538330078

-------------Round number: 9-------------

Evaluate personalized models
Averaged Train Loss: 0.6985
Averaged Test Accurancy: 0.6709
Averaged Test AUC: 0.9321
Std Test Accurancy: 0.0949
Std Test AUC: 0.0296
ASR: 0.055582282691340246
attack_auc: 0.5316631954650605
Layer layer3.0.conv2.weight: 1/256 channels masked
Layer layer3.0.downsample.0.weight: 1/256 channels masked
Layer layer3.1.conv1.weight: 1/256 channels masked
Layer layer4.0.conv1.weight: 1/512 channels masked
Layer layer4.0.conv2.weight: 4/512 channels masked
Layer layer4.0.downsample.0.weight: 2/512 channels masked
Layer layer4.1.conv1.weight: 9/512 channels masked
------------------------- time cost ------------------------- 23.764430046081543

-------------Round number: 10-------------

Evaluate personalized models
Averaged Train Loss: 0.6662
Averaged Test Accurancy: 0.6780
Averaged Test AUC: 0.9344
Std Test Accurancy: 0.0925
Std Test AUC: 0.0291
ASR: 0.05568282498188561
attack_auc: 0.5324118658560335
Layer layer3.0.conv2.weight: 1/256 channels masked
Layer layer3.0.downsample.0.weight: 1/256 channels masked
Layer layer3.1.conv1.weight: 1/256 channels masked
Layer layer4.0.conv1.weight: 1/512 channels masked
Layer layer4.0.conv2.weight: 4/512 channels masked
Layer layer4.0.downsample.0.weight: 2/512 channels masked
Layer layer4.1.conv1.weight: 9/512 channels masked
------------------------- time cost ------------------------- 24.139768838882446

-------------Round number: 11-------------

Evaluate personalized models
Averaged Train Loss: 0.6408
Averaged Test Accurancy: 0.6816
Averaged Test AUC: 0.9362
Std Test Accurancy: 0.0935
Std Test AUC: 0.0285
ASR: 0.05305269448648177
attack_auc: 0.5271046587064909
Layer layer3.0.conv2.weight: 1/256 channels masked
Layer layer3.0.downsample.0.weight: 1/256 channels masked
Layer layer3.1.conv1.weight: 1/256 channels masked
Layer layer4.0.conv1.weight: 1/512 channels masked
Layer layer4.0.conv2.weight: 4/512 channels masked
Layer layer4.0.downsample.0.weight: 2/512 channels masked
Layer layer4.1.conv1.weight: 9/512 channels masked
------------------------- time cost ------------------------- 24.282317638397217

-------------Round number: 12-------------

Evaluate personalized models
Averaged Train Loss: 0.6184
Averaged Test Accurancy: 0.6871
Averaged Test AUC: 0.9376
Std Test Accurancy: 0.0902
Std Test AUC: 0.0275
ASR: 0.05257543634411795
attack_auc: 0.5283504961090804
Layer layer3.0.conv2.weight: 1/256 channels masked
Layer layer3.0.downsample.0.weight: 1/256 channels masked
Layer layer3.1.conv1.weight: 1/256 channels masked
Layer layer4.0.conv1.weight: 1/512 channels masked
Layer layer4.0.conv2.weight: 4/512 channels masked
Layer layer4.0.downsample.0.weight: 2/512 channels masked
Layer layer4.1.conv1.weight: 9/512 channels masked
------------------------- time cost ------------------------- 24.177783727645874

-------------Round number: 13-------------

Evaluate personalized models
Averaged Train Loss: 0.5892
Averaged Test Accurancy: 0.6942
Averaged Test AUC: 0.9391
Std Test Accurancy: 0.0914
Std Test AUC: 0.0275
ASR: 0.05599138138489768
attack_auc: 0.5288292603073369
Layer layer3.0.conv2.weight: 1/256 channels masked
Layer layer3.0.downsample.0.weight: 1/256 channels masked
Layer layer3.1.conv1.weight: 1/256 channels masked
Layer layer4.0.conv1.weight: 1/512 channels masked
Layer layer4.0.conv2.weight: 4/512 channels masked
Layer layer4.0.downsample.0.weight: 2/512 channels masked
Layer layer4.1.conv1.weight: 9/512 channels masked
------------------------- time cost ------------------------- 22.84199047088623

-------------Round number: 14-------------

Evaluate personalized models
Averaged Train Loss: 0.5727
Averaged Test Accurancy: 0.6947
Averaged Test AUC: 0.9403
Std Test Accurancy: 0.0884
Std Test AUC: 0.0271
ASR: 0.059299773661829897
attack_auc: 0.5315076324790144
Layer layer3.0.conv2.weight: 1/256 channels masked
Layer layer3.0.downsample.0.weight: 1/256 channels masked
Layer layer3.1.conv1.weight: 1/256 channels masked
Layer layer4.0.conv1.weight: 1/512 channels masked
Layer layer4.0.conv2.weight: 4/512 channels masked
Layer layer4.0.downsample.0.weight: 2/512 channels masked
Layer layer4.1.conv1.weight: 9/512 channels masked
------------------------- time cost ------------------------- 23.958099603652954

-------------Round number: 15-------------

Evaluate personalized models
Averaged Train Loss: 0.5537
Averaged Test Accurancy: 0.6995
Averaged Test AUC: 0.9412
Std Test Accurancy: 0.0849
Std Test AUC: 0.0260
ASR: 0.048748635186296
attack_auc: 0.5285442447940178
Layer layer3.0.conv2.weight: 1/256 channels masked
Layer layer3.0.downsample.0.weight: 1/256 channels masked
Layer layer3.1.conv1.weight: 1/256 channels masked
Layer layer4.0.conv1.weight: 1/512 channels masked
Layer layer4.0.conv2.weight: 4/512 channels masked
Layer layer4.0.downsample.0.weight: 2/512 channels masked
Layer layer4.1.conv1.weight: 9/512 channels masked
------------------------- time cost ------------------------- 24.151073455810547

-------------Round number: 16-------------

Evaluate personalized models
Averaged Train Loss: 0.5348
Averaged Test Accurancy: 0.7040
Averaged Test AUC: 0.9423
Std Test Accurancy: 0.0859
Std Test AUC: 0.0256
ASR: 0.04817061902751779
attack_auc: 0.5312961329661485
Layer layer3.0.conv2.weight: 1/256 channels masked
Layer layer3.0.downsample.0.weight: 1/256 channels masked
Layer layer3.1.conv1.weight: 1/256 channels masked
Layer layer4.0.conv1.weight: 1/512 channels masked
Layer layer4.0.conv2.weight: 4/512 channels masked
Layer layer4.0.downsample.0.weight: 2/512 channels masked
Layer layer4.1.conv1.weight: 9/512 channels masked
------------------------- time cost ------------------------- 23.814276456832886

-------------Round number: 17-------------

Evaluate personalized models
Averaged Train Loss: 0.5161
Averaged Test Accurancy: 0.7015
Averaged Test AUC: 0.9434
Std Test Accurancy: 0.0898
Std Test AUC: 0.0255
ASR: 0.054106802115247
attack_auc: 0.5310861765670021
Layer layer3.0.conv2.weight: 1/256 channels masked
Layer layer3.0.downsample.0.weight: 1/256 channels masked
Layer layer3.1.conv1.weight: 1/256 channels masked
Layer layer4.0.conv1.weight: 1/512 channels masked
Layer layer4.0.conv2.weight: 4/512 channels masked
Layer layer4.0.downsample.0.weight: 2/512 channels masked
Layer layer4.1.conv1.weight: 9/512 channels masked
------------------------- time cost ------------------------- 23.861966371536255

-------------Round number: 18-------------

Evaluate personalized models
Averaged Train Loss: 0.4985
Averaged Test Accurancy: 0.7083
Averaged Test AUC: 0.9443
Std Test Accurancy: 0.0879
Std Test AUC: 0.0256
ASR: 0.05461968168111979
attack_auc: 0.5299657429544641
Layer layer3.0.conv2.weight: 1/256 channels masked
Layer layer3.0.downsample.0.weight: 1/256 channels masked
Layer layer3.1.conv1.weight: 1/256 channels masked
Layer layer4.0.conv1.weight: 1/512 channels masked
Layer layer4.0.conv2.weight: 4/512 channels masked
Layer layer4.0.downsample.0.weight: 2/512 channels masked
Layer layer4.1.conv1.weight: 9/512 channels masked
------------------------- time cost ------------------------- 24.27465295791626

-------------Round number: 19-------------

Evaluate personalized models
Averaged Train Loss: 0.4840
Averaged Test Accurancy: 0.7097
Averaged Test AUC: 0.9450
Std Test Accurancy: 0.0864
Std Test AUC: 0.0251
ASR: 0.04777949428448095
attack_auc: 0.5255083704409407
Layer layer3.0.conv2.weight: 1/256 channels masked
Layer layer3.0.downsample.0.weight: 1/256 channels masked
Layer layer3.1.conv1.weight: 1/256 channels masked
Layer layer4.0.conv1.weight: 1/512 channels masked
Layer layer4.0.conv2.weight: 4/512 channels masked
Layer layer4.0.downsample.0.weight: 2/512 channels masked
Layer layer4.1.conv1.weight: 9/512 channels masked
------------------------- time cost ------------------------- 24.18932580947876

-------------Round number: 20-------------

Evaluate personalized models
Averaged Train Loss: 0.4738
Averaged Test Accurancy: 0.7092
Averaged Test AUC: 0.9453
Std Test Accurancy: 0.0883
Std Test AUC: 0.0250
ASR: 0.051166606238930025
attack_auc: 0.5315979613746968
Layer layer3.0.conv2.weight: 1/256 channels masked
Layer layer3.0.downsample.0.weight: 1/256 channels masked
Layer layer3.1.conv1.weight: 1/256 channels masked
Layer layer4.0.conv1.weight: 1/512 channels masked
Layer layer4.0.conv2.weight: 4/512 channels masked
Layer layer4.0.downsample.0.weight: 2/512 channels masked
Layer layer4.1.conv1.weight: 9/512 channels masked
------------------------- time cost ------------------------- 24.246695280075073

-------------Round number: 21-------------

Evaluate personalized models
Averaged Train Loss: 0.4564
Averaged Test Accurancy: 0.7180
Averaged Test AUC: 0.9462
Std Test Accurancy: 0.0856
Std Test AUC: 0.0248
ASR: 0.04704565343497327
attack_auc: 0.527253202070997
Layer layer3.0.conv2.weight: 1/256 channels masked
Layer layer3.0.downsample.0.weight: 1/256 channels masked
Layer layer3.1.conv1.weight: 1/256 channels masked
Layer layer4.0.conv1.weight: 1/512 channels masked
Layer layer4.0.conv2.weight: 4/512 channels masked
Layer layer4.0.downsample.0.weight: 2/512 channels masked
Layer layer4.1.conv1.weight: 9/512 channels masked
------------------------- time cost ------------------------- 24.142855644226074

-------------Round number: 22-------------

Evaluate personalized models
Averaged Train Loss: 0.4449
Averaged Test Accurancy: 0.7167
Averaged Test AUC: 0.9466
Std Test Accurancy: 0.0875
Std Test AUC: 0.0243
ASR: 0.04781394753349477
attack_auc: 0.5300700323325731
Layer layer3.0.conv2.weight: 1/256 channels masked
Layer layer3.0.downsample.0.weight: 1/256 channels masked
Layer layer3.1.conv1.weight: 1/256 channels masked
Layer layer4.0.conv1.weight: 1/512 channels masked
Layer layer4.0.conv2.weight: 4/512 channels masked
Layer layer4.0.downsample.0.weight: 2/512 channels masked
Layer layer4.1.conv1.weight: 9/512 channels masked
------------------------- time cost ------------------------- 23.942918062210083

-------------Round number: 23-------------

Evaluate personalized models
Averaged Train Loss: 0.4335
Averaged Test Accurancy: 0.7196
Averaged Test AUC: 0.9470
Std Test Accurancy: 0.0888
Std Test AUC: 0.0244
ASR: 0.04795067762623269
attack_auc: 0.5329402572894466
Layer layer3.0.conv2.weight: 1/256 channels masked
Layer layer3.0.downsample.0.weight: 1/256 channels masked
Layer layer3.1.conv1.weight: 1/256 channels masked
Layer layer4.0.conv1.weight: 1/512 channels masked
Layer layer4.0.conv2.weight: 4/512 channels masked
Layer layer4.0.downsample.0.weight: 2/512 channels masked
Layer layer4.1.conv1.weight: 9/512 channels masked
------------------------- time cost ------------------------- 24.205472707748413

-------------Round number: 24-------------

Evaluate personalized models
Averaged Train Loss: 0.4222
Averaged Test Accurancy: 0.7190
Averaged Test AUC: 0.9476
Std Test Accurancy: 0.0848
Std Test AUC: 0.0238
ASR: 0.04856129019043103
attack_auc: 0.5235239500643537
Layer layer3.0.conv2.weight: 1/256 channels masked
Layer layer3.0.downsample.0.weight: 1/256 channels masked
Layer layer3.1.conv1.weight: 1/256 channels masked
Layer layer4.0.conv1.weight: 1/512 channels masked
Layer layer4.0.conv2.weight: 4/512 channels masked
Layer layer4.0.downsample.0.weight: 2/512 channels masked
Layer layer4.1.conv1.weight: 9/512 channels masked
------------------------- time cost ------------------------- 23.93700885772705

-------------Round number: 25-------------

Evaluate personalized models
Averaged Train Loss: 0.4120
Averaged Test Accurancy: 0.7200
Averaged Test AUC: 0.9482
Std Test Accurancy: 0.0841
Std Test AUC: 0.0236
ASR: 0.04725258018908353
attack_auc: 0.5289808813293124
Layer layer3.0.conv2.weight: 1/256 channels masked
Layer layer3.0.downsample.0.weight: 1/256 channels masked
Layer layer3.1.conv1.weight: 1/256 channels masked
Layer layer4.0.conv1.weight: 1/512 channels masked
Layer layer4.0.conv2.weight: 4/512 channels masked
Layer layer4.0.downsample.0.weight: 2/512 channels masked
Layer layer4.1.conv1.weight: 9/512 channels masked
------------------------- time cost ------------------------- 24.519460201263428

-------------Round number: 26-------------

Evaluate personalized models
Averaged Train Loss: 0.4028
Averaged Test Accurancy: 0.7224
Averaged Test AUC: 0.9487
Std Test Accurancy: 0.0828
Std Test AUC: 0.0236
ASR: 0.049267961344451834
attack_auc: 0.5296199350388752
Layer layer3.0.conv2.weight: 1/256 channels masked
Layer layer3.0.downsample.0.weight: 1/256 channels masked
Layer layer3.1.conv1.weight: 1/256 channels masked
Layer layer4.0.conv1.weight: 1/512 channels masked
Layer layer4.0.conv2.weight: 4/512 channels masked
Layer layer4.0.downsample.0.weight: 2/512 channels masked
Layer layer4.1.conv1.weight: 9/512 channels masked
------------------------- time cost ------------------------- 24.072961807250977

-------------Round number: 27-------------

Evaluate personalized models
Averaged Train Loss: 0.3954
Averaged Test Accurancy: 0.7269
Averaged Test AUC: 0.9488
Std Test Accurancy: 0.0816
Std Test AUC: 0.0233
ASR: 0.05072672562678279
attack_auc: 0.5294002549607547
Layer layer3.0.conv2.weight: 1/256 channels masked
Layer layer3.0.downsample.0.weight: 1/256 channels masked
Layer layer3.1.conv1.weight: 1/256 channels masked
Layer layer4.0.conv1.weight: 1/512 channels masked
Layer layer4.0.conv2.weight: 4/512 channels masked
Layer layer4.0.downsample.0.weight: 2/512 channels masked
Layer layer4.1.conv1.weight: 9/512 channels masked
------------------------- time cost ------------------------- 24.3320415019989

-------------Round number: 28-------------

Evaluate personalized models
Averaged Train Loss: 0.3839
Averaged Test Accurancy: 0.7265
Averaged Test AUC: 0.9489
Std Test Accurancy: 0.0876
Std Test AUC: 0.0236
ASR: 0.055110558152173764
attack_auc: 0.5334489316796931
Layer layer3.0.conv2.weight: 1/256 channels masked
Layer layer3.0.downsample.0.weight: 1/256 channels masked
Layer layer3.1.conv1.weight: 1/256 channels masked
Layer layer4.0.conv1.weight: 1/512 channels masked
Layer layer4.0.conv2.weight: 4/512 channels masked
Layer layer4.0.downsample.0.weight: 2/512 channels masked
Layer layer4.1.conv1.weight: 9/512 channels masked
------------------------- time cost ------------------------- 25.029592990875244
[PFedBA] Round 30: optimizing class-conditional trigger bank...
[PFedBA] trigger_opt total=6.0701 grad=0.4517 loss_align=1.0162 attack=4.6022 norm=27.3838

-------------Round number: 29-------------

Evaluate personalized models
Averaged Train Loss: 0.6779
Averaged Test Accurancy: 0.7266
Averaged Test AUC: 0.9495
Std Test Accurancy: 0.0871
Std Test AUC: 0.0236
ASR: 0.049045766180037385
attack_auc: 0.5263331886444321
Layer layer3.0.conv2.weight: 1/256 channels masked
Layer layer3.0.downsample.0.weight: 1/256 channels masked
Layer layer3.1.conv1.weight: 1/256 channels masked
Layer layer4.0.conv1.weight: 1/512 channels masked
Layer layer4.0.conv2.weight: 4/512 channels masked
Layer layer4.0.downsample.0.weight: 3/512 channels masked
Layer layer4.1.conv1.weight: 9/512 channels masked
------------------------- time cost ------------------------- 25.819855213165283
[PFedBA] Round 31: optimizing class-conditional trigger bank...
[PFedBA] trigger_opt total=6.9116 grad=1.3797 loss_align=4.9819 attack=0.5499 norm=27.3868

-------------Round number: 30-------------

Evaluate personalized models
Averaged Train Loss: 0.4302
Averaged Test Accurancy: 0.6956
Averaged Test AUC: 0.9444
Std Test Accurancy: 0.1162
Std Test AUC: 0.0260
ASR: 0.043937035703197125
attack_auc: 0.530682522400368
Layer layer3.0.conv2.weight: 1/256 channels masked
Layer layer3.0.downsample.0.weight: 1/256 channels masked
Layer layer3.1.conv1.weight: 1/256 channels masked
Layer layer4.0.conv1.weight: 1/512 channels masked
Layer layer4.0.conv2.weight: 4/512 channels masked
Layer layer4.0.downsample.0.weight: 3/512 channels masked
Layer layer4.1.conv1.weight: 9/512 channels masked
------------------------- time cost ------------------------- 24.843416690826416
[PFedBA] Round 32: optimizing class-conditional trigger bank...
[PFedBA] trigger_opt total=6.7340 grad=1.4201 loss_align=4.8695 attack=0.4444 norm=27.3889

-------------Round number: 31-------------

Evaluate personalized models
Averaged Train Loss: 0.4163
Averaged Test Accurancy: 0.6933
Averaged Test AUC: 0.9442
Std Test Accurancy: 0.1122
Std Test AUC: 0.0261
ASR: 0.04967741674910187
attack_auc: 0.5413736661100376
Layer layer3.0.conv2.weight: 1/256 channels masked
Layer layer3.0.downsample.0.weight: 1/256 channels masked
Layer layer3.1.conv1.weight: 1/256 channels masked
Layer layer4.0.conv1.weight: 1/512 channels masked
Layer layer4.0.conv2.weight: 4/512 channels masked
Layer layer4.0.downsample.0.weight: 3/512 channels masked
Layer layer4.1.conv1.weight: 9/512 channels masked
------------------------- time cost ------------------------- 25.718201637268066
[PFedBA] Round 33: optimizing class-conditional trigger bank...
[PFedBA] trigger_opt total=6.6139 grad=1.3638 loss_align=4.7393 attack=0.5108 norm=27.3917

-------------Round number: 32-------------

Evaluate personalized models
Averaged Train Loss: 0.4024
Averaged Test Accurancy: 0.6961
Averaged Test AUC: 0.9449
Std Test Accurancy: 0.1103
Std Test AUC: 0.0263
ASR: 0.04989262375672912
attack_auc: 0.540268572803018
Layer layer3.0.conv2.weight: 1/256 channels masked
Layer layer3.0.downsample.0.weight: 1/256 channels masked
Layer layer3.1.conv1.weight: 1/256 channels masked
Layer layer4.0.conv1.weight: 1/512 channels masked
Layer layer4.0.conv2.weight: 4/512 channels masked
Layer layer4.0.downsample.0.weight: 3/512 channels masked
Layer layer4.1.conv1.weight: 9/512 channels masked
------------------------- time cost ------------------------- 25.419575214385986
[PFedBA] Round 34: optimizing class-conditional trigger bank...
[PFedBA] trigger_opt total=6.8475 grad=1.3708 loss_align=5.0398 attack=0.4369 norm=27.3955

-------------Round number: 33-------------

Evaluate personalized models
Averaged Train Loss: 0.3918
Averaged Test Accurancy: 0.6982
Averaged Test AUC: 0.9449
Std Test Accurancy: 0.1058
Std Test AUC: 0.0257
ASR: 0.05182781756185321
attack_auc: 0.5439829010654211
Layer layer3.0.conv2.weight: 1/256 channels masked
Layer layer3.0.downsample.0.weight: 1/256 channels masked
Layer layer3.1.conv1.weight: 1/256 channels masked
Layer layer4.0.conv1.weight: 1/512 channels masked
Layer layer4.0.conv2.weight: 4/512 channels masked
Layer layer4.0.downsample.0.weight: 3/512 channels masked
Layer layer4.1.conv1.weight: 9/512 channels masked
------------------------- time cost ------------------------- 26.075518131256104
[PFedBA] Round 35: optimizing class-conditional trigger bank...
[PFedBA] trigger_opt total=6.7644 grad=1.4381 loss_align=4.9324 attack=0.3940 norm=27.3992

-------------Round number: 34-------------

Evaluate personalized models
Averaged Train Loss: 0.3819
Averaged Test Accurancy: 0.6938
Averaged Test AUC: 0.9448
Std Test Accurancy: 0.1142
Std Test AUC: 0.0257
ASR: 0.055062239898181896
attack_auc: 0.5490448620391644
Layer layer3.0.conv2.weight: 1/256 channels masked
Layer layer3.0.downsample.0.weight: 1/256 channels masked
Layer layer3.1.conv1.weight: 1/256 channels masked
Layer layer4.0.conv1.weight: 1/512 channels masked
Layer layer4.0.conv2.weight: 4/512 channels masked
Layer layer4.0.downsample.0.weight: 3/512 channels masked
Layer layer4.1.conv1.weight: 9/512 channels masked
------------------------- time cost ------------------------- 26.076149702072144
[PFedBA] Round 36: optimizing class-conditional trigger bank...
[PFedBA] trigger_opt total=6.8406 grad=1.4381 loss_align=5.0170 attack=0.3854 norm=27.4044

-------------Round number: 35-------------

Evaluate personalized models
Averaged Train Loss: 0.3729
Averaged Test Accurancy: 0.7021
Averaged Test AUC: 0.9453
Std Test Accurancy: 0.1108
Std Test AUC: 0.0259
ASR: 0.05106613100865331
attack_auc: 0.5445387275963952
Layer layer3.0.conv2.weight: 1/256 channels masked
Layer layer3.0.downsample.0.weight: 1/256 channels masked
Layer layer3.1.conv1.weight: 1/256 channels masked
Layer layer4.0.conv1.weight: 1/512 channels masked
Layer layer4.0.conv2.weight: 4/512 channels masked
Layer layer4.0.downsample.0.weight: 3/512 channels masked
Layer layer4.1.conv1.weight: 9/512 channels masked
------------------------- time cost ------------------------- 26.340452432632446
[PFedBA] Round 37: optimizing class-conditional trigger bank...
[PFedBA] trigger_opt total=7.1330 grad=1.4654 loss_align=5.3580 attack=0.3096 norm=27.4088

-------------Round number: 36-------------

Evaluate personalized models
Averaged Train Loss: 0.3660
Averaged Test Accurancy: 0.7025
Averaged Test AUC: 0.9455
Std Test Accurancy: 0.1070
Std Test AUC: 0.0255
ASR: 0.052393216089362815
attack_auc: 0.5497443520489679
Layer layer3.0.conv2.weight: 1/256 channels masked
Layer layer3.0.downsample.0.weight: 1/256 channels masked
Layer layer3.1.conv1.weight: 1/256 channels masked
Layer layer4.0.conv1.weight: 1/512 channels masked
Layer layer4.0.conv2.weight: 4/512 channels masked
Layer layer4.0.downsample.0.weight: 3/512 channels masked
Layer layer4.1.conv1.weight: 9/512 channels masked
------------------------- time cost ------------------------- 25.945953130722046
[PFedBA] Round 38: optimizing class-conditional trigger bank...
[PFedBA] trigger_opt total=6.8638 grad=1.4805 loss_align=5.0586 attack=0.3247 norm=27.4142

-------------Round number: 37-------------

Evaluate personalized models
Averaged Train Loss: 0.3577
Averaged Test Accurancy: 0.7046
Averaged Test AUC: 0.9458
Std Test Accurancy: 0.1089
Std Test AUC: 0.0249
ASR: 0.047353262022754444
attack_auc: 0.5467079866108475
Layer layer3.0.conv2.weight: 1/256 channels masked
Layer layer3.0.downsample.0.weight: 1/256 channels masked
Layer layer3.1.conv1.weight: 1/256 channels masked
Layer layer4.0.conv1.weight: 1/512 channels masked
Layer layer4.0.conv2.weight: 4/512 channels masked
Layer layer4.0.downsample.0.weight: 3/512 channels masked
Layer layer4.1.conv1.weight: 9/512 channels masked
------------------------- time cost ------------------------- 25.634405851364136
[PFedBA] Round 39: optimizing class-conditional trigger bank...
[PFedBA] trigger_opt total=7.0149 grad=1.4529 loss_align=5.2139 attack=0.3481 norm=27.4181

-------------Round number: 38-------------

Evaluate personalized models
Averaged Train Loss: 0.3511
Averaged Test Accurancy: 0.7057
Averaged Test AUC: 0.9459
Std Test Accurancy: 0.1069
Std Test AUC: 0.0256
ASR: 0.052389450286958586
attack_auc: 0.549468447876763
Layer layer3.0.conv2.weight: 1/256 channels masked
Layer layer3.0.downsample.0.weight: 1/256 channels masked
Layer layer3.1.conv1.weight: 1/256 channels masked
Layer layer4.0.conv1.weight: 1/512 channels masked
Layer layer4.0.conv2.weight: 4/512 channels masked
Layer layer4.0.downsample.0.weight: 3/512 channels masked
Layer layer4.1.conv1.weight: 9/512 channels masked
------------------------- time cost ------------------------- 26.055039644241333
[PFedBA] Round 40: optimizing class-conditional trigger bank...
[PFedBA] trigger_opt total=6.6627 grad=1.4296 loss_align=4.8180 attack=0.4152 norm=27.4204

-------------Round number: 39-------------

Evaluate personalized models
Averaged Train Loss: 0.3409
Averaged Test Accurancy: 0.7128
Averaged Test AUC: 0.9463
Std Test Accurancy: 0.1002
Std Test AUC: 0.0256
ASR: 0.047649610368912
attack_auc: 0.5502448258383305
Layer layer3.0.conv2.weight: 1/256 channels masked
Layer layer3.0.downsample.0.weight: 1/256 channels masked
Layer layer3.1.conv1.weight: 1/256 channels masked
Layer layer4.0.conv1.weight: 1/512 channels masked
Layer layer4.0.conv2.weight: 4/512 channels masked
Layer layer4.0.downsample.0.weight: 3/512 channels masked
Layer layer4.1.conv1.weight: 9/512 channels masked
------------------------- time cost ------------------------- 25.93565344810486
[PFedBA] Round 41: optimizing class-conditional trigger bank...
[PFedBA] trigger_opt total=6.6866 grad=1.4183 loss_align=4.8448 attack=0.4235 norm=27.4231

-------------Round number: 40-------------

Evaluate personalized models
Averaged Train Loss: 0.3346
Averaged Test Accurancy: 0.7130
Averaged Test AUC: 0.9467
Std Test Accurancy: 0.0978
Std Test AUC: 0.0247
ASR: 0.04704522392091461
attack_auc: 0.5522397882358296
Layer layer3.0.conv2.weight: 1/256 channels masked
Layer layer3.0.downsample.0.weight: 1/256 channels masked
Layer layer3.1.conv1.weight: 1/256 channels masked
Layer layer4.0.conv1.weight: 1/512 channels masked
Layer layer4.0.conv2.weight: 4/512 channels masked
Layer layer4.0.downsample.0.weight: 3/512 channels masked
Layer layer4.1.conv1.weight: 9/512 channels masked
------------------------- time cost ------------------------- 25.670334339141846
[PFedBA] Round 42: optimizing class-conditional trigger bank...
[PFedBA] trigger_opt total=6.5052 grad=1.4266 loss_align=4.7028 attack=0.3758 norm=27.4268

-------------Round number: 41-------------

Evaluate personalized models
Averaged Train Loss: 0.3283
Averaged Test Accurancy: 0.7105
Averaged Test AUC: 0.9469
Std Test Accurancy: 0.1018
Std Test AUC: 0.0250
ASR: 0.05253340156540193
attack_auc: 0.5586251779736889
Layer layer3.0.conv2.weight: 1/256 channels masked
Layer layer3.0.downsample.0.weight: 1/256 channels masked
Layer layer3.1.conv1.weight: 1/256 channels masked
Layer layer4.0.conv1.weight: 1/512 channels masked
Layer layer4.0.conv2.weight: 4/512 channels masked
Layer layer4.0.downsample.0.weight: 3/512 channels masked
Layer layer4.1.conv1.weight: 9/512 channels masked
------------------------- time cost ------------------------- 25.75367760658264
[PFedBA] Round 43: optimizing class-conditional trigger bank...
[PFedBA] trigger_opt total=6.4913 grad=1.4089 loss_align=4.5914 attack=0.4910 norm=27.4293

-------------Round number: 42-------------

Evaluate personalized models
Averaged Train Loss: 0.3202
Averaged Test Accurancy: 0.7152
Averaged Test AUC: 0.9473
Std Test Accurancy: 0.0952
Std Test AUC: 0.0243
ASR: 0.04611879246325616
attack_auc: 0.5514350036714459
Layer layer3.0.conv2.weight: 1/256 channels masked
Layer layer3.0.downsample.0.weight: 1/256 channels masked
Layer layer3.1.conv1.weight: 1/256 channels masked
Layer layer4.0.conv1.weight: 1/512 channels masked
Layer layer4.0.conv2.weight: 4/512 channels masked
Layer layer4.0.downsample.0.weight: 3/512 channels masked
Layer layer4.1.conv1.weight: 9/512 channels masked
------------------------- time cost ------------------------- 25.917245864868164
[PFedBA] Round 44: optimizing class-conditional trigger bank...
[PFedBA] trigger_opt total=6.8821 grad=1.3926 loss_align=5.1266 attack=0.3629 norm=27.4344

-------------Round number: 43-------------

Evaluate personalized models
Averaged Train Loss: 0.3169
Averaged Test Accurancy: 0.7128
Averaged Test AUC: 0.9467
Std Test Accurancy: 0.0968
Std Test AUC: 0.0243
ASR: 0.05054934628561163
attack_auc: 0.5592524504537887
Layer layer3.0.conv2.weight: 1/256 channels masked
Layer layer3.0.downsample.0.weight: 1/256 channels masked
Layer layer3.1.conv1.weight: 1/256 channels masked
Layer layer4.0.conv1.weight: 1/512 channels masked
Layer layer4.0.conv2.weight: 4/512 channels masked
Layer layer4.0.downsample.0.weight: 3/512 channels masked
Layer layer4.1.conv1.weight: 9/512 channels masked
------------------------- time cost ------------------------- 25.904651880264282
[PFedBA] Round 45: optimizing class-conditional trigger bank...
[PFedBA] trigger_opt total=6.7196 grad=1.4456 loss_align=4.9040 attack=0.3700 norm=27.4370

-------------Round number: 44-------------

Evaluate personalized models
Averaged Train Loss: 0.3074
Averaged Test Accurancy: 0.7162
Averaged Test AUC: 0.9476
Std Test Accurancy: 0.0995
Std Test AUC: 0.0248
ASR: 0.04637304472835167
attack_auc: 0.5561955660503993
Layer layer3.0.conv2.weight: 1/256 channels masked
Layer layer3.0.downsample.0.weight: 1/256 channels masked
Layer layer3.1.conv1.weight: 1/256 channels masked
Layer layer4.0.conv1.weight: 1/512 channels masked
Layer layer4.0.conv2.weight: 4/512 channels masked
Layer layer4.0.downsample.0.weight: 3/512 channels masked
Layer layer4.1.conv1.weight: 9/512 channels masked
------------------------- time cost ------------------------- 25.88645100593567
[PFedBA] Round 46: optimizing class-conditional trigger bank...
[PFedBA] trigger_opt total=6.9241 grad=1.3892 loss_align=5.2590 attack=0.2758 norm=27.4403

-------------Round number: 45-------------

Evaluate personalized models
Averaged Train Loss: 0.3020
Averaged Test Accurancy: 0.7130
Averaged Test AUC: 0.9477
Std Test Accurancy: 0.1035
Std Test AUC: 0.0247
ASR: 0.05089888228899083
attack_auc: 0.558313363482363
Layer layer3.0.conv2.weight: 1/256 channels masked
Layer layer3.0.downsample.0.weight: 1/256 channels masked
Layer layer3.1.conv1.weight: 1/256 channels masked
Layer layer4.0.conv1.weight: 1/512 channels masked
Layer layer4.0.conv2.weight: 4/512 channels masked
Layer layer4.0.downsample.0.weight: 3/512 channels masked
Layer layer4.1.conv1.weight: 9/512 channels masked
------------------------- time cost ------------------------- 25.62143111228943
[PFedBA] Round 47: optimizing class-conditional trigger bank...
[PFedBA] trigger_opt total=6.8483 grad=1.3723 loss_align=5.1323 attack=0.3438 norm=27.4457

-------------Round number: 46-------------

Evaluate personalized models
Averaged Train Loss: 0.2970
Averaged Test Accurancy: 0.7206
Averaged Test AUC: 0.9484
Std Test Accurancy: 0.0951
Std Test AUC: 0.0238
ASR: 0.047428520006983915
attack_auc: 0.5548213060755522
Layer layer3.0.conv2.weight: 1/256 channels masked
Layer layer3.0.downsample.0.weight: 1/256 channels masked
Layer layer3.1.conv1.weight: 1/256 channels masked
Layer layer4.0.conv1.weight: 1/512 channels masked
Layer layer4.0.conv2.weight: 4/512 channels masked
Layer layer4.0.downsample.0.weight: 3/512 channels masked
Layer layer4.1.conv1.weight: 9/512 channels masked
------------------------- time cost ------------------------- 25.564983129501343
[PFedBA] Round 48: optimizing class-conditional trigger bank...
[PFedBA] trigger_opt total=7.0469 grad=1.3991 loss_align=5.3242 attack=0.3236 norm=27.4506

-------------Round number: 47-------------

Evaluate personalized models
Averaged Train Loss: 0.2977
Averaged Test Accurancy: 0.7165
Averaged Test AUC: 0.9478
Std Test Accurancy: 0.1037
Std Test AUC: 0.0253
ASR: 0.046916634316723514
attack_auc: 0.555329474468574
Layer layer3.0.conv2.weight: 1/256 channels masked
Layer layer3.0.downsample.0.weight: 1/256 channels masked
Layer layer3.1.conv1.weight: 1/256 channels masked
Layer layer4.0.conv1.weight: 1/512 channels masked
Layer layer4.0.conv2.weight: 4/512 channels masked
Layer layer4.0.downsample.0.weight: 3/512 channels masked
Layer layer4.1.conv1.weight: 9/512 channels masked
------------------------- time cost ------------------------- 25.974732160568237
[PFedBA] Round 49: optimizing class-conditional trigger bank...
[PFedBA] trigger_opt total=6.7200 grad=1.3117 loss_align=5.0170 attack=0.3913 norm=27.4518

-------------Round number: 48-------------

Evaluate personalized models
Averaged Train Loss: 0.2816
Averaged Test Accurancy: 0.7215
Averaged Test AUC: 0.9494
Std Test Accurancy: 0.0966
Std Test AUC: 0.0238
ASR: 0.046879027680279184
attack_auc: 0.5590665345432351
Layer layer3.0.conv2.weight: 1/256 channels masked
Layer layer3.0.downsample.0.weight: 1/256 channels masked
Layer layer3.1.conv1.weight: 1/256 channels masked
Layer layer4.0.conv1.weight: 1/512 channels masked
Layer layer4.0.conv2.weight: 4/512 channels masked
Layer layer4.0.downsample.0.weight: 3/512 channels masked
Layer layer4.1.conv1.weight: 9/512 channels masked
------------------------- time cost ------------------------- 25.344980001449585
[PFedBA] Round 50: optimizing class-conditional trigger bank...
[PFedBA] trigger_opt total=6.9860 grad=1.4276 loss_align=5.2988 attack=0.2596 norm=27.4562

-------------Round number: 49-------------

Evaluate personalized models
Averaged Train Loss: 0.2785
Averaged Test Accurancy: 0.7228
Averaged Test AUC: 0.9490
Std Test Accurancy: 0.0978
Std Test AUC: 0.0240
ASR: 0.048670097552578194
attack_auc: 0.5602714126040519
Layer layer3.0.conv2.weight: 1/256 channels masked
Layer layer3.0.downsample.0.weight: 1/256 channels masked
Layer layer3.1.conv1.weight: 1/256 channels masked
Layer layer4.0.conv1.weight: 1/512 channels masked
Layer layer4.0.conv2.weight: 4/512 channels masked
Layer layer4.0.downsample.0.weight: 3/512 channels masked
Layer layer4.1.conv1.weight: 9/512 channels masked
------------------------- time cost ------------------------- 26.21068549156189
[PFedBA] Round 51: optimizing class-conditional trigger bank...
[PFedBA] trigger_opt total=7.0733 grad=1.4298 loss_align=5.3514 attack=0.2921 norm=27.4611

-------------Round number: 50-------------

Evaluate personalized models
Averaged Train Loss: 0.2774
Averaged Test Accurancy: 0.7209
Averaged Test AUC: 0.9486
Std Test Accurancy: 0.0960
Std Test AUC: 0.0240
ASR: 0.05054340351495514
attack_auc: 0.5547250453435228
Layer layer3.0.conv2.weight: 1/256 channels masked
Layer layer3.0.downsample.0.weight: 1/256 channels masked
Layer layer3.1.conv1.weight: 1/256 channels masked
Layer layer4.0.conv1.weight: 1/512 channels masked
Layer layer4.0.conv2.weight: 4/512 channels masked
Layer layer4.0.downsample.0.weight: 3/512 channels masked
Layer layer4.1.conv1.weight: 9/512 channels masked
------------------------- time cost ------------------------- 26.114364624023438
[PFedBA] Round 52: optimizing class-conditional trigger bank...
[PFedBA] trigger_opt total=6.8310 grad=1.2893 loss_align=5.2214 attack=0.3203 norm=27.4652

-------------Round number: 51-------------

Evaluate personalized models
Averaged Train Loss: 0.2727
Averaged Test Accurancy: 0.7215
Averaged Test AUC: 0.9487
Std Test Accurancy: 0.0927
Std Test AUC: 0.0237
ASR: 0.048403643082170565
attack_auc: 0.5614592061215613
Layer layer3.0.conv2.weight: 1/256 channels masked
Layer layer3.0.downsample.0.weight: 1/256 channels masked
Layer layer3.1.conv1.weight: 1/256 channels masked
Layer layer4.0.conv1.weight: 1/512 channels masked
Layer layer4.0.conv2.weight: 4/512 channels masked
Layer layer4.0.downsample.0.weight: 3/512 channels masked
Layer layer4.1.conv1.weight: 9/512 channels masked
------------------------- time cost ------------------------- 26.226269960403442
[PFedBA] Round 53: optimizing class-conditional trigger bank...
[PFedBA] trigger_opt total=7.2814 grad=1.3931 loss_align=5.6033 attack=0.2851 norm=27.4704

-------------Round number: 52-------------

Evaluate personalized models
Averaged Train Loss: 0.2667
Averaged Test Accurancy: 0.7230
Averaged Test AUC: 0.9496
Std Test Accurancy: 0.0908
Std Test AUC: 0.0233
ASR: 0.05587034480587253
attack_auc: 0.5681748191261082
Layer layer3.0.conv2.weight: 1/256 channels masked
Layer layer3.0.downsample.0.weight: 1/256 channels masked
Layer layer3.1.conv1.weight: 1/256 channels masked
Layer layer4.0.conv1.weight: 1/512 channels masked
Layer layer4.0.conv2.weight: 4/512 channels masked
Layer layer4.0.downsample.0.weight: 3/512 channels masked
Layer layer4.1.conv1.weight: 9/512 channels masked
------------------------- time cost ------------------------- 25.417738914489746
[PFedBA] Round 54: optimizing class-conditional trigger bank...
[PFedBA] trigger_opt total=6.9307 grad=1.3435 loss_align=5.2203 attack=0.3669 norm=27.4737

-------------Round number: 53-------------

Evaluate personalized models
Averaged Train Loss: 0.2593
Averaged Test Accurancy: 0.7231
Averaged Test AUC: 0.9495
Std Test Accurancy: 0.0906
Std Test AUC: 0.0232
ASR: 0.051946467805655185
attack_auc: 0.5627089656444061
Layer layer3.0.conv2.weight: 1/256 channels masked
Layer layer3.0.downsample.0.weight: 1/256 channels masked
Layer layer3.1.conv1.weight: 1/256 channels masked
Layer layer4.0.conv1.weight: 1/512 channels masked
Layer layer4.0.conv2.weight: 4/512 channels masked
Layer layer4.0.downsample.0.weight: 3/512 channels masked
Layer layer4.1.conv1.weight: 9/512 channels masked
------------------------- time cost ------------------------- 25.45234441757202
[PFedBA] Round 55: optimizing class-conditional trigger bank...
[PFedBA] trigger_opt total=6.8574 grad=1.2580 loss_align=5.2233 attack=0.3761 norm=27.4774

-------------Round number: 54-------------

Evaluate personalized models
Averaged Train Loss: 0.2559
Averaged Test Accurancy: 0.7249
Averaged Test AUC: 0.9494
Std Test Accurancy: 0.0953
Std Test AUC: 0.0232
ASR: 0.056165084475359575
attack_auc: 0.5627116290173241
Layer layer3.0.conv2.weight: 1/256 channels masked
Layer layer3.0.downsample.0.weight: 1/256 channels masked
Layer layer3.1.conv1.weight: 1/256 channels masked
Layer layer4.0.conv1.weight: 1/512 channels masked
Layer layer4.0.conv2.weight: 4/512 channels masked
Layer layer4.0.downsample.0.weight: 3/512 channels masked
Layer layer4.1.conv1.weight: 9/512 channels masked
------------------------- time cost ------------------------- 25.465124130249023
[PFedBA] Round 56: optimizing class-conditional trigger bank...
[PFedBA] trigger_opt total=7.0372 grad=1.4721 loss_align=5.3139 attack=0.2513 norm=27.4821

-------------Round number: 55-------------

Evaluate personalized models
Averaged Train Loss: 0.2498
Averaged Test Accurancy: 0.7256
Averaged Test AUC: 0.9496
Std Test Accurancy: 0.0885
Std Test AUC: 0.0227
ASR: 0.050319838658552773
attack_auc: 0.5615830984524547
Layer layer2.0.downsample.0.weight: 1/128 channels masked
Layer layer3.0.conv2.weight: 1/256 channels masked
Layer layer3.0.downsample.0.weight: 1/256 channels masked
Layer layer3.1.conv1.weight: 1/256 channels masked
Layer layer4.0.conv1.weight: 1/512 channels masked
Layer layer4.0.conv2.weight: 4/512 channels masked
Layer layer4.0.downsample.0.weight: 3/512 channels masked
Layer layer4.1.conv1.weight: 9/512 channels masked
------------------------- time cost ------------------------- 25.7503342628479
[PFedBA] Round 57: optimizing class-conditional trigger bank...
[PFedBA] trigger_opt total=6.5786 grad=1.2350 loss_align=4.8983 attack=0.4453 norm=27.4862

-------------Round number: 56-------------

Evaluate personalized models
Averaged Train Loss: 0.2438
Averaged Test Accurancy: 0.7284
Averaged Test AUC: 0.9497
Std Test Accurancy: 0.0907
Std Test AUC: 0.0233
ASR: 0.05059045924834671
attack_auc: 0.5668693716442409
Layer layer2.0.downsample.0.weight: 1/128 channels masked
Layer layer3.0.conv2.weight: 1/256 channels masked
Layer layer3.0.downsample.0.weight: 1/256 channels masked
Layer layer3.1.conv1.weight: 1/256 channels masked
Layer layer4.0.conv1.weight: 1/512 channels masked
Layer layer4.0.conv2.weight: 4/512 channels masked
Layer layer4.0.downsample.0.weight: 3/512 channels masked
Layer layer4.1.conv1.weight: 9/512 channels masked
------------------------- time cost ------------------------- 25.529844999313354
[PFedBA] Round 58: optimizing class-conditional trigger bank...
[PFedBA] trigger_opt total=7.3943 grad=1.3736 loss_align=5.7673 attack=0.2534 norm=27.4915

-------------Round number: 57-------------

Evaluate personalized models
Averaged Train Loss: 0.2411
Averaged Test Accurancy: 0.7281
Averaged Test AUC: 0.9504
Std Test Accurancy: 0.0879
Std Test AUC: 0.0229
ASR: 0.050384629177373484
attack_auc: 0.5642579063639169
Layer layer2.0.downsample.0.weight: 1/128 channels masked
Layer layer3.0.conv2.weight: 1/256 channels masked
Layer layer3.0.downsample.0.weight: 1/256 channels masked
Layer layer3.1.conv1.weight: 1/256 channels masked
Layer layer4.0.conv1.weight: 1/512 channels masked
Layer layer4.0.conv2.weight: 4/512 channels masked
Layer layer4.0.downsample.0.weight: 3/512 channels masked
Layer layer4.1.conv1.weight: 9/512 channels masked
------------------------- time cost ------------------------- 25.51225519180298
[PFedBA] Round 59: optimizing class-conditional trigger bank...
[PFedBA] trigger_opt total=7.2582 grad=1.3787 loss_align=5.6764 attack=0.2031 norm=27.4960

-------------Round number: 58-------------

Evaluate personalized models
Averaged Train Loss: 0.2388
Averaged Test Accurancy: 0.7279
Averaged Test AUC: 0.9499
Std Test Accurancy: 0.0964
Std Test AUC: 0.0232
ASR: 0.05015754305972141
attack_auc: 0.5668562203171318
Layer layer2.0.downsample.0.weight: 1/128 channels masked
Layer layer3.0.conv2.weight: 1/256 channels masked
Layer layer3.0.downsample.0.weight: 1/256 channels masked
Layer layer3.1.conv1.weight: 1/256 channels masked
Layer layer4.0.conv1.weight: 1/512 channels masked
Layer layer4.0.conv2.weight: 4/512 channels masked
Layer layer4.0.downsample.0.weight: 3/512 channels masked
Layer layer4.1.conv1.weight: 9/512 channels masked
------------------------- time cost ------------------------- 25.91205644607544
[PFedBA] Round 60: optimizing class-conditional trigger bank...
[PFedBA] trigger_opt total=6.8598 grad=1.3696 loss_align=5.2645 attack=0.2257 norm=27.5029

-------------Round number: 59-------------

Evaluate personalized models
Averaged Train Loss: 0.2341
Averaged Test Accurancy: 0.7246
Averaged Test AUC: 0.9500
Std Test Accurancy: 0.0929
Std Test AUC: 0.0230
ASR: 0.04783218565919282
attack_auc: 0.5605029674574846
Layer layer2.0.downsample.0.weight: 1/128 channels masked
Layer layer3.0.conv2.weight: 1/256 channels masked
Layer layer3.0.downsample.0.weight: 1/256 channels masked
Layer layer3.1.conv1.weight: 1/256 channels masked
Layer layer4.0.conv1.weight: 1/512 channels masked
Layer layer4.0.conv2.weight: 4/512 channels masked
Layer layer4.0.downsample.0.weight: 3/512 channels masked
Layer layer4.1.conv1.weight: 9/512 channels masked
------------------------- time cost ------------------------- 26.019624710083008
[PFedBA] Round 61: optimizing class-conditional trigger bank...
[PFedBA] trigger_opt total=6.9104 grad=1.3442 loss_align=5.2944 attack=0.2717 norm=27.5068

-------------Round number: 60-------------

Evaluate personalized models
Averaged Train Loss: 0.2292
Averaged Test Accurancy: 0.7312
Averaged Test AUC: 0.9509
Std Test Accurancy: 0.0868
Std Test AUC: 0.0226
ASR: 0.04752065921523726
attack_auc: 0.5666024706023725
Layer layer2.0.downsample.0.weight: 1/128 channels masked
Layer layer3.0.conv2.weight: 1/256 channels masked
Layer layer3.0.downsample.0.weight: 1/256 channels masked
Layer layer3.1.conv1.weight: 1/256 channels masked
Layer layer4.0.conv1.weight: 1/512 channels masked
Layer layer4.0.conv2.weight: 4/512 channels masked
Layer layer4.0.downsample.0.weight: 3/512 channels masked
Layer layer4.1.conv1.weight: 9/512 channels masked
------------------------- time cost ------------------------- 26.08106565475464
[PFedBA] Round 62: optimizing class-conditional trigger bank...
[PFedBA] trigger_opt total=6.9321 grad=1.3855 loss_align=5.2416 attack=0.3050 norm=27.5104

-------------Round number: 61-------------

Evaluate personalized models
Averaged Train Loss: 0.2262
Averaged Test Accurancy: 0.7301
Averaged Test AUC: 0.9510
Std Test Accurancy: 0.0839
Std Test AUC: 0.0225
ASR: 0.05028814321845872
attack_auc: 0.5628826519898127
Layer layer2.0.downsample.0.weight: 1/128 channels masked
Layer layer3.0.conv2.weight: 1/256 channels masked
Layer layer3.0.downsample.0.weight: 1/256 channels masked
Layer layer3.1.conv1.weight: 1/256 channels masked
Layer layer4.0.conv1.weight: 1/512 channels masked
Layer layer4.0.conv2.weight: 4/512 channels masked
Layer layer4.0.downsample.0.weight: 3/512 channels masked
Layer layer4.1.conv1.weight: 9/512 channels masked
------------------------- time cost ------------------------- 25.792571544647217
[PFedBA] Round 63: optimizing class-conditional trigger bank...
[PFedBA] trigger_opt total=7.0904 grad=1.3736 loss_align=5.5692 attack=0.1476 norm=27.5164

-------------Round number: 62-------------

Evaluate personalized models
Averaged Train Loss: 0.2208
Averaged Test Accurancy: 0.7259
Averaged Test AUC: 0.9501
Std Test Accurancy: 0.0927
Std Test AUC: 0.0222
ASR: 0.05017296888554249
attack_auc: 0.565461212144899
Layer layer2.0.downsample.0.weight: 1/128 channels masked
Layer layer3.0.conv2.weight: 1/256 channels masked
Layer layer3.0.downsample.0.weight: 1/256 channels masked
Layer layer3.1.conv1.weight: 1/256 channels masked
Layer layer4.0.conv1.weight: 1/512 channels masked
Layer layer4.0.conv2.weight: 4/512 channels masked
Layer layer4.0.downsample.0.weight: 3/512 channels masked
Layer layer4.1.conv1.weight: 9/512 channels masked
------------------------- time cost ------------------------- 26.237296104431152
[PFedBA] Round 64: optimizing class-conditional trigger bank...
[PFedBA] trigger_opt total=7.0158 grad=1.3582 loss_align=5.4611 attack=0.1965 norm=27.5186

-------------Round number: 63-------------

Evaluate personalized models
Averaged Train Loss: 0.2175
Averaged Test Accurancy: 0.7304
Averaged Test AUC: 0.9508
Std Test Accurancy: 0.0857
Std Test AUC: 0.0223
ASR: 0.05139102815625555
attack_auc: 0.5600640499956754
Layer layer2.0.downsample.0.weight: 1/128 channels masked
Layer layer3.0.conv2.weight: 1/256 channels masked
Layer layer3.0.downsample.0.weight: 1/256 channels masked
Layer layer3.1.conv1.weight: 1/256 channels masked
Layer layer4.0.conv1.weight: 1/512 channels masked
Layer layer4.0.conv2.weight: 4/512 channels masked
Layer layer4.0.downsample.0.weight: 3/512 channels masked
Layer layer4.1.conv1.weight: 9/512 channels masked
------------------------- time cost ------------------------- 25.72669005393982
[PFedBA] Round 65: optimizing class-conditional trigger bank...
[PFedBA] trigger_opt total=7.2405 grad=1.3759 loss_align=5.6624 attack=0.2022 norm=27.5232

-------------Round number: 64-------------

Evaluate personalized models
Averaged Train Loss: 0.2152
Averaged Test Accurancy: 0.7321
Averaged Test AUC: 0.9508
Std Test Accurancy: 0.0878
Std Test AUC: 0.0223
ASR: 0.05669769442241907
attack_auc: 0.5697958251391345
Layer layer2.0.downsample.0.weight: 1/128 channels masked
Layer layer3.0.conv2.weight: 1/256 channels masked
Layer layer3.0.downsample.0.weight: 1/256 channels masked
Layer layer3.1.conv1.weight: 1/256 channels masked
Layer layer4.0.conv1.weight: 1/512 channels masked
Layer layer4.0.conv2.weight: 4/512 channels masked
Layer layer4.0.downsample.0.weight: 3/512 channels masked
Layer layer4.1.conv1.weight: 9/512 channels masked
------------------------- time cost ------------------------- 25.575666189193726
[PFedBA] Round 66: optimizing class-conditional trigger bank...
[PFedBA] trigger_opt total=7.0742 grad=1.2478 loss_align=5.5575 attack=0.2690 norm=27.5250

-------------Round number: 65-------------

Evaluate personalized models
Averaged Train Loss: 0.2120
Averaged Test Accurancy: 0.7280
Averaged Test AUC: 0.9507
Std Test Accurancy: 0.0916
Std Test AUC: 0.0231
ASR: 0.053433574844840535
attack_auc: 0.5701383303700989
Layer layer2.0.downsample.0.weight: 1/128 channels masked
Layer layer3.0.conv2.weight: 1/256 channels masked
Layer layer3.0.downsample.0.weight: 1/256 channels masked
Layer layer3.1.conv1.weight: 1/256 channels masked
Layer layer4.0.conv1.weight: 1/512 channels masked
Layer layer4.0.conv2.weight: 4/512 channels masked
Layer layer4.0.downsample.0.weight: 3/512 channels masked
Layer layer4.1.conv1.weight: 9/512 channels masked
------------------------- time cost ------------------------- 25.573819160461426
[PFedBA] Round 67: optimizing class-conditional trigger bank...
[PFedBA] trigger_opt total=7.3181 grad=1.3513 loss_align=5.7086 attack=0.2583 norm=27.5286

-------------Round number: 66-------------

Evaluate personalized models
Averaged Train Loss: 0.2040
Averaged Test Accurancy: 0.7308
Averaged Test AUC: 0.9516
Std Test Accurancy: 0.0893
Std Test AUC: 0.0223
ASR: 0.04371762216397545
attack_auc: 0.5656961982183334
Layer layer2.0.downsample.0.weight: 1/128 channels masked
Layer layer3.0.conv2.weight: 1/256 channels masked
Layer layer3.0.downsample.0.weight: 1/256 channels masked
Layer layer3.1.conv1.weight: 1/256 channels masked
Layer layer4.0.conv1.weight: 1/512 channels masked
Layer layer4.0.conv2.weight: 4/512 channels masked
Layer layer4.0.downsample.0.weight: 3/512 channels masked
Layer layer4.1.conv1.weight: 9/512 channels masked
------------------------- time cost ------------------------- 25.61128807067871
[PFedBA] Round 68: optimizing class-conditional trigger bank...
[PFedBA] trigger_opt total=6.8854 grad=1.2074 loss_align=5.3861 attack=0.2919 norm=27.5326

-------------Round number: 67-------------

Evaluate personalized models
Averaged Train Loss: 0.2010
Averaged Test Accurancy: 0.7378
Averaged Test AUC: 0.9517
Std Test Accurancy: 0.0823
Std Test AUC: 0.0216
ASR: 0.05149814626131823
attack_auc: 0.565941533550333
Layer layer2.0.downsample.0.weight: 1/128 channels masked
Layer layer3.0.conv2.weight: 1/256 channels masked
Layer layer3.0.downsample.0.weight: 1/256 channels masked
Layer layer3.1.conv1.weight: 1/256 channels masked
Layer layer4.0.conv1.weight: 1/512 channels masked
Layer layer4.0.conv2.weight: 4/512 channels masked
Layer layer4.0.downsample.0.weight: 3/512 channels masked
Layer layer4.1.conv1.weight: 9/512 channels masked
------------------------- time cost ------------------------- 25.759087085723877
[PFedBA] Round 69: optimizing class-conditional trigger bank...
[PFedBA] trigger_opt total=7.1464 grad=1.2695 loss_align=5.6467 attack=0.2302 norm=27.5387

-------------Round number: 68-------------

Evaluate personalized models
Averaged Train Loss: 0.1978
Averaged Test Accurancy: 0.7369
Averaged Test AUC: 0.9514
Std Test Accurancy: 0.0855
Std Test AUC: 0.0225
ASR: 0.052207619824208136
attack_auc: 0.5717833311228251
Layer layer2.0.downsample.0.weight: 1/128 channels masked
Layer layer3.0.conv2.weight: 1/256 channels masked
Layer layer3.0.downsample.0.weight: 1/256 channels masked
Layer layer3.1.conv1.weight: 1/256 channels masked
Layer layer4.0.conv1.weight: 1/512 channels masked
Layer layer4.0.conv2.weight: 4/512 channels masked
Layer layer4.0.downsample.0.weight: 3/512 channels masked
Layer layer4.1.conv1.weight: 9/512 channels masked
------------------------- time cost ------------------------- 25.666443824768066
[PFedBA] Round 70: optimizing class-conditional trigger bank...
[PFedBA] trigger_opt total=7.2888 grad=1.3777 loss_align=5.6940 attack=0.2171 norm=27.5433

-------------Round number: 69-------------

Evaluate personalized models
Averaged Train Loss: 0.1963
Averaged Test Accurancy: 0.7349
Averaged Test AUC: 0.9512
Std Test Accurancy: 0.0829
Std Test AUC: 0.0224
ASR: 0.0538810063248357
attack_auc: 0.5688548344061668
Layer layer2.0.downsample.0.weight: 1/128 channels masked
Layer layer3.0.conv2.weight: 1/256 channels masked
Layer layer3.0.downsample.0.weight: 1/256 channels masked
Layer layer3.1.conv1.weight: 1/256 channels masked
Layer layer4.0.conv1.weight: 1/512 channels masked
Layer layer4.0.conv2.weight: 4/512 channels masked
Layer layer4.0.downsample.0.weight: 3/512 channels masked
Layer layer4.1.conv1.weight: 9/512 channels masked
------------------------- time cost ------------------------- 25.44390630722046
[PFedBA] Round 71: optimizing class-conditional trigger bank...
[PFedBA] trigger_opt total=7.4699 grad=1.2996 loss_align=5.9943 attack=0.1760 norm=27.5484

-------------Round number: 70-------------

Evaluate personalized models
Averaged Train Loss: 0.1899
Averaged Test Accurancy: 0.7344
Averaged Test AUC: 0.9516
Std Test Accurancy: 0.0856
Std Test AUC: 0.0222
ASR: 0.04943936140631227
attack_auc: 0.5702266556545663
Layer layer2.0.downsample.0.weight: 1/128 channels masked
Layer layer3.0.conv2.weight: 1/256 channels masked
Layer layer3.0.downsample.0.weight: 1/256 channels masked
Layer layer3.1.conv1.weight: 1/256 channels masked
Layer layer4.0.conv1.weight: 1/512 channels masked
Layer layer4.0.conv2.weight: 4/512 channels masked
Layer layer4.0.downsample.0.weight: 3/512 channels masked
Layer layer4.1.conv1.weight: 9/512 channels masked
------------------------- time cost ------------------------- 25.708048820495605
[PFedBA] Round 72: optimizing class-conditional trigger bank...
[PFedBA] trigger_opt total=7.2607 grad=1.2724 loss_align=5.7422 attack=0.2461 norm=27.5519

-------------Round number: 71-------------

Evaluate personalized models
Averaged Train Loss: 0.1890
Averaged Test Accurancy: 0.7310
Averaged Test AUC: 0.9515
Std Test Accurancy: 0.0890
Std Test AUC: 0.0226
ASR: 0.04965081127718579
attack_auc: 0.5630774110435686
Layer layer2.0.downsample.0.weight: 1/128 channels masked
Layer layer3.0.conv2.weight: 1/256 channels masked
Layer layer3.0.downsample.0.weight: 1/256 channels masked
Layer layer3.1.conv1.weight: 1/256 channels masked
Layer layer4.0.conv1.weight: 1/512 channels masked
Layer layer4.0.conv2.weight: 4/512 channels masked
Layer layer4.0.downsample.0.weight: 3/512 channels masked
Layer layer4.1.conv1.weight: 9/512 channels masked
------------------------- time cost ------------------------- 25.480883836746216
[PFedBA] Round 73: optimizing class-conditional trigger bank...
[PFedBA] trigger_opt total=7.2860 grad=1.3425 loss_align=5.7813 attack=0.1622 norm=27.5598

-------------Round number: 72-------------

Evaluate personalized models
Averaged Train Loss: 0.1860
Averaged Test Accurancy: 0.7333
Averaged Test AUC: 0.9515
Std Test Accurancy: 0.0898
Std Test AUC: 0.0225
ASR: 0.051526544233221075
attack_auc: 0.5664039296037489
Layer layer2.0.downsample.0.weight: 1/128 channels masked
Layer layer3.0.conv2.weight: 1/256 channels masked
Layer layer3.0.downsample.0.weight: 1/256 channels masked
Layer layer3.1.conv1.weight: 1/256 channels masked
Layer layer4.0.conv1.weight: 1/512 channels masked
Layer layer4.0.conv2.weight: 4/512 channels masked
Layer layer4.0.downsample.0.weight: 3/512 channels masked
Layer layer4.1.conv1.weight: 9/512 channels masked
------------------------- time cost ------------------------- 25.56783699989319
[PFedBA] Round 74: optimizing class-conditional trigger bank...
[PFedBA] trigger_opt total=6.9947 grad=1.3056 loss_align=5.4618 attack=0.2273 norm=27.5655

-------------Round number: 73-------------

Evaluate personalized models
Averaged Train Loss: 0.1814
Averaged Test Accurancy: 0.7359
Averaged Test AUC: 0.9519
Std Test Accurancy: 0.0869
Std Test AUC: 0.0219
ASR: 0.051606148668778426
attack_auc: 0.5670890144027292
Layer layer2.0.downsample.0.weight: 1/128 channels masked
Layer layer3.0.conv2.weight: 1/256 channels masked
Layer layer3.0.downsample.0.weight: 1/256 channels masked
Layer layer3.1.conv1.weight: 1/256 channels masked
Layer layer4.0.conv1.weight: 1/512 channels masked
Layer layer4.0.conv2.weight: 4/512 channels masked
Layer layer4.0.downsample.0.weight: 3/512 channels masked
Layer layer4.1.conv1.weight: 9/512 channels masked
------------------------- time cost ------------------------- 26.623961210250854
[PFedBA] Round 75: optimizing class-conditional trigger bank...
[PFedBA] trigger_opt total=7.2830 grad=1.3227 loss_align=5.7727 attack=0.1876 norm=27.5703

-------------Round number: 74-------------

Evaluate personalized models
Averaged Train Loss: 0.1770
Averaged Test Accurancy: 0.7349
Averaged Test AUC: 0.9517
Std Test Accurancy: 0.0873
Std Test AUC: 0.0225
ASR: 0.056616261173701034
attack_auc: 0.5699675798904187
Layer layer2.0.downsample.0.weight: 1/128 channels masked
Layer layer3.0.conv2.weight: 1/256 channels masked
Layer layer3.0.downsample.0.weight: 1/256 channels masked
Layer layer3.1.conv1.weight: 1/256 channels masked
Layer layer4.0.conv1.weight: 1/512 channels masked
Layer layer4.0.conv2.weight: 4/512 channels masked
Layer layer4.0.downsample.0.weight: 3/512 channels masked
Layer layer4.1.conv1.weight: 9/512 channels masked
------------------------- time cost ------------------------- 25.41048312187195
[PFedBA] Round 76: optimizing class-conditional trigger bank...
[PFedBA] trigger_opt total=7.0480 grad=1.2463 loss_align=5.6279 attack=0.1738 norm=27.5756

-------------Round number: 75-------------

Evaluate personalized models
Averaged Train Loss: 0.1755
Averaged Test Accurancy: 0.7365
Averaged Test AUC: 0.9525
Std Test Accurancy: 0.0864
Std Test AUC: 0.0221
ASR: 0.0533378484582974
attack_auc: 0.5741774204154774
Layer layer2.0.downsample.0.weight: 1/128 channels masked
Layer layer3.0.conv2.weight: 1/256 channels masked
Layer layer3.0.downsample.0.weight: 1/256 channels masked
Layer layer3.1.conv1.weight: 1/256 channels masked
Layer layer4.0.conv1.weight: 1/512 channels masked
Layer layer4.0.conv2.weight: 4/512 channels masked
Layer layer4.0.downsample.0.weight: 3/512 channels masked
Layer layer4.1.conv1.weight: 9/512 channels masked
------------------------- time cost ------------------------- 25.756023168563843
[PFedBA] Round 77: optimizing class-conditional trigger bank...
[PFedBA] trigger_opt total=7.1817 grad=1.3162 loss_align=5.6957 attack=0.1698 norm=27.5805

-------------Round number: 76-------------

Evaluate personalized models
Averaged Train Loss: 0.1764
Averaged Test Accurancy: 0.7375
Averaged Test AUC: 0.9523
Std Test Accurancy: 0.0859
Std Test AUC: 0.0219
ASR: 0.054758788059882955
attack_auc: 0.5713209611914102
Layer layer2.0.downsample.0.weight: 1/128 channels masked
Layer layer3.0.conv2.weight: 1/256 channels masked
Layer layer3.0.downsample.0.weight: 1/256 channels masked
Layer layer3.1.conv1.weight: 1/256 channels masked
Layer layer4.0.conv1.weight: 1/512 channels masked
Layer layer4.0.conv2.weight: 4/512 channels masked
Layer layer4.0.downsample.0.weight: 3/512 channels masked
Layer layer4.1.conv1.weight: 9/512 channels masked
------------------------- time cost ------------------------- 25.715492486953735
[PFedBA] Round 78: optimizing class-conditional trigger bank...
[PFedBA] trigger_opt total=7.2965 grad=1.3150 loss_align=5.7868 attack=0.1947 norm=27.5858

-------------Round number: 77-------------

Evaluate personalized models
Averaged Train Loss: 0.1727
Averaged Test Accurancy: 0.7355
Averaged Test AUC: 0.9521
Std Test Accurancy: 0.0841
Std Test AUC: 0.0220
ASR: 0.052792012955872894
attack_auc: 0.5703678077118316
Layer layer2.0.downsample.0.weight: 1/128 channels masked
Layer layer3.0.conv2.weight: 1/256 channels masked
Layer layer3.0.downsample.0.weight: 1/256 channels masked
Layer layer3.1.conv1.weight: 1/256 channels masked
Layer layer4.0.conv1.weight: 1/512 channels masked
Layer layer4.0.conv2.weight: 4/512 channels masked
Layer layer4.0.downsample.0.weight: 3/512 channels masked
Layer layer4.1.conv1.weight: 9/512 channels masked
------------------------- time cost ------------------------- 25.882327795028687
[PFedBA] Round 79: optimizing class-conditional trigger bank...
[PFedBA] trigger_opt total=7.0471 grad=1.2996 loss_align=5.5927 attack=0.1548 norm=27.5910

-------------Round number: 78-------------

Evaluate personalized models
Averaged Train Loss: 0.1691
Averaged Test Accurancy: 0.7398
Averaged Test AUC: 0.9526
Std Test Accurancy: 0.0857
Std Test AUC: 0.0219
ASR: 0.05385220318110893
attack_auc: 0.5699367749968991
Layer layer2.0.downsample.0.weight: 1/128 channels masked
Layer layer3.0.conv2.weight: 1/256 channels masked
Layer layer3.0.downsample.0.weight: 1/256 channels masked
Layer layer3.1.conv1.weight: 1/256 channels masked
Layer layer4.0.conv1.weight: 1/512 channels masked
Layer layer4.0.conv2.weight: 4/512 channels masked
Layer layer4.0.downsample.0.weight: 3/512 channels masked
Layer layer4.1.conv1.weight: 9/512 channels masked
------------------------- time cost ------------------------- 25.823069095611572
[PFedBA] Round 80: optimizing class-conditional trigger bank...
[PFedBA] trigger_opt total=7.2723 grad=1.2883 loss_align=5.7404 attack=0.2437 norm=27.5943

-------------Round number: 79-------------

Evaluate personalized models
Averaged Train Loss: 0.1678
Averaged Test Accurancy: 0.7405
Averaged Test AUC: 0.9531
Std Test Accurancy: 0.0854
Std Test AUC: 0.0216
ASR: 0.055540566713477214
attack_auc: 0.5749359158977312
Layer layer2.0.downsample.0.weight: 1/128 channels masked
Layer layer3.0.conv2.weight: 1/256 channels masked
Layer layer3.0.downsample.0.weight: 1/256 channels masked
Layer layer3.1.conv1.weight: 1/256 channels masked
Layer layer4.0.conv1.weight: 1/512 channels masked
Layer layer4.0.conv2.weight: 4/512 channels masked
Layer layer4.0.downsample.0.weight: 3/512 channels masked
Layer layer4.1.conv1.weight: 9/512 channels masked
------------------------- time cost ------------------------- 25.413293838500977
[PFedBA] Round 81: optimizing class-conditional trigger bank...
[PFedBA] trigger_opt total=7.3360 grad=1.3123 loss_align=5.8661 attack=0.1577 norm=27.6035

-------------Round number: 80-------------

Evaluate personalized models
Averaged Train Loss: 0.1640
Averaged Test Accurancy: 0.7400
Averaged Test AUC: 0.9524
Std Test Accurancy: 0.0819
Std Test AUC: 0.0215
ASR: 0.057532193893454014
attack_auc: 0.5740261246650971
Layer layer2.0.downsample.0.weight: 1/128 channels masked
Layer layer3.0.conv2.weight: 1/256 channels masked
Layer layer3.0.downsample.0.weight: 1/256 channels masked
Layer layer3.1.conv1.weight: 1/256 channels masked
Layer layer4.0.conv1.weight: 1/512 channels masked
Layer layer4.0.conv2.weight: 4/512 channels masked
Layer layer4.0.downsample.0.weight: 3/512 channels masked
Layer layer4.1.conv1.weight: 9/512 channels masked
------------------------- time cost ------------------------- 25.65582251548767
[PFedBA] Round 82: optimizing class-conditional trigger bank...
[PFedBA] trigger_opt total=7.3862 grad=1.2466 loss_align=5.9341 attack=0.2054 norm=27.6066

-------------Round number: 81-------------

Evaluate personalized models
Averaged Train Loss: 0.1657
Averaged Test Accurancy: 0.7393
Averaged Test AUC: 0.9528
Std Test Accurancy: 0.0833
Std Test AUC: 0.0222
ASR: 0.05046673822760555
attack_auc: 0.5720452084737495
Layer layer2.0.downsample.0.weight: 1/128 channels masked
Layer layer3.0.conv2.weight: 1/256 channels masked
Layer layer3.0.downsample.0.weight: 1/256 channels masked
Layer layer3.1.conv1.weight: 1/256 channels masked
Layer layer4.0.conv1.weight: 1/512 channels masked
Layer layer4.0.conv2.weight: 4/512 channels masked
Layer layer4.0.downsample.0.weight: 3/512 channels masked
Layer layer4.1.conv1.weight: 9/512 channels masked
------------------------- time cost ------------------------- 26.055047273635864
[PFedBA] Round 83: optimizing class-conditional trigger bank...
[PFedBA] trigger_opt total=6.9057 grad=1.2802 loss_align=5.4490 attack=0.1765 norm=27.6086

-------------Round number: 82-------------

Evaluate personalized models
Averaged Train Loss: 0.1621
Averaged Test Accurancy: 0.7349
Averaged Test AUC: 0.9526
Std Test Accurancy: 0.0803
Std Test AUC: 0.0212
ASR: 0.0530066208184889
attack_auc: 0.5712830006517913
Layer layer2.0.downsample.0.weight: 1/128 channels masked
Layer layer3.0.conv2.weight: 1/256 channels masked
Layer layer3.0.downsample.0.weight: 1/256 channels masked
Layer layer3.1.conv1.weight: 1/256 channels masked
Layer layer4.0.conv1.weight: 1/512 channels masked
Layer layer4.0.conv2.weight: 4/512 channels masked
Layer layer4.0.downsample.0.weight: 3/512 channels masked
Layer layer4.1.conv1.weight: 9/512 channels masked
------------------------- time cost ------------------------- 25.355019569396973
[PFedBA] Round 84: optimizing class-conditional trigger bank...
[PFedBA] trigger_opt total=7.4982 grad=1.3396 loss_align=5.9986 attack=0.1600 norm=27.6137

-------------Round number: 83-------------

Evaluate personalized models
Averaged Train Loss: 0.1599
Averaged Test Accurancy: 0.7360
Averaged Test AUC: 0.9523
Std Test Accurancy: 0.0827
Std Test AUC: 0.0214
ASR: 0.05160860877772275
attack_auc: 0.5721449584071551
Layer layer2.0.downsample.0.weight: 1/128 channels masked
Layer layer3.0.conv2.weight: 1/256 channels masked
Layer layer3.0.downsample.0.weight: 1/256 channels masked
Layer layer3.1.conv1.weight: 1/256 channels masked
Layer layer4.0.conv1.weight: 1/512 channels masked
Layer layer4.0.conv2.weight: 4/512 channels masked
Layer layer4.0.downsample.0.weight: 3/512 channels masked
Layer layer4.1.conv1.weight: 9/512 channels masked
------------------------- time cost ------------------------- 26.404813051223755
[PFedBA] Round 85: optimizing class-conditional trigger bank...
[PFedBA] trigger_opt total=7.0850 grad=1.3119 loss_align=5.6110 attack=0.1621 norm=27.6200

-------------Round number: 84-------------

Evaluate personalized models
Averaged Train Loss: 0.1611
Averaged Test Accurancy: 0.7349
Averaged Test AUC: 0.9525
Std Test Accurancy: 0.0838
Std Test AUC: 0.0216
ASR: 0.054290924131816284
attack_auc: 0.5761444911201328
Layer layer2.0.downsample.0.weight: 1/128 channels masked
Layer layer3.0.conv2.weight: 1/256 channels masked
Layer layer3.0.downsample.0.weight: 1/256 channels masked
Layer layer3.1.conv1.weight: 1/256 channels masked
Layer layer4.0.conv1.weight: 1/512 channels masked
Layer layer4.0.conv2.weight: 4/512 channels masked
Layer layer4.0.downsample.0.weight: 3/512 channels masked
Layer layer4.1.conv1.weight: 9/512 channels masked
------------------------- time cost ------------------------- 25.396986961364746
[PFedBA] Round 86: optimizing class-conditional trigger bank...
[PFedBA] trigger_opt total=7.3257 grad=1.2728 loss_align=5.8949 attack=0.1580 norm=27.6222

-------------Round number: 85-------------

Evaluate personalized models
Averaged Train Loss: 0.1618
Averaged Test Accurancy: 0.7322
Averaged Test AUC: 0.9524
Std Test Accurancy: 0.0801
Std Test AUC: 0.0214
ASR: 0.051344506841651476
attack_auc: 0.5725265313382505
Layer layer2.0.downsample.0.weight: 1/128 channels masked
Layer layer3.0.conv2.weight: 1/256 channels masked
Layer layer3.0.downsample.0.weight: 1/256 channels masked
Layer layer3.1.conv1.weight: 1/256 channels masked
Layer layer4.0.conv1.weight: 1/512 channels masked
Layer layer4.0.conv2.weight: 4/512 channels masked
Layer layer4.0.downsample.0.weight: 3/512 channels masked
Layer layer4.1.conv1.weight: 9/512 channels masked
------------------------- time cost ------------------------- 25.602500438690186
[PFedBA] Round 87: optimizing class-conditional trigger bank...
[PFedBA] trigger_opt total=7.3489 grad=1.2410 loss_align=5.9004 attack=0.2074 norm=27.6268

-------------Round number: 86-------------

Evaluate personalized models
Averaged Train Loss: 0.1526
Averaged Test Accurancy: 0.7354
Averaged Test AUC: 0.9532
Std Test Accurancy: 0.0840
Std Test AUC: 0.0215
ASR: 0.04796103310517234
attack_auc: 0.5797417476557915
Layer layer2.0.downsample.0.weight: 1/128 channels masked
Layer layer3.0.conv2.weight: 1/256 channels masked
Layer layer3.0.downsample.0.weight: 1/256 channels masked
Layer layer3.1.conv1.weight: 1/256 channels masked
Layer layer4.0.conv1.weight: 1/512 channels masked
Layer layer4.0.conv2.weight: 4/512 channels masked
Layer layer4.0.downsample.0.weight: 3/512 channels masked
Layer layer4.1.conv1.weight: 9/512 channels masked
------------------------- time cost ------------------------- 25.58608603477478
[PFedBA] Round 88: optimizing class-conditional trigger bank...
[PFedBA] trigger_opt total=7.2225 grad=1.1819 loss_align=5.8610 attack=0.1795 norm=27.6298

-------------Round number: 87-------------

Evaluate personalized models
Averaged Train Loss: 0.1621
Averaged Test Accurancy: 0.7375
Averaged Test AUC: 0.9528
Std Test Accurancy: 0.0831
Std Test AUC: 0.0219
ASR: 0.05383293413278536
attack_auc: 0.5747036341834384
Layer layer2.0.downsample.0.weight: 1/128 channels masked
Layer layer3.0.conv2.weight: 1/256 channels masked
Layer layer3.0.downsample.0.weight: 1/256 channels masked
Layer layer3.1.conv1.weight: 1/256 channels masked
Layer layer4.0.conv1.weight: 1/512 channels masked
Layer layer4.0.conv2.weight: 4/512 channels masked
Layer layer4.0.downsample.0.weight: 3/512 channels masked
Layer layer4.1.conv1.weight: 9/512 channels masked
------------------------- time cost ------------------------- 25.528722286224365
[PFedBA] Round 89: optimizing class-conditional trigger bank...
[PFedBA] trigger_opt total=7.1158 grad=1.1505 loss_align=5.7422 attack=0.2231 norm=27.6316

-------------Round number: 88-------------

Evaluate personalized models
Averaged Train Loss: 0.1521
Averaged Test Accurancy: 0.7376
Averaged Test AUC: 0.9528
Std Test Accurancy: 0.0854
Std Test AUC: 0.0219
ASR: 0.054840793566472625
attack_auc: 0.5783085986043781
Layer layer2.0.downsample.0.weight: 1/128 channels masked
Layer layer3.0.conv2.weight: 1/256 channels masked
Layer layer3.0.downsample.0.weight: 1/256 channels masked
Layer layer3.1.conv1.weight: 1/256 channels masked
Layer layer4.0.conv1.weight: 1/512 channels masked
Layer layer4.0.conv2.weight: 4/512 channels masked
Layer layer4.0.downsample.0.weight: 3/512 channels masked
Layer layer4.1.conv1.weight: 9/512 channels masked
------------------------- time cost ------------------------- 25.747546911239624
[PFedBA] Round 90: optimizing class-conditional trigger bank...
[PFedBA] trigger_opt total=7.1786 grad=1.2094 loss_align=5.8453 attack=0.1239 norm=27.6350

-------------Round number: 89-------------

Evaluate personalized models
Averaged Train Loss: 0.1556
Averaged Test Accurancy: 0.7333
Averaged Test AUC: 0.9525
Std Test Accurancy: 0.0859
Std Test AUC: 0.0215
ASR: 0.05726597038754126
attack_auc: 0.5776098558702939
Layer layer2.0.downsample.0.weight: 1/128 channels masked
Layer layer3.0.conv2.weight: 1/256 channels masked
Layer layer3.0.downsample.0.weight: 1/256 channels masked
Layer layer3.1.conv1.weight: 1/256 channels masked
Layer layer4.0.conv1.weight: 1/512 channels masked
Layer layer4.0.conv2.weight: 4/512 channels masked
Layer layer4.0.downsample.0.weight: 3/512 channels masked
Layer layer4.1.conv1.weight: 9/512 channels masked
------------------------- time cost ------------------------- 24.911869525909424
[PFedBA] Round 91: optimizing class-conditional trigger bank...
[PFedBA] trigger_opt total=7.2770 grad=1.2039 loss_align=5.9551 attack=0.1181 norm=27.6428

-------------Round number: 90-------------

Evaluate personalized models
Averaged Train Loss: 0.1490
Averaged Test Accurancy: 0.7384
Averaged Test AUC: 0.9533
Std Test Accurancy: 0.0833
Std Test AUC: 0.0213
ASR: 0.05636843070076144
attack_auc: 0.5769947325775641
Layer layer2.0.downsample.0.weight: 1/128 channels masked
Layer layer3.0.conv2.weight: 1/256 channels masked
Layer layer3.0.downsample.0.weight: 1/256 channels masked
Layer layer3.1.conv1.weight: 1/256 channels masked
Layer layer4.0.conv1.weight: 1/512 channels masked
Layer layer4.0.conv2.weight: 4/512 channels masked
Layer layer4.0.downsample.0.weight: 3/512 channels masked
Layer layer4.1.conv1.weight: 9/512 channels masked
------------------------- time cost ------------------------- 25.28452205657959
[PFedBA] Round 92: optimizing class-conditional trigger bank...
[PFedBA] trigger_opt total=7.1287 grad=1.3132 loss_align=5.6756 attack=0.1399 norm=27.6452

-------------Round number: 91-------------

Evaluate personalized models
Averaged Train Loss: 0.1451
Averaged Test Accurancy: 0.7364
Averaged Test AUC: 0.9528
Std Test Accurancy: 0.0856
Std Test AUC: 0.0218
ASR: 0.05392370087067013
attack_auc: 0.5720823623474331
Layer layer2.0.downsample.0.weight: 1/128 channels masked
Layer layer3.0.conv2.weight: 1/256 channels masked
Layer layer3.0.downsample.0.weight: 1/256 channels masked
Layer layer3.1.conv1.weight: 1/256 channels masked
Layer layer4.0.conv1.weight: 1/512 channels masked
Layer layer4.0.conv2.weight: 4/512 channels masked
Layer layer4.0.downsample.0.weight: 3/512 channels masked
Layer layer4.1.conv1.weight: 9/512 channels masked
------------------------- time cost ------------------------- 25.396989583969116
[PFedBA] Round 93: optimizing class-conditional trigger bank...
[PFedBA] trigger_opt total=7.0796 grad=1.2034 loss_align=5.6746 attack=0.2017 norm=27.6482

-------------Round number: 92-------------

Evaluate personalized models
Averaged Train Loss: 0.1451
Averaged Test Accurancy: 0.7397
Averaged Test AUC: 0.9532
Std Test Accurancy: 0.0806
Std Test AUC: 0.0211
ASR: 0.055971267753817576
attack_auc: 0.5802169174874608
Layer layer2.0.downsample.0.weight: 1/128 channels masked
Layer layer3.0.conv2.weight: 1/256 channels masked
Layer layer3.0.downsample.0.weight: 1/256 channels masked
Layer layer3.1.conv1.weight: 1/256 channels masked
Layer layer4.0.conv1.weight: 1/512 channels masked
Layer layer4.0.conv2.weight: 4/512 channels masked
Layer layer4.0.downsample.0.weight: 3/512 channels masked
Layer layer4.1.conv1.weight: 9/512 channels masked
------------------------- time cost ------------------------- 25.140972137451172
[PFedBA] Round 94: optimizing class-conditional trigger bank...
[PFedBA] trigger_opt total=7.5258 grad=1.2895 loss_align=6.1281 attack=0.1081 norm=27.6548

-------------Round number: 93-------------

Evaluate personalized models
Averaged Train Loss: 0.1393
Averaged Test Accurancy: 0.7391
Averaged Test AUC: 0.9532
Std Test Accurancy: 0.0822
Std Test AUC: 0.0214
ASR: 0.05844654100661982
attack_auc: 0.579179051217286
Layer layer2.0.downsample.0.weight: 1/128 channels masked
Layer layer3.0.conv2.weight: 1/256 channels masked
Layer layer3.0.downsample.0.weight: 1/256 channels masked
Layer layer3.1.conv1.weight: 1/256 channels masked
Layer layer4.0.conv1.weight: 1/512 channels masked
Layer layer4.0.conv2.weight: 4/512 channels masked
Layer layer4.0.downsample.0.weight: 3/512 channels masked
Layer layer4.1.conv1.weight: 9/512 channels masked
------------------------- time cost ------------------------- 24.638803005218506
[PFedBA] Round 95: optimizing class-conditional trigger bank...
[PFedBA] trigger_opt total=7.1893 grad=1.2143 loss_align=5.7829 attack=0.1920 norm=27.6584

-------------Round number: 94-------------

Evaluate personalized models
Averaged Train Loss: 0.1469
Averaged Test Accurancy: 0.7380
Averaged Test AUC: 0.9531
Std Test Accurancy: 0.0833
Std Test AUC: 0.0214
ASR: 0.047171496434311684
attack_auc: 0.5735628264283991
Layer layer2.0.downsample.0.weight: 1/128 channels masked
Layer layer3.0.conv2.weight: 1/256 channels masked
Layer layer3.0.downsample.0.weight: 1/256 channels masked
Layer layer3.1.conv1.weight: 1/256 channels masked
Layer layer4.0.conv1.weight: 1/512 channels masked
Layer layer4.0.conv2.weight: 4/512 channels masked
Layer layer4.0.downsample.0.weight: 3/512 channels masked
Layer layer4.1.conv1.weight: 9/512 channels masked
------------------------- time cost ------------------------- 24.93134641647339
[PFedBA] Round 96: optimizing class-conditional trigger bank...
[PFedBA] trigger_opt total=7.4272 grad=1.1688 loss_align=6.1368 attack=0.1216 norm=27.6644

-------------Round number: 95-------------

Evaluate personalized models
Averaged Train Loss: 0.1360
Averaged Test Accurancy: 0.7400
Averaged Test AUC: 0.9534
Std Test Accurancy: 0.0848
Std Test AUC: 0.0216
ASR: 0.052292757695409774
attack_auc: 0.5794241835522996
Layer layer2.0.downsample.0.weight: 1/128 channels masked
Layer layer3.0.conv2.weight: 1/256 channels masked
Layer layer3.0.downsample.0.weight: 1/256 channels masked
Layer layer3.1.conv1.weight: 1/256 channels masked
Layer layer4.0.conv1.weight: 1/512 channels masked
Layer layer4.0.conv2.weight: 4/512 channels masked
Layer layer4.0.downsample.0.weight: 3/512 channels masked
Layer layer4.1.conv1.weight: 9/512 channels masked
------------------------- time cost ------------------------- 24.688507795333862
[PFedBA] Round 97: optimizing class-conditional trigger bank...
[PFedBA] trigger_opt total=7.1178 grad=1.1733 loss_align=5.7551 attack=0.1894 norm=27.6669

-------------Round number: 96-------------

Evaluate personalized models
Averaged Train Loss: 0.1350
Averaged Test Accurancy: 0.7380
Averaged Test AUC: 0.9538
Std Test Accurancy: 0.0855
Std Test AUC: 0.0217
ASR: 0.061737282770251756
attack_auc: 0.5805560093547162
Layer layer2.0.downsample.0.weight: 1/128 channels masked
Layer layer3.0.conv2.weight: 1/256 channels masked
Layer layer3.0.downsample.0.weight: 1/256 channels masked
Layer layer3.1.conv1.weight: 1/256 channels masked
Layer layer4.0.conv1.weight: 1/512 channels masked
Layer layer4.0.conv2.weight: 4/512 channels masked
Layer layer4.0.downsample.0.weight: 3/512 channels masked
Layer layer4.1.conv1.weight: 9/512 channels masked
------------------------- time cost ------------------------- 24.816136837005615
[PFedBA] Round 98: optimizing class-conditional trigger bank...
[PFedBA] trigger_opt total=7.5786 grad=1.2523 loss_align=6.1760 attack=0.1503 norm=27.6726

-------------Round number: 97-------------

Evaluate personalized models
Averaged Train Loss: 0.1384
Averaged Test Accurancy: 0.7383
Averaged Test AUC: 0.9531
Std Test Accurancy: 0.0865
Std Test AUC: 0.0220
ASR: 0.04913856158859695
attack_auc: 0.5768673599118969
Layer layer2.0.downsample.0.weight: 1/128 channels masked
Layer layer3.0.conv2.weight: 1/256 channels masked
Layer layer3.0.downsample.0.weight: 1/256 channels masked
Layer layer3.1.conv1.weight: 1/256 channels masked
Layer layer4.0.conv1.weight: 1/512 channels masked
Layer layer4.0.conv2.weight: 4/512 channels masked
Layer layer4.0.downsample.0.weight: 3/512 channels masked
Layer layer4.1.conv1.weight: 9/512 channels masked
------------------------- time cost ------------------------- 24.887717247009277
[PFedBA] Round 99: optimizing class-conditional trigger bank...
[PFedBA] trigger_opt total=7.2088 grad=1.1979 loss_align=5.8734 attack=0.1375 norm=27.6761

-------------Round number: 98-------------

Evaluate personalized models
Averaged Train Loss: 0.1381
Averaged Test Accurancy: 0.7367
Averaged Test AUC: 0.9531
Std Test Accurancy: 0.0848
Std Test AUC: 0.0218
ASR: 0.05549177452892793
attack_auc: 0.5808236051265249
Layer layer2.0.downsample.0.weight: 1/128 channels masked
Layer layer3.0.conv2.weight: 1/256 channels masked
Layer layer3.0.downsample.0.weight: 1/256 channels masked
Layer layer3.1.conv1.weight: 1/256 channels masked
Layer layer4.0.conv1.weight: 1/512 channels masked
Layer layer4.0.conv2.weight: 4/512 channels masked
Layer layer4.0.downsample.0.weight: 3/512 channels masked
Layer layer4.1.conv1.weight: 9/512 channels masked
------------------------- time cost ------------------------- 24.954648971557617
[PFedBA] Round 100: optimizing class-conditional trigger bank...
[PFedBA] trigger_opt total=7.3740 grad=1.1165 loss_align=6.0814 attack=0.1762 norm=27.6802

-------------Round number: 99-------------

Evaluate personalized models
Averaged Train Loss: 0.1231
Averaged Test Accurancy: 0.7418
Averaged Test AUC: 0.9540
Std Test Accurancy: 0.0809
Std Test AUC: 0.0211
ASR: 0.053436613013603
attack_auc: 0.5847495114983923
Layer layer2.0.downsample.0.weight: 1/128 channels masked
Layer layer3.0.conv2.weight: 1/256 channels masked
Layer layer3.0.downsample.0.weight: 1/256 channels masked
Layer layer3.1.conv1.weight: 1/256 channels masked
Layer layer4.0.conv1.weight: 1/512 channels masked
Layer layer4.0.conv2.weight: 4/512 channels masked
Layer layer4.0.downsample.0.weight: 3/512 channels masked
Layer layer4.1.conv1.weight: 9/512 channels masked
------------------------- time cost ------------------------- 24.793171882629395
[PFedBA] Round 101: optimizing class-conditional trigger bank...
[PFedBA] trigger_opt total=7.4585 grad=1.2323 loss_align=6.0977 attack=0.1285 norm=27.6860

-------------Round number: 100-------------

Evaluate personalized models
Averaged Train Loss: 0.1336
Averaged Test Accurancy: 0.7414
Averaged Test AUC: 0.9536
Std Test Accurancy: 0.0805
Std Test AUC: 0.0211
ASR: 0.055009059030678244
attack_auc: 0.5833335377028054
Layer layer2.0.downsample.0.weight: 1/128 channels masked
Layer layer3.0.conv2.weight: 1/256 channels masked
Layer layer3.0.downsample.0.weight: 1/256 channels masked
Layer layer3.1.conv1.weight: 1/256 channels masked
Layer layer4.0.conv1.weight: 1/512 channels masked
Layer layer4.0.conv2.weight: 4/512 channels masked
Layer layer4.0.downsample.0.weight: 3/512 channels masked
Layer layer4.1.conv1.weight: 9/512 channels masked
------------------------- time cost ------------------------- 26.080485820770264
[PFedBA] Round 102: optimizing class-conditional trigger bank...
[PFedBA] trigger_opt total=7.1578 grad=1.1663 loss_align=5.8613 attack=0.1303 norm=27.6884

-------------Round number: 101-------------

Evaluate personalized models
Averaged Train Loss: 0.1233
Averaged Test Accurancy: 0.7404
Averaged Test AUC: 0.9537
Std Test Accurancy: 0.0842
Std Test AUC: 0.0212
ASR: 0.053201777346140594
attack_auc: 0.580308738375445
Layer layer2.0.downsample.0.weight: 1/128 channels masked
Layer layer3.0.conv2.weight: 1/256 channels masked
Layer layer3.0.downsample.0.weight: 1/256 channels masked
Layer layer3.1.conv1.weight: 1/256 channels masked
Layer layer4.0.conv1.weight: 1/512 channels masked
Layer layer4.0.conv2.weight: 4/512 channels masked
Layer layer4.0.downsample.0.weight: 3/512 channels masked
Layer layer4.1.conv1.weight: 9/512 channels masked
------------------------- time cost ------------------------- 25.55142855644226
[PFedBA] Round 103: optimizing class-conditional trigger bank...
[PFedBA] trigger_opt total=7.2589 grad=1.1368 loss_align=5.9436 attack=0.1785 norm=27.6945

-------------Round number: 102-------------

Evaluate personalized models
Averaged Train Loss: 0.1215
Averaged Test Accurancy: 0.7461
Averaged Test AUC: 0.9546
Std Test Accurancy: 0.0807
Std Test AUC: 0.0212
ASR: 0.0538356523853159
attack_auc: 0.578604434446597
Layer layer2.0.downsample.0.weight: 1/128 channels masked
Layer layer3.0.conv2.weight: 1/256 channels masked
Layer layer3.0.downsample.0.weight: 1/256 channels masked
Layer layer3.1.conv1.weight: 1/256 channels masked
Layer layer4.0.conv1.weight: 1/512 channels masked
Layer layer4.0.conv2.weight: 4/512 channels masked
Layer layer4.0.downsample.0.weight: 3/512 channels masked
Layer layer4.1.conv1.weight: 9/512 channels masked
------------------------- time cost ------------------------- 25.483739852905273
[PFedBA] Round 104: optimizing class-conditional trigger bank...
[PFedBA] trigger_opt total=7.2837 grad=1.2261 loss_align=5.9538 attack=0.1038 norm=27.6994

-------------Round number: 103-------------

Evaluate personalized models
Averaged Train Loss: 0.1234
Averaged Test Accurancy: 0.7390
Averaged Test AUC: 0.9538
Std Test Accurancy: 0.0858
Std Test AUC: 0.0217
ASR: 0.05472741384213218
attack_auc: 0.5769167565655272
Layer layer2.0.downsample.0.weight: 1/128 channels masked
Layer layer3.0.conv2.weight: 1/256 channels masked
Layer layer3.0.downsample.0.weight: 1/256 channels masked
Layer layer3.1.conv1.weight: 1/256 channels masked
Layer layer4.0.conv1.weight: 1/512 channels masked
Layer layer4.0.conv2.weight: 4/512 channels masked
Layer layer4.0.downsample.0.weight: 3/512 channels masked
Layer layer4.1.conv1.weight: 9/512 channels masked
------------------------- time cost ------------------------- 25.458078622817993
[PFedBA] Round 105: optimizing class-conditional trigger bank...
[PFedBA] trigger_opt total=7.2059 grad=1.1970 loss_align=5.8753 attack=0.1336 norm=27.7014

-------------Round number: 104-------------

Evaluate personalized models
Averaged Train Loss: 0.1220
Averaged Test Accurancy: 0.7398
Averaged Test AUC: 0.9542
Std Test Accurancy: 0.0846
Std Test AUC: 0.0208
ASR: 0.058176092730874936
attack_auc: 0.5844651658962364
Layer layer2.0.downsample.0.weight: 1/128 channels masked
Layer layer3.0.conv2.weight: 1/256 channels masked
Layer layer3.0.downsample.0.weight: 1/256 channels masked
Layer layer3.1.conv1.weight: 1/256 channels masked
Layer layer4.0.conv1.weight: 1/512 channels masked
Layer layer4.0.conv2.weight: 4/512 channels masked
Layer layer4.0.downsample.0.weight: 3/512 channels masked
Layer layer4.1.conv1.weight: 9/512 channels masked
------------------------- time cost ------------------------- 25.81975245475769
[PFedBA] Round 106: optimizing class-conditional trigger bank...
[PFedBA] trigger_opt total=7.2754 grad=1.1563 loss_align=5.9919 attack=0.1272 norm=27.7058

-------------Round number: 105-------------

Evaluate personalized models
Averaged Train Loss: 0.1161
Averaged Test Accurancy: 0.7416
Averaged Test AUC: 0.9543
Std Test Accurancy: 0.0800
Std Test AUC: 0.0212
ASR: 0.05965635266098436
attack_auc: 0.5809655735885971
Layer layer2.0.downsample.0.weight: 1/128 channels masked
Layer layer3.0.conv2.weight: 1/256 channels masked
Layer layer3.0.downsample.0.weight: 1/256 channels masked
Layer layer3.1.conv1.weight: 1/256 channels masked
Layer layer4.0.conv1.weight: 1/512 channels masked
Layer layer4.0.conv2.weight: 4/512 channels masked
Layer layer4.0.downsample.0.weight: 3/512 channels masked
Layer layer4.1.conv1.weight: 9/512 channels masked
------------------------- time cost ------------------------- 25.79040265083313
[PFedBA] Round 107: optimizing class-conditional trigger bank...
[PFedBA] trigger_opt total=7.6901 grad=1.3175 loss_align=6.2939 attack=0.0786 norm=27.7100

-------------Round number: 106-------------

Evaluate personalized models
Averaged Train Loss: 0.1166
Averaged Test Accurancy: 0.7426
Averaged Test AUC: 0.9539
Std Test Accurancy: 0.0806
Std Test AUC: 0.0210
ASR: 0.05794817429121385
attack_auc: 0.5805339952684804
Layer layer2.0.downsample.0.weight: 1/128 channels masked
Layer layer3.0.conv2.weight: 1/256 channels masked
Layer layer3.0.downsample.0.weight: 1/256 channels masked
Layer layer3.1.conv1.weight: 1/256 channels masked
Layer layer4.0.conv1.weight: 1/512 channels masked
Layer layer4.0.conv2.weight: 4/512 channels masked
Layer layer4.0.downsample.0.weight: 3/512 channels masked
Layer layer4.1.conv1.weight: 9/512 channels masked
------------------------- time cost ------------------------- 25.737961530685425
[PFedBA] Round 108: optimizing class-conditional trigger bank...
[PFedBA] trigger_opt total=7.2617 grad=1.2056 loss_align=5.9513 attack=0.1048 norm=27.7161

-------------Round number: 107-------------

Evaluate personalized models
Averaged Train Loss: 0.1134
Averaged Test Accurancy: 0.7453
Averaged Test AUC: 0.9545
Std Test Accurancy: 0.0820
Std Test AUC: 0.0210
ASR: 0.06116348778366854
attack_auc: 0.5802517834530047
Layer layer2.0.downsample.0.weight: 1/128 channels masked
Layer layer3.0.conv2.weight: 1/256 channels masked
Layer layer3.0.downsample.0.weight: 1/256 channels masked
Layer layer3.1.conv1.weight: 1/256 channels masked
Layer layer4.0.conv1.weight: 1/512 channels masked
Layer layer4.0.conv2.weight: 4/512 channels masked
Layer layer4.0.downsample.0.weight: 3/512 channels masked
Layer layer4.1.conv1.weight: 9/512 channels masked
------------------------- time cost ------------------------- 25.692596435546875
[PFedBA] Round 109: optimizing class-conditional trigger bank...
[PFedBA] trigger_opt total=7.3972 grad=1.1878 loss_align=6.0788 attack=0.1305 norm=27.7219

-------------Round number: 108-------------

Evaluate personalized models
Averaged Train Loss: 0.1105
Averaged Test Accurancy: 0.7440
Averaged Test AUC: 0.9545
Std Test Accurancy: 0.0786
Std Test AUC: 0.0209
ASR: 0.057900520973096864
attack_auc: 0.5808335851487684
Layer layer2.0.downsample.0.weight: 1/128 channels masked
Layer layer3.0.conv2.weight: 1/256 channels masked
Layer layer3.0.downsample.0.weight: 1/256 channels masked
Layer layer3.1.conv1.weight: 1/256 channels masked
Layer layer4.0.conv1.weight: 1/512 channels masked
Layer layer4.0.conv2.weight: 4/512 channels masked
Layer layer4.0.downsample.0.weight: 3/512 channels masked
Layer layer4.1.conv1.weight: 9/512 channels masked
------------------------- time cost ------------------------- 25.890143156051636
[PFedBA] Round 110: optimizing class-conditional trigger bank...
[PFedBA] trigger_opt total=7.4732 grad=1.2585 loss_align=6.1237 attack=0.0909 norm=27.7241

-------------Round number: 109-------------

Evaluate personalized models
Averaged Train Loss: 0.1125
Averaged Test Accurancy: 0.7461
Averaged Test AUC: 0.9547
Std Test Accurancy: 0.0804
Std Test AUC: 0.0207
ASR: 0.05560694359812591
attack_auc: 0.583910405869096
Layer layer2.0.downsample.0.weight: 1/128 channels masked
Layer layer3.0.conv2.weight: 1/256 channels masked
Layer layer3.0.downsample.0.weight: 1/256 channels masked
Layer layer3.1.conv1.weight: 1/256 channels masked
Layer layer4.0.conv1.weight: 1/512 channels masked
Layer layer4.0.conv2.weight: 4/512 channels masked
Layer layer4.0.downsample.0.weight: 3/512 channels masked
Layer layer4.1.conv1.weight: 9/512 channels masked
------------------------- time cost ------------------------- 26.11055588722229
[PFedBA] Round 111: optimizing class-conditional trigger bank...
[PFedBA] trigger_opt total=7.3470 grad=1.1451 loss_align=6.0360 attack=0.1659 norm=27.7259

-------------Round number: 110-------------

Evaluate personalized models
Averaged Train Loss: 0.1125
Averaged Test Accurancy: 0.7424
Averaged Test AUC: 0.9544
Std Test Accurancy: 0.0861
Std Test AUC: 0.0211
ASR: 0.05848343546109153
attack_auc: 0.5818905218650421
Layer layer2.0.downsample.0.weight: 1/128 channels masked
Layer layer3.0.conv2.weight: 1/256 channels masked
Layer layer3.0.downsample.0.weight: 1/256 channels masked
Layer layer3.1.conv1.weight: 1/256 channels masked
Layer layer4.0.conv1.weight: 1/512 channels masked
Layer layer4.0.conv2.weight: 4/512 channels masked
Layer layer4.0.downsample.0.weight: 3/512 channels masked
Layer layer4.1.conv1.weight: 9/512 channels masked
------------------------- time cost ------------------------- 26.21267533302307
[PFedBA] Round 112: optimizing class-conditional trigger bank...
[PFedBA] trigger_opt total=7.4434 grad=1.2202 loss_align=6.1104 attack=0.1128 norm=27.7338

-------------Round number: 111-------------

Evaluate personalized models
Averaged Train Loss: 0.1078
Averaged Test Accurancy: 0.7454
Averaged Test AUC: 0.9546
Std Test Accurancy: 0.0789
Std Test AUC: 0.0209
ASR: 0.051322679554806
attack_auc: 0.5799119818795879
Layer layer2.0.downsample.0.weight: 1/128 channels masked
Layer layer3.0.conv2.weight: 1/256 channels masked
Layer layer3.0.downsample.0.weight: 1/256 channels masked
Layer layer3.1.conv1.weight: 1/256 channels masked
Layer layer4.0.conv1.weight: 1/512 channels masked
Layer layer4.0.conv2.weight: 4/512 channels masked
Layer layer4.0.downsample.0.weight: 3/512 channels masked
Layer layer4.1.conv1.weight: 9/512 channels masked
------------------------- time cost ------------------------- 25.508576154708862
[PFedBA] Round 113: optimizing class-conditional trigger bank...
[PFedBA] trigger_opt total=7.2642 grad=1.1365 loss_align=6.0066 attack=0.1210 norm=27.7367

-------------Round number: 112-------------

Evaluate personalized models
Averaged Train Loss: 0.1056
Averaged Test Accurancy: 0.7431
Averaged Test AUC: 0.9550
Std Test Accurancy: 0.0803
Std Test AUC: 0.0211
ASR: 0.05633218390398651
attack_auc: 0.5803823606665939
Layer layer2.0.downsample.0.weight: 1/128 channels masked
Layer layer3.0.conv2.weight: 1/256 channels masked
Layer layer3.0.downsample.0.weight: 1/256 channels masked
Layer layer3.1.conv1.weight: 1/256 channels masked
Layer layer4.0.conv1.weight: 1/512 channels masked
Layer layer4.0.conv2.weight: 4/512 channels masked
Layer layer4.0.downsample.0.weight: 3/512 channels masked
Layer layer4.1.conv1.weight: 9/512 channels masked
------------------------- time cost ------------------------- 25.647318601608276
[PFedBA] Round 114: optimizing class-conditional trigger bank...
[PFedBA] trigger_opt total=7.0169 grad=1.1021 loss_align=5.7709 attack=0.1440 norm=27.7412

-------------Round number: 113-------------

Evaluate personalized models
Averaged Train Loss: 0.1074
Averaged Test Accurancy: 0.7465
Averaged Test AUC: 0.9548
Std Test Accurancy: 0.0826
Std Test AUC: 0.0213
ASR: 0.05587944124269804
attack_auc: 0.581941071541746
Layer layer2.0.downsample.0.weight: 1/128 channels masked
Layer layer3.0.conv2.weight: 1/256 channels masked
Layer layer3.0.downsample.0.weight: 1/256 channels masked
Layer layer3.1.conv1.weight: 1/256 channels masked
Layer layer4.0.conv1.weight: 1/512 channels masked
Layer layer4.0.conv2.weight: 4/512 channels masked
Layer layer4.0.downsample.0.weight: 3/512 channels masked
Layer layer4.1.conv1.weight: 9/512 channels masked
------------------------- time cost ------------------------- 25.87248206138611
[PFedBA] Round 115: optimizing class-conditional trigger bank...
[PFedBA] trigger_opt total=7.3923 grad=1.1544 loss_align=6.0933 attack=0.1445 norm=27.7453

-------------Round number: 114-------------

Evaluate personalized models
Averaged Train Loss: 0.1002
Averaged Test Accurancy: 0.7449
Averaged Test AUC: 0.9554
Std Test Accurancy: 0.0808
Std Test AUC: 0.0207
ASR: 0.056550653545576084
attack_auc: 0.5788027148047967
Layer layer2.0.downsample.0.weight: 1/128 channels masked
Layer layer3.0.conv2.weight: 1/256 channels masked
Layer layer3.0.downsample.0.weight: 1/256 channels masked
Layer layer3.1.conv1.weight: 1/256 channels masked
Layer layer4.0.conv1.weight: 1/512 channels masked
Layer layer4.0.conv2.weight: 4/512 channels masked
Layer layer4.0.downsample.0.weight: 3/512 channels masked
Layer layer4.1.conv1.weight: 9/512 channels masked
------------------------- time cost ------------------------- 25.802042961120605
[PFedBA] Round 116: optimizing class-conditional trigger bank...
[PFedBA] trigger_opt total=7.3992 grad=1.2135 loss_align=6.0379 attack=0.1478 norm=27.7507

-------------Round number: 115-------------

Evaluate personalized models
Averaged Train Loss: 0.0997
Averaged Test Accurancy: 0.7462
Averaged Test AUC: 0.9551
Std Test Accurancy: 0.0807
Std Test AUC: 0.0209
ASR: 0.05354551729121114
attack_auc: 0.5833871952816517
Layer layer2.0.downsample.0.weight: 1/128 channels masked
Layer layer3.0.conv2.weight: 1/256 channels masked
Layer layer3.0.downsample.0.weight: 1/256 channels masked
Layer layer3.1.conv1.weight: 1/256 channels masked
Layer layer4.0.conv1.weight: 1/512 channels masked
Layer layer4.0.conv2.weight: 4/512 channels masked
Layer layer4.0.downsample.0.weight: 3/512 channels masked
Layer layer4.1.conv1.weight: 9/512 channels masked
------------------------- time cost ------------------------- 26.090841054916382
[PFedBA] Round 117: optimizing class-conditional trigger bank...
[PFedBA] trigger_opt total=7.3811 grad=1.2298 loss_align=6.0936 attack=0.0577 norm=27.7555

-------------Round number: 116-------------

Evaluate personalized models
Averaged Train Loss: 0.0983
Averaged Test Accurancy: 0.7456
Averaged Test AUC: 0.9548
Std Test Accurancy: 0.0812
Std Test AUC: 0.0210
ASR: 0.059665184800933815
attack_auc: 0.5884171902584101
Layer layer2.0.downsample.0.weight: 1/128 channels masked
Layer layer3.0.conv2.weight: 1/256 channels masked
Layer layer3.0.downsample.0.weight: 1/256 channels masked
Layer layer3.1.conv1.weight: 1/256 channels masked
Layer layer4.0.conv1.weight: 1/512 channels masked
Layer layer4.0.conv2.weight: 4/512 channels masked
Layer layer4.0.downsample.0.weight: 3/512 channels masked
Layer layer4.1.conv1.weight: 9/512 channels masked
------------------------- time cost ------------------------- 25.928556203842163
[PFedBA] Round 118: optimizing class-conditional trigger bank...
[PFedBA] trigger_opt total=7.4620 grad=1.2458 loss_align=6.1385 attack=0.0777 norm=27.7640

-------------Round number: 117-------------

Evaluate personalized models
Averaged Train Loss: 0.0986
Averaged Test Accurancy: 0.7431
Averaged Test AUC: 0.9546
Std Test Accurancy: 0.0796
Std Test AUC: 0.0209
ASR: 0.05809006795135998
attack_auc: 0.5849035057058559
Layer layer2.0.downsample.0.weight: 1/128 channels masked
Layer layer3.0.conv2.weight: 1/256 channels masked
Layer layer3.0.downsample.0.weight: 1/256 channels masked
Layer layer3.1.conv1.weight: 1/256 channels masked
Layer layer4.0.conv1.weight: 1/512 channels masked
Layer layer4.0.conv2.weight: 4/512 channels masked
Layer layer4.0.downsample.0.weight: 3/512 channels masked
Layer layer4.1.conv1.weight: 9/512 channels masked
------------------------- time cost ------------------------- 26.048611164093018
[PFedBA] Round 119: optimizing class-conditional trigger bank...
[PFedBA] trigger_opt total=6.9226 grad=1.0563 loss_align=5.7108 attack=0.1554 norm=27.7683

-------------Round number: 118-------------

Evaluate personalized models
Averaged Train Loss: 0.0998
Averaged Test Accurancy: 0.7430
Averaged Test AUC: 0.9549
Std Test Accurancy: 0.0816
Std Test AUC: 0.0208
ASR: 0.05625740359383972
attack_auc: 0.5804677907893674
Layer layer2.0.downsample.0.weight: 1/128 channels masked
Layer layer3.0.conv2.weight: 1/256 channels masked
Layer layer3.0.downsample.0.weight: 1/256 channels masked
Layer layer3.1.conv1.weight: 1/256 channels masked
Layer layer4.0.conv1.weight: 1/512 channels masked
Layer layer4.0.conv2.weight: 4/512 channels masked
Layer layer4.0.downsample.0.weight: 3/512 channels masked
Layer layer4.1.conv1.weight: 9/512 channels masked
------------------------- time cost ------------------------- 26.234915018081665
[PFedBA] Round 120: optimizing class-conditional trigger bank...
[PFedBA] trigger_opt total=7.3438 grad=1.1777 loss_align=6.0510 attack=0.1150 norm=27.7752

-------------Round number: 119-------------

Evaluate personalized models
Averaged Train Loss: 0.1078
Averaged Test Accurancy: 0.7433
Averaged Test AUC: 0.9548
Std Test Accurancy: 0.0816
Std Test AUC: 0.0213
ASR: 0.05956628163606523
attack_auc: 0.5828610540530962
Layer layer2.0.downsample.0.weight: 1/128 channels masked
Layer layer3.0.conv2.weight: 1/256 channels masked
Layer layer3.0.downsample.0.weight: 1/256 channels masked
Layer layer3.1.conv1.weight: 1/256 channels masked
Layer layer4.0.conv1.weight: 1/512 channels masked
Layer layer4.0.conv2.weight: 4/512 channels masked
Layer layer4.0.downsample.0.weight: 3/512 channels masked
Layer layer4.1.conv1.weight: 9/512 channels masked
------------------------- time cost ------------------------- 26.011683225631714
[PFedBA] Round 121: optimizing class-conditional trigger bank...
[PFedBA] trigger_opt total=7.4569 grad=1.2100 loss_align=6.1508 attack=0.0961 norm=27.7844

-------------Round number: 120-------------

Evaluate personalized models
Averaged Train Loss: 0.0935
Averaged Test Accurancy: 0.7455
Averaged Test AUC: 0.9552
Std Test Accurancy: 0.0815
Std Test AUC: 0.0210
ASR: 0.0620308795208698
attack_auc: 0.5876205829590316
Layer layer2.0.downsample.0.weight: 1/128 channels masked
Layer layer3.0.conv2.weight: 1/256 channels masked
Layer layer3.0.downsample.0.weight: 1/256 channels masked
Layer layer3.1.conv1.weight: 1/256 channels masked
Layer layer4.0.conv1.weight: 1/512 channels masked
Layer layer4.0.conv2.weight: 4/512 channels masked
Layer layer4.0.downsample.0.weight: 3/512 channels masked
Layer layer4.1.conv1.weight: 9/512 channels masked
------------------------- time cost ------------------------- 25.991687059402466
[PFedBA] Round 122: optimizing class-conditional trigger bank...
[PFedBA] trigger_opt total=7.2770 grad=1.1437 loss_align=6.0177 attack=0.1157 norm=27.7853

-------------Round number: 121-------------

Evaluate personalized models
Averaged Train Loss: 0.0932
Averaged Test Accurancy: 0.7438
Averaged Test AUC: 0.9552
Std Test Accurancy: 0.0804
Std Test AUC: 0.0206
ASR: 0.05896412234448006
attack_auc: 0.5877301178267768
Layer layer2.0.downsample.0.weight: 1/128 channels masked
Layer layer3.0.conv2.weight: 1/256 channels masked
Layer layer3.0.downsample.0.weight: 1/256 channels masked
Layer layer3.1.conv1.weight: 1/256 channels masked
Layer layer4.0.conv1.weight: 1/512 channels masked
Layer layer4.0.conv2.weight: 4/512 channels masked
Layer layer4.0.downsample.0.weight: 3/512 channels masked
Layer layer4.1.conv1.weight: 9/512 channels masked
------------------------- time cost ------------------------- 25.85153841972351
[PFedBA] Round 123: optimizing class-conditional trigger bank...
[PFedBA] trigger_opt total=7.6791 grad=1.1733 loss_align=6.3743 attack=0.1315 norm=27.7886

-------------Round number: 122-------------

Evaluate personalized models
Averaged Train Loss: 0.0938
Averaged Test Accurancy: 0.7428
Averaged Test AUC: 0.9549
Std Test Accurancy: 0.0822
Std Test AUC: 0.0211
ASR: 0.05678233572019161
attack_auc: 0.5878433096146987
Layer layer2.0.downsample.0.weight: 1/128 channels masked
Layer layer3.0.conv2.weight: 1/256 channels masked
Layer layer3.0.downsample.0.weight: 1/256 channels masked
Layer layer3.1.conv1.weight: 1/256 channels masked
Layer layer4.0.conv1.weight: 1/512 channels masked
Layer layer4.0.conv2.weight: 4/512 channels masked
Layer layer4.0.downsample.0.weight: 3/512 channels masked
Layer layer4.1.conv1.weight: 9/512 channels masked
------------------------- time cost ------------------------- 26.129160404205322
[PFedBA] Round 124: optimizing class-conditional trigger bank...
[PFedBA] trigger_opt total=7.4057 grad=1.1906 loss_align=6.0983 attack=0.1167 norm=27.7913

-------------Round number: 123-------------

Evaluate personalized models
Averaged Train Loss: 0.0858
Averaged Test Accurancy: 0.7483
Averaged Test AUC: 0.9557
Std Test Accurancy: 0.0787
Std Test AUC: 0.0202
ASR: 0.052645620545448975
attack_auc: 0.5849602418952485
Layer layer2.0.downsample.0.weight: 1/128 channels masked
Layer layer3.0.conv2.weight: 1/256 channels masked
Layer layer3.0.downsample.0.weight: 1/256 channels masked
Layer layer3.1.conv1.weight: 1/256 channels masked
Layer layer4.0.conv1.weight: 1/512 channels masked
Layer layer4.0.conv2.weight: 4/512 channels masked
Layer layer4.0.downsample.0.weight: 3/512 channels masked
Layer layer4.1.conv1.weight: 9/512 channels masked
------------------------- time cost ------------------------- 25.83063292503357
[PFedBA] Round 125: optimizing class-conditional trigger bank...
[PFedBA] trigger_opt total=7.4854 grad=1.2002 loss_align=6.2058 attack=0.0795 norm=27.7971

-------------Round number: 124-------------

Evaluate personalized models
Averaged Train Loss: 0.0946
Averaged Test Accurancy: 0.7474
Averaged Test AUC: 0.9551
Std Test Accurancy: 0.0787
Std Test AUC: 0.0205
ASR: 0.062254103732218444
attack_auc: 0.5899016403050944
Layer layer2.0.downsample.0.weight: 1/128 channels masked
Layer layer3.0.conv2.weight: 1/256 channels masked
Layer layer3.0.downsample.0.weight: 1/256 channels masked
Layer layer3.1.conv1.weight: 1/256 channels masked
Layer layer4.0.conv1.weight: 1/512 channels masked
Layer layer4.0.conv2.weight: 4/512 channels masked
Layer layer4.0.downsample.0.weight: 3/512 channels masked
Layer layer4.1.conv1.weight: 9/512 channels masked
------------------------- time cost ------------------------- 25.9863121509552
[PFedBA] Round 126: optimizing class-conditional trigger bank...
[PFedBA] trigger_opt total=7.5104 grad=1.0550 loss_align=6.2878 attack=0.1676 norm=27.7999

-------------Round number: 125-------------

Evaluate personalized models
Averaged Train Loss: 0.0849
Averaged Test Accurancy: 0.7470
Averaged Test AUC: 0.9559
Std Test Accurancy: 0.0760
Std Test AUC: 0.0206
ASR: 0.06320440076733962
attack_auc: 0.5912406773452749
Layer layer2.0.downsample.0.weight: 1/128 channels masked
Layer layer3.0.conv2.weight: 1/256 channels masked
Layer layer3.0.downsample.0.weight: 1/256 channels masked
Layer layer3.1.conv1.weight: 1/256 channels masked
Layer layer4.0.conv1.weight: 1/512 channels masked
Layer layer4.0.conv2.weight: 4/512 channels masked
Layer layer4.0.downsample.0.weight: 3/512 channels masked
Layer layer4.1.conv1.weight: 9/512 channels masked
------------------------- time cost ------------------------- 26.001665115356445
[PFedBA] Round 127: optimizing class-conditional trigger bank...
[PFedBA] trigger_opt total=7.4009 grad=1.1105 loss_align=6.1595 attack=0.1309 norm=27.8041

-------------Round number: 126-------------

Evaluate personalized models
Averaged Train Loss: 0.0952
Averaged Test Accurancy: 0.7458
Averaged Test AUC: 0.9551
Std Test Accurancy: 0.0763
Std Test AUC: 0.0208
ASR: 0.0593432824950382
attack_auc: 0.5903888755406058
Layer layer2.0.downsample.0.weight: 1/128 channels masked
Layer layer3.0.conv2.weight: 1/256 channels masked
Layer layer3.0.downsample.0.weight: 1/256 channels masked
Layer layer3.1.conv1.weight: 1/256 channels masked
Layer layer4.0.conv1.weight: 1/512 channels masked
Layer layer4.0.conv2.weight: 4/512 channels masked
Layer layer4.0.downsample.0.weight: 3/512 channels masked
Layer layer4.1.conv1.weight: 9/512 channels masked
------------------------- time cost ------------------------- 25.79636788368225
[PFedBA] Round 128: optimizing class-conditional trigger bank...
[PFedBA] trigger_opt total=7.3440 grad=1.1229 loss_align=6.1412 attack=0.0799 norm=27.8066

-------------Round number: 127-------------

Evaluate personalized models
Averaged Train Loss: 0.0919
Averaged Test Accurancy: 0.7473
Averaged Test AUC: 0.9556
Std Test Accurancy: 0.0805
Std Test AUC: 0.0205
ASR: 0.05998831652889286
attack_auc: 0.5878614473975723
Layer layer2.0.downsample.0.weight: 1/128 channels masked
Layer layer3.0.conv2.weight: 1/256 channels masked
Layer layer3.0.downsample.0.weight: 1/256 channels masked
Layer layer3.1.conv1.weight: 1/256 channels masked
Layer layer4.0.conv1.weight: 1/512 channels masked
Layer layer4.0.conv2.weight: 4/512 channels masked
Layer layer4.0.downsample.0.weight: 3/512 channels masked
Layer layer4.1.conv1.weight: 9/512 channels masked
------------------------- time cost ------------------------- 26.02279281616211
[PFedBA] Round 129: optimizing class-conditional trigger bank...
[PFedBA] trigger_opt total=7.3803 grad=1.0712 loss_align=6.1104 attack=0.1987 norm=27.8081

-------------Round number: 128-------------

Evaluate personalized models
Averaged Train Loss: 0.0867
Averaged Test Accurancy: 0.7450
Averaged Test AUC: 0.9557
Std Test Accurancy: 0.0814
Std Test AUC: 0.0210
ASR: 0.0567714780198025
attack_auc: 0.5848065549577804
Layer layer2.0.downsample.0.weight: 1/128 channels masked
Layer layer3.0.conv2.weight: 1/256 channels masked
Layer layer3.0.downsample.0.weight: 1/256 channels masked
Layer layer3.1.conv1.weight: 1/256 channels masked
Layer layer4.0.conv1.weight: 1/512 channels masked
Layer layer4.0.conv2.weight: 4/512 channels masked
Layer layer4.0.downsample.0.weight: 3/512 channels masked
Layer layer4.1.conv1.weight: 9/512 channels masked
------------------------- time cost ------------------------- 25.663269758224487
[PFedBA] Round 130: optimizing class-conditional trigger bank...
[PFedBA] trigger_opt total=7.3273 grad=1.1781 loss_align=6.0279 attack=0.1213 norm=27.8130

-------------Round number: 129-------------

Evaluate personalized models
Averaged Train Loss: 0.0876
Averaged Test Accurancy: 0.7451
Averaged Test AUC: 0.9556
Std Test Accurancy: 0.0793
Std Test AUC: 0.0206
ASR: 0.05621984842881679
attack_auc: 0.5876056006546274
Layer layer2.0.downsample.0.weight: 1/128 channels masked
Layer layer3.0.conv2.weight: 1/256 channels masked
Layer layer3.0.downsample.0.weight: 1/256 channels masked
Layer layer3.1.conv1.weight: 1/256 channels masked
Layer layer4.0.conv1.weight: 1/512 channels masked
Layer layer4.0.conv2.weight: 4/512 channels masked
Layer layer4.0.downsample.0.weight: 3/512 channels masked
Layer layer4.1.conv1.weight: 9/512 channels masked
------------------------- time cost ------------------------- 26.370294094085693
[PFedBA] Round 131: optimizing class-conditional trigger bank...
[PFedBA] trigger_opt total=7.3131 grad=1.1354 loss_align=6.0381 attack=0.1396 norm=27.8189

-------------Round number: 130-------------

Evaluate personalized models
Averaged Train Loss: 0.0789
Averaged Test Accurancy: 0.7468
Averaged Test AUC: 0.9559
Std Test Accurancy: 0.0837
Std Test AUC: 0.0207
ASR: 0.06445411163733211
attack_auc: 0.5868229660171461
Layer layer2.0.downsample.0.weight: 1/128 channels masked
Layer layer3.0.conv2.weight: 1/256 channels masked
Layer layer3.0.downsample.0.weight: 1/256 channels masked
Layer layer3.1.conv1.weight: 1/256 channels masked
Layer layer4.0.conv1.weight: 1/512 channels masked
Layer layer4.0.conv2.weight: 4/512 channels masked
Layer layer4.0.downsample.0.weight: 3/512 channels masked
Layer layer4.1.conv1.weight: 9/512 channels masked
------------------------- time cost ------------------------- 26.052391529083252
[PFedBA] Round 132: optimizing class-conditional trigger bank...
[PFedBA] trigger_opt total=7.5332 grad=1.0860 loss_align=6.2867 attack=0.1604 norm=27.8204

-------------Round number: 131-------------

Evaluate personalized models
Averaged Train Loss: 0.0776
Averaged Test Accurancy: 0.7467
Averaged Test AUC: 0.9558
Std Test Accurancy: 0.0788
Std Test AUC: 0.0207
ASR: 0.06110570947592407
attack_auc: 0.5884186182148403
Layer layer2.0.downsample.0.weight: 1/128 channels masked
Layer layer3.0.conv2.weight: 1/256 channels masked
Layer layer3.0.downsample.0.weight: 1/256 channels masked
Layer layer3.1.conv1.weight: 1/256 channels masked
Layer layer4.0.conv1.weight: 1/512 channels masked
Layer layer4.0.conv2.weight: 4/512 channels masked
Layer layer4.0.downsample.0.weight: 3/512 channels masked
Layer layer4.1.conv1.weight: 9/512 channels masked
------------------------- time cost ------------------------- 25.866810083389282
[PFedBA] Round 133: optimizing class-conditional trigger bank...
[PFedBA] trigger_opt total=7.4961 grad=1.2445 loss_align=6.1728 attack=0.0788 norm=27.8293

-------------Round number: 132-------------

Evaluate personalized models
Averaged Train Loss: 0.0825
Averaged Test Accurancy: 0.7478
Averaged Test AUC: 0.9562
Std Test Accurancy: 0.0827
Std Test AUC: 0.0205
ASR: 0.06270554249776168
attack_auc: 0.5861346073037665
Layer layer2.0.downsample.0.weight: 1/128 channels masked
Layer layer3.0.conv2.weight: 1/256 channels masked
Layer layer3.0.downsample.0.weight: 1/256 channels masked
Layer layer3.1.conv1.weight: 1/256 channels masked
Layer layer4.0.conv1.weight: 1/512 channels masked
Layer layer4.0.conv2.weight: 4/512 channels masked
Layer layer4.0.downsample.0.weight: 3/512 channels masked
Layer layer4.1.conv1.weight: 9/512 channels masked
------------------------- time cost ------------------------- 26.21431541442871
[PFedBA] Round 134: optimizing class-conditional trigger bank...
[PFedBA] trigger_opt total=7.5552 grad=1.1509 loss_align=6.3104 attack=0.0939 norm=27.8393

-------------Round number: 133-------------

Evaluate personalized models
Averaged Train Loss: 0.0843
Averaged Test Accurancy: 0.7470
Averaged Test AUC: 0.9559
Std Test Accurancy: 0.0821
Std Test AUC: 0.0207
ASR: 0.06031357930025587
attack_auc: 0.5862224137523026
Layer layer2.0.downsample.0.weight: 1/128 channels masked
Layer layer3.0.conv2.weight: 1/256 channels masked
Layer layer3.0.downsample.0.weight: 1/256 channels masked
Layer layer3.1.conv1.weight: 1/256 channels masked
Layer layer4.0.conv1.weight: 1/512 channels masked
Layer layer4.0.conv2.weight: 4/512 channels masked
Layer layer4.0.downsample.0.weight: 3/512 channels masked
Layer layer4.1.conv1.weight: 9/512 channels masked
------------------------- time cost ------------------------- 26.064724445343018
[PFedBA] Round 135: optimizing class-conditional trigger bank...
[PFedBA] trigger_opt total=7.0720 grad=1.0402 loss_align=5.8923 attack=0.1395 norm=27.8421

-------------Round number: 134-------------

Evaluate personalized models
Averaged Train Loss: 0.0783
Averaged Test Accurancy: 0.7487
Averaged Test AUC: 0.9560
Std Test Accurancy: 0.0799
Std Test AUC: 0.0209
ASR: 0.0624953571390001
attack_auc: 0.5858054369965991
Layer layer2.0.downsample.0.weight: 1/128 channels masked
Layer layer3.0.conv2.weight: 1/256 channels masked
Layer layer3.0.downsample.0.weight: 1/256 channels masked
Layer layer3.1.conv1.weight: 1/256 channels masked
Layer layer4.0.conv1.weight: 1/512 channels masked
Layer layer4.0.conv2.weight: 4/512 channels masked
Layer layer4.0.downsample.0.weight: 3/512 channels masked
Layer layer4.1.conv1.weight: 9/512 channels masked
------------------------- time cost ------------------------- 26.040575742721558
[PFedBA] Round 136: optimizing class-conditional trigger bank...
[PFedBA] trigger_opt total=7.6143 grad=1.1768 loss_align=6.3391 attack=0.0984 norm=27.8502

-------------Round number: 135-------------

Evaluate personalized models
Averaged Train Loss: 0.0770
Averaged Test Accurancy: 0.7466
Averaged Test AUC: 0.9560
Std Test Accurancy: 0.0792
Std Test AUC: 0.0208
ASR: 0.06015326668243933
attack_auc: 0.585000003547051
Layer layer2.0.downsample.0.weight: 1/128 channels masked
Layer layer3.0.conv2.weight: 1/256 channels masked
Layer layer3.0.downsample.0.weight: 1/256 channels masked
Layer layer3.1.conv1.weight: 1/256 channels masked
Layer layer4.0.conv1.weight: 1/512 channels masked
Layer layer4.0.conv2.weight: 4/512 channels masked
Layer layer4.0.downsample.0.weight: 3/512 channels masked
Layer layer4.1.conv1.weight: 9/512 channels masked
------------------------- time cost ------------------------- 25.902160167694092
[PFedBA] Round 137: optimizing class-conditional trigger bank...
[PFedBA] trigger_opt total=7.6358 grad=1.2253 loss_align=6.3562 attack=0.0544 norm=27.8574

-------------Round number: 136-------------

Evaluate personalized models
Averaged Train Loss: 0.0768
Averaged Test Accurancy: 0.7422
Averaged Test AUC: 0.9557
Std Test Accurancy: 0.0831
Std Test AUC: 0.0209
ASR: 0.05591827920204441
attack_auc: 0.5839021813604569
Layer layer2.0.downsample.0.weight: 1/128 channels masked
Layer layer3.0.conv2.weight: 1/256 channels masked
Layer layer3.0.downsample.0.weight: 1/256 channels masked
Layer layer3.1.conv1.weight: 1/256 channels masked
Layer layer4.0.conv1.weight: 1/512 channels masked
Layer layer4.0.conv2.weight: 4/512 channels masked
Layer layer4.0.downsample.0.weight: 3/512 channels masked
Layer layer4.1.conv1.weight: 9/512 channels masked
------------------------- time cost ------------------------- 25.74909806251526
[PFedBA] Round 138: optimizing class-conditional trigger bank...
[PFedBA] trigger_opt total=7.3690 grad=1.1182 loss_align=6.1363 attack=0.1145 norm=27.8670

-------------Round number: 137-------------

Evaluate personalized models
Averaged Train Loss: 0.0740
Averaged Test Accurancy: 0.7466
Averaged Test AUC: 0.9563
Std Test Accurancy: 0.0797
Std Test AUC: 0.0207
ASR: 0.054555002338785706
attack_auc: 0.5835713752340621
Layer layer2.0.downsample.0.weight: 1/128 channels masked
Layer layer3.0.conv2.weight: 1/256 channels masked
Layer layer3.0.downsample.0.weight: 1/256 channels masked
Layer layer3.1.conv1.weight: 1/256 channels masked
Layer layer4.0.conv1.weight: 1/512 channels masked
Layer layer4.0.conv2.weight: 4/512 channels masked
Layer layer4.0.downsample.0.weight: 3/512 channels masked
Layer layer4.1.conv1.weight: 9/512 channels masked
------------------------- time cost ------------------------- 25.583714962005615
[PFedBA] Round 139: optimizing class-conditional trigger bank...
[PFedBA] trigger_opt total=7.3831 grad=1.1486 loss_align=6.1499 attack=0.0846 norm=27.8716

-------------Round number: 138-------------

Evaluate personalized models
Averaged Train Loss: 0.0733
Averaged Test Accurancy: 0.7477
Averaged Test AUC: 0.9564
Std Test Accurancy: 0.0831
Std Test AUC: 0.0204
ASR: 0.05914441746896357
attack_auc: 0.5813974649867262
Layer layer2.0.downsample.0.weight: 1/128 channels masked
Layer layer3.0.conv2.weight: 1/256 channels masked
Layer layer3.0.downsample.0.weight: 1/256 channels masked
Layer layer3.1.conv1.weight: 1/256 channels masked
Layer layer4.0.conv1.weight: 1/512 channels masked
Layer layer4.0.conv2.weight: 4/512 channels masked
Layer layer4.0.downsample.0.weight: 3/512 channels masked
Layer layer4.1.conv1.weight: 9/512 channels masked
------------------------- time cost ------------------------- 25.741153717041016
[PFedBA] Round 140: optimizing class-conditional trigger bank...
[PFedBA] trigger_opt total=7.5842 grad=1.1519 loss_align=6.3040 attack=0.1283 norm=27.8779

-------------Round number: 139-------------

Evaluate personalized models
Averaged Train Loss: 0.0701
Averaged Test Accurancy: 0.7484
Averaged Test AUC: 0.9561
Std Test Accurancy: 0.0823
Std Test AUC: 0.0205
ASR: 0.06210344357600821
attack_auc: 0.5866639700756641
Layer layer2.0.downsample.0.weight: 1/128 channels masked
Layer layer3.0.conv2.weight: 1/256 channels masked
Layer layer3.0.downsample.0.weight: 1/256 channels masked
Layer layer3.1.conv1.weight: 1/256 channels masked
Layer layer4.0.conv1.weight: 1/512 channels masked
Layer layer4.0.conv2.weight: 4/512 channels masked
Layer layer4.0.downsample.0.weight: 3/512 channels masked
Layer layer4.1.conv1.weight: 9/512 channels masked
------------------------- time cost ------------------------- 25.53929114341736
[PFedBA] Round 141: optimizing class-conditional trigger bank...
[PFedBA] trigger_opt total=7.5535 grad=1.2065 loss_align=6.2553 attack=0.0916 norm=27.8860

-------------Round number: 140-------------

Evaluate personalized models
Averaged Train Loss: 0.0714
Averaged Test Accurancy: 0.7485
Averaged Test AUC: 0.9565
Std Test Accurancy: 0.0778
Std Test AUC: 0.0198
ASR: 0.06159333955110527
attack_auc: 0.5868512103534499
Layer layer2.0.downsample.0.weight: 1/128 channels masked
Layer layer3.0.conv2.weight: 1/256 channels masked
Layer layer3.0.downsample.0.weight: 1/256 channels masked
Layer layer3.1.conv1.weight: 1/256 channels masked
Layer layer4.0.conv1.weight: 1/512 channels masked
Layer layer4.0.conv2.weight: 4/512 channels masked
Layer layer4.0.downsample.0.weight: 3/512 channels masked
Layer layer4.1.conv1.weight: 9/512 channels masked
------------------------- time cost ------------------------- 25.65851330757141
[PFedBA] Round 142: optimizing class-conditional trigger bank...
[PFedBA] trigger_opt total=7.1752 grad=1.0419 loss_align=5.9955 attack=0.1379 norm=27.8912

-------------Round number: 141-------------

Evaluate personalized models
Averaged Train Loss: 0.0714
Averaged Test Accurancy: 0.7481
Averaged Test AUC: 0.9561
Std Test Accurancy: 0.0821
Std Test AUC: 0.0211
ASR: 0.05617792581112015
attack_auc: 0.5879066487171039
Layer layer2.0.downsample.0.weight: 1/128 channels masked
Layer layer3.0.conv2.weight: 1/256 channels masked
Layer layer3.0.downsample.0.weight: 1/256 channels masked
Layer layer3.1.conv1.weight: 1/256 channels masked
Layer layer4.0.conv1.weight: 1/512 channels masked
Layer layer4.0.conv2.weight: 4/512 channels masked
Layer layer4.0.downsample.0.weight: 3/512 channels masked
Layer layer4.1.conv1.weight: 9/512 channels masked
------------------------- time cost ------------------------- 25.690069913864136
[PFedBA] Round 143: optimizing class-conditional trigger bank...
[PFedBA] trigger_opt total=7.3494 grad=1.0372 loss_align=6.1784 attack=0.1338 norm=27.8935

-------------Round number: 142-------------

Evaluate personalized models
Averaged Train Loss: 0.0809
Averaged Test Accurancy: 0.7497
Averaged Test AUC: 0.9563
Std Test Accurancy: 0.0776
Std Test AUC: 0.0202
ASR: 0.059194955269472285
attack_auc: 0.5916830146664516
Layer layer2.0.downsample.0.weight: 1/128 channels masked
Layer layer3.0.conv2.weight: 1/256 channels masked
Layer layer3.0.downsample.0.weight: 1/256 channels masked
Layer layer3.1.conv1.weight: 1/256 channels masked
Layer layer4.0.conv1.weight: 1/512 channels masked
Layer layer4.0.conv2.weight: 4/512 channels masked
Layer layer4.0.downsample.0.weight: 3/512 channels masked
Layer layer4.1.conv1.weight: 9/512 channels masked
------------------------- time cost ------------------------- 25.706459999084473
[PFedBA] Round 144: optimizing class-conditional trigger bank...
[PFedBA] trigger_opt total=7.5281 grad=1.1093 loss_align=6.2716 attack=0.1473 norm=27.8942

-------------Round number: 143-------------

Evaluate personalized models
Averaged Train Loss: 0.0686
Averaged Test Accurancy: 0.7488
Averaged Test AUC: 0.9567
Std Test Accurancy: 0.0833
Std Test AUC: 0.0205
ASR: 0.05569221895571705
attack_auc: 0.587255437914525
Layer layer2.0.downsample.0.weight: 1/128 channels masked
Layer layer3.0.conv2.weight: 1/256 channels masked
Layer layer3.0.downsample.0.weight: 1/256 channels masked
Layer layer3.1.conv1.weight: 1/256 channels masked
Layer layer4.0.conv1.weight: 1/512 channels masked
Layer layer4.0.conv2.weight: 4/512 channels masked
Layer layer4.0.downsample.0.weight: 3/512 channels masked
Layer layer4.1.conv1.weight: 9/512 channels masked
------------------------- time cost ------------------------- 25.548776865005493
[PFedBA] Round 145: optimizing class-conditional trigger bank...
[PFedBA] trigger_opt total=7.5276 grad=1.1211 loss_align=6.2756 attack=0.1309 norm=27.8999

-------------Round number: 144-------------

Evaluate personalized models
Averaged Train Loss: 0.0641
Averaged Test Accurancy: 0.7488
Averaged Test AUC: 0.9565
Std Test Accurancy: 0.0791
Std Test AUC: 0.0202
ASR: 0.05735990433534754
attack_auc: 0.5864544934905838
Layer layer2.0.downsample.0.weight: 1/128 channels masked
Layer layer3.0.conv2.weight: 1/256 channels masked
Layer layer3.0.downsample.0.weight: 1/256 channels masked
Layer layer3.1.conv1.weight: 1/256 channels masked
Layer layer4.0.conv1.weight: 1/512 channels masked
Layer layer4.0.conv2.weight: 4/512 channels masked
Layer layer4.0.downsample.0.weight: 3/512 channels masked
Layer layer4.1.conv1.weight: 9/512 channels masked
------------------------- time cost ------------------------- 26.075427055358887
[PFedBA] Round 146: optimizing class-conditional trigger bank...
[PFedBA] trigger_opt total=7.2438 grad=1.1206 loss_align=6.0241 attack=0.0991 norm=27.9038

-------------Round number: 145-------------

Evaluate personalized models
Averaged Train Loss: 0.0711
Averaged Test Accurancy: 0.7458
Averaged Test AUC: 0.9566
Std Test Accurancy: 0.0801
Std Test AUC: 0.0205
ASR: 0.057515811838694364
attack_auc: 0.5886472177083487
Layer layer2.0.downsample.0.weight: 1/128 channels masked
Layer layer3.0.conv2.weight: 1/256 channels masked
Layer layer3.0.downsample.0.weight: 1/256 channels masked
Layer layer3.1.conv1.weight: 1/256 channels masked
Layer layer4.0.conv1.weight: 1/512 channels masked
Layer layer4.0.conv2.weight: 4/512 channels masked
Layer layer4.0.downsample.0.weight: 3/512 channels masked
Layer layer4.1.conv1.weight: 9/512 channels masked
------------------------- time cost ------------------------- 25.668258905410767
[PFedBA] Round 147: optimizing class-conditional trigger bank...
[PFedBA] trigger_opt total=7.6816 grad=1.0312 loss_align=6.4909 attack=0.1595 norm=27.9095

-------------Round number: 146-------------

Evaluate personalized models
Averaged Train Loss: 0.0643
Averaged Test Accurancy: 0.7488
Averaged Test AUC: 0.9570
Std Test Accurancy: 0.0784
Std Test AUC: 0.0201
ASR: 0.06028346984430951
attack_auc: 0.585371775767661
Layer layer2.0.downsample.0.weight: 1/128 channels masked
Layer layer3.0.conv2.weight: 1/256 channels masked
Layer layer3.0.downsample.0.weight: 1/256 channels masked
Layer layer3.1.conv1.weight: 1/256 channels masked
Layer layer4.0.conv1.weight: 1/512 channels masked
Layer layer4.0.conv2.weight: 4/512 channels masked
Layer layer4.0.downsample.0.weight: 3/512 channels masked
Layer layer4.1.conv1.weight: 9/512 channels masked
------------------------- time cost ------------------------- 25.89360475540161
[PFedBA] Round 148: optimizing class-conditional trigger bank...
[PFedBA] trigger_opt total=7.4810 grad=1.0516 loss_align=6.3227 attack=0.1068 norm=27.9132

-------------Round number: 147-------------

Evaluate personalized models
Averaged Train Loss: 0.0615
Averaged Test Accurancy: 0.7466
Averaged Test AUC: 0.9567
Std Test Accurancy: 0.0810
Std Test AUC: 0.0202
ASR: 0.05810719797712886
attack_auc: 0.5887068616631268
Layer layer2.0.downsample.0.weight: 1/128 channels masked
Layer layer3.0.conv2.weight: 1/256 channels masked
Layer layer3.0.downsample.0.weight: 1/256 channels masked
Layer layer3.1.conv1.weight: 1/256 channels masked
Layer layer4.0.conv1.weight: 1/512 channels masked
Layer layer4.0.conv2.weight: 4/512 channels masked
Layer layer4.0.downsample.0.weight: 3/512 channels masked
Layer layer4.1.conv1.weight: 9/512 channels masked
------------------------- time cost ------------------------- 26.230881690979004
[PFedBA] Round 149: optimizing class-conditional trigger bank...
[PFedBA] trigger_opt total=7.6245 grad=1.0747 loss_align=6.4399 attack=0.1100 norm=27.9166

-------------Round number: 148-------------

Evaluate personalized models
Averaged Train Loss: 0.0623
Averaged Test Accurancy: 0.7526
Averaged Test AUC: 0.9570
Std Test Accurancy: 0.0746
Std Test AUC: 0.0204
ASR: 0.05458236118246427
attack_auc: 0.5857774191726559
Layer layer2.0.downsample.0.weight: 1/128 channels masked
Layer layer3.0.conv2.weight: 1/256 channels masked
Layer layer3.0.downsample.0.weight: 1/256 channels masked
Layer layer3.1.conv1.weight: 1/256 channels masked
Layer layer4.0.conv1.weight: 1/512 channels masked
Layer layer4.0.conv2.weight: 4/512 channels masked
Layer layer4.0.downsample.0.weight: 3/512 channels masked
Layer layer4.1.conv1.weight: 9/512 channels masked
------------------------- time cost ------------------------- 25.923696517944336
[PFedBA] Round 150: optimizing class-conditional trigger bank...
[PFedBA] trigger_opt total=7.3311 grad=1.0745 loss_align=6.1227 attack=0.1339 norm=27.9197

-------------Round number: 149-------------

Evaluate personalized models
Averaged Train Loss: 0.0636
Averaged Test Accurancy: 0.7526
Averaged Test AUC: 0.9570
Std Test Accurancy: 0.0775
Std Test AUC: 0.0203
ASR: 0.06720658097350439
attack_auc: 0.5915215867726482
Layer layer2.0.downsample.0.weight: 1/128 channels masked
Layer layer3.0.conv2.weight: 1/256 channels masked
Layer layer3.0.downsample.0.weight: 1/256 channels masked
Layer layer3.1.conv1.weight: 1/256 channels masked
Layer layer4.0.conv1.weight: 1/512 channels masked
Layer layer4.0.conv2.weight: 4/512 channels masked
Layer layer4.0.downsample.0.weight: 3/512 channels masked
Layer layer4.1.conv1.weight: 9/512 channels masked
------------------------- time cost ------------------------- 26.120625019073486
[PFedBA] Round 151: optimizing class-conditional trigger bank...
[PFedBA] trigger_opt total=7.3285 grad=1.0517 loss_align=6.1314 attack=0.1454 norm=27.9249

-------------Round number: 150-------------

Evaluate personalized models
Averaged Train Loss: 0.0636
Averaged Test Accurancy: 0.7527
Averaged Test AUC: 0.9568
Std Test Accurancy: 0.0789
Std Test AUC: 0.0205
ASR: 0.061336526526086385
attack_auc: 0.590157547394898
Layer layer2.0.downsample.0.weight: 1/128 channels masked
Layer layer3.0.conv2.weight: 1/256 channels masked
Layer layer3.0.downsample.0.weight: 1/256 channels masked
Layer layer3.1.conv1.weight: 1/256 channels masked
Layer layer4.0.conv1.weight: 1/512 channels masked
Layer layer4.0.conv2.weight: 4/512 channels masked
Layer layer4.0.downsample.0.weight: 3/512 channels masked
Layer layer4.1.conv1.weight: 9/512 channels masked
------------------------- time cost ------------------------- 25.972508192062378
[PFedBA] Round 152: optimizing class-conditional trigger bank...
[PFedBA] trigger_opt total=7.5437 grad=1.0572 loss_align=6.3583 attack=0.1282 norm=27.9251

-------------Round number: 151-------------

Evaluate personalized models
Averaged Train Loss: 0.0588
Averaged Test Accurancy: 0.7512
Averaged Test AUC: 0.9571
Std Test Accurancy: 0.0784
Std Test AUC: 0.0204
ASR: 0.060782936650438844
attack_auc: 0.5930244733979008
Layer layer2.0.downsample.0.weight: 1/128 channels masked
Layer layer3.0.conv2.weight: 1/256 channels masked
Layer layer3.0.downsample.0.weight: 1/256 channels masked
Layer layer3.1.conv1.weight: 1/256 channels masked
Layer layer4.0.conv1.weight: 1/512 channels masked
Layer layer4.0.conv2.weight: 4/512 channels masked
Layer layer4.0.downsample.0.weight: 3/512 channels masked
Layer layer4.1.conv1.weight: 9/512 channels masked
------------------------- time cost ------------------------- 26.151188850402832
[PFedBA] Round 153: optimizing class-conditional trigger bank...
[PFedBA] trigger_opt total=7.2696 grad=0.9701 loss_align=6.1566 attack=0.1428 norm=27.9240

-------------Round number: 152-------------

Evaluate personalized models
Averaged Train Loss: 0.0618
Averaged Test Accurancy: 0.7490
Averaged Test AUC: 0.9567
Std Test Accurancy: 0.0798
Std Test AUC: 0.0206
ASR: 0.05917955789696871
attack_auc: 0.5905437430507222
Layer layer2.0.downsample.0.weight: 1/128 channels masked
Layer layer3.0.conv2.weight: 1/256 channels masked
Layer layer3.0.downsample.0.weight: 1/256 channels masked
Layer layer3.1.conv1.weight: 1/256 channels masked
Layer layer4.0.conv1.weight: 1/512 channels masked
Layer layer4.0.conv2.weight: 4/512 channels masked
Layer layer4.0.downsample.0.weight: 3/512 channels masked
Layer layer4.1.conv1.weight: 9/512 channels masked
------------------------- time cost ------------------------- 25.957074642181396
[PFedBA] Round 154: optimizing class-conditional trigger bank...
[PFedBA] trigger_opt total=7.4828 grad=1.1227 loss_align=6.2499 attack=0.1102 norm=27.9265

-------------Round number: 153-------------

Evaluate personalized models
Averaged Train Loss: 0.0565
Averaged Test Accurancy: 0.7498
Averaged Test AUC: 0.9570
Std Test Accurancy: 0.0765
Std Test AUC: 0.0201
ASR: 0.0705248537256841
attack_auc: 0.5937925167853724
Layer layer2.0.downsample.0.weight: 1/128 channels masked
Layer layer3.0.conv2.weight: 1/256 channels masked
Layer layer3.0.downsample.0.weight: 1/256 channels masked
Layer layer3.1.conv1.weight: 1/256 channels masked
Layer layer4.0.conv1.weight: 1/512 channels masked
Layer layer4.0.conv2.weight: 4/512 channels masked
Layer layer4.0.downsample.0.weight: 3/512 channels masked
Layer layer4.1.conv1.weight: 9/512 channels masked
------------------------- time cost ------------------------- 26.08318042755127
[PFedBA] Round 155: optimizing class-conditional trigger bank...
[PFedBA] trigger_opt total=7.3932 grad=1.0242 loss_align=6.2396 attack=0.1294 norm=27.9316

-------------Round number: 154-------------

Evaluate personalized models
Averaged Train Loss: 0.0552
Averaged Test Accurancy: 0.7500
Averaged Test AUC: 0.9574
Std Test Accurancy: 0.0814
Std Test AUC: 0.0207
ASR: 0.06089830976204217
attack_auc: 0.596518451626077
Layer layer2.0.downsample.0.weight: 1/128 channels masked
Layer layer3.0.conv2.weight: 1/256 channels masked
Layer layer3.0.downsample.0.weight: 1/256 channels masked
Layer layer3.1.conv1.weight: 1/256 channels masked
Layer layer4.0.conv1.weight: 1/512 channels masked
Layer layer4.0.conv2.weight: 4/512 channels masked
Layer layer4.0.downsample.0.weight: 3/512 channels masked
Layer layer4.1.conv1.weight: 9/512 channels masked
------------------------- time cost ------------------------- 26.082873106002808
[PFedBA] Round 156: optimizing class-conditional trigger bank...
[PFedBA] trigger_opt total=7.7800 grad=1.0883 loss_align=6.5989 attack=0.0928 norm=27.9362

-------------Round number: 155-------------

Evaluate personalized models
Averaged Train Loss: 0.0546
Averaged Test Accurancy: 0.7537
Averaged Test AUC: 0.9573
Std Test Accurancy: 0.0763
Std Test AUC: 0.0203
ASR: 0.060974573153172326
attack_auc: 0.5931509056543631
Layer layer2.0.downsample.0.weight: 1/128 channels masked
Layer layer3.0.conv2.weight: 1/256 channels masked
Layer layer3.0.downsample.0.weight: 1/256 channels masked
Layer layer3.1.conv1.weight: 1/256 channels masked
Layer layer4.0.conv1.weight: 1/512 channels masked
Layer layer4.0.conv2.weight: 4/512 channels masked
Layer layer4.0.downsample.0.weight: 3/512 channels masked
Layer layer4.1.conv1.weight: 9/512 channels masked
------------------------- time cost ------------------------- 25.76060199737549
[PFedBA] Round 157: optimizing class-conditional trigger bank...
[PFedBA] trigger_opt total=7.5244 grad=1.0945 loss_align=6.3521 attack=0.0777 norm=27.9348

-------------Round number: 156-------------

Evaluate personalized models
Averaged Train Loss: 0.0602
Averaged Test Accurancy: 0.7520
Averaged Test AUC: 0.9572
Std Test Accurancy: 0.0813
Std Test AUC: 0.0205
ASR: 0.05679947585196346
attack_auc: 0.5927807997425141
Layer layer2.0.downsample.0.weight: 1/128 channels masked
Layer layer3.0.conv2.weight: 1/256 channels masked
Layer layer3.0.downsample.0.weight: 1/256 channels masked
Layer layer3.1.conv1.weight: 1/256 channels masked
Layer layer4.0.conv1.weight: 1/512 channels masked
Layer layer4.0.conv2.weight: 4/512 channels masked
Layer layer4.0.downsample.0.weight: 3/512 channels masked
Layer layer4.1.conv1.weight: 9/512 channels masked
------------------------- time cost ------------------------- 25.97842264175415
[PFedBA] Round 158: optimizing class-conditional trigger bank...
[PFedBA] trigger_opt total=7.5144 grad=1.0258 loss_align=6.3536 attack=0.1349 norm=27.9370

-------------Round number: 157-------------

Evaluate personalized models
Averaged Train Loss: 0.0549
Averaged Test Accurancy: 0.7533
Averaged Test AUC: 0.9573
Std Test Accurancy: 0.0783
Std Test AUC: 0.0206
ASR: 0.056078397772825916
attack_auc: 0.5916264202758684
Layer layer2.0.downsample.0.weight: 1/128 channels masked
Layer layer3.0.conv2.weight: 1/256 channels masked
Layer layer3.0.downsample.0.weight: 1/256 channels masked
Layer layer3.1.conv1.weight: 1/256 channels masked
Layer layer4.0.conv1.weight: 1/512 channels masked
Layer layer4.0.conv2.weight: 4/512 channels masked
Layer layer4.0.downsample.0.weight: 3/512 channels masked
Layer layer4.1.conv1.weight: 9/512 channels masked
------------------------- time cost ------------------------- 25.785162925720215
[PFedBA] Round 159: optimizing class-conditional trigger bank...
[PFedBA] trigger_opt total=7.4112 grad=1.0925 loss_align=6.2149 attack=0.1037 norm=27.9434

-------------Round number: 158-------------

Evaluate personalized models
Averaged Train Loss: 0.0545
Averaged Test Accurancy: 0.7504
Averaged Test AUC: 0.9573
Std Test Accurancy: 0.0773
Std Test AUC: 0.0201
ASR: 0.06424296292234169
attack_auc: 0.5952596306867728
Layer layer2.0.downsample.0.weight: 1/128 channels masked
Layer layer3.0.conv2.weight: 1/256 channels masked
Layer layer3.0.downsample.0.weight: 1/256 channels masked
Layer layer3.1.conv1.weight: 1/256 channels masked
Layer layer4.0.conv1.weight: 1/512 channels masked
Layer layer4.0.conv2.weight: 4/512 channels masked
Layer layer4.0.downsample.0.weight: 3/512 channels masked
Layer layer4.1.conv1.weight: 9/512 channels masked
------------------------- time cost ------------------------- 25.857855319976807
[PFedBA] Round 160: optimizing class-conditional trigger bank...
[PFedBA] trigger_opt total=7.8284 grad=1.0588 loss_align=6.6931 attack=0.0765 norm=27.9468

-------------Round number: 159-------------

Evaluate personalized models
Averaged Train Loss: 0.0531
Averaged Test Accurancy: 0.7505
Averaged Test AUC: 0.9573
Std Test Accurancy: 0.0798
Std Test AUC: 0.0201
ASR: 0.06413639743209074
attack_auc: 0.5933344252074537
Layer layer2.0.downsample.0.weight: 1/128 channels masked
Layer layer3.0.conv2.weight: 1/256 channels masked
Layer layer3.0.downsample.0.weight: 1/256 channels masked
Layer layer3.1.conv1.weight: 1/256 channels masked
Layer layer4.0.conv1.weight: 1/512 channels masked
Layer layer4.0.conv2.weight: 4/512 channels masked
Layer layer4.0.downsample.0.weight: 3/512 channels masked
Layer layer4.1.conv1.weight: 9/512 channels masked
------------------------- time cost ------------------------- 25.70009994506836
[PFedBA] Round 161: optimizing class-conditional trigger bank...
[PFedBA] trigger_opt total=7.5696 grad=1.0626 loss_align=6.3937 attack=0.1132 norm=27.9531

-------------Round number: 160-------------

Evaluate personalized models
Averaged Train Loss: 0.0514
Averaged Test Accurancy: 0.7538
Averaged Test AUC: 0.9575
Std Test Accurancy: 0.0797
Std Test AUC: 0.0203
ASR: 0.0626500834869694
attack_auc: 0.5938846256876122
Layer layer2.0.downsample.0.weight: 1/128 channels masked
Layer layer3.0.conv2.weight: 1/256 channels masked
Layer layer3.0.downsample.0.weight: 1/256 channels masked
Layer layer3.1.conv1.weight: 1/256 channels masked
Layer layer4.0.conv1.weight: 1/512 channels masked
Layer layer4.0.conv2.weight: 4/512 channels masked
Layer layer4.0.downsample.0.weight: 3/512 channels masked
Layer layer4.1.conv1.weight: 9/512 channels masked
------------------------- time cost ------------------------- 25.726691722869873
[PFedBA] Round 162: optimizing class-conditional trigger bank...
[PFedBA] trigger_opt total=7.3344 grad=1.2080 loss_align=6.0673 attack=0.0591 norm=27.9592

-------------Round number: 161-------------

Evaluate personalized models
Averaged Train Loss: 0.0571
Averaged Test Accurancy: 0.7482
Averaged Test AUC: 0.9569
Std Test Accurancy: 0.0754
Std Test AUC: 0.0200
ASR: 0.05904667174170521
attack_auc: 0.5949872970748197
Layer layer2.0.downsample.0.weight: 1/128 channels masked
Layer layer3.0.conv2.weight: 1/256 channels masked
Layer layer3.0.downsample.0.weight: 1/256 channels masked
Layer layer3.1.conv1.weight: 1/256 channels masked
Layer layer4.0.conv1.weight: 1/512 channels masked
Layer layer4.0.conv2.weight: 4/512 channels masked
Layer layer4.0.downsample.0.weight: 3/512 channels masked
Layer layer4.1.conv1.weight: 9/512 channels masked
------------------------- time cost ------------------------- 26.02817726135254
[PFedBA] Round 163: optimizing class-conditional trigger bank...
[PFedBA] trigger_opt total=7.6945 grad=1.1394 loss_align=6.4819 attack=0.0733 norm=27.9655

-------------Round number: 162-------------

Evaluate personalized models
Averaged Train Loss: 0.0497
Averaged Test Accurancy: 0.7504
Averaged Test AUC: 0.9573
Std Test Accurancy: 0.0800
Std Test AUC: 0.0202
ASR: 0.05784340026648815
attack_auc: 0.5871338429705434
Layer layer2.0.downsample.0.weight: 1/128 channels masked
Layer layer3.0.conv2.weight: 1/256 channels masked
Layer layer3.0.downsample.0.weight: 1/256 channels masked
Layer layer3.1.conv1.weight: 1/256 channels masked
Layer layer4.0.conv1.weight: 1/512 channels masked
Layer layer4.0.conv2.weight: 4/512 channels masked
Layer layer4.0.downsample.0.weight: 3/512 channels masked
Layer layer4.1.conv1.weight: 9/512 channels masked
------------------------- time cost ------------------------- 25.981314420700073
[PFedBA] Round 164: optimizing class-conditional trigger bank...
[PFedBA] trigger_opt total=7.7668 grad=1.1322 loss_align=6.5689 attack=0.0657 norm=27.9722

-------------Round number: 163-------------

Evaluate personalized models
Averaged Train Loss: 0.0539
Averaged Test Accurancy: 0.7536
Averaged Test AUC: 0.9573
Std Test Accurancy: 0.0794
Std Test AUC: 0.0201
ASR: 0.06395398665203184
attack_auc: 0.5934231429103246
Layer layer2.0.downsample.0.weight: 1/128 channels masked
Layer layer3.0.conv2.weight: 1/256 channels masked
Layer layer3.0.downsample.0.weight: 1/256 channels masked
Layer layer3.1.conv1.weight: 1/256 channels masked
Layer layer4.0.conv1.weight: 1/512 channels masked
Layer layer4.0.conv2.weight: 4/512 channels masked
Layer layer4.0.downsample.0.weight: 3/512 channels masked
Layer layer4.1.conv1.weight: 9/512 channels masked
------------------------- time cost ------------------------- 26.473932027816772
[PFedBA] Round 165: optimizing class-conditional trigger bank...
[PFedBA] trigger_opt total=7.4499 grad=1.1187 loss_align=6.2290 attack=0.1022 norm=27.9784

-------------Round number: 164-------------

Evaluate personalized models
Averaged Train Loss: 0.0508
Averaged Test Accurancy: 0.7477
Averaged Test AUC: 0.9570
Std Test Accurancy: 0.0790
Std Test AUC: 0.0205
ASR: 0.0610318271065128
attack_auc: 0.592873708643849
Layer layer2.0.downsample.0.weight: 1/128 channels masked
Layer layer3.0.conv2.weight: 1/256 channels masked
Layer layer3.0.downsample.0.weight: 1/256 channels masked
Layer layer3.1.conv1.weight: 1/256 channels masked
Layer layer4.0.conv1.weight: 1/512 channels masked
Layer layer4.0.conv2.weight: 4/512 channels masked
Layer layer4.0.downsample.0.weight: 3/512 channels masked
Layer layer4.1.conv1.weight: 9/512 channels masked
------------------------- time cost ------------------------- 25.956737995147705
[PFedBA] Round 166: optimizing class-conditional trigger bank...
[PFedBA] trigger_opt total=7.4365 grad=1.0502 loss_align=6.2455 attack=0.1408 norm=27.9831

-------------Round number: 165-------------

Evaluate personalized models
Averaged Train Loss: 0.0498
Averaged Test Accurancy: 0.7520
Averaged Test AUC: 0.9576
Std Test Accurancy: 0.0779
Std Test AUC: 0.0200
ASR: 0.059731088818466165
attack_auc: 0.5924178283875121
Layer layer2.0.downsample.0.weight: 1/128 channels masked
Layer layer3.0.conv2.weight: 1/256 channels masked
Layer layer3.0.downsample.0.weight: 1/256 channels masked
Layer layer3.1.conv1.weight: 1/256 channels masked
Layer layer4.0.conv1.weight: 1/512 channels masked
Layer layer4.0.conv2.weight: 4/512 channels masked
Layer layer4.0.downsample.0.weight: 3/512 channels masked
Layer layer4.1.conv1.weight: 9/512 channels masked
------------------------- time cost ------------------------- 26.0797598361969
[PFedBA] Round 167: optimizing class-conditional trigger bank...
[PFedBA] trigger_opt total=7.9025 grad=1.1771 loss_align=6.6683 attack=0.0571 norm=27.9894

-------------Round number: 166-------------

Evaluate personalized models
Averaged Train Loss: 0.0496
Averaged Test Accurancy: 0.7518
Averaged Test AUC: 0.9578
Std Test Accurancy: 0.0768
Std Test AUC: 0.0196
ASR: 0.05500419709831837
attack_auc: 0.5913991294018026
Layer layer2.0.downsample.0.weight: 1/128 channels masked
Layer layer3.0.conv2.weight: 1/256 channels masked
Layer layer3.0.downsample.0.weight: 1/256 channels masked
Layer layer3.1.conv1.weight: 1/256 channels masked
Layer layer4.0.conv1.weight: 1/512 channels masked
Layer layer4.0.conv2.weight: 4/512 channels masked
Layer layer4.0.downsample.0.weight: 3/512 channels masked
Layer layer4.1.conv1.weight: 9/512 channels masked
------------------------- time cost ------------------------- 26.29048228263855
[PFedBA] Round 168: optimizing class-conditional trigger bank...
[PFedBA] trigger_opt total=7.3778 grad=1.0859 loss_align=6.1945 attack=0.0974 norm=27.9901

-------------Round number: 167-------------

Evaluate personalized models
Averaged Train Loss: 0.0523
Averaged Test Accurancy: 0.7534
Averaged Test AUC: 0.9576
Std Test Accurancy: 0.0795
Std Test AUC: 0.0198
ASR: 0.06150655833987332
attack_auc: 0.5957719160741267
Layer layer2.0.downsample.0.weight: 1/128 channels masked
Layer layer3.0.conv2.weight: 1/256 channels masked
Layer layer3.0.downsample.0.weight: 1/256 channels masked
Layer layer3.1.conv1.weight: 1/256 channels masked
Layer layer4.0.conv1.weight: 1/512 channels masked
Layer layer4.0.conv2.weight: 4/512 channels masked
Layer layer4.0.downsample.0.weight: 3/512 channels masked
Layer layer4.1.conv1.weight: 9/512 channels masked
------------------------- time cost ------------------------- 25.993207931518555
[PFedBA] Round 169: optimizing class-conditional trigger bank...
[PFedBA] trigger_opt total=7.7434 grad=1.2169 loss_align=6.4789 attack=0.0476 norm=28.0080

-------------Round number: 168-------------

Evaluate personalized models
Averaged Train Loss: 0.0504
Averaged Test Accurancy: 0.7550
Averaged Test AUC: 0.9577
Std Test Accurancy: 0.0798
Std Test AUC: 0.0198
ASR: 0.05940104393285671
attack_auc: 0.5923560491041906
Layer layer2.0.downsample.0.weight: 1/128 channels masked
Layer layer3.0.conv2.weight: 1/256 channels masked
Layer layer3.0.downsample.0.weight: 1/256 channels masked
Layer layer3.1.conv1.weight: 1/256 channels masked
Layer layer4.0.conv1.weight: 1/512 channels masked
Layer layer4.0.conv2.weight: 4/512 channels masked
Layer layer4.0.downsample.0.weight: 3/512 channels masked
Layer layer4.1.conv1.weight: 9/512 channels masked
------------------------- time cost ------------------------- 26.731164693832397
[PFedBA] Round 170: optimizing class-conditional trigger bank...
[PFedBA] trigger_opt total=7.5792 grad=1.1475 loss_align=6.3408 attack=0.0910 norm=28.0160

-------------Round number: 169-------------

Evaluate personalized models
Averaged Train Loss: 0.0485
Averaged Test Accurancy: 0.7507
Averaged Test AUC: 0.9573
Std Test Accurancy: 0.0794
Std Test AUC: 0.0201
ASR: 0.06178990773435319
attack_auc: 0.590973401830823
Layer layer2.0.downsample.0.weight: 1/128 channels masked
Layer layer3.0.conv2.weight: 1/256 channels masked
Layer layer3.0.downsample.0.weight: 1/256 channels masked
Layer layer3.1.conv1.weight: 1/256 channels masked
Layer layer4.0.conv1.weight: 1/512 channels masked
Layer layer4.0.conv2.weight: 4/512 channels masked
Layer layer4.0.downsample.0.weight: 3/512 channels masked
Layer layer4.1.conv1.weight: 9/512 channels masked
------------------------- time cost ------------------------- 26.705731630325317
[PFedBA] Round 171: optimizing class-conditional trigger bank...
[PFedBA] trigger_opt total=7.4491 grad=1.0135 loss_align=6.3088 attack=0.1268 norm=28.0195

-------------Round number: 170-------------

Evaluate personalized models
Averaged Train Loss: 0.0456
Averaged Test Accurancy: 0.7540
Averaged Test AUC: 0.9581
Std Test Accurancy: 0.0800
Std Test AUC: 0.0199
ASR: 0.06257334708007019
attack_auc: 0.5989580925838641
Layer layer2.0.downsample.0.weight: 1/128 channels masked
Layer layer3.0.conv2.weight: 1/256 channels masked
Layer layer3.0.downsample.0.weight: 1/256 channels masked
Layer layer3.1.conv1.weight: 1/256 channels masked
Layer layer4.0.conv1.weight: 1/512 channels masked
Layer layer4.0.conv2.weight: 4/512 channels masked
Layer layer4.0.downsample.0.weight: 3/512 channels masked
Layer layer4.1.conv1.weight: 9/512 channels masked
------------------------- time cost ------------------------- 27.215920209884644
[PFedBA] Round 172: optimizing class-conditional trigger bank...
[PFedBA] trigger_opt total=7.4492 grad=1.0200 loss_align=6.3043 attack=0.1250 norm=28.0209

-------------Round number: 171-------------

Evaluate personalized models
Averaged Train Loss: 0.0501
Averaged Test Accurancy: 0.7551
Averaged Test AUC: 0.9580
Std Test Accurancy: 0.0765
Std Test AUC: 0.0199
ASR: 0.06489647117426613
attack_auc: 0.5904915387929521
Layer layer2.0.downsample.0.weight: 1/128 channels masked
Layer layer3.0.conv2.weight: 1/256 channels masked
Layer layer3.0.downsample.0.weight: 1/256 channels masked
Layer layer3.1.conv1.weight: 1/256 channels masked
Layer layer4.0.conv1.weight: 1/512 channels masked
Layer layer4.0.conv2.weight: 4/512 channels masked
Layer layer4.0.downsample.0.weight: 3/512 channels masked
Layer layer4.1.conv1.weight: 9/512 channels masked
------------------------- time cost ------------------------- 26.86231017112732
[PFedBA] Round 173: optimizing class-conditional trigger bank...
[PFedBA] trigger_opt total=7.6393 grad=1.0254 loss_align=6.5023 attack=0.1117 norm=28.0266

-------------Round number: 172-------------

Evaluate personalized models
Averaged Train Loss: 0.0474
Averaged Test Accurancy: 0.7547
Averaged Test AUC: 0.9579
Std Test Accurancy: 0.0803
Std Test AUC: 0.0201
ASR: 0.060907251988317514
attack_auc: 0.5983121110618876
Layer layer2.0.downsample.0.weight: 1/128 channels masked
Layer layer3.0.conv2.weight: 1/256 channels masked
Layer layer3.0.downsample.0.weight: 1/256 channels masked
Layer layer3.1.conv1.weight: 1/256 channels masked
Layer layer4.0.conv1.weight: 1/512 channels masked
Layer layer4.0.conv2.weight: 4/512 channels masked
Layer layer4.0.downsample.0.weight: 3/512 channels masked
Layer layer4.1.conv1.weight: 9/512 channels masked
------------------------- time cost ------------------------- 26.590951204299927
[PFedBA] Round 174: optimizing class-conditional trigger bank...
[PFedBA] trigger_opt total=7.4011 grad=1.0489 loss_align=6.2527 attack=0.0995 norm=28.0342

-------------Round number: 173-------------

Evaluate personalized models
Averaged Train Loss: 0.0518
Averaged Test Accurancy: 0.7528
Averaged Test AUC: 0.9577
Std Test Accurancy: 0.0778
Std Test AUC: 0.0197
ASR: 0.06380921480816287
attack_auc: 0.5991269252296769
Layer layer2.0.downsample.0.weight: 1/128 channels masked
Layer layer3.0.conv2.weight: 1/256 channels masked
Layer layer3.0.downsample.0.weight: 1/256 channels masked
Layer layer3.1.conv1.weight: 1/256 channels masked
Layer layer4.0.conv1.weight: 1/512 channels masked
Layer layer4.0.conv2.weight: 4/512 channels masked
Layer layer4.0.downsample.0.weight: 3/512 channels masked
Layer layer4.1.conv1.weight: 9/512 channels masked
------------------------- time cost ------------------------- 26.881779193878174
[PFedBA] Round 175: optimizing class-conditional trigger bank...
[PFedBA] trigger_opt total=7.6206 grad=1.0272 loss_align=6.4766 attack=0.1168 norm=28.0364

-------------Round number: 174-------------

Evaluate personalized models
Averaged Train Loss: 0.0456
Averaged Test Accurancy: 0.7520
Averaged Test AUC: 0.9577
Std Test Accurancy: 0.0782
Std Test AUC: 0.0203
ASR: 0.0635772935119089
attack_auc: 0.5952255840941848
Layer layer2.0.downsample.0.weight: 1/128 channels masked
Layer layer3.0.conv2.weight: 1/256 channels masked
Layer layer3.0.downsample.0.weight: 1/256 channels masked
Layer layer3.1.conv1.weight: 1/256 channels masked
Layer layer4.0.conv1.weight: 1/512 channels masked
Layer layer4.0.conv2.weight: 4/512 channels masked
Layer layer4.0.downsample.0.weight: 3/512 channels masked
Layer layer4.1.conv1.weight: 9/512 channels masked
------------------------- time cost ------------------------- 26.619990587234497
[PFedBA] Round 176: optimizing class-conditional trigger bank...
[PFedBA] trigger_opt total=7.5991 grad=1.0883 loss_align=6.4087 attack=0.1022 norm=28.0423

-------------Round number: 175-------------

Evaluate personalized models
Averaged Train Loss: 0.0470
Averaged Test Accurancy: 0.7532
Averaged Test AUC: 0.9582
Std Test Accurancy: 0.0764
Std Test AUC: 0.0199
ASR: 0.058033359360094496
attack_auc: 0.5960385518740033
Layer layer2.0.downsample.0.weight: 1/128 channels masked
Layer layer3.0.conv2.weight: 1/256 channels masked
Layer layer3.0.downsample.0.weight: 1/256 channels masked
Layer layer3.1.conv1.weight: 1/256 channels masked
Layer layer4.0.conv1.weight: 1/512 channels masked
Layer layer4.0.conv2.weight: 4/512 channels masked
Layer layer4.0.downsample.0.weight: 3/512 channels masked
Layer layer4.1.conv1.weight: 9/512 channels masked
------------------------- time cost ------------------------- 26.670661211013794
[PFedBA] Round 177: optimizing class-conditional trigger bank...
[PFedBA] trigger_opt total=7.5299 grad=0.9869 loss_align=6.4185 attack=0.1246 norm=28.0462

-------------Round number: 176-------------

Evaluate personalized models
Averaged Train Loss: 0.0433
Averaged Test Accurancy: 0.7551
Averaged Test AUC: 0.9585
Std Test Accurancy: 0.0789
Std Test AUC: 0.0199
ASR: 0.06720258482083058
attack_auc: 0.6004611976921674
Layer layer2.0.downsample.0.weight: 1/128 channels masked
Layer layer3.0.conv2.weight: 1/256 channels masked
Layer layer3.0.downsample.0.weight: 1/256 channels masked
Layer layer3.1.conv1.weight: 1/256 channels masked
Layer layer4.0.conv1.weight: 1/512 channels masked
Layer layer4.0.conv2.weight: 4/512 channels masked
Layer layer4.0.downsample.0.weight: 3/512 channels masked
Layer layer4.1.conv1.weight: 9/512 channels masked
------------------------- time cost ------------------------- 26.657437801361084
[PFedBA] Round 178: optimizing class-conditional trigger bank...
[PFedBA] trigger_opt total=7.4204 grad=0.9887 loss_align=6.3395 attack=0.0922 norm=28.0491

-------------Round number: 177-------------

Evaluate personalized models
Averaged Train Loss: 0.0415
Averaged Test Accurancy: 0.7512
Averaged Test AUC: 0.9581
Std Test Accurancy: 0.0772
Std Test AUC: 0.0200
ASR: 0.054434214920808036
attack_auc: 0.5980650367878564
Layer layer2.0.downsample.0.weight: 1/128 channels masked
Layer layer3.0.conv2.weight: 1/256 channels masked
Layer layer3.0.downsample.0.weight: 1/256 channels masked
Layer layer3.1.conv1.weight: 1/256 channels masked
Layer layer4.0.conv1.weight: 1/512 channels masked
Layer layer4.0.conv2.weight: 4/512 channels masked
Layer layer4.0.downsample.0.weight: 3/512 channels masked
Layer layer4.1.conv1.weight: 9/512 channels masked
------------------------- time cost ------------------------- 26.69339108467102
[PFedBA] Round 179: optimizing class-conditional trigger bank...
[PFedBA] trigger_opt total=7.7297 grad=1.0398 loss_align=6.5808 attack=0.1091 norm=28.0530

-------------Round number: 178-------------

Evaluate personalized models
Averaged Train Loss: 0.0391
Averaged Test Accurancy: 0.7542
Averaged Test AUC: 0.9582
Std Test Accurancy: 0.0767
Std Test AUC: 0.0200
ASR: 0.055522121467271764
attack_auc: 0.596623291111312
Layer layer2.0.downsample.0.weight: 1/128 channels masked
Layer layer3.0.conv2.weight: 1/256 channels masked
Layer layer3.0.downsample.0.weight: 1/256 channels masked
Layer layer3.1.conv1.weight: 1/256 channels masked
Layer layer4.0.conv1.weight: 1/512 channels masked
Layer layer4.0.conv2.weight: 4/512 channels masked
Layer layer4.0.downsample.0.weight: 3/512 channels masked
Layer layer4.1.conv1.weight: 9/512 channels masked
------------------------- time cost ------------------------- 26.787761926651
[PFedBA] Round 180: optimizing class-conditional trigger bank...
[PFedBA] trigger_opt total=7.5220 grad=1.0520 loss_align=6.3829 attack=0.0872 norm=28.0563

-------------Round number: 179-------------

Evaluate personalized models
Averaged Train Loss: 0.0393
Averaged Test Accurancy: 0.7509
Averaged Test AUC: 0.9577
Std Test Accurancy: 0.0793
Std Test AUC: 0.0196
ASR: 0.06302407471264315
attack_auc: 0.5951670733353708
Layer layer2.0.downsample.0.weight: 1/128 channels masked
Layer layer3.0.conv2.weight: 1/256 channels masked
Layer layer3.0.downsample.0.weight: 1/256 channels masked
Layer layer3.1.conv1.weight: 1/256 channels masked
Layer layer4.0.conv1.weight: 1/512 channels masked
Layer layer4.0.conv2.weight: 4/512 channels masked
Layer layer4.0.downsample.0.weight: 3/512 channels masked
Layer layer4.1.conv1.weight: 9/512 channels masked
------------------------- time cost ------------------------- 26.535587310791016
[PFedBA] Round 181: optimizing class-conditional trigger bank...
[PFedBA] trigger_opt total=7.4547 grad=0.9535 loss_align=6.3777 attack=0.1234 norm=28.0578

-------------Round number: 180-------------

Evaluate personalized models
Averaged Train Loss: 0.0427
Averaged Test Accurancy: 0.7516
Averaged Test AUC: 0.9578
Std Test Accurancy: 0.0794
Std Test AUC: 0.0201
ASR: 0.05966430475072053
attack_auc: 0.5929571483650673
Layer layer2.0.downsample.0.weight: 1/128 channels masked
Layer layer3.0.conv2.weight: 1/256 channels masked
Layer layer3.0.downsample.0.weight: 1/256 channels masked
Layer layer3.1.conv1.weight: 1/256 channels masked
Layer layer4.0.conv1.weight: 1/512 channels masked
Layer layer4.0.conv2.weight: 4/512 channels masked
Layer layer4.0.downsample.0.weight: 3/512 channels masked
Layer layer4.1.conv1.weight: 9/512 channels masked
------------------------- time cost ------------------------- 26.729571104049683
[PFedBA] Round 182: optimizing class-conditional trigger bank...
[PFedBA] trigger_opt total=7.8211 grad=1.1133 loss_align=6.6410 attack=0.0668 norm=28.0624

-------------Round number: 181-------------

Evaluate personalized models
Averaged Train Loss: 0.0428
Averaged Test Accurancy: 0.7523
Averaged Test AUC: 0.9577
Std Test Accurancy: 0.0765
Std Test AUC: 0.0196
ASR: 0.06268979111828074
attack_auc: 0.6010982026123769
Layer layer2.0.downsample.0.weight: 1/128 channels masked
Layer layer3.0.conv2.weight: 1/256 channels masked
Layer layer3.0.downsample.0.weight: 1/256 channels masked
Layer layer3.1.conv1.weight: 1/256 channels masked
Layer layer4.0.conv1.weight: 1/512 channels masked
Layer layer4.0.conv2.weight: 4/512 channels masked
Layer layer4.0.downsample.0.weight: 3/512 channels masked
Layer layer4.1.conv1.weight: 9/512 channels masked
------------------------- time cost ------------------------- 26.81272315979004
[PFedBA] Round 183: optimizing class-conditional trigger bank...
[PFedBA] trigger_opt total=7.5643 grad=0.9619 loss_align=6.5025 attack=0.0999 norm=28.0611

-------------Round number: 182-------------

Evaluate personalized models
Averaged Train Loss: 0.0401
Averaged Test Accurancy: 0.7551
Averaged Test AUC: 0.9580
Std Test Accurancy: 0.0777
Std Test AUC: 0.0196
ASR: 0.0643093286636191
attack_auc: 0.5920126993456465
Layer layer2.0.downsample.0.weight: 1/128 channels masked
Layer layer3.0.conv2.weight: 1/256 channels masked
Layer layer3.0.downsample.0.weight: 1/256 channels masked
Layer layer3.1.conv1.weight: 1/256 channels masked
Layer layer4.0.conv1.weight: 1/512 channels masked
Layer layer4.0.conv2.weight: 4/512 channels masked
Layer layer4.0.downsample.0.weight: 3/512 channels masked
Layer layer4.1.conv1.weight: 9/512 channels masked
------------------------- time cost ------------------------- 26.695063829421997
[PFedBA] Round 184: optimizing class-conditional trigger bank...
[PFedBA] trigger_opt total=7.8096 grad=1.0495 loss_align=6.6492 attack=0.1109 norm=28.0637

-------------Round number: 183-------------

Evaluate personalized models
Averaged Train Loss: 0.0423
Averaged Test Accurancy: 0.7548
Averaged Test AUC: 0.9584
Std Test Accurancy: 0.0787
Std Test AUC: 0.0198
ASR: 0.06025514195359884
attack_auc: 0.5964083023301155
Layer layer2.0.downsample.0.weight: 1/128 channels masked
Layer layer3.0.conv2.weight: 1/256 channels masked
Layer layer3.0.downsample.0.weight: 1/256 channels masked
Layer layer3.1.conv1.weight: 1/256 channels masked
Layer layer4.0.conv1.weight: 1/512 channels masked
Layer layer4.0.conv2.weight: 4/512 channels masked
Layer layer4.0.downsample.0.weight: 3/512 channels masked
Layer layer4.1.conv1.weight: 9/512 channels masked
------------------------- time cost ------------------------- 25.70509672164917
[PFedBA] Round 185: optimizing class-conditional trigger bank...
[PFedBA] trigger_opt total=7.3632 grad=1.0769 loss_align=6.1711 attack=0.1153 norm=28.0668

-------------Round number: 184-------------

Evaluate personalized models
Averaged Train Loss: 0.0392
Averaged Test Accurancy: 0.7546
Averaged Test AUC: 0.9583
Std Test Accurancy: 0.0758
Std Test AUC: 0.0198
ASR: 0.06333939202298466
attack_auc: 0.5999379437109241
Layer layer2.0.downsample.0.weight: 1/128 channels masked
Layer layer3.0.conv2.weight: 1/256 channels masked
Layer layer3.0.downsample.0.weight: 1/256 channels masked
Layer layer3.1.conv1.weight: 1/256 channels masked
Layer layer4.0.conv1.weight: 1/512 channels masked
Layer layer4.0.conv2.weight: 4/512 channels masked
Layer layer4.0.downsample.0.weight: 3/512 channels masked
Layer layer4.1.conv1.weight: 9/512 channels masked
------------------------- time cost ------------------------- 25.893534421920776
[PFedBA] Round 186: optimizing class-conditional trigger bank...
[PFedBA] trigger_opt total=7.6756 grad=1.0424 loss_align=6.5413 attack=0.0918 norm=28.0724

-------------Round number: 185-------------

Evaluate personalized models
Averaged Train Loss: 0.0391
Averaged Test Accurancy: 0.7542
Averaged Test AUC: 0.9581
Std Test Accurancy: 0.0758
Std Test AUC: 0.0200
ASR: 0.06255131008571284
attack_auc: 0.59901955062867
Layer layer2.0.downsample.0.weight: 1/128 channels masked
Layer layer3.0.conv2.weight: 1/256 channels masked
Layer layer3.0.downsample.0.weight: 1/256 channels masked
Layer layer3.1.conv1.weight: 1/256 channels masked
Layer layer4.0.conv1.weight: 1/512 channels masked
Layer layer4.0.conv2.weight: 4/512 channels masked
Layer layer4.0.downsample.0.weight: 3/512 channels masked
Layer layer4.1.conv1.weight: 9/512 channels masked
------------------------- time cost ------------------------- 26.266258716583252
[PFedBA] Round 187: optimizing class-conditional trigger bank...
[PFedBA] trigger_opt total=7.3264 grad=1.0850 loss_align=6.1488 attack=0.0926 norm=28.0757

-------------Round number: 186-------------

Evaluate personalized models
Averaged Train Loss: 0.0405
Averaged Test Accurancy: 0.7568
Averaged Test AUC: 0.9583
Std Test Accurancy: 0.0793
Std Test AUC: 0.0200
ASR: 0.06296368932844171
attack_auc: 0.5952040694819977
Layer layer2.0.downsample.0.weight: 1/128 channels masked
Layer layer3.0.conv2.weight: 1/256 channels masked
Layer layer3.0.downsample.0.weight: 1/256 channels masked
Layer layer3.1.conv1.weight: 1/256 channels masked
Layer layer4.0.conv1.weight: 1/512 channels masked
Layer layer4.0.conv2.weight: 4/512 channels masked
Layer layer4.0.downsample.0.weight: 3/512 channels masked
Layer layer4.1.conv1.weight: 9/512 channels masked
------------------------- time cost ------------------------- 26.6338050365448
[PFedBA] Round 188: optimizing class-conditional trigger bank...
[PFedBA] trigger_opt total=7.8353 grad=1.0916 loss_align=6.6574 attack=0.0863 norm=28.0793

-------------Round number: 187-------------

Evaluate personalized models
Averaged Train Loss: 0.0412
Averaged Test Accurancy: 0.7572
Averaged Test AUC: 0.9582
Std Test Accurancy: 0.0720
Std Test AUC: 0.0193
ASR: 0.061319559870444934
attack_auc: 0.59690771678575
Layer layer2.0.downsample.0.weight: 1/128 channels masked
Layer layer3.0.conv2.weight: 1/256 channels masked
Layer layer3.0.downsample.0.weight: 1/256 channels masked
Layer layer3.1.conv1.weight: 1/256 channels masked
Layer layer4.0.conv1.weight: 1/512 channels masked
Layer layer4.0.conv2.weight: 4/512 channels masked
Layer layer4.0.downsample.0.weight: 3/512 channels masked
Layer layer4.1.conv1.weight: 9/512 channels masked
------------------------- time cost ------------------------- 27.10630512237549
[PFedBA] Round 189: optimizing class-conditional trigger bank...
[PFedBA] trigger_opt total=7.4811 grad=1.0118 loss_align=6.3695 attack=0.0998 norm=28.0826

-------------Round number: 188-------------

Evaluate personalized models
Averaged Train Loss: 0.0372
Averaged Test Accurancy: 0.7558
Averaged Test AUC: 0.9590
Std Test Accurancy: 0.0771
Std Test AUC: 0.0197
ASR: 0.05924198209606295
attack_auc: 0.5956873776510011
Layer layer2.0.downsample.0.weight: 1/128 channels masked
Layer layer3.0.conv2.weight: 1/256 channels masked
Layer layer3.0.downsample.0.weight: 1/256 channels masked
Layer layer3.1.conv1.weight: 1/256 channels masked
Layer layer4.0.conv1.weight: 1/512 channels masked
Layer layer4.0.conv2.weight: 4/512 channels masked
Layer layer4.0.downsample.0.weight: 3/512 channels masked
Layer layer4.1.conv1.weight: 9/512 channels masked
------------------------- time cost ------------------------- 26.663966178894043
[PFedBA] Round 190: optimizing class-conditional trigger bank...
[PFedBA] trigger_opt total=7.5672 grad=1.0283 loss_align=6.4333 attack=0.1056 norm=28.0886

-------------Round number: 189-------------

Evaluate personalized models
Averaged Train Loss: 0.0414
Averaged Test Accurancy: 0.7565
Averaged Test AUC: 0.9584
Std Test Accurancy: 0.0758
Std Test AUC: 0.0196
ASR: 0.06431245368635935
attack_auc: 0.5977811186765343
Layer layer2.0.downsample.0.weight: 1/128 channels masked
Layer layer3.0.conv2.weight: 1/256 channels masked
Layer layer3.0.downsample.0.weight: 1/256 channels masked
Layer layer3.1.conv1.weight: 1/256 channels masked
Layer layer4.0.conv1.weight: 1/512 channels masked
Layer layer4.0.conv2.weight: 4/512 channels masked
Layer layer4.0.downsample.0.weight: 3/512 channels masked
Layer layer4.1.conv1.weight: 9/512 channels masked
------------------------- time cost ------------------------- 26.731559991836548
[PFedBA] Round 191: optimizing class-conditional trigger bank...
[PFedBA] trigger_opt total=7.4069 grad=0.9205 loss_align=6.3347 attack=0.1517 norm=28.0912

-------------Round number: 190-------------

Evaluate personalized models
Averaged Train Loss: 0.0350
Averaged Test Accurancy: 0.7602
Averaged Test AUC: 0.9591
Std Test Accurancy: 0.0795
Std Test AUC: 0.0199
ASR: 0.058399650291694395
attack_auc: 0.5973356070261949
Layer layer2.0.downsample.0.weight: 1/128 channels masked
Layer layer3.0.conv2.weight: 1/256 channels masked
Layer layer3.0.downsample.0.weight: 1/256 channels masked
Layer layer3.1.conv1.weight: 1/256 channels masked
Layer layer4.0.conv1.weight: 1/512 channels masked
Layer layer4.0.conv2.weight: 4/512 channels masked
Layer layer4.0.downsample.0.weight: 3/512 channels masked
Layer layer4.1.conv1.weight: 9/512 channels masked
------------------------- time cost ------------------------- 26.21536612510681
[PFedBA] Round 192: optimizing class-conditional trigger bank...
[PFedBA] trigger_opt total=7.6083 grad=1.0233 loss_align=6.4994 attack=0.0857 norm=28.0980

-------------Round number: 191-------------

Evaluate personalized models
Averaged Train Loss: 0.0354
Averaged Test Accurancy: 0.7579
Averaged Test AUC: 0.9586
Std Test Accurancy: 0.0768
Std Test AUC: 0.0199
ASR: 0.06446380875243353
attack_auc: 0.5953627352351877
Layer layer2.0.downsample.0.weight: 1/128 channels masked
Layer layer3.0.conv2.weight: 1/256 channels masked
Layer layer3.0.downsample.0.weight: 1/256 channels masked
Layer layer3.1.conv1.weight: 1/256 channels masked
Layer layer4.0.conv1.weight: 1/512 channels masked
Layer layer4.0.conv2.weight: 4/512 channels masked
Layer layer4.0.downsample.0.weight: 3/512 channels masked
Layer layer4.1.conv1.weight: 9/512 channels masked
------------------------- time cost ------------------------- 26.365788221359253
[PFedBA] Round 193: optimizing class-conditional trigger bank...
[PFedBA] trigger_opt total=7.5980 grad=1.0418 loss_align=6.4562 attack=0.1000 norm=28.1032

-------------Round number: 192-------------

Evaluate personalized models
Averaged Train Loss: 0.0413
Averaged Test Accurancy: 0.7554
Averaged Test AUC: 0.9582
Std Test Accurancy: 0.0722
Std Test AUC: 0.0194
ASR: 0.05947455664187447
attack_auc: 0.5962764294385251
Layer layer2.0.downsample.0.weight: 1/128 channels masked
Layer layer3.0.conv2.weight: 1/256 channels masked
Layer layer3.0.downsample.0.weight: 1/256 channels masked
Layer layer3.1.conv1.weight: 1/256 channels masked
Layer layer4.0.conv1.weight: 1/512 channels masked
Layer layer4.0.conv2.weight: 4/512 channels masked
Layer layer4.0.downsample.0.weight: 3/512 channels masked
Layer layer4.1.conv1.weight: 9/512 channels masked
------------------------- time cost ------------------------- 27.059372663497925
[PFedBA] Round 194: optimizing class-conditional trigger bank...
[PFedBA] trigger_opt total=7.3784 grad=0.9638 loss_align=6.2952 attack=0.1195 norm=28.1082

-------------Round number: 193-------------

Evaluate personalized models
Averaged Train Loss: 0.0359
Averaged Test Accurancy: 0.7562
Averaged Test AUC: 0.9581
Std Test Accurancy: 0.0747
Std Test AUC: 0.0201
ASR: 0.06099934017911527
attack_auc: 0.5973690836036868
Layer layer2.0.downsample.0.weight: 1/128 channels masked
Layer layer3.0.conv2.weight: 1/256 channels masked
Layer layer3.0.downsample.0.weight: 1/256 channels masked
Layer layer3.1.conv1.weight: 1/256 channels masked
Layer layer4.0.conv1.weight: 1/512 channels masked
Layer layer4.0.conv2.weight: 4/512 channels masked
Layer layer4.0.downsample.0.weight: 3/512 channels masked
Layer layer4.1.conv1.weight: 9/512 channels masked
------------------------- time cost ------------------------- 26.25422430038452
[PFedBA] Round 195: optimizing class-conditional trigger bank...
[PFedBA] trigger_opt total=7.5908 grad=1.0439 loss_align=6.4743 attack=0.0726 norm=28.1122

-------------Round number: 194-------------

Evaluate personalized models
Averaged Train Loss: 0.0341
Averaged Test Accurancy: 0.7571
Averaged Test AUC: 0.9586
Std Test Accurancy: 0.0783
Std Test AUC: 0.0200
ASR: 0.059886322511512394
attack_auc: 0.5946050670071925
Layer layer2.0.downsample.0.weight: 1/128 channels masked
Layer layer3.0.conv2.weight: 1/256 channels masked
Layer layer3.0.downsample.0.weight: 1/256 channels masked
Layer layer3.1.conv1.weight: 1/256 channels masked
Layer layer4.0.conv1.weight: 1/512 channels masked
Layer layer4.0.conv2.weight: 4/512 channels masked
Layer layer4.0.downsample.0.weight: 3/512 channels masked
Layer layer4.1.conv1.weight: 9/512 channels masked
------------------------- time cost ------------------------- 26.698702096939087
[PFedBA] Round 196: optimizing class-conditional trigger bank...
[PFedBA] trigger_opt total=7.7027 grad=1.0905 loss_align=6.5210 attack=0.0912 norm=28.1175

-------------Round number: 195-------------

Evaluate personalized models
Averaged Train Loss: 0.0394
Averaged Test Accurancy: 0.7548
Averaged Test AUC: 0.9586
Std Test Accurancy: 0.0743
Std Test AUC: 0.0194
ASR: 0.06670015792222128
attack_auc: 0.5955181403885652
Layer layer2.0.downsample.0.weight: 1/128 channels masked
Layer layer3.0.conv2.weight: 1/256 channels masked
Layer layer3.0.downsample.0.weight: 1/256 channels masked
Layer layer3.1.conv1.weight: 1/256 channels masked
Layer layer4.0.conv1.weight: 1/512 channels masked
Layer layer4.0.conv2.weight: 4/512 channels masked
Layer layer4.0.downsample.0.weight: 3/512 channels masked
Layer layer4.1.conv1.weight: 9/512 channels masked
------------------------- time cost ------------------------- 25.44206428527832
[PFedBA] Round 197: optimizing class-conditional trigger bank...
[PFedBA] trigger_opt total=7.6711 grad=1.0563 loss_align=6.5374 attack=0.0774 norm=28.1210

-------------Round number: 196-------------

Evaluate personalized models
Averaged Train Loss: 0.0343
Averaged Test Accurancy: 0.7542
Averaged Test AUC: 0.9585
Std Test Accurancy: 0.0804
Std Test AUC: 0.0200
ASR: 0.05761400273760339
attack_auc: 0.5930252205114384
Layer layer2.0.downsample.0.weight: 1/128 channels masked
Layer layer3.0.conv2.weight: 1/256 channels masked
Layer layer3.0.downsample.0.weight: 1/256 channels masked
Layer layer3.1.conv1.weight: 1/256 channels masked
Layer layer4.0.conv1.weight: 1/512 channels masked
Layer layer4.0.conv2.weight: 4/512 channels masked
Layer layer4.0.downsample.0.weight: 3/512 channels masked
Layer layer4.1.conv1.weight: 9/512 channels masked
------------------------- time cost ------------------------- 25.303605794906616
[PFedBA] Round 198: optimizing class-conditional trigger bank...
[PFedBA] trigger_opt total=7.3571 grad=0.9385 loss_align=6.2799 attack=0.1386 norm=28.1226

-------------Round number: 197-------------

Evaluate personalized models
Averaged Train Loss: 0.0354
Averaged Test Accurancy: 0.7615
Averaged Test AUC: 0.9592
Std Test Accurancy: 0.0745
Std Test AUC: 0.0194
ASR: 0.06441317169493592
attack_auc: 0.5982712170802837
Layer layer2.0.downsample.0.weight: 1/128 channels masked
Layer layer3.0.conv2.weight: 1/256 channels masked
Layer layer3.0.downsample.0.weight: 1/256 channels masked
Layer layer3.1.conv1.weight: 1/256 channels masked
Layer layer4.0.conv1.weight: 1/512 channels masked
Layer layer4.0.conv2.weight: 4/512 channels masked
Layer layer4.0.downsample.0.weight: 3/512 channels masked
Layer layer4.1.conv1.weight: 9/512 channels masked
------------------------- time cost ------------------------- 25.702662229537964
[PFedBA] Round 199: optimizing class-conditional trigger bank...
[PFedBA] trigger_opt total=7.7417 grad=1.0162 loss_align=6.5988 attack=0.1267 norm=28.1257

-------------Round number: 198-------------

Evaluate personalized models
Averaged Train Loss: 0.0329
Averaged Test Accurancy: 0.7567
Averaged Test AUC: 0.9585
Std Test Accurancy: 0.0752
Std Test AUC: 0.0197
ASR: 0.061059601864799196
attack_auc: 0.5977007505254234
Layer layer2.0.downsample.0.weight: 1/128 channels masked
Layer layer3.0.conv2.weight: 1/256 channels masked
Layer layer3.0.downsample.0.weight: 1/256 channels masked
Layer layer3.1.conv1.weight: 1/256 channels masked
Layer layer4.0.conv1.weight: 1/512 channels masked
Layer layer4.0.conv2.weight: 4/512 channels masked
Layer layer4.0.downsample.0.weight: 3/512 channels masked
Layer layer4.1.conv1.weight: 9/512 channels masked
------------------------- time cost ------------------------- 26.274152278900146
[PFedBA] Round 200: optimizing class-conditional trigger bank...
[PFedBA] trigger_opt total=7.7140 grad=1.1345 loss_align=6.5207 attack=0.0588 norm=28.1276

-------------Round number: 199-------------

Evaluate personalized models
Averaged Train Loss: 0.0360
Averaged Test Accurancy: 0.7547
Averaged Test AUC: 0.9581
Std Test Accurancy: 0.0751
Std Test AUC: 0.0198
ASR: 0.06119233237760193
attack_auc: 0.5905211681802346
Layer layer2.0.downsample.0.weight: 1/128 channels masked
Layer layer3.0.conv2.weight: 1/256 channels masked
Layer layer3.0.downsample.0.weight: 1/256 channels masked
Layer layer3.1.conv1.weight: 1/256 channels masked
Layer layer4.0.conv1.weight: 1/512 channels masked
Layer layer4.0.conv2.weight: 4/512 channels masked
Layer layer4.0.downsample.0.weight: 3/512 channels masked
Layer layer4.1.conv1.weight: 9/512 channels masked
------------------------- time cost ------------------------- 26.171860456466675
[PFedBA] Round 201: optimizing class-conditional trigger bank...
[PFedBA] trigger_opt total=7.6717 grad=1.0649 loss_align=6.5250 attack=0.0818 norm=28.1296

-------------Round number: 200-------------

Evaluate personalized models
Averaged Train Loss: 0.0336
Averaged Test Accurancy: 0.7569
Averaged Test AUC: 0.9586
Std Test Accurancy: 0.0796
Std Test AUC: 0.0203
ASR: 0.06477047378045393
attack_auc: 0.5952809998776863
Layer layer2.0.downsample.0.weight: 1/128 channels masked
Layer layer3.0.conv2.weight: 1/256 channels masked
Layer layer3.0.downsample.0.weight: 1/256 channels masked
Layer layer3.1.conv1.weight: 1/256 channels masked
Layer layer4.0.conv1.weight: 1/512 channels masked
Layer layer4.0.conv2.weight: 4/512 channels masked
Layer layer4.0.downsample.0.weight: 3/512 channels masked
Layer layer4.1.conv1.weight: 9/512 channels masked
------------------------- time cost ------------------------- 25.89754343032837
[PFedBA] Round 202: optimizing class-conditional trigger bank...
[PFedBA] trigger_opt total=7.4904 grad=0.9577 loss_align=6.4241 attack=0.1086 norm=28.1262

-------------Round number: 201-------------

Evaluate personalized models
Averaged Train Loss: 0.0315
Averaged Test Accurancy: 0.7552
Averaged Test AUC: 0.9586
Std Test Accurancy: 0.0789
Std Test AUC: 0.0203
ASR: 0.06403205100540402
attack_auc: 0.5998674512144467
Layer layer2.0.downsample.0.weight: 1/128 channels masked
Layer layer3.0.conv2.weight: 1/256 channels masked
Layer layer3.0.downsample.0.weight: 1/256 channels masked
Layer layer3.1.conv1.weight: 1/256 channels masked
Layer layer4.0.conv1.weight: 1/512 channels masked
Layer layer4.0.conv2.weight: 4/512 channels masked
Layer layer4.0.downsample.0.weight: 3/512 channels masked
Layer layer4.1.conv1.weight: 9/512 channels masked
------------------------- time cost ------------------------- 26.004139184951782
[PFedBA] Round 203: optimizing class-conditional trigger bank...
[PFedBA] trigger_opt total=7.7809 grad=1.0226 loss_align=6.6645 attack=0.0939 norm=28.1325

-------------Round number: 202-------------

Evaluate personalized models
Averaged Train Loss: 0.0319
Averaged Test Accurancy: 0.7570
Averaged Test AUC: 0.9593
Std Test Accurancy: 0.0757
Std Test AUC: 0.0193
ASR: 0.06580015667105328
attack_auc: 0.5969363199389138
Layer layer2.0.downsample.0.weight: 1/128 channels masked
Layer layer3.0.conv2.weight: 1/256 channels masked
Layer layer3.0.downsample.0.weight: 1/256 channels masked
Layer layer3.1.conv1.weight: 1/256 channels masked
Layer layer4.0.conv1.weight: 1/512 channels masked
Layer layer4.0.conv2.weight: 4/512 channels masked
Layer layer4.0.downsample.0.weight: 3/512 channels masked
Layer layer4.1.conv1.weight: 9/512 channels masked
------------------------- time cost ------------------------- 25.84450674057007
[PFedBA] Round 204: optimizing class-conditional trigger bank...
[PFedBA] trigger_opt total=7.5675 grad=0.9885 loss_align=6.4742 attack=0.1048 norm=28.1371

-------------Round number: 203-------------

Evaluate personalized models
Averaged Train Loss: 0.0328
Averaged Test Accurancy: 0.7568
Averaged Test AUC: 0.9587
Std Test Accurancy: 0.0742
Std Test AUC: 0.0198
ASR: 0.05878385044264157
attack_auc: 0.5957584705170683
Layer layer2.0.downsample.0.weight: 1/128 channels masked
Layer layer3.0.conv2.weight: 1/256 channels masked
Layer layer3.0.downsample.0.weight: 1/256 channels masked
Layer layer3.1.conv1.weight: 1/256 channels masked
Layer layer4.0.conv1.weight: 1/512 channels masked
Layer layer4.0.conv2.weight: 4/512 channels masked
Layer layer4.0.downsample.0.weight: 3/512 channels masked
Layer layer4.1.conv1.weight: 9/512 channels masked
------------------------- time cost ------------------------- 25.828368663787842
[PFedBA] Round 205: optimizing class-conditional trigger bank...
[PFedBA] trigger_opt total=7.4003 grad=0.8688 loss_align=6.3994 attack=0.1320 norm=28.1387

-------------Round number: 204-------------

Evaluate personalized models
Averaged Train Loss: 0.0328
Averaged Test Accurancy: 0.7574
Averaged Test AUC: 0.9587
Std Test Accurancy: 0.0738
Std Test AUC: 0.0195
ASR: 0.06427074812721706
attack_auc: 0.5931872377234831
Layer layer2.0.downsample.0.weight: 1/128 channels masked
Layer layer3.0.conv2.weight: 1/256 channels masked
Layer layer3.0.downsample.0.weight: 1/256 channels masked
Layer layer3.1.conv1.weight: 1/256 channels masked
Layer layer4.0.conv1.weight: 1/512 channels masked
Layer layer4.0.conv2.weight: 4/512 channels masked
Layer layer4.0.downsample.0.weight: 3/512 channels masked
Layer layer4.1.conv1.weight: 9/512 channels masked
------------------------- time cost ------------------------- 25.903512239456177
[PFedBA] Round 206: optimizing class-conditional trigger bank...
[PFedBA] trigger_opt total=7.5573 grad=0.9656 loss_align=6.4971 attack=0.0946 norm=28.1419

-------------Round number: 205-------------

Evaluate personalized models
Averaged Train Loss: 0.0298
Averaged Test Accurancy: 0.7569
Averaged Test AUC: 0.9591
Std Test Accurancy: 0.0752
Std Test AUC: 0.0196
ASR: 0.06786069035312615
attack_auc: 0.5932195316720997
Layer layer2.0.downsample.0.weight: 1/128 channels masked
Layer layer3.0.conv2.weight: 1/256 channels masked
Layer layer3.0.downsample.0.weight: 1/256 channels masked
Layer layer3.1.conv1.weight: 1/256 channels masked
Layer layer4.0.conv1.weight: 1/512 channels masked
Layer layer4.0.conv2.weight: 4/512 channels masked
Layer layer4.0.downsample.0.weight: 3/512 channels masked
Layer layer4.1.conv1.weight: 9/512 channels masked
------------------------- time cost ------------------------- 25.91685438156128
[PFedBA] Round 207: optimizing class-conditional trigger bank...
[PFedBA] trigger_opt total=7.7673 grad=1.0337 loss_align=6.6466 attack=0.0871 norm=28.1449

-------------Round number: 206-------------

Evaluate personalized models
Averaged Train Loss: 0.0295
Averaged Test Accurancy: 0.7577
Averaged Test AUC: 0.9593
Std Test Accurancy: 0.0748
Std Test AUC: 0.0194
ASR: 0.06466760131956101
attack_auc: 0.5954182056149472
Layer layer2.0.downsample.0.weight: 1/128 channels masked
Layer layer3.0.conv2.weight: 1/256 channels masked
Layer layer3.0.downsample.0.weight: 1/256 channels masked
Layer layer3.1.conv1.weight: 1/256 channels masked
Layer layer4.0.conv1.weight: 1/512 channels masked
Layer layer4.0.conv2.weight: 4/512 channels masked
Layer layer4.0.downsample.0.weight: 3/512 channels masked
Layer layer4.1.conv1.weight: 9/512 channels masked
------------------------- time cost ------------------------- 26.070811986923218
[PFedBA] Round 208: optimizing class-conditional trigger bank...
[PFedBA] trigger_opt total=7.6051 grad=0.9554 loss_align=6.5317 attack=0.1180 norm=28.1464

-------------Round number: 207-------------

Evaluate personalized models
Averaged Train Loss: 0.0313
Averaged Test Accurancy: 0.7571
Averaged Test AUC: 0.9590
Std Test Accurancy: 0.0748
Std Test AUC: 0.0197
ASR: 0.06510136962627458
attack_auc: 0.5995559801421879
Layer layer2.0.downsample.0.weight: 1/128 channels masked
Layer layer3.0.conv2.weight: 1/256 channels masked
Layer layer3.0.downsample.0.weight: 1/256 channels masked
Layer layer3.1.conv1.weight: 1/256 channels masked
Layer layer4.0.conv1.weight: 1/512 channels masked
Layer layer4.0.conv2.weight: 4/512 channels masked
Layer layer4.0.downsample.0.weight: 3/512 channels masked
Layer layer4.1.conv1.weight: 9/512 channels masked
------------------------- time cost ------------------------- 25.967743396759033
[PFedBA] Round 209: optimizing class-conditional trigger bank...
[PFedBA] trigger_opt total=7.5671 grad=0.9028 loss_align=6.5145 attack=0.1498 norm=28.1465

-------------Round number: 208-------------

Evaluate personalized models
Averaged Train Loss: 0.0292
Averaged Test Accurancy: 0.7581
Averaged Test AUC: 0.9589
Std Test Accurancy: 0.0773
Std Test AUC: 0.0201
ASR: 0.06208845921941617
attack_auc: 0.5970021987878856
Layer layer2.0.downsample.0.weight: 1/128 channels masked
Layer layer3.0.conv2.weight: 1/256 channels masked
Layer layer3.0.downsample.0.weight: 1/256 channels masked
Layer layer3.1.conv1.weight: 1/256 channels masked
Layer layer4.0.conv1.weight: 1/512 channels masked
Layer layer4.0.conv2.weight: 4/512 channels masked
Layer layer4.0.downsample.0.weight: 3/512 channels masked
Layer layer4.1.conv1.weight: 9/512 channels masked
------------------------- time cost ------------------------- 26.248652935028076
[PFedBA] Round 210: optimizing class-conditional trigger bank...
[PFedBA] trigger_opt total=7.8066 grad=1.0725 loss_align=6.6500 attack=0.0841 norm=28.1506

-------------Round number: 209-------------

Evaluate personalized models
Averaged Train Loss: 0.0309
Averaged Test Accurancy: 0.7566
Averaged Test AUC: 0.9590
Std Test Accurancy: 0.0789
Std Test AUC: 0.0194
ASR: 0.06006769574647389
attack_auc: 0.5942224571363156
Layer layer2.0.downsample.0.weight: 1/128 channels masked
Layer layer3.0.conv2.weight: 1/256 channels masked
Layer layer3.0.downsample.0.weight: 1/256 channels masked
Layer layer3.1.conv1.weight: 1/256 channels masked
Layer layer4.0.conv1.weight: 1/512 channels masked
Layer layer4.0.conv2.weight: 4/512 channels masked
Layer layer4.0.downsample.0.weight: 3/512 channels masked
Layer layer4.1.conv1.weight: 9/512 channels masked
------------------------- time cost ------------------------- 26.49351191520691
[PFedBA] Round 211: optimizing class-conditional trigger bank...
[PFedBA] trigger_opt total=7.6862 grad=1.0158 loss_align=6.5920 attack=0.0784 norm=28.1556

-------------Round number: 210-------------

Evaluate personalized models
Averaged Train Loss: 0.0300
Averaged Test Accurancy: 0.7582
Averaged Test AUC: 0.9592
Std Test Accurancy: 0.0768
Std Test AUC: 0.0196
ASR: 0.06200944407153317
attack_auc: 0.5975798427516691
Layer layer2.0.downsample.0.weight: 1/128 channels masked
Layer layer3.0.conv2.weight: 1/256 channels masked
Layer layer3.0.downsample.0.weight: 1/256 channels masked
Layer layer3.1.conv1.weight: 1/256 channels masked
Layer layer4.0.conv1.weight: 1/512 channels masked
Layer layer4.0.conv2.weight: 4/512 channels masked
Layer layer4.0.downsample.0.weight: 3/512 channels masked
Layer layer4.1.conv1.weight: 9/512 channels masked
------------------------- time cost ------------------------- 25.74906611442566
[PFedBA] Round 212: optimizing class-conditional trigger bank...
[PFedBA] trigger_opt total=7.7263 grad=0.9797 loss_align=6.6802 attack=0.0664 norm=28.1549

-------------Round number: 211-------------

Evaluate personalized models
Averaged Train Loss: 0.0295
Averaged Test Accurancy: 0.7558
Averaged Test AUC: 0.9590
Std Test Accurancy: 0.0751
Std Test AUC: 0.0193
ASR: 0.06315586138916887
attack_auc: 0.594985460646304
Layer layer2.0.downsample.0.weight: 1/128 channels masked
Layer layer3.0.conv2.weight: 1/256 channels masked
Layer layer3.0.downsample.0.weight: 1/256 channels masked
Layer layer3.1.conv1.weight: 1/256 channels masked
Layer layer4.0.conv1.weight: 1/512 channels masked
Layer layer4.0.conv2.weight: 4/512 channels masked
Layer layer4.0.downsample.0.weight: 3/512 channels masked
Layer layer4.1.conv1.weight: 9/512 channels masked
------------------------- time cost ------------------------- 26.04200553894043
[PFedBA] Round 213: optimizing class-conditional trigger bank...
[PFedBA] trigger_opt total=7.5952 grad=1.0109 loss_align=6.4251 attack=0.1591 norm=28.1584

-------------Round number: 212-------------

Evaluate personalized models
Averaged Train Loss: 0.0291
Averaged Test Accurancy: 0.7599
Averaged Test AUC: 0.9590
Std Test Accurancy: 0.0754
Std Test AUC: 0.0194
ASR: 0.06767072725565519
attack_auc: 0.5986240112789298
Layer layer2.0.downsample.0.weight: 1/128 channels masked
Layer layer3.0.conv2.weight: 1/256 channels masked
Layer layer3.0.downsample.0.weight: 1/256 channels masked
Layer layer3.1.conv1.weight: 1/256 channels masked
Layer layer4.0.conv1.weight: 1/512 channels masked
Layer layer4.0.conv2.weight: 4/512 channels masked
Layer layer4.0.downsample.0.weight: 3/512 channels masked
Layer layer4.1.conv1.weight: 9/512 channels masked
------------------------- time cost ------------------------- 26.709818124771118
[PFedBA] Round 214: optimizing class-conditional trigger bank...
[PFedBA] trigger_opt total=7.4329 grad=0.9969 loss_align=6.3272 attack=0.1088 norm=28.1591

-------------Round number: 213-------------

Evaluate personalized models
Averaged Train Loss: 0.0303
Averaged Test Accurancy: 0.7574
Averaged Test AUC: 0.9591
Std Test Accurancy: 0.0758
Std Test AUC: 0.0197
ASR: 0.06574855362403677
attack_auc: 0.5969600828641699
Layer layer2.0.downsample.0.weight: 1/128 channels masked
Layer layer3.0.conv2.weight: 1/256 channels masked
Layer layer3.0.downsample.0.weight: 1/256 channels masked
Layer layer3.1.conv1.weight: 1/256 channels masked
Layer layer4.0.conv1.weight: 1/512 channels masked
Layer layer4.0.conv2.weight: 4/512 channels masked
Layer layer4.0.downsample.0.weight: 3/512 channels masked
Layer layer4.1.conv1.weight: 9/512 channels masked
------------------------- time cost ------------------------- 26.681015968322754
[PFedBA] Round 215: optimizing class-conditional trigger bank...
[PFedBA] trigger_opt total=7.8210 grad=0.9774 loss_align=6.7264 attack=0.1172 norm=28.1626

-------------Round number: 214-------------

Evaluate personalized models
Averaged Train Loss: 0.0284
Averaged Test Accurancy: 0.7555
Averaged Test AUC: 0.9590
Std Test Accurancy: 0.0755
Std Test AUC: 0.0196
ASR: 0.06663286597173038
attack_auc: 0.5951360199363838
Layer layer2.0.downsample.0.weight: 1/128 channels masked
Layer layer3.0.conv2.weight: 1/256 channels masked
Layer layer3.0.downsample.0.weight: 1/256 channels masked
Layer layer3.1.conv1.weight: 1/256 channels masked
Layer layer4.0.conv1.weight: 1/512 channels masked
Layer layer4.0.conv2.weight: 4/512 channels masked
Layer layer4.0.downsample.0.weight: 3/512 channels masked
Layer layer4.1.conv1.weight: 9/512 channels masked
------------------------- time cost ------------------------- 27.03967833518982
[PFedBA] Round 216: optimizing class-conditional trigger bank...
[PFedBA] trigger_opt total=7.7593 grad=1.0677 loss_align=6.5789 attack=0.1128 norm=28.1707

-------------Round number: 215-------------

Evaluate personalized models
Averaged Train Loss: 0.0340
Averaged Test Accurancy: 0.7558
Averaged Test AUC: 0.9588
Std Test Accurancy: 0.0740
Std Test AUC: 0.0192
ASR: 0.06623802638024123
attack_auc: 0.5988294623448495
Layer layer2.0.downsample.0.weight: 1/128 channels masked
Layer layer3.0.conv2.weight: 1/256 channels masked
Layer layer3.0.downsample.0.weight: 1/256 channels masked
Layer layer3.1.conv1.weight: 1/256 channels masked
Layer layer4.0.conv1.weight: 1/512 channels masked
Layer layer4.0.conv2.weight: 4/512 channels masked
Layer layer4.0.downsample.0.weight: 3/512 channels masked
Layer layer4.1.conv1.weight: 9/512 channels masked
------------------------- time cost ------------------------- 26.87216877937317
[PFedBA] Round 217: optimizing class-conditional trigger bank...
[PFedBA] trigger_opt total=7.4641 grad=1.0607 loss_align=6.3438 attack=0.0596 norm=28.1775

-------------Round number: 216-------------

Evaluate personalized models
Averaged Train Loss: 0.0287
Averaged Test Accurancy: 0.7591
Averaged Test AUC: 0.9592
Std Test Accurancy: 0.0778
Std Test AUC: 0.0196
ASR: 0.06601169739343393
attack_auc: 0.5990134475258171
Layer layer2.0.downsample.0.weight: 1/128 channels masked
Layer layer3.0.conv2.weight: 1/256 channels masked
Layer layer3.0.downsample.0.weight: 1/256 channels masked
Layer layer3.1.conv1.weight: 1/256 channels masked
Layer layer4.0.conv1.weight: 1/512 channels masked
Layer layer4.0.conv2.weight: 4/512 channels masked
Layer layer4.0.downsample.0.weight: 3/512 channels masked
Layer layer4.1.conv1.weight: 9/512 channels masked
------------------------- time cost ------------------------- 26.911306142807007
[PFedBA] Round 218: optimizing class-conditional trigger bank...
[PFedBA] trigger_opt total=7.8619 grad=0.9481 loss_align=6.7654 attack=0.1485 norm=28.1803

-------------Round number: 217-------------

Evaluate personalized models
Averaged Train Loss: 0.0257
Averaged Test Accurancy: 0.7546
Averaged Test AUC: 0.9593
Std Test Accurancy: 0.0776
Std Test AUC: 0.0199
ASR: 0.0627802505288915
attack_auc: 0.5962658347721091
Layer layer2.0.downsample.0.weight: 1/128 channels masked
Layer layer3.0.conv2.weight: 1/256 channels masked
Layer layer3.0.downsample.0.weight: 1/256 channels masked
Layer layer3.1.conv1.weight: 1/256 channels masked
Layer layer4.0.conv1.weight: 1/512 channels masked
Layer layer4.0.conv2.weight: 4/512 channels masked
Layer layer4.0.downsample.0.weight: 3/512 channels masked
Layer layer4.1.conv1.weight: 9/512 channels masked
------------------------- time cost ------------------------- 26.657183170318604
[PFedBA] Round 219: optimizing class-conditional trigger bank...
[PFedBA] trigger_opt total=7.7167 grad=0.9665 loss_align=6.6119 attack=0.1382 norm=28.1835

-------------Round number: 218-------------

Evaluate personalized models
Averaged Train Loss: 0.0281
Averaged Test Accurancy: 0.7587
Averaged Test AUC: 0.9594
Std Test Accurancy: 0.0760
Std Test AUC: 0.0197
ASR: 0.0661386762755056
attack_auc: 0.598233611504377
Layer layer2.0.downsample.0.weight: 1/128 channels masked
Layer layer3.0.conv2.weight: 1/256 channels masked
Layer layer3.0.downsample.0.weight: 1/256 channels masked
Layer layer3.1.conv1.weight: 1/256 channels masked
Layer layer4.0.conv1.weight: 1/512 channels masked
Layer layer4.0.conv2.weight: 4/512 channels masked
Layer layer4.0.downsample.0.weight: 3/512 channels masked
Layer layer4.1.conv1.weight: 9/512 channels masked
------------------------- time cost ------------------------- 26.978942394256592
[PFedBA] Round 220: optimizing class-conditional trigger bank...
[PFedBA] trigger_opt total=7.8821 grad=1.0052 loss_align=6.7769 attack=0.1000 norm=28.1883

-------------Round number: 219-------------

Evaluate personalized models
Averaged Train Loss: 0.0260
Averaged Test Accurancy: 0.7580
Averaged Test AUC: 0.9595
Std Test Accurancy: 0.0773
Std Test AUC: 0.0200
ASR: 0.06320320016091877
attack_auc: 0.5982825209206186
Layer layer2.0.downsample.0.weight: 1/128 channels masked
Layer layer3.0.conv2.weight: 1/256 channels masked
Layer layer3.0.downsample.0.weight: 1/256 channels masked
Layer layer3.1.conv1.weight: 1/256 channels masked
Layer layer4.0.conv1.weight: 1/512 channels masked
Layer layer4.0.conv2.weight: 4/512 channels masked
Layer layer4.0.downsample.0.weight: 3/512 channels masked
Layer layer4.1.conv1.weight: 9/512 channels masked
------------------------- time cost ------------------------- 26.32817792892456
[PFedBA] Round 221: optimizing class-conditional trigger bank...
[PFedBA] trigger_opt total=7.4370 grad=0.9255 loss_align=6.3688 attack=0.1427 norm=28.1920

-------------Round number: 220-------------

Evaluate personalized models
Averaged Train Loss: 0.0255
Averaged Test Accurancy: 0.7606
Averaged Test AUC: 0.9595
Std Test Accurancy: 0.0747
Std Test AUC: 0.0191
ASR: 0.06311313297237246
attack_auc: 0.5990306582331844
Layer layer2.0.downsample.0.weight: 1/128 channels masked
Layer layer3.0.conv2.weight: 1/256 channels masked
Layer layer3.0.downsample.0.weight: 1/256 channels masked
Layer layer3.1.conv1.weight: 1/256 channels masked
Layer layer4.0.conv1.weight: 1/512 channels masked
Layer layer4.0.conv2.weight: 4/512 channels masked
Layer layer4.0.downsample.0.weight: 3/512 channels masked
Layer layer4.1.conv1.weight: 9/512 channels masked
------------------------- time cost ------------------------- 26.106703519821167
[PFedBA] Round 222: optimizing class-conditional trigger bank...
[PFedBA] trigger_opt total=7.7001 grad=0.9397 loss_align=6.6432 attack=0.1172 norm=28.1948

-------------Round number: 221-------------

Evaluate personalized models
Averaged Train Loss: 0.0261
Averaged Test Accurancy: 0.7616
Averaged Test AUC: 0.9596
Std Test Accurancy: 0.0745
Std Test AUC: 0.0198
ASR: 0.06345826602885775
attack_auc: 0.5964674663957733
Layer layer2.0.downsample.0.weight: 1/128 channels masked
Layer layer3.0.conv2.weight: 1/256 channels masked
Layer layer3.0.downsample.0.weight: 1/256 channels masked
Layer layer3.1.conv1.weight: 1/256 channels masked
Layer layer4.0.conv1.weight: 1/512 channels masked
Layer layer4.0.conv2.weight: 4/512 channels masked
Layer layer4.0.downsample.0.weight: 3/512 channels masked
Layer layer4.1.conv1.weight: 9/512 channels masked
------------------------- time cost ------------------------- 26.566303730010986
[PFedBA] Round 223: optimizing class-conditional trigger bank...
[PFedBA] trigger_opt total=7.5218 grad=0.9703 loss_align=6.4552 attack=0.0963 norm=28.1951

-------------Round number: 222-------------

Evaluate personalized models
Averaged Train Loss: 0.0256
Averaged Test Accurancy: 0.7560
Averaged Test AUC: 0.9597
Std Test Accurancy: 0.0741
Std Test AUC: 0.0193
ASR: 0.06140697309668251
attack_auc: 0.5960205994605611
Layer layer2.0.downsample.0.weight: 1/128 channels masked
Layer layer3.0.conv2.weight: 1/256 channels masked
Layer layer3.0.downsample.0.weight: 1/256 channels masked
Layer layer3.1.conv1.weight: 1/256 channels masked
Layer layer4.0.conv1.weight: 1/512 channels masked
Layer layer4.0.conv2.weight: 4/512 channels masked
Layer layer4.0.downsample.0.weight: 3/512 channels masked
Layer layer4.1.conv1.weight: 9/512 channels masked
------------------------- time cost ------------------------- 26.33482599258423
[PFedBA] Round 224: optimizing class-conditional trigger bank...
[PFedBA] trigger_opt total=7.7432 grad=0.9833 loss_align=6.6624 attack=0.0975 norm=28.1963

-------------Round number: 223-------------

Evaluate personalized models
Averaged Train Loss: 0.0260
Averaged Test Accurancy: 0.7575
Averaged Test AUC: 0.9594
Std Test Accurancy: 0.0749
Std Test AUC: 0.0194
ASR: 0.06236035572440984
attack_auc: 0.5912147852223897
Layer layer2.0.downsample.0.weight: 1/128 channels masked
Layer layer3.0.conv2.weight: 1/256 channels masked
Layer layer3.0.downsample.0.weight: 1/256 channels masked
Layer layer3.1.conv1.weight: 1/256 channels masked
Layer layer4.0.conv1.weight: 1/512 channels masked
Layer layer4.0.conv2.weight: 4/512 channels masked
Layer layer4.0.downsample.0.weight: 3/512 channels masked
Layer layer4.1.conv1.weight: 9/512 channels masked
------------------------- time cost ------------------------- 26.347490310668945
[PFedBA] Round 225: optimizing class-conditional trigger bank...
[PFedBA] trigger_opt total=7.7075 grad=1.0244 loss_align=6.6186 attack=0.0646 norm=28.1992

-------------Round number: 224-------------

Evaluate personalized models
Averaged Train Loss: 0.0298
Averaged Test Accurancy: 0.7546
Averaged Test AUC: 0.9589
Std Test Accurancy: 0.0769
Std Test AUC: 0.0196
ASR: 0.06583338364985974
attack_auc: 0.5973413239139042
Layer layer2.0.downsample.0.weight: 1/128 channels masked
Layer layer3.0.conv2.weight: 1/256 channels masked
Layer layer3.0.downsample.0.weight: 1/256 channels masked
Layer layer3.1.conv1.weight: 1/256 channels masked
Layer layer4.0.conv1.weight: 1/512 channels masked
Layer layer4.0.conv2.weight: 4/512 channels masked
Layer layer4.0.downsample.0.weight: 3/512 channels masked
Layer layer4.1.conv1.weight: 9/512 channels masked
------------------------- time cost ------------------------- 26.056562423706055
[PFedBA] Round 226: optimizing class-conditional trigger bank...
[PFedBA] trigger_opt total=7.5187 grad=0.9200 loss_align=6.5039 attack=0.0947 norm=28.2004

-------------Round number: 225-------------

Evaluate personalized models
Averaged Train Loss: 0.0249
Averaged Test Accurancy: 0.7550
Averaged Test AUC: 0.9597
Std Test Accurancy: 0.0747
Std Test AUC: 0.0193
ASR: 0.06040042907268069
attack_auc: 0.5941643916768808
Layer layer2.0.downsample.0.weight: 1/128 channels masked
Layer layer3.0.conv2.weight: 1/256 channels masked
Layer layer3.0.downsample.0.weight: 1/256 channels masked
Layer layer3.1.conv1.weight: 1/256 channels masked
Layer layer4.0.conv1.weight: 1/512 channels masked
Layer layer4.0.conv2.weight: 4/512 channels masked
Layer layer4.0.downsample.0.weight: 3/512 channels masked
Layer layer4.1.conv1.weight: 9/512 channels masked
------------------------- time cost ------------------------- 25.864914894104004
[PFedBA] Round 227: optimizing class-conditional trigger bank...
[PFedBA] trigger_opt total=7.8736 grad=0.8552 loss_align=6.7291 attack=0.2893 norm=28.2061

-------------Round number: 226-------------

Evaluate personalized models
Averaged Train Loss: 0.0274
Averaged Test Accurancy: 0.7549
Averaged Test AUC: 0.9593
Std Test Accurancy: 0.0755
Std Test AUC: 0.0195
ASR: 0.061359914534110195
attack_auc: 0.5975433406476374
Layer layer2.0.downsample.0.weight: 1/128 channels masked
Layer layer3.0.conv2.weight: 1/256 channels masked
Layer layer3.0.downsample.0.weight: 1/256 channels masked
Layer layer3.1.conv1.weight: 1/256 channels masked
Layer layer4.0.conv1.weight: 1/512 channels masked
Layer layer4.0.conv2.weight: 4/512 channels masked
Layer layer4.0.downsample.0.weight: 3/512 channels masked
Layer layer4.1.conv1.weight: 9/512 channels masked
------------------------- time cost ------------------------- 26.791527271270752
[PFedBA] Round 228: optimizing class-conditional trigger bank...
[PFedBA] trigger_opt total=7.7582 grad=1.0603 loss_align=6.6217 attack=0.0762 norm=28.2087

-------------Round number: 227-------------

Evaluate personalized models
Averaged Train Loss: 0.0238
Averaged Test Accurancy: 0.7617
Averaged Test AUC: 0.9599
Std Test Accurancy: 0.0765
Std Test AUC: 0.0194
ASR: 0.06086561153008277
attack_auc: 0.5970105394925852
Layer layer2.0.downsample.0.weight: 1/128 channels masked
Layer layer3.0.conv2.weight: 1/256 channels masked
Layer layer3.0.downsample.0.weight: 1/256 channels masked
Layer layer3.1.conv1.weight: 1/256 channels masked
Layer layer4.0.conv1.weight: 1/512 channels masked
Layer layer4.0.conv2.weight: 4/512 channels masked
Layer layer4.0.downsample.0.weight: 3/512 channels masked
Layer layer4.1.conv1.weight: 9/512 channels masked
------------------------- time cost ------------------------- 26.037777423858643
[PFedBA] Round 229: optimizing class-conditional trigger bank...
[PFedBA] trigger_opt total=7.4048 grad=0.8543 loss_align=6.3630 attack=0.1875 norm=28.2093

-------------Round number: 228-------------

Evaluate personalized models
Averaged Train Loss: 0.0272
Averaged Test Accurancy: 0.7599
Averaged Test AUC: 0.9597
Std Test Accurancy: 0.0758
Std Test AUC: 0.0195
ASR: 0.05866976102325622
attack_auc: 0.5981468540964935
Layer layer2.0.downsample.0.weight: 1/128 channels masked
Layer layer3.0.conv2.weight: 1/256 channels masked
Layer layer3.0.downsample.0.weight: 1/256 channels masked
Layer layer3.1.conv1.weight: 1/256 channels masked
Layer layer4.0.conv1.weight: 1/512 channels masked
Layer layer4.0.conv2.weight: 4/512 channels masked
Layer layer4.0.downsample.0.weight: 3/512 channels masked
Layer layer4.1.conv1.weight: 9/512 channels masked
------------------------- time cost ------------------------- 25.99116587638855
[PFedBA] Round 230: optimizing class-conditional trigger bank...
[PFedBA] trigger_opt total=7.7875 grad=0.8787 loss_align=6.7545 attack=0.1543 norm=28.2132

-------------Round number: 229-------------

Evaluate personalized models
Averaged Train Loss: 0.0231
Averaged Test Accurancy: 0.7590
Averaged Test AUC: 0.9598
Std Test Accurancy: 0.0773
Std Test AUC: 0.0195
ASR: 0.06514750661066651
attack_auc: 0.599995317069903
Layer layer2.0.downsample.0.weight: 1/128 channels masked
Layer layer3.0.conv2.weight: 1/256 channels masked
Layer layer3.0.downsample.0.weight: 1/256 channels masked
Layer layer3.1.conv1.weight: 1/256 channels masked
Layer layer4.0.conv1.weight: 1/512 channels masked
Layer layer4.0.conv2.weight: 4/512 channels masked
Layer layer4.0.downsample.0.weight: 3/512 channels masked
Layer layer4.1.conv1.weight: 9/512 channels masked
------------------------- time cost ------------------------- 26.504963874816895
[PFedBA] Round 231: optimizing class-conditional trigger bank...
[PFedBA] trigger_opt total=7.5150 grad=0.8627 loss_align=6.4803 attack=0.1720 norm=28.2146

-------------Round number: 230-------------

Evaluate personalized models
Averaged Train Loss: 0.0228
Averaged Test Accurancy: 0.7629
Averaged Test AUC: 0.9598
Std Test Accurancy: 0.0754
Std Test AUC: 0.0194
ASR: 0.06722128983634164
attack_auc: 0.6010533938715963
Layer layer2.0.downsample.0.weight: 1/128 channels masked
Layer layer3.0.conv2.weight: 1/256 channels masked
Layer layer3.0.downsample.0.weight: 1/256 channels masked
Layer layer3.1.conv1.weight: 1/256 channels masked
Layer layer4.0.conv1.weight: 1/512 channels masked
Layer layer4.0.conv2.weight: 4/512 channels masked
Layer layer4.0.downsample.0.weight: 3/512 channels masked
Layer layer4.1.conv1.weight: 9/512 channels masked
------------------------- time cost ------------------------- 26.85270643234253
[PFedBA] Round 232: optimizing class-conditional trigger bank...
[PFedBA] trigger_opt total=7.7324 grad=0.9991 loss_align=6.6132 attack=0.1200 norm=28.2202

-------------Round number: 231-------------

Evaluate personalized models
Averaged Train Loss: 0.0251
Averaged Test Accurancy: 0.7621
Averaged Test AUC: 0.9597
Std Test Accurancy: 0.0767
Std Test AUC: 0.0194
ASR: 0.059506586046600835
attack_auc: 0.6008071531062581
Layer layer2.0.downsample.0.weight: 1/128 channels masked
Layer layer3.0.conv2.weight: 1/256 channels masked
Layer layer3.0.downsample.0.weight: 1/256 channels masked
Layer layer3.1.conv1.weight: 1/256 channels masked
Layer layer4.0.conv1.weight: 1/512 channels masked
Layer layer4.0.conv2.weight: 4/512 channels masked
Layer layer4.0.downsample.0.weight: 3/512 channels masked
Layer layer4.1.conv1.weight: 9/512 channels masked
------------------------- time cost ------------------------- 26.8272066116333
[PFedBA] Round 233: optimizing class-conditional trigger bank...
[PFedBA] trigger_opt total=7.5663 grad=0.9480 loss_align=6.5055 attack=0.1129 norm=28.2197

-------------Round number: 232-------------

Evaluate personalized models
Averaged Train Loss: 0.0252
Averaged Test Accurancy: 0.7622
Averaged Test AUC: 0.9596
Std Test Accurancy: 0.0747
Std Test AUC: 0.0196
ASR: 0.06973685722878709
attack_auc: 0.6007091619119791
Layer layer2.0.downsample.0.weight: 1/128 channels masked
Layer layer3.0.conv2.weight: 1/256 channels masked
Layer layer3.0.downsample.0.weight: 1/256 channels masked
Layer layer3.1.conv1.weight: 1/256 channels masked
Layer layer4.0.conv1.weight: 1/512 channels masked
Layer layer4.0.conv2.weight: 4/512 channels masked
Layer layer4.0.downsample.0.weight: 3/512 channels masked
Layer layer4.1.conv1.weight: 9/512 channels masked
------------------------- time cost ------------------------- 26.464518070220947
[PFedBA] Round 234: optimizing class-conditional trigger bank...
[PFedBA] trigger_opt total=7.9057 grad=1.0490 loss_align=6.7485 attack=0.1083 norm=28.2227

-------------Round number: 233-------------

Evaluate personalized models
Averaged Train Loss: 0.0238
Averaged Test Accurancy: 0.7581
Averaged Test AUC: 0.9595
Std Test Accurancy: 0.0784
Std Test AUC: 0.0192
ASR: 0.0702652439802221
attack_auc: 0.6038882984613417
Layer layer2.0.downsample.0.weight: 1/128 channels masked
Layer layer3.0.conv2.weight: 1/256 channels masked
Layer layer3.0.downsample.0.weight: 1/256 channels masked
Layer layer3.1.conv1.weight: 1/256 channels masked
Layer layer4.0.conv1.weight: 1/512 channels masked
Layer layer4.0.conv2.weight: 4/512 channels masked
Layer layer4.0.downsample.0.weight: 3/512 channels masked
Layer layer4.1.conv1.weight: 9/512 channels masked
------------------------- time cost ------------------------- 27.036064386367798
[PFedBA] Round 235: optimizing class-conditional trigger bank...
[PFedBA] trigger_opt total=7.6902 grad=0.9173 loss_align=6.6453 attack=0.1275 norm=28.2251

-------------Round number: 234-------------

Evaluate personalized models
Averaged Train Loss: 0.0246
Averaged Test Accurancy: 0.7578
Averaged Test AUC: 0.9589
Std Test Accurancy: 0.0761
Std Test AUC: 0.0200
ASR: 0.0675485980303932
attack_auc: 0.6062522336939372
Layer layer2.0.downsample.0.weight: 1/128 channels masked
Layer layer3.0.conv2.weight: 1/256 channels masked
Layer layer3.0.downsample.0.weight: 1/256 channels masked
Layer layer3.1.conv1.weight: 1/256 channels masked
Layer layer4.0.conv1.weight: 1/512 channels masked
Layer layer4.0.conv2.weight: 4/512 channels masked
Layer layer4.0.downsample.0.weight: 3/512 channels masked
Layer layer4.1.conv1.weight: 9/512 channels masked
------------------------- time cost ------------------------- 26.509876489639282
[PFedBA] Round 236: optimizing class-conditional trigger bank...
[PFedBA] trigger_opt total=7.5527 grad=0.9640 loss_align=6.4610 attack=0.1277 norm=28.2277

-------------Round number: 235-------------

Evaluate personalized models
Averaged Train Loss: 0.0230
Averaged Test Accurancy: 0.7597
Averaged Test AUC: 0.9600
Std Test Accurancy: 0.0744
Std Test AUC: 0.0191
ASR: 0.06382245505563368
attack_auc: 0.6027129601814948
Layer layer2.0.downsample.0.weight: 1/128 channels masked
Layer layer3.0.conv2.weight: 1/256 channels masked
Layer layer3.0.downsample.0.weight: 1/256 channels masked
Layer layer3.1.conv1.weight: 1/256 channels masked
Layer layer4.0.conv1.weight: 1/512 channels masked
Layer layer4.0.conv2.weight: 4/512 channels masked
Layer layer4.0.downsample.0.weight: 3/512 channels masked
Layer layer4.1.conv1.weight: 9/512 channels masked
------------------------- time cost ------------------------- 26.763524293899536
[PFedBA] Round 237: optimizing class-conditional trigger bank...
[PFedBA] trigger_opt total=7.9115 grad=0.9549 loss_align=6.8457 attack=0.1110 norm=28.2290

-------------Round number: 236-------------

Evaluate personalized models
Averaged Train Loss: 0.0227
Averaged Test Accurancy: 0.7568
Averaged Test AUC: 0.9598
Std Test Accurancy: 0.0743
Std Test AUC: 0.0192
ASR: 0.06495266548976437
attack_auc: 0.6029675234505358
Layer layer2.0.downsample.0.weight: 1/128 channels masked
Layer layer3.0.conv2.weight: 1/256 channels masked
Layer layer3.0.downsample.0.weight: 1/256 channels masked
Layer layer3.1.conv1.weight: 1/256 channels masked
Layer layer4.0.conv1.weight: 1/512 channels masked
Layer layer4.0.conv2.weight: 4/512 channels masked
Layer layer4.0.downsample.0.weight: 3/512 channels masked
Layer layer4.1.conv1.weight: 9/512 channels masked
------------------------- time cost ------------------------- 26.373671770095825
[PFedBA] Round 238: optimizing class-conditional trigger bank...
[PFedBA] trigger_opt total=7.6893 grad=0.8927 loss_align=6.6025 attack=0.1941 norm=28.2295

-------------Round number: 237-------------

Evaluate personalized models
Averaged Train Loss: 0.0210
Averaged Test Accurancy: 0.7641
Averaged Test AUC: 0.9597
Std Test Accurancy: 0.0753
Std Test AUC: 0.0197
ASR: 0.06606877264165223
attack_auc: 0.5995926154679617
Layer layer2.0.downsample.0.weight: 1/128 channels masked
Layer layer3.0.conv2.weight: 1/256 channels masked
Layer layer3.0.downsample.0.weight: 1/256 channels masked
Layer layer3.1.conv1.weight: 1/256 channels masked
Layer layer4.0.conv1.weight: 1/512 channels masked
Layer layer4.0.conv2.weight: 4/512 channels masked
Layer layer4.0.downsample.0.weight: 3/512 channels masked
Layer layer4.1.conv1.weight: 9/512 channels masked
------------------------- time cost ------------------------- 26.38665270805359
[PFedBA] Round 239: optimizing class-conditional trigger bank...
[PFedBA] trigger_opt total=7.8471 grad=1.0352 loss_align=6.7103 attack=0.1016 norm=28.2347

-------------Round number: 238-------------

Evaluate personalized models
Averaged Train Loss: 0.0220
Averaged Test Accurancy: 0.7618
Averaged Test AUC: 0.9603
Std Test Accurancy: 0.0702
Std Test AUC: 0.0191
ASR: 0.06299448058311057
attack_auc: 0.6014539494920392
Layer layer2.0.downsample.0.weight: 1/128 channels masked
Layer layer3.0.conv2.weight: 1/256 channels masked
Layer layer3.0.downsample.0.weight: 1/256 channels masked
Layer layer3.1.conv1.weight: 1/256 channels masked
Layer layer4.0.conv1.weight: 1/512 channels masked
Layer layer4.0.conv2.weight: 4/512 channels masked
Layer layer4.0.downsample.0.weight: 3/512 channels masked
Layer layer4.1.conv1.weight: 9/512 channels masked
------------------------- time cost ------------------------- 26.66231942176819
[PFedBA] Round 240: optimizing class-conditional trigger bank...
[PFedBA] trigger_opt total=7.8585 grad=0.9251 loss_align=6.8284 attack=0.1050 norm=28.2351

-------------Round number: 239-------------

Evaluate personalized models
Averaged Train Loss: 0.0233
Averaged Test Accurancy: 0.7575
Averaged Test AUC: 0.9598
Std Test Accurancy: 0.0736
Std Test AUC: 0.0194
ASR: 0.06616225380746635
attack_auc: 0.6020293179741582
Layer layer2.0.downsample.0.weight: 1/128 channels masked
Layer layer3.0.conv2.weight: 1/256 channels masked
Layer layer3.0.downsample.0.weight: 1/256 channels masked
Layer layer3.1.conv1.weight: 1/256 channels masked
Layer layer4.0.conv1.weight: 1/512 channels masked
Layer layer4.0.conv2.weight: 4/512 channels masked
Layer layer4.0.downsample.0.weight: 3/512 channels masked
Layer layer4.1.conv1.weight: 9/512 channels masked
------------------------- time cost ------------------------- 26.372297286987305
[PFedBA] Round 241: optimizing class-conditional trigger bank...
[PFedBA] trigger_opt total=7.7522 grad=0.9274 loss_align=6.6774 attack=0.1473 norm=28.2354

-------------Round number: 240-------------

Evaluate personalized models
Averaged Train Loss: 0.0208
Averaged Test Accurancy: 0.7598
Averaged Test AUC: 0.9601
Std Test Accurancy: 0.0758
Std Test AUC: 0.0194
ASR: 0.05944762610495611
attack_auc: 0.5962901161047196
Layer layer2.0.downsample.0.weight: 1/128 channels masked
Layer layer3.0.conv2.weight: 1/256 channels masked
Layer layer3.0.downsample.0.weight: 1/256 channels masked
Layer layer3.1.conv1.weight: 1/256 channels masked
Layer layer4.0.conv1.weight: 1/512 channels masked
Layer layer4.0.conv2.weight: 4/512 channels masked
Layer layer4.0.downsample.0.weight: 3/512 channels masked
Layer layer4.1.conv1.weight: 9/512 channels masked
------------------------- time cost ------------------------- 26.839157104492188
[PFedBA] Round 242: optimizing class-conditional trigger bank...
[PFedBA] trigger_opt total=7.7621 grad=0.9866 loss_align=6.6802 attack=0.0952 norm=28.2345

-------------Round number: 241-------------

Evaluate personalized models
Averaged Train Loss: 0.0228
Averaged Test Accurancy: 0.7579
Averaged Test AUC: 0.9595
Std Test Accurancy: 0.0753
Std Test AUC: 0.0194
ASR: 0.06122295516011631
attack_auc: 0.5998800595412662
Layer layer2.0.downsample.0.weight: 1/128 channels masked
Layer layer3.0.conv2.weight: 1/256 channels masked
Layer layer3.0.downsample.0.weight: 1/256 channels masked
Layer layer3.1.conv1.weight: 1/256 channels masked
Layer layer4.0.conv1.weight: 1/512 channels masked
Layer layer4.0.conv2.weight: 4/512 channels masked
Layer layer4.0.downsample.0.weight: 3/512 channels masked
Layer layer4.1.conv1.weight: 9/512 channels masked
------------------------- time cost ------------------------- 26.8787522315979
[PFedBA] Round 243: optimizing class-conditional trigger bank...
[PFedBA] trigger_opt total=8.0428 grad=0.9372 loss_align=6.9745 attack=0.1311 norm=28.2340

-------------Round number: 242-------------

Evaluate personalized models
Averaged Train Loss: 0.0222
Averaged Test Accurancy: 0.7584
Averaged Test AUC: 0.9600
Std Test Accurancy: 0.0743
Std Test AUC: 0.0191
ASR: 0.058019285090229494
attack_auc: 0.6010098345116542
Layer layer2.0.downsample.0.weight: 1/128 channels masked
Layer layer3.0.conv2.weight: 1/256 channels masked
Layer layer3.0.downsample.0.weight: 1/256 channels masked
Layer layer3.1.conv1.weight: 1/256 channels masked
Layer layer4.0.conv1.weight: 1/512 channels masked
Layer layer4.0.conv2.weight: 4/512 channels masked
Layer layer4.0.downsample.0.weight: 3/512 channels masked
Layer layer4.1.conv1.weight: 9/512 channels masked
------------------------- time cost ------------------------- 26.79410672187805
[PFedBA] Round 244: optimizing class-conditional trigger bank...
[PFedBA] trigger_opt total=7.7562 grad=0.9138 loss_align=6.6736 attack=0.1688 norm=28.2378

-------------Round number: 243-------------

Evaluate personalized models
Averaged Train Loss: 0.0191
Averaged Test Accurancy: 0.7624
Averaged Test AUC: 0.9603
Std Test Accurancy: 0.0751
Std Test AUC: 0.0189
ASR: 0.0682569034156745
attack_auc: 0.6009903781928274
Layer layer2.0.downsample.0.weight: 1/128 channels masked
Layer layer3.0.conv2.weight: 1/256 channels masked
Layer layer3.0.downsample.0.weight: 1/256 channels masked
Layer layer3.1.conv1.weight: 1/256 channels masked
Layer layer4.0.conv1.weight: 1/512 channels masked
Layer layer4.0.conv2.weight: 4/512 channels masked
Layer layer4.0.downsample.0.weight: 3/512 channels masked
Layer layer4.1.conv1.weight: 9/512 channels masked
------------------------- time cost ------------------------- 26.92638659477234
[PFedBA] Round 245: optimizing class-conditional trigger bank...
[PFedBA] trigger_opt total=8.1558 grad=0.8503 loss_align=7.1145 attack=0.1909 norm=28.2406

-------------Round number: 244-------------

Evaluate personalized models
Averaged Train Loss: 0.0207
Averaged Test Accurancy: 0.7617
Averaged Test AUC: 0.9599
Std Test Accurancy: 0.0784
Std Test AUC: 0.0191
ASR: 0.0670371124555608
attack_auc: 0.6019233538661051
Layer layer2.0.downsample.0.weight: 1/128 channels masked
Layer layer3.0.conv2.weight: 1/256 channels masked
Layer layer3.0.downsample.0.weight: 1/256 channels masked
Layer layer3.1.conv1.weight: 1/256 channels masked
Layer layer4.0.conv1.weight: 1/512 channels masked
Layer layer4.0.conv2.weight: 4/512 channels masked
Layer layer4.0.downsample.0.weight: 3/512 channels masked
Layer layer4.1.conv1.weight: 9/512 channels masked
------------------------- time cost ------------------------- 26.8988778591156
[PFedBA] Round 246: optimizing class-conditional trigger bank...
[PFedBA] trigger_opt total=7.9069 grad=1.1143 loss_align=6.7374 attack=0.0552 norm=28.2437

-------------Round number: 245-------------

Evaluate personalized models
Averaged Train Loss: 0.0201
Averaged Test Accurancy: 0.7605
Averaged Test AUC: 0.9600
Std Test Accurancy: 0.0726
Std Test AUC: 0.0188
ASR: 0.06585843543542705
attack_auc: 0.6017008866187878
Layer layer2.0.downsample.0.weight: 1/128 channels masked
Layer layer3.0.conv2.weight: 1/256 channels masked
Layer layer3.0.downsample.0.weight: 1/256 channels masked
Layer layer3.1.conv1.weight: 1/256 channels masked
Layer layer4.0.conv1.weight: 1/512 channels masked
Layer layer4.0.conv2.weight: 4/512 channels masked
Layer layer4.0.downsample.0.weight: 3/512 channels masked
Layer layer4.1.conv1.weight: 9/512 channels masked
------------------------- time cost ------------------------- 26.77402901649475
[PFedBA] Round 247: optimizing class-conditional trigger bank...
[PFedBA] trigger_opt total=7.7940 grad=0.9845 loss_align=6.6680 attack=0.1415 norm=28.2468

-------------Round number: 246-------------

Evaluate personalized models
Averaged Train Loss: 0.0194
Averaged Test Accurancy: 0.7586
Averaged Test AUC: 0.9603
Std Test Accurancy: 0.0758
Std Test AUC: 0.0190
ASR: 0.06512734461832682
attack_auc: 0.5992811699439927
Layer layer2.0.downsample.0.weight: 1/128 channels masked
Layer layer3.0.conv2.weight: 1/256 channels masked
Layer layer3.0.downsample.0.weight: 1/256 channels masked
Layer layer3.1.conv1.weight: 1/256 channels masked
Layer layer4.0.conv1.weight: 1/512 channels masked
Layer layer4.0.conv2.weight: 4/512 channels masked
Layer layer4.0.downsample.0.weight: 3/512 channels masked
Layer layer4.1.conv1.weight: 9/512 channels masked
------------------------- time cost ------------------------- 26.68745183944702
[PFedBA] Round 248: optimizing class-conditional trigger bank...
[PFedBA] trigger_opt total=7.7994 grad=0.9224 loss_align=6.7265 attack=0.1505 norm=28.2500

-------------Round number: 247-------------

Evaluate personalized models
Averaged Train Loss: 0.0207
Averaged Test Accurancy: 0.7635
Averaged Test AUC: 0.9603
Std Test Accurancy: 0.0777
Std Test AUC: 0.0193
ASR: 0.06522155949654616
attack_auc: 0.6035338653303585
Layer layer2.0.downsample.0.weight: 1/128 channels masked
Layer layer3.0.conv2.weight: 1/256 channels masked
Layer layer3.0.downsample.0.weight: 1/256 channels masked
Layer layer3.1.conv1.weight: 1/256 channels masked
Layer layer4.0.conv1.weight: 1/512 channels masked
Layer layer4.0.conv2.weight: 4/512 channels masked
Layer layer4.0.downsample.0.weight: 3/512 channels masked
Layer layer4.1.conv1.weight: 9/512 channels masked
------------------------- time cost ------------------------- 26.67548370361328
[PFedBA] Round 249: optimizing class-conditional trigger bank...
[PFedBA] trigger_opt total=7.7651 grad=1.0446 loss_align=6.6297 attack=0.0909 norm=28.2528

-------------Round number: 248-------------

Evaluate personalized models
Averaged Train Loss: 0.0191
Averaged Test Accurancy: 0.7573
Averaged Test AUC: 0.9603
Std Test Accurancy: 0.0725
Std Test AUC: 0.0187
ASR: 0.06334804290240621
attack_auc: 0.5975781347421716
Layer layer2.0.downsample.0.weight: 1/128 channels masked
Layer layer3.0.conv2.weight: 1/256 channels masked
Layer layer3.0.downsample.0.weight: 1/256 channels masked
Layer layer3.1.conv1.weight: 1/256 channels masked
Layer layer4.0.conv1.weight: 1/512 channels masked
Layer layer4.0.conv2.weight: 4/512 channels masked
Layer layer4.0.downsample.0.weight: 3/512 channels masked
Layer layer4.1.conv1.weight: 9/512 channels masked
------------------------- time cost ------------------------- 26.90419340133667
[PFedBA] Round 250: optimizing class-conditional trigger bank...
[PFedBA] trigger_opt total=7.8417 grad=0.8978 loss_align=6.8479 attack=0.0961 norm=28.2550

-------------Round number: 249-------------

Evaluate personalized models
Averaged Train Loss: 0.0217
Averaged Test Accurancy: 0.7581
Averaged Test AUC: 0.9597
Std Test Accurancy: 0.0741
Std Test AUC: 0.0195
ASR: 0.06358422508641072
attack_auc: 0.601275573027276
Layer layer2.0.downsample.0.weight: 1/128 channels masked
Layer layer3.0.conv2.weight: 1/256 channels masked
Layer layer3.0.downsample.0.weight: 1/256 channels masked
Layer layer3.1.conv1.weight: 1/256 channels masked
Layer layer4.0.conv1.weight: 1/512 channels masked
Layer layer4.0.conv2.weight: 4/512 channels masked
Layer layer4.0.downsample.0.weight: 3/512 channels masked
Layer layer4.1.conv1.weight: 9/512 channels masked
------------------------- time cost ------------------------- 26.72807288169861
[PFedBA] Round 251: optimizing class-conditional trigger bank...
[PFedBA] trigger_opt total=7.7197 grad=0.8786 loss_align=6.6939 attack=0.1472 norm=28.2561

-------------Round number: 250-------------

Evaluate personalized models
Averaged Train Loss: 0.0184
Averaged Test Accurancy: 0.7613
Averaged Test AUC: 0.9604
Std Test Accurancy: 0.0769
Std Test AUC: 0.0193
ASR: 0.06805162645033194
attack_auc: 0.6003870728906299
Layer layer2.0.downsample.0.weight: 1/128 channels masked
Layer layer3.0.conv2.weight: 1/256 channels masked
Layer layer3.0.downsample.0.weight: 1/256 channels masked
Layer layer3.1.conv1.weight: 1/256 channels masked
Layer layer4.0.conv1.weight: 1/512 channels masked
Layer layer4.0.conv2.weight: 4/512 channels masked
Layer layer4.0.downsample.0.weight: 3/512 channels masked
Layer layer4.1.conv1.weight: 9/512 channels masked
------------------------- time cost ------------------------- 26.847244262695312
[PFedBA] Round 252: optimizing class-conditional trigger bank...
[PFedBA] trigger_opt total=7.9887 grad=0.9569 loss_align=6.9106 attack=0.1212 norm=28.2573

-------------Round number: 251-------------

Evaluate personalized models
Averaged Train Loss: 0.0191
Averaged Test Accurancy: 0.7613
Averaged Test AUC: 0.9601
Std Test Accurancy: 0.0755
Std Test AUC: 0.0197
ASR: 0.06250176463423238
attack_auc: 0.5967572591039544
Layer layer2.0.downsample.0.weight: 1/128 channels masked
Layer layer3.0.conv2.weight: 1/256 channels masked
Layer layer3.0.downsample.0.weight: 1/256 channels masked
Layer layer3.1.conv1.weight: 1/256 channels masked
Layer layer4.0.conv1.weight: 1/512 channels masked
Layer layer4.0.conv2.weight: 4/512 channels masked
Layer layer4.0.downsample.0.weight: 3/512 channels masked
Layer layer4.1.conv1.weight: 9/512 channels masked
------------------------- time cost ------------------------- 26.299909114837646
[PFedBA] Round 253: optimizing class-conditional trigger bank...
[PFedBA] trigger_opt total=7.7954 grad=0.9207 loss_align=6.7351 attack=0.1396 norm=28.2557

-------------Round number: 252-------------

Evaluate personalized models
Averaged Train Loss: 0.0219
Averaged Test Accurancy: 0.7626
Averaged Test AUC: 0.9600
Std Test Accurancy: 0.0762
Std Test AUC: 0.0194
ASR: 0.06975171980514973
attack_auc: 0.5998086829135425
Layer layer2.0.downsample.0.weight: 1/128 channels masked
Layer layer3.0.conv2.weight: 1/256 channels masked
Layer layer3.0.downsample.0.weight: 1/256 channels masked
Layer layer3.1.conv1.weight: 1/256 channels masked
Layer layer4.0.conv1.weight: 1/512 channels masked
Layer layer4.0.conv2.weight: 4/512 channels masked
Layer layer4.0.downsample.0.weight: 3/512 channels masked
Layer layer4.1.conv1.weight: 9/512 channels masked
------------------------- time cost ------------------------- 26.674508571624756
[PFedBA] Round 254: optimizing class-conditional trigger bank...
[PFedBA] trigger_opt total=7.8472 grad=0.9302 loss_align=6.7536 attack=0.1634 norm=28.2584

-------------Round number: 253-------------

Evaluate personalized models
Averaged Train Loss: 0.0196
Averaged Test Accurancy: 0.7623
Averaged Test AUC: 0.9603
Std Test Accurancy: 0.0763
Std Test AUC: 0.0196
ASR: 0.06010087349422929
attack_auc: 0.5974601729751106
Layer layer2.0.downsample.0.weight: 1/128 channels masked
Layer layer3.0.conv2.weight: 1/256 channels masked
Layer layer3.0.downsample.0.weight: 1/256 channels masked
Layer layer3.1.conv1.weight: 1/256 channels masked
Layer layer4.0.conv1.weight: 1/512 channels masked
Layer layer4.0.conv2.weight: 4/512 channels masked
Layer layer4.0.downsample.0.weight: 3/512 channels masked
Layer layer4.1.conv1.weight: 9/512 channels masked
------------------------- time cost ------------------------- 26.47732663154602
[PFedBA] Round 255: optimizing class-conditional trigger bank...
[PFedBA] trigger_opt total=7.5838 grad=0.9375 loss_align=6.5422 attack=0.1041 norm=28.2627

-------------Round number: 254-------------

Evaluate personalized models
Averaged Train Loss: 0.0182
Averaged Test Accurancy: 0.7667
Averaged Test AUC: 0.9605
Std Test Accurancy: 0.0741
Std Test AUC: 0.0193
ASR: 0.0668239178127595
attack_auc: 0.6038835097268211
Layer layer2.0.downsample.0.weight: 1/128 channels masked
Layer layer3.0.conv2.weight: 1/256 channels masked
Layer layer3.0.downsample.0.weight: 1/256 channels masked
Layer layer3.1.conv1.weight: 1/256 channels masked
Layer layer4.0.conv1.weight: 1/512 channels masked
Layer layer4.0.conv2.weight: 4/512 channels masked
Layer layer4.0.downsample.0.weight: 3/512 channels masked
Layer layer4.1.conv1.weight: 9/512 channels masked
------------------------- time cost ------------------------- 26.76283049583435
[PFedBA] Round 256: optimizing class-conditional trigger bank...
[PFedBA] trigger_opt total=7.8859 grad=0.9231 loss_align=6.8177 attack=0.1451 norm=28.2667

-------------Round number: 255-------------

Evaluate personalized models
Averaged Train Loss: 0.0186
Averaged Test Accurancy: 0.7597
Averaged Test AUC: 0.9602
Std Test Accurancy: 0.0751
Std Test AUC: 0.0194
ASR: 0.06326523378700662
attack_auc: 0.6011663196988952
Layer layer2.0.downsample.0.weight: 1/128 channels masked
Layer layer3.0.conv2.weight: 1/256 channels masked
Layer layer3.0.downsample.0.weight: 1/256 channels masked
Layer layer3.1.conv1.weight: 1/256 channels masked
Layer layer4.0.conv1.weight: 1/512 channels masked
Layer layer4.0.conv2.weight: 4/512 channels masked
Layer layer4.0.downsample.0.weight: 3/512 channels masked
Layer layer4.1.conv1.weight: 9/512 channels masked
------------------------- time cost ------------------------- 27.092612266540527
[PFedBA] Round 257: optimizing class-conditional trigger bank...
[PFedBA] trigger_opt total=7.7219 grad=0.9254 loss_align=6.6425 attack=0.1540 norm=28.2683

-------------Round number: 256-------------

Evaluate personalized models
Averaged Train Loss: 0.0211
Averaged Test Accurancy: 0.7623
Averaged Test AUC: 0.9604
Std Test Accurancy: 0.0746
Std Test AUC: 0.0196
ASR: 0.066052040718796
attack_auc: 0.603524664326123
Layer layer2.0.downsample.0.weight: 1/128 channels masked
Layer layer3.0.conv2.weight: 1/256 channels masked
Layer layer3.0.downsample.0.weight: 1/256 channels masked
Layer layer3.1.conv1.weight: 1/256 channels masked
Layer layer4.0.conv1.weight: 1/512 channels masked
Layer layer4.0.conv2.weight: 4/512 channels masked
Layer layer4.0.downsample.0.weight: 3/512 channels masked
Layer layer4.1.conv1.weight: 9/512 channels masked
------------------------- time cost ------------------------- 26.721993446350098
[PFedBA] Round 258: optimizing class-conditional trigger bank...
[PFedBA] trigger_opt total=7.5912 grad=1.0878 loss_align=6.4230 attack=0.0804 norm=28.2726

-------------Round number: 257-------------

Evaluate personalized models
Averaged Train Loss: 0.0243
Averaged Test Accurancy: 0.7594
Averaged Test AUC: 0.9595
Std Test Accurancy: 0.0717
Std Test AUC: 0.0195
ASR: 0.06620965939158116
attack_auc: 0.5981793490986224
Layer layer2.0.downsample.0.weight: 1/128 channels masked
Layer layer3.0.conv2.weight: 1/256 channels masked
Layer layer3.0.downsample.0.weight: 1/256 channels masked
Layer layer3.1.conv1.weight: 1/256 channels masked
Layer layer4.0.conv1.weight: 1/512 channels masked
Layer layer4.0.conv2.weight: 4/512 channels masked
Layer layer4.0.downsample.0.weight: 3/512 channels masked
Layer layer4.1.conv1.weight: 9/512 channels masked
------------------------- time cost ------------------------- 26.862617254257202
[PFedBA] Round 259: optimizing class-conditional trigger bank...
[PFedBA] trigger_opt total=8.0801 grad=0.9746 loss_align=7.0037 attack=0.1018 norm=28.2742

-------------Round number: 258-------------

Evaluate personalized models
Averaged Train Loss: 0.0182
Averaged Test Accurancy: 0.7608
Averaged Test AUC: 0.9607
Std Test Accurancy: 0.0743
Std Test AUC: 0.0190
ASR: 0.05902705780503653
attack_auc: 0.5988647511991806
Layer layer2.0.downsample.0.weight: 1/128 channels masked
Layer layer3.0.conv2.weight: 1/256 channels masked
Layer layer3.0.downsample.0.weight: 1/256 channels masked
Layer layer3.1.conv1.weight: 1/256 channels masked
Layer layer4.0.conv1.weight: 1/512 channels masked
Layer layer4.0.conv2.weight: 4/512 channels masked
Layer layer4.0.downsample.0.weight: 3/512 channels masked
Layer layer4.1.conv1.weight: 9/512 channels masked
------------------------- time cost ------------------------- 26.682681560516357
[PFedBA] Round 260: optimizing class-conditional trigger bank...
[PFedBA] trigger_opt total=8.0746 grad=1.0042 loss_align=6.9421 attack=0.1283 norm=28.2773

-------------Round number: 259-------------

Evaluate personalized models
Averaged Train Loss: 0.0163
Averaged Test Accurancy: 0.7622
Averaged Test AUC: 0.9607
Std Test Accurancy: 0.0758
Std Test AUC: 0.0190
ASR: 0.07331993272155925
attack_auc: 0.6043750215520635
Layer layer2.0.downsample.0.weight: 1/128 channels masked
Layer layer3.0.conv2.weight: 1/256 channels masked
Layer layer3.0.downsample.0.weight: 1/256 channels masked
Layer layer3.1.conv1.weight: 1/256 channels masked
Layer layer4.0.conv1.weight: 1/512 channels masked
Layer layer4.0.conv2.weight: 4/512 channels masked
Layer layer4.0.downsample.0.weight: 3/512 channels masked
Layer layer4.1.conv1.weight: 9/512 channels masked
------------------------- time cost ------------------------- 26.74516201019287
[PFedBA] Round 261: optimizing class-conditional trigger bank...
[PFedBA] trigger_opt total=7.7248 grad=0.9583 loss_align=6.6092 attack=0.1573 norm=28.2786

-------------Round number: 260-------------

Evaluate personalized models
Averaged Train Loss: 0.0188
Averaged Test Accurancy: 0.7651
Averaged Test AUC: 0.9606
Std Test Accurancy: 0.0741
Std Test AUC: 0.0194
ASR: 0.0651974403153225
attack_auc: 0.5980008030297005
Layer layer2.0.downsample.0.weight: 1/128 channels masked
Layer layer3.0.conv2.weight: 1/256 channels masked
Layer layer3.0.downsample.0.weight: 1/256 channels masked
Layer layer3.1.conv1.weight: 1/256 channels masked
Layer layer4.0.conv1.weight: 1/512 channels masked
Layer layer4.0.conv2.weight: 4/512 channels masked
Layer layer4.0.downsample.0.weight: 3/512 channels masked
Layer layer4.1.conv1.weight: 9/512 channels masked
------------------------- time cost ------------------------- 26.70354413986206
[PFedBA] Round 262: optimizing class-conditional trigger bank...
[PFedBA] trigger_opt total=7.8974 grad=1.0199 loss_align=6.7717 attack=0.1057 norm=28.2794

-------------Round number: 261-------------

Evaluate personalized models
Averaged Train Loss: 0.0189
Averaged Test Accurancy: 0.7611
Averaged Test AUC: 0.9604
Std Test Accurancy: 0.0746
Std Test AUC: 0.0194
ASR: 0.06640130481546261
attack_auc: 0.6024454016350479
Layer layer2.0.downsample.0.weight: 1/128 channels masked
Layer layer3.0.conv2.weight: 1/256 channels masked
Layer layer3.0.downsample.0.weight: 1/256 channels masked
Layer layer3.1.conv1.weight: 1/256 channels masked
Layer layer4.0.conv1.weight: 1/512 channels masked
Layer layer4.0.conv2.weight: 4/512 channels masked
Layer layer4.0.downsample.0.weight: 3/512 channels masked
Layer layer4.1.conv1.weight: 9/512 channels masked
------------------------- time cost ------------------------- 26.553666591644287
[PFedBA] Round 263: optimizing class-conditional trigger bank...
[PFedBA] trigger_opt total=8.0007 grad=0.9664 loss_align=6.9244 attack=0.1100 norm=28.2791

-------------Round number: 262-------------

Evaluate personalized models
Averaged Train Loss: 0.0195
Averaged Test Accurancy: 0.7620
Averaged Test AUC: 0.9601
Std Test Accurancy: 0.0719
Std Test AUC: 0.0191
ASR: 0.06263474254378845
attack_auc: 0.5964830845620069
Layer layer2.0.downsample.0.weight: 1/128 channels masked
Layer layer3.0.conv2.weight: 1/256 channels masked
Layer layer3.0.downsample.0.weight: 1/256 channels masked
Layer layer3.1.conv1.weight: 1/256 channels masked
Layer layer4.0.conv1.weight: 1/512 channels masked
Layer layer4.0.conv2.weight: 4/512 channels masked
Layer layer4.0.downsample.0.weight: 3/512 channels masked
Layer layer4.1.conv1.weight: 9/512 channels masked
------------------------- time cost ------------------------- 27.038536071777344
[PFedBA] Round 264: optimizing class-conditional trigger bank...
[PFedBA] trigger_opt total=7.7457 grad=0.8870 loss_align=6.7161 attack=0.1426 norm=28.2814

-------------Round number: 263-------------

Evaluate personalized models
Averaged Train Loss: 0.0194
Averaged Test Accurancy: 0.7609
Averaged Test AUC: 0.9602
Std Test Accurancy: 0.0763
Std Test AUC: 0.0195
ASR: 0.0694675699145546
attack_auc: 0.598556723177737
Layer layer2.0.downsample.0.weight: 1/128 channels masked
Layer layer3.0.conv2.weight: 1/256 channels masked
Layer layer3.0.downsample.0.weight: 1/256 channels masked
Layer layer3.1.conv1.weight: 1/256 channels masked
Layer layer4.0.conv1.weight: 1/512 channels masked
Layer layer4.0.conv2.weight: 4/512 channels masked
Layer layer4.0.downsample.0.weight: 3/512 channels masked
Layer layer4.1.conv1.weight: 9/512 channels masked
------------------------- time cost ------------------------- 26.646849155426025
[PFedBA] Round 265: optimizing class-conditional trigger bank...
[PFedBA] trigger_opt total=7.7959 grad=0.8707 loss_align=6.7616 attack=0.1636 norm=28.2808

-------------Round number: 264-------------

Evaluate personalized models
Averaged Train Loss: 0.0173
Averaged Test Accurancy: 0.7621
Averaged Test AUC: 0.9600
Std Test Accurancy: 0.0759
Std Test AUC: 0.0196
ASR: 0.06023000539079728
attack_auc: 0.5966052010945165
Layer layer2.0.downsample.0.weight: 1/128 channels masked
Layer layer3.0.conv2.weight: 1/256 channels masked
Layer layer3.0.downsample.0.weight: 1/256 channels masked
Layer layer3.1.conv1.weight: 1/256 channels masked
Layer layer4.0.conv1.weight: 1/512 channels masked
Layer layer4.0.conv2.weight: 4/512 channels masked
Layer layer4.0.downsample.0.weight: 3/512 channels masked
Layer layer4.1.conv1.weight: 9/512 channels masked
------------------------- time cost ------------------------- 26.616376638412476
[PFedBA] Round 266: optimizing class-conditional trigger bank...
[PFedBA] trigger_opt total=7.8145 grad=0.8227 loss_align=6.8498 attack=0.1420 norm=28.2806

-------------Round number: 265-------------

Evaluate personalized models
Averaged Train Loss: 0.0203
Averaged Test Accurancy: 0.7651
Averaged Test AUC: 0.9605
Std Test Accurancy: 0.0705
Std Test AUC: 0.0191
ASR: 0.06443008940911919
attack_auc: 0.5981805352432706
Layer layer2.0.downsample.0.weight: 1/128 channels masked
Layer layer3.0.conv2.weight: 1/256 channels masked
Layer layer3.0.downsample.0.weight: 1/256 channels masked
Layer layer3.1.conv1.weight: 1/256 channels masked
Layer layer4.0.conv1.weight: 1/512 channels masked
Layer layer4.0.conv2.weight: 4/512 channels masked
Layer layer4.0.downsample.0.weight: 3/512 channels masked
Layer layer4.1.conv1.weight: 9/512 channels masked
------------------------- time cost ------------------------- 26.73374843597412
[PFedBA] Round 267: optimizing class-conditional trigger bank...
[PFedBA] trigger_opt total=7.7075 grad=0.9054 loss_align=6.6714 attack=0.1307 norm=28.2796

-------------Round number: 266-------------

Evaluate personalized models
Averaged Train Loss: 0.0200
Averaged Test Accurancy: 0.7602
Averaged Test AUC: 0.9605
Std Test Accurancy: 0.0763
Std Test AUC: 0.0194
ASR: 0.06666157968454074
attack_auc: 0.6000860709824756
Layer layer2.0.downsample.0.weight: 1/128 channels masked
Layer layer3.0.conv2.weight: 1/256 channels masked
Layer layer3.0.downsample.0.weight: 1/256 channels masked
Layer layer3.1.conv1.weight: 1/256 channels masked
Layer layer4.0.conv1.weight: 1/512 channels masked
Layer layer4.0.conv2.weight: 4/512 channels masked
Layer layer4.0.downsample.0.weight: 3/512 channels masked
Layer layer4.1.conv1.weight: 9/512 channels masked
------------------------- time cost ------------------------- 26.69220542907715
[PFedBA] Round 268: optimizing class-conditional trigger bank...
[PFedBA] trigger_opt total=7.6890 grad=0.8405 loss_align=6.6994 attack=0.1491 norm=28.2788

-------------Round number: 267-------------

Evaluate personalized models
Averaged Train Loss: 0.0180
Averaged Test Accurancy: 0.7598
Averaged Test AUC: 0.9604
Std Test Accurancy: 0.0738
Std Test AUC: 0.0189
ASR: 0.06354634693156429
attack_auc: 0.5976362030082917
Layer layer2.0.downsample.0.weight: 1/128 channels masked
Layer layer3.0.conv2.weight: 1/256 channels masked
Layer layer3.0.downsample.0.weight: 1/256 channels masked
Layer layer3.1.conv1.weight: 1/256 channels masked
Layer layer4.0.conv1.weight: 1/512 channels masked
Layer layer4.0.conv2.weight: 4/512 channels masked
Layer layer4.0.downsample.0.weight: 3/512 channels masked
Layer layer4.1.conv1.weight: 9/512 channels masked
------------------------- time cost ------------------------- 26.75270438194275
[PFedBA] Round 269: optimizing class-conditional trigger bank...
[PFedBA] trigger_opt total=7.6803 grad=0.8998 loss_align=6.6440 attack=0.1364 norm=28.2810

-------------Round number: 268-------------

Evaluate personalized models
Averaged Train Loss: 0.0182
Averaged Test Accurancy: 0.7621
Averaged Test AUC: 0.9606
Std Test Accurancy: 0.0743
Std Test AUC: 0.0193
ASR: 0.06523990800851816
attack_auc: 0.5984448894104358
Layer layer2.0.downsample.0.weight: 1/128 channels masked
Layer layer3.0.conv2.weight: 1/256 channels masked
Layer layer3.0.downsample.0.weight: 1/256 channels masked
Layer layer3.1.conv1.weight: 1/256 channels masked
Layer layer4.0.conv1.weight: 1/512 channels masked
Layer layer4.0.conv2.weight: 4/512 channels masked
Layer layer4.0.downsample.0.weight: 3/512 channels masked
Layer layer4.1.conv1.weight: 9/512 channels masked
------------------------- time cost ------------------------- 26.734966039657593
[PFedBA] Round 270: optimizing class-conditional trigger bank...
[PFedBA] trigger_opt total=7.8058 grad=0.9040 loss_align=6.7678 attack=0.1340 norm=28.2824

-------------Round number: 269-------------

Evaluate personalized models
Averaged Train Loss: 0.0164
Averaged Test Accurancy: 0.7597
Averaged Test AUC: 0.9605
Std Test Accurancy: 0.0724
Std Test AUC: 0.0190
ASR: 0.061710564142139
attack_auc: 0.5987890300225961
Layer layer2.0.downsample.0.weight: 1/128 channels masked
Layer layer3.0.conv2.weight: 1/256 channels masked
Layer layer3.0.downsample.0.weight: 1/256 channels masked
Layer layer3.1.conv1.weight: 1/256 channels masked
Layer layer4.0.conv1.weight: 1/512 channels masked
Layer layer4.0.conv2.weight: 4/512 channels masked
Layer layer4.0.downsample.0.weight: 3/512 channels masked
Layer layer4.1.conv1.weight: 9/512 channels masked
------------------------- time cost ------------------------- 26.617634296417236
[PFedBA] Round 271: optimizing class-conditional trigger bank...
[PFedBA] trigger_opt total=7.7689 grad=0.8953 loss_align=6.7488 attack=0.1248 norm=28.2828

-------------Round number: 270-------------

Evaluate personalized models
Averaged Train Loss: 0.0149
Averaged Test Accurancy: 0.7630
Averaged Test AUC: 0.9609
Std Test Accurancy: 0.0706
Std Test AUC: 0.0189
ASR: 0.06340285286615664
attack_auc: 0.5985874557088533
Layer layer2.0.downsample.0.weight: 1/128 channels masked
Layer layer3.0.conv2.weight: 1/256 channels masked
Layer layer3.0.downsample.0.weight: 1/256 channels masked
Layer layer3.1.conv1.weight: 1/256 channels masked
Layer layer4.0.conv1.weight: 1/512 channels masked
Layer layer4.0.conv2.weight: 4/512 channels masked
Layer layer4.0.downsample.0.weight: 3/512 channels masked
Layer layer4.1.conv1.weight: 9/512 channels masked
------------------------- time cost ------------------------- 26.800265789031982
[PFedBA] Round 272: optimizing class-conditional trigger bank...
[PFedBA] trigger_opt total=7.6978 grad=0.9029 loss_align=6.6430 attack=0.1518 norm=28.2840

-------------Round number: 271-------------

Evaluate personalized models
Averaged Train Loss: 0.0146
Averaged Test Accurancy: 0.7632
Averaged Test AUC: 0.9610
Std Test Accurancy: 0.0753
Std Test AUC: 0.0192
ASR: 0.06241237435966778
attack_auc: 0.5998299333784401
Layer layer2.0.downsample.0.weight: 1/128 channels masked
Layer layer3.0.conv2.weight: 1/256 channels masked
Layer layer3.0.downsample.0.weight: 1/256 channels masked
Layer layer3.1.conv1.weight: 1/256 channels masked
Layer layer4.0.conv1.weight: 1/512 channels masked
Layer layer4.0.conv2.weight: 4/512 channels masked
Layer layer4.0.downsample.0.weight: 3/512 channels masked
Layer layer4.1.conv1.weight: 9/512 channels masked
------------------------- time cost ------------------------- 26.60960555076599
[PFedBA] Round 273: optimizing class-conditional trigger bank...
[PFedBA] trigger_opt total=7.9002 grad=0.9484 loss_align=6.8493 attack=0.1025 norm=28.2839

-------------Round number: 272-------------

Evaluate personalized models
Averaged Train Loss: 0.0157
Averaged Test Accurancy: 0.7607
Averaged Test AUC: 0.9607
Std Test Accurancy: 0.0742
Std Test AUC: 0.0191
ASR: 0.06630450882686409
attack_auc: 0.6009792969106992
Layer layer2.0.downsample.0.weight: 1/128 channels masked
Layer layer3.0.conv2.weight: 1/256 channels masked
Layer layer3.0.downsample.0.weight: 1/256 channels masked
Layer layer3.1.conv1.weight: 1/256 channels masked
Layer layer4.0.conv1.weight: 1/512 channels masked
Layer layer4.0.conv2.weight: 4/512 channels masked
Layer layer4.0.downsample.0.weight: 3/512 channels masked
Layer layer4.1.conv1.weight: 9/512 channels masked
------------------------- time cost ------------------------- 26.78158688545227
[PFedBA] Round 274: optimizing class-conditional trigger bank...
[PFedBA] trigger_opt total=7.6226 grad=0.9073 loss_align=6.5860 attack=0.1293 norm=28.2824

-------------Round number: 273-------------

Evaluate personalized models
Averaged Train Loss: 0.0173
Averaged Test Accurancy: 0.7612
Averaged Test AUC: 0.9605
Std Test Accurancy: 0.0729
Std Test AUC: 0.0190
ASR: 0.06646785287210898
attack_auc: 0.6003581103975119
Layer layer2.0.downsample.0.weight: 1/128 channels masked
Layer layer3.0.conv2.weight: 1/256 channels masked
Layer layer3.0.downsample.0.weight: 1/256 channels masked
Layer layer3.1.conv1.weight: 1/256 channels masked
Layer layer4.0.conv1.weight: 1/512 channels masked
Layer layer4.0.conv2.weight: 4/512 channels masked
Layer layer4.0.downsample.0.weight: 3/512 channels masked
Layer layer4.1.conv1.weight: 9/512 channels masked
------------------------- time cost ------------------------- 26.63636803627014
[PFedBA] Round 275: optimizing class-conditional trigger bank...
[PFedBA] trigger_opt total=7.9005 grad=1.0096 loss_align=6.7986 attack=0.0922 norm=28.2839

-------------Round number: 274-------------

Evaluate personalized models
Averaged Train Loss: 0.0157
Averaged Test Accurancy: 0.7592
Averaged Test AUC: 0.9603
Std Test Accurancy: 0.0748
Std Test AUC: 0.0191
ASR: 0.0677125048231041
attack_auc: 0.6017207930629119
Layer layer2.0.downsample.0.weight: 1/128 channels masked
Layer layer3.0.conv2.weight: 1/256 channels masked
Layer layer3.0.downsample.0.weight: 1/256 channels masked
Layer layer3.1.conv1.weight: 1/256 channels masked
Layer layer4.0.conv1.weight: 1/512 channels masked
Layer layer4.0.conv2.weight: 4/512 channels masked
Layer layer4.0.downsample.0.weight: 3/512 channels masked
Layer layer4.1.conv1.weight: 9/512 channels masked
------------------------- time cost ------------------------- 26.634749174118042
[PFedBA] Round 276: optimizing class-conditional trigger bank...
[PFedBA] trigger_opt total=7.5243 grad=0.9051 loss_align=6.4622 attack=0.1570 norm=28.2862

-------------Round number: 275-------------

Evaluate personalized models
Averaged Train Loss: 0.0158
Averaged Test Accurancy: 0.7644
Averaged Test AUC: 0.9606
Std Test Accurancy: 0.0743
Std Test AUC: 0.0192
ASR: 0.0611983580166987
attack_auc: 0.6020117188961687
Layer layer2.0.downsample.0.weight: 1/128 channels masked
Layer layer3.0.conv2.weight: 1/256 channels masked
Layer layer3.0.downsample.0.weight: 1/256 channels masked
Layer layer3.1.conv1.weight: 1/256 channels masked
Layer layer4.0.conv1.weight: 1/512 channels masked
Layer layer4.0.conv2.weight: 4/512 channels masked
Layer layer4.0.downsample.0.weight: 3/512 channels masked
Layer layer4.1.conv1.weight: 9/512 channels masked
------------------------- time cost ------------------------- 26.596534967422485
[PFedBA] Round 277: optimizing class-conditional trigger bank...
[PFedBA] trigger_opt total=7.9794 grad=0.9275 loss_align=6.9375 attack=0.1144 norm=28.2841

-------------Round number: 276-------------

Evaluate personalized models
Averaged Train Loss: 0.0154
Averaged Test Accurancy: 0.7617
Averaged Test AUC: 0.9605
Std Test Accurancy: 0.0733
Std Test AUC: 0.0191
ASR: 0.0731731613360669
attack_auc: 0.6063955678195497
Layer layer2.0.downsample.0.weight: 1/128 channels masked
Layer layer3.0.conv2.weight: 1/256 channels masked
Layer layer3.0.downsample.0.weight: 1/256 channels masked
Layer layer3.1.conv1.weight: 1/256 channels masked
Layer layer4.0.conv1.weight: 1/512 channels masked
Layer layer4.0.conv2.weight: 4/512 channels masked
Layer layer4.0.downsample.0.weight: 3/512 channels masked
Layer layer4.1.conv1.weight: 9/512 channels masked
------------------------- time cost ------------------------- 26.736027002334595
[PFedBA] Round 278: optimizing class-conditional trigger bank...
[PFedBA] trigger_opt total=7.7544 grad=0.9573 loss_align=6.7051 attack=0.0919 norm=28.2865

-------------Round number: 277-------------

Evaluate personalized models
Averaged Train Loss: 0.0161
Averaged Test Accurancy: 0.7604
Averaged Test AUC: 0.9609
Std Test Accurancy: 0.0730
Std Test AUC: 0.0190
ASR: 0.0682544069602167
attack_auc: 0.6009444549047299
Layer layer2.0.downsample.0.weight: 1/128 channels masked
Layer layer3.0.conv2.weight: 1/256 channels masked
Layer layer3.0.downsample.0.weight: 1/256 channels masked
Layer layer3.1.conv1.weight: 1/256 channels masked
Layer layer4.0.conv1.weight: 1/512 channels masked
Layer layer4.0.conv2.weight: 4/512 channels masked
Layer layer4.0.downsample.0.weight: 3/512 channels masked
Layer layer4.1.conv1.weight: 9/512 channels masked
------------------------- time cost ------------------------- 26.711140632629395
[PFedBA] Round 279: optimizing class-conditional trigger bank...
[PFedBA] trigger_opt total=7.8872 grad=0.9070 loss_align=6.8104 attack=0.1698 norm=28.2886

-------------Round number: 278-------------

Evaluate personalized models
Averaged Train Loss: 0.0145
Averaged Test Accurancy: 0.7622
Averaged Test AUC: 0.9610
Std Test Accurancy: 0.0729
Std Test AUC: 0.0191
ASR: 0.06641802126076635
attack_auc: 0.600737777673806
Layer layer2.0.downsample.0.weight: 1/128 channels masked
Layer layer3.0.conv2.weight: 1/256 channels masked
Layer layer3.0.downsample.0.weight: 1/256 channels masked
Layer layer3.1.conv1.weight: 1/256 channels masked
Layer layer4.0.conv1.weight: 1/512 channels masked
Layer layer4.0.conv2.weight: 4/512 channels masked
Layer layer4.0.downsample.0.weight: 3/512 channels masked
Layer layer4.1.conv1.weight: 9/512 channels masked
------------------------- time cost ------------------------- 26.679771900177002
[PFedBA] Round 280: optimizing class-conditional trigger bank...
[PFedBA] trigger_opt total=7.7814 grad=0.9692 loss_align=6.6955 attack=0.1166 norm=28.2928

-------------Round number: 279-------------

Evaluate personalized models
Averaged Train Loss: 0.0153
Averaged Test Accurancy: 0.7667
Averaged Test AUC: 0.9612
Std Test Accurancy: 0.0716
Std Test AUC: 0.0190
ASR: 0.06897056518736427
attack_auc: 0.6020140901730238
Layer layer2.0.downsample.0.weight: 1/128 channels masked
Layer layer3.0.conv2.weight: 1/256 channels masked
Layer layer3.0.downsample.0.weight: 1/256 channels masked
Layer layer3.1.conv1.weight: 1/256 channels masked
Layer layer4.0.conv1.weight: 1/512 channels masked
Layer layer4.0.conv2.weight: 4/512 channels masked
Layer layer4.0.downsample.0.weight: 3/512 channels masked
Layer layer4.1.conv1.weight: 9/512 channels masked
------------------------- time cost ------------------------- 26.64139723777771
[PFedBA] Round 281: optimizing class-conditional trigger bank...
[PFedBA] trigger_opt total=7.7741 grad=0.9380 loss_align=6.6944 attack=0.1417 norm=28.2954

-------------Round number: 280-------------

Evaluate personalized models
Averaged Train Loss: 0.0158
Averaged Test Accurancy: 0.7651
Averaged Test AUC: 0.9609
Std Test Accurancy: 0.0715
Std Test AUC: 0.0192
ASR: 0.06721841199704724
attack_auc: 0.6019796273063253
Layer layer2.0.downsample.0.weight: 1/128 channels masked
Layer layer3.0.conv2.weight: 1/256 channels masked
Layer layer3.0.downsample.0.weight: 1/256 channels masked
Layer layer3.1.conv1.weight: 1/256 channels masked
Layer layer4.0.conv1.weight: 1/512 channels masked
Layer layer4.0.conv2.weight: 4/512 channels masked
Layer layer4.0.downsample.0.weight: 3/512 channels masked
Layer layer4.1.conv1.weight: 9/512 channels masked
------------------------- time cost ------------------------- 26.849149465560913
[PFedBA] Round 282: optimizing class-conditional trigger bank...
[PFedBA] trigger_opt total=8.0264 grad=0.8964 loss_align=6.9684 attack=0.1616 norm=28.2983

-------------Round number: 281-------------

Evaluate personalized models
Averaged Train Loss: 0.0155
Averaged Test Accurancy: 0.7627
Averaged Test AUC: 0.9610
Std Test Accurancy: 0.0753
Std Test AUC: 0.0192
ASR: 0.06476581047939749
attack_auc: 0.5989740266329234
Layer layer2.0.downsample.0.weight: 1/128 channels masked
Layer layer3.0.conv2.weight: 1/256 channels masked
Layer layer3.0.downsample.0.weight: 1/256 channels masked
Layer layer3.1.conv1.weight: 1/256 channels masked
Layer layer4.0.conv1.weight: 1/512 channels masked
Layer layer4.0.conv2.weight: 4/512 channels masked
Layer layer4.0.downsample.0.weight: 3/512 channels masked
Layer layer4.1.conv1.weight: 9/512 channels masked
------------------------- time cost ------------------------- 26.794301986694336
[PFedBA] Round 283: optimizing class-conditional trigger bank...
[PFedBA] trigger_opt total=7.7383 grad=1.0188 loss_align=6.6242 attack=0.0953 norm=28.2995

-------------Round number: 282-------------

Evaluate personalized models
Averaged Train Loss: 0.0183
Averaged Test Accurancy: 0.7608
Averaged Test AUC: 0.9610
Std Test Accurancy: 0.0738
Std Test AUC: 0.0188
ASR: 0.06651347631580579
attack_auc: 0.6008110721919464
Layer layer2.0.downsample.0.weight: 1/128 channels masked
Layer layer3.0.conv2.weight: 1/256 channels masked
Layer layer3.0.downsample.0.weight: 1/256 channels masked
Layer layer3.1.conv1.weight: 1/256 channels masked
Layer layer4.0.conv1.weight: 1/512 channels masked
Layer layer4.0.conv2.weight: 4/512 channels masked
Layer layer4.0.downsample.0.weight: 3/512 channels masked
Layer layer4.1.conv1.weight: 9/512 channels masked
------------------------- time cost ------------------------- 26.637179613113403
[PFedBA] Round 284: optimizing class-conditional trigger bank...
[PFedBA] trigger_opt total=7.8477 grad=0.9170 loss_align=6.8053 attack=0.1253 norm=28.3010

-------------Round number: 283-------------

Evaluate personalized models
Averaged Train Loss: 0.0145
Averaged Test Accurancy: 0.7641
Averaged Test AUC: 0.9612
Std Test Accurancy: 0.0731
Std Test AUC: 0.0190
ASR: 0.06416335211638001
attack_auc: 0.5970393359247576
Layer layer2.0.downsample.0.weight: 1/128 channels masked
Layer layer3.0.conv2.weight: 1/256 channels masked
Layer layer3.0.downsample.0.weight: 1/256 channels masked
Layer layer3.1.conv1.weight: 1/256 channels masked
Layer layer4.0.conv1.weight: 1/512 channels masked
Layer layer4.0.conv2.weight: 4/512 channels masked
Layer layer4.0.downsample.0.weight: 3/512 channels masked
Layer layer4.1.conv1.weight: 9/512 channels masked
------------------------- time cost ------------------------- 26.935617923736572
[PFedBA] Round 285: optimizing class-conditional trigger bank...
[PFedBA] trigger_opt total=7.9910 grad=0.9540 loss_align=6.9365 attack=0.1005 norm=28.3017

-------------Round number: 284-------------

Evaluate personalized models
Averaged Train Loss: 0.0152
Averaged Test Accurancy: 0.7597
Averaged Test AUC: 0.9604
Std Test Accurancy: 0.0757
Std Test AUC: 0.0193
ASR: 0.06676393929708016
attack_auc: 0.6000517502396923
Layer layer2.0.downsample.0.weight: 1/128 channels masked
Layer layer3.0.conv2.weight: 1/256 channels masked
Layer layer3.0.downsample.0.weight: 1/256 channels masked
Layer layer3.1.conv1.weight: 1/256 channels masked
Layer layer4.0.conv1.weight: 1/512 channels masked
Layer layer4.0.conv2.weight: 4/512 channels masked
Layer layer4.0.downsample.0.weight: 3/512 channels masked
Layer layer4.1.conv1.weight: 9/512 channels masked
------------------------- time cost ------------------------- 26.674487352371216
[PFedBA] Round 286: optimizing class-conditional trigger bank...
[PFedBA] trigger_opt total=7.9668 grad=0.9932 loss_align=6.8581 attack=0.1155 norm=28.3054

-------------Round number: 285-------------

Evaluate personalized models
Averaged Train Loss: 0.0166
Averaged Test Accurancy: 0.7588
Averaged Test AUC: 0.9605
Std Test Accurancy: 0.0778
Std Test AUC: 0.0195
ASR: 0.06560376350346298
attack_auc: 0.6009999456082523
Layer layer2.0.downsample.0.weight: 1/128 channels masked
Layer layer3.0.conv2.weight: 1/256 channels masked
Layer layer3.0.downsample.0.weight: 1/256 channels masked
Layer layer3.1.conv1.weight: 1/256 channels masked
Layer layer4.0.conv1.weight: 1/512 channels masked
Layer layer4.0.conv2.weight: 4/512 channels masked
Layer layer4.0.downsample.0.weight: 3/512 channels masked
Layer layer4.1.conv1.weight: 9/512 channels masked
------------------------- time cost ------------------------- 26.751500606536865
[PFedBA] Round 287: optimizing class-conditional trigger bank...
[PFedBA] trigger_opt total=7.8111 grad=0.8592 loss_align=6.8128 attack=0.1390 norm=28.3053

-------------Round number: 286-------------

Evaluate personalized models
Averaged Train Loss: 0.0150
Averaged Test Accurancy: 0.7645
Averaged Test AUC: 0.9610
Std Test Accurancy: 0.0717
Std Test AUC: 0.0182
ASR: 0.06291009941450218
attack_auc: 0.5989623275829096
Layer layer2.0.downsample.0.weight: 1/128 channels masked
Layer layer3.0.conv2.weight: 1/256 channels masked
Layer layer3.0.downsample.0.weight: 1/256 channels masked
Layer layer3.1.conv1.weight: 1/256 channels masked
Layer layer4.0.conv1.weight: 1/512 channels masked
Layer layer4.0.conv2.weight: 4/512 channels masked
Layer layer4.0.downsample.0.weight: 3/512 channels masked
Layer layer4.1.conv1.weight: 9/512 channels masked
------------------------- time cost ------------------------- 26.58436393737793
[PFedBA] Round 288: optimizing class-conditional trigger bank...
[PFedBA] trigger_opt total=7.9184 grad=0.9643 loss_align=6.8398 attack=0.1143 norm=28.3077

-------------Round number: 287-------------

Evaluate personalized models
Averaged Train Loss: 0.0137
Averaged Test Accurancy: 0.7661
Averaged Test AUC: 0.9611
Std Test Accurancy: 0.0746
Std Test AUC: 0.0192
ASR: 0.0650657191018923
attack_auc: 0.6037107547780425
Layer layer2.0.downsample.0.weight: 1/128 channels masked
Layer layer3.0.conv2.weight: 1/256 channels masked
Layer layer3.0.downsample.0.weight: 1/256 channels masked
Layer layer3.1.conv1.weight: 1/256 channels masked
Layer layer4.0.conv1.weight: 1/512 channels masked
Layer layer4.0.conv2.weight: 4/512 channels masked
Layer layer4.0.downsample.0.weight: 3/512 channels masked
Layer layer4.1.conv1.weight: 9/512 channels masked
------------------------- time cost ------------------------- 26.495407819747925
[PFedBA] Round 289: optimizing class-conditional trigger bank...
[PFedBA] trigger_opt total=7.9989 grad=0.8790 loss_align=6.9466 attack=0.1733 norm=28.3098

-------------Round number: 288-------------

Evaluate personalized models
Averaged Train Loss: 0.0131
Averaged Test Accurancy: 0.7671
Averaged Test AUC: 0.9614
Std Test Accurancy: 0.0733
Std Test AUC: 0.0187
ASR: 0.060754953413153436
attack_auc: 0.6040462533854895
Layer layer2.0.downsample.0.weight: 1/128 channels masked
Layer layer3.0.conv2.weight: 1/256 channels masked
Layer layer3.0.downsample.0.weight: 1/256 channels masked
Layer layer3.1.conv1.weight: 1/256 channels masked
Layer layer4.0.conv1.weight: 1/512 channels masked
Layer layer4.0.conv2.weight: 4/512 channels masked
Layer layer4.0.downsample.0.weight: 3/512 channels masked
Layer layer4.1.conv1.weight: 9/512 channels masked
------------------------- time cost ------------------------- 26.74376368522644
[PFedBA] Round 290: optimizing class-conditional trigger bank...
[PFedBA] trigger_opt total=7.6756 grad=0.9202 loss_align=6.6289 attack=0.1265 norm=28.3115

-------------Round number: 289-------------

Evaluate personalized models
Averaged Train Loss: 0.0156
Averaged Test Accurancy: 0.7612
Averaged Test AUC: 0.9607
Std Test Accurancy: 0.0750
Std Test AUC: 0.0191
ASR: 0.06547741013716572
attack_auc: 0.6042623907733058
Layer layer2.0.downsample.0.weight: 1/128 channels masked
Layer layer3.0.conv2.weight: 1/256 channels masked
Layer layer3.0.downsample.0.weight: 1/256 channels masked
Layer layer3.1.conv1.weight: 1/256 channels masked
Layer layer4.0.conv1.weight: 1/512 channels masked
Layer layer4.0.conv2.weight: 4/512 channels masked
Layer layer4.0.downsample.0.weight: 3/512 channels masked
Layer layer4.1.conv1.weight: 9/512 channels masked
------------------------- time cost ------------------------- 26.688983917236328
[PFedBA] Round 291: optimizing class-conditional trigger bank...
[PFedBA] trigger_opt total=7.9120 grad=0.9841 loss_align=6.8211 attack=0.1069 norm=28.3150

-------------Round number: 290-------------

Evaluate personalized models
Averaged Train Loss: 0.0146
Averaged Test Accurancy: 0.7644
Averaged Test AUC: 0.9610
Std Test Accurancy: 0.0742
Std Test AUC: 0.0189
ASR: 0.0674125295290467
attack_auc: 0.5994710855356912
Layer layer2.0.downsample.0.weight: 1/128 channels masked
Layer layer3.0.conv2.weight: 1/256 channels masked
Layer layer3.0.downsample.0.weight: 1/256 channels masked
Layer layer3.1.conv1.weight: 1/256 channels masked
Layer layer4.0.conv1.weight: 1/512 channels masked
Layer layer4.0.conv2.weight: 4/512 channels masked
Layer layer4.0.downsample.0.weight: 3/512 channels masked
Layer layer4.1.conv1.weight: 9/512 channels masked
------------------------- time cost ------------------------- 26.85535168647766
[PFedBA] Round 292: optimizing class-conditional trigger bank...
[PFedBA] trigger_opt total=7.7710 grad=0.9495 loss_align=6.6814 attack=0.1401 norm=28.3159

-------------Round number: 291-------------

Evaluate personalized models
Averaged Train Loss: 0.0132
Averaged Test Accurancy: 0.7655
Averaged Test AUC: 0.9611
Std Test Accurancy: 0.0771
Std Test AUC: 0.0192
ASR: 0.06394072649575591
attack_auc: 0.6034319126103271
Layer layer2.0.downsample.0.weight: 1/128 channels masked
Layer layer3.0.conv2.weight: 1/256 channels masked
Layer layer3.0.downsample.0.weight: 1/256 channels masked
Layer layer3.1.conv1.weight: 1/256 channels masked
Layer layer4.0.conv1.weight: 1/512 channels masked
Layer layer4.0.conv2.weight: 4/512 channels masked
Layer layer4.0.downsample.0.weight: 3/512 channels masked
Layer layer4.1.conv1.weight: 9/512 channels masked
------------------------- time cost ------------------------- 26.7521710395813
[PFedBA] Round 293: optimizing class-conditional trigger bank...
[PFedBA] trigger_opt total=7.9759 grad=0.9094 loss_align=6.9607 attack=0.1058 norm=28.3191

-------------Round number: 292-------------

Evaluate personalized models
Averaged Train Loss: 0.0143
Averaged Test Accurancy: 0.7626
Averaged Test AUC: 0.9611
Std Test Accurancy: 0.0721
Std Test AUC: 0.0184
ASR: 0.06766239240575048
attack_auc: 0.6035549394340969
Layer layer2.0.downsample.0.weight: 1/128 channels masked
Layer layer3.0.conv2.weight: 1/256 channels masked
Layer layer3.0.downsample.0.weight: 1/256 channels masked
Layer layer3.1.conv1.weight: 1/256 channels masked
Layer layer4.0.conv1.weight: 1/512 channels masked
Layer layer4.0.conv2.weight: 4/512 channels masked
Layer layer4.0.downsample.0.weight: 3/512 channels masked
Layer layer4.1.conv1.weight: 9/512 channels masked
------------------------- time cost ------------------------- 26.602495431900024
[PFedBA] Round 294: optimizing class-conditional trigger bank...
[PFedBA] trigger_opt total=7.5016 grad=0.8520 loss_align=6.4757 attack=0.1739 norm=28.3188

-------------Round number: 293-------------

Evaluate personalized models
Averaged Train Loss: 0.0164
Averaged Test Accurancy: 0.7654
Averaged Test AUC: 0.9612
Std Test Accurancy: 0.0696
Std Test AUC: 0.0188
ASR: 0.068465095135868
attack_auc: 0.6046984217938001
Layer layer2.0.downsample.0.weight: 1/128 channels masked
Layer layer3.0.conv2.weight: 1/256 channels masked
Layer layer3.0.downsample.0.weight: 1/256 channels masked
Layer layer3.1.conv1.weight: 1/256 channels masked
Layer layer4.0.conv1.weight: 1/512 channels masked
Layer layer4.0.conv2.weight: 4/512 channels masked
Layer layer4.0.downsample.0.weight: 3/512 channels masked
Layer layer4.1.conv1.weight: 9/512 channels masked
------------------------- time cost ------------------------- 26.649179935455322
[PFedBA] Round 295: optimizing class-conditional trigger bank...
[PFedBA] trigger_opt total=7.9342 grad=0.9088 loss_align=6.8906 attack=0.1348 norm=28.3183

-------------Round number: 294-------------

Evaluate personalized models
Averaged Train Loss: 0.0154
Averaged Test Accurancy: 0.7604
Averaged Test AUC: 0.9609
Std Test Accurancy: 0.0731
Std Test AUC: 0.0192
ASR: 0.06621850715532333
attack_auc: 0.5969475366502764
Layer layer2.0.downsample.0.weight: 1/128 channels masked
Layer layer3.0.conv2.weight: 1/256 channels masked
Layer layer3.0.downsample.0.weight: 1/256 channels masked
Layer layer3.1.conv1.weight: 1/256 channels masked
Layer layer4.0.conv1.weight: 1/512 channels masked
Layer layer4.0.conv2.weight: 4/512 channels masked
Layer layer4.0.downsample.0.weight: 3/512 channels masked
Layer layer4.1.conv1.weight: 9/512 channels masked
------------------------- time cost ------------------------- 26.530101776123047
[PFedBA] Round 296: optimizing class-conditional trigger bank...
[PFedBA] trigger_opt total=7.8493 grad=0.9126 loss_align=6.8035 attack=0.1333 norm=28.3186

-------------Round number: 295-------------

Evaluate personalized models
Averaged Train Loss: 0.0156
Averaged Test Accurancy: 0.7621
Averaged Test AUC: 0.9610
Std Test Accurancy: 0.0732
Std Test AUC: 0.0188
ASR: 0.061235552783315175
attack_auc: 0.6034408907782349
Layer layer2.0.downsample.0.weight: 1/128 channels masked
Layer layer3.0.conv2.weight: 1/256 channels masked
Layer layer3.0.downsample.0.weight: 1/256 channels masked
Layer layer3.1.conv1.weight: 1/256 channels masked
Layer layer4.0.conv1.weight: 1/512 channels masked
Layer layer4.0.conv2.weight: 4/512 channels masked
Layer layer4.0.downsample.0.weight: 3/512 channels masked
Layer layer4.1.conv1.weight: 9/512 channels masked
------------------------- time cost ------------------------- 26.54495644569397
[PFedBA] Round 297: optimizing class-conditional trigger bank...
[PFedBA] trigger_opt total=8.0274 grad=1.0160 loss_align=6.8983 attack=0.1130 norm=28.3211

-------------Round number: 296-------------

Evaluate personalized models
Averaged Train Loss: 0.0134
Averaged Test Accurancy: 0.7635
Averaged Test AUC: 0.9610
Std Test Accurancy: 0.0726
Std Test AUC: 0.0189
ASR: 0.0701984012043175
attack_auc: 0.6040800244147532
Layer layer2.0.downsample.0.weight: 1/128 channels masked
Layer layer3.0.conv2.weight: 1/256 channels masked
Layer layer3.0.downsample.0.weight: 1/256 channels masked
Layer layer3.1.conv1.weight: 1/256 channels masked
Layer layer4.0.conv1.weight: 1/512 channels masked
Layer layer4.0.conv2.weight: 4/512 channels masked
Layer layer4.0.downsample.0.weight: 3/512 channels masked
Layer layer4.1.conv1.weight: 9/512 channels masked
------------------------- time cost ------------------------- 26.398081302642822
[PFedBA] Round 298: optimizing class-conditional trigger bank...
[PFedBA] trigger_opt total=7.9468 grad=0.9006 loss_align=6.8520 attack=0.1942 norm=28.3237

-------------Round number: 297-------------

Evaluate personalized models
Averaged Train Loss: 0.0180
Averaged Test Accurancy: 0.7631
Averaged Test AUC: 0.9612
Std Test Accurancy: 0.0691
Std Test AUC: 0.0186
ASR: 0.06076554300373061
attack_auc: 0.6038220623673628
Layer layer2.0.downsample.0.weight: 1/128 channels masked
Layer layer3.0.conv2.weight: 1/256 channels masked
Layer layer3.0.downsample.0.weight: 1/256 channels masked
Layer layer3.1.conv1.weight: 1/256 channels masked
Layer layer4.0.conv1.weight: 1/512 channels masked
Layer layer4.0.conv2.weight: 4/512 channels masked
Layer layer4.0.downsample.0.weight: 3/512 channels masked
Layer layer4.1.conv1.weight: 9/512 channels masked
------------------------- time cost ------------------------- 26.82221484184265
[PFedBA] Round 299: optimizing class-conditional trigger bank...
[PFedBA] trigger_opt total=7.9896 grad=0.8777 loss_align=6.9533 attack=0.1585 norm=28.3238

-------------Round number: 298-------------

Evaluate personalized models
Averaged Train Loss: 0.0125
Averaged Test Accurancy: 0.7664
Averaged Test AUC: 0.9611
Std Test Accurancy: 0.0721
Std Test AUC: 0.0188
ASR: 0.0676199459776122
attack_auc: 0.5995613587951686
Layer layer2.0.downsample.0.weight: 1/128 channels masked
Layer layer3.0.conv2.weight: 1/256 channels masked
Layer layer3.0.downsample.0.weight: 1/256 channels masked
Layer layer3.1.conv1.weight: 1/256 channels masked
Layer layer4.0.conv1.weight: 1/512 channels masked
Layer layer4.0.conv2.weight: 4/512 channels masked
Layer layer4.0.downsample.0.weight: 3/512 channels masked
Layer layer4.1.conv1.weight: 9/512 channels masked
------------------------- time cost ------------------------- 26.597327709197998
[PFedBA] Round 300: optimizing class-conditional trigger bank...
[PFedBA] trigger_opt total=7.6640 grad=0.9571 loss_align=6.5780 attack=0.1289 norm=28.3245

-------------Round number: 299-------------

Evaluate personalized models
Averaged Train Loss: 0.0189
Averaged Test Accurancy: 0.7622
Averaged Test AUC: 0.9607
Std Test Accurancy: 0.0731
Std Test AUC: 0.0193
ASR: 0.0640504450545029
attack_auc: 0.6028987992192024
Layer layer2.0.downsample.0.weight: 1/128 channels masked
Layer layer3.0.conv2.weight: 1/256 channels masked
Layer layer3.0.downsample.0.weight: 1/256 channels masked
Layer layer3.1.conv1.weight: 1/256 channels masked
Layer layer4.0.conv1.weight: 1/512 channels masked
Layer layer4.0.conv2.weight: 4/512 channels masked
Layer layer4.0.downsample.0.weight: 3/512 channels masked
Layer layer4.1.conv1.weight: 9/512 channels masked
------------------------- time cost ------------------------- 26.441580772399902
[PFedBA] Round 301: optimizing class-conditional trigger bank...
[PFedBA] trigger_opt total=8.1419 grad=0.9048 loss_align=7.0667 attack=0.1705 norm=28.3261

-------------Round number: 300-------------

Evaluate personalized models
Averaged Train Loss: 0.0116
Averaged Test Accurancy: 0.7653
Averaged Test AUC: 0.9614
Std Test Accurancy: 0.0756
Std Test AUC: 0.0193
ASR: 0.06883847067048209
attack_auc: 0.6088070985402637
Layer layer2.0.downsample.0.weight: 1/128 channels masked
Layer layer3.0.conv2.weight: 1/256 channels masked
Layer layer3.0.downsample.0.weight: 1/256 channels masked
Layer layer3.1.conv1.weight: 1/256 channels masked
Layer layer4.0.conv1.weight: 1/512 channels masked
Layer layer4.0.conv2.weight: 4/512 channels masked
Layer layer4.0.downsample.0.weight: 3/512 channels masked
Layer layer4.1.conv1.weight: 9/512 channels masked
------------------------- time cost ------------------------- 26.58162236213684
[PFedBA] Round 302: optimizing class-conditional trigger bank...
[PFedBA] trigger_opt total=7.8230 grad=0.8390 loss_align=6.8487 attack=0.1353 norm=28.3233

-------------Round number: 301-------------

Evaluate personalized models
Averaged Train Loss: 0.0116
Averaged Test Accurancy: 0.7649
Averaged Test AUC: 0.9616
Std Test Accurancy: 0.0731
Std Test AUC: 0.0187
ASR: 0.06516012174952313
attack_auc: 0.6033186909555766
Layer layer2.0.downsample.0.weight: 1/128 channels masked
Layer layer3.0.conv2.weight: 1/256 channels masked
Layer layer3.0.downsample.0.weight: 1/256 channels masked
Layer layer3.1.conv1.weight: 1/256 channels masked
Layer layer4.0.conv1.weight: 1/512 channels masked
Layer layer4.0.conv2.weight: 4/512 channels masked
Layer layer4.0.downsample.0.weight: 3/512 channels masked
Layer layer4.1.conv1.weight: 9/512 channels masked
------------------------- time cost ------------------------- 26.421792030334473
[PFedBA] Round 303: optimizing class-conditional trigger bank...
[PFedBA] trigger_opt total=7.8737 grad=0.9063 loss_align=6.8328 attack=0.1346 norm=28.3256

-------------Round number: 302-------------

Evaluate personalized models
Averaged Train Loss: 0.0148
Averaged Test Accurancy: 0.7599
Averaged Test AUC: 0.9612
Std Test Accurancy: 0.0737
Std Test AUC: 0.0186
ASR: 0.0666799964746118
attack_auc: 0.600262313544714
Layer layer2.0.downsample.0.weight: 1/128 channels masked
Layer layer3.0.conv2.weight: 1/256 channels masked
Layer layer3.0.downsample.0.weight: 1/256 channels masked
Layer layer3.1.conv1.weight: 1/256 channels masked
Layer layer4.0.conv1.weight: 1/512 channels masked
Layer layer4.0.conv2.weight: 4/512 channels masked
Layer layer4.0.downsample.0.weight: 3/512 channels masked
Layer layer4.1.conv1.weight: 9/512 channels masked
------------------------- time cost ------------------------- 26.6120548248291
[PFedBA] Round 304: optimizing class-conditional trigger bank...
[PFedBA] trigger_opt total=7.9247 grad=0.8916 loss_align=6.8317 attack=0.2014 norm=28.3267

-------------Round number: 303-------------

Evaluate personalized models
Averaged Train Loss: 0.0117
Averaged Test Accurancy: 0.7667
Averaged Test AUC: 0.9617
Std Test Accurancy: 0.0728
Std Test AUC: 0.0189
ASR: 0.07199887387209852
attack_auc: 0.6035848758567477
Layer layer2.0.downsample.0.weight: 1/128 channels masked
Layer layer3.0.conv2.weight: 1/256 channels masked
Layer layer3.0.downsample.0.weight: 1/256 channels masked
Layer layer3.1.conv1.weight: 1/256 channels masked
Layer layer4.0.conv1.weight: 1/512 channels masked
Layer layer4.0.conv2.weight: 4/512 channels masked
Layer layer4.0.downsample.0.weight: 3/512 channels masked
Layer layer4.1.conv1.weight: 9/512 channels masked
------------------------- time cost ------------------------- 26.778528451919556
[PFedBA] Round 305: optimizing class-conditional trigger bank...
[PFedBA] trigger_opt total=8.0384 grad=0.9322 loss_align=6.9630 attack=0.1432 norm=28.3297

-------------Round number: 304-------------

Evaluate personalized models
Averaged Train Loss: 0.0118
Averaged Test Accurancy: 0.7657
Averaged Test AUC: 0.9612
Std Test Accurancy: 0.0745
Std Test AUC: 0.0192
ASR: 0.0709945262521576
attack_auc: 0.6038578783481501
Layer layer2.0.downsample.0.weight: 1/128 channels masked
Layer layer3.0.conv2.weight: 1/256 channels masked
Layer layer3.0.downsample.0.weight: 1/256 channels masked
Layer layer3.1.conv1.weight: 1/256 channels masked
Layer layer4.0.conv1.weight: 1/512 channels masked
Layer layer4.0.conv2.weight: 4/512 channels masked
Layer layer4.0.downsample.0.weight: 3/512 channels masked
Layer layer4.1.conv1.weight: 9/512 channels masked
------------------------- time cost ------------------------- 26.532117128372192
[PFedBA] Round 306: optimizing class-conditional trigger bank...
[PFedBA] trigger_opt total=7.7480 grad=0.8969 loss_align=6.7096 attack=0.1416 norm=28.3309

-------------Round number: 305-------------

Evaluate personalized models
Averaged Train Loss: 0.0130
Averaged Test Accurancy: 0.7596
Averaged Test AUC: 0.9610
Std Test Accurancy: 0.0715
Std Test AUC: 0.0191
ASR: 0.06624926152886791
attack_auc: 0.6051039232633573
Layer layer2.0.downsample.0.weight: 1/128 channels masked
Layer layer3.0.conv2.weight: 1/256 channels masked
Layer layer3.0.downsample.0.weight: 1/256 channels masked
Layer layer3.1.conv1.weight: 1/256 channels masked
Layer layer4.0.conv1.weight: 1/512 channels masked
Layer layer4.0.conv2.weight: 4/512 channels masked
Layer layer4.0.downsample.0.weight: 3/512 channels masked
Layer layer4.1.conv1.weight: 9/512 channels masked
------------------------- time cost ------------------------- 26.693976402282715
[PFedBA] Round 307: optimizing class-conditional trigger bank...
[PFedBA] trigger_opt total=8.0384 grad=0.8958 loss_align=7.0079 attack=0.1347 norm=28.3314

-------------Round number: 306-------------

Evaluate personalized models
Averaged Train Loss: 0.0160
Averaged Test Accurancy: 0.7623
Averaged Test AUC: 0.9610
Std Test Accurancy: 0.0753
Std Test AUC: 0.0187
ASR: 0.07054042901405225
attack_auc: 0.6031148323295495
Layer layer2.0.downsample.0.weight: 1/128 channels masked
Layer layer3.0.conv2.weight: 1/256 channels masked
Layer layer3.0.downsample.0.weight: 1/256 channels masked
Layer layer3.1.conv1.weight: 1/256 channels masked
Layer layer4.0.conv1.weight: 1/512 channels masked
Layer layer4.0.conv2.weight: 4/512 channels masked
Layer layer4.0.downsample.0.weight: 3/512 channels masked
Layer layer4.1.conv1.weight: 9/512 channels masked
------------------------- time cost ------------------------- 26.66236901283264
[PFedBA] Round 308: optimizing class-conditional trigger bank...
[PFedBA] trigger_opt total=8.2726 grad=0.9232 loss_align=7.2084 attack=0.1410 norm=28.3303

-------------Round number: 307-------------

Evaluate personalized models
Averaged Train Loss: 0.0188
Averaged Test Accurancy: 0.7616
Averaged Test AUC: 0.9607
Std Test Accurancy: 0.0739
Std Test AUC: 0.0191
ASR: 0.06357271330972877
attack_auc: 0.6024068529695589
Layer layer2.0.downsample.0.weight: 1/128 channels masked
Layer layer3.0.conv2.weight: 1/256 channels masked
Layer layer3.0.downsample.0.weight: 1/256 channels masked
Layer layer3.1.conv1.weight: 1/256 channels masked
Layer layer4.0.conv1.weight: 1/512 channels masked
Layer layer4.0.conv2.weight: 4/512 channels masked
Layer layer4.0.downsample.0.weight: 3/512 channels masked
Layer layer4.1.conv1.weight: 9/512 channels masked
------------------------- time cost ------------------------- 26.932400703430176
[PFedBA] Round 309: optimizing class-conditional trigger bank...
[PFedBA] trigger_opt total=7.7363 grad=0.9712 loss_align=6.6481 attack=0.1169 norm=28.3299

-------------Round number: 308-------------

Evaluate personalized models
Averaged Train Loss: 0.0119
Averaged Test Accurancy: 0.7637
Averaged Test AUC: 0.9610
Std Test Accurancy: 0.0750
Std Test AUC: 0.0188
ASR: 0.06720078377276054
attack_auc: 0.6051382845554105
Layer layer2.0.downsample.0.weight: 1/128 channels masked
Layer layer3.0.conv2.weight: 1/256 channels masked
Layer layer3.0.downsample.0.weight: 1/256 channels masked
Layer layer3.1.conv1.weight: 1/256 channels masked
Layer layer4.0.conv1.weight: 1/512 channels masked
Layer layer4.0.conv2.weight: 4/512 channels masked
Layer layer4.0.downsample.0.weight: 3/512 channels masked
Layer layer4.1.conv1.weight: 9/512 channels masked
------------------------- time cost ------------------------- 26.77470564842224
[PFedBA] Round 310: optimizing class-conditional trigger bank...
[PFedBA] trigger_opt total=7.8614 grad=0.8308 loss_align=6.8968 attack=0.1338 norm=28.3281

-------------Round number: 309-------------

Evaluate personalized models
Averaged Train Loss: 0.0128
Averaged Test Accurancy: 0.7599
Averaged Test AUC: 0.9607
Std Test Accurancy: 0.0749
Std Test AUC: 0.0193
ASR: 0.06825716390682592
attack_auc: 0.6059288511986192
Layer layer2.0.downsample.0.weight: 1/128 channels masked
Layer layer3.0.conv2.weight: 1/256 channels masked
Layer layer3.0.downsample.0.weight: 1/256 channels masked
Layer layer3.1.conv1.weight: 1/256 channels masked
Layer layer4.0.conv1.weight: 1/512 channels masked
Layer layer4.0.conv2.weight: 4/512 channels masked
Layer layer4.0.downsample.0.weight: 3/512 channels masked
Layer layer4.1.conv1.weight: 9/512 channels masked
------------------------- time cost ------------------------- 26.682124614715576
[PFedBA] Round 311: optimizing class-conditional trigger bank...
[PFedBA] trigger_opt total=7.8418 grad=0.9373 loss_align=6.7585 attack=0.1460 norm=28.3298

-------------Round number: 310-------------

Evaluate personalized models
Averaged Train Loss: 0.0105
Averaged Test Accurancy: 0.7650
Averaged Test AUC: 0.9612
Std Test Accurancy: 0.0719
Std Test AUC: 0.0186
ASR: 0.07453460276428818
attack_auc: 0.6063238423138526
Layer layer2.0.downsample.0.weight: 1/128 channels masked
Layer layer3.0.conv2.weight: 1/256 channels masked
Layer layer3.0.downsample.0.weight: 1/256 channels masked
Layer layer3.1.conv1.weight: 1/256 channels masked
Layer layer4.0.conv1.weight: 1/512 channels masked
Layer layer4.0.conv2.weight: 4/512 channels masked
Layer layer4.0.downsample.0.weight: 3/512 channels masked
Layer layer4.1.conv1.weight: 9/512 channels masked
------------------------- time cost ------------------------- 26.80776071548462
[PFedBA] Round 312: optimizing class-conditional trigger bank...
[PFedBA] trigger_opt total=7.7150 grad=0.8606 loss_align=6.7443 attack=0.1102 norm=28.3297

-------------Round number: 311-------------

Evaluate personalized models
Averaged Train Loss: 0.0125
Averaged Test Accurancy: 0.7640
Averaged Test AUC: 0.9611
Std Test Accurancy: 0.0715
Std Test AUC: 0.0185
ASR: 0.06777807979773413
attack_auc: 0.6020050360892338
Layer layer2.0.downsample.0.weight: 1/128 channels masked
Layer layer3.0.conv2.weight: 1/256 channels masked
Layer layer3.0.downsample.0.weight: 1/256 channels masked
Layer layer3.1.conv1.weight: 1/256 channels masked
Layer layer4.0.conv1.weight: 1/512 channels masked
Layer layer4.0.conv2.weight: 4/512 channels masked
Layer layer4.0.downsample.0.weight: 3/512 channels masked
Layer layer4.1.conv1.weight: 9/512 channels masked
------------------------- time cost ------------------------- 26.659263610839844
[PFedBA] Round 313: optimizing class-conditional trigger bank...
[PFedBA] trigger_opt total=7.7658 grad=0.8244 loss_align=6.7542 attack=0.1873 norm=28.3296

-------------Round number: 312-------------

Evaluate personalized models
Averaged Train Loss: 0.0127
Averaged Test Accurancy: 0.7626
Averaged Test AUC: 0.9611
Std Test Accurancy: 0.0729
Std Test AUC: 0.0191
ASR: 0.06869816674407812
attack_auc: 0.6051364244630555
Layer layer2.0.downsample.0.weight: 1/128 channels masked
Layer layer3.0.conv2.weight: 1/256 channels masked
Layer layer3.0.downsample.0.weight: 1/256 channels masked
Layer layer3.1.conv1.weight: 1/256 channels masked
Layer layer4.0.conv1.weight: 1/512 channels masked
Layer layer4.0.conv2.weight: 4/512 channels masked
Layer layer4.0.downsample.0.weight: 3/512 channels masked
Layer layer4.1.conv1.weight: 9/512 channels masked
------------------------- time cost ------------------------- 26.524872064590454
[PFedBA] Round 314: optimizing class-conditional trigger bank...
[PFedBA] trigger_opt total=8.0194 grad=0.8700 loss_align=6.9815 attack=0.1679 norm=28.3315

-------------Round number: 313-------------

Evaluate personalized models
Averaged Train Loss: 0.0110
Averaged Test Accurancy: 0.7634
Averaged Test AUC: 0.9614
Std Test Accurancy: 0.0732
Std Test AUC: 0.0187
ASR: 0.06650816232005569
attack_auc: 0.6046271518882415
Layer layer2.0.downsample.0.weight: 1/128 channels masked
Layer layer3.0.conv2.weight: 1/256 channels masked
Layer layer3.0.downsample.0.weight: 1/256 channels masked
Layer layer3.1.conv1.weight: 1/256 channels masked
Layer layer4.0.conv1.weight: 1/512 channels masked
Layer layer4.0.conv2.weight: 4/512 channels masked
Layer layer4.0.downsample.0.weight: 3/512 channels masked
Layer layer4.1.conv1.weight: 9/512 channels masked
------------------------- time cost ------------------------- 26.47176742553711
[PFedBA] Round 315: optimizing class-conditional trigger bank...
[PFedBA] trigger_opt total=7.8143 grad=0.7741 loss_align=6.8547 attack=0.1855 norm=28.3299

-------------Round number: 314-------------

Evaluate personalized models
Averaged Train Loss: 0.0119
Averaged Test Accurancy: 0.7628
Averaged Test AUC: 0.9614
Std Test Accurancy: 0.0771
Std Test AUC: 0.0193
ASR: 0.06016293018322318
attack_auc: 0.6005285248127282
Layer layer2.0.downsample.0.weight: 1/128 channels masked
Layer layer3.0.conv2.weight: 1/256 channels masked
Layer layer3.0.downsample.0.weight: 1/256 channels masked
Layer layer3.1.conv1.weight: 1/256 channels masked
Layer layer4.0.conv1.weight: 1/512 channels masked
Layer layer4.0.conv2.weight: 4/512 channels masked
Layer layer4.0.downsample.0.weight: 3/512 channels masked
Layer layer4.1.conv1.weight: 9/512 channels masked
------------------------- time cost ------------------------- 26.827913761138916
[PFedBA] Round 316: optimizing class-conditional trigger bank...
[PFedBA] trigger_opt total=7.8630 grad=0.9075 loss_align=6.8346 attack=0.1209 norm=28.3312

-------------Round number: 315-------------

Evaluate personalized models
Averaged Train Loss: 0.0116
Averaged Test Accurancy: 0.7659
Averaged Test AUC: 0.9613
Std Test Accurancy: 0.0741
Std Test AUC: 0.0191
ASR: 0.0670415216078999
attack_auc: 0.600195378497984
Layer layer2.0.downsample.0.weight: 1/128 channels masked
Layer layer3.0.conv2.weight: 1/256 channels masked
Layer layer3.0.downsample.0.weight: 1/256 channels masked
Layer layer3.1.conv1.weight: 1/256 channels masked
Layer layer4.0.conv1.weight: 1/512 channels masked
Layer layer4.0.conv2.weight: 4/512 channels masked
Layer layer4.0.downsample.0.weight: 3/512 channels masked
Layer layer4.1.conv1.weight: 9/512 channels masked
------------------------- time cost ------------------------- 26.718329429626465
[PFedBA] Round 317: optimizing class-conditional trigger bank...
[PFedBA] trigger_opt total=7.9363 grad=0.8571 loss_align=6.8468 attack=0.2323 norm=28.3321

-------------Round number: 316-------------

Evaluate personalized models
Averaged Train Loss: 0.0135
Averaged Test Accurancy: 0.7625
Averaged Test AUC: 0.9612
Std Test Accurancy: 0.0754
Std Test AUC: 0.0189
ASR: 0.06698538964650903
attack_auc: 0.6028866483914186
Layer layer2.0.downsample.0.weight: 1/128 channels masked
Layer layer3.0.conv2.weight: 1/256 channels masked
Layer layer3.0.downsample.0.weight: 1/256 channels masked
Layer layer3.1.conv1.weight: 1/256 channels masked
Layer layer4.0.conv1.weight: 1/512 channels masked
Layer layer4.0.conv2.weight: 4/512 channels masked
Layer layer4.0.downsample.0.weight: 3/512 channels masked
Layer layer4.1.conv1.weight: 9/512 channels masked
------------------------- time cost ------------------------- 26.672255992889404
[PFedBA] Round 318: optimizing class-conditional trigger bank...
[PFedBA] trigger_opt total=7.9358 grad=0.8153 loss_align=6.9243 attack=0.1962 norm=28.3329

-------------Round number: 317-------------

Evaluate personalized models
Averaged Train Loss: 0.0116
Averaged Test Accurancy: 0.7655
Averaged Test AUC: 0.9616
Std Test Accurancy: 0.0758
Std Test AUC: 0.0191
ASR: 0.0678277864425935
attack_auc: 0.6081479586162108
Layer layer2.0.downsample.0.weight: 1/128 channels masked
Layer layer3.0.conv2.weight: 1/256 channels masked
Layer layer3.0.downsample.0.weight: 1/256 channels masked
Layer layer3.1.conv1.weight: 1/256 channels masked
Layer layer4.0.conv1.weight: 1/512 channels masked
Layer layer4.0.conv2.weight: 4/512 channels masked
Layer layer4.0.downsample.0.weight: 3/512 channels masked
Layer layer4.1.conv1.weight: 9/512 channels masked
------------------------- time cost ------------------------- 26.561989784240723
[PFedBA] Round 319: optimizing class-conditional trigger bank...
[PFedBA] trigger_opt total=7.9644 grad=0.9262 loss_align=6.9305 attack=0.1076 norm=28.3344

-------------Round number: 318-------------

Evaluate personalized models
Averaged Train Loss: 0.0107
Averaged Test Accurancy: 0.7666
Averaged Test AUC: 0.9616
Std Test Accurancy: 0.0704
Std Test AUC: 0.0185
ASR: 0.06715320970295147
attack_auc: 0.6031106722205534
Layer layer2.0.downsample.0.weight: 1/128 channels masked
Layer layer3.0.conv2.weight: 1/256 channels masked
Layer layer3.0.downsample.0.weight: 1/256 channels masked
Layer layer3.1.conv1.weight: 1/256 channels masked
Layer layer4.0.conv1.weight: 1/512 channels masked
Layer layer4.0.conv2.weight: 4/512 channels masked
Layer layer4.0.downsample.0.weight: 3/512 channels masked
Layer layer4.1.conv1.weight: 9/512 channels masked
------------------------- time cost ------------------------- 26.494370460510254
[PFedBA] Round 320: optimizing class-conditional trigger bank...
[PFedBA] trigger_opt total=8.0852 grad=0.9535 loss_align=6.9861 attack=0.1457 norm=28.3357

-------------Round number: 319-------------

Evaluate personalized models
Averaged Train Loss: 0.0112
Averaged Test Accurancy: 0.7638
Averaged Test AUC: 0.9614
Std Test Accurancy: 0.0746
Std Test AUC: 0.0191
ASR: 0.06060328292993128
attack_auc: 0.602181915818131
Layer layer2.0.downsample.0.weight: 1/128 channels masked
Layer layer3.0.conv2.weight: 1/256 channels masked
Layer layer3.0.downsample.0.weight: 1/256 channels masked
Layer layer3.1.conv1.weight: 1/256 channels masked
Layer layer4.0.conv1.weight: 1/512 channels masked
Layer layer4.0.conv2.weight: 4/512 channels masked
Layer layer4.0.downsample.0.weight: 3/512 channels masked
Layer layer4.1.conv1.weight: 9/512 channels masked
------------------------- time cost ------------------------- 26.515235662460327
[PFedBA] Round 321: optimizing class-conditional trigger bank...
[PFedBA] trigger_opt total=8.1503 grad=0.9068 loss_align=7.0515 attack=0.1920 norm=28.3377

-------------Round number: 320-------------

Evaluate personalized models
Averaged Train Loss: 0.0112
Averaged Test Accurancy: 0.7644
Averaged Test AUC: 0.9615
Std Test Accurancy: 0.0739
Std Test AUC: 0.0188
ASR: 0.06560227959445765
attack_auc: 0.5994888438763082
Layer layer2.0.downsample.0.weight: 1/128 channels masked
Layer layer3.0.conv2.weight: 1/256 channels masked
Layer layer3.0.downsample.0.weight: 1/256 channels masked
Layer layer3.1.conv1.weight: 1/256 channels masked
Layer layer4.0.conv1.weight: 1/512 channels masked
Layer layer4.0.conv2.weight: 4/512 channels masked
Layer layer4.0.downsample.0.weight: 3/512 channels masked
Layer layer4.1.conv1.weight: 9/512 channels masked
------------------------- time cost ------------------------- 26.625006914138794
[PFedBA] Round 322: optimizing class-conditional trigger bank...
[PFedBA] trigger_opt total=7.5967 grad=0.7693 loss_align=6.5605 attack=0.2668 norm=28.3393

-------------Round number: 321-------------

Evaluate personalized models
Averaged Train Loss: 0.0104
Averaged Test Accurancy: 0.7643
Averaged Test AUC: 0.9617
Std Test Accurancy: 0.0749
Std Test AUC: 0.0193
ASR: 0.06370919329450449
attack_auc: 0.6016150692456446
Layer layer2.0.downsample.0.weight: 1/128 channels masked
Layer layer3.0.conv2.weight: 1/256 channels masked
Layer layer3.0.downsample.0.weight: 1/256 channels masked
Layer layer3.1.conv1.weight: 1/256 channels masked
Layer layer4.0.conv1.weight: 1/512 channels masked
Layer layer4.0.conv2.weight: 4/512 channels masked
Layer layer4.0.downsample.0.weight: 3/512 channels masked
Layer layer4.1.conv1.weight: 9/512 channels masked
------------------------- time cost ------------------------- 26.931759119033813
[PFedBA] Round 323: optimizing class-conditional trigger bank...
[PFedBA] trigger_opt total=8.0594 grad=0.8580 loss_align=7.0598 attack=0.1417 norm=28.3375

-------------Round number: 322-------------

Evaluate personalized models
Averaged Train Loss: 0.0111
Averaged Test Accurancy: 0.7658
Averaged Test AUC: 0.9614
Std Test Accurancy: 0.0744
Std Test AUC: 0.0190
ASR: 0.06772423140405943
attack_auc: 0.5992757536542018
Layer layer2.0.downsample.0.weight: 1/128 channels masked
Layer layer3.0.conv2.weight: 1/256 channels masked
Layer layer3.0.downsample.0.weight: 1/256 channels masked
Layer layer3.1.conv1.weight: 1/256 channels masked
Layer layer4.0.conv1.weight: 1/512 channels masked
Layer layer4.0.conv2.weight: 4/512 channels masked
Layer layer4.0.downsample.0.weight: 3/512 channels masked
Layer layer4.1.conv1.weight: 9/512 channels masked
------------------------- time cost ------------------------- 26.501901626586914
[PFedBA] Round 324: optimizing class-conditional trigger bank...
[PFedBA] trigger_opt total=7.7961 grad=0.8822 loss_align=6.7496 attack=0.1644 norm=28.3358

-------------Round number: 323-------------

Evaluate personalized models
Averaged Train Loss: 0.0106
Averaged Test Accurancy: 0.7613
Averaged Test AUC: 0.9610
Std Test Accurancy: 0.0768
Std Test AUC: 0.0189
ASR: 0.06233111930878546
attack_auc: 0.5999831932714876
Layer layer2.0.downsample.0.weight: 1/128 channels masked
Layer layer3.0.conv2.weight: 1/256 channels masked
Layer layer3.0.downsample.0.weight: 1/256 channels masked
Layer layer3.1.conv1.weight: 1/256 channels masked
Layer layer4.0.conv1.weight: 1/512 channels masked
Layer layer4.0.conv2.weight: 4/512 channels masked
Layer layer4.0.downsample.0.weight: 3/512 channels masked
Layer layer4.1.conv1.weight: 9/512 channels masked
------------------------- time cost ------------------------- 26.587857961654663
[PFedBA] Round 325: optimizing class-conditional trigger bank...
[PFedBA] trigger_opt total=8.0821 grad=0.9725 loss_align=6.9915 attack=0.1181 norm=28.3388

-------------Round number: 324-------------

Evaluate personalized models
Averaged Train Loss: 0.0103
Averaged Test Accurancy: 0.7650
Averaged Test AUC: 0.9616
Std Test Accurancy: 0.0736
Std Test AUC: 0.0186
ASR: 0.06812681209038764
attack_auc: 0.602232970760257
Layer layer2.0.downsample.0.weight: 1/128 channels masked
Layer layer3.0.conv2.weight: 1/256 channels masked
Layer layer3.0.downsample.0.weight: 1/256 channels masked
Layer layer3.1.conv1.weight: 1/256 channels masked
Layer layer4.0.conv1.weight: 1/512 channels masked
Layer layer4.0.conv2.weight: 4/512 channels masked
Layer layer4.0.downsample.0.weight: 3/512 channels masked
Layer layer4.1.conv1.weight: 9/512 channels masked
------------------------- time cost ------------------------- 26.5186984539032
[PFedBA] Round 326: optimizing class-conditional trigger bank...
[PFedBA] trigger_opt total=7.7661 grad=0.7914 loss_align=6.7927 attack=0.1819 norm=28.3389

-------------Round number: 325-------------

Evaluate personalized models
Averaged Train Loss: 0.0107
Averaged Test Accurancy: 0.7649
Averaged Test AUC: 0.9616
Std Test Accurancy: 0.0720
Std Test AUC: 0.0189
ASR: 0.06525351658988589
attack_auc: 0.6039336776783232
Layer layer2.0.downsample.0.weight: 1/128 channels masked
Layer layer3.0.conv2.weight: 1/256 channels masked
Layer layer3.0.downsample.0.weight: 1/256 channels masked
Layer layer3.1.conv1.weight: 1/256 channels masked
Layer layer4.0.conv1.weight: 1/512 channels masked
Layer layer4.0.conv2.weight: 4/512 channels masked
Layer layer4.0.downsample.0.weight: 3/512 channels masked
Layer layer4.1.conv1.weight: 9/512 channels masked
------------------------- time cost ------------------------- 26.42528748512268
[PFedBA] Round 327: optimizing class-conditional trigger bank...
[PFedBA] trigger_opt total=7.7668 grad=0.8646 loss_align=6.7422 attack=0.1599 norm=28.3356

-------------Round number: 326-------------

Evaluate personalized models
Averaged Train Loss: 0.0100
Averaged Test Accurancy: 0.7678
Averaged Test AUC: 0.9620
Std Test Accurancy: 0.0713
Std Test AUC: 0.0188
ASR: 0.06519733857206286
attack_auc: 0.5999078172900061
Layer layer2.0.downsample.0.weight: 1/128 channels masked
Layer layer3.0.conv2.weight: 1/256 channels masked
Layer layer3.0.downsample.0.weight: 1/256 channels masked
Layer layer3.1.conv1.weight: 1/256 channels masked
Layer layer4.0.conv1.weight: 1/512 channels masked
Layer layer4.0.conv2.weight: 4/512 channels masked
Layer layer4.0.downsample.0.weight: 3/512 channels masked
Layer layer4.1.conv1.weight: 9/512 channels masked
------------------------- time cost ------------------------- 27.135764122009277
[PFedBA] Round 328: optimizing class-conditional trigger bank...
[PFedBA] trigger_opt total=7.7551 grad=0.8677 loss_align=6.7507 attack=0.1367 norm=28.3390

-------------Round number: 327-------------

Evaluate personalized models
Averaged Train Loss: 0.0097
Averaged Test Accurancy: 0.7667
Averaged Test AUC: 0.9617
Std Test Accurancy: 0.0730
Std Test AUC: 0.0186
ASR: 0.06388102823848618
attack_auc: 0.6004925828282144
Layer layer2.0.downsample.0.weight: 1/128 channels masked
Layer layer3.0.conv2.weight: 1/256 channels masked
Layer layer3.0.downsample.0.weight: 1/256 channels masked
Layer layer3.1.conv1.weight: 1/256 channels masked
Layer layer4.0.conv1.weight: 1/512 channels masked
Layer layer4.0.conv2.weight: 4/512 channels masked
Layer layer4.0.downsample.0.weight: 3/512 channels masked
Layer layer4.1.conv1.weight: 9/512 channels masked
------------------------- time cost ------------------------- 26.18348217010498
[PFedBA] Round 329: optimizing class-conditional trigger bank...
[PFedBA] trigger_opt total=8.1253 grad=0.8167 loss_align=7.1095 attack=0.1991 norm=28.3386

-------------Round number: 328-------------

Evaluate personalized models
Averaged Train Loss: 0.0105
Averaged Test Accurancy: 0.7653
Averaged Test AUC: 0.9615
Std Test Accurancy: 0.0739
Std Test AUC: 0.0190
ASR: 0.06538791575022203
attack_auc: 0.6013815372046344
Layer layer2.0.downsample.0.weight: 1/128 channels masked
Layer layer3.0.conv2.weight: 1/256 channels masked
Layer layer3.0.downsample.0.weight: 1/256 channels masked
Layer layer3.1.conv1.weight: 1/256 channels masked
Layer layer4.0.conv1.weight: 1/512 channels masked
Layer layer4.0.conv2.weight: 4/512 channels masked
Layer layer4.0.downsample.0.weight: 3/512 channels masked
Layer layer4.1.conv1.weight: 9/512 channels masked
------------------------- time cost ------------------------- 25.873340129852295
[PFedBA] Round 330: optimizing class-conditional trigger bank...
[PFedBA] trigger_opt total=7.5248 grad=0.9353 loss_align=6.4386 attack=0.1509 norm=28.3404

-------------Round number: 329-------------

Evaluate personalized models
Averaged Train Loss: 0.0106
Averaged Test Accurancy: 0.7666
Averaged Test AUC: 0.9615
Std Test Accurancy: 0.0688
Std Test AUC: 0.0187
ASR: 0.06046226579475129
attack_auc: 0.6024028746963588
Layer layer2.0.downsample.0.weight: 1/128 channels masked
Layer layer3.0.conv2.weight: 1/256 channels masked
Layer layer3.0.downsample.0.weight: 1/256 channels masked
Layer layer3.1.conv1.weight: 1/256 channels masked
Layer layer4.0.conv1.weight: 1/512 channels masked
Layer layer4.0.conv2.weight: 4/512 channels masked
Layer layer4.0.downsample.0.weight: 3/512 channels masked
Layer layer4.1.conv1.weight: 9/512 channels masked
------------------------- time cost ------------------------- 26.39820957183838
[PFedBA] Round 331: optimizing class-conditional trigger bank...
[PFedBA] trigger_opt total=8.0249 grad=0.8840 loss_align=6.9666 attack=0.1742 norm=28.3411

-------------Round number: 330-------------

Evaluate personalized models
Averaged Train Loss: 0.0104
Averaged Test Accurancy: 0.7666
Averaged Test AUC: 0.9616
Std Test Accurancy: 0.0701
Std Test AUC: 0.0183
ASR: 0.06799326510880281
attack_auc: 0.6027535618968908
Layer layer2.0.downsample.0.weight: 1/128 channels masked
Layer layer3.0.conv2.weight: 1/256 channels masked
Layer layer3.0.downsample.0.weight: 1/256 channels masked
Layer layer3.1.conv1.weight: 1/256 channels masked
Layer layer4.0.conv1.weight: 1/512 channels masked
Layer layer4.0.conv2.weight: 4/512 channels masked
Layer layer4.0.downsample.0.weight: 3/512 channels masked
Layer layer4.1.conv1.weight: 9/512 channels masked
------------------------- time cost ------------------------- 26.566608667373657
[PFedBA] Round 332: optimizing class-conditional trigger bank...
[PFedBA] trigger_opt total=8.0166 grad=1.0047 loss_align=6.9244 attack=0.0875 norm=28.3428

-------------Round number: 331-------------

Evaluate personalized models
Averaged Train Loss: 0.0109
Averaged Test Accurancy: 0.7644
Averaged Test AUC: 0.9615
Std Test Accurancy: 0.0735
Std Test AUC: 0.0185
ASR: 0.06484788872862413
attack_auc: 0.6017802894875757
Layer layer2.0.downsample.0.weight: 1/128 channels masked
Layer layer3.0.conv2.weight: 1/256 channels masked
Layer layer3.0.downsample.0.weight: 1/256 channels masked
Layer layer3.1.conv1.weight: 1/256 channels masked
Layer layer4.0.conv1.weight: 1/512 channels masked
Layer layer4.0.conv2.weight: 4/512 channels masked
Layer layer4.0.downsample.0.weight: 3/512 channels masked
Layer layer4.1.conv1.weight: 9/512 channels masked
------------------------- time cost ------------------------- 26.528138160705566
[PFedBA] Round 333: optimizing class-conditional trigger bank...
[PFedBA] trigger_opt total=7.8770 grad=0.9557 loss_align=6.7866 attack=0.1347 norm=28.3483

-------------Round number: 332-------------

Evaluate personalized models
Averaged Train Loss: 0.0095
Averaged Test Accurancy: 0.7676
Averaged Test AUC: 0.9615
Std Test Accurancy: 0.0723
Std Test AUC: 0.0186
ASR: 0.06505487053751959
attack_auc: 0.6002263244073375
Layer layer2.0.downsample.0.weight: 1/128 channels masked
Layer layer3.0.conv2.weight: 1/256 channels masked
Layer layer3.0.downsample.0.weight: 1/256 channels masked
Layer layer3.1.conv1.weight: 1/256 channels masked
Layer layer4.0.conv1.weight: 1/512 channels masked
Layer layer4.0.conv2.weight: 4/512 channels masked
Layer layer4.0.downsample.0.weight: 3/512 channels masked
Layer layer4.1.conv1.weight: 9/512 channels masked
------------------------- time cost ------------------------- 26.634989976882935
[PFedBA] Round 334: optimizing class-conditional trigger bank...
[PFedBA] trigger_opt total=7.6429 grad=0.8301 loss_align=6.6675 attack=0.1452 norm=28.3493

-------------Round number: 333-------------

Evaluate personalized models
Averaged Train Loss: 0.0089
Averaged Test Accurancy: 0.7651
Averaged Test AUC: 0.9616
Std Test Accurancy: 0.0720
Std Test AUC: 0.0189
ASR: 0.06556148912838859
attack_auc: 0.6021606637233463
Layer layer2.0.downsample.0.weight: 1/128 channels masked
Layer layer3.0.conv2.weight: 1/256 channels masked
Layer layer3.0.downsample.0.weight: 1/256 channels masked
Layer layer3.1.conv1.weight: 1/256 channels masked
Layer layer4.0.conv1.weight: 1/512 channels masked
Layer layer4.0.conv2.weight: 4/512 channels masked
Layer layer4.0.downsample.0.weight: 3/512 channels masked
Layer layer4.1.conv1.weight: 9/512 channels masked
------------------------- time cost ------------------------- 26.62622356414795
[PFedBA] Round 335: optimizing class-conditional trigger bank...
[PFedBA] trigger_opt total=7.7528 grad=0.8525 loss_align=6.7141 attack=0.1863 norm=28.3519

-------------Round number: 334-------------

Evaluate personalized models
Averaged Train Loss: 0.0106
Averaged Test Accurancy: 0.7669
Averaged Test AUC: 0.9616
Std Test Accurancy: 0.0726
Std Test AUC: 0.0188
ASR: 0.06290588235917197
attack_auc: 0.6006830112664905
Layer layer2.0.downsample.0.weight: 1/128 channels masked
Layer layer3.0.conv2.weight: 1/256 channels masked
Layer layer3.0.downsample.0.weight: 1/256 channels masked
Layer layer3.1.conv1.weight: 1/256 channels masked
Layer layer4.0.conv1.weight: 1/512 channels masked
Layer layer4.0.conv2.weight: 4/512 channels masked
Layer layer4.0.downsample.0.weight: 3/512 channels masked
Layer layer4.1.conv1.weight: 9/512 channels masked
------------------------- time cost ------------------------- 26.506131887435913
[PFedBA] Round 336: optimizing class-conditional trigger bank...
[PFedBA] trigger_opt total=7.9983 grad=0.8371 loss_align=6.9869 attack=0.1743 norm=28.3540

-------------Round number: 335-------------

Evaluate personalized models
Averaged Train Loss: 0.0091
Averaged Test Accurancy: 0.7651
Averaged Test AUC: 0.9618
Std Test Accurancy: 0.0714
Std Test AUC: 0.0182
ASR: 0.06968523988468862
attack_auc: 0.6015322350598129
Layer layer2.0.downsample.0.weight: 1/128 channels masked
Layer layer3.0.conv2.weight: 1/256 channels masked
Layer layer3.0.downsample.0.weight: 1/256 channels masked
Layer layer3.1.conv1.weight: 1/256 channels masked
Layer layer4.0.conv1.weight: 1/512 channels masked
Layer layer4.0.conv2.weight: 4/512 channels masked
Layer layer4.0.downsample.0.weight: 3/512 channels masked
Layer layer4.1.conv1.weight: 9/512 channels masked
------------------------- time cost ------------------------- 26.501012086868286
[PFedBA] Round 337: optimizing class-conditional trigger bank...
[PFedBA] trigger_opt total=8.1212 grad=0.8272 loss_align=7.1684 attack=0.1256 norm=28.3514

-------------Round number: 336-------------

Evaluate personalized models
Averaged Train Loss: 0.0125
Averaged Test Accurancy: 0.7647
Averaged Test AUC: 0.9617
Std Test Accurancy: 0.0716
Std Test AUC: 0.0185
ASR: 0.06701186418702865
attack_auc: 0.6026148566372471
Layer layer2.0.downsample.0.weight: 1/128 channels masked
Layer layer3.0.conv2.weight: 1/256 channels masked
Layer layer3.0.downsample.0.weight: 1/256 channels masked
Layer layer3.1.conv1.weight: 1/256 channels masked
Layer layer4.0.conv1.weight: 1/512 channels masked
Layer layer4.0.conv2.weight: 4/512 channels masked
Layer layer4.0.downsample.0.weight: 3/512 channels masked
Layer layer4.1.conv1.weight: 9/512 channels masked
------------------------- time cost ------------------------- 26.463419914245605
[PFedBA] Round 338: optimizing class-conditional trigger bank...
[PFedBA] trigger_opt total=7.7047 grad=0.8542 loss_align=6.6564 attack=0.1941 norm=28.3475

-------------Round number: 337-------------

Evaluate personalized models
Averaged Train Loss: 0.0089
Averaged Test Accurancy: 0.7681
Averaged Test AUC: 0.9620
Std Test Accurancy: 0.0713
Std Test AUC: 0.0186
ASR: 0.06526776894812024
attack_auc: 0.6032061338940875
Layer layer2.0.downsample.0.weight: 1/128 channels masked
Layer layer3.0.conv2.weight: 1/256 channels masked
Layer layer3.0.downsample.0.weight: 1/256 channels masked
Layer layer3.1.conv1.weight: 1/256 channels masked
Layer layer4.0.conv1.weight: 1/512 channels masked
Layer layer4.0.conv2.weight: 4/512 channels masked
Layer layer4.0.downsample.0.weight: 3/512 channels masked
Layer layer4.1.conv1.weight: 9/512 channels masked
------------------------- time cost ------------------------- 26.528594732284546
[PFedBA] Round 339: optimizing class-conditional trigger bank...
[PFedBA] trigger_opt total=8.3483 grad=1.0376 loss_align=7.1657 attack=0.1450 norm=28.3528

-------------Round number: 338-------------

Evaluate personalized models
Averaged Train Loss: 0.0103
Averaged Test Accurancy: 0.7654
Averaged Test AUC: 0.9616
Std Test Accurancy: 0.0712
Std Test AUC: 0.0187
ASR: 0.06839554091759953
attack_auc: 0.6010564250191955
Layer layer2.0.downsample.0.weight: 1/128 channels masked
Layer layer3.0.conv2.weight: 1/256 channels masked
Layer layer3.0.downsample.0.weight: 1/256 channels masked
Layer layer3.1.conv1.weight: 1/256 channels masked
Layer layer4.0.conv1.weight: 1/512 channels masked
Layer layer4.0.conv2.weight: 4/512 channels masked
Layer layer4.0.downsample.0.weight: 3/512 channels masked
Layer layer4.1.conv1.weight: 9/512 channels masked
------------------------- time cost ------------------------- 26.477725744247437
[PFedBA] Round 340: optimizing class-conditional trigger bank...
[PFedBA] trigger_opt total=8.0009 grad=0.9841 loss_align=6.8686 attack=0.1482 norm=28.3601

-------------Round number: 339-------------

Evaluate personalized models
Averaged Train Loss: 0.0096
Averaged Test Accurancy: 0.7648
Averaged Test AUC: 0.9619
Std Test Accurancy: 0.0748
Std Test AUC: 0.0187
ASR: 0.06492992767208264
attack_auc: 0.5967856931750982
Layer layer2.0.downsample.0.weight: 1/128 channels masked
Layer layer3.0.conv2.weight: 1/256 channels masked
Layer layer3.0.downsample.0.weight: 1/256 channels masked
Layer layer3.1.conv1.weight: 1/256 channels masked
Layer layer4.0.conv1.weight: 1/512 channels masked
Layer layer4.0.conv2.weight: 4/512 channels masked
Layer layer4.0.downsample.0.weight: 3/512 channels masked
Layer layer4.1.conv1.weight: 9/512 channels masked
------------------------- time cost ------------------------- 26.988611459732056
[PFedBA] Round 341: optimizing class-conditional trigger bank...
[PFedBA] trigger_opt total=7.9809 grad=0.7860 loss_align=6.9600 attack=0.2349 norm=28.3605

-------------Round number: 340-------------

Evaluate personalized models
Averaged Train Loss: 0.0096
Averaged Test Accurancy: 0.7666
Averaged Test AUC: 0.9617
Std Test Accurancy: 0.0764
Std Test AUC: 0.0192
ASR: 0.06814136631613679
attack_auc: 0.601628078010146
Layer layer2.0.downsample.0.weight: 1/128 channels masked
Layer layer3.0.conv2.weight: 1/256 channels masked
Layer layer3.0.downsample.0.weight: 1/256 channels masked
Layer layer3.1.conv1.weight: 1/256 channels masked
Layer layer4.0.conv1.weight: 1/512 channels masked
Layer layer4.0.conv2.weight: 4/512 channels masked
Layer layer4.0.downsample.0.weight: 3/512 channels masked
Layer layer4.1.conv1.weight: 9/512 channels masked
------------------------- time cost ------------------------- 26.58012080192566
[PFedBA] Round 342: optimizing class-conditional trigger bank...
[PFedBA] trigger_opt total=7.9875 grad=0.8771 loss_align=6.9522 attack=0.1581 norm=28.3594

-------------Round number: 341-------------

Evaluate personalized models
Averaged Train Loss: 0.0088
Averaged Test Accurancy: 0.7642
Averaged Test AUC: 0.9617
Std Test Accurancy: 0.0747
Std Test AUC: 0.0187
ASR: 0.0659799610483328
attack_auc: 0.6008494362251795
Layer layer2.0.downsample.0.weight: 1/128 channels masked
Layer layer3.0.conv2.weight: 1/256 channels masked
Layer layer3.0.downsample.0.weight: 1/256 channels masked
Layer layer3.1.conv1.weight: 1/256 channels masked
Layer layer4.0.conv1.weight: 1/512 channels masked
Layer layer4.0.conv2.weight: 4/512 channels masked
Layer layer4.0.downsample.0.weight: 3/512 channels masked
Layer layer4.1.conv1.weight: 9/512 channels masked
------------------------- time cost ------------------------- 26.508872032165527
[PFedBA] Round 343: optimizing class-conditional trigger bank...
[PFedBA] trigger_opt total=8.0124 grad=0.8952 loss_align=6.9720 attack=0.1451 norm=28.3602

-------------Round number: 342-------------

Evaluate personalized models
Averaged Train Loss: 0.0090
Averaged Test Accurancy: 0.7643
Averaged Test AUC: 0.9620
Std Test Accurancy: 0.0719
Std Test AUC: 0.0185
ASR: 0.059632070958647775
attack_auc: 0.5984467637063239
Layer layer2.0.downsample.0.weight: 1/128 channels masked
Layer layer3.0.conv2.weight: 1/256 channels masked
Layer layer3.0.downsample.0.weight: 1/256 channels masked
Layer layer3.1.conv1.weight: 1/256 channels masked
Layer layer4.0.conv1.weight: 1/512 channels masked
Layer layer4.0.conv2.weight: 4/512 channels masked
Layer layer4.0.downsample.0.weight: 3/512 channels masked
Layer layer4.1.conv1.weight: 9/512 channels masked
------------------------- time cost ------------------------- 26.64192771911621
[PFedBA] Round 344: optimizing class-conditional trigger bank...
[PFedBA] trigger_opt total=7.9046 grad=0.8977 loss_align=6.8833 attack=0.1236 norm=28.3593

-------------Round number: 343-------------

Evaluate personalized models
Averaged Train Loss: 0.0108
Averaged Test Accurancy: 0.7641
Averaged Test AUC: 0.9612
Std Test Accurancy: 0.0748
Std Test AUC: 0.0192
ASR: 0.06363847383058441
attack_auc: 0.5962201228892677
Layer layer2.0.downsample.0.weight: 1/128 channels masked
Layer layer3.0.conv2.weight: 1/256 channels masked
Layer layer3.0.downsample.0.weight: 1/256 channels masked
Layer layer3.1.conv1.weight: 1/256 channels masked
Layer layer4.0.conv1.weight: 1/512 channels masked
Layer layer4.0.conv2.weight: 4/512 channels masked
Layer layer4.0.downsample.0.weight: 3/512 channels masked
Layer layer4.1.conv1.weight: 9/512 channels masked
------------------------- time cost ------------------------- 26.62486481666565
[PFedBA] Round 345: optimizing class-conditional trigger bank...
[PFedBA] trigger_opt total=8.2941 grad=0.8584 loss_align=7.2066 attack=0.2292 norm=28.3620

-------------Round number: 344-------------

Evaluate personalized models
Averaged Train Loss: 0.0090
Averaged Test Accurancy: 0.7695
Averaged Test AUC: 0.9621
Std Test Accurancy: 0.0726
Std Test AUC: 0.0188
ASR: 0.06380787727576383
attack_auc: 0.6019767902813987
Layer layer2.0.downsample.0.weight: 1/128 channels masked
Layer layer3.0.conv2.weight: 1/256 channels masked
Layer layer3.0.downsample.0.weight: 1/256 channels masked
Layer layer3.1.conv1.weight: 1/256 channels masked
Layer layer4.0.conv1.weight: 1/512 channels masked
Layer layer4.0.conv2.weight: 4/512 channels masked
Layer layer4.0.downsample.0.weight: 3/512 channels masked
Layer layer4.1.conv1.weight: 9/512 channels masked
------------------------- time cost ------------------------- 26.477123737335205
[PFedBA] Round 346: optimizing class-conditional trigger bank...
[PFedBA] trigger_opt total=7.8850 grad=0.8762 loss_align=6.7997 attack=0.2091 norm=28.3606

-------------Round number: 345-------------

Evaluate personalized models
Averaged Train Loss: 0.0084
Averaged Test Accurancy: 0.7656
Averaged Test AUC: 0.9621
Std Test Accurancy: 0.0727
Std Test AUC: 0.0184
ASR: 0.05957543809191659
attack_auc: 0.597487093292175
Layer layer2.0.downsample.0.weight: 1/128 channels masked
Layer layer3.0.conv2.weight: 1/256 channels masked
Layer layer3.0.downsample.0.weight: 1/256 channels masked
Layer layer3.1.conv1.weight: 1/256 channels masked
Layer layer4.0.conv1.weight: 1/512 channels masked
Layer layer4.0.conv2.weight: 4/512 channels masked
Layer layer4.0.downsample.0.weight: 3/512 channels masked
Layer layer4.1.conv1.weight: 9/512 channels masked
------------------------- time cost ------------------------- 25.93910813331604
[PFedBA] Round 347: optimizing class-conditional trigger bank...
[PFedBA] trigger_opt total=8.0751 grad=0.8400 loss_align=7.0585 attack=0.1766 norm=28.3581

-------------Round number: 346-------------

Evaluate personalized models
Averaged Train Loss: 0.0088
Averaged Test Accurancy: 0.7669
Averaged Test AUC: 0.9620
Std Test Accurancy: 0.0743
Std Test AUC: 0.0186
ASR: 0.0649359053443166
attack_auc: 0.6011000028074797
Layer layer2.0.downsample.0.weight: 1/128 channels masked
Layer layer3.0.conv2.weight: 1/256 channels masked
Layer layer3.0.downsample.0.weight: 1/256 channels masked
Layer layer3.1.conv1.weight: 1/256 channels masked
Layer layer4.0.conv1.weight: 1/512 channels masked
Layer layer4.0.conv2.weight: 4/512 channels masked
Layer layer4.0.downsample.0.weight: 3/512 channels masked
Layer layer4.1.conv1.weight: 9/512 channels masked
------------------------- time cost ------------------------- 26.27124547958374
[PFedBA] Round 348: optimizing class-conditional trigger bank...
[PFedBA] trigger_opt total=7.9329 grad=0.8437 loss_align=6.9441 attack=0.1452 norm=28.3524

-------------Round number: 347-------------

Evaluate personalized models
Averaged Train Loss: 0.0089
Averaged Test Accurancy: 0.7674
Averaged Test AUC: 0.9619
Std Test Accurancy: 0.0720
Std Test AUC: 0.0183
ASR: 0.06527853758006305
attack_auc: 0.5994198123070992
Layer layer2.0.downsample.0.weight: 1/128 channels masked
Layer layer3.0.conv2.weight: 1/256 channels masked
Layer layer3.0.downsample.0.weight: 1/256 channels masked
Layer layer3.1.conv1.weight: 1/256 channels masked
Layer layer4.0.conv1.weight: 1/512 channels masked
Layer layer4.0.conv2.weight: 4/512 channels masked
Layer layer4.0.downsample.0.weight: 3/512 channels masked
Layer layer4.1.conv1.weight: 9/512 channels masked
------------------------- time cost ------------------------- 26.799422025680542
[PFedBA] Round 349: optimizing class-conditional trigger bank...
[PFedBA] trigger_opt total=7.8471 grad=0.8695 loss_align=6.8015 attack=0.1761 norm=28.3555

-------------Round number: 348-------------

Evaluate personalized models
Averaged Train Loss: 0.0096
Averaged Test Accurancy: 0.7668
Averaged Test AUC: 0.9617
Std Test Accurancy: 0.0714
Std Test AUC: 0.0184
ASR: 0.06293323299470645
attack_auc: 0.5982454935194311
Layer layer2.0.downsample.0.weight: 1/128 channels masked
Layer layer3.0.conv2.weight: 1/256 channels masked
Layer layer3.0.downsample.0.weight: 1/256 channels masked
Layer layer3.1.conv1.weight: 1/256 channels masked
Layer layer4.0.conv1.weight: 1/512 channels masked
Layer layer4.0.conv2.weight: 4/512 channels masked
Layer layer4.0.downsample.0.weight: 3/512 channels masked
Layer layer4.1.conv1.weight: 9/512 channels masked
------------------------- time cost ------------------------- 26.421515703201294
[PFedBA] Round 350: optimizing class-conditional trigger bank...
[PFedBA] trigger_opt total=8.0984 grad=0.8706 loss_align=7.0215 attack=0.2063 norm=28.3566

-------------Round number: 349-------------

Evaluate personalized models
Averaged Train Loss: 0.0092
Averaged Test Accurancy: 0.7666
Averaged Test AUC: 0.9618
Std Test Accurancy: 0.0690
Std Test AUC: 0.0186
ASR: 0.061640417733698404
attack_auc: 0.5992059875257403
Layer layer2.0.downsample.0.weight: 1/128 channels masked
Layer layer3.0.conv2.weight: 1/256 channels masked
Layer layer3.0.downsample.0.weight: 1/256 channels masked
Layer layer3.1.conv1.weight: 1/256 channels masked
Layer layer4.0.conv1.weight: 1/512 channels masked
Layer layer4.0.conv2.weight: 4/512 channels masked
Layer layer4.0.downsample.0.weight: 3/512 channels masked
Layer layer4.1.conv1.weight: 9/512 channels masked
------------------------- time cost ------------------------- 26.656956911087036
[PFedBA] Round 351: optimizing class-conditional trigger bank...
[PFedBA] trigger_opt total=7.9976 grad=0.8638 loss_align=6.9527 attack=0.1811 norm=28.3556

-------------Round number: 350-------------

Evaluate personalized models
Averaged Train Loss: 0.0080
Averaged Test Accurancy: 0.7648
Averaged Test AUC: 0.9619
Std Test Accurancy: 0.0732
Std Test AUC: 0.0187
ASR: 0.06293341747549473
attack_auc: 0.6033997122111224
Layer layer2.0.downsample.0.weight: 1/128 channels masked
Layer layer3.0.conv2.weight: 1/256 channels masked
Layer layer3.0.downsample.0.weight: 1/256 channels masked
Layer layer3.1.conv1.weight: 1/256 channels masked
Layer layer4.0.conv1.weight: 1/512 channels masked
Layer layer4.0.conv2.weight: 4/512 channels masked
Layer layer4.0.downsample.0.weight: 3/512 channels masked
Layer layer4.1.conv1.weight: 9/512 channels masked
------------------------- time cost ------------------------- 26.451159238815308
[PFedBA] Round 352: optimizing class-conditional trigger bank...
[PFedBA] trigger_opt total=8.0642 grad=0.8632 loss_align=7.0124 attack=0.1887 norm=28.3557

-------------Round number: 351-------------

Evaluate personalized models
Averaged Train Loss: 0.0093
Averaged Test Accurancy: 0.7661
Averaged Test AUC: 0.9618
Std Test Accurancy: 0.0751
Std Test AUC: 0.0185
ASR: 0.06541920860094053
attack_auc: 0.6002493764871752
Layer layer2.0.downsample.0.weight: 1/128 channels masked
Layer layer3.0.conv2.weight: 1/256 channels masked
Layer layer3.0.downsample.0.weight: 1/256 channels masked
Layer layer3.1.conv1.weight: 1/256 channels masked
Layer layer4.0.conv1.weight: 1/512 channels masked
Layer layer4.0.conv2.weight: 4/512 channels masked
Layer layer4.0.downsample.0.weight: 3/512 channels masked
Layer layer4.1.conv1.weight: 9/512 channels masked
------------------------- time cost ------------------------- 26.534958124160767
[PFedBA] Round 353: optimizing class-conditional trigger bank...
[PFedBA] trigger_opt total=8.1191 grad=0.8905 loss_align=7.0354 attack=0.1932 norm=28.3556

-------------Round number: 352-------------

Evaluate personalized models
Averaged Train Loss: 0.0076
Averaged Test Accurancy: 0.7685
Averaged Test AUC: 0.9619
Std Test Accurancy: 0.0724
Std Test AUC: 0.0189
ASR: 0.06215872215710995
attack_auc: 0.5981229462953254
Layer layer2.0.downsample.0.weight: 1/128 channels masked
Layer layer3.0.conv2.weight: 1/256 channels masked
Layer layer3.0.downsample.0.weight: 1/256 channels masked
Layer layer3.1.conv1.weight: 1/256 channels masked
Layer layer4.0.conv1.weight: 1/512 channels masked
Layer layer4.0.conv2.weight: 4/512 channels masked
Layer layer4.0.downsample.0.weight: 3/512 channels masked
Layer layer4.1.conv1.weight: 9/512 channels masked
------------------------- time cost ------------------------- 26.736019372940063
[PFedBA] Round 354: optimizing class-conditional trigger bank...
[PFedBA] trigger_opt total=7.8884 grad=0.8580 loss_align=6.8610 attack=0.1695 norm=28.3552

-------------Round number: 353-------------

Evaluate personalized models
Averaged Train Loss: 0.0077
Averaged Test Accurancy: 0.7672
Averaged Test AUC: 0.9620
Std Test Accurancy: 0.0729
Std Test AUC: 0.0187
ASR: 0.0669744481884871
attack_auc: 0.6023371588040268
Layer layer2.0.downsample.0.weight: 1/128 channels masked
Layer layer3.0.conv2.weight: 1/256 channels masked
Layer layer3.0.downsample.0.weight: 1/256 channels masked
Layer layer3.1.conv1.weight: 1/256 channels masked
Layer layer4.0.conv1.weight: 1/512 channels masked
Layer layer4.0.conv2.weight: 4/512 channels masked
Layer layer4.0.downsample.0.weight: 3/512 channels masked
Layer layer4.1.conv1.weight: 9/512 channels masked
------------------------- time cost ------------------------- 26.456488370895386
[PFedBA] Round 355: optimizing class-conditional trigger bank...
[PFedBA] trigger_opt total=7.8871 grad=0.9110 loss_align=6.7880 attack=0.1881 norm=28.3591

-------------Round number: 354-------------

Evaluate personalized models
Averaged Train Loss: 0.0091
Averaged Test Accurancy: 0.7682
Averaged Test AUC: 0.9620
Std Test Accurancy: 0.0731
Std Test AUC: 0.0186
ASR: 0.06409188071804128
attack_auc: 0.5986492620276357
Layer layer2.0.downsample.0.weight: 1/128 channels masked
Layer layer3.0.conv2.weight: 1/256 channels masked
Layer layer3.0.downsample.0.weight: 1/256 channels masked
Layer layer3.1.conv1.weight: 1/256 channels masked
Layer layer4.0.conv1.weight: 1/512 channels masked
Layer layer4.0.conv2.weight: 4/512 channels masked
Layer layer4.0.downsample.0.weight: 3/512 channels masked
Layer layer4.1.conv1.weight: 9/512 channels masked
------------------------- time cost ------------------------- 26.733761072158813
[PFedBA] Round 356: optimizing class-conditional trigger bank...
[PFedBA] trigger_opt total=8.1643 grad=0.9056 loss_align=7.0759 attack=0.1828 norm=28.3599

-------------Round number: 355-------------

Evaluate personalized models
Averaged Train Loss: 0.0098
Averaged Test Accurancy: 0.7681
Averaged Test AUC: 0.9619
Std Test Accurancy: 0.0710
Std Test AUC: 0.0186
ASR: 0.06648443813558029
attack_auc: 0.5999324161562337
Layer layer2.0.downsample.0.weight: 1/128 channels masked
Layer layer3.0.conv2.weight: 1/256 channels masked
Layer layer3.0.downsample.0.weight: 1/256 channels masked
Layer layer3.1.conv1.weight: 1/256 channels masked
Layer layer4.0.conv1.weight: 1/512 channels masked
Layer layer4.0.conv2.weight: 4/512 channels masked
Layer layer4.0.downsample.0.weight: 3/512 channels masked
Layer layer4.1.conv1.weight: 9/512 channels masked
------------------------- time cost ------------------------- 26.864038467407227
[PFedBA] Round 357: optimizing class-conditional trigger bank...
[PFedBA] trigger_opt total=8.0651 grad=0.8433 loss_align=6.9951 attack=0.2267 norm=28.3609

-------------Round number: 356-------------

Evaluate personalized models
Averaged Train Loss: 0.0089
Averaged Test Accurancy: 0.7668
Averaged Test AUC: 0.9620
Std Test Accurancy: 0.0713
Std Test AUC: 0.0188
ASR: 0.06390020591354578
attack_auc: 0.599831258243034
Layer layer2.0.downsample.0.weight: 1/128 channels masked
Layer layer3.0.conv2.weight: 1/256 channels masked
Layer layer3.0.downsample.0.weight: 1/256 channels masked
Layer layer3.1.conv1.weight: 1/256 channels masked
Layer layer4.0.conv1.weight: 1/512 channels masked
Layer layer4.0.conv2.weight: 4/512 channels masked
Layer layer4.0.downsample.0.weight: 3/512 channels masked
Layer layer4.1.conv1.weight: 9/512 channels masked
------------------------- time cost ------------------------- 26.63623595237732
[PFedBA] Round 358: optimizing class-conditional trigger bank...
[PFedBA] trigger_opt total=8.0364 grad=0.9119 loss_align=6.9482 attack=0.1763 norm=28.3606

-------------Round number: 357-------------

Evaluate personalized models
Averaged Train Loss: 0.0094
Averaged Test Accurancy: 0.7658
Averaged Test AUC: 0.9621
Std Test Accurancy: 0.0704
Std Test AUC: 0.0184
ASR: 0.06840560625877092
attack_auc: 0.5985885689823865
Layer layer2.0.downsample.0.weight: 1/128 channels masked
Layer layer3.0.conv2.weight: 1/256 channels masked
Layer layer3.0.downsample.0.weight: 1/256 channels masked
Layer layer3.1.conv1.weight: 1/256 channels masked
Layer layer4.0.conv1.weight: 1/512 channels masked
Layer layer4.0.conv2.weight: 4/512 channels masked
Layer layer4.0.downsample.0.weight: 3/512 channels masked
Layer layer4.1.conv1.weight: 9/512 channels masked
------------------------- time cost ------------------------- 26.485093593597412
[PFedBA] Round 359: optimizing class-conditional trigger bank...
[PFedBA] trigger_opt total=8.0780 grad=0.8014 loss_align=7.0493 attack=0.2273 norm=28.3617

-------------Round number: 358-------------

Evaluate personalized models
Averaged Train Loss: 0.0079
Averaged Test Accurancy: 0.7686
Averaged Test AUC: 0.9622
Std Test Accurancy: 0.0750
Std Test AUC: 0.0189
ASR: 0.06050408362268638
attack_auc: 0.5943529674043707
Layer layer2.0.downsample.0.weight: 1/128 channels masked
Layer layer3.0.conv2.weight: 1/256 channels masked
Layer layer3.0.downsample.0.weight: 1/256 channels masked
Layer layer3.1.conv1.weight: 1/256 channels masked
Layer layer4.0.conv1.weight: 1/512 channels masked
Layer layer4.0.conv2.weight: 4/512 channels masked
Layer layer4.0.downsample.0.weight: 3/512 channels masked
Layer layer4.1.conv1.weight: 9/512 channels masked
------------------------- time cost ------------------------- 26.49229907989502
[PFedBA] Round 360: optimizing class-conditional trigger bank...
[PFedBA] trigger_opt total=7.7424 grad=0.7905 loss_align=6.8116 attack=0.1404 norm=28.3605

-------------Round number: 359-------------

Evaluate personalized models
Averaged Train Loss: 0.0087
Averaged Test Accurancy: 0.7644
Averaged Test AUC: 0.9623
Std Test Accurancy: 0.0735
Std Test AUC: 0.0186
ASR: 0.06855202134849878
attack_auc: 0.5991257284273578
Layer layer2.0.downsample.0.weight: 1/128 channels masked
Layer layer3.0.conv2.weight: 1/256 channels masked
Layer layer3.0.downsample.0.weight: 1/256 channels masked
Layer layer3.1.conv1.weight: 1/256 channels masked
Layer layer4.0.conv1.weight: 1/512 channels masked
Layer layer4.0.conv2.weight: 4/512 channels masked
Layer layer4.0.downsample.0.weight: 3/512 channels masked
Layer layer4.1.conv1.weight: 9/512 channels masked
------------------------- time cost ------------------------- 26.727723836898804
[PFedBA] Round 361: optimizing class-conditional trigger bank...
[PFedBA] trigger_opt total=8.2586 grad=1.1279 loss_align=7.0540 attack=0.0767 norm=28.3678

-------------Round number: 360-------------

Evaluate personalized models
Averaged Train Loss: 0.0149
Averaged Test Accurancy: 0.7660
Averaged Test AUC: 0.9616
Std Test Accurancy: 0.0744
Std Test AUC: 0.0182
ASR: 0.06607767507079886
attack_auc: 0.6018197955393859
Layer layer2.0.downsample.0.weight: 1/128 channels masked
Layer layer3.0.conv2.weight: 1/256 channels masked
Layer layer3.0.downsample.0.weight: 1/256 channels masked
Layer layer3.1.conv1.weight: 1/256 channels masked
Layer layer4.0.conv1.weight: 1/512 channels masked
Layer layer4.0.conv2.weight: 4/512 channels masked
Layer layer4.0.downsample.0.weight: 3/512 channels masked
Layer layer4.1.conv1.weight: 9/512 channels masked
------------------------- time cost ------------------------- 26.47424864768982
[PFedBA] Round 362: optimizing class-conditional trigger bank...
[PFedBA] trigger_opt total=8.0264 grad=0.8180 loss_align=7.0383 attack=0.1701 norm=28.3654

-------------Round number: 361-------------

Evaluate personalized models
Averaged Train Loss: 0.0110
Averaged Test Accurancy: 0.7690
Averaged Test AUC: 0.9620
Std Test Accurancy: 0.0719
Std Test AUC: 0.0187
ASR: 0.06726927531737358
attack_auc: 0.6064848491114395
Layer layer2.0.downsample.0.weight: 1/128 channels masked
Layer layer3.0.conv2.weight: 1/256 channels masked
Layer layer3.0.downsample.0.weight: 1/256 channels masked
Layer layer3.1.conv1.weight: 1/256 channels masked
Layer layer4.0.conv1.weight: 1/512 channels masked
Layer layer4.0.conv2.weight: 4/512 channels masked
Layer layer4.0.downsample.0.weight: 3/512 channels masked
Layer layer4.1.conv1.weight: 9/512 channels masked
------------------------- time cost ------------------------- 26.640754461288452
[PFedBA] Round 363: optimizing class-conditional trigger bank...
[PFedBA] trigger_opt total=8.0913 grad=0.8301 loss_align=7.1021 attack=0.1591 norm=28.3646

-------------Round number: 362-------------

Evaluate personalized models
Averaged Train Loss: 0.0098
Averaged Test Accurancy: 0.7671
Averaged Test AUC: 0.9618
Std Test Accurancy: 0.0729
Std Test AUC: 0.0185
ASR: 0.06786854706940139
attack_auc: 0.6049935327121124
Layer layer2.0.downsample.0.weight: 1/128 channels masked
Layer layer3.0.conv2.weight: 1/256 channels masked
Layer layer3.0.downsample.0.weight: 1/256 channels masked
Layer layer3.1.conv1.weight: 1/256 channels masked
Layer layer4.0.conv1.weight: 1/512 channels masked
Layer layer4.0.conv2.weight: 4/512 channels masked
Layer layer4.0.downsample.0.weight: 3/512 channels masked
Layer layer4.1.conv1.weight: 9/512 channels masked
------------------------- time cost ------------------------- 26.509371519088745
[PFedBA] Round 364: optimizing class-conditional trigger bank...
[PFedBA] trigger_opt total=8.2626 grad=1.1070 loss_align=7.0476 attack=0.1081 norm=28.3683

-------------Round number: 363-------------

Evaluate personalized models
Averaged Train Loss: 0.0088
Averaged Test Accurancy: 0.7665
Averaged Test AUC: 0.9619
Std Test Accurancy: 0.0723
Std Test AUC: 0.0185
ASR: 0.06712329904683884
attack_auc: 0.5994127182793418
Layer layer2.0.downsample.0.weight: 1/128 channels masked
Layer layer3.0.conv2.weight: 1/256 channels masked
Layer layer3.0.downsample.0.weight: 1/256 channels masked
Layer layer3.1.conv1.weight: 1/256 channels masked
Layer layer4.0.conv1.weight: 1/512 channels masked
Layer layer4.0.conv2.weight: 4/512 channels masked
Layer layer4.0.downsample.0.weight: 3/512 channels masked
Layer layer4.1.conv1.weight: 9/512 channels masked
------------------------- time cost ------------------------- 26.04409885406494
[PFedBA] Round 365: optimizing class-conditional trigger bank...
[PFedBA] trigger_opt total=8.2812 grad=0.9571 loss_align=7.1740 attack=0.1500 norm=28.3733

-------------Round number: 364-------------

Evaluate personalized models
Averaged Train Loss: 0.0078
Averaged Test Accurancy: 0.7691
Averaged Test AUC: 0.9624
Std Test Accurancy: 0.0730
Std Test AUC: 0.0185
ASR: 0.065997132607411
attack_auc: 0.6031174707751795
Layer layer2.0.downsample.0.weight: 1/128 channels masked
Layer layer3.0.conv2.weight: 1/256 channels masked
Layer layer3.0.downsample.0.weight: 1/256 channels masked
Layer layer3.1.conv1.weight: 1/256 channels masked
Layer layer4.0.conv1.weight: 1/512 channels masked
Layer layer4.0.conv2.weight: 4/512 channels masked
Layer layer4.0.downsample.0.weight: 3/512 channels masked
Layer layer4.1.conv1.weight: 9/512 channels masked
------------------------- time cost ------------------------- 25.942343711853027
[PFedBA] Round 366: optimizing class-conditional trigger bank...
[PFedBA] trigger_opt total=8.1439 grad=0.8046 loss_align=7.1052 attack=0.2342 norm=28.3694

-------------Round number: 365-------------

Evaluate personalized models
Averaged Train Loss: 0.0078
Averaged Test Accurancy: 0.7701
Averaged Test AUC: 0.9622
Std Test Accurancy: 0.0758
Std Test AUC: 0.0185
ASR: 0.06423592492003224
attack_auc: 0.6026677242499805
Layer layer2.0.downsample.0.weight: 1/128 channels masked
Layer layer3.0.conv2.weight: 1/256 channels masked
Layer layer3.0.downsample.0.weight: 1/256 channels masked
Layer layer3.1.conv1.weight: 1/256 channels masked
Layer layer4.0.conv1.weight: 1/512 channels masked
Layer layer4.0.conv2.weight: 4/512 channels masked
Layer layer4.0.downsample.0.weight: 3/512 channels masked
Layer layer4.1.conv1.weight: 9/512 channels masked
------------------------- time cost ------------------------- 25.813947439193726
[PFedBA] Round 367: optimizing class-conditional trigger bank...
[PFedBA] trigger_opt total=8.0797 grad=0.8177 loss_align=7.0378 attack=0.2241 norm=28.3685

-------------Round number: 366-------------

Evaluate personalized models
Averaged Train Loss: 0.0073
Averaged Test Accurancy: 0.7709
Averaged Test AUC: 0.9623
Std Test Accurancy: 0.0714
Std Test AUC: 0.0186
ASR: 0.07105585081662476
attack_auc: 0.6019671798894886
Layer layer2.0.downsample.0.weight: 1/128 channels masked
Layer layer3.0.conv2.weight: 1/256 channels masked
Layer layer3.0.downsample.0.weight: 1/256 channels masked
Layer layer3.1.conv1.weight: 1/256 channels masked
Layer layer4.0.conv1.weight: 1/512 channels masked
Layer layer4.0.conv2.weight: 4/512 channels masked
Layer layer4.0.downsample.0.weight: 3/512 channels masked
Layer layer4.1.conv1.weight: 9/512 channels masked
------------------------- time cost ------------------------- 26.76656699180603
[PFedBA] Round 368: optimizing class-conditional trigger bank...
[PFedBA] trigger_opt total=8.2615 grad=1.0133 loss_align=7.0816 attack=0.1666 norm=28.3698

-------------Round number: 367-------------

Evaluate personalized models
Averaged Train Loss: 0.0081
Averaged Test Accurancy: 0.7680
Averaged Test AUC: 0.9624
Std Test Accurancy: 0.0729
Std Test AUC: 0.0188
ASR: 0.06298552002201555
attack_auc: 0.6039311083966892
Layer layer2.0.downsample.0.weight: 1/128 channels masked
Layer layer3.0.conv2.weight: 1/256 channels masked
Layer layer3.0.downsample.0.weight: 1/256 channels masked
Layer layer3.1.conv1.weight: 1/256 channels masked
Layer layer4.0.conv1.weight: 1/512 channels masked
Layer layer4.0.conv2.weight: 4/512 channels masked
Layer layer4.0.downsample.0.weight: 3/512 channels masked
Layer layer4.1.conv1.weight: 9/512 channels masked
------------------------- time cost ------------------------- 26.49973773956299
[PFedBA] Round 369: optimizing class-conditional trigger bank...
[PFedBA] trigger_opt total=7.9991 grad=0.8994 loss_align=6.9511 attack=0.1487 norm=28.3720

-------------Round number: 368-------------

Evaluate personalized models
Averaged Train Loss: 0.0077
Averaged Test Accurancy: 0.7697
Averaged Test AUC: 0.9623
Std Test Accurancy: 0.0724
Std Test AUC: 0.0184
ASR: 0.0639909952030859
attack_auc: 0.6053906398166297
Layer layer2.0.downsample.0.weight: 1/128 channels masked
Layer layer3.0.conv2.weight: 1/256 channels masked
Layer layer3.0.downsample.0.weight: 1/256 channels masked
Layer layer3.1.conv1.weight: 1/256 channels masked
Layer layer4.0.conv1.weight: 1/512 channels masked
Layer layer4.0.conv2.weight: 4/512 channels masked
Layer layer4.0.downsample.0.weight: 3/512 channels masked
Layer layer4.1.conv1.weight: 9/512 channels masked
------------------------- time cost ------------------------- 26.70206880569458
[PFedBA] Round 370: optimizing class-conditional trigger bank...
[PFedBA] trigger_opt total=8.3813 grad=1.0526 loss_align=7.2245 attack=0.1042 norm=28.3694

-------------Round number: 369-------------

Evaluate personalized models
Averaged Train Loss: 0.0090
Averaged Test Accurancy: 0.7684
Averaged Test AUC: 0.9619
Std Test Accurancy: 0.0708
Std Test AUC: 0.0181
ASR: 0.06126636729095082
attack_auc: 0.5960610225554565
Layer layer2.0.downsample.0.weight: 1/128 channels masked
Layer layer3.0.conv2.weight: 1/256 channels masked
Layer layer3.0.downsample.0.weight: 1/256 channels masked
Layer layer3.1.conv1.weight: 1/256 channels masked
Layer layer4.0.conv1.weight: 1/512 channels masked
Layer layer4.0.conv2.weight: 4/512 channels masked
Layer layer4.0.downsample.0.weight: 3/512 channels masked
Layer layer4.1.conv1.weight: 9/512 channels masked
------------------------- time cost ------------------------- 26.659533977508545
[PFedBA] Round 371: optimizing class-conditional trigger bank...
[PFedBA] trigger_opt total=8.1693 grad=0.9813 loss_align=7.0778 attack=0.1102 norm=28.3687

-------------Round number: 370-------------

Evaluate personalized models
Averaged Train Loss: 0.0099
Averaged Test Accurancy: 0.7649
Averaged Test AUC: 0.9621
Std Test Accurancy: 0.0746
Std Test AUC: 0.0187
ASR: 0.059987824676913694
attack_auc: 0.5969058134427835
Layer layer2.0.downsample.0.weight: 1/128 channels masked
Layer layer3.0.conv2.weight: 1/256 channels masked
Layer layer3.0.downsample.0.weight: 1/256 channels masked
Layer layer3.1.conv1.weight: 1/256 channels masked
Layer layer4.0.conv1.weight: 1/512 channels masked
Layer layer4.0.conv2.weight: 4/512 channels masked
Layer layer4.0.downsample.0.weight: 3/512 channels masked
Layer layer4.1.conv1.weight: 9/512 channels masked
------------------------- time cost ------------------------- 26.583311080932617
[PFedBA] Round 372: optimizing class-conditional trigger bank...
[PFedBA] trigger_opt total=8.1350 grad=0.8640 loss_align=7.0996 attack=0.1714 norm=28.3678

-------------Round number: 371-------------

Evaluate personalized models
Averaged Train Loss: 0.0077
Averaged Test Accurancy: 0.7680
Averaged Test AUC: 0.9622
Std Test Accurancy: 0.0725
Std Test AUC: 0.0183
ASR: 0.06778873668161081
attack_auc: 0.6030549152739836
Layer layer2.0.downsample.0.weight: 1/128 channels masked
Layer layer3.0.conv2.weight: 1/256 channels masked
Layer layer3.0.downsample.0.weight: 1/256 channels masked
Layer layer3.1.conv1.weight: 1/256 channels masked
Layer layer4.0.conv1.weight: 1/512 channels masked
Layer layer4.0.conv2.weight: 4/512 channels masked
Layer layer4.0.downsample.0.weight: 3/512 channels masked
Layer layer4.1.conv1.weight: 9/512 channels masked
------------------------- time cost ------------------------- 26.74842381477356
[PFedBA] Round 373: optimizing class-conditional trigger bank...
[PFedBA] trigger_opt total=7.8404 grad=0.8294 loss_align=6.8242 attack=0.1869 norm=28.3675

-------------Round number: 372-------------

Evaluate personalized models
Averaged Train Loss: 0.0071
Averaged Test Accurancy: 0.7700
Averaged Test AUC: 0.9624
Std Test Accurancy: 0.0718
Std Test AUC: 0.0190
ASR: 0.0643076159186769
attack_auc: 0.6003188071057668
Layer layer2.0.downsample.0.weight: 1/128 channels masked
Layer layer3.0.conv2.weight: 1/256 channels masked
Layer layer3.0.downsample.0.weight: 1/256 channels masked
Layer layer3.1.conv1.weight: 1/256 channels masked
Layer layer4.0.conv1.weight: 1/512 channels masked
Layer layer4.0.conv2.weight: 4/512 channels masked
Layer layer4.0.downsample.0.weight: 3/512 channels masked
Layer layer4.1.conv1.weight: 9/512 channels masked
------------------------- time cost ------------------------- 26.457677841186523
[PFedBA] Round 374: optimizing class-conditional trigger bank...
[PFedBA] trigger_opt total=8.1782 grad=0.8888 loss_align=7.1366 attack=0.1529 norm=28.3696

-------------Round number: 373-------------

Evaluate personalized models
Averaged Train Loss: 0.0079
Averaged Test Accurancy: 0.7659
Averaged Test AUC: 0.9620
Std Test Accurancy: 0.0712
Std Test AUC: 0.0186
ASR: 0.06354679386008207
attack_auc: 0.6003870769383096
Layer layer2.0.downsample.0.weight: 1/128 channels masked
Layer layer3.0.conv2.weight: 1/256 channels masked
Layer layer3.0.downsample.0.weight: 1/256 channels masked
Layer layer3.1.conv1.weight: 1/256 channels masked
Layer layer4.0.conv1.weight: 1/512 channels masked
Layer layer4.0.conv2.weight: 4/512 channels masked
Layer layer4.0.downsample.0.weight: 3/512 channels masked
Layer layer4.1.conv1.weight: 9/512 channels masked
------------------------- time cost ------------------------- 26.575969219207764
[PFedBA] Round 375: optimizing class-conditional trigger bank...
[PFedBA] trigger_opt total=8.3094 grad=0.8923 loss_align=7.2109 attack=0.2063 norm=28.3694

-------------Round number: 374-------------

Evaluate personalized models
Averaged Train Loss: 0.0073
Averaged Test Accurancy: 0.7698
Averaged Test AUC: 0.9623
Std Test Accurancy: 0.0732
Std Test AUC: 0.0186
ASR: 0.06428777056746612
attack_auc: 0.6005835898145659
Layer layer2.0.downsample.0.weight: 1/128 channels masked
Layer layer3.0.conv2.weight: 1/256 channels masked
Layer layer3.0.downsample.0.weight: 1/256 channels masked
Layer layer3.1.conv1.weight: 1/256 channels masked
Layer layer4.0.conv1.weight: 1/512 channels masked
Layer layer4.0.conv2.weight: 4/512 channels masked
Layer layer4.0.downsample.0.weight: 3/512 channels masked
Layer layer4.1.conv1.weight: 9/512 channels masked
------------------------- time cost ------------------------- 26.608665466308594
[PFedBA] Round 376: optimizing class-conditional trigger bank...
[PFedBA] trigger_opt total=8.0787 grad=0.9198 loss_align=7.0236 attack=0.1354 norm=28.3632

-------------Round number: 375-------------

Evaluate personalized models
Averaged Train Loss: 0.0078
Averaged Test Accurancy: 0.7680
Averaged Test AUC: 0.9620
Std Test Accurancy: 0.0723
Std Test AUC: 0.0185
ASR: 0.0614670271369559
attack_auc: 0.6040972463108183
Layer layer2.0.downsample.0.weight: 1/128 channels masked
Layer layer3.0.conv2.weight: 1/256 channels masked
Layer layer3.0.downsample.0.weight: 1/256 channels masked
Layer layer3.1.conv1.weight: 1/256 channels masked
Layer layer4.0.conv1.weight: 1/512 channels masked
Layer layer4.0.conv2.weight: 4/512 channels masked
Layer layer4.0.downsample.0.weight: 3/512 channels masked
Layer layer4.1.conv1.weight: 9/512 channels masked
------------------------- time cost ------------------------- 26.665292263031006
[PFedBA] Round 377: optimizing class-conditional trigger bank...
[PFedBA] trigger_opt total=8.0304 grad=0.8593 loss_align=6.9043 attack=0.2668 norm=28.3650

-------------Round number: 376-------------

Evaluate personalized models
Averaged Train Loss: 0.0076
Averaged Test Accurancy: 0.7685
Averaged Test AUC: 0.9623
Std Test Accurancy: 0.0706
Std Test AUC: 0.0187
ASR: 0.06655545408061657
attack_auc: 0.6001635271050825
Layer layer2.0.downsample.0.weight: 1/128 channels masked
Layer layer3.0.conv2.weight: 1/256 channels masked
Layer layer3.0.downsample.0.weight: 1/256 channels masked
Layer layer3.1.conv1.weight: 1/256 channels masked
Layer layer4.0.conv1.weight: 1/512 channels masked
Layer layer4.0.conv2.weight: 4/512 channels masked
Layer layer4.0.downsample.0.weight: 3/512 channels masked
Layer layer4.1.conv1.weight: 9/512 channels masked
------------------------- time cost ------------------------- 26.570823431015015
[PFedBA] Round 378: optimizing class-conditional trigger bank...
[PFedBA] trigger_opt total=8.0812 grad=0.8650 loss_align=7.0601 attack=0.1561 norm=28.3684

-------------Round number: 377-------------

Evaluate personalized models
Averaged Train Loss: 0.0075
Averaged Test Accurancy: 0.7681
Averaged Test AUC: 0.9622
Std Test Accurancy: 0.0714
Std Test AUC: 0.0187
ASR: 0.06403284223532456
attack_auc: 0.601730747411157
Layer layer2.0.downsample.0.weight: 1/128 channels masked
Layer layer3.0.conv2.weight: 1/256 channels masked
Layer layer3.0.downsample.0.weight: 1/256 channels masked
Layer layer3.1.conv1.weight: 1/256 channels masked
Layer layer4.0.conv1.weight: 1/512 channels masked
Layer layer4.0.conv2.weight: 4/512 channels masked
Layer layer4.0.downsample.0.weight: 3/512 channels masked
Layer layer4.1.conv1.weight: 9/512 channels masked
------------------------- time cost ------------------------- 26.509949207305908
[PFedBA] Round 379: optimizing class-conditional trigger bank...
[PFedBA] trigger_opt total=7.9115 grad=0.8633 loss_align=6.8570 attack=0.1912 norm=28.3654

-------------Round number: 378-------------

Evaluate personalized models
Averaged Train Loss: 0.0070
Averaged Test Accurancy: 0.7662
Averaged Test AUC: 0.9621
Std Test Accurancy: 0.0734
Std Test AUC: 0.0190
ASR: 0.06268295400354061
attack_auc: 0.6045847720919701
Layer layer2.0.downsample.0.weight: 1/128 channels masked
Layer layer3.0.conv2.weight: 1/256 channels masked
Layer layer3.0.downsample.0.weight: 1/256 channels masked
Layer layer3.1.conv1.weight: 1/256 channels masked
Layer layer4.0.conv1.weight: 1/512 channels masked
Layer layer4.0.conv2.weight: 4/512 channels masked
Layer layer4.0.downsample.0.weight: 3/512 channels masked
Layer layer4.1.conv1.weight: 9/512 channels masked
------------------------- time cost ------------------------- 26.62126898765564
[PFedBA] Round 380: optimizing class-conditional trigger bank...
[PFedBA] trigger_opt total=7.9950 grad=0.8247 loss_align=6.9615 attack=0.2088 norm=28.3643

-------------Round number: 379-------------

Evaluate personalized models
Averaged Train Loss: 0.0077
Averaged Test Accurancy: 0.7652
Averaged Test AUC: 0.9621
Std Test Accurancy: 0.0727
Std Test AUC: 0.0189
ASR: 0.06477938738396549
attack_auc: 0.6015783818879687
Layer layer2.0.downsample.0.weight: 1/128 channels masked
Layer layer3.0.conv2.weight: 1/256 channels masked
Layer layer3.0.downsample.0.weight: 1/256 channels masked
Layer layer3.1.conv1.weight: 1/256 channels masked
Layer layer4.0.conv1.weight: 1/512 channels masked
Layer layer4.0.conv2.weight: 4/512 channels masked
Layer layer4.0.downsample.0.weight: 3/512 channels masked
Layer layer4.1.conv1.weight: 9/512 channels masked
------------------------- time cost ------------------------- 26.485726356506348
[PFedBA] Round 381: optimizing class-conditional trigger bank...
[PFedBA] trigger_opt total=7.9907 grad=0.8598 loss_align=6.9336 attack=0.1973 norm=28.3648

-------------Round number: 380-------------

Evaluate personalized models
Averaged Train Loss: 0.0076
Averaged Test Accurancy: 0.7686
Averaged Test AUC: 0.9623
Std Test Accurancy: 0.0727
Std Test AUC: 0.0187
ASR: 0.05927699001819081
attack_auc: 0.5981154918687509
Layer layer2.0.downsample.0.weight: 1/128 channels masked
Layer layer3.0.conv2.weight: 1/256 channels masked
Layer layer3.0.downsample.0.weight: 1/256 channels masked
Layer layer3.1.conv1.weight: 1/256 channels masked
Layer layer4.0.conv1.weight: 1/512 channels masked
Layer layer4.0.conv2.weight: 4/512 channels masked
Layer layer4.0.downsample.0.weight: 3/512 channels masked
Layer layer4.1.conv1.weight: 9/512 channels masked
------------------------- time cost ------------------------- 26.470467567443848
[PFedBA] Round 382: optimizing class-conditional trigger bank...
[PFedBA] trigger_opt total=7.8655 grad=0.8500 loss_align=6.7503 attack=0.2652 norm=28.3666

-------------Round number: 381-------------

Evaluate personalized models
Averaged Train Loss: 0.0078
Averaged Test Accurancy: 0.7693
Averaged Test AUC: 0.9624
Std Test Accurancy: 0.0711
Std Test AUC: 0.0186
ASR: 0.05897113187301089
attack_auc: 0.5982651116977104
Layer layer2.0.downsample.0.weight: 1/128 channels masked
Layer layer3.0.conv2.weight: 1/256 channels masked
Layer layer3.0.downsample.0.weight: 1/256 channels masked
Layer layer3.1.conv1.weight: 1/256 channels masked
Layer layer4.0.conv1.weight: 1/512 channels masked
Layer layer4.0.conv2.weight: 4/512 channels masked
Layer layer4.0.downsample.0.weight: 3/512 channels masked
Layer layer4.1.conv1.weight: 9/512 channels masked
------------------------- time cost ------------------------- 26.54816961288452
[PFedBA] Round 383: optimizing class-conditional trigger bank...
[PFedBA] trigger_opt total=7.9891 grad=0.8618 loss_align=6.9263 attack=0.2010 norm=28.3637

-------------Round number: 382-------------

Evaluate personalized models
Averaged Train Loss: 0.0069
Averaged Test Accurancy: 0.7692
Averaged Test AUC: 0.9623
Std Test Accurancy: 0.0741
Std Test AUC: 0.0186
ASR: 0.06295950338019876
attack_auc: 0.6034958450990917
Layer layer2.0.downsample.0.weight: 1/128 channels masked
Layer layer3.0.conv2.weight: 1/256 channels masked
Layer layer3.0.downsample.0.weight: 1/256 channels masked
Layer layer3.1.conv1.weight: 1/256 channels masked
Layer layer4.0.conv1.weight: 1/512 channels masked
Layer layer4.0.conv2.weight: 4/512 channels masked
Layer layer4.0.downsample.0.weight: 3/512 channels masked
Layer layer4.1.conv1.weight: 9/512 channels masked
------------------------- time cost ------------------------- 26.662628173828125
[PFedBA] Round 384: optimizing class-conditional trigger bank...
[PFedBA] trigger_opt total=8.2443 grad=0.7220 loss_align=7.2272 attack=0.2952 norm=28.3658

-------------Round number: 383-------------

Evaluate personalized models
Averaged Train Loss: 0.0085
Averaged Test Accurancy: 0.7675
Averaged Test AUC: 0.9618
Std Test Accurancy: 0.0724
Std Test AUC: 0.0189
ASR: 0.06541455892608443
attack_auc: 0.6002803659298546
Layer layer2.0.downsample.0.weight: 1/128 channels masked
Layer layer3.0.conv2.weight: 1/256 channels masked
Layer layer3.0.downsample.0.weight: 1/256 channels masked
Layer layer3.1.conv1.weight: 1/256 channels masked
Layer layer4.0.conv1.weight: 1/512 channels masked
Layer layer4.0.conv2.weight: 4/512 channels masked
Layer layer4.0.downsample.0.weight: 3/512 channels masked
Layer layer4.1.conv1.weight: 9/512 channels masked
------------------------- time cost ------------------------- 26.708545207977295
[PFedBA] Round 385: optimizing class-conditional trigger bank...
[PFedBA] trigger_opt total=7.9204 grad=0.7761 loss_align=6.9078 attack=0.2365 norm=28.3673

-------------Round number: 384-------------

Evaluate personalized models
Averaged Train Loss: 0.0068
Averaged Test Accurancy: 0.7684
Averaged Test AUC: 0.9622
Std Test Accurancy: 0.0739
Std Test AUC: 0.0190
ASR: 0.0630145603960385
attack_auc: 0.5968518506944764
Layer layer2.0.downsample.0.weight: 1/128 channels masked
Layer layer3.0.conv2.weight: 1/256 channels masked
Layer layer3.0.downsample.0.weight: 1/256 channels masked
Layer layer3.1.conv1.weight: 1/256 channels masked
Layer layer4.0.conv1.weight: 1/512 channels masked
Layer layer4.0.conv2.weight: 4/512 channels masked
Layer layer4.0.downsample.0.weight: 3/512 channels masked
Layer layer4.1.conv1.weight: 9/512 channels masked
------------------------- time cost ------------------------- 26.59141731262207
[PFedBA] Round 386: optimizing class-conditional trigger bank...
[PFedBA] trigger_opt total=8.0518 grad=0.8970 loss_align=6.9949 attack=0.1599 norm=28.3667

-------------Round number: 385-------------

Evaluate personalized models
Averaged Train Loss: 0.0088
Averaged Test Accurancy: 0.7662
Averaged Test AUC: 0.9620
Std Test Accurancy: 0.0747
Std Test AUC: 0.0187
ASR: 0.06488470698584428
attack_auc: 0.6014761977322164
Layer layer2.0.downsample.0.weight: 1/128 channels masked
Layer layer3.0.conv2.weight: 1/256 channels masked
Layer layer3.0.downsample.0.weight: 1/256 channels masked
Layer layer3.1.conv1.weight: 1/256 channels masked
Layer layer4.0.conv1.weight: 1/512 channels masked
Layer layer4.0.conv2.weight: 4/512 channels masked
Layer layer4.0.downsample.0.weight: 3/512 channels masked
Layer layer4.1.conv1.weight: 9/512 channels masked
------------------------- time cost ------------------------- 26.762503385543823
[PFedBA] Round 387: optimizing class-conditional trigger bank...
[PFedBA] trigger_opt total=8.4242 grad=0.9080 loss_align=7.3118 attack=0.2044 norm=28.3681

-------------Round number: 386-------------

Evaluate personalized models
Averaged Train Loss: 0.0062
Averaged Test Accurancy: 0.7701
Averaged Test AUC: 0.9626
Std Test Accurancy: 0.0714
Std Test AUC: 0.0182
ASR: 0.06349803958940921
attack_auc: 0.598029621831131
Layer layer2.0.downsample.0.weight: 1/128 channels masked
Layer layer3.0.conv2.weight: 1/256 channels masked
Layer layer3.0.downsample.0.weight: 1/256 channels masked
Layer layer3.1.conv1.weight: 1/256 channels masked
Layer layer4.0.conv1.weight: 1/512 channels masked
Layer layer4.0.conv2.weight: 4/512 channels masked
Layer layer4.0.downsample.0.weight: 3/512 channels masked
Layer layer4.1.conv1.weight: 9/512 channels masked
------------------------- time cost ------------------------- 26.7246413230896
[PFedBA] Round 388: optimizing class-conditional trigger bank...
[PFedBA] trigger_opt total=7.9219 grad=0.7529 loss_align=6.9538 attack=0.2152 norm=28.3659

-------------Round number: 387-------------

Evaluate personalized models
Averaged Train Loss: 0.0068
Averaged Test Accurancy: 0.7693
Averaged Test AUC: 0.9622
Std Test Accurancy: 0.0749
Std Test AUC: 0.0186
ASR: 0.05782604379961395
attack_auc: 0.5980539331633304
Layer layer2.0.downsample.0.weight: 1/128 channels masked
Layer layer3.0.conv2.weight: 1/256 channels masked
Layer layer3.0.downsample.0.weight: 1/256 channels masked
Layer layer3.1.conv1.weight: 1/256 channels masked
Layer layer4.0.conv1.weight: 1/512 channels masked
Layer layer4.0.conv2.weight: 4/512 channels masked
Layer layer4.0.downsample.0.weight: 3/512 channels masked
Layer layer4.1.conv1.weight: 9/512 channels masked
------------------------- time cost ------------------------- 26.563441038131714
[PFedBA] Round 389: optimizing class-conditional trigger bank...
[PFedBA] trigger_opt total=7.9357 grad=0.9067 loss_align=6.9177 attack=0.1113 norm=28.3677

-------------Round number: 388-------------

Evaluate personalized models
Averaged Train Loss: 0.0079
Averaged Test Accurancy: 0.7687
Averaged Test AUC: 0.9622
Std Test Accurancy: 0.0707
Std Test AUC: 0.0183
ASR: 0.06619485082040749
attack_auc: 0.6003845610108988
Layer layer2.0.downsample.0.weight: 1/128 channels masked
Layer layer3.0.conv2.weight: 1/256 channels masked
Layer layer3.0.downsample.0.weight: 1/256 channels masked
Layer layer3.1.conv1.weight: 1/256 channels masked
Layer layer4.0.conv1.weight: 1/512 channels masked
Layer layer4.0.conv2.weight: 4/512 channels masked
Layer layer4.0.downsample.0.weight: 3/512 channels masked
Layer layer4.1.conv1.weight: 9/512 channels masked
------------------------- time cost ------------------------- 26.56315803527832
[PFedBA] Round 390: optimizing class-conditional trigger bank...
[PFedBA] trigger_opt total=7.8362 grad=0.8555 loss_align=6.6741 attack=0.3066 norm=28.3698

-------------Round number: 389-------------

Evaluate personalized models
Averaged Train Loss: 0.0074
Averaged Test Accurancy: 0.7691
Averaged Test AUC: 0.9626
Std Test Accurancy: 0.0739
Std Test AUC: 0.0188
ASR: 0.06030340893544571
attack_auc: 0.5993883322268846
Layer layer2.0.downsample.0.weight: 1/128 channels masked
Layer layer3.0.conv2.weight: 1/256 channels masked
Layer layer3.0.downsample.0.weight: 1/256 channels masked
Layer layer3.1.conv1.weight: 1/256 channels masked
Layer layer4.0.conv1.weight: 1/512 channels masked
Layer layer4.0.conv2.weight: 4/512 channels masked
Layer layer4.0.downsample.0.weight: 3/512 channels masked
Layer layer4.1.conv1.weight: 9/512 channels masked
------------------------- time cost ------------------------- 26.397772073745728
[PFedBA] Round 391: optimizing class-conditional trigger bank...
[PFedBA] trigger_opt total=8.4452 grad=0.9658 loss_align=7.2746 attack=0.2048 norm=28.3689

-------------Round number: 390-------------

Evaluate personalized models
Averaged Train Loss: 0.0071
Averaged Test Accurancy: 0.7691
Averaged Test AUC: 0.9623
Std Test Accurancy: 0.0710
Std Test AUC: 0.0182
ASR: 0.06099037277739093
attack_auc: 0.5948411429587116
Layer layer2.0.downsample.0.weight: 1/128 channels masked
Layer layer3.0.conv2.weight: 1/256 channels masked
Layer layer3.0.downsample.0.weight: 1/256 channels masked
Layer layer3.1.conv1.weight: 1/256 channels masked
Layer layer4.0.conv1.weight: 1/512 channels masked
Layer layer4.0.conv2.weight: 4/512 channels masked
Layer layer4.0.downsample.0.weight: 3/512 channels masked
Layer layer4.1.conv1.weight: 9/512 channels masked
------------------------- time cost ------------------------- 26.025895595550537
[PFedBA] Round 392: optimizing class-conditional trigger bank...
[PFedBA] trigger_opt total=8.0168 grad=0.8735 loss_align=6.9675 attack=0.1757 norm=28.3680

-------------Round number: 391-------------

Evaluate personalized models
Averaged Train Loss: 0.0066
Averaged Test Accurancy: 0.7696
Averaged Test AUC: 0.9626
Std Test Accurancy: 0.0700
Std Test AUC: 0.0186
ASR: 0.05751887294381469
attack_auc: 0.5984668223187255
Layer layer2.0.downsample.0.weight: 1/128 channels masked
Layer layer3.0.conv2.weight: 1/256 channels masked
Layer layer3.0.downsample.0.weight: 1/256 channels masked
Layer layer3.1.conv1.weight: 1/256 channels masked
Layer layer4.0.conv1.weight: 1/512 channels masked
Layer layer4.0.conv2.weight: 4/512 channels masked
Layer layer4.0.downsample.0.weight: 3/512 channels masked
Layer layer4.1.conv1.weight: 9/512 channels masked
------------------------- time cost ------------------------- 26.25471520423889
[PFedBA] Round 393: optimizing class-conditional trigger bank...
[PFedBA] trigger_opt total=8.0087 grad=0.8421 loss_align=6.9308 attack=0.2358 norm=28.3704

-------------Round number: 392-------------

Evaluate personalized models
Averaged Train Loss: 0.0077
Averaged Test Accurancy: 0.7684
Averaged Test AUC: 0.9623
Std Test Accurancy: 0.0738
Std Test AUC: 0.0189
ASR: 0.06345217221197073
attack_auc: 0.5988692884857792
Layer layer2.0.downsample.0.weight: 1/128 channels masked
Layer layer3.0.conv2.weight: 1/256 channels masked
Layer layer3.0.downsample.0.weight: 1/256 channels masked
Layer layer3.1.conv1.weight: 1/256 channels masked
Layer layer4.0.conv1.weight: 1/512 channels masked
Layer layer4.0.conv2.weight: 4/512 channels masked
Layer layer4.0.downsample.0.weight: 3/512 channels masked
Layer layer4.1.conv1.weight: 9/512 channels masked
------------------------- time cost ------------------------- 26.017287731170654
[PFedBA] Round 394: optimizing class-conditional trigger bank...
[PFedBA] trigger_opt total=8.1336 grad=0.9657 loss_align=6.9782 attack=0.1897 norm=28.3722

-------------Round number: 393-------------

Evaluate personalized models
Averaged Train Loss: 0.0068
Averaged Test Accurancy: 0.7670
Averaged Test AUC: 0.9621
Std Test Accurancy: 0.0721
Std Test AUC: 0.0187
ASR: 0.06279643868978725
attack_auc: 0.5991406442874005
Layer layer2.0.downsample.0.weight: 1/128 channels masked
Layer layer3.0.conv2.weight: 1/256 channels masked
Layer layer3.0.downsample.0.weight: 1/256 channels masked
Layer layer3.1.conv1.weight: 1/256 channels masked
Layer layer4.0.conv1.weight: 1/512 channels masked
Layer layer4.0.conv2.weight: 4/512 channels masked
Layer layer4.0.downsample.0.weight: 3/512 channels masked
Layer layer4.1.conv1.weight: 9/512 channels masked
------------------------- time cost ------------------------- 27.021444082260132
[PFedBA] Round 395: optimizing class-conditional trigger bank...
[PFedBA] trigger_opt total=8.1457 grad=0.9274 loss_align=7.0599 attack=0.1584 norm=28.3730

-------------Round number: 394-------------

Evaluate personalized models
Averaged Train Loss: 0.0066
Averaged Test Accurancy: 0.7681
Averaged Test AUC: 0.9630
Std Test Accurancy: 0.0692
Std Test AUC: 0.0181
ASR: 0.06161269013743291
attack_auc: 0.5990073214271395
Layer layer2.0.downsample.0.weight: 1/128 channels masked
Layer layer3.0.conv2.weight: 1/256 channels masked
Layer layer3.0.downsample.0.weight: 1/256 channels masked
Layer layer3.1.conv1.weight: 1/256 channels masked
Layer layer4.0.conv1.weight: 1/512 channels masked
Layer layer4.0.conv2.weight: 4/512 channels masked
Layer layer4.0.downsample.0.weight: 3/512 channels masked
Layer layer4.1.conv1.weight: 9/512 channels masked
------------------------- time cost ------------------------- 26.599616050720215
[PFedBA] Round 396: optimizing class-conditional trigger bank...
[PFedBA] trigger_opt total=8.1833 grad=0.8320 loss_align=7.0164 attack=0.3350 norm=28.3765

-------------Round number: 395-------------

Evaluate personalized models
Averaged Train Loss: 0.0076
Averaged Test Accurancy: 0.7689
Averaged Test AUC: 0.9627
Std Test Accurancy: 0.0732
Std Test AUC: 0.0188
ASR: 0.06405757900496112
attack_auc: 0.6015796604368575
Layer layer2.0.downsample.0.weight: 1/128 channels masked
Layer layer3.0.conv2.weight: 1/256 channels masked
Layer layer3.0.downsample.0.weight: 1/256 channels masked
Layer layer3.1.conv1.weight: 1/256 channels masked
Layer layer4.0.conv1.weight: 1/512 channels masked
Layer layer4.0.conv2.weight: 4/512 channels masked
Layer layer4.0.downsample.0.weight: 3/512 channels masked
Layer layer4.1.conv1.weight: 9/512 channels masked
------------------------- time cost ------------------------- 26.48506188392639
[PFedBA] Round 397: optimizing class-conditional trigger bank...
[PFedBA] trigger_opt total=7.9316 grad=0.8628 loss_align=6.8846 attack=0.1843 norm=28.3762

-------------Round number: 396-------------

Evaluate personalized models
Averaged Train Loss: 0.0067
Averaged Test Accurancy: 0.7714
Averaged Test AUC: 0.9625
Std Test Accurancy: 0.0723
Std Test AUC: 0.0186
ASR: 0.06613113960951018
attack_auc: 0.5998302917185404
Layer layer2.0.downsample.0.weight: 1/128 channels masked
Layer layer3.0.conv2.weight: 1/256 channels masked
Layer layer3.0.downsample.0.weight: 1/256 channels masked
Layer layer3.1.conv1.weight: 1/256 channels masked
Layer layer4.0.conv1.weight: 1/512 channels masked
Layer layer4.0.conv2.weight: 4/512 channels masked
Layer layer4.0.downsample.0.weight: 3/512 channels masked
Layer layer4.1.conv1.weight: 9/512 channels masked
------------------------- time cost ------------------------- 26.471997022628784
[PFedBA] Round 398: optimizing class-conditional trigger bank...
[PFedBA] trigger_opt total=8.0717 grad=0.8171 loss_align=7.0216 attack=0.2330 norm=28.3771

-------------Round number: 397-------------

Evaluate personalized models
Averaged Train Loss: 0.0067
Averaged Test Accurancy: 0.7719
Averaged Test AUC: 0.9626
Std Test Accurancy: 0.0694
Std Test AUC: 0.0183
ASR: 0.06262524991966748
attack_auc: 0.5980114503669252
Layer layer2.0.downsample.0.weight: 1/128 channels masked
Layer layer3.0.conv2.weight: 1/256 channels masked
Layer layer3.0.downsample.0.weight: 1/256 channels masked
Layer layer3.1.conv1.weight: 1/256 channels masked
Layer layer4.0.conv1.weight: 1/512 channels masked
Layer layer4.0.conv2.weight: 4/512 channels masked
Layer layer4.0.downsample.0.weight: 3/512 channels masked
Layer layer4.1.conv1.weight: 9/512 channels masked
------------------------- time cost ------------------------- 26.94044041633606
[PFedBA] Round 399: optimizing class-conditional trigger bank...
[PFedBA] trigger_opt total=8.0679 grad=0.8726 loss_align=7.0007 attack=0.1946 norm=28.3766

-------------Round number: 398-------------

Evaluate personalized models
Averaged Train Loss: 0.0066
Averaged Test Accurancy: 0.7702
Averaged Test AUC: 0.9625
Std Test Accurancy: 0.0728
Std Test AUC: 0.0186
ASR: 0.06610857048947859
attack_auc: 0.6028378995228473
Layer layer2.0.downsample.0.weight: 1/128 channels masked
Layer layer3.0.conv2.weight: 1/256 channels masked
Layer layer3.0.downsample.0.weight: 1/256 channels masked
Layer layer3.1.conv1.weight: 1/256 channels masked
Layer layer4.0.conv1.weight: 1/512 channels masked
Layer layer4.0.conv2.weight: 4/512 channels masked
Layer layer4.0.downsample.0.weight: 3/512 channels masked
Layer layer4.1.conv1.weight: 9/512 channels masked
------------------------- time cost ------------------------- 26.381235599517822
[PFedBA] Round 400: optimizing class-conditional trigger bank...
[PFedBA] trigger_opt total=8.1000 grad=0.9263 loss_align=7.0301 attack=0.1436 norm=28.3801

-------------Round number: 399-------------

Evaluate personalized models
Averaged Train Loss: 0.0075
Averaged Test Accurancy: 0.7702
Averaged Test AUC: 0.9627
Std Test Accurancy: 0.0696
Std Test AUC: 0.0185
ASR: 0.06318683157996509
attack_auc: 0.6008653093628281
Layer layer2.0.downsample.0.weight: 1/128 channels masked
Layer layer3.0.conv2.weight: 1/256 channels masked
Layer layer3.0.downsample.0.weight: 1/256 channels masked
Layer layer3.1.conv1.weight: 1/256 channels masked
Layer layer4.0.conv1.weight: 1/512 channels masked
Layer layer4.0.conv2.weight: 4/512 channels masked
Layer layer4.0.downsample.0.weight: 3/512 channels masked
Layer layer4.1.conv1.weight: 9/512 channels masked
------------------------- time cost ------------------------- 26.679552793502808
[PFedBA] Round 401: optimizing class-conditional trigger bank...
[PFedBA] trigger_opt total=8.1773 grad=0.8983 loss_align=7.0793 attack=0.1997 norm=28.3779

-------------Round number: 400-------------

Evaluate personalized models
Averaged Train Loss: 0.0069
Averaged Test Accurancy: 0.7684
Averaged Test AUC: 0.9625
Std Test Accurancy: 0.0716
Std Test AUC: 0.0184
ASR: 0.06599662992242122
attack_auc: 0.5975167504984443
Layer layer2.0.downsample.0.weight: 1/128 channels masked
Layer layer3.0.conv2.weight: 1/256 channels masked
Layer layer3.0.downsample.0.weight: 1/256 channels masked
Layer layer3.1.conv1.weight: 1/256 channels masked
Layer layer4.0.conv1.weight: 1/512 channels masked
Layer layer4.0.conv2.weight: 4/512 channels masked
Layer layer4.0.downsample.0.weight: 3/512 channels masked
Layer layer4.1.conv1.weight: 9/512 channels masked
------------------------- time cost ------------------------- 26.785314083099365
[PFedBA] Round 402: optimizing class-conditional trigger bank...
[PFedBA] trigger_opt total=8.1477 grad=0.9828 loss_align=6.9963 attack=0.1685 norm=28.3759

-------------Round number: 401-------------

Evaluate personalized models
Averaged Train Loss: 0.0066
Averaged Test Accurancy: 0.7699
Averaged Test AUC: 0.9624
Std Test Accurancy: 0.0749
Std Test AUC: 0.0189
ASR: 0.06239287838908745
attack_auc: 0.5999949494417187
Layer layer2.0.downsample.0.weight: 1/128 channels masked
Layer layer3.0.conv2.weight: 1/256 channels masked
Layer layer3.0.downsample.0.weight: 1/256 channels masked
Layer layer3.1.conv1.weight: 1/256 channels masked
Layer layer4.0.conv1.weight: 1/512 channels masked
Layer layer4.0.conv2.weight: 4/512 channels masked
Layer layer4.0.downsample.0.weight: 3/512 channels masked
Layer layer4.1.conv1.weight: 9/512 channels masked
------------------------- time cost ------------------------- 26.541018962860107
[PFedBA] Round 403: optimizing class-conditional trigger bank...
[PFedBA] trigger_opt total=7.7995 grad=0.8605 loss_align=6.7572 attack=0.1818 norm=28.3780

-------------Round number: 402-------------

Evaluate personalized models
Averaged Train Loss: 0.0102
Averaged Test Accurancy: 0.7661
Averaged Test AUC: 0.9623
Std Test Accurancy: 0.0742
Std Test AUC: 0.0184
ASR: 0.06246312951660163
attack_auc: 0.5952800294474387
Layer layer2.0.downsample.0.weight: 1/128 channels masked
Layer layer3.0.conv2.weight: 1/256 channels masked
Layer layer3.0.downsample.0.weight: 1/256 channels masked
Layer layer3.1.conv1.weight: 1/256 channels masked
Layer layer4.0.conv1.weight: 1/512 channels masked
Layer layer4.0.conv2.weight: 4/512 channels masked
Layer layer4.0.downsample.0.weight: 3/512 channels masked
Layer layer4.1.conv1.weight: 9/512 channels masked
------------------------- time cost ------------------------- 26.792900562286377
[PFedBA] Round 404: optimizing class-conditional trigger bank...
[PFedBA] trigger_opt total=8.2964 grad=0.7987 loss_align=7.2477 attack=0.2501 norm=28.3787

-------------Round number: 403-------------

Evaluate personalized models
Averaged Train Loss: 0.0063
Averaged Test Accurancy: 0.7675
Averaged Test AUC: 0.9623
Std Test Accurancy: 0.0707
Std Test AUC: 0.0186
ASR: 0.06359931489396686
attack_auc: 0.6033343341438797
Layer layer2.0.downsample.0.weight: 1/128 channels masked
Layer layer3.0.conv2.weight: 1/256 channels masked
Layer layer3.0.downsample.0.weight: 1/256 channels masked
Layer layer3.1.conv1.weight: 1/256 channels masked
Layer layer4.0.conv1.weight: 1/512 channels masked
Layer layer4.0.conv2.weight: 4/512 channels masked
Layer layer4.0.downsample.0.weight: 3/512 channels masked
Layer layer4.1.conv1.weight: 9/512 channels masked
------------------------- time cost ------------------------- 26.6669819355011
[PFedBA] Round 405: optimizing class-conditional trigger bank...
[PFedBA] trigger_opt total=7.9239 grad=0.9483 loss_align=6.8273 attack=0.1482 norm=28.3829

-------------Round number: 404-------------

Evaluate personalized models
Averaged Train Loss: 0.0061
Averaged Test Accurancy: 0.7679
Averaged Test AUC: 0.9628
Std Test Accurancy: 0.0703
Std Test AUC: 0.0181
ASR: 0.0651986621969507
attack_auc: 0.6030906443155656
Layer layer2.0.downsample.0.weight: 1/128 channels masked
Layer layer3.0.conv2.weight: 1/256 channels masked
Layer layer3.0.downsample.0.weight: 1/256 channels masked
Layer layer3.1.conv1.weight: 1/256 channels masked
Layer layer4.0.conv1.weight: 1/512 channels masked
Layer layer4.0.conv2.weight: 4/512 channels masked
Layer layer4.0.downsample.0.weight: 3/512 channels masked
Layer layer4.1.conv1.weight: 9/512 channels masked
------------------------- time cost ------------------------- 26.83213472366333
[PFedBA] Round 406: optimizing class-conditional trigger bank...
[PFedBA] trigger_opt total=7.9481 grad=0.7466 loss_align=6.9294 attack=0.2721 norm=28.3868

-------------Round number: 405-------------

Evaluate personalized models
Averaged Train Loss: 0.0081
Averaged Test Accurancy: 0.7691
Averaged Test AUC: 0.9631
Std Test Accurancy: 0.0694
Std Test AUC: 0.0184
ASR: 0.06541240645914384
attack_auc: 0.596123885832781
Layer layer2.0.downsample.0.weight: 1/128 channels masked
Layer layer3.0.conv2.weight: 1/256 channels masked
Layer layer3.0.downsample.0.weight: 1/256 channels masked
Layer layer3.1.conv1.weight: 1/256 channels masked
Layer layer4.0.conv1.weight: 1/512 channels masked
Layer layer4.0.conv2.weight: 4/512 channels masked
Layer layer4.0.downsample.0.weight: 3/512 channels masked
Layer layer4.1.conv1.weight: 9/512 channels masked
------------------------- time cost ------------------------- 25.858185529708862
[PFedBA] Round 407: optimizing class-conditional trigger bank...
[PFedBA] trigger_opt total=8.1157 grad=0.9408 loss_align=6.9549 attack=0.2201 norm=28.3891

-------------Round number: 406-------------

Evaluate personalized models
Averaged Train Loss: 0.0063
Averaged Test Accurancy: 0.7695
Averaged Test AUC: 0.9623
Std Test Accurancy: 0.0707
Std Test AUC: 0.0185
ASR: 0.06534897576891935
attack_auc: 0.602671955055532
Layer layer2.0.downsample.0.weight: 1/128 channels masked
Layer layer3.0.conv2.weight: 1/256 channels masked
Layer layer3.0.downsample.0.weight: 1/256 channels masked
Layer layer3.1.conv1.weight: 1/256 channels masked
Layer layer4.0.conv1.weight: 1/512 channels masked
Layer layer4.0.conv2.weight: 4/512 channels masked
Layer layer4.0.downsample.0.weight: 3/512 channels masked
Layer layer4.1.conv1.weight: 9/512 channels masked
------------------------- time cost ------------------------- 26.03573989868164
[PFedBA] Round 408: optimizing class-conditional trigger bank...
[PFedBA] trigger_opt total=8.2180 grad=0.7863 loss_align=7.1604 attack=0.2713 norm=28.3906

-------------Round number: 407-------------

Evaluate personalized models
Averaged Train Loss: 0.0073
Averaged Test Accurancy: 0.7667
Averaged Test AUC: 0.9626
Std Test Accurancy: 0.0725
Std Test AUC: 0.0181
ASR: 0.06922027462446274
attack_auc: 0.5999796872147328
Layer layer2.0.downsample.0.weight: 1/128 channels masked
Layer layer3.0.conv2.weight: 1/256 channels masked
Layer layer3.0.downsample.0.weight: 1/256 channels masked
Layer layer3.1.conv1.weight: 1/256 channels masked
Layer layer4.0.conv1.weight: 1/512 channels masked
Layer layer4.0.conv2.weight: 4/512 channels masked
Layer layer4.0.downsample.0.weight: 3/512 channels masked
Layer layer4.1.conv1.weight: 9/512 channels masked
------------------------- time cost ------------------------- 26.72946858406067
[PFedBA] Round 409: optimizing class-conditional trigger bank...
[PFedBA] trigger_opt total=7.9333 grad=0.8806 loss_align=6.8460 attack=0.2068 norm=28.3895

-------------Round number: 408-------------

Evaluate personalized models
Averaged Train Loss: 0.0058
Averaged Test Accurancy: 0.7684
Averaged Test AUC: 0.9625
Std Test Accurancy: 0.0743
Std Test AUC: 0.0184
ASR: 0.06502413647717867
attack_auc: 0.6035741307457633
Layer layer2.0.downsample.0.weight: 1/128 channels masked
Layer layer3.0.conv2.weight: 1/256 channels masked
Layer layer3.0.downsample.0.weight: 1/256 channels masked
Layer layer3.1.conv1.weight: 1/256 channels masked
Layer layer4.0.conv1.weight: 1/512 channels masked
Layer layer4.0.conv2.weight: 4/512 channels masked
Layer layer4.0.downsample.0.weight: 3/512 channels masked
Layer layer4.1.conv1.weight: 9/512 channels masked
------------------------- time cost ------------------------- 26.16332721710205
[PFedBA] Round 410: optimizing class-conditional trigger bank...
[PFedBA] trigger_opt total=8.2218 grad=0.8890 loss_align=7.0836 attack=0.2493 norm=28.3909

-------------Round number: 409-------------

Evaluate personalized models
Averaged Train Loss: 0.0058
Averaged Test Accurancy: 0.7678
Averaged Test AUC: 0.9626
Std Test Accurancy: 0.0719
Std Test AUC: 0.0189
ASR: 0.0626182393110687
attack_auc: 0.6015106198346142
Layer layer2.0.downsample.0.weight: 1/128 channels masked
Layer layer3.0.conv2.weight: 1/256 channels masked
Layer layer3.0.downsample.0.weight: 1/256 channels masked
Layer layer3.1.conv1.weight: 1/256 channels masked
Layer layer4.0.conv1.weight: 1/512 channels masked
Layer layer4.0.conv2.weight: 4/512 channels masked
Layer layer4.0.downsample.0.weight: 3/512 channels masked
Layer layer4.1.conv1.weight: 9/512 channels masked
------------------------- time cost ------------------------- 26.750308990478516
[PFedBA] Round 411: optimizing class-conditional trigger bank...
[PFedBA] trigger_opt total=7.9585 grad=0.7919 loss_align=6.9315 attack=0.2351 norm=28.3940

-------------Round number: 410-------------

Evaluate personalized models
Averaged Train Loss: 0.0060
Averaged Test Accurancy: 0.7695
Averaged Test AUC: 0.9627
Std Test Accurancy: 0.0722
Std Test AUC: 0.0189
ASR: 0.06075200109981009
attack_auc: 0.5997546399621452
Layer layer2.0.downsample.0.weight: 1/128 channels masked
Layer layer3.0.conv2.weight: 1/256 channels masked
Layer layer3.0.downsample.0.weight: 1/256 channels masked
Layer layer3.1.conv1.weight: 1/256 channels masked
Layer layer4.0.conv1.weight: 1/512 channels masked
Layer layer4.0.conv2.weight: 4/512 channels masked
Layer layer4.0.downsample.0.weight: 3/512 channels masked
Layer layer4.1.conv1.weight: 9/512 channels masked
------------------------- time cost ------------------------- 26.126990795135498
[PFedBA] Round 412: optimizing class-conditional trigger bank...
[PFedBA] trigger_opt total=7.9896 grad=0.8000 loss_align=6.9783 attack=0.2113 norm=28.3975

-------------Round number: 411-------------

Evaluate personalized models
Averaged Train Loss: 0.0058
Averaged Test Accurancy: 0.7701
Averaged Test AUC: 0.9627
Std Test Accurancy: 0.0690
Std Test AUC: 0.0184
ASR: 0.05911747945671481
attack_auc: 0.5958828648155082
Layer layer2.0.downsample.0.weight: 1/128 channels masked
Layer layer3.0.conv2.weight: 1/256 channels masked
Layer layer3.0.downsample.0.weight: 1/256 channels masked
Layer layer3.1.conv1.weight: 1/256 channels masked
Layer layer4.0.conv1.weight: 1/512 channels masked
Layer layer4.0.conv2.weight: 4/512 channels masked
Layer layer4.0.downsample.0.weight: 3/512 channels masked
Layer layer4.1.conv1.weight: 9/512 channels masked
------------------------- time cost ------------------------- 26.455257177352905
[PFedBA] Round 413: optimizing class-conditional trigger bank...
[PFedBA] trigger_opt total=7.9827 grad=0.8628 loss_align=6.9584 attack=0.1615 norm=28.3972

-------------Round number: 412-------------

Evaluate personalized models
Averaged Train Loss: 0.0062
Averaged Test Accurancy: 0.7703
Averaged Test AUC: 0.9630
Std Test Accurancy: 0.0699
Std Test AUC: 0.0182
ASR: 0.06561228631018241
attack_auc: 0.6052367250694596
Layer layer2.0.downsample.0.weight: 1/128 channels masked
Layer layer3.0.conv2.weight: 1/256 channels masked
Layer layer3.0.downsample.0.weight: 1/256 channels masked
Layer layer3.1.conv1.weight: 1/256 channels masked
Layer layer4.0.conv1.weight: 1/512 channels masked
Layer layer4.0.conv2.weight: 4/512 channels masked
Layer layer4.0.downsample.0.weight: 3/512 channels masked
Layer layer4.1.conv1.weight: 9/512 channels masked
------------------------- time cost ------------------------- 26.629558086395264
[PFedBA] Round 414: optimizing class-conditional trigger bank...
[PFedBA] trigger_opt total=8.0382 grad=0.8773 loss_align=6.9795 attack=0.1814 norm=28.3952

-------------Round number: 413-------------

Evaluate personalized models
Averaged Train Loss: 0.0068
Averaged Test Accurancy: 0.7670
Averaged Test AUC: 0.9623
Std Test Accurancy: 0.0709
Std Test AUC: 0.0186
ASR: 0.07000602973273913
attack_auc: 0.605656689699361
Layer layer2.0.downsample.0.weight: 1/128 channels masked
Layer layer3.0.conv2.weight: 1/256 channels masked
Layer layer3.0.downsample.0.weight: 1/256 channels masked
Layer layer3.1.conv1.weight: 1/256 channels masked
Layer layer4.0.conv1.weight: 1/512 channels masked
Layer layer4.0.conv2.weight: 4/512 channels masked
Layer layer4.0.downsample.0.weight: 3/512 channels masked
Layer layer4.1.conv1.weight: 9/512 channels masked
------------------------- time cost ------------------------- 26.419029712677002
[PFedBA] Round 415: optimizing class-conditional trigger bank...
[PFedBA] trigger_opt total=8.2243 grad=0.8910 loss_align=7.1819 attack=0.1514 norm=28.3952

-------------Round number: 414-------------

Evaluate personalized models
Averaged Train Loss: 0.0068
Averaged Test Accurancy: 0.7691
Averaged Test AUC: 0.9627
Std Test Accurancy: 0.0695
Std Test AUC: 0.0186
ASR: 0.06542615103598125
attack_auc: 0.602449389454801
Layer layer2.0.downsample.0.weight: 1/128 channels masked
Layer layer3.0.conv2.weight: 1/256 channels masked
Layer layer3.0.downsample.0.weight: 1/256 channels masked
Layer layer3.1.conv1.weight: 1/256 channels masked
Layer layer4.0.conv1.weight: 1/512 channels masked
Layer layer4.0.conv2.weight: 4/512 channels masked
Layer layer4.0.downsample.0.weight: 3/512 channels masked
Layer layer4.1.conv1.weight: 9/512 channels masked
------------------------- time cost ------------------------- 26.0201678276062
[PFedBA] Round 416: optimizing class-conditional trigger bank...
[PFedBA] trigger_opt total=8.2138 grad=0.9038 loss_align=7.1082 attack=0.2017 norm=28.3987

-------------Round number: 415-------------

Evaluate personalized models
Averaged Train Loss: 0.0061
Averaged Test Accurancy: 0.7706
Averaged Test AUC: 0.9625
Std Test Accurancy: 0.0705
Std Test AUC: 0.0187
ASR: 0.06575239312479995
attack_auc: 0.6033898562865398
Layer layer2.0.downsample.0.weight: 1/128 channels masked
Layer layer3.0.conv2.weight: 1/256 channels masked
Layer layer3.0.downsample.0.weight: 1/256 channels masked
Layer layer3.1.conv1.weight: 1/256 channels masked
Layer layer4.0.conv1.weight: 1/512 channels masked
Layer layer4.0.conv2.weight: 4/512 channels masked
Layer layer4.0.downsample.0.weight: 3/512 channels masked
Layer layer4.1.conv1.weight: 9/512 channels masked
------------------------- time cost ------------------------- 25.74815559387207
[PFedBA] Round 417: optimizing class-conditional trigger bank...
[PFedBA] trigger_opt total=8.0882 grad=0.9118 loss_align=6.9936 attack=0.1828 norm=28.3989

-------------Round number: 416-------------

Evaluate personalized models
Averaged Train Loss: 0.0069
Averaged Test Accurancy: 0.7679
Averaged Test AUC: 0.9629
Std Test Accurancy: 0.0733
Std Test AUC: 0.0182
ASR: 0.07104371169611728
attack_auc: 0.6055542348582562
Layer layer2.0.downsample.0.weight: 1/128 channels masked
Layer layer3.0.conv2.weight: 1/256 channels masked
Layer layer3.0.downsample.0.weight: 1/256 channels masked
Layer layer3.1.conv1.weight: 1/256 channels masked
Layer layer4.0.conv1.weight: 1/512 channels masked
Layer layer4.0.conv2.weight: 4/512 channels masked
Layer layer4.0.downsample.0.weight: 3/512 channels masked
Layer layer4.1.conv1.weight: 9/512 channels masked
------------------------- time cost ------------------------- 25.74472737312317
[PFedBA] Round 418: optimizing class-conditional trigger bank...
[PFedBA] trigger_opt total=8.3452 grad=0.8589 loss_align=7.2936 attack=0.1927 norm=28.3952

-------------Round number: 417-------------

Evaluate personalized models
Averaged Train Loss: 0.0067
Averaged Test Accurancy: 0.7700
Averaged Test AUC: 0.9631
Std Test Accurancy: 0.0734
Std Test AUC: 0.0187
ASR: 0.06503196529975525
attack_auc: 0.6033488558816514
Layer layer2.0.downsample.0.weight: 1/128 channels masked
Layer layer3.0.conv2.weight: 1/256 channels masked
Layer layer3.0.downsample.0.weight: 1/256 channels masked
Layer layer3.1.conv1.weight: 1/256 channels masked
Layer layer4.0.conv1.weight: 1/512 channels masked
Layer layer4.0.conv2.weight: 4/512 channels masked
Layer layer4.0.downsample.0.weight: 3/512 channels masked
Layer layer4.1.conv1.weight: 9/512 channels masked
------------------------- time cost ------------------------- 25.9460928440094
[PFedBA] Round 419: optimizing class-conditional trigger bank...
[PFedBA] trigger_opt total=8.2804 grad=0.6934 loss_align=7.2266 attack=0.3604 norm=28.3948

-------------Round number: 418-------------

Evaluate personalized models
Averaged Train Loss: 0.0063
Averaged Test Accurancy: 0.7711
Averaged Test AUC: 0.9629
Std Test Accurancy: 0.0737
Std Test AUC: 0.0189
ASR: 0.06113259472195345
attack_auc: 0.5982163632722356
Layer layer2.0.downsample.0.weight: 1/128 channels masked
Layer layer3.0.conv2.weight: 1/256 channels masked
Layer layer3.0.downsample.0.weight: 1/256 channels masked
Layer layer3.1.conv1.weight: 1/256 channels masked
Layer layer4.0.conv1.weight: 1/512 channels masked
Layer layer4.0.conv2.weight: 4/512 channels masked
Layer layer4.0.downsample.0.weight: 4/512 channels masked
Layer layer4.1.conv1.weight: 9/512 channels masked
------------------------- time cost ------------------------- 26.13022494316101
[PFedBA] Round 420: optimizing class-conditional trigger bank...
[PFedBA] trigger_opt total=7.9262 grad=0.9362 loss_align=6.8205 attack=0.1695 norm=28.3971

-------------Round number: 419-------------

Evaluate personalized models
Averaged Train Loss: 0.0053
Averaged Test Accurancy: 0.7701
Averaged Test AUC: 0.9630
Std Test Accurancy: 0.0722
Std Test AUC: 0.0185
ASR: 0.061623200726087915
attack_auc: 0.6032493302541033
Layer layer2.0.downsample.0.weight: 1/128 channels masked
Layer layer3.0.conv2.weight: 1/256 channels masked
Layer layer3.0.downsample.0.weight: 1/256 channels masked
Layer layer3.1.conv1.weight: 1/256 channels masked
Layer layer4.0.conv1.weight: 1/512 channels masked
Layer layer4.0.conv2.weight: 4/512 channels masked
Layer layer4.0.downsample.0.weight: 4/512 channels masked
Layer layer4.1.conv1.weight: 9/512 channels masked
------------------------- time cost ------------------------- 26.08510422706604
[PFedBA] Round 421: optimizing class-conditional trigger bank...
[PFedBA] trigger_opt total=7.9971 grad=0.7865 loss_align=6.9973 attack=0.2133 norm=28.3989

-------------Round number: 420-------------

Evaluate personalized models
Averaged Train Loss: 0.0053
Averaged Test Accurancy: 0.7736
Averaged Test AUC: 0.9629
Std Test Accurancy: 0.0717
Std Test AUC: 0.0186
ASR: 0.06547601124668737
attack_auc: 0.6026979076516086
Layer layer2.0.downsample.0.weight: 1/128 channels masked
Layer layer3.0.conv2.weight: 1/256 channels masked
Layer layer3.0.downsample.0.weight: 1/256 channels masked
Layer layer3.1.conv1.weight: 1/256 channels masked
Layer layer4.0.conv1.weight: 1/512 channels masked
Layer layer4.0.conv2.weight: 4/512 channels masked
Layer layer4.0.downsample.0.weight: 4/512 channels masked
Layer layer4.1.conv1.weight: 9/512 channels masked
------------------------- time cost ------------------------- 25.897600889205933
[PFedBA] Round 422: optimizing class-conditional trigger bank...
[PFedBA] trigger_opt total=8.2518 grad=0.9398 loss_align=7.1675 attack=0.1444 norm=28.3987

-------------Round number: 421-------------

Evaluate personalized models
Averaged Train Loss: 0.0062
Averaged Test Accurancy: 0.7716
Averaged Test AUC: 0.9626
Std Test Accurancy: 0.0704
Std Test AUC: 0.0187
ASR: 0.06772617484201097
attack_auc: 0.5988921805536587
Layer layer2.0.downsample.0.weight: 1/128 channels masked
Layer layer3.0.conv2.weight: 1/256 channels masked
Layer layer3.0.downsample.0.weight: 1/256 channels masked
Layer layer3.1.conv1.weight: 1/256 channels masked
Layer layer4.0.conv1.weight: 1/512 channels masked
Layer layer4.0.conv2.weight: 4/512 channels masked
Layer layer4.0.downsample.0.weight: 4/512 channels masked
Layer layer4.1.conv1.weight: 9/512 channels masked
------------------------- time cost ------------------------- 26.592012643814087
[PFedBA] Round 423: optimizing class-conditional trigger bank...
[PFedBA] trigger_opt total=8.1973 grad=0.7951 loss_align=7.1067 attack=0.2955 norm=28.4007

-------------Round number: 422-------------

Evaluate personalized models
Averaged Train Loss: 0.0051
Averaged Test Accurancy: 0.7699
Averaged Test AUC: 0.9628
Std Test Accurancy: 0.0706
Std Test AUC: 0.0189
ASR: 0.07638970138374165
attack_auc: 0.6026650602521956
Layer layer2.0.downsample.0.weight: 1/128 channels masked
Layer layer3.0.conv2.weight: 1/256 channels masked
Layer layer3.0.downsample.0.weight: 1/256 channels masked
Layer layer3.1.conv1.weight: 1/256 channels masked
Layer layer4.0.conv1.weight: 1/512 channels masked
Layer layer4.0.conv2.weight: 4/512 channels masked
Layer layer4.0.downsample.0.weight: 4/512 channels masked
Layer layer4.1.conv1.weight: 9/512 channels masked
------------------------- time cost ------------------------- 26.002562522888184
[PFedBA] Round 424: optimizing class-conditional trigger bank...
[PFedBA] trigger_opt total=7.9736 grad=0.8569 loss_align=6.9797 attack=0.1369 norm=28.4007

-------------Round number: 423-------------

Evaluate personalized models
Averaged Train Loss: 0.0078
Averaged Test Accurancy: 0.7666
Averaged Test AUC: 0.9621
Std Test Accurancy: 0.0744
Std Test AUC: 0.0186
ASR: 0.06930335593890478
attack_auc: 0.5998842515529742
Layer layer2.0.downsample.0.weight: 1/128 channels masked
Layer layer3.0.conv2.weight: 1/256 channels masked
Layer layer3.0.downsample.0.weight: 1/256 channels masked
Layer layer3.1.conv1.weight: 1/256 channels masked
Layer layer4.0.conv1.weight: 1/512 channels masked
Layer layer4.0.conv2.weight: 4/512 channels masked
Layer layer4.0.downsample.0.weight: 4/512 channels masked
Layer layer4.1.conv1.weight: 9/512 channels masked
------------------------- time cost ------------------------- 26.317420959472656
[PFedBA] Round 425: optimizing class-conditional trigger bank...
[PFedBA] trigger_opt total=8.1497 grad=0.9567 loss_align=6.9890 attack=0.2039 norm=28.4032

-------------Round number: 424-------------

Evaluate personalized models
Averaged Train Loss: 0.0067
Averaged Test Accurancy: 0.7689
Averaged Test AUC: 0.9626
Std Test Accurancy: 0.0734
Std Test AUC: 0.0185
ASR: 0.0662202583102615
attack_auc: 0.6040028203482076
Layer layer2.0.downsample.0.weight: 1/128 channels masked
Layer layer3.0.conv2.weight: 1/256 channels masked
Layer layer3.0.downsample.0.weight: 1/256 channels masked
Layer layer3.1.conv1.weight: 1/256 channels masked
Layer layer4.0.conv1.weight: 1/512 channels masked
Layer layer4.0.conv2.weight: 4/512 channels masked
Layer layer4.0.downsample.0.weight: 4/512 channels masked
Layer layer4.1.conv1.weight: 9/512 channels masked
------------------------- time cost ------------------------- 26.627928495407104
[PFedBA] Round 426: optimizing class-conditional trigger bank...
[PFedBA] trigger_opt total=7.9389 grad=0.8102 loss_align=6.9300 attack=0.1986 norm=28.4018

-------------Round number: 425-------------

Evaluate personalized models
Averaged Train Loss: 0.0058
Averaged Test Accurancy: 0.7696
Averaged Test AUC: 0.9629
Std Test Accurancy: 0.0755
Std Test AUC: 0.0188
ASR: 0.06575428428331853
attack_auc: 0.5969975911703956
Layer layer2.0.downsample.0.weight: 1/128 channels masked
Layer layer3.0.conv2.weight: 1/256 channels masked
Layer layer3.0.downsample.0.weight: 1/256 channels masked
Layer layer3.1.conv1.weight: 1/256 channels masked
Layer layer4.0.conv1.weight: 1/512 channels masked
Layer layer4.0.conv2.weight: 4/512 channels masked
Layer layer4.0.downsample.0.weight: 4/512 channels masked
Layer layer4.1.conv1.weight: 9/512 channels masked
------------------------- time cost ------------------------- 26.283502340316772
[PFedBA] Round 427: optimizing class-conditional trigger bank...
[PFedBA] trigger_opt total=8.3075 grad=0.8284 loss_align=7.2202 attack=0.2589 norm=28.4030

-------------Round number: 426-------------

Evaluate personalized models
Averaged Train Loss: 0.0058
Averaged Test Accurancy: 0.7731
Averaged Test AUC: 0.9629
Std Test Accurancy: 0.0739
Std Test AUC: 0.0187
ASR: 0.06818650619967997
attack_auc: 0.6045669843635804
Layer layer2.0.downsample.0.weight: 1/128 channels masked
Layer layer3.0.conv2.weight: 1/256 channels masked
Layer layer3.0.downsample.0.weight: 1/256 channels masked
Layer layer3.1.conv1.weight: 1/256 channels masked
Layer layer4.0.conv1.weight: 1/512 channels masked
Layer layer4.0.conv2.weight: 4/512 channels masked
Layer layer4.0.downsample.0.weight: 4/512 channels masked
Layer layer4.1.conv1.weight: 9/512 channels masked
------------------------- time cost ------------------------- 26.499159574508667
[PFedBA] Round 428: optimizing class-conditional trigger bank...
[PFedBA] trigger_opt total=8.1630 grad=0.8204 loss_align=7.1369 attack=0.2057 norm=28.4065

-------------Round number: 427-------------

Evaluate personalized models
Averaged Train Loss: 0.0049
Averaged Test Accurancy: 0.7711
Averaged Test AUC: 0.9630
Std Test Accurancy: 0.0690
Std Test AUC: 0.0183
ASR: 0.07191641243889307
attack_auc: 0.6041323650039597
Layer layer2.0.downsample.0.weight: 1/128 channels masked
Layer layer3.0.conv2.weight: 1/256 channels masked
Layer layer3.0.downsample.0.weight: 1/256 channels masked
Layer layer3.1.conv1.weight: 1/256 channels masked
Layer layer4.0.conv1.weight: 1/512 channels masked
Layer layer4.0.conv2.weight: 4/512 channels masked
Layer layer4.0.downsample.0.weight: 4/512 channels masked
Layer layer4.1.conv1.weight: 9/512 channels masked
------------------------- time cost ------------------------- 26.48119044303894
[PFedBA] Round 429: optimizing class-conditional trigger bank...
[PFedBA] trigger_opt total=8.0278 grad=0.8062 loss_align=6.9994 attack=0.2222 norm=28.4069

-------------Round number: 428-------------

Evaluate personalized models
Averaged Train Loss: 0.0097
Averaged Test Accurancy: 0.7689
Averaged Test AUC: 0.9625
Std Test Accurancy: 0.0691
Std Test AUC: 0.0185
ASR: 0.07019817550346223
attack_auc: 0.6043348102946859
Layer layer2.0.downsample.0.weight: 1/128 channels masked
Layer layer3.0.conv2.weight: 1/256 channels masked
Layer layer3.0.downsample.0.weight: 1/256 channels masked
Layer layer3.1.conv1.weight: 1/256 channels masked
Layer layer4.0.conv1.weight: 1/512 channels masked
Layer layer4.0.conv2.weight: 4/512 channels masked
Layer layer4.0.downsample.0.weight: 4/512 channels masked
Layer layer4.1.conv1.weight: 9/512 channels masked
------------------------- time cost ------------------------- 27.09222960472107
[PFedBA] Round 430: optimizing class-conditional trigger bank...
[PFedBA] trigger_opt total=8.1363 grad=0.8401 loss_align=7.0644 attack=0.2318 norm=28.4092

-------------Round number: 429-------------

Evaluate personalized models
Averaged Train Loss: 0.0056
Averaged Test Accurancy: 0.7701
Averaged Test AUC: 0.9629
Std Test Accurancy: 0.0725
Std Test AUC: 0.0187
ASR: 0.061804440908532675
attack_auc: 0.6021066301968016
Layer layer2.0.downsample.0.weight: 1/128 channels masked
Layer layer3.0.conv2.weight: 1/256 channels masked
Layer layer3.0.downsample.0.weight: 1/256 channels masked
Layer layer3.1.conv1.weight: 1/256 channels masked
Layer layer4.0.conv1.weight: 1/512 channels masked
Layer layer4.0.conv2.weight: 4/512 channels masked
Layer layer4.0.downsample.0.weight: 4/512 channels masked
Layer layer4.1.conv1.weight: 9/512 channels masked
------------------------- time cost ------------------------- 26.677975177764893
[PFedBA] Round 431: optimizing class-conditional trigger bank...
[PFedBA] trigger_opt total=7.9741 grad=0.9105 loss_align=6.8820 attack=0.1816 norm=28.4097

-------------Round number: 430-------------

Evaluate personalized models
Averaged Train Loss: 0.0056
Averaged Test Accurancy: 0.7669
Averaged Test AUC: 0.9625
Std Test Accurancy: 0.0709
Std Test AUC: 0.0183
ASR: 0.06318836405022352
attack_auc: 0.5994587412328043
Layer layer2.0.downsample.0.weight: 1/128 channels masked
Layer layer3.0.conv2.weight: 1/256 channels masked
Layer layer3.0.downsample.0.weight: 1/256 channels masked
Layer layer3.1.conv1.weight: 1/256 channels masked
Layer layer4.0.conv1.weight: 1/512 channels masked
Layer layer4.0.conv2.weight: 4/512 channels masked
Layer layer4.0.downsample.0.weight: 4/512 channels masked
Layer layer4.1.conv1.weight: 9/512 channels masked
------------------------- time cost ------------------------- 26.190412998199463
[PFedBA] Round 432: optimizing class-conditional trigger bank...
[PFedBA] trigger_opt total=7.9740 grad=0.7843 loss_align=7.0287 attack=0.1610 norm=28.4096

-------------Round number: 431-------------

Evaluate personalized models
Averaged Train Loss: 0.0060
Averaged Test Accurancy: 0.7657
Averaged Test AUC: 0.9625
Std Test Accurancy: 0.0725
Std Test AUC: 0.0183
ASR: 0.07010963510639089
attack_auc: 0.6049553844052288
Layer layer2.0.downsample.0.weight: 1/128 channels masked
Layer layer3.0.conv2.weight: 1/256 channels masked
Layer layer3.0.downsample.0.weight: 1/256 channels masked
Layer layer3.1.conv1.weight: 1/256 channels masked
Layer layer4.0.conv1.weight: 1/512 channels masked
Layer layer4.0.conv2.weight: 4/512 channels masked
Layer layer4.0.downsample.0.weight: 4/512 channels masked
Layer layer4.1.conv1.weight: 9/512 channels masked
------------------------- time cost ------------------------- 26.47439432144165
[PFedBA] Round 433: optimizing class-conditional trigger bank...
[PFedBA] trigger_opt total=8.2375 grad=0.8591 loss_align=7.0720 attack=0.3065 norm=28.4120

-------------Round number: 432-------------

Evaluate personalized models
Averaged Train Loss: 0.0057
Averaged Test Accurancy: 0.7685
Averaged Test AUC: 0.9628
Std Test Accurancy: 0.0737
Std Test AUC: 0.0189
ASR: 0.06076767316891251
attack_auc: 0.6020358448503211
Layer layer2.0.downsample.0.weight: 1/128 channels masked
Layer layer3.0.conv2.weight: 1/256 channels masked
Layer layer3.0.downsample.0.weight: 1/256 channels masked
Layer layer3.1.conv1.weight: 1/256 channels masked
Layer layer4.0.conv1.weight: 1/512 channels masked
Layer layer4.0.conv2.weight: 4/512 channels masked
Layer layer4.0.downsample.0.weight: 4/512 channels masked
Layer layer4.1.conv1.weight: 9/512 channels masked
------------------------- time cost ------------------------- 26.621705532073975
[PFedBA] Round 434: optimizing class-conditional trigger bank...
[PFedBA] trigger_opt total=8.1807 grad=0.9588 loss_align=7.0622 attack=0.1597 norm=28.4121

-------------Round number: 433-------------

Evaluate personalized models
Averaged Train Loss: 0.0066
Averaged Test Accurancy: 0.7703
Averaged Test AUC: 0.9629
Std Test Accurancy: 0.0692
Std Test AUC: 0.0179
ASR: 0.06290952167114892
attack_auc: 0.6051401584388416
Layer layer2.0.downsample.0.weight: 1/128 channels masked
Layer layer3.0.conv2.weight: 1/256 channels masked
Layer layer3.0.downsample.0.weight: 1/256 channels masked
Layer layer3.1.conv1.weight: 1/256 channels masked
Layer layer4.0.conv1.weight: 1/512 channels masked
Layer layer4.0.conv2.weight: 4/512 channels masked
Layer layer4.0.downsample.0.weight: 4/512 channels masked
Layer layer4.1.conv1.weight: 9/512 channels masked
------------------------- time cost ------------------------- 26.287498474121094
[PFedBA] Round 435: optimizing class-conditional trigger bank...
[PFedBA] trigger_opt total=8.2874 grad=0.8188 loss_align=7.1548 attack=0.3138 norm=28.4146

-------------Round number: 434-------------

Evaluate personalized models
Averaged Train Loss: 0.0074
Averaged Test Accurancy: 0.7711
Averaged Test AUC: 0.9627
Std Test Accurancy: 0.0704
Std Test AUC: 0.0182
ASR: 0.061076417637488625
attack_auc: 0.600214959616996
Layer layer2.0.downsample.0.weight: 1/128 channels masked
Layer layer3.0.conv2.weight: 1/256 channels masked
Layer layer3.0.downsample.0.weight: 1/256 channels masked
Layer layer3.1.conv1.weight: 1/256 channels masked
Layer layer4.0.conv1.weight: 1/512 channels masked
Layer layer4.0.conv2.weight: 4/512 channels masked
Layer layer4.0.downsample.0.weight: 4/512 channels masked
Layer layer4.1.conv1.weight: 9/512 channels masked
------------------------- time cost ------------------------- 26.73327946662903
[PFedBA] Round 436: optimizing class-conditional trigger bank...
[PFedBA] trigger_opt total=8.2265 grad=0.9183 loss_align=7.1605 attack=0.1476 norm=28.4167

-------------Round number: 435-------------

Evaluate personalized models
Averaged Train Loss: 0.0068
Averaged Test Accurancy: 0.7700
Averaged Test AUC: 0.9628
Std Test Accurancy: 0.0710
Std Test AUC: 0.0183
ASR: 0.059989466276367406
attack_auc: 0.5992182902001855
Layer layer2.0.downsample.0.weight: 1/128 channels masked
Layer layer3.0.conv2.weight: 1/256 channels masked
Layer layer3.0.downsample.0.weight: 1/256 channels masked
Layer layer3.1.conv1.weight: 1/256 channels masked
Layer layer4.0.conv1.weight: 1/512 channels masked
Layer layer4.0.conv2.weight: 4/512 channels masked
Layer layer4.0.downsample.0.weight: 4/512 channels masked
Layer layer4.1.conv1.weight: 9/512 channels masked
------------------------- time cost ------------------------- 26.576061487197876
[PFedBA] Round 437: optimizing class-conditional trigger bank...
[PFedBA] trigger_opt total=8.2305 grad=0.9258 loss_align=7.1097 attack=0.1950 norm=28.4190

-------------Round number: 436-------------

Evaluate personalized models
Averaged Train Loss: 0.0052
Averaged Test Accurancy: 0.7696
Averaged Test AUC: 0.9628
Std Test Accurancy: 0.0721
Std Test AUC: 0.0184
ASR: 0.06368785030641534
attack_auc: 0.6028507243136549
Layer layer2.0.downsample.0.weight: 1/128 channels masked
Layer layer3.0.conv2.weight: 1/256 channels masked
Layer layer3.0.downsample.0.weight: 1/256 channels masked
Layer layer3.1.conv1.weight: 1/256 channels masked
Layer layer4.0.conv1.weight: 1/512 channels masked
Layer layer4.0.conv2.weight: 4/512 channels masked
Layer layer4.0.downsample.0.weight: 4/512 channels masked
Layer layer4.1.conv1.weight: 9/512 channels masked
------------------------- time cost ------------------------- 26.932072401046753
[PFedBA] Round 438: optimizing class-conditional trigger bank...
[PFedBA] trigger_opt total=8.1331 grad=0.9824 loss_align=6.9522 attack=0.1985 norm=28.4197

-------------Round number: 437-------------

Evaluate personalized models
Averaged Train Loss: 0.0054
Averaged Test Accurancy: 0.7681
Averaged Test AUC: 0.9626
Std Test Accurancy: 0.0723
Std Test AUC: 0.0183
ASR: 0.059698018498882
attack_auc: 0.6002847182351498
Layer layer2.0.downsample.0.weight: 1/128 channels masked
Layer layer3.0.conv2.weight: 1/256 channels masked
Layer layer3.0.downsample.0.weight: 1/256 channels masked
Layer layer3.1.conv1.weight: 1/256 channels masked
Layer layer4.0.conv1.weight: 1/512 channels masked
Layer layer4.0.conv2.weight: 4/512 channels masked
Layer layer4.0.downsample.0.weight: 4/512 channels masked
Layer layer4.1.conv1.weight: 9/512 channels masked
------------------------- time cost ------------------------- 26.577425003051758
[PFedBA] Round 439: optimizing class-conditional trigger bank...
[PFedBA] trigger_opt total=8.0274 grad=0.7328 loss_align=7.0260 attack=0.2686 norm=28.4210

-------------Round number: 438-------------

Evaluate personalized models
Averaged Train Loss: 0.0054
Averaged Test Accurancy: 0.7730
Averaged Test AUC: 0.9632
Std Test Accurancy: 0.0725
Std Test AUC: 0.0188
ASR: 0.06655349517816227
attack_auc: 0.6000497391029729
Layer layer2.0.downsample.0.weight: 1/128 channels masked
Layer layer3.0.conv2.weight: 1/256 channels masked
Layer layer3.0.downsample.0.weight: 1/256 channels masked
Layer layer3.1.conv1.weight: 1/256 channels masked
Layer layer4.0.conv1.weight: 1/512 channels masked
Layer layer4.0.conv2.weight: 4/512 channels masked
Layer layer4.0.downsample.0.weight: 4/512 channels masked
Layer layer4.1.conv1.weight: 9/512 channels masked
------------------------- time cost ------------------------- 26.539101600646973
[PFedBA] Round 440: optimizing class-conditional trigger bank...
[PFedBA] trigger_opt total=8.3516 grad=0.7975 loss_align=7.1923 attack=0.3618 norm=28.4233

-------------Round number: 439-------------

Evaluate personalized models
Averaged Train Loss: 0.0065
Averaged Test Accurancy: 0.7701
Averaged Test AUC: 0.9631
Std Test Accurancy: 0.0731
Std Test AUC: 0.0184
ASR: 0.06461650580006306
attack_auc: 0.6017389282920641
Layer layer2.0.downsample.0.weight: 1/128 channels masked
Layer layer3.0.conv2.weight: 1/256 channels masked
Layer layer3.0.downsample.0.weight: 1/256 channels masked
Layer layer3.1.conv1.weight: 1/256 channels masked
Layer layer4.0.conv1.weight: 1/512 channels masked
Layer layer4.0.conv2.weight: 4/512 channels masked
Layer layer4.0.downsample.0.weight: 4/512 channels masked
Layer layer4.1.conv1.weight: 9/512 channels masked
------------------------- time cost ------------------------- 26.606488943099976
[PFedBA] Round 441: optimizing class-conditional trigger bank...
[PFedBA] trigger_opt total=8.2429 grad=0.8320 loss_align=7.2169 attack=0.1940 norm=28.4219

-------------Round number: 440-------------

Evaluate personalized models
Averaged Train Loss: 0.0067
Averaged Test Accurancy: 0.7698
Averaged Test AUC: 0.9627
Std Test Accurancy: 0.0718
Std Test AUC: 0.0182
ASR: 0.06393472083629077
attack_auc: 0.5998917970807595
Layer layer2.0.downsample.0.weight: 1/128 channels masked
Layer layer3.0.conv2.weight: 1/256 channels masked
Layer layer3.0.downsample.0.weight: 1/256 channels masked
Layer layer3.1.conv1.weight: 1/256 channels masked
Layer layer4.0.conv1.weight: 1/512 channels masked
Layer layer4.0.conv2.weight: 4/512 channels masked
Layer layer4.0.downsample.0.weight: 4/512 channels masked
Layer layer4.1.conv1.weight: 9/512 channels masked
------------------------- time cost ------------------------- 26.752361297607422
[PFedBA] Round 442: optimizing class-conditional trigger bank...
[PFedBA] trigger_opt total=8.1556 grad=0.8617 loss_align=7.0768 attack=0.2171 norm=28.4198

-------------Round number: 441-------------

Evaluate personalized models
Averaged Train Loss: 0.0048
Averaged Test Accurancy: 0.7712
Averaged Test AUC: 0.9631
Std Test Accurancy: 0.0736
Std Test AUC: 0.0184
ASR: 0.062010605225578976
attack_auc: 0.5981297358191167
Layer layer2.0.downsample.0.weight: 1/128 channels masked
Layer layer3.0.conv2.weight: 1/256 channels masked
Layer layer3.0.downsample.0.weight: 1/256 channels masked
Layer layer3.1.conv1.weight: 1/256 channels masked
Layer layer4.0.conv1.weight: 1/512 channels masked
Layer layer4.0.conv2.weight: 4/512 channels masked
Layer layer4.0.downsample.0.weight: 4/512 channels masked
Layer layer4.1.conv1.weight: 9/512 channels masked
------------------------- time cost ------------------------- 26.4801504611969
[PFedBA] Round 443: optimizing class-conditional trigger bank...
[PFedBA] trigger_opt total=7.9892 grad=0.8617 loss_align=6.9127 attack=0.2148 norm=28.4215

-------------Round number: 442-------------

Evaluate personalized models
Averaged Train Loss: 0.0049
Averaged Test Accurancy: 0.7716
Averaged Test AUC: 0.9628
Std Test Accurancy: 0.0722
Std Test AUC: 0.0185
ASR: 0.06983938004932252
attack_auc: 0.5989138536515074
Layer layer2.0.downsample.0.weight: 1/128 channels masked
Layer layer3.0.conv2.weight: 1/256 channels masked
Layer layer3.0.downsample.0.weight: 1/256 channels masked
Layer layer3.1.conv1.weight: 1/256 channels masked
Layer layer4.0.conv1.weight: 1/512 channels masked
Layer layer4.0.conv2.weight: 4/512 channels masked
Layer layer4.0.downsample.0.weight: 4/512 channels masked
Layer layer4.1.conv1.weight: 9/512 channels masked
------------------------- time cost ------------------------- 26.657236337661743
[PFedBA] Round 444: optimizing class-conditional trigger bank...
[PFedBA] trigger_opt total=8.5272 grad=0.8855 loss_align=7.3897 attack=0.2520 norm=28.4203

-------------Round number: 443-------------

Evaluate personalized models
Averaged Train Loss: 0.0047
Averaged Test Accurancy: 0.7686
Averaged Test AUC: 0.9629
Std Test Accurancy: 0.0713
Std Test AUC: 0.0186
ASR: 0.06882450825635866
attack_auc: 0.6021145512096121
Layer layer2.0.downsample.0.weight: 1/128 channels masked
Layer layer3.0.conv2.weight: 1/256 channels masked
Layer layer3.0.downsample.0.weight: 1/256 channels masked
Layer layer3.1.conv1.weight: 1/256 channels masked
Layer layer4.0.conv1.weight: 1/512 channels masked
Layer layer4.0.conv2.weight: 4/512 channels masked
Layer layer4.0.downsample.0.weight: 4/512 channels masked
Layer layer4.1.conv1.weight: 9/512 channels masked
------------------------- time cost ------------------------- 26.742753505706787
[PFedBA] Round 445: optimizing class-conditional trigger bank...
[PFedBA] trigger_opt total=7.9908 grad=0.8719 loss_align=6.8881 attack=0.2308 norm=28.4226

-------------Round number: 444-------------

Evaluate personalized models
Averaged Train Loss: 0.0050
Averaged Test Accurancy: 0.7710
Averaged Test AUC: 0.9628
Std Test Accurancy: 0.0765
Std Test AUC: 0.0192
ASR: 0.06145040101345969
attack_auc: 0.5952066811678397
Layer layer2.0.downsample.0.weight: 1/128 channels masked
Layer layer3.0.conv2.weight: 1/256 channels masked
Layer layer3.0.downsample.0.weight: 1/256 channels masked
Layer layer3.1.conv1.weight: 1/256 channels masked
Layer layer4.0.conv1.weight: 1/512 channels masked
Layer layer4.0.conv2.weight: 4/512 channels masked
Layer layer4.0.downsample.0.weight: 4/512 channels masked
Layer layer4.1.conv1.weight: 9/512 channels masked
------------------------- time cost ------------------------- 26.471421003341675
[PFedBA] Round 446: optimizing class-conditional trigger bank...
[PFedBA] trigger_opt total=8.0963 grad=0.8152 loss_align=6.9403 attack=0.3408 norm=28.4242

-------------Round number: 445-------------

Evaluate personalized models
Averaged Train Loss: 0.0054
Averaged Test Accurancy: 0.7705
Averaged Test AUC: 0.9629
Std Test Accurancy: 0.0721
Std Test AUC: 0.0188
ASR: 0.06689523065792354
attack_auc: 0.5963239504672182
Layer layer2.0.downsample.0.weight: 1/128 channels masked
Layer layer3.0.conv2.weight: 1/256 channels masked
Layer layer3.0.downsample.0.weight: 1/256 channels masked
Layer layer3.1.conv1.weight: 1/256 channels masked
Layer layer4.0.conv1.weight: 1/512 channels masked
Layer layer4.0.conv2.weight: 4/512 channels masked
Layer layer4.0.downsample.0.weight: 4/512 channels masked
Layer layer4.1.conv1.weight: 9/512 channels masked
------------------------- time cost ------------------------- 26.95347499847412
[PFedBA] Round 447: optimizing class-conditional trigger bank...
[PFedBA] trigger_opt total=8.1790 grad=0.7649 loss_align=7.1496 attack=0.2646 norm=28.4233

-------------Round number: 446-------------

Evaluate personalized models
Averaged Train Loss: 0.0047
Averaged Test Accurancy: 0.7705
Averaged Test AUC: 0.9629
Std Test Accurancy: 0.0747
Std Test AUC: 0.0187
ASR: 0.06985703876946142
attack_auc: 0.5988940359451868
Layer layer2.0.downsample.0.weight: 1/128 channels masked
Layer layer3.0.conv2.weight: 1/256 channels masked
Layer layer3.0.downsample.0.weight: 1/256 channels masked
Layer layer3.1.conv1.weight: 1/256 channels masked
Layer layer4.0.conv1.weight: 1/512 channels masked
Layer layer4.0.conv2.weight: 4/512 channels masked
Layer layer4.0.downsample.0.weight: 4/512 channels masked
Layer layer4.1.conv1.weight: 9/512 channels masked
------------------------- time cost ------------------------- 26.691192388534546
[PFedBA] Round 448: optimizing class-conditional trigger bank...
[PFedBA] trigger_opt total=8.2532 grad=0.7743 loss_align=7.1801 attack=0.2988 norm=28.4232

-------------Round number: 447-------------

Evaluate personalized models
Averaged Train Loss: 0.0043
Averaged Test Accurancy: 0.7731
Averaged Test AUC: 0.9632
Std Test Accurancy: 0.0740
Std Test AUC: 0.0184
ASR: 0.07108163054584034
attack_auc: 0.6046196847717357
Layer layer2.0.downsample.0.weight: 1/128 channels masked
Layer layer3.0.conv2.weight: 1/256 channels masked
Layer layer3.0.downsample.0.weight: 1/256 channels masked
Layer layer3.1.conv1.weight: 1/256 channels masked
Layer layer4.0.conv1.weight: 1/512 channels masked
Layer layer4.0.conv2.weight: 4/512 channels masked
Layer layer4.0.downsample.0.weight: 4/512 channels masked
Layer layer4.1.conv1.weight: 9/512 channels masked
------------------------- time cost ------------------------- 26.862382411956787
[PFedBA] Round 449: optimizing class-conditional trigger bank...
[PFedBA] trigger_opt total=8.3898 grad=0.8121 loss_align=7.3709 attack=0.2068 norm=28.4237

-------------Round number: 448-------------

Evaluate personalized models
Averaged Train Loss: 0.0044
Averaged Test Accurancy: 0.7718
Averaged Test AUC: 0.9628
Std Test Accurancy: 0.0753
Std Test AUC: 0.0189
ASR: 0.07040298371233078
attack_auc: 0.6026065907065049
Layer layer2.0.downsample.0.weight: 1/128 channels masked
Layer layer3.0.conv2.weight: 1/256 channels masked
Layer layer3.0.downsample.0.weight: 1/256 channels masked
Layer layer3.1.conv1.weight: 1/256 channels masked
Layer layer4.0.conv1.weight: 1/512 channels masked
Layer layer4.0.conv2.weight: 4/512 channels masked
Layer layer4.0.downsample.0.weight: 4/512 channels masked
Layer layer4.1.conv1.weight: 9/512 channels masked
------------------------- time cost ------------------------- 26.706249952316284
[PFedBA] Round 450: optimizing class-conditional trigger bank...
[PFedBA] trigger_opt total=7.9936 grad=0.8788 loss_align=6.8977 attack=0.2171 norm=28.4229

-------------Round number: 449-------------

Evaluate personalized models
Averaged Train Loss: 0.0049
Averaged Test Accurancy: 0.7680
Averaged Test AUC: 0.9630
Std Test Accurancy: 0.0729
Std Test AUC: 0.0185
ASR: 0.06620852418835357
attack_auc: 0.6010202103913745
Layer layer2.0.downsample.0.weight: 1/128 channels masked
Layer layer3.0.conv2.weight: 1/256 channels masked
Layer layer3.0.downsample.0.weight: 1/256 channels masked
Layer layer3.1.conv1.weight: 1/256 channels masked
Layer layer4.0.conv1.weight: 1/512 channels masked
Layer layer4.0.conv2.weight: 4/512 channels masked
Layer layer4.0.downsample.0.weight: 4/512 channels masked
Layer layer4.1.conv1.weight: 9/512 channels masked
------------------------- time cost ------------------------- 26.631207704544067
[PFedBA] Round 451: optimizing class-conditional trigger bank...
[PFedBA] trigger_opt total=8.1992 grad=0.9493 loss_align=7.1080 attack=0.1419 norm=28.4227

-------------Round number: 450-------------

Evaluate personalized models
Averaged Train Loss: 0.0049
Averaged Test Accurancy: 0.7723
Averaged Test AUC: 0.9631
Std Test Accurancy: 0.0704
Std Test AUC: 0.0180
ASR: 0.060946738120665804
attack_auc: 0.600743457007455
Layer layer2.0.downsample.0.weight: 1/128 channels masked
Layer layer3.0.conv2.weight: 1/256 channels masked
Layer layer3.0.downsample.0.weight: 1/256 channels masked
Layer layer3.1.conv1.weight: 1/256 channels masked
Layer layer4.0.conv1.weight: 1/512 channels masked
Layer layer4.0.conv2.weight: 4/512 channels masked
Layer layer4.0.downsample.0.weight: 4/512 channels masked
Layer layer4.1.conv1.weight: 9/512 channels masked
------------------------- time cost ------------------------- 26.68540096282959
[PFedBA] Round 452: optimizing class-conditional trigger bank...
[PFedBA] trigger_opt total=8.3279 grad=0.9136 loss_align=7.2105 attack=0.2039 norm=28.4202

-------------Round number: 451-------------

Evaluate personalized models
Averaged Train Loss: 0.0049
Averaged Test Accurancy: 0.7686
Averaged Test AUC: 0.9626
Std Test Accurancy: 0.0731
Std Test AUC: 0.0187
ASR: 0.06923458706034225
attack_auc: 0.6028263240835519
Layer layer2.0.downsample.0.weight: 1/128 channels masked
Layer layer3.0.conv2.weight: 1/256 channels masked
Layer layer3.0.downsample.0.weight: 1/256 channels masked
Layer layer3.1.conv1.weight: 1/256 channels masked
Layer layer4.0.conv1.weight: 1/512 channels masked
Layer layer4.0.conv2.weight: 4/512 channels masked
Layer layer4.0.downsample.0.weight: 4/512 channels masked
Layer layer4.1.conv1.weight: 9/512 channels masked
------------------------- time cost ------------------------- 26.59577488899231
[PFedBA] Round 453: optimizing class-conditional trigger bank...
[PFedBA] trigger_opt total=7.9811 grad=0.8354 loss_align=6.9396 attack=0.2061 norm=28.4219

-------------Round number: 452-------------

Evaluate personalized models
Averaged Train Loss: 0.0050
Averaged Test Accurancy: 0.7713
Averaged Test AUC: 0.9627
Std Test Accurancy: 0.0755
Std Test AUC: 0.0189
ASR: 0.05977676228335874
attack_auc: 0.5992210993109314
Layer layer2.0.downsample.0.weight: 1/128 channels masked
Layer layer3.0.conv2.weight: 1/256 channels masked
Layer layer3.0.downsample.0.weight: 1/256 channels masked
Layer layer3.1.conv1.weight: 1/256 channels masked
Layer layer4.0.conv1.weight: 1/512 channels masked
Layer layer4.0.conv2.weight: 4/512 channels masked
Layer layer4.0.downsample.0.weight: 4/512 channels masked
Layer layer4.1.conv1.weight: 9/512 channels masked
------------------------- time cost ------------------------- 26.731939554214478
[PFedBA] Round 454: optimizing class-conditional trigger bank...
[PFedBA] trigger_opt total=8.0398 grad=0.8606 loss_align=6.9519 attack=0.2274 norm=28.4240

-------------Round number: 453-------------

Evaluate personalized models
Averaged Train Loss: 0.0052
Averaged Test Accurancy: 0.7716
Averaged Test AUC: 0.9632
Std Test Accurancy: 0.0709
Std Test AUC: 0.0181
ASR: 0.060606886034897695
attack_auc: 0.5923375024944768
Layer layer2.0.downsample.0.weight: 1/128 channels masked
Layer layer3.0.conv2.weight: 1/256 channels masked
Layer layer3.0.downsample.0.weight: 1/256 channels masked
Layer layer3.1.conv1.weight: 1/256 channels masked
Layer layer4.0.conv1.weight: 1/512 channels masked
Layer layer4.0.conv2.weight: 4/512 channels masked
Layer layer4.0.downsample.0.weight: 4/512 channels masked
Layer layer4.1.conv1.weight: 9/512 channels masked
------------------------- time cost ------------------------- 26.607365369796753
[PFedBA] Round 455: optimizing class-conditional trigger bank...
[PFedBA] trigger_opt total=8.4611 grad=0.8167 loss_align=7.4288 attack=0.2156 norm=28.4254

-------------Round number: 454-------------

Evaluate personalized models
Averaged Train Loss: 0.0047
Averaged Test Accurancy: 0.7716
Averaged Test AUC: 0.9631
Std Test Accurancy: 0.0703
Std Test AUC: 0.0181
ASR: 0.0673440934319369
attack_auc: 0.5979081429722584
Layer layer2.0.downsample.0.weight: 1/128 channels masked
Layer layer3.0.conv2.weight: 1/256 channels masked
Layer layer3.0.downsample.0.weight: 1/256 channels masked
Layer layer3.1.conv1.weight: 1/256 channels masked
Layer layer4.0.conv1.weight: 1/512 channels masked
Layer layer4.0.conv2.weight: 4/512 channels masked
Layer layer4.0.downsample.0.weight: 4/512 channels masked
Layer layer4.1.conv1.weight: 9/512 channels masked
------------------------- time cost ------------------------- 26.542489528656006
[PFedBA] Round 456: optimizing class-conditional trigger bank...
[PFedBA] trigger_opt total=8.0249 grad=0.8608 loss_align=6.9352 attack=0.2288 norm=28.4253

-------------Round number: 455-------------

Evaluate personalized models
Averaged Train Loss: 0.0051
Averaged Test Accurancy: 0.7713
Averaged Test AUC: 0.9626
Std Test Accurancy: 0.0712
Std Test AUC: 0.0189
ASR: 0.06628664459261802
attack_auc: 0.598206507838937
Layer layer2.0.downsample.0.weight: 1/128 channels masked
Layer layer3.0.conv2.weight: 1/256 channels masked
Layer layer3.0.downsample.0.weight: 1/256 channels masked
Layer layer3.1.conv1.weight: 1/256 channels masked
Layer layer4.0.conv1.weight: 1/512 channels masked
Layer layer4.0.conv2.weight: 4/512 channels masked
Layer layer4.0.downsample.0.weight: 4/512 channels masked
Layer layer4.1.conv1.weight: 9/512 channels masked
------------------------- time cost ------------------------- 26.667773008346558
[PFedBA] Round 457: optimizing class-conditional trigger bank...
[PFedBA] trigger_opt total=8.2776 grad=0.6716 loss_align=7.3077 attack=0.2983 norm=28.4268

-------------Round number: 456-------------

Evaluate personalized models
Averaged Train Loss: 0.0051
Averaged Test Accurancy: 0.7698
Averaged Test AUC: 0.9632
Std Test Accurancy: 0.0731
Std Test AUC: 0.0183
ASR: 0.06140603665733986
attack_auc: 0.5952871517372438
Layer layer2.0.downsample.0.weight: 1/128 channels masked
Layer layer3.0.conv2.weight: 1/256 channels masked
Layer layer3.0.downsample.0.weight: 1/256 channels masked
Layer layer3.1.conv1.weight: 1/256 channels masked
Layer layer4.0.conv1.weight: 1/512 channels masked
Layer layer4.0.conv2.weight: 4/512 channels masked
Layer layer4.0.downsample.0.weight: 4/512 channels masked
Layer layer4.1.conv1.weight: 9/512 channels masked
------------------------- time cost ------------------------- 26.63467049598694
[PFedBA] Round 458: optimizing class-conditional trigger bank...
[PFedBA] trigger_opt total=8.1769 grad=0.8355 loss_align=7.1175 attack=0.2239 norm=28.4241

-------------Round number: 457-------------

Evaluate personalized models
Averaged Train Loss: 0.0041
Averaged Test Accurancy: 0.7717
Averaged Test AUC: 0.9633
Std Test Accurancy: 0.0713
Std Test AUC: 0.0183
ASR: 0.06587983105900422
attack_auc: 0.6008385147060088
Layer layer2.0.downsample.0.weight: 1/128 channels masked
Layer layer3.0.conv2.weight: 1/256 channels masked
Layer layer3.0.downsample.0.weight: 1/256 channels masked
Layer layer3.1.conv1.weight: 1/256 channels masked
Layer layer4.0.conv1.weight: 1/512 channels masked
Layer layer4.0.conv2.weight: 4/512 channels masked
Layer layer4.0.downsample.0.weight: 4/512 channels masked
Layer layer4.1.conv1.weight: 9/512 channels masked
------------------------- time cost ------------------------- 26.702784776687622
[PFedBA] Round 459: optimizing class-conditional trigger bank...
[PFedBA] trigger_opt total=8.2171 grad=0.8797 loss_align=7.0986 attack=0.2388 norm=28.4238

-------------Round number: 458-------------

Evaluate personalized models
Averaged Train Loss: 0.0044
Averaged Test Accurancy: 0.7720
Averaged Test AUC: 0.9629
Std Test Accurancy: 0.0707
Std Test AUC: 0.0184
ASR: 0.0662235162058692
attack_auc: 0.5956028974796055
Layer layer2.0.downsample.0.weight: 1/128 channels masked
Layer layer3.0.conv2.weight: 1/256 channels masked
Layer layer3.0.downsample.0.weight: 1/256 channels masked
Layer layer3.1.conv1.weight: 1/256 channels masked
Layer layer4.0.conv1.weight: 1/512 channels masked
Layer layer4.0.conv2.weight: 4/512 channels masked
Layer layer4.0.downsample.0.weight: 4/512 channels masked
Layer layer4.1.conv1.weight: 9/512 channels masked
------------------------- time cost ------------------------- 26.678999185562134
[PFedBA] Round 460: optimizing class-conditional trigger bank...
[PFedBA] trigger_opt total=8.2559 grad=0.8441 loss_align=7.1822 attack=0.2296 norm=28.4253

-------------Round number: 459-------------

Evaluate personalized models
Averaged Train Loss: 0.0044
Averaged Test Accurancy: 0.7724
Averaged Test AUC: 0.9636
Std Test Accurancy: 0.0714
Std Test AUC: 0.0178
ASR: 0.0628263784440151
attack_auc: 0.5932881053048302
Layer layer2.0.downsample.0.weight: 1/128 channels masked
Layer layer3.0.conv2.weight: 1/256 channels masked
Layer layer3.0.downsample.0.weight: 1/256 channels masked
Layer layer3.1.conv1.weight: 1/256 channels masked
Layer layer4.0.conv1.weight: 1/512 channels masked
Layer layer4.0.conv2.weight: 4/512 channels masked
Layer layer4.0.downsample.0.weight: 4/512 channels masked
Layer layer4.1.conv1.weight: 9/512 channels masked
------------------------- time cost ------------------------- 26.27160906791687
[PFedBA] Round 461: optimizing class-conditional trigger bank...
[PFedBA] trigger_opt total=8.5340 grad=1.0697 loss_align=7.3075 attack=0.1568 norm=28.4278

-------------Round number: 460-------------

Evaluate personalized models
Averaged Train Loss: 0.0052
Averaged Test Accurancy: 0.7692
Averaged Test AUC: 0.9629
Std Test Accurancy: 0.0725
Std Test AUC: 0.0180
ASR: 0.06046623556084916
attack_auc: 0.5972531776057195
Layer layer2.0.downsample.0.weight: 1/128 channels masked
Layer layer3.0.conv2.weight: 1/256 channels masked
Layer layer3.0.downsample.0.weight: 1/256 channels masked
Layer layer3.1.conv1.weight: 1/256 channels masked
Layer layer4.0.conv1.weight: 1/512 channels masked
Layer layer4.0.conv2.weight: 4/512 channels masked
Layer layer4.0.downsample.0.weight: 4/512 channels masked
Layer layer4.1.conv1.weight: 9/512 channels masked
------------------------- time cost ------------------------- 26.1015567779541
[PFedBA] Round 462: optimizing class-conditional trigger bank...
[PFedBA] trigger_opt total=8.2864 grad=0.8089 loss_align=7.2644 attack=0.2130 norm=28.4253

-------------Round number: 461-------------

Evaluate personalized models
Averaged Train Loss: 0.0100
Averaged Test Accurancy: 0.7712
Averaged Test AUC: 0.9630
Std Test Accurancy: 0.0713
Std Test AUC: 0.0179
ASR: 0.0578274886548582
attack_auc: 0.5919537875635984
Layer layer2.0.downsample.0.weight: 1/128 channels masked
Layer layer3.0.conv2.weight: 1/256 channels masked
Layer layer3.0.downsample.0.weight: 1/256 channels masked
Layer layer3.1.conv1.weight: 1/256 channels masked
Layer layer4.0.conv1.weight: 1/512 channels masked
Layer layer4.0.conv2.weight: 4/512 channels masked
Layer layer4.0.downsample.0.weight: 4/512 channels masked
Layer layer4.1.conv1.weight: 9/512 channels masked
------------------------- time cost ------------------------- 25.96411633491516
[PFedBA] Round 463: optimizing class-conditional trigger bank...
[PFedBA] trigger_opt total=8.3755 grad=0.9081 loss_align=7.2471 attack=0.2203 norm=28.4279

-------------Round number: 462-------------

Evaluate personalized models
Averaged Train Loss: 0.0047
Averaged Test Accurancy: 0.7703
Averaged Test AUC: 0.9632
Std Test Accurancy: 0.0696
Std Test AUC: 0.0184
ASR: 0.06989449284365185
attack_auc: 0.5972392163341511
Layer layer2.0.downsample.0.weight: 1/128 channels masked
Layer layer3.0.conv2.weight: 1/256 channels masked
Layer layer3.0.downsample.0.weight: 1/256 channels masked
Layer layer3.1.conv1.weight: 1/256 channels masked
Layer layer4.0.conv1.weight: 1/512 channels masked
Layer layer4.0.conv2.weight: 4/512 channels masked
Layer layer4.0.downsample.0.weight: 4/512 channels masked
Layer layer4.1.conv1.weight: 9/512 channels masked
------------------------- time cost ------------------------- 26.805098295211792
[PFedBA] Round 464: optimizing class-conditional trigger bank...
[PFedBA] trigger_opt total=8.5963 grad=0.7340 loss_align=7.5209 attack=0.3414 norm=28.4271

-------------Round number: 463-------------

Evaluate personalized models
Averaged Train Loss: 0.0050
Averaged Test Accurancy: 0.7697
Averaged Test AUC: 0.9632
Std Test Accurancy: 0.0697
Std Test AUC: 0.0182
ASR: 0.06146904839645192
attack_auc: 0.5963208185478833
Layer layer2.0.downsample.0.weight: 1/128 channels masked
Layer layer3.0.conv2.weight: 1/256 channels masked
Layer layer3.0.downsample.0.weight: 1/256 channels masked
Layer layer3.1.conv1.weight: 1/256 channels masked
Layer layer4.0.conv1.weight: 1/512 channels masked
Layer layer4.0.conv2.weight: 4/512 channels masked
Layer layer4.0.downsample.0.weight: 4/512 channels masked
Layer layer4.1.conv1.weight: 9/512 channels masked
------------------------- time cost ------------------------- 26.390514135360718
[PFedBA] Round 465: optimizing class-conditional trigger bank...
[PFedBA] trigger_opt total=7.9293 grad=0.7850 loss_align=6.9189 attack=0.2254 norm=28.4273

-------------Round number: 464-------------

Evaluate personalized models
Averaged Train Loss: 0.0047
Averaged Test Accurancy: 0.7722
Averaged Test AUC: 0.9632
Std Test Accurancy: 0.0723
Std Test AUC: 0.0185
ASR: 0.06630723562920342
attack_auc: 0.5985573243480666
Layer layer2.0.downsample.0.weight: 1/128 channels masked
Layer layer3.0.conv2.weight: 1/256 channels masked
Layer layer3.0.downsample.0.weight: 1/256 channels masked
Layer layer3.1.conv1.weight: 1/256 channels masked
Layer layer4.0.conv1.weight: 1/512 channels masked
Layer layer4.0.conv2.weight: 4/512 channels masked
Layer layer4.0.downsample.0.weight: 4/512 channels masked
Layer layer4.1.conv1.weight: 9/512 channels masked
------------------------- time cost ------------------------- 26.61643886566162
[PFedBA] Round 466: optimizing class-conditional trigger bank...
[PFedBA] trigger_opt total=8.5894 grad=0.8968 loss_align=7.4828 attack=0.2098 norm=28.4268

-------------Round number: 465-------------

Evaluate personalized models
Averaged Train Loss: 0.0049
Averaged Test Accurancy: 0.7695
Averaged Test AUC: 0.9629
Std Test Accurancy: 0.0707
Std Test AUC: 0.0183
ASR: 0.060439519333516475
attack_auc: 0.5980047345095556
Layer layer2.0.downsample.0.weight: 1/128 channels masked
Layer layer3.0.conv2.weight: 1/256 channels masked
Layer layer3.0.downsample.0.weight: 1/256 channels masked
Layer layer3.1.conv1.weight: 1/256 channels masked
Layer layer4.0.conv1.weight: 1/512 channels masked
Layer layer4.0.conv2.weight: 4/512 channels masked
Layer layer4.0.downsample.0.weight: 4/512 channels masked
Layer layer4.1.conv1.weight: 9/512 channels masked
------------------------- time cost ------------------------- 26.684743404388428
[PFedBA] Round 467: optimizing class-conditional trigger bank...
[PFedBA] trigger_opt total=7.9438 grad=0.8047 loss_align=6.9080 attack=0.2311 norm=28.4268

-------------Round number: 466-------------

Evaluate personalized models
Averaged Train Loss: 0.0050
Averaged Test Accurancy: 0.7721
Averaged Test AUC: 0.9629
Std Test Accurancy: 0.0730
Std Test AUC: 0.0185
ASR: 0.06896997780985979
attack_auc: 0.5988396089012495
Layer layer2.0.downsample.0.weight: 1/128 channels masked
Layer layer3.0.conv2.weight: 1/256 channels masked
Layer layer3.0.downsample.0.weight: 1/256 channels masked
Layer layer3.1.conv1.weight: 1/256 channels masked
Layer layer4.0.conv1.weight: 1/512 channels masked
Layer layer4.0.conv2.weight: 4/512 channels masked
Layer layer4.0.downsample.0.weight: 4/512 channels masked
Layer layer4.1.conv1.weight: 9/512 channels masked
------------------------- time cost ------------------------- 26.49625253677368
[PFedBA] Round 468: optimizing class-conditional trigger bank...
[PFedBA] trigger_opt total=8.1018 grad=0.7566 loss_align=7.0540 attack=0.2912 norm=28.4260

-------------Round number: 467-------------

Evaluate personalized models
Averaged Train Loss: 0.0041
Averaged Test Accurancy: 0.7711
Averaged Test AUC: 0.9633
Std Test Accurancy: 0.0728
Std Test AUC: 0.0183
ASR: 0.059444355011769964
attack_auc: 0.5941969630779593
Layer layer2.0.downsample.0.weight: 1/128 channels masked
Layer layer3.0.conv2.weight: 1/256 channels masked
Layer layer3.0.downsample.0.weight: 1/256 channels masked
Layer layer3.1.conv1.weight: 1/256 channels masked
Layer layer4.0.conv1.weight: 1/512 channels masked
Layer layer4.0.conv2.weight: 4/512 channels masked
Layer layer4.0.downsample.0.weight: 4/512 channels masked
Layer layer4.1.conv1.weight: 9/512 channels masked
------------------------- time cost ------------------------- 26.48029136657715
[PFedBA] Round 469: optimizing class-conditional trigger bank...
[PFedBA] trigger_opt total=8.4267 grad=0.8351 loss_align=7.3433 attack=0.2483 norm=28.4294

-------------Round number: 468-------------

Evaluate personalized models
Averaged Train Loss: 0.0040
Averaged Test Accurancy: 0.7696
Averaged Test AUC: 0.9634
Std Test Accurancy: 0.0740
Std Test AUC: 0.0180
ASR: 0.06530325509951063
attack_auc: 0.5982008248472115
Layer layer2.0.downsample.0.weight: 1/128 channels masked
Layer layer3.0.conv2.weight: 1/256 channels masked
Layer layer3.0.downsample.0.weight: 1/256 channels masked
Layer layer3.1.conv1.weight: 1/256 channels masked
Layer layer4.0.conv1.weight: 1/512 channels masked
Layer layer4.0.conv2.weight: 4/512 channels masked
Layer layer4.0.downsample.0.weight: 4/512 channels masked
Layer layer4.1.conv1.weight: 9/512 channels masked
------------------------- time cost ------------------------- 26.715967893600464
[PFedBA] Round 470: optimizing class-conditional trigger bank...
[PFedBA] trigger_opt total=8.4089 grad=0.7806 loss_align=7.2180 attack=0.4103 norm=28.4291

-------------Round number: 469-------------

Evaluate personalized models
Averaged Train Loss: 0.0051
Averaged Test Accurancy: 0.7745
Averaged Test AUC: 0.9631
Std Test Accurancy: 0.0684
Std Test AUC: 0.0183
ASR: 0.06211344536524242
attack_auc: 0.6006484468058849
Layer layer2.0.downsample.0.weight: 1/128 channels masked
Layer layer3.0.conv2.weight: 1/256 channels masked
Layer layer3.0.downsample.0.weight: 1/256 channels masked
Layer layer3.1.conv1.weight: 1/256 channels masked
Layer layer4.0.conv1.weight: 1/512 channels masked
Layer layer4.0.conv2.weight: 4/512 channels masked
Layer layer4.0.downsample.0.weight: 4/512 channels masked
Layer layer4.1.conv1.weight: 9/512 channels masked
------------------------- time cost ------------------------- 26.471587419509888
[PFedBA] Round 471: optimizing class-conditional trigger bank...
[PFedBA] trigger_opt total=7.9577 grad=0.7065 loss_align=6.9846 attack=0.2666 norm=28.4293

-------------Round number: 470-------------

Evaluate personalized models
Averaged Train Loss: 0.0053
Averaged Test Accurancy: 0.7691
Averaged Test AUC: 0.9627
Std Test Accurancy: 0.0745
Std Test AUC: 0.0186
ASR: 0.06409571046981652
attack_auc: 0.6030919795324241
Layer layer2.0.downsample.0.weight: 1/128 channels masked
Layer layer3.0.conv2.weight: 1/256 channels masked
Layer layer3.0.downsample.0.weight: 1/256 channels masked
Layer layer3.1.conv1.weight: 1/256 channels masked
Layer layer4.0.conv1.weight: 1/512 channels masked
Layer layer4.0.conv2.weight: 4/512 channels masked
Layer layer4.0.downsample.0.weight: 4/512 channels masked
Layer layer4.1.conv1.weight: 9/512 channels masked
------------------------- time cost ------------------------- 26.75113344192505
[PFedBA] Round 472: optimizing class-conditional trigger bank...
[PFedBA] trigger_opt total=8.6013 grad=0.9003 loss_align=7.5060 attack=0.1950 norm=28.4294

-------------Round number: 471-------------

Evaluate personalized models
Averaged Train Loss: 0.0047
Averaged Test Accurancy: 0.7717
Averaged Test AUC: 0.9631
Std Test Accurancy: 0.0677
Std Test AUC: 0.0181
ASR: 0.06325425937432023
attack_auc: 0.5984987049562417
Layer layer2.0.downsample.0.weight: 1/128 channels masked
Layer layer3.0.conv2.weight: 1/256 channels masked
Layer layer3.0.downsample.0.weight: 1/256 channels masked
Layer layer3.1.conv1.weight: 1/256 channels masked
Layer layer4.0.conv1.weight: 1/512 channels masked
Layer layer4.0.conv2.weight: 4/512 channels masked
Layer layer4.0.downsample.0.weight: 4/512 channels masked
Layer layer4.1.conv1.weight: 9/512 channels masked
------------------------- time cost ------------------------- 25.932204961776733
[PFedBA] Round 473: optimizing class-conditional trigger bank...
[PFedBA] trigger_opt total=7.8822 grad=0.7944 loss_align=6.8217 attack=0.2661 norm=28.4301

-------------Round number: 472-------------

Evaluate personalized models
Averaged Train Loss: 0.0050
Averaged Test Accurancy: 0.7735
Averaged Test AUC: 0.9635
Std Test Accurancy: 0.0705
Std Test AUC: 0.0181
ASR: 0.0662249946364843
attack_auc: 0.6004255789678954
Layer layer2.0.downsample.0.weight: 1/128 channels masked
Layer layer3.0.conv2.weight: 1/256 channels masked
Layer layer3.0.downsample.0.weight: 1/256 channels masked
Layer layer3.1.conv1.weight: 1/256 channels masked
Layer layer4.0.conv1.weight: 1/512 channels masked
Layer layer4.0.conv2.weight: 4/512 channels masked
Layer layer4.0.downsample.0.weight: 4/512 channels masked
Layer layer4.1.conv1.weight: 9/512 channels masked
------------------------- time cost ------------------------- 26.52096700668335
[PFedBA] Round 474: optimizing class-conditional trigger bank...
[PFedBA] trigger_opt total=8.2263 grad=0.8668 loss_align=7.1593 attack=0.2001 norm=28.4310

-------------Round number: 473-------------

Evaluate personalized models
Averaged Train Loss: 0.0048
Averaged Test Accurancy: 0.7706
Averaged Test AUC: 0.9629
Std Test Accurancy: 0.0709
Std Test AUC: 0.0181
ASR: 0.06762207635028063
attack_auc: 0.600736143152403
Layer layer2.0.downsample.0.weight: 1/128 channels masked
Layer layer3.0.conv2.weight: 1/256 channels masked
Layer layer3.0.downsample.0.weight: 1/256 channels masked
Layer layer3.1.conv1.weight: 1/256 channels masked
Layer layer4.0.conv1.weight: 1/512 channels masked
Layer layer4.0.conv2.weight: 4/512 channels masked
Layer layer4.0.downsample.0.weight: 4/512 channels masked
Layer layer4.1.conv1.weight: 9/512 channels masked
------------------------- time cost ------------------------- 25.931041717529297
[PFedBA] Round 475: optimizing class-conditional trigger bank...
[PFedBA] trigger_opt total=8.0460 grad=0.7932 loss_align=6.9625 attack=0.2903 norm=28.4320

-------------Round number: 474-------------

Evaluate personalized models
Averaged Train Loss: 0.0074
Averaged Test Accurancy: 0.7710
Averaged Test AUC: 0.9630
Std Test Accurancy: 0.0718
Std Test AUC: 0.0184
ASR: 0.06798056032812895
attack_auc: 0.6008683407346561
Layer layer2.0.downsample.0.weight: 1/128 channels masked
Layer layer3.0.conv2.weight: 1/256 channels masked
Layer layer3.0.downsample.0.weight: 1/256 channels masked
Layer layer3.1.conv1.weight: 1/256 channels masked
Layer layer4.0.conv1.weight: 1/512 channels masked
Layer layer4.0.conv2.weight: 4/512 channels masked
Layer layer4.0.downsample.0.weight: 4/512 channels masked
Layer layer4.1.conv1.weight: 9/512 channels masked
------------------------- time cost ------------------------- 25.969608306884766
[PFedBA] Round 476: optimizing class-conditional trigger bank...
[PFedBA] trigger_opt total=8.2945 grad=0.7682 loss_align=7.1304 attack=0.3960 norm=28.4332

-------------Round number: 475-------------

Evaluate personalized models
Averaged Train Loss: 0.0048
Averaged Test Accurancy: 0.7738
Averaged Test AUC: 0.9632
Std Test Accurancy: 0.0717
Std Test AUC: 0.0178
ASR: 0.06545993063196993
attack_auc: 0.5995362982545692
Layer layer2.0.downsample.0.weight: 1/128 channels masked
Layer layer3.0.conv2.weight: 1/256 channels masked
Layer layer3.0.downsample.0.weight: 1/256 channels masked
Layer layer3.1.conv1.weight: 1/256 channels masked
Layer layer4.0.conv1.weight: 1/512 channels masked
Layer layer4.0.conv2.weight: 4/512 channels masked
Layer layer4.0.downsample.0.weight: 4/512 channels masked
Layer layer4.1.conv1.weight: 9/512 channels masked
------------------------- time cost ------------------------- 26.640726327896118
[PFedBA] Round 477: optimizing class-conditional trigger bank...
[PFedBA] trigger_opt total=8.2017 grad=0.8340 loss_align=7.1289 attack=0.2388 norm=28.4331

-------------Round number: 476-------------

Evaluate personalized models
Averaged Train Loss: 0.0042
Averaged Test Accurancy: 0.7751
Averaged Test AUC: 0.9632
Std Test Accurancy: 0.0717
Std Test AUC: 0.0180
ASR: 0.06252660760080533
attack_auc: 0.6012082091039873
Layer layer2.0.downsample.0.weight: 1/128 channels masked
Layer layer3.0.conv2.weight: 1/256 channels masked
Layer layer3.0.downsample.0.weight: 1/256 channels masked
Layer layer3.1.conv1.weight: 1/256 channels masked
Layer layer4.0.conv1.weight: 1/512 channels masked
Layer layer4.0.conv2.weight: 4/512 channels masked
Layer layer4.0.downsample.0.weight: 4/512 channels masked
Layer layer4.1.conv1.weight: 9/512 channels masked
------------------------- time cost ------------------------- 26.506337642669678
[PFedBA] Round 478: optimizing class-conditional trigger bank...
[PFedBA] trigger_opt total=8.4140 grad=0.8080 loss_align=7.2417 attack=0.3643 norm=28.4330

-------------Round number: 477-------------

Evaluate personalized models
Averaged Train Loss: 0.0069
Averaged Test Accurancy: 0.7737
Averaged Test AUC: 0.9632
Std Test Accurancy: 0.0718
Std Test AUC: 0.0185
ASR: 0.06932881995003291
attack_auc: 0.6027163137797104
Layer layer2.0.downsample.0.weight: 1/128 channels masked
Layer layer3.0.conv2.weight: 1/256 channels masked
Layer layer3.0.downsample.0.weight: 1/256 channels masked
Layer layer3.1.conv1.weight: 1/256 channels masked
Layer layer4.0.conv1.weight: 1/512 channels masked
Layer layer4.0.conv2.weight: 4/512 channels masked
Layer layer4.0.downsample.0.weight: 4/512 channels masked
Layer layer4.1.conv1.weight: 9/512 channels masked
------------------------- time cost ------------------------- 26.57223629951477
[PFedBA] Round 479: optimizing class-conditional trigger bank...
[PFedBA] trigger_opt total=8.1765 grad=0.8319 loss_align=7.0728 attack=0.2717 norm=28.4314

-------------Round number: 478-------------

Evaluate personalized models
Averaged Train Loss: 0.0043
Averaged Test Accurancy: 0.7741
Averaged Test AUC: 0.9635
Std Test Accurancy: 0.0696
Std Test AUC: 0.0179
ASR: 0.06579213857268368
attack_auc: 0.5981291642891275
Layer layer2.0.downsample.0.weight: 1/128 channels masked
Layer layer3.0.conv2.weight: 1/256 channels masked
Layer layer3.0.downsample.0.weight: 1/256 channels masked
Layer layer3.1.conv1.weight: 1/256 channels masked
Layer layer4.0.conv1.weight: 1/512 channels masked
Layer layer4.0.conv2.weight: 4/512 channels masked
Layer layer4.0.downsample.0.weight: 4/512 channels masked
Layer layer4.1.conv1.weight: 9/512 channels masked
------------------------- time cost ------------------------- 26.494841814041138
[PFedBA] Round 480: optimizing class-conditional trigger bank...
[PFedBA] trigger_opt total=8.2236 grad=0.8197 loss_align=7.1369 attack=0.2671 norm=28.4313

-------------Round number: 479-------------

Evaluate personalized models
Averaged Train Loss: 0.0045
Averaged Test Accurancy: 0.7716
Averaged Test AUC: 0.9628
Std Test Accurancy: 0.0731
Std Test AUC: 0.0184
ASR: 0.0633457773395417
attack_auc: 0.5947307625746315
Layer layer2.0.downsample.0.weight: 1/128 channels masked
Layer layer3.0.conv2.weight: 1/256 channels masked
Layer layer3.0.downsample.0.weight: 1/256 channels masked
Layer layer3.1.conv1.weight: 1/256 channels masked
Layer layer4.0.conv1.weight: 1/512 channels masked
Layer layer4.0.conv2.weight: 4/512 channels masked
Layer layer4.0.downsample.0.weight: 4/512 channels masked
Layer layer4.1.conv1.weight: 9/512 channels masked
------------------------- time cost ------------------------- 26.679200172424316
[PFedBA] Round 481: optimizing class-conditional trigger bank...
[PFedBA] trigger_opt total=8.3210 grad=0.8040 loss_align=7.2593 attack=0.2577 norm=28.4317

-------------Round number: 480-------------

Evaluate personalized models
Averaged Train Loss: 0.0047
Averaged Test Accurancy: 0.7741
Averaged Test AUC: 0.9633
Std Test Accurancy: 0.0709
Std Test AUC: 0.0182
ASR: 0.06414337210843517
attack_auc: 0.6003610908329633
Layer layer2.0.downsample.0.weight: 1/128 channels masked
Layer layer3.0.conv2.weight: 1/256 channels masked
Layer layer3.0.downsample.0.weight: 1/256 channels masked
Layer layer3.1.conv1.weight: 1/256 channels masked
Layer layer4.0.conv1.weight: 1/512 channels masked
Layer layer4.0.conv2.weight: 4/512 channels masked
Layer layer4.0.downsample.0.weight: 4/512 channels masked
Layer layer4.1.conv1.weight: 9/512 channels masked
------------------------- time cost ------------------------- 26.35008430480957
[PFedBA] Round 482: optimizing class-conditional trigger bank...
[PFedBA] trigger_opt total=8.3040 grad=0.8333 loss_align=7.1837 attack=0.2871 norm=28.4334

-------------Round number: 481-------------

Evaluate personalized models
Averaged Train Loss: 0.0050
Averaged Test Accurancy: 0.7741
Averaged Test AUC: 0.9631
Std Test Accurancy: 0.0724
Std Test AUC: 0.0184
ASR: 0.07128643033961195
attack_auc: 0.6011439060204863
Layer layer2.0.downsample.0.weight: 1/128 channels masked
Layer layer3.0.conv2.weight: 1/256 channels masked
Layer layer3.0.downsample.0.weight: 1/256 channels masked
Layer layer3.1.conv1.weight: 1/256 channels masked
Layer layer4.0.conv1.weight: 1/512 channels masked
Layer layer4.0.conv2.weight: 4/512 channels masked
Layer layer4.0.downsample.0.weight: 4/512 channels masked
Layer layer4.1.conv1.weight: 9/512 channels masked
------------------------- time cost ------------------------- 26.360468864440918
[PFedBA] Round 483: optimizing class-conditional trigger bank...
[PFedBA] trigger_opt total=7.9484 grad=0.8630 loss_align=6.8711 attack=0.2143 norm=28.4369

-------------Round number: 482-------------

Evaluate personalized models
Averaged Train Loss: 0.0048
Averaged Test Accurancy: 0.7739
Averaged Test AUC: 0.9635
Std Test Accurancy: 0.0702
Std Test AUC: 0.0178
ASR: 0.06563455431751453
attack_auc: 0.5973323008591497
Layer layer2.0.downsample.0.weight: 1/128 channels masked
Layer layer3.0.conv2.weight: 1/256 channels masked
Layer layer3.0.downsample.0.weight: 1/256 channels masked
Layer layer3.1.conv1.weight: 1/256 channels masked
Layer layer4.0.conv1.weight: 1/512 channels masked
Layer layer4.0.conv2.weight: 4/512 channels masked
Layer layer4.0.downsample.0.weight: 4/512 channels masked
Layer layer4.1.conv1.weight: 9/512 channels masked
------------------------- time cost ------------------------- 26.30057168006897
[PFedBA] Round 484: optimizing class-conditional trigger bank...
[PFedBA] trigger_opt total=8.4743 grad=0.8373 loss_align=7.4348 attack=0.2023 norm=28.4391

-------------Round number: 483-------------

Evaluate personalized models
Averaged Train Loss: 0.0043
Averaged Test Accurancy: 0.7720
Averaged Test AUC: 0.9632
Std Test Accurancy: 0.0709
Std Test AUC: 0.0183
ASR: 0.06602009586786849
attack_auc: 0.6004021053366555
Layer layer2.0.downsample.0.weight: 1/128 channels masked
Layer layer3.0.conv2.weight: 1/256 channels masked
Layer layer3.0.downsample.0.weight: 1/256 channels masked
Layer layer3.1.conv1.weight: 1/256 channels masked
Layer layer4.0.conv1.weight: 1/512 channels masked
Layer layer4.0.conv2.weight: 4/512 channels masked
Layer layer4.0.downsample.0.weight: 4/512 channels masked
Layer layer4.1.conv1.weight: 9/512 channels masked
------------------------- time cost ------------------------- 26.41482663154602
[PFedBA] Round 485: optimizing class-conditional trigger bank...
[PFedBA] trigger_opt total=8.2480 grad=0.7441 loss_align=7.1089 attack=0.3950 norm=28.4371

-------------Round number: 484-------------

Evaluate personalized models
Averaged Train Loss: 0.0041
Averaged Test Accurancy: 0.7743
Averaged Test AUC: 0.9633
Std Test Accurancy: 0.0718
Std Test AUC: 0.0184
ASR: 0.06585436539086507
attack_auc: 0.6009050152040241
Layer layer2.0.downsample.0.weight: 1/128 channels masked
Layer layer3.0.conv2.weight: 1/256 channels masked
Layer layer3.0.downsample.0.weight: 1/256 channels masked
Layer layer3.1.conv1.weight: 1/256 channels masked
Layer layer4.0.conv1.weight: 1/512 channels masked
Layer layer4.0.conv2.weight: 4/512 channels masked
Layer layer4.0.downsample.0.weight: 4/512 channels masked
Layer layer4.1.conv1.weight: 9/512 channels masked
------------------------- time cost ------------------------- 26.69735550880432
[PFedBA] Round 486: optimizing class-conditional trigger bank...
[PFedBA] trigger_opt total=8.1883 grad=0.9170 loss_align=7.0801 attack=0.1912 norm=28.4356

-------------Round number: 485-------------

Evaluate personalized models
Averaged Train Loss: 0.0045
Averaged Test Accurancy: 0.7707
Averaged Test AUC: 0.9630
Std Test Accurancy: 0.0704
Std Test AUC: 0.0182
ASR: 0.06410088354162696
attack_auc: 0.5955013747427655
Layer layer2.0.downsample.0.weight: 1/128 channels masked
Layer layer3.0.conv2.weight: 1/256 channels masked
Layer layer3.0.downsample.0.weight: 1/256 channels masked
Layer layer3.1.conv1.weight: 1/256 channels masked
Layer layer4.0.conv1.weight: 1/512 channels masked
Layer layer4.0.conv2.weight: 4/512 channels masked
Layer layer4.0.downsample.0.weight: 4/512 channels masked
Layer layer4.1.conv1.weight: 9/512 channels masked
------------------------- time cost ------------------------- 26.416829347610474
[PFedBA] Round 487: optimizing class-conditional trigger bank...
[PFedBA] trigger_opt total=8.4488 grad=0.7651 loss_align=7.3785 attack=0.3052 norm=28.4362

-------------Round number: 486-------------

Evaluate personalized models
Averaged Train Loss: 0.0045
Averaged Test Accurancy: 0.7739
Averaged Test AUC: 0.9631
Std Test Accurancy: 0.0713
Std Test AUC: 0.0185
ASR: 0.06758261635265762
attack_auc: 0.5969482574940881
Layer layer2.0.downsample.0.weight: 1/128 channels masked
Layer layer3.0.conv2.weight: 1/256 channels masked
Layer layer3.0.downsample.0.weight: 1/256 channels masked
Layer layer3.1.conv1.weight: 1/256 channels masked
Layer layer4.0.conv1.weight: 1/512 channels masked
Layer layer4.0.conv2.weight: 4/512 channels masked
Layer layer4.0.downsample.0.weight: 4/512 channels masked
Layer layer4.1.conv1.weight: 9/512 channels masked
------------------------- time cost ------------------------- 26.56037449836731
[PFedBA] Round 488: optimizing class-conditional trigger bank...
[PFedBA] trigger_opt total=8.0289 grad=0.9060 loss_align=6.8915 attack=0.2314 norm=28.4361

-------------Round number: 487-------------

Evaluate personalized models
Averaged Train Loss: 0.0041
Averaged Test Accurancy: 0.7724
Averaged Test AUC: 0.9633
Std Test Accurancy: 0.0712
Std Test AUC: 0.0185
ASR: 0.06640376418074695
attack_auc: 0.6017413397694974
Layer layer2.0.downsample.0.weight: 1/128 channels masked
Layer layer3.0.conv2.weight: 1/256 channels masked
Layer layer3.0.downsample.0.weight: 1/256 channels masked
Layer layer3.1.conv1.weight: 1/256 channels masked
Layer layer4.0.conv1.weight: 1/512 channels masked
Layer layer4.0.conv2.weight: 4/512 channels masked
Layer layer4.0.downsample.0.weight: 4/512 channels masked
Layer layer4.1.conv1.weight: 9/512 channels masked
------------------------- time cost ------------------------- 26.449954986572266
[PFedBA] Round 489: optimizing class-conditional trigger bank...
[PFedBA] trigger_opt total=8.4717 grad=0.8110 loss_align=7.4062 attack=0.2545 norm=28.4363

-------------Round number: 488-------------

Evaluate personalized models
Averaged Train Loss: 0.0040
Averaged Test Accurancy: 0.7725
Averaged Test AUC: 0.9633
Std Test Accurancy: 0.0736
Std Test AUC: 0.0184
ASR: 0.06637702186180523
attack_auc: 0.6021887282343904
Layer layer2.0.downsample.0.weight: 1/128 channels masked
Layer layer3.0.conv2.weight: 1/256 channels masked
Layer layer3.0.downsample.0.weight: 1/256 channels masked
Layer layer3.1.conv1.weight: 1/256 channels masked
Layer layer4.0.conv1.weight: 1/512 channels masked
Layer layer4.0.conv2.weight: 4/512 channels masked
Layer layer4.0.downsample.0.weight: 4/512 channels masked
Layer layer4.1.conv1.weight: 9/512 channels masked
------------------------- time cost ------------------------- 26.594868183135986
[PFedBA] Round 490: optimizing class-conditional trigger bank...
[PFedBA] trigger_opt total=8.1861 grad=0.7998 loss_align=7.0369 attack=0.3494 norm=28.4371

-------------Round number: 489-------------

Evaluate personalized models
Averaged Train Loss: 0.0036
Averaged Test Accurancy: 0.7719
Averaged Test AUC: 0.9633
Std Test Accurancy: 0.0742
Std Test AUC: 0.0185
ASR: 0.06440238479083848
attack_auc: 0.5965750367446526
Layer layer2.0.downsample.0.weight: 1/128 channels masked
Layer layer3.0.conv2.weight: 1/256 channels masked
Layer layer3.0.downsample.0.weight: 1/256 channels masked
Layer layer3.1.conv1.weight: 1/256 channels masked
Layer layer4.0.conv1.weight: 1/512 channels masked
Layer layer4.0.conv2.weight: 4/512 channels masked
Layer layer4.0.downsample.0.weight: 4/512 channels masked
Layer layer4.1.conv1.weight: 9/512 channels masked
------------------------- time cost ------------------------- 26.84376573562622
[PFedBA] Round 491: optimizing class-conditional trigger bank...
[PFedBA] trigger_opt total=8.2565 grad=0.8833 loss_align=7.0730 attack=0.3002 norm=28.4373

-------------Round number: 490-------------

Evaluate personalized models
Averaged Train Loss: 0.0038
Averaged Test Accurancy: 0.7742
Averaged Test AUC: 0.9636
Std Test Accurancy: 0.0720
Std Test AUC: 0.0183
ASR: 0.06710801228070122
attack_auc: 0.5966253103517163
Layer layer2.0.downsample.0.weight: 1/128 channels masked
Layer layer3.0.conv2.weight: 1/256 channels masked
Layer layer3.0.downsample.0.weight: 1/256 channels masked
Layer layer3.1.conv1.weight: 1/256 channels masked
Layer layer4.0.conv1.weight: 1/512 channels masked
Layer layer4.0.conv2.weight: 4/512 channels masked
Layer layer4.0.downsample.0.weight: 4/512 channels masked
Layer layer4.1.conv1.weight: 9/512 channels masked
------------------------- time cost ------------------------- 26.583009719848633
[PFedBA] Round 492: optimizing class-conditional trigger bank...
[PFedBA] trigger_opt total=8.1830 grad=0.8742 loss_align=6.9672 attack=0.3416 norm=28.4392

-------------Round number: 491-------------

Evaluate personalized models
Averaged Train Loss: 0.0035
Averaged Test Accurancy: 0.7753
Averaged Test AUC: 0.9635
Std Test Accurancy: 0.0710
Std Test AUC: 0.0184
ASR: 0.06208785172274071
attack_auc: 0.5984219684127575
Layer layer2.0.downsample.0.weight: 1/128 channels masked
Layer layer3.0.conv2.weight: 1/256 channels masked
Layer layer3.0.downsample.0.weight: 1/256 channels masked
Layer layer3.1.conv1.weight: 1/256 channels masked
Layer layer4.0.conv1.weight: 1/512 channels masked
Layer layer4.0.conv2.weight: 4/512 channels masked
Layer layer4.0.downsample.0.weight: 4/512 channels masked
Layer layer4.1.conv1.weight: 9/512 channels masked
------------------------- time cost ------------------------- 26.70650815963745
[PFedBA] Round 493: optimizing class-conditional trigger bank...
[PFedBA] trigger_opt total=8.2860 grad=0.8389 loss_align=7.2257 attack=0.2214 norm=28.4387

-------------Round number: 492-------------

Evaluate personalized models
Averaged Train Loss: 0.0045
Averaged Test Accurancy: 0.7700
Averaged Test AUC: 0.9630
Std Test Accurancy: 0.0721
Std Test AUC: 0.0182
ASR: 0.06795652494235455
attack_auc: 0.5981101408925916
Layer layer2.0.downsample.0.weight: 1/128 channels masked
Layer layer3.0.conv2.weight: 1/256 channels masked
Layer layer3.0.downsample.0.weight: 1/256 channels masked
Layer layer3.1.conv1.weight: 1/256 channels masked
Layer layer4.0.conv1.weight: 1/512 channels masked
Layer layer4.0.conv2.weight: 4/512 channels masked
Layer layer4.0.downsample.0.weight: 4/512 channels masked
Layer layer4.1.conv1.weight: 9/512 channels masked
------------------------- time cost ------------------------- 26.476165056228638
[PFedBA] Round 494: optimizing class-conditional trigger bank...
[PFedBA] trigger_opt total=8.1726 grad=0.8434 loss_align=7.0803 attack=0.2488 norm=28.4372

-------------Round number: 493-------------

Evaluate personalized models
Averaged Train Loss: 0.0056
Averaged Test Accurancy: 0.7690
Averaged Test AUC: 0.9631
Std Test Accurancy: 0.0721
Std Test AUC: 0.0183
ASR: 0.06901616131749784
attack_auc: 0.5969979166328749
Layer layer2.0.downsample.0.weight: 1/128 channels masked
Layer layer3.0.conv2.weight: 1/256 channels masked
Layer layer3.0.downsample.0.weight: 1/256 channels masked
Layer layer3.1.conv1.weight: 1/256 channels masked
Layer layer4.0.conv1.weight: 1/512 channels masked
Layer layer4.0.conv2.weight: 4/512 channels masked
Layer layer4.0.downsample.0.weight: 4/512 channels masked
Layer layer4.1.conv1.weight: 9/512 channels masked
------------------------- time cost ------------------------- 26.406105756759644
[PFedBA] Round 495: optimizing class-conditional trigger bank...
[PFedBA] trigger_opt total=8.4251 grad=0.7834 loss_align=7.2746 attack=0.3671 norm=28.4395

-------------Round number: 494-------------

Evaluate personalized models
Averaged Train Loss: 0.0038
Averaged Test Accurancy: 0.7714
Averaged Test AUC: 0.9633
Std Test Accurancy: 0.0737
Std Test AUC: 0.0187
ASR: 0.06449113911122097
attack_auc: 0.5958127394117341
Layer layer2.0.downsample.0.weight: 1/128 channels masked
Layer layer3.0.conv2.weight: 1/256 channels masked
Layer layer3.0.downsample.0.weight: 1/256 channels masked
Layer layer3.1.conv1.weight: 1/256 channels masked
Layer layer4.0.conv1.weight: 1/512 channels masked
Layer layer4.0.conv2.weight: 4/512 channels masked
Layer layer4.0.downsample.0.weight: 4/512 channels masked
Layer layer4.1.conv1.weight: 9/512 channels masked
------------------------- time cost ------------------------- 26.357654571533203
[PFedBA] Round 496: optimizing class-conditional trigger bank...
[PFedBA] trigger_opt total=8.4791 grad=0.8088 loss_align=7.4472 attack=0.2231 norm=28.4443

-------------Round number: 495-------------

Evaluate personalized models
Averaged Train Loss: 0.0060
Averaged Test Accurancy: 0.7722
Averaged Test AUC: 0.9630
Std Test Accurancy: 0.0729
Std Test AUC: 0.0185
ASR: 0.06949837784259025
attack_auc: 0.5999428119789936
Layer layer2.0.downsample.0.weight: 1/128 channels masked
Layer layer3.0.conv2.weight: 1/256 channels masked
Layer layer3.0.downsample.0.weight: 1/256 channels masked
Layer layer3.1.conv1.weight: 1/256 channels masked
Layer layer4.0.conv1.weight: 1/512 channels masked
Layer layer4.0.conv2.weight: 4/512 channels masked
Layer layer4.0.downsample.0.weight: 4/512 channels masked
Layer layer4.1.conv1.weight: 9/512 channels masked
------------------------- time cost ------------------------- 26.80777072906494
[PFedBA] Round 497: optimizing class-conditional trigger bank...
[PFedBA] trigger_opt total=8.3982 grad=0.6946 loss_align=7.3274 attack=0.3762 norm=28.4436

-------------Round number: 496-------------

Evaluate personalized models
Averaged Train Loss: 0.0037
Averaged Test Accurancy: 0.7711
Averaged Test AUC: 0.9635
Std Test Accurancy: 0.0716
Std Test AUC: 0.0180
ASR: 0.06862566931944936
attack_auc: 0.6008772999901172
Layer layer2.0.downsample.0.weight: 1/128 channels masked
Layer layer3.0.conv2.weight: 1/256 channels masked
Layer layer3.0.downsample.0.weight: 1/256 channels masked
Layer layer3.1.conv1.weight: 1/256 channels masked
Layer layer4.0.conv1.weight: 1/512 channels masked
Layer layer4.0.conv2.weight: 4/512 channels masked
Layer layer4.0.downsample.0.weight: 4/512 channels masked
Layer layer4.1.conv1.weight: 9/512 channels masked
------------------------- time cost ------------------------- 26.867695569992065
[PFedBA] Round 498: optimizing class-conditional trigger bank...
[PFedBA] trigger_opt total=8.0369 grad=0.8856 loss_align=6.9162 attack=0.2351 norm=28.4427

-------------Round number: 497-------------

Evaluate personalized models
Averaged Train Loss: 0.0035
Averaged Test Accurancy: 0.7739
Averaged Test AUC: 0.9633
Std Test Accurancy: 0.0713
Std Test AUC: 0.0184
ASR: 0.06687499097497684
attack_auc: 0.6007453961658281
Layer layer2.0.downsample.0.weight: 1/128 channels masked
Layer layer3.0.conv2.weight: 1/256 channels masked
Layer layer3.0.downsample.0.weight: 1/256 channels masked
Layer layer3.1.conv1.weight: 1/256 channels masked
Layer layer4.0.conv1.weight: 1/512 channels masked
Layer layer4.0.conv2.weight: 4/512 channels masked
Layer layer4.0.downsample.0.weight: 4/512 channels masked
Layer layer4.1.conv1.weight: 9/512 channels masked
------------------------- time cost ------------------------- 26.552039623260498
[PFedBA] Round 499: optimizing class-conditional trigger bank...
[PFedBA] trigger_opt total=8.5947 grad=0.8386 loss_align=7.4987 attack=0.2574 norm=28.4428

-------------Round number: 498-------------

Evaluate personalized models
Averaged Train Loss: 0.0039
Averaged Test Accurancy: 0.7728
Averaged Test AUC: 0.9633
Std Test Accurancy: 0.0705
Std Test AUC: 0.0183
ASR: 0.06165942987768932
attack_auc: 0.5948457064813465
Layer layer2.0.downsample.0.weight: 1/128 channels masked
Layer layer3.0.conv2.weight: 1/256 channels masked
Layer layer3.0.downsample.0.weight: 1/256 channels masked
Layer layer3.1.conv1.weight: 1/256 channels masked
Layer layer4.0.conv1.weight: 1/512 channels masked
Layer layer4.0.conv2.weight: 4/512 channels masked
Layer layer4.0.downsample.0.weight: 4/512 channels masked
Layer layer4.1.conv1.weight: 9/512 channels masked
------------------------- time cost ------------------------- 27.140148878097534
[PFedBA] Round 500: optimizing class-conditional trigger bank...
[PFedBA] trigger_opt total=8.1922 grad=0.8497 loss_align=7.0645 attack=0.2780 norm=28.4415

-------------Round number: 499-------------

Evaluate personalized models
Averaged Train Loss: 0.0034
Averaged Test Accurancy: 0.7720
Averaged Test AUC: 0.9637
Std Test Accurancy: 0.0697
Std Test AUC: 0.0178
ASR: 0.06457859611750577
attack_auc: 0.5995941161342682
Layer layer2.0.downsample.0.weight: 1/128 channels masked
Layer layer3.0.conv2.weight: 1/256 channels masked
Layer layer3.0.downsample.0.weight: 1/256 channels masked
Layer layer3.1.conv1.weight: 1/256 channels masked
Layer layer4.0.conv1.weight: 1/512 channels masked
Layer layer4.0.conv2.weight: 4/512 channels masked
Layer layer4.0.downsample.0.weight: 4/512 channels masked
Layer layer4.1.conv1.weight: 9/512 channels masked
------------------------- time cost ------------------------- 26.890136241912842
[PFedBA] Round 501: optimizing class-conditional trigger bank...
[PFedBA] trigger_opt total=8.2241 grad=0.7365 loss_align=7.2412 attack=0.2463 norm=28.4402

-------------Round number: 500-------------

Evaluate personalized models
Averaged Train Loss: 0.0036
Averaged Test Accurancy: 0.7740
Averaged Test AUC: 0.9635
Std Test Accurancy: 0.0709
Std Test AUC: 0.0179
ASR: 0.06090475605941356
attack_auc: 0.5972642524589737
Layer layer2.0.downsample.0.weight: 1/128 channels masked
Layer layer3.0.conv2.weight: 1/256 channels masked
Layer layer3.0.downsample.0.weight: 1/256 channels masked
Layer layer3.1.conv1.weight: 1/256 channels masked
Layer layer4.0.conv1.weight: 1/512 channels masked
Layer layer4.0.conv2.weight: 4/512 channels masked
Layer layer4.0.downsample.0.weight: 4/512 channels masked
Layer layer4.1.conv1.weight: 9/512 channels masked
------------------------- time cost ------------------------- 26.89327335357666
[PFedBA] Round 502: optimizing class-conditional trigger bank...
[PFedBA] trigger_opt total=8.1893 grad=0.7452 loss_align=7.0557 attack=0.3884 norm=28.4406

-------------Round number: 501-------------

Evaluate personalized models
Averaged Train Loss: 0.0032
Averaged Test Accurancy: 0.7739
Averaged Test AUC: 0.9636
Std Test Accurancy: 0.0722
Std Test AUC: 0.0184
ASR: 0.06193487557364519
attack_auc: 0.5977833358834589
Layer layer2.0.downsample.0.weight: 1/128 channels masked
Layer layer3.0.conv2.weight: 1/256 channels masked
Layer layer3.0.downsample.0.weight: 1/256 channels masked
Layer layer3.1.conv1.weight: 1/256 channels masked
Layer layer4.0.conv1.weight: 1/512 channels masked
Layer layer4.0.conv2.weight: 4/512 channels masked
Layer layer4.0.downsample.0.weight: 4/512 channels masked
Layer layer4.1.conv1.weight: 9/512 channels masked
------------------------- time cost ------------------------- 26.84747290611267
[PFedBA] Round 503: optimizing class-conditional trigger bank...
[PFedBA] trigger_opt total=7.9366 grad=0.7183 loss_align=6.9148 attack=0.3035 norm=28.4424

-------------Round number: 502-------------

Evaluate personalized models
Averaged Train Loss: 0.0038
Averaged Test Accurancy: 0.7738
Averaged Test AUC: 0.9631
Std Test Accurancy: 0.0718
Std Test AUC: 0.0184
ASR: 0.06827859909765865
attack_auc: 0.6004066549100042
Layer layer2.0.downsample.0.weight: 1/128 channels masked
Layer layer3.0.conv2.weight: 1/256 channels masked
Layer layer3.0.downsample.0.weight: 1/256 channels masked
Layer layer3.1.conv1.weight: 1/256 channels masked
Layer layer4.0.conv1.weight: 1/512 channels masked
Layer layer4.0.conv2.weight: 4/512 channels masked
Layer layer4.0.downsample.0.weight: 4/512 channels masked
Layer layer4.1.conv1.weight: 9/512 channels masked
------------------------- time cost ------------------------- 26.75306749343872
[PFedBA] Round 504: optimizing class-conditional trigger bank...
[PFedBA] trigger_opt total=8.3243 grad=0.7723 loss_align=7.2425 attack=0.3095 norm=28.4429

-------------Round number: 503-------------

Evaluate personalized models
Averaged Train Loss: 0.0037
Averaged Test Accurancy: 0.7755
Averaged Test AUC: 0.9636
Std Test Accurancy: 0.0733
Std Test AUC: 0.0180
ASR: 0.06063171385725838
attack_auc: 0.5995373508659718
Layer layer2.0.downsample.0.weight: 1/128 channels masked
Layer layer3.0.conv2.weight: 1/256 channels masked
Layer layer3.0.downsample.0.weight: 1/256 channels masked
Layer layer3.1.conv1.weight: 1/256 channels masked
Layer layer4.0.conv1.weight: 1/512 channels masked
Layer layer4.0.conv2.weight: 4/512 channels masked
Layer layer4.0.downsample.0.weight: 4/512 channels masked
Layer layer4.1.conv1.weight: 9/512 channels masked
------------------------- time cost ------------------------- 26.507297039031982
[PFedBA] Round 505: optimizing class-conditional trigger bank...
[PFedBA] trigger_opt total=8.0674 grad=0.8418 loss_align=7.0058 attack=0.2198 norm=28.4407

-------------Round number: 504-------------

Evaluate personalized models
Averaged Train Loss: 0.0055
Averaged Test Accurancy: 0.7694
Averaged Test AUC: 0.9630
Std Test Accurancy: 0.0750
Std Test AUC: 0.0183
ASR: 0.06642193703616174
attack_auc: 0.5994732667145002
Layer layer2.0.downsample.0.weight: 1/128 channels masked
Layer layer3.0.conv2.weight: 1/256 channels masked
Layer layer3.0.downsample.0.weight: 1/256 channels masked
Layer layer3.1.conv1.weight: 1/256 channels masked
Layer layer4.0.conv1.weight: 1/512 channels masked
Layer layer4.0.conv2.weight: 4/512 channels masked
Layer layer4.0.downsample.0.weight: 4/512 channels masked
Layer layer4.1.conv1.weight: 9/512 channels masked
------------------------- time cost ------------------------- 26.783226251602173
[PFedBA] Round 506: optimizing class-conditional trigger bank...
[PFedBA] trigger_opt total=8.2785 grad=0.8535 loss_align=7.1227 attack=0.3022 norm=28.4401

-------------Round number: 505-------------

Evaluate personalized models
Averaged Train Loss: 0.0041
Averaged Test Accurancy: 0.7716
Averaged Test AUC: 0.9633
Std Test Accurancy: 0.0734
Std Test AUC: 0.0183
ASR: 0.06210012105984345
attack_auc: 0.6001674620028757
Layer layer2.0.downsample.0.weight: 1/128 channels masked
Layer layer3.0.conv2.weight: 1/256 channels masked
Layer layer3.0.downsample.0.weight: 1/256 channels masked
Layer layer3.1.conv1.weight: 1/256 channels masked
Layer layer4.0.conv1.weight: 1/512 channels masked
Layer layer4.0.conv2.weight: 4/512 channels masked
Layer layer4.0.downsample.0.weight: 4/512 channels masked
Layer layer4.1.conv1.weight: 9/512 channels masked
------------------------- time cost ------------------------- 26.839494943618774
[PFedBA] Round 507: optimizing class-conditional trigger bank...
[PFedBA] trigger_opt total=8.2856 grad=0.8448 loss_align=7.2339 attack=0.2070 norm=28.4379

-------------Round number: 506-------------

Evaluate personalized models
Averaged Train Loss: 0.0037
Averaged Test Accurancy: 0.7718
Averaged Test AUC: 0.9636
Std Test Accurancy: 0.0726
Std Test AUC: 0.0180
ASR: 0.0689565560980542
attack_auc: 0.6010440330477463
Layer layer2.0.downsample.0.weight: 1/128 channels masked
Layer layer3.0.conv2.weight: 1/256 channels masked
Layer layer3.0.downsample.0.weight: 1/256 channels masked
Layer layer3.1.conv1.weight: 1/256 channels masked
Layer layer4.0.conv1.weight: 1/512 channels masked
Layer layer4.0.conv2.weight: 4/512 channels masked
Layer layer4.0.downsample.0.weight: 4/512 channels masked
Layer layer4.1.conv1.weight: 9/512 channels masked
------------------------- time cost ------------------------- 26.604799270629883
[PFedBA] Round 508: optimizing class-conditional trigger bank...
[PFedBA] trigger_opt total=8.2828 grad=0.8597 loss_align=7.1439 attack=0.2792 norm=28.4374

-------------Round number: 507-------------

Evaluate personalized models
Averaged Train Loss: 0.0037
Averaged Test Accurancy: 0.7726
Averaged Test AUC: 0.9633
Std Test Accurancy: 0.0718
Std Test AUC: 0.0180
ASR: 0.07154712104826945
attack_auc: 0.6011859404064718
Layer layer2.0.downsample.0.weight: 1/128 channels masked
Layer layer3.0.conv2.weight: 1/256 channels masked
Layer layer3.0.downsample.0.weight: 1/256 channels masked
Layer layer3.1.conv1.weight: 1/256 channels masked
Layer layer4.0.conv1.weight: 1/512 channels masked
Layer layer4.0.conv2.weight: 4/512 channels masked
Layer layer4.0.downsample.0.weight: 4/512 channels masked
Layer layer4.1.conv1.weight: 9/512 channels masked
------------------------- time cost ------------------------- 26.644819259643555
[PFedBA] Round 509: optimizing class-conditional trigger bank...
[PFedBA] trigger_opt total=8.3915 grad=0.8045 loss_align=7.2880 attack=0.2990 norm=28.4363

-------------Round number: 508-------------

Evaluate personalized models
Averaged Train Loss: 0.0034
Averaged Test Accurancy: 0.7751
Averaged Test AUC: 0.9635
Std Test Accurancy: 0.0718
Std Test AUC: 0.0181
ASR: 0.06616722767157908
attack_auc: 0.5994963638927097
Layer layer2.0.downsample.0.weight: 1/128 channels masked
Layer layer3.0.conv2.weight: 1/256 channels masked
Layer layer3.0.downsample.0.weight: 1/256 channels masked
Layer layer3.1.conv1.weight: 1/256 channels masked
Layer layer4.0.conv1.weight: 1/512 channels masked
Layer layer4.0.conv2.weight: 4/512 channels masked
Layer layer4.0.downsample.0.weight: 4/512 channels masked
Layer layer4.1.conv1.weight: 9/512 channels masked
------------------------- time cost ------------------------- 26.512927532196045
[PFedBA] Round 510: optimizing class-conditional trigger bank...
[PFedBA] trigger_opt total=8.1331 grad=0.7830 loss_align=7.0664 attack=0.2837 norm=28.4361

-------------Round number: 509-------------

Evaluate personalized models
Averaged Train Loss: 0.0035
Averaged Test Accurancy: 0.7738
Averaged Test AUC: 0.9636
Std Test Accurancy: 0.0717
Std Test AUC: 0.0182
ASR: 0.06274175883003655
attack_auc: 0.6027548258736881
Layer layer2.0.downsample.0.weight: 1/128 channels masked
Layer layer3.0.conv2.weight: 1/256 channels masked
Layer layer3.0.downsample.0.weight: 1/256 channels masked
Layer layer3.1.conv1.weight: 1/256 channels masked
Layer layer4.0.conv1.weight: 1/512 channels masked
Layer layer4.0.conv2.weight: 4/512 channels masked
Layer layer4.0.downsample.0.weight: 4/512 channels masked
Layer layer4.1.conv1.weight: 9/512 channels masked
------------------------- time cost ------------------------- 26.913808822631836
[PFedBA] Round 511: optimizing class-conditional trigger bank...
[PFedBA] trigger_opt total=8.3225 grad=0.7342 loss_align=7.2955 attack=0.2928 norm=28.4362

-------------Round number: 510-------------

Evaluate personalized models
Averaged Train Loss: 0.0053
Averaged Test Accurancy: 0.7750
Averaged Test AUC: 0.9634
Std Test Accurancy: 0.0729
Std Test AUC: 0.0183
ASR: 0.07083056464217323
attack_auc: 0.6038401676673375
Layer layer2.0.downsample.0.weight: 1/128 channels masked
Layer layer3.0.conv2.weight: 1/256 channels masked
Layer layer3.0.downsample.0.weight: 1/256 channels masked
Layer layer3.1.conv1.weight: 1/256 channels masked
Layer layer4.0.conv1.weight: 1/512 channels masked
Layer layer4.0.conv2.weight: 4/512 channels masked
Layer layer4.0.downsample.0.weight: 4/512 channels masked
Layer layer4.1.conv1.weight: 9/512 channels masked
------------------------- time cost ------------------------- 26.804794788360596
[PFedBA] Round 512: optimizing class-conditional trigger bank...
[PFedBA] trigger_opt total=8.3748 grad=0.7193 loss_align=7.3021 attack=0.3534 norm=28.4370

-------------Round number: 511-------------

Evaluate personalized models
Averaged Train Loss: 0.0049
Averaged Test Accurancy: 0.7716
Averaged Test AUC: 0.9633
Std Test Accurancy: 0.0716
Std Test AUC: 0.0178
ASR: 0.06765790353154384
attack_auc: 0.6076570136151621
Layer layer2.0.downsample.0.weight: 1/128 channels masked
Layer layer3.0.conv2.weight: 1/256 channels masked
Layer layer3.0.downsample.0.weight: 1/256 channels masked
Layer layer3.1.conv1.weight: 1/256 channels masked
Layer layer4.0.conv1.weight: 1/512 channels masked
Layer layer4.0.conv2.weight: 4/512 channels masked
Layer layer4.0.downsample.0.weight: 4/512 channels masked
Layer layer4.1.conv1.weight: 9/512 channels masked
------------------------- time cost ------------------------- 26.69036054611206
[PFedBA] Round 513: optimizing class-conditional trigger bank...
[PFedBA] trigger_opt total=8.3151 grad=0.7273 loss_align=7.3273 attack=0.2605 norm=28.4363

-------------Round number: 512-------------

Evaluate personalized models
Averaged Train Loss: 0.0039
Averaged Test Accurancy: 0.7718
Averaged Test AUC: 0.9632
Std Test Accurancy: 0.0717
Std Test AUC: 0.0182
ASR: 0.06740243340211538
attack_auc: 0.6021688866485249
Layer layer2.0.downsample.0.weight: 1/128 channels masked
Layer layer3.0.conv2.weight: 1/256 channels masked
Layer layer3.0.downsample.0.weight: 1/256 channels masked
Layer layer3.1.conv1.weight: 1/256 channels masked
Layer layer4.0.conv1.weight: 1/512 channels masked
Layer layer4.0.conv2.weight: 4/512 channels masked
Layer layer4.0.downsample.0.weight: 4/512 channels masked
Layer layer4.1.conv1.weight: 9/512 channels masked
------------------------- time cost ------------------------- 26.880011081695557
[PFedBA] Round 514: optimizing class-conditional trigger bank...
[PFedBA] trigger_opt total=8.2317 grad=0.8062 loss_align=7.1457 attack=0.2799 norm=28.4362

-------------Round number: 513-------------

Evaluate personalized models
Averaged Train Loss: 0.0032
Averaged Test Accurancy: 0.7743
Averaged Test AUC: 0.9638
Std Test Accurancy: 0.0716
Std Test AUC: 0.0178
ASR: 0.06514249814269954
attack_auc: 0.6025198911079561
Layer layer2.0.downsample.0.weight: 1/128 channels masked
Layer layer3.0.conv2.weight: 1/256 channels masked
Layer layer3.0.downsample.0.weight: 1/256 channels masked
Layer layer3.1.conv1.weight: 1/256 channels masked
Layer layer4.0.conv1.weight: 1/512 channels masked
Layer layer4.0.conv2.weight: 4/512 channels masked
Layer layer4.0.downsample.0.weight: 4/512 channels masked
Layer layer4.1.conv1.weight: 9/512 channels masked
------------------------- time cost ------------------------- 26.54261827468872
[PFedBA] Round 515: optimizing class-conditional trigger bank...
[PFedBA] trigger_opt total=8.4921 grad=0.8674 loss_align=7.2954 attack=0.3294 norm=28.4366

-------------Round number: 514-------------

Evaluate personalized models
Averaged Train Loss: 0.0035
Averaged Test Accurancy: 0.7737
Averaged Test AUC: 0.9637
Std Test Accurancy: 0.0703
Std Test AUC: 0.0180
ASR: 0.062158466042827
attack_auc: 0.5980936812398018
Layer layer2.0.downsample.0.weight: 1/128 channels masked
Layer layer3.0.conv2.weight: 1/256 channels masked
Layer layer3.0.downsample.0.weight: 1/256 channels masked
Layer layer3.1.conv1.weight: 1/256 channels masked
Layer layer4.0.conv1.weight: 1/512 channels masked
Layer layer4.0.conv2.weight: 4/512 channels masked
Layer layer4.0.downsample.0.weight: 4/512 channels masked
Layer layer4.1.conv1.weight: 9/512 channels masked
------------------------- time cost ------------------------- 26.600385904312134
[PFedBA] Round 516: optimizing class-conditional trigger bank...
[PFedBA] trigger_opt total=8.1497 grad=0.7588 loss_align=6.9721 attack=0.4187 norm=28.4381

-------------Round number: 515-------------

Evaluate personalized models
Averaged Train Loss: 0.0034
Averaged Test Accurancy: 0.7731
Averaged Test AUC: 0.9638
Std Test Accurancy: 0.0710
Std Test AUC: 0.0178
ASR: 0.0689032960744002
attack_auc: 0.6032667381611145
Layer layer2.0.downsample.0.weight: 1/128 channels masked
Layer layer3.0.conv2.weight: 1/256 channels masked
Layer layer3.0.downsample.0.weight: 1/256 channels masked
Layer layer3.1.conv1.weight: 1/256 channels masked
Layer layer4.0.conv1.weight: 1/512 channels masked
Layer layer4.0.conv2.weight: 4/512 channels masked
Layer layer4.0.downsample.0.weight: 4/512 channels masked
Layer layer4.1.conv1.weight: 9/512 channels masked
------------------------- time cost ------------------------- 26.590710163116455
[PFedBA] Round 517: optimizing class-conditional trigger bank...
[PFedBA] trigger_opt total=8.4137 grad=0.8205 loss_align=7.3387 attack=0.2545 norm=28.4381

-------------Round number: 516-------------

Evaluate personalized models
Averaged Train Loss: 0.0036
Averaged Test Accurancy: 0.7722
Averaged Test AUC: 0.9636
Std Test Accurancy: 0.0701
Std Test AUC: 0.0182
ASR: 0.0697128202906804
attack_auc: 0.6027950815408096
Layer layer2.0.downsample.0.weight: 1/128 channels masked
Layer layer3.0.conv2.weight: 1/256 channels masked
Layer layer3.0.downsample.0.weight: 1/256 channels masked
Layer layer3.1.conv1.weight: 1/256 channels masked
Layer layer4.0.conv1.weight: 1/512 channels masked
Layer layer4.0.conv2.weight: 4/512 channels masked
Layer layer4.0.downsample.0.weight: 4/512 channels masked
Layer layer4.1.conv1.weight: 9/512 channels masked
------------------------- time cost ------------------------- 26.390717029571533
[PFedBA] Round 518: optimizing class-conditional trigger bank...
[PFedBA] trigger_opt total=8.1616 grad=0.7666 loss_align=7.1459 attack=0.2491 norm=28.4379

-------------Round number: 517-------------

Evaluate personalized models
Averaged Train Loss: 0.0035
Averaged Test Accurancy: 0.7709
Averaged Test AUC: 0.9632
Std Test Accurancy: 0.0740
Std Test AUC: 0.0185
ASR: 0.0632373823881162
attack_auc: 0.5965268496941123
Layer layer2.0.downsample.0.weight: 1/128 channels masked
Layer layer3.0.conv2.weight: 1/256 channels masked
Layer layer3.0.downsample.0.weight: 1/256 channels masked
Layer layer3.1.conv1.weight: 1/256 channels masked
Layer layer4.0.conv1.weight: 1/512 channels masked
Layer layer4.0.conv2.weight: 4/512 channels masked
Layer layer4.0.downsample.0.weight: 4/512 channels masked
Layer layer4.1.conv1.weight: 9/512 channels masked
------------------------- time cost ------------------------- 27.046599864959717
[PFedBA] Round 519: optimizing class-conditional trigger bank...
[PFedBA] trigger_opt total=8.5956 grad=0.7374 loss_align=7.5801 attack=0.2780 norm=28.4388

-------------Round number: 518-------------

Evaluate personalized models
Averaged Train Loss: 0.0046
Averaged Test Accurancy: 0.7721
Averaged Test AUC: 0.9634
Std Test Accurancy: 0.0692
Std Test AUC: 0.0178
ASR: 0.06334625184000606
attack_auc: 0.5963874404128365
Layer layer2.0.downsample.0.weight: 1/128 channels masked
Layer layer3.0.conv2.weight: 1/256 channels masked
Layer layer3.0.downsample.0.weight: 1/256 channels masked
Layer layer3.1.conv1.weight: 1/256 channels masked
Layer layer4.0.conv1.weight: 1/512 channels masked
Layer layer4.0.conv2.weight: 4/512 channels masked
Layer layer4.0.downsample.0.weight: 4/512 channels masked
Layer layer4.1.conv1.weight: 9/512 channels masked
------------------------- time cost ------------------------- 26.81142497062683
[PFedBA] Round 520: optimizing class-conditional trigger bank...
[PFedBA] trigger_opt total=7.7355 grad=0.7951 loss_align=6.6562 attack=0.2842 norm=28.4417

-------------Round number: 519-------------

Evaluate personalized models
Averaged Train Loss: 0.0036
Averaged Test Accurancy: 0.7742
Averaged Test AUC: 0.9637
Std Test Accurancy: 0.0729
Std Test AUC: 0.0181
ASR: 0.06882425265220542
attack_auc: 0.6025534274573382
Layer layer2.0.downsample.0.weight: 1/128 channels masked
Layer layer3.0.conv2.weight: 1/256 channels masked
Layer layer3.0.downsample.0.weight: 1/256 channels masked
Layer layer3.1.conv1.weight: 1/256 channels masked
Layer layer4.0.conv1.weight: 1/512 channels masked
Layer layer4.0.conv2.weight: 4/512 channels masked
Layer layer4.0.downsample.0.weight: 4/512 channels masked
Layer layer4.1.conv1.weight: 9/512 channels masked
------------------------- time cost ------------------------- 26.959519147872925
[PFedBA] Round 521: optimizing class-conditional trigger bank...
[PFedBA] trigger_opt total=8.4156 grad=0.7076 loss_align=7.3939 attack=0.3140 norm=28.4450

-------------Round number: 520-------------

Evaluate personalized models
Averaged Train Loss: 0.0033
Averaged Test Accurancy: 0.7733
Averaged Test AUC: 0.9635
Std Test Accurancy: 0.0720
Std Test AUC: 0.0183
ASR: 0.06853493779799416
attack_auc: 0.6071100011625258
Layer layer2.0.downsample.0.weight: 1/128 channels masked
Layer layer3.0.conv2.weight: 1/256 channels masked
Layer layer3.0.downsample.0.weight: 1/256 channels masked
Layer layer3.1.conv1.weight: 1/256 channels masked
Layer layer4.0.conv1.weight: 1/512 channels masked
Layer layer4.0.conv2.weight: 4/512 channels masked
Layer layer4.0.downsample.0.weight: 4/512 channels masked
Layer layer4.1.conv1.weight: 9/512 channels masked
------------------------- time cost ------------------------- 26.649853467941284
[PFedBA] Round 522: optimizing class-conditional trigger bank...
[PFedBA] trigger_opt total=8.0800 grad=0.8036 loss_align=6.9776 attack=0.2988 norm=28.4436

-------------Round number: 521-------------

Evaluate personalized models
Averaged Train Loss: 0.0033
Averaged Test Accurancy: 0.7740
Averaged Test AUC: 0.9634
Std Test Accurancy: 0.0695
Std Test AUC: 0.0185
ASR: 0.062336969033707175
attack_auc: 0.5987550361704898
Layer layer2.0.downsample.0.weight: 1/128 channels masked
Layer layer3.0.conv2.weight: 1/256 channels masked
Layer layer3.0.downsample.0.weight: 1/256 channels masked
Layer layer3.1.conv1.weight: 1/256 channels masked
Layer layer4.0.conv1.weight: 1/512 channels masked
Layer layer4.0.conv2.weight: 4/512 channels masked
Layer layer4.0.downsample.0.weight: 4/512 channels masked
Layer layer4.1.conv1.weight: 9/512 channels masked
------------------------- time cost ------------------------- 26.52363157272339
[PFedBA] Round 523: optimizing class-conditional trigger bank...
[PFedBA] trigger_opt total=8.3040 grad=0.8828 loss_align=7.1801 attack=0.2410 norm=28.4427

-------------Round number: 522-------------

Evaluate personalized models
Averaged Train Loss: 0.0043
Averaged Test Accurancy: 0.7716
Averaged Test AUC: 0.9634
Std Test Accurancy: 0.0691
Std Test AUC: 0.0179
ASR: 0.06550669698057393
attack_auc: 0.5965512221442901
Layer layer2.0.downsample.0.weight: 1/128 channels masked
Layer layer3.0.conv2.weight: 1/256 channels masked
Layer layer3.0.downsample.0.weight: 1/256 channels masked
Layer layer3.1.conv1.weight: 1/256 channels masked
Layer layer4.0.conv1.weight: 1/512 channels masked
Layer layer4.0.conv2.weight: 4/512 channels masked
Layer layer4.0.downsample.0.weight: 4/512 channels masked
Layer layer4.1.conv1.weight: 9/512 channels masked
------------------------- time cost ------------------------- 26.73235321044922
[PFedBA] Round 524: optimizing class-conditional trigger bank...
[PFedBA] trigger_opt total=8.5806 grad=0.8222 loss_align=7.4500 attack=0.3085 norm=28.4424

-------------Round number: 523-------------

Evaluate personalized models
Averaged Train Loss: 0.0038
Averaged Test Accurancy: 0.7759
Averaged Test AUC: 0.9636
Std Test Accurancy: 0.0687
Std Test AUC: 0.0181
ASR: 0.06778313564702801
attack_auc: 0.6002655497688784
Layer layer2.0.downsample.0.weight: 1/128 channels masked
Layer layer3.0.conv2.weight: 1/256 channels masked
Layer layer3.0.downsample.0.weight: 1/256 channels masked
Layer layer3.1.conv1.weight: 1/256 channels masked
Layer layer4.0.conv1.weight: 1/512 channels masked
Layer layer4.0.conv2.weight: 4/512 channels masked
Layer layer4.0.downsample.0.weight: 4/512 channels masked
Layer layer4.1.conv1.weight: 9/512 channels masked
------------------------- time cost ------------------------- 26.748640298843384
[PFedBA] Round 525: optimizing class-conditional trigger bank...
[PFedBA] trigger_opt total=8.2806 grad=0.8623 loss_align=7.1376 attack=0.2807 norm=28.4421

-------------Round number: 524-------------

Evaluate personalized models
Averaged Train Loss: 0.0032
Averaged Test Accurancy: 0.7736
Averaged Test AUC: 0.9635
Std Test Accurancy: 0.0729
Std Test AUC: 0.0184
ASR: 0.0632279903728096
attack_auc: 0.5986816567241617
Layer layer2.0.downsample.0.weight: 1/128 channels masked
Layer layer3.0.conv2.weight: 1/256 channels masked
Layer layer3.0.downsample.0.weight: 1/256 channels masked
Layer layer3.1.conv1.weight: 1/256 channels masked
Layer layer4.0.conv1.weight: 1/512 channels masked
Layer layer4.0.conv2.weight: 4/512 channels masked
Layer layer4.0.downsample.0.weight: 4/512 channels masked
Layer layer4.1.conv1.weight: 9/512 channels masked
------------------------- time cost ------------------------- 26.661275625228882
[PFedBA] Round 526: optimizing class-conditional trigger bank...
[PFedBA] trigger_opt total=8.0396 grad=0.8250 loss_align=6.9670 attack=0.2477 norm=28.4425

-------------Round number: 525-------------

Evaluate personalized models
Averaged Train Loss: 0.0034
Averaged Test Accurancy: 0.7732
Averaged Test AUC: 0.9634
Std Test Accurancy: 0.0705
Std Test AUC: 0.0182
ASR: 0.06348266567299694
attack_auc: 0.5995691700649121
Layer layer2.0.downsample.0.weight: 1/128 channels masked
Layer layer3.0.conv2.weight: 1/256 channels masked
Layer layer3.0.downsample.0.weight: 1/256 channels masked
Layer layer3.1.conv1.weight: 1/256 channels masked
Layer layer4.0.conv1.weight: 1/512 channels masked
Layer layer4.0.conv2.weight: 4/512 channels masked
Layer layer4.0.downsample.0.weight: 4/512 channels masked
Layer layer4.1.conv1.weight: 9/512 channels masked
------------------------- time cost ------------------------- 26.422176361083984
[PFedBA] Round 527: optimizing class-conditional trigger bank...
[PFedBA] trigger_opt total=8.1066 grad=0.8312 loss_align=7.0140 attack=0.2613 norm=28.4404

-------------Round number: 526-------------

Evaluate personalized models
Averaged Train Loss: 0.0039
Averaged Test Accurancy: 0.7732
Averaged Test AUC: 0.9631
Std Test Accurancy: 0.0689
Std Test AUC: 0.0181
ASR: 0.05947127652760175
attack_auc: 0.5951910847279331
Layer layer2.0.downsample.0.weight: 1/128 channels masked
Layer layer3.0.conv2.weight: 1/256 channels masked
Layer layer3.0.downsample.0.weight: 1/256 channels masked
Layer layer3.1.conv1.weight: 1/256 channels masked
Layer layer4.0.conv1.weight: 1/512 channels masked
Layer layer4.0.conv2.weight: 4/512 channels masked
Layer layer4.0.downsample.0.weight: 4/512 channels masked
Layer layer4.1.conv1.weight: 9/512 channels masked
------------------------- time cost ------------------------- 26.999684810638428
[PFedBA] Round 528: optimizing class-conditional trigger bank...
[PFedBA] trigger_opt total=8.5096 grad=0.7567 loss_align=7.3751 attack=0.3779 norm=28.4417

-------------Round number: 527-------------

Evaluate personalized models
Averaged Train Loss: 0.0030
Averaged Test Accurancy: 0.7749
Averaged Test AUC: 0.9635
Std Test Accurancy: 0.0714
Std Test AUC: 0.0181
ASR: 0.0590116441321781
attack_auc: 0.5993527724585295
Layer layer2.0.downsample.0.weight: 1/128 channels masked
Layer layer3.0.conv2.weight: 1/256 channels masked
Layer layer3.0.downsample.0.weight: 1/256 channels masked
Layer layer3.1.conv1.weight: 1/256 channels masked
Layer layer4.0.conv1.weight: 1/512 channels masked
Layer layer4.0.conv2.weight: 4/512 channels masked
Layer layer4.0.downsample.0.weight: 4/512 channels masked
Layer layer4.1.conv1.weight: 9/512 channels masked
------------------------- time cost ------------------------- 25.922468662261963
[PFedBA] Round 529: optimizing class-conditional trigger bank...
[PFedBA] trigger_opt total=8.3970 grad=0.7810 loss_align=7.3131 attack=0.3028 norm=28.4418

-------------Round number: 528-------------

Evaluate personalized models
Averaged Train Loss: 0.0043
Averaged Test Accurancy: 0.7719
Averaged Test AUC: 0.9638
Std Test Accurancy: 0.0689
Std Test AUC: 0.0180
ASR: 0.06236029497125269
attack_auc: 0.6022033509649478
Layer layer2.0.downsample.0.weight: 1/128 channels masked
Layer layer3.0.conv2.weight: 1/256 channels masked
Layer layer3.0.downsample.0.weight: 1/256 channels masked
Layer layer3.1.conv1.weight: 1/256 channels masked
Layer layer4.0.conv1.weight: 1/512 channels masked
Layer layer4.0.conv2.weight: 4/512 channels masked
Layer layer4.0.downsample.0.weight: 4/512 channels masked
Layer layer4.1.conv1.weight: 9/512 channels masked
------------------------- time cost ------------------------- 25.684611082077026
[PFedBA] Round 530: optimizing class-conditional trigger bank...
[PFedBA] trigger_opt total=8.1938 grad=0.7386 loss_align=7.1444 attack=0.3108 norm=28.4409

-------------Round number: 529-------------

Evaluate personalized models
Averaged Train Loss: 0.0032
Averaged Test Accurancy: 0.7741
Averaged Test AUC: 0.9641
Std Test Accurancy: 0.0701
Std Test AUC: 0.0176
ASR: 0.05944016292802301
attack_auc: 0.5980458347255091
Layer layer2.0.downsample.0.weight: 1/128 channels masked
Layer layer3.0.conv2.weight: 1/256 channels masked
Layer layer3.0.downsample.0.weight: 1/256 channels masked
Layer layer3.1.conv1.weight: 1/256 channels masked
Layer layer4.0.conv1.weight: 1/512 channels masked
Layer layer4.0.conv2.weight: 4/512 channels masked
Layer layer4.0.downsample.0.weight: 4/512 channels masked
Layer layer4.1.conv1.weight: 9/512 channels masked
------------------------- time cost ------------------------- 27.099882125854492
[PFedBA] Round 531: optimizing class-conditional trigger bank...
[PFedBA] trigger_opt total=8.3399 grad=0.7146 loss_align=7.3653 attack=0.2600 norm=28.4424

-------------Round number: 530-------------

Evaluate personalized models
Averaged Train Loss: 0.0035
Averaged Test Accurancy: 0.7780
Averaged Test AUC: 0.9636
Std Test Accurancy: 0.0706
Std Test AUC: 0.0184
ASR: 0.06584005825918764
attack_auc: 0.5960526040127576
Layer layer2.0.downsample.0.weight: 1/128 channels masked
Layer layer3.0.conv2.weight: 1/256 channels masked
Layer layer3.0.downsample.0.weight: 1/256 channels masked
Layer layer3.1.conv1.weight: 1/256 channels masked
Layer layer4.0.conv1.weight: 1/512 channels masked
Layer layer4.0.conv2.weight: 4/512 channels masked
Layer layer4.0.downsample.0.weight: 4/512 channels masked
Layer layer4.1.conv1.weight: 9/512 channels masked
------------------------- time cost ------------------------- 26.66672658920288
[PFedBA] Round 532: optimizing class-conditional trigger bank...
[PFedBA] trigger_opt total=8.2976 grad=0.7934 loss_align=7.2408 attack=0.2634 norm=28.4432

-------------Round number: 531-------------

Evaluate personalized models
Averaged Train Loss: 0.0034
Averaged Test Accurancy: 0.7752
Averaged Test AUC: 0.9638
Std Test Accurancy: 0.0704
Std Test AUC: 0.0181
ASR: 0.060968571515759504
attack_auc: 0.5973326108996055
Layer layer2.0.downsample.0.weight: 1/128 channels masked
Layer layer3.0.conv2.weight: 1/256 channels masked
Layer layer3.0.downsample.0.weight: 1/256 channels masked
Layer layer3.1.conv1.weight: 1/256 channels masked
Layer layer4.0.conv1.weight: 1/512 channels masked
Layer layer4.0.conv2.weight: 4/512 channels masked
Layer layer4.0.downsample.0.weight: 4/512 channels masked
Layer layer4.1.conv1.weight: 9/512 channels masked
------------------------- time cost ------------------------- 26.783767223358154
[PFedBA] Round 533: optimizing class-conditional trigger bank...
[PFedBA] trigger_opt total=8.2798 grad=0.7940 loss_align=7.1475 attack=0.3383 norm=28.4435

-------------Round number: 532-------------

Evaluate personalized models
Averaged Train Loss: 0.0036
Averaged Test Accurancy: 0.7722
Averaged Test AUC: 0.9635
Std Test Accurancy: 0.0694
Std Test AUC: 0.0182
ASR: 0.07201402894630893
attack_auc: 0.6002363550321361
Layer layer2.0.downsample.0.weight: 1/128 channels masked
Layer layer3.0.conv2.weight: 1/256 channels masked
Layer layer3.0.downsample.0.weight: 1/256 channels masked
Layer layer3.1.conv1.weight: 1/256 channels masked
Layer layer4.0.conv1.weight: 1/512 channels masked
Layer layer4.0.conv2.weight: 4/512 channels masked
Layer layer4.0.downsample.0.weight: 4/512 channels masked
Layer layer4.1.conv1.weight: 9/512 channels masked
------------------------- time cost ------------------------- 26.73222780227661
[PFedBA] Round 534: optimizing class-conditional trigger bank...
[PFedBA] trigger_opt total=8.2870 grad=0.7693 loss_align=7.1922 attack=0.3254 norm=28.4448

-------------Round number: 533-------------

Evaluate personalized models
Averaged Train Loss: 0.0031
Averaged Test Accurancy: 0.7757
Averaged Test AUC: 0.9639
Std Test Accurancy: 0.0725
Std Test AUC: 0.0179
ASR: 0.06092723265236704
attack_auc: 0.600841529907289
Layer layer2.0.downsample.0.weight: 1/128 channels masked
Layer layer3.0.conv2.weight: 1/256 channels masked
Layer layer3.0.downsample.0.weight: 1/256 channels masked
Layer layer3.1.conv1.weight: 1/256 channels masked
Layer layer4.0.conv1.weight: 1/512 channels masked
Layer layer4.0.conv2.weight: 4/512 channels masked
Layer layer4.0.downsample.0.weight: 4/512 channels masked
Layer layer4.1.conv1.weight: 9/512 channels masked
------------------------- time cost ------------------------- 26.811325073242188
[PFedBA] Round 535: optimizing class-conditional trigger bank...
[PFedBA] trigger_opt total=8.4275 grad=0.7811 loss_align=7.3507 attack=0.2958 norm=28.4460

-------------Round number: 534-------------

Evaluate personalized models
Averaged Train Loss: 0.0037
Averaged Test Accurancy: 0.7733
Averaged Test AUC: 0.9628
Std Test Accurancy: 0.0761
Std Test AUC: 0.0187
ASR: 0.060678234815172705
attack_auc: 0.596562295572635
Layer layer2.0.downsample.0.weight: 1/128 channels masked
Layer layer3.0.conv2.weight: 1/256 channels masked
Layer layer3.0.downsample.0.weight: 1/256 channels masked
Layer layer3.1.conv1.weight: 1/256 channels masked
Layer layer4.0.conv1.weight: 1/512 channels masked
Layer layer4.0.conv2.weight: 4/512 channels masked
Layer layer4.0.downsample.0.weight: 4/512 channels masked
Layer layer4.1.conv1.weight: 9/512 channels masked
------------------------- time cost ------------------------- 26.679309844970703
[PFedBA] Round 536: optimizing class-conditional trigger bank...
[PFedBA] trigger_opt total=8.3137 grad=0.9101 loss_align=7.1809 attack=0.2227 norm=28.4465

-------------Round number: 535-------------

Evaluate personalized models
Averaged Train Loss: 0.0035
Averaged Test Accurancy: 0.7750
Averaged Test AUC: 0.9639
Std Test Accurancy: 0.0712
Std Test AUC: 0.0177
ASR: 0.068329916572677
attack_auc: 0.6040937670415528
Layer layer2.0.downsample.0.weight: 1/128 channels masked
Layer layer3.0.conv2.weight: 1/256 channels masked
Layer layer3.0.downsample.0.weight: 1/256 channels masked
Layer layer3.1.conv1.weight: 1/256 channels masked
Layer layer4.0.conv1.weight: 1/512 channels masked
Layer layer4.0.conv2.weight: 4/512 channels masked
Layer layer4.0.downsample.0.weight: 4/512 channels masked
Layer layer4.1.conv1.weight: 9/512 channels masked
------------------------- time cost ------------------------- 26.804290056228638
[PFedBA] Round 537: optimizing class-conditional trigger bank...
[PFedBA] trigger_opt total=8.5985 grad=0.9178 loss_align=7.4497 attack=0.2310 norm=28.4471

-------------Round number: 536-------------

Evaluate personalized models
Averaged Train Loss: 0.0031
Averaged Test Accurancy: 0.7750
Averaged Test AUC: 0.9637
Std Test Accurancy: 0.0735
Std Test AUC: 0.0182
ASR: 0.06294656916456728
attack_auc: 0.5984086804582684
Layer layer2.0.downsample.0.weight: 1/128 channels masked
Layer layer3.0.conv2.weight: 1/256 channels masked
Layer layer3.0.downsample.0.weight: 1/256 channels masked
Layer layer3.1.conv1.weight: 1/256 channels masked
Layer layer4.0.conv1.weight: 1/512 channels masked
Layer layer4.0.conv2.weight: 4/512 channels masked
Layer layer4.0.downsample.0.weight: 4/512 channels masked
Layer layer4.1.conv1.weight: 9/512 channels masked
------------------------- time cost ------------------------- 26.88974618911743
[PFedBA] Round 538: optimizing class-conditional trigger bank...
[PFedBA] trigger_opt total=7.9269 grad=0.7959 loss_align=6.8385 attack=0.2925 norm=28.4493

-------------Round number: 537-------------

Evaluate personalized models
Averaged Train Loss: 0.0029
Averaged Test Accurancy: 0.7771
Averaged Test AUC: 0.9639
Std Test Accurancy: 0.0705
Std Test AUC: 0.0180
ASR: 0.0630573309278423
attack_auc: 0.6039037131114036
Layer layer2.0.downsample.0.weight: 1/128 channels masked
Layer layer3.0.conv2.weight: 1/256 channels masked
Layer layer3.0.downsample.0.weight: 1/256 channels masked
Layer layer3.1.conv1.weight: 1/256 channels masked
Layer layer4.0.conv1.weight: 1/512 channels masked
Layer layer4.0.conv2.weight: 4/512 channels masked
Layer layer4.0.downsample.0.weight: 4/512 channels masked
Layer layer4.1.conv1.weight: 9/512 channels masked
------------------------- time cost ------------------------- 26.63209629058838
[PFedBA] Round 539: optimizing class-conditional trigger bank...
[PFedBA] trigger_opt total=8.3589 grad=0.7622 loss_align=7.3170 attack=0.2798 norm=28.4505

-------------Round number: 538-------------

Evaluate personalized models
Averaged Train Loss: 0.0097
Averaged Test Accurancy: 0.7737
Averaged Test AUC: 0.9635
Std Test Accurancy: 0.0749
Std Test AUC: 0.0182
ASR: 0.06463451631192091
attack_auc: 0.5945601057822049
Layer layer2.0.downsample.0.weight: 1/128 channels masked
Layer layer3.0.conv2.weight: 1/256 channels masked
Layer layer3.0.downsample.0.weight: 1/256 channels masked
Layer layer3.1.conv1.weight: 1/256 channels masked
Layer layer4.0.conv1.weight: 1/512 channels masked
Layer layer4.0.conv2.weight: 4/512 channels masked
Layer layer4.0.downsample.0.weight: 4/512 channels masked
Layer layer4.1.conv1.weight: 9/512 channels masked
------------------------- time cost ------------------------- 26.841966152191162
[PFedBA] Round 540: optimizing class-conditional trigger bank...
[PFedBA] trigger_opt total=8.2031 grad=0.7091 loss_align=7.1674 attack=0.3266 norm=28.4494

-------------Round number: 539-------------

Evaluate personalized models
Averaged Train Loss: 0.0029
Averaged Test Accurancy: 0.7753
Averaged Test AUC: 0.9638
Std Test Accurancy: 0.0698
Std Test AUC: 0.0180
ASR: 0.0685143743831984
attack_auc: 0.5990141512136552
Layer layer2.0.downsample.0.weight: 1/128 channels masked
Layer layer3.0.conv2.weight: 1/256 channels masked
Layer layer3.0.downsample.0.weight: 1/256 channels masked
Layer layer3.1.conv1.weight: 1/256 channels masked
Layer layer4.0.conv1.weight: 1/512 channels masked
Layer layer4.0.conv2.weight: 4/512 channels masked
Layer layer4.0.downsample.0.weight: 4/512 channels masked
Layer layer4.1.conv1.weight: 9/512 channels masked
------------------------- time cost ------------------------- 26.51450777053833
[PFedBA] Round 541: optimizing class-conditional trigger bank...
[PFedBA] trigger_opt total=8.1117 grad=0.7126 loss_align=7.0736 attack=0.3256 norm=28.4499

-------------Round number: 540-------------

Evaluate personalized models
Averaged Train Loss: 0.0031
Averaged Test Accurancy: 0.7729
Averaged Test AUC: 0.9634
Std Test Accurancy: 0.0702
Std Test AUC: 0.0179
ASR: 0.06690613923258314
attack_auc: 0.5993477127040195
Layer layer2.0.downsample.0.weight: 1/128 channels masked
Layer layer3.0.conv2.weight: 1/256 channels masked
Layer layer3.0.downsample.0.weight: 1/256 channels masked
Layer layer3.1.conv1.weight: 1/256 channels masked
Layer layer4.0.conv1.weight: 1/512 channels masked
Layer layer4.0.conv2.weight: 4/512 channels masked
Layer layer4.0.downsample.0.weight: 4/512 channels masked
Layer layer4.1.conv1.weight: 9/512 channels masked
------------------------- time cost ------------------------- 26.53561568260193
[PFedBA] Round 542: optimizing class-conditional trigger bank...
[PFedBA] trigger_opt total=8.4204 grad=0.8786 loss_align=7.3062 attack=0.2356 norm=28.4485

-------------Round number: 541-------------

Evaluate personalized models
Averaged Train Loss: 0.0033
Averaged Test Accurancy: 0.7730
Averaged Test AUC: 0.9635
Std Test Accurancy: 0.0723
Std Test AUC: 0.0180
ASR: 0.06552421285382434
attack_auc: 0.6028527245102485
Layer layer2.0.downsample.0.weight: 1/128 channels masked
Layer layer3.0.conv2.weight: 1/256 channels masked
Layer layer3.0.downsample.0.weight: 1/256 channels masked
Layer layer3.1.conv1.weight: 1/256 channels masked
Layer layer4.0.conv1.weight: 1/512 channels masked
Layer layer4.0.conv2.weight: 4/512 channels masked
Layer layer4.0.downsample.0.weight: 4/512 channels masked
Layer layer4.1.conv1.weight: 9/512 channels masked
------------------------- time cost ------------------------- 26.71839666366577
[PFedBA] Round 543: optimizing class-conditional trigger bank...
[PFedBA] trigger_opt total=8.3784 grad=0.8180 loss_align=7.3148 attack=0.2455 norm=28.4513

-------------Round number: 542-------------

Evaluate personalized models
Averaged Train Loss: 0.0037
Averaged Test Accurancy: 0.7754
Averaged Test AUC: 0.9633
Std Test Accurancy: 0.0730
Std Test AUC: 0.0180
ASR: 0.06718255756656959
attack_auc: 0.6001689496381746
Layer layer2.0.downsample.0.weight: 1/128 channels masked
Layer layer3.0.conv2.weight: 1/256 channels masked
Layer layer3.0.downsample.0.weight: 1/256 channels masked
Layer layer4.0.conv1.weight: 1/512 channels masked
Layer layer4.0.conv2.weight: 4/512 channels masked
Layer layer4.0.downsample.0.weight: 4/512 channels masked
Layer layer4.1.conv1.weight: 9/512 channels masked
------------------------- time cost ------------------------- 26.736260175704956
[PFedBA] Round 544: optimizing class-conditional trigger bank...
[PFedBA] trigger_opt total=7.9885 grad=0.6753 loss_align=6.9700 attack=0.3432 norm=28.4492

-------------Round number: 543-------------

Evaluate personalized models
Averaged Train Loss: 0.0029
Averaged Test Accurancy: 0.7758
Averaged Test AUC: 0.9638
Std Test Accurancy: 0.0732
Std Test AUC: 0.0181
ASR: 0.06657532900256839
attack_auc: 0.6032048779176497
Layer layer2.0.downsample.0.weight: 1/128 channels masked
Layer layer3.0.conv2.weight: 1/256 channels masked
Layer layer3.0.downsample.0.weight: 1/256 channels masked
Layer layer4.0.conv1.weight: 1/512 channels masked
Layer layer4.0.conv2.weight: 4/512 channels masked
Layer layer4.0.downsample.0.weight: 4/512 channels masked
Layer layer4.1.conv1.weight: 9/512 channels masked
------------------------- time cost ------------------------- 26.712079286575317
[PFedBA] Round 545: optimizing class-conditional trigger bank...
[PFedBA] trigger_opt total=8.0580 grad=0.7064 loss_align=7.0546 attack=0.2970 norm=28.4484

-------------Round number: 544-------------

Evaluate personalized models
Averaged Train Loss: 0.0035
Averaged Test Accurancy: 0.7731
Averaged Test AUC: 0.9638
Std Test Accurancy: 0.0708
Std Test AUC: 0.0178
ASR: 0.06592300601891984
attack_auc: 0.5987055807778947
Layer layer2.0.downsample.0.weight: 1/128 channels masked
Layer layer3.0.conv2.weight: 1/256 channels masked
Layer layer3.0.downsample.0.weight: 1/256 channels masked
Layer layer3.1.conv1.weight: 1/256 channels masked
Layer layer4.0.conv1.weight: 1/512 channels masked
Layer layer4.0.conv2.weight: 4/512 channels masked
Layer layer4.0.downsample.0.weight: 4/512 channels masked
Layer layer4.1.conv1.weight: 9/512 channels masked
------------------------- time cost ------------------------- 26.369322061538696
[PFedBA] Round 546: optimizing class-conditional trigger bank...
[PFedBA] trigger_opt total=8.1980 grad=0.7298 loss_align=7.0613 attack=0.4070 norm=28.4492

-------------Round number: 545-------------

Evaluate personalized models
Averaged Train Loss: 0.0044
Averaged Test Accurancy: 0.7735
Averaged Test AUC: 0.9638
Std Test Accurancy: 0.0707
Std Test AUC: 0.0182
ASR: 0.06896585162532871
attack_auc: 0.6018267894496213
Layer layer2.0.downsample.0.weight: 1/128 channels masked
Layer layer3.0.conv2.weight: 1/256 channels masked
Layer layer3.0.downsample.0.weight: 1/256 channels masked
Layer layer3.1.conv1.weight: 1/256 channels masked
Layer layer4.0.conv1.weight: 1/512 channels masked
Layer layer4.0.conv2.weight: 4/512 channels masked
Layer layer4.0.downsample.0.weight: 4/512 channels masked
Layer layer4.1.conv1.weight: 9/512 channels masked
------------------------- time cost ------------------------- 26.786278009414673
[PFedBA] Round 547: optimizing class-conditional trigger bank...
[PFedBA] trigger_opt total=8.3533 grad=0.6987 loss_align=7.3994 attack=0.2552 norm=28.4480

-------------Round number: 546-------------

Evaluate personalized models
Averaged Train Loss: 0.0034
Averaged Test Accurancy: 0.7742
Averaged Test AUC: 0.9635
Std Test Accurancy: 0.0713
Std Test AUC: 0.0183
ASR: 0.0718240950591329
attack_auc: 0.6062201845074374
Layer layer2.0.downsample.0.weight: 1/128 channels masked
Layer layer3.0.conv2.weight: 1/256 channels masked
Layer layer3.0.downsample.0.weight: 1/256 channels masked
Layer layer3.1.conv1.weight: 1/256 channels masked
Layer layer4.0.conv1.weight: 1/512 channels masked
Layer layer4.0.conv2.weight: 4/512 channels masked
Layer layer4.0.downsample.0.weight: 4/512 channels masked
Layer layer4.1.conv1.weight: 9/512 channels masked
------------------------- time cost ------------------------- 26.789673566818237
[PFedBA] Round 548: optimizing class-conditional trigger bank...
[PFedBA] trigger_opt total=8.6725 grad=0.7528 loss_align=7.6283 attack=0.2914 norm=28.4461

-------------Round number: 547-------------

Evaluate personalized models
Averaged Train Loss: 0.0028
Averaged Test Accurancy: 0.7751
Averaged Test AUC: 0.9636
Std Test Accurancy: 0.0707
Std Test AUC: 0.0180
ASR: 0.06359566319531754
attack_auc: 0.5990950817138943
Layer layer2.0.downsample.0.weight: 1/128 channels masked
Layer layer3.0.conv2.weight: 1/256 channels masked
Layer layer3.0.downsample.0.weight: 1/256 channels masked
Layer layer3.1.conv1.weight: 1/256 channels masked
Layer layer4.0.conv1.weight: 1/512 channels masked
Layer layer4.0.conv2.weight: 4/512 channels masked
Layer layer4.0.downsample.0.weight: 4/512 channels masked
Layer layer4.1.conv1.weight: 9/512 channels masked
------------------------- time cost ------------------------- 26.28157377243042
[PFedBA] Round 549: optimizing class-conditional trigger bank...
[PFedBA] trigger_opt total=8.2296 grad=0.7593 loss_align=7.0958 attack=0.3745 norm=28.4466

-------------Round number: 548-------------

Evaluate personalized models
Averaged Train Loss: 0.0053
Averaged Test Accurancy: 0.7764
Averaged Test AUC: 0.9638
Std Test Accurancy: 0.0713
Std Test AUC: 0.0182
ASR: 0.061999642647039124
attack_auc: 0.5974649105132904
Layer layer2.0.downsample.0.weight: 1/128 channels masked
Layer layer3.0.conv2.weight: 1/256 channels masked
Layer layer3.0.downsample.0.weight: 1/256 channels masked
Layer layer3.1.conv1.weight: 1/256 channels masked
Layer layer4.0.conv1.weight: 1/512 channels masked
Layer layer4.0.conv2.weight: 4/512 channels masked
Layer layer4.0.downsample.0.weight: 4/512 channels masked
Layer layer4.1.conv1.weight: 9/512 channels masked
------------------------- time cost ------------------------- 26.672184228897095
[PFedBA] Round 550: optimizing class-conditional trigger bank...
[PFedBA] trigger_opt total=8.6153 grad=0.7531 loss_align=7.4800 attack=0.3823 norm=28.4451

-------------Round number: 549-------------

Evaluate personalized models
Averaged Train Loss: 0.0031
Averaged Test Accurancy: 0.7768
Averaged Test AUC: 0.9638
Std Test Accurancy: 0.0691
Std Test AUC: 0.0184
ASR: 0.06011340492179626
attack_auc: 0.5967260654441948
Layer layer2.0.downsample.0.weight: 1/128 channels masked
Layer layer3.0.conv2.weight: 1/256 channels masked
Layer layer3.0.downsample.0.weight: 1/256 channels masked
Layer layer4.0.conv1.weight: 1/512 channels masked
Layer layer4.0.conv2.weight: 4/512 channels masked
Layer layer4.0.downsample.0.weight: 4/512 channels masked
Layer layer4.1.conv1.weight: 9/512 channels masked
------------------------- time cost ------------------------- 26.267529010772705
[PFedBA] Round 551: optimizing class-conditional trigger bank...
[PFedBA] trigger_opt total=8.3823 grad=0.7739 loss_align=7.3191 attack=0.2893 norm=28.4459

-------------Round number: 550-------------

Evaluate personalized models
Averaged Train Loss: 0.0027
Averaged Test Accurancy: 0.7750
Averaged Test AUC: 0.9637
Std Test Accurancy: 0.0693
Std Test AUC: 0.0182
ASR: 0.06523880449925781
attack_auc: 0.597110680439454
Layer layer2.0.downsample.0.weight: 1/128 channels masked
Layer layer3.0.conv2.weight: 1/256 channels masked
Layer layer3.0.downsample.0.weight: 1/256 channels masked
Layer layer4.0.conv1.weight: 1/512 channels masked
Layer layer4.0.conv2.weight: 4/512 channels masked
Layer layer4.0.downsample.0.weight: 4/512 channels masked
Layer layer4.1.conv1.weight: 9/512 channels masked
------------------------- time cost ------------------------- 26.81295084953308
[PFedBA] Round 552: optimizing class-conditional trigger bank...
[PFedBA] trigger_opt total=8.5320 grad=0.8134 loss_align=7.4623 attack=0.2563 norm=28.4455

-------------Round number: 551-------------

Evaluate personalized models
Averaged Train Loss: 0.0034
Averaged Test Accurancy: 0.7734
Averaged Test AUC: 0.9633
Std Test Accurancy: 0.0703
Std Test AUC: 0.0182
ASR: 0.059263225729438256
attack_auc: 0.5937018494320422
Layer layer2.0.downsample.0.weight: 1/128 channels masked
Layer layer3.0.conv2.weight: 1/256 channels masked
Layer layer3.0.downsample.0.weight: 1/256 channels masked
Layer layer3.1.conv1.weight: 1/256 channels masked
Layer layer4.0.conv1.weight: 1/512 channels masked
Layer layer4.0.conv2.weight: 4/512 channels masked
Layer layer4.0.downsample.0.weight: 4/512 channels masked
Layer layer4.1.conv1.weight: 9/512 channels masked
------------------------- time cost ------------------------- 26.45792245864868
[PFedBA] Round 553: optimizing class-conditional trigger bank...
[PFedBA] trigger_opt total=8.3271 grad=0.7675 loss_align=7.1893 attack=0.3702 norm=28.4491

-------------Round number: 552-------------

Evaluate personalized models
Averaged Train Loss: 0.0030
Averaged Test Accurancy: 0.7739
Averaged Test AUC: 0.9636
Std Test Accurancy: 0.0729
Std Test AUC: 0.0180
ASR: 0.06621341005670399
attack_auc: 0.5959400148872837
Layer layer2.0.downsample.0.weight: 1/128 channels masked
Layer layer3.0.conv2.weight: 1/256 channels masked
Layer layer3.0.downsample.0.weight: 1/256 channels masked
Layer layer3.1.conv1.weight: 1/256 channels masked
Layer layer4.0.conv1.weight: 1/512 channels masked
Layer layer4.0.conv2.weight: 4/512 channels masked
Layer layer4.0.downsample.0.weight: 4/512 channels masked
Layer layer4.1.conv1.weight: 9/512 channels masked
------------------------- time cost ------------------------- 26.91970729827881
[PFedBA] Round 554: optimizing class-conditional trigger bank...
[PFedBA] trigger_opt total=8.0564 grad=0.6970 loss_align=6.9782 attack=0.3812 norm=28.4484

-------------Round number: 553-------------

Evaluate personalized models
Averaged Train Loss: 0.0027
Averaged Test Accurancy: 0.7745
Averaged Test AUC: 0.9640
Std Test Accurancy: 0.0706
Std Test AUC: 0.0177
ASR: 0.06155460065121162
attack_auc: 0.5941722170890219
Layer layer2.0.downsample.0.weight: 1/128 channels masked
Layer layer3.0.conv2.weight: 1/256 channels masked
Layer layer3.0.downsample.0.weight: 1/256 channels masked
Layer layer3.1.conv1.weight: 1/256 channels masked
Layer layer4.0.conv1.weight: 1/512 channels masked
Layer layer4.0.conv2.weight: 4/512 channels masked
Layer layer4.0.downsample.0.weight: 4/512 channels masked
Layer layer4.1.conv1.weight: 9/512 channels masked
------------------------- time cost ------------------------- 26.165529012680054
[PFedBA] Round 555: optimizing class-conditional trigger bank...
[PFedBA] trigger_opt total=8.4655 grad=0.7906 loss_align=7.3340 attack=0.3408 norm=28.4503

-------------Round number: 554-------------

Evaluate personalized models
Averaged Train Loss: 0.0027
Averaged Test Accurancy: 0.7771
Averaged Test AUC: 0.9637
Std Test Accurancy: 0.0722
Std Test AUC: 0.0182
ASR: 0.05995955760981632
attack_auc: 0.5993720014332709
Layer layer2.0.downsample.0.weight: 1/128 channels masked
Layer layer3.0.conv2.weight: 1/256 channels masked
Layer layer3.0.downsample.0.weight: 1/256 channels masked
Layer layer3.1.conv1.weight: 1/256 channels masked
Layer layer4.0.conv1.weight: 1/512 channels masked
Layer layer4.0.conv2.weight: 4/512 channels masked
Layer layer4.0.downsample.0.weight: 4/512 channels masked
Layer layer4.1.conv1.weight: 9/512 channels masked
------------------------- time cost ------------------------- 27.09911060333252
[PFedBA] Round 556: optimizing class-conditional trigger bank...
[PFedBA] trigger_opt total=8.1422 grad=0.7993 loss_align=7.0970 attack=0.2459 norm=28.4489

-------------Round number: 555-------------

Evaluate personalized models
Averaged Train Loss: 0.0025
Averaged Test Accurancy: 0.7777
Averaged Test AUC: 0.9641
Std Test Accurancy: 0.0684
Std Test AUC: 0.0178
ASR: 0.0623807822084718
attack_auc: 0.5966617679588607
Layer layer2.0.downsample.0.weight: 1/128 channels masked
Layer layer3.0.conv2.weight: 1/256 channels masked
Layer layer3.0.downsample.0.weight: 1/256 channels masked
Layer layer3.1.conv1.weight: 1/256 channels masked
Layer layer4.0.conv1.weight: 1/512 channels masked
Layer layer4.0.conv2.weight: 4/512 channels masked
Layer layer4.0.downsample.0.weight: 4/512 channels masked
Layer layer4.1.conv1.weight: 9/512 channels masked
------------------------- time cost ------------------------- 26.656596183776855
[PFedBA] Round 557: optimizing class-conditional trigger bank...
[PFedBA] trigger_opt total=8.3064 grad=0.7750 loss_align=7.1860 attack=0.3454 norm=28.4501

-------------Round number: 556-------------

Evaluate personalized models
Averaged Train Loss: 0.0036
Averaged Test Accurancy: 0.7760
Averaged Test AUC: 0.9639
Std Test Accurancy: 0.0719
Std Test AUC: 0.0183
ASR: 0.05951719005062169
attack_auc: 0.5930685512761342
Layer layer2.0.downsample.0.weight: 1/128 channels masked
Layer layer3.0.conv2.weight: 1/256 channels masked
Layer layer3.0.downsample.0.weight: 1/256 channels masked
Layer layer3.1.conv1.weight: 1/256 channels masked
Layer layer4.0.conv1.weight: 1/512 channels masked
Layer layer4.0.conv2.weight: 4/512 channels masked
Layer layer4.0.downsample.0.weight: 4/512 channels masked
Layer layer4.1.conv1.weight: 9/512 channels masked
------------------------- time cost ------------------------- 26.492586374282837
[PFedBA] Round 558: optimizing class-conditional trigger bank...
[PFedBA] trigger_opt total=8.2499 grad=0.8037 loss_align=7.1842 attack=0.2620 norm=28.4497

-------------Round number: 557-------------

Evaluate personalized models
Averaged Train Loss: 0.0028
Averaged Test Accurancy: 0.7750
Averaged Test AUC: 0.9640
Std Test Accurancy: 0.0708
Std Test AUC: 0.0179
ASR: 0.06621409423257718
attack_auc: 0.5993325398105424
Layer layer2.0.downsample.0.weight: 1/128 channels masked
Layer layer3.0.conv2.weight: 1/256 channels masked
Layer layer3.0.downsample.0.weight: 1/256 channels masked
Layer layer3.1.conv1.weight: 1/256 channels masked
Layer layer4.0.conv1.weight: 1/512 channels masked
Layer layer4.0.conv2.weight: 4/512 channels masked
Layer layer4.0.downsample.0.weight: 4/512 channels masked
Layer layer4.1.conv1.weight: 9/512 channels masked
------------------------- time cost ------------------------- 26.33414936065674
[PFedBA] Round 559: optimizing class-conditional trigger bank...
[PFedBA] trigger_opt total=8.4107 grad=0.8959 loss_align=7.2740 attack=0.2408 norm=28.4479

-------------Round number: 558-------------

Evaluate personalized models
Averaged Train Loss: 0.0028
Averaged Test Accurancy: 0.7721
Averaged Test AUC: 0.9640
Std Test Accurancy: 0.0691
Std Test AUC: 0.0177
ASR: 0.06697097843146733
attack_auc: 0.5993892069283369
Layer layer2.0.downsample.0.weight: 1/128 channels masked
Layer layer3.0.conv2.weight: 1/256 channels masked
Layer layer3.0.downsample.0.weight: 1/256 channels masked
Layer layer3.1.conv1.weight: 1/256 channels masked
Layer layer4.0.conv1.weight: 1/512 channels masked
Layer layer4.0.conv2.weight: 4/512 channels masked
Layer layer4.0.downsample.0.weight: 4/512 channels masked
Layer layer4.1.conv1.weight: 9/512 channels masked
------------------------- time cost ------------------------- 26.269562005996704
[PFedBA] Round 560: optimizing class-conditional trigger bank...
[PFedBA] trigger_opt total=8.3841 grad=0.8473 loss_align=7.2265 attack=0.3104 norm=28.4492

-------------Round number: 559-------------

Evaluate personalized models
Averaged Train Loss: 0.0026
Averaged Test Accurancy: 0.7764
Averaged Test AUC: 0.9639
Std Test Accurancy: 0.0684
Std Test AUC: 0.0178
ASR: 0.06848664644320154
attack_auc: 0.5970357251797859
Layer layer2.0.downsample.0.weight: 1/128 channels masked
Layer layer3.0.conv2.weight: 1/256 channels masked
Layer layer3.0.downsample.0.weight: 1/256 channels masked
Layer layer3.1.conv1.weight: 1/256 channels masked
Layer layer4.0.conv1.weight: 1/512 channels masked
Layer layer4.0.conv2.weight: 4/512 channels masked
Layer layer4.0.downsample.0.weight: 4/512 channels masked
Layer layer4.1.conv1.weight: 9/512 channels masked
------------------------- time cost ------------------------- 25.891090393066406
[PFedBA] Round 561: optimizing class-conditional trigger bank...
[PFedBA] trigger_opt total=8.3434 grad=0.8930 loss_align=7.2212 attack=0.2291 norm=28.4520

-------------Round number: 560-------------

Evaluate personalized models
Averaged Train Loss: 0.0030
Averaged Test Accurancy: 0.7765
Averaged Test AUC: 0.9637
Std Test Accurancy: 0.0732
Std Test AUC: 0.0179
ASR: 0.07176588974135696
attack_auc: 0.6018071741840516
Layer layer2.0.downsample.0.weight: 1/128 channels masked
Layer layer3.0.conv2.weight: 1/256 channels masked
Layer layer3.0.downsample.0.weight: 1/256 channels masked
Layer layer3.1.conv1.weight: 1/256 channels masked
Layer layer4.0.conv1.weight: 1/512 channels masked
Layer layer4.0.conv2.weight: 4/512 channels masked
Layer layer4.0.downsample.0.weight: 4/512 channels masked
Layer layer4.1.conv1.weight: 9/512 channels masked
------------------------- time cost ------------------------- 25.953322649002075
[PFedBA] Round 562: optimizing class-conditional trigger bank...
[PFedBA] trigger_opt total=8.2386 grad=0.8700 loss_align=7.0435 attack=0.3251 norm=28.4513

-------------Round number: 561-------------

Evaluate personalized models
Averaged Train Loss: 0.0031
Averaged Test Accurancy: 0.7747
Averaged Test AUC: 0.9640
Std Test Accurancy: 0.0694
Std Test AUC: 0.0177
ASR: 0.06739792908905483
attack_auc: 0.602945648727099
Layer layer2.0.downsample.0.weight: 1/128 channels masked
Layer layer3.0.conv2.weight: 1/256 channels masked
Layer layer3.0.downsample.0.weight: 1/256 channels masked
Layer layer3.1.conv1.weight: 1/256 channels masked
Layer layer4.0.conv1.weight: 1/512 channels masked
Layer layer4.0.conv2.weight: 4/512 channels masked
Layer layer4.0.downsample.0.weight: 4/512 channels masked
Layer layer4.1.conv1.weight: 9/512 channels masked
------------------------- time cost ------------------------- 25.950007677078247
[PFedBA] Round 563: optimizing class-conditional trigger bank...
[PFedBA] trigger_opt total=8.1510 grad=0.6706 loss_align=7.1296 attack=0.3508 norm=28.4527

-------------Round number: 562-------------

Evaluate personalized models
Averaged Train Loss: 0.0026
Averaged Test Accurancy: 0.7752
Averaged Test AUC: 0.9639
Std Test Accurancy: 0.0703
Std Test AUC: 0.0179
ASR: 0.06341617354658546
attack_auc: 0.5974778015534057
Layer layer2.0.downsample.0.weight: 1/128 channels masked
Layer layer3.0.conv2.weight: 1/256 channels masked
Layer layer3.0.downsample.0.weight: 1/256 channels masked
Layer layer3.1.conv1.weight: 1/256 channels masked
Layer layer4.0.conv1.weight: 1/512 channels masked
Layer layer4.0.conv2.weight: 4/512 channels masked
Layer layer4.0.downsample.0.weight: 4/512 channels masked
Layer layer4.1.conv1.weight: 9/512 channels masked
------------------------- time cost ------------------------- 26.786853790283203
[PFedBA] Round 564: optimizing class-conditional trigger bank...
[PFedBA] trigger_opt total=8.0161 grad=0.7519 loss_align=6.9974 attack=0.2668 norm=28.4537

-------------Round number: 563-------------

Evaluate personalized models
Averaged Train Loss: 0.0028
Averaged Test Accurancy: 0.7761
Averaged Test AUC: 0.9640
Std Test Accurancy: 0.0682
Std Test AUC: 0.0179
ASR: 0.05974846100182228
attack_auc: 0.5984734992048518
Layer layer2.0.downsample.0.weight: 1/128 channels masked
Layer layer3.0.conv2.weight: 1/256 channels masked
Layer layer3.0.downsample.0.weight: 1/256 channels masked
Layer layer3.1.conv1.weight: 1/256 channels masked
Layer layer4.0.conv1.weight: 1/512 channels masked
Layer layer4.0.conv2.weight: 4/512 channels masked
Layer layer4.0.downsample.0.weight: 4/512 channels masked
Layer layer4.1.conv1.weight: 9/512 channels masked
------------------------- time cost ------------------------- 26.347156286239624
[PFedBA] Round 565: optimizing class-conditional trigger bank...
[PFedBA] trigger_opt total=8.5114 grad=0.7491 loss_align=7.4337 attack=0.3286 norm=28.4538

-------------Round number: 564-------------

Evaluate personalized models
Averaged Train Loss: 0.0028
Averaged Test Accurancy: 0.7728
Averaged Test AUC: 0.9636
Std Test Accurancy: 0.0709
Std Test AUC: 0.0179
ASR: 0.06279879661075911
attack_auc: 0.5938949154688365
Layer layer2.0.downsample.0.weight: 1/128 channels masked
Layer layer3.0.conv2.weight: 1/256 channels masked
Layer layer3.0.downsample.0.weight: 1/256 channels masked
Layer layer3.1.conv1.weight: 1/256 channels masked
Layer layer4.0.conv1.weight: 1/512 channels masked
Layer layer4.0.conv2.weight: 4/512 channels masked
Layer layer4.0.downsample.0.weight: 4/512 channels masked
Layer layer4.1.conv1.weight: 9/512 channels masked
------------------------- time cost ------------------------- 26.778001308441162
[PFedBA] Round 566: optimizing class-conditional trigger bank...
[PFedBA] trigger_opt total=8.4875 grad=0.7661 loss_align=7.3493 attack=0.3721 norm=28.4520

-------------Round number: 565-------------

Evaluate personalized models
Averaged Train Loss: 0.0028
Averaged Test Accurancy: 0.7763
Averaged Test AUC: 0.9639
Std Test Accurancy: 0.0723
Std Test AUC: 0.0178
ASR: 0.06359621417679866
attack_auc: 0.5982513120130957
Layer layer2.0.downsample.0.weight: 1/128 channels masked
Layer layer3.0.conv2.weight: 1/256 channels masked
Layer layer3.0.downsample.0.weight: 1/256 channels masked
Layer layer3.1.conv1.weight: 1/256 channels masked
Layer layer4.0.conv1.weight: 1/512 channels masked
Layer layer4.0.conv2.weight: 4/512 channels masked
Layer layer4.0.downsample.0.weight: 4/512 channels masked
Layer layer4.1.conv1.weight: 9/512 channels masked
------------------------- time cost ------------------------- 26.7101993560791
[PFedBA] Round 567: optimizing class-conditional trigger bank...
[PFedBA] trigger_opt total=8.3803 grad=0.8284 loss_align=7.2314 attack=0.3205 norm=28.4519

-------------Round number: 566-------------

Evaluate personalized models
Averaged Train Loss: 0.0033
Averaged Test Accurancy: 0.7766
Averaged Test AUC: 0.9640
Std Test Accurancy: 0.0712
Std Test AUC: 0.0181
ASR: 0.06563604534350972
attack_auc: 0.601325188152081
Layer layer2.0.downsample.0.weight: 1/128 channels masked
Layer layer3.0.conv2.weight: 1/256 channels masked
Layer layer3.0.downsample.0.weight: 1/256 channels masked
Layer layer3.1.conv1.weight: 1/256 channels masked
Layer layer4.0.conv1.weight: 1/512 channels masked
Layer layer4.0.conv2.weight: 4/512 channels masked
Layer layer4.0.downsample.0.weight: 4/512 channels masked
Layer layer4.1.conv1.weight: 9/512 channels masked
------------------------- time cost ------------------------- 26.773700952529907
[PFedBA] Round 568: optimizing class-conditional trigger bank...
[PFedBA] trigger_opt total=8.2789 grad=0.6908 loss_align=7.2146 attack=0.3734 norm=28.4525

-------------Round number: 567-------------

Evaluate personalized models
Averaged Train Loss: 0.0026
Averaged Test Accurancy: 0.7778
Averaged Test AUC: 0.9641
Std Test Accurancy: 0.0749
Std Test AUC: 0.0182
ASR: 0.0688979623204087
attack_auc: 0.6001157520853173
Layer layer2.0.downsample.0.weight: 1/128 channels masked
Layer layer3.0.conv2.weight: 1/256 channels masked
Layer layer3.0.downsample.0.weight: 1/256 channels masked
Layer layer3.1.conv1.weight: 1/256 channels masked
Layer layer4.0.conv1.weight: 1/512 channels masked
Layer layer4.0.conv2.weight: 4/512 channels masked
Layer layer4.0.downsample.0.weight: 4/512 channels masked
Layer layer4.1.conv1.weight: 9/512 channels masked
------------------------- time cost ------------------------- 26.775946378707886
[PFedBA] Round 569: optimizing class-conditional trigger bank...
[PFedBA] trigger_opt total=8.5645 grad=0.7889 loss_align=7.4489 attack=0.3266 norm=28.4538

-------------Round number: 568-------------

Evaluate personalized models
Averaged Train Loss: 0.0027
Averaged Test Accurancy: 0.7770
Averaged Test AUC: 0.9641
Std Test Accurancy: 0.0691
Std Test AUC: 0.0177
ASR: 0.06619788020759947
attack_auc: 0.5987235391445324
Layer layer2.0.downsample.0.weight: 1/128 channels masked
Layer layer3.0.conv2.weight: 1/256 channels masked
Layer layer3.0.downsample.0.weight: 1/256 channels masked
Layer layer3.1.conv1.weight: 1/256 channels masked
Layer layer4.0.conv1.weight: 1/512 channels masked
Layer layer4.0.conv2.weight: 4/512 channels masked
Layer layer4.0.downsample.0.weight: 4/512 channels masked
Layer layer4.1.conv1.weight: 9/512 channels masked
------------------------- time cost ------------------------- 26.574377059936523
[PFedBA] Round 570: optimizing class-conditional trigger bank...
[PFedBA] trigger_opt total=7.8994 grad=0.7152 loss_align=6.8768 attack=0.3074 norm=28.4547

-------------Round number: 569-------------

Evaluate personalized models
Averaged Train Loss: 0.0028
Averaged Test Accurancy: 0.7755
Averaged Test AUC: 0.9636
Std Test Accurancy: 0.0708
Std Test AUC: 0.0181
ASR: 0.06527573446189334
attack_auc: 0.6017660496822993
Layer layer2.0.downsample.0.weight: 1/128 channels masked
Layer layer3.0.conv2.weight: 1/256 channels masked
Layer layer3.0.downsample.0.weight: 1/256 channels masked
Layer layer3.1.conv1.weight: 1/256 channels masked
Layer layer4.0.conv1.weight: 1/512 channels masked
Layer layer4.0.conv2.weight: 4/512 channels masked
Layer layer4.0.downsample.0.weight: 4/512 channels masked
Layer layer4.1.conv1.weight: 9/512 channels masked
------------------------- time cost ------------------------- 26.60973572731018
[PFedBA] Round 571: optimizing class-conditional trigger bank...
[PFedBA] trigger_opt total=8.3554 grad=0.7982 loss_align=7.2195 attack=0.3377 norm=28.4546

-------------Round number: 570-------------

Evaluate personalized models
Averaged Train Loss: 0.0024
Averaged Test Accurancy: 0.7750
Averaged Test AUC: 0.9640
Std Test Accurancy: 0.0682
Std Test AUC: 0.0177
ASR: 0.06654230994083055
attack_auc: 0.6017738514032778
Layer layer2.0.downsample.0.weight: 1/128 channels masked
Layer layer3.0.conv2.weight: 1/256 channels masked
Layer layer3.0.downsample.0.weight: 1/256 channels masked
Layer layer3.1.conv1.weight: 1/256 channels masked
Layer layer4.0.conv1.weight: 1/512 channels masked
Layer layer4.0.conv2.weight: 4/512 channels masked
Layer layer4.0.downsample.0.weight: 4/512 channels masked
Layer layer4.1.conv1.weight: 9/512 channels masked
------------------------- time cost ------------------------- 26.713582277297974
[PFedBA] Round 572: optimizing class-conditional trigger bank...
[PFedBA] trigger_opt total=8.5464 grad=0.8038 loss_align=7.4094 attack=0.3332 norm=28.4551

-------------Round number: 571-------------

Evaluate personalized models
Averaged Train Loss: 0.0088
Averaged Test Accurancy: 0.7718
Averaged Test AUC: 0.9638
Std Test Accurancy: 0.0733
Std Test AUC: 0.0184
ASR: 0.06359015788380121
attack_auc: 0.599707263979886
Layer layer2.0.downsample.0.weight: 1/128 channels masked
Layer layer3.0.conv2.weight: 1/256 channels masked
Layer layer3.0.downsample.0.weight: 1/256 channels masked
Layer layer3.1.conv1.weight: 1/256 channels masked
Layer layer4.0.conv1.weight: 1/512 channels masked
Layer layer4.0.conv2.weight: 4/512 channels masked
Layer layer4.0.downsample.0.weight: 4/512 channels masked
Layer layer4.1.conv1.weight: 9/512 channels masked
------------------------- time cost ------------------------- 26.551658630371094
[PFedBA] Round 573: optimizing class-conditional trigger bank...
[PFedBA] trigger_opt total=8.2872 grad=0.6993 loss_align=7.2431 attack=0.3448 norm=28.4558

-------------Round number: 572-------------

Evaluate personalized models
Averaged Train Loss: 0.0033
Averaged Test Accurancy: 0.7768
Averaged Test AUC: 0.9639
Std Test Accurancy: 0.0714
Std Test AUC: 0.0180
ASR: 0.06117765482473303
attack_auc: 0.600614389630904
Layer layer2.0.downsample.0.weight: 1/128 channels masked
Layer layer3.0.conv2.weight: 1/256 channels masked
Layer layer3.0.downsample.0.weight: 1/256 channels masked
Layer layer3.1.conv1.weight: 1/256 channels masked
Layer layer4.0.conv1.weight: 1/512 channels masked
Layer layer4.0.conv2.weight: 4/512 channels masked
Layer layer4.0.downsample.0.weight: 4/512 channels masked
Layer layer4.1.conv1.weight: 9/512 channels masked
------------------------- time cost ------------------------- 26.45431399345398
[PFedBA] Round 574: optimizing class-conditional trigger bank...
[PFedBA] trigger_opt total=8.3266 grad=0.8239 loss_align=7.1864 attack=0.3163 norm=28.4566

-------------Round number: 573-------------

Evaluate personalized models
Averaged Train Loss: 0.0025
Averaged Test Accurancy: 0.7762
Averaged Test AUC: 0.9641
Std Test Accurancy: 0.0718
Std Test AUC: 0.0180
ASR: 0.0681614433454222
attack_auc: 0.6029895090134502
Layer layer2.0.downsample.0.weight: 1/128 channels masked
Layer layer3.0.conv2.weight: 1/256 channels masked
Layer layer3.0.downsample.0.weight: 1/256 channels masked
Layer layer3.1.conv1.weight: 1/256 channels masked
Layer layer4.0.conv1.weight: 1/512 channels masked
Layer layer4.0.conv2.weight: 4/512 channels masked
Layer layer4.0.downsample.0.weight: 4/512 channels masked
Layer layer4.1.conv1.weight: 9/512 channels masked
------------------------- time cost ------------------------- 26.715555667877197
[PFedBA] Round 575: optimizing class-conditional trigger bank...
[PFedBA] trigger_opt total=8.2355 grad=0.8273 loss_align=7.1802 attack=0.2280 norm=28.4608

-------------Round number: 574-------------

Evaluate personalized models
Averaged Train Loss: 0.0028
Averaged Test Accurancy: 0.7735
Averaged Test AUC: 0.9637
Std Test Accurancy: 0.0717
Std Test AUC: 0.0180
ASR: 0.06953418832261878
attack_auc: 0.601969764303016
Layer layer2.0.downsample.0.weight: 1/128 channels masked
Layer layer3.0.conv2.weight: 1/256 channels masked
Layer layer3.0.downsample.0.weight: 1/256 channels masked
Layer layer3.1.conv1.weight: 1/256 channels masked
Layer layer4.0.conv1.weight: 1/512 channels masked
Layer layer4.0.conv2.weight: 4/512 channels masked
Layer layer4.0.downsample.0.weight: 4/512 channels masked
Layer layer4.1.conv1.weight: 10/512 channels masked
------------------------- time cost ------------------------- 26.446290731430054
[PFedBA] Round 576: optimizing class-conditional trigger bank...
[PFedBA] trigger_opt total=8.4109 grad=0.7537 loss_align=7.2490 attack=0.4081 norm=28.4598

-------------Round number: 575-------------

Evaluate personalized models
Averaged Train Loss: 0.0032
Averaged Test Accurancy: 0.7738
Averaged Test AUC: 0.9638
Std Test Accurancy: 0.0707
Std Test AUC: 0.0180
ASR: 0.06728063265015315
attack_auc: 0.5998767302566685
Layer layer2.0.downsample.0.weight: 1/128 channels masked
Layer layer3.0.conv2.weight: 1/256 channels masked
Layer layer3.0.downsample.0.weight: 1/256 channels masked
Layer layer3.1.conv1.weight: 1/256 channels masked
Layer layer4.0.conv1.weight: 1/512 channels masked
Layer layer4.0.conv2.weight: 4/512 channels masked
Layer layer4.0.downsample.0.weight: 4/512 channels masked
Layer layer4.1.conv1.weight: 9/512 channels masked
------------------------- time cost ------------------------- 25.88719391822815
[PFedBA] Round 577: optimizing class-conditional trigger bank...
[PFedBA] trigger_opt total=8.2740 grad=0.7551 loss_align=7.1858 attack=0.3331 norm=28.4617

-------------Round number: 576-------------

Evaluate personalized models
Averaged Train Loss: 0.0029
Averaged Test Accurancy: 0.7755
Averaged Test AUC: 0.9642
Std Test Accurancy: 0.0690
Std Test AUC: 0.0183
ASR: 0.06692741009102898
attack_auc: 0.6004809219226674
Layer layer2.0.downsample.0.weight: 1/128 channels masked
Layer layer3.0.conv2.weight: 1/256 channels masked
Layer layer3.0.downsample.0.weight: 1/256 channels masked
Layer layer3.1.conv1.weight: 1/256 channels masked
Layer layer4.0.conv1.weight: 1/512 channels masked
Layer layer4.0.conv2.weight: 4/512 channels masked
Layer layer4.0.downsample.0.weight: 4/512 channels masked
Layer layer4.1.conv1.weight: 9/512 channels masked
------------------------- time cost ------------------------- 26.569242000579834
[PFedBA] Round 578: optimizing class-conditional trigger bank...
[PFedBA] trigger_opt total=8.5201 grad=0.7860 loss_align=7.4662 attack=0.2679 norm=28.4607

-------------Round number: 577-------------

Evaluate personalized models
Averaged Train Loss: 0.0030
Averaged Test Accurancy: 0.7733
Averaged Test AUC: 0.9635
Std Test Accurancy: 0.0711
Std Test AUC: 0.0180
ASR: 0.06566739863721448
attack_auc: 0.6038085429902788
Layer layer2.0.downsample.0.weight: 1/128 channels masked
Layer layer3.0.conv2.weight: 1/256 channels masked
Layer layer3.0.downsample.0.weight: 1/256 channels masked
Layer layer3.1.conv1.weight: 1/256 channels masked
Layer layer4.0.conv1.weight: 1/512 channels masked
Layer layer4.0.conv2.weight: 4/512 channels masked
Layer layer4.0.downsample.0.weight: 4/512 channels masked
Layer layer4.1.conv1.weight: 9/512 channels masked
------------------------- time cost ------------------------- 26.466541051864624
[PFedBA] Round 579: optimizing class-conditional trigger bank...
[PFedBA] trigger_opt total=8.3418 grad=0.7262 loss_align=7.2547 attack=0.3609 norm=28.4611

-------------Round number: 578-------------

Evaluate personalized models
Averaged Train Loss: 0.0023
Averaged Test Accurancy: 0.7759
Averaged Test AUC: 0.9642
Std Test Accurancy: 0.0746
Std Test AUC: 0.0178
ASR: 0.06598187690329824
attack_auc: 0.6014229796922085
Layer layer2.0.downsample.0.weight: 1/128 channels masked
Layer layer3.0.conv2.weight: 1/256 channels masked
Layer layer3.0.downsample.0.weight: 1/256 channels masked
Layer layer3.1.conv1.weight: 1/256 channels masked
Layer layer4.0.conv1.weight: 1/512 channels masked
Layer layer4.0.conv2.weight: 4/512 channels masked
Layer layer4.0.downsample.0.weight: 4/512 channels masked
Layer layer4.1.conv1.weight: 10/512 channels masked
------------------------- time cost ------------------------- 26.62107253074646
[PFedBA] Round 580: optimizing class-conditional trigger bank...
[PFedBA] trigger_opt total=8.5458 grad=0.7914 loss_align=7.4174 attack=0.3370 norm=28.4630

-------------Round number: 579-------------

Evaluate personalized models
Averaged Train Loss: 0.0028
Averaged Test Accurancy: 0.7800
Averaged Test AUC: 0.9637
Std Test Accurancy: 0.0708
Std Test AUC: 0.0184
ASR: 0.06823276439930473
attack_auc: 0.6029602494124456
Layer layer2.0.downsample.0.weight: 1/128 channels masked
Layer layer3.0.conv2.weight: 1/256 channels masked
Layer layer3.0.downsample.0.weight: 1/256 channels masked
Layer layer3.1.conv1.weight: 1/256 channels masked
Layer layer4.0.conv1.weight: 1/512 channels masked
Layer layer4.0.conv2.weight: 4/512 channels masked
Layer layer4.0.downsample.0.weight: 4/512 channels masked
Layer layer4.1.conv1.weight: 10/512 channels masked
------------------------- time cost ------------------------- 26.55863928794861
[PFedBA] Round 581: optimizing class-conditional trigger bank...
[PFedBA] trigger_opt total=8.7415 grad=0.8430 loss_align=7.4579 attack=0.4406 norm=28.4645

-------------Round number: 580-------------

Evaluate personalized models
Averaged Train Loss: 0.0027
Averaged Test Accurancy: 0.7778
Averaged Test AUC: 0.9638
Std Test Accurancy: 0.0740
Std Test AUC: 0.0183
ASR: 0.06396705798143468
attack_auc: 0.6019105201869394
Layer layer2.0.downsample.0.weight: 1/128 channels masked
Layer layer3.0.conv2.weight: 1/256 channels masked
Layer layer3.0.downsample.0.weight: 1/256 channels masked
Layer layer3.1.conv1.weight: 1/256 channels masked
Layer layer4.0.conv1.weight: 1/512 channels masked
Layer layer4.0.conv2.weight: 4/512 channels masked
Layer layer4.0.downsample.0.weight: 4/512 channels masked
Layer layer4.1.conv1.weight: 10/512 channels masked
------------------------- time cost ------------------------- 26.6669864654541
[PFedBA] Round 582: optimizing class-conditional trigger bank...
[PFedBA] trigger_opt total=8.1597 grad=0.7189 loss_align=7.1262 attack=0.3147 norm=28.4641

-------------Round number: 581-------------

Evaluate personalized models
Averaged Train Loss: 0.0028
Averaged Test Accurancy: 0.7755
Averaged Test AUC: 0.9636
Std Test Accurancy: 0.0722
Std Test AUC: 0.0184
ASR: 0.0682629980006635
attack_auc: 0.60502406896143
Layer layer2.0.downsample.0.weight: 1/128 channels masked
Layer layer3.0.conv2.weight: 1/256 channels masked
Layer layer3.0.downsample.0.weight: 1/256 channels masked
Layer layer3.1.conv1.weight: 1/256 channels masked
Layer layer4.0.conv1.weight: 1/512 channels masked
Layer layer4.0.conv2.weight: 4/512 channels masked
Layer layer4.0.downsample.0.weight: 4/512 channels masked
Layer layer4.1.conv1.weight: 10/512 channels masked
------------------------- time cost ------------------------- 26.511773347854614
[PFedBA] Round 583: optimizing class-conditional trigger bank...
[PFedBA] trigger_opt total=8.2346 grad=0.7908 loss_align=7.0667 attack=0.3770 norm=28.4642

-------------Round number: 582-------------

Evaluate personalized models
Averaged Train Loss: 0.0031
Averaged Test Accurancy: 0.7760
Averaged Test AUC: 0.9638
Std Test Accurancy: 0.0708
Std Test AUC: 0.0182
ASR: 0.06752640240975416
attack_auc: 0.6029692803176127
Layer layer2.0.downsample.0.weight: 1/128 channels masked
Layer layer3.0.conv2.weight: 1/256 channels masked
Layer layer3.0.downsample.0.weight: 1/256 channels masked
Layer layer3.1.conv1.weight: 1/256 channels masked
Layer layer4.0.conv1.weight: 1/512 channels masked
Layer layer4.0.conv2.weight: 4/512 channels masked
Layer layer4.0.downsample.0.weight: 4/512 channels masked
Layer layer4.1.conv1.weight: 10/512 channels masked
------------------------- time cost ------------------------- 26.43459701538086
[PFedBA] Round 584: optimizing class-conditional trigger bank...
[PFedBA] trigger_opt total=8.3843 grad=0.7451 loss_align=7.2369 attack=0.4023 norm=28.4618

-------------Round number: 583-------------

Evaluate personalized models
Averaged Train Loss: 0.0028
Averaged Test Accurancy: 0.7745
Averaged Test AUC: 0.9638
Std Test Accurancy: 0.0730
Std Test AUC: 0.0183
ASR: 0.06622751866752302
attack_auc: 0.599904618176557
Layer layer2.0.downsample.0.weight: 1/128 channels masked
Layer layer3.0.conv2.weight: 1/256 channels masked
Layer layer3.0.downsample.0.weight: 1/256 channels masked
Layer layer3.1.conv1.weight: 1/256 channels masked
Layer layer4.0.conv1.weight: 1/512 channels masked
Layer layer4.0.conv2.weight: 4/512 channels masked
Layer layer4.0.downsample.0.weight: 4/512 channels masked
Layer layer4.1.conv1.weight: 10/512 channels masked
------------------------- time cost ------------------------- 26.785555839538574
[PFedBA] Round 585: optimizing class-conditional trigger bank...
[PFedBA] trigger_opt total=8.5879 grad=0.8362 loss_align=7.4714 attack=0.2803 norm=28.4624

-------------Round number: 584-------------

Evaluate personalized models
Averaged Train Loss: 0.0025
Averaged Test Accurancy: 0.7748
Averaged Test AUC: 0.9641
Std Test Accurancy: 0.0695
Std Test AUC: 0.0180
ASR: 0.0665524097473584
attack_auc: 0.5955540737530783
Layer layer2.0.downsample.0.weight: 1/128 channels masked
Layer layer3.0.conv2.weight: 1/256 channels masked
Layer layer3.0.downsample.0.weight: 1/256 channels masked
Layer layer3.1.conv1.weight: 1/256 channels masked
Layer layer4.0.conv1.weight: 1/512 channels masked
Layer layer4.0.conv2.weight: 4/512 channels masked
Layer layer4.0.downsample.0.weight: 4/512 channels masked
Layer layer4.1.conv1.weight: 10/512 channels masked
------------------------- time cost ------------------------- 26.55353021621704
[PFedBA] Round 586: optimizing class-conditional trigger bank...
[PFedBA] trigger_opt total=8.3397 grad=0.7184 loss_align=7.2604 attack=0.3608 norm=28.4640

-------------Round number: 585-------------

Evaluate personalized models
Averaged Train Loss: 0.0028
Averaged Test Accurancy: 0.7777
Averaged Test AUC: 0.9641
Std Test Accurancy: 0.0698
Std Test AUC: 0.0181
ASR: 0.06880101469123757
attack_auc: 0.6003143997426302
Layer layer2.0.downsample.0.weight: 1/128 channels masked
Layer layer3.0.conv2.weight: 1/256 channels masked
Layer layer3.0.downsample.0.weight: 1/256 channels masked
Layer layer3.1.conv1.weight: 1/256 channels masked
Layer layer4.0.conv1.weight: 1/512 channels masked
Layer layer4.0.conv2.weight: 4/512 channels masked
Layer layer4.0.downsample.0.weight: 4/512 channels masked
Layer layer4.1.conv1.weight: 10/512 channels masked
------------------------- time cost ------------------------- 26.820088386535645
[PFedBA] Round 587: optimizing class-conditional trigger bank...
[PFedBA] trigger_opt total=8.2879 grad=0.8366 loss_align=7.1756 attack=0.2757 norm=28.4617

-------------Round number: 586-------------

Evaluate personalized models
Averaged Train Loss: 0.0025
Averaged Test Accurancy: 0.7750
Averaged Test AUC: 0.9639
Std Test Accurancy: 0.0661
Std Test AUC: 0.0179
ASR: 0.06849492930509885
attack_auc: 0.6033235629908426
Layer layer2.0.downsample.0.weight: 1/128 channels masked
Layer layer3.0.conv2.weight: 1/256 channels masked
Layer layer3.0.downsample.0.weight: 1/256 channels masked
Layer layer3.1.conv1.weight: 1/256 channels masked
Layer layer4.0.conv1.weight: 1/512 channels masked
Layer layer4.0.conv2.weight: 4/512 channels masked
Layer layer4.0.downsample.0.weight: 4/512 channels masked
Layer layer4.1.conv1.weight: 10/512 channels masked
------------------------- time cost ------------------------- 26.839757919311523
[PFedBA] Round 588: optimizing class-conditional trigger bank...
[PFedBA] trigger_opt total=8.1971 grad=0.7916 loss_align=7.1260 attack=0.2795 norm=28.4624

-------------Round number: 587-------------

Evaluate personalized models
Averaged Train Loss: 0.0023
Averaged Test Accurancy: 0.7771
Averaged Test AUC: 0.9642
Std Test Accurancy: 0.0700
Std Test AUC: 0.0178
ASR: 0.06581087539282461
attack_auc: 0.6043864504504762
Layer layer2.0.downsample.0.weight: 1/128 channels masked
Layer layer3.0.conv2.weight: 1/256 channels masked
Layer layer3.0.downsample.0.weight: 1/256 channels masked
Layer layer3.1.conv1.weight: 1/256 channels masked
Layer layer4.0.conv1.weight: 1/512 channels masked
Layer layer4.0.conv2.weight: 4/512 channels masked
Layer layer4.0.downsample.0.weight: 4/512 channels masked
Layer layer4.1.conv1.weight: 10/512 channels masked
------------------------- time cost ------------------------- 26.55337905883789
[PFedBA] Round 589: optimizing class-conditional trigger bank...
[PFedBA] trigger_opt total=8.3821 grad=0.7163 loss_align=7.2466 attack=0.4191 norm=28.4601

-------------Round number: 588-------------

Evaluate personalized models
Averaged Train Loss: 0.0025
Averaged Test Accurancy: 0.7777
Averaged Test AUC: 0.9637
Std Test Accurancy: 0.0722
Std Test AUC: 0.0183
ASR: 0.064087808825116
attack_auc: 0.6066371271205867
Layer layer2.0.downsample.0.weight: 1/128 channels masked
Layer layer3.0.conv2.weight: 1/256 channels masked
Layer layer3.0.downsample.0.weight: 1/256 channels masked
Layer layer3.1.conv1.weight: 1/256 channels masked
Layer layer4.0.conv1.weight: 1/512 channels masked
Layer layer4.0.conv2.weight: 4/512 channels masked
Layer layer4.0.downsample.0.weight: 4/512 channels masked
Layer layer4.1.conv1.weight: 10/512 channels masked
------------------------- time cost ------------------------- 26.637532472610474
[PFedBA] Round 590: optimizing class-conditional trigger bank...
[PFedBA] trigger_opt total=8.4592 grad=0.9106 loss_align=7.3299 attack=0.2187 norm=28.4626

-------------Round number: 589-------------

Evaluate personalized models
Averaged Train Loss: 0.0036
Averaged Test Accurancy: 0.7764
Averaged Test AUC: 0.9639
Std Test Accurancy: 0.0687
Std Test AUC: 0.0178
ASR: 0.06248347066372507
attack_auc: 0.6001209133630934
Layer layer2.0.downsample.0.weight: 1/128 channels masked
Layer layer3.0.conv2.weight: 1/256 channels masked
Layer layer3.0.downsample.0.weight: 1/256 channels masked
Layer layer3.1.conv1.weight: 1/256 channels masked
Layer layer4.0.conv1.weight: 1/512 channels masked
Layer layer4.0.conv2.weight: 4/512 channels masked
Layer layer4.0.downsample.0.weight: 4/512 channels masked
Layer layer4.1.conv1.weight: 10/512 channels masked
------------------------- time cost ------------------------- 27.054792404174805
[PFedBA] Round 591: optimizing class-conditional trigger bank...
[PFedBA] trigger_opt total=8.3174 grad=0.7983 loss_align=7.1829 attack=0.3363 norm=28.4638

-------------Round number: 590-------------

Evaluate personalized models
Averaged Train Loss: 0.0047
Averaged Test Accurancy: 0.7741
Averaged Test AUC: 0.9641
Std Test Accurancy: 0.0690
Std Test AUC: 0.0173
ASR: 0.062862206432785
attack_auc: 0.5995774046144646
Layer layer2.0.downsample.0.weight: 1/128 channels masked
Layer layer3.0.conv2.weight: 1/256 channels masked
Layer layer3.0.downsample.0.weight: 1/256 channels masked
Layer layer3.1.conv1.weight: 1/256 channels masked
Layer layer4.0.conv1.weight: 1/512 channels masked
Layer layer4.0.conv2.weight: 4/512 channels masked
Layer layer4.0.downsample.0.weight: 4/512 channels masked
Layer layer4.1.conv1.weight: 10/512 channels masked
------------------------- time cost ------------------------- 26.81789255142212
[PFedBA] Round 592: optimizing class-conditional trigger bank...
[PFedBA] trigger_opt total=8.4200 grad=0.7673 loss_align=7.2916 attack=0.3611 norm=28.4644

-------------Round number: 591-------------

Evaluate personalized models
Averaged Train Loss: 0.0024
Averaged Test Accurancy: 0.7770
Averaged Test AUC: 0.9640
Std Test Accurancy: 0.0723
Std Test AUC: 0.0181
ASR: 0.06265773298046015
attack_auc: 0.6002639282523319
Layer layer2.0.downsample.0.weight: 1/128 channels masked
Layer layer3.0.conv2.weight: 1/256 channels masked
Layer layer3.0.downsample.0.weight: 1/256 channels masked
Layer layer3.1.conv1.weight: 1/256 channels masked
Layer layer4.0.conv1.weight: 1/512 channels masked
Layer layer4.0.conv2.weight: 4/512 channels masked
Layer layer4.0.downsample.0.weight: 4/512 channels masked
Layer layer4.1.conv1.weight: 10/512 channels masked
------------------------- time cost ------------------------- 26.423239946365356
[PFedBA] Round 593: optimizing class-conditional trigger bank...
[PFedBA] trigger_opt total=8.0574 grad=0.7517 loss_align=7.0211 attack=0.2847 norm=28.4658

-------------Round number: 592-------------

Evaluate personalized models
Averaged Train Loss: 0.0022
Averaged Test Accurancy: 0.7760
Averaged Test AUC: 0.9642
Std Test Accurancy: 0.0697
Std Test AUC: 0.0180
ASR: 0.06533105484323107
attack_auc: 0.603026420137308
Layer layer2.0.downsample.0.weight: 1/128 channels masked
Layer layer3.0.conv2.weight: 1/256 channels masked
Layer layer3.0.downsample.0.weight: 1/256 channels masked
Layer layer3.1.conv1.weight: 1/256 channels masked
Layer layer4.0.conv1.weight: 1/512 channels masked
Layer layer4.0.conv2.weight: 4/512 channels masked
Layer layer4.0.downsample.0.weight: 4/512 channels masked
Layer layer4.1.conv1.weight: 10/512 channels masked
------------------------- time cost ------------------------- 26.449564218521118
[PFedBA] Round 594: optimizing class-conditional trigger bank...
[PFedBA] trigger_opt total=8.6133 grad=0.8509 loss_align=7.2949 attack=0.4676 norm=28.4660

-------------Round number: 593-------------

Evaluate personalized models
Averaged Train Loss: 0.0021
Averaged Test Accurancy: 0.7767
Averaged Test AUC: 0.9641
Std Test Accurancy: 0.0752
Std Test AUC: 0.0179
ASR: 0.06424637126423777
attack_auc: 0.6044552824466649
Layer layer2.0.downsample.0.weight: 1/128 channels masked
Layer layer3.0.conv2.weight: 1/256 channels masked
Layer layer3.0.downsample.0.weight: 1/256 channels masked
Layer layer3.1.conv1.weight: 1/256 channels masked
Layer layer4.0.conv1.weight: 1/512 channels masked
Layer layer4.0.conv2.weight: 4/512 channels masked
Layer layer4.0.downsample.0.weight: 4/512 channels masked
Layer layer4.1.conv1.weight: 10/512 channels masked
------------------------- time cost ------------------------- 26.611738204956055
[PFedBA] Round 595: optimizing class-conditional trigger bank...
[PFedBA] trigger_opt total=8.5265 grad=0.8060 loss_align=7.4562 attack=0.2643 norm=28.4673

-------------Round number: 594-------------

Evaluate personalized models
Averaged Train Loss: 0.0026
Averaged Test Accurancy: 0.7746
Averaged Test AUC: 0.9641
Std Test Accurancy: 0.0723
Std Test AUC: 0.0178
ASR: 0.06327763099943552
attack_auc: 0.6009780483244077
Layer layer2.0.downsample.0.weight: 1/128 channels masked
Layer layer3.0.conv2.weight: 1/256 channels masked
Layer layer3.0.downsample.0.weight: 1/256 channels masked
Layer layer3.1.conv1.weight: 1/256 channels masked
Layer layer4.0.conv1.weight: 1/512 channels masked
Layer layer4.0.conv2.weight: 4/512 channels masked
Layer layer4.0.downsample.0.weight: 4/512 channels masked
Layer layer4.1.conv1.weight: 10/512 channels masked
------------------------- time cost ------------------------- 27.030449151992798
[PFedBA] Round 596: optimizing class-conditional trigger bank...
[PFedBA] trigger_opt total=8.0773 grad=0.7089 loss_align=6.9852 attack=0.3832 norm=28.4650

-------------Round number: 595-------------

Evaluate personalized models
Averaged Train Loss: 0.0032
Averaged Test Accurancy: 0.7742
Averaged Test AUC: 0.9639
Std Test Accurancy: 0.0702
Std Test AUC: 0.0182
ASR: 0.06309225695516009
attack_auc: 0.595731013309735
Layer layer2.0.downsample.0.weight: 1/128 channels masked
Layer layer3.0.conv2.weight: 1/256 channels masked
Layer layer3.0.downsample.0.weight: 1/256 channels masked
Layer layer3.1.conv1.weight: 1/256 channels masked
Layer layer4.0.conv1.weight: 1/512 channels masked
Layer layer4.0.conv2.weight: 4/512 channels masked
Layer layer4.0.downsample.0.weight: 4/512 channels masked
Layer layer4.1.conv1.weight: 10/512 channels masked
------------------------- time cost ------------------------- 26.847455739974976
[PFedBA] Round 597: optimizing class-conditional trigger bank...
[PFedBA] trigger_opt total=8.5918 grad=0.7841 loss_align=7.4206 attack=0.3871 norm=28.4645

-------------Round number: 596-------------

Evaluate personalized models
Averaged Train Loss: 0.0024
Averaged Test Accurancy: 0.7784
Averaged Test AUC: 0.9644
Std Test Accurancy: 0.0701
Std Test AUC: 0.0174
ASR: 0.06528622603918516
attack_auc: 0.5970759161963897
Layer layer2.0.downsample.0.weight: 1/128 channels masked
Layer layer3.0.conv2.weight: 1/256 channels masked
Layer layer3.0.downsample.0.weight: 1/256 channels masked
Layer layer3.1.conv1.weight: 1/256 channels masked
Layer layer4.0.conv1.weight: 1/512 channels masked
Layer layer4.0.conv2.weight: 4/512 channels masked
Layer layer4.0.downsample.0.weight: 4/512 channels masked
Layer layer4.1.conv1.weight: 10/512 channels masked
------------------------- time cost ------------------------- 26.768437385559082
[PFedBA] Round 598: optimizing class-conditional trigger bank...
[PFedBA] trigger_opt total=8.2288 grad=0.6910 loss_align=7.1568 attack=0.3810 norm=28.4630

-------------Round number: 597-------------

Evaluate personalized models
Averaged Train Loss: 0.0086
Averaged Test Accurancy: 0.7751
Averaged Test AUC: 0.9640
Std Test Accurancy: 0.0708
Std Test AUC: 0.0180
ASR: 0.06562446461728161
attack_auc: 0.5984420778239
Layer layer2.0.downsample.0.weight: 1/128 channels masked
Layer layer3.0.conv2.weight: 1/256 channels masked
Layer layer3.0.downsample.0.weight: 1/256 channels masked
Layer layer3.1.conv1.weight: 1/256 channels masked
Layer layer4.0.conv1.weight: 1/512 channels masked
Layer layer4.0.conv2.weight: 4/512 channels masked
Layer layer4.0.downsample.0.weight: 4/512 channels masked
Layer layer4.1.conv1.weight: 10/512 channels masked
------------------------- time cost ------------------------- 26.300806283950806
[PFedBA] Round 599: optimizing class-conditional trigger bank...
[PFedBA] trigger_opt total=8.7401 grad=0.8437 loss_align=7.4663 attack=0.4300 norm=28.4629

-------------Round number: 598-------------

Evaluate personalized models
Averaged Train Loss: 0.0028
Averaged Test Accurancy: 0.7765
Averaged Test AUC: 0.9639
Std Test Accurancy: 0.0710
Std Test AUC: 0.0182
ASR: 0.07209788358296829
attack_auc: 0.5994382693119064
Layer layer2.0.downsample.0.weight: 1/128 channels masked
Layer layer3.0.conv2.weight: 1/256 channels masked
Layer layer3.0.downsample.0.weight: 1/256 channels masked
Layer layer3.1.conv1.weight: 1/256 channels masked
Layer layer4.0.conv1.weight: 1/512 channels masked
Layer layer4.0.conv2.weight: 4/512 channels masked
Layer layer4.0.downsample.0.weight: 4/512 channels masked
Layer layer4.1.conv1.weight: 10/512 channels masked
------------------------- time cost ------------------------- 26.505779027938843
[PFedBA] Round 600: optimizing class-conditional trigger bank...
[PFedBA] trigger_opt total=8.1313 grad=0.7461 loss_align=7.0558 attack=0.3293 norm=28.4638

-------------Round number: 599-------------

Evaluate personalized models
Averaged Train Loss: 0.0025
Averaged Test Accurancy: 0.7777
Averaged Test AUC: 0.9643
Std Test Accurancy: 0.0721
Std Test AUC: 0.0180
ASR: 0.06679034908550298
attack_auc: 0.6028292315141056
Layer layer2.0.downsample.0.weight: 1/128 channels masked
Layer layer3.0.conv2.weight: 1/256 channels masked
Layer layer3.0.downsample.0.weight: 1/256 channels masked
Layer layer3.1.conv1.weight: 1/256 channels masked
Layer layer4.0.conv1.weight: 1/512 channels masked
Layer layer4.0.conv2.weight: 4/512 channels masked
Layer layer4.0.downsample.0.weight: 4/512 channels masked
Layer layer4.1.conv1.weight: 10/512 channels masked
------------------------- time cost ------------------------- 26.723674774169922
[PFedBA] Round 601: optimizing class-conditional trigger bank...
[PFedBA] trigger_opt total=8.3618 grad=0.8028 loss_align=7.2823 attack=0.2768 norm=28.4651

-------------Round number: 600-------------

Evaluate personalized models
Averaged Train Loss: 0.0027
Averaged Test Accurancy: 0.7769
Averaged Test AUC: 0.9641
Std Test Accurancy: 0.0708
Std Test AUC: 0.0179
ASR: 0.06450426799607618
attack_auc: 0.5982410309488041
Layer layer2.0.downsample.0.weight: 1/128 channels masked
Layer layer3.0.conv2.weight: 1/256 channels masked
Layer layer3.0.downsample.0.weight: 1/256 channels masked
Layer layer3.1.conv1.weight: 1/256 channels masked
Layer layer4.0.conv1.weight: 1/512 channels masked
Layer layer4.0.conv2.weight: 4/512 channels masked
Layer layer4.0.downsample.0.weight: 4/512 channels masked
Layer layer4.1.conv1.weight: 10/512 channels masked
------------------------- time cost ------------------------- 26.795255422592163
[PFedBA] Round 602: optimizing class-conditional trigger bank...
[PFedBA] trigger_opt total=8.2854 grad=0.7875 loss_align=7.1997 attack=0.2982 norm=28.4652

-------------Round number: 601-------------

Evaluate personalized models
Averaged Train Loss: 0.0024
Averaged Test Accurancy: 0.7752
Averaged Test AUC: 0.9641
Std Test Accurancy: 0.0694
Std Test AUC: 0.0179
ASR: 0.06449993940490732
attack_auc: 0.5992562337168142
Layer layer2.0.downsample.0.weight: 1/128 channels masked
Layer layer3.0.conv2.weight: 1/256 channels masked
Layer layer3.0.downsample.0.weight: 1/256 channels masked
Layer layer3.1.conv1.weight: 1/256 channels masked
Layer layer4.0.conv1.weight: 1/512 channels masked
Layer layer4.0.conv2.weight: 4/512 channels masked
Layer layer4.0.downsample.0.weight: 4/512 channels masked
Layer layer4.1.conv1.weight: 10/512 channels masked
------------------------- time cost ------------------------- 26.56466770172119
[PFedBA] Round 603: optimizing class-conditional trigger bank...
[PFedBA] trigger_opt total=8.5771 grad=0.8103 loss_align=7.4493 attack=0.3175 norm=28.4661

-------------Round number: 602-------------

Evaluate personalized models
Averaged Train Loss: 0.0024
Averaged Test Accurancy: 0.7769
Averaged Test AUC: 0.9641
Std Test Accurancy: 0.0708
Std Test AUC: 0.0179
ASR: 0.05793354425725354
attack_auc: 0.5961219067275992
Layer layer2.0.downsample.0.weight: 1/128 channels masked
Layer layer3.0.conv2.weight: 1/256 channels masked
Layer layer3.0.downsample.0.weight: 1/256 channels masked
Layer layer3.1.conv1.weight: 1/256 channels masked
Layer layer4.0.conv1.weight: 1/512 channels masked
Layer layer4.0.conv2.weight: 4/512 channels masked
Layer layer4.0.downsample.0.weight: 4/512 channels masked
Layer layer4.1.conv1.weight: 10/512 channels masked
------------------------- time cost ------------------------- 26.53823494911194
[PFedBA] Round 604: optimizing class-conditional trigger bank...
[PFedBA] trigger_opt total=8.2993 grad=0.7717 loss_align=7.1950 attack=0.3325 norm=28.4662

-------------Round number: 603-------------

Evaluate personalized models
Averaged Train Loss: 0.0036
Averaged Test Accurancy: 0.7779
Averaged Test AUC: 0.9641
Std Test Accurancy: 0.0727
Std Test AUC: 0.0182
ASR: 0.06135006836616072
attack_auc: 0.5989261082853456
Layer layer2.0.downsample.0.weight: 1/128 channels masked
Layer layer3.0.conv2.weight: 1/256 channels masked
Layer layer3.0.downsample.0.weight: 1/256 channels masked
Layer layer3.1.conv1.weight: 1/256 channels masked
Layer layer4.0.conv1.weight: 1/512 channels masked
Layer layer4.0.conv2.weight: 4/512 channels masked
Layer layer4.0.downsample.0.weight: 4/512 channels masked
Layer layer4.1.conv1.weight: 10/512 channels masked
------------------------- time cost ------------------------- 26.540766716003418
[PFedBA] Round 605: optimizing class-conditional trigger bank...
[PFedBA] trigger_opt total=8.2691 grad=0.7997 loss_align=7.1534 attack=0.3160 norm=28.4636

-------------Round number: 604-------------

Evaluate personalized models
Averaged Train Loss: 0.0042
Averaged Test Accurancy: 0.7739
Averaged Test AUC: 0.9638
Std Test Accurancy: 0.0717
Std Test AUC: 0.0183
ASR: 0.06806858742719783
attack_auc: 0.5987450011311549
Layer layer2.0.downsample.0.weight: 1/128 channels masked
Layer layer3.0.conv2.weight: 1/256 channels masked
Layer layer3.0.downsample.0.weight: 1/256 channels masked
Layer layer3.1.conv1.weight: 1/256 channels masked
Layer layer4.0.conv1.weight: 1/512 channels masked
Layer layer4.0.conv2.weight: 4/512 channels masked
Layer layer4.0.downsample.0.weight: 4/512 channels masked
Layer layer4.1.conv1.weight: 10/512 channels masked
------------------------- time cost ------------------------- 26.58030605316162
[PFedBA] Round 606: optimizing class-conditional trigger bank...
[PFedBA] trigger_opt total=8.4976 grad=0.7566 loss_align=7.3897 attack=0.3514 norm=28.4619

-------------Round number: 605-------------

Evaluate personalized models
Averaged Train Loss: 0.0027
Averaged Test Accurancy: 0.7762
Averaged Test AUC: 0.9641
Std Test Accurancy: 0.0736
Std Test AUC: 0.0180
ASR: 0.06702642598362618
attack_auc: 0.6034192588321152
Layer layer2.0.downsample.0.weight: 1/128 channels masked
Layer layer3.0.conv2.weight: 1/256 channels masked
Layer layer3.0.downsample.0.weight: 1/256 channels masked
Layer layer3.1.conv1.weight: 1/256 channels masked
Layer layer4.0.conv1.weight: 1/512 channels masked
Layer layer4.0.conv2.weight: 4/512 channels masked
Layer layer4.0.downsample.0.weight: 4/512 channels masked
Layer layer4.1.conv1.weight: 10/512 channels masked
------------------------- time cost ------------------------- 26.689423322677612
[PFedBA] Round 607: optimizing class-conditional trigger bank...
[PFedBA] trigger_opt total=8.1722 grad=0.8834 loss_align=7.0228 attack=0.2660 norm=28.4617

-------------Round number: 606-------------

Evaluate personalized models
Averaged Train Loss: 0.0034
Averaged Test Accurancy: 0.7732
Averaged Test AUC: 0.9641
Std Test Accurancy: 0.0703
Std Test AUC: 0.0175
ASR: 0.06559583278744124
attack_auc: 0.5988577104346493
Layer layer2.0.downsample.0.weight: 1/128 channels masked
Layer layer3.0.conv2.weight: 1/256 channels masked
Layer layer3.0.downsample.0.weight: 1/256 channels masked
Layer layer3.1.conv1.weight: 1/256 channels masked
Layer layer4.0.conv1.weight: 1/512 channels masked
Layer layer4.0.conv2.weight: 4/512 channels masked
Layer layer4.0.downsample.0.weight: 4/512 channels masked
Layer layer4.1.conv1.weight: 10/512 channels masked
------------------------- time cost ------------------------- 26.708032369613647
[PFedBA] Round 608: optimizing class-conditional trigger bank...
[PFedBA] trigger_opt total=8.4042 grad=0.8365 loss_align=7.2491 attack=0.3187 norm=28.4622

-------------Round number: 607-------------

Evaluate personalized models
Averaged Train Loss: 0.0025
Averaged Test Accurancy: 0.7750
Averaged Test AUC: 0.9639
Std Test Accurancy: 0.0738
Std Test AUC: 0.0183
ASR: 0.05813527250327215
attack_auc: 0.5953196577415419
Layer layer2.0.downsample.0.weight: 1/128 channels masked
Layer layer3.0.conv2.weight: 1/256 channels masked
Layer layer3.0.downsample.0.weight: 1/256 channels masked
Layer layer3.1.conv1.weight: 1/256 channels masked
Layer layer4.0.conv1.weight: 1/512 channels masked
Layer layer4.0.conv2.weight: 4/512 channels masked
Layer layer4.0.downsample.0.weight: 4/512 channels masked
Layer layer4.1.conv1.weight: 10/512 channels masked
------------------------- time cost ------------------------- 26.59842586517334
[PFedBA] Round 609: optimizing class-conditional trigger bank...
[PFedBA] trigger_opt total=8.1042 grad=0.6530 loss_align=7.0393 attack=0.4119 norm=28.4614

-------------Round number: 608-------------

Evaluate personalized models
Averaged Train Loss: 0.0021
Averaged Test Accurancy: 0.7722
Averaged Test AUC: 0.9643
Std Test Accurancy: 0.0707
Std Test AUC: 0.0181
ASR: 0.06690235746993442
attack_auc: 0.5977687062254915
Layer layer2.0.downsample.0.weight: 1/128 channels masked
Layer layer3.0.conv2.weight: 1/256 channels masked
Layer layer3.0.downsample.0.weight: 1/256 channels masked
Layer layer3.1.conv1.weight: 1/256 channels masked
Layer layer4.0.conv1.weight: 1/512 channels masked
Layer layer4.0.conv2.weight: 4/512 channels masked
Layer layer4.0.downsample.0.weight: 4/512 channels masked
Layer layer4.1.conv1.weight: 10/512 channels masked
------------------------- time cost ------------------------- 26.871715784072876
[PFedBA] Round 610: optimizing class-conditional trigger bank...
[PFedBA] trigger_opt total=8.3975 grad=0.7839 loss_align=7.3106 attack=0.3031 norm=28.4603

-------------Round number: 609-------------

Evaluate personalized models
Averaged Train Loss: 0.0028
Averaged Test Accurancy: 0.7781
Averaged Test AUC: 0.9639
Std Test Accurancy: 0.0713
Std Test AUC: 0.0181
ASR: 0.06212673523972282
attack_auc: 0.595091588259565
Layer layer2.0.downsample.0.weight: 1/128 channels masked
Layer layer3.0.conv2.weight: 1/256 channels masked
Layer layer3.0.downsample.0.weight: 1/256 channels masked
Layer layer3.1.conv1.weight: 1/256 channels masked
Layer layer4.0.conv1.weight: 1/512 channels masked
Layer layer4.0.conv2.weight: 4/512 channels masked
Layer layer4.0.downsample.0.weight: 4/512 channels masked
Layer layer4.1.conv1.weight: 10/512 channels masked
------------------------- time cost ------------------------- 27.050536394119263
[PFedBA] Round 611: optimizing class-conditional trigger bank...
[PFedBA] trigger_opt total=7.8951 grad=0.7595 loss_align=6.8110 attack=0.3246 norm=28.4584

-------------Round number: 610-------------

Evaluate personalized models
Averaged Train Loss: 0.0024
Averaged Test Accurancy: 0.7761
Averaged Test AUC: 0.9642
Std Test Accurancy: 0.0713
Std Test AUC: 0.0180
ASR: 0.0715270832425536
attack_auc: 0.60316851796315
Layer layer2.0.downsample.0.weight: 1/128 channels masked
Layer layer3.0.conv2.weight: 1/256 channels masked
Layer layer3.0.downsample.0.weight: 1/256 channels masked
Layer layer3.1.conv1.weight: 1/256 channels masked
Layer layer4.0.conv1.weight: 1/512 channels masked
Layer layer4.0.conv2.weight: 4/512 channels masked
Layer layer4.0.downsample.0.weight: 4/512 channels masked
Layer layer4.1.conv1.weight: 10/512 channels masked
------------------------- time cost ------------------------- 26.665571689605713
[PFedBA] Round 612: optimizing class-conditional trigger bank...
[PFedBA] trigger_opt total=8.3386 grad=0.7650 loss_align=7.2951 attack=0.2784 norm=28.4598

-------------Round number: 611-------------

Evaluate personalized models
Averaged Train Loss: 0.0026
Averaged Test Accurancy: 0.7737
Averaged Test AUC: 0.9640
Std Test Accurancy: 0.0710
Std Test AUC: 0.0178
ASR: 0.06679169819804573
attack_auc: 0.5990923121098085
Layer layer2.0.downsample.0.weight: 1/128 channels masked
Layer layer3.0.conv2.weight: 1/256 channels masked
Layer layer3.0.downsample.0.weight: 1/256 channels masked
Layer layer3.1.conv1.weight: 1/256 channels masked
Layer layer4.0.conv1.weight: 1/512 channels masked
Layer layer4.0.conv2.weight: 4/512 channels masked
Layer layer4.0.downsample.0.weight: 4/512 channels masked
Layer layer4.1.conv1.weight: 10/512 channels masked
------------------------- time cost ------------------------- 26.701746702194214
[PFedBA] Round 613: optimizing class-conditional trigger bank...
[PFedBA] trigger_opt total=8.7882 grad=0.7570 loss_align=7.5940 attack=0.4372 norm=28.4585

-------------Round number: 612-------------

Evaluate personalized models
Averaged Train Loss: 0.0023
Averaged Test Accurancy: 0.7764
Averaged Test AUC: 0.9641
Std Test Accurancy: 0.0723
Std Test AUC: 0.0180
ASR: 0.06374255336756005
attack_auc: 0.5942963920265629
Layer layer2.0.downsample.0.weight: 1/128 channels masked
Layer layer3.0.conv2.weight: 1/256 channels masked
Layer layer3.0.downsample.0.weight: 1/256 channels masked
Layer layer3.1.conv1.weight: 1/256 channels masked
Layer layer4.0.conv1.weight: 1/512 channels masked
Layer layer4.0.conv2.weight: 4/512 channels masked
Layer layer4.0.downsample.0.weight: 4/512 channels masked
Layer layer4.1.conv1.weight: 10/512 channels masked
------------------------- time cost ------------------------- 26.795926094055176
[PFedBA] Round 614: optimizing class-conditional trigger bank...
[PFedBA] trigger_opt total=8.1983 grad=0.7895 loss_align=7.0597 attack=0.3492 norm=28.4588

-------------Round number: 613-------------

Evaluate personalized models
Averaged Train Loss: 0.0030
Averaged Test Accurancy: 0.7756
Averaged Test AUC: 0.9642
Std Test Accurancy: 0.0730
Std Test AUC: 0.0181
ASR: 0.06434472833829318
attack_auc: 0.5973943698505608
Layer layer2.0.downsample.0.weight: 1/128 channels masked
Layer layer3.0.conv2.weight: 1/256 channels masked
Layer layer3.0.downsample.0.weight: 1/256 channels masked
Layer layer3.1.conv1.weight: 1/256 channels masked
Layer layer4.0.conv1.weight: 1/512 channels masked
Layer layer4.0.conv2.weight: 4/512 channels masked
Layer layer4.0.downsample.0.weight: 4/512 channels masked
Layer layer4.1.conv1.weight: 10/512 channels masked
------------------------- time cost ------------------------- 26.827141046524048
[PFedBA] Round 615: optimizing class-conditional trigger bank...
[PFedBA] trigger_opt total=8.5463 grad=0.7237 loss_align=7.4468 attack=0.3758 norm=28.4603

-------------Round number: 614-------------

Evaluate personalized models
Averaged Train Loss: 0.0025
Averaged Test Accurancy: 0.7765
Averaged Test AUC: 0.9644
Std Test Accurancy: 0.0729
Std Test AUC: 0.0177
ASR: 0.061811408432343805
attack_auc: 0.592076221334582
Layer layer2.0.downsample.0.weight: 1/128 channels masked
Layer layer3.0.conv2.weight: 1/256 channels masked
Layer layer3.0.downsample.0.weight: 1/256 channels masked
Layer layer3.1.conv1.weight: 1/256 channels masked
Layer layer4.0.conv1.weight: 1/512 channels masked
Layer layer4.0.conv2.weight: 4/512 channels masked
Layer layer4.0.downsample.0.weight: 4/512 channels masked
Layer layer4.1.conv1.weight: 10/512 channels masked
------------------------- time cost ------------------------- 27.075660467147827
[PFedBA] Round 616: optimizing class-conditional trigger bank...
[PFedBA] trigger_opt total=8.1246 grad=0.6790 loss_align=7.0403 attack=0.4053 norm=28.4598

-------------Round number: 615-------------

Evaluate personalized models
Averaged Train Loss: 0.0024
Averaged Test Accurancy: 0.7765
Averaged Test AUC: 0.9642
Std Test Accurancy: 0.0739
Std Test AUC: 0.0183
ASR: 0.061737742959452176
attack_auc: 0.5947447792434435
Layer layer2.0.downsample.0.weight: 1/128 channels masked
Layer layer3.0.conv2.weight: 1/256 channels masked
Layer layer3.0.downsample.0.weight: 1/256 channels masked
Layer layer3.1.conv1.weight: 1/256 channels masked
Layer layer4.0.conv1.weight: 1/512 channels masked
Layer layer4.0.conv2.weight: 4/512 channels masked
Layer layer4.0.downsample.0.weight: 4/512 channels masked
Layer layer4.1.conv1.weight: 10/512 channels masked
------------------------- time cost ------------------------- 26.5771381855011
[PFedBA] Round 617: optimizing class-conditional trigger bank...
[PFedBA] trigger_opt total=8.3933 grad=0.7727 loss_align=7.2824 attack=0.3382 norm=28.4577

-------------Round number: 616-------------

Evaluate personalized models
Averaged Train Loss: 0.0025
Averaged Test Accurancy: 0.7790
Averaged Test AUC: 0.9642
Std Test Accurancy: 0.0717
Std Test AUC: 0.0178
ASR: 0.06568320485482654
attack_auc: 0.5953572591225997
Layer layer2.0.downsample.0.weight: 1/128 channels masked
Layer layer3.0.conv2.weight: 1/256 channels masked
Layer layer3.0.downsample.0.weight: 1/256 channels masked
Layer layer3.1.conv1.weight: 1/256 channels masked
Layer layer4.0.conv1.weight: 1/512 channels masked
Layer layer4.0.conv2.weight: 4/512 channels masked
Layer layer4.0.downsample.0.weight: 4/512 channels masked
Layer layer4.1.conv1.weight: 10/512 channels masked
------------------------- time cost ------------------------- 26.70516800880432
[PFedBA] Round 618: optimizing class-conditional trigger bank...
[PFedBA] trigger_opt total=8.2632 grad=0.7617 loss_align=7.1413 attack=0.3601 norm=28.4578

-------------Round number: 617-------------

Evaluate personalized models
Averaged Train Loss: 0.0025
Averaged Test Accurancy: 0.7756
Averaged Test AUC: 0.9640
Std Test Accurancy: 0.0721
Std Test AUC: 0.0177
ASR: 0.06601600717901036
attack_auc: 0.5952983455684109
Layer layer2.0.downsample.0.weight: 1/128 channels masked
Layer layer3.0.conv2.weight: 1/256 channels masked
Layer layer3.0.downsample.0.weight: 1/256 channels masked
Layer layer3.1.conv1.weight: 1/256 channels masked
Layer layer4.0.conv1.weight: 1/512 channels masked
Layer layer4.0.conv2.weight: 4/512 channels masked
Layer layer4.0.downsample.0.weight: 4/512 channels masked
Layer layer4.1.conv1.weight: 10/512 channels masked
------------------------- time cost ------------------------- 26.987090349197388
[PFedBA] Round 619: optimizing class-conditional trigger bank...
[PFedBA] trigger_opt total=8.4726 grad=0.7850 loss_align=7.3156 attack=0.3721 norm=28.4580

-------------Round number: 618-------------

Evaluate personalized models
Averaged Train Loss: 0.0022
Averaged Test Accurancy: 0.7752
Averaged Test AUC: 0.9639
Std Test Accurancy: 0.0716
Std Test AUC: 0.0178
ASR: 0.06504704062607543
attack_auc: 0.5973655229222525
Layer layer2.0.downsample.0.weight: 1/128 channels masked
Layer layer3.0.conv2.weight: 1/256 channels masked
Layer layer3.0.downsample.0.weight: 1/256 channels masked
Layer layer3.1.conv1.weight: 1/256 channels masked
Layer layer4.0.conv1.weight: 1/512 channels masked
Layer layer4.0.conv2.weight: 4/512 channels masked
Layer layer4.0.downsample.0.weight: 4/512 channels masked
Layer layer4.1.conv1.weight: 10/512 channels masked
------------------------- time cost ------------------------- 26.477640390396118
[PFedBA] Round 620: optimizing class-conditional trigger bank...
[PFedBA] trigger_opt total=8.5438 grad=0.8345 loss_align=7.4155 attack=0.2938 norm=28.4574

-------------Round number: 619-------------

Evaluate personalized models
Averaged Train Loss: 0.0032
Averaged Test Accurancy: 0.7736
Averaged Test AUC: 0.9637
Std Test Accurancy: 0.0744
Std Test AUC: 0.0186
ASR: 0.0685228626376896
attack_auc: 0.5986409612284846
Layer layer2.0.downsample.0.weight: 1/128 channels masked
Layer layer3.0.conv2.weight: 1/256 channels masked
Layer layer3.0.downsample.0.weight: 1/256 channels masked
Layer layer4.0.conv1.weight: 1/512 channels masked
Layer layer4.0.conv2.weight: 4/512 channels masked
Layer layer4.0.downsample.0.weight: 4/512 channels masked
Layer layer4.1.conv1.weight: 10/512 channels masked
------------------------- time cost ------------------------- 26.814895391464233
[PFedBA] Round 621: optimizing class-conditional trigger bank...
[PFedBA] trigger_opt total=8.3401 grad=0.7464 loss_align=7.3135 attack=0.2803 norm=28.4574

-------------Round number: 620-------------

Evaluate personalized models
Averaged Train Loss: 0.0023
Averaged Test Accurancy: 0.7770
Averaged Test AUC: 0.9640
Std Test Accurancy: 0.0710
Std Test AUC: 0.0181
ASR: 0.06209052196449853
attack_auc: 0.5977980802089143
Layer layer2.0.downsample.0.weight: 1/128 channels masked
Layer layer3.0.conv2.weight: 1/256 channels masked
Layer layer3.0.downsample.0.weight: 1/256 channels masked
Layer layer3.1.conv1.weight: 1/256 channels masked
Layer layer4.0.conv1.weight: 1/512 channels masked
Layer layer4.0.conv2.weight: 4/512 channels masked
Layer layer4.0.downsample.0.weight: 4/512 channels masked
Layer layer4.1.conv1.weight: 10/512 channels masked
------------------------- time cost ------------------------- 26.674877166748047
[PFedBA] Round 622: optimizing class-conditional trigger bank...
[PFedBA] trigger_opt total=8.3548 grad=0.7335 loss_align=7.2413 attack=0.3801 norm=28.4588

-------------Round number: 621-------------

Evaluate personalized models
Averaged Train Loss: 0.0022
Averaged Test Accurancy: 0.7789
Averaged Test AUC: 0.9644
Std Test Accurancy: 0.0709
Std Test AUC: 0.0175
ASR: 0.06496409676635509
attack_auc: 0.6029446990548083
Layer layer2.0.downsample.0.weight: 1/128 channels masked
Layer layer3.0.conv2.weight: 1/256 channels masked
Layer layer3.0.downsample.0.weight: 1/256 channels masked
Layer layer3.1.conv1.weight: 1/256 channels masked
Layer layer4.0.conv1.weight: 1/512 channels masked
Layer layer4.0.conv2.weight: 4/512 channels masked
Layer layer4.0.downsample.0.weight: 4/512 channels masked
Layer layer4.1.conv1.weight: 10/512 channels masked
------------------------- time cost ------------------------- 26.71463131904602
[PFedBA] Round 623: optimizing class-conditional trigger bank...
[PFedBA] trigger_opt total=8.4426 grad=0.7868 loss_align=7.3875 attack=0.2683 norm=28.4592

-------------Round number: 622-------------

Evaluate personalized models
Averaged Train Loss: 0.0030
Averaged Test Accurancy: 0.7760
Averaged Test AUC: 0.9644
Std Test Accurancy: 0.0725
Std Test AUC: 0.0180
ASR: 0.0648521457604015
attack_auc: 0.5952232315363338
Layer layer2.0.downsample.0.weight: 1/128 channels masked
Layer layer3.0.conv2.weight: 1/256 channels masked
Layer layer3.0.downsample.0.weight: 1/256 channels masked
Layer layer3.1.conv1.weight: 1/256 channels masked
Layer layer4.0.conv1.weight: 1/512 channels masked
Layer layer4.0.conv2.weight: 4/512 channels masked
Layer layer4.0.downsample.0.weight: 4/512 channels masked
Layer layer4.1.conv1.weight: 10/512 channels masked
------------------------- time cost ------------------------- 26.730122089385986
[PFedBA] Round 624: optimizing class-conditional trigger bank...
[PFedBA] trigger_opt total=8.3819 grad=0.6934 loss_align=7.2514 attack=0.4370 norm=28.4598

-------------Round number: 623-------------

Evaluate personalized models
Averaged Train Loss: 0.0022
Averaged Test Accurancy: 0.7755
Averaged Test AUC: 0.9642
Std Test Accurancy: 0.0714
Std Test AUC: 0.0178
ASR: 0.06981684343127416
attack_auc: 0.597929521601557
Layer layer2.0.downsample.0.weight: 1/128 channels masked
Layer layer3.0.conv2.weight: 1/256 channels masked
Layer layer3.0.downsample.0.weight: 1/256 channels masked
Layer layer3.1.conv1.weight: 1/256 channels masked
Layer layer4.0.conv1.weight: 1/512 channels masked
Layer layer4.0.conv2.weight: 4/512 channels masked
Layer layer4.0.downsample.0.weight: 4/512 channels masked
Layer layer4.1.conv1.weight: 10/512 channels masked
------------------------- time cost ------------------------- 26.52730917930603
[PFedBA] Round 625: optimizing class-conditional trigger bank...
[PFedBA] trigger_opt total=8.2562 grad=0.8144 loss_align=7.0983 attack=0.3436 norm=28.4590

-------------Round number: 624-------------

Evaluate personalized models
Averaged Train Loss: 0.0021
Averaged Test Accurancy: 0.7742
Averaged Test AUC: 0.9641
Std Test Accurancy: 0.0715
Std Test AUC: 0.0178
ASR: 0.06528074380732792
attack_auc: 0.5969194827160623
Layer layer2.0.downsample.0.weight: 1/128 channels masked
Layer layer3.0.conv2.weight: 1/256 channels masked
Layer layer3.0.downsample.0.weight: 1/256 channels masked
Layer layer3.1.conv1.weight: 1/256 channels masked
Layer layer4.0.conv1.weight: 1/512 channels masked
Layer layer4.0.conv2.weight: 4/512 channels masked
Layer layer4.0.downsample.0.weight: 4/512 channels masked
Layer layer4.1.conv1.weight: 10/512 channels masked
------------------------- time cost ------------------------- 26.06806445121765
[PFedBA] Round 626: optimizing class-conditional trigger bank...
[PFedBA] trigger_opt total=8.5287 grad=0.7861 loss_align=7.3707 attack=0.3719 norm=28.4581

-------------Round number: 625-------------

Evaluate personalized models
Averaged Train Loss: 0.0027
Averaged Test Accurancy: 0.7770
Averaged Test AUC: 0.9638
Std Test Accurancy: 0.0756
Std Test AUC: 0.0183
ASR: 0.06856380894640773
attack_auc: 0.6041100827333499
Layer layer2.0.downsample.0.weight: 1/128 channels masked
Layer layer3.0.conv2.weight: 1/256 channels masked
Layer layer3.0.downsample.0.weight: 1/256 channels masked
Layer layer3.1.conv1.weight: 1/256 channels masked
Layer layer4.0.conv1.weight: 1/512 channels masked
Layer layer4.0.conv2.weight: 4/512 channels masked
Layer layer4.0.downsample.0.weight: 4/512 channels masked
Layer layer4.1.conv1.weight: 10/512 channels masked
------------------------- time cost ------------------------- 26.321060180664062
[PFedBA] Round 627: optimizing class-conditional trigger bank...
[PFedBA] trigger_opt total=8.2718 grad=0.7795 loss_align=7.1434 attack=0.3489 norm=28.4580

-------------Round number: 626-------------

Evaluate personalized models
Averaged Train Loss: 0.0023
Averaged Test Accurancy: 0.7772
Averaged Test AUC: 0.9643
Std Test Accurancy: 0.0736
Std Test AUC: 0.0182
ASR: 0.06376014122458253
attack_auc: 0.5976261226015824
Layer layer2.0.downsample.0.weight: 1/128 channels masked
Layer layer3.0.conv2.weight: 1/256 channels masked
Layer layer3.0.downsample.0.weight: 1/256 channels masked
Layer layer3.1.conv1.weight: 1/256 channels masked
Layer layer4.0.conv1.weight: 1/512 channels masked
Layer layer4.0.conv2.weight: 4/512 channels masked
Layer layer4.0.downsample.0.weight: 4/512 channels masked
Layer layer4.1.conv1.weight: 10/512 channels masked
------------------------- time cost ------------------------- 25.936042070388794
[PFedBA] Round 628: optimizing class-conditional trigger bank...
[PFedBA] trigger_opt total=8.6319 grad=0.8153 loss_align=7.4405 attack=0.3760 norm=28.4573

-------------Round number: 627-------------

Evaluate personalized models
Averaged Train Loss: 0.0022
Averaged Test Accurancy: 0.7777
Averaged Test AUC: 0.9644
Std Test Accurancy: 0.0747
Std Test AUC: 0.0179
ASR: 0.06631671598902895
attack_auc: 0.6006250799824198
Layer layer2.0.downsample.0.weight: 1/128 channels masked
Layer layer3.0.conv2.weight: 1/256 channels masked
Layer layer3.0.downsample.0.weight: 1/256 channels masked
Layer layer3.1.conv1.weight: 1/256 channels masked
Layer layer4.0.conv1.weight: 1/512 channels masked
Layer layer4.0.conv2.weight: 4/512 channels masked
Layer layer4.0.downsample.0.weight: 4/512 channels masked
Layer layer4.1.conv1.weight: 10/512 channels masked
------------------------- time cost ------------------------- 25.687357664108276
[PFedBA] Round 629: optimizing class-conditional trigger bank...
[PFedBA] trigger_opt total=8.1660 grad=0.7891 loss_align=7.0871 attack=0.2899 norm=28.4585

-------------Round number: 628-------------

Evaluate personalized models
Averaged Train Loss: 0.0024
Averaged Test Accurancy: 0.7760
Averaged Test AUC: 0.9639
Std Test Accurancy: 0.0710
Std Test AUC: 0.0179
ASR: 0.06282612685277722
attack_auc: 0.5962428885866107
Layer layer2.0.downsample.0.weight: 1/128 channels masked
Layer layer3.0.conv2.weight: 1/256 channels masked
Layer layer3.0.downsample.0.weight: 1/256 channels masked
Layer layer3.1.conv1.weight: 1/256 channels masked
Layer layer4.0.conv1.weight: 1/512 channels masked
Layer layer4.0.conv2.weight: 4/512 channels masked
Layer layer4.0.downsample.0.weight: 4/512 channels masked
Layer layer4.1.conv1.weight: 10/512 channels masked
------------------------- time cost ------------------------- 25.783699989318848
[PFedBA] Round 630: optimizing class-conditional trigger bank...
[PFedBA] trigger_opt total=8.3955 grad=0.7164 loss_align=7.2687 attack=0.4104 norm=28.4577

-------------Round number: 629-------------

Evaluate personalized models
Averaged Train Loss: 0.0024
Averaged Test Accurancy: 0.7802
Averaged Test AUC: 0.9642
Std Test Accurancy: 0.0696
Std Test AUC: 0.0178
ASR: 0.06702226780315121
attack_auc: 0.6005507234707788
Layer layer2.0.downsample.0.weight: 1/128 channels masked
Layer layer3.0.conv2.weight: 1/256 channels masked
Layer layer3.0.downsample.0.weight: 1/256 channels masked
Layer layer3.1.conv1.weight: 1/256 channels masked
Layer layer4.0.conv1.weight: 1/512 channels masked
Layer layer4.0.conv2.weight: 4/512 channels masked
Layer layer4.0.downsample.0.weight: 4/512 channels masked
Layer layer4.1.conv1.weight: 10/512 channels masked
------------------------- time cost ------------------------- 25.711148500442505
[PFedBA] Round 631: optimizing class-conditional trigger bank...
[PFedBA] trigger_opt total=8.5797 grad=0.8372 loss_align=7.4974 attack=0.2451 norm=28.4581

-------------Round number: 630-------------

Evaluate personalized models
Averaged Train Loss: 0.0020
Averaged Test Accurancy: 0.7750
Averaged Test AUC: 0.9641
Std Test Accurancy: 0.0709
Std Test AUC: 0.0180
ASR: 0.06110769371801779
attack_auc: 0.5971801199468082
Layer layer2.0.downsample.0.weight: 1/128 channels masked
Layer layer3.0.conv2.weight: 1/256 channels masked
Layer layer3.0.downsample.0.weight: 1/256 channels masked
Layer layer3.1.conv1.weight: 1/256 channels masked
Layer layer4.0.conv1.weight: 1/512 channels masked
Layer layer4.0.conv2.weight: 4/512 channels masked
Layer layer4.0.downsample.0.weight: 4/512 channels masked
Layer layer4.1.conv1.weight: 10/512 channels masked
------------------------- time cost ------------------------- 25.697466373443604
[PFedBA] Round 632: optimizing class-conditional trigger bank...
[PFedBA] trigger_opt total=8.0921 grad=0.7277 loss_align=6.9633 attack=0.4010 norm=28.4575

-------------Round number: 631-------------

Evaluate personalized models
Averaged Train Loss: 0.0020
Averaged Test Accurancy: 0.7754
Averaged Test AUC: 0.9643
Std Test Accurancy: 0.0714
Std Test AUC: 0.0178
ASR: 0.0645109768839614
attack_auc: 0.596214285129756
Layer layer2.0.downsample.0.weight: 1/128 channels masked
Layer layer3.0.conv2.weight: 1/256 channels masked
Layer layer3.0.downsample.0.weight: 1/256 channels masked
Layer layer3.1.conv1.weight: 1/256 channels masked
Layer layer4.0.conv1.weight: 1/512 channels masked
Layer layer4.0.conv2.weight: 4/512 channels masked
Layer layer4.0.downsample.0.weight: 4/512 channels masked
Layer layer4.1.conv1.weight: 10/512 channels masked
------------------------- time cost ------------------------- 26.059879541397095
[PFedBA] Round 633: optimizing class-conditional trigger bank...
[PFedBA] trigger_opt total=8.3011 grad=0.7654 loss_align=7.2137 attack=0.3221 norm=28.4577

-------------Round number: 632-------------

Evaluate personalized models
Averaged Train Loss: 0.0021
Averaged Test Accurancy: 0.7731
Averaged Test AUC: 0.9642
Std Test Accurancy: 0.0710
Std Test AUC: 0.0181
ASR: 0.06381905103889748
attack_auc: 0.5980891407227971
Layer layer2.0.downsample.0.weight: 1/128 channels masked
Layer layer3.0.conv2.weight: 1/256 channels masked
Layer layer3.0.downsample.0.weight: 1/256 channels masked
Layer layer3.1.conv1.weight: 1/256 channels masked
Layer layer4.0.conv1.weight: 1/512 channels masked
Layer layer4.0.conv2.weight: 4/512 channels masked
Layer layer4.0.downsample.0.weight: 4/512 channels masked
Layer layer4.1.conv1.weight: 10/512 channels masked
------------------------- time cost ------------------------- 25.769967794418335
[PFedBA] Round 634: optimizing class-conditional trigger bank...
[PFedBA] trigger_opt total=8.5156 grad=0.8421 loss_align=7.3625 attack=0.3110 norm=28.4569

-------------Round number: 633-------------

Evaluate personalized models
Averaged Train Loss: 0.0025
Averaged Test Accurancy: 0.7749
Averaged Test AUC: 0.9640
Std Test Accurancy: 0.0726
Std Test AUC: 0.0182
ASR: 0.06387683068151549
attack_auc: 0.5952216493733683
Layer layer2.0.downsample.0.weight: 1/128 channels masked
Layer layer3.0.conv2.weight: 1/256 channels masked
Layer layer3.0.downsample.0.weight: 1/256 channels masked
Layer layer3.1.conv1.weight: 1/256 channels masked
Layer layer4.0.conv1.weight: 1/512 channels masked
Layer layer4.0.conv2.weight: 4/512 channels masked
Layer layer4.0.downsample.0.weight: 4/512 channels masked
Layer layer4.1.conv1.weight: 10/512 channels masked
------------------------- time cost ------------------------- 25.820582628250122
[PFedBA] Round 635: optimizing class-conditional trigger bank...
[PFedBA] trigger_opt total=8.5617 grad=0.8487 loss_align=7.4772 attack=0.2357 norm=28.4546

-------------Round number: 634-------------

Evaluate personalized models
Averaged Train Loss: 0.0023
Averaged Test Accurancy: 0.7777
Averaged Test AUC: 0.9644
Std Test Accurancy: 0.0709
Std Test AUC: 0.0178
ASR: 0.06221956258365369
attack_auc: 0.5929735911623912
Layer layer2.0.downsample.0.weight: 1/128 channels masked
Layer layer3.0.conv2.weight: 1/256 channels masked
Layer layer3.0.downsample.0.weight: 1/256 channels masked
Layer layer3.1.conv1.weight: 1/256 channels masked
Layer layer4.0.conv1.weight: 1/512 channels masked
Layer layer4.0.conv2.weight: 4/512 channels masked
Layer layer4.0.downsample.0.weight: 4/512 channels masked
Layer layer4.1.conv1.weight: 10/512 channels masked
------------------------- time cost ------------------------- 25.62508726119995
[PFedBA] Round 636: optimizing class-conditional trigger bank...
[PFedBA] trigger_opt total=8.3593 grad=0.8556 loss_align=7.2122 attack=0.2915 norm=28.4532

-------------Round number: 635-------------

Evaluate personalized models
Averaged Train Loss: 0.0026
Averaged Test Accurancy: 0.7760
Averaged Test AUC: 0.9642
Std Test Accurancy: 0.0716
Std Test AUC: 0.0178
ASR: 0.06415943867221163
attack_auc: 0.5943423651005654
Layer layer2.0.downsample.0.weight: 1/128 channels masked
Layer layer3.0.conv2.weight: 1/256 channels masked
Layer layer3.0.downsample.0.weight: 1/256 channels masked
Layer layer3.1.conv1.weight: 1/256 channels masked
Layer layer4.0.conv1.weight: 1/512 channels masked
Layer layer4.0.conv2.weight: 4/512 channels masked
Layer layer4.0.downsample.0.weight: 4/512 channels masked
Layer layer4.1.conv1.weight: 10/512 channels masked
------------------------- time cost ------------------------- 25.822407007217407
[PFedBA] Round 637: optimizing class-conditional trigger bank...
[PFedBA] trigger_opt total=8.5236 grad=0.7019 loss_align=7.3981 attack=0.4236 norm=28.4522

-------------Round number: 636-------------

Evaluate personalized models
Averaged Train Loss: 0.0019
Averaged Test Accurancy: 0.7790
Averaged Test AUC: 0.9646
Std Test Accurancy: 0.0722
Std Test AUC: 0.0179
ASR: 0.05692800899922714
attack_auc: 0.5912646909916516
Layer layer2.0.downsample.0.weight: 1/128 channels masked
Layer layer3.0.conv2.weight: 1/256 channels masked
Layer layer3.0.downsample.0.weight: 1/256 channels masked
Layer layer3.1.conv1.weight: 1/256 channels masked
Layer layer4.0.conv1.weight: 1/512 channels masked
Layer layer4.0.conv2.weight: 4/512 channels masked
Layer layer4.0.downsample.0.weight: 4/512 channels masked
Layer layer4.1.conv1.weight: 10/512 channels masked
------------------------- time cost ------------------------- 25.858469009399414
[PFedBA] Round 638: optimizing class-conditional trigger bank...
[PFedBA] trigger_opt total=8.5570 grad=0.7799 loss_align=7.4433 attack=0.3339 norm=28.4525

-------------Round number: 637-------------

Evaluate personalized models
Averaged Train Loss: 0.0021
Averaged Test Accurancy: 0.7760
Averaged Test AUC: 0.9642
Std Test Accurancy: 0.0713
Std Test AUC: 0.0183
ASR: 0.06644467581620096
attack_auc: 0.5947111456396758
Layer layer2.0.downsample.0.weight: 1/128 channels masked
Layer layer3.0.conv2.weight: 1/256 channels masked
Layer layer3.0.downsample.0.weight: 1/256 channels masked
Layer layer3.1.conv1.weight: 1/256 channels masked
Layer layer4.0.conv1.weight: 1/512 channels masked
Layer layer4.0.conv2.weight: 4/512 channels masked
Layer layer4.0.downsample.0.weight: 4/512 channels masked
Layer layer4.1.conv1.weight: 10/512 channels masked
------------------------- time cost ------------------------- 25.81572413444519
[PFedBA] Round 639: optimizing class-conditional trigger bank...
[PFedBA] trigger_opt total=8.3186 grad=0.6749 loss_align=7.2900 attack=0.3537 norm=28.4529

-------------Round number: 638-------------

Evaluate personalized models
Averaged Train Loss: 0.0021
Averaged Test Accurancy: 0.7765
Averaged Test AUC: 0.9640
Std Test Accurancy: 0.0759
Std Test AUC: 0.0179
ASR: 0.06075015405597702
attack_auc: 0.5916790555236059
Layer layer2.0.downsample.0.weight: 1/128 channels masked
Layer layer3.0.conv2.weight: 1/256 channels masked
Layer layer3.0.downsample.0.weight: 1/256 channels masked
Layer layer3.1.conv1.weight: 1/256 channels masked
Layer layer4.0.conv1.weight: 1/512 channels masked
Layer layer4.0.conv2.weight: 4/512 channels masked
Layer layer4.0.downsample.0.weight: 4/512 channels masked
Layer layer4.1.conv1.weight: 10/512 channels masked
------------------------- time cost ------------------------- 25.770097732543945
[PFedBA] Round 640: optimizing class-conditional trigger bank...
[PFedBA] trigger_opt total=8.1612 grad=0.7807 loss_align=7.0101 attack=0.3704 norm=28.4522

-------------Round number: 639-------------

Evaluate personalized models
Averaged Train Loss: 0.0022
Averaged Test Accurancy: 0.7757
Averaged Test AUC: 0.9644
Std Test Accurancy: 0.0718
Std Test AUC: 0.0179
ASR: 0.06056223477897176
attack_auc: 0.596740336954259
Layer layer2.0.downsample.0.weight: 1/128 channels masked
Layer layer3.0.conv2.weight: 1/256 channels masked
Layer layer3.0.downsample.0.weight: 1/256 channels masked
Layer layer3.1.conv1.weight: 1/256 channels masked
Layer layer4.0.conv1.weight: 1/512 channels masked
Layer layer4.0.conv2.weight: 4/512 channels masked
Layer layer4.0.downsample.0.weight: 4/512 channels masked
Layer layer4.1.conv1.weight: 10/512 channels masked
------------------------- time cost ------------------------- 25.79527974128723
[PFedBA] Round 641: optimizing class-conditional trigger bank...
[PFedBA] trigger_opt total=8.5854 grad=0.8064 loss_align=7.5040 attack=0.2750 norm=28.4564

-------------Round number: 640-------------

Evaluate personalized models
Averaged Train Loss: 0.0023
Averaged Test Accurancy: 0.7763
Averaged Test AUC: 0.9641
Std Test Accurancy: 0.0714
Std Test AUC: 0.0182
ASR: 0.06491347647983778
attack_auc: 0.5960163407012757
Layer layer2.0.downsample.0.weight: 1/128 channels masked
Layer layer3.0.conv2.weight: 1/256 channels masked
Layer layer3.0.downsample.0.weight: 1/256 channels masked
Layer layer3.1.conv1.weight: 1/256 channels masked
Layer layer4.0.conv1.weight: 1/512 channels masked
Layer layer4.0.conv2.weight: 4/512 channels masked
Layer layer4.0.downsample.0.weight: 4/512 channels masked
Layer layer4.1.conv1.weight: 10/512 channels masked
------------------------- time cost ------------------------- 25.6043062210083
[PFedBA] Round 642: optimizing class-conditional trigger bank...
[PFedBA] trigger_opt total=8.2683 grad=0.7938 loss_align=7.1027 attack=0.3719 norm=28.4576

-------------Round number: 641-------------

Evaluate personalized models
Averaged Train Loss: 0.0031
Averaged Test Accurancy: 0.7770
Averaged Test AUC: 0.9641
Std Test Accurancy: 0.0713
Std Test AUC: 0.0181
ASR: 0.05874298010229306
attack_auc: 0.5904415840300484
Layer layer2.0.downsample.0.weight: 1/128 channels masked
Layer layer3.0.conv2.weight: 1/256 channels masked
Layer layer3.0.downsample.0.weight: 1/256 channels masked
Layer layer3.1.conv1.weight: 1/256 channels masked
Layer layer4.0.conv1.weight: 1/512 channels masked
Layer layer4.0.conv2.weight: 4/512 channels masked
Layer layer4.0.downsample.0.weight: 4/512 channels masked
Layer layer4.1.conv1.weight: 10/512 channels masked
------------------------- time cost ------------------------- 25.646599054336548
[PFedBA] Round 643: optimizing class-conditional trigger bank...
[PFedBA] trigger_opt total=8.4888 grad=0.8094 loss_align=7.3275 attack=0.3519 norm=28.4579

-------------Round number: 642-------------

Evaluate personalized models
Averaged Train Loss: 0.0025
Averaged Test Accurancy: 0.7786
Averaged Test AUC: 0.9640
Std Test Accurancy: 0.0699
Std Test AUC: 0.0179
ASR: 0.06591541686122157
attack_auc: 0.5978885338340622
Layer layer2.0.downsample.0.weight: 1/128 channels masked
Layer layer3.0.conv2.weight: 1/256 channels masked
Layer layer3.0.downsample.0.weight: 1/256 channels masked
Layer layer3.1.conv1.weight: 1/256 channels masked
Layer layer4.0.conv1.weight: 1/512 channels masked
Layer layer4.0.conv2.weight: 4/512 channels masked
Layer layer4.0.downsample.0.weight: 4/512 channels masked
Layer layer4.1.conv1.weight: 10/512 channels masked
------------------------- time cost ------------------------- 25.210593938827515
[PFedBA] Round 644: optimizing class-conditional trigger bank...
[PFedBA] trigger_opt total=8.2637 grad=0.8469 loss_align=7.1465 attack=0.2702 norm=28.4594

-------------Round number: 643-------------

Evaluate personalized models
Averaged Train Loss: 0.0021
Averaged Test Accurancy: 0.7754
Averaged Test AUC: 0.9641
Std Test Accurancy: 0.0705
Std Test AUC: 0.0181
ASR: 0.06796866812055688
attack_auc: 0.5985437209132443
Layer layer2.0.downsample.0.weight: 1/128 channels masked
Layer layer3.0.conv2.weight: 1/256 channels masked
Layer layer3.0.downsample.0.weight: 1/256 channels masked
Layer layer3.1.conv1.weight: 1/256 channels masked
Layer layer4.0.conv1.weight: 1/512 channels masked
Layer layer4.0.conv2.weight: 4/512 channels masked
Layer layer4.0.downsample.0.weight: 4/512 channels masked
Layer layer4.1.conv1.weight: 10/512 channels masked
------------------------- time cost ------------------------- 25.232638835906982
[PFedBA] Round 645: optimizing class-conditional trigger bank...
[PFedBA] trigger_opt total=8.3934 grad=0.7950 loss_align=7.2683 attack=0.3301 norm=28.4593

-------------Round number: 644-------------

Evaluate personalized models
Averaged Train Loss: 0.0020
Averaged Test Accurancy: 0.7755
Averaged Test AUC: 0.9638
Std Test Accurancy: 0.0727
Std Test AUC: 0.0183
ASR: 0.06688138878913383
attack_auc: 0.6028303338328882
Layer layer2.0.downsample.0.weight: 1/128 channels masked
Layer layer3.0.conv2.weight: 1/256 channels masked
Layer layer3.0.downsample.0.weight: 1/256 channels masked
Layer layer4.0.conv1.weight: 1/512 channels masked
Layer layer4.0.conv2.weight: 4/512 channels masked
Layer layer4.0.downsample.0.weight: 4/512 channels masked
Layer layer4.1.conv1.weight: 10/512 channels masked
------------------------- time cost ------------------------- 25.535208463668823
[PFedBA] Round 646: optimizing class-conditional trigger bank...
[PFedBA] trigger_opt total=8.3468 grad=0.7535 loss_align=7.1700 attack=0.4233 norm=28.4614

-------------Round number: 645-------------

Evaluate personalized models
Averaged Train Loss: 0.0024
Averaged Test Accurancy: 0.7757
Averaged Test AUC: 0.9642
Std Test Accurancy: 0.0713
Std Test AUC: 0.0182
ASR: 0.07186239549551925
attack_auc: 0.5982222213043259
Layer layer2.0.downsample.0.weight: 1/128 channels masked
Layer layer3.0.conv2.weight: 1/256 channels masked
Layer layer3.0.downsample.0.weight: 1/256 channels masked
Layer layer4.0.conv1.weight: 1/512 channels masked
Layer layer4.0.conv2.weight: 4/512 channels masked
Layer layer4.0.downsample.0.weight: 4/512 channels masked
Layer layer4.1.conv1.weight: 10/512 channels masked
------------------------- time cost ------------------------- 25.622800827026367
[PFedBA] Round 647: optimizing class-conditional trigger bank...
[PFedBA] trigger_opt total=8.4034 grad=0.8402 loss_align=7.3279 attack=0.2352 norm=28.4601

-------------Round number: 646-------------

Evaluate personalized models
Averaged Train Loss: 0.0017
Averaged Test Accurancy: 0.7769
Averaged Test AUC: 0.9645
Std Test Accurancy: 0.0721
Std Test AUC: 0.0180
ASR: 0.0681242940667712
attack_auc: 0.5983615968637768
Layer layer2.0.downsample.0.weight: 1/128 channels masked
Layer layer3.0.conv2.weight: 1/256 channels masked
Layer layer3.0.downsample.0.weight: 1/256 channels masked
Layer layer3.1.conv1.weight: 1/256 channels masked
Layer layer4.0.conv1.weight: 1/512 channels masked
Layer layer4.0.conv2.weight: 4/512 channels masked
Layer layer4.0.downsample.0.weight: 4/512 channels masked
Layer layer4.1.conv1.weight: 10/512 channels masked
------------------------- time cost ------------------------- 25.816550970077515
[PFedBA] Round 648: optimizing class-conditional trigger bank...
[PFedBA] trigger_opt total=8.4216 grad=0.7567 loss_align=7.2536 attack=0.4113 norm=28.4591

-------------Round number: 647-------------

Evaluate personalized models
Averaged Train Loss: 0.0020
Averaged Test Accurancy: 0.7751
Averaged Test AUC: 0.9642
Std Test Accurancy: 0.0679
Std Test AUC: 0.0179
ASR: 0.06325065126780785
attack_auc: 0.5998785751478081
Layer layer2.0.downsample.0.weight: 1/128 channels masked
Layer layer3.0.conv2.weight: 1/256 channels masked
Layer layer3.0.downsample.0.weight: 1/256 channels masked
Layer layer3.1.conv1.weight: 1/256 channels masked
Layer layer4.0.conv1.weight: 1/512 channels masked
Layer layer4.0.conv2.weight: 4/512 channels masked
Layer layer4.0.downsample.0.weight: 4/512 channels masked
Layer layer4.1.conv1.weight: 10/512 channels masked
------------------------- time cost ------------------------- 25.582980155944824
[PFedBA] Round 649: optimizing class-conditional trigger bank...
[PFedBA] trigger_opt total=8.4904 grad=0.7348 loss_align=7.3723 attack=0.3834 norm=28.4600

-------------Round number: 648-------------

Evaluate personalized models
Averaged Train Loss: 0.0021
Averaged Test Accurancy: 0.7761
Averaged Test AUC: 0.9641
Std Test Accurancy: 0.0723
Std Test AUC: 0.0179
ASR: 0.06086560096936205
attack_auc: 0.5948501346279056
Layer layer2.0.downsample.0.weight: 1/128 channels masked
Layer layer3.0.conv2.weight: 1/256 channels masked
Layer layer3.0.downsample.0.weight: 1/256 channels masked
Layer layer3.1.conv1.weight: 1/256 channels masked
Layer layer4.0.conv1.weight: 1/512 channels masked
Layer layer4.0.conv2.weight: 4/512 channels masked
Layer layer4.0.downsample.0.weight: 4/512 channels masked
Layer layer4.1.conv1.weight: 10/512 channels masked
------------------------- time cost ------------------------- 25.643513917922974
[PFedBA] Round 650: optimizing class-conditional trigger bank...
[PFedBA] trigger_opt total=8.1464 grad=0.8296 loss_align=7.0704 attack=0.2465 norm=28.4635

-------------Round number: 649-------------

Evaluate personalized models
Averaged Train Loss: 0.0020
Averaged Test Accurancy: 0.7775
Averaged Test AUC: 0.9645
Std Test Accurancy: 0.0698
Std Test AUC: 0.0176
ASR: 0.06083319466383663
attack_auc: 0.5957065081146613
Layer layer2.0.downsample.0.weight: 1/128 channels masked
Layer layer3.0.conv2.weight: 1/256 channels masked
Layer layer3.0.downsample.0.weight: 1/256 channels masked
Layer layer3.1.conv1.weight: 1/256 channels masked
Layer layer4.0.conv1.weight: 1/512 channels masked
Layer layer4.0.conv2.weight: 4/512 channels masked
Layer layer4.0.downsample.0.weight: 4/512 channels masked
Layer layer4.1.conv1.weight: 10/512 channels masked
------------------------- time cost ------------------------- 25.266069173812866
[PFedBA] Round 651: optimizing class-conditional trigger bank...
[PFedBA] trigger_opt total=8.6097 grad=0.7471 loss_align=7.5501 attack=0.3125 norm=28.4625

-------------Round number: 650-------------

Evaluate personalized models
Averaged Train Loss: 0.0018
Averaged Test Accurancy: 0.7787
Averaged Test AUC: 0.9644
Std Test Accurancy: 0.0703
Std Test AUC: 0.0182
ASR: 0.06474553712084902
attack_auc: 0.5990622335692778
Layer layer2.0.downsample.0.weight: 1/128 channels masked
Layer layer3.0.conv2.weight: 1/256 channels masked
Layer layer3.0.downsample.0.weight: 1/256 channels masked
Layer layer3.1.conv1.weight: 1/256 channels masked
Layer layer4.0.conv1.weight: 1/512 channels masked
Layer layer4.0.conv2.weight: 4/512 channels masked
Layer layer4.0.downsample.0.weight: 4/512 channels masked
Layer layer4.1.conv1.weight: 10/512 channels masked
------------------------- time cost ------------------------- 25.7027006149292
[PFedBA] Round 652: optimizing class-conditional trigger bank...
[PFedBA] trigger_opt total=8.2629 grad=0.7269 loss_align=7.1652 attack=0.3708 norm=28.4615

-------------Round number: 651-------------

Evaluate personalized models
Averaged Train Loss: 0.0020
Averaged Test Accurancy: 0.7741
Averaged Test AUC: 0.9642
Std Test Accurancy: 0.0709
Std Test AUC: 0.0179
ASR: 0.07340331909701381
attack_auc: 0.600530484367394
Layer layer2.0.downsample.0.weight: 1/128 channels masked
Layer layer3.0.conv2.weight: 1/256 channels masked
Layer layer3.0.downsample.0.weight: 1/256 channels masked
Layer layer3.1.conv1.weight: 1/256 channels masked
Layer layer4.0.conv1.weight: 1/512 channels masked
Layer layer4.0.conv2.weight: 4/512 channels masked
Layer layer4.0.downsample.0.weight: 4/512 channels masked
Layer layer4.1.conv1.weight: 10/512 channels masked
------------------------- time cost ------------------------- 25.585734605789185
[PFedBA] Round 653: optimizing class-conditional trigger bank...
[PFedBA] trigger_opt total=8.2985 grad=0.7044 loss_align=7.1947 attack=0.3995 norm=28.4607

-------------Round number: 652-------------

Evaluate personalized models
Averaged Train Loss: 0.0023
Averaged Test Accurancy: 0.7749
Averaged Test AUC: 0.9642
Std Test Accurancy: 0.0704
Std Test AUC: 0.0180
ASR: 0.06383714781071191
attack_auc: 0.5979722039959686
Layer layer2.0.downsample.0.weight: 1/128 channels masked
Layer layer3.0.conv2.weight: 1/256 channels masked
Layer layer3.0.downsample.0.weight: 1/256 channels masked
Layer layer3.1.conv1.weight: 1/256 channels masked
Layer layer4.0.conv1.weight: 1/512 channels masked
Layer layer4.0.conv2.weight: 4/512 channels masked
Layer layer4.0.downsample.0.weight: 4/512 channels masked
Layer layer4.1.conv1.weight: 10/512 channels masked
------------------------- time cost ------------------------- 25.65696907043457
[PFedBA] Round 654: optimizing class-conditional trigger bank...
[PFedBA] trigger_opt total=8.6250 grad=0.8524 loss_align=7.3732 attack=0.3994 norm=28.4613

-------------Round number: 653-------------

Evaluate personalized models
Averaged Train Loss: 0.0022
Averaged Test Accurancy: 0.7726
Averaged Test AUC: 0.9642
Std Test Accurancy: 0.0716
Std Test AUC: 0.0183
ASR: 0.06031409597941644
attack_auc: 0.5918392505020532
Layer layer2.0.downsample.0.weight: 1/128 channels masked
Layer layer3.0.conv2.weight: 1/256 channels masked
Layer layer3.0.downsample.0.weight: 1/256 channels masked
Layer layer3.1.conv1.weight: 1/256 channels masked
Layer layer4.0.conv1.weight: 1/512 channels masked
Layer layer4.0.conv2.weight: 4/512 channels masked
Layer layer4.0.downsample.0.weight: 4/512 channels masked
Layer layer4.1.conv1.weight: 10/512 channels masked
------------------------- time cost ------------------------- 25.900306463241577
[PFedBA] Round 655: optimizing class-conditional trigger bank...
[PFedBA] trigger_opt total=8.3177 grad=0.7098 loss_align=7.2509 attack=0.3570 norm=28.4591

-------------Round number: 654-------------

Evaluate personalized models
Averaged Train Loss: 0.0021
Averaged Test Accurancy: 0.7779
Averaged Test AUC: 0.9648
Std Test Accurancy: 0.0749
Std Test AUC: 0.0180
ASR: 0.06606405779612773
attack_auc: 0.5968602359782036
Layer layer2.0.downsample.0.weight: 1/128 channels masked
Layer layer3.0.conv2.weight: 1/256 channels masked
Layer layer3.0.downsample.0.weight: 1/256 channels masked
Layer layer3.1.conv1.weight: 1/256 channels masked
Layer layer4.0.conv1.weight: 1/512 channels masked
Layer layer4.0.conv2.weight: 4/512 channels masked
Layer layer4.0.downsample.0.weight: 4/512 channels masked
Layer layer4.1.conv1.weight: 10/512 channels masked
------------------------- time cost ------------------------- 25.842572689056396
[PFedBA] Round 656: optimizing class-conditional trigger bank...
[PFedBA] trigger_opt total=8.5310 grad=0.7966 loss_align=7.4036 attack=0.3308 norm=28.4595

-------------Round number: 655-------------

Evaluate personalized models
Averaged Train Loss: 0.0022
Averaged Test Accurancy: 0.7746
Averaged Test AUC: 0.9641
Std Test Accurancy: 0.0699
Std Test AUC: 0.0177
ASR: 0.06520901070232862
attack_auc: 0.599770936825888
Layer layer2.0.downsample.0.weight: 1/128 channels masked
Layer layer3.0.conv2.weight: 1/256 channels masked
Layer layer3.0.downsample.0.weight: 1/256 channels masked
Layer layer3.1.conv1.weight: 1/256 channels masked
Layer layer4.0.conv1.weight: 1/512 channels masked
Layer layer4.0.conv2.weight: 4/512 channels masked
Layer layer4.0.downsample.0.weight: 4/512 channels masked
Layer layer4.1.conv1.weight: 10/512 channels masked
------------------------- time cost ------------------------- 26.151179552078247
[PFedBA] Round 657: optimizing class-conditional trigger bank...
[PFedBA] trigger_opt total=8.2339 grad=0.6563 loss_align=7.2650 attack=0.3126 norm=28.4594

-------------Round number: 656-------------

Evaluate personalized models
Averaged Train Loss: 0.0024
Averaged Test Accurancy: 0.7780
Averaged Test AUC: 0.9644
Std Test Accurancy: 0.0693
Std Test AUC: 0.0178
ASR: 0.06509998715847694
attack_auc: 0.5940773391664975
Layer layer2.0.downsample.0.weight: 1/128 channels masked
Layer layer3.0.conv2.weight: 1/256 channels masked
Layer layer3.0.downsample.0.weight: 1/256 channels masked
Layer layer3.1.conv1.weight: 1/256 channels masked
Layer layer4.0.conv1.weight: 1/512 channels masked
Layer layer4.0.conv2.weight: 4/512 channels masked
Layer layer4.0.downsample.0.weight: 4/512 channels masked
Layer layer4.1.conv1.weight: 10/512 channels masked
------------------------- time cost ------------------------- 25.38945722579956
[PFedBA] Round 658: optimizing class-conditional trigger bank...
[PFedBA] trigger_opt total=8.3350 grad=0.7434 loss_align=7.2511 attack=0.3405 norm=28.4581

-------------Round number: 657-------------

Evaluate personalized models
Averaged Train Loss: 0.0022
Averaged Test Accurancy: 0.7770
Averaged Test AUC: 0.9643
Std Test Accurancy: 0.0682
Std Test AUC: 0.0178
ASR: 0.06038743317505826
attack_auc: 0.5941798314912845
Layer layer2.0.downsample.0.weight: 1/128 channels masked
Layer layer3.0.conv2.weight: 1/256 channels masked
Layer layer3.0.downsample.0.weight: 1/256 channels masked
Layer layer3.1.conv1.weight: 1/256 channels masked
Layer layer4.0.conv1.weight: 1/512 channels masked
Layer layer4.0.conv2.weight: 4/512 channels masked
Layer layer4.0.downsample.0.weight: 4/512 channels masked
Layer layer4.1.conv1.weight: 10/512 channels masked
------------------------- time cost ------------------------- 25.464380025863647
[PFedBA] Round 659: optimizing class-conditional trigger bank...
[PFedBA] trigger_opt total=8.2400 grad=0.7624 loss_align=7.1073 attack=0.3703 norm=28.4586

-------------Round number: 658-------------

Evaluate personalized models
Averaged Train Loss: 0.0020
Averaged Test Accurancy: 0.7755
Averaged Test AUC: 0.9641
Std Test Accurancy: 0.0725
Std Test AUC: 0.0178
ASR: 0.06393619722897888
attack_auc: 0.5973821492435201
Layer layer2.0.downsample.0.weight: 1/128 channels masked
Layer layer3.0.conv2.weight: 1/256 channels masked
Layer layer3.0.downsample.0.weight: 1/256 channels masked
Layer layer3.1.conv1.weight: 1/256 channels masked
Layer layer4.0.conv1.weight: 1/512 channels masked
Layer layer4.0.conv2.weight: 4/512 channels masked
Layer layer4.0.downsample.0.weight: 4/512 channels masked
Layer layer4.1.conv1.weight: 10/512 channels masked
------------------------- time cost ------------------------- 25.712871313095093
[PFedBA] Round 660: optimizing class-conditional trigger bank...
[PFedBA] trigger_opt total=8.7379 grad=0.8375 loss_align=7.5484 attack=0.3520 norm=28.4620

-------------Round number: 659-------------

Evaluate personalized models
Averaged Train Loss: 0.0019
Averaged Test Accurancy: 0.7755
Averaged Test AUC: 0.9639
Std Test Accurancy: 0.0704
Std Test AUC: 0.0182
ASR: 0.0629681857084256
attack_auc: 0.5981243223839934
Layer layer2.0.downsample.0.weight: 1/128 channels masked
Layer layer3.0.conv2.weight: 1/256 channels masked
Layer layer3.0.downsample.0.weight: 1/256 channels masked
Layer layer3.1.conv1.weight: 1/256 channels masked
Layer layer4.0.conv1.weight: 1/512 channels masked
Layer layer4.0.conv2.weight: 4/512 channels masked
Layer layer4.0.downsample.0.weight: 4/512 channels masked
Layer layer4.1.conv1.weight: 10/512 channels masked
------------------------- time cost ------------------------- 25.851325511932373
[PFedBA] Round 661: optimizing class-conditional trigger bank...
[PFedBA] trigger_opt total=8.2521 grad=0.8102 loss_align=7.1100 attack=0.3319 norm=28.4604

-------------Round number: 660-------------

Evaluate personalized models
Averaged Train Loss: 0.0023
Averaged Test Accurancy: 0.7746
Averaged Test AUC: 0.9642
Std Test Accurancy: 0.0747
Std Test AUC: 0.0180
ASR: 0.061821974171836165
attack_auc: 0.5976660821206135
Layer layer2.0.downsample.0.weight: 1/128 channels masked
Layer layer3.0.conv2.weight: 1/256 channels masked
Layer layer3.0.downsample.0.weight: 1/256 channels masked
Layer layer3.1.conv1.weight: 1/256 channels masked
Layer layer4.0.conv1.weight: 1/512 channels masked
Layer layer4.0.conv2.weight: 4/512 channels masked
Layer layer4.0.downsample.0.weight: 4/512 channels masked
Layer layer4.1.conv1.weight: 10/512 channels masked
------------------------- time cost ------------------------- 25.918381690979004
[PFedBA] Round 662: optimizing class-conditional trigger bank...
[PFedBA] trigger_opt total=8.2978 grad=0.7933 loss_align=7.2349 attack=0.2696 norm=28.4598

-------------Round number: 661-------------

Evaluate personalized models
Averaged Train Loss: 0.0026
Averaged Test Accurancy: 0.7716
Averaged Test AUC: 0.9638
Std Test Accurancy: 0.0710
Std Test AUC: 0.0179
ASR: 0.06488141643779646
attack_auc: 0.6019783494049247
Layer layer2.0.downsample.0.weight: 1/128 channels masked
Layer layer3.0.conv2.weight: 1/256 channels masked
Layer layer3.0.downsample.0.weight: 1/256 channels masked
Layer layer3.1.conv1.weight: 1/256 channels masked
Layer layer4.0.conv1.weight: 1/512 channels masked
Layer layer4.0.conv2.weight: 4/512 channels masked
Layer layer4.0.downsample.0.weight: 4/512 channels masked
Layer layer4.1.conv1.weight: 10/512 channels masked
------------------------- time cost ------------------------- 25.62979817390442
[PFedBA] Round 663: optimizing class-conditional trigger bank...
[PFedBA] trigger_opt total=8.6020 grad=0.7933 loss_align=7.4102 attack=0.3985 norm=28.4606

-------------Round number: 662-------------

Evaluate personalized models
Averaged Train Loss: 0.0021
Averaged Test Accurancy: 0.7739
Averaged Test AUC: 0.9639
Std Test Accurancy: 0.0717
Std Test AUC: 0.0178
ASR: 0.060944765101530275
attack_auc: 0.5984271085383579
Layer layer2.0.downsample.0.weight: 1/128 channels masked
Layer layer3.0.conv2.weight: 1/256 channels masked
Layer layer3.0.downsample.0.weight: 1/256 channels masked
Layer layer3.1.conv1.weight: 1/256 channels masked
Layer layer4.0.conv1.weight: 1/512 channels masked
Layer layer4.0.conv2.weight: 4/512 channels masked
Layer layer4.0.downsample.0.weight: 4/512 channels masked
Layer layer4.1.conv1.weight: 10/512 channels masked
------------------------- time cost ------------------------- 25.739973068237305
[PFedBA] Round 664: optimizing class-conditional trigger bank...
[PFedBA] trigger_opt total=8.2677 grad=0.7571 loss_align=7.2999 attack=0.2107 norm=28.4596

-------------Round number: 663-------------

Evaluate personalized models
Averaged Train Loss: 0.0022
Averaged Test Accurancy: 0.7755
Averaged Test AUC: 0.9643
Std Test Accurancy: 0.0724
Std Test AUC: 0.0181
ASR: 0.06279531353118963
attack_auc: 0.5981754485917525
Layer layer2.0.downsample.0.weight: 1/128 channels masked
Layer layer3.0.conv2.weight: 1/256 channels masked
Layer layer3.0.downsample.0.weight: 1/256 channels masked
Layer layer3.1.conv1.weight: 1/256 channels masked
Layer layer4.0.conv1.weight: 1/512 channels masked
Layer layer4.0.conv2.weight: 4/512 channels masked
Layer layer4.0.downsample.0.weight: 4/512 channels masked
Layer layer4.1.conv1.weight: 10/512 channels masked
------------------------- time cost ------------------------- 25.724146127700806
[PFedBA] Round 665: optimizing class-conditional trigger bank...
[PFedBA] trigger_opt total=8.5261 grad=0.7364 loss_align=7.3443 attack=0.4455 norm=28.4582

-------------Round number: 664-------------

Evaluate personalized models
Averaged Train Loss: 0.0021
Averaged Test Accurancy: 0.7752
Averaged Test AUC: 0.9641
Std Test Accurancy: 0.0704
Std Test AUC: 0.0181
ASR: 0.06087783636813944
attack_auc: 0.6008758729708683
Layer layer2.0.downsample.0.weight: 1/128 channels masked
Layer layer3.0.conv2.weight: 1/256 channels masked
Layer layer3.0.downsample.0.weight: 1/256 channels masked
Layer layer3.1.conv1.weight: 1/256 channels masked
Layer layer4.0.conv1.weight: 1/512 channels masked
Layer layer4.0.conv2.weight: 4/512 channels masked
Layer layer4.0.downsample.0.weight: 4/512 channels masked
Layer layer4.1.conv1.weight: 10/512 channels masked
------------------------- time cost ------------------------- 26.027971982955933
[PFedBA] Round 666: optimizing class-conditional trigger bank...
[PFedBA] trigger_opt total=8.4424 grad=0.7582 loss_align=7.3049 attack=0.3793 norm=28.4553

-------------Round number: 665-------------

Evaluate personalized models
Averaged Train Loss: 0.0021
Averaged Test Accurancy: 0.7781
Averaged Test AUC: 0.9644
Std Test Accurancy: 0.0730
Std Test AUC: 0.0182
ASR: 0.06639982139649507
attack_auc: 0.5984462739693283
Layer layer2.0.downsample.0.weight: 1/128 channels masked
Layer layer3.0.conv2.weight: 1/256 channels masked
Layer layer3.0.downsample.0.weight: 1/256 channels masked
Layer layer3.1.conv1.weight: 1/256 channels masked
Layer layer4.0.conv1.weight: 1/512 channels masked
Layer layer4.0.conv2.weight: 4/512 channels masked
Layer layer4.0.downsample.0.weight: 4/512 channels masked
Layer layer4.1.conv1.weight: 10/512 channels masked
------------------------- time cost ------------------------- 26.685292959213257
[PFedBA] Round 667: optimizing class-conditional trigger bank...
[PFedBA] trigger_opt total=8.6403 grad=0.8229 loss_align=7.3944 attack=0.4230 norm=28.4542

-------------Round number: 666-------------

Evaluate personalized models
Averaged Train Loss: 0.0021
Averaged Test Accurancy: 0.7775
Averaged Test AUC: 0.9642
Std Test Accurancy: 0.0728
Std Test AUC: 0.0179
ASR: 0.06377256180406465
attack_auc: 0.5992623286862382
Layer layer2.0.downsample.0.weight: 1/128 channels masked
Layer layer3.0.conv2.weight: 1/256 channels masked
Layer layer3.0.downsample.0.weight: 1/256 channels masked
Layer layer3.1.conv1.weight: 1/256 channels masked
Layer layer4.0.conv1.weight: 1/512 channels masked
Layer layer4.0.conv2.weight: 4/512 channels masked
Layer layer4.0.downsample.0.weight: 4/512 channels masked
Layer layer4.1.conv1.weight: 10/512 channels masked
------------------------- time cost ------------------------- 26.576624393463135
[PFedBA] Round 668: optimizing class-conditional trigger bank...
[PFedBA] trigger_opt total=8.5176 grad=0.7599 loss_align=7.4446 attack=0.3131 norm=28.4538

-------------Round number: 667-------------

Evaluate personalized models
Averaged Train Loss: 0.0020
Averaged Test Accurancy: 0.7763
Averaged Test AUC: 0.9644
Std Test Accurancy: 0.0687
Std Test AUC: 0.0179
ASR: 0.0659593508649615
attack_auc: 0.6005694014437928
Layer layer2.0.downsample.0.weight: 1/128 channels masked
Layer layer3.0.conv2.weight: 1/256 channels masked
Layer layer3.0.downsample.0.weight: 1/256 channels masked
Layer layer3.1.conv1.weight: 1/256 channels masked
Layer layer4.0.conv1.weight: 1/512 channels masked
Layer layer4.0.conv2.weight: 4/512 channels masked
Layer layer4.0.downsample.0.weight: 4/512 channels masked
Layer layer4.1.conv1.weight: 10/512 channels masked
------------------------- time cost ------------------------- 26.548093795776367
[PFedBA] Round 669: optimizing class-conditional trigger bank...
[PFedBA] trigger_opt total=8.4100 grad=0.8036 loss_align=7.2057 attack=0.4007 norm=28.4504

-------------Round number: 668-------------

Evaluate personalized models
Averaged Train Loss: 0.0027
Averaged Test Accurancy: 0.7772
Averaged Test AUC: 0.9641
Std Test Accurancy: 0.0708
Std Test AUC: 0.0181
ASR: 0.0620517032961161
attack_auc: 0.5940179188195382
Layer layer2.0.downsample.0.weight: 1/128 channels masked
Layer layer3.0.conv2.weight: 1/256 channels masked
Layer layer3.0.downsample.0.weight: 1/256 channels masked
Layer layer3.1.conv1.weight: 1/256 channels masked
Layer layer4.0.conv1.weight: 1/512 channels masked
Layer layer4.0.conv2.weight: 4/512 channels masked
Layer layer4.0.downsample.0.weight: 4/512 channels masked
Layer layer4.1.conv1.weight: 10/512 channels masked
------------------------- time cost ------------------------- 26.700035333633423
[PFedBA] Round 670: optimizing class-conditional trigger bank...
[PFedBA] trigger_opt total=8.4755 grad=0.8828 loss_align=7.2633 attack=0.3293 norm=28.4497

-------------Round number: 669-------------

Evaluate personalized models
Averaged Train Loss: 0.0025
Averaged Test Accurancy: 0.7769
Averaged Test AUC: 0.9650
Std Test Accurancy: 0.0709
Std Test AUC: 0.0180
ASR: 0.05695435159321155
attack_auc: 0.5984902509654051
Layer layer2.0.downsample.0.weight: 1/128 channels masked
Layer layer3.0.conv2.weight: 1/256 channels masked
Layer layer3.0.downsample.0.weight: 1/256 channels masked
Layer layer3.1.conv1.weight: 1/256 channels masked
Layer layer4.0.conv1.weight: 1/512 channels masked
Layer layer4.0.conv2.weight: 4/512 channels masked
Layer layer4.0.downsample.0.weight: 4/512 channels masked
Layer layer4.1.conv1.weight: 10/512 channels masked
------------------------- time cost ------------------------- 26.757354736328125
[PFedBA] Round 671: optimizing class-conditional trigger bank...
[PFedBA] trigger_opt total=8.3004 grad=0.7858 loss_align=7.1609 attack=0.3537 norm=28.4495

-------------Round number: 670-------------

Evaluate personalized models
Averaged Train Loss: 0.0020
Averaged Test Accurancy: 0.7782
Averaged Test AUC: 0.9642
Std Test Accurancy: 0.0704
Std Test AUC: 0.0183
ASR: 0.06153527528555488
attack_auc: 0.5991516022896602
Layer layer2.0.downsample.0.weight: 1/128 channels masked
Layer layer3.0.conv2.weight: 1/256 channels masked
Layer layer3.0.downsample.0.weight: 1/256 channels masked
Layer layer3.1.conv1.weight: 1/256 channels masked
Layer layer4.0.conv1.weight: 1/512 channels masked
Layer layer4.0.conv2.weight: 4/512 channels masked
Layer layer4.0.downsample.0.weight: 4/512 channels masked
Layer layer4.1.conv1.weight: 10/512 channels masked
------------------------- time cost ------------------------- 26.67927074432373
[PFedBA] Round 672: optimizing class-conditional trigger bank...
[PFedBA] trigger_opt total=8.6744 grad=0.8190 loss_align=7.6027 attack=0.2527 norm=28.4493

-------------Round number: 671-------------

Evaluate personalized models
Averaged Train Loss: 0.0019
Averaged Test Accurancy: 0.7756
Averaged Test AUC: 0.9642
Std Test Accurancy: 0.0687
Std Test AUC: 0.0177
ASR: 0.06525097582010497
attack_auc: 0.5908827552049721
Layer layer2.0.downsample.0.weight: 1/128 channels masked
Layer layer3.0.conv2.weight: 1/256 channels masked
Layer layer3.0.downsample.0.weight: 1/256 channels masked
Layer layer3.1.conv1.weight: 1/256 channels masked
Layer layer4.0.conv1.weight: 1/512 channels masked
Layer layer4.0.conv2.weight: 4/512 channels masked
Layer layer4.0.downsample.0.weight: 4/512 channels masked
Layer layer4.1.conv1.weight: 10/512 channels masked
------------------------- time cost ------------------------- 26.45561933517456
[PFedBA] Round 673: optimizing class-conditional trigger bank...
[PFedBA] trigger_opt total=8.2210 grad=0.7554 loss_align=7.0482 attack=0.4174 norm=28.4510

-------------Round number: 672-------------

Evaluate personalized models
Averaged Train Loss: 0.0022
Averaged Test Accurancy: 0.7748
Averaged Test AUC: 0.9642
Std Test Accurancy: 0.0719
Std Test AUC: 0.0181
ASR: 0.06924530065389577
attack_auc: 0.5941703999180263
Layer layer2.0.downsample.0.weight: 1/128 channels masked
Layer layer3.0.conv2.weight: 1/256 channels masked
Layer layer3.0.downsample.0.weight: 1/256 channels masked
Layer layer3.1.conv1.weight: 1/256 channels masked
Layer layer4.0.conv1.weight: 1/512 channels masked
Layer layer4.0.conv2.weight: 4/512 channels masked
Layer layer4.0.downsample.0.weight: 4/512 channels masked
Layer layer4.1.conv1.weight: 10/512 channels masked
------------------------- time cost ------------------------- 26.38698935508728
[PFedBA] Round 674: optimizing class-conditional trigger bank...
[PFedBA] trigger_opt total=8.5169 grad=0.7752 loss_align=7.4918 attack=0.2499 norm=28.4522

-------------Round number: 673-------------

Evaluate personalized models
Averaged Train Loss: 0.0018
Averaged Test Accurancy: 0.7779
Averaged Test AUC: 0.9643
Std Test Accurancy: 0.0705
Std Test AUC: 0.0180
ASR: 0.06942062024577297
attack_auc: 0.5936687918378549
Layer layer2.0.downsample.0.weight: 1/128 channels masked
Layer layer3.0.conv2.weight: 1/256 channels masked
Layer layer3.0.downsample.0.weight: 1/256 channels masked
Layer layer3.1.conv1.weight: 1/256 channels masked
Layer layer4.0.conv1.weight: 1/512 channels masked
Layer layer4.0.conv2.weight: 4/512 channels masked
Layer layer4.0.downsample.0.weight: 4/512 channels masked
Layer layer4.1.conv1.weight: 10/512 channels masked
------------------------- time cost ------------------------- 26.652236223220825
[PFedBA] Round 675: optimizing class-conditional trigger bank...
[PFedBA] trigger_opt total=8.4924 grad=0.7064 loss_align=7.4012 attack=0.3848 norm=28.4511

-------------Round number: 674-------------

Evaluate personalized models
Averaged Train Loss: 0.0021
Averaged Test Accurancy: 0.7765
Averaged Test AUC: 0.9641
Std Test Accurancy: 0.0685
Std Test AUC: 0.0180
ASR: 0.06366317425493521
attack_auc: 0.5965132945363898
Layer layer2.0.downsample.0.weight: 1/128 channels masked
Layer layer3.0.conv2.weight: 1/256 channels masked
Layer layer3.0.downsample.0.weight: 1/256 channels masked
Layer layer3.1.conv1.weight: 1/256 channels masked
Layer layer4.0.conv1.weight: 1/512 channels masked
Layer layer4.0.conv2.weight: 4/512 channels masked
Layer layer4.0.downsample.0.weight: 4/512 channels masked
Layer layer4.1.conv1.weight: 10/512 channels masked
------------------------- time cost ------------------------- 26.70145344734192
[PFedBA] Round 676: optimizing class-conditional trigger bank...
[PFedBA] trigger_opt total=7.9225 grad=0.6941 loss_align=6.8608 attack=0.3676 norm=28.4517

-------------Round number: 675-------------

Evaluate personalized models
Averaged Train Loss: 0.0019
Averaged Test Accurancy: 0.7787
Averaged Test AUC: 0.9649
Std Test Accurancy: 0.0711
Std Test AUC: 0.0177
ASR: 0.06534208991138672
attack_auc: 0.5947852483350331
Layer layer2.0.downsample.0.weight: 1/128 channels masked
Layer layer3.0.conv2.weight: 1/256 channels masked
Layer layer3.0.downsample.0.weight: 1/256 channels masked
Layer layer3.1.conv1.weight: 1/256 channels masked
Layer layer4.0.conv1.weight: 1/512 channels masked
Layer layer4.0.conv2.weight: 4/512 channels masked
Layer layer4.0.downsample.0.weight: 4/512 channels masked
Layer layer4.1.conv1.weight: 10/512 channels masked
------------------------- time cost ------------------------- 26.530109405517578
[PFedBA] Round 677: optimizing class-conditional trigger bank...
[PFedBA] trigger_opt total=8.5379 grad=0.7396 loss_align=7.3299 attack=0.4683 norm=28.4541

-------------Round number: 676-------------

Evaluate personalized models
Averaged Train Loss: 0.0019
Averaged Test Accurancy: 0.7770
Averaged Test AUC: 0.9640
Std Test Accurancy: 0.0719
Std Test AUC: 0.0182
ASR: 0.06470544090156212
attack_auc: 0.5956834808477326
Layer layer2.0.downsample.0.weight: 1/128 channels masked
Layer layer3.0.conv2.weight: 1/256 channels masked
Layer layer3.0.downsample.0.weight: 1/256 channels masked
Layer layer3.1.conv1.weight: 1/256 channels masked
Layer layer4.0.conv1.weight: 1/512 channels masked
Layer layer4.0.conv2.weight: 4/512 channels masked
Layer layer4.0.downsample.0.weight: 4/512 channels masked
Layer layer4.1.conv1.weight: 10/512 channels masked
------------------------- time cost ------------------------- 26.754611253738403
[PFedBA] Round 678: optimizing class-conditional trigger bank...
[PFedBA] trigger_opt total=8.4514 grad=0.8794 loss_align=7.2342 attack=0.3379 norm=28.4534

-------------Round number: 677-------------

Evaluate personalized models
Averaged Train Loss: 0.0018
Averaged Test Accurancy: 0.7778
Averaged Test AUC: 0.9647
Std Test Accurancy: 0.0701
Std Test AUC: 0.0177
ASR: 0.06005848500327659
attack_auc: 0.5994071779147341
Layer layer2.0.downsample.0.weight: 1/128 channels masked
Layer layer3.0.conv2.weight: 1/256 channels masked
Layer layer3.0.downsample.0.weight: 1/256 channels masked
Layer layer3.1.conv1.weight: 1/256 channels masked
Layer layer4.0.conv1.weight: 1/512 channels masked
Layer layer4.0.conv2.weight: 4/512 channels masked
Layer layer4.0.downsample.0.weight: 4/512 channels masked
Layer layer4.1.conv1.weight: 10/512 channels masked
------------------------- time cost ------------------------- 26.497759103775024
[PFedBA] Round 679: optimizing class-conditional trigger bank...
[PFedBA] trigger_opt total=8.1619 grad=0.7044 loss_align=7.1769 attack=0.2805 norm=28.4542

-------------Round number: 678-------------

Evaluate personalized models
Averaged Train Loss: 0.0021
Averaged Test Accurancy: 0.7782
Averaged Test AUC: 0.9644
Std Test Accurancy: 0.0698
Std Test AUC: 0.0181
ASR: 0.06267207131011007
attack_auc: 0.5969746620522347
Layer layer2.0.downsample.0.weight: 1/128 channels masked
Layer layer3.0.conv2.weight: 1/256 channels masked
Layer layer3.0.downsample.0.weight: 1/256 channels masked
Layer layer3.1.conv1.weight: 1/256 channels masked
Layer layer4.0.conv1.weight: 1/512 channels masked
Layer layer4.0.conv2.weight: 4/512 channels masked
Layer layer4.0.downsample.0.weight: 4/512 channels masked
Layer layer4.1.conv1.weight: 10/512 channels masked
------------------------- time cost ------------------------- 26.6980197429657
[PFedBA] Round 680: optimizing class-conditional trigger bank...
[PFedBA] trigger_opt total=8.2059 grad=0.6417 loss_align=7.1249 attack=0.4392 norm=28.4536

-------------Round number: 679-------------

Evaluate personalized models
Averaged Train Loss: 0.0020
Averaged Test Accurancy: 0.7776
Averaged Test AUC: 0.9646
Std Test Accurancy: 0.0708
Std Test AUC: 0.0178
ASR: 0.06671794034014765
attack_auc: 0.5948523525533862
Layer layer2.0.downsample.0.weight: 1/128 channels masked
Layer layer3.0.conv2.weight: 1/256 channels masked
Layer layer3.0.downsample.0.weight: 1/256 channels masked
Layer layer3.1.conv1.weight: 1/256 channels masked
Layer layer4.0.conv1.weight: 1/512 channels masked
Layer layer4.0.conv2.weight: 4/512 channels masked
Layer layer4.0.downsample.0.weight: 4/512 channels masked
Layer layer4.1.conv1.weight: 10/512 channels masked
------------------------- time cost ------------------------- 26.703487634658813
[PFedBA] Round 681: optimizing class-conditional trigger bank...
[PFedBA] trigger_opt total=8.4640 grad=0.7944 loss_align=7.5040 attack=0.1656 norm=28.4523

-------------Round number: 680-------------

Evaluate personalized models
Averaged Train Loss: 0.0018
Averaged Test Accurancy: 0.7773
Averaged Test AUC: 0.9642
Std Test Accurancy: 0.0698
Std Test AUC: 0.0181
ASR: 0.06390703805688008
attack_auc: 0.5944622570184999
Layer layer2.0.downsample.0.weight: 1/128 channels masked
Layer layer3.0.conv2.weight: 1/256 channels masked
Layer layer3.0.downsample.0.weight: 1/256 channels masked
Layer layer3.1.conv1.weight: 1/256 channels masked
Layer layer4.0.conv1.weight: 1/512 channels masked
Layer layer4.0.conv2.weight: 4/512 channels masked
Layer layer4.0.downsample.0.weight: 4/512 channels masked
Layer layer4.1.conv1.weight: 10/512 channels masked
------------------------- time cost ------------------------- 26.677164554595947
[PFedBA] Round 682: optimizing class-conditional trigger bank...
[PFedBA] trigger_opt total=8.6735 grad=0.8033 loss_align=7.4963 attack=0.3739 norm=28.4508

-------------Round number: 681-------------

Evaluate personalized models
Averaged Train Loss: 0.0018
Averaged Test Accurancy: 0.7746
Averaged Test AUC: 0.9645
Std Test Accurancy: 0.0720
Std Test AUC: 0.0181
ASR: 0.06960195868134954
attack_auc: 0.5945571015011273
Layer layer2.0.downsample.0.weight: 1/128 channels masked
Layer layer3.0.conv2.weight: 1/256 channels masked
Layer layer3.0.downsample.0.weight: 1/256 channels masked
Layer layer3.1.conv1.weight: 1/256 channels masked
Layer layer4.0.conv1.weight: 1/512 channels masked
Layer layer4.0.conv2.weight: 4/512 channels masked
Layer layer4.0.downsample.0.weight: 4/512 channels masked
Layer layer4.1.conv1.weight: 10/512 channels masked
------------------------- time cost ------------------------- 26.66290545463562
[PFedBA] Round 683: optimizing class-conditional trigger bank...
[PFedBA] trigger_opt total=8.4358 grad=0.7923 loss_align=7.2207 attack=0.4227 norm=28.4515

-------------Round number: 682-------------

Evaluate personalized models
Averaged Train Loss: 0.0029
Averaged Test Accurancy: 0.7766
Averaged Test AUC: 0.9642
Std Test Accurancy: 0.0707
Std Test AUC: 0.0177
ASR: 0.06392445984296366
attack_auc: 0.5970403090033923
Layer layer2.0.downsample.0.weight: 1/128 channels masked
Layer layer3.0.conv2.weight: 1/256 channels masked
Layer layer3.0.downsample.0.weight: 1/256 channels masked
Layer layer3.1.conv1.weight: 1/256 channels masked
Layer layer4.0.conv1.weight: 1/512 channels masked
Layer layer4.0.conv2.weight: 4/512 channels masked
Layer layer4.0.downsample.0.weight: 4/512 channels masked
Layer layer4.1.conv1.weight: 10/512 channels masked
------------------------- time cost ------------------------- 26.769593954086304
[PFedBA] Round 684: optimizing class-conditional trigger bank...
[PFedBA] trigger_opt total=8.2557 grad=0.7535 loss_align=7.2082 attack=0.2940 norm=28.4501

-------------Round number: 683-------------

Evaluate personalized models
Averaged Train Loss: 0.0025
Averaged Test Accurancy: 0.7781
Averaged Test AUC: 0.9645
Std Test Accurancy: 0.0718
Std Test AUC: 0.0180
ASR: 0.06454242485805885
attack_auc: 0.5933212872266128
Layer layer2.0.downsample.0.weight: 1/128 channels masked
Layer layer3.0.conv2.weight: 1/256 channels masked
Layer layer3.0.downsample.0.weight: 1/256 channels masked
Layer layer3.1.conv1.weight: 1/256 channels masked
Layer layer4.0.conv1.weight: 1/512 channels masked
Layer layer4.0.conv2.weight: 4/512 channels masked
Layer layer4.0.downsample.0.weight: 4/512 channels masked
Layer layer4.1.conv1.weight: 10/512 channels masked
------------------------- time cost ------------------------- 26.50401782989502
[PFedBA] Round 685: optimizing class-conditional trigger bank...
[PFedBA] trigger_opt total=8.5059 grad=0.7661 loss_align=7.3669 attack=0.3729 norm=28.4507

-------------Round number: 684-------------

Evaluate personalized models
Averaged Train Loss: 0.0017
Averaged Test Accurancy: 0.7766
Averaged Test AUC: 0.9646
Std Test Accurancy: 0.0703
Std Test AUC: 0.0180
ASR: 0.0651805323949463
attack_auc: 0.5933371936707709
Layer layer2.0.downsample.0.weight: 1/128 channels masked
Layer layer3.0.conv2.weight: 1/256 channels masked
Layer layer3.0.downsample.0.weight: 1/256 channels masked
Layer layer3.1.conv1.weight: 1/256 channels masked
Layer layer4.0.conv1.weight: 1/512 channels masked
Layer layer4.0.conv2.weight: 4/512 channels masked
Layer layer4.0.downsample.0.weight: 4/512 channels masked
Layer layer4.1.conv1.weight: 10/512 channels masked
------------------------- time cost ------------------------- 26.549833297729492
[PFedBA] Round 686: optimizing class-conditional trigger bank...
[PFedBA] trigger_opt total=8.6481 grad=0.8569 loss_align=7.4367 attack=0.3545 norm=28.4514

-------------Round number: 685-------------

Evaluate personalized models
Averaged Train Loss: 0.0020
Averaged Test Accurancy: 0.7774
Averaged Test AUC: 0.9643
Std Test Accurancy: 0.0706
Std Test AUC: 0.0181
ASR: 0.06512783142860111
attack_auc: 0.5931688911874591
Layer layer2.0.downsample.0.weight: 1/128 channels masked
Layer layer3.0.conv2.weight: 1/256 channels masked
Layer layer3.0.downsample.0.weight: 1/256 channels masked
Layer layer3.1.conv1.weight: 1/256 channels masked
Layer layer4.0.conv1.weight: 1/512 channels masked
Layer layer4.0.conv2.weight: 4/512 channels masked
Layer layer4.0.downsample.0.weight: 4/512 channels masked
Layer layer4.1.conv1.weight: 10/512 channels masked
------------------------- time cost ------------------------- 26.570899724960327
[PFedBA] Round 687: optimizing class-conditional trigger bank...
[PFedBA] trigger_opt total=8.5865 grad=0.7814 loss_align=7.4791 attack=0.3261 norm=28.4516

-------------Round number: 686-------------

Evaluate personalized models
Averaged Train Loss: 0.0017
Averaged Test Accurancy: 0.7805
Averaged Test AUC: 0.9645
Std Test Accurancy: 0.0697
Std Test AUC: 0.0179
ASR: 0.06711869826355527
attack_auc: 0.597745574280425
Layer layer2.0.downsample.0.weight: 1/128 channels masked
Layer layer3.0.conv2.weight: 1/256 channels masked
Layer layer3.0.downsample.0.weight: 1/256 channels masked
Layer layer3.1.conv1.weight: 1/256 channels masked
Layer layer4.0.conv1.weight: 1/512 channels masked
Layer layer4.0.conv2.weight: 4/512 channels masked
Layer layer4.0.downsample.0.weight: 4/512 channels masked
Layer layer4.1.conv1.weight: 10/512 channels masked
------------------------- time cost ------------------------- 26.72260618209839
[PFedBA] Round 688: optimizing class-conditional trigger bank...
[PFedBA] trigger_opt total=8.5460 grad=0.7208 loss_align=7.3713 attack=0.4538 norm=28.4518

-------------Round number: 687-------------

Evaluate personalized models
Averaged Train Loss: 0.0018
Averaged Test Accurancy: 0.7772
Averaged Test AUC: 0.9643
Std Test Accurancy: 0.0697
Std Test AUC: 0.0178
ASR: 0.06165528453152219
attack_auc: 0.5959769665256361
Layer layer2.0.downsample.0.weight: 1/128 channels masked
Layer layer3.0.conv2.weight: 1/256 channels masked
Layer layer3.0.downsample.0.weight: 1/256 channels masked
Layer layer3.1.conv1.weight: 1/256 channels masked
Layer layer4.0.conv1.weight: 1/512 channels masked
Layer layer4.0.conv2.weight: 4/512 channels masked
Layer layer4.0.downsample.0.weight: 4/512 channels masked
Layer layer4.1.conv1.weight: 10/512 channels masked
------------------------- time cost ------------------------- 26.74008083343506
[PFedBA] Round 689: optimizing class-conditional trigger bank...
[PFedBA] trigger_opt total=8.3647 grad=0.7627 loss_align=7.2031 attack=0.3988 norm=28.4544

-------------Round number: 688-------------

Evaluate personalized models
Averaged Train Loss: 0.0016
Averaged Test Accurancy: 0.7780
Averaged Test AUC: 0.9646
Std Test Accurancy: 0.0700
Std Test AUC: 0.0175
ASR: 0.0643651883724489
attack_auc: 0.5965612819021454
Layer layer2.0.downsample.0.weight: 1/128 channels masked
Layer layer3.0.conv2.weight: 1/256 channels masked
Layer layer3.0.downsample.0.weight: 1/256 channels masked
Layer layer3.1.conv1.weight: 1/256 channels masked
Layer layer4.0.conv1.weight: 1/512 channels masked
Layer layer4.0.conv2.weight: 4/512 channels masked
Layer layer4.0.downsample.0.weight: 4/512 channels masked
Layer layer4.1.conv1.weight: 10/512 channels masked
------------------------- time cost ------------------------- 26.504307746887207
[PFedBA] Round 690: optimizing class-conditional trigger bank...
[PFedBA] trigger_opt total=8.4352 grad=0.7264 loss_align=7.2870 attack=0.4218 norm=28.4541

-------------Round number: 689-------------

Evaluate personalized models
Averaged Train Loss: 0.0018
Averaged Test Accurancy: 0.7780
Averaged Test AUC: 0.9647
Std Test Accurancy: 0.0721
Std Test AUC: 0.0178
ASR: 0.06475155115648232
attack_auc: 0.6008575229475129
Layer layer2.0.downsample.0.weight: 1/128 channels masked
Layer layer3.0.conv2.weight: 1/256 channels masked
Layer layer3.0.downsample.0.weight: 1/256 channels masked
Layer layer3.1.conv1.weight: 1/256 channels masked
Layer layer4.0.conv1.weight: 1/512 channels masked
Layer layer4.0.conv2.weight: 4/512 channels masked
Layer layer4.0.downsample.0.weight: 4/512 channels masked
Layer layer4.1.conv1.weight: 10/512 channels masked
------------------------- time cost ------------------------- 26.749271392822266
[PFedBA] Round 691: optimizing class-conditional trigger bank...
[PFedBA] trigger_opt total=8.0283 grad=0.6430 loss_align=6.9649 attack=0.4204 norm=28.4535

-------------Round number: 690-------------

Evaluate personalized models
Averaged Train Loss: 0.0020
Averaged Test Accurancy: 0.7791
Averaged Test AUC: 0.9649
Std Test Accurancy: 0.0721
Std Test AUC: 0.0177
ASR: 0.05814368572208143
attack_auc: 0.5964975713014345
Layer layer2.0.downsample.0.weight: 1/128 channels masked
Layer layer3.0.conv2.weight: 1/256 channels masked
Layer layer3.0.downsample.0.weight: 1/256 channels masked
Layer layer3.1.conv1.weight: 1/256 channels masked
Layer layer4.0.conv1.weight: 1/512 channels masked
Layer layer4.0.conv2.weight: 4/512 channels masked
Layer layer4.0.downsample.0.weight: 4/512 channels masked
Layer layer4.1.conv1.weight: 10/512 channels masked
------------------------- time cost ------------------------- 26.39363169670105
[PFedBA] Round 692: optimizing class-conditional trigger bank...
[PFedBA] trigger_opt total=8.6222 grad=0.7064 loss_align=7.6036 attack=0.3122 norm=28.4544

-------------Round number: 691-------------

Evaluate personalized models
Averaged Train Loss: 0.0019
Averaged Test Accurancy: 0.7790
Averaged Test AUC: 0.9645
Std Test Accurancy: 0.0728
Std Test AUC: 0.0176
ASR: 0.06654250453365018
attack_auc: 0.5956936333034186
Layer layer2.0.downsample.0.weight: 1/128 channels masked
Layer layer3.0.conv2.weight: 1/256 channels masked
Layer layer3.0.downsample.0.weight: 1/256 channels masked
Layer layer3.1.conv1.weight: 1/256 channels masked
Layer layer4.0.conv1.weight: 1/512 channels masked
Layer layer4.0.conv2.weight: 4/512 channels masked
Layer layer4.0.downsample.0.weight: 4/512 channels masked
Layer layer4.1.conv1.weight: 10/512 channels masked
------------------------- time cost ------------------------- 26.54435920715332
[PFedBA] Round 693: optimizing class-conditional trigger bank...
[PFedBA] trigger_opt total=8.4244 grad=0.7487 loss_align=7.2449 attack=0.4308 norm=28.4537

-------------Round number: 692-------------

Evaluate personalized models
Averaged Train Loss: 0.0036
Averaged Test Accurancy: 0.7765
Averaged Test AUC: 0.9646
Std Test Accurancy: 0.0672
Std Test AUC: 0.0177
ASR: 0.06740234804866164
attack_auc: 0.5990948243674354
Layer layer2.0.downsample.0.weight: 1/128 channels masked
Layer layer3.0.conv2.weight: 1/256 channels masked
Layer layer3.0.downsample.0.weight: 1/256 channels masked
Layer layer3.1.conv1.weight: 1/256 channels masked
Layer layer4.0.conv1.weight: 1/512 channels masked
Layer layer4.0.conv2.weight: 4/512 channels masked
Layer layer4.0.downsample.0.weight: 4/512 channels masked
Layer layer4.1.conv1.weight: 10/512 channels masked
------------------------- time cost ------------------------- 26.595165729522705
[PFedBA] Round 694: optimizing class-conditional trigger bank...
[PFedBA] trigger_opt total=8.6584 grad=0.7769 loss_align=7.4691 attack=0.4124 norm=28.4517

-------------Round number: 693-------------

Evaluate personalized models
Averaged Train Loss: 0.0019
Averaged Test Accurancy: 0.7809
Averaged Test AUC: 0.9645
Std Test Accurancy: 0.0705
Std Test AUC: 0.0177
ASR: 0.06625863136014055
attack_auc: 0.5979845114106009
Layer layer2.0.downsample.0.weight: 1/128 channels masked
Layer layer3.0.conv2.weight: 1/256 channels masked
Layer layer3.0.downsample.0.weight: 1/256 channels masked
Layer layer3.1.conv1.weight: 1/256 channels masked
Layer layer4.0.conv1.weight: 1/512 channels masked
Layer layer4.0.conv2.weight: 4/512 channels masked
Layer layer4.0.downsample.0.weight: 4/512 channels masked
Layer layer4.1.conv1.weight: 10/512 channels masked
------------------------- time cost ------------------------- 26.620744943618774
[PFedBA] Round 695: optimizing class-conditional trigger bank...
[PFedBA] trigger_opt total=8.3093 grad=0.7616 loss_align=7.2139 attack=0.3338 norm=28.4510

-------------Round number: 694-------------

Evaluate personalized models
Averaged Train Loss: 0.0018
Averaged Test Accurancy: 0.7784
Averaged Test AUC: 0.9642
Std Test Accurancy: 0.0696
Std Test AUC: 0.0178
ASR: 0.062021581851888996
attack_auc: 0.5912872821104781
Layer layer2.0.downsample.0.weight: 1/128 channels masked
Layer layer3.0.conv2.weight: 1/256 channels masked
Layer layer3.0.downsample.0.weight: 1/256 channels masked
Layer layer3.1.conv1.weight: 1/256 channels masked
Layer layer4.0.conv1.weight: 1/512 channels masked
Layer layer4.0.conv2.weight: 4/512 channels masked
Layer layer4.0.downsample.0.weight: 4/512 channels masked
Layer layer4.1.conv1.weight: 10/512 channels masked
------------------------- time cost ------------------------- 26.454872846603394
[PFedBA] Round 696: optimizing class-conditional trigger bank...
[PFedBA] trigger_opt total=8.5915 grad=0.6955 loss_align=7.5598 attack=0.3363 norm=28.4513

-------------Round number: 695-------------

Evaluate personalized models
Averaged Train Loss: 0.0017
Averaged Test Accurancy: 0.7776
Averaged Test AUC: 0.9646
Std Test Accurancy: 0.0730
Std Test AUC: 0.0178
ASR: 0.061613477891834495
attack_auc: 0.5943933115648066
Layer layer2.0.downsample.0.weight: 1/128 channels masked
Layer layer3.0.conv2.weight: 1/256 channels masked
Layer layer3.0.downsample.0.weight: 1/256 channels masked
Layer layer3.1.conv1.weight: 1/256 channels masked
Layer layer4.0.conv1.weight: 1/512 channels masked
Layer layer4.0.conv2.weight: 4/512 channels masked
Layer layer4.0.downsample.0.weight: 4/512 channels masked
Layer layer4.1.conv1.weight: 10/512 channels masked
------------------------- time cost ------------------------- 26.58550000190735
[PFedBA] Round 697: optimizing class-conditional trigger bank...
[PFedBA] trigger_opt total=8.0430 grad=0.6771 loss_align=7.0526 attack=0.3134 norm=28.4494

-------------Round number: 696-------------

Evaluate personalized models
Averaged Train Loss: 0.0017
Averaged Test Accurancy: 0.7775
Averaged Test AUC: 0.9648
Std Test Accurancy: 0.0697
Std Test AUC: 0.0178
ASR: 0.062840730449102
attack_auc: 0.5923483210809565
Layer layer2.0.downsample.0.weight: 1/128 channels masked
Layer layer3.0.conv2.weight: 1/256 channels masked
Layer layer3.0.downsample.0.weight: 1/256 channels masked
Layer layer3.1.conv1.weight: 1/256 channels masked
Layer layer4.0.conv1.weight: 1/512 channels masked
Layer layer4.0.conv2.weight: 4/512 channels masked
Layer layer4.0.downsample.0.weight: 4/512 channels masked
Layer layer4.1.conv1.weight: 10/512 channels masked
------------------------- time cost ------------------------- 26.559950828552246
[PFedBA] Round 698: optimizing class-conditional trigger bank...
[PFedBA] trigger_opt total=8.7115 grad=0.8592 loss_align=7.4514 attack=0.4008 norm=28.4492

-------------Round number: 697-------------

Evaluate personalized models
Averaged Train Loss: 0.0021
Averaged Test Accurancy: 0.7770
Averaged Test AUC: 0.9644
Std Test Accurancy: 0.0701
Std Test AUC: 0.0180
ASR: 0.061158935404319055
attack_auc: 0.5931431778826873
Layer layer2.0.downsample.0.weight: 1/128 channels masked
Layer layer3.0.conv2.weight: 1/256 channels masked
Layer layer3.0.downsample.0.weight: 1/256 channels masked
Layer layer3.1.conv1.weight: 1/256 channels masked
Layer layer4.0.conv1.weight: 1/512 channels masked
Layer layer4.0.conv2.weight: 4/512 channels masked
Layer layer4.0.downsample.0.weight: 4/512 channels masked
Layer layer4.1.conv1.weight: 10/512 channels masked
------------------------- time cost ------------------------- 26.4870183467865
[PFedBA] Round 699: optimizing class-conditional trigger bank...
[PFedBA] trigger_opt total=8.6476 grad=0.8180 loss_align=7.4835 attack=0.3461 norm=28.4489

-------------Round number: 698-------------

Evaluate personalized models
Averaged Train Loss: 0.0021
Averaged Test Accurancy: 0.7772
Averaged Test AUC: 0.9643
Std Test Accurancy: 0.0691
Std Test AUC: 0.0184
ASR: 0.06416408976793667
attack_auc: 0.5983201633137268
Layer layer2.0.downsample.0.weight: 1/128 channels masked
Layer layer3.0.conv2.weight: 1/256 channels masked
Layer layer3.0.downsample.0.weight: 1/256 channels masked
Layer layer3.1.conv1.weight: 1/256 channels masked
Layer layer4.0.conv1.weight: 1/512 channels masked
Layer layer4.0.conv2.weight: 4/512 channels masked
Layer layer4.0.downsample.0.weight: 4/512 channels masked
Layer layer4.1.conv1.weight: 10/512 channels masked
------------------------- time cost ------------------------- 26.504008293151855
[PFedBA] Round 700: optimizing class-conditional trigger bank...
[PFedBA] trigger_opt total=8.6224 grad=0.7699 loss_align=7.2284 attack=0.6240 norm=28.4499

-------------Round number: 699-------------

Evaluate personalized models
Averaged Train Loss: 0.0024
Averaged Test Accurancy: 0.7791
Averaged Test AUC: 0.9644
Std Test Accurancy: 0.0714
Std Test AUC: 0.0181
ASR: 0.06331125764564664
attack_auc: 0.5928427209719389
Layer layer2.0.downsample.0.weight: 1/128 channels masked
Layer layer3.0.conv2.weight: 1/256 channels masked
Layer layer3.0.downsample.0.weight: 1/256 channels masked
Layer layer3.1.conv1.weight: 1/256 channels masked
Layer layer4.0.conv1.weight: 1/512 channels masked
Layer layer4.0.conv2.weight: 4/512 channels masked
Layer layer4.0.downsample.0.weight: 4/512 channels masked
Layer layer4.1.conv1.weight: 10/512 channels masked
------------------------- time cost ------------------------- 26.447368383407593
[PFedBA] Round 701: optimizing class-conditional trigger bank...
[PFedBA] trigger_opt total=8.3712 grad=0.7880 loss_align=7.2649 attack=0.3183 norm=28.4517

-------------Round number: 700-------------

Evaluate personalized models
Averaged Train Loss: 0.0019
Averaged Test Accurancy: 0.7746
Averaged Test AUC: 0.9644
Std Test Accurancy: 0.0723
Std Test AUC: 0.0180
ASR: 0.059430547482863146
attack_auc: 0.5921418513628011
Layer layer2.0.downsample.0.weight: 1/128 channels masked
Layer layer3.0.conv2.weight: 1/256 channels masked
Layer layer3.0.downsample.0.weight: 1/256 channels masked
Layer layer3.1.conv1.weight: 1/256 channels masked
Layer layer4.0.conv1.weight: 1/512 channels masked
Layer layer4.0.conv2.weight: 4/512 channels masked
Layer layer4.0.downsample.0.weight: 4/512 channels masked
Layer layer4.1.conv1.weight: 10/512 channels masked
------------------------- time cost ------------------------- 26.730381965637207
[PFedBA] Round 702: optimizing class-conditional trigger bank...
[PFedBA] trigger_opt total=8.5016 grad=0.7473 loss_align=7.3519 attack=0.4024 norm=28.4501

-------------Round number: 701-------------

Evaluate personalized models
Averaged Train Loss: 0.0017
Averaged Test Accurancy: 0.7770
Averaged Test AUC: 0.9646
Std Test Accurancy: 0.0707
Std Test AUC: 0.0177
ASR: 0.0662909229975822
attack_auc: 0.59808235601278
Layer layer2.0.downsample.0.weight: 1/128 channels masked
Layer layer3.0.conv2.weight: 1/256 channels masked
Layer layer3.0.downsample.0.weight: 1/256 channels masked
Layer layer3.1.conv1.weight: 1/256 channels masked
Layer layer4.0.conv1.weight: 1/512 channels masked
Layer layer4.0.conv2.weight: 4/512 channels masked
Layer layer4.0.downsample.0.weight: 4/512 channels masked
Layer layer4.1.conv1.weight: 10/512 channels masked
------------------------- time cost ------------------------- 26.068073272705078
[PFedBA] Round 703: optimizing class-conditional trigger bank...
[PFedBA] trigger_opt total=8.5059 grad=0.8050 loss_align=7.3227 attack=0.3782 norm=28.4490

-------------Round number: 702-------------

Evaluate personalized models
Averaged Train Loss: 0.0031
Averaged Test Accurancy: 0.7770
Averaged Test AUC: 0.9647
Std Test Accurancy: 0.0702
Std Test AUC: 0.0175
ASR: 0.062482435575156356
attack_auc: 0.5974705191221547
Layer layer2.0.downsample.0.weight: 1/128 channels masked
Layer layer3.0.conv2.weight: 1/256 channels masked
Layer layer3.0.downsample.0.weight: 1/256 channels masked
Layer layer3.1.conv1.weight: 1/256 channels masked
Layer layer4.0.conv1.weight: 1/512 channels masked
Layer layer4.0.conv2.weight: 4/512 channels masked
Layer layer4.0.downsample.0.weight: 4/512 channels masked
Layer layer4.1.conv1.weight: 10/512 channels masked
------------------------- time cost ------------------------- 25.9221031665802
[PFedBA] Round 704: optimizing class-conditional trigger bank...
[PFedBA] trigger_opt total=8.1057 grad=0.6151 loss_align=7.1489 attack=0.3417 norm=28.4505

-------------Round number: 703-------------

Evaluate personalized models
Averaged Train Loss: 0.0015
Averaged Test Accurancy: 0.7787
Averaged Test AUC: 0.9642
Std Test Accurancy: 0.0706
Std Test AUC: 0.0179
ASR: 0.06413747382353215
attack_auc: 0.5895552138230256
Layer layer2.0.downsample.0.weight: 1/128 channels masked
Layer layer3.0.conv2.weight: 1/256 channels masked
Layer layer3.0.downsample.0.weight: 1/256 channels masked
Layer layer3.1.conv1.weight: 1/256 channels masked
Layer layer4.0.conv1.weight: 1/512 channels masked
Layer layer4.0.conv2.weight: 4/512 channels masked
Layer layer4.0.downsample.0.weight: 4/512 channels masked
Layer layer4.1.conv1.weight: 10/512 channels masked
------------------------- time cost ------------------------- 26.370169639587402
[PFedBA] Round 705: optimizing class-conditional trigger bank...
[PFedBA] trigger_opt total=8.5914 grad=0.8352 loss_align=7.4129 attack=0.3434 norm=28.4511

-------------Round number: 704-------------

Evaluate personalized models
Averaged Train Loss: 0.0016
Averaged Test Accurancy: 0.7774
Averaged Test AUC: 0.9644
Std Test Accurancy: 0.0703
Std Test AUC: 0.0175
ASR: 0.06371559261904947
attack_auc: 0.5914265311435556
Layer layer2.0.downsample.0.weight: 1/128 channels masked
Layer layer3.0.conv2.weight: 1/256 channels masked
Layer layer3.0.downsample.0.weight: 1/256 channels masked
Layer layer3.1.conv1.weight: 1/256 channels masked
Layer layer4.0.conv1.weight: 1/512 channels masked
Layer layer4.0.conv2.weight: 4/512 channels masked
Layer layer4.0.downsample.0.weight: 4/512 channels masked
Layer layer4.1.conv1.weight: 10/512 channels masked
------------------------- time cost ------------------------- 26.310712575912476
[PFedBA] Round 706: optimizing class-conditional trigger bank...
[PFedBA] trigger_opt total=8.3248 grad=0.6451 loss_align=7.1917 attack=0.4879 norm=28.4502

-------------Round number: 705-------------

Evaluate personalized models
Averaged Train Loss: 0.0016
Averaged Test Accurancy: 0.7720
Averaged Test AUC: 0.9643
Std Test Accurancy: 0.0743
Std Test AUC: 0.0179
ASR: 0.061281307890949044
attack_auc: 0.5895640062139138
Layer layer2.0.downsample.0.weight: 1/128 channels masked
Layer layer3.0.conv2.weight: 1/256 channels masked
Layer layer3.0.downsample.0.weight: 1/256 channels masked
Layer layer3.1.conv1.weight: 1/256 channels masked
Layer layer4.0.conv1.weight: 1/512 channels masked
Layer layer4.0.conv2.weight: 4/512 channels masked
Layer layer4.0.downsample.0.weight: 4/512 channels masked
Layer layer4.1.conv1.weight: 10/512 channels masked
------------------------- time cost ------------------------- 26.75118899345398
[PFedBA] Round 707: optimizing class-conditional trigger bank...
[PFedBA] trigger_opt total=8.5458 grad=0.7443 loss_align=7.2073 attack=0.5942 norm=28.4494

-------------Round number: 706-------------

Evaluate personalized models
Averaged Train Loss: 0.0017
Averaged Test Accurancy: 0.7782
Averaged Test AUC: 0.9645
Std Test Accurancy: 0.0748
Std Test AUC: 0.0182
ASR: 0.0656736132043834
attack_auc: 0.5930030035252666
Layer layer2.0.downsample.0.weight: 1/128 channels masked
Layer layer3.0.conv2.weight: 1/256 channels masked
Layer layer3.0.downsample.0.weight: 1/256 channels masked
Layer layer3.1.conv1.weight: 1/256 channels masked
Layer layer4.0.conv1.weight: 1/512 channels masked
Layer layer4.0.conv2.weight: 4/512 channels masked
Layer layer4.0.downsample.0.weight: 4/512 channels masked
Layer layer4.1.conv1.weight: 10/512 channels masked
------------------------- time cost ------------------------- 26.20330238342285
[PFedBA] Round 708: optimizing class-conditional trigger bank...
[PFedBA] trigger_opt total=8.5391 grad=0.6789 loss_align=7.4401 attack=0.4201 norm=28.4502

-------------Round number: 707-------------

Evaluate personalized models
Averaged Train Loss: 0.0017
Averaged Test Accurancy: 0.7775
Averaged Test AUC: 0.9649
Std Test Accurancy: 0.0732
Std Test AUC: 0.0177
ASR: 0.06811952141300023
attack_auc: 0.5965067456293582
Layer layer2.0.downsample.0.weight: 1/128 channels masked
Layer layer3.0.conv2.weight: 1/256 channels masked
Layer layer3.0.downsample.0.weight: 1/256 channels masked
Layer layer3.1.conv1.weight: 1/256 channels masked
Layer layer4.0.conv1.weight: 1/512 channels masked
Layer layer4.0.conv2.weight: 4/512 channels masked
Layer layer4.0.downsample.0.weight: 4/512 channels masked
Layer layer4.1.conv1.weight: 10/512 channels masked
------------------------- time cost ------------------------- 26.419615268707275
[PFedBA] Round 709: optimizing class-conditional trigger bank...
[PFedBA] trigger_opt total=8.5360 grad=0.8141 loss_align=7.4040 attack=0.3179 norm=28.4512

-------------Round number: 708-------------

Evaluate personalized models
Averaged Train Loss: 0.0018
Averaged Test Accurancy: 0.7748
Averaged Test AUC: 0.9645
Std Test Accurancy: 0.0692
Std Test AUC: 0.0176
ASR: 0.06505018851550716
attack_auc: 0.5950300913340977
Layer layer2.0.downsample.0.weight: 1/128 channels masked
Layer layer3.0.conv2.weight: 1/256 channels masked
Layer layer3.0.downsample.0.weight: 1/256 channels masked
Layer layer3.1.conv1.weight: 1/256 channels masked
Layer layer4.0.conv1.weight: 1/512 channels masked
Layer layer4.0.conv2.weight: 4/512 channels masked
Layer layer4.0.downsample.0.weight: 4/512 channels masked
Layer layer4.1.conv1.weight: 10/512 channels masked
------------------------- time cost ------------------------- 26.835899114608765
[PFedBA] Round 710: optimizing class-conditional trigger bank...
[PFedBA] trigger_opt total=8.7112 grad=0.7656 loss_align=7.5179 attack=0.4277 norm=28.4495

-------------Round number: 709-------------

Evaluate personalized models
Averaged Train Loss: 0.0017
Averaged Test Accurancy: 0.7779
Averaged Test AUC: 0.9646
Std Test Accurancy: 0.0726
Std Test AUC: 0.0177
ASR: 0.0584324205352031
attack_auc: 0.5911050258408282
Layer layer2.0.downsample.0.weight: 1/128 channels masked
Layer layer3.0.conv2.weight: 1/256 channels masked
Layer layer3.0.downsample.0.weight: 1/256 channels masked
Layer layer3.1.conv1.weight: 1/256 channels masked
Layer layer4.0.conv1.weight: 1/512 channels masked
Layer layer4.0.conv2.weight: 4/512 channels masked
Layer layer4.0.downsample.0.weight: 4/512 channels masked
Layer layer4.1.conv1.weight: 10/512 channels masked
------------------------- time cost ------------------------- 26.5781090259552
[PFedBA] Round 711: optimizing class-conditional trigger bank...
[PFedBA] trigger_opt total=8.3737 grad=0.6790 loss_align=7.2150 attack=0.4796 norm=28.4478

-------------Round number: 710-------------

Evaluate personalized models
Averaged Train Loss: 0.0020
Averaged Test Accurancy: 0.7760
Averaged Test AUC: 0.9644
Std Test Accurancy: 0.0725
Std Test AUC: 0.0181
ASR: 0.06071144171347581
attack_auc: 0.5903370548517932
Layer layer2.0.downsample.0.weight: 1/128 channels masked
Layer layer3.0.conv2.weight: 1/256 channels masked
Layer layer3.0.downsample.0.weight: 1/256 channels masked
Layer layer3.1.conv1.weight: 1/256 channels masked
Layer layer4.0.conv1.weight: 1/512 channels masked
Layer layer4.0.conv2.weight: 4/512 channels masked
Layer layer4.0.downsample.0.weight: 4/512 channels masked
Layer layer4.1.conv1.weight: 10/512 channels masked
------------------------- time cost ------------------------- 26.78820776939392
[PFedBA] Round 712: optimizing class-conditional trigger bank...
[PFedBA] trigger_opt total=8.4769 grad=0.8279 loss_align=7.3372 attack=0.3118 norm=28.4473

-------------Round number: 711-------------

Evaluate personalized models
Averaged Train Loss: 0.0018
Averaged Test Accurancy: 0.7789
Averaged Test AUC: 0.9643
Std Test Accurancy: 0.0714
Std Test AUC: 0.0180
ASR: 0.058906730803729775
attack_auc: 0.5953059052542793
Layer layer2.0.downsample.0.weight: 1/128 channels masked
Layer layer3.0.conv2.weight: 1/256 channels masked
Layer layer3.0.downsample.0.weight: 1/256 channels masked
Layer layer3.1.conv1.weight: 1/256 channels masked
Layer layer4.0.conv1.weight: 1/512 channels masked
Layer layer4.0.conv2.weight: 4/512 channels masked
Layer layer4.0.downsample.0.weight: 4/512 channels masked
Layer layer4.1.conv1.weight: 10/512 channels masked
------------------------- time cost ------------------------- 26.523727893829346
[PFedBA] Round 713: optimizing class-conditional trigger bank...
[PFedBA] trigger_opt total=8.3719 grad=0.7233 loss_align=7.2594 attack=0.3892 norm=28.4468

-------------Round number: 712-------------

Evaluate personalized models
Averaged Train Loss: 0.0021
Averaged Test Accurancy: 0.7785
Averaged Test AUC: 0.9646
Std Test Accurancy: 0.0716
Std Test AUC: 0.0177
ASR: 0.06651868517970917
attack_auc: 0.5908129898058396
Layer layer2.0.downsample.0.weight: 1/128 channels masked
Layer layer3.0.conv2.weight: 1/256 channels masked
Layer layer3.0.downsample.0.weight: 1/256 channels masked
Layer layer3.1.conv1.weight: 1/256 channels masked
Layer layer4.0.conv1.weight: 1/512 channels masked
Layer layer4.0.conv2.weight: 4/512 channels masked
Layer layer4.0.downsample.0.weight: 4/512 channels masked
Layer layer4.1.conv1.weight: 10/512 channels masked
------------------------- time cost ------------------------- 26.964394092559814
[PFedBA] Round 714: optimizing class-conditional trigger bank...
[PFedBA] trigger_opt total=8.3865 grad=0.7504 loss_align=7.1656 attack=0.4705 norm=28.4468

-------------Round number: 713-------------

Evaluate personalized models
Averaged Train Loss: 0.0017
Averaged Test Accurancy: 0.7811
Averaged Test AUC: 0.9647
Std Test Accurancy: 0.0711
Std Test AUC: 0.0178
ASR: 0.06554524120952164
attack_auc: 0.5951652101294908
Layer layer2.0.downsample.0.weight: 1/128 channels masked
Layer layer3.0.conv2.weight: 1/256 channels masked
Layer layer3.0.downsample.0.weight: 1/256 channels masked
Layer layer3.1.conv1.weight: 1/256 channels masked
Layer layer4.0.conv1.weight: 1/512 channels masked
Layer layer4.0.conv2.weight: 4/512 channels masked
Layer layer4.0.downsample.0.weight: 4/512 channels masked
Layer layer4.1.conv1.weight: 10/512 channels masked
------------------------- time cost ------------------------- 26.252439737319946
[PFedBA] Round 715: optimizing class-conditional trigger bank...
[PFedBA] trigger_opt total=8.3528 grad=0.7562 loss_align=7.1431 attack=0.4535 norm=28.4469

-------------Round number: 714-------------

Evaluate personalized models
Averaged Train Loss: 0.0020
Averaged Test Accurancy: 0.7767
Averaged Test AUC: 0.9643
Std Test Accurancy: 0.0721
Std Test AUC: 0.0180
ASR: 0.06156746786737142
attack_auc: 0.592344425227086
Layer layer2.0.downsample.0.weight: 1/128 channels masked
Layer layer3.0.conv2.weight: 1/256 channels masked
Layer layer3.0.downsample.0.weight: 1/256 channels masked
Layer layer3.1.conv1.weight: 1/256 channels masked
Layer layer4.0.conv1.weight: 1/512 channels masked
Layer layer4.0.conv2.weight: 4/512 channels masked
Layer layer4.0.downsample.0.weight: 4/512 channels masked
Layer layer4.1.conv1.weight: 10/512 channels masked
------------------------- time cost ------------------------- 26.478070497512817
[PFedBA] Round 716: optimizing class-conditional trigger bank...
[PFedBA] trigger_opt total=8.5416 grad=0.7189 loss_align=7.4385 attack=0.3842 norm=28.4466

-------------Round number: 715-------------

Evaluate personalized models
Averaged Train Loss: 0.0017
Averaged Test Accurancy: 0.7794
Averaged Test AUC: 0.9648
Std Test Accurancy: 0.0699
Std Test AUC: 0.0178
ASR: 0.06439878421013152
attack_auc: 0.5931392126630904
Layer layer2.0.downsample.0.weight: 1/128 channels masked
Layer layer3.0.conv2.weight: 1/256 channels masked
Layer layer3.0.downsample.0.weight: 1/256 channels masked
Layer layer3.1.conv1.weight: 1/256 channels masked
Layer layer4.0.conv1.weight: 1/512 channels masked
Layer layer4.0.conv2.weight: 4/512 channels masked
Layer layer4.0.downsample.0.weight: 4/512 channels masked
Layer layer4.1.conv1.weight: 10/512 channels masked
------------------------- time cost ------------------------- 26.825514554977417
[PFedBA] Round 717: optimizing class-conditional trigger bank...
[PFedBA] trigger_opt total=8.5454 grad=0.6716 loss_align=7.4439 attack=0.4299 norm=28.4447

-------------Round number: 716-------------

Evaluate personalized models
Averaged Train Loss: 0.0017
Averaged Test Accurancy: 0.7768
Averaged Test AUC: 0.9641
Std Test Accurancy: 0.0717
Std Test AUC: 0.0178
ASR: 0.0690082075146391
attack_auc: 0.5954887700447046
Layer layer2.0.downsample.0.weight: 1/128 channels masked
Layer layer3.0.conv2.weight: 1/256 channels masked
Layer layer3.0.downsample.0.weight: 1/256 channels masked
Layer layer3.1.conv1.weight: 1/256 channels masked
Layer layer4.0.conv1.weight: 1/512 channels masked
Layer layer4.0.conv2.weight: 4/512 channels masked
Layer layer4.0.downsample.0.weight: 4/512 channels masked
Layer layer4.1.conv1.weight: 10/512 channels masked
------------------------- time cost ------------------------- 26.56669807434082
[PFedBA] Round 718: optimizing class-conditional trigger bank...
[PFedBA] trigger_opt total=8.4796 grad=0.8424 loss_align=7.2756 attack=0.3617 norm=28.4457

-------------Round number: 717-------------

Evaluate personalized models
Averaged Train Loss: 0.0019
Averaged Test Accurancy: 0.7785
Averaged Test AUC: 0.9647
Std Test Accurancy: 0.0686
Std Test AUC: 0.0178
ASR: 0.06404181618796502
attack_auc: 0.5931673887564459
Layer layer2.0.downsample.0.weight: 1/128 channels masked
Layer layer3.0.conv2.weight: 1/256 channels masked
Layer layer3.0.downsample.0.weight: 1/256 channels masked
Layer layer3.1.conv1.weight: 1/256 channels masked
Layer layer4.0.conv1.weight: 1/512 channels masked
Layer layer4.0.conv2.weight: 4/512 channels masked
Layer layer4.0.downsample.0.weight: 4/512 channels masked
Layer layer4.1.conv1.weight: 10/512 channels masked
------------------------- time cost ------------------------- 26.30497431755066
[PFedBA] Round 719: optimizing class-conditional trigger bank...
[PFedBA] trigger_opt total=8.4980 grad=0.7160 loss_align=7.3700 attack=0.4119 norm=28.4437

-------------Round number: 718-------------

Evaluate personalized models
Averaged Train Loss: 0.0018
Averaged Test Accurancy: 0.7764
Averaged Test AUC: 0.9647
Std Test Accurancy: 0.0716
Std Test AUC: 0.0179
ASR: 0.06503978188536147
attack_auc: 0.5920690560437687
Layer layer2.0.downsample.0.weight: 1/128 channels masked
Layer layer3.0.conv2.weight: 1/256 channels masked
Layer layer3.0.downsample.0.weight: 1/256 channels masked
Layer layer3.1.conv1.weight: 1/256 channels masked
Layer layer4.0.conv1.weight: 1/512 channels masked
Layer layer4.0.conv2.weight: 4/512 channels masked
Layer layer4.0.downsample.0.weight: 4/512 channels masked
Layer layer4.1.conv1.weight: 10/512 channels masked
------------------------- time cost ------------------------- 25.85242795944214
[PFedBA] Round 720: optimizing class-conditional trigger bank...
[PFedBA] trigger_opt total=8.5152 grad=0.8000 loss_align=7.2894 attack=0.4259 norm=28.4441

-------------Round number: 719-------------

Evaluate personalized models
Averaged Train Loss: 0.0016
Averaged Test Accurancy: 0.7770
Averaged Test AUC: 0.9641
Std Test Accurancy: 0.0740
Std Test AUC: 0.0184
ASR: 0.06635681721497107
attack_auc: 0.5964466528840665
Layer layer2.0.downsample.0.weight: 1/128 channels masked
Layer layer3.0.conv2.weight: 1/256 channels masked
Layer layer3.0.downsample.0.weight: 1/256 channels masked
Layer layer3.1.conv1.weight: 1/256 channels masked
Layer layer4.0.conv1.weight: 1/512 channels masked
Layer layer4.0.conv2.weight: 4/512 channels masked
Layer layer4.0.downsample.0.weight: 4/512 channels masked
Layer layer4.1.conv1.weight: 10/512 channels masked
------------------------- time cost ------------------------- 26.75003218650818
[PFedBA] Round 721: optimizing class-conditional trigger bank...
[PFedBA] trigger_opt total=8.3281 grad=0.8152 loss_align=7.0847 attack=0.4283 norm=28.4452

-------------Round number: 720-------------

Evaluate personalized models
Averaged Train Loss: 0.0023
Averaged Test Accurancy: 0.7759
Averaged Test AUC: 0.9646
Std Test Accurancy: 0.0703
Std Test AUC: 0.0174
ASR: 0.06459804490367416
attack_auc: 0.5960773967783268
Layer layer2.0.downsample.0.weight: 1/128 channels masked
Layer layer3.0.conv2.weight: 1/256 channels masked
Layer layer3.0.downsample.0.weight: 1/256 channels masked
Layer layer3.1.conv1.weight: 1/256 channels masked
Layer layer4.0.conv1.weight: 1/512 channels masked
Layer layer4.0.conv2.weight: 4/512 channels masked
Layer layer4.0.downsample.0.weight: 4/512 channels masked
Layer layer4.1.conv1.weight: 10/512 channels masked
------------------------- time cost ------------------------- 27.019687175750732
[PFedBA] Round 722: optimizing class-conditional trigger bank...
[PFedBA] trigger_opt total=8.2320 grad=0.8062 loss_align=7.0056 attack=0.4201 norm=28.4440

-------------Round number: 721-------------

Evaluate personalized models
Averaged Train Loss: 0.0028
Averaged Test Accurancy: 0.7793
Averaged Test AUC: 0.9646
Std Test Accurancy: 0.0726
Std Test AUC: 0.0180
ASR: 0.062457571312154236
attack_auc: 0.5924329043447778
Layer layer2.0.downsample.0.weight: 1/128 channels masked
Layer layer3.0.conv2.weight: 1/256 channels masked
Layer layer3.0.downsample.0.weight: 1/256 channels masked
Layer layer3.1.conv1.weight: 1/256 channels masked
Layer layer4.0.conv1.weight: 1/512 channels masked
Layer layer4.0.conv2.weight: 4/512 channels masked
Layer layer4.0.downsample.0.weight: 4/512 channels masked
Layer layer4.1.conv1.weight: 10/512 channels masked
------------------------- time cost ------------------------- 26.006447076797485
[PFedBA] Round 723: optimizing class-conditional trigger bank...
[PFedBA] trigger_opt total=8.4768 grad=0.7551 loss_align=7.3268 attack=0.3950 norm=28.4414

-------------Round number: 722-------------

Evaluate personalized models
Averaged Train Loss: 0.0049
Averaged Test Accurancy: 0.7781
Averaged Test AUC: 0.9646
Std Test Accurancy: 0.0714
Std Test AUC: 0.0180
ASR: 0.06224894638653311
attack_auc: 0.59445744667728
Layer layer2.0.downsample.0.weight: 1/128 channels masked
Layer layer3.0.conv2.weight: 1/256 channels masked
Layer layer3.0.downsample.0.weight: 1/256 channels masked
Layer layer3.1.conv1.weight: 1/256 channels masked
Layer layer4.0.conv1.weight: 1/512 channels masked
Layer layer4.0.conv2.weight: 4/512 channels masked
Layer layer4.0.downsample.0.weight: 4/512 channels masked
Layer layer4.1.conv1.weight: 10/512 channels masked
------------------------- time cost ------------------------- 26.83117389678955
[PFedBA] Round 724: optimizing class-conditional trigger bank...
[PFedBA] trigger_opt total=8.5458 grad=0.6829 loss_align=7.4005 attack=0.4624 norm=28.4403

-------------Round number: 723-------------

Evaluate personalized models
Averaged Train Loss: 0.0018
Averaged Test Accurancy: 0.7779
Averaged Test AUC: 0.9643
Std Test Accurancy: 0.0698
Std Test AUC: 0.0177
ASR: 0.07014850986011964
attack_auc: 0.5985435573731819
Layer layer2.0.downsample.0.weight: 1/128 channels masked
Layer layer3.0.conv2.weight: 1/256 channels masked
Layer layer3.0.downsample.0.weight: 1/256 channels masked
Layer layer3.1.conv1.weight: 1/256 channels masked
Layer layer4.0.conv1.weight: 1/512 channels masked
Layer layer4.0.conv2.weight: 4/512 channels masked
Layer layer4.0.downsample.0.weight: 4/512 channels masked
Layer layer4.1.conv1.weight: 10/512 channels masked
------------------------- time cost ------------------------- 27.11453342437744
[PFedBA] Round 725: optimizing class-conditional trigger bank...
[PFedBA] trigger_opt total=8.7030 grad=0.7637 loss_align=7.5318 attack=0.4074 norm=28.4408

-------------Round number: 724-------------

Evaluate personalized models
Averaged Train Loss: 0.0015
Averaged Test Accurancy: 0.7779
Averaged Test AUC: 0.9646
Std Test Accurancy: 0.0693
Std Test AUC: 0.0179
ASR: 0.0719320596094855
attack_auc: 0.5965002635013363
Layer layer2.0.downsample.0.weight: 1/128 channels masked
Layer layer3.0.conv2.weight: 1/256 channels masked
Layer layer3.0.downsample.0.weight: 1/256 channels masked
Layer layer3.1.conv1.weight: 1/256 channels masked
Layer layer4.0.conv1.weight: 1/512 channels masked
Layer layer4.0.conv2.weight: 4/512 channels masked
Layer layer4.0.downsample.0.weight: 4/512 channels masked
Layer layer4.1.conv1.weight: 10/512 channels masked
------------------------- time cost ------------------------- 27.108869075775146
[PFedBA] Round 726: optimizing class-conditional trigger bank...
[PFedBA] trigger_opt total=8.1904 grad=0.7394 loss_align=7.1002 attack=0.3508 norm=28.4396

-------------Round number: 725-------------

Evaluate personalized models
Averaged Train Loss: 0.0016
Averaged Test Accurancy: 0.7773
Averaged Test AUC: 0.9646
Std Test Accurancy: 0.0695
Std Test AUC: 0.0177
ASR: 0.06724643997813463
attack_auc: 0.5911452392375408
Layer layer2.0.downsample.0.weight: 1/128 channels masked
Layer layer3.0.conv2.weight: 1/256 channels masked
Layer layer3.0.downsample.0.weight: 1/256 channels masked
Layer layer3.1.conv1.weight: 1/256 channels masked
Layer layer4.0.conv1.weight: 1/512 channels masked
Layer layer4.0.conv2.weight: 4/512 channels masked
Layer layer4.0.downsample.0.weight: 4/512 channels masked
Layer layer4.1.conv1.weight: 10/512 channels masked
------------------------- time cost ------------------------- 26.515831470489502
[PFedBA] Round 727: optimizing class-conditional trigger bank...
[PFedBA] trigger_opt total=8.5999 grad=0.7718 loss_align=7.3420 attack=0.4861 norm=28.4377

-------------Round number: 726-------------

Evaluate personalized models
Averaged Train Loss: 0.0017
Averaged Test Accurancy: 0.7784
Averaged Test AUC: 0.9645
Std Test Accurancy: 0.0680
Std Test AUC: 0.0176
ASR: 0.06958813716851292
attack_auc: 0.5911736224818661
Layer layer2.0.downsample.0.weight: 1/128 channels masked
Layer layer3.0.conv2.weight: 1/256 channels masked
Layer layer3.0.downsample.0.weight: 1/256 channels masked
Layer layer3.1.conv1.weight: 1/256 channels masked
Layer layer4.0.conv1.weight: 1/512 channels masked
Layer layer4.0.conv2.weight: 4/512 channels masked
Layer layer4.0.downsample.0.weight: 4/512 channels masked
Layer layer4.1.conv1.weight: 10/512 channels masked
------------------------- time cost ------------------------- 26.739665985107422
[PFedBA] Round 728: optimizing class-conditional trigger bank...
[PFedBA] trigger_opt total=8.3967 grad=0.6634 loss_align=7.2323 attack=0.5010 norm=28.4393

-------------Round number: 727-------------

Evaluate personalized models
Averaged Train Loss: 0.0017
Averaged Test Accurancy: 0.7761
Averaged Test AUC: 0.9648
Std Test Accurancy: 0.0739
Std Test AUC: 0.0181
ASR: 0.06372571250446601
attack_auc: 0.5902405737737724
Layer layer2.0.downsample.0.weight: 1/128 channels masked
Layer layer3.0.conv2.weight: 1/256 channels masked
Layer layer3.0.downsample.0.weight: 1/256 channels masked
Layer layer3.1.conv1.weight: 1/256 channels masked
Layer layer4.0.conv1.weight: 1/512 channels masked
Layer layer4.0.conv2.weight: 4/512 channels masked
Layer layer4.0.downsample.0.weight: 4/512 channels masked
Layer layer4.1.conv1.weight: 10/512 channels masked
------------------------- time cost ------------------------- 26.62902569770813
[PFedBA] Round 729: optimizing class-conditional trigger bank...
[PFedBA] trigger_opt total=8.8402 grad=0.7667 loss_align=7.5768 attack=0.4967 norm=28.4375

-------------Round number: 728-------------

Evaluate personalized models
Averaged Train Loss: 0.0015
Averaged Test Accurancy: 0.7796
Averaged Test AUC: 0.9651
Std Test Accurancy: 0.0693
Std Test AUC: 0.0176
ASR: 0.06371676557023553
attack_auc: 0.5918713662975568
Layer layer2.0.downsample.0.weight: 1/128 channels masked
Layer layer3.0.conv2.weight: 1/256 channels masked
Layer layer3.0.downsample.0.weight: 1/256 channels masked
Layer layer3.1.conv1.weight: 1/256 channels masked
Layer layer4.0.conv1.weight: 1/512 channels masked
Layer layer4.0.conv2.weight: 4/512 channels masked
Layer layer4.0.downsample.0.weight: 4/512 channels masked
Layer layer4.1.conv1.weight: 10/512 channels masked
------------------------- time cost ------------------------- 26.710518836975098
[PFedBA] Round 730: optimizing class-conditional trigger bank...
[PFedBA] trigger_opt total=8.4035 grad=0.8102 loss_align=7.1875 attack=0.4058 norm=28.4412

-------------Round number: 729-------------

Evaluate personalized models
Averaged Train Loss: 0.0016
Averaged Test Accurancy: 0.7760
Averaged Test AUC: 0.9645
Std Test Accurancy: 0.0724
Std Test AUC: 0.0181
ASR: 0.07404078411942419
attack_auc: 0.5934545077373906
Layer layer2.0.downsample.0.weight: 1/128 channels masked
Layer layer3.0.conv2.weight: 1/256 channels masked
Layer layer3.0.downsample.0.weight: 1/256 channels masked
Layer layer3.1.conv1.weight: 1/256 channels masked
Layer layer4.0.conv1.weight: 1/512 channels masked
Layer layer4.0.conv2.weight: 4/512 channels masked
Layer layer4.0.downsample.0.weight: 4/512 channels masked
Layer layer4.1.conv1.weight: 10/512 channels masked
------------------------- time cost ------------------------- 27.471814155578613
[PFedBA] Round 731: optimizing class-conditional trigger bank...
[PFedBA] trigger_opt total=8.2328 grad=0.7259 loss_align=7.0993 attack=0.4076 norm=28.4405

-------------Round number: 730-------------

Evaluate personalized models
Averaged Train Loss: 0.0055
Averaged Test Accurancy: 0.7736
Averaged Test AUC: 0.9642
Std Test Accurancy: 0.0686
Std Test AUC: 0.0173
ASR: 0.061986935640640554
attack_auc: 0.5894439886524255
Layer layer2.0.downsample.0.weight: 1/128 channels masked
Layer layer3.0.conv2.weight: 1/256 channels masked
Layer layer3.0.downsample.0.weight: 1/256 channels masked
Layer layer3.1.conv1.weight: 1/256 channels masked
Layer layer4.0.conv1.weight: 1/512 channels masked
Layer layer4.0.conv2.weight: 4/512 channels masked
Layer layer4.0.downsample.0.weight: 4/512 channels masked
Layer layer4.1.conv1.weight: 10/512 channels masked
------------------------- time cost ------------------------- 26.12458109855652
[PFedBA] Round 732: optimizing class-conditional trigger bank...
[PFedBA] trigger_opt total=8.6622 grad=0.8112 loss_align=7.4454 attack=0.4056 norm=28.4410

-------------Round number: 731-------------

Evaluate personalized models
Averaged Train Loss: 0.0017
Averaged Test Accurancy: 0.7770
Averaged Test AUC: 0.9643
Std Test Accurancy: 0.0733
Std Test AUC: 0.0176
ASR: 0.06341159135113501
attack_auc: 0.5917841424327168
Layer layer2.0.downsample.0.weight: 1/128 channels masked
Layer layer3.0.conv2.weight: 1/256 channels masked
Layer layer3.0.downsample.0.weight: 1/256 channels masked
Layer layer3.1.conv1.weight: 1/256 channels masked
Layer layer4.0.conv1.weight: 1/512 channels masked
Layer layer4.0.conv2.weight: 4/512 channels masked
Layer layer4.0.downsample.0.weight: 4/512 channels masked
Layer layer4.1.conv1.weight: 10/512 channels masked
------------------------- time cost ------------------------- 26.28592324256897
[PFedBA] Round 733: optimizing class-conditional trigger bank...
[PFedBA] trigger_opt total=8.3485 grad=0.6888 loss_align=7.2880 attack=0.3717 norm=28.4418

-------------Round number: 732-------------

Evaluate personalized models
Averaged Train Loss: 0.0015
Averaged Test Accurancy: 0.7797
Averaged Test AUC: 0.9648
Std Test Accurancy: 0.0738
Std Test AUC: 0.0177
ASR: 0.06784479724768014
attack_auc: 0.5959729619514397
Layer layer2.0.downsample.0.weight: 1/128 channels masked
Layer layer3.0.conv2.weight: 1/256 channels masked
Layer layer3.0.downsample.0.weight: 1/256 channels masked
Layer layer3.1.conv1.weight: 1/256 channels masked
Layer layer4.0.conv1.weight: 1/512 channels masked
Layer layer4.0.conv2.weight: 4/512 channels masked
Layer layer4.0.downsample.0.weight: 4/512 channels masked
Layer layer4.1.conv1.weight: 10/512 channels masked
------------------------- time cost ------------------------- 25.967243909835815
[PFedBA] Round 734: optimizing class-conditional trigger bank...
[PFedBA] trigger_opt total=8.4113 grad=0.7941 loss_align=7.2527 attack=0.3645 norm=28.4420

-------------Round number: 733-------------

Evaluate personalized models
Averaged Train Loss: 0.0019
Averaged Test Accurancy: 0.7772
Averaged Test AUC: 0.9642
Std Test Accurancy: 0.0701
Std Test AUC: 0.0175
ASR: 0.06583232329877446
attack_auc: 0.5880083507556233
Layer layer2.0.downsample.0.weight: 1/128 channels masked
Layer layer3.0.conv2.weight: 1/256 channels masked
Layer layer3.0.downsample.0.weight: 1/256 channels masked
Layer layer3.1.conv1.weight: 1/256 channels masked
Layer layer4.0.conv1.weight: 1/512 channels masked
Layer layer4.0.conv2.weight: 4/512 channels masked
Layer layer4.0.downsample.0.weight: 4/512 channels masked
Layer layer4.1.conv1.weight: 10/512 channels masked
------------------------- time cost ------------------------- 25.97179675102234
[PFedBA] Round 735: optimizing class-conditional trigger bank...
[PFedBA] trigger_opt total=8.5299 grad=0.7478 loss_align=7.4449 attack=0.3371 norm=28.4380

-------------Round number: 734-------------

Evaluate personalized models
Averaged Train Loss: 0.0014
Averaged Test Accurancy: 0.7780
Averaged Test AUC: 0.9646
Std Test Accurancy: 0.0736
Std Test AUC: 0.0179
ASR: 0.06406084705604533
attack_auc: 0.5961972119644556
Layer layer2.0.downsample.0.weight: 1/128 channels masked
Layer layer3.0.conv2.weight: 1/256 channels masked
Layer layer3.0.downsample.0.weight: 1/256 channels masked
Layer layer3.1.conv1.weight: 1/256 channels masked
Layer layer4.0.conv1.weight: 1/512 channels masked
Layer layer4.0.conv2.weight: 4/512 channels masked
Layer layer4.0.downsample.0.weight: 4/512 channels masked
Layer layer4.1.conv1.weight: 10/512 channels masked
------------------------- time cost ------------------------- 26.185795545578003
[PFedBA] Round 736: optimizing class-conditional trigger bank...
[PFedBA] trigger_opt total=8.3949 grad=0.7150 loss_align=7.2765 attack=0.4035 norm=28.4381

-------------Round number: 735-------------

Evaluate personalized models
Averaged Train Loss: 0.0016
Averaged Test Accurancy: 0.7780
Averaged Test AUC: 0.9648
Std Test Accurancy: 0.0705
Std Test AUC: 0.0176
ASR: 0.06447444542343238
attack_auc: 0.5946686342104648
Layer layer2.0.downsample.0.weight: 1/128 channels masked
Layer layer3.0.conv2.weight: 1/256 channels masked
Layer layer3.0.downsample.0.weight: 1/256 channels masked
Layer layer3.1.conv1.weight: 1/256 channels masked
Layer layer4.0.conv1.weight: 1/512 channels masked
Layer layer4.0.conv2.weight: 4/512 channels masked
Layer layer4.0.downsample.0.weight: 4/512 channels masked
Layer layer4.1.conv1.weight: 10/512 channels masked
------------------------- time cost ------------------------- 25.767112493515015
[PFedBA] Round 737: optimizing class-conditional trigger bank...
[PFedBA] trigger_opt total=8.1857 grad=0.7410 loss_align=7.1487 attack=0.2961 norm=28.4398

-------------Round number: 736-------------

Evaluate personalized models
Averaged Train Loss: 0.0015
Averaged Test Accurancy: 0.7803
Averaged Test AUC: 0.9645
Std Test Accurancy: 0.0695
Std Test AUC: 0.0180
ASR: 0.06471368230337128
attack_auc: 0.5875065435835669
Layer layer2.0.downsample.0.weight: 1/128 channels masked
Layer layer3.0.conv2.weight: 1/256 channels masked
Layer layer3.0.downsample.0.weight: 1/256 channels masked
Layer layer3.1.conv1.weight: 1/256 channels masked
Layer layer4.0.conv1.weight: 1/512 channels masked
Layer layer4.0.conv2.weight: 4/512 channels masked
Layer layer4.0.downsample.0.weight: 4/512 channels masked
Layer layer4.1.conv1.weight: 10/512 channels masked
------------------------- time cost ------------------------- 25.983288288116455
[PFedBA] Round 738: optimizing class-conditional trigger bank...
[PFedBA] trigger_opt total=8.3444 grad=0.6383 loss_align=7.2259 attack=0.4803 norm=28.4391

-------------Round number: 737-------------

Evaluate personalized models
Averaged Train Loss: 0.0014
Averaged Test Accurancy: 0.7793
Averaged Test AUC: 0.9648
Std Test Accurancy: 0.0707
Std Test AUC: 0.0177
ASR: 0.06408641060294061
attack_auc: 0.5942109448632397
Layer layer2.0.downsample.0.weight: 1/128 channels masked
Layer layer3.0.conv2.weight: 1/256 channels masked
Layer layer3.0.downsample.0.weight: 1/256 channels masked
Layer layer3.1.conv1.weight: 1/256 channels masked
Layer layer4.0.conv1.weight: 1/512 channels masked
Layer layer4.0.conv2.weight: 4/512 channels masked
Layer layer4.0.downsample.0.weight: 4/512 channels masked
Layer layer4.1.conv1.weight: 10/512 channels masked
------------------------- time cost ------------------------- 25.864963054656982
[PFedBA] Round 739: optimizing class-conditional trigger bank...
[PFedBA] trigger_opt total=8.2332 grad=0.7088 loss_align=7.0698 attack=0.4545 norm=28.4401

-------------Round number: 738-------------

Evaluate personalized models
Averaged Train Loss: 0.0017
Averaged Test Accurancy: 0.7749
Averaged Test AUC: 0.9641
Std Test Accurancy: 0.0706
Std Test AUC: 0.0186
ASR: 0.06457096481564978
attack_auc: 0.5910048284720206
Layer layer2.0.downsample.0.weight: 1/128 channels masked
Layer layer3.0.conv2.weight: 1/256 channels masked
Layer layer3.0.downsample.0.weight: 1/256 channels masked
Layer layer3.1.conv1.weight: 1/256 channels masked
Layer layer4.0.conv1.weight: 1/512 channels masked
Layer layer4.0.conv2.weight: 4/512 channels masked
Layer layer4.0.downsample.0.weight: 4/512 channels masked
Layer layer4.1.conv1.weight: 10/512 channels masked
------------------------- time cost ------------------------- 26.09050750732422
[PFedBA] Round 740: optimizing class-conditional trigger bank...
[PFedBA] trigger_opt total=8.4959 grad=0.7916 loss_align=7.3410 attack=0.3633 norm=28.4363

-------------Round number: 739-------------

Evaluate personalized models
Averaged Train Loss: 0.0020
Averaged Test Accurancy: 0.7788
Averaged Test AUC: 0.9646
Std Test Accurancy: 0.0705
Std Test AUC: 0.0178
ASR: 0.06742435824449407
attack_auc: 0.59093463827687
Layer layer2.0.downsample.0.weight: 1/128 channels masked
Layer layer3.0.conv2.weight: 1/256 channels masked
Layer layer3.0.downsample.0.weight: 1/256 channels masked
Layer layer3.1.conv1.weight: 1/256 channels masked
Layer layer4.0.conv1.weight: 1/512 channels masked
Layer layer4.0.conv2.weight: 4/512 channels masked
Layer layer4.0.downsample.0.weight: 4/512 channels masked
Layer layer4.1.conv1.weight: 10/512 channels masked
------------------------- time cost ------------------------- 26.080484867095947
[PFedBA] Round 741: optimizing class-conditional trigger bank...
[PFedBA] trigger_opt total=8.1913 grad=0.6764 loss_align=7.1722 attack=0.3427 norm=28.4372

-------------Round number: 740-------------

Evaluate personalized models
Averaged Train Loss: 0.0018
Averaged Test Accurancy: 0.7776
Averaged Test AUC: 0.9646
Std Test Accurancy: 0.0687
Std Test AUC: 0.0177
ASR: 0.06325226303814926
attack_auc: 0.5899321570033444
Layer layer2.0.downsample.0.weight: 1/128 channels masked
Layer layer3.0.conv2.weight: 1/256 channels masked
Layer layer3.0.downsample.0.weight: 1/256 channels masked
Layer layer3.1.conv1.weight: 1/256 channels masked
Layer layer4.0.conv1.weight: 1/512 channels masked
Layer layer4.0.conv2.weight: 4/512 channels masked
Layer layer4.0.downsample.0.weight: 4/512 channels masked
Layer layer4.1.conv1.weight: 10/512 channels masked
------------------------- time cost ------------------------- 26.090814113616943
[PFedBA] Round 742: optimizing class-conditional trigger bank...
[PFedBA] trigger_opt total=8.3167 grad=0.7771 loss_align=7.1652 attack=0.3745 norm=28.4374

-------------Round number: 741-------------

Evaluate personalized models
Averaged Train Loss: 0.0020
Averaged Test Accurancy: 0.7778
Averaged Test AUC: 0.9648
Std Test Accurancy: 0.0714
Std Test AUC: 0.0176
ASR: 0.06169949405222643
attack_auc: 0.5909814532254973
Layer layer2.0.downsample.0.weight: 1/128 channels masked
Layer layer3.0.conv2.weight: 1/256 channels masked
Layer layer3.0.downsample.0.weight: 1/256 channels masked
Layer layer3.1.conv1.weight: 1/256 channels masked
Layer layer4.0.conv1.weight: 1/512 channels masked
Layer layer4.0.conv2.weight: 4/512 channels masked
Layer layer4.0.downsample.0.weight: 4/512 channels masked
Layer layer4.1.conv1.weight: 10/512 channels masked
------------------------- time cost ------------------------- 26.614626169204712
[PFedBA] Round 743: optimizing class-conditional trigger bank...
[PFedBA] trigger_opt total=8.5509 grad=0.8563 loss_align=7.3154 attack=0.3792 norm=28.4371

-------------Round number: 742-------------

Evaluate personalized models
Averaged Train Loss: 0.0017
Averaged Test Accurancy: 0.7787
Averaged Test AUC: 0.9646
Std Test Accurancy: 0.0701
Std Test AUC: 0.0178
ASR: 0.06669873708655984
attack_auc: 0.5951470281464273
Layer layer2.0.downsample.0.weight: 1/128 channels masked
Layer layer3.0.conv2.weight: 1/256 channels masked
Layer layer3.0.downsample.0.weight: 1/256 channels masked
Layer layer3.1.conv1.weight: 1/256 channels masked
Layer layer4.0.conv1.weight: 1/512 channels masked
Layer layer4.0.conv2.weight: 4/512 channels masked
Layer layer4.0.downsample.0.weight: 4/512 channels masked
Layer layer4.1.conv1.weight: 10/512 channels masked
------------------------- time cost ------------------------- 26.216002464294434
[PFedBA] Round 744: optimizing class-conditional trigger bank...
[PFedBA] trigger_opt total=8.4453 grad=0.7692 loss_align=7.3039 attack=0.3722 norm=28.4353

-------------Round number: 743-------------

Evaluate personalized models
Averaged Train Loss: 0.0029
Averaged Test Accurancy: 0.7773
Averaged Test AUC: 0.9650
Std Test Accurancy: 0.0715
Std Test AUC: 0.0177
ASR: 0.0643791477481893
attack_auc: 0.5913221204512102
Layer layer2.0.downsample.0.weight: 1/128 channels masked
Layer layer3.0.conv2.weight: 1/256 channels masked
Layer layer3.0.downsample.0.weight: 1/256 channels masked
Layer layer3.1.conv1.weight: 1/256 channels masked
Layer layer4.0.conv1.weight: 1/512 channels masked
Layer layer4.0.conv2.weight: 4/512 channels masked
Layer layer4.0.downsample.0.weight: 4/512 channels masked
Layer layer4.1.conv1.weight: 10/512 channels masked
------------------------- time cost ------------------------- 26.16340684890747
[PFedBA] Round 745: optimizing class-conditional trigger bank...
[PFedBA] trigger_opt total=8.3330 grad=0.7357 loss_align=7.1175 attack=0.4798 norm=28.4335

-------------Round number: 744-------------

Evaluate personalized models
Averaged Train Loss: 0.0024
Averaged Test Accurancy: 0.7783
Averaged Test AUC: 0.9645
Std Test Accurancy: 0.0707
Std Test AUC: 0.0177
ASR: 0.06121817231086366
attack_auc: 0.5924276955900082
Layer layer2.0.downsample.0.weight: 1/128 channels masked
Layer layer3.0.conv2.weight: 1/256 channels masked
Layer layer3.0.downsample.0.weight: 1/256 channels masked
Layer layer3.1.conv1.weight: 1/256 channels masked
Layer layer4.0.conv1.weight: 1/512 channels masked
Layer layer4.0.conv2.weight: 4/512 channels masked
Layer layer4.0.downsample.0.weight: 4/512 channels masked
Layer layer4.1.conv1.weight: 10/512 channels masked
------------------------- time cost ------------------------- 25.93017864227295
[PFedBA] Round 746: optimizing class-conditional trigger bank...
[PFedBA] trigger_opt total=8.4848 grad=0.7820 loss_align=7.3844 attack=0.3183 norm=28.4332

-------------Round number: 745-------------

Evaluate personalized models
Averaged Train Loss: 0.0014
Averaged Test Accurancy: 0.7788
Averaged Test AUC: 0.9649
Std Test Accurancy: 0.0712
Std Test AUC: 0.0177
ASR: 0.06490376699553708
attack_auc: 0.5943311573821761
Layer layer2.0.downsample.0.weight: 1/128 channels masked
Layer layer3.0.conv2.weight: 1/256 channels masked
Layer layer3.0.downsample.0.weight: 1/256 channels masked
Layer layer3.1.conv1.weight: 1/256 channels masked
Layer layer4.0.conv1.weight: 1/512 channels masked
Layer layer4.0.conv2.weight: 4/512 channels masked
Layer layer4.0.downsample.0.weight: 4/512 channels masked
Layer layer4.1.conv1.weight: 9/512 channels masked
------------------------- time cost ------------------------- 26.20420479774475
[PFedBA] Round 747: optimizing class-conditional trigger bank...
[PFedBA] trigger_opt total=8.4580 grad=0.6678 loss_align=7.4642 attack=0.3260 norm=28.4338

-------------Round number: 746-------------

Evaluate personalized models
Averaged Train Loss: 0.0016
Averaged Test Accurancy: 0.7755
Averaged Test AUC: 0.9648
Std Test Accurancy: 0.0711
Std Test AUC: 0.0177
ASR: 0.06108618519818013
attack_auc: 0.5878176357626423
Layer layer2.0.downsample.0.weight: 1/128 channels masked
Layer layer3.0.conv2.weight: 1/256 channels masked
Layer layer3.0.downsample.0.weight: 1/256 channels masked
Layer layer3.1.conv1.weight: 1/256 channels masked
Layer layer4.0.conv1.weight: 1/512 channels masked
Layer layer4.0.conv2.weight: 4/512 channels masked
Layer layer4.0.downsample.0.weight: 4/512 channels masked
Layer layer4.1.conv1.weight: 10/512 channels masked
------------------------- time cost ------------------------- 26.190162181854248
[PFedBA] Round 748: optimizing class-conditional trigger bank...
[PFedBA] trigger_opt total=8.2672 grad=0.6431 loss_align=7.1888 attack=0.4353 norm=28.4350

-------------Round number: 747-------------

Evaluate personalized models
Averaged Train Loss: 0.0032
Averaged Test Accurancy: 0.7767
Averaged Test AUC: 0.9642
Std Test Accurancy: 0.0751
Std Test AUC: 0.0182
ASR: 0.06967520990261562
attack_auc: 0.5949677882698944
Layer layer2.0.downsample.0.weight: 1/128 channels masked
Layer layer3.0.conv2.weight: 1/256 channels masked
Layer layer3.0.downsample.0.weight: 1/256 channels masked
Layer layer3.1.conv1.weight: 1/256 channels masked
Layer layer4.0.conv1.weight: 1/512 channels masked
Layer layer4.0.conv2.weight: 4/512 channels masked
Layer layer4.0.downsample.0.weight: 4/512 channels masked
Layer layer4.1.conv1.weight: 10/512 channels masked
------------------------- time cost ------------------------- 25.804593086242676
[PFedBA] Round 749: optimizing class-conditional trigger bank...
[PFedBA] trigger_opt total=8.4183 grad=0.6832 loss_align=7.2463 attack=0.4888 norm=28.4343

-------------Round number: 748-------------

Evaluate personalized models
Averaged Train Loss: 0.0016
Averaged Test Accurancy: 0.7772
Averaged Test AUC: 0.9647
Std Test Accurancy: 0.0751
Std Test AUC: 0.0181
ASR: 0.06112768414960447
attack_auc: 0.5915520300359736
Layer layer2.0.downsample.0.weight: 1/128 channels masked
Layer layer3.0.conv2.weight: 1/256 channels masked
Layer layer3.0.downsample.0.weight: 1/256 channels masked
Layer layer3.1.conv1.weight: 1/256 channels masked
Layer layer4.0.conv1.weight: 1/512 channels masked
Layer layer4.0.conv2.weight: 4/512 channels masked
Layer layer4.0.downsample.0.weight: 4/512 channels masked
Layer layer4.1.conv1.weight: 10/512 channels masked
------------------------- time cost ------------------------- 25.948472261428833
[PFedBA] Round 750: optimizing class-conditional trigger bank...
[PFedBA] trigger_opt total=8.3070 grad=0.7796 loss_align=7.1331 attack=0.3944 norm=28.4317

-------------Round number: 749-------------

Evaluate personalized models
Averaged Train Loss: 0.0017
Averaged Test Accurancy: 0.7775
Averaged Test AUC: 0.9643
Std Test Accurancy: 0.0720
Std Test AUC: 0.0179
ASR: 0.05715005465185218
attack_auc: 0.5893219540139021
Layer layer2.0.downsample.0.weight: 1/128 channels masked
Layer layer3.0.conv2.weight: 1/256 channels masked
Layer layer3.0.downsample.0.weight: 1/256 channels masked
Layer layer3.1.conv1.weight: 1/256 channels masked
Layer layer4.0.conv1.weight: 1/512 channels masked
Layer layer4.0.conv2.weight: 4/512 channels masked
Layer layer4.0.downsample.0.weight: 4/512 channels masked
Layer layer4.1.conv1.weight: 10/512 channels masked
------------------------- time cost ------------------------- 25.831676959991455
[PFedBA] Round 751: optimizing class-conditional trigger bank...
[PFedBA] trigger_opt total=8.2766 grad=0.7376 loss_align=7.1162 attack=0.4228 norm=28.4319

-------------Round number: 750-------------

Evaluate personalized models
Averaged Train Loss: 0.0014
Averaged Test Accurancy: 0.7790
Averaged Test AUC: 0.9651
Std Test Accurancy: 0.0717
Std Test AUC: 0.0176
ASR: 0.06208036168133358
attack_auc: 0.5926733496213386
Layer layer2.0.downsample.0.weight: 1/128 channels masked
Layer layer3.0.conv2.weight: 1/256 channels masked
Layer layer3.0.downsample.0.weight: 1/256 channels masked
Layer layer3.1.conv1.weight: 1/256 channels masked
Layer layer4.0.conv1.weight: 1/512 channels masked
Layer layer4.0.conv2.weight: 4/512 channels masked
Layer layer4.0.downsample.0.weight: 4/512 channels masked
Layer layer4.1.conv1.weight: 10/512 channels masked
------------------------- time cost ------------------------- 26.00331687927246
[PFedBA] Round 752: optimizing class-conditional trigger bank...
[PFedBA] trigger_opt total=8.6371 grad=0.6878 loss_align=7.4762 attack=0.4731 norm=28.4324

-------------Round number: 751-------------

Evaluate personalized models
Averaged Train Loss: 0.0015
Averaged Test Accurancy: 0.7799
Averaged Test AUC: 0.9651
Std Test Accurancy: 0.0711
Std Test AUC: 0.0176
ASR: 0.06676989764020429
attack_auc: 0.5928102380771686
Layer layer2.0.downsample.0.weight: 1/128 channels masked
Layer layer3.0.conv2.weight: 1/256 channels masked
Layer layer3.0.downsample.0.weight: 1/256 channels masked
Layer layer3.1.conv1.weight: 1/256 channels masked
Layer layer4.0.conv1.weight: 1/512 channels masked
Layer layer4.0.conv2.weight: 4/512 channels masked
Layer layer4.0.downsample.0.weight: 4/512 channels masked
Layer layer4.1.conv1.weight: 10/512 channels masked
------------------------- time cost ------------------------- 25.91352891921997
[PFedBA] Round 753: optimizing class-conditional trigger bank...
[PFedBA] trigger_opt total=8.4307 grad=0.7905 loss_align=7.2801 attack=0.3600 norm=28.4318

-------------Round number: 752-------------

Evaluate personalized models
Averaged Train Loss: 0.0016
Averaged Test Accurancy: 0.7805
Averaged Test AUC: 0.9646
Std Test Accurancy: 0.0685
Std Test AUC: 0.0176
ASR: 0.06362422530352316
attack_auc: 0.5978961322160925
Layer layer2.0.downsample.0.weight: 1/128 channels masked
Layer layer3.0.conv2.weight: 1/256 channels masked
Layer layer3.0.downsample.0.weight: 1/256 channels masked
Layer layer3.1.conv1.weight: 1/256 channels masked
Layer layer4.0.conv1.weight: 1/512 channels masked
Layer layer4.0.conv2.weight: 4/512 channels masked
Layer layer4.0.downsample.0.weight: 4/512 channels masked
Layer layer4.1.conv1.weight: 10/512 channels masked
------------------------- time cost ------------------------- 25.927701711654663
[PFedBA] Round 754: optimizing class-conditional trigger bank...
[PFedBA] trigger_opt total=8.1533 grad=0.7734 loss_align=7.0524 attack=0.3275 norm=28.4336

-------------Round number: 753-------------

Evaluate personalized models
Averaged Train Loss: 0.0015
Averaged Test Accurancy: 0.7771
Averaged Test AUC: 0.9643
Std Test Accurancy: 0.0715
Std Test AUC: 0.0179
ASR: 0.06689343132045082
attack_auc: 0.5931756397279603
Layer layer2.0.downsample.0.weight: 1/128 channels masked
Layer layer3.0.conv2.weight: 1/256 channels masked
Layer layer3.0.downsample.0.weight: 1/256 channels masked
Layer layer3.1.conv1.weight: 1/256 channels masked
Layer layer4.0.conv1.weight: 1/512 channels masked
Layer layer4.0.conv2.weight: 4/512 channels masked
Layer layer4.0.downsample.0.weight: 5/512 channels masked
Layer layer4.1.conv1.weight: 10/512 channels masked
------------------------- time cost ------------------------- 25.82080101966858
[PFedBA] Round 755: optimizing class-conditional trigger bank...
[PFedBA] trigger_opt total=8.6464 grad=0.7245 loss_align=7.3528 attack=0.5691 norm=28.4331

-------------Round number: 754-------------

Evaluate personalized models
Averaged Train Loss: 0.0015
Averaged Test Accurancy: 0.7800
Averaged Test AUC: 0.9647
Std Test Accurancy: 0.0710
Std Test AUC: 0.0179
ASR: 0.06590342770069928
attack_auc: 0.5943353488394099
Layer layer2.0.downsample.0.weight: 1/128 channels masked
Layer layer3.0.conv2.weight: 1/256 channels masked
Layer layer3.0.downsample.0.weight: 1/256 channels masked
Layer layer3.1.conv1.weight: 1/256 channels masked
Layer layer4.0.conv1.weight: 1/512 channels masked
Layer layer4.0.conv2.weight: 4/512 channels masked
Layer layer4.0.downsample.0.weight: 4/512 channels masked
Layer layer4.1.conv1.weight: 10/512 channels masked
------------------------- time cost ------------------------- 25.731376886367798
[PFedBA] Round 756: optimizing class-conditional trigger bank...
[PFedBA] trigger_opt total=8.8477 grad=0.8585 loss_align=7.5817 attack=0.4076 norm=28.4334

-------------Round number: 755-------------

Evaluate personalized models
Averaged Train Loss: 0.0018
Averaged Test Accurancy: 0.7741
Averaged Test AUC: 0.9643
Std Test Accurancy: 0.0694
Std Test AUC: 0.0177
ASR: 0.06323011522469403
attack_auc: 0.5905768142353529
Layer layer2.0.downsample.0.weight: 1/128 channels masked
Layer layer3.0.conv2.weight: 1/256 channels masked
Layer layer3.0.downsample.0.weight: 1/256 channels masked
Layer layer3.1.conv1.weight: 1/256 channels masked
Layer layer4.0.conv1.weight: 1/512 channels masked
Layer layer4.0.conv2.weight: 4/512 channels masked
Layer layer4.0.downsample.0.weight: 4/512 channels masked
Layer layer4.1.conv1.weight: 10/512 channels masked
------------------------- time cost ------------------------- 25.938098192214966
[PFedBA] Round 757: optimizing class-conditional trigger bank...
[PFedBA] trigger_opt total=8.3274 grad=0.6989 loss_align=7.1738 attack=0.4547 norm=28.4341

-------------Round number: 756-------------

Evaluate personalized models
Averaged Train Loss: 0.0017
Averaged Test Accurancy: 0.7785
Averaged Test AUC: 0.9646
Std Test Accurancy: 0.0727
Std Test AUC: 0.0179
ASR: 0.06455158157816117
attack_auc: 0.5932575802953541
Layer layer2.0.downsample.0.weight: 1/128 channels masked
Layer layer3.0.conv2.weight: 1/256 channels masked
Layer layer3.0.downsample.0.weight: 1/256 channels masked
Layer layer3.1.conv1.weight: 1/256 channels masked
Layer layer4.0.conv1.weight: 1/512 channels masked
Layer layer4.0.conv2.weight: 4/512 channels masked
Layer layer4.0.downsample.0.weight: 4/512 channels masked
Layer layer4.1.conv1.weight: 10/512 channels masked
------------------------- time cost ------------------------- 25.858717679977417
[PFedBA] Round 758: optimizing class-conditional trigger bank...
[PFedBA] trigger_opt total=8.1788 grad=0.6315 loss_align=7.0908 attack=0.4565 norm=28.4334

-------------Round number: 757-------------

Evaluate personalized models
Averaged Train Loss: 0.0027
Averaged Test Accurancy: 0.7753
Averaged Test AUC: 0.9643
Std Test Accurancy: 0.0728
Std Test AUC: 0.0180
ASR: 0.06173117794126944
attack_auc: 0.5923507088259407
Layer layer2.0.downsample.0.weight: 1/128 channels masked
Layer layer3.0.conv2.weight: 1/256 channels masked
Layer layer3.0.downsample.0.weight: 1/256 channels masked
Layer layer3.1.conv1.weight: 1/256 channels masked
Layer layer4.0.conv1.weight: 1/512 channels masked
Layer layer4.0.conv2.weight: 4/512 channels masked
Layer layer4.0.downsample.0.weight: 4/512 channels masked
Layer layer4.1.conv1.weight: 10/512 channels masked
------------------------- time cost ------------------------- 25.888816833496094
[PFedBA] Round 759: optimizing class-conditional trigger bank...
[PFedBA] trigger_opt total=8.8332 grad=0.7944 loss_align=7.7262 attack=0.3127 norm=28.4329

-------------Round number: 758-------------

Evaluate personalized models
Averaged Train Loss: 0.0016
Averaged Test Accurancy: 0.7790
Averaged Test AUC: 0.9647
Std Test Accurancy: 0.0734
Std Test AUC: 0.0180
ASR: 0.06775979564879284
attack_auc: 0.5933464870655347
Layer layer2.0.downsample.0.weight: 1/128 channels masked
Layer layer3.0.conv2.weight: 1/256 channels masked
Layer layer3.0.downsample.0.weight: 1/256 channels masked
Layer layer3.1.conv1.weight: 1/256 channels masked
Layer layer4.0.conv1.weight: 1/512 channels masked
Layer layer4.0.conv2.weight: 4/512 channels masked
Layer layer4.0.downsample.0.weight: 4/512 channels masked
Layer layer4.1.conv1.weight: 10/512 channels masked
------------------------- time cost ------------------------- 25.935712575912476
[PFedBA] Round 760: optimizing class-conditional trigger bank...
[PFedBA] trigger_opt total=8.5427 grad=0.7068 loss_align=7.3553 attack=0.4806 norm=28.4327

-------------Round number: 759-------------

Evaluate personalized models
Averaged Train Loss: 0.0014
Averaged Test Accurancy: 0.7790
Averaged Test AUC: 0.9651
Std Test Accurancy: 0.0689
Std Test AUC: 0.0179
ASR: 0.06990761597398538
attack_auc: 0.5919786508788787
Layer layer2.0.downsample.0.weight: 1/128 channels masked
Layer layer3.0.conv2.weight: 1/256 channels masked
Layer layer3.0.downsample.0.weight: 1/256 channels masked
Layer layer3.1.conv1.weight: 1/256 channels masked
Layer layer4.0.conv1.weight: 1/512 channels masked
Layer layer4.0.conv2.weight: 4/512 channels masked
Layer layer4.0.downsample.0.weight: 4/512 channels masked
Layer layer4.1.conv1.weight: 10/512 channels masked
------------------------- time cost ------------------------- 25.96419334411621
[PFedBA] Round 761: optimizing class-conditional trigger bank...
[PFedBA] trigger_opt total=8.5806 grad=0.7645 loss_align=7.3991 attack=0.4170 norm=28.4322

-------------Round number: 760-------------

Evaluate personalized models
Averaged Train Loss: 0.0015
Averaged Test Accurancy: 0.7783
Averaged Test AUC: 0.9650
Std Test Accurancy: 0.0705
Std Test AUC: 0.0176
ASR: 0.06693858000108363
attack_auc: 0.5912627471202146
Layer layer2.0.downsample.0.weight: 1/128 channels masked
Layer layer3.0.conv2.weight: 1/256 channels masked
Layer layer3.0.downsample.0.weight: 1/256 channels masked
Layer layer3.1.conv1.weight: 1/256 channels masked
Layer layer4.0.conv1.weight: 1/512 channels masked
Layer layer4.0.conv2.weight: 4/512 channels masked
Layer layer4.0.downsample.0.weight: 4/512 channels masked
Layer layer4.1.conv1.weight: 10/512 channels masked
------------------------- time cost ------------------------- 25.794713735580444
[PFedBA] Round 762: optimizing class-conditional trigger bank...
[PFedBA] trigger_opt total=8.7059 grad=0.6820 loss_align=7.6388 attack=0.3852 norm=28.4326

-------------Round number: 761-------------

Evaluate personalized models
Averaged Train Loss: 0.0013
Averaged Test Accurancy: 0.7765
Averaged Test AUC: 0.9647
Std Test Accurancy: 0.0680
Std Test AUC: 0.0174
ASR: 0.06773556301698493
attack_auc: 0.5875444505351457
Layer layer2.0.downsample.0.weight: 1/128 channels masked
Layer layer3.0.conv2.weight: 1/256 channels masked
Layer layer3.0.downsample.0.weight: 1/256 channels masked
Layer layer3.1.conv1.weight: 1/256 channels masked
Layer layer4.0.conv1.weight: 1/512 channels masked
Layer layer4.0.conv2.weight: 4/512 channels masked
Layer layer4.0.downsample.0.weight: 4/512 channels masked
Layer layer4.1.conv1.weight: 10/512 channels masked
------------------------- time cost ------------------------- 25.822054386138916
[PFedBA] Round 763: optimizing class-conditional trigger bank...
[PFedBA] trigger_opt total=8.5417 grad=0.7002 loss_align=7.4708 attack=0.3706 norm=28.4344

-------------Round number: 762-------------

Evaluate personalized models
Averaged Train Loss: 0.0014
Averaged Test Accurancy: 0.7778
Averaged Test AUC: 0.9651
Std Test Accurancy: 0.0689
Std Test AUC: 0.0174
ASR: 0.0657962333684086
attack_auc: 0.5942668095672333
Layer layer2.0.downsample.0.weight: 1/128 channels masked
Layer layer3.0.conv2.weight: 1/256 channels masked
Layer layer3.0.downsample.0.weight: 1/256 channels masked
Layer layer4.0.conv1.weight: 1/512 channels masked
Layer layer4.0.conv2.weight: 4/512 channels masked
Layer layer4.0.downsample.0.weight: 4/512 channels masked
Layer layer4.1.conv1.weight: 10/512 channels masked
------------------------- time cost ------------------------- 25.900653839111328
[PFedBA] Round 764: optimizing class-conditional trigger bank...
[PFedBA] trigger_opt total=8.6846 grad=0.7056 loss_align=7.4420 attack=0.5370 norm=28.4337

-------------Round number: 763-------------

Evaluate personalized models
Averaged Train Loss: 0.0014
Averaged Test Accurancy: 0.7774
Averaged Test AUC: 0.9649
Std Test Accurancy: 0.0751
Std Test AUC: 0.0177
ASR: 0.06345117031192826
attack_auc: 0.5925776596452473
Layer layer2.0.downsample.0.weight: 1/128 channels masked
Layer layer3.0.conv2.weight: 1/256 channels masked
Layer layer3.0.downsample.0.weight: 1/256 channels masked
Layer layer3.1.conv1.weight: 1/256 channels masked
Layer layer4.0.conv1.weight: 1/512 channels masked
Layer layer4.0.conv2.weight: 4/512 channels masked
Layer layer4.0.downsample.0.weight: 4/512 channels masked
Layer layer4.1.conv1.weight: 10/512 channels masked
------------------------- time cost ------------------------- 25.96126127243042
[PFedBA] Round 765: optimizing class-conditional trigger bank...
[PFedBA] trigger_opt total=8.4982 grad=0.7116 loss_align=7.3291 attack=0.4576 norm=28.4326

-------------Round number: 764-------------

Evaluate personalized models
Averaged Train Loss: 0.0016
Averaged Test Accurancy: 0.7790
Averaged Test AUC: 0.9647
Std Test Accurancy: 0.0717
Std Test AUC: 0.0176
ASR: 0.06528765253109686
attack_auc: 0.5928014437866481
Layer layer2.0.downsample.0.weight: 1/128 channels masked
Layer layer3.0.conv2.weight: 1/256 channels masked
Layer layer3.0.downsample.0.weight: 1/256 channels masked
Layer layer3.1.conv1.weight: 1/256 channels masked
Layer layer4.0.conv1.weight: 1/512 channels masked
Layer layer4.0.conv2.weight: 4/512 channels masked
Layer layer4.0.downsample.0.weight: 4/512 channels masked
Layer layer4.1.conv1.weight: 10/512 channels masked
------------------------- time cost ------------------------- 26.20550513267517
[PFedBA] Round 766: optimizing class-conditional trigger bank...
[PFedBA] trigger_opt total=8.4971 grad=0.6671 loss_align=7.4643 attack=0.3657 norm=28.4322

-------------Round number: 765-------------

Evaluate personalized models
Averaged Train Loss: 0.0015
Averaged Test Accurancy: 0.7780
Averaged Test AUC: 0.9649
Std Test Accurancy: 0.0728
Std Test AUC: 0.0177
ASR: 0.0654807828703866
attack_auc: 0.5931690518314501
Layer layer2.0.downsample.0.weight: 1/128 channels masked
Layer layer3.0.conv2.weight: 1/256 channels masked
Layer layer3.0.downsample.0.weight: 1/256 channels masked
Layer layer3.1.conv1.weight: 1/256 channels masked
Layer layer4.0.conv1.weight: 1/512 channels masked
Layer layer4.0.conv2.weight: 4/512 channels masked
Layer layer4.0.downsample.0.weight: 4/512 channels masked
Layer layer4.1.conv1.weight: 10/512 channels masked
------------------------- time cost ------------------------- 25.742668628692627
[PFedBA] Round 767: optimizing class-conditional trigger bank...
[PFedBA] trigger_opt total=8.4397 grad=0.7165 loss_align=7.1453 attack=0.5778 norm=28.4315

-------------Round number: 766-------------

Evaluate personalized models
Averaged Train Loss: 0.0014
Averaged Test Accurancy: 0.7803
Averaged Test AUC: 0.9649
Std Test Accurancy: 0.0706
Std Test AUC: 0.0181
ASR: 0.05879251111392225
attack_auc: 0.5902031657727367
Layer layer2.0.downsample.0.weight: 1/128 channels masked
Layer layer3.0.conv2.weight: 1/256 channels masked
Layer layer3.0.downsample.0.weight: 1/256 channels masked
Layer layer3.1.conv1.weight: 1/256 channels masked
Layer layer4.0.conv1.weight: 1/512 channels masked
Layer layer4.0.conv2.weight: 4/512 channels masked
Layer layer4.0.downsample.0.weight: 4/512 channels masked
Layer layer4.1.conv1.weight: 10/512 channels masked
------------------------- time cost ------------------------- 26.11016821861267
[PFedBA] Round 768: optimizing class-conditional trigger bank...
[PFedBA] trigger_opt total=8.4627 grad=0.7675 loss_align=7.2689 attack=0.4264 norm=28.4332

-------------Round number: 767-------------

Evaluate personalized models
Averaged Train Loss: 0.0018
Averaged Test Accurancy: 0.7801
Averaged Test AUC: 0.9648
Std Test Accurancy: 0.0717
Std Test AUC: 0.0177
ASR: 0.0627430041958343
attack_auc: 0.5885057308022971
Layer layer2.0.downsample.0.weight: 1/128 channels masked
Layer layer3.0.conv2.weight: 1/256 channels masked
Layer layer3.0.downsample.0.weight: 1/256 channels masked
Layer layer4.0.conv1.weight: 1/512 channels masked
Layer layer4.0.conv2.weight: 4/512 channels masked
Layer layer4.0.downsample.0.weight: 4/512 channels masked
Layer layer4.1.conv1.weight: 10/512 channels masked
------------------------- time cost ------------------------- 26.106704711914062
[PFedBA] Round 769: optimizing class-conditional trigger bank...
[PFedBA] trigger_opt total=8.3988 grad=0.6978 loss_align=7.2431 attack=0.4580 norm=28.4320

-------------Round number: 768-------------

Evaluate personalized models
Averaged Train Loss: 0.0014
Averaged Test Accurancy: 0.7791
Averaged Test AUC: 0.9647
Std Test Accurancy: 0.0708
Std Test AUC: 0.0179
ASR: 0.06285507956216331
attack_auc: 0.5913225437977315
Layer layer2.0.downsample.0.weight: 1/128 channels masked
Layer layer3.0.conv2.weight: 1/256 channels masked
Layer layer3.0.downsample.0.weight: 1/256 channels masked
Layer layer4.0.conv1.weight: 1/512 channels masked
Layer layer4.0.conv2.weight: 4/512 channels masked
Layer layer4.0.downsample.0.weight: 4/512 channels masked
Layer layer4.1.conv1.weight: 10/512 channels masked
------------------------- time cost ------------------------- 25.77073836326599
[PFedBA] Round 770: optimizing class-conditional trigger bank...
[PFedBA] trigger_opt total=8.3842 grad=0.6871 loss_align=7.2186 attack=0.4785 norm=28.4312

-------------Round number: 769-------------

Evaluate personalized models
Averaged Train Loss: 0.0013
Averaged Test Accurancy: 0.7770
Averaged Test AUC: 0.9649
Std Test Accurancy: 0.0727
Std Test AUC: 0.0181
ASR: 0.0623438237377139
attack_auc: 0.5907809994404426
Layer layer2.0.downsample.0.weight: 1/128 channels masked
Layer layer3.0.conv2.weight: 1/256 channels masked
Layer layer3.0.downsample.0.weight: 1/256 channels masked
Layer layer4.0.conv1.weight: 1/512 channels masked
Layer layer4.0.conv2.weight: 4/512 channels masked
Layer layer4.0.downsample.0.weight: 4/512 channels masked
Layer layer4.1.conv1.weight: 10/512 channels masked
------------------------- time cost ------------------------- 26.025065898895264
[PFedBA] Round 771: optimizing class-conditional trigger bank...
[PFedBA] trigger_opt total=8.8584 grad=0.7705 loss_align=7.5546 attack=0.5332 norm=28.4319

-------------Round number: 770-------------

Evaluate personalized models
Averaged Train Loss: 0.0013
Averaged Test Accurancy: 0.7773
Averaged Test AUC: 0.9649
Std Test Accurancy: 0.0707
Std Test AUC: 0.0179
ASR: 0.06033469561292426
attack_auc: 0.589418491094891
Layer layer2.0.downsample.0.weight: 1/128 channels masked
Layer layer3.0.conv2.weight: 1/256 channels masked
Layer layer3.0.downsample.0.weight: 1/256 channels masked
Layer layer4.0.conv1.weight: 1/512 channels masked
Layer layer4.0.conv2.weight: 4/512 channels masked
Layer layer4.0.downsample.0.weight: 4/512 channels masked
Layer layer4.1.conv1.weight: 10/512 channels masked
------------------------- time cost ------------------------- 25.82082986831665
[PFedBA] Round 772: optimizing class-conditional trigger bank...
[PFedBA] trigger_opt total=8.3708 grad=0.7167 loss_align=7.1846 attack=0.4695 norm=28.4328

-------------Round number: 771-------------

Evaluate personalized models
Averaged Train Loss: 0.0015
Averaged Test Accurancy: 0.7789
Averaged Test AUC: 0.9650
Std Test Accurancy: 0.0705
Std Test AUC: 0.0179
ASR: 0.06069588587609316
attack_auc: 0.5882074297311508
Layer layer2.0.downsample.0.weight: 1/128 channels masked
Layer layer3.0.conv2.weight: 1/256 channels masked
Layer layer3.0.downsample.0.weight: 1/256 channels masked
Layer layer4.0.conv1.weight: 1/512 channels masked
Layer layer4.0.conv2.weight: 4/512 channels masked
Layer layer4.0.downsample.0.weight: 4/512 channels masked
Layer layer4.1.conv1.weight: 10/512 channels masked
------------------------- time cost ------------------------- 25.985770225524902
[PFedBA] Round 773: optimizing class-conditional trigger bank...
[PFedBA] trigger_opt total=8.5881 grad=0.7090 loss_align=7.3301 attack=0.5490 norm=28.4332

-------------Round number: 772-------------

Evaluate personalized models
Averaged Train Loss: 0.0014
Averaged Test Accurancy: 0.7807
Averaged Test AUC: 0.9649
Std Test Accurancy: 0.0713
Std Test AUC: 0.0180
ASR: 0.05699034520270458
attack_auc: 0.5900151941033909
Layer layer2.0.downsample.0.weight: 1/128 channels masked
Layer layer3.0.conv2.weight: 1/256 channels masked
Layer layer3.0.downsample.0.weight: 1/256 channels masked
Layer layer4.0.conv1.weight: 1/512 channels masked
Layer layer4.0.conv2.weight: 4/512 channels masked
Layer layer4.0.downsample.0.weight: 4/512 channels masked
Layer layer4.1.conv1.weight: 10/512 channels masked
------------------------- time cost ------------------------- 26.037353515625
[PFedBA] Round 774: optimizing class-conditional trigger bank...
[PFedBA] trigger_opt total=8.6270 grad=0.7644 loss_align=7.5503 attack=0.3123 norm=28.4325

-------------Round number: 773-------------

Evaluate personalized models
Averaged Train Loss: 0.0018
Averaged Test Accurancy: 0.7785
Averaged Test AUC: 0.9646
Std Test Accurancy: 0.0669
Std Test AUC: 0.0176
ASR: 0.05975471221260733
attack_auc: 0.5890934863394954
Layer layer2.0.downsample.0.weight: 1/128 channels masked
Layer layer3.0.conv2.weight: 1/256 channels masked
Layer layer3.0.downsample.0.weight: 1/256 channels masked
Layer layer4.0.conv1.weight: 1/512 channels masked
Layer layer4.0.conv2.weight: 4/512 channels masked
Layer layer4.0.downsample.0.weight: 4/512 channels masked
Layer layer4.1.conv1.weight: 10/512 channels masked
------------------------- time cost ------------------------- 26.95070791244507
[PFedBA] Round 775: optimizing class-conditional trigger bank...
[PFedBA] trigger_opt total=8.5515 grad=0.6937 loss_align=7.3271 attack=0.5307 norm=28.4336

-------------Round number: 774-------------

Evaluate personalized models
Averaged Train Loss: 0.0015
Averaged Test Accurancy: 0.7758
Averaged Test AUC: 0.9646
Std Test Accurancy: 0.0717
Std Test AUC: 0.0182
ASR: 0.06384731777092041
attack_auc: 0.5911429956674874
Layer layer2.0.downsample.0.weight: 1/128 channels masked
Layer layer3.0.conv2.weight: 1/256 channels masked
Layer layer3.0.downsample.0.weight: 1/256 channels masked
Layer layer4.0.conv1.weight: 1/512 channels masked
Layer layer4.0.conv2.weight: 4/512 channels masked
Layer layer4.0.downsample.0.weight: 4/512 channels masked
Layer layer4.1.conv1.weight: 10/512 channels masked
------------------------- time cost ------------------------- 26.140125036239624
[PFedBA] Round 776: optimizing class-conditional trigger bank...
[PFedBA] trigger_opt total=8.8975 grad=0.7974 loss_align=7.6405 attack=0.4596 norm=28.4326

-------------Round number: 775-------------

Evaluate personalized models
Averaged Train Loss: 0.0014
Averaged Test Accurancy: 0.7813
Averaged Test AUC: 0.9650
Std Test Accurancy: 0.0719
Std Test AUC: 0.0177
ASR: 0.06261027964885602
attack_auc: 0.5891845127202184
Layer layer2.0.downsample.0.weight: 1/128 channels masked
Layer layer3.0.conv2.weight: 1/256 channels masked
Layer layer3.0.downsample.0.weight: 1/256 channels masked
Layer layer4.0.conv1.weight: 1/512 channels masked
Layer layer4.0.conv2.weight: 4/512 channels masked
Layer layer4.0.downsample.0.weight: 4/512 channels masked
Layer layer4.1.conv1.weight: 10/512 channels masked
------------------------- time cost ------------------------- 25.996236562728882
[PFedBA] Round 777: optimizing class-conditional trigger bank...
[PFedBA] trigger_opt total=8.0889 grad=0.7375 loss_align=6.8303 attack=0.5211 norm=28.4332

-------------Round number: 776-------------

Evaluate personalized models
Averaged Train Loss: 0.0013
Averaged Test Accurancy: 0.7801
Averaged Test AUC: 0.9647
Std Test Accurancy: 0.0707
Std Test AUC: 0.0181
ASR: 0.059693369365565796
attack_auc: 0.5877729768218511
Layer layer2.0.downsample.0.weight: 1/128 channels masked
Layer layer3.0.conv2.weight: 1/256 channels masked
Layer layer3.0.downsample.0.weight: 1/256 channels masked
Layer layer4.0.conv1.weight: 1/512 channels masked
Layer layer4.0.conv2.weight: 4/512 channels masked
Layer layer4.0.downsample.0.weight: 4/512 channels masked
Layer layer4.1.conv1.weight: 10/512 channels masked
------------------------- time cost ------------------------- 25.921369075775146
[PFedBA] Round 778: optimizing class-conditional trigger bank...
[PFedBA] trigger_opt total=8.7420 grad=0.7508 loss_align=7.4545 attack=0.5368 norm=28.4315

-------------Round number: 777-------------

Evaluate personalized models
Averaged Train Loss: 0.0014
Averaged Test Accurancy: 0.7792
Averaged Test AUC: 0.9650
Std Test Accurancy: 0.0708
Std Test AUC: 0.0179
ASR: 0.06234971493810903
attack_auc: 0.5884204543280389
Layer layer2.0.downsample.0.weight: 1/128 channels masked
Layer layer3.0.conv2.weight: 1/256 channels masked
Layer layer3.0.downsample.0.weight: 1/256 channels masked
Layer layer4.0.conv1.weight: 1/512 channels masked
Layer layer4.0.conv2.weight: 4/512 channels masked
Layer layer4.0.downsample.0.weight: 4/512 channels masked
Layer layer4.1.conv1.weight: 10/512 channels masked
------------------------- time cost ------------------------- 25.77026891708374
[PFedBA] Round 779: optimizing class-conditional trigger bank...
[PFedBA] trigger_opt total=8.6917 grad=0.7572 loss_align=7.4989 attack=0.4356 norm=28.4320

-------------Round number: 778-------------

Evaluate personalized models
Averaged Train Loss: 0.0080
Averaged Test Accurancy: 0.7776
Averaged Test AUC: 0.9644
Std Test Accurancy: 0.0725
Std Test AUC: 0.0179
ASR: 0.06427626556729253
attack_auc: 0.5924010041717055
Layer layer2.0.downsample.0.weight: 1/128 channels masked
Layer layer3.0.conv2.weight: 1/256 channels masked
Layer layer3.0.downsample.0.weight: 1/256 channels masked
Layer layer4.0.conv1.weight: 1/512 channels masked
Layer layer4.0.conv2.weight: 4/512 channels masked
Layer layer4.0.downsample.0.weight: 4/512 channels masked
Layer layer4.1.conv1.weight: 10/512 channels masked
------------------------- time cost ------------------------- 25.820619583129883
[PFedBA] Round 780: optimizing class-conditional trigger bank...
[PFedBA] trigger_opt total=8.6535 grad=0.7373 loss_align=7.4989 attack=0.4172 norm=28.4338

-------------Round number: 779-------------

Evaluate personalized models
Averaged Train Loss: 0.0015
Averaged Test Accurancy: 0.7797
Averaged Test AUC: 0.9647
Std Test Accurancy: 0.0735
Std Test AUC: 0.0180
ASR: 0.06366821689311497
attack_auc: 0.5865491703625857
Layer layer2.0.downsample.0.weight: 1/128 channels masked
Layer layer3.0.conv2.weight: 1/256 channels masked
Layer layer3.0.downsample.0.weight: 1/256 channels masked
Layer layer4.0.conv1.weight: 1/512 channels masked
Layer layer4.0.conv2.weight: 4/512 channels masked
Layer layer4.0.downsample.0.weight: 4/512 channels masked
Layer layer4.1.conv1.weight: 10/512 channels masked
------------------------- time cost ------------------------- 26.377315521240234
[PFedBA] Round 781: optimizing class-conditional trigger bank...
[PFedBA] trigger_opt total=8.4683 grad=0.7288 loss_align=7.2851 attack=0.4544 norm=28.4331

-------------Round number: 780-------------

Evaluate personalized models
Averaged Train Loss: 0.0013
Averaged Test Accurancy: 0.7832
Averaged Test AUC: 0.9652
Std Test Accurancy: 0.0735
Std Test AUC: 0.0177
ASR: 0.06093228012521497
attack_auc: 0.5951516073823215
Layer layer2.0.downsample.0.weight: 1/128 channels masked
Layer layer3.0.conv2.weight: 1/256 channels masked
Layer layer3.0.downsample.0.weight: 1/256 channels masked
Layer layer4.0.conv1.weight: 1/512 channels masked
Layer layer4.0.conv2.weight: 4/512 channels masked
Layer layer4.0.downsample.0.weight: 4/512 channels masked
Layer layer4.1.conv1.weight: 10/512 channels masked
------------------------- time cost ------------------------- 26.26147150993347
[PFedBA] Round 782: optimizing class-conditional trigger bank...
[PFedBA] trigger_opt total=8.5967 grad=0.7102 loss_align=7.4878 attack=0.3988 norm=28.4328

-------------Round number: 781-------------

Evaluate personalized models
Averaged Train Loss: 0.0018
Averaged Test Accurancy: 0.7800
Averaged Test AUC: 0.9647
Std Test Accurancy: 0.0700
Std Test AUC: 0.0176
ASR: 0.06710141149304627
attack_auc: 0.5904203864330114
Layer layer2.0.downsample.0.weight: 1/128 channels masked
Layer layer3.0.conv2.weight: 1/256 channels masked
Layer layer3.0.downsample.0.weight: 1/256 channels masked
Layer layer4.0.conv1.weight: 1/512 channels masked
Layer layer4.0.conv2.weight: 4/512 channels masked
Layer layer4.0.downsample.0.weight: 4/512 channels masked
Layer layer4.1.conv1.weight: 10/512 channels masked
------------------------- time cost ------------------------- 26.50529956817627
[PFedBA] Round 783: optimizing class-conditional trigger bank...
[PFedBA] trigger_opt total=8.3730 grad=0.6750 loss_align=7.1723 attack=0.5257 norm=28.4305

-------------Round number: 782-------------

Evaluate personalized models
Averaged Train Loss: 0.0013
Averaged Test Accurancy: 0.7784
Averaged Test AUC: 0.9648
Std Test Accurancy: 0.0698
Std Test AUC: 0.0175
ASR: 0.05785845034289085
attack_auc: 0.5836887474566801
Layer layer2.0.downsample.0.weight: 1/128 channels masked
Layer layer3.0.conv2.weight: 1/256 channels masked
Layer layer3.0.downsample.0.weight: 1/256 channels masked
Layer layer4.0.conv1.weight: 1/512 channels masked
Layer layer4.0.conv2.weight: 4/512 channels masked
Layer layer4.0.downsample.0.weight: 4/512 channels masked
Layer layer4.1.conv1.weight: 10/512 channels masked
------------------------- time cost ------------------------- 25.780879735946655
[PFedBA] Round 784: optimizing class-conditional trigger bank...
[PFedBA] trigger_opt total=8.6898 grad=0.8113 loss_align=7.5209 attack=0.3576 norm=28.4283

-------------Round number: 783-------------

Evaluate personalized models
Averaged Train Loss: 0.0020
Averaged Test Accurancy: 0.7799
Averaged Test AUC: 0.9650
Std Test Accurancy: 0.0707
Std Test AUC: 0.0178
ASR: 0.06037417881032056
attack_auc: 0.5848510713687829
Layer layer2.0.downsample.0.weight: 1/128 channels masked
Layer layer3.0.conv2.weight: 1/256 channels masked
Layer layer3.0.downsample.0.weight: 1/256 channels masked
Layer layer3.1.conv1.weight: 1/256 channels masked
Layer layer4.0.conv1.weight: 1/512 channels masked
Layer layer4.0.conv2.weight: 4/512 channels masked
Layer layer4.0.downsample.0.weight: 4/512 channels masked
Layer layer4.1.conv1.weight: 10/512 channels masked
------------------------- time cost ------------------------- 25.949416875839233
[PFedBA] Round 785: optimizing class-conditional trigger bank...
[PFedBA] trigger_opt total=8.4908 grad=0.7758 loss_align=7.2153 attack=0.4997 norm=28.4283

-------------Round number: 784-------------

Evaluate personalized models
Averaged Train Loss: 0.0019
Averaged Test Accurancy: 0.7788
Averaged Test AUC: 0.9649
Std Test Accurancy: 0.0715
Std Test AUC: 0.0176
ASR: 0.06235025555402361
attack_auc: 0.5863996365067686
Layer layer2.0.downsample.0.weight: 1/128 channels masked
Layer layer3.0.conv2.weight: 1/256 channels masked
Layer layer3.0.downsample.0.weight: 1/256 channels masked
Layer layer3.1.conv1.weight: 1/256 channels masked
Layer layer4.0.conv1.weight: 1/512 channels masked
Layer layer4.0.conv2.weight: 4/512 channels masked
Layer layer4.0.downsample.0.weight: 4/512 channels masked
Layer layer4.1.conv1.weight: 10/512 channels masked
------------------------- time cost ------------------------- 26.074551820755005
[PFedBA] Round 786: optimizing class-conditional trigger bank...
[PFedBA] trigger_opt total=8.5487 grad=0.7709 loss_align=7.2535 attack=0.5244 norm=28.4289

-------------Round number: 785-------------

Evaluate personalized models
Averaged Train Loss: 0.0013
Averaged Test Accurancy: 0.7780
Averaged Test AUC: 0.9651
Std Test Accurancy: 0.0715
Std Test AUC: 0.0177
ASR: 0.060399244836812103
attack_auc: 0.5867909494268932
Layer layer2.0.downsample.0.weight: 1/128 channels masked
Layer layer3.0.conv2.weight: 1/256 channels masked
Layer layer3.0.downsample.0.weight: 1/256 channels masked
Layer layer3.1.conv1.weight: 1/256 channels masked
Layer layer4.0.conv1.weight: 1/512 channels masked
Layer layer4.0.conv2.weight: 4/512 channels masked
Layer layer4.0.downsample.0.weight: 4/512 channels masked
Layer layer4.1.conv1.weight: 10/512 channels masked
------------------------- time cost ------------------------- 25.982298374176025
[PFedBA] Round 787: optimizing class-conditional trigger bank...
[PFedBA] trigger_opt total=8.4934 grad=0.7762 loss_align=7.3519 attack=0.3653 norm=28.4290

-------------Round number: 786-------------

Evaluate personalized models
Averaged Train Loss: 0.0013
Averaged Test Accurancy: 0.7782
Averaged Test AUC: 0.9650
Std Test Accurancy: 0.0711
Std Test AUC: 0.0175
ASR: 0.06328930366224131
attack_auc: 0.591391321190773
Layer layer2.0.downsample.0.weight: 1/128 channels masked
Layer layer3.0.conv2.weight: 1/256 channels masked
Layer layer3.0.downsample.0.weight: 1/256 channels masked
Layer layer3.1.conv1.weight: 1/256 channels masked
Layer layer4.0.conv1.weight: 1/512 channels masked
Layer layer4.0.conv2.weight: 4/512 channels masked
Layer layer4.0.downsample.0.weight: 4/512 channels masked
Layer layer4.1.conv1.weight: 10/512 channels masked
------------------------- time cost ------------------------- 26.162854433059692
[PFedBA] Round 788: optimizing class-conditional trigger bank...
[PFedBA] trigger_opt total=8.1130 grad=0.6237 loss_align=7.0415 attack=0.4479 norm=28.4282

-------------Round number: 787-------------

Evaluate personalized models
Averaged Train Loss: 0.0019
Averaged Test Accurancy: 0.7793
Averaged Test AUC: 0.9651
Std Test Accurancy: 0.0731
Std Test AUC: 0.0177
ASR: 0.0634196425014395
attack_auc: 0.5918883747509394
Layer layer2.0.downsample.0.weight: 1/128 channels masked
Layer layer3.0.conv2.weight: 1/256 channels masked
Layer layer3.0.downsample.0.weight: 1/256 channels masked
Layer layer3.1.conv1.weight: 1/256 channels masked
Layer layer4.0.conv1.weight: 1/512 channels masked
Layer layer4.0.conv2.weight: 4/512 channels masked
Layer layer4.0.downsample.0.weight: 4/512 channels masked
Layer layer4.1.conv1.weight: 10/512 channels masked
------------------------- time cost ------------------------- 27.286095142364502
[PFedBA] Round 789: optimizing class-conditional trigger bank...
[PFedBA] trigger_opt total=8.9598 grad=0.8243 loss_align=7.7403 attack=0.3952 norm=28.4306

-------------Round number: 788-------------

Evaluate personalized models
Averaged Train Loss: 0.0014
Averaged Test Accurancy: 0.7788
Averaged Test AUC: 0.9650
Std Test Accurancy: 0.0699
Std Test AUC: 0.0178
ASR: 0.06564682830532827
attack_auc: 0.5927769316426675
Layer layer2.0.downsample.0.weight: 1/128 channels masked
Layer layer3.0.conv2.weight: 1/256 channels masked
Layer layer3.0.downsample.0.weight: 1/256 channels masked
Layer layer3.1.conv1.weight: 1/256 channels masked
Layer layer4.0.conv1.weight: 1/512 channels masked
Layer layer4.0.conv2.weight: 4/512 channels masked
Layer layer4.0.downsample.0.weight: 4/512 channels masked
Layer layer4.1.conv1.weight: 10/512 channels masked
------------------------- time cost ------------------------- 26.65891456604004
[PFedBA] Round 790: optimizing class-conditional trigger bank...
[PFedBA] trigger_opt total=8.3971 grad=0.8163 loss_align=7.1908 attack=0.3900 norm=28.4300

-------------Round number: 789-------------

Evaluate personalized models
Averaged Train Loss: 0.0015
Averaged Test Accurancy: 0.7799
Averaged Test AUC: 0.9647
Std Test Accurancy: 0.0693
Std Test AUC: 0.0178
ASR: 0.06712708140234559
attack_auc: 0.5938448418583495
Layer layer2.0.downsample.0.weight: 1/128 channels masked
Layer layer3.0.conv2.weight: 1/256 channels masked
Layer layer3.0.downsample.0.weight: 1/256 channels masked
Layer layer3.1.conv1.weight: 1/256 channels masked
Layer layer4.0.conv1.weight: 1/512 channels masked
Layer layer4.0.conv2.weight: 4/512 channels masked
Layer layer4.0.downsample.0.weight: 4/512 channels masked
Layer layer4.1.conv1.weight: 10/512 channels masked
------------------------- time cost ------------------------- 26.59222435951233
[PFedBA] Round 791: optimizing class-conditional trigger bank...
[PFedBA] trigger_opt total=8.7174 grad=0.6951 loss_align=7.6045 attack=0.4177 norm=28.4301

-------------Round number: 790-------------

Evaluate personalized models
Averaged Train Loss: 0.0013
Averaged Test Accurancy: 0.7810
Averaged Test AUC: 0.9648
Std Test Accurancy: 0.0705
Std Test AUC: 0.0179
ASR: 0.06278664807908416
attack_auc: 0.5893547287107264
Layer layer2.0.downsample.0.weight: 1/128 channels masked
Layer layer3.0.conv2.weight: 1/256 channels masked
Layer layer3.0.downsample.0.weight: 1/256 channels masked
Layer layer3.1.conv1.weight: 1/256 channels masked
Layer layer4.0.conv1.weight: 1/512 channels masked
Layer layer4.0.conv2.weight: 4/512 channels masked
Layer layer4.0.downsample.0.weight: 4/512 channels masked
Layer layer4.1.conv1.weight: 10/512 channels masked
------------------------- time cost ------------------------- 26.69123649597168
[PFedBA] Round 792: optimizing class-conditional trigger bank...
[PFedBA] trigger_opt total=8.6491 grad=0.6948 loss_align=7.4848 attack=0.4696 norm=28.4294

-------------Round number: 791-------------

Evaluate personalized models
Averaged Train Loss: 0.0014
Averaged Test Accurancy: 0.7806
Averaged Test AUC: 0.9651
Std Test Accurancy: 0.0694
Std Test AUC: 0.0175
ASR: 0.06396264464829303
attack_auc: 0.587720523700262
Layer layer2.0.downsample.0.weight: 1/128 channels masked
Layer layer3.0.conv2.weight: 1/256 channels masked
Layer layer3.0.downsample.0.weight: 1/256 channels masked
Layer layer3.1.conv1.weight: 1/256 channels masked
Layer layer4.0.conv1.weight: 1/512 channels masked
Layer layer4.0.conv2.weight: 4/512 channels masked
Layer layer4.0.downsample.0.weight: 4/512 channels masked
Layer layer4.1.conv1.weight: 10/512 channels masked
------------------------- time cost ------------------------- 26.895057678222656
[PFedBA] Round 793: optimizing class-conditional trigger bank...
[PFedBA] trigger_opt total=8.3107 grad=0.6759 loss_align=7.1349 attack=0.4999 norm=28.4288

-------------Round number: 792-------------

Evaluate personalized models
Averaged Train Loss: 0.0018
Averaged Test Accurancy: 0.7816
Averaged Test AUC: 0.9649
Std Test Accurancy: 0.0716
Std Test AUC: 0.0177
ASR: 0.06348986659635379
attack_auc: 0.5872671722251713
Layer layer2.0.downsample.0.weight: 1/128 channels masked
Layer layer3.0.conv2.weight: 1/256 channels masked
Layer layer3.0.downsample.0.weight: 1/256 channels masked
Layer layer3.1.conv1.weight: 1/256 channels masked
Layer layer4.0.conv1.weight: 1/512 channels masked
Layer layer4.0.conv2.weight: 4/512 channels masked
Layer layer4.0.downsample.0.weight: 4/512 channels masked
Layer layer4.1.conv1.weight: 10/512 channels masked
------------------------- time cost ------------------------- 26.013301849365234
[PFedBA] Round 794: optimizing class-conditional trigger bank...
[PFedBA] trigger_opt total=8.5998 grad=0.6891 loss_align=7.3965 attack=0.5142 norm=28.4289

-------------Round number: 793-------------

Evaluate personalized models
Averaged Train Loss: 0.0015
Averaged Test Accurancy: 0.7797
Averaged Test AUC: 0.9650
Std Test Accurancy: 0.0745
Std Test AUC: 0.0178
ASR: 0.05707101908407718
attack_auc: 0.5911287811661732
Layer layer2.0.downsample.0.weight: 1/128 channels masked
Layer layer3.0.conv2.weight: 1/256 channels masked
Layer layer3.0.downsample.0.weight: 1/256 channels masked
Layer layer4.0.conv1.weight: 1/512 channels masked
Layer layer4.0.conv2.weight: 4/512 channels masked
Layer layer4.0.downsample.0.weight: 4/512 channels masked
Layer layer4.1.conv1.weight: 10/512 channels masked
------------------------- time cost ------------------------- 26.019609212875366
[PFedBA] Round 795: optimizing class-conditional trigger bank...
[PFedBA] trigger_opt total=8.4220 grad=0.6647 loss_align=7.3059 attack=0.4514 norm=28.4272

-------------Round number: 794-------------

Evaluate personalized models
Averaged Train Loss: 0.0013
Averaged Test Accurancy: 0.7786
Averaged Test AUC: 0.9652
Std Test Accurancy: 0.0692
Std Test AUC: 0.0173
ASR: 0.06524500015220529
attack_auc: 0.5912047805310329
Layer layer2.0.downsample.0.weight: 1/128 channels masked
Layer layer3.0.conv2.weight: 1/256 channels masked
Layer layer3.0.downsample.0.weight: 1/256 channels masked
Layer layer4.0.conv1.weight: 1/512 channels masked
Layer layer4.0.conv2.weight: 4/512 channels masked
Layer layer4.0.downsample.0.weight: 4/512 channels masked
Layer layer4.1.conv1.weight: 10/512 channels masked
------------------------- time cost ------------------------- 25.832384824752808
[PFedBA] Round 796: optimizing class-conditional trigger bank...
[PFedBA] trigger_opt total=8.4842 grad=0.7096 loss_align=7.3499 attack=0.4246 norm=28.4266

-------------Round number: 795-------------

Evaluate personalized models
Averaged Train Loss: 0.0013
Averaged Test Accurancy: 0.7809
Averaged Test AUC: 0.9650
Std Test Accurancy: 0.0735
Std Test AUC: 0.0177
ASR: 0.062109048254440746
attack_auc: 0.5882849760039698
Layer layer2.0.downsample.0.weight: 1/128 channels masked
Layer layer3.0.conv2.weight: 1/256 channels masked
Layer layer3.0.downsample.0.weight: 1/256 channels masked
Layer layer4.0.conv1.weight: 1/512 channels masked
Layer layer4.0.conv2.weight: 4/512 channels masked
Layer layer4.0.downsample.0.weight: 4/512 channels masked
Layer layer4.1.conv1.weight: 10/512 channels masked
------------------------- time cost ------------------------- 26.102429151535034
[PFedBA] Round 797: optimizing class-conditional trigger bank...
[PFedBA] trigger_opt total=8.5549 grad=0.7288 loss_align=7.3477 attack=0.4783 norm=28.4231

-------------Round number: 796-------------

Evaluate personalized models
Averaged Train Loss: 0.0012
Averaged Test Accurancy: 0.7799
Averaged Test AUC: 0.9651
Std Test Accurancy: 0.0706
Std Test AUC: 0.0175
ASR: 0.05866032013849568
attack_auc: 0.5937956929190621
Layer layer2.0.downsample.0.weight: 1/128 channels masked
Layer layer3.0.conv2.weight: 1/256 channels masked
Layer layer3.0.downsample.0.weight: 1/256 channels masked
Layer layer4.0.conv1.weight: 1/512 channels masked
Layer layer4.0.conv2.weight: 4/512 channels masked
Layer layer4.0.downsample.0.weight: 4/512 channels masked
Layer layer4.1.conv1.weight: 10/512 channels masked
------------------------- time cost ------------------------- 25.96060061454773
[PFedBA] Round 798: optimizing class-conditional trigger bank...
[PFedBA] trigger_opt total=8.4688 grad=0.6868 loss_align=7.4400 attack=0.3420 norm=28.4220

-------------Round number: 797-------------

Evaluate personalized models
Averaged Train Loss: 0.0013
Averaged Test Accurancy: 0.7790
Averaged Test AUC: 0.9649
Std Test Accurancy: 0.0730
Std Test AUC: 0.0179
ASR: 0.06375255569245285
attack_auc: 0.5915555679699497
Layer layer2.0.downsample.0.weight: 1/128 channels masked
Layer layer3.0.conv2.weight: 1/256 channels masked
Layer layer3.0.downsample.0.weight: 1/256 channels masked
Layer layer4.0.conv1.weight: 1/512 channels masked
Layer layer4.0.conv2.weight: 4/512 channels masked
Layer layer4.0.downsample.0.weight: 5/512 channels masked
Layer layer4.1.conv1.weight: 10/512 channels masked
------------------------- time cost ------------------------- 25.907710075378418
[PFedBA] Round 799: optimizing class-conditional trigger bank...
[PFedBA] trigger_opt total=8.5889 grad=0.7539 loss_align=7.3643 attack=0.4706 norm=28.4206

-------------Round number: 798-------------

Evaluate personalized models
Averaged Train Loss: 0.0015
Averaged Test Accurancy: 0.7800
Averaged Test AUC: 0.9652
Std Test Accurancy: 0.0702
Std Test AUC: 0.0178
ASR: 0.06757465693977623
attack_auc: 0.5906155222645549
Layer layer2.0.downsample.0.weight: 1/128 channels masked
Layer layer3.0.conv2.weight: 1/256 channels masked
Layer layer3.0.downsample.0.weight: 1/256 channels masked
Layer layer4.0.conv1.weight: 1/512 channels masked
Layer layer4.0.conv2.weight: 4/512 channels masked
Layer layer4.0.downsample.0.weight: 5/512 channels masked
Layer layer4.1.conv1.weight: 10/512 channels masked
------------------------- time cost ------------------------- 26.02808427810669
[PFedBA] Round 800: optimizing class-conditional trigger bank...
[PFedBA] trigger_opt total=8.4391 grad=0.6545 loss_align=7.4402 attack=0.3444 norm=28.4202

-------------Round number: 799-------------

Evaluate personalized models
Averaged Train Loss: 0.0012
Averaged Test Accurancy: 0.7792
Averaged Test AUC: 0.9650
Std Test Accurancy: 0.0702
Std Test AUC: 0.0175
ASR: 0.06018209327238489
attack_auc: 0.5925255334858772
Layer layer2.0.downsample.0.weight: 1/128 channels masked
Layer layer3.0.conv2.weight: 1/256 channels masked
Layer layer3.0.downsample.0.weight: 1/256 channels masked
Layer layer4.0.conv1.weight: 1/512 channels masked
Layer layer4.0.conv2.weight: 4/512 channels masked
Layer layer4.0.downsample.0.weight: 5/512 channels masked
Layer layer4.1.conv1.weight: 10/512 channels masked
------------------------- time cost ------------------------- 25.78434991836548
[PFedBA] Round 801: optimizing class-conditional trigger bank...
[PFedBA] trigger_opt total=8.6433 grad=0.7006 loss_align=7.4327 attack=0.5100 norm=28.4194

-------------Round number: 800-------------

Evaluate personalized models
Averaged Train Loss: 0.0016
Averaged Test Accurancy: 0.7778
Averaged Test AUC: 0.9648
Std Test Accurancy: 0.0716
Std Test AUC: 0.0178
ASR: 0.06553775674704639
attack_auc: 0.5865695811580783
Layer layer2.0.downsample.0.weight: 1/128 channels masked
Layer layer3.0.conv2.weight: 1/256 channels masked
Layer layer3.0.downsample.0.weight: 1/256 channels masked
Layer layer4.0.conv1.weight: 1/512 channels masked
Layer layer4.0.conv2.weight: 4/512 channels masked
Layer layer4.0.downsample.0.weight: 5/512 channels masked
Layer layer4.1.conv1.weight: 10/512 channels masked
------------------------- time cost ------------------------- 25.90458059310913

Best accuracy.
0.7832057256990679

Average time cost per round.
26.255513625741006
File path: ./results/Cifar10_dir0.5_nclient_40_badpfl_adv5_FedCLCM_tau_8_0.h5

Average time cost: 21032.63s.
Length:  801
std for best accurancy: 0.0
mean for best accurancy: 0.7832057256990679
All done!
