==================================================
goal = s3_avg_blend
device = cuda
join_ratio = 0.1
device_id = 1
dataset = Cifar10_dir0.5_bdoor0.2_nclient_100_blend_adv10
num_classes = 10
model = ResNet18
batch_size = 64
local_learning_rate = 0.1
learning_rate_decay = False
learning_rate_decay_gamma = 0.99
global_rounds = 600
top_cnt = 100
local_epochs = 1
algorithm = FedAvg
num_clients = 100
eval_gap = 1
save_folder_name = items
auto_break = False
batch_num_per_client = 2
feature_dim = 512
vocab_size = 32000
max_len = 200
client_drop_rate = 0.0
time_select = False
time_threthold = 10000
send_slow_rate = 0.0
beta = 0.0
lamda = 1.0
mu = 0.0
K = 5
p_learning_rate = 0.01
M = 5
itk = 4000
alphaK = 1.0
sigma = 1.0
alpha = 1.0
plocal_epochs = 1
lr_head = 0.005
tau = 1.0
fine_tuning_epochs = 10
dr_learning_rate = 0.0
L = 1.0
noise_dim = 512
generator_learning_rate = 0.005
hidden_dim = 512
server_epochs = 1000
localize_feature_extractor = False
server_learning_rate = 1.0
eta = 1.0
rand_percent = 80
layer_idx = 2
mentee_learning_rate = 0.005
T_start = 0.95
T_end = 0.98
momentum = 0.1
kl_weight = 0.0
disti_epochs = 1
protect_id = 1
adv_eps = 0.1
adv_num_iter = 5
defense_epochs = 1
clean_data = 5000
sdmk_m = 7
sdmk_k = 5
delta = 0.5
sim_threshold = 0.7
rt_beta = 0.2
num_adv_clients = 10
lambda_cl = 0.5
aug_strength = 0.1
mask_tau = 2.0
mask_alpha = 0.3
enable_channel_mask = True
cosine_gate = False
cosine_gate_threshold = 0.3
cosine_gate_alpha = 0.5
trim_high_layers = 
trim_beta_high = None
trim_beta_low = None
attack = none
ba_target_label = 0
ba_poison_rate = 0.2
ba_trigger_gen_steps = 30
ba_trigger_gen_lr = 0.01
ba_pgd_eps = 0.0314
ba_trigger_scale = 8.0
pfedba_target_label = 0
pfedba_poison_rate = 0.5
pfedba_poison_count = -1
pfedba_poison_before_start = False
pfedba_attack_start = 30
pfedba_trigger_opt_steps = 15
pfedba_trigger_lr = 0.1
pfedba_init_value = 0.5
pfedba_patch_size = 8
pfedba_patch_position = center
pfedba_img_c = 3
pfedba_img_h = 32
pfedba_img_w = 32
pfedba_align_grad_weight = 1.0
pfedba_align_loss_weight = 1.0
pfedba_attack_loss_weight = 1.0
pfedba_opt_samples_per_class = 100
pfedba_opt_batch_size = 64
pfedba_opt_max_batches_per_client = 20
logit_analysis = False
logit_reject_thresholds = 0.5,0.6,0.7,0.8
logit_entropy_thresholds = 1.0,1.5,2.0
logit_margin_thresholds = 0.1,0.2,0.3
==================================================

============= Running time: 0th =============
Creating server and clients ...
ResNet(
  (conv1): Conv2d(3, 64, kernel_size=(3, 3), stride=(1, 1), padding=(1, 1), bias=False)
  (bn1): BatchNorm2d(64, eps=1e-05, momentum=0.1, affine=True, track_running_stats=True)
  (relu): ReLU(inplace=True)
  (layer1): Sequential(
    (0): BasicBlock(
      (conv1): Conv2d(64, 64, kernel_size=(3, 3), stride=(1, 1), padding=(1, 1), bias=False)
      (bn1): BatchNorm2d(64, eps=1e-05, momentum=0.1, affine=True, track_running_stats=True)
      (relu): ReLU(inplace=True)
      (conv2): Conv2d(64, 64, kernel_size=(3, 3), stride=(1, 1), padding=(1, 1), bias=False)
      (bn2): BatchNorm2d(64, eps=1e-05, momentum=0.1, affine=True, track_running_stats=True)
    )
    (1): BasicBlock(
      (conv1): Conv2d(64, 64, kernel_size=(3, 3), stride=(1, 1), padding=(1, 1), bias=False)
      (bn1): BatchNorm2d(64, eps=1e-05, momentum=0.1, affine=True, track_running_stats=True)
      (relu): ReLU(inplace=True)
      (conv2): Conv2d(64, 64, kernel_size=(3, 3), stride=(1, 1), padding=(1, 1), bias=False)
      (bn2): BatchNorm2d(64, eps=1e-05, momentum=0.1, affine=True, track_running_stats=True)
    )
  )
  (layer2): Sequential(
    (0): BasicBlock(
      (conv1): Conv2d(64, 128, kernel_size=(3, 3), stride=(2, 2), padding=(1, 1), bias=False)
      (bn1): BatchNorm2d(128, eps=1e-05, momentum=0.1, affine=True, track_running_stats=True)
      (relu): ReLU(inplace=True)
      (conv2): Conv2d(128, 128, kernel_size=(3, 3), stride=(1, 1), padding=(1, 1), bias=False)
      (bn2): BatchNorm2d(128, eps=1e-05, momentum=0.1, affine=True, track_running_stats=True)
      (downsample): Sequential(
        (0): Conv2d(64, 128, kernel_size=(1, 1), stride=(2, 2), bias=False)
        (1): BatchNorm2d(128, eps=1e-05, momentum=0.1, affine=True, track_running_stats=True)
      )
    )
    (1): BasicBlock(
      (conv1): Conv2d(128, 128, kernel_size=(3, 3), stride=(1, 1), padding=(1, 1), bias=False)
      (bn1): BatchNorm2d(128, eps=1e-05, momentum=0.1, affine=True, track_running_stats=True)
      (relu): ReLU(inplace=True)
      (conv2): Conv2d(128, 128, kernel_size=(3, 3), stride=(1, 1), padding=(1, 1), bias=False)
      (bn2): BatchNorm2d(128, eps=1e-05, momentum=0.1, affine=True, track_running_stats=True)
    )
  )
  (layer3): Sequential(
    (0): BasicBlock(
      (conv1): Conv2d(128, 256, kernel_size=(3, 3), stride=(2, 2), padding=(1, 1), bias=False)
      (bn1): BatchNorm2d(256, eps=1e-05, momentum=0.1, affine=True, track_running_stats=True)
      (relu): ReLU(inplace=True)
      (conv2): Conv2d(256, 256, kernel_size=(3, 3), stride=(1, 1), padding=(1, 1), bias=False)
      (bn2): BatchNorm2d(256, eps=1e-05, momentum=0.1, affine=True, track_running_stats=True)
      (downsample): Sequential(
        (0): Conv2d(128, 256, kernel_size=(1, 1), stride=(2, 2), bias=False)
        (1): BatchNorm2d(256, eps=1e-05, momentum=0.1, affine=True, track_running_stats=True)
      )
    )
    (1): BasicBlock(
      (conv1): Conv2d(256, 256, kernel_size=(3, 3), stride=(1, 1), padding=(1, 1), bias=False)
      (bn1): BatchNorm2d(256, eps=1e-05, momentum=0.1, affine=True, track_running_stats=True)
      (relu): ReLU(inplace=True)
      (conv2): Conv2d(256, 256, kernel_size=(3, 3), stride=(1, 1), padding=(1, 1), bias=False)
      (bn2): BatchNorm2d(256, eps=1e-05, momentum=0.1, affine=True, track_running_stats=True)
    )
  )
  (layer4): Sequential(
    (0): BasicBlock(
      (conv1): Conv2d(256, 512, kernel_size=(3, 3), stride=(2, 2), padding=(1, 1), bias=False)
      (bn1): BatchNorm2d(512, eps=1e-05, momentum=0.1, affine=True, track_running_stats=True)
      (relu): ReLU(inplace=True)
      (conv2): Conv2d(512, 512, kernel_size=(3, 3), stride=(1, 1), padding=(1, 1), bias=False)
      (bn2): BatchNorm2d(512, eps=1e-05, momentum=0.1, affine=True, track_running_stats=True)
      (downsample): Sequential(
        (0): Conv2d(256, 512, kernel_size=(1, 1), stride=(2, 2), bias=False)
        (1): BatchNorm2d(512, eps=1e-05, momentum=0.1, affine=True, track_running_stats=True)
      )
    )
    (1): BasicBlock(
      (conv1): Conv2d(512, 512, kernel_size=(3, 3), stride=(1, 1), padding=(1, 1), bias=False)
      (bn1): BatchNorm2d(512, eps=1e-05, momentum=0.1, affine=True, track_running_stats=True)
      (relu): ReLU(inplace=True)
      (conv2): Conv2d(512, 512, kernel_size=(3, 3), stride=(1, 1), padding=(1, 1), bias=False)
      (bn2): BatchNorm2d(512, eps=1e-05, momentum=0.1, affine=True, track_running_stats=True)
    )
  )
  (avgpool): AdaptiveAvgPool2d(output_size=(1, 1))
  (fc): Linear(in_features=512, out_features=10, bias=True)
)

Join ratio / total clients: 0.1 / 100
Finished creating server and clients.

-------------Round number: 0-------------

Evaluate global model
Averaged Train Loss: 2.4221
Averaged Test Accurancy: 0.1065
Averaged Test AUC: 0.5006
Std Test Accurancy: 0.1360
Std Test AUC: 0.1313
ASR : 0.003942652329749104
attack_auc : 0.7410682262740693
------------------------- time cost ------------------------- 12.487164974212646

-------------Round number: 1-------------

Evaluate global model
Averaged Train Loss: 18.0524
Averaged Test Accurancy: 0.1394
Averaged Test AUC: 0.5142
Std Test Accurancy: 0.1251
Std Test AUC: 0.1327
ASR : 0.019613188605810437
attack_auc : 0.640531873903672
------------------------- time cost ------------------------- 12.816038846969604

-------------Round number: 2-------------

Evaluate global model
Averaged Train Loss: 29.2863
Averaged Test Accurancy: 0.1231
Averaged Test AUC: 0.5170
Std Test Accurancy: 0.1270
Std Test AUC: 0.1606
ASR : 0.10665655131045959
attack_auc : 0.8102276750438304
------------------------- time cost ------------------------- 11.980634450912476

-------------Round number: 3-------------

Evaluate global model
Averaged Train Loss: 14.8277
Averaged Test Accurancy: 0.1171
Averaged Test AUC: 0.5136
Std Test Accurancy: 0.1125
Std Test AUC: 0.1495
ASR : 0.012911813348911644
attack_auc : 0.7429907117812665
------------------------- time cost ------------------------- 11.73483419418335

-------------Round number: 4-------------

Evaluate global model
Averaged Train Loss: 13.3928
Averaged Test Accurancy: 0.1383
Averaged Test AUC: 0.5430
Std Test Accurancy: 0.1512
Std Test AUC: 0.1531
ASR : 0.6740635787684587
attack_auc : 0.8441011376940791
------------------------- time cost ------------------------- 13.005598545074463

-------------Round number: 5-------------

Evaluate global model
Averaged Train Loss: 11.3657
Averaged Test Accurancy: 0.1250
Averaged Test AUC: 0.5387
Std Test Accurancy: 0.1230
Std Test AUC: 0.1576
ASR : 0.002318299706213936
attack_auc : 0.08307904163712175
------------------------- time cost ------------------------- 12.147833347320557

-------------Round number: 6-------------

Evaluate global model
Averaged Train Loss: 8.6108
Averaged Test Accurancy: 0.1470
Averaged Test AUC: 0.5849
Std Test Accurancy: 0.1525
Std Test AUC: 0.1432
ASR : 0.5447156138499903
attack_auc : 0.6928352247997679
------------------------- time cost ------------------------- 12.070093154907227

-------------Round number: 7-------------

Evaluate global model
Averaged Train Loss: 7.1984
Averaged Test Accurancy: 0.1810
Averaged Test AUC: 0.5734
Std Test Accurancy: 0.1649
Std Test AUC: 0.1613
ASR : 0.4745714883469945
attack_auc : 0.6595253856984025
------------------------- time cost ------------------------- 12.908182621002197

-------------Round number: 8-------------

Evaluate global model
Averaged Train Loss: 8.6591
Averaged Test Accurancy: 0.1822
Averaged Test AUC: 0.5771
Std Test Accurancy: 0.1409
Std Test AUC: 0.1583
ASR : 0.4689239925150287
attack_auc : 0.6994868600627144
------------------------- time cost ------------------------- 12.068862199783325

-------------Round number: 9-------------

Evaluate global model
Averaged Train Loss: 5.1860
Averaged Test Accurancy: 0.1226
Averaged Test AUC: 0.5840
Std Test Accurancy: 0.1150
Std Test AUC: 0.1535
ASR : 0.06242109491949113
attack_auc : 0.6389483147604806
------------------------- time cost ------------------------- 11.923646926879883

-------------Round number: 10-------------

Evaluate global model
Averaged Train Loss: 4.7641
Averaged Test Accurancy: 0.1585
Averaged Test AUC: 0.5972
Std Test Accurancy: 0.1216
Std Test AUC: 0.1459
ASR : 0.03817422391227492
attack_auc : 0.5484117579589699
------------------------- time cost ------------------------- 12.66673755645752

-------------Round number: 11-------------

Evaluate global model
Averaged Train Loss: 4.4758
Averaged Test Accurancy: 0.2049
Averaged Test AUC: 0.6156
Std Test Accurancy: 0.1544
Std Test AUC: 0.1486
ASR : 0.2672779879818718
attack_auc : 0.606942340293105
------------------------- time cost ------------------------- 12.345919609069824

-------------Round number: 12-------------

Evaluate global model
Averaged Train Loss: 3.7911
Averaged Test Accurancy: 0.1949
Averaged Test AUC: 0.6184
Std Test Accurancy: 0.1375
Std Test AUC: 0.1496
ASR : 0.31072714477007785
attack_auc : 0.5930491508420989
------------------------- time cost ------------------------- 11.993860960006714

-------------Round number: 13-------------

Evaluate global model
Averaged Train Loss: 4.0901
Averaged Test Accurancy: 0.1769
Averaged Test AUC: 0.6137
Std Test Accurancy: 0.1291
Std Test AUC: 0.1448
ASR : 0.2937022631060834
attack_auc : 0.6347244355388065
------------------------- time cost ------------------------- 12.788583755493164

-------------Round number: 14-------------

Evaluate global model
Averaged Train Loss: 3.8888
Averaged Test Accurancy: 0.1475
Averaged Test AUC: 0.6203
Std Test Accurancy: 0.1285
Std Test AUC: 0.1368
ASR : 0.33711660696397067
attack_auc : 0.6844201239933261
------------------------- time cost ------------------------- 12.409152030944824

-------------Round number: 15-------------

Evaluate global model
Averaged Train Loss: 3.3448
Averaged Test Accurancy: 0.1735
Averaged Test AUC: 0.6458
Std Test Accurancy: 0.1371
Std Test AUC: 0.1198
ASR : 0.39052887954088
attack_auc : 0.686064480267774
------------------------- time cost ------------------------- 11.993067979812622

-------------Round number: 16-------------

Evaluate global model
Averaged Train Loss: 3.4775
Averaged Test Accurancy: 0.1811
Averaged Test AUC: 0.6342
Std Test Accurancy: 0.1278
Std Test AUC: 0.1272
ASR : 0.3482938295759955
attack_auc : 0.7082889435869989
------------------------- time cost ------------------------- 12.750662803649902

-------------Round number: 17-------------

Evaluate global model
Averaged Train Loss: 3.4072
Averaged Test Accurancy: 0.1425
Averaged Test AUC: 0.6111
Std Test Accurancy: 0.1257
Std Test AUC: 0.1334
ASR : 0.332636889560007
attack_auc : 0.7063675389810035
------------------------- time cost ------------------------- 12.08544397354126

-------------Round number: 18-------------

Evaluate global model
Averaged Train Loss: 3.9506
Averaged Test Accurancy: 0.1662
Averaged Test AUC: 0.6370
Std Test Accurancy: 0.1392
Std Test AUC: 0.1324
ASR : 0.506713153545345
attack_auc : 0.8327378132104534
------------------------- time cost ------------------------- 11.981558322906494

-------------Round number: 19-------------

Evaluate global model
Averaged Train Loss: 2.5318
Averaged Test Accurancy: 0.2444
Averaged Test AUC: 0.6692
Std Test Accurancy: 0.1448
Std Test AUC: 0.1265
ASR : 0.0850320339980899
attack_auc : 0.5700645962200678
------------------------- time cost ------------------------- 12.607424259185791

-------------Round number: 20-------------

Evaluate global model
Averaged Train Loss: 2.8854
Averaged Test Accurancy: 0.1987
Averaged Test AUC: 0.6506
Std Test Accurancy: 0.1218
Std Test AUC: 0.1278
ASR : 0.2592338346691471
attack_auc : 0.6937941222889187
------------------------- time cost ------------------------- 12.587982892990112

-------------Round number: 21-------------

Evaluate global model
Averaged Train Loss: 2.6529
Averaged Test Accurancy: 0.1999
Averaged Test AUC: 0.6525
Std Test Accurancy: 0.1204
Std Test AUC: 0.1321
ASR : 0.20959796394246044
attack_auc : 0.6343753715751356
------------------------- time cost ------------------------- 12.111249923706055

-------------Round number: 22-------------

Evaluate global model
Averaged Train Loss: 2.4323
Averaged Test Accurancy: 0.2505
Averaged Test AUC: 0.6656
Std Test Accurancy: 0.1352
Std Test AUC: 0.1243
ASR : 0.017813236404497772
attack_auc : 0.47279942185921103
------------------------- time cost ------------------------- 12.750171899795532

-------------Round number: 23-------------

Evaluate global model
Averaged Train Loss: 2.5443
Averaged Test Accurancy: 0.2123
Averaged Test AUC: 0.6791
Std Test Accurancy: 0.1448
Std Test AUC: 0.1304
ASR : 0.2919330082409787
attack_auc : 0.6799454419845072
------------------------- time cost ------------------------- 12.257185697555542

-------------Round number: 24-------------

Evaluate global model
Averaged Train Loss: 2.3962
Averaged Test Accurancy: 0.2520
Averaged Test AUC: 0.6855
Std Test Accurancy: 0.1203
Std Test AUC: 0.1313
ASR : 0.22285326264282454
attack_auc : 0.6489822697396189
------------------------- time cost ------------------------- 11.753455877304077

-------------Round number: 25-------------

Evaluate global model
Averaged Train Loss: 2.4598
Averaged Test Accurancy: 0.2321
Averaged Test AUC: 0.6786
Std Test Accurancy: 0.1340
Std Test AUC: 0.1324
ASR : 0.24634288464545076
attack_auc : 0.6364539806735435
------------------------- time cost ------------------------- 12.961459636688232

-------------Round number: 26-------------

Evaluate global model
Averaged Train Loss: 2.5359
Averaged Test Accurancy: 0.1671
Averaged Test AUC: 0.6607
Std Test Accurancy: 0.1182
Std Test AUC: 0.1199
ASR : 0.015568267333877693
attack_auc : 0.5309184977982885
------------------------- time cost ------------------------- 12.444234848022461

-------------Round number: 27-------------

Evaluate global model
Averaged Train Loss: 2.5161
Averaged Test Accurancy: 0.2124
Averaged Test AUC: 0.6770
Std Test Accurancy: 0.1341
Std Test AUC: 0.1320
ASR : 0.295205060823957
attack_auc : 0.7270716331600078
------------------------- time cost ------------------------- 12.06585431098938

-------------Round number: 28-------------

Evaluate global model
Averaged Train Loss: 2.1461
Averaged Test Accurancy: 0.2348
Averaged Test AUC: 0.6987
Std Test Accurancy: 0.1258
Std Test AUC: 0.1196
ASR : 0.07187336153831889
attack_auc : 0.6063091797809619
------------------------- time cost ------------------------- 12.399407148361206

-------------Round number: 29-------------

Evaluate global model
Averaged Train Loss: 2.3198
Averaged Test Accurancy: 0.2188
Averaged Test AUC: 0.6858
Std Test Accurancy: 0.1286
Std Test AUC: 0.1204
ASR : 0.24267537754018595
attack_auc : 0.6823712449735255
------------------------- time cost ------------------------- 12.60733413696289

-------------Round number: 30-------------

Evaluate global model
Averaged Train Loss: 2.3917
Averaged Test Accurancy: 0.2345
Averaged Test AUC: 0.6909
Std Test Accurancy: 0.1505
Std Test AUC: 0.1282
ASR : 0.34158636889599375
attack_auc : 0.7601831515760401
------------------------- time cost ------------------------- 11.923062324523926

-------------Round number: 31-------------

Evaluate global model
Averaged Train Loss: 2.2732
Averaged Test Accurancy: 0.2231
Averaged Test AUC: 0.6955
Std Test Accurancy: 0.1336
Std Test AUC: 0.1274
ASR : 0.23361016586215125
attack_auc : 0.6545332724896734
------------------------- time cost ------------------------- 12.7086181640625

-------------Round number: 32-------------

Evaluate global model
Averaged Train Loss: 2.2672
Averaged Test Accurancy: 0.2191
Averaged Test AUC: 0.7015
Std Test Accurancy: 0.1338
Std Test AUC: 0.1142
ASR : 0.06466166119433216
attack_auc : 0.5189164206559113
------------------------- time cost ------------------------- 12.565383672714233

-------------Round number: 33-------------

Evaluate global model
Averaged Train Loss: 2.2131
Averaged Test Accurancy: 0.2586
Averaged Test AUC: 0.7063
Std Test Accurancy: 0.1208
Std Test AUC: 0.1146
ASR : 0.1672682695859197
attack_auc : 0.6310115007392108
------------------------- time cost ------------------------- 12.246952056884766

-------------Round number: 34-------------

Evaluate global model
Averaged Train Loss: 2.2075
Averaged Test Accurancy: 0.2356
Averaged Test AUC: 0.7040
Std Test Accurancy: 0.1495
Std Test AUC: 0.1228
ASR : 0.3438759728523768
attack_auc : 0.747486580674076
------------------------- time cost ------------------------- 12.795689582824707

-------------Round number: 35-------------

Evaluate global model
Averaged Train Loss: 2.2260
Averaged Test Accurancy: 0.2236
Averaged Test AUC: 0.6949
Std Test Accurancy: 0.1195
Std Test AUC: 0.1239
ASR : 0.1245241144393796
attack_auc : 0.6016462424897874
------------------------- time cost ------------------------- 13.196946620941162

-------------Round number: 36-------------

Evaluate global model
Averaged Train Loss: 2.0706
Averaged Test Accurancy: 0.2880
Averaged Test AUC: 0.7253
Std Test Accurancy: 0.1391
Std Test AUC: 0.1199
ASR : 0.04634847774919226
attack_auc : 0.5319974754353046
------------------------- time cost ------------------------- 12.111976623535156

-------------Round number: 37-------------

Evaluate global model
Averaged Train Loss: 2.1699
Averaged Test Accurancy: 0.2326
Averaged Test AUC: 0.7033
Std Test Accurancy: 0.1302
Std Test AUC: 0.1173
ASR : 0.1702748376769776
attack_auc : 0.6360513029123689
------------------------- time cost ------------------------- 12.206581830978394

-------------Round number: 38-------------

Evaluate global model
Averaged Train Loss: 1.9901
Averaged Test Accurancy: 0.2978
Averaged Test AUC: 0.7432
Std Test Accurancy: 0.1323
Std Test AUC: 0.1159
ASR : 0.04535534151242625
attack_auc : 0.6065585590971702
------------------------- time cost ------------------------- 12.899911880493164

-------------Round number: 39-------------

Evaluate global model
Averaged Train Loss: 2.1093
Averaged Test Accurancy: 0.2561
Averaged Test AUC: 0.7235
Std Test Accurancy: 0.1344
Std Test AUC: 0.1151
ASR : 0.13248829041638974
attack_auc : 0.5923205696895949
------------------------- time cost ------------------------- 12.279696941375732

-------------Round number: 40-------------

Evaluate global model
Averaged Train Loss: 1.9551
Averaged Test Accurancy: 0.3093
Averaged Test AUC: 0.7536
Std Test Accurancy: 0.1366
Std Test AUC: 0.1075
ASR : 0.25074428725002257
attack_auc : 0.6293757372828065
------------------------- time cost ------------------------- 12.534504175186157

-------------Round number: 41-------------

Evaluate global model
Averaged Train Loss: 2.0763
Averaged Test Accurancy: 0.3053
Averaged Test AUC: 0.7316
Std Test Accurancy: 0.1330
Std Test AUC: 0.1152
ASR : 0.13314142836561813
attack_auc : 0.5887719619603934
------------------------- time cost ------------------------- 12.856801986694336

-------------Round number: 42-------------

Evaluate global model
Averaged Train Loss: 1.9190
Averaged Test Accurancy: 0.3460
Averaged Test AUC: 0.7698
Std Test Accurancy: 0.1464
Std Test AUC: 0.1160
ASR : 0.012435322800403522
attack_auc : 0.5164388964194458
------------------------- time cost ------------------------- 12.427945613861084

-------------Round number: 43-------------

Evaluate global model
Averaged Train Loss: 1.9298
Averaged Test Accurancy: 0.2986
Averaged Test AUC: 0.7620
Std Test Accurancy: 0.1434
Std Test AUC: 0.0978
ASR : 0.20631435386469002
attack_auc : 0.6082875855411907
------------------------- time cost ------------------------- 12.402019739151001

-------------Round number: 44-------------

Evaluate global model
Averaged Train Loss: 2.0297
Averaged Test Accurancy: 0.3019
Averaged Test AUC: 0.7440
Std Test Accurancy: 0.1313
Std Test AUC: 0.1132
ASR : 0.017308112286372256
attack_auc : 0.37031624848919453
------------------------- time cost ------------------------- 12.981379747390747

-------------Round number: 45-------------

Evaluate global model
Averaged Train Loss: 1.8684
Averaged Test Accurancy: 0.3494
Averaged Test AUC: 0.7737
Std Test Accurancy: 0.1257
Std Test AUC: 0.1143
ASR : 0.220108189945328
attack_auc : 0.6639186865757648
------------------------- time cost ------------------------- 12.606140613555908

-------------Round number: 46-------------

Evaluate global model
Averaged Train Loss: 1.8624
Averaged Test Accurancy: 0.3350
Averaged Test AUC: 0.7733
Std Test Accurancy: 0.1525
Std Test AUC: 0.1076
ASR : 0.20593310998048864
attack_auc : 0.5711185796689798
------------------------- time cost ------------------------- 12.511592388153076

-------------Round number: 47-------------

Evaluate global model
Averaged Train Loss: 1.8279
Averaged Test Accurancy: 0.3279
Averaged Test AUC: 0.7785
Std Test Accurancy: 0.1425
Std Test AUC: 0.1010
ASR : 0.1810587003968962
attack_auc : 0.5681336685646459
------------------------- time cost ------------------------- 13.149344205856323

-------------Round number: 48-------------

Evaluate global model
Averaged Train Loss: 1.9025
Averaged Test Accurancy: 0.3094
Averaged Test AUC: 0.7582
Std Test Accurancy: 0.1292
Std Test AUC: 0.1070
ASR : 0.17966795653537146
attack_auc : 0.5785912979102462
------------------------- time cost ------------------------- 12.885106086730957

-------------Round number: 49-------------

Evaluate global model
Averaged Train Loss: 1.9859
Averaged Test Accurancy: 0.2860
Averaged Test AUC: 0.7487
Std Test Accurancy: 0.1380
Std Test AUC: 0.1207
ASR : 0.1764617191414299
attack_auc : 0.6083026121079111
------------------------- time cost ------------------------- 12.198720455169678

-------------Round number: 50-------------

Evaluate global model
Averaged Train Loss: 1.9896
Averaged Test Accurancy: 0.2733
Averaged Test AUC: 0.7534
Std Test Accurancy: 0.1368
Std Test AUC: 0.1036
ASR : 0.12086184785173894
attack_auc : 0.5662150105562058
------------------------- time cost ------------------------- 12.839001893997192

-------------Round number: 51-------------

Evaluate global model
Averaged Train Loss: 1.8349
Averaged Test Accurancy: 0.3186
Averaged Test AUC: 0.7761
Std Test Accurancy: 0.1343
Std Test AUC: 0.0903
ASR : 0.24044399603964825
attack_auc : 0.6716114208991261
------------------------- time cost ------------------------- 12.739038705825806

-------------Round number: 52-------------

Evaluate global model
Averaged Train Loss: 1.8129
Averaged Test Accurancy: 0.3468
Averaged Test AUC: 0.7826
Std Test Accurancy: 0.1365
Std Test AUC: 0.1014
ASR : 0.15647994825889117
attack_auc : 0.6394882434645501
------------------------- time cost ------------------------- 12.164056539535522

-------------Round number: 53-------------

Evaluate global model
Averaged Train Loss: 1.7374
Averaged Test Accurancy: 0.3468
Averaged Test AUC: 0.7954
Std Test Accurancy: 0.1421
Std Test AUC: 0.0891
ASR : 0.2862057667800757
attack_auc : 0.675716225507745
------------------------- time cost ------------------------- 12.577666282653809

-------------Round number: 54-------------

Evaluate global model
Averaged Train Loss: 1.7959
Averaged Test Accurancy: 0.3077
Averaged Test AUC: 0.8027
Std Test Accurancy: 0.1318
Std Test AUC: 0.0679
ASR : 0.03637772526435578
attack_auc : 0.5060730158907176
------------------------- time cost ------------------------- 13.187201738357544

-------------Round number: 55-------------

Evaluate global model
Averaged Train Loss: 2.0323
Averaged Test Accurancy: 0.2699
Averaged Test AUC: 0.7441
Std Test Accurancy: 0.1502
Std Test AUC: 0.1058
ASR : 0.24674928606839688
attack_auc : 0.6954158134632386
------------------------- time cost ------------------------- 12.679500341415405

-------------Round number: 56-------------

Evaluate global model
Averaged Train Loss: 1.7997
Averaged Test Accurancy: 0.3469
Averaged Test AUC: 0.7832
Std Test Accurancy: 0.1361
Std Test AUC: 0.0879
ASR : 0.2321593101749969
attack_auc : 0.6373299495172395
------------------------- time cost ------------------------- 12.370315074920654

-------------Round number: 57-------------

Evaluate global model
Averaged Train Loss: 1.7578
Averaged Test Accurancy: 0.3574
Averaged Test AUC: 0.7891
Std Test Accurancy: 0.1410
Std Test AUC: 0.1010
ASR : 0.2754947571122835
attack_auc : 0.6633698456965607
------------------------- time cost ------------------------- 13.076940536499023

-------------Round number: 58-------------

Evaluate global model
Averaged Train Loss: 1.7524
Averaged Test Accurancy: 0.3625
Averaged Test AUC: 0.7912
Std Test Accurancy: 0.1433
Std Test AUC: 0.0948
ASR : 0.33033782763545544
attack_auc : 0.7053171279520497
------------------------- time cost ------------------------- 12.321164846420288

-------------Round number: 59-------------

Evaluate global model
Averaged Train Loss: 1.6993
Averaged Test Accurancy: 0.3798
Averaged Test AUC: 0.8059
Std Test Accurancy: 0.1373
Std Test AUC: 0.0814
ASR : 0.06457679523864979
attack_auc : 0.5233350136360451
------------------------- time cost ------------------------- 12.112956523895264

-------------Round number: 60-------------

Evaluate global model
Averaged Train Loss: 1.7259
Averaged Test Accurancy: 0.3559
Averaged Test AUC: 0.8045
Std Test Accurancy: 0.1439
Std Test AUC: 0.0847
ASR : 0.2564913771774562
attack_auc : 0.6780784403004649
------------------------- time cost ------------------------- 13.354233980178833

-------------Round number: 61-------------

Evaluate global model
Averaged Train Loss: 1.7572
Averaged Test Accurancy: 0.3725
Averaged Test AUC: 0.7955
Std Test Accurancy: 0.1472
Std Test AUC: 0.0907
ASR : 0.2819037265818878
attack_auc : 0.6923290131495052
------------------------- time cost ------------------------- 12.527116537094116

-------------Round number: 62-------------

Evaluate global model
Averaged Train Loss: 1.8396
Averaged Test Accurancy: 0.3352
Averaged Test AUC: 0.7753
Std Test Accurancy: 0.1385
Std Test AUC: 0.0960
ASR : 0.16745224452621627
attack_auc : 0.5856244376796104
------------------------- time cost ------------------------- 12.321526527404785

-------------Round number: 63-------------

Evaluate global model
Averaged Train Loss: 1.7229
Averaged Test Accurancy: 0.3577
Averaged Test AUC: 0.8095
Std Test Accurancy: 0.1332
Std Test AUC: 0.0728
ASR : 0.13923592487150013
attack_auc : 0.631304864304665
------------------------- time cost ------------------------- 13.015148401260376

-------------Round number: 64-------------

Evaluate global model
Averaged Train Loss: 1.6751
Averaged Test Accurancy: 0.3725
Averaged Test AUC: 0.8122
Std Test Accurancy: 0.1370
Std Test AUC: 0.0740
ASR : 0.37160524304404413
attack_auc : 0.7531017624247042
------------------------- time cost ------------------------- 12.644469976425171

-------------Round number: 65-------------

Evaluate global model
Averaged Train Loss: 1.6499
Averaged Test Accurancy: 0.3950
Averaged Test AUC: 0.8183
Std Test Accurancy: 0.1303
Std Test AUC: 0.0743
ASR : 0.08838754926302421
attack_auc : 0.6525921822683192
------------------------- time cost ------------------------- 12.432730674743652

-------------Round number: 66-------------

Evaluate global model
Averaged Train Loss: 1.5925
Averaged Test Accurancy: 0.4150
Averaged Test AUC: 0.8255
Std Test Accurancy: 0.1241
Std Test AUC: 0.0728
ASR : 0.2605133054758795
attack_auc : 0.6405725499843012
------------------------- time cost ------------------------- 12.90401840209961

-------------Round number: 67-------------

Evaluate global model
Averaged Train Loss: 1.7185
Averaged Test Accurancy: 0.3857
Averaged Test AUC: 0.8171
Std Test Accurancy: 0.1446
Std Test AUC: 0.0771
ASR : 0.09156072049594131
attack_auc : 0.5431857129064576
------------------------- time cost ------------------------- 13.203665256500244

-------------Round number: 68-------------

Evaluate global model
Averaged Train Loss: 1.5796
Averaged Test Accurancy: 0.4267
Averaged Test AUC: 0.8285
Std Test Accurancy: 0.1187
Std Test AUC: 0.0725
ASR : 0.1406184828550517
attack_auc : 0.6204552117491283
------------------------- time cost ------------------------- 12.21480417251587

-------------Round number: 69-------------

Evaluate global model
Averaged Train Loss: 1.5892
Averaged Test Accurancy: 0.4268
Averaged Test AUC: 0.8292
Std Test Accurancy: 0.1145
Std Test AUC: 0.0681
ASR : 0.007221193711994215
attack_auc : 0.43013930644092063
------------------------- time cost ------------------------- 12.943072319030762

-------------Round number: 70-------------

Evaluate global model
Averaged Train Loss: 1.7143
Averaged Test Accurancy: 0.3684
Averaged Test AUC: 0.8212
Std Test Accurancy: 0.1551
Std Test AUC: 0.0754
ASR : 0.023327512599257617
attack_auc : 0.5045113398425417
------------------------- time cost ------------------------- 13.254133462905884

-------------Round number: 71-------------

Evaluate global model
Averaged Train Loss: 1.6779
Averaged Test Accurancy: 0.3928
Averaged Test AUC: 0.8197
Std Test Accurancy: 0.1530
Std Test AUC: 0.0785
ASR : 0.015177649292873616
attack_auc : 0.46181970730290856
------------------------- time cost ------------------------- 12.458833694458008

-------------Round number: 72-------------

Evaluate global model
Averaged Train Loss: 1.5889
Averaged Test Accurancy: 0.4031
Averaged Test AUC: 0.8272
Std Test Accurancy: 0.1191
Std Test AUC: 0.0686
ASR : 0.3287092464363638
attack_auc : 0.7349293084719832
------------------------- time cost ------------------------- 12.49697470664978

-------------Round number: 73-------------

Evaluate global model
Averaged Train Loss: 1.6694
Averaged Test Accurancy: 0.3894
Averaged Test AUC: 0.8177
Std Test Accurancy: 0.1315
Std Test AUC: 0.0749
ASR : 0.16461407139354314
attack_auc : 0.564320583231966
------------------------- time cost ------------------------- 13.355109930038452

-------------Round number: 74-------------

Evaluate global model
Averaged Train Loss: 1.6077
Averaged Test Accurancy: 0.4141
Averaged Test AUC: 0.8253
Std Test Accurancy: 0.1271
Std Test AUC: 0.0768
ASR : 0.1216750381802217
attack_auc : 0.5956024993482572
------------------------- time cost ------------------------- 12.670973539352417

-------------Round number: 75-------------

Evaluate global model
Averaged Train Loss: 1.7095
Averaged Test Accurancy: 0.3815
Averaged Test AUC: 0.8076
Std Test Accurancy: 0.1401
Std Test AUC: 0.0805
ASR : 0.15895467920774675
attack_auc : 0.6213821158170119
------------------------- time cost ------------------------- 12.418029546737671

-------------Round number: 76-------------

Evaluate global model
Averaged Train Loss: 1.6057
Averaged Test Accurancy: 0.4067
Averaged Test AUC: 0.8293
Std Test Accurancy: 0.1415
Std Test AUC: 0.0759
ASR : 0.34009180396484684
attack_auc : 0.7729116528480255
------------------------- time cost ------------------------- 13.081141471862793

-------------Round number: 77-------------

Evaluate global model
Averaged Train Loss: 1.6069
Averaged Test Accurancy: 0.4049
Averaged Test AUC: 0.8220
Std Test Accurancy: 0.1398
Std Test AUC: 0.0769
ASR : 0.34271875027537796
attack_auc : 0.7131112570820033
------------------------- time cost ------------------------- 12.917521715164185

-------------Round number: 78-------------

Evaluate global model
Averaged Train Loss: 1.5793
Averaged Test Accurancy: 0.4246
Averaged Test AUC: 0.8301
Std Test Accurancy: 0.1315
Std Test AUC: 0.0761
ASR : 0.2627926502588124
attack_auc : 0.6628566633257765
------------------------- time cost ------------------------- 12.554240703582764

-------------Round number: 79-------------

Evaluate global model
Averaged Train Loss: 1.6153
Averaged Test Accurancy: 0.4207
Averaged Test AUC: 0.8193
Std Test Accurancy: 0.1224
Std Test AUC: 0.0758
ASR : 0.1738913814740679
attack_auc : 0.5719634020756192
------------------------- time cost ------------------------- 12.948185443878174

-------------Round number: 80-------------

Evaluate global model
Averaged Train Loss: 1.5931
Averaged Test Accurancy: 0.4160
Averaged Test AUC: 0.8254
Std Test Accurancy: 0.1166
Std Test AUC: 0.0662
ASR : 0.10588987480010625
attack_auc : 0.5555903419758392
------------------------- time cost ------------------------- 13.122857809066772

-------------Round number: 81-------------

Evaluate global model
Averaged Train Loss: 1.5317
Averaged Test Accurancy: 0.4453
Averaged Test AUC: 0.8355
Std Test Accurancy: 0.1147
Std Test AUC: 0.0683
ASR : 0.21329593998791924
attack_auc : 0.6489555657096859
------------------------- time cost ------------------------- 12.527562141418457

-------------Round number: 82-------------

Evaluate global model
Averaged Train Loss: 1.6696
Averaged Test Accurancy: 0.4049
Averaged Test AUC: 0.8132
Std Test Accurancy: 0.1324
Std Test AUC: 0.0794
ASR : 0.31348465875725184
attack_auc : 0.7305449010993404
------------------------- time cost ------------------------- 12.488446474075317

-------------Round number: 83-------------

Evaluate global model
Averaged Train Loss: 1.6174
Averaged Test Accurancy: 0.4096
Averaged Test AUC: 0.8207
Std Test Accurancy: 0.1297
Std Test AUC: 0.0733
ASR : 0.09431442493255418
attack_auc : 0.5158291330515465
------------------------- time cost ------------------------- 12.915346622467041

-------------Round number: 84-------------

Evaluate global model
Averaged Train Loss: 1.6125
Averaged Test Accurancy: 0.4116
Averaged Test AUC: 0.8291
Std Test Accurancy: 0.1425
Std Test AUC: 0.0687
ASR : 0.02088035759750792
attack_auc : 0.5287578825971195
------------------------- time cost ------------------------- 12.293468952178955

-------------Round number: 85-------------

Evaluate global model
Averaged Train Loss: 1.6333
Averaged Test Accurancy: 0.4242
Averaged Test AUC: 0.8169
Std Test Accurancy: 0.1315
Std Test AUC: 0.0796
ASR : 0.07696603195162204
attack_auc : 0.57157791869087
------------------------- time cost ------------------------- 12.29407787322998

-------------Round number: 86-------------

Evaluate global model
Averaged Train Loss: 1.5288
Averaged Test Accurancy: 0.4330
Averaged Test AUC: 0.8350
Std Test Accurancy: 0.1065
Std Test AUC: 0.0630
ASR : 0.2986966267082219
attack_auc : 0.6974030433864179
------------------------- time cost ------------------------- 13.088579893112183

-------------Round number: 87-------------

Evaluate global model
Averaged Train Loss: 1.5550
Averaged Test Accurancy: 0.4096
Averaged Test AUC: 0.8372
Std Test Accurancy: 0.1207
Std Test AUC: 0.0631
ASR : 0.14635474586099015
attack_auc : 0.6038654018974087
------------------------- time cost ------------------------- 12.600009441375732

-------------Round number: 88-------------

Evaluate global model
Averaged Train Loss: 1.5859
Averaged Test Accurancy: 0.4247
Averaged Test AUC: 0.8343
Std Test Accurancy: 0.1334
Std Test AUC: 0.0674
ASR : 0.008703393195539309
attack_auc : 0.4402063215916472
------------------------- time cost ------------------------- 12.438740015029907

-------------Round number: 89-------------

Evaluate global model
Averaged Train Loss: 1.5916
Averaged Test Accurancy: 0.4226
Averaged Test AUC: 0.8333
Std Test Accurancy: 0.1334
Std Test AUC: 0.0683
ASR : 0.19459978053273516
attack_auc : 0.6154465979090408
------------------------- time cost ------------------------- 13.24101710319519

-------------Round number: 90-------------

Evaluate global model
Averaged Train Loss: 1.5745
Averaged Test Accurancy: 0.4155
Averaged Test AUC: 0.8358
Std Test Accurancy: 0.1422
Std Test AUC: 0.0652
ASR : 0.06361759865516262
attack_auc : 0.5128947441666636
------------------------- time cost ------------------------- 12.54790735244751

-------------Round number: 91-------------

Evaluate global model
Averaged Train Loss: 1.4490
Averaged Test Accurancy: 0.4649
Averaged Test AUC: 0.8513
Std Test Accurancy: 0.1048
Std Test AUC: 0.0535
ASR : 0.19135358676885378
attack_auc : 0.6158868277732495
------------------------- time cost ------------------------- 12.313695669174194

-------------Round number: 92-------------

Evaluate global model
Averaged Train Loss: 1.5271
Averaged Test Accurancy: 0.4374
Averaged Test AUC: 0.8386
Std Test Accurancy: 0.1239
Std Test AUC: 0.0574
ASR : 0.22999182678455407
attack_auc : 0.6807293004794358
------------------------- time cost ------------------------- 12.88599705696106

-------------Round number: 93-------------

Evaluate global model
Averaged Train Loss: 1.7076
Averaged Test Accurancy: 0.4001
Averaged Test AUC: 0.8052
Std Test Accurancy: 0.1332
Std Test AUC: 0.0881
ASR : 0.35347819489432386
attack_auc : 0.7533810045921606
------------------------- time cost ------------------------- 13.409202575683594

-------------Round number: 94-------------

Evaluate global model
Averaged Train Loss: 1.5149
Averaged Test Accurancy: 0.4420
Averaged Test AUC: 0.8380
Std Test Accurancy: 0.1026
Std Test AUC: 0.0595
ASR : 0.253792614647815
attack_auc : 0.6811941847664454
------------------------- time cost ------------------------- 12.298373699188232

-------------Round number: 95-------------

Evaluate global model
Averaged Train Loss: 1.5474
Averaged Test Accurancy: 0.4315
Averaged Test AUC: 0.8348
Std Test Accurancy: 0.1227
Std Test AUC: 0.0633
ASR : 0.3247771171891002
attack_auc : 0.7044845490886202
------------------------- time cost ------------------------- 12.149855375289917

-------------Round number: 96-------------

Evaluate global model
Averaged Train Loss: 1.5104
Averaged Test Accurancy: 0.4583
Averaged Test AUC: 0.8409
Std Test Accurancy: 0.1131
Std Test AUC: 0.0643
ASR : 0.195415443019104
attack_auc : 0.6420762323235768
------------------------- time cost ------------------------- 13.22443413734436

-------------Round number: 97-------------

Evaluate global model
Averaged Train Loss: 1.5139
Averaged Test Accurancy: 0.4379
Averaged Test AUC: 0.8400
Std Test Accurancy: 0.1159
Std Test AUC: 0.0623
ASR : 0.27664282123857875
attack_auc : 0.707573110573767
------------------------- time cost ------------------------- 12.280954599380493

-------------Round number: 98-------------

Evaluate global model
Averaged Train Loss: 1.4375
Averaged Test Accurancy: 0.4711
Averaged Test AUC: 0.8502
Std Test Accurancy: 0.0988
Std Test AUC: 0.0519
ASR : 0.20630797691556965
attack_auc : 0.6378667543010628
------------------------- time cost ------------------------- 12.452218055725098

-------------Round number: 99-------------

Evaluate global model
Averaged Train Loss: 1.4803
Averaged Test Accurancy: 0.4523
Averaged Test AUC: 0.8489
Std Test Accurancy: 0.1163
Std Test AUC: 0.0566
ASR : 0.23041807345560095
attack_auc : 0.6336653764963489
------------------------- time cost ------------------------- 13.129902124404907

-------------Round number: 100-------------

Evaluate global model
Averaged Train Loss: 1.5446
Averaged Test Accurancy: 0.4464
Averaged Test AUC: 0.8357
Std Test Accurancy: 0.1240
Std Test AUC: 0.0604
ASR : 0.11913221579374803
attack_auc : 0.5764676934195389
------------------------- time cost ------------------------- 12.400737285614014

-------------Round number: 101-------------

Evaluate global model
Averaged Train Loss: 1.5394
Averaged Test Accurancy: 0.4369
Averaged Test AUC: 0.8467
Std Test Accurancy: 0.1350
Std Test AUC: 0.0581
ASR : 0.0808328794870766
attack_auc : 0.5628993612551227
------------------------- time cost ------------------------- 12.053276538848877

-------------Round number: 102-------------

Evaluate global model
Averaged Train Loss: 1.5547
Averaged Test Accurancy: 0.4417
Averaged Test AUC: 0.8365
Std Test Accurancy: 0.1214
Std Test AUC: 0.0687
ASR : 0.18482298132554736
attack_auc : 0.6309592233193825
------------------------- time cost ------------------------- 12.994102716445923

-------------Round number: 103-------------

Evaluate global model
Averaged Train Loss: 1.6781
Averaged Test Accurancy: 0.4076
Averaged Test AUC: 0.8270
Std Test Accurancy: 0.1413
Std Test AUC: 0.0701
ASR : 0.07062900184217309
attack_auc : 0.49120361487634673
------------------------- time cost ------------------------- 12.820805311203003

-------------Round number: 104-------------

Evaluate global model
Averaged Train Loss: 1.5290
Averaged Test Accurancy: 0.4160
Averaged Test AUC: 0.8426
Std Test Accurancy: 0.1396
Std Test AUC: 0.0561
ASR : 0.3909006851422686
attack_auc : 0.7501538314026633
------------------------- time cost ------------------------- 12.16504430770874

-------------Round number: 105-------------

Evaluate global model
Averaged Train Loss: 1.5205
Averaged Test Accurancy: 0.4218
Averaged Test AUC: 0.8443
Std Test Accurancy: 0.1126
Std Test AUC: 0.0514
ASR : 0.18626716536244634
attack_auc : 0.6150712573671748
------------------------- time cost ------------------------- 12.850642681121826

-------------Round number: 106-------------

Evaluate global model
Averaged Train Loss: 1.5711
Averaged Test Accurancy: 0.4178
Averaged Test AUC: 0.8416
Std Test Accurancy: 0.1412
Std Test AUC: 0.0594
ASR : 0.4188522248648184
attack_auc : 0.785313824105283
------------------------- time cost ------------------------- 12.817985773086548

-------------Round number: 107-------------

Evaluate global model
Averaged Train Loss: 1.5138
Averaged Test Accurancy: 0.4261
Averaged Test AUC: 0.8493
Std Test Accurancy: 0.1357
Std Test AUC: 0.0569
ASR : 0.3904460281723118
attack_auc : 0.7585228174133809
------------------------- time cost ------------------------- 12.051757574081421

-------------Round number: 108-------------

Evaluate global model
Averaged Train Loss: 1.4541
Averaged Test Accurancy: 0.4395
Averaged Test AUC: 0.8503
Std Test Accurancy: 0.1293
Std Test AUC: 0.0545
ASR : 0.4594771140870579
attack_auc : 0.8247360261644379
------------------------- time cost ------------------------- 12.796267032623291

-------------Round number: 109-------------

Evaluate global model
Averaged Train Loss: 1.5879
Averaged Test Accurancy: 0.4223
Averaged Test AUC: 0.8350
Std Test Accurancy: 0.1270
Std Test AUC: 0.0661
ASR : 0.2888157034244504
attack_auc : 0.7169296658994829
------------------------- time cost ------------------------- 13.172670602798462

-------------Round number: 110-------------

Evaluate global model
Averaged Train Loss: 1.5043
Averaged Test Accurancy: 0.4422
Averaged Test AUC: 0.8393
Std Test Accurancy: 0.1137
Std Test AUC: 0.0580
ASR : 0.21289935573443053
attack_auc : 0.6303168438627323
------------------------- time cost ------------------------- 11.971868991851807

-------------Round number: 111-------------

Evaluate global model
Averaged Train Loss: 1.6352
Averaged Test Accurancy: 0.4140
Averaged Test AUC: 0.8320
Std Test Accurancy: 0.1408
Std Test AUC: 0.0733
ASR : 0.3374225219440268
attack_auc : 0.7367822144692826
------------------------- time cost ------------------------- 12.271011590957642

-------------Round number: 112-------------

Evaluate global model
Averaged Train Loss: 1.5070
Averaged Test Accurancy: 0.4296
Averaged Test AUC: 0.8453
Std Test Accurancy: 0.1058
Std Test AUC: 0.0476
ASR : 0.2004158221064673
attack_auc : 0.63711431939997
------------------------- time cost ------------------------- 12.972180128097534

-------------Round number: 113-------------

Evaluate global model
Averaged Train Loss: 1.5623
Averaged Test Accurancy: 0.4299
Averaged Test AUC: 0.8430
Std Test Accurancy: 0.1401
Std Test AUC: 0.0598
ASR : 0.2190460199185793
attack_auc : 0.6596272260275978
------------------------- time cost ------------------------- 12.118902921676636

-------------Round number: 114-------------

Evaluate global model
Averaged Train Loss: 1.5542
Averaged Test Accurancy: 0.4470
Averaged Test AUC: 0.8315
Std Test Accurancy: 0.1242
Std Test AUC: 0.0742
ASR : 0.04065440175473086
attack_auc : 0.4761546833027845
------------------------- time cost ------------------------- 12.417925357818604

-------------Round number: 115-------------

Evaluate global model
Averaged Train Loss: 1.5878
Averaged Test Accurancy: 0.4224
Averaged Test AUC: 0.8345
Std Test Accurancy: 0.1300
Std Test AUC: 0.0598
ASR : 0.3120430977427213
attack_auc : 0.7387003009696081
------------------------- time cost ------------------------- 12.995622158050537

-------------Round number: 116-------------

Evaluate global model
Averaged Train Loss: 1.6153
Averaged Test Accurancy: 0.4051
Averaged Test AUC: 0.8250
Std Test Accurancy: 0.1129
Std Test AUC: 0.0705
ASR : 0.2519601968355207
attack_auc : 0.7179182749504823
------------------------- time cost ------------------------- 12.135170221328735

-------------Round number: 117-------------

Evaluate global model
Averaged Train Loss: 1.8020
Averaged Test Accurancy: 0.3673
Averaged Test AUC: 0.8131
Std Test Accurancy: 0.1460
Std Test AUC: 0.0770
ASR : 0.059548929589544705
attack_auc : 0.5646791352662537
------------------------- time cost ------------------------- 12.190110206604004

-------------Round number: 118-------------

Evaluate global model
Averaged Train Loss: 1.4476
Averaged Test Accurancy: 0.4655
Averaged Test AUC: 0.8479
Std Test Accurancy: 0.0998
Std Test AUC: 0.0505
ASR : 0.1813444104529181
attack_auc : 0.5958538780560573
------------------------- time cost ------------------------- 13.019982099533081

-------------Round number: 119-------------

Evaluate global model
Averaged Train Loss: 1.5883
Averaged Test Accurancy: 0.4376
Averaged Test AUC: 0.8290
Std Test Accurancy: 0.1083
Std Test AUC: 0.0669
ASR : 0.22903876274409324
attack_auc : 0.6610608061913075
------------------------- time cost ------------------------- 12.379584074020386

-------------Round number: 120-------------

Evaluate global model
Averaged Train Loss: 1.5276
Averaged Test Accurancy: 0.4418
Averaged Test AUC: 0.8390
Std Test Accurancy: 0.1266
Std Test AUC: 0.0648
ASR : 0.18525098030567638
attack_auc : 0.6961394724162903
------------------------- time cost ------------------------- 12.242177724838257

-------------Round number: 121-------------

Evaluate global model
Averaged Train Loss: 1.4662
Averaged Test Accurancy: 0.4535
Averaged Test AUC: 0.8417
Std Test Accurancy: 0.1072
Std Test AUC: 0.0625
ASR : 0.30956960686599494
attack_auc : 0.741209955503492
------------------------- time cost ------------------------- 12.932796716690063

-------------Round number: 122-------------

Evaluate global model
Averaged Train Loss: 1.6981
Averaged Test Accurancy: 0.3744
Averaged Test AUC: 0.8332
Std Test Accurancy: 0.1184
Std Test AUC: 0.0540
ASR : 0.17560458797291104
attack_auc : 0.6568182500030797
------------------------- time cost ------------------------- 12.51459813117981

-------------Round number: 123-------------

Evaluate global model
Averaged Train Loss: 1.4989
Averaged Test Accurancy: 0.4557
Averaged Test AUC: 0.8412
Std Test Accurancy: 0.1267
Std Test AUC: 0.0615
ASR : 0.10878190655345923
attack_auc : 0.5288090837450378
------------------------- time cost ------------------------- 12.2085542678833

-------------Round number: 124-------------

Evaluate global model
Averaged Train Loss: 1.4240
Averaged Test Accurancy: 0.4649
Averaged Test AUC: 0.8530
Std Test Accurancy: 0.1269
Std Test AUC: 0.0571
ASR : 0.2664272082248916
attack_auc : 0.698443764242739
------------------------- time cost ------------------------- 13.067514896392822

-------------Round number: 125-------------

Evaluate global model
Averaged Train Loss: 1.6484
Averaged Test Accurancy: 0.4238
Averaged Test AUC: 0.8155
Std Test Accurancy: 0.1404
Std Test AUC: 0.0902
ASR : 0.31052213267857964
attack_auc : 0.7181291425546186
------------------------- time cost ------------------------- 13.822863101959229

-------------Round number: 126-------------

Evaluate global model
Averaged Train Loss: 1.4609
Averaged Test Accurancy: 0.4640
Averaged Test AUC: 0.8405
Std Test Accurancy: 0.1215
Std Test AUC: 0.0743
ASR : 0.23388596523469887
attack_auc : 0.672974109537946
------------------------- time cost ------------------------- 12.047359704971313

-------------Round number: 127-------------

Evaluate global model
Averaged Train Loss: 1.4002
Averaged Test Accurancy: 0.4739
Averaged Test AUC: 0.8485
Std Test Accurancy: 0.1112
Std Test AUC: 0.0632
ASR : 0.32099543760785587
attack_auc : 0.7182984081194571
------------------------- time cost ------------------------- 12.440302610397339

-------------Round number: 128-------------

Evaluate global model
Averaged Train Loss: 1.5773
Averaged Test Accurancy: 0.4270
Averaged Test AUC: 0.8202
Std Test Accurancy: 0.1116
Std Test AUC: 0.0777
ASR : 0.2738725858951213
attack_auc : 0.7040015018504211
------------------------- time cost ------------------------- 12.928908586502075

-------------Round number: 129-------------

Evaluate global model
Averaged Train Loss: 1.3698
Averaged Test Accurancy: 0.4818
Averaged Test AUC: 0.8582
Std Test Accurancy: 0.1198
Std Test AUC: 0.0565
ASR : 0.18905929436022426
attack_auc : 0.616407331550555
------------------------- time cost ------------------------- 12.280219316482544

-------------Round number: 130-------------

Evaluate global model
Averaged Train Loss: 1.3720
Averaged Test Accurancy: 0.4778
Averaged Test AUC: 0.8550
Std Test Accurancy: 0.1186
Std Test AUC: 0.0555
ASR : 0.28413244949315014
attack_auc : 0.7101859863523963
------------------------- time cost ------------------------- 12.555160999298096

-------------Round number: 131-------------

Evaluate global model
Averaged Train Loss: 1.4959
Averaged Test Accurancy: 0.4602
Averaged Test AUC: 0.8522
Std Test Accurancy: 0.1340
Std Test AUC: 0.0598
ASR : 0.1174171877957368
attack_auc : 0.5884627655220077
------------------------- time cost ------------------------- 12.97762656211853

-------------Round number: 132-------------

Evaluate global model
Averaged Train Loss: 1.5794
Averaged Test Accurancy: 0.4392
Averaged Test AUC: 0.8310
Std Test Accurancy: 0.1299
Std Test AUC: 0.0731
ASR : 0.34796204125579977
attack_auc : 0.7514908115818083
------------------------- time cost ------------------------- 12.197591066360474

-------------Round number: 133-------------

Evaluate global model
Averaged Train Loss: 1.6945
Averaged Test Accurancy: 0.4025
Averaged Test AUC: 0.8054
Std Test Accurancy: 0.1212
Std Test AUC: 0.0840
ASR : 0.27042938278157036
attack_auc : 0.6990006987887385
------------------------- time cost ------------------------- 12.628463983535767

-------------Round number: 134-------------

Evaluate global model
Averaged Train Loss: 1.5429
Averaged Test Accurancy: 0.4489
Averaged Test AUC: 0.8274
Std Test Accurancy: 0.1331
Std Test AUC: 0.0876
ASR : 0.15631896470467518
attack_auc : 0.6638136499894244
------------------------- time cost ------------------------- 13.07092022895813

-------------Round number: 135-------------

Evaluate global model
Averaged Train Loss: 1.4538
Averaged Test Accurancy: 0.4494
Averaged Test AUC: 0.8478
Std Test Accurancy: 0.1186
Std Test AUC: 0.0528
ASR : 0.2820800360378485
attack_auc : 0.7199893951755107
------------------------- time cost ------------------------- 12.235768795013428

-------------Round number: 136-------------

Evaluate global model
Averaged Train Loss: 1.3560
Averaged Test Accurancy: 0.4814
Averaged Test AUC: 0.8528
Std Test Accurancy: 0.1309
Std Test AUC: 0.0569
ASR : 0.4500536797119045
attack_auc : 0.8329784492186121
------------------------- time cost ------------------------- 12.098941564559937

-------------Round number: 137-------------

Evaluate global model
Averaged Train Loss: 1.3909
Averaged Test Accurancy: 0.4650
Averaged Test AUC: 0.8461
Std Test Accurancy: 0.1172
Std Test AUC: 0.0584
ASR : 0.37395158936978734
attack_auc : 0.7858312128313037
------------------------- time cost ------------------------- 13.153517246246338

-------------Round number: 138-------------

Evaluate global model
Averaged Train Loss: 1.3798
Averaged Test Accurancy: 0.4679
Averaged Test AUC: 0.8520
Std Test Accurancy: 0.1299
Std Test AUC: 0.0613
ASR : 0.3201607867313088
attack_auc : 0.7718008069125233
------------------------- time cost ------------------------- 12.575358867645264

-------------Round number: 139-------------

Evaluate global model
Averaged Train Loss: 1.4113
Averaged Test Accurancy: 0.4764
Averaged Test AUC: 0.8533
Std Test Accurancy: 0.1250
Std Test AUC: 0.0553
ASR : 0.34585017705778615
attack_auc : 0.7888847040596179
------------------------- time cost ------------------------- 12.17159390449524

-------------Round number: 140-------------

Evaluate global model
Averaged Train Loss: 1.4997
Averaged Test Accurancy: 0.4327
Averaged Test AUC: 0.8313
Std Test Accurancy: 0.1141
Std Test AUC: 0.0641
ASR : 0.476482382573889
attack_auc : 0.8417945619220415
------------------------- time cost ------------------------- 13.067160844802856

-------------Round number: 141-------------

Evaluate global model
Averaged Train Loss: 1.4688
Averaged Test Accurancy: 0.4578
Averaged Test AUC: 0.8473
Std Test Accurancy: 0.1364
Std Test AUC: 0.0572
ASR : 0.46733375226065094
attack_auc : 0.8417464012426763
------------------------- time cost ------------------------- 12.460312604904175

-------------Round number: 142-------------

Evaluate global model
Averaged Train Loss: 1.4223
Averaged Test Accurancy: 0.4542
Averaged Test AUC: 0.8451
Std Test Accurancy: 0.1215
Std Test AUC: 0.0603
ASR : 0.5190926089149086
attack_auc : 0.8608310107273554
------------------------- time cost ------------------------- 12.170201778411865

-------------Round number: 143-------------

Evaluate global model
Averaged Train Loss: 1.4037
Averaged Test Accurancy: 0.4749
Averaged Test AUC: 0.8515
Std Test Accurancy: 0.1403
Std Test AUC: 0.0579
ASR : 0.402331895017474
attack_auc : 0.8115531885580336
------------------------- time cost ------------------------- 12.939281940460205

-------------Round number: 144-------------

Evaluate global model
Averaged Train Loss: 1.3957
Averaged Test Accurancy: 0.4771
Averaged Test AUC: 0.8488
Std Test Accurancy: 0.1248
Std Test AUC: 0.0586
ASR : 0.4209804773383796
attack_auc : 0.8149230718674626
------------------------- time cost ------------------------- 12.41223430633545

-------------Round number: 145-------------

Evaluate global model
Averaged Train Loss: 1.6559
Averaged Test Accurancy: 0.3945
Averaged Test AUC: 0.8292
Std Test Accurancy: 0.1468
Std Test AUC: 0.0648
ASR : 0.646808993062536
attack_auc : 0.9202773672751458
------------------------- time cost ------------------------- 11.960611343383789

-------------Round number: 146-------------

Evaluate global model
Averaged Train Loss: 1.5954
Averaged Test Accurancy: 0.4321
Averaged Test AUC: 0.8409
Std Test Accurancy: 0.1554
Std Test AUC: 0.0724
ASR : 0.21892356965739082
attack_auc : 0.8020098163053281
------------------------- time cost ------------------------- 12.985002994537354

-------------Round number: 147-------------

Evaluate global model
Averaged Train Loss: 1.4581
Averaged Test Accurancy: 0.4551
Averaged Test AUC: 0.8399
Std Test Accurancy: 0.1316
Std Test AUC: 0.0670
ASR : 0.43295182169472435
attack_auc : 0.8293537705000223
------------------------- time cost ------------------------- 12.778605937957764

-------------Round number: 148-------------

Evaluate global model
Averaged Train Loss: 1.3352
Averaged Test Accurancy: 0.4768
Averaged Test AUC: 0.8534
Std Test Accurancy: 0.1095
Std Test AUC: 0.0580
ASR : 0.35789591691157746
attack_auc : 0.7739379285246647
------------------------- time cost ------------------------- 11.698322534561157

-------------Round number: 149-------------

Evaluate global model
Averaged Train Loss: 1.4053
Averaged Test Accurancy: 0.4555
Averaged Test AUC: 0.8410
Std Test Accurancy: 0.1281
Std Test AUC: 0.0713
ASR : 0.7072322674198459
attack_auc : 0.9327187655419811
------------------------- time cost ------------------------- 12.71141242980957

-------------Round number: 150-------------

Evaluate global model
Averaged Train Loss: 1.4796
Averaged Test Accurancy: 0.4616
Averaged Test AUC: 0.8411
Std Test Accurancy: 0.1346
Std Test AUC: 0.0785
ASR : 0.325918411132637
attack_auc : 0.790983810759074
------------------------- time cost ------------------------- 12.791736602783203

-------------Round number: 151-------------

Evaluate global model
Averaged Train Loss: 1.5469
Averaged Test Accurancy: 0.4359
Averaged Test AUC: 0.8353
Std Test Accurancy: 0.1262
Std Test AUC: 0.0748
ASR : 0.28809785758367235
attack_auc : 0.7747892408709347
------------------------- time cost ------------------------- 12.03091549873352

-------------Round number: 152-------------

Evaluate global model
Averaged Train Loss: 1.4329
Averaged Test Accurancy: 0.4482
Averaged Test AUC: 0.8379
Std Test Accurancy: 0.1110
Std Test AUC: 0.0735
ASR : 0.4213864658496181
attack_auc : 0.7933470167369854
------------------------- time cost ------------------------- 12.723313331604004

-------------Round number: 153-------------

Evaluate global model
Averaged Train Loss: 1.4340
Averaged Test Accurancy: 0.4619
Averaged Test AUC: 0.8387
Std Test Accurancy: 0.1362
Std Test AUC: 0.0820
ASR : 0.37085515357807713
attack_auc : 0.7832302052824689
------------------------- time cost ------------------------- 12.936029434204102

-------------Round number: 154-------------

Evaluate global model
Averaged Train Loss: 1.4279
Averaged Test Accurancy: 0.4500
Averaged Test AUC: 0.8432
Std Test Accurancy: 0.1198
Std Test AUC: 0.0677
ASR : 0.31436407057915894
attack_auc : 0.7446346210470853
------------------------- time cost ------------------------- 12.165781736373901

-------------Round number: 155-------------

Evaluate global model
Averaged Train Loss: 1.7086
Averaged Test Accurancy: 0.4130
Averaged Test AUC: 0.8276
Std Test Accurancy: 0.1530
Std Test AUC: 0.0790
ASR : 0.5965641042637485
attack_auc : 0.8934694819478355
------------------------- time cost ------------------------- 12.182861566543579

-------------Round number: 156-------------

Evaluate global model
Averaged Train Loss: 1.4681
Averaged Test Accurancy: 0.4509
Averaged Test AUC: 0.8391
Std Test Accurancy: 0.1371
Std Test AUC: 0.0700
ASR : 0.4802086286595275
attack_auc : 0.8451907461379079
------------------------- time cost ------------------------- 13.197030305862427

-------------Round number: 157-------------

Evaluate global model
Averaged Train Loss: 1.5409
Averaged Test Accurancy: 0.4390
Averaged Test AUC: 0.8229
Std Test Accurancy: 0.1136
Std Test AUC: 0.0807
ASR : 0.39933836089578784
attack_auc : 0.8089159508425273
------------------------- time cost ------------------------- 12.07654094696045

-------------Round number: 158-------------

Evaluate global model
Averaged Train Loss: 1.5947
Averaged Test Accurancy: 0.4371
Averaged Test AUC: 0.8326
Std Test Accurancy: 0.1379
Std Test AUC: 0.0724
ASR : 0.46660737948136394
attack_auc : 0.8574716880819311
------------------------- time cost ------------------------- 12.25631594657898

-------------Round number: 159-------------

Evaluate global model
Averaged Train Loss: 1.4900
Averaged Test Accurancy: 0.4479
Averaged Test AUC: 0.8276
Std Test Accurancy: 0.1338
Std Test AUC: 0.0816
ASR : 0.5699729519927824
attack_auc : 0.8820505370114857
------------------------- time cost ------------------------- 13.040034532546997

-------------Round number: 160-------------

Evaluate global model
Averaged Train Loss: 1.4763
Averaged Test Accurancy: 0.4448
Averaged Test AUC: 0.8347
Std Test Accurancy: 0.1373
Std Test AUC: 0.0701
ASR : 0.32221056494237804
attack_auc : 0.7599822796857372
------------------------- time cost ------------------------- 12.471218347549438

-------------Round number: 161-------------

Evaluate global model
Averaged Train Loss: 1.7046
Averaged Test Accurancy: 0.4037
Averaged Test AUC: 0.8177
Std Test Accurancy: 0.1372
Std Test AUC: 0.0833
ASR : 0.32484610039651046
attack_auc : 0.7797012543643356
------------------------- time cost ------------------------- 12.469356298446655

-------------Round number: 162-------------

Evaluate global model
Averaged Train Loss: 1.6835
Averaged Test Accurancy: 0.4059
Averaged Test AUC: 0.8192
Std Test Accurancy: 0.1463
Std Test AUC: 0.0793
ASR : 0.2999941427440127
attack_auc : 0.7174053052452458
------------------------- time cost ------------------------- 12.96464729309082

-------------Round number: 163-------------

Evaluate global model
Averaged Train Loss: 1.3767
Averaged Test Accurancy: 0.4606
Averaged Test AUC: 0.8405
Std Test Accurancy: 0.1215
Std Test AUC: 0.0807
ASR : 0.45080127936326764
attack_auc : 0.8079896236559148
------------------------- time cost ------------------------- 12.860278367996216

-------------Round number: 164-------------

Evaluate global model
Averaged Train Loss: 1.5753
Averaged Test Accurancy: 0.4336
Averaged Test AUC: 0.8372
Std Test Accurancy: 0.1547
Std Test AUC: 0.0788
ASR : 0.22673554023158943
attack_auc : 0.6743038222472723
------------------------- time cost ------------------------- 12.025546312332153

-------------Round number: 165-------------

Evaluate global model
Averaged Train Loss: 1.4297
Averaged Test Accurancy: 0.4685
Averaged Test AUC: 0.8335
Std Test Accurancy: 0.1121
Std Test AUC: 0.0803
ASR : 0.24431764835714914
attack_auc : 0.665486183274804
------------------------- time cost ------------------------- 12.976366996765137

-------------Round number: 166-------------

Evaluate global model
Averaged Train Loss: 1.6221
Averaged Test Accurancy: 0.4080
Averaged Test AUC: 0.8211
Std Test Accurancy: 0.1333
Std Test AUC: 0.0781
ASR : 0.4927773798401985
attack_auc : 0.8503149423264796
------------------------- time cost ------------------------- 12.764106750488281

-------------Round number: 167-------------

Evaluate global model
Averaged Train Loss: 1.4630
Averaged Test Accurancy: 0.4640
Averaged Test AUC: 0.8437
Std Test Accurancy: 0.1256
Std Test AUC: 0.0623
ASR : 0.25052629036465884
attack_auc : 0.7000355387148544
------------------------- time cost ------------------------- 11.81156849861145

-------------Round number: 168-------------

Evaluate global model
Averaged Train Loss: 1.5433
Averaged Test Accurancy: 0.4332
Averaged Test AUC: 0.8342
Std Test Accurancy: 0.1396
Std Test AUC: 0.0823
ASR : 0.27683156735958425
attack_auc : 0.7458246846898059
------------------------- time cost ------------------------- 12.729482173919678

-------------Round number: 169-------------

Evaluate global model
Averaged Train Loss: 1.4313
Averaged Test Accurancy: 0.4674
Averaged Test AUC: 0.8400
Std Test Accurancy: 0.1236
Std Test AUC: 0.0702
ASR : 0.3919230907532649
attack_auc : 0.8089013055280065
------------------------- time cost ------------------------- 12.694759130477905

-------------Round number: 170-------------

Evaluate global model
Averaged Train Loss: 1.3869
Averaged Test Accurancy: 0.4436
Averaged Test AUC: 0.8435
Std Test Accurancy: 0.1254
Std Test AUC: 0.0597
ASR : 0.5559505712831198
attack_auc : 0.8720305458905133
------------------------- time cost ------------------------- 12.037503480911255

-------------Round number: 171-------------

Evaluate global model
Averaged Train Loss: 1.6209
Averaged Test Accurancy: 0.4250
Averaged Test AUC: 0.8223
Std Test Accurancy: 0.1428
Std Test AUC: 0.0765
ASR : 0.5536377722946643
attack_auc : 0.8779800232156404
------------------------- time cost ------------------------- 12.533697128295898

-------------Round number: 172-------------

Evaluate global model
Averaged Train Loss: 1.4879
Averaged Test Accurancy: 0.4551
Averaged Test AUC: 0.8417
Std Test Accurancy: 0.1351
Std Test AUC: 0.0649
ASR : 0.37401764321338715
attack_auc : 0.8050201099513954
------------------------- time cost ------------------------- 12.945119619369507

-------------Round number: 173-------------

Evaluate global model
Averaged Train Loss: 1.4644
Averaged Test Accurancy: 0.4466
Averaged Test AUC: 0.8337
Std Test Accurancy: 0.1183
Std Test AUC: 0.0647
ASR : 0.5328876239211773
attack_auc : 0.873144937640615
------------------------- time cost ------------------------- 12.443404912948608

-------------Round number: 174-------------

Evaluate global model
Averaged Train Loss: 1.6108
Averaged Test Accurancy: 0.3924
Averaged Test AUC: 0.8099
Std Test Accurancy: 0.1339
Std Test AUC: 0.0770
ASR : 0.520319996501809
attack_auc : 0.8832957362477885
------------------------- time cost ------------------------- 12.497534036636353

-------------Round number: 175-------------

Evaluate global model
Averaged Train Loss: 1.4449
Averaged Test Accurancy: 0.4498
Averaged Test AUC: 0.8305
Std Test Accurancy: 0.1118
Std Test AUC: 0.0608
ASR : 0.46088055531866967
attack_auc : 0.836131083648118
------------------------- time cost ------------------------- 13.377355575561523

-------------Round number: 176-------------

Evaluate global model
Averaged Train Loss: 1.8534
Averaged Test Accurancy: 0.3766
Averaged Test AUC: 0.7993
Std Test Accurancy: 0.1483
Std Test AUC: 0.0828
ASR : 0.37489834707883696
attack_auc : 0.8008587623371097
------------------------- time cost ------------------------- 12.341054439544678

-------------Round number: 177-------------

Evaluate global model
Averaged Train Loss: 1.6531
Averaged Test Accurancy: 0.4089
Averaged Test AUC: 0.8205
Std Test Accurancy: 0.1514
Std Test AUC: 0.0864
ASR : 0.4082726619239533
attack_auc : 0.826686873405072
------------------------- time cost ------------------------- 11.98540210723877

-------------Round number: 178-------------

Evaluate global model
Averaged Train Loss: 1.4505
Averaged Test Accurancy: 0.4498
Averaged Test AUC: 0.8271
Std Test Accurancy: 0.1134
Std Test AUC: 0.0761
ASR : 0.5051779480394429
attack_auc : 0.8426891676206633
------------------------- time cost ------------------------- 12.926291227340698

-------------Round number: 179-------------

Evaluate global model
Averaged Train Loss: 1.4632
Averaged Test Accurancy: 0.4376
Averaged Test AUC: 0.8312
Std Test Accurancy: 0.1238
Std Test AUC: 0.0639
ASR : 0.7239889990771793
attack_auc : 0.9375492386737606
------------------------- time cost ------------------------- 12.479531288146973

-------------Round number: 180-------------

Evaluate global model
Averaged Train Loss: 1.4507
Averaged Test Accurancy: 0.4544
Averaged Test AUC: 0.8382
Std Test Accurancy: 0.1410
Std Test AUC: 0.0700
ASR : 0.42556567382524724
attack_auc : 0.8354093798732437
------------------------- time cost ------------------------- 11.94003438949585

-------------Round number: 181-------------

Evaluate global model
Averaged Train Loss: 1.5693
Averaged Test Accurancy: 0.4463
Averaged Test AUC: 0.8293
Std Test Accurancy: 0.1423
Std Test AUC: 0.0752
ASR : 0.5105780218784756
attack_auc : 0.8704128407842247
------------------------- time cost ------------------------- 13.113412141799927

-------------Round number: 182-------------

Evaluate global model
Averaged Train Loss: 1.8927
Averaged Test Accurancy: 0.3721
Averaged Test AUC: 0.8110
Std Test Accurancy: 0.1610
Std Test AUC: 0.0845
ASR : 0.3790004420835
attack_auc : 0.8157325790031068
------------------------- time cost ------------------------- 12.80493450164795

-------------Round number: 183-------------

Evaluate global model
Averaged Train Loss: 1.5258
Averaged Test Accurancy: 0.4286
Averaged Test AUC: 0.8103
Std Test Accurancy: 0.1300
Std Test AUC: 0.0864
ASR : 0.7151356325728508
attack_auc : 0.9359065869703209
------------------------- time cost ------------------------- 12.012018203735352

-------------Round number: 184-------------

Evaluate global model
Averaged Train Loss: 1.5039
Averaged Test Accurancy: 0.4420
Averaged Test AUC: 0.8285
Std Test Accurancy: 0.1362
Std Test AUC: 0.0714
ASR : 0.4888274713072064
attack_auc : 0.8453803210213593
------------------------- time cost ------------------------- 12.88116979598999

-------------Round number: 185-------------

Evaluate global model
Averaged Train Loss: 1.9471
Averaged Test Accurancy: 0.3796
Averaged Test AUC: 0.8086
Std Test Accurancy: 0.1679
Std Test AUC: 0.0919
ASR : 0.3118516129676294
attack_auc : 0.7571646170681108
------------------------- time cost ------------------------- 12.769426345825195

-------------Round number: 186-------------

Evaluate global model
Averaged Train Loss: 1.6702
Averaged Test Accurancy: 0.4075
Averaged Test AUC: 0.8097
Std Test Accurancy: 0.1244
Std Test AUC: 0.1060
ASR : 0.6007858135365031
attack_auc : 0.8864897740330833
------------------------- time cost ------------------------- 11.856326580047607

-------------Round number: 187-------------

Evaluate global model
Averaged Train Loss: 1.6563
Averaged Test Accurancy: 0.4297
Averaged Test AUC: 0.8043
Std Test Accurancy: 0.1300
Std Test AUC: 0.1090
ASR : 0.5701374366175054
attack_auc : 0.876128388677987
------------------------- time cost ------------------------- 12.649111270904541

-------------Round number: 188-------------

Evaluate global model
Averaged Train Loss: 1.5506
Averaged Test Accurancy: 0.4257
Averaged Test AUC: 0.8089
Std Test Accurancy: 0.1447
Std Test AUC: 0.1097
ASR : 0.5775060242938937
attack_auc : 0.8839776651437424
------------------------- time cost ------------------------- 13.014246940612793

-------------Round number: 189-------------

Evaluate global model
Averaged Train Loss: 1.5328
Averaged Test Accurancy: 0.4354
Averaged Test AUC: 0.8223
Std Test Accurancy: 0.1523
Std Test AUC: 0.1002
ASR : 0.7057712669569324
attack_auc : 0.931510667162682
------------------------- time cost ------------------------- 11.98547625541687

-------------Round number: 190-------------

Evaluate global model
Averaged Train Loss: 1.4714
Averaged Test Accurancy: 0.4589
Averaged Test AUC: 0.8207
Std Test Accurancy: 0.1422
Std Test AUC: 0.1099
ASR : 0.4741922039898158
attack_auc : 0.8484387419494206
------------------------- time cost ------------------------- 12.511780023574829

-------------Round number: 191-------------

Evaluate global model
Averaged Train Loss: 1.5043
Averaged Test Accurancy: 0.4381
Averaged Test AUC: 0.8248
Std Test Accurancy: 0.1371
Std Test AUC: 0.0996
ASR : 0.4066960727369562
attack_auc : 0.8110582301594674
------------------------- time cost ------------------------- 12.898178100585938

-------------Round number: 192-------------

Evaluate global model
Averaged Train Loss: 1.5234
Averaged Test Accurancy: 0.4426
Averaged Test AUC: 0.8225
Std Test Accurancy: 0.1460
Std Test AUC: 0.1075
ASR : 0.3428302358449954
attack_auc : 0.7762228134246236
------------------------- time cost ------------------------- 12.123378276824951

-------------Round number: 193-------------

Evaluate global model
Averaged Train Loss: 1.6604
Averaged Test Accurancy: 0.4169
Averaged Test AUC: 0.8130
Std Test Accurancy: 0.1436
Std Test AUC: 0.0903
ASR : 0.587028262730535
attack_auc : 0.8886443613312163
------------------------- time cost ------------------------- 12.370058298110962

-------------Round number: 194-------------

Evaluate global model
Averaged Train Loss: 1.4618
Averaged Test Accurancy: 0.4426
Averaged Test AUC: 0.8201
Std Test Accurancy: 0.1421
Std Test AUC: 0.0913
ASR : 0.4531528456592538
attack_auc : 0.8317097798867589
------------------------- time cost ------------------------- 12.983248949050903

-------------Round number: 195-------------

Evaluate global model
Averaged Train Loss: 1.5796
Averaged Test Accurancy: 0.4331
Averaged Test AUC: 0.8234
Std Test Accurancy: 0.1407
Std Test AUC: 0.0813
ASR : 0.6499617019598938
attack_auc : 0.9121182722012181
------------------------- time cost ------------------------- 12.586753606796265

-------------Round number: 196-------------

Evaluate global model
Averaged Train Loss: 1.7991
Averaged Test Accurancy: 0.3818
Averaged Test AUC: 0.8100
Std Test Accurancy: 0.1395
Std Test AUC: 0.0842
ASR : 0.47182331785699066
attack_auc : 0.8605006694100131
------------------------- time cost ------------------------- 11.934248447418213

-------------Round number: 197-------------

Evaluate global model
Averaged Train Loss: 1.7929
Averaged Test Accurancy: 0.4140
Averaged Test AUC: 0.8005
Std Test Accurancy: 0.1406
Std Test AUC: 0.0973
ASR : 0.49581846064328317
attack_auc : 0.8723323754415494
------------------------- time cost ------------------------- 13.000373363494873

-------------Round number: 198-------------

Evaluate global model
Averaged Train Loss: 1.5214
Averaged Test Accurancy: 0.4317
Averaged Test AUC: 0.8207
Std Test Accurancy: 0.1306
Std Test AUC: 0.0825
ASR : 0.36413442938405166
attack_auc : 0.7955538037245091
------------------------- time cost ------------------------- 12.569798946380615

-------------Round number: 199-------------

Evaluate global model
Averaged Train Loss: 1.7041
Averaged Test Accurancy: 0.4169
Averaged Test AUC: 0.7917
Std Test Accurancy: 0.1356
Std Test AUC: 0.1062
ASR : 0.6205349702674361
attack_auc : 0.910843958389044
------------------------- time cost ------------------------- 12.256053447723389

-------------Round number: 200-------------

Evaluate global model
Averaged Train Loss: 1.5736
Averaged Test Accurancy: 0.4169
Averaged Test AUC: 0.8148
Std Test Accurancy: 0.1651
Std Test AUC: 0.0972
ASR : 0.5261034777601394
attack_auc : 0.8839228649323748
------------------------- time cost ------------------------- 12.917429685592651

-------------Round number: 201-------------

Evaluate global model
Averaged Train Loss: 1.6210
Averaged Test Accurancy: 0.4301
Averaged Test AUC: 0.8082
Std Test Accurancy: 0.1551
Std Test AUC: 0.1046
ASR : 0.5084719132280071
attack_auc : 0.8757275630528303
------------------------- time cost ------------------------- 12.581968545913696

-------------Round number: 202-------------

Evaluate global model
Averaged Train Loss: 1.5283
Averaged Test Accurancy: 0.4263
Averaged Test AUC: 0.8156
Std Test Accurancy: 0.1393
Std Test AUC: 0.0924
ASR : 0.6588408567738674
attack_auc : 0.9111487900913349
------------------------- time cost ------------------------- 11.841246604919434

-------------Round number: 203-------------

Evaluate global model
Averaged Train Loss: 1.5782
Averaged Test Accurancy: 0.4194
Averaged Test AUC: 0.8198
Std Test Accurancy: 0.1591
Std Test AUC: 0.0878
ASR : 0.3813552423059082
attack_auc : 0.7979218771838072
------------------------- time cost ------------------------- 12.463843584060669

-------------Round number: 204-------------

Evaluate global model
Averaged Train Loss: 1.5535
Averaged Test Accurancy: 0.4297
Averaged Test AUC: 0.8211
Std Test Accurancy: 0.1576
Std Test AUC: 0.0892
ASR : 0.3392169672900192
attack_auc : 0.7885588963902287
------------------------- time cost ------------------------- 12.750844717025757

-------------Round number: 205-------------

Evaluate global model
Averaged Train Loss: 1.7466
Averaged Test Accurancy: 0.4039
Averaged Test AUC: 0.8147
Std Test Accurancy: 0.1668
Std Test AUC: 0.0889
ASR : 0.36249753986400196
attack_auc : 0.7906655143894786
------------------------- time cost ------------------------- 12.269786357879639

-------------Round number: 206-------------

Evaluate global model
Averaged Train Loss: 1.6346
Averaged Test Accurancy: 0.4226
Averaged Test AUC: 0.8137
Std Test Accurancy: 0.1609
Std Test AUC: 0.0930
ASR : 0.41499496569313454
attack_auc : 0.8233839118856778
------------------------- time cost ------------------------- 12.567083597183228

-------------Round number: 207-------------

Evaluate global model
Averaged Train Loss: 2.1736
Averaged Test Accurancy: 0.3418
Averaged Test AUC: 0.7953
Std Test Accurancy: 0.1581
Std Test AUC: 0.1041
ASR : 0.2392062535567732
attack_auc : 0.7367320867165201
------------------------- time cost ------------------------- 13.200848579406738

-------------Round number: 208-------------

Evaluate global model
Averaged Train Loss: 1.6754
Averaged Test Accurancy: 0.4263
Averaged Test AUC: 0.8007
Std Test Accurancy: 0.1554
Std Test AUC: 0.1114
ASR : 0.6206713451213516
attack_auc : 0.9152866909776315
------------------------- time cost ------------------------- 12.392929792404175

-------------Round number: 209-------------

Evaluate global model
Averaged Train Loss: 1.6094
Averaged Test Accurancy: 0.4096
Averaged Test AUC: 0.8093
Std Test Accurancy: 0.1540
Std Test AUC: 0.0987
ASR : 0.5365524223557887
attack_auc : 0.8670394712531344
------------------------- time cost ------------------------- 12.311531782150269

-------------Round number: 210-------------

Evaluate global model
Averaged Train Loss: 1.8953
Averaged Test Accurancy: 0.3970
Averaged Test AUC: 0.7859
Std Test Accurancy: 0.1632
Std Test AUC: 0.1126
ASR : 0.5072933638353495
attack_auc : 0.8807142062853899
------------------------- time cost ------------------------- 13.286143064498901

-------------Round number: 211-------------

Evaluate global model
Averaged Train Loss: 1.5003
Averaged Test Accurancy: 0.4338
Averaged Test AUC: 0.8171
Std Test Accurancy: 0.1343
Std Test AUC: 0.0838
ASR : 0.44759107959488686
attack_auc : 0.8236462690619192
------------------------- time cost ------------------------- 12.572300434112549

-------------Round number: 212-------------

Evaluate global model
Averaged Train Loss: 1.5801
Averaged Test Accurancy: 0.4365
Averaged Test AUC: 0.8169
Std Test Accurancy: 0.1439
Std Test AUC: 0.0876
ASR : 0.3230706435207243
attack_auc : 0.7451469086037577
------------------------- time cost ------------------------- 12.018142938613892

-------------Round number: 213-------------

Evaluate global model
Averaged Train Loss: 1.5599
Averaged Test Accurancy: 0.4279
Averaged Test AUC: 0.8146
Std Test Accurancy: 0.1418
Std Test AUC: 0.0847
ASR : 0.6119804608380022
attack_auc : 0.8983003739217725
------------------------- time cost ------------------------- 12.837587356567383

-------------Round number: 214-------------

Evaluate global model
Averaged Train Loss: 1.5545
Averaged Test Accurancy: 0.4321
Averaged Test AUC: 0.8104
Std Test Accurancy: 0.1542
Std Test AUC: 0.0940
ASR : 0.585986766638499
attack_auc : 0.8893788639870042
------------------------- time cost ------------------------- 12.606992483139038

-------------Round number: 215-------------

Evaluate global model
Averaged Train Loss: 1.6736
Averaged Test Accurancy: 0.4099
Averaged Test AUC: 0.7992
Std Test Accurancy: 0.1502
Std Test AUC: 0.0988
ASR : 0.6310711423333264
attack_auc : 0.9130049528809857
------------------------- time cost ------------------------- 12.344680309295654

-------------Round number: 216-------------

Evaluate global model
Averaged Train Loss: 1.9718
Averaged Test Accurancy: 0.3907
Averaged Test AUC: 0.7951
Std Test Accurancy: 0.1691
Std Test AUC: 0.1035
ASR : 0.48829891454431024
attack_auc : 0.8669136648667736
------------------------- time cost ------------------------- 13.262529850006104

-------------Round number: 217-------------

Evaluate global model
Averaged Train Loss: 1.5852
Averaged Test Accurancy: 0.4279
Averaged Test AUC: 0.7937
Std Test Accurancy: 0.1323
Std Test AUC: 0.1210
ASR : 0.520208058314872
attack_auc : 0.8624780200441606
------------------------- time cost ------------------------- 12.909294843673706

-------------Round number: 218-------------

Evaluate global model
Averaged Train Loss: 1.6577
Averaged Test Accurancy: 0.4019
Averaged Test AUC: 0.8064
Std Test Accurancy: 0.1539
Std Test AUC: 0.1147
ASR : 0.36346728070791046
attack_auc : 0.7998368504725015
------------------------- time cost ------------------------- 12.204945087432861

-------------Round number: 219-------------

Evaluate global model
Averaged Train Loss: 1.7341
Averaged Test Accurancy: 0.3995
Averaged Test AUC: 0.7982
Std Test Accurancy: 0.1579
Std Test AUC: 0.1163
ASR : 0.7359160909121346
attack_auc : 0.9435399842066067
------------------------- time cost ------------------------- 12.533726930618286

-------------Round number: 220-------------

Evaluate global model
Averaged Train Loss: 1.5630
Averaged Test Accurancy: 0.4307
Averaged Test AUC: 0.8070
Std Test Accurancy: 0.1431
Std Test AUC: 0.1156
ASR : 0.5762274807113275
attack_auc : 0.8920226040959782
------------------------- time cost ------------------------- 12.806644439697266

-------------Round number: 221-------------

Evaluate global model
Averaged Train Loss: 1.6526
Averaged Test Accurancy: 0.4087
Averaged Test AUC: 0.8104
Std Test Accurancy: 0.1460
Std Test AUC: 0.1059
ASR : 0.46263253480444266
attack_auc : 0.8362749750862276
------------------------- time cost ------------------------- 12.00239086151123

-------------Round number: 222-------------

Evaluate global model
Averaged Train Loss: 1.5680
Averaged Test Accurancy: 0.4350
Averaged Test AUC: 0.8140
Std Test Accurancy: 0.1550
Std Test AUC: 0.1159
ASR : 0.45111776330347547
attack_auc : 0.8518756186161979
------------------------- time cost ------------------------- 12.188780307769775

-------------Round number: 223-------------

Evaluate global model
Averaged Train Loss: 1.6106
Averaged Test Accurancy: 0.4167
Averaged Test AUC: 0.8100
Std Test Accurancy: 0.1404
Std Test AUC: 0.1083
ASR : 0.46480341285785404
attack_auc : 0.8276718586043071
------------------------- time cost ------------------------- 13.186524152755737

-------------Round number: 224-------------

Evaluate global model
Averaged Train Loss: 1.6888
Averaged Test Accurancy: 0.4314
Averaged Test AUC: 0.7933
Std Test Accurancy: 0.1394
Std Test AUC: 0.1298
ASR : 0.5140455703527098
attack_auc : 0.8776337087830932
------------------------- time cost ------------------------- 12.696349382400513

-------------Round number: 225-------------

Evaluate global model
Averaged Train Loss: 1.5304
Averaged Test Accurancy: 0.4209
Averaged Test AUC: 0.8041
Std Test Accurancy: 0.1452
Std Test AUC: 0.1144
ASR : 0.6199421839326892
attack_auc : 0.8970037290569123
------------------------- time cost ------------------------- 11.910242319107056

-------------Round number: 226-------------

Evaluate global model
Averaged Train Loss: 1.8649
Averaged Test Accurancy: 0.4165
Averaged Test AUC: 0.7956
Std Test Accurancy: 0.1526
Std Test AUC: 0.1140
ASR : 0.5393045572298488
attack_auc : 0.8881961381867289
------------------------- time cost ------------------------- 13.038108348846436

-------------Round number: 227-------------

Evaluate global model
Averaged Train Loss: 1.5297
Averaged Test Accurancy: 0.4347
Averaged Test AUC: 0.8065
Std Test Accurancy: 0.1457
Std Test AUC: 0.1180
ASR : 0.48729130691776934
attack_auc : 0.864962312340681
------------------------- time cost ------------------------- 12.818597555160522

-------------Round number: 228-------------

Evaluate global model
Averaged Train Loss: 1.7775
Averaged Test Accurancy: 0.3961
Averaged Test AUC: 0.7939
Std Test Accurancy: 0.1229
Std Test AUC: 0.1144
ASR : 0.5065628330131823
attack_auc : 0.8770821838869799
------------------------- time cost ------------------------- 12.255435943603516

-------------Round number: 229-------------

Evaluate global model
Averaged Train Loss: 1.6561
Averaged Test Accurancy: 0.4365
Averaged Test AUC: 0.8061
Std Test Accurancy: 0.1470
Std Test AUC: 0.1088
ASR : 0.522693391216217
attack_auc : 0.8800696353511092
------------------------- time cost ------------------------- 12.96040964126587

-------------Round number: 230-------------

Evaluate global model
Averaged Train Loss: 1.7991
Averaged Test Accurancy: 0.3827
Averaged Test AUC: 0.8064
Std Test Accurancy: 0.1529
Std Test AUC: 0.1152
ASR : 0.4118215470699883
attack_auc : 0.8361658550211408
------------------------- time cost ------------------------- 12.756525993347168

-------------Round number: 231-------------

Evaluate global model
Averaged Train Loss: 1.7167
Averaged Test Accurancy: 0.4277
Averaged Test AUC: 0.7872
Std Test Accurancy: 0.1345
Std Test AUC: 0.1332
ASR : 0.2964593840958282
attack_auc : 0.7557416437554192
------------------------- time cost ------------------------- 12.257583141326904

-------------Round number: 232-------------

Evaluate global model
Averaged Train Loss: 1.7307
Averaged Test Accurancy: 0.4082
Averaged Test AUC: 0.7978
Std Test Accurancy: 0.1313
Std Test AUC: 0.1095
ASR : 0.38273144225980194
attack_auc : 0.7871094715319523
------------------------- time cost ------------------------- 12.509182691574097

-------------Round number: 233-------------

Evaluate global model
Averaged Train Loss: 1.5916
Averaged Test Accurancy: 0.4227
Averaged Test AUC: 0.7971
Std Test Accurancy: 0.1367
Std Test AUC: 0.1216
ASR : 0.7412848121562751
attack_auc : 0.9407350407177386
------------------------- time cost ------------------------- 12.906664848327637

-------------Round number: 234-------------

Evaluate global model
Averaged Train Loss: 1.6831
Averaged Test Accurancy: 0.4216
Averaged Test AUC: 0.8068
Std Test Accurancy: 0.1514
Std Test AUC: 0.1080
ASR : 0.46417805417430835
attack_auc : 0.849745711422539
------------------------- time cost ------------------------- 12.52108645439148

-------------Round number: 235-------------

Evaluate global model
Averaged Train Loss: 1.6109
Averaged Test Accurancy: 0.4075
Averaged Test AUC: 0.7985
Std Test Accurancy: 0.1331
Std Test AUC: 0.1038
ASR : 0.40725127517797577
attack_auc : 0.8161723359882617
------------------------- time cost ------------------------- 12.31256890296936

-------------Round number: 236-------------

Evaluate global model
Averaged Train Loss: 1.6585
Averaged Test Accurancy: 0.4087
Averaged Test AUC: 0.7923
Std Test Accurancy: 0.1337
Std Test AUC: 0.1090
ASR : 0.6613532869029337
attack_auc : 0.9141927617099256
------------------------- time cost ------------------------- 13.412458658218384

-------------Round number: 237-------------

Evaluate global model
Averaged Train Loss: 1.6516
Averaged Test Accurancy: 0.4203
Averaged Test AUC: 0.8041
Std Test Accurancy: 0.1712
Std Test AUC: 0.1162
ASR : 0.3228303158926478
attack_auc : 0.8030103835052046
------------------------- time cost ------------------------- 12.765552759170532

-------------Round number: 238-------------

Evaluate global model
Averaged Train Loss: 1.8871
Averaged Test Accurancy: 0.4024
Averaged Test AUC: 0.8028
Std Test Accurancy: 0.1485
Std Test AUC: 0.0989
ASR : 0.41510839908212704
attack_auc : 0.831416606774506
------------------------- time cost ------------------------- 12.329084396362305

-------------Round number: 239-------------

Evaluate global model
Averaged Train Loss: 1.8743
Averaged Test Accurancy: 0.3973
Averaged Test AUC: 0.7906
Std Test Accurancy: 0.1632
Std Test AUC: 0.1194
ASR : 0.5794420988685618
attack_auc : 0.8900835839572319
------------------------- time cost ------------------------- 13.102569580078125

-------------Round number: 240-------------

Evaluate global model
Averaged Train Loss: 1.8880
Averaged Test Accurancy: 0.3934
Averaged Test AUC: 0.7963
Std Test Accurancy: 0.1488
Std Test AUC: 0.0977
ASR : 0.49576948009849786
attack_auc : 0.867152626405707
------------------------- time cost ------------------------- 12.759757995605469

-------------Round number: 241-------------

Evaluate global model
Averaged Train Loss: 1.5627
Averaged Test Accurancy: 0.4171
Averaged Test AUC: 0.7930
Std Test Accurancy: 0.1387
Std Test AUC: 0.1204
ASR : 0.7312547182880249
attack_auc : 0.937005772738971
------------------------- time cost ------------------------- 11.981061458587646

-------------Round number: 242-------------

Evaluate global model
Averaged Train Loss: 1.4811
Averaged Test Accurancy: 0.4111
Averaged Test AUC: 0.8055
Std Test Accurancy: 0.1353
Std Test AUC: 0.0996
ASR : 0.7003122183668493
attack_auc : 0.9357298813578309
------------------------- time cost ------------------------- 12.724451541900635

-------------Round number: 243-------------

Evaluate global model
Averaged Train Loss: 1.7068
Averaged Test Accurancy: 0.3837
Averaged Test AUC: 0.7954
Std Test Accurancy: 0.1520
Std Test AUC: 0.1115
ASR : 0.6195393474984741
attack_auc : 0.9107399942615515
------------------------- time cost ------------------------- 13.037423849105835

-------------Round number: 244-------------

Evaluate global model
Averaged Train Loss: 1.4904
Averaged Test Accurancy: 0.4282
Averaged Test AUC: 0.7953
Std Test Accurancy: 0.1474
Std Test AUC: 0.1207
ASR : 0.6550671485267096
attack_auc : 0.9187219573579279
------------------------- time cost ------------------------- 12.208824872970581

-------------Round number: 245-------------

Evaluate global model
Averaged Train Loss: 1.5614
Averaged Test Accurancy: 0.4245
Averaged Test AUC: 0.8005
Std Test Accurancy: 0.1491
Std Test AUC: 0.1089
ASR : 0.4421585998365299
attack_auc : 0.8405439918731082
------------------------- time cost ------------------------- 12.43217134475708

-------------Round number: 246-------------

Evaluate global model
Averaged Train Loss: 1.5365
Averaged Test Accurancy: 0.4154
Averaged Test AUC: 0.7966
Std Test Accurancy: 0.1362
Std Test AUC: 0.1163
ASR : 0.7851129424917113
attack_auc : 0.9534033845478176
------------------------- time cost ------------------------- 12.924737215042114

-------------Round number: 247-------------

Evaluate global model
Averaged Train Loss: 1.6189
Averaged Test Accurancy: 0.4168
Averaged Test AUC: 0.7983
Std Test Accurancy: 0.1560
Std Test AUC: 0.1146
ASR : 0.5908326796597421
attack_auc : 0.9023079829738528
------------------------- time cost ------------------------- 12.351284742355347

-------------Round number: 248-------------

Evaluate global model
Averaged Train Loss: 1.6503
Averaged Test Accurancy: 0.4174
Averaged Test AUC: 0.7879
Std Test Accurancy: 0.1527
Std Test AUC: 0.1211
ASR : 0.6783805790874231
attack_auc : 0.9282915016929648
------------------------- time cost ------------------------- 12.422726154327393

-------------Round number: 249-------------

Evaluate global model
Averaged Train Loss: 1.5740
Averaged Test Accurancy: 0.4289
Averaged Test AUC: 0.7935
Std Test Accurancy: 0.1403
Std Test AUC: 0.1132
ASR : 0.5374422943487045
attack_auc : 0.8715380486726839
------------------------- time cost ------------------------- 13.342183351516724

-------------Round number: 250-------------

Evaluate global model
Averaged Train Loss: 1.6683
Averaged Test Accurancy: 0.4207
Averaged Test AUC: 0.7886
Std Test Accurancy: 0.1423
Std Test AUC: 0.1187
ASR : 0.6129124354331132
attack_auc : 0.8972717117124096
------------------------- time cost ------------------------- 12.577107429504395

-------------Round number: 251-------------

Evaluate global model
Averaged Train Loss: 1.5616
Averaged Test Accurancy: 0.4245
Averaged Test AUC: 0.8010
Std Test Accurancy: 0.1329
Std Test AUC: 0.1034
ASR : 0.4096067773830565
attack_auc : 0.8139484556923862
------------------------- time cost ------------------------- 12.288870811462402

-------------Round number: 252-------------

Evaluate global model
Averaged Train Loss: 1.5733
Averaged Test Accurancy: 0.4289
Averaged Test AUC: 0.7953
Std Test Accurancy: 0.1600
Std Test AUC: 0.1231
ASR : 0.4341473726014014
attack_auc : 0.8301517177826371
------------------------- time cost ------------------------- 13.09018325805664

-------------Round number: 253-------------

Evaluate global model
Averaged Train Loss: 1.6079
Averaged Test Accurancy: 0.4188
Averaged Test AUC: 0.7972
Std Test Accurancy: 0.1437
Std Test AUC: 0.1126
ASR : 0.3699337408093285
attack_auc : 0.7843053286002696
------------------------- time cost ------------------------- 12.699591159820557

-------------Round number: 254-------------

Evaluate global model
Averaged Train Loss: 2.0538
Averaged Test Accurancy: 0.3835
Averaged Test AUC: 0.7857
Std Test Accurancy: 0.1519
Std Test AUC: 0.1082
ASR : 0.453484039404348
attack_auc : 0.8486050125609096
------------------------- time cost ------------------------- 12.355205297470093

-------------Round number: 255-------------

Evaluate global model
Averaged Train Loss: 1.5237
Averaged Test Accurancy: 0.4180
Averaged Test AUC: 0.7949
Std Test Accurancy: 0.1288
Std Test AUC: 0.1170
ASR : 0.5544739921714825
attack_auc : 0.8712847333329827
------------------------- time cost ------------------------- 12.67017388343811

-------------Round number: 256-------------

Evaluate global model
Averaged Train Loss: 1.7263
Averaged Test Accurancy: 0.4092
Averaged Test AUC: 0.7843
Std Test Accurancy: 0.1625
Std Test AUC: 0.1319
ASR : 0.6153581894379074
attack_auc : 0.9205185379797867
------------------------- time cost ------------------------- 12.844469785690308

-------------Round number: 257-------------

Evaluate global model
Averaged Train Loss: 1.6759
Averaged Test Accurancy: 0.4013
Averaged Test AUC: 0.7867
Std Test Accurancy: 0.1556
Std Test AUC: 0.1220
ASR : 0.7966318439161836
attack_auc : 0.9618171962820488
------------------------- time cost ------------------------- 12.197962045669556

-------------Round number: 258-------------

Evaluate global model
Averaged Train Loss: 1.5001
Averaged Test Accurancy: 0.4166
Averaged Test AUC: 0.8016
Std Test Accurancy: 0.1394
Std Test AUC: 0.1134
ASR : 0.742833296569489
attack_auc : 0.9439320933160924
------------------------- time cost ------------------------- 12.836849451065063

-------------Round number: 259-------------

Evaluate global model
Averaged Train Loss: 1.7275
Averaged Test Accurancy: 0.3863
Averaged Test AUC: 0.7896
Std Test Accurancy: 0.1517
Std Test AUC: 0.1043
ASR : 0.5588199166663081
attack_auc : 0.8759821456168088
------------------------- time cost ------------------------- 13.083528518676758

-------------Round number: 260-------------

Evaluate global model
Averaged Train Loss: 1.7757
Averaged Test Accurancy: 0.4008
Averaged Test AUC: 0.7846
Std Test Accurancy: 0.1553
Std Test AUC: 0.1163
ASR : 0.7268816652195564
attack_auc : 0.9428443578777681
------------------------- time cost ------------------------- 12.184663772583008

-------------Round number: 261-------------

Evaluate global model
Averaged Train Loss: 1.6335
Averaged Test Accurancy: 0.4083
Averaged Test AUC: 0.7866
Std Test Accurancy: 0.1287
Std Test AUC: 0.1172
ASR : 0.6277193408799204
attack_auc : 0.9189065258349817
------------------------- time cost ------------------------- 12.205404043197632

-------------Round number: 262-------------

Evaluate global model
Averaged Train Loss: 1.4673
Averaged Test Accurancy: 0.4392
Averaged Test AUC: 0.8015
Std Test Accurancy: 0.1451
Std Test AUC: 0.1206
ASR : 0.6729455173159761
attack_auc : 0.9298132321864525
------------------------- time cost ------------------------- 12.808869123458862

-------------Round number: 263-------------

Evaluate global model
Averaged Train Loss: 1.6792
Averaged Test Accurancy: 0.4204
Averaged Test AUC: 0.7966
Std Test Accurancy: 0.1503
Std Test AUC: 0.1148
ASR : 0.6663343145021404
attack_auc : 0.9294420069977011
------------------------- time cost ------------------------- 12.222626209259033

-------------Round number: 264-------------

Evaluate global model
Averaged Train Loss: 1.5946
Averaged Test Accurancy: 0.4097
Averaged Test AUC: 0.7932
Std Test Accurancy: 0.1543
Std Test AUC: 0.1133
ASR : 0.6226177037790671
attack_auc : 0.9177040244554813
------------------------- time cost ------------------------- 11.933521509170532

-------------Round number: 265-------------

Evaluate global model
Averaged Train Loss: 1.5144
Averaged Test Accurancy: 0.4161
Averaged Test AUC: 0.7973
Std Test Accurancy: 0.1439
Std Test AUC: 0.1053
ASR : 0.6290602235499742
attack_auc : 0.9086457501649224
------------------------- time cost ------------------------- 13.062817335128784

-------------Round number: 266-------------

Evaluate global model
Averaged Train Loss: 1.6987
Averaged Test Accurancy: 0.3931
Averaged Test AUC: 0.7763
Std Test Accurancy: 0.1333
Std Test AUC: 0.1189
ASR : 0.73166637366628
attack_auc : 0.9426497593885151
------------------------- time cost ------------------------- 12.626713991165161

-------------Round number: 267-------------

Evaluate global model
Averaged Train Loss: 1.8153
Averaged Test Accurancy: 0.3823
Averaged Test AUC: 0.7907
Std Test Accurancy: 0.1515
Std Test AUC: 0.1009
ASR : 0.6893100362579042
attack_auc : 0.9384802774630511
------------------------- time cost ------------------------- 12.885158061981201

-------------Round number: 268-------------

Evaluate global model
Averaged Train Loss: 1.6292
Averaged Test Accurancy: 0.3980
Averaged Test AUC: 0.7841
Std Test Accurancy: 0.1393
Std Test AUC: 0.1233
ASR : 0.574624638254924
attack_auc : 0.8949341620805302
------------------------- time cost ------------------------- 12.759676218032837

-------------Round number: 269-------------

Evaluate global model
Averaged Train Loss: 1.7211
Averaged Test Accurancy: 0.4048
Averaged Test AUC: 0.7800
Std Test Accurancy: 0.1457
Std Test AUC: 0.1230
ASR : 0.7150134416354257
attack_auc : 0.9388251368368611
------------------------- time cost ------------------------- 12.519201040267944

-------------Round number: 270-------------

Evaluate global model
Averaged Train Loss: 1.5370
Averaged Test Accurancy: 0.4300
Averaged Test AUC: 0.7945
Std Test Accurancy: 0.1576
Std Test AUC: 0.1244
ASR : 0.7007632576025169
attack_auc : 0.9355281102303658
------------------------- time cost ------------------------- 12.281880378723145

-------------Round number: 271-------------

Evaluate global model
Averaged Train Loss: 1.7712
Averaged Test Accurancy: 0.3847
Averaged Test AUC: 0.7772
Std Test Accurancy: 0.1536
Std Test AUC: 0.1205
ASR : 0.4727557118240939
attack_auc : 0.8368469859946888
------------------------- time cost ------------------------- 12.793383121490479

-------------Round number: 272-------------

Evaluate global model
Averaged Train Loss: 1.5974
Averaged Test Accurancy: 0.4227
Averaged Test AUC: 0.7821
Std Test Accurancy: 0.1566
Std Test AUC: 0.1387
ASR : 0.5825972776219825
attack_auc : 0.9010802769008903
------------------------- time cost ------------------------- 12.968185186386108

-------------Round number: 273-------------

Evaluate global model
Averaged Train Loss: 1.7980
Averaged Test Accurancy: 0.3947
Averaged Test AUC: 0.7766
Std Test Accurancy: 0.1497
Std Test AUC: 0.1275
ASR : 0.7200011922918961
attack_auc : 0.9407037913472326
------------------------- time cost ------------------------- 12.082033157348633

-------------Round number: 274-------------

Evaluate global model
Averaged Train Loss: 1.6451
Averaged Test Accurancy: 0.4244
Averaged Test AUC: 0.7884
Std Test Accurancy: 0.1349
Std Test AUC: 0.1277
ASR : 0.48575276326668515
attack_auc : 0.8566900929506462
------------------------- time cost ------------------------- 12.295673370361328

-------------Round number: 275-------------

Evaluate global model
Averaged Train Loss: 1.7242
Averaged Test Accurancy: 0.3935
Averaged Test AUC: 0.7888
Std Test Accurancy: 0.1562
Std Test AUC: 0.1261
ASR : 0.5190566095768028
attack_auc : 0.8656342451736714
------------------------- time cost ------------------------- 13.085917711257935

-------------Round number: 276-------------

Evaluate global model
Averaged Train Loss: 1.5220
Averaged Test Accurancy: 0.4262
Averaged Test AUC: 0.7953
Std Test Accurancy: 0.1323
Std Test AUC: 0.1246
ASR : 0.6242527913936037
attack_auc : 0.9059719054133789
------------------------- time cost ------------------------- 12.20646071434021

-------------Round number: 277-------------

Evaluate global model
Averaged Train Loss: 1.5661
Averaged Test Accurancy: 0.4327
Averaged Test AUC: 0.7954
Std Test Accurancy: 0.1460
Std Test AUC: 0.1286
ASR : 0.6269393557451923
attack_auc : 0.9169552040678143
------------------------- time cost ------------------------- 12.041981935501099

-------------Round number: 278-------------

Evaluate global model
Averaged Train Loss: 1.4455
Averaged Test Accurancy: 0.4448
Averaged Test AUC: 0.8043
Std Test Accurancy: 0.1519
Std Test AUC: 0.1251
ASR : 0.6019314174407022
attack_auc : 0.9065480920439368
------------------------- time cost ------------------------- 13.067630052566528

-------------Round number: 279-------------

Evaluate global model
Averaged Train Loss: 1.6724
Averaged Test Accurancy: 0.4087
Averaged Test AUC: 0.7945
Std Test Accurancy: 0.1541
Std Test AUC: 0.1013
ASR : 0.5961789546895386
attack_auc : 0.8940928318488925
------------------------- time cost ------------------------- 12.451894998550415

-------------Round number: 280-------------

Evaluate global model
Averaged Train Loss: 1.5482
Averaged Test Accurancy: 0.4219
Averaged Test AUC: 0.7897
Std Test Accurancy: 0.1563
Std Test AUC: 0.1133
ASR : 0.5926029806926938
attack_auc : 0.8995238086132937
------------------------- time cost ------------------------- 12.029045581817627

-------------Round number: 281-------------

Evaluate global model
Averaged Train Loss: 1.4815
Averaged Test Accurancy: 0.4324
Averaged Test AUC: 0.7960
Std Test Accurancy: 0.1377
Std Test AUC: 0.1133
ASR : 0.5641772053372658
attack_auc : 0.8736906214664264
------------------------- time cost ------------------------- 12.724626302719116

-------------Round number: 282-------------

Evaluate global model
Averaged Train Loss: 1.4714
Averaged Test Accurancy: 0.4287
Averaged Test AUC: 0.7944
Std Test Accurancy: 0.1452
Std Test AUC: 0.1212
ASR : 0.7047501231003647
attack_auc : 0.9303053693292027
------------------------- time cost ------------------------- 12.604934692382812

-------------Round number: 283-------------

Evaluate global model
Averaged Train Loss: 1.4743
Averaged Test Accurancy: 0.4206
Averaged Test AUC: 0.7954
Std Test Accurancy: 0.1475
Std Test AUC: 0.1193
ASR : 0.7056126631256446
attack_auc : 0.9299334384330921
------------------------- time cost ------------------------- 11.871475458145142

-------------Round number: 284-------------

Evaluate global model
Averaged Train Loss: 1.6462
Averaged Test Accurancy: 0.4276
Averaged Test AUC: 0.8001
Std Test Accurancy: 0.1524
Std Test AUC: 0.1045
ASR : 0.5366913782480642
attack_auc : 0.8866739293261586
------------------------- time cost ------------------------- 13.21948528289795

-------------Round number: 285-------------

Evaluate global model
Averaged Train Loss: 1.6432
Averaged Test Accurancy: 0.4199
Averaged Test AUC: 0.7897
Std Test Accurancy: 0.1646
Std Test AUC: 0.1261
ASR : 0.5587349962185801
attack_auc : 0.9015583253202897
------------------------- time cost ------------------------- 12.547017574310303

-------------Round number: 286-------------

Evaluate global model
Averaged Train Loss: 1.6278
Averaged Test Accurancy: 0.4135
Averaged Test AUC: 0.7894
Std Test Accurancy: 0.1641
Std Test AUC: 0.1229
ASR : 0.5976538611551079
attack_auc : 0.9107128791607438
------------------------- time cost ------------------------- 12.334831476211548

-------------Round number: 287-------------

Evaluate global model
Averaged Train Loss: 1.5535
Averaged Test Accurancy: 0.4157
Averaged Test AUC: 0.7922
Std Test Accurancy: 0.1485
Std Test AUC: 0.1069
ASR : 0.605691741974882
attack_auc : 0.89843343619569
------------------------- time cost ------------------------- 12.900962352752686

-------------Round number: 288-------------

Evaluate global model
Averaged Train Loss: 1.5848
Averaged Test Accurancy: 0.3983
Averaged Test AUC: 0.7992
Std Test Accurancy: 0.1408
Std Test AUC: 0.0942
ASR : 0.6502750057632845
attack_auc : 0.9106537368656434
------------------------- time cost ------------------------- 12.684308767318726

-------------Round number: 289-------------

Evaluate global model
Averaged Train Loss: 1.4414
Averaged Test Accurancy: 0.4374
Averaged Test AUC: 0.7999
Std Test Accurancy: 0.1469
Std Test AUC: 0.1080
ASR : 0.5687278986388099
attack_auc : 0.8832394698612925
------------------------- time cost ------------------------- 12.137782335281372

-------------Round number: 290-------------

Evaluate global model
Averaged Train Loss: 1.7352
Averaged Test Accurancy: 0.3793
Averaged Test AUC: 0.7896
Std Test Accurancy: 0.1450
Std Test AUC: 0.1011
ASR : 0.4485772709924467
attack_auc : 0.8226462649912065
------------------------- time cost ------------------------- 12.745835065841675

-------------Round number: 291-------------

Evaluate global model
Averaged Train Loss: 1.5162
Averaged Test Accurancy: 0.4176
Averaged Test AUC: 0.7985
Std Test Accurancy: 0.1396
Std Test AUC: 0.0980
ASR : 0.5835255723598277
attack_auc : 0.8896129678120016
------------------------- time cost ------------------------- 12.616043329238892

-------------Round number: 292-------------

Evaluate global model
Averaged Train Loss: 1.4384
Averaged Test Accurancy: 0.4072
Averaged Test AUC: 0.7973
Std Test Accurancy: 0.1317
Std Test AUC: 0.1034
ASR : 0.6308881695034477
attack_auc : 0.9078891492679451
------------------------- time cost ------------------------- 12.045846223831177

-------------Round number: 293-------------

Evaluate global model
Averaged Train Loss: 1.8433
Averaged Test Accurancy: 0.3599
Averaged Test AUC: 0.7806
Std Test Accurancy: 0.1502
Std Test AUC: 0.1037
ASR : 0.3617416190871657
attack_auc : 0.7953841089875275
------------------------- time cost ------------------------- 12.44503664970398

-------------Round number: 294-------------

Evaluate global model
Averaged Train Loss: 1.6367
Averaged Test Accurancy: 0.3975
Averaged Test AUC: 0.7948
Std Test Accurancy: 0.1568
Std Test AUC: 0.1138
ASR : 0.39294147017747566
attack_auc : 0.8037960205413326
------------------------- time cost ------------------------- 12.87553095817566

-------------Round number: 295-------------

Evaluate global model
Averaged Train Loss: 1.4115
Averaged Test Accurancy: 0.4378
Averaged Test AUC: 0.7998
Std Test Accurancy: 0.1415
Std Test AUC: 0.1133
ASR : 0.46182962493580093
attack_auc : 0.8357590207196836
------------------------- time cost ------------------------- 12.296691417694092

-------------Round number: 296-------------

Evaluate global model
Averaged Train Loss: 1.4174
Averaged Test Accurancy: 0.4402
Averaged Test AUC: 0.7913
Std Test Accurancy: 0.1399
Std Test AUC: 0.1261
ASR : 0.518523975392871
attack_auc : 0.8506560771201486
------------------------- time cost ------------------------- 12.500540494918823

-------------Round number: 297-------------

Evaluate global model
Averaged Train Loss: 1.6003
Averaged Test Accurancy: 0.4189
Averaged Test AUC: 0.7865
Std Test Accurancy: 0.1349
Std Test AUC: 0.1163
ASR : 0.5645364121516164
attack_auc : 0.8867793456557697
------------------------- time cost ------------------------- 12.933182716369629

-------------Round number: 298-------------

Evaluate global model
Averaged Train Loss: 1.4388
Averaged Test Accurancy: 0.4165
Averaged Test AUC: 0.7884
Std Test Accurancy: 0.1310
Std Test AUC: 0.1091
ASR : 0.5853355090920657
attack_auc : 0.8873582593139874
------------------------- time cost ------------------------- 12.185508728027344

-------------Round number: 299-------------

Evaluate global model
Averaged Train Loss: 1.8809
Averaged Test Accurancy: 0.3670
Averaged Test AUC: 0.7894
Std Test Accurancy: 0.1537
Std Test AUC: 0.1078
ASR : 0.4509529537811194
attack_auc : 0.8368845362808867
------------------------- time cost ------------------------- 12.025895833969116

-------------Round number: 300-------------

Evaluate global model
Averaged Train Loss: 1.7787
Averaged Test Accurancy: 0.3980
Averaged Test AUC: 0.7755
Std Test Accurancy: 0.1260
Std Test AUC: 0.1175
ASR : 0.7458782209437922
attack_auc : 0.9445249403949844
------------------------- time cost ------------------------- 13.065966844558716

-------------Round number: 301-------------

Evaluate global model
Averaged Train Loss: 1.5017
Averaged Test Accurancy: 0.4175
Averaged Test AUC: 0.7845
Std Test Accurancy: 0.1522
Std Test AUC: 0.1153
ASR : 0.6673629897430242
attack_auc : 0.925337161416807
------------------------- time cost ------------------------- 12.715857028961182

-------------Round number: 302-------------

Evaluate global model
Averaged Train Loss: 1.4826
Averaged Test Accurancy: 0.4311
Averaged Test AUC: 0.7898
Std Test Accurancy: 0.1275
Std Test AUC: 0.1101
ASR : 0.6413147149369277
attack_auc : 0.9117094620411308
------------------------- time cost ------------------------- 12.430913925170898

-------------Round number: 303-------------

Evaluate global model
Averaged Train Loss: 1.5917
Averaged Test Accurancy: 0.4195
Averaged Test AUC: 0.7885
Std Test Accurancy: 0.1410
Std Test AUC: 0.1094
ASR : 0.6090456740110463
attack_auc : 0.9091726850098413
------------------------- time cost ------------------------- 12.950597524642944

-------------Round number: 304-------------

Evaluate global model
Averaged Train Loss: 1.5150
Averaged Test Accurancy: 0.4091
Averaged Test AUC: 0.7826
Std Test Accurancy: 0.1354
Std Test AUC: 0.1175
ASR : 0.8072513808860241
attack_auc : 0.9592505364046215
------------------------- time cost ------------------------- 12.908397436141968

-------------Round number: 305-------------

Evaluate global model
Averaged Train Loss: 1.6361
Averaged Test Accurancy: 0.4150
Averaged Test AUC: 0.7898
Std Test Accurancy: 0.1423
Std Test AUC: 0.1034
ASR : 0.673054343112897
attack_auc : 0.9284390126222057
------------------------- time cost ------------------------- 12.079371690750122

-------------Round number: 306-------------

Evaluate global model
Averaged Train Loss: 2.2140
Averaged Test Accurancy: 0.3584
Averaged Test AUC: 0.7817
Std Test Accurancy: 0.1615
Std Test AUC: 0.1022
ASR : 0.5756897785268756
attack_auc : 0.8950782438476113
------------------------- time cost ------------------------- 12.729428768157959

-------------Round number: 307-------------

Evaluate global model
Averaged Train Loss: 1.7363
Averaged Test Accurancy: 0.3773
Averaged Test AUC: 0.7738
Std Test Accurancy: 0.1377
Std Test AUC: 0.1261
ASR : 0.8346026937663547
attack_auc : 0.9631411781167142
------------------------- time cost ------------------------- 12.828394412994385

-------------Round number: 308-------------

Evaluate global model
Averaged Train Loss: 1.5228
Averaged Test Accurancy: 0.4255
Averaged Test AUC: 0.7900
Std Test Accurancy: 0.1448
Std Test AUC: 0.1167
ASR : 0.5044530816911936
attack_auc : 0.8616384523116817
------------------------- time cost ------------------------- 12.132720232009888

-------------Round number: 309-------------

Evaluate global model
Averaged Train Loss: 1.4356
Averaged Test Accurancy: 0.4357
Averaged Test AUC: 0.7951
Std Test Accurancy: 0.1517
Std Test AUC: 0.1152
ASR : 0.5230552267623535
attack_auc : 0.8620056447298198
------------------------- time cost ------------------------- 12.605120182037354

-------------Round number: 310-------------

Evaluate global model
Averaged Train Loss: 1.4254
Averaged Test Accurancy: 0.4262
Averaged Test AUC: 0.7892
Std Test Accurancy: 0.1475
Std Test AUC: 0.1191
ASR : 0.5805212170350743
attack_auc : 0.8864908637842512
------------------------- time cost ------------------------- 13.216719627380371

-------------Round number: 311-------------

Evaluate global model
Averaged Train Loss: 1.4543
Averaged Test Accurancy: 0.4088
Averaged Test AUC: 0.7941
Std Test Accurancy: 0.1425
Std Test AUC: 0.1103
ASR : 0.6441696785339521
attack_auc : 0.9117597810965925
------------------------- time cost ------------------------- 12.80036735534668

-------------Round number: 312-------------

Evaluate global model
Averaged Train Loss: 1.5457
Averaged Test Accurancy: 0.4087
Averaged Test AUC: 0.7822
Std Test Accurancy: 0.1497
Std Test AUC: 0.1279
ASR : 0.6355362276469471
attack_auc : 0.9091473701226239
------------------------- time cost ------------------------- 12.142342567443848

-------------Round number: 313-------------

Evaluate global model
Averaged Train Loss: 1.6697
Averaged Test Accurancy: 0.4224
Averaged Test AUC: 0.7787
Std Test Accurancy: 0.1447
Std Test AUC: 0.1293
ASR : 0.5783216216633975
attack_auc : 0.8940828634035556
------------------------- time cost ------------------------- 13.046486616134644

-------------Round number: 314-------------

Evaluate global model
Averaged Train Loss: 1.4452
Averaged Test Accurancy: 0.4217
Averaged Test AUC: 0.7907
Std Test Accurancy: 0.1457
Std Test AUC: 0.1219
ASR : 0.5911631638159854
attack_auc : 0.8942476703368105
------------------------- time cost ------------------------- 12.541666269302368

-------------Round number: 315-------------

Evaluate global model
Averaged Train Loss: 1.6369
Averaged Test Accurancy: 0.4322
Averaged Test AUC: 0.7830
Std Test Accurancy: 0.1453
Std Test AUC: 0.1293
ASR : 0.6250281511626568
attack_auc : 0.9087664753474142
------------------------- time cost ------------------------- 12.036934614181519

-------------Round number: 316-------------

Evaluate global model
Averaged Train Loss: 1.5097
Averaged Test Accurancy: 0.4258
Averaged Test AUC: 0.7935
Std Test Accurancy: 0.1634
Std Test AUC: 0.1168
ASR : 0.6397117703008276
attack_auc : 0.9156212675931464
------------------------- time cost ------------------------- 13.074677467346191

-------------Round number: 317-------------

Evaluate global model
Averaged Train Loss: 1.3478
Averaged Test Accurancy: 0.4266
Averaged Test AUC: 0.7923
Std Test Accurancy: 0.1496
Std Test AUC: 0.1216
ASR : 0.6530178738291411
attack_auc : 0.9221581502450661
------------------------- time cost ------------------------- 12.770673990249634

-------------Round number: 318-------------

Evaluate global model
Averaged Train Loss: 1.6076
Averaged Test Accurancy: 0.4155
Averaged Test AUC: 0.7807
Std Test Accurancy: 0.1453
Std Test AUC: 0.1308
ASR : 0.5523253146869279
attack_auc : 0.8866208303273615
------------------------- time cost ------------------------- 12.015779972076416

-------------Round number: 319-------------

Evaluate global model
Averaged Train Loss: 1.5036
Averaged Test Accurancy: 0.4084
Averaged Test AUC: 0.7844
Std Test Accurancy: 0.1519
Std Test AUC: 0.1247
ASR : 0.5432056776113718
attack_auc : 0.8959424465156851
------------------------- time cost ------------------------- 12.60358738899231

-------------Round number: 320-------------

Evaluate global model
Averaged Train Loss: 1.8462
Averaged Test Accurancy: 0.3831
Averaged Test AUC: 0.7848
Std Test Accurancy: 0.1523
Std Test AUC: 0.1100
ASR : 0.62144326009263
attack_auc : 0.9168654443780685
------------------------- time cost ------------------------- 13.017526149749756

-------------Round number: 321-------------

Evaluate global model
Averaged Train Loss: 1.8713
Averaged Test Accurancy: 0.3837
Averaged Test AUC: 0.7666
Std Test Accurancy: 0.1388
Std Test AUC: 0.1359
ASR : 0.6754425674229676
attack_auc : 0.9204567280010932
------------------------- time cost ------------------------- 12.394203424453735

-------------Round number: 322-------------

Evaluate global model
Averaged Train Loss: 1.5922
Averaged Test Accurancy: 0.4158
Averaged Test AUC: 0.7869
Std Test Accurancy: 0.1511
Std Test AUC: 0.1206
ASR : 0.5311154939034344
attack_auc : 0.8758731596178113
------------------------- time cost ------------------------- 12.491856575012207

-------------Round number: 323-------------

Evaluate global model
Averaged Train Loss: 1.5833
Averaged Test Accurancy: 0.3944
Averaged Test AUC: 0.7818
Std Test Accurancy: 0.1486
Std Test AUC: 0.1202
ASR : 0.640056759677342
attack_auc : 0.9188955848994786
------------------------- time cost ------------------------- 13.334134340286255

-------------Round number: 324-------------

Evaluate global model
Averaged Train Loss: 1.5039
Averaged Test Accurancy: 0.4166
Averaged Test AUC: 0.7847
Std Test Accurancy: 0.1602
Std Test AUC: 0.1247
ASR : 0.6291987164707857
attack_auc : 0.9173740025794003
------------------------- time cost ------------------------- 12.537951707839966

-------------Round number: 325-------------

Evaluate global model
Averaged Train Loss: 1.5792
Averaged Test Accurancy: 0.4043
Averaged Test AUC: 0.7819
Std Test Accurancy: 0.1410
Std Test AUC: 0.1187
ASR : 0.6506320656148279
attack_auc : 0.9168934584743976
------------------------- time cost ------------------------- 11.89262580871582

-------------Round number: 326-------------

Evaluate global model
Averaged Train Loss: 1.5797
Averaged Test Accurancy: 0.4194
Averaged Test AUC: 0.7804
Std Test Accurancy: 0.1383
Std Test AUC: 0.1231
ASR : 0.6377485262447546
attack_auc : 0.9041141990227525
------------------------- time cost ------------------------- 12.877084255218506

-------------Round number: 327-------------

Evaluate global model
Averaged Train Loss: 1.6821
Averaged Test Accurancy: 0.4056
Averaged Test AUC: 0.7855
Std Test Accurancy: 0.1554
Std Test AUC: 0.1170
ASR : 0.5368887867916587
attack_auc : 0.8712274093923399
------------------------- time cost ------------------------- 12.581825494766235

-------------Round number: 328-------------

Evaluate global model
Averaged Train Loss: 1.4203
Averaged Test Accurancy: 0.4172
Averaged Test AUC: 0.7823
Std Test Accurancy: 0.1501
Std Test AUC: 0.1264
ASR : 0.6972327003595281
attack_auc : 0.9303655735809451
------------------------- time cost ------------------------- 12.234441041946411

-------------Round number: 329-------------

Evaluate global model
Averaged Train Loss: 1.6261
Averaged Test Accurancy: 0.3920
Averaged Test AUC: 0.7786
Std Test Accurancy: 0.1429
Std Test AUC: 0.1166
ASR : 0.768444813425165
attack_auc : 0.9506040690895493
------------------------- time cost ------------------------- 12.798781156539917

-------------Round number: 330-------------

Evaluate global model
Averaged Train Loss: 1.4917
Averaged Test Accurancy: 0.4116
Averaged Test AUC: 0.7892
Std Test Accurancy: 0.1478
Std Test AUC: 0.1141
ASR : 0.6803490032160772
attack_auc : 0.9285343376732076
------------------------- time cost ------------------------- 12.944023370742798

-------------Round number: 331-------------

Evaluate global model
Averaged Train Loss: 1.4284
Averaged Test Accurancy: 0.4226
Averaged Test AUC: 0.7845
Std Test Accurancy: 0.1561
Std Test AUC: 0.1278
ASR : 0.6096149828911832
attack_auc : 0.9120603175018687
------------------------- time cost ------------------------- 12.192898750305176

-------------Round number: 332-------------

Evaluate global model
Averaged Train Loss: 2.1929
Averaged Test Accurancy: 0.3683
Averaged Test AUC: 0.7685
Std Test Accurancy: 0.1672
Std Test AUC: 0.1141
ASR : 0.763358766268726
attack_auc : 0.9546372706127567
------------------------- time cost ------------------------- 12.556432485580444

-------------Round number: 333-------------

Evaluate global model
Averaged Train Loss: 1.6861
Averaged Test Accurancy: 0.3797
Averaged Test AUC: 0.7693
Std Test Accurancy: 0.1297
Std Test AUC: 0.1239
ASR : 0.6679925176980269
attack_auc : 0.9257814871716702
------------------------- time cost ------------------------- 13.087061405181885

-------------Round number: 334-------------

Evaluate global model
Averaged Train Loss: 1.6303
Averaged Test Accurancy: 0.4123
Averaged Test AUC: 0.7802
Std Test Accurancy: 0.1530
Std Test AUC: 0.1200
ASR : 0.746984240367958
attack_auc : 0.9503916694098572
------------------------- time cost ------------------------- 12.376118421554565

-------------Round number: 335-------------

Evaluate global model
Averaged Train Loss: 1.6085
Averaged Test Accurancy: 0.4009
Averaged Test AUC: 0.7788
Std Test Accurancy: 0.1436
Std Test AUC: 0.1209
ASR : 0.7644529193945664
attack_auc : 0.9522711783255935
------------------------- time cost ------------------------- 12.30890965461731

-------------Round number: 336-------------

Evaluate global model
Averaged Train Loss: 1.5290
Averaged Test Accurancy: 0.4185
Averaged Test AUC: 0.7871
Std Test Accurancy: 0.1373
Std Test AUC: 0.1169
ASR : 0.6506051766680212
attack_auc : 0.918540517182012
------------------------- time cost ------------------------- 13.352524042129517

-------------Round number: 337-------------

Evaluate global model
Averaged Train Loss: 1.4511
Averaged Test Accurancy: 0.4208
Averaged Test AUC: 0.7816
Std Test Accurancy: 0.1418
Std Test AUC: 0.1264
ASR : 0.7592627282055533
attack_auc : 0.9515362622001565
------------------------- time cost ------------------------- 12.604547262191772

-------------Round number: 338-------------

Evaluate global model
Averaged Train Loss: 1.7393
Averaged Test Accurancy: 0.4046
Averaged Test AUC: 0.7796
Std Test Accurancy: 0.1635
Std Test AUC: 0.1276
ASR : 0.6172429374041144
attack_auc : 0.9161334489825246
------------------------- time cost ------------------------- 12.30846357345581

-------------Round number: 339-------------

Evaluate global model
Averaged Train Loss: 1.7152
Averaged Test Accurancy: 0.3726
Averaged Test AUC: 0.7752
Std Test Accurancy: 0.1357
Std Test AUC: 0.1220
ASR : 0.7904906128966612
attack_auc : 0.9585755324189662
------------------------- time cost ------------------------- 12.618596076965332

-------------Round number: 340-------------

Evaluate global model
Averaged Train Loss: 1.4596
Averaged Test Accurancy: 0.4138
Averaged Test AUC: 0.7803
Std Test Accurancy: 0.1516
Std Test AUC: 0.1272
ASR : 0.7262175917087632
attack_auc : 0.9465999914098551
------------------------- time cost ------------------------- 12.958150148391724

-------------Round number: 341-------------

Evaluate global model
Averaged Train Loss: 1.5080
Averaged Test Accurancy: 0.3985
Averaged Test AUC: 0.7834
Std Test Accurancy: 0.1482
Std Test AUC: 0.1259
ASR : 0.5650895884671816
attack_auc : 0.8979084252428697
------------------------- time cost ------------------------- 12.230409622192383

-------------Round number: 342-------------

Evaluate global model
Averaged Train Loss: 1.5636
Averaged Test Accurancy: 0.4007
Averaged Test AUC: 0.7759
Std Test Accurancy: 0.1563
Std Test AUC: 0.1104
ASR : 0.7491540334378277
attack_auc : 0.9481932383454231
------------------------- time cost ------------------------- 12.739012718200684

-------------Round number: 343-------------

Evaluate global model
Averaged Train Loss: 1.5174
Averaged Test Accurancy: 0.4033
Averaged Test AUC: 0.7806
Std Test Accurancy: 0.1495
Std Test AUC: 0.1169
ASR : 0.7139713100713029
attack_auc : 0.9376037029011287
------------------------- time cost ------------------------- 13.465646982192993

-------------Round number: 344-------------

Evaluate global model
Averaged Train Loss: 1.4584
Averaged Test Accurancy: 0.4145
Averaged Test AUC: 0.7868
Std Test Accurancy: 0.1392
Std Test AUC: 0.1180
ASR : 0.5240688810244325
attack_auc : 0.8691962521534163
------------------------- time cost ------------------------- 12.315200567245483

-------------Round number: 345-------------

Evaluate global model
Averaged Train Loss: 1.8167
Averaged Test Accurancy: 0.4106
Averaged Test AUC: 0.7854
Std Test Accurancy: 0.1497
Std Test AUC: 0.1139
ASR : 0.398257646302334
attack_auc : 0.8147703098836614
------------------------- time cost ------------------------- 12.421422958374023

-------------Round number: 346-------------

Evaluate global model
Averaged Train Loss: 1.8474
Averaged Test Accurancy: 0.3648
Averaged Test AUC: 0.7816
Std Test Accurancy: 0.1472
Std Test AUC: 0.1121
ASR : 0.4295802489730584
attack_auc : 0.8411894724357095
------------------------- time cost ------------------------- 13.140904426574707

-------------Round number: 347-------------

Evaluate global model
Averaged Train Loss: 1.3938
Averaged Test Accurancy: 0.4160
Averaged Test AUC: 0.7863
Std Test Accurancy: 0.1515
Std Test AUC: 0.1174
ASR : 0.5893339527881726
attack_auc : 0.898746940047195
------------------------- time cost ------------------------- 12.62487244606018

-------------Round number: 348-------------

Evaluate global model
Averaged Train Loss: 2.5669
Averaged Test Accurancy: 0.3382
Averaged Test AUC: 0.7671
Std Test Accurancy: 0.1767
Std Test AUC: 0.1134
ASR : 0.39515774378175966
attack_auc : 0.8442861015248994
------------------------- time cost ------------------------- 12.447723150253296

-------------Round number: 349-------------

Evaluate global model
Averaged Train Loss: 1.5030
Averaged Test Accurancy: 0.4033
Averaged Test AUC: 0.7784
Std Test Accurancy: 0.1387
Std Test AUC: 0.1191
ASR : 0.7752668894114224
attack_auc : 0.9523388083617718
------------------------- time cost ------------------------- 12.986566543579102

-------------Round number: 350-------------

Evaluate global model
Averaged Train Loss: 1.6549
Averaged Test Accurancy: 0.3940
Averaged Test AUC: 0.7695
Std Test Accurancy: 0.1472
Std Test AUC: 0.1225
ASR : 0.6352596610410467
attack_auc : 0.9118786930817213
------------------------- time cost ------------------------- 12.967742919921875

-------------Round number: 351-------------

Evaluate global model
Averaged Train Loss: 1.4875
Averaged Test Accurancy: 0.4320
Averaged Test AUC: 0.7794
Std Test Accurancy: 0.1538
Std Test AUC: 0.1298
ASR : 0.6821476213086413
attack_auc : 0.9291183278965279
------------------------- time cost ------------------------- 12.015795946121216

-------------Round number: 352-------------

Evaluate global model
Averaged Train Loss: 1.6814
Averaged Test Accurancy: 0.4070
Averaged Test AUC: 0.7724
Std Test Accurancy: 0.1374
Std Test AUC: 0.1266
ASR : 0.7371813250801909
attack_auc : 0.9428969488445462
------------------------- time cost ------------------------- 12.708895206451416

-------------Round number: 353-------------

Evaluate global model
Averaged Train Loss: 1.4504
Averaged Test Accurancy: 0.4229
Averaged Test AUC: 0.7847
Std Test Accurancy: 0.1537
Std Test AUC: 0.1155
ASR : 0.7261203186207356
attack_auc : 0.9407650177280366
------------------------- time cost ------------------------- 12.959376573562622

-------------Round number: 354-------------

Evaluate global model
Averaged Train Loss: 1.6454
Averaged Test Accurancy: 0.3822
Averaged Test AUC: 0.7763
Std Test Accurancy: 0.1560
Std Test AUC: 0.1141
ASR : 0.7415816485525001
attack_auc : 0.9480487202699447
------------------------- time cost ------------------------- 12.327617168426514

-------------Round number: 355-------------

Evaluate global model
Averaged Train Loss: 1.4676
Averaged Test Accurancy: 0.4110
Averaged Test AUC: 0.7782
Std Test Accurancy: 0.1448
Std Test AUC: 0.1191
ASR : 0.7419367043426977
attack_auc : 0.9482089312896941
------------------------- time cost ------------------------- 12.370702505111694

-------------Round number: 356-------------

Evaluate global model
Averaged Train Loss: 1.4645
Averaged Test Accurancy: 0.4038
Averaged Test AUC: 0.7782
Std Test Accurancy: 0.1559
Std Test AUC: 0.1159
ASR : 0.7984903244684767
attack_auc : 0.9590483946263628
------------------------- time cost ------------------------- 13.073273420333862

-------------Round number: 357-------------

Evaluate global model
Averaged Train Loss: 1.4277
Averaged Test Accurancy: 0.4361
Averaged Test AUC: 0.7836
Std Test Accurancy: 0.1546
Std Test AUC: 0.1244
ASR : 0.6933194065335896
attack_auc : 0.9336592192465438
------------------------- time cost ------------------------- 12.639362812042236

-------------Round number: 358-------------

Evaluate global model
Averaged Train Loss: 1.3095
Averaged Test Accurancy: 0.4312
Averaged Test AUC: 0.7869
Std Test Accurancy: 0.1491
Std Test AUC: 0.1220
ASR : 0.6760069986089241
attack_auc : 0.9303693746621345
------------------------- time cost ------------------------- 12.328922748565674

-------------Round number: 359-------------

Evaluate global model
Averaged Train Loss: 1.4153
Averaged Test Accurancy: 0.4361
Averaged Test AUC: 0.7865
Std Test Accurancy: 0.1508
Std Test AUC: 0.1315
ASR : 0.7406731660835286
attack_auc : 0.9499886640217473
------------------------- time cost ------------------------- 13.058983087539673

-------------Round number: 360-------------

Evaluate global model
Averaged Train Loss: 1.6760
Averaged Test Accurancy: 0.3735
Averaged Test AUC: 0.7711
Std Test Accurancy: 0.1430
Std Test AUC: 0.1111
ASR : 0.7558349565643903
attack_auc : 0.9525869471128787
------------------------- time cost ------------------------- 12.942580223083496

-------------Round number: 361-------------

Evaluate global model
Averaged Train Loss: 1.8319
Averaged Test Accurancy: 0.3822
Averaged Test AUC: 0.7819
Std Test Accurancy: 0.1457
Std Test AUC: 0.1030
ASR : 0.503265887166079
attack_auc : 0.873983906708412
------------------------- time cost ------------------------- 11.876442193984985

-------------Round number: 362-------------

Evaluate global model
Averaged Train Loss: 1.7350
Averaged Test Accurancy: 0.3845
Averaged Test AUC: 0.7665
Std Test Accurancy: 0.1594
Std Test AUC: 0.1151
ASR : 0.6137227250455396
attack_auc : 0.9132469523011356
------------------------- time cost ------------------------- 12.770877838134766

-------------Round number: 363-------------

Evaluate global model
Averaged Train Loss: 1.5313
Averaged Test Accurancy: 0.4206
Averaged Test AUC: 0.7732
Std Test Accurancy: 0.1430
Std Test AUC: 0.1261
ASR : 0.6808076442797549
attack_auc : 0.9315689450029503
------------------------- time cost ------------------------- 13.033713817596436

-------------Round number: 364-------------

Evaluate global model
Averaged Train Loss: 1.4418
Averaged Test Accurancy: 0.4100
Averaged Test AUC: 0.7824
Std Test Accurancy: 0.1377
Std Test AUC: 0.1211
ASR : 0.5518424828391132
attack_auc : 0.8877189122089223
------------------------- time cost ------------------------- 12.574021339416504

-------------Round number: 365-------------

Evaluate global model
Averaged Train Loss: 2.0188
Averaged Test Accurancy: 0.3943
Averaged Test AUC: 0.7703
Std Test Accurancy: 0.1537
Std Test AUC: 0.1201
ASR : 0.6153071847033054
attack_auc : 0.9094988760437671
------------------------- time cost ------------------------- 12.405344486236572

-------------Round number: 366-------------

Evaluate global model
Averaged Train Loss: 1.7210
Averaged Test Accurancy: 0.3961
Averaged Test AUC: 0.7625
Std Test Accurancy: 0.1398
Std Test AUC: 0.1175
ASR : 0.6705451838361502
attack_auc : 0.9212962873532747
------------------------- time cost ------------------------- 13.335255861282349

-------------Round number: 367-------------

Evaluate global model
Averaged Train Loss: 1.7073
Averaged Test Accurancy: 0.3892
Averaged Test AUC: 0.7696
Std Test Accurancy: 0.1501
Std Test AUC: 0.1164
ASR : 0.4419673318420662
attack_auc : 0.8424087398832577
------------------------- time cost ------------------------- 12.598057270050049

-------------Round number: 368-------------

Evaluate global model
Averaged Train Loss: 1.5348
Averaged Test Accurancy: 0.3933
Averaged Test AUC: 0.7760
Std Test Accurancy: 0.1594
Std Test AUC: 0.1180
ASR : 0.4872473440477842
attack_auc : 0.8663157204075647
------------------------- time cost ------------------------- 12.502105236053467

-------------Round number: 369-------------

Evaluate global model
Averaged Train Loss: 1.5040
Averaged Test Accurancy: 0.3994
Averaged Test AUC: 0.7721
Std Test Accurancy: 0.1474
Std Test AUC: 0.1170
ASR : 0.6812715560376552
attack_auc : 0.9291379945436394
------------------------- time cost ------------------------- 12.890257358551025

-------------Round number: 370-------------

Evaluate global model
Averaged Train Loss: 1.4923
Averaged Test Accurancy: 0.4220
Averaged Test AUC: 0.7764
Std Test Accurancy: 0.1501
Std Test AUC: 0.1219
ASR : 0.631010489766194
attack_auc : 0.9143999015635831
------------------------- time cost ------------------------- 12.725441694259644

-------------Round number: 371-------------

Evaluate global model
Averaged Train Loss: 1.6263
Averaged Test Accurancy: 0.4038
Averaged Test AUC: 0.7691
Std Test Accurancy: 0.1323
Std Test AUC: 0.1250
ASR : 0.7870315311163438
attack_auc : 0.9517704481767939
------------------------- time cost ------------------------- 12.323695182800293

-------------Round number: 372-------------

Evaluate global model
Averaged Train Loss: 1.5161
Averaged Test Accurancy: 0.4122
Averaged Test AUC: 0.7768
Std Test Accurancy: 0.1568
Std Test AUC: 0.1213
ASR : 0.675258862694142
attack_auc : 0.9243743419709642
------------------------- time cost ------------------------- 12.485041379928589

-------------Round number: 373-------------

Evaluate global model
Averaged Train Loss: 1.5429
Averaged Test Accurancy: 0.4066
Averaged Test AUC: 0.7733
Std Test Accurancy: 0.1354
Std Test AUC: 0.1186
ASR : 0.6000466436248407
attack_auc : 0.8898136392307083
------------------------- time cost ------------------------- 12.901726007461548

-------------Round number: 374-------------

Evaluate global model
Averaged Train Loss: 1.5999
Averaged Test Accurancy: 0.4199
Averaged Test AUC: 0.7758
Std Test Accurancy: 0.1384
Std Test AUC: 0.1284
ASR : 0.5088940027854161
attack_auc : 0.8578040510925369
------------------------- time cost ------------------------- 12.072197437286377

-------------Round number: 375-------------

Evaluate global model
Averaged Train Loss: 1.5699
Averaged Test Accurancy: 0.4281
Averaged Test AUC: 0.7770
Std Test Accurancy: 0.1444
Std Test AUC: 0.1301
ASR : 0.5518988363268938
attack_auc : 0.8862072710914238
------------------------- time cost ------------------------- 12.634429693222046

-------------Round number: 376-------------

Evaluate global model
Averaged Train Loss: 1.5780
Averaged Test Accurancy: 0.3958
Averaged Test AUC: 0.7835
Std Test Accurancy: 0.1404
Std Test AUC: 0.1098
ASR : 0.6666029972617783
attack_auc : 0.9218605970839183
------------------------- time cost ------------------------- 13.384880781173706

-------------Round number: 377-------------

Evaluate global model
Averaged Train Loss: 1.3523
Averaged Test Accurancy: 0.4390
Averaged Test AUC: 0.7881
Std Test Accurancy: 0.1416
Std Test AUC: 0.1125
ASR : 0.5632975325352795
attack_auc : 0.8892556961234674
------------------------- time cost ------------------------- 12.60318112373352

-------------Round number: 378-------------

Evaluate global model
Averaged Train Loss: 1.5822
Averaged Test Accurancy: 0.3965
Averaged Test AUC: 0.7823
Std Test Accurancy: 0.1592
Std Test AUC: 0.1164
ASR : 0.831021022638069
attack_auc : 0.963581308931604
------------------------- time cost ------------------------- 12.135503053665161

-------------Round number: 379-------------

Evaluate global model
Averaged Train Loss: 1.7950
Averaged Test Accurancy: 0.3983
Averaged Test AUC: 0.7743
Std Test Accurancy: 0.1720
Std Test AUC: 0.1201
ASR : 0.5912253916334956
attack_auc : 0.9094176819359849
------------------------- time cost ------------------------- 13.00756049156189

-------------Round number: 380-------------

Evaluate global model
Averaged Train Loss: 1.4050
Averaged Test Accurancy: 0.4175
Averaged Test AUC: 0.7817
Std Test Accurancy: 0.1503
Std Test AUC: 0.1226
ASR : 0.8056678393537442
attack_auc : 0.9640016416726204
------------------------- time cost ------------------------- 12.645825862884521

-------------Round number: 381-------------

Evaluate global model
Averaged Train Loss: 1.3392
Averaged Test Accurancy: 0.4332
Averaged Test AUC: 0.7886
Std Test Accurancy: 0.1505
Std Test AUC: 0.1228
ASR : 0.755634541519455
attack_auc : 0.9522774660338784
------------------------- time cost ------------------------- 12.083117008209229

-------------Round number: 382-------------

Evaluate global model
Averaged Train Loss: 1.5772
Averaged Test Accurancy: 0.4260
Averaged Test AUC: 0.7813
Std Test Accurancy: 0.1560
Std Test AUC: 0.1228
ASR : 0.68261308264404
attack_auc : 0.936396656314385
------------------------- time cost ------------------------- 12.781658411026001

-------------Round number: 383-------------

Evaluate global model
Averaged Train Loss: 1.7128
Averaged Test Accurancy: 0.4062
Averaged Test AUC: 0.7736
Std Test Accurancy: 0.1466
Std Test AUC: 0.1315
ASR : 0.7721127119625198
attack_auc : 0.9576135412543738
------------------------- time cost ------------------------- 12.953989028930664

-------------Round number: 384-------------

Evaluate global model
Averaged Train Loss: 1.6468
Averaged Test Accurancy: 0.4176
Averaged Test AUC: 0.7816
Std Test Accurancy: 0.1462
Std Test AUC: 0.1233
ASR : 0.6755761337927895
attack_auc : 0.932235864197409
------------------------- time cost ------------------------- 12.306315898895264

-------------Round number: 385-------------

Evaluate global model
Averaged Train Loss: 1.3927
Averaged Test Accurancy: 0.4179
Averaged Test AUC: 0.7833
Std Test Accurancy: 0.1533
Std Test AUC: 0.1188
ASR : 0.7879233036309957
attack_auc : 0.9558506611895694
------------------------- time cost ------------------------- 12.562451839447021

-------------Round number: 386-------------

Evaluate global model
Averaged Train Loss: 1.5106
Averaged Test Accurancy: 0.4173
Averaged Test AUC: 0.7860
Std Test Accurancy: 0.1490
Std Test AUC: 0.1194
ASR : 0.7032692633486006
attack_auc : 0.9361355129312586
------------------------- time cost ------------------------- 13.409777879714966

-------------Round number: 387-------------

Evaluate global model
Averaged Train Loss: 1.5046
Averaged Test Accurancy: 0.4032
Averaged Test AUC: 0.7794
Std Test Accurancy: 0.1473
Std Test AUC: 0.1112
ASR : 0.7724700498132805
attack_auc : 0.954319168763301
------------------------- time cost ------------------------- 12.142330646514893

-------------Round number: 388-------------

Evaluate global model
Averaged Train Loss: 1.2249
Averaged Test Accurancy: 0.4444
Averaged Test AUC: 0.7948
Std Test Accurancy: 0.1456
Std Test AUC: 0.1156
ASR : 0.6434128927723349
attack_auc : 0.9155377527066971
------------------------- time cost ------------------------- 12.256422758102417

-------------Round number: 389-------------

Evaluate global model
Averaged Train Loss: 1.3225
Averaged Test Accurancy: 0.4432
Averaged Test AUC: 0.7944
Std Test Accurancy: 0.1397
Std Test AUC: 0.1177
ASR : 0.7781860895040853
attack_auc : 0.9578341953735937
------------------------- time cost ------------------------- 12.721302509307861

-------------Round number: 390-------------

Evaluate global model
Averaged Train Loss: 1.6016
Averaged Test Accurancy: 0.3936
Averaged Test AUC: 0.7880
Std Test Accurancy: 0.1564
Std Test AUC: 0.1015
ASR : 0.6734774610783483
attack_auc : 0.9323960919859726
------------------------- time cost ------------------------- 12.786684513092041

-------------Round number: 391-------------

Evaluate global model
Averaged Train Loss: 1.6989
Averaged Test Accurancy: 0.4162
Averaged Test AUC: 0.7791
Std Test Accurancy: 0.1435
Std Test AUC: 0.1207
ASR : 0.7682682403714275
attack_auc : 0.9541716967966539
------------------------- time cost ------------------------- 12.206830263137817

-------------Round number: 392-------------

Evaluate global model
Averaged Train Loss: 1.2045
Averaged Test Accurancy: 0.4550
Averaged Test AUC: 0.8003
Std Test Accurancy: 0.1513
Std Test AUC: 0.1134
ASR : 0.6278761644472324
attack_auc : 0.9149440861800536
------------------------- time cost ------------------------- 12.773345708847046

-------------Round number: 393-------------

Evaluate global model
Averaged Train Loss: 1.3184
Averaged Test Accurancy: 0.4476
Averaged Test AUC: 0.7902
Std Test Accurancy: 0.1453
Std Test AUC: 0.1256
ASR : 0.6547836854109076
attack_auc : 0.9209676320655901
------------------------- time cost ------------------------- 12.975968837738037

-------------Round number: 394-------------

Evaluate global model
Averaged Train Loss: 1.4170
Averaged Test Accurancy: 0.4144
Averaged Test AUC: 0.7889
Std Test Accurancy: 0.1430
Std Test AUC: 0.1195
ASR : 0.757153791341037
attack_auc : 0.9510210314634192
------------------------- time cost ------------------------- 11.846427202224731

-------------Round number: 395-------------

Evaluate global model
Averaged Train Loss: 1.5183
Averaged Test Accurancy: 0.4185
Averaged Test AUC: 0.7882
Std Test Accurancy: 0.1467
Std Test AUC: 0.1211
ASR : 0.821600935689697
attack_auc : 0.9673092215447757
------------------------- time cost ------------------------- 12.98122239112854

-------------Round number: 396-------------

Evaluate global model
Averaged Train Loss: 1.4916
Averaged Test Accurancy: 0.4234
Averaged Test AUC: 0.7915
Std Test Accurancy: 0.1397
Std Test AUC: 0.1183
ASR : 0.7460412309302946
attack_auc : 0.9502938042270188
------------------------- time cost ------------------------- 12.671146154403687

-------------Round number: 397-------------

Evaluate global model
Averaged Train Loss: 1.6004
Averaged Test Accurancy: 0.4238
Averaged Test AUC: 0.7913
Std Test Accurancy: 0.1559
Std Test AUC: 0.1228
ASR : 0.591110330151243
attack_auc : 0.9064945720803008
------------------------- time cost ------------------------- 12.345033884048462

-------------Round number: 398-------------

Evaluate global model
Averaged Train Loss: 1.5935
Averaged Test Accurancy: 0.4021
Averaged Test AUC: 0.7817
Std Test Accurancy: 0.1560
Std Test AUC: 0.1146
ASR : 0.834818438905435
attack_auc : 0.9659569680908238
------------------------- time cost ------------------------- 12.339497089385986

-------------Round number: 399-------------

Evaluate global model
Averaged Train Loss: 1.2978
Averaged Test Accurancy: 0.4353
Averaged Test AUC: 0.7976
Std Test Accurancy: 0.1472
Std Test AUC: 0.1091
ASR : 0.6771528980245708
attack_auc : 0.9238951431637272
------------------------- time cost ------------------------- 13.14644980430603

-------------Round number: 400-------------

Evaluate global model
Averaged Train Loss: 1.4855
Averaged Test Accurancy: 0.4320
Averaged Test AUC: 0.7904
Std Test Accurancy: 0.1422
Std Test AUC: 0.1216
ASR : 0.6232070070286704
attack_auc : 0.9067076136048976
------------------------- time cost ------------------------- 12.596221923828125

-------------Round number: 401-------------

Evaluate global model
Averaged Train Loss: 1.5100
Averaged Test Accurancy: 0.4434
Averaged Test AUC: 0.7904
Std Test Accurancy: 0.1540
Std Test AUC: 0.1319
ASR : 0.6412739025019738
attack_auc : 0.9210221008570463
------------------------- time cost ------------------------- 12.521685600280762

-------------Round number: 402-------------

Evaluate global model
Averaged Train Loss: 1.3355
Averaged Test Accurancy: 0.4366
Averaged Test AUC: 0.8019
Std Test Accurancy: 0.1416
Std Test AUC: 0.1061
ASR : 0.6821546881113603
attack_auc : 0.9222576581087271
------------------------- time cost ------------------------- 12.83150863647461

-------------Round number: 403-------------

Evaluate global model
Averaged Train Loss: 1.2562
Averaged Test Accurancy: 0.4455
Averaged Test AUC: 0.8014
Std Test Accurancy: 0.1432
Std Test AUC: 0.1089
ASR : 0.6799666485978167
attack_auc : 0.9218796002346836
------------------------- time cost ------------------------- 12.97957158088684

-------------Round number: 404-------------

Evaluate global model
Averaged Train Loss: 1.2141
Averaged Test Accurancy: 0.4625
Averaged Test AUC: 0.8053
Std Test Accurancy: 0.1460
Std Test AUC: 0.1122
ASR : 0.6561400576151609
attack_auc : 0.916861057935628
------------------------- time cost ------------------------- 12.04525375366211

-------------Round number: 405-------------

Evaluate global model
Averaged Train Loss: 1.4766
Averaged Test Accurancy: 0.4205
Averaged Test AUC: 0.7928
Std Test Accurancy: 0.1530
Std Test AUC: 0.1107
ASR : 0.796951932329628
attack_auc : 0.9597006883095194
------------------------- time cost ------------------------- 12.764854431152344

-------------Round number: 406-------------

Evaluate global model
Averaged Train Loss: 1.2865
Averaged Test Accurancy: 0.4432
Averaged Test AUC: 0.7987
Std Test Accurancy: 0.1419
Std Test AUC: 0.1167
ASR : 0.6897144145759798
attack_auc : 0.9305854470648591
------------------------- time cost ------------------------- 12.930758476257324

-------------Round number: 407-------------

Evaluate global model
Averaged Train Loss: 1.6417
Averaged Test Accurancy: 0.4081
Averaged Test AUC: 0.7870
Std Test Accurancy: 0.1361
Std Test AUC: 0.1211
ASR : 0.6240085997501006
attack_auc : 0.9084043618151537
------------------------- time cost ------------------------- 12.206532001495361

-------------Round number: 408-------------

Evaluate global model
Averaged Train Loss: 1.8423
Averaged Test Accurancy: 0.4121
Averaged Test AUC: 0.7941
Std Test Accurancy: 0.1379
Std Test AUC: 0.1073
ASR : 0.5691618105451195
attack_auc : 0.9033921378254498
------------------------- time cost ------------------------- 12.592909812927246

-------------Round number: 409-------------

Evaluate global model
Averaged Train Loss: 1.7739
Averaged Test Accurancy: 0.3888
Averaged Test AUC: 0.7814
Std Test Accurancy: 0.1508
Std Test AUC: 0.1089
ASR : 0.7736600180206591
attack_auc : 0.9595797093304671
------------------------- time cost ------------------------- 12.954228162765503

-------------Round number: 410-------------

Evaluate global model
Averaged Train Loss: 1.6336
Averaged Test Accurancy: 0.4060
Averaged Test AUC: 0.7849
Std Test Accurancy: 0.1500
Std Test AUC: 0.1152
ASR : 0.8427566804368921
attack_auc : 0.9726764299213468
------------------------- time cost ------------------------- 12.285406827926636

-------------Round number: 411-------------

Evaluate global model
Averaged Train Loss: 1.3463
Averaged Test Accurancy: 0.4351
Averaged Test AUC: 0.7965
Std Test Accurancy: 0.1433
Std Test AUC: 0.1097
ASR : 0.7433457430431888
attack_auc : 0.949061276627588
------------------------- time cost ------------------------- 12.558847188949585

-------------Round number: 412-------------

Evaluate global model
Averaged Train Loss: 1.3777
Averaged Test Accurancy: 0.4432
Averaged Test AUC: 0.7966
Std Test Accurancy: 0.1417
Std Test AUC: 0.1171
ASR : 0.735908366456152
attack_auc : 0.9471049695570303
------------------------- time cost ------------------------- 13.046152591705322

-------------Round number: 413-------------

Evaluate global model
Averaged Train Loss: 1.5103
Averaged Test Accurancy: 0.4183
Averaged Test AUC: 0.7899
Std Test Accurancy: 0.1446
Std Test AUC: 0.1193
ASR : 0.5569320627897899
attack_auc : 0.8906202971365432
------------------------- time cost ------------------------- 12.873486995697021

-------------Round number: 414-------------

Evaluate global model
Averaged Train Loss: 2.3510
Averaged Test Accurancy: 0.3846
Averaged Test AUC: 0.7687
Std Test Accurancy: 0.1624
Std Test AUC: 0.1347
ASR : 0.5257793814448837
attack_auc : 0.8867575228007462
------------------------- time cost ------------------------- 11.997781991958618

-------------Round number: 415-------------

Evaluate global model
Averaged Train Loss: 1.7298
Averaged Test Accurancy: 0.4285
Averaged Test AUC: 0.7757
Std Test Accurancy: 0.1409
Std Test AUC: 0.1417
ASR : 0.49153770199457575
attack_auc : 0.8638532193844871
------------------------- time cost ------------------------- 12.730685472488403

-------------Round number: 416-------------

Evaluate global model
Averaged Train Loss: 1.5000
Averaged Test Accurancy: 0.4332
Averaged Test AUC: 0.7826
Std Test Accurancy: 0.1414
Std Test AUC: 0.1347
ASR : 0.6776489767888789
attack_auc : 0.9286033171922828
------------------------- time cost ------------------------- 13.05473804473877

-------------Round number: 417-------------

Evaluate global model
Averaged Train Loss: 1.4388
Averaged Test Accurancy: 0.4203
Averaged Test AUC: 0.7904
Std Test Accurancy: 0.1306
Std Test AUC: 0.1240
ASR : 0.6494012803374436
attack_auc : 0.9180997034908728
------------------------- time cost ------------------------- 12.173094749450684

-------------Round number: 418-------------

Evaluate global model
Averaged Train Loss: 1.2587
Averaged Test Accurancy: 0.4376
Averaged Test AUC: 0.7918
Std Test Accurancy: 0.1435
Std Test AUC: 0.1197
ASR : 0.7030700961641821
attack_auc : 0.9359965817512754
------------------------- time cost ------------------------- 12.553213119506836

-------------Round number: 419-------------

Evaluate global model
Averaged Train Loss: 1.4872
Averaged Test Accurancy: 0.4057
Averaged Test AUC: 0.7810
Std Test Accurancy: 0.1395
Std Test AUC: 0.1212
ASR : 0.7546431661212495
attack_auc : 0.94531704321104
------------------------- time cost ------------------------- 13.187467098236084

-------------Round number: 420-------------

Evaluate global model
Averaged Train Loss: 1.3572
Averaged Test Accurancy: 0.4311
Averaged Test AUC: 0.7885
Std Test Accurancy: 0.1348
Std Test AUC: 0.1227
ASR : 0.6076302075069314
attack_auc : 0.8972856031481141
------------------------- time cost ------------------------- 12.123242378234863

-------------Round number: 421-------------

Evaluate global model
Averaged Train Loss: 1.5804
Averaged Test Accurancy: 0.4169
Averaged Test AUC: 0.7803
Std Test Accurancy: 0.1445
Std Test AUC: 0.1302
ASR : 0.6651122028626729
attack_auc : 0.9240004315666861
------------------------- time cost ------------------------- 12.557686805725098

-------------Round number: 422-------------

Evaluate global model
Averaged Train Loss: 1.4988
Averaged Test Accurancy: 0.4083
Averaged Test AUC: 0.7758
Std Test Accurancy: 0.1551
Std Test AUC: 0.1335
ASR : 0.5175891786182005
attack_auc : 0.8698858454719803
------------------------- time cost ------------------------- 12.999073266983032

-------------Round number: 423-------------

Evaluate global model
Averaged Train Loss: 1.5692
Averaged Test Accurancy: 0.4185
Averaged Test AUC: 0.7760
Std Test Accurancy: 0.1299
Std Test AUC: 0.1361
ASR : 0.7203996016043084
attack_auc : 0.939478003377287
------------------------- time cost ------------------------- 12.342300415039062

-------------Round number: 424-------------

Evaluate global model
Averaged Train Loss: 1.7964
Averaged Test Accurancy: 0.4082
Averaged Test AUC: 0.7671
Std Test Accurancy: 0.1332
Std Test AUC: 0.1325
ASR : 0.6514413250832142
attack_auc : 0.914713274798726
------------------------- time cost ------------------------- 12.402610063552856

-------------Round number: 425-------------

Evaluate global model
Averaged Train Loss: 1.6404
Averaged Test Accurancy: 0.4150
Averaged Test AUC: 0.7779
Std Test Accurancy: 0.1521
Std Test AUC: 0.1205
ASR : 0.4865596503919367
attack_auc : 0.8568519145655951
------------------------- time cost ------------------------- 13.089392185211182

-------------Round number: 426-------------

Evaluate global model
Averaged Train Loss: 1.3191
Averaged Test Accurancy: 0.4316
Averaged Test AUC: 0.7864
Std Test Accurancy: 0.1448
Std Test AUC: 0.1257
ASR : 0.6683101950622274
attack_auc : 0.9227767509332901
------------------------- time cost ------------------------- 12.670424699783325

-------------Round number: 427-------------

Evaluate global model
Averaged Train Loss: 1.2993
Averaged Test Accurancy: 0.4407
Averaged Test AUC: 0.7890
Std Test Accurancy: 0.1454
Std Test AUC: 0.1280
ASR : 0.7785623557365771
attack_auc : 0.9516954505274146
------------------------- time cost ------------------------- 12.436354637145996

-------------Round number: 428-------------

Evaluate global model
Averaged Train Loss: 1.4828
Averaged Test Accurancy: 0.4377
Averaged Test AUC: 0.7868
Std Test Accurancy: 0.1543
Std Test AUC: 0.1320
ASR : 0.5890442052717629
attack_auc : 0.9036244147747732
------------------------- time cost ------------------------- 12.46535873413086

-------------Round number: 429-------------

Evaluate global model
Averaged Train Loss: 1.4354
Averaged Test Accurancy: 0.4206
Averaged Test AUC: 0.7851
Std Test Accurancy: 0.1403
Std Test AUC: 0.1290
ASR : 0.6457034581900783
attack_auc : 0.9131962494635176
------------------------- time cost ------------------------- 13.172655582427979

-------------Round number: 430-------------

Evaluate global model
Averaged Train Loss: 1.4624
Averaged Test Accurancy: 0.4488
Averaged Test AUC: 0.7893
Std Test Accurancy: 0.1381
Std Test AUC: 0.1314
ASR : 0.657261413082034
attack_auc : 0.9163409884561776
------------------------- time cost ------------------------- 12.36873173713684

-------------Round number: 431-------------

Evaluate global model
Averaged Train Loss: 1.6307
Averaged Test Accurancy: 0.4201
Averaged Test AUC: 0.7886
Std Test Accurancy: 0.1475
Std Test AUC: 0.1151
ASR : 0.7640091448233177
attack_auc : 0.9538274027493036
------------------------- time cost ------------------------- 12.414868354797363

-------------Round number: 432-------------

Evaluate global model
Averaged Train Loss: 1.5012
Averaged Test Accurancy: 0.4027
Averaged Test AUC: 0.7906
Std Test Accurancy: 0.1439
Std Test AUC: 0.1212
ASR : 0.7037639442686284
attack_auc : 0.9370740064793576
------------------------- time cost ------------------------- 13.148228168487549

-------------Round number: 433-------------

Evaluate global model
Averaged Train Loss: 1.4120
Averaged Test Accurancy: 0.4400
Averaged Test AUC: 0.7880
Std Test Accurancy: 0.1386
Std Test AUC: 0.1228
ASR : 0.7072143950287318
attack_auc : 0.9337199804624564
------------------------- time cost ------------------------- 12.343741416931152

-------------Round number: 434-------------

Evaluate global model
Averaged Train Loss: 1.3938
Averaged Test Accurancy: 0.4142
Averaged Test AUC: 0.7916
Std Test Accurancy: 0.1508
Std Test AUC: 0.1165
ASR : 0.593613215936257
attack_auc : 0.8998669289132901
------------------------- time cost ------------------------- 12.073595762252808

-------------Round number: 435-------------

Evaluate global model
Averaged Train Loss: 1.3938
Averaged Test Accurancy: 0.4474
Averaged Test AUC: 0.7933
Std Test Accurancy: 0.1604
Std Test AUC: 0.1191
ASR : 0.6704915237245384
attack_auc : 0.92851932821346
------------------------- time cost ------------------------- 13.028422117233276

-------------Round number: 436-------------

Evaluate global model
Averaged Train Loss: 1.3300
Averaged Test Accurancy: 0.4312
Averaged Test AUC: 0.7882
Std Test Accurancy: 0.1606
Std Test AUC: 0.1221
ASR : 0.7772770534906539
attack_auc : 0.9558265590629043
------------------------- time cost ------------------------- 12.681013107299805

-------------Round number: 437-------------

Evaluate global model
Averaged Train Loss: 1.3001
Averaged Test Accurancy: 0.4445
Averaged Test AUC: 0.7947
Std Test Accurancy: 0.1500
Std Test AUC: 0.1243
ASR : 0.7209873052027136
attack_auc : 0.9403721412250028
------------------------- time cost ------------------------- 11.968616485595703

-------------Round number: 438-------------

Evaluate global model
Averaged Train Loss: 1.2807
Averaged Test Accurancy: 0.4396
Averaged Test AUC: 0.7930
Std Test Accurancy: 0.1374
Std Test AUC: 0.1263
ASR : 0.6350902986745227
attack_auc : 0.9167981649135543
------------------------- time cost ------------------------- 12.986120223999023

-------------Round number: 439-------------

Evaluate global model
Averaged Train Loss: 1.3327
Averaged Test Accurancy: 0.4326
Averaged Test AUC: 0.7946
Std Test Accurancy: 0.1348
Std Test AUC: 0.1266
ASR : 0.6851248420385146
attack_auc : 0.9291780713435425
------------------------- time cost ------------------------- 12.835207462310791

-------------Round number: 440-------------

Evaluate global model
Averaged Train Loss: 1.1702
Averaged Test Accurancy: 0.4565
Averaged Test AUC: 0.7995
Std Test Accurancy: 0.1406
Std Test AUC: 0.1233
ASR : 0.7402685697464634
attack_auc : 0.9439133114323465
------------------------- time cost ------------------------- 12.055739641189575

-------------Round number: 441-------------

Evaluate global model
Averaged Train Loss: 1.1151
Averaged Test Accurancy: 0.4724
Averaged Test AUC: 0.8017
Std Test Accurancy: 0.1496
Std Test AUC: 0.1285
ASR : 0.7775532812877158
attack_auc : 0.9554161290172356
------------------------- time cost ------------------------- 12.614399194717407

-------------Round number: 442-------------

Evaluate global model
Averaged Train Loss: 1.2897
Averaged Test Accurancy: 0.4148
Averaged Test AUC: 0.7892
Std Test Accurancy: 0.1424
Std Test AUC: 0.1151
ASR : 0.743298551312664
attack_auc : 0.9472323345000511
------------------------- time cost ------------------------- 12.973924160003662

-------------Round number: 443-------------

Evaluate global model
Averaged Train Loss: 1.1274
Averaged Test Accurancy: 0.4594
Averaged Test AUC: 0.8021
Std Test Accurancy: 0.1508
Std Test AUC: 0.1182
ASR : 0.792441080642847
attack_auc : 0.9556204467129229
------------------------- time cost ------------------------- 12.308544874191284

-------------Round number: 444-------------

Evaluate global model
Averaged Train Loss: 1.2334
Averaged Test Accurancy: 0.4268
Averaged Test AUC: 0.7972
Std Test Accurancy: 0.1498
Std Test AUC: 0.1182
ASR : 0.7678396540861474
attack_auc : 0.9556920937392287
------------------------- time cost ------------------------- 12.275322437286377

-------------Round number: 445-------------

Evaluate global model
Averaged Train Loss: 1.1726
Averaged Test Accurancy: 0.4631
Averaged Test AUC: 0.8010
Std Test Accurancy: 0.1602
Std Test AUC: 0.1266
ASR : 0.77963835057557
attack_auc : 0.956091801364761
------------------------- time cost ------------------------- 13.196850299835205

-------------Round number: 446-------------

Evaluate global model
Averaged Train Loss: 1.2290
Averaged Test Accurancy: 0.4518
Averaged Test AUC: 0.8006
Std Test Accurancy: 0.1458
Std Test AUC: 0.1179
ASR : 0.766063536133709
attack_auc : 0.9496969204552566
------------------------- time cost ------------------------- 12.488498210906982

-------------Round number: 447-------------

Evaluate global model
Averaged Train Loss: 1.2657
Averaged Test Accurancy: 0.4532
Averaged Test AUC: 0.7964
Std Test Accurancy: 0.1554
Std Test AUC: 0.1267
ASR : 0.6651896139613199
attack_auc : 0.9178417269847574
------------------------- time cost ------------------------- 12.492598056793213

-------------Round number: 448-------------

Evaluate global model
Averaged Train Loss: 1.1493
Averaged Test Accurancy: 0.4371
Averaged Test AUC: 0.7987
Std Test Accurancy: 0.1427
Std Test AUC: 0.1162
ASR : 0.8665741352974029
attack_auc : 0.9749187267074166
------------------------- time cost ------------------------- 13.090258359909058

-------------Round number: 449-------------

Evaluate global model
Averaged Train Loss: 1.0573
Averaged Test Accurancy: 0.4511
Averaged Test AUC: 0.8073
Std Test Accurancy: 0.1408
Std Test AUC: 0.1173
ASR : 0.8192882116401553
attack_auc : 0.9641479709675402
------------------------- time cost ------------------------- 12.531758546829224

-------------Round number: 450-------------

Evaluate global model
Averaged Train Loss: 1.0582
Averaged Test Accurancy: 0.4675
Averaged Test AUC: 0.8075
Std Test Accurancy: 0.1449
Std Test AUC: 0.1157
ASR : 0.8232911750985727
attack_auc : 0.9665293869251548
------------------------- time cost ------------------------- 12.245333194732666

-------------Round number: 451-------------

Evaluate global model
Averaged Train Loss: 1.1408
Averaged Test Accurancy: 0.4568
Averaged Test AUC: 0.8067
Std Test Accurancy: 0.1379
Std Test AUC: 0.1135
ASR : 0.8031631739779793
attack_auc : 0.9613058569166186
------------------------- time cost ------------------------- 12.633630752563477

-------------Round number: 452-------------

Evaluate global model
Averaged Train Loss: 1.1748
Averaged Test Accurancy: 0.4470
Averaged Test AUC: 0.8022
Std Test Accurancy: 0.1310
Std Test AUC: 0.1154
ASR : 0.7835128931470138
attack_auc : 0.9571513160767664
------------------------- time cost ------------------------- 12.883427858352661

-------------Round number: 453-------------

Evaluate global model
Averaged Train Loss: 1.0833
Averaged Test Accurancy: 0.4537
Averaged Test AUC: 0.8099
Std Test Accurancy: 0.1450
Std Test AUC: 0.1193
ASR : 0.6123588914446766
attack_auc : 0.9084101921340634
------------------------- time cost ------------------------- 12.062381029129028

-------------Round number: 454-------------

Evaluate global model
Averaged Train Loss: 1.4536
Averaged Test Accurancy: 0.4332
Averaged Test AUC: 0.8063
Std Test Accurancy: 0.1515
Std Test AUC: 0.1061
ASR : 0.5737871238841695
attack_auc : 0.8913200575287504
------------------------- time cost ------------------------- 12.619591236114502

-------------Round number: 455-------------

Evaluate global model
Averaged Train Loss: 1.0552
Averaged Test Accurancy: 0.4498
Averaged Test AUC: 0.8035
Std Test Accurancy: 0.1313
Std Test AUC: 0.1152
ASR : 0.7672683288372438
attack_auc : 0.9516124604681806
------------------------- time cost ------------------------- 13.034014463424683

-------------Round number: 456-------------

Evaluate global model
Averaged Train Loss: 1.3517
Averaged Test Accurancy: 0.4190
Averaged Test AUC: 0.7953
Std Test Accurancy: 0.1575
Std Test AUC: 0.1113
ASR : 0.673469387339985
attack_auc : 0.9219683900066438
------------------------- time cost ------------------------- 12.325831890106201

-------------Round number: 457-------------

Evaluate global model
Averaged Train Loss: 1.1036
Averaged Test Accurancy: 0.4269
Averaged Test AUC: 0.7993
Std Test Accurancy: 0.1379
Std Test AUC: 0.1191
ASR : 0.8170297475819494
attack_auc : 0.9625854814812372
------------------------- time cost ------------------------- 12.629398584365845

-------------Round number: 458-------------

Evaluate global model
Averaged Train Loss: 1.1606
Averaged Test Accurancy: 0.4281
Averaged Test AUC: 0.8049
Std Test Accurancy: 0.1292
Std Test AUC: 0.1205
ASR : 0.674755665090915
attack_auc : 0.9234735819313351
------------------------- time cost ------------------------- 13.296971321105957

-------------Round number: 459-------------

Evaluate global model
Averaged Train Loss: 1.0621
Averaged Test Accurancy: 0.4561
Averaged Test AUC: 0.8068
Std Test Accurancy: 0.1452
Std Test AUC: 0.1215
ASR : 0.755783509944994
attack_auc : 0.9462687506028788
------------------------- time cost ------------------------- 12.601752996444702

-------------Round number: 460-------------

Evaluate global model
Averaged Train Loss: 1.1778
Averaged Test Accurancy: 0.4547
Averaged Test AUC: 0.8046
Std Test Accurancy: 0.1547
Std Test AUC: 0.1219
ASR : 0.6998662139741043
attack_auc : 0.9297762761949807
------------------------- time cost ------------------------- 12.21959900856018

-------------Round number: 461-------------

Evaluate global model
Averaged Train Loss: 1.0854
Averaged Test Accurancy: 0.4492
Averaged Test AUC: 0.8076
Std Test Accurancy: 0.1302
Std Test AUC: 0.1170
ASR : 0.7368053211108792
attack_auc : 0.9377315888311455
------------------------- time cost ------------------------- 12.924998760223389

-------------Round number: 462-------------

Evaluate global model
Averaged Train Loss: 1.0689
Averaged Test Accurancy: 0.4601
Averaged Test AUC: 0.8118
Std Test Accurancy: 0.1472
Std Test AUC: 0.1121
ASR : 0.7380495523386442
attack_auc : 0.940584829400914
------------------------- time cost ------------------------- 13.142304420471191

-------------Round number: 463-------------

Evaluate global model
Averaged Train Loss: 1.0376
Averaged Test Accurancy: 0.4302
Averaged Test AUC: 0.8033
Std Test Accurancy: 0.1473
Std Test AUC: 0.1041
ASR : 0.7219941521372976
attack_auc : 0.9329614632786887
------------------------- time cost ------------------------- 12.480923414230347

-------------Round number: 464-------------

Evaluate global model
Averaged Train Loss: 1.0331
Averaged Test Accurancy: 0.4386
Averaged Test AUC: 0.8067
Std Test Accurancy: 0.1418
Std Test AUC: 0.1103
ASR : 0.6795138109598705
attack_auc : 0.9217743475986567
------------------------- time cost ------------------------- 12.536811828613281

-------------Round number: 465-------------

Evaluate global model
Averaged Train Loss: 1.0602
Averaged Test Accurancy: 0.4434
Averaged Test AUC: 0.8062
Std Test Accurancy: 0.1369
Std Test AUC: 0.1097
ASR : 0.8125471921978633
attack_auc : 0.9550480837490523
------------------------- time cost ------------------------- 13.024236917495728

-------------Round number: 466-------------

Evaluate global model
Averaged Train Loss: 1.0269
Averaged Test Accurancy: 0.4729
Averaged Test AUC: 0.8114
Std Test Accurancy: 0.1500
Std Test AUC: 0.1146
ASR : 0.6880774438659469
attack_auc : 0.9222722300033395
------------------------- time cost ------------------------- 12.12781047821045

-------------Round number: 467-------------

Evaluate global model
Averaged Train Loss: 1.0457
Averaged Test Accurancy: 0.4569
Averaged Test AUC: 0.8086
Std Test Accurancy: 0.1370
Std Test AUC: 0.1062
ASR : 0.814716916780938
attack_auc : 0.9564532457812239
------------------------- time cost ------------------------- 12.359533309936523

-------------Round number: 468-------------

Evaluate global model
Averaged Train Loss: 0.9361
Averaged Test Accurancy: 0.4611
Averaged Test AUC: 0.8141
Std Test Accurancy: 0.1415
Std Test AUC: 0.1040
ASR : 0.747629015376584
attack_auc : 0.9422897579839985
------------------------- time cost ------------------------- 13.076714754104614

-------------Round number: 469-------------

Evaluate global model
Averaged Train Loss: 1.0023
Averaged Test Accurancy: 0.4420
Averaged Test AUC: 0.8080
Std Test Accurancy: 0.1336
Std Test AUC: 0.1071
ASR : 0.7661731292747895
attack_auc : 0.949298378994845
------------------------- time cost ------------------------- 12.547701358795166

-------------Round number: 470-------------

Evaluate global model
Averaged Train Loss: 2.2955
Averaged Test Accurancy: 0.3524
Averaged Test AUC: 0.7855
Std Test Accurancy: 0.1683
Std Test AUC: 0.1011
ASR : 0.7476726316179894
attack_auc : 0.9521771959158574
------------------------- time cost ------------------------- 12.226037502288818

-------------Round number: 471-------------

Evaluate global model
Averaged Train Loss: 1.0124
Averaged Test Accurancy: 0.4590
Averaged Test AUC: 0.8071
Std Test Accurancy: 0.1483
Std Test AUC: 0.1113
ASR : 0.7787035798498086
attack_auc : 0.9538971232905282
------------------------- time cost ------------------------- 13.234033107757568

-------------Round number: 472-------------

Evaluate global model
Averaged Train Loss: 0.9334
Averaged Test Accurancy: 0.4651
Averaged Test AUC: 0.8121
Std Test Accurancy: 0.1463
Std Test AUC: 0.1179
ASR : 0.743304001113416
attack_auc : 0.9443377283018587
------------------------- time cost ------------------------- 12.821755170822144

-------------Round number: 473-------------

Evaluate global model
Averaged Train Loss: 0.9543
Averaged Test Accurancy: 0.4792
Averaged Test AUC: 0.8178
Std Test Accurancy: 0.1368
Std Test AUC: 0.1149
ASR : 0.7221101049394878
attack_auc : 0.93735816966018
------------------------- time cost ------------------------- 12.283486127853394

-------------Round number: 474-------------

Evaluate global model
Averaged Train Loss: 1.5532
Averaged Test Accurancy: 0.3836
Averaged Test AUC: 0.8007
Std Test Accurancy: 0.1464
Std Test AUC: 0.1165
ASR : 0.6315619889205526
attack_auc : 0.9134470072175496
------------------------- time cost ------------------------- 13.02022123336792

-------------Round number: 475-------------

Evaluate global model
Averaged Train Loss: 0.8962
Averaged Test Accurancy: 0.4669
Averaged Test AUC: 0.8142
Std Test Accurancy: 0.1389
Std Test AUC: 0.1127
ASR : 0.7337375109499505
attack_auc : 0.9366990164632302
------------------------- time cost ------------------------- 12.981625318527222

-------------Round number: 476-------------

Evaluate global model
Averaged Train Loss: 0.9583
Averaged Test Accurancy: 0.4787
Averaged Test AUC: 0.8154
Std Test Accurancy: 0.1348
Std Test AUC: 0.1142
ASR : 0.7574824731432961
attack_auc : 0.9419069417632089
------------------------- time cost ------------------------- 12.048535823822021

-------------Round number: 477-------------

Evaluate global model
Averaged Train Loss: 1.3523
Averaged Test Accurancy: 0.4169
Averaged Test AUC: 0.8069
Std Test Accurancy: 0.1402
Std Test AUC: 0.1183
ASR : 0.6814890861943615
attack_auc : 0.9282662760909611
------------------------- time cost ------------------------- 12.670082569122314

-------------Round number: 478-------------

Evaluate global model
Averaged Train Loss: 1.1053
Averaged Test Accurancy: 0.4617
Averaged Test AUC: 0.8056
Std Test Accurancy: 0.1326
Std Test AUC: 0.1250
ASR : 0.7934028528938322
attack_auc : 0.9533098830860766
------------------------- time cost ------------------------- 12.88509464263916

-------------Round number: 479-------------

Evaluate global model
Averaged Train Loss: 1.6053
Averaged Test Accurancy: 0.4181
Averaged Test AUC: 0.8015
Std Test Accurancy: 0.1473
Std Test AUC: 0.1135
ASR : 0.7028065130194168
attack_auc : 0.9325273841607095
------------------------- time cost ------------------------- 12.202107906341553

-------------Round number: 480-------------

Evaluate global model
Averaged Train Loss: 1.1759
Averaged Test Accurancy: 0.4246
Averaged Test AUC: 0.8024
Std Test Accurancy: 0.1394
Std Test AUC: 0.1143
ASR : 0.743104277264281
attack_auc : 0.9435629010643163
------------------------- time cost ------------------------- 12.25505805015564

-------------Round number: 481-------------

Evaluate global model
Averaged Train Loss: 1.1095
Averaged Test Accurancy: 0.4279
Averaged Test AUC: 0.8071
Std Test Accurancy: 0.1337
Std Test AUC: 0.1025
ASR : 0.7822652948617584
attack_auc : 0.9523120783141271
------------------------- time cost ------------------------- 12.940863370895386

-------------Round number: 482-------------

Evaluate global model
Averaged Train Loss: 1.3931
Averaged Test Accurancy: 0.4202
Averaged Test AUC: 0.7899
Std Test Accurancy: 0.1582
Std Test AUC: 0.1096
ASR : 0.8022657135249005
attack_auc : 0.957963198122541
------------------------- time cost ------------------------- 12.49143671989441

-------------Round number: 483-------------

Evaluate global model
Averaged Train Loss: 1.0744
Averaged Test Accurancy: 0.4535
Averaged Test AUC: 0.8020
Std Test Accurancy: 0.1594
Std Test AUC: 0.1139
ASR : 0.7332111741019186
attack_auc : 0.9438011240291438
------------------------- time cost ------------------------- 12.383988857269287

-------------Round number: 484-------------

Evaluate global model
Averaged Train Loss: 1.1613
Averaged Test Accurancy: 0.4559
Averaged Test AUC: 0.7996
Std Test Accurancy: 0.1552
Std Test AUC: 0.1131
ASR : 0.7403453489040034
attack_auc : 0.9418937587744014
------------------------- time cost ------------------------- 13.181121587753296

-------------Round number: 485-------------

Evaluate global model
Averaged Train Loss: 1.0188
Averaged Test Accurancy: 0.4557
Averaged Test AUC: 0.8090
Std Test Accurancy: 0.1388
Std Test AUC: 0.1066
ASR : 0.734823684193845
attack_auc : 0.9390573174029743
------------------------- time cost ------------------------- 12.506335735321045

-------------Round number: 486-------------

Evaluate global model
Averaged Train Loss: 0.9547
Averaged Test Accurancy: 0.4428
Averaged Test AUC: 0.8051
Std Test Accurancy: 0.1445
Std Test AUC: 0.1076
ASR : 0.825413364368606
attack_auc : 0.9646097552124311
------------------------- time cost ------------------------- 12.183116912841797

-------------Round number: 487-------------

Evaluate global model
Averaged Train Loss: 1.1428
Averaged Test Accurancy: 0.4514
Averaged Test AUC: 0.8017
Std Test Accurancy: 0.1588
Std Test AUC: 0.1151
ASR : 0.6644232497770882
attack_auc : 0.9266730782050421
------------------------- time cost ------------------------- 12.629688739776611

-------------Round number: 488-------------

Evaluate global model
Averaged Train Loss: 1.0136
Averaged Test Accurancy: 0.4715
Averaged Test AUC: 0.8086
Std Test Accurancy: 0.1399
Std Test AUC: 0.1176
ASR : 0.7047023503831381
attack_auc : 0.9289714700080448
------------------------- time cost ------------------------- 12.796289443969727

-------------Round number: 489-------------

Evaluate global model
Averaged Train Loss: 0.8741
Averaged Test Accurancy: 0.4782
Averaged Test AUC: 0.8164
Std Test Accurancy: 0.1375
Std Test AUC: 0.1056
ASR : 0.7049383790867061
attack_auc : 0.9251225088010183
------------------------- time cost ------------------------- 12.314396619796753

-------------Round number: 490-------------

Evaluate global model
Averaged Train Loss: 0.8762
Averaged Test Accurancy: 0.4847
Averaged Test AUC: 0.8156
Std Test Accurancy: 0.1441
Std Test AUC: 0.1113
ASR : 0.7390541828913131
attack_auc : 0.9406286764918603
------------------------- time cost ------------------------- 12.906604766845703

-------------Round number: 491-------------

Evaluate global model
Averaged Train Loss: 1.3037
Averaged Test Accurancy: 0.4478
Averaged Test AUC: 0.7998
Std Test Accurancy: 0.1631
Std Test AUC: 0.1199
ASR : 0.708282539898276
attack_auc : 0.9340108667213705
------------------------- time cost ------------------------- 12.7147536277771

-------------Round number: 492-------------

Evaluate global model
Averaged Train Loss: 0.9990
Averaged Test Accurancy: 0.4763
Averaged Test AUC: 0.8094
Std Test Accurancy: 0.1434
Std Test AUC: 0.1208
ASR : 0.7933393314777533
attack_auc : 0.9555308432443281
------------------------- time cost ------------------------- 12.113178014755249

-------------Round number: 493-------------

Evaluate global model
Averaged Train Loss: 0.9010
Averaged Test Accurancy: 0.4698
Averaged Test AUC: 0.8128
Std Test Accurancy: 0.1380
Std Test AUC: 0.1152
ASR : 0.8091668413657227
attack_auc : 0.9581016858608389
------------------------- time cost ------------------------- 12.698445796966553

-------------Round number: 494-------------

Evaluate global model
Averaged Train Loss: 0.8714
Averaged Test Accurancy: 0.4682
Averaged Test AUC: 0.8159
Std Test Accurancy: 0.1424
Std Test AUC: 0.1116
ASR : 0.7668575981564569
attack_auc : 0.9516034858318595
------------------------- time cost ------------------------- 13.108800888061523

-------------Round number: 495-------------

Evaluate global model
Averaged Train Loss: 0.8702
Averaged Test Accurancy: 0.4637
Averaged Test AUC: 0.8136
Std Test Accurancy: 0.1420
Std Test AUC: 0.1099
ASR : 0.7448930451310749
attack_auc : 0.9436250930387641
------------------------- time cost ------------------------- 12.35784649848938

-------------Round number: 496-------------

Evaluate global model
Averaged Train Loss: 0.9670
Averaged Test Accurancy: 0.4804
Averaged Test AUC: 0.8111
Std Test Accurancy: 0.1433
Std Test AUC: 0.1195
ASR : 0.7248883634357294
attack_auc : 0.9398960005128872
------------------------- time cost ------------------------- 12.327002048492432

-------------Round number: 497-------------

Evaluate global model
Averaged Train Loss: 0.8659
Averaged Test Accurancy: 0.4727
Averaged Test AUC: 0.8170
Std Test Accurancy: 0.1385
Std Test AUC: 0.1078
ASR : 0.7710866461397299
attack_auc : 0.9482448670228791
------------------------- time cost ------------------------- 13.395804166793823

-------------Round number: 498-------------

Evaluate global model
Averaged Train Loss: 0.8103
Averaged Test Accurancy: 0.4714
Averaged Test AUC: 0.8186
Std Test Accurancy: 0.1427
Std Test AUC: 0.1102
ASR : 0.6358091240618946
attack_auc : 0.9089505196928294
------------------------- time cost ------------------------- 12.65286374092102

-------------Round number: 499-------------

Evaluate global model
Averaged Train Loss: 0.7938
Averaged Test Accurancy: 0.4638
Averaged Test AUC: 0.8200
Std Test Accurancy: 0.1396
Std Test AUC: 0.1057
ASR : 0.6848341864057645
attack_auc : 0.9221276015238418
------------------------- time cost ------------------------- 12.078652143478394

-------------Round number: 500-------------

Evaluate global model
Averaged Train Loss: 0.7150
Averaged Test Accurancy: 0.4876
Averaged Test AUC: 0.8235
Std Test Accurancy: 0.1419
Std Test AUC: 0.1076
ASR : 0.7464206661285595
attack_auc : 0.9386032195573764
------------------------- time cost ------------------------- 12.82285737991333

-------------Round number: 501-------------

Evaluate global model
Averaged Train Loss: 0.7481
Averaged Test Accurancy: 0.4789
Averaged Test AUC: 0.8247
Std Test Accurancy: 0.1399
Std Test AUC: 0.1048
ASR : 0.7407646497368342
attack_auc : 0.9417000534367547
------------------------- time cost ------------------------- 12.637051343917847

-------------Round number: 502-------------

Evaluate global model
Averaged Train Loss: 0.7990
Averaged Test Accurancy: 0.4733
Averaged Test AUC: 0.8208
Std Test Accurancy: 0.1358
Std Test AUC: 0.1043
ASR : 0.8020843065317285
attack_auc : 0.9583002941852784
------------------------- time cost ------------------------- 12.339133739471436

-------------Round number: 503-------------

Evaluate global model
Averaged Train Loss: 1.3099
Averaged Test Accurancy: 0.3936
Averaged Test AUC: 0.7980
Std Test Accurancy: 0.1517
Std Test AUC: 0.1066
ASR : 0.6664522818476979
attack_auc : 0.9252813952282447
------------------------- time cost ------------------------- 12.795416116714478

-------------Round number: 504-------------

Evaluate global model
Averaged Train Loss: 0.7089
Averaged Test Accurancy: 0.4782
Averaged Test AUC: 0.8180
Std Test Accurancy: 0.1326
Std Test AUC: 0.1113
ASR : 0.7387287065808159
attack_auc : 0.9436760500832362
------------------------- time cost ------------------------- 12.858856916427612

-------------Round number: 505-------------

Evaluate global model
Averaged Train Loss: 0.6810
Averaged Test Accurancy: 0.4817
Averaged Test AUC: 0.8207
Std Test Accurancy: 0.1330
Std Test AUC: 0.1132
ASR : 0.7847995717731718
attack_auc : 0.9526393722843352
------------------------- time cost ------------------------- 12.248868703842163

-------------Round number: 506-------------

Evaluate global model
Averaged Train Loss: 0.8193
Averaged Test Accurancy: 0.4646
Averaged Test AUC: 0.8192
Std Test Accurancy: 0.1379
Std Test AUC: 0.1134
ASR : 0.6953180998862755
attack_auc : 0.9287987007293492
------------------------- time cost ------------------------- 12.568571329116821

-------------Round number: 507-------------

Evaluate global model
Averaged Train Loss: 0.7442
Averaged Test Accurancy: 0.4741
Averaged Test AUC: 0.8188
Std Test Accurancy: 0.1280
Std Test AUC: 0.1129
ASR : 0.7854718053400918
attack_auc : 0.9538862813218772
------------------------- time cost ------------------------- 13.335261344909668

-------------Round number: 508-------------

Evaluate global model
Averaged Train Loss: 0.7754
Averaged Test Accurancy: 0.4689
Averaged Test AUC: 0.8165
Std Test Accurancy: 0.1247
Std Test AUC: 0.1101
ASR : 0.7699935261203323
attack_auc : 0.9481038519173094
------------------------- time cost ------------------------- 12.287749528884888

-------------Round number: 509-------------

Evaluate global model
Averaged Train Loss: 0.7006
Averaged Test Accurancy: 0.4807
Averaged Test AUC: 0.8203
Std Test Accurancy: 0.1255
Std Test AUC: 0.1098
ASR : 0.7555724444871375
attack_auc : 0.9436512841111292
------------------------- time cost ------------------------- 12.380455017089844

-------------Round number: 510-------------

Evaluate global model
Averaged Train Loss: 0.7101
Averaged Test Accurancy: 0.4882
Averaged Test AUC: 0.8217
Std Test Accurancy: 0.1305
Std Test AUC: 0.1123
ASR : 0.7633039750721405
attack_auc : 0.9473510610920017
------------------------- time cost ------------------------- 12.893592357635498

-------------Round number: 511-------------

Evaluate global model
Averaged Train Loss: 0.7769
Averaged Test Accurancy: 0.4920
Averaged Test AUC: 0.8197
Std Test Accurancy: 0.1349
Std Test AUC: 0.1159
ASR : 0.7676880559659571
attack_auc : 0.9487987619991923
------------------------- time cost ------------------------- 12.948118925094604

-------------Round number: 512-------------

Evaluate global model
Averaged Train Loss: 0.8039
Averaged Test Accurancy: 0.4772
Averaged Test AUC: 0.8187
Std Test Accurancy: 0.1436
Std Test AUC: 0.1129
ASR : 0.7287736927322673
attack_auc : 0.9361661546197954
------------------------- time cost ------------------------- 12.542978763580322

-------------Round number: 513-------------

Evaluate global model
Averaged Train Loss: 0.6718
Averaged Test Accurancy: 0.4836
Averaged Test AUC: 0.8238
Std Test Accurancy: 0.1321
Std Test AUC: 0.1124
ASR : 0.7776548907496572
attack_auc : 0.9509769609388304
------------------------- time cost ------------------------- 12.928206443786621

-------------Round number: 514-------------

Evaluate global model
Averaged Train Loss: 0.9444
Averaged Test Accurancy: 0.4669
Averaged Test AUC: 0.8186
Std Test Accurancy: 0.1345
Std Test AUC: 0.1118
ASR : 0.687304363175167
attack_auc : 0.9276613152170512
------------------------- time cost ------------------------- 12.731906175613403

-------------Round number: 515-------------

Evaluate global model
Averaged Train Loss: 0.8821
Averaged Test Accurancy: 0.4794
Averaged Test AUC: 0.8123
Std Test Accurancy: 0.1383
Std Test AUC: 0.1251
ASR : 0.7951355627568998
attack_auc : 0.9587484948481193
------------------------- time cost ------------------------- 12.319225072860718

-------------Round number: 516-------------

Evaluate global model
Averaged Train Loss: 0.8745
Averaged Test Accurancy: 0.4841
Averaged Test AUC: 0.8165
Std Test Accurancy: 0.1429
Std Test AUC: 0.1215
ASR : 0.7877522375874261
attack_auc : 0.9573993737589671
------------------------- time cost ------------------------- 12.885700225830078

-------------Round number: 517-------------

Evaluate global model
Averaged Train Loss: 0.7201
Averaged Test Accurancy: 0.4898
Averaged Test AUC: 0.8262
Std Test Accurancy: 0.1325
Std Test AUC: 0.1182
ASR : 0.7649986359225805
attack_auc : 0.951049615073146
------------------------- time cost ------------------------- 12.845914363861084

-------------Round number: 518-------------

Evaluate global model
Averaged Train Loss: 0.6669
Averaged Test Accurancy: 0.4983
Averaged Test AUC: 0.8270
Std Test Accurancy: 0.1324
Std Test AUC: 0.1169
ASR : 0.8149659793850949
attack_auc : 0.9629021234288335
------------------------- time cost ------------------------- 12.10020661354065

-------------Round number: 519-------------

Evaluate global model
Averaged Train Loss: 0.8671
Averaged Test Accurancy: 0.4713
Averaged Test AUC: 0.8131
Std Test Accurancy: 0.1466
Std Test AUC: 0.1148
ASR : 0.8148107764213252
attack_auc : 0.9616193735005367
------------------------- time cost ------------------------- 12.30601191520691

-------------Round number: 520-------------

Evaluate global model
Averaged Train Loss: 0.7387
Averaged Test Accurancy: 0.4936
Averaged Test AUC: 0.8201
Std Test Accurancy: 0.1435
Std Test AUC: 0.1200
ASR : 0.7975685012576611
attack_auc : 0.9554866391867411
------------------------- time cost ------------------------- 13.086304903030396

-------------Round number: 521-------------

Evaluate global model
Averaged Train Loss: 0.8455
Averaged Test Accurancy: 0.4973
Averaged Test AUC: 0.8225
Std Test Accurancy: 0.1392
Std Test AUC: 0.1180
ASR : 0.7729686509043711
attack_auc : 0.9502051835021508
------------------------- time cost ------------------------- 12.15547490119934

-------------Round number: 522-------------

Evaluate global model
Averaged Train Loss: 0.7494
Averaged Test Accurancy: 0.4995
Averaged Test AUC: 0.8267
Std Test Accurancy: 0.1380
Std Test AUC: 0.1186
ASR : 0.7395013777289192
attack_auc : 0.9408347249360554
------------------------- time cost ------------------------- 12.365225076675415

-------------Round number: 523-------------

Evaluate global model
Averaged Train Loss: 0.7899
Averaged Test Accurancy: 0.4906
Averaged Test AUC: 0.8259
Std Test Accurancy: 0.1390
Std Test AUC: 0.1204
ASR : 0.7396876731063341
attack_auc : 0.9480409171940916
------------------------- time cost ------------------------- 13.214963436126709

-------------Round number: 524-------------

Evaluate global model
Averaged Train Loss: 0.9024
Averaged Test Accurancy: 0.4690
Averaged Test AUC: 0.8188
Std Test Accurancy: 0.1337
Std Test AUC: 0.1131
ASR : 0.8204650496262058
attack_auc : 0.9623498237933292
------------------------- time cost ------------------------- 12.58070993423462

-------------Round number: 525-------------

Evaluate global model
Averaged Train Loss: 0.8976
Averaged Test Accurancy: 0.4806
Averaged Test AUC: 0.8186
Std Test Accurancy: 0.1523
Std Test AUC: 0.1191
ASR : 0.6852359470903533
attack_auc : 0.9288883751614357
------------------------- time cost ------------------------- 12.144102096557617

-------------Round number: 526-------------

Evaluate global model
Averaged Train Loss: 0.8251
Averaged Test Accurancy: 0.4848
Averaged Test AUC: 0.8253
Std Test Accurancy: 0.1315
Std Test AUC: 0.1178
ASR : 0.7337672775255232
attack_auc : 0.9416925611200184
------------------------- time cost ------------------------- 12.831949472427368

-------------Round number: 527-------------

Evaluate global model
Averaged Train Loss: 0.7722
Averaged Test Accurancy: 0.4932
Averaged Test AUC: 0.8271
Std Test Accurancy: 0.1343
Std Test AUC: 0.1147
ASR : 0.7436503685947972
attack_auc : 0.9448027872936213
------------------------- time cost ------------------------- 12.845669269561768

-------------Round number: 528-------------

Evaluate global model
Averaged Train Loss: 0.7614
Averaged Test Accurancy: 0.4945
Averaged Test AUC: 0.8254
Std Test Accurancy: 0.1387
Std Test AUC: 0.1171
ASR : 0.7712691527662439
attack_auc : 0.9489370509618337
------------------------- time cost ------------------------- 12.104928493499756

-------------Round number: 529-------------

Evaluate global model
Averaged Train Loss: 0.8382
Averaged Test Accurancy: 0.4677
Averaged Test AUC: 0.8163
Std Test Accurancy: 0.1464
Std Test AUC: 0.1136
ASR : 0.6524749397307913
attack_auc : 0.9163734015662587
------------------------- time cost ------------------------- 12.675059795379639

-------------Round number: 530-------------

Evaluate global model
Averaged Train Loss: 0.7665
Averaged Test Accurancy: 0.4760
Averaged Test AUC: 0.8183
Std Test Accurancy: 0.1459
Std Test AUC: 0.1129
ASR : 0.7203131629463314
attack_auc : 0.9349180248195724
------------------------- time cost ------------------------- 13.187496185302734

-------------Round number: 531-------------

Evaluate global model
Averaged Train Loss: 1.0462
Averaged Test Accurancy: 0.4170
Averaged Test AUC: 0.8042
Std Test Accurancy: 0.1491
Std Test AUC: 0.1135
ASR : 0.7742077346779208
attack_auc : 0.9566730806442212
------------------------- time cost ------------------------- 11.93257474899292

-------------Round number: 532-------------

Evaluate global model
Averaged Train Loss: 0.8555
Averaged Test Accurancy: 0.4709
Averaged Test AUC: 0.8113
Std Test Accurancy: 0.1584
Std Test AUC: 0.1163
ASR : 0.7856853420597203
attack_auc : 0.958869023864773
------------------------- time cost ------------------------- 12.66906213760376

-------------Round number: 533-------------

Evaluate global model
Averaged Train Loss: 0.7301
Averaged Test Accurancy: 0.4896
Averaged Test AUC: 0.8218
Std Test Accurancy: 0.1471
Std Test AUC: 0.1119
ASR : 0.7656668396322691
attack_auc : 0.9511165703512757
------------------------- time cost ------------------------- 13.017611503601074

-------------Round number: 534-------------

Evaluate global model
Averaged Train Loss: 0.7832
Averaged Test Accurancy: 0.5003
Averaged Test AUC: 0.8234
Std Test Accurancy: 0.1439
Std Test AUC: 0.1156
ASR : 0.7350368107247718
attack_auc : 0.9419244664189423
------------------------- time cost ------------------------- 12.336563348770142

-------------Round number: 535-------------

Evaluate global model
Averaged Train Loss: 0.7315
Averaged Test Accurancy: 0.4793
Averaged Test AUC: 0.8222
Std Test Accurancy: 0.1330
Std Test AUC: 0.1074
ASR : 0.7321596378695904
attack_auc : 0.9369407561130583
------------------------- time cost ------------------------- 12.474672794342041

-------------Round number: 536-------------

Evaluate global model
Averaged Train Loss: 0.7003
Averaged Test Accurancy: 0.4755
Averaged Test AUC: 0.8175
Std Test Accurancy: 0.1385
Std Test AUC: 0.0979
ASR : 0.6933407202169278
attack_auc : 0.9267956054405261
------------------------- time cost ------------------------- 13.285669088363647

-------------Round number: 537-------------

Evaluate global model
Averaged Train Loss: 0.7003
Averaged Test Accurancy: 0.4909
Averaged Test AUC: 0.8214
Std Test Accurancy: 0.1483
Std Test AUC: 0.1072
ASR : 0.7124684573240683
attack_auc : 0.9351042576387699
------------------------- time cost ------------------------- 12.702871322631836

-------------Round number: 538-------------

Evaluate global model
Averaged Train Loss: 0.6802
Averaged Test Accurancy: 0.4986
Averaged Test AUC: 0.8277
Std Test Accurancy: 0.1389
Std Test AUC: 0.1024
ASR : 0.7449768870298044
attack_auc : 0.944913712506529
------------------------- time cost ------------------------- 12.071975708007812

-------------Round number: 539-------------

Evaluate global model
Averaged Train Loss: 0.7804
Averaged Test Accurancy: 0.4747
Averaged Test AUC: 0.8208
Std Test Accurancy: 0.1410
Std Test AUC: 0.1027
ASR : 0.8440206462588736
attack_auc : 0.9685727222345426
------------------------- time cost ------------------------- 12.669065475463867

-------------Round number: 540-------------

Evaluate global model
Averaged Train Loss: 0.6274
Averaged Test Accurancy: 0.5076
Averaged Test AUC: 0.8316
Std Test Accurancy: 0.1338
Std Test AUC: 0.1034
ASR : 0.7876516307403784
attack_auc : 0.9552638997442227
------------------------- time cost ------------------------- 13.102499961853027

-------------Round number: 541-------------

Evaluate global model
Averaged Train Loss: 0.6545
Averaged Test Accurancy: 0.4783
Averaged Test AUC: 0.8244
Std Test Accurancy: 0.1422
Std Test AUC: 0.1075
ASR : 0.7943893697920257
attack_auc : 0.9592742607775593
------------------------- time cost ------------------------- 12.096209526062012

-------------Round number: 542-------------

Evaluate global model
Averaged Train Loss: 0.7422
Averaged Test Accurancy: 0.4802
Averaged Test AUC: 0.8215
Std Test Accurancy: 0.1400
Std Test AUC: 0.0986
ASR : 0.7696997662547277
attack_auc : 0.9531944622534902
------------------------- time cost ------------------------- 13.116462230682373

-------------Round number: 543-------------

Evaluate global model
Averaged Train Loss: 0.5623
Averaged Test Accurancy: 0.4841
Averaged Test AUC: 0.8244
Std Test Accurancy: 0.1472
Std Test AUC: 0.0938
ASR : 0.7427043361809396
attack_auc : 0.9433660183300636
------------------------- time cost ------------------------- 13.338696718215942

-------------Round number: 544-------------

Evaluate global model
Averaged Train Loss: 0.5293
Averaged Test Accurancy: 0.4920
Averaged Test AUC: 0.8318
Std Test Accurancy: 0.1389
Std Test AUC: 0.0956
ASR : 0.7441347874051276
attack_auc : 0.9488250309812509
------------------------- time cost ------------------------- 12.457496881484985

-------------Round number: 545-------------

Evaluate global model
Averaged Train Loss: 0.5963
Averaged Test Accurancy: 0.4808
Averaged Test AUC: 0.8283
Std Test Accurancy: 0.1366
Std Test AUC: 0.0876
ASR : 0.8271176792839479
attack_auc : 0.9678113131180355
------------------------- time cost ------------------------- 12.406223773956299

-------------Round number: 546-------------

Evaluate global model
Averaged Train Loss: 0.5471
Averaged Test Accurancy: 0.4902
Averaged Test AUC: 0.8293
Std Test Accurancy: 0.1376
Std Test AUC: 0.0960
ASR : 0.7915008897682276
attack_auc : 0.9583648963073009
------------------------- time cost ------------------------- 12.987678527832031

-------------Round number: 547-------------

Evaluate global model
Averaged Train Loss: 0.5579
Averaged Test Accurancy: 0.4864
Averaged Test AUC: 0.8309
Std Test Accurancy: 0.1375
Std Test AUC: 0.0961
ASR : 0.7373702594808642
attack_auc : 0.9454252119101404
------------------------- time cost ------------------------- 12.830736637115479

-------------Round number: 548-------------

Evaluate global model
Averaged Train Loss: 0.5606
Averaged Test Accurancy: 0.4924
Averaged Test AUC: 0.8328
Std Test Accurancy: 0.1295
Std Test AUC: 0.0977
ASR : 0.8169687979470817
attack_auc : 0.9651674864956122
------------------------- time cost ------------------------- 12.244917392730713

-------------Round number: 549-------------

Evaluate global model
Averaged Train Loss: 0.5205
Averaged Test Accurancy: 0.5101
Averaged Test AUC: 0.8355
Std Test Accurancy: 0.1353
Std Test AUC: 0.0944
ASR : 0.8225346712710595
attack_auc : 0.9671439660126109
------------------------- time cost ------------------------- 12.96047306060791

-------------Round number: 550-------------

Evaluate global model
Averaged Train Loss: 0.5901
Averaged Test Accurancy: 0.4773
Averaged Test AUC: 0.8323
Std Test Accurancy: 0.1351
Std Test AUC: 0.0943
ASR : 0.8138360029268638
attack_auc : 0.9642344688553163
------------------------- time cost ------------------------- 12.819213628768921

-------------Round number: 551-------------

Evaluate global model
Averaged Train Loss: 0.5705
Averaged Test Accurancy: 0.4998
Averaged Test AUC: 0.8338
Std Test Accurancy: 0.1429
Std Test AUC: 0.1006
ASR : 0.7538034707765384
attack_auc : 0.9512736166713681
------------------------- time cost ------------------------- 12.260718822479248

-------------Round number: 552-------------

Evaluate global model
Averaged Train Loss: 0.4962
Averaged Test Accurancy: 0.5009
Averaged Test AUC: 0.8355
Std Test Accurancy: 0.1356
Std Test AUC: 0.0904
ASR : 0.7630021965440289
attack_auc : 0.950941141452483
------------------------- time cost ------------------------- 13.00314998626709

-------------Round number: 553-------------

Evaluate global model
Averaged Train Loss: 0.6521
Averaged Test Accurancy: 0.4704
Averaged Test AUC: 0.8226
Std Test Accurancy: 0.1391
Std Test AUC: 0.0868
ASR : 0.726502048147809
attack_auc : 0.9390551914158465
------------------------- time cost ------------------------- 13.248663187026978

-------------Round number: 554-------------

Evaluate global model
Averaged Train Loss: 0.5402
Averaged Test Accurancy: 0.4914
Averaged Test AUC: 0.8279
Std Test Accurancy: 0.1379
Std Test AUC: 0.0912
ASR : 0.7621168997665602
attack_auc : 0.9472549153594582
------------------------- time cost ------------------------- 12.024507761001587

-------------Round number: 555-------------

Evaluate global model
Averaged Train Loss: 0.5237
Averaged Test Accurancy: 0.5067
Averaged Test AUC: 0.8331
Std Test Accurancy: 0.1322
Std Test AUC: 0.0954
ASR : 0.7935409590540065
attack_auc : 0.9557902918092629
------------------------- time cost ------------------------- 12.535704851150513

-------------Round number: 556-------------

Evaluate global model
Averaged Train Loss: 0.5347
Averaged Test Accurancy: 0.5086
Averaged Test AUC: 0.8335
Std Test Accurancy: 0.1323
Std Test AUC: 0.0978
ASR : 0.8165361586001678
attack_auc : 0.9635764173922409
------------------------- time cost ------------------------- 13.108781576156616

-------------Round number: 557-------------

Evaluate global model
Averaged Train Loss: 0.5983
Averaged Test Accurancy: 0.5029
Averaged Test AUC: 0.8282
Std Test Accurancy: 0.1292
Std Test AUC: 0.0991
ASR : 0.8144071868428975
attack_auc : 0.9618652109830532
------------------------- time cost ------------------------- 12.09778118133545

-------------Round number: 558-------------

Evaluate global model
Averaged Train Loss: 0.5502
Averaged Test Accurancy: 0.5082
Averaged Test AUC: 0.8323
Std Test Accurancy: 0.1303
Std Test AUC: 0.0981
ASR : 0.7876182268456184
attack_auc : 0.9554918547927254
------------------------- time cost ------------------------- 12.497710704803467

-------------Round number: 559-------------

Evaluate global model
Averaged Train Loss: 0.6227
Averaged Test Accurancy: 0.5019
Averaged Test AUC: 0.8296
Std Test Accurancy: 0.1363
Std Test AUC: 0.1009
ASR : 0.7278493083481749
attack_auc : 0.9382718410456697
------------------------- time cost ------------------------- 13.2998948097229

-------------Round number: 560-------------

Evaluate global model
Averaged Train Loss: 0.5318
Averaged Test Accurancy: 0.5010
Averaged Test AUC: 0.8343
Std Test Accurancy: 0.1262
Std Test AUC: 0.0867
ASR : 0.8045523572806189
attack_auc : 0.9577091841231764
------------------------- time cost ------------------------- 12.646645784378052

-------------Round number: 561-------------

Evaluate global model
Averaged Train Loss: 0.5210
Averaged Test Accurancy: 0.5058
Averaged Test AUC: 0.8363
Std Test Accurancy: 0.1331
Std Test AUC: 0.0986
ASR : 0.7606354293587942
attack_auc : 0.947621893196404
------------------------- time cost ------------------------- 12.387080907821655

-------------Round number: 562-------------

Evaluate global model
Averaged Train Loss: 0.4983
Averaged Test Accurancy: 0.5168
Averaged Test AUC: 0.8374
Std Test Accurancy: 0.1352
Std Test AUC: 0.0951
ASR : 0.7758088985125223
attack_auc : 0.9518115194233076
------------------------- time cost ------------------------- 12.985494136810303

-------------Round number: 563-------------

Evaluate global model
Averaged Train Loss: 0.4896
Averaged Test Accurancy: 0.5102
Averaged Test AUC: 0.8375
Std Test Accurancy: 0.1272
Std Test AUC: 0.0918
ASR : 0.8256163425890127
attack_auc : 0.9643823611298945
------------------------- time cost ------------------------- 12.737051486968994

-------------Round number: 564-------------

Evaluate global model
Averaged Train Loss: 0.4910
Averaged Test Accurancy: 0.5061
Averaged Test AUC: 0.8370
Std Test Accurancy: 0.1281
Std Test AUC: 0.0912
ASR : 0.8093812202627597
attack_auc : 0.9615138268372678
------------------------- time cost ------------------------- 12.633824586868286

-------------Round number: 565-------------

Evaluate global model
Averaged Train Loss: 0.5262
Averaged Test Accurancy: 0.5069
Averaged Test AUC: 0.8331
Std Test Accurancy: 0.1395
Std Test AUC: 0.0955
ASR : 0.8115014257093007
attack_auc : 0.9614740655921602
------------------------- time cost ------------------------- 12.86771535873413

-------------Round number: 566-------------

Evaluate global model
Averaged Train Loss: 0.5353
Averaged Test Accurancy: 0.5112
Averaged Test AUC: 0.8358
Std Test Accurancy: 0.1433
Std Test AUC: 0.0977
ASR : 0.7473249957686
attack_auc : 0.9487168085248993
------------------------- time cost ------------------------- 12.99295711517334

-------------Round number: 567-------------

Evaluate global model
Averaged Train Loss: 0.5359
Averaged Test Accurancy: 0.5128
Averaged Test AUC: 0.8382
Std Test Accurancy: 0.1291
Std Test AUC: 0.0925
ASR : 0.7870698498180881
attack_auc : 0.9557076263023313
------------------------- time cost ------------------------- 12.41483211517334

-------------Round number: 568-------------

Evaluate global model
Averaged Train Loss: 0.5266
Averaged Test Accurancy: 0.5075
Averaged Test AUC: 0.8321
Std Test Accurancy: 0.1354
Std Test AUC: 0.1013
ASR : 0.8026093254939125
attack_auc : 0.9604671384889567
------------------------- time cost ------------------------- 12.503181219100952

-------------Round number: 569-------------

Evaluate global model
Averaged Train Loss: 0.6206
Averaged Test Accurancy: 0.4951
Averaged Test AUC: 0.8300
Std Test Accurancy: 0.1342
Std Test AUC: 0.0916
ASR : 0.8559552993460146
attack_auc : 0.9740978345391944
------------------------- time cost ------------------------- 12.974740743637085

-------------Round number: 570-------------

Evaluate global model
Averaged Train Loss: 0.5178
Averaged Test Accurancy: 0.5056
Averaged Test AUC: 0.8347
Std Test Accurancy: 0.1320
Std Test AUC: 0.0911
ASR : 0.8297258489904784
attack_auc : 0.9670034947979622
------------------------- time cost ------------------------- 11.827453851699829

-------------Round number: 571-------------

Evaluate global model
Averaged Train Loss: 0.5686
Averaged Test Accurancy: 0.5071
Averaged Test AUC: 0.8325
Std Test Accurancy: 0.1386
Std Test AUC: 0.0969
ASR : 0.8379623645253961
attack_auc : 0.9704599510492263
------------------------- time cost ------------------------- 12.563021183013916

-------------Round number: 572-------------

Evaluate global model
Averaged Train Loss: 0.6042
Averaged Test Accurancy: 0.5059
Averaged Test AUC: 0.8341
Std Test Accurancy: 0.1335
Std Test AUC: 0.0946
ASR : 0.8045796040621289
attack_auc : 0.9642336176116675
------------------------- time cost ------------------------- 13.041346788406372

-------------Round number: 573-------------

Evaluate global model
Averaged Train Loss: 0.6258
Averaged Test Accurancy: 0.5002
Averaged Test AUC: 0.8338
Std Test Accurancy: 0.1315
Std Test AUC: 0.0950
ASR : 0.7912681902480865
attack_auc : 0.9583875714431656
------------------------- time cost ------------------------- 12.124438285827637

-------------Round number: 574-------------

Evaluate global model
Averaged Train Loss: 0.5764
Averaged Test Accurancy: 0.5078
Averaged Test AUC: 0.8373
Std Test Accurancy: 0.1332
Std Test AUC: 0.0963
ASR : 0.723768156620674
attack_auc : 0.9388022803187753
------------------------- time cost ------------------------- 11.979471921920776

-------------Round number: 575-------------

Evaluate global model
Averaged Train Loss: 0.5791
Averaged Test Accurancy: 0.5012
Averaged Test AUC: 0.8368
Std Test Accurancy: 0.1298
Std Test AUC: 0.0967
ASR : 0.7384310777448682
attack_auc : 0.9441560898007779
------------------------- time cost ------------------------- 10.680331468582153

-------------Round number: 576-------------

Evaluate global model
Averaged Train Loss: 0.5556
Averaged Test Accurancy: 0.5101
Averaged Test AUC: 0.8372
Std Test Accurancy: 0.1302
Std Test AUC: 0.0925
ASR : 0.7554201168560136
attack_auc : 0.9508592395275524
------------------------- time cost ------------------------- 10.497933149337769

-------------Round number: 577-------------

Evaluate global model
Averaged Train Loss: 0.6021
Averaged Test Accurancy: 0.5017
Averaged Test AUC: 0.8312
Std Test Accurancy: 0.1383
Std Test AUC: 0.0943
ASR : 0.7938381107318522
attack_auc : 0.9638274318477147
------------------------- time cost ------------------------- 10.68198823928833

-------------Round number: 578-------------

Evaluate global model
Averaged Train Loss: 0.6183
Averaged Test Accurancy: 0.5086
Averaged Test AUC: 0.8319
Std Test Accurancy: 0.1405
Std Test AUC: 0.0998
ASR : 0.717095518910049
attack_auc : 0.9418872411659663
------------------------- time cost ------------------------- 10.683974027633667

-------------Round number: 579-------------

Evaluate global model
Averaged Train Loss: 0.4956
Averaged Test Accurancy: 0.5139
Averaged Test AUC: 0.8374
Std Test Accurancy: 0.1392
Std Test AUC: 0.1003
ASR : 0.7076704666294422
attack_auc : 0.9366759828530167
------------------------- time cost ------------------------- 10.450680255889893

-------------Round number: 580-------------

Evaluate global model
Averaged Train Loss: 0.5321
Averaged Test Accurancy: 0.5040
Averaged Test AUC: 0.8364
Std Test Accurancy: 0.1381
Std Test AUC: 0.1009
ASR : 0.6978347484966455
attack_auc : 0.9350604354138301
------------------------- time cost ------------------------- 10.420312881469727

-------------Round number: 581-------------

Evaluate global model
Averaged Train Loss: 0.4862
Averaged Test Accurancy: 0.5152
Averaged Test AUC: 0.8386
Std Test Accurancy: 0.1400
Std Test AUC: 0.0976
ASR : 0.7205691367692951
attack_auc : 0.9403669079312853
------------------------- time cost ------------------------- 10.662284135818481

-------------Round number: 582-------------

Evaluate global model
Averaged Train Loss: 0.5775
Averaged Test Accurancy: 0.5110
Averaged Test AUC: 0.8361
Std Test Accurancy: 0.1356
Std Test AUC: 0.0946
ASR : 0.7272866875840651
attack_auc : 0.9431134929141071
------------------------- time cost ------------------------- 10.543035507202148

-------------Round number: 583-------------

Evaluate global model
Averaged Train Loss: 0.5319
Averaged Test Accurancy: 0.5085
Averaged Test AUC: 0.8365
Std Test Accurancy: 0.1357
Std Test AUC: 0.0905
ASR : 0.7637049929744658
attack_auc : 0.9541202199872619
------------------------- time cost ------------------------- 10.717005968093872

-------------Round number: 584-------------

Evaluate global model
Averaged Train Loss: 0.4408
Averaged Test Accurancy: 0.5096
Averaged Test AUC: 0.8377
Std Test Accurancy: 0.1342
Std Test AUC: 0.0923
ASR : 0.7910502051951716
attack_auc : 0.9602943798874674
------------------------- time cost ------------------------- 10.495201349258423

-------------Round number: 585-------------

Evaluate global model
Averaged Train Loss: 0.4585
Averaged Test Accurancy: 0.5120
Averaged Test AUC: 0.8376
Std Test Accurancy: 0.1381
Std Test AUC: 0.0901
ASR : 0.7354476709444435
attack_auc : 0.9448228359185042
------------------------- time cost ------------------------- 10.549272298812866

-------------Round number: 586-------------

Evaluate global model
Averaged Train Loss: 0.4368
Averaged Test Accurancy: 0.5138
Averaged Test AUC: 0.8417
Std Test Accurancy: 0.1347
Std Test AUC: 0.0869
ASR : 0.7385869915422144
attack_auc : 0.948549878534863
------------------------- time cost ------------------------- 10.525084018707275

-------------Round number: 587-------------

Evaluate global model
Averaged Train Loss: 0.4759
Averaged Test Accurancy: 0.5061
Averaged Test AUC: 0.8399
Std Test Accurancy: 0.1354
Std Test AUC: 0.0919
ASR : 0.7846829283920711
attack_auc : 0.9594671878260571
------------------------- time cost ------------------------- 10.511696100234985

-------------Round number: 588-------------

Evaluate global model
Averaged Train Loss: 0.4583
Averaged Test Accurancy: 0.5187
Averaged Test AUC: 0.8411
Std Test Accurancy: 0.1354
Std Test AUC: 0.0884
ASR : 0.7800768950735125
attack_auc : 0.9568523824694929
------------------------- time cost ------------------------- 10.170682668685913

-------------Round number: 589-------------

Evaluate global model
Averaged Train Loss: 0.5032
Averaged Test Accurancy: 0.5207
Averaged Test AUC: 0.8405
Std Test Accurancy: 0.1379
Std Test AUC: 0.0920
ASR : 0.75271326418787
attack_auc : 0.9508591460950582
------------------------- time cost ------------------------- 10.363424301147461

-------------Round number: 590-------------

Evaluate global model
Averaged Train Loss: 0.4835
Averaged Test Accurancy: 0.5210
Averaged Test AUC: 0.8431
Std Test Accurancy: 0.1304
Std Test AUC: 0.0911
ASR : 0.7878238450300555
attack_auc : 0.9585109142700168
------------------------- time cost ------------------------- 10.44583797454834

-------------Round number: 591-------------

Evaluate global model
Averaged Train Loss: 0.4885
Averaged Test Accurancy: 0.5198
Averaged Test AUC: 0.8434
Std Test Accurancy: 0.1307
Std Test AUC: 0.0896
ASR : 0.7961829882840102
attack_auc : 0.9616236473123915
------------------------- time cost ------------------------- 10.61602520942688

-------------Round number: 592-------------

Evaluate global model
Averaged Train Loss: 0.4371
Averaged Test Accurancy: 0.5196
Averaged Test AUC: 0.8443
Std Test Accurancy: 0.1324
Std Test AUC: 0.0856
ASR : 0.7386447499376091
attack_auc : 0.9439996916091248
------------------------- time cost ------------------------- 10.471304178237915

-------------Round number: 593-------------

Evaluate global model
Averaged Train Loss: 0.6766
Averaged Test Accurancy: 0.4936
Averaged Test AUC: 0.8372
Std Test Accurancy: 0.1347
Std Test AUC: 0.0849
ASR : 0.7393167845839392
attack_auc : 0.947185596570211
------------------------- time cost ------------------------- 10.338689088821411

-------------Round number: 594-------------

Evaluate global model
Averaged Train Loss: 0.5012
Averaged Test Accurancy: 0.5169
Averaged Test AUC: 0.8422
Std Test Accurancy: 0.1360
Std Test AUC: 0.0899
ASR : 0.746368074838893
attack_auc : 0.9477249370124372
------------------------- time cost ------------------------- 10.395480394363403

-------------Round number: 595-------------

Evaluate global model
Averaged Train Loss: 0.5048
Averaged Test Accurancy: 0.5172
Averaged Test AUC: 0.8420
Std Test Accurancy: 0.1334
Std Test AUC: 0.0944
ASR : 0.7547857162073871
attack_auc : 0.9486159694187385
------------------------- time cost ------------------------- 10.310363531112671

-------------Round number: 596-------------

Evaluate global model
Averaged Train Loss: 0.4943
Averaged Test Accurancy: 0.5244
Averaged Test AUC: 0.8427
Std Test Accurancy: 0.1375
Std Test AUC: 0.0951
ASR : 0.7611132999653023
attack_auc : 0.9548034960847858
------------------------- time cost ------------------------- 10.610129117965698

-------------Round number: 597-------------

Evaluate global model
Averaged Train Loss: 0.4853
Averaged Test Accurancy: 0.5223
Averaged Test AUC: 0.8437
Std Test Accurancy: 0.1289
Std Test AUC: 0.0964
ASR : 0.8133882239295361
attack_auc : 0.965013238564595
------------------------- time cost ------------------------- 10.382363557815552

-------------Round number: 598-------------

Evaluate global model
Averaged Train Loss: 0.4735
Averaged Test Accurancy: 0.5267
Averaged Test AUC: 0.8452
Std Test Accurancy: 0.1368
Std Test AUC: 0.0941
ASR : 0.7536449701237137
attack_auc : 0.9501101361399914
------------------------- time cost ------------------------- 10.395696878433228

-------------Round number: 599-------------

Evaluate global model
Averaged Train Loss: 0.5070
Averaged Test Accurancy: 0.5102
Averaged Test AUC: 0.8431
Std Test Accurancy: 0.1348
Std Test AUC: 0.0947
ASR : 0.7165501527763648
attack_auc : 0.9417375847527579
------------------------- time cost ------------------------- 10.52665400505066

-------------Round number: 600-------------

Evaluate global model
Averaged Train Loss: 0.4682
Averaged Test Accurancy: 0.5252
Averaged Test AUC: 0.8448
Std Test Accurancy: 0.1294
Std Test AUC: 0.0918
ASR : 0.7111969261634332
attack_auc : 0.9364697194889666
------------------------- time cost ------------------------- 10.38639211654663

Best accuracy.
0.5267397442285334

Average time cost per round.
12.508610079685846
File path: ./results/Cifar10_dir0.5_bdoor0.2_nclient_100_blend_adv10_FedAvg_s3_avg_blend_0.h5

Average time cost: 7522.47s.
Length:  601
std for best accurancy: 0.0
mean for best accurancy: 0.5267397442285334
All done!
