==================================================
goal = B09
device = cuda
join_ratio = 0.1
device_id = 0
dataset = Cifar10_dir0.5_bdoor0.2_nclient_100_badnet_adv10
num_classes = 10
model = ResNet18
batch_size = 64
local_learning_rate = 0.1
learning_rate_decay = False
learning_rate_decay_gamma = 0.99
global_rounds = 300
top_cnt = 100
local_epochs = 1
algorithm = FedCLCM
num_clients = 100
eval_gap = 10
save_folder_name = items
auto_break = False
batch_num_per_client = 2
feature_dim = 512
vocab_size = 32000
max_len = 200
client_drop_rate = 0.0
time_select = False
time_threthold = 10000
send_slow_rate = 0.0
beta = 0.0
lamda = 1.0
mu = 0.0
K = 5
p_learning_rate = 0.01
M = 5
itk = 4000
alphaK = 1.0
sigma = 1.0
alpha = 1.0
plocal_epochs = 1
lr_head = 0.1
tau = 1.0
fine_tuning_epochs = 10
dr_learning_rate = 0.0
L = 1.0
noise_dim = 512
generator_learning_rate = 0.005
hidden_dim = 512
server_epochs = 1000
localize_feature_extractor = False
server_learning_rate = 1.0
eta = 1.0
rand_percent = 80
layer_idx = 2
mentee_learning_rate = 0.005
T_start = 0.95
T_end = 0.98
momentum = 0.1
kl_weight = 0.0
disti_epochs = 1
protect_id = 1
adv_eps = 0.0
adv_num_iter = 0
defense_epochs = 1
clean_data = 5000
sdmk_m = 7
sdmk_k = 5
delta = 0.5
sim_threshold = 0.7
rt_beta = 0.2
num_adv_clients = 10
lambda_cl = 0.2
aug_strength = 0.1
mask_tau = 12.0
mask_alpha = 0.7
enable_channel_mask = True
cosine_gate = True
cosine_gate_threshold = 0.3
cosine_gate_alpha = 0.5
trim_high_layers = 
trim_beta_high = None
trim_beta_low = None
attack = none
ba_target_label = 0
ba_poison_rate = 0.2
ba_trigger_gen_steps = 30
ba_trigger_gen_lr = 0.01
ba_pgd_eps = 0.0314
ba_trigger_scale = 8.0
pfedba_target_label = 0
pfedba_poison_rate = 0.5
pfedba_poison_count = -1
pfedba_poison_before_start = False
pfedba_attack_start = 30
pfedba_trigger_opt_steps = 15
pfedba_trigger_lr = 0.1
pfedba_init_value = 0.5
pfedba_patch_size = 8
pfedba_patch_position = center
pfedba_img_c = 3
pfedba_img_h = 32
pfedba_img_w = 32
pfedba_align_grad_weight = 1.0
pfedba_align_loss_weight = 1.0
pfedba_attack_loss_weight = 1.0
pfedba_opt_samples_per_class = 100
pfedba_opt_batch_size = 64
pfedba_opt_max_batches_per_client = 20
logit_analysis = False
logit_reject_thresholds = 0.5,0.6,0.7,0.8
logit_entropy_thresholds = 1.0,1.5,2.0
logit_margin_thresholds = 0.1,0.2,0.3
==================================================

============= Running time: 0th =============
Creating server and clients ...
ResNet(
  (conv1): Conv2d(3, 64, kernel_size=(3, 3), stride=(1, 1), padding=(1, 1), bias=False)
  (bn1): BatchNorm2d(64, eps=1e-05, momentum=0.1, affine=True, track_running_stats=True)
  (relu): ReLU(inplace=True)
  (layer1): Sequential(
    (0): BasicBlock(
      (conv1): Conv2d(64, 64, kernel_size=(3, 3), stride=(1, 1), padding=(1, 1), bias=False)
      (bn1): BatchNorm2d(64, eps=1e-05, momentum=0.1, affine=True, track_running_stats=True)
      (relu): ReLU(inplace=True)
      (conv2): Conv2d(64, 64, kernel_size=(3, 3), stride=(1, 1), padding=(1, 1), bias=False)
      (bn2): BatchNorm2d(64, eps=1e-05, momentum=0.1, affine=True, track_running_stats=True)
    )
    (1): BasicBlock(
      (conv1): Conv2d(64, 64, kernel_size=(3, 3), stride=(1, 1), padding=(1, 1), bias=False)
      (bn1): BatchNorm2d(64, eps=1e-05, momentum=0.1, affine=True, track_running_stats=True)
      (relu): ReLU(inplace=True)
      (conv2): Conv2d(64, 64, kernel_size=(3, 3), stride=(1, 1), padding=(1, 1), bias=False)
      (bn2): BatchNorm2d(64, eps=1e-05, momentum=0.1, affine=True, track_running_stats=True)
    )
  )
  (layer2): Sequential(
    (0): BasicBlock(
      (conv1): Conv2d(64, 128, kernel_size=(3, 3), stride=(2, 2), padding=(1, 1), bias=False)
      (bn1): BatchNorm2d(128, eps=1e-05, momentum=0.1, affine=True, track_running_stats=True)
      (relu): ReLU(inplace=True)
      (conv2): Conv2d(128, 128, kernel_size=(3, 3), stride=(1, 1), padding=(1, 1), bias=False)
      (bn2): BatchNorm2d(128, eps=1e-05, momentum=0.1, affine=True, track_running_stats=True)
      (downsample): Sequential(
        (0): Conv2d(64, 128, kernel_size=(1, 1), stride=(2, 2), bias=False)
        (1): BatchNorm2d(128, eps=1e-05, momentum=0.1, affine=True, track_running_stats=True)
      )
    )
    (1): BasicBlock(
      (conv1): Conv2d(128, 128, kernel_size=(3, 3), stride=(1, 1), padding=(1, 1), bias=False)
      (bn1): BatchNorm2d(128, eps=1e-05, momentum=0.1, affine=True, track_running_stats=True)
      (relu): ReLU(inplace=True)
      (conv2): Conv2d(128, 128, kernel_size=(3, 3), stride=(1, 1), padding=(1, 1), bias=False)
      (bn2): BatchNorm2d(128, eps=1e-05, momentum=0.1, affine=True, track_running_stats=True)
    )
  )
  (layer3): Sequential(
    (0): BasicBlock(
      (conv1): Conv2d(128, 256, kernel_size=(3, 3), stride=(2, 2), padding=(1, 1), bias=False)
      (bn1): BatchNorm2d(256, eps=1e-05, momentum=0.1, affine=True, track_running_stats=True)
      (relu): ReLU(inplace=True)
      (conv2): Conv2d(256, 256, kernel_size=(3, 3), stride=(1, 1), padding=(1, 1), bias=False)
      (bn2): BatchNorm2d(256, eps=1e-05, momentum=0.1, affine=True, track_running_stats=True)
      (downsample): Sequential(
        (0): Conv2d(128, 256, kernel_size=(1, 1), stride=(2, 2), bias=False)
        (1): BatchNorm2d(256, eps=1e-05, momentum=0.1, affine=True, track_running_stats=True)
      )
    )
    (1): BasicBlock(
      (conv1): Conv2d(256, 256, kernel_size=(3, 3), stride=(1, 1), padding=(1, 1), bias=False)
      (bn1): BatchNorm2d(256, eps=1e-05, momentum=0.1, affine=True, track_running_stats=True)
      (relu): ReLU(inplace=True)
      (conv2): Conv2d(256, 256, kernel_size=(3, 3), stride=(1, 1), padding=(1, 1), bias=False)
      (bn2): BatchNorm2d(256, eps=1e-05, momentum=0.1, affine=True, track_running_stats=True)
    )
  )
  (layer4): Sequential(
    (0): BasicBlock(
      (conv1): Conv2d(256, 512, kernel_size=(3, 3), stride=(2, 2), padding=(1, 1), bias=False)
      (bn1): BatchNorm2d(512, eps=1e-05, momentum=0.1, affine=True, track_running_stats=True)
      (relu): ReLU(inplace=True)
      (conv2): Conv2d(512, 512, kernel_size=(3, 3), stride=(1, 1), padding=(1, 1), bias=False)
      (bn2): BatchNorm2d(512, eps=1e-05, momentum=0.1, affine=True, track_running_stats=True)
      (downsample): Sequential(
        (0): Conv2d(256, 512, kernel_size=(1, 1), stride=(2, 2), bias=False)
        (1): BatchNorm2d(512, eps=1e-05, momentum=0.1, affine=True, track_running_stats=True)
      )
    )
    (1): BasicBlock(
      (conv1): Conv2d(512, 512, kernel_size=(3, 3), stride=(1, 1), padding=(1, 1), bias=False)
      (bn1): BatchNorm2d(512, eps=1e-05, momentum=0.1, affine=True, track_running_stats=True)
      (relu): ReLU(inplace=True)
      (conv2): Conv2d(512, 512, kernel_size=(3, 3), stride=(1, 1), padding=(1, 1), bias=False)
      (bn2): BatchNorm2d(512, eps=1e-05, momentum=0.1, affine=True, track_running_stats=True)
    )
  )
  (avgpool): AdaptiveAvgPool2d(output_size=(1, 1))
  (fc): Linear(in_features=512, out_features=10, bias=True)
)

Join ratio / total clients: 0.1 / 100
Finished creating server and clients.

-------------Round number: 0-------------

Evaluate personalized models
Averaged Train Loss: 2.4217
Averaged Test Accurancy: 0.1065
Averaged Test AUC: 0.5006
Std Test Accurancy: 0.1360
Std Test AUC: 0.1313
ASR: 0.0006613756613756613
attack_auc: 0.7224986399096884
------------------------- time cost ------------------------- 8.340327978134155
ASR: 0.8116724012094673
attack_auc: 0.8831424403390534
Layer conv1.weight: 4/64 channels masked
Layer layer1.0.conv1.weight: 2/64 channels masked
Layer layer2.0.downsample.0.weight: 2/128 channels masked
Layer layer4.0.downsample.0.weight: 3/512 channels masked
------------------------- time cost ------------------------- 3.537332773208618
ASR: 0.737385242778028
attack_auc: 0.8468134702906149
Layer conv1.weight: 5/64 channels masked
Layer layer1.0.conv1.weight: 2/64 channels masked
Layer layer1.0.conv2.weight: 1/64 channels masked
Layer layer2.0.downsample.0.weight: 2/128 channels masked
Layer layer4.0.downsample.0.weight: 10/512 channels masked
------------------------- time cost ------------------------- 3.3731560707092285
ASR: 0.6920453848542014
attack_auc: 0.8216375298139396
Layer conv1.weight: 5/64 channels masked
Layer layer1.0.conv1.weight: 2/64 channels masked
Layer layer1.0.conv2.weight: 1/64 channels masked
Layer layer2.0.downsample.0.weight: 2/128 channels masked
Layer layer3.0.conv1.weight: 1/256 channels masked
Layer layer4.0.conv2.weight: 1/512 channels masked
Layer layer4.0.downsample.0.weight: 12/512 channels masked
------------------------- time cost ------------------------- 3.1395742893218994
ASR: 0.02532280267212804
attack_auc: 0.7343337116487728
Layer conv1.weight: 5/64 channels masked
Layer layer1.0.conv1.weight: 1/64 channels masked
Layer layer1.0.conv2.weight: 1/64 channels masked
Layer layer2.0.downsample.0.weight: 2/128 channels masked
Layer layer3.0.downsample.0.weight: 1/256 channels masked
Layer layer4.0.conv2.weight: 1/512 channels masked
Layer layer4.0.downsample.0.weight: 11/512 channels masked
Layer layer4.1.conv2.weight: 1/512 channels masked
------------------------- time cost ------------------------- 3.7604172229766846
ASR: 0.027889288402484884
attack_auc: 0.6952066514107409
Layer conv1.weight: 5/64 channels masked
Layer layer1.0.conv1.weight: 1/64 channels masked
Layer layer1.0.conv2.weight: 1/64 channels masked
Layer layer2.0.downsample.0.weight: 2/128 channels masked
Layer layer4.0.conv2.weight: 1/512 channels masked
Layer layer4.0.downsample.0.weight: 16/512 channels masked
------------------------- time cost ------------------------- 3.321288824081421
ASR: 0.029325372091933817
attack_auc: 0.6540993104614244
Layer conv1.weight: 5/64 channels masked
Layer layer1.0.conv1.weight: 1/64 channels masked
Layer layer1.0.conv2.weight: 1/64 channels masked
Layer layer2.0.downsample.0.weight: 2/128 channels masked
Layer layer4.0.conv2.weight: 1/512 channels masked
Layer layer4.0.downsample.0.weight: 16/512 channels masked
------------------------- time cost ------------------------- 3.371314764022827
ASR: 0.02773680255264078
attack_auc: 0.6124891408461185
Layer conv1.weight: 5/64 channels masked
Layer layer1.0.conv1.weight: 1/64 channels masked
Layer layer1.0.conv2.weight: 1/64 channels masked
Layer layer2.0.downsample.0.weight: 2/128 channels masked
Layer layer3.0.conv1.weight: 1/256 channels masked
Layer layer4.0.conv2.weight: 1/512 channels masked
Layer layer4.0.downsample.0.weight: 21/512 channels masked
------------------------- time cost ------------------------- 3.7511847019195557
ASR: 0.02748494956961417
attack_auc: 0.603400768964528
Layer conv1.weight: 7/64 channels masked
Layer layer1.0.conv1.weight: 1/64 channels masked
Layer layer1.0.conv2.weight: 1/64 channels masked
Layer layer2.0.downsample.0.weight: 2/128 channels masked
Layer layer3.0.conv1.weight: 1/256 channels masked
Layer layer4.0.conv2.weight: 1/512 channels masked
Layer layer4.0.downsample.0.weight: 23/512 channels masked
------------------------- time cost ------------------------- 3.213750123977661
ASR: 0.02873647788753606
attack_auc: 0.5879334760229803
Layer conv1.weight: 6/64 channels masked
Layer layer1.0.conv1.weight: 1/64 channels masked
Layer layer1.0.conv2.weight: 1/64 channels masked
Layer layer2.0.downsample.0.weight: 2/128 channels masked
Layer layer3.0.conv1.weight: 1/256 channels masked
Layer layer4.0.conv2.weight: 1/512 channels masked
Layer layer4.0.downsample.0.weight: 27/512 channels masked
------------------------- time cost ------------------------- 3.8800578117370605

-------------Round number: 10-------------

Evaluate personalized models
Averaged Train Loss: 6.2516
Averaged Test Accurancy: 0.3171
Averaged Test AUC: 0.7286
Std Test Accurancy: 0.2191
Std Test AUC: 0.1697
ASR: 0.033085204864747524
attack_auc: 0.5989255556543965
Layer conv1.weight: 6/64 channels masked
Layer layer1.0.conv1.weight: 1/64 channels masked
Layer layer1.0.conv2.weight: 1/64 channels masked
Layer layer2.0.downsample.0.weight: 2/128 channels masked
Layer layer3.0.conv1.weight: 1/256 channels masked
Layer layer3.0.downsample.0.weight: 1/256 channels masked
Layer layer4.0.conv2.weight: 5/512 channels masked
Layer layer4.0.downsample.0.weight: 28/512 channels masked
------------------------- time cost ------------------------- 8.1945641040802
ASR: 0.03439545232354134
attack_auc: 0.5649879229329156
Layer conv1.weight: 6/64 channels masked
Layer layer1.0.conv1.weight: 1/64 channels masked
Layer layer1.0.conv2.weight: 1/64 channels masked
Layer layer2.0.downsample.0.weight: 2/128 channels masked
Layer layer3.0.conv1.weight: 1/256 channels masked
Layer layer3.0.downsample.0.weight: 1/256 channels masked
Layer layer4.0.conv2.weight: 3/512 channels masked
Layer layer4.0.downsample.0.weight: 26/512 channels masked
------------------------- time cost ------------------------- 3.630354881286621
ASR: 0.04241680094270194
attack_auc: 0.5711610973481928
Layer conv1.weight: 6/64 channels masked
Layer layer1.0.conv2.weight: 1/64 channels masked
Layer layer2.0.downsample.0.weight: 2/128 channels masked
Layer layer3.0.conv1.weight: 1/256 channels masked
Layer layer3.0.downsample.0.weight: 1/256 channels masked
Layer layer4.0.conv2.weight: 3/512 channels masked
Layer layer4.0.downsample.0.weight: 26/512 channels masked
------------------------- time cost ------------------------- 3.2791881561279297
ASR: 0.040499513841143094
attack_auc: 0.5499531597290395
Layer conv1.weight: 5/64 channels masked
Layer layer1.0.conv2.weight: 1/64 channels masked
Layer layer2.0.downsample.0.weight: 2/128 channels masked
Layer layer3.0.conv1.weight: 1/256 channels masked
Layer layer3.0.downsample.0.weight: 1/256 channels masked
Layer layer4.0.conv2.weight: 6/512 channels masked
Layer layer4.0.downsample.0.weight: 33/512 channels masked
------------------------- time cost ------------------------- 3.4020016193389893
ASR: 0.03562918600386153
attack_auc: 0.5357562148186514
Layer conv1.weight: 3/64 channels masked
Layer layer1.0.conv2.weight: 1/64 channels masked
Layer layer2.0.downsample.0.weight: 2/128 channels masked
Layer layer3.0.conv1.weight: 1/256 channels masked
Layer layer3.0.downsample.0.weight: 1/256 channels masked
Layer layer4.0.conv1.weight: 1/512 channels masked
Layer layer4.0.conv2.weight: 5/512 channels masked
Layer layer4.0.downsample.0.weight: 31/512 channels masked
------------------------- time cost ------------------------- 3.8147807121276855
ASR: 0.041762936887170636
attack_auc: 0.5523979091201145
Layer conv1.weight: 3/64 channels masked
Layer layer1.0.conv2.weight: 1/64 channels masked
Layer layer2.0.downsample.0.weight: 2/128 channels masked
Layer layer3.0.conv1.weight: 1/256 channels masked
Layer layer3.0.downsample.0.weight: 1/256 channels masked
Layer layer4.0.conv2.weight: 5/512 channels masked
Layer layer4.0.downsample.0.weight: 37/512 channels masked
------------------------- time cost ------------------------- 3.42218279838562
ASR: 0.04250323962029598
attack_auc: 0.541103509874637
Layer conv1.weight: 2/64 channels masked
Layer layer1.0.conv2.weight: 1/64 channels masked
Layer layer2.0.downsample.0.weight: 2/128 channels masked
Layer layer3.0.conv1.weight: 1/256 channels masked
Layer layer3.0.downsample.0.weight: 1/256 channels masked
Layer layer4.0.conv2.weight: 8/512 channels masked
Layer layer4.0.downsample.0.weight: 41/512 channels masked
------------------------- time cost ------------------------- 3.6317813396453857
ASR: 0.05274182768665865
attack_auc: 0.5393003653031447
Layer conv1.weight: 3/64 channels masked
Layer layer1.0.conv2.weight: 1/64 channels masked
Layer layer2.0.downsample.0.weight: 2/128 channels masked
Layer layer3.0.conv1.weight: 1/256 channels masked
Layer layer3.0.downsample.0.weight: 1/256 channels masked
Layer layer4.0.conv2.weight: 8/512 channels masked
Layer layer4.0.downsample.0.weight: 40/512 channels masked
------------------------- time cost ------------------------- 3.614443302154541
ASR: 0.05183186011899326
attack_auc: 0.5360584702271948
Layer conv1.weight: 3/64 channels masked
Layer layer1.0.conv2.weight: 1/64 channels masked
Layer layer2.0.downsample.0.weight: 2/128 channels masked
Layer layer3.0.conv1.weight: 1/256 channels masked
Layer layer3.0.downsample.0.weight: 1/256 channels masked
Layer layer4.0.conv1.weight: 1/512 channels masked
Layer layer4.0.conv2.weight: 13/512 channels masked
Layer layer4.0.downsample.0.weight: 39/512 channels masked
------------------------- time cost ------------------------- 3.6979732513427734
ASR: 0.048989283211291354
attack_auc: 0.5345487518603808
Layer conv1.weight: 1/64 channels masked
Layer layer1.0.conv2.weight: 1/64 channels masked
Layer layer2.0.downsample.0.weight: 2/128 channels masked
Layer layer3.0.conv1.weight: 1/256 channels masked
Layer layer3.0.downsample.0.weight: 1/256 channels masked
Layer layer4.0.conv1.weight: 1/512 channels masked
Layer layer4.0.conv2.weight: 13/512 channels masked
Layer layer4.0.downsample.0.weight: 36/512 channels masked
------------------------- time cost ------------------------- 3.7768235206604004

-------------Round number: 20-------------

Evaluate personalized models
Averaged Train Loss: 3.1602
Averaged Test Accurancy: 0.4529
Averaged Test AUC: 0.8244
Std Test Accurancy: 0.2072
Std Test AUC: 0.1592
ASR: 0.04892176736312354
attack_auc: 0.5207237868324204
Layer conv1.weight: 1/64 channels masked
Layer layer1.0.conv2.weight: 1/64 channels masked
Layer layer2.0.downsample.0.weight: 2/128 channels masked
Layer layer3.0.conv1.weight: 1/256 channels masked
Layer layer3.0.downsample.0.weight: 1/256 channels masked
Layer layer4.0.conv2.weight: 10/512 channels masked
Layer layer4.0.downsample.0.weight: 38/512 channels masked
------------------------- time cost ------------------------- 8.217703104019165
ASR: 0.05675299917704179
attack_auc: 0.5302211082852792
Layer conv1.weight: 1/64 channels masked
Layer layer1.0.conv2.weight: 1/64 channels masked
Layer layer2.0.downsample.0.weight: 2/128 channels masked
Layer layer3.0.conv1.weight: 1/256 channels masked
Layer layer3.0.downsample.0.weight: 1/256 channels masked
Layer layer4.0.conv2.weight: 15/512 channels masked
Layer layer4.0.downsample.0.weight: 44/512 channels masked
Layer layer4.1.conv2.weight: 1/512 channels masked
------------------------- time cost ------------------------- 3.43279767036438
ASR: 0.06172090480586194
attack_auc: 0.533723603243263
Layer conv1.weight: 1/64 channels masked
Layer layer1.0.conv2.weight: 1/64 channels masked
Layer layer2.0.downsample.0.weight: 2/128 channels masked
Layer layer3.0.conv1.weight: 1/256 channels masked
Layer layer3.0.downsample.0.weight: 1/256 channels masked
Layer layer4.0.conv1.weight: 1/512 channels masked
Layer layer4.0.conv2.weight: 18/512 channels masked
Layer layer4.0.downsample.0.weight: 45/512 channels masked
------------------------- time cost ------------------------- 3.6310296058654785
ASR: 0.06424813780016782
attack_auc: 0.5254748094572362
Layer conv1.weight: 1/64 channels masked
Layer layer1.0.conv2.weight: 1/64 channels masked
Layer layer2.0.downsample.0.weight: 2/128 channels masked
Layer layer3.0.conv1.weight: 1/256 channels masked
Layer layer3.0.downsample.0.weight: 1/256 channels masked
Layer layer4.0.conv1.weight: 2/512 channels masked
Layer layer4.0.conv2.weight: 15/512 channels masked
Layer layer4.0.downsample.0.weight: 47/512 channels masked
------------------------- time cost ------------------------- 3.980292797088623
ASR: 0.05398620351536196
attack_auc: 0.5066346147388754
Layer conv1.weight: 1/64 channels masked
Layer layer1.0.conv2.weight: 1/64 channels masked
Layer layer2.0.downsample.0.weight: 2/128 channels masked
Layer layer3.0.conv1.weight: 1/256 channels masked
Layer layer3.0.downsample.0.weight: 1/256 channels masked
Layer layer4.0.conv1.weight: 2/512 channels masked
Layer layer4.0.conv2.weight: 14/512 channels masked
Layer layer4.0.downsample.0.weight: 47/512 channels masked
------------------------- time cost ------------------------- 3.6591129302978516
ASR: 0.06427146016772792
attack_auc: 0.5192391664937753
Layer conv1.weight: 1/64 channels masked
Layer layer1.0.conv2.weight: 1/64 channels masked
Layer layer2.0.downsample.0.weight: 2/128 channels masked
Layer layer3.0.conv1.weight: 1/256 channels masked
Layer layer3.0.downsample.0.weight: 1/256 channels masked
Layer layer4.0.conv1.weight: 2/512 channels masked
Layer layer4.0.conv2.weight: 17/512 channels masked
Layer layer4.0.downsample.0.weight: 45/512 channels masked
Layer layer4.1.conv2.weight: 1/512 channels masked
------------------------- time cost ------------------------- 3.6332638263702393
ASR: 0.060977878139632
attack_auc: 0.5137985440655372
Layer conv1.weight: 1/64 channels masked
Layer layer1.0.conv2.weight: 1/64 channels masked
Layer layer2.0.downsample.0.weight: 2/128 channels masked
Layer layer3.0.conv1.weight: 1/256 channels masked
Layer layer3.0.downsample.0.weight: 1/256 channels masked
Layer layer4.0.conv1.weight: 1/512 channels masked
Layer layer4.0.conv2.weight: 20/512 channels masked
Layer layer4.0.downsample.0.weight: 48/512 channels masked
Layer layer4.1.conv2.weight: 1/512 channels masked
------------------------- time cost ------------------------- 3.41165828704834
ASR: 0.046167777339665025
attack_auc: 0.5039887322331219
Layer layer1.0.conv2.weight: 1/64 channels masked
Layer layer2.0.downsample.0.weight: 2/128 channels masked
Layer layer3.0.conv1.weight: 1/256 channels masked
Layer layer3.0.downsample.0.weight: 1/256 channels masked
Layer layer4.0.conv1.weight: 1/512 channels masked
Layer layer4.0.conv2.weight: 18/512 channels masked
Layer layer4.0.downsample.0.weight: 51/512 channels masked
Layer layer4.1.conv2.weight: 1/512 channels masked
------------------------- time cost ------------------------- 3.3395042419433594
ASR: 0.05016398183169183
attack_auc: 0.48655152575926647
Layer layer1.0.conv2.weight: 1/64 channels masked
Layer layer2.0.downsample.0.weight: 2/128 channels masked
Layer layer3.0.conv1.weight: 1/256 channels masked
Layer layer3.0.downsample.0.weight: 1/256 channels masked
Layer layer4.0.conv1.weight: 1/512 channels masked
Layer layer4.0.conv2.weight: 20/512 channels masked
Layer layer4.0.downsample.0.weight: 52/512 channels masked
Layer layer4.1.conv2.weight: 1/512 channels masked
------------------------- time cost ------------------------- 4.116294622421265
ASR: 0.04363167332763942
attack_auc: 0.5090330479134876
Layer layer1.0.conv2.weight: 1/64 channels masked
Layer layer2.0.downsample.0.weight: 2/128 channels masked
Layer layer3.0.conv1.weight: 1/256 channels masked
Layer layer3.0.downsample.0.weight: 1/256 channels masked
Layer layer4.0.conv1.weight: 1/512 channels masked
Layer layer4.0.conv2.weight: 22/512 channels masked
Layer layer4.0.downsample.0.weight: 54/512 channels masked
Layer layer4.1.conv2.weight: 1/512 channels masked
------------------------- time cost ------------------------- 3.1240601539611816

-------------Round number: 30-------------

Evaluate personalized models
Averaged Train Loss: 1.4036
Averaged Test Accurancy: 0.5501
Averaged Test AUC: 0.8932
Std Test Accurancy: 0.1442
Std Test AUC: 0.0719
ASR: 0.04736367771320734
attack_auc: 0.49110134009610873
Layer layer1.0.conv2.weight: 1/64 channels masked
Layer layer2.0.downsample.0.weight: 2/128 channels masked
Layer layer3.0.conv1.weight: 1/256 channels masked
Layer layer3.0.downsample.0.weight: 1/256 channels masked
Layer layer4.0.conv1.weight: 1/512 channels masked
Layer layer4.0.conv2.weight: 26/512 channels masked
Layer layer4.0.downsample.0.weight: 53/512 channels masked
Layer layer4.1.conv2.weight: 1/512 channels masked
------------------------- time cost ------------------------- 8.239849328994751
ASR: 0.06130089323994714
attack_auc: 0.5174788920232201
Layer layer1.0.conv2.weight: 1/64 channels masked
Layer layer2.0.downsample.0.weight: 2/128 channels masked
Layer layer3.0.conv1.weight: 1/256 channels masked
Layer layer3.0.downsample.0.weight: 1/256 channels masked
Layer layer4.0.conv1.weight: 1/512 channels masked
Layer layer4.0.conv2.weight: 26/512 channels masked
Layer layer4.0.downsample.0.weight: 54/512 channels masked
Layer layer4.1.conv2.weight: 1/512 channels masked
------------------------- time cost ------------------------- 3.6652982234954834
ASR: 0.0663832057248461
attack_auc: 0.5143597822029977
Layer layer1.0.conv2.weight: 1/64 channels masked
Layer layer2.0.downsample.0.weight: 2/128 channels masked
Layer layer3.0.conv1.weight: 1/256 channels masked
Layer layer3.0.downsample.0.weight: 1/256 channels masked
Layer layer4.0.conv1.weight: 1/512 channels masked
Layer layer4.0.conv2.weight: 28/512 channels masked
Layer layer4.0.downsample.0.weight: 54/512 channels masked
Layer layer4.1.conv2.weight: 1/512 channels masked
------------------------- time cost ------------------------- 4.07885479927063
ASR: 0.0708283876696821
attack_auc: 0.512657759525847
Layer layer2.0.downsample.0.weight: 2/128 channels masked
Layer layer3.0.conv1.weight: 1/256 channels masked
Layer layer3.0.downsample.0.weight: 1/256 channels masked
Layer layer4.0.conv2.weight: 28/512 channels masked
Layer layer4.0.downsample.0.weight: 53/512 channels masked
Layer layer4.1.conv2.weight: 1/512 channels masked
------------------------- time cost ------------------------- 3.410456418991089
ASR: 0.07052803962373672
attack_auc: 0.5149724782410287
Layer layer2.0.downsample.0.weight: 2/128 channels masked
Layer layer3.0.conv1.weight: 1/256 channels masked
Layer layer3.0.downsample.0.weight: 1/256 channels masked
Layer layer4.0.conv2.weight: 28/512 channels masked
Layer layer4.0.downsample.0.weight: 57/512 channels masked
Layer layer4.1.conv2.weight: 1/512 channels masked
------------------------- time cost ------------------------- 3.4746265411376953
ASR: 0.06450560821479742
attack_auc: 0.5055977541058893
Layer layer2.0.downsample.0.weight: 2/128 channels masked
Layer layer3.0.conv1.weight: 1/256 channels masked
Layer layer3.0.downsample.0.weight: 1/256 channels masked
Layer layer4.0.conv2.weight: 23/512 channels masked
Layer layer4.0.downsample.0.weight: 58/512 channels masked
Layer layer4.1.conv2.weight: 1/512 channels masked
------------------------- time cost ------------------------- 3.3415493965148926
ASR: 0.0567211826132926
attack_auc: 0.49499168162105267
Layer layer2.0.downsample.0.weight: 2/128 channels masked
Layer layer3.0.downsample.0.weight: 1/256 channels masked
Layer layer4.0.conv2.weight: 28/512 channels masked
Layer layer4.0.downsample.0.weight: 59/512 channels masked
Layer layer4.1.conv2.weight: 1/512 channels masked
------------------------- time cost ------------------------- 3.6677744388580322
ASR: 0.059501929901347124
attack_auc: 0.48354988434878354
Layer layer2.0.downsample.0.weight: 2/128 channels masked
Layer layer3.0.downsample.0.weight: 1/256 channels masked
Layer layer4.0.conv2.weight: 23/512 channels masked
Layer layer4.0.downsample.0.weight: 59/512 channels masked
Layer layer4.1.conv2.weight: 1/512 channels masked
------------------------- time cost ------------------------- 3.8152809143066406
ASR: 0.05651261595130023
attack_auc: 0.4947452720101641
Layer layer2.0.downsample.0.weight: 2/128 channels masked
Layer layer3.0.downsample.0.weight: 1/256 channels masked
Layer layer4.0.conv2.weight: 22/512 channels masked
Layer layer4.0.downsample.0.weight: 62/512 channels masked
Layer layer4.1.conv2.weight: 1/512 channels masked
------------------------- time cost ------------------------- 3.790025472640991
ASR: 0.05781960159826165
attack_auc: 0.4970216418125427
Layer layer2.0.downsample.0.weight: 2/128 channels masked
Layer layer3.0.downsample.0.weight: 1/256 channels masked
Layer layer4.0.conv2.weight: 20/512 channels masked
Layer layer4.0.downsample.0.weight: 62/512 channels masked
Layer layer4.1.conv2.weight: 1/512 channels masked
------------------------- time cost ------------------------- 3.501879930496216

-------------Round number: 40-------------

Evaluate personalized models
Averaged Train Loss: 1.3058
Averaged Test Accurancy: 0.5825
Averaged Test AUC: 0.9074
Std Test Accurancy: 0.1394
Std Test AUC: 0.0642
ASR: 0.05639005164766746
attack_auc: 0.510303500053531
Layer layer2.0.downsample.0.weight: 2/128 channels masked
Layer layer3.0.downsample.0.weight: 1/256 channels masked
Layer layer4.0.conv1.weight: 1/512 channels masked
Layer layer4.0.conv2.weight: 20/512 channels masked
Layer layer4.0.downsample.0.weight: 62/512 channels masked
------------------------- time cost ------------------------- 7.912354230880737
ASR: 0.06259750990139436
attack_auc: 0.49755527116989157
Layer layer2.0.downsample.0.weight: 2/128 channels masked
Layer layer3.0.downsample.0.weight: 1/256 channels masked
Layer layer4.0.conv1.weight: 1/512 channels masked
Layer layer4.0.conv2.weight: 18/512 channels masked
Layer layer4.0.downsample.0.weight: 62/512 channels masked
------------------------- time cost ------------------------- 3.4126524925231934
ASR: 0.055775062617435624
attack_auc: 0.4886208129047253
Layer layer2.0.downsample.0.weight: 2/128 channels masked
Layer layer3.0.downsample.0.weight: 1/256 channels masked
Layer layer4.0.conv1.weight: 1/512 channels masked
Layer layer4.0.conv2.weight: 19/512 channels masked
Layer layer4.0.downsample.0.weight: 64/512 channels masked
------------------------- time cost ------------------------- 3.2687628269195557
ASR: 0.06509200046082456
attack_auc: 0.5112341757075198
Layer layer2.0.downsample.0.weight: 2/128 channels masked
Layer layer3.0.downsample.0.weight: 1/256 channels masked
Layer layer4.0.conv1.weight: 2/512 channels masked
Layer layer4.0.conv2.weight: 19/512 channels masked
Layer layer4.0.downsample.0.weight: 62/512 channels masked
------------------------- time cost ------------------------- 3.590006113052368
ASR: 0.06200157693130415
attack_auc: 0.5096081494385661
Layer layer2.0.downsample.0.weight: 2/128 channels masked
Layer layer3.0.downsample.0.weight: 1/256 channels masked
Layer layer4.0.conv1.weight: 1/512 channels masked
Layer layer4.0.conv2.weight: 15/512 channels masked
Layer layer4.0.downsample.0.weight: 63/512 channels masked
------------------------- time cost ------------------------- 3.5260441303253174
ASR: 0.06790672380649193
attack_auc: 0.5100929720156889
Layer layer2.0.downsample.0.weight: 2/128 channels masked
Layer layer3.0.downsample.0.weight: 1/256 channels masked
Layer layer4.0.conv1.weight: 1/512 channels masked
Layer layer4.0.conv2.weight: 13/512 channels masked
Layer layer4.0.downsample.0.weight: 63/512 channels masked
------------------------- time cost ------------------------- 3.6162288188934326
ASR: 0.07430277098217168
attack_auc: 0.5173099184352978
Layer layer2.0.downsample.0.weight: 2/128 channels masked
Layer layer3.0.downsample.0.weight: 1/256 channels masked
Layer layer4.0.conv1.weight: 1/512 channels masked
Layer layer4.0.conv2.weight: 12/512 channels masked
Layer layer4.0.downsample.0.weight: 64/512 channels masked
------------------------- time cost ------------------------- 3.5667762756347656
ASR: 0.06108916030832555
attack_auc: 0.5168699087886007
Layer layer2.0.downsample.0.weight: 2/128 channels masked
Layer layer3.0.downsample.0.weight: 1/256 channels masked
Layer layer4.0.conv2.weight: 10/512 channels masked
Layer layer4.0.downsample.0.weight: 62/512 channels masked
------------------------- time cost ------------------------- 3.168206214904785
ASR: 0.052281078942238046
attack_auc: 0.5011706095950631
Layer layer2.0.downsample.0.weight: 2/128 channels masked
Layer layer3.0.downsample.0.weight: 1/256 channels masked
Layer layer4.0.conv2.weight: 8/512 channels masked
Layer layer4.0.downsample.0.weight: 65/512 channels masked
------------------------- time cost ------------------------- 3.416900157928467
ASR: 0.05756408428019502
attack_auc: 0.508022428289311
Layer layer2.0.downsample.0.weight: 2/128 channels masked
Layer layer3.0.downsample.0.weight: 1/256 channels masked
Layer layer4.0.conv1.weight: 1/512 channels masked
Layer layer4.0.conv2.weight: 10/512 channels masked
Layer layer4.0.downsample.0.weight: 66/512 channels masked
------------------------- time cost ------------------------- 3.8702709674835205

-------------Round number: 50-------------

Evaluate personalized models
Averaged Train Loss: 1.1799
Averaged Test Accurancy: 0.5977
Averaged Test AUC: 0.9139
Std Test Accurancy: 0.1366
Std Test AUC: 0.0578
ASR: 0.060215355798877816
attack_auc: 0.5050861214813679
Layer layer2.0.downsample.0.weight: 2/128 channels masked
Layer layer3.0.downsample.0.weight: 1/256 channels masked
Layer layer4.0.conv2.weight: 11/512 channels masked
Layer layer4.0.downsample.0.weight: 70/512 channels masked
------------------------- time cost ------------------------- 8.258949756622314
ASR: 0.07226434463765719
attack_auc: 0.5316816260087389
Layer layer2.0.downsample.0.weight: 2/128 channels masked
Layer layer3.0.downsample.0.weight: 1/256 channels masked
Layer layer4.0.conv2.weight: 7/512 channels masked
Layer layer4.0.downsample.0.weight: 71/512 channels masked
------------------------- time cost ------------------------- 3.5915963649749756
ASR: 0.06430622381979437
attack_auc: 0.5237907718829065
Layer layer2.0.downsample.0.weight: 2/128 channels masked
Layer layer3.0.downsample.0.weight: 1/256 channels masked
Layer layer3.1.conv2.weight: 1/256 channels masked
Layer layer4.0.conv2.weight: 6/512 channels masked
Layer layer4.0.downsample.0.weight: 70/512 channels masked
------------------------- time cost ------------------------- 3.8640615940093994
ASR: 0.05921245363670371
attack_auc: 0.5204670471163522
Layer layer2.0.downsample.0.weight: 2/128 channels masked
Layer layer3.0.downsample.0.weight: 1/256 channels masked
Layer layer3.1.conv2.weight: 1/256 channels masked
Layer layer4.0.conv2.weight: 7/512 channels masked
Layer layer4.0.downsample.0.weight: 71/512 channels masked
------------------------- time cost ------------------------- 3.6941328048706055
ASR: 0.06155897405860995
attack_auc: 0.5043724099287266
Layer layer2.0.downsample.0.weight: 2/128 channels masked
Layer layer3.0.downsample.0.weight: 1/256 channels masked
Layer layer3.1.conv2.weight: 1/256 channels masked
Layer layer4.0.conv1.weight: 1/512 channels masked
Layer layer4.0.conv2.weight: 8/512 channels masked
Layer layer4.0.downsample.0.weight: 73/512 channels masked
------------------------- time cost ------------------------- 4.09031343460083
ASR: 0.05733384528606904
attack_auc: 0.5055317662655687
Layer layer2.0.downsample.0.weight: 2/128 channels masked
Layer layer3.0.downsample.0.weight: 1/256 channels masked
Layer layer3.1.conv2.weight: 1/256 channels masked
Layer layer4.0.conv1.weight: 1/512 channels masked
Layer layer4.0.conv2.weight: 8/512 channels masked
Layer layer4.0.downsample.0.weight: 72/512 channels masked
------------------------- time cost ------------------------- 3.593256950378418
ASR: 0.06778099036600639
attack_auc: 0.5279479900162701
Layer layer2.0.downsample.0.weight: 2/128 channels masked
Layer layer3.0.downsample.0.weight: 1/256 channels masked
Layer layer3.1.conv2.weight: 1/256 channels masked
Layer layer4.0.conv1.weight: 1/512 channels masked
Layer layer4.0.conv2.weight: 8/512 channels masked
Layer layer4.0.downsample.0.weight: 74/512 channels masked
------------------------- time cost ------------------------- 3.77400279045105
ASR: 0.0564635470784888
attack_auc: 0.5123893628274073
Layer layer2.0.downsample.0.weight: 2/128 channels masked
Layer layer3.0.downsample.0.weight: 1/256 channels masked
Layer layer3.1.conv2.weight: 1/256 channels masked
Layer layer4.0.conv1.weight: 1/512 channels masked
Layer layer4.0.conv2.weight: 8/512 channels masked
Layer layer4.0.downsample.0.weight: 71/512 channels masked
------------------------- time cost ------------------------- 3.611841917037964
ASR: 0.054040318362411285
attack_auc: 0.5088187070054
Layer layer2.0.downsample.0.weight: 2/128 channels masked
Layer layer3.0.downsample.0.weight: 1/256 channels masked
Layer layer3.1.conv2.weight: 1/256 channels masked
Layer layer4.0.conv1.weight: 1/512 channels masked
Layer layer4.0.conv2.weight: 7/512 channels masked
Layer layer4.0.downsample.0.weight: 70/512 channels masked
------------------------- time cost ------------------------- 3.4480860233306885
ASR: 0.04977089063127595
attack_auc: 0.5009089257189273
Layer layer2.0.downsample.0.weight: 2/128 channels masked
Layer layer3.0.downsample.0.weight: 1/256 channels masked
Layer layer3.1.conv2.weight: 1/256 channels masked
Layer layer4.0.conv1.weight: 1/512 channels masked
Layer layer4.0.conv2.weight: 6/512 channels masked
Layer layer4.0.downsample.0.weight: 70/512 channels masked
------------------------- time cost ------------------------- 3.49888014793396

-------------Round number: 60-------------

Evaluate personalized models
Averaged Train Loss: 1.1366
Averaged Test Accurancy: 0.6300
Averaged Test AUC: 0.9205
Std Test Accurancy: 0.1236
Std Test AUC: 0.0538
ASR: 0.05847505425936962
attack_auc: 0.5171538169068638
Layer layer2.0.downsample.0.weight: 2/128 channels masked
Layer layer3.0.downsample.0.weight: 1/256 channels masked
Layer layer3.1.conv2.weight: 1/256 channels masked
Layer layer4.0.conv1.weight: 1/512 channels masked
Layer layer4.0.conv2.weight: 7/512 channels masked
Layer layer4.0.downsample.0.weight: 69/512 channels masked
------------------------- time cost ------------------------- 8.063434600830078
ASR: 0.05598616050300398
attack_auc: 0.5103962975049302
Layer layer2.0.downsample.0.weight: 2/128 channels masked
Layer layer3.0.downsample.0.weight: 1/256 channels masked
Layer layer3.1.conv2.weight: 1/256 channels masked
Layer layer4.0.conv1.weight: 1/512 channels masked
Layer layer4.0.conv2.weight: 5/512 channels masked
Layer layer4.0.downsample.0.weight: 71/512 channels masked
------------------------- time cost ------------------------- 3.2770378589630127
ASR: 0.04610884630958749
attack_auc: 0.4955926929292684
Layer layer2.0.downsample.0.weight: 2/128 channels masked
Layer layer3.0.downsample.0.weight: 1/256 channels masked
Layer layer3.1.conv2.weight: 1/256 channels masked
Layer layer4.0.conv1.weight: 2/512 channels masked
Layer layer4.0.conv2.weight: 6/512 channels masked
Layer layer4.0.downsample.0.weight: 71/512 channels masked
------------------------- time cost ------------------------- 3.9620885848999023
ASR: 0.05565582482551316
attack_auc: 0.5016657205622667
Layer layer2.0.downsample.0.weight: 2/128 channels masked
Layer layer3.0.downsample.0.weight: 1/256 channels masked
Layer layer3.1.conv2.weight: 1/256 channels masked
Layer layer4.0.conv1.weight: 2/512 channels masked
Layer layer4.0.conv2.weight: 6/512 channels masked
Layer layer4.0.downsample.0.weight: 70/512 channels masked
------------------------- time cost ------------------------- 3.816798210144043
ASR: 0.055325122287571325
attack_auc: 0.488429581975053
Layer layer2.0.downsample.0.weight: 2/128 channels masked
Layer layer3.0.downsample.0.weight: 1/256 channels masked
Layer layer4.0.conv1.weight: 3/512 channels masked
Layer layer4.0.conv2.weight: 5/512 channels masked
Layer layer4.0.downsample.0.weight: 69/512 channels masked
------------------------- time cost ------------------------- 3.770010471343994
ASR: 0.06430031640028197
attack_auc: 0.5144405184916513
Layer layer2.0.downsample.0.weight: 2/128 channels masked
Layer layer3.0.downsample.0.weight: 1/256 channels masked
Layer layer4.0.conv1.weight: 3/512 channels masked
Layer layer4.0.conv2.weight: 3/512 channels masked
Layer layer4.0.downsample.0.weight: 68/512 channels masked
------------------------- time cost ------------------------- 3.342738151550293
ASR: 0.05253503616533812
attack_auc: 0.5129838110492737
Layer layer2.0.downsample.0.weight: 2/128 channels masked
Layer layer3.0.downsample.0.weight: 1/256 channels masked
Layer layer4.0.conv1.weight: 3/512 channels masked
Layer layer4.0.conv2.weight: 3/512 channels masked
Layer layer4.0.downsample.0.weight: 71/512 channels masked
------------------------- time cost ------------------------- 3.19145131111145
ASR: 0.04705956290534524
attack_auc: 0.5015194895244927
Layer layer2.0.downsample.0.weight: 2/128 channels masked
Layer layer3.0.downsample.0.weight: 1/256 channels masked
Layer layer4.0.conv1.weight: 3/512 channels masked
Layer layer4.0.conv2.weight: 3/512 channels masked
Layer layer4.0.downsample.0.weight: 73/512 channels masked
------------------------- time cost ------------------------- 3.4606590270996094
ASR: 0.05013203113543649
attack_auc: 0.5028811664189973
Layer layer2.0.downsample.0.weight: 2/128 channels masked
Layer layer3.0.downsample.0.weight: 1/256 channels masked
Layer layer4.0.conv1.weight: 3/512 channels masked
Layer layer4.0.conv2.weight: 3/512 channels masked
Layer layer4.0.downsample.0.weight: 70/512 channels masked
------------------------- time cost ------------------------- 3.5555074214935303
ASR: 0.04421069770269414
attack_auc: 0.5007315370262392
Layer layer2.0.downsample.0.weight: 2/128 channels masked
Layer layer3.0.downsample.0.weight: 1/256 channels masked
Layer layer4.0.conv1.weight: 3/512 channels masked
Layer layer4.0.conv2.weight: 3/512 channels masked
Layer layer4.0.downsample.0.weight: 75/512 channels masked
------------------------- time cost ------------------------- 3.228564977645874

-------------Round number: 70-------------

Evaluate personalized models
Averaged Train Loss: 0.9210
Averaged Test Accurancy: 0.6424
Averaged Test AUC: 0.9280
Std Test Accurancy: 0.1279
Std Test AUC: 0.0382
ASR: 0.04474400016789915
attack_auc: 0.4937946554372644
Layer layer2.0.downsample.0.weight: 2/128 channels masked
Layer layer3.0.downsample.0.weight: 1/256 channels masked
Layer layer4.0.conv1.weight: 2/512 channels masked
Layer layer4.0.conv2.weight: 2/512 channels masked
Layer layer4.0.downsample.0.weight: 73/512 channels masked
------------------------- time cost ------------------------- 8.42708683013916
ASR: 0.04357777656545349
attack_auc: 0.4965957125016007
Layer layer2.0.downsample.0.weight: 2/128 channels masked
Layer layer3.0.downsample.0.weight: 1/256 channels masked
Layer layer4.0.conv1.weight: 2/512 channels masked
Layer layer4.0.conv2.weight: 1/512 channels masked
Layer layer4.0.downsample.0.weight: 72/512 channels masked
Layer layer4.1.conv2.weight: 1/512 channels masked
------------------------- time cost ------------------------- 3.2863433361053467
ASR: 0.045559869880566525
attack_auc: 0.49688252028604857
Layer layer2.0.downsample.0.weight: 2/128 channels masked
Layer layer3.0.downsample.0.weight: 1/256 channels masked
Layer layer4.0.conv1.weight: 3/512 channels masked
Layer layer4.0.conv2.weight: 2/512 channels masked
Layer layer4.0.downsample.0.weight: 76/512 channels masked
------------------------- time cost ------------------------- 3.0129454135894775
ASR: 0.04344886808192442
attack_auc: 0.5048936725421601
Layer layer2.0.downsample.0.weight: 2/128 channels masked
Layer layer3.0.downsample.0.weight: 1/256 channels masked
Layer layer4.0.conv1.weight: 4/512 channels masked
Layer layer4.0.conv2.weight: 3/512 channels masked
Layer layer4.0.downsample.0.weight: 76/512 channels masked
------------------------- time cost ------------------------- 3.495645046234131
ASR: 0.05022181251791498
attack_auc: 0.5223178001694723
Layer layer2.0.downsample.0.weight: 2/128 channels masked
Layer layer3.0.downsample.0.weight: 1/256 channels masked
Layer layer4.0.conv1.weight: 4/512 channels masked
Layer layer4.0.conv2.weight: 4/512 channels masked
Layer layer4.0.downsample.0.weight: 75/512 channels masked
------------------------- time cost ------------------------- 3.1079931259155273
ASR: 0.04320299806514249
attack_auc: 0.512455416496487
Layer layer2.0.downsample.0.weight: 2/128 channels masked
Layer layer3.0.downsample.0.weight: 1/256 channels masked
Layer layer4.0.conv1.weight: 4/512 channels masked
Layer layer4.0.conv2.weight: 5/512 channels masked
Layer layer4.0.downsample.0.weight: 76/512 channels masked
------------------------- time cost ------------------------- 3.5716960430145264
ASR: 0.038203228296478486
attack_auc: 0.5030042355691337
Layer layer2.0.downsample.0.weight: 2/128 channels masked
Layer layer3.0.downsample.0.weight: 1/256 channels masked
Layer layer4.0.conv1.weight: 4/512 channels masked
Layer layer4.0.conv2.weight: 4/512 channels masked
Layer layer4.0.downsample.0.weight: 77/512 channels masked
------------------------- time cost ------------------------- 3.387408494949341
ASR: 0.03463033208276806
attack_auc: 0.4902249931590162
Layer layer2.0.downsample.0.weight: 2/128 channels masked
Layer layer3.0.downsample.0.weight: 1/256 channels masked
Layer layer4.0.conv1.weight: 4/512 channels masked
Layer layer4.0.conv2.weight: 4/512 channels masked
Layer layer4.0.downsample.0.weight: 79/512 channels masked
------------------------- time cost ------------------------- 3.5551393032073975
ASR: 0.04250246294201499
attack_auc: 0.49495385108222695
Layer layer2.0.downsample.0.weight: 2/128 channels masked
Layer layer3.0.downsample.0.weight: 1/256 channels masked
Layer layer4.0.conv1.weight: 4/512 channels masked
Layer layer4.0.conv2.weight: 4/512 channels masked
Layer layer4.0.downsample.0.weight: 77/512 channels masked
------------------------- time cost ------------------------- 3.5265016555786133
ASR: 0.05300146028104023
attack_auc: 0.5150182160183688
Layer layer2.0.downsample.0.weight: 2/128 channels masked
Layer layer3.0.downsample.0.weight: 1/256 channels masked
Layer layer4.0.conv1.weight: 4/512 channels masked
Layer layer4.0.conv2.weight: 3/512 channels masked
Layer layer4.0.downsample.0.weight: 77/512 channels masked
------------------------- time cost ------------------------- 3.5057647228240967

-------------Round number: 80-------------

Evaluate personalized models
Averaged Train Loss: 0.8791
Averaged Test Accurancy: 0.6601
Averaged Test AUC: 0.9344
Std Test Accurancy: 0.1187
Std Test AUC: 0.0297
ASR: 0.04619235660512072
attack_auc: 0.5114312257838459
Layer layer2.0.downsample.0.weight: 2/128 channels masked
Layer layer3.0.downsample.0.weight: 1/256 channels masked
Layer layer4.0.conv1.weight: 2/512 channels masked
Layer layer4.0.conv2.weight: 5/512 channels masked
Layer layer4.0.downsample.0.weight: 77/512 channels masked
------------------------- time cost ------------------------- 7.947251558303833
ASR: 0.059851313220950705
attack_auc: 0.5311244281759213
Layer layer2.0.downsample.0.weight: 2/128 channels masked
Layer layer3.0.downsample.0.weight: 1/256 channels masked
Layer layer4.0.conv1.weight: 2/512 channels masked
Layer layer4.0.conv2.weight: 6/512 channels masked
Layer layer4.0.downsample.0.weight: 78/512 channels masked
------------------------- time cost ------------------------- 3.375504970550537
ASR: 0.053570137542675096
attack_auc: 0.5323189884216729
Layer layer2.0.downsample.0.weight: 2/128 channels masked
Layer layer3.0.downsample.0.weight: 1/256 channels masked
Layer layer4.0.conv2.weight: 7/512 channels masked
Layer layer4.0.downsample.0.weight: 75/512 channels masked
------------------------- time cost ------------------------- 3.916440486907959
ASR: 0.055543091510962386
attack_auc: 0.5288694891863618
Layer layer2.0.downsample.0.weight: 2/128 channels masked
Layer layer3.0.downsample.0.weight: 1/256 channels masked
Layer layer4.0.conv2.weight: 5/512 channels masked
Layer layer4.0.downsample.0.weight: 73/512 channels masked
------------------------- time cost ------------------------- 3.3299734592437744
ASR: 0.05648739762640559
attack_auc: 0.523658575107485
Layer layer2.0.downsample.0.weight: 2/128 channels masked
Layer layer3.0.downsample.0.weight: 1/256 channels masked
Layer layer4.0.conv2.weight: 3/512 channels masked
Layer layer4.0.downsample.0.weight: 69/512 channels masked
------------------------- time cost ------------------------- 3.407996892929077
ASR: 0.05101541770100801
attack_auc: 0.5144310992997474
Layer layer2.0.downsample.0.weight: 2/128 channels masked
Layer layer3.0.downsample.0.weight: 1/256 channels masked
Layer layer4.0.conv2.weight: 3/512 channels masked
Layer layer4.0.downsample.0.weight: 71/512 channels masked
------------------------- time cost ------------------------- 3.860771894454956
ASR: 0.05583459940622197
attack_auc: 0.5256522443331213
Layer layer2.0.downsample.0.weight: 2/128 channels masked
Layer layer3.0.downsample.0.weight: 1/256 channels masked
Layer layer4.0.conv2.weight: 3/512 channels masked
Layer layer4.0.downsample.0.weight: 71/512 channels masked
------------------------- time cost ------------------------- 3.8574039936065674
ASR: 0.06412281061885812
attack_auc: 0.5336292732539577
Layer layer2.0.downsample.0.weight: 2/128 channels masked
Layer layer3.0.downsample.0.weight: 1/256 channels masked
Layer layer4.0.conv2.weight: 3/512 channels masked
Layer layer4.0.downsample.0.weight: 69/512 channels masked
------------------------- time cost ------------------------- 3.447054624557495
ASR: 0.05102093184129677
attack_auc: 0.5145529992059097
Layer layer2.0.downsample.0.weight: 2/128 channels masked
Layer layer3.0.downsample.0.weight: 1/256 channels masked
Layer layer4.0.conv2.weight: 4/512 channels masked
Layer layer4.0.downsample.0.weight: 62/512 channels masked
------------------------- time cost ------------------------- 3.5843167304992676
ASR: 0.055540399634512475
attack_auc: 0.5245149484968139
Layer layer2.0.downsample.0.weight: 2/128 channels masked
Layer layer3.0.downsample.0.weight: 1/256 channels masked
Layer layer4.0.conv2.weight: 2/512 channels masked
Layer layer4.0.downsample.0.weight: 65/512 channels masked
------------------------- time cost ------------------------- 3.4777770042419434

-------------Round number: 90-------------

Evaluate personalized models
Averaged Train Loss: 0.8451
Averaged Test Accurancy: 0.6657
Averaged Test AUC: 0.9343
Std Test Accurancy: 0.1193
Std Test AUC: 0.0295
ASR: 0.054596819634098855
attack_auc: 0.5378076691251498
Layer layer2.0.downsample.0.weight: 2/128 channels masked
Layer layer3.0.downsample.0.weight: 1/256 channels masked
Layer layer4.0.conv2.weight: 4/512 channels masked
Layer layer4.0.downsample.0.weight: 65/512 channels masked
------------------------- time cost ------------------------- 8.36187744140625
ASR: 0.04889803679077614
attack_auc: 0.5192101151431101
Layer layer2.0.downsample.0.weight: 2/128 channels masked
Layer layer3.0.downsample.0.weight: 1/256 channels masked
Layer layer4.0.conv2.weight: 4/512 channels masked
Layer layer4.0.downsample.0.weight: 61/512 channels masked
------------------------- time cost ------------------------- 3.4784445762634277
ASR: 0.05171599245415223
attack_auc: 0.5267761865039016
Layer layer2.0.downsample.0.weight: 2/128 channels masked
Layer layer3.0.downsample.0.weight: 1/256 channels masked
Layer layer4.0.conv2.weight: 4/512 channels masked
Layer layer4.0.downsample.0.weight: 63/512 channels masked
------------------------- time cost ------------------------- 3.8395626544952393
ASR: 0.06635977715807348
attack_auc: 0.546314016855665
Layer layer2.0.downsample.0.weight: 2/128 channels masked
Layer layer3.0.downsample.0.weight: 1/256 channels masked
Layer layer4.0.conv2.weight: 4/512 channels masked
Layer layer4.0.downsample.0.weight: 63/512 channels masked
------------------------- time cost ------------------------- 3.609889030456543
ASR: 0.05437767476640642
attack_auc: 0.5279343005083486
Layer layer2.0.downsample.0.weight: 2/128 channels masked
Layer layer3.0.downsample.0.weight: 1/256 channels masked
Layer layer4.0.conv2.weight: 2/512 channels masked
Layer layer4.0.downsample.0.weight: 66/512 channels masked
------------------------- time cost ------------------------- 3.9539692401885986
ASR: 0.051868673607364295
attack_auc: 0.5320317520413601
Layer layer2.0.downsample.0.weight: 2/128 channels masked
Layer layer3.0.downsample.0.weight: 1/256 channels masked
Layer layer4.0.conv2.weight: 2/512 channels masked
Layer layer4.0.downsample.0.weight: 60/512 channels masked
------------------------- time cost ------------------------- 3.5814321041107178
ASR: 0.05912658541360637
attack_auc: 0.5413983934826944
Layer layer2.0.downsample.0.weight: 2/128 channels masked
Layer layer3.0.downsample.0.weight: 1/256 channels masked
Layer layer4.0.conv2.weight: 2/512 channels masked
Layer layer4.0.downsample.0.weight: 61/512 channels masked
------------------------- time cost ------------------------- 3.760474681854248
ASR: 0.06097475305702747
attack_auc: 0.5550336882826745
Layer layer2.0.downsample.0.weight: 2/128 channels masked
Layer layer3.0.downsample.0.weight: 1/256 channels masked
Layer layer4.0.conv2.weight: 2/512 channels masked
Layer layer4.0.downsample.0.weight: 60/512 channels masked
------------------------- time cost ------------------------- 3.472846746444702
ASR: 0.050451860617685806
attack_auc: 0.5415800054540127
Layer layer2.0.downsample.0.weight: 2/128 channels masked
Layer layer3.0.downsample.0.weight: 1/256 channels masked
Layer layer4.0.conv2.weight: 1/512 channels masked
Layer layer4.0.downsample.0.weight: 61/512 channels masked
------------------------- time cost ------------------------- 3.7837302684783936
ASR: 0.05408759330958265
attack_auc: 0.5528309122715483
Layer layer2.0.downsample.0.weight: 2/128 channels masked
Layer layer3.0.downsample.0.weight: 1/256 channels masked
Layer layer4.0.conv2.weight: 2/512 channels masked
Layer layer4.0.downsample.0.weight: 60/512 channels masked
------------------------- time cost ------------------------- 3.4646780490875244

-------------Round number: 100-------------

Evaluate personalized models
Averaged Train Loss: 0.7806
Averaged Test Accurancy: 0.6839
Averaged Test AUC: 0.9403
Std Test Accurancy: 0.1096
Std Test AUC: 0.0275
ASR: 0.045128947392355664
attack_auc: 0.5345450264503282
Layer layer2.0.downsample.0.weight: 2/128 channels masked
Layer layer3.0.downsample.0.weight: 1/256 channels masked
Layer layer4.0.conv2.weight: 3/512 channels masked
Layer layer4.0.downsample.0.weight: 62/512 channels masked
------------------------- time cost ------------------------- 8.021758317947388
ASR: 0.04152904946793074
attack_auc: 0.5244753514249362
Layer layer2.0.downsample.0.weight: 2/128 channels masked
Layer layer3.0.downsample.0.weight: 1/256 channels masked
Layer layer4.0.conv2.weight: 2/512 channels masked
Layer layer4.0.downsample.0.weight: 62/512 channels masked
------------------------- time cost ------------------------- 3.394815444946289
ASR: 0.0371557072831272
attack_auc: 0.5132241715740054
Layer layer2.0.downsample.0.weight: 2/128 channels masked
Layer layer3.0.downsample.0.weight: 1/256 channels masked
Layer layer4.0.conv2.weight: 1/512 channels masked
Layer layer4.0.downsample.0.weight: 62/512 channels masked
------------------------- time cost ------------------------- 3.9506115913391113
ASR: 0.0359108370701288
attack_auc: 0.5180348624516401
Layer layer2.0.downsample.0.weight: 2/128 channels masked
Layer layer3.0.downsample.0.weight: 1/256 channels masked
Layer layer4.0.conv2.weight: 4/512 channels masked
Layer layer4.0.downsample.0.weight: 60/512 channels masked
------------------------- time cost ------------------------- 3.3500359058380127
ASR: 0.034886165924148775
attack_auc: 0.5166190844954291
Layer layer2.0.downsample.0.weight: 2/128 channels masked
Layer layer3.0.downsample.0.weight: 1/256 channels masked
Layer layer4.0.conv2.weight: 2/512 channels masked
Layer layer4.0.downsample.0.weight: 60/512 channels masked
------------------------- time cost ------------------------- 3.3896656036376953
ASR: 0.03726117614843013
attack_auc: 0.5106570501764348
Layer layer2.0.downsample.0.weight: 2/128 channels masked
Layer layer3.0.downsample.0.weight: 1/256 channels masked
Layer layer4.0.conv2.weight: 3/512 channels masked
Layer layer4.0.downsample.0.weight: 59/512 channels masked
------------------------- time cost ------------------------- 3.4041361808776855
ASR: 0.04316448039935953
attack_auc: 0.5327281088301825
Layer layer2.0.downsample.0.weight: 2/128 channels masked
Layer layer3.0.downsample.0.weight: 1/256 channels masked
Layer layer4.0.conv2.weight: 3/512 channels masked
Layer layer4.0.downsample.0.weight: 62/512 channels masked
------------------------- time cost ------------------------- 3.707798719406128
ASR: 0.04928156493021415
attack_auc: 0.5373431949750799
Layer layer2.0.downsample.0.weight: 2/128 channels masked
Layer layer3.0.downsample.0.weight: 1/256 channels masked
Layer layer4.0.conv2.weight: 4/512 channels masked
Layer layer4.0.downsample.0.weight: 59/512 channels masked
------------------------- time cost ------------------------- 3.778109550476074
ASR: 0.052208864647470765
attack_auc: 0.5611894910577613
Layer layer2.0.downsample.0.weight: 2/128 channels masked
Layer layer3.0.downsample.0.weight: 1/256 channels masked
Layer layer4.0.conv2.weight: 4/512 channels masked
Layer layer4.0.downsample.0.weight: 60/512 channels masked
------------------------- time cost ------------------------- 3.6323904991149902
ASR: 0.04692263817595098
attack_auc: 0.5429135742065915
Layer layer2.0.downsample.0.weight: 2/128 channels masked
Layer layer3.0.downsample.0.weight: 1/256 channels masked
Layer layer4.0.conv2.weight: 4/512 channels masked
Layer layer4.0.downsample.0.weight: 59/512 channels masked
------------------------- time cost ------------------------- 3.275045871734619

-------------Round number: 110-------------

Evaluate personalized models
Averaged Train Loss: 0.7377
Averaged Test Accurancy: 0.6917
Averaged Test AUC: 0.9428
Std Test Accurancy: 0.1041
Std Test AUC: 0.0254
ASR: 0.05392243501623389
attack_auc: 0.5536035497315303
Layer layer2.0.downsample.0.weight: 2/128 channels masked
Layer layer3.0.downsample.0.weight: 1/256 channels masked
Layer layer4.0.conv2.weight: 4/512 channels masked
Layer layer4.0.downsample.0.weight: 61/512 channels masked
------------------------- time cost ------------------------- 8.23598575592041
ASR: 0.06409347129501328
attack_auc: 0.5775333117084318
Layer layer2.0.downsample.0.weight: 2/128 channels masked
Layer layer3.0.downsample.0.weight: 1/256 channels masked
Layer layer4.0.conv2.weight: 4/512 channels masked
Layer layer4.0.downsample.0.weight: 60/512 channels masked
------------------------- time cost ------------------------- 3.571744441986084
ASR: 0.06103813526489869
attack_auc: 0.5718226435403639
Layer layer2.0.downsample.0.weight: 2/128 channels masked
Layer layer3.0.downsample.0.weight: 1/256 channels masked
Layer layer4.0.conv2.weight: 2/512 channels masked
Layer layer4.0.downsample.0.weight: 58/512 channels masked
------------------------- time cost ------------------------- 3.8137240409851074
ASR: 0.05758565081821045
attack_auc: 0.5742017706014066
Layer layer2.0.downsample.0.weight: 2/128 channels masked
Layer layer3.0.downsample.0.weight: 1/256 channels masked
Layer layer4.0.conv2.weight: 3/512 channels masked
Layer layer4.0.downsample.0.weight: 57/512 channels masked
------------------------- time cost ------------------------- 3.6364634037017822
ASR: 0.06491485650494451
attack_auc: 0.5688565950908973
Layer layer2.0.downsample.0.weight: 2/128 channels masked
Layer layer3.0.downsample.0.weight: 1/256 channels masked
Layer layer4.0.conv2.weight: 2/512 channels masked
Layer layer4.0.downsample.0.weight: 57/512 channels masked
------------------------- time cost ------------------------- 3.3983423709869385
ASR: 0.06713448283697597
attack_auc: 0.575347463783439
Layer layer2.0.downsample.0.weight: 2/128 channels masked
Layer layer3.0.downsample.0.weight: 1/256 channels masked
Layer layer4.0.conv2.weight: 2/512 channels masked
Layer layer4.0.downsample.0.weight: 59/512 channels masked
------------------------- time cost ------------------------- 3.3970718383789062
ASR: 0.07329613347306466
attack_auc: 0.5858253234563636
Layer layer2.0.downsample.0.weight: 2/128 channels masked
Layer layer3.0.downsample.0.weight: 1/256 channels masked
Layer layer4.0.conv2.weight: 2/512 channels masked
Layer layer4.0.downsample.0.weight: 63/512 channels masked
------------------------- time cost ------------------------- 3.2376420497894287
ASR: 0.0831197882854638
attack_auc: 0.5921689821564966
Layer layer2.0.downsample.0.weight: 2/128 channels masked
Layer layer3.0.downsample.0.weight: 1/256 channels masked
Layer layer4.0.conv2.weight: 2/512 channels masked
Layer layer4.0.downsample.0.weight: 64/512 channels masked
------------------------- time cost ------------------------- 3.326374053955078
ASR: 0.07139924115328132
attack_auc: 0.5803388000834748
Layer layer2.0.downsample.0.weight: 2/128 channels masked
Layer layer3.0.downsample.0.weight: 1/256 channels masked
Layer layer4.0.conv2.weight: 3/512 channels masked
Layer layer4.0.downsample.0.weight: 63/512 channels masked
------------------------- time cost ------------------------- 3.5117602348327637
ASR: 0.10055385157914412
attack_auc: 0.6413693433691469
Layer layer2.0.downsample.0.weight: 2/128 channels masked
Layer layer3.0.downsample.0.weight: 1/256 channels masked
Layer layer4.0.conv2.weight: 1/512 channels masked
Layer layer4.0.downsample.0.weight: 62/512 channels masked
------------------------- time cost ------------------------- 3.593184232711792

-------------Round number: 120-------------

Evaluate personalized models
Averaged Train Loss: 0.7287
Averaged Test Accurancy: 0.6886
Averaged Test AUC: 0.9426
Std Test Accurancy: 0.1088
Std Test AUC: 0.0271
ASR: 0.09029283557224031
attack_auc: 0.6273652381590947
Layer layer2.0.downsample.0.weight: 2/128 channels masked
Layer layer3.0.downsample.0.weight: 1/256 channels masked
Layer layer4.0.conv2.weight: 1/512 channels masked
Layer layer4.0.downsample.0.weight: 63/512 channels masked
------------------------- time cost ------------------------- 8.596464395523071
ASR: 0.06691712599904578
attack_auc: 0.5859865008318526
Layer layer2.0.downsample.0.weight: 2/128 channels masked
Layer layer3.0.downsample.0.weight: 1/256 channels masked
Layer layer4.0.conv2.weight: 1/512 channels masked
Layer layer4.0.downsample.0.weight: 62/512 channels masked
------------------------- time cost ------------------------- 3.3070383071899414
ASR: 0.06365025545747463
attack_auc: 0.5862914115512343
Layer layer2.0.downsample.0.weight: 2/128 channels masked
Layer layer3.0.downsample.0.weight: 1/256 channels masked
Layer layer4.0.conv2.weight: 3/512 channels masked
Layer layer4.0.downsample.0.weight: 62/512 channels masked
------------------------- time cost ------------------------- 3.085843086242676
ASR: 0.07916144232847173
attack_auc: 0.6203617399790894
Layer layer2.0.downsample.0.weight: 2/128 channels masked
Layer layer3.0.downsample.0.weight: 1/256 channels masked
Layer layer4.0.conv2.weight: 2/512 channels masked
Layer layer4.0.downsample.0.weight: 64/512 channels masked
Layer layer4.1.conv2.weight: 1/512 channels masked
------------------------- time cost ------------------------- 3.724625825881958
ASR: 0.09041747054500357
attack_auc: 0.6343915370016447
Layer layer2.0.downsample.0.weight: 2/128 channels masked
Layer layer3.0.downsample.0.weight: 1/256 channels masked
Layer layer4.0.conv2.weight: 3/512 channels masked
Layer layer4.0.downsample.0.weight: 60/512 channels masked
------------------------- time cost ------------------------- 3.0601425170898438
ASR: 0.09540084104213528
attack_auc: 0.6399776371980196
Layer layer2.0.downsample.0.weight: 2/128 channels masked
Layer layer3.0.downsample.0.weight: 1/256 channels masked
Layer layer4.0.conv2.weight: 3/512 channels masked
Layer layer4.0.downsample.0.weight: 63/512 channels masked
------------------------- time cost ------------------------- 3.844160318374634
ASR: 0.10633455389622223
attack_auc: 0.6548883808892205
Layer layer2.0.downsample.0.weight: 2/128 channels masked
Layer layer3.0.downsample.0.weight: 1/256 channels masked
Layer layer4.0.conv2.weight: 3/512 channels masked
Layer layer4.0.downsample.0.weight: 62/512 channels masked
------------------------- time cost ------------------------- 3.7979612350463867
ASR: 0.08506381895603024
attack_auc: 0.6339740267615246
Layer layer2.0.downsample.0.weight: 2/128 channels masked
Layer layer3.0.downsample.0.weight: 1/256 channels masked
Layer layer4.0.conv2.weight: 2/512 channels masked
Layer layer4.0.downsample.0.weight: 62/512 channels masked
------------------------- time cost ------------------------- 3.6560871601104736
ASR: 0.10032279335658825
attack_auc: 0.6476554620671204
Layer layer2.0.downsample.0.weight: 2/128 channels masked
Layer layer3.0.downsample.0.weight: 1/256 channels masked
Layer layer4.0.conv2.weight: 2/512 channels masked
Layer layer4.0.downsample.0.weight: 60/512 channels masked
------------------------- time cost ------------------------- 3.6751222610473633
ASR: 0.1298970085567
attack_auc: 0.6754934534573305
Layer layer2.0.downsample.0.weight: 2/128 channels masked
Layer layer3.0.downsample.0.weight: 1/256 channels masked
Layer layer4.0.conv2.weight: 2/512 channels masked
Layer layer4.0.downsample.0.weight: 60/512 channels masked
------------------------- time cost ------------------------- 4.138829708099365

-------------Round number: 130-------------

Evaluate personalized models
Averaged Train Loss: 0.6561
Averaged Test Accurancy: 0.7045
Averaged Test AUC: 0.9448
Std Test Accurancy: 0.1127
Std Test AUC: 0.0248
ASR: 0.1407845291642683
attack_auc: 0.6874826123746979
Layer layer2.0.downsample.0.weight: 2/128 channels masked
Layer layer3.0.downsample.0.weight: 1/256 channels masked
Layer layer4.0.conv2.weight: 2/512 channels masked
Layer layer4.0.downsample.0.weight: 58/512 channels masked
------------------------- time cost ------------------------- 7.877683401107788
ASR: 0.1392432617482304
attack_auc: 0.6840573317068043
Layer layer2.0.downsample.0.weight: 2/128 channels masked
Layer layer3.0.downsample.0.weight: 1/256 channels masked
Layer layer4.0.conv2.weight: 1/512 channels masked
Layer layer4.0.downsample.0.weight: 61/512 channels masked
------------------------- time cost ------------------------- 3.4029347896575928
ASR: 0.13080071619025066
attack_auc: 0.6779464224074765
Layer layer2.0.downsample.0.weight: 2/128 channels masked
Layer layer3.0.downsample.0.weight: 1/256 channels masked
Layer layer4.0.conv2.weight: 1/512 channels masked
Layer layer4.0.downsample.0.weight: 59/512 channels masked
Layer layer4.1.conv2.weight: 1/512 channels masked
------------------------- time cost ------------------------- 3.5908377170562744
ASR: 0.12734639860007604
attack_auc: 0.681916173119286
Layer layer2.0.downsample.0.weight: 2/128 channels masked
Layer layer3.0.downsample.0.weight: 1/256 channels masked
Layer layer4.0.conv2.weight: 3/512 channels masked
Layer layer4.0.downsample.0.weight: 59/512 channels masked
Layer layer4.1.conv2.weight: 1/512 channels masked
------------------------- time cost ------------------------- 3.2773683071136475
ASR: 0.13610161418731398
attack_auc: 0.6727390641815512
Layer layer2.0.downsample.0.weight: 2/128 channels masked
Layer layer3.0.downsample.0.weight: 1/256 channels masked
Layer layer4.0.conv2.weight: 1/512 channels masked
Layer layer4.0.downsample.0.weight: 59/512 channels masked
Layer layer4.1.conv2.weight: 1/512 channels masked
------------------------- time cost ------------------------- 3.4637949466705322
ASR: 0.14070280388567777
attack_auc: 0.6824046895570651
Layer layer2.0.downsample.0.weight: 2/128 channels masked
Layer layer3.0.downsample.0.weight: 1/256 channels masked
Layer layer4.0.conv2.weight: 1/512 channels masked
Layer layer4.0.downsample.0.weight: 61/512 channels masked
Layer layer4.1.conv2.weight: 1/512 channels masked
------------------------- time cost ------------------------- 3.416987419128418
ASR: 0.13626270158404505
attack_auc: 0.6625409735219321
Layer layer2.0.downsample.0.weight: 2/128 channels masked
Layer layer3.0.downsample.0.weight: 1/256 channels masked
Layer layer4.0.conv2.weight: 2/512 channels masked
Layer layer4.0.downsample.0.weight: 60/512 channels masked
Layer layer4.1.conv2.weight: 1/512 channels masked
------------------------- time cost ------------------------- 2.9262642860412598
ASR: 0.15703864058817918
attack_auc: 0.6909349716502943
Layer layer2.0.downsample.0.weight: 2/128 channels masked
Layer layer3.0.downsample.0.weight: 1/256 channels masked
Layer layer4.0.conv2.weight: 2/512 channels masked
Layer layer4.0.downsample.0.weight: 60/512 channels masked
Layer layer4.1.conv2.weight: 1/512 channels masked
------------------------- time cost ------------------------- 3.8386523723602295
ASR: 0.1675393887677337
attack_auc: 0.7094157798704802
Layer layer2.0.downsample.0.weight: 2/128 channels masked
Layer layer3.0.downsample.0.weight: 1/256 channels masked
Layer layer4.0.conv2.weight: 3/512 channels masked
Layer layer4.0.downsample.0.weight: 55/512 channels masked
Layer layer4.1.conv2.weight: 1/512 channels masked
------------------------- time cost ------------------------- 3.4661712646484375
ASR: 0.16669838029998046
attack_auc: 0.7079340406085468
Layer layer2.0.downsample.0.weight: 2/128 channels masked
Layer layer3.0.downsample.0.weight: 1/256 channels masked
Layer layer4.0.conv2.weight: 2/512 channels masked
Layer layer4.0.downsample.0.weight: 57/512 channels masked
Layer layer4.1.conv2.weight: 1/512 channels masked
------------------------- time cost ------------------------- 3.4977152347564697

-------------Round number: 140-------------

Evaluate personalized models
Averaged Train Loss: 0.6076
Averaged Test Accurancy: 0.7206
Averaged Test AUC: 0.9485
Std Test Accurancy: 0.0986
Std Test AUC: 0.0231
ASR: 0.19961243799470624
attack_auc: 0.7323892221310547
Layer layer2.0.downsample.0.weight: 2/128 channels masked
Layer layer3.0.downsample.0.weight: 1/256 channels masked
Layer layer4.0.conv2.weight: 3/512 channels masked
Layer layer4.0.downsample.0.weight: 57/512 channels masked
Layer layer4.1.conv2.weight: 1/512 channels masked
------------------------- time cost ------------------------- 8.184107780456543
ASR: 0.19157024546007778
attack_auc: 0.7167973091995612
Layer layer2.0.downsample.0.weight: 2/128 channels masked
Layer layer3.0.downsample.0.weight: 1/256 channels masked
Layer layer4.0.conv2.weight: 1/512 channels masked
Layer layer4.0.downsample.0.weight: 57/512 channels masked
Layer layer4.1.conv2.weight: 1/512 channels masked
------------------------- time cost ------------------------- 3.8419759273529053
ASR: 0.18360292262938
attack_auc: 0.7226893890602332
Layer layer2.0.downsample.0.weight: 2/128 channels masked
Layer layer3.0.downsample.0.weight: 1/256 channels masked
Layer layer4.0.conv2.weight: 1/512 channels masked
Layer layer4.0.downsample.0.weight: 50/512 channels masked
------------------------- time cost ------------------------- 3.8605520725250244
ASR: 0.2156452750899429
attack_auc: 0.7382124779995133
Layer layer2.0.downsample.0.weight: 2/128 channels masked
Layer layer3.0.downsample.0.weight: 1/256 channels masked
Layer layer4.0.conv2.weight: 3/512 channels masked
Layer layer4.0.downsample.0.weight: 51/512 channels masked
------------------------- time cost ------------------------- 3.7239511013031006
ASR: 0.2281950890037668
attack_auc: 0.7396658007614568
Layer layer2.0.downsample.0.weight: 2/128 channels masked
Layer layer3.0.downsample.0.weight: 1/256 channels masked
Layer layer4.0.conv2.weight: 2/512 channels masked
Layer layer4.0.downsample.0.weight: 50/512 channels masked
------------------------- time cost ------------------------- 3.517364263534546
ASR: 0.20797898960160244
attack_auc: 0.7312667724282236
Layer layer2.0.downsample.0.weight: 2/128 channels masked
Layer layer3.0.downsample.0.weight: 1/256 channels masked
Layer layer4.0.conv2.weight: 2/512 channels masked
Layer layer4.0.downsample.0.weight: 50/512 channels masked
------------------------- time cost ------------------------- 3.571826696395874
ASR: 0.22037849151477104
attack_auc: 0.7394480694467956
Layer layer2.0.downsample.0.weight: 2/128 channels masked
Layer layer3.0.downsample.0.weight: 1/256 channels masked
Layer layer4.0.conv2.weight: 2/512 channels masked
Layer layer4.0.downsample.0.weight: 50/512 channels masked
------------------------- time cost ------------------------- 3.741201400756836
ASR: 0.2148383685196768
attack_auc: 0.7289135677853522
Layer layer2.0.downsample.0.weight: 2/128 channels masked
Layer layer3.0.downsample.0.weight: 1/256 channels masked
Layer layer4.0.conv2.weight: 2/512 channels masked
Layer layer4.0.downsample.0.weight: 50/512 channels masked
------------------------- time cost ------------------------- 3.425102710723877
ASR: 0.2157923423840782
attack_auc: 0.7298252293913357
Layer layer2.0.downsample.0.weight: 2/128 channels masked
Layer layer3.0.downsample.0.weight: 1/256 channels masked
Layer layer4.0.conv2.weight: 2/512 channels masked
Layer layer4.0.downsample.0.weight: 50/512 channels masked
------------------------- time cost ------------------------- 3.722491979598999
ASR: 0.24087806548208873
attack_auc: 0.7465692778268015
Layer layer2.0.downsample.0.weight: 2/128 channels masked
Layer layer3.0.downsample.0.weight: 1/256 channels masked
Layer layer4.0.conv2.weight: 3/512 channels masked
Layer layer4.0.downsample.0.weight: 50/512 channels masked
------------------------- time cost ------------------------- 3.240631580352783

-------------Round number: 150-------------

Evaluate personalized models
Averaged Train Loss: 0.5984
Averaged Test Accurancy: 0.7162
Averaged Test AUC: 0.9477
Std Test Accurancy: 0.1058
Std Test AUC: 0.0255
ASR: 0.24223223992286996
attack_auc: 0.7517754700317373
Layer layer2.0.downsample.0.weight: 2/128 channels masked
Layer layer3.0.downsample.0.weight: 1/256 channels masked
Layer layer4.0.conv2.weight: 1/512 channels masked
Layer layer4.0.downsample.0.weight: 48/512 channels masked
------------------------- time cost ------------------------- 8.227258920669556
ASR: 0.2620763685238348
attack_auc: 0.7676531686283391
Layer layer2.0.downsample.0.weight: 2/128 channels masked
Layer layer3.0.downsample.0.weight: 1/256 channels masked
Layer layer4.0.conv2.weight: 1/512 channels masked
Layer layer4.0.downsample.0.weight: 48/512 channels masked
------------------------- time cost ------------------------- 3.3866727352142334
ASR: 0.25158553744725504
attack_auc: 0.7585460037692431
Layer layer2.0.downsample.0.weight: 2/128 channels masked
Layer layer3.0.downsample.0.weight: 1/256 channels masked
Layer layer4.0.conv2.weight: 1/512 channels masked
Layer layer4.0.downsample.0.weight: 46/512 channels masked
Layer layer4.1.conv2.weight: 1/512 channels masked
------------------------- time cost ------------------------- 3.538634777069092
ASR: 0.24671187172314027
attack_auc: 0.7604756504017482
Layer layer2.0.downsample.0.weight: 2/128 channels masked
Layer layer3.0.downsample.0.weight: 1/256 channels masked
Layer layer4.0.conv2.weight: 1/512 channels masked
Layer layer4.0.downsample.0.weight: 46/512 channels masked
------------------------- time cost ------------------------- 3.3200840950012207
ASR: 0.2369670316901313
attack_auc: 0.7474218446332062
Layer layer2.0.downsample.0.weight: 2/128 channels masked
Layer layer3.0.downsample.0.weight: 1/256 channels masked
Layer layer4.0.conv2.weight: 1/512 channels masked
Layer layer4.0.downsample.0.weight: 45/512 channels masked
------------------------- time cost ------------------------- 3.3487136363983154
ASR: 0.24502804080016233
attack_auc: 0.7597998280235111
Layer layer2.0.downsample.0.weight: 2/128 channels masked
Layer layer3.0.downsample.0.weight: 1/256 channels masked
Layer layer4.0.conv2.weight: 1/512 channels masked
Layer layer4.0.downsample.0.weight: 46/512 channels masked
------------------------- time cost ------------------------- 3.588121175765991
ASR: 0.24687142647158136
attack_auc: 0.7612055427814877
Layer layer2.0.downsample.0.weight: 2/128 channels masked
Layer layer3.0.downsample.0.weight: 1/256 channels masked
Layer layer4.0.conv2.weight: 2/512 channels masked
Layer layer4.0.downsample.0.weight: 45/512 channels masked
------------------------- time cost ------------------------- 3.387603282928467
ASR: 0.20699505853525568
attack_auc: 0.7327117918093604
Layer layer2.0.downsample.0.weight: 2/128 channels masked
Layer layer3.0.downsample.0.weight: 1/256 channels masked
Layer layer4.0.conv2.weight: 2/512 channels masked
Layer layer4.0.downsample.0.weight: 45/512 channels masked
------------------------- time cost ------------------------- 3.739041805267334
ASR: 0.19490517221794285
attack_auc: 0.7191000861828916
Layer layer2.0.downsample.0.weight: 2/128 channels masked
Layer layer3.0.downsample.0.weight: 1/256 channels masked
Layer layer4.0.conv2.weight: 1/512 channels masked
Layer layer4.0.downsample.0.weight: 46/512 channels masked
------------------------- time cost ------------------------- 3.5751051902770996
ASR: 0.23539495819168657
attack_auc: 0.7513430879864509
Layer layer2.0.downsample.0.weight: 2/128 channels masked
Layer layer3.0.downsample.0.weight: 1/256 channels masked
Layer layer4.0.conv2.weight: 1/512 channels masked
Layer layer4.0.downsample.0.weight: 47/512 channels masked
------------------------- time cost ------------------------- 3.978766918182373

-------------Round number: 160-------------

Evaluate personalized models
Averaged Train Loss: 0.5537
Averaged Test Accurancy: 0.7294
Averaged Test AUC: 0.9508
Std Test Accurancy: 0.1001
Std Test AUC: 0.0238
ASR: 0.23475392088257266
attack_auc: 0.7573837096046757
Layer layer2.0.downsample.0.weight: 2/128 channels masked
Layer layer3.0.downsample.0.weight: 1/256 channels masked
Layer layer4.0.conv2.weight: 2/512 channels masked
Layer layer4.0.downsample.0.weight: 47/512 channels masked
------------------------- time cost ------------------------- 8.085383415222168
ASR: 0.2706418267236197
attack_auc: 0.7764017745107792
Layer layer2.0.downsample.0.weight: 2/128 channels masked
Layer layer3.0.downsample.0.weight: 1/256 channels masked
Layer layer4.0.conv2.weight: 2/512 channels masked
Layer layer4.0.downsample.0.weight: 48/512 channels masked
------------------------- time cost ------------------------- 3.819951057434082
ASR: 0.2622829594540617
attack_auc: 0.778316410385585
Layer layer2.0.downsample.0.weight: 2/128 channels masked
Layer layer3.0.downsample.0.weight: 1/256 channels masked
Layer layer4.0.conv2.weight: 2/512 channels masked
Layer layer4.0.downsample.0.weight: 49/512 channels masked
------------------------- time cost ------------------------- 3.218903064727783
ASR: 0.2701678635963216
attack_auc: 0.776387036965143
Layer layer2.0.downsample.0.weight: 2/128 channels masked
Layer layer3.0.downsample.0.weight: 1/256 channels masked
Layer layer4.0.conv2.weight: 3/512 channels masked
Layer layer4.0.downsample.0.weight: 48/512 channels masked
------------------------- time cost ------------------------- 3.282273292541504
ASR: 0.2607459061409888
attack_auc: 0.7671620417178737
Layer layer2.0.downsample.0.weight: 2/128 channels masked
Layer layer3.0.downsample.0.weight: 1/256 channels masked
Layer layer4.0.conv2.weight: 3/512 channels masked
Layer layer4.0.downsample.0.weight: 51/512 channels masked
------------------------- time cost ------------------------- 3.2979438304901123
ASR: 0.25844021402457834
attack_auc: 0.7724084682856143
Layer layer2.0.downsample.0.weight: 2/128 channels masked
Layer layer3.0.downsample.0.weight: 1/256 channels masked
Layer layer4.0.conv2.weight: 4/512 channels masked
Layer layer4.0.downsample.0.weight: 51/512 channels masked
------------------------- time cost ------------------------- 3.5533668994903564
ASR: 0.2608206824665728
attack_auc: 0.770677459361369
Layer layer2.0.downsample.0.weight: 2/128 channels masked
Layer layer3.0.downsample.0.weight: 1/256 channels masked
Layer layer4.0.conv2.weight: 2/512 channels masked
Layer layer4.0.downsample.0.weight: 50/512 channels masked
Layer layer4.1.conv2.weight: 1/512 channels masked
------------------------- time cost ------------------------- 3.415064573287964
ASR: 0.272763949112112
attack_auc: 0.781681750905439
Layer layer2.0.downsample.0.weight: 2/128 channels masked
Layer layer3.0.downsample.0.weight: 1/256 channels masked
Layer layer4.0.conv2.weight: 2/512 channels masked
Layer layer4.0.downsample.0.weight: 50/512 channels masked
------------------------- time cost ------------------------- 3.424661874771118
ASR: 0.28997322320086855
attack_auc: 0.7875662146505138
Layer layer2.0.downsample.0.weight: 2/128 channels masked
Layer layer3.0.downsample.0.weight: 1/256 channels masked
Layer layer4.0.conv2.weight: 2/512 channels masked
Layer layer4.0.downsample.0.weight: 50/512 channels masked
------------------------- time cost ------------------------- 3.8304097652435303
ASR: 0.28692937002489466
attack_auc: 0.7883178054518792
Layer layer2.0.downsample.0.weight: 2/128 channels masked
Layer layer3.0.downsample.0.weight: 1/256 channels masked
Layer layer4.0.conv2.weight: 1/512 channels masked
Layer layer4.0.downsample.0.weight: 50/512 channels masked
------------------------- time cost ------------------------- 3.2553930282592773

-------------Round number: 170-------------

Evaluate personalized models
Averaged Train Loss: 0.5166
Averaged Test Accurancy: 0.7366
Averaged Test AUC: 0.9518
Std Test Accurancy: 0.0947
Std Test AUC: 0.0234
ASR: 0.28021160448777827
attack_auc: 0.7837109823879167
Layer layer2.0.downsample.0.weight: 2/128 channels masked
Layer layer3.0.downsample.0.weight: 1/256 channels masked
Layer layer4.0.conv2.weight: 2/512 channels masked
Layer layer4.0.downsample.0.weight: 50/512 channels masked
------------------------- time cost ------------------------- 8.55977725982666
ASR: 0.30613223723002875
attack_auc: 0.7992067452567001
Layer layer2.0.downsample.0.weight: 2/128 channels masked
Layer layer3.0.downsample.0.weight: 1/256 channels masked
Layer layer4.0.conv2.weight: 3/512 channels masked
Layer layer4.0.downsample.0.weight: 48/512 channels masked
------------------------- time cost ------------------------- 3.2655036449432373
ASR: 0.2965804807247035
attack_auc: 0.7911271637199022
Layer layer2.0.downsample.0.weight: 2/128 channels masked
Layer layer3.0.downsample.0.weight: 1/256 channels masked
Layer layer4.0.conv2.weight: 3/512 channels masked
Layer layer4.0.downsample.0.weight: 49/512 channels masked
------------------------- time cost ------------------------- 3.10589337348938
ASR: 0.3074895055107721
attack_auc: 0.7940508732579403
Layer layer2.0.downsample.0.weight: 2/128 channels masked
Layer layer3.0.downsample.0.weight: 1/256 channels masked
Layer layer4.0.conv2.weight: 3/512 channels masked
Layer layer4.0.downsample.0.weight: 48/512 channels masked
------------------------- time cost ------------------------- 3.0604090690612793
ASR: 0.30733970551093753
attack_auc: 0.7948404820904844
Layer layer2.0.downsample.0.weight: 2/128 channels masked
Layer layer3.0.downsample.0.weight: 1/256 channels masked
Layer layer4.0.conv2.weight: 3/512 channels masked
Layer layer4.0.downsample.0.weight: 49/512 channels masked
------------------------- time cost ------------------------- 3.3879036903381348
ASR: 0.29215104265662883
attack_auc: 0.7895998575225108
Layer layer2.0.downsample.0.weight: 2/128 channels masked
Layer layer3.0.downsample.0.weight: 1/256 channels masked
Layer layer4.0.conv2.weight: 3/512 channels masked
Layer layer4.0.downsample.0.weight: 48/512 channels masked
------------------------- time cost ------------------------- 3.67632794380188
ASR: 0.2715019423118163
attack_auc: 0.7676499853475275
Layer layer2.0.downsample.0.weight: 2/128 channels masked
Layer layer3.0.downsample.0.weight: 1/256 channels masked
Layer layer4.0.conv2.weight: 2/512 channels masked
Layer layer4.0.downsample.0.weight: 48/512 channels masked
------------------------- time cost ------------------------- 3.851675510406494
ASR: 0.28483365425992246
attack_auc: 0.7833321262171435
Layer layer2.0.downsample.0.weight: 2/128 channels masked
Layer layer3.0.downsample.0.weight: 1/256 channels masked
Layer layer4.0.downsample.0.weight: 48/512 channels masked
------------------------- time cost ------------------------- 3.4179251194000244
ASR: 0.301935115208711
attack_auc: 0.7942397941792837
Layer layer2.0.downsample.0.weight: 2/128 channels masked
Layer layer3.0.downsample.0.weight: 1/256 channels masked
Layer layer4.0.downsample.0.weight: 48/512 channels masked
------------------------- time cost ------------------------- 3.3829293251037598
ASR: 0.29479322096557853
attack_auc: 0.7885965058319919
Layer layer2.0.downsample.0.weight: 2/128 channels masked
Layer layer3.0.downsample.0.weight: 1/256 channels masked
Layer layer4.0.downsample.0.weight: 49/512 channels masked
Layer layer4.1.conv2.weight: 1/512 channels masked
------------------------- time cost ------------------------- 3.880255937576294

-------------Round number: 180-------------

Evaluate personalized models
Averaged Train Loss: 0.4660
Averaged Test Accurancy: 0.7368
Averaged Test AUC: 0.9531
Std Test Accurancy: 0.0852
Std Test AUC: 0.0197
ASR: 0.27314833264928906
attack_auc: 0.7808587685753742
Layer layer2.0.downsample.0.weight: 2/128 channels masked
Layer layer3.0.downsample.0.weight: 1/256 channels masked
Layer layer4.0.downsample.0.weight: 49/512 channels masked
------------------------- time cost ------------------------- 8.364398002624512
ASR: 0.2781369494229016
attack_auc: 0.7835400230932907
Layer layer2.0.downsample.0.weight: 2/128 channels masked
Layer layer3.0.downsample.0.weight: 1/256 channels masked
Layer layer4.0.downsample.0.weight: 50/512 channels masked
Layer layer4.1.conv2.weight: 1/512 channels masked
------------------------- time cost ------------------------- 3.5931921005249023
ASR: 0.3211243008914273
attack_auc: 0.8054667157219578
Layer layer2.0.downsample.0.weight: 2/128 channels masked
Layer layer3.0.downsample.0.weight: 1/256 channels masked
Layer layer4.0.downsample.0.weight: 49/512 channels masked
------------------------- time cost ------------------------- 3.5099399089813232
ASR: 0.32834480925035403
attack_auc: 0.8027717610036864
Layer layer2.0.downsample.0.weight: 2/128 channels masked
Layer layer3.0.downsample.0.weight: 1/256 channels masked
Layer layer4.0.downsample.0.weight: 48/512 channels masked
------------------------- time cost ------------------------- 3.018401861190796
ASR: 0.34618283349344736
attack_auc: 0.8134213443747089
Layer layer2.0.downsample.0.weight: 2/128 channels masked
Layer layer3.0.downsample.0.weight: 1/256 channels masked
Layer layer4.0.downsample.0.weight: 48/512 channels masked
Layer layer4.1.conv2.weight: 1/512 channels masked
------------------------- time cost ------------------------- 3.4121499061584473
ASR: 0.37594243946662625
attack_auc: 0.8297954751700378
Layer layer2.0.downsample.0.weight: 2/128 channels masked
Layer layer3.0.downsample.0.weight: 1/256 channels masked
Layer layer4.0.downsample.0.weight: 48/512 channels masked
Layer layer4.1.conv2.weight: 1/512 channels masked
------------------------- time cost ------------------------- 3.5165765285491943
ASR: 0.3669637861684039
attack_auc: 0.8259638414729595
Layer layer2.0.downsample.0.weight: 2/128 channels masked
Layer layer3.0.downsample.0.weight: 1/256 channels masked
Layer layer4.0.downsample.0.weight: 48/512 channels masked
Layer layer4.1.conv2.weight: 1/512 channels masked
------------------------- time cost ------------------------- 3.3142921924591064
ASR: 0.3983293224345166
attack_auc: 0.8338212759048111
Layer layer2.0.downsample.0.weight: 2/128 channels masked
Layer layer3.0.downsample.0.weight: 1/256 channels masked
Layer layer4.0.downsample.0.weight: 48/512 channels masked
Layer layer4.1.conv2.weight: 1/512 channels masked
------------------------- time cost ------------------------- 3.14066219329834
ASR: 0.37908964856374294
attack_auc: 0.826028089291475
Layer layer2.0.downsample.0.weight: 2/128 channels masked
Layer layer3.0.downsample.0.weight: 1/256 channels masked
Layer layer4.0.downsample.0.weight: 49/512 channels masked
Layer layer4.1.conv2.weight: 1/512 channels masked
------------------------- time cost ------------------------- 3.3694028854370117
ASR: 0.3467448534865125
attack_auc: 0.8151429574228476
Layer layer2.0.downsample.0.weight: 2/128 channels masked
Layer layer3.0.downsample.0.weight: 1/256 channels masked
Layer layer4.0.downsample.0.weight: 50/512 channels masked
Layer layer4.1.conv2.weight: 1/512 channels masked
------------------------- time cost ------------------------- 3.7717576026916504

-------------Round number: 190-------------

Evaluate personalized models
Averaged Train Loss: 0.4015
Averaged Test Accurancy: 0.7537
Averaged Test AUC: 0.9566
Std Test Accurancy: 0.0818
Std Test AUC: 0.0188
ASR: 0.33901642909771706
attack_auc: 0.8134687848746872
Layer layer2.0.downsample.0.weight: 2/128 channels masked
Layer layer3.0.downsample.0.weight: 1/256 channels masked
Layer layer4.0.downsample.0.weight: 49/512 channels masked
Layer layer4.1.conv2.weight: 1/512 channels masked
------------------------- time cost ------------------------- 7.61896538734436
ASR: 0.37195967803737584
attack_auc: 0.8213836113658949
Layer layer2.0.downsample.0.weight: 2/128 channels masked
Layer layer3.0.downsample.0.weight: 1/256 channels masked
Layer layer4.0.downsample.0.weight: 51/512 channels masked
Layer layer4.1.conv2.weight: 1/512 channels masked
------------------------- time cost ------------------------- 3.4284286499023438
ASR: 0.3307821109477116
attack_auc: 0.8046398969530182
Layer layer2.0.downsample.0.weight: 2/128 channels masked
Layer layer3.0.downsample.0.weight: 1/256 channels masked
Layer layer4.0.downsample.0.weight: 52/512 channels masked
Layer layer4.1.conv2.weight: 1/512 channels masked
------------------------- time cost ------------------------- 3.674689769744873
ASR: 0.31182865636942747
attack_auc: 0.7991982629695374
Layer layer2.0.downsample.0.weight: 2/128 channels masked
Layer layer3.0.downsample.0.weight: 1/256 channels masked
Layer layer4.0.downsample.0.weight: 52/512 channels masked
Layer layer4.1.conv2.weight: 1/512 channels masked
------------------------- time cost ------------------------- 3.5600316524505615
ASR: 0.3178637477044251
attack_auc: 0.8016977306224466
Layer layer2.0.downsample.0.weight: 2/128 channels masked
Layer layer3.0.downsample.0.weight: 1/256 channels masked
Layer layer4.0.downsample.0.weight: 52/512 channels masked
Layer layer4.1.conv2.weight: 1/512 channels masked
------------------------- time cost ------------------------- 3.6754493713378906
ASR: 0.31904070511801086
attack_auc: 0.8036026043539138
Layer layer2.0.downsample.0.weight: 2/128 channels masked
Layer layer3.0.downsample.0.weight: 1/256 channels masked
Layer layer4.0.downsample.0.weight: 52/512 channels masked
Layer layer4.1.conv2.weight: 1/512 channels masked
------------------------- time cost ------------------------- 3.6235296726226807
ASR: 0.3200177072859024
attack_auc: 0.8108814670625252
Layer layer2.0.downsample.0.weight: 2/128 channels masked
Layer layer3.0.downsample.0.weight: 1/256 channels masked
Layer layer4.0.downsample.0.weight: 52/512 channels masked
Layer layer4.1.conv2.weight: 1/512 channels masked
------------------------- time cost ------------------------- 3.5870769023895264
ASR: 0.33044693813182224
attack_auc: 0.81355134246884
Layer layer2.0.downsample.0.weight: 2/128 channels masked
Layer layer3.0.downsample.0.weight: 1/256 channels masked
Layer layer4.0.downsample.0.weight: 52/512 channels masked
Layer layer4.1.conv2.weight: 1/512 channels masked
------------------------- time cost ------------------------- 3.3644723892211914
ASR: 0.3344097417906802
attack_auc: 0.8110856922187364
Layer layer2.0.downsample.0.weight: 2/128 channels masked
Layer layer3.0.downsample.0.weight: 1/256 channels masked
Layer layer4.0.conv2.weight: 1/512 channels masked
Layer layer4.0.downsample.0.weight: 54/512 channels masked
Layer layer4.1.conv2.weight: 1/512 channels masked
------------------------- time cost ------------------------- 3.120933771133423
ASR: 0.34174220234791736
attack_auc: 0.8182023742689838
Layer layer2.0.downsample.0.weight: 2/128 channels masked
Layer layer3.0.downsample.0.weight: 1/256 channels masked
Layer layer4.0.conv2.weight: 1/512 channels masked
Layer layer4.0.downsample.0.weight: 52/512 channels masked
Layer layer4.1.conv2.weight: 1/512 channels masked
------------------------- time cost ------------------------- 3.5757997035980225

-------------Round number: 200-------------

Evaluate personalized models
Averaged Train Loss: 0.3910
Averaged Test Accurancy: 0.7482
Averaged Test AUC: 0.9555
Std Test Accurancy: 0.0883
Std Test AUC: 0.0211
ASR: 0.32263383328400014
attack_auc: 0.8015073984135255
Layer layer2.0.downsample.0.weight: 2/128 channels masked
Layer layer3.0.downsample.0.weight: 1/256 channels masked
Layer layer4.0.conv2.weight: 1/512 channels masked
Layer layer4.0.downsample.0.weight: 54/512 channels masked
Layer layer4.1.conv2.weight: 1/512 channels masked
------------------------- time cost ------------------------- 8.099663257598877
ASR: 0.34441243417738693
attack_auc: 0.8186458906490232
Layer layer2.0.downsample.0.weight: 2/128 channels masked
Layer layer3.0.downsample.0.weight: 1/256 channels masked
Layer layer4.0.conv2.weight: 1/512 channels masked
Layer layer4.0.downsample.0.weight: 54/512 channels masked
Layer layer4.1.conv2.weight: 1/512 channels masked
------------------------- time cost ------------------------- 3.64829683303833
ASR: 0.3556012147336967
attack_auc: 0.8198531683659659
Layer layer2.0.downsample.0.weight: 2/128 channels masked
Layer layer3.0.downsample.0.weight: 1/256 channels masked
Layer layer4.0.conv2.weight: 1/512 channels masked
Layer layer4.0.downsample.0.weight: 54/512 channels masked
Layer layer4.1.conv2.weight: 1/512 channels masked
------------------------- time cost ------------------------- 3.3685736656188965
ASR: 0.36331527946535497
attack_auc: 0.8182711171798371
Layer layer2.0.downsample.0.weight: 2/128 channels masked
Layer layer3.0.downsample.0.weight: 1/256 channels masked
Layer layer4.0.conv2.weight: 2/512 channels masked
Layer layer4.0.downsample.0.weight: 59/512 channels masked
Layer layer4.1.conv2.weight: 1/512 channels masked
------------------------- time cost ------------------------- 3.563981056213379
ASR: 0.36311373726309
attack_auc: 0.8233666239007035
Layer layer2.0.downsample.0.weight: 2/128 channels masked
Layer layer3.0.downsample.0.weight: 1/256 channels masked
Layer layer4.0.conv2.weight: 1/512 channels masked
Layer layer4.0.downsample.0.weight: 55/512 channels masked
Layer layer4.1.conv2.weight: 1/512 channels masked
------------------------- time cost ------------------------- 3.2624800205230713
ASR: 0.35937311420821527
attack_auc: 0.8164558302888847
Layer layer2.0.downsample.0.weight: 2/128 channels masked
Layer layer3.0.downsample.0.weight: 1/256 channels masked
Layer layer4.0.conv2.weight: 1/512 channels masked
Layer layer4.0.downsample.0.weight: 56/512 channels masked
Layer layer4.1.conv2.weight: 1/512 channels masked
------------------------- time cost ------------------------- 3.5302984714508057
ASR: 0.35837282183372865
attack_auc: 0.820977641994393
Layer layer2.0.downsample.0.weight: 2/128 channels masked
Layer layer3.0.downsample.0.weight: 1/256 channels masked
Layer layer4.0.conv2.weight: 1/512 channels masked
Layer layer4.0.downsample.0.weight: 56/512 channels masked
Layer layer4.1.conv2.weight: 1/512 channels masked
------------------------- time cost ------------------------- 3.323528289794922
ASR: 0.34352173233002486
attack_auc: 0.8092531019858894
Layer layer2.0.downsample.0.weight: 2/128 channels masked
Layer layer3.0.downsample.0.weight: 1/256 channels masked
Layer layer4.0.conv2.weight: 1/512 channels masked
Layer layer4.0.downsample.0.weight: 58/512 channels masked
Layer layer4.1.conv2.weight: 1/512 channels masked
------------------------- time cost ------------------------- 3.4943528175354004
ASR: 0.34052973568358685
attack_auc: 0.8105942827267058
Layer layer2.0.downsample.0.weight: 2/128 channels masked
Layer layer3.0.downsample.0.weight: 1/256 channels masked
Layer layer4.0.conv2.weight: 1/512 channels masked
Layer layer4.0.downsample.0.weight: 58/512 channels masked
Layer layer4.1.conv2.weight: 1/512 channels masked
------------------------- time cost ------------------------- 3.4759953022003174
ASR: 0.34483825618563524
attack_auc: 0.8098289800353319
Layer layer2.0.downsample.0.weight: 2/128 channels masked
Layer layer3.0.downsample.0.weight: 1/256 channels masked
Layer layer4.0.conv2.weight: 3/512 channels masked
Layer layer4.0.downsample.0.weight: 60/512 channels masked
Layer layer4.1.conv2.weight: 1/512 channels masked
------------------------- time cost ------------------------- 3.619062662124634

-------------Round number: 210-------------

Evaluate personalized models
Averaged Train Loss: 0.3601
Averaged Test Accurancy: 0.7503
Averaged Test AUC: 0.9560
Std Test Accurancy: 0.0875
Std Test AUC: 0.0206
ASR: 0.3522490027471026
attack_auc: 0.8139798683563215
Layer layer2.0.downsample.0.weight: 2/128 channels masked
Layer layer3.0.downsample.0.weight: 1/256 channels masked
Layer layer4.0.conv2.weight: 1/512 channels masked
Layer layer4.0.downsample.0.weight: 57/512 channels masked
Layer layer4.1.conv2.weight: 1/512 channels masked
------------------------- time cost ------------------------- 8.091819286346436
ASR: 0.36477883835133984
attack_auc: 0.8227857121441594
Layer layer2.0.downsample.0.weight: 2/128 channels masked
Layer layer3.0.downsample.0.weight: 1/256 channels masked
Layer layer4.0.conv2.weight: 1/512 channels masked
Layer layer4.0.downsample.0.weight: 58/512 channels masked
Layer layer4.1.conv2.weight: 1/512 channels masked
------------------------- time cost ------------------------- 3.6746110916137695
ASR: 0.3228318555785015
attack_auc: 0.8046351088848698
Layer layer2.0.downsample.0.weight: 2/128 channels masked
Layer layer3.0.downsample.0.weight: 1/256 channels masked
Layer layer4.0.downsample.0.weight: 57/512 channels masked
Layer layer4.1.conv2.weight: 1/512 channels masked
------------------------- time cost ------------------------- 3.3223862648010254
ASR: 0.34057555777365833
attack_auc: 0.81197468399898
Layer layer2.0.downsample.0.weight: 2/128 channels masked
Layer layer3.0.downsample.0.weight: 1/256 channels masked
Layer layer4.0.downsample.0.weight: 57/512 channels masked
Layer layer4.1.conv2.weight: 1/512 channels masked
------------------------- time cost ------------------------- 3.2570104598999023
ASR: 0.32496966099150865
attack_auc: 0.8001643512472222
Layer layer2.0.downsample.0.weight: 2/128 channels masked
Layer layer3.0.downsample.0.weight: 1/256 channels masked
Layer layer4.0.downsample.0.weight: 58/512 channels masked
Layer layer4.1.conv2.weight: 1/512 channels masked
------------------------- time cost ------------------------- 3.318915843963623
ASR: 0.35688155451172776
attack_auc: 0.8170047493225518
Layer layer2.0.downsample.0.weight: 2/128 channels masked
Layer layer3.0.downsample.0.weight: 1/256 channels masked
Layer layer4.0.downsample.0.weight: 59/512 channels masked
Layer layer4.1.conv2.weight: 1/512 channels masked
------------------------- time cost ------------------------- 3.7294702529907227
ASR: 0.37638995696328337
attack_auc: 0.8294094752748388
Layer layer2.0.downsample.0.weight: 2/128 channels masked
Layer layer3.0.downsample.0.weight: 1/256 channels masked
Layer layer4.0.downsample.0.weight: 59/512 channels masked
Layer layer4.1.conv2.weight: 1/512 channels masked
------------------------- time cost ------------------------- 3.6725525856018066
ASR: 0.37847282183228187
attack_auc: 0.8292818934493725
Layer layer2.0.downsample.0.weight: 2/128 channels masked
Layer layer3.0.downsample.0.weight: 1/256 channels masked
Layer layer4.0.downsample.0.weight: 59/512 channels masked
Layer layer4.1.conv2.weight: 1/512 channels masked
------------------------- time cost ------------------------- 3.870959997177124
ASR: 0.3578577041909862
attack_auc: 0.8236533490599953
Layer layer2.0.downsample.0.weight: 2/128 channels masked
Layer layer3.0.downsample.0.weight: 1/256 channels masked
Layer layer4.0.downsample.0.weight: 59/512 channels masked
Layer layer4.1.conv2.weight: 1/512 channels masked
------------------------- time cost ------------------------- 3.464665412902832
ASR: 0.37752652605917153
attack_auc: 0.8254212030844783
Layer layer2.0.downsample.0.weight: 2/128 channels masked
Layer layer3.0.downsample.0.weight: 1/256 channels masked
Layer layer4.0.downsample.0.weight: 61/512 channels masked
Layer layer4.1.conv2.weight: 1/512 channels masked
------------------------- time cost ------------------------- 3.525949001312256

-------------Round number: 220-------------

Evaluate personalized models
Averaged Train Loss: 0.3178
Averaged Test Accurancy: 0.7590
Averaged Test AUC: 0.9582
Std Test Accurancy: 0.0834
Std Test AUC: 0.0185
ASR: 0.3888740502101417
attack_auc: 0.83657938790919
Layer layer2.0.downsample.0.weight: 2/128 channels masked
Layer layer3.0.downsample.0.weight: 1/256 channels masked
Layer layer4.0.downsample.0.weight: 61/512 channels masked
Layer layer4.1.conv2.weight: 1/512 channels masked
------------------------- time cost ------------------------- 8.373148441314697
ASR: 0.37583029693019143
attack_auc: 0.8286426383927752
Layer layer2.0.downsample.0.weight: 2/128 channels masked
Layer layer3.0.downsample.0.weight: 1/256 channels masked
Layer layer4.0.downsample.0.weight: 62/512 channels masked
Layer layer4.1.conv2.weight: 1/512 channels masked
------------------------- time cost ------------------------- 3.8992557525634766
ASR: 0.3930154145509882
attack_auc: 0.838629149080548
Layer layer2.0.downsample.0.weight: 2/128 channels masked
Layer layer3.0.downsample.0.weight: 1/256 channels masked
Layer layer4.0.downsample.0.weight: 62/512 channels masked
Layer layer4.1.conv2.weight: 1/512 channels masked
------------------------- time cost ------------------------- 3.4530282020568848
ASR: 0.3601785509583245
attack_auc: 0.820296988756085
Layer layer2.0.downsample.0.weight: 2/128 channels masked
Layer layer3.0.downsample.0.weight: 1/256 channels masked
Layer layer4.0.downsample.0.weight: 62/512 channels masked
Layer layer4.1.conv2.weight: 1/512 channels masked
------------------------- time cost ------------------------- 3.3476579189300537
ASR: 0.3692731658579129
attack_auc: 0.8327757472889902
Layer layer2.0.downsample.0.weight: 2/128 channels masked
Layer layer3.0.downsample.0.weight: 1/256 channels masked
Layer layer4.0.downsample.0.weight: 62/512 channels masked
Layer layer4.1.conv2.weight: 1/512 channels masked
------------------------- time cost ------------------------- 3.4114506244659424
ASR: 0.39893621450707145
attack_auc: 0.8381092481966665
Layer layer2.0.downsample.0.weight: 2/128 channels masked
Layer layer3.0.downsample.0.weight: 1/256 channels masked
Layer layer4.0.downsample.0.weight: 62/512 channels masked
Layer layer4.1.conv2.weight: 1/512 channels masked
------------------------- time cost ------------------------- 3.1353321075439453
ASR: 0.3898911785283942
attack_auc: 0.8296820118840448
Layer layer2.0.downsample.0.weight: 2/128 channels masked
Layer layer3.0.downsample.0.weight: 1/256 channels masked
Layer layer4.0.downsample.0.weight: 62/512 channels masked
Layer layer4.1.conv2.weight: 1/512 channels masked
------------------------- time cost ------------------------- 3.1220290660858154
ASR: 0.42186393414015594
attack_auc: 0.8443079442338454
Layer layer2.0.downsample.0.weight: 2/128 channels masked
Layer layer3.0.downsample.0.weight: 1/256 channels masked
Layer layer4.0.downsample.0.weight: 62/512 channels masked
Layer layer4.1.conv2.weight: 1/512 channels masked
------------------------- time cost ------------------------- 3.549927234649658
ASR: 0.40099940206178125
attack_auc: 0.8370630332204074
Layer layer2.0.downsample.0.weight: 2/128 channels masked
Layer layer3.0.downsample.0.weight: 1/256 channels masked
Layer layer4.0.downsample.0.weight: 63/512 channels masked
Layer layer4.1.conv2.weight: 1/512 channels masked
------------------------- time cost ------------------------- 3.4488563537597656
ASR: 0.40950572279135383
attack_auc: 0.8450648497117997
Layer layer2.0.downsample.0.weight: 2/128 channels masked
Layer layer3.0.downsample.0.weight: 1/256 channels masked
Layer layer4.0.downsample.0.weight: 63/512 channels masked
Layer layer4.1.conv2.weight: 1/512 channels masked
------------------------- time cost ------------------------- 3.219813585281372

-------------Round number: 230-------------

Evaluate personalized models
Averaged Train Loss: 0.3387
Averaged Test Accurancy: 0.7554
Averaged Test AUC: 0.9578
Std Test Accurancy: 0.0923
Std Test AUC: 0.0204
ASR: 0.4079835481753943
attack_auc: 0.8394848628784405
Layer layer2.0.downsample.0.weight: 2/128 channels masked
Layer layer3.0.downsample.0.weight: 1/256 channels masked
Layer layer4.0.conv2.weight: 1/512 channels masked
Layer layer4.0.downsample.0.weight: 63/512 channels masked
Layer layer4.1.conv2.weight: 1/512 channels masked
------------------------- time cost ------------------------- 8.111990690231323
ASR: 0.41666638752925383
attack_auc: 0.8456010710060947
Layer layer2.0.downsample.0.weight: 2/128 channels masked
Layer layer3.0.downsample.0.weight: 1/256 channels masked
Layer layer4.0.conv2.weight: 1/512 channels masked
Layer layer4.0.downsample.0.weight: 64/512 channels masked
Layer layer4.1.conv2.weight: 1/512 channels masked
------------------------- time cost ------------------------- 3.9012258052825928
ASR: 0.44400257990423486
attack_auc: 0.8569734869658957
Layer layer2.0.downsample.0.weight: 2/128 channels masked
Layer layer3.0.downsample.0.weight: 1/256 channels masked
Layer layer4.0.conv2.weight: 1/512 channels masked
Layer layer4.0.downsample.0.weight: 64/512 channels masked
Layer layer4.1.conv2.weight: 1/512 channels masked
------------------------- time cost ------------------------- 3.5917818546295166
ASR: 0.38201196319288516
attack_auc: 0.8368241975101591
Layer layer2.0.downsample.0.weight: 2/128 channels masked
Layer layer3.0.downsample.0.weight: 1/256 channels masked
Layer layer4.0.conv2.weight: 1/512 channels masked
Layer layer4.0.downsample.0.weight: 64/512 channels masked
Layer layer4.1.conv2.weight: 1/512 channels masked
------------------------- time cost ------------------------- 2.975684881210327
ASR: 0.36634031361411157
attack_auc: 0.8259806172398932
Layer layer2.0.downsample.0.weight: 2/128 channels masked
Layer layer3.0.downsample.0.weight: 1/256 channels masked
Layer layer4.0.conv2.weight: 1/512 channels masked
Layer layer4.0.downsample.0.weight: 64/512 channels masked
Layer layer4.1.conv2.weight: 1/512 channels masked
------------------------- time cost ------------------------- 3.572019100189209
ASR: 0.40690940456281277
attack_auc: 0.841739031379063
Layer layer2.0.downsample.0.weight: 2/128 channels masked
Layer layer3.0.downsample.0.weight: 1/256 channels masked
Layer layer4.0.conv2.weight: 1/512 channels masked
Layer layer4.0.downsample.0.weight: 63/512 channels masked
Layer layer4.1.conv2.weight: 1/512 channels masked
------------------------- time cost ------------------------- 3.4430103302001953
ASR: 0.429404847700344
attack_auc: 0.8556363960851504
Layer layer2.0.downsample.0.weight: 2/128 channels masked
Layer layer3.0.downsample.0.weight: 1/256 channels masked
Layer layer4.0.downsample.0.weight: 62/512 channels masked
Layer layer4.1.conv2.weight: 1/512 channels masked
------------------------- time cost ------------------------- 3.294260025024414
ASR: 0.41529109967177047
attack_auc: 0.850316438021454
Layer layer2.0.downsample.0.weight: 2/128 channels masked
Layer layer3.0.downsample.0.weight: 1/256 channels masked
Layer layer4.0.downsample.0.weight: 64/512 channels masked
Layer layer4.1.conv2.weight: 1/512 channels masked
------------------------- time cost ------------------------- 3.4800050258636475
ASR: 0.40418660349667584
attack_auc: 0.8444511254766898
Layer layer2.0.downsample.0.weight: 2/128 channels masked
Layer layer3.0.downsample.0.weight: 1/256 channels masked
Layer layer4.0.downsample.0.weight: 62/512 channels masked
Layer layer4.1.conv2.weight: 1/512 channels masked
------------------------- time cost ------------------------- 3.7355639934539795
ASR: 0.45810535303946115
attack_auc: 0.8657269115900224
Layer layer2.0.downsample.0.weight: 2/128 channels masked
Layer layer3.0.downsample.0.weight: 1/256 channels masked
Layer layer4.0.downsample.0.weight: 63/512 channels masked
Layer layer4.1.conv2.weight: 1/512 channels masked
------------------------- time cost ------------------------- 3.3700387477874756

-------------Round number: 240-------------

Evaluate personalized models
Averaged Train Loss: 0.2812
Averaged Test Accurancy: 0.7571
Averaged Test AUC: 0.9580
Std Test Accurancy: 0.0903
Std Test AUC: 0.0203
ASR: 0.44685424219834247
attack_auc: 0.8601993482424553
Layer layer2.0.downsample.0.weight: 2/128 channels masked
Layer layer3.0.downsample.0.weight: 1/256 channels masked
Layer layer4.0.downsample.0.weight: 63/512 channels masked
Layer layer4.1.conv2.weight: 1/512 channels masked
------------------------- time cost ------------------------- 7.77272891998291
ASR: 0.44184344951626403
attack_auc: 0.8602531127802437
Layer layer2.0.downsample.0.weight: 2/128 channels masked
Layer layer3.0.downsample.0.weight: 1/256 channels masked
Layer layer4.0.downsample.0.weight: 63/512 channels masked
Layer layer4.1.conv2.weight: 1/512 channels masked
------------------------- time cost ------------------------- 3.5714051723480225
ASR: 0.43211431276675705
attack_auc: 0.8538684669556437
Layer layer2.0.downsample.0.weight: 2/128 channels masked
Layer layer3.0.downsample.0.weight: 1/256 channels masked
Layer layer4.0.downsample.0.weight: 63/512 channels masked
Layer layer4.1.conv2.weight: 1/512 channels masked
------------------------- time cost ------------------------- 3.432619094848633
ASR: 0.40843000350648395
attack_auc: 0.8461276943977013
Layer layer2.0.downsample.0.weight: 2/128 channels masked
Layer layer3.0.downsample.0.weight: 1/256 channels masked
Layer layer4.0.conv2.weight: 1/512 channels masked
Layer layer4.0.downsample.0.weight: 64/512 channels masked
Layer layer4.1.conv2.weight: 1/512 channels masked
------------------------- time cost ------------------------- 3.446484088897705
ASR: 0.4198319105474644
attack_auc: 0.8493152426590563
Layer layer2.0.downsample.0.weight: 2/128 channels masked
Layer layer3.0.downsample.0.weight: 1/256 channels masked
Layer layer4.0.conv2.weight: 1/512 channels masked
Layer layer4.0.downsample.0.weight: 64/512 channels masked
Layer layer4.1.conv2.weight: 1/512 channels masked
------------------------- time cost ------------------------- 3.311269760131836
ASR: 0.4448283226292672
attack_auc: 0.8617114758772464
Layer layer2.0.downsample.0.weight: 2/128 channels masked
Layer layer3.0.downsample.0.weight: 1/256 channels masked
Layer layer4.0.conv2.weight: 1/512 channels masked
Layer layer4.0.downsample.0.weight: 63/512 channels masked
Layer layer4.1.conv2.weight: 1/512 channels masked
------------------------- time cost ------------------------- 3.3560197353363037
ASR: 0.44070180046072205
attack_auc: 0.8592722664337542
Layer layer2.0.downsample.0.weight: 2/128 channels masked
Layer layer3.0.downsample.0.weight: 1/256 channels masked
Layer layer4.0.conv2.weight: 2/512 channels masked
Layer layer4.0.downsample.0.weight: 63/512 channels masked
Layer layer4.1.conv2.weight: 1/512 channels masked
------------------------- time cost ------------------------- 3.6163485050201416
ASR: 0.4389203646339361
attack_auc: 0.8545153988716707
Layer layer2.0.downsample.0.weight: 2/128 channels masked
Layer layer3.0.downsample.0.weight: 1/256 channels masked
Layer layer4.0.conv2.weight: 1/512 channels masked
Layer layer4.0.downsample.0.weight: 65/512 channels masked
Layer layer4.1.conv2.weight: 1/512 channels masked
------------------------- time cost ------------------------- 3.278963804244995
ASR: 0.45553975023960935
attack_auc: 0.8586873333408055
Layer layer2.0.downsample.0.weight: 2/128 channels masked
Layer layer3.0.downsample.0.weight: 1/256 channels masked
Layer layer4.0.conv2.weight: 1/512 channels masked
Layer layer4.0.downsample.0.weight: 64/512 channels masked
Layer layer4.1.conv2.weight: 1/512 channels masked
------------------------- time cost ------------------------- 3.589348554611206
ASR: 0.43611020749829427
attack_auc: 0.851117019497586
Layer layer2.0.downsample.0.weight: 2/128 channels masked
Layer layer3.0.downsample.0.weight: 1/256 channels masked
Layer layer4.0.downsample.0.weight: 64/512 channels masked
Layer layer4.1.conv2.weight: 1/512 channels masked
------------------------- time cost ------------------------- 3.463071584701538

-------------Round number: 250-------------

Evaluate personalized models
Averaged Train Loss: 0.2871
Averaged Test Accurancy: 0.7520
Averaged Test AUC: 0.9567
Std Test Accurancy: 0.0938
Std Test AUC: 0.0205
ASR: 0.45508366990184146
attack_auc: 0.8584733534120841
Layer layer2.0.downsample.0.weight: 2/128 channels masked
Layer layer3.0.downsample.0.weight: 1/256 channels masked
Layer layer4.0.downsample.0.weight: 64/512 channels masked
Layer layer4.1.conv2.weight: 1/512 channels masked
------------------------- time cost ------------------------- 7.670731782913208
ASR: 0.45632947403912916
attack_auc: 0.8600460910102511
Layer layer2.0.downsample.0.weight: 2/128 channels masked
Layer layer3.0.downsample.0.weight: 1/256 channels masked
Layer layer4.0.downsample.0.weight: 64/512 channels masked
Layer layer4.1.conv2.weight: 1/512 channels masked
------------------------- time cost ------------------------- 3.2300899028778076
ASR: 0.45952926994864096
attack_auc: 0.8586377281932823
Layer layer2.0.downsample.0.weight: 2/128 channels masked
Layer layer3.0.downsample.0.weight: 1/256 channels masked
Layer layer4.0.downsample.0.weight: 64/512 channels masked
Layer layer4.1.conv2.weight: 1/512 channels masked
------------------------- time cost ------------------------- 3.2517600059509277
ASR: 0.4791720146906791
attack_auc: 0.8668117233271927
Layer layer2.0.downsample.0.weight: 2/128 channels masked
Layer layer3.0.downsample.0.weight: 1/256 channels masked
Layer layer4.0.downsample.0.weight: 65/512 channels masked
Layer layer4.1.conv2.weight: 1/512 channels masked
------------------------- time cost ------------------------- 3.0406765937805176
ASR: 0.46936274054391014
attack_auc: 0.8705443867481393
Layer layer2.0.downsample.0.weight: 2/128 channels masked
Layer layer3.0.downsample.0.weight: 1/256 channels masked
Layer layer4.0.downsample.0.weight: 65/512 channels masked
Layer layer4.1.conv2.weight: 1/512 channels masked
------------------------- time cost ------------------------- 4.014506816864014
ASR: 0.03453650973723481
attack_auc: 0.3070007511480408
Layer layer2.0.downsample.0.weight: 2/128 channels masked
Layer layer3.0.downsample.0.weight: 1/256 channels masked
Layer layer4.0.downsample.0.weight: 65/512 channels masked
Layer layer4.1.conv2.weight: 1/512 channels masked
------------------------- time cost ------------------------- 3.6470565795898438
ASR: 0.029773303183702464
attack_auc: 0.34632813995477785
Layer layer2.0.downsample.0.weight: 2/128 channels masked
Layer layer3.0.downsample.0.weight: 1/256 channels masked
Layer layer4.0.downsample.0.weight: 50/512 channels masked
Layer layer4.1.conv2.weight: 1/512 channels masked
------------------------- time cost ------------------------- 3.348259449005127
ASR: 0.05386250793003846
attack_auc: 0.38405317656699156
Layer layer2.0.downsample.0.weight: 2/128 channels masked
Layer layer3.0.downsample.0.weight: 1/256 channels masked
Layer layer4.0.downsample.0.weight: 51/512 channels masked
Layer layer4.1.conv2.weight: 1/512 channels masked
------------------------- time cost ------------------------- 3.5623269081115723
ASR: 0.08105250526150408
attack_auc: 0.4184226420323658
Layer layer2.0.downsample.0.weight: 2/128 channels masked
Layer layer3.0.downsample.0.weight: 1/256 channels masked
Layer layer4.0.downsample.0.weight: 47/512 channels masked
Layer layer4.1.conv2.weight: 1/512 channels masked
------------------------- time cost ------------------------- 3.878828525543213
ASR: 0.08323651295023768
attack_auc: 0.4461549143192886
Layer layer2.0.downsample.0.weight: 2/128 channels masked
Layer layer3.0.downsample.0.weight: 1/256 channels masked
Layer layer4.0.downsample.0.weight: 37/512 channels masked
Layer layer4.1.conv2.weight: 1/512 channels masked
------------------------- time cost ------------------------- 3.3333919048309326

-------------Round number: 260-------------

Evaluate personalized models
Averaged Train Loss: 3.3019
Averaged Test Accurancy: 0.3864
Averaged Test AUC: 0.7818
Std Test Accurancy: 0.2655
Std Test AUC: 0.1456
ASR: 0.1186276389815675
attack_auc: 0.4727255075984881
Layer layer2.0.downsample.0.weight: 2/128 channels masked
Layer layer3.0.downsample.0.weight: 1/256 channels masked
Layer layer4.0.downsample.0.weight: 37/512 channels masked
Layer layer4.1.conv2.weight: 1/512 channels masked
------------------------- time cost ------------------------- 7.975069284439087
ASR: 0.12572455950862274
attack_auc: 0.5143910210066325
Layer layer2.0.downsample.0.weight: 2/128 channels masked
Layer layer3.0.downsample.0.weight: 1/256 channels masked
Layer layer4.0.downsample.0.weight: 39/512 channels masked
Layer layer4.1.conv2.weight: 1/512 channels masked
------------------------- time cost ------------------------- 3.698338270187378
ASR: 0.1455138763635436
attack_auc: 0.5350029300277925
Layer layer2.0.downsample.0.weight: 2/128 channels masked
Layer layer3.0.downsample.0.weight: 1/256 channels masked
Layer layer4.0.conv2.weight: 2/512 channels masked
Layer layer4.0.downsample.0.weight: 37/512 channels masked
Layer layer4.1.conv2.weight: 1/512 channels masked
------------------------- time cost ------------------------- 3.8369901180267334
ASR: 0.15306086492198467
attack_auc: 0.543066564536858
Layer layer2.0.downsample.0.weight: 2/128 channels masked
Layer layer3.0.downsample.0.weight: 1/256 channels masked
Layer layer4.0.conv2.weight: 2/512 channels masked
Layer layer4.0.downsample.0.weight: 33/512 channels masked
Layer layer4.1.conv2.weight: 1/512 channels masked
------------------------- time cost ------------------------- 3.6412315368652344
ASR: 0.1717614235754358
attack_auc: 0.5753599727686411
Layer layer2.0.downsample.0.weight: 2/128 channels masked
Layer layer3.0.downsample.0.weight: 1/256 channels masked
Layer layer4.0.conv2.weight: 2/512 channels masked
Layer layer4.0.downsample.0.weight: 31/512 channels masked
Layer layer4.1.conv2.weight: 1/512 channels masked
------------------------- time cost ------------------------- 3.153987169265747
ASR: 0.2418278024165746
attack_auc: 0.6217518378194518
Layer layer2.0.downsample.0.weight: 2/128 channels masked
Layer layer3.0.downsample.0.weight: 1/256 channels masked
Layer layer4.0.conv2.weight: 2/512 channels masked
Layer layer4.0.downsample.0.weight: 31/512 channels masked
Layer layer4.1.conv2.weight: 1/512 channels masked
------------------------- time cost ------------------------- 3.2498133182525635
ASR: 0.2522663785546114
attack_auc: 0.6481758390794001
Layer layer2.0.downsample.0.weight: 2/128 channels masked
Layer layer3.0.downsample.0.weight: 1/256 channels masked
Layer layer4.0.conv2.weight: 2/512 channels masked
Layer layer4.0.downsample.0.weight: 32/512 channels masked
Layer layer4.1.conv2.weight: 1/512 channels masked
------------------------- time cost ------------------------- 3.670229434967041
ASR: 0.2319286027687308
attack_auc: 0.6579209657972195
Layer layer2.0.downsample.0.weight: 2/128 channels masked
Layer layer3.0.downsample.0.weight: 1/256 channels masked
Layer layer4.0.conv2.weight: 2/512 channels masked
Layer layer4.0.downsample.0.weight: 33/512 channels masked
Layer layer4.1.conv2.weight: 1/512 channels masked
------------------------- time cost ------------------------- 3.6448702812194824
ASR: 0.22724701903409364
attack_auc: 0.6575326185547798
Layer layer2.0.downsample.0.weight: 2/128 channels masked
Layer layer3.0.downsample.0.weight: 1/256 channels masked
Layer layer4.0.conv2.weight: 2/512 channels masked
Layer layer4.0.downsample.0.weight: 33/512 channels masked
Layer layer4.1.conv2.weight: 1/512 channels masked
------------------------- time cost ------------------------- 3.698364019393921
ASR: 0.27278888097034854
attack_auc: 0.6815416628956061
Layer layer2.0.downsample.0.weight: 2/128 channels masked
Layer layer3.0.downsample.0.weight: 1/256 channels masked
Layer layer4.0.conv2.weight: 1/512 channels masked
Layer layer4.0.downsample.0.weight: 35/512 channels masked
Layer layer4.1.conv2.weight: 1/512 channels masked
------------------------- time cost ------------------------- 3.511716365814209

-------------Round number: 270-------------

Evaluate personalized models
Averaged Train Loss: 1.4326
Averaged Test Accurancy: 0.6222
Averaged Test AUC: 0.8926
Std Test Accurancy: 0.2424
Std Test AUC: 0.1267
ASR: 0.26371539299772145
attack_auc: 0.6995505284336191
Layer layer2.0.downsample.0.weight: 2/128 channels masked
Layer layer3.0.downsample.0.weight: 1/256 channels masked
Layer layer4.0.downsample.0.weight: 35/512 channels masked
Layer layer4.1.conv2.weight: 1/512 channels masked
------------------------- time cost ------------------------- 7.829912424087524
ASR: 0.2636879200668442
attack_auc: 0.6972548615856166
Layer layer2.0.downsample.0.weight: 2/128 channels masked
Layer layer3.0.downsample.0.weight: 1/256 channels masked
Layer layer4.0.downsample.0.weight: 33/512 channels masked
Layer layer4.1.conv2.weight: 1/512 channels masked
------------------------- time cost ------------------------- 3.4858031272888184
ASR: 0.26695010431680954
attack_auc: 0.7115216421995552
Layer layer2.0.downsample.0.weight: 2/128 channels masked
Layer layer3.0.downsample.0.weight: 1/256 channels masked
Layer layer4.0.downsample.0.weight: 33/512 channels masked
Layer layer4.1.conv2.weight: 1/512 channels masked
------------------------- time cost ------------------------- 3.226590156555176
ASR: 0.29707778871920415
attack_auc: 0.7228896318484748
Layer layer2.0.downsample.0.weight: 2/128 channels masked
Layer layer3.0.downsample.0.weight: 1/256 channels masked
Layer layer4.0.downsample.0.weight: 33/512 channels masked
Layer layer4.1.conv2.weight: 1/512 channels masked
------------------------- time cost ------------------------- 3.406771183013916
ASR: 0.3345073200071517
attack_auc: 0.7528018839317111
Layer layer2.0.downsample.0.weight: 2/128 channels masked
Layer layer3.0.downsample.0.weight: 1/256 channels masked
Layer layer4.0.downsample.0.weight: 33/512 channels masked
Layer layer4.1.conv2.weight: 1/512 channels masked
------------------------- time cost ------------------------- 3.4740517139434814
ASR: 0.3270935332049516
attack_auc: 0.7509310750389386
Layer layer2.0.downsample.0.weight: 2/128 channels masked
Layer layer3.0.downsample.0.weight: 1/256 channels masked
Layer layer4.0.conv2.weight: 2/512 channels masked
Layer layer4.0.downsample.0.weight: 34/512 channels masked
Layer layer4.1.conv2.weight: 1/512 channels masked
------------------------- time cost ------------------------- 3.2508726119995117
ASR: 0.35117521691342446
attack_auc: 0.7719756172545978
Layer layer2.0.downsample.0.weight: 2/128 channels masked
Layer layer3.0.downsample.0.weight: 1/256 channels masked
Layer layer4.0.downsample.0.weight: 33/512 channels masked
Layer layer4.1.conv2.weight: 1/512 channels masked
------------------------- time cost ------------------------- 3.5707855224609375
ASR: 0.34803492965036165
attack_auc: 0.7744492596987727
Layer layer2.0.downsample.0.weight: 2/128 channels masked
Layer layer3.0.downsample.0.weight: 1/256 channels masked
Layer layer4.0.downsample.0.weight: 33/512 channels masked
Layer layer4.1.conv2.weight: 1/512 channels masked
------------------------- time cost ------------------------- 3.4888014793395996
ASR: 0.37477447299520267
attack_auc: 0.7864618704156993
Layer layer2.0.downsample.0.weight: 2/128 channels masked
Layer layer3.0.downsample.0.weight: 1/256 channels masked
Layer layer4.0.downsample.0.weight: 32/512 channels masked
Layer layer4.1.conv2.weight: 1/512 channels masked
------------------------- time cost ------------------------- 3.4988365173339844
ASR: 0.3545729409413617
attack_auc: 0.7797700619258907
Layer layer2.0.downsample.0.weight: 2/128 channels masked
Layer layer3.0.downsample.0.weight: 1/256 channels masked
Layer layer4.0.downsample.0.weight: 32/512 channels masked
Layer layer4.1.conv2.weight: 1/512 channels masked
------------------------- time cost ------------------------- 3.3913538455963135

-------------Round number: 280-------------

Evaluate personalized models
Averaged Train Loss: 0.7729
Averaged Test Accurancy: 0.6829
Averaged Test AUC: 0.9258
Std Test Accurancy: 0.1948
Std Test AUC: 0.0903
ASR: 0.342011723596613
attack_auc: 0.7786996792563277
Layer layer2.0.downsample.0.weight: 2/128 channels masked
Layer layer3.0.downsample.0.weight: 1/256 channels masked
Layer layer4.0.downsample.0.weight: 33/512 channels masked
Layer layer4.1.conv2.weight: 1/512 channels masked
------------------------- time cost ------------------------- 7.826512575149536
ASR: 0.34990984312172996
attack_auc: 0.779816491312244
Layer layer2.0.downsample.0.weight: 2/128 channels masked
Layer layer3.0.downsample.0.weight: 1/256 channels masked
Layer layer4.0.downsample.0.weight: 32/512 channels masked
Layer layer4.1.conv2.weight: 1/512 channels masked
------------------------- time cost ------------------------- 3.2559280395507812
ASR: 0.015929361675945244
attack_auc: 0.2993371593591048
Layer layer2.0.downsample.0.weight: 2/128 channels masked
Layer layer3.0.downsample.0.weight: 1/256 channels masked
Layer layer4.0.downsample.0.weight: 30/512 channels masked
Layer layer4.1.conv2.weight: 1/512 channels masked
------------------------- time cost ------------------------- 3.404143810272217
ASR: 0.0330649311299094
attack_auc: 0.34339499226789416
Layer layer2.0.downsample.0.weight: 2/128 channels masked
Layer layer3.0.downsample.0.weight: 1/256 channels masked
Layer layer4.0.downsample.0.weight: 20/512 channels masked
Layer layer4.1.conv2.weight: 2/512 channels masked
------------------------- time cost ------------------------- 3.4305460453033447
ASR: 0.05583080825298686
attack_auc: 0.36821072020877804
Layer layer2.0.downsample.0.weight: 2/128 channels masked
Layer layer3.0.downsample.0.weight: 1/256 channels masked
Layer layer4.0.conv2.weight: 2/512 channels masked
Layer layer4.0.downsample.0.weight: 16/512 channels masked
Layer layer4.1.conv2.weight: 2/512 channels masked
------------------------- time cost ------------------------- 3.301515817642212
ASR: 0.07888126149948985
attack_auc: 0.40851549424738476
Layer layer2.0.downsample.0.weight: 2/128 channels masked
Layer layer3.0.downsample.0.weight: 1/256 channels masked
Layer layer4.0.downsample.0.weight: 13/512 channels masked
------------------------- time cost ------------------------- 3.9278604984283447
ASR: 0.09995052503675535
attack_auc: 0.44851550559654485
Layer layer2.0.downsample.0.weight: 2/128 channels masked
Layer layer3.0.downsample.0.weight: 1/256 channels masked
Layer layer4.0.downsample.0.weight: 8/512 channels masked
------------------------- time cost ------------------------- 3.6125800609588623
ASR: 0.11289494329069433
attack_auc: 0.47227201327034135
Layer layer2.0.downsample.0.weight: 2/128 channels masked
Layer layer3.0.downsample.0.weight: 1/256 channels masked
Layer layer4.0.downsample.0.weight: 6/512 channels masked
------------------------- time cost ------------------------- 3.7755446434020996
ASR: 0.152474781909667
attack_auc: 0.5069681236027065
Layer layer2.0.downsample.0.weight: 2/128 channels masked
Layer layer3.0.downsample.0.weight: 1/256 channels masked
Layer layer4.0.downsample.0.weight: 6/512 channels masked
------------------------- time cost ------------------------- 4.039665222167969
ASR: 0.1599409034095879
attack_auc: 0.5210890352990994
Layer layer2.0.downsample.0.weight: 2/128 channels masked
Layer layer3.0.downsample.0.weight: 1/256 channels masked
Layer layer4.0.downsample.0.weight: 6/512 channels masked
------------------------- time cost ------------------------- 3.908679246902466

-------------Round number: 290-------------

Evaluate personalized models
Averaged Train Loss: 2.2749
Averaged Test Accurancy: 0.4969
Averaged Test AUC: 0.8373
Std Test Accurancy: 0.2797
Std Test AUC: 0.1484
ASR: 0.16019892782089948
attack_auc: 0.5351870184936031
Layer layer2.0.downsample.0.weight: 2/128 channels masked
Layer layer3.0.downsample.0.weight: 1/256 channels masked
Layer layer4.0.downsample.0.weight: 5/512 channels masked
------------------------- time cost ------------------------- 7.666189432144165
ASR: 0.1525658339130576
attack_auc: 0.5449856300116125
Layer layer2.0.downsample.0.weight: 2/128 channels masked
Layer layer3.0.downsample.0.weight: 1/256 channels masked
Layer layer4.0.downsample.0.weight: 6/512 channels masked
------------------------- time cost ------------------------- 3.570049524307251
ASR: 0.16346937111603752
attack_auc: 0.5506664619915626
Layer layer2.0.downsample.0.weight: 2/128 channels masked
Layer layer3.0.downsample.0.weight: 1/256 channels masked
Layer layer4.0.downsample.0.weight: 6/512 channels masked
------------------------- time cost ------------------------- 3.6387171745300293
ASR: 0.18377111497379742
attack_auc: 0.5877471896215243
Layer layer2.0.downsample.0.weight: 2/128 channels masked
Layer layer3.0.downsample.0.weight: 1/256 channels masked
Layer layer4.0.downsample.0.weight: 6/512 channels masked
------------------------- time cost ------------------------- 3.796643018722534
ASR: 0.1961595983165491
attack_auc: 0.6008661369421908
Layer layer2.0.downsample.0.weight: 2/128 channels masked
Layer layer3.0.downsample.0.weight: 1/256 channels masked
Layer layer4.0.downsample.0.weight: 6/512 channels masked
------------------------- time cost ------------------------- 3.251584768295288
ASR: 0.2327059980390571
attack_auc: 0.6354991216581235
Layer layer2.0.downsample.0.weight: 2/128 channels masked
Layer layer3.0.downsample.0.weight: 1/256 channels masked
Layer layer4.0.downsample.0.weight: 6/512 channels masked
------------------------- time cost ------------------------- 3.2763514518737793
ASR: 0.25221391202082544
attack_auc: 0.6544679667645837
Layer layer2.0.downsample.0.weight: 2/128 channels masked
Layer layer3.0.downsample.0.weight: 1/256 channels masked
Layer layer4.0.downsample.0.weight: 6/512 channels masked
------------------------- time cost ------------------------- 3.3445589542388916
ASR: 0.26831886550722794
attack_auc: 0.660864146539969
Layer layer2.0.downsample.0.weight: 2/128 channels masked
Layer layer3.0.downsample.0.weight: 1/256 channels masked
Layer layer4.0.conv1.weight: 1/512 channels masked
Layer layer4.0.downsample.0.weight: 6/512 channels masked
------------------------- time cost ------------------------- 3.427633285522461
ASR: 0.2786279809326271
attack_auc: 0.6772133174883349
Layer layer2.0.downsample.0.weight: 2/128 channels masked
Layer layer3.0.downsample.0.weight: 1/256 channels masked
Layer layer4.0.downsample.0.weight: 6/512 channels masked
------------------------- time cost ------------------------- 3.4542055130004883
ASR: 0.2780388592134739
attack_auc: 0.688549806986103
Layer layer2.0.downsample.0.weight: 2/128 channels masked
Layer layer3.0.downsample.0.weight: 1/256 channels masked
Layer layer4.0.downsample.0.weight: 6/512 channels masked
------------------------- time cost ------------------------- 3.099797487258911

-------------Round number: 300-------------

Evaluate personalized models
Averaged Train Loss: 1.2691
Averaged Test Accurancy: 0.6340
Averaged Test AUC: 0.9040
Std Test Accurancy: 0.2289
Std Test AUC: 0.1113
ASR: 0.2707895449771986
attack_auc: 0.6939124328217933
Layer layer2.0.downsample.0.weight: 2/128 channels masked
Layer layer3.0.downsample.0.weight: 1/256 channels masked
Layer layer4.0.downsample.0.weight: 6/512 channels masked
------------------------- time cost ------------------------- 8.112713813781738

Best accuracy.
0.7590101312074407

Average time cost per round.
3.9758934052785238
File path: ./results/Cifar10_dir0.5_bdoor0.2_nclient_100_badnet_adv10_FedCLCM_B09_0.h5

Average time cost: 1204.66s.
Length:  31
std for best accurancy: 0.0
mean for best accurancy: 0.7590101312074407
All done!
