step_idx,round,train_loss,test_acc,test_auc,asr,attack_auc
0,0,,,,0.0,
1,1,,,,0.0,
2,2,,,,0.2,
3,3,,,,0.0,
4,4,,,,0.0,
5,5,,,,0.0,
6,6,,,,0.0,
7,7,,,,1.0,
8,8,,,,0.0,
9,9,,,,1.0,
10,10,,,,0.0,
11,11,,,,0.0,
12,12,,,,0.026335040234089245,
13,13,,,,0.026443965037920066,
14,14,,,,0.0,
15,15,,,,0.0,
16,16,,,,0.0,
17,17,,,,0.0,
18,18,,,,0.0,
19,19,,,,0.0,
20,20,,,,0.0,
21,21,,,,1.0,
22,22,,,,0.0,
23,23,,,,0.0,
24,24,,,,0.007514796834474962,
25,25,,,,0.0076729755576807595,
26,26,,,,0.0,
27,27,,,,0.0,
28,28,,,,0.0,
29,29,,,,0.0,
30,30,,,,0.0,
31,31,,,,0.013333333333333334,
32,32,,,,0.0,
33,33,,,,0.0,
34,34,,,,0.0,
35,35,,,,0.0,
36,36,,,,0.014165059519851034,
37,37,,,,0.013900318039276738,
38,38,,,,0.0,
39,39,,,,0.9797979797979798,
40,40,,,,0.011049723756906077,
41,41,,,,0.0,
42,42,,,,0.0,
43,43,,,,0.0,
44,44,,,,0.0,
45,45,,,,0.0,
46,46,,,,0.0,
47,47,,,,1.0,
48,48,,,,0.039768570858548916,
49,49,,,,0.039832751373351426,
50,50,,,,0.0,
51,51,,,,0.0,
52,52,,,,0.746268656716418,
53,53,,,,1.0,
54,54,,,,0.0,
55,55,,,,0.0,
56,56,,,,0.8774509803921569,
57,57,,,,0.6690140845070423,
58,58,,,,0.0,
59,59,,,,0.0,
60,60,,,,0.061980448227704994,
61,61,,,,0.06322976669706203,
62,62,,,,0.0,
63,63,,,,0.0,
64,64,,,,0.0,
65,65,,,,0.0,
66,66,,,,0.0,
67,67,,,,0.010526315789473684,
68,68,,,,0.0223463687150838,
69,69,,,,0.0,
70,70,,,,0.0,
71,71,,,,0.0,
72,72,,,,0.059120835272993284,
73,73,,,,0.061873095656428616,
74,74,,,,0.0,
75,75,,,,0.03428571428571429,
76,76,,,,0.0,
77,77,,,,0.0,
78,78,,,,0.5314009661835749,
79,79,,,,0.0,
80,80,,,,0.13793103448275862,
81,81,,,,0.11304347826086956,
82,82,,,,0.0,
83,83,,,,0.0,
84,84,,,,0.042096162798430536,
85,85,,,,0.0446589417965883,
86,86,,,,0.0,
87,87,,,,0.7746478873239436,
88,88,,,,0.3284313725490196,
89,89,,,,0.0,
90,90,,,,0.25142857142857145,
91,91,,,,0.6294117647058823,
92,92,,,,1.0,
93,93,,,,0.0,
94,94,,,,0.6343283582089553,
95,95,,,,0.0,
96,96,,,,0.10420961627984306,
97,97,,,,0.10644307541756555,
98,98,,,,0.0,
99,99,,,,0.0,
100,100,,,,0.0,
101,101,,,,0.38016528925619836,
102,102,,,,0.0,
103,103,,,,0.0,
104,104,,,,0.0,
105,105,,,,0.12637362637362637,
106,106,,,,0.0,
107,107,,,,0.04310344827586207,
108,108,,,,0.051207022677395755,
109,109,,,,0.051331094455441144,
110,110,,,,0.0,
111,111,,,,0.748792270531401,
112,112,,,,0.0,
113,113,,,,0.0,
114,114,,,,0.0,
115,115,,,,0.0,
116,116,,,,0.0,
117,117,,,,0.3021978021978022,
118,118,,,,0.0,
119,119,,,,0.26373626373626374,
120,120,,,,0.09456673538604775,
121,121,,,,0.09712430220403442,
122,122,,,,0.0273972602739726,
123,123,,,,0.0,
124,124,,,,0.0,
125,125,,,,0.21,
126,126,,,,0.16379310344827586,
127,127,,,,0.008264462809917356,
128,128,,,,0.0,
129,129,,,,0.22404371584699453,
130,130,,,,0.0,
131,131,,,,0.9391304347826087,
132,132,,,,0.07255436589745295,
133,133,,,,0.07419433756644352,
134,134,,,,0.0,
135,135,,,,0.31343283582089554,
136,136,,,,0.11650485436893204,
137,137,,,,0.0,
138,138,,,,0.0,
139,139,,,,0.0,
140,140,,,,0.0,
141,141,,,,0.0,
142,142,,,,0.6690140845070423,
143,143,,,,0.0,
144,144,,,,0.0834607967014697,
145,145,,,,0.08538131352445344,
146,146,,,,0.06666666666666667,
147,147,,,,0.1206896551724138,
148,148,,,,0.7096774193548387,
149,149,,,,0.01098901098901099,
150,150,,,,0.0,
151,151,,,,0.5588235294117647,
152,152,,,,0.0,
153,153,,,,0.9867549668874173,
154,154,,,,0.0,
155,155,,,,0.0,
156,156,,,,0.10381060051872049,
157,157,,,,0.1069323666125481,
158,158,,,,0.0,
159,159,,,,0.0,
160,160,,,,0.03296703296703297,
161,161,,,,0.0,
162,162,,,,0.0,
163,163,,,,0.0,
164,164,,,,0.0,
165,165,,,,0.0,
166,166,,,,0.0,
167,167,,,,0.0,
168,168,,,,0.06863071091308107,
169,169,,,,0.07048017258634877,
170,170,,,,0.14678899082568808,
171,171,,,,0.0,
172,172,,,,0.0,
173,173,,,,0.0,
174,174,,,,0.0,
175,175,,,,0.0,
176,176,,,,0.0,
177,177,,,,0.0,
178,178,,,,0.51,
179,179,,,,0.0,
180,180,,,,0.11365298929307707,
181,181,,,,0.11625113982607922,
182,182,,,,0.0,
183,183,,,,0.0,
184,184,,,,0.0,
185,185,,,,0.0,
186,186,,,,0.0,
187,187,,,,0.0,
188,188,,,,0.5211267605633803,
189,189,,,,0.0,
190,190,,,,0.0,
191,191,,,,0.0,
192,192,,,,0.06377601915275653,
193,193,,,,0.06469764028200965,
194,194,,,,0.0,
195,195,,,,0.0,
196,196,,,,0.0,
197,197,,,,0.5689655172413793,
198,198,,,,0.1919191919191919,
199,199,,,,0.10326086956521739,
200,200,,,,0.0,
201,201,,,,0.0,
202,202,,,,0.17857142857142858,
203,203,,,,0.0,
204,204,,,,0.07142382124093902,
205,205,,,,0.07432778061962057,
206,206,,,,0.0,
207,207,,,,0.3333333333333333,
208,208,,,,0.11578947368421053,
209,209,,,,0.20212765957446807,
210,210,,,,0.0,
211,211,,,,0.0,
212,212,,,,0.16556291390728478,
213,213,,,,1.0,
214,214,,,,0.0,
215,215,,,,0.0,
216,216,,,,0.11099288421892664,
217,217,,,,0.11440517759046327,
218,218,,,,0.038834951456310676,
219,219,,,,0.0,
220,220,,,,0.0,
221,221,,,,0.0,
222,222,,,,0.0,
223,223,,,,0.05825242718446602,
224,224,,,,0.8152173913043478,
225,225,,,,0.33170731707317075,
226,226,,,,0.0,
227,227,,,,0.0,
228,228,,,,0.05832280375074816,
229,229,,,,0.0586927028890421,
230,230,,,,0.003134796238244514,
231,231,,,,0.0,
232,232,,,,0.0,
233,233,,,,0.0,
234,234,,,,0.0,
235,235,,,,0.1702127659574468,
236,236,,,,0.5439560439560439,
237,237,,,,0.0,
238,238,,,,0.0,
239,239,,,,0.0,
240,240,,,,0.07674403138923988,
241,241,,,,0.07586237573115673,
242,242,,,,0.0,
243,243,,,,0.9466666666666667,
244,244,,,,0.0,
245,245,,,,0.0,
246,246,,,,0.05970149253731343,
247,247,,,,0.0,
248,248,,,,0.13736263736263737,
249,249,,,,0.0,
250,250,,,,0.5130434782608696,
251,251,,,,0.8888888888888888,
252,252,,,,0.1273525304249518,
253,253,,,,0.13010697684763028,
254,254,,,,0.24210526315789474,
255,255,,,,0.13725490196078433,
256,256,,,,0.0,
257,257,,,,0.0,
258,258,,,,0.0,
259,259,,,,0.0,
260,260,,,,0.046357615894039736,
261,261,,,,0.0,
262,262,,,,0.0,
263,263,,,,0.3793103448275862,
264,264,,,,0.07049278446498637,
265,265,,,,0.07052465360407446,
266,266,,,,0.0,
267,267,,,,0.0,
268,268,,,,0.0,
269,269,,,,0.0,
270,270,,,,0.0,
271,271,,,,0.6631578947368421,
272,272,,,,0.20202020202020202,
273,273,,,,0.0,
274,274,,,,0.0,
275,275,,,,0.0,
276,276,,,,0.08798297532752544,
277,277,,,,0.08791673153481752,
278,278,,,,0.0,
279,279,,,,0.0,
280,280,,,,0.0,
281,281,,,,0.603448275862069,
282,282,,,,0.0,
283,283,,,,0.5699481865284974,
284,284,,,,0.0,
285,285,,,,0.0,
286,286,,,,0.0,
287,287,,,,0.3902439024390244,
288,288,,,,0.11518254971071357,
289,289,,,,0.11691835509196451,
290,290,,,,0.75,
291,291,,,,0.05217391304347826,
292,292,,,,0.0,
293,293,,,,0.0,
294,294,,,,0.0,
295,295,,,,0.1368421052631579,
296,296,,,,0.0728476821192053,
297,297,,,,0.21428571428571427,
298,298,,,,0.0,
299,299,,,,0.31896551724137934,
300,300,,,,0.06477355855556294,
301,301,,,,0.06641015946444855,
302,302,,,,0.0,
303,303,,,,0.0,
304,304,,,,0.0,
305,305,,,,0.20202020202020202,
306,306,,,,0.004878048780487805,
307,307,,,,0.0,
308,308,,,,0.0,
309,309,,,,0.0,
310,310,,,,0.0,
311,311,,,,0.8049645390070922,
312,312,,,,0.127020017290683,
313,313,,,,0.12532526744211908,
314,314,,,,0.010362694300518135,
315,315,,,,0.024464831804281346,
316,316,,,,0.0,
317,317,,,,0.0,
318,318,,,,1.0,
319,319,,,,0.010526315789473684,
320,320,,,,0.04891304347826087,
321,321,,,,0.3114754098360656,
322,322,,,,0.0,
323,323,,,,0.19014084507042253,
324,324,,,,0.054465651393230036,
325,325,,,,0.053154816182194246,
326,326,,,,0.0,
327,327,,,,0.3873239436619718,
328,328,,,,0.0,
329,329,,,,0.0,
330,330,,,,0.8306010928961749,
331,331,,,,0.0,
332,332,,,,0.0035971223021582736,
333,333,,,,0.6280193236714976,
334,334,,,,0.13043478260869565,
335,335,,,,0.15671641791044777,
336,336,,,,0.11558156547183614,
337,337,,,,0.1143162155550119,
338,338,,,,0.2577777777777778,
339,339,,,,0.0,
340,340,,,,0.014563106796116505,
341,341,,,,0.0,
342,342,,,,0.968421052631579,
343,343,,,,0.23232323232323232,
344,344,,,,0.03902439024390244,
345,345,,,,0.0,
346,346,,,,0.9758064516129032,
347,347,,,,0.0,
348,348,,,,0.16027133071756333,
349,349,,,,0.1606876765340391,
350,350,,,,0.0,
351,351,,,,0.0,
352,352,,,,0.46078431372549017,
353,353,,,,0.0,
354,354,,,,0.0,
355,355,,,,0.0,
356,356,,,,0.3275862068965517,
357,357,,,,0.0,
358,358,,,,0.0,
359,359,,,,0.0,
360,360,,,,0.10627119771230964,
361,361,,,,0.1031959611235905,
362,362,,,,0.26519337016574585,
363,363,,,,0.0,
364,364,,,,0.6956521739130435,
365,365,,,,0.0,
366,366,,,,0.0,
367,367,,,,0.0,
368,368,,,,0.43902439024390244,
369,369,,,,0.0,
370,370,,,,0.0,
371,371,,,,0.9855072463768116,
372,372,,,,0.13227372481213007,
373,373,,,,0.1340213064074906,
374,374,,,,0.06640625,
375,375,,,,0.0,
376,376,,,,0.0,
377,377,,,,0.0,
378,378,,,,0.9823008849557522,
379,379,,,,0.0,
380,380,,,,0.43157894736842106,
381,381,,,,0.013333333333333334,
382,382,,,,0.0,
383,383,,,,0.050505050505050504,
384,384,,,,0.06384252177961029,
385,385,,,,0.06509796944154082,
386,386,,,,0.48507462686567165,
387,387,,,,0.0,
388,388,,,,0.975609756097561,
389,389,,,,0.07746478873239436,
390,390,,,,0.4492753623188406,
391,391,,,,0.9867549668874173,
392,392,,,,0.0,
393,393,,,,0.03669724770642202,
394,394,,,,0.0,
395,395,,,,0.0335195530726257,
396,396,,,,0.15488461794240874,
397,397,,,,0.15437137201699175,
398,398,,,,0.0,
399,399,,,,0.0,
400,400,,,,0.0,
401,401,,,,0.0,
402,402,,,,0.0,
403,403,,,,0.0,
404,404,,,,0.0,
405,405,,,,0.4126984126984127,
406,406,,,,0.0,
407,407,,,,0.15517241379310345,
408,408,,,,0.02121433796634967,
409,409,,,,0.021128483419700642,
410,410,,,,0.0,
411,411,,,,0.0,
412,412,,,,0.0,
413,413,,,,0.0,
414,414,,,,0.0,
415,415,,,,0.0,
416,416,,,,0.9337016574585635,
417,417,,,,0.6081504702194357,
418,418,,,,0.0,
419,419,,,,0.0,
420,420,,,,0.1621999068963224,
421,421,,,,0.16393479082801415,
422,422,,,,0.0,
423,423,,,,0.03296703296703297,
424,424,,,,0.0,
425,425,,,,0.0,
426,426,,,,0.0,
427,427,,,,0.0,
428,428,,,,0.0,
429,429,,,,0.0,
430,430,,,,0.0,
431,431,,,,0.0,
432,432,,,,0.10234754272793775,
433,433,,,,0.0999710873384783,
434,434,,,,0.0,
435,435,,,,0.0,
436,436,,,,0.4134078212290503,
437,437,,,,0.003134796238244514,
438,438,,,,0.8210526315789474,
439,439,,,,0.5989010989010989,
440,440,,,,0.22058823529411764,
441,441,,,,0.0,
442,442,,,,0.09174311926605505,
443,443,,,,0.0,
444,444,,,,0.13120968278246992,
445,445,,,,0.13055178702488712,
446,446,,,,0.0,
447,447,,,,0.0,
448,448,,,,0.0,
449,449,,,,0.0,
450,450,,,,0.0,
451,451,,,,0.0,
452,452,,,,0.0,
453,453,,,,0.0,
454,454,,,,0.0,
455,455,,,,0.06028368794326241,
456,456,,,,0.07967014697080535,
457,457,,,,0.07724128728065298,
458,458,,,,0.08737864077669903,
459,459,,,,0.12173913043478261,
460,460,,,,0.0,
461,461,,,,0.25142857142857145,
462,462,,,,0.0,
463,463,,,,0.7878787878787878,
464,464,,,,0.31896551724137934,
465,465,,,,0.0,
466,466,,,,0.0,
467,467,,,,0.0,
468,468,,,,0.16818514331316087,
469,469,,,,0.1694281965171363,
470,470,,,,0.0,
471,471,,,,0.0,
472,472,,,,0.0,
473,473,,,,0.023148148148148147,
474,474,,,,0.0,
475,475,,,,0.014925373134328358,
476,476,,,,0.05952380952380952,
477,477,,,,0.0,
478,478,,,,0.1642512077294686,
479,479,,,,0.0,
480,480,,,,0.06277847974995013,
481,481,,,,0.05831461423837377,
482,482,,,,0.8103448275862069,
483,483,,,,0.0,
484,484,,,,0.0,
485,485,,,,0.16,
486,486,,,,0.0,
487,487,,,,0.0,
488,488,,,,0.5869565217391305,
489,489,,,,0.9853658536585366,
490,490,,,,0.08292682926829269,
491,491,,,,1.0,
492,492,,,,0.18873445501097294,
493,493,,,,0.18997842670640305,
494,494,,,,0.11904761904761904,
495,495,,,,0.041176470588235294,
496,496,,,,0.0,
497,497,,,,0.010101010101010102,
498,498,,,,0.0,
499,499,,,,0.0,
500,500,,,,0.033112582781456956,
501,501,,,,0.0,
502,502,,,,0.0958904109589041,
503,503,,,,0.0,
504,504,,,,0.025337500831282837,
505,505,,,,0.025798990280897625,
506,506,,,,0.0,
507,507,,,,0.0,
508,508,,,,0.0,
509,509,,,,0.04075235109717868,
510,510,,,,0.0,
511,511,,,,0.0,
512,512,,,,0.06086956521739131,
513,513,,,,0.0,
514,514,,,,0.0,
515,515,,,,0.0048543689320388345,
516,516,,,,0.0678991820176897,
517,517,,,,0.06741098236327647,
518,518,,,,0.10434782608695652,
519,519,,,,0.0,
520,520,,,,0.0,
521,521,,,,0.0,
522,522,,,,0.0,
523,523,,,,0.0781758957654723,
524,524,,,,0.0,
525,525,,,,0.0,
526,526,,,,0.0,
527,527,,,,0.08292682926829269,
528,528,,,,0.08658642016359647,
529,529,,,,0.08402464248382004,
530,530,,,,0.03571428571428571,
531,531,,,,0.021739130434782608,
532,532,,,,0.43617021276595747,
533,533,,,,0.0,
534,534,,,,0.4631578947368421,
535,535,,,,0.0,
536,536,,,,0.0,
537,537,,,,0.7661290322580645,
538,538,,,,0.020202020202020204,
539,539,,,,0.0048543689320388345,
540,540,,,,0.14158409257165658,
541,541,,,,0.143162155550119,
542,542,,,,0.0,
543,543,,,,0.0,
544,544,,,,0.7511111111111111,
545,545,,,,0.0,
546,546,,,,0.0,
547,547,,,,0.08256880733944955,
548,548,,,,0.0,
549,549,,,,0.25263157894736843,
550,550,,,,0.0,
551,551,,,,0.0,
552,552,,,,0.07767506816519253,
553,553,,,,0.0762627048906879,
554,554,,,,0.0,
555,555,,,,0.3838383838383838,
556,556,,,,0.1896551724137931,
557,557,,,,0.11650485436893204,
558,558,,,,0.2235294117647059,
559,559,,,,0.0,
560,560,,,,0.0,
561,561,,,,0.04390243902439024,
562,562,,,,1.0,
563,563,,,,0.0,
564,564,,,,0.10693622398084725,
565,565,,,,0.10524208793897204,
566,566,,,,0.0,
567,567,,,,0.0,
568,568,,,,0.0055248618784530384,
569,569,,,,0.0,
570,570,,,,0.0,
571,571,,,,0.0,
572,572,,,,0.4014084507042254,
573,573,,,,1.0,
574,574,,,,0.0,
575,575,,,,0.02197802197802198,
576,576,,,,0.09376870386380262,
577,577,,,,0.09120832684651825,
578,578,,,,0.0,
579,579,,,,0.0,
580,580,,,,0.0,
581,581,,,,0.0,
582,582,,,,0.08904109589041095,
583,583,,,,0.0,
584,584,,,,0.0,
585,585,,,,0.0,
586,586,,,,0.3208955223880597,
587,587,,,,0.0,
588,588,,,,0.13367027997605904,
589,589,,,,0.13250895180481728,
590,590,,,,0.0,
591,591,,,,0.031746031746031744,
592,592,,,,0.03414634146341464,
593,593,,,,0.5217391304347826,
594,594,,,,0.0,
595,595,,,,1.0,
596,596,,,,0.0,
597,597,,,,0.0,
598,598,,,,0.0,
599,599,,,,0.49333333333333335,
600,600,,,,0.10507415042894194,
601,601,,,,0.10310699908813914,
602,602,,,,0.0,
603,603,,,,0.0,
604,604,,,,0.0,
605,605,,,,0.0,
606,606,,,,0.0,
607,607,,,,0.04145077720207254,
608,608,,,,0.0,
609,609,,,,0.0728476821192053,
610,610,,,,0.0,
611,611,,,,0.02197802197802198,
612,612,,,,0.05054199640885815,
613,613,,,,0.0505304361363788,
614,614,,,,0.0,
615,615,,,,0.0,
616,616,,,,0.0,
617,617,,,,0.010638297872340425,
618,618,,,,0.4,
619,619,,,,0.0,
620,620,,,,0.0,
621,621,,,,0.0,
622,622,,,,0.0410958904109589,
623,623,,,,0.3404255319148936,
624,624,,,,0.09642880893795305,
625,625,,,,0.09772479594333118,
626,626,,,,0.6434782608695652,
627,627,,,,0.08333333333333333,
628,628,,,,0.0,
629,629,,,,0.28921568627450983,
630,630,,,,0.05,
631,631,,,,0.16161616161616163,
632,632,,,,0.0,
633,633,,,,0.0,
634,634,,,,0.0,
635,635,,,,0.01675977653631285,
636,636,,,,0.09423422225177895,
637,637,,,,0.09234259279852323,
638,638,,,,0.5684210526315789,
639,639,,,,0.0,
640,640,,,,0.16521739130434782,
641,641,,,,0.0,
642,642,,,,0.7417582417582418,
643,643,,,,0.0,
644,644,,,,0.0,
645,645,,,,0.0,
646,646,,,,0.6190476190476191,
647,647,,,,0.639344262295082,
648,648,,,,0.12076877036642947,
649,649,,,,0.12361274825968017,
650,650,,,,0.6811594202898551,
651,651,,,,0.006060606060606061,
652,652,,,,0.0,
653,653,,,,0.08290155440414508,
654,654,,,,0.5151515151515151,
655,655,,,,0.0,
656,656,,,,0.0,
657,657,,,,0.0,
658,658,,,,0.22905027932960895,
659,659,,,,0.1095890410958904,
660,660,,,,0.09915541663895724,
661,661,,,,0.10026021395369526,
662,662,,,,0.0,
663,663,,,,0.0,
664,664,,,,0.0,
665,665,,,,0.7413793103448276,
666,666,,,,0.0,
667,667,,,,0.0,
668,668,,,,0.14215686274509803,
669,669,,,,0.0,
670,670,,,,0.3022222222222222,
671,671,,,,0.3316062176165803,
672,672,,,,0.09849039037041964,
673,673,,,,0.10092742921958055,
674,674,,,,0.0,
675,675,,,,0.0,
676,676,,,,0.30526315789473685,
677,677,,,,0.0,
678,678,,,,0.0,
679,679,,,,0.0,
680,680,,,,0.0,
681,681,,,,0.0,
682,682,,,,0.08571428571428572,
683,683,,,,0.027777777777777776,
684,684,,,,0.13500033251313426,
685,685,,,,0.13826924360029358,
686,686,,,,0.0,
687,687,,,,0.1958041958041958,
688,688,,,,0.0,
689,689,,,,0.0,
690,690,,,,0.0,
691,691,,,,0.0,
692,692,,,,0.0,
693,693,,,,0.0,
694,694,,,,0.09375,
695,695,,,,0.0,
696,696,,,,0.10361109263815921,
697,697,,,,0.10419678402241843,
698,698,,,,0.1619718309859155,
699,699,,,,0.6490066225165563,
700,700,,,,0.20689655172413793,
701,701,,,,0.0,
702,702,,,,0.0,
703,703,,,,0.0,
704,704,,,,0.0,
705,705,,,,0.029411764705882353,
706,706,,,,0.11594202898550725,
707,707,,,,0.0,
708,708,,,,0.10221453747423023,
709,709,,,,0.1007495051486778,
710,710,,,,0.17391304347826086,
711,711,,,,0.0,
712,712,,,,0.003134796238244514,
713,713,,,,0.4224137931034483,
714,714,,,,0.0,
715,715,,,,0.0,
716,716,,,,0.0,
717,717,,,,0.0,
718,718,,,,0.0,
719,719,,,,0.1932367149758454,
720,720,,,,0.10507415042894194,
721,721,,,,0.10517536641238351,
722,722,,,,0.13425925925925927,
723,723,,,,0.0,
724,724,,,,0.02821316614420063,
725,725,,,,0.015873015873015872,
726,726,,,,0.0,
727,727,,,,0.5054945054945055,
728,728,,,,0.0,
729,729,,,,0.0,
730,730,,,,0.0,
731,731,,,,0.0,
732,732,,,,0.1669215934029394,
733,733,,,,0.16840513310944555,
734,734,,,,0.0,
735,735,,,,0.007042253521126761,
736,736,,,,0.019417475728155338,
737,737,,,,0.0,
738,738,,,,0.0,
739,739,,,,0.0,
740,740,,,,0.0,
741,741,,,,0.0,
742,742,,,,0.4266666666666667,
743,743,,,,0.0,
744,744,,,,0.07521447097160337,
745,745,,,,0.07337143873851834,
746,746,,,,0.0,
747,747,,,,0.006896551724137931,
748,748,,,,0.0,
749,749,,,,0.0,
750,750,,,,0.0,
751,751,,,,0.0,
752,752,,,,0.05952380952380952,
753,753,,,,0.0782608695652174,
754,754,,,,0.019417475728155338,
755,755,,,,0.009404388714733543,
756,756,,,,0.11711112588947263,
757,757,,,,0.11978738073527122,
758,758,,,,0.0,
759,759,,,,0.0,
760,760,,,,0.0,
761,761,,,,0.0,
762,762,,,,0.8675496688741722,
763,763,,,,0.0,
764,764,,,,0.0,
765,765,,,,0.038834951456310676,
766,766,,,,0.0,
767,767,,,,0.0,
768,768,,,,0.11770964953115648,
769,769,,,,0.11758557035784979,
770,770,,,,0.0,
771,771,,,,0.0,
772,772,,,,0.019867549668874173,
773,773,,,,0.0,
774,774,,,,0.0,
775,775,,,,0.0,
776,776,,,,0.0,
777,777,,,,0.0,
778,778,,,,0.0,
779,779,,,,0.0030581039755351682,
780,780,,,,0.07873911019485269,
781,781,,,,0.07895380646309187,
782,782,,,,0.0,
783,783,,,,0.0,
784,784,,,,0.0,
785,785,,,,0.0,
786,786,,,,0.0,
787,787,,,,0.0,
788,788,,,,0.03529411764705882,
789,789,,,,0.014634146341463415,
790,790,,,,0.0,
791,791,,,,0.0,
792,792,,,,0.10201502959366895,
793,793,,,,0.10439694860218401,
794,794,,,,0.0,
795,795,,,,0.0,
796,796,,,,0.0,
797,797,,,,0.0,
798,798,,,,1.0,
799,799,,,,0.007194244604316547,
800,800,,,,0.0,
801,801,,,,0.0,
802,802,,,,0.0,
803,803,,,,0.02717391304347826,
804,804,,,,0.1305446565139323,
805,805,,,,0.13081867313124124,
806,806,,,,0.0,
807,807,,,,0.0,
808,808,,,,0.0,
809,809,,,,0.0,
810,810,,,,0.0,
811,811,,,,0.0,
812,812,,,,0.030303030303030304,
813,813,,,,0.1935483870967742,
814,814,,,,0.0,
815,815,,,,0.0,
816,816,,,,0.06577109795836936,
817,817,,,,0.06636567844672286,
818,818,,,,0.004629629629629629,
819,819,,,,0.0,
820,820,,,,0.0,
821,821,,,,0.005714285714285714,
822,822,,,,0.6338797814207651,
823,823,,,,0.0,
824,824,,,,0.0,
825,825,,,,0.013245033112582781,
826,826,,,,0.0,
827,827,,,,0.0,
828,828,,,,0.13320476158808273,
829,829,,,,0.13384338233658785,
830,830,,,,0.0,
831,831,,,,0.0,
832,832,,,,0.28695652173913044,
833,833,,,,0.0970873786407767,
834,834,,,,0.07,
835,835,,,,0.00684931506849315,
836,836,,,,0.0,
837,837,,,,0.1073170731707317,
838,838,,,,0.0,
839,839,,,,0.21739130434782608,
840,840,,,,0.09882290350468843,
841,841,,,,0.0995040366523586,
842,842,,,,0.0,
843,843,,,,0.36619718309859156,
844,844,,,,0.028985507246376812,
845,845,,,,0.6533333333333333,
846,846,,,,0.0,
847,847,,,,0.0,
848,848,,,,0.0,
849,849,,,,0.17164179104477612,
850,850,,,,0.2311111111111111,
851,851,,,,0.0,
852,852,,,,0.08392631508944604,
853,853,,,,0.08413584502813425,
854,854,,,,0.0,
855,855,,,,0.0,
856,856,,,,0.0,
857,857,,,,0.0,
858,858,,,,0.0,
859,859,,,,0.8253968253968254,
860,860,,,,0.0,
861,861,,,,0.7777777777777778,
862,862,,,,0.76,
863,863,,,,0.7473684210526316,
864,864,,,,0.18860144975726542,
865,865,,,,0.1889776038075751,
866,866,,,,0.0,
867,867,,,,0.0,
868,868,,,,0.152317880794702,
869,869,,,,0.0,
870,870,,,,0.30597014925373134,
871,871,,,,0.0,
872,872,,,,0.0,
873,873,,,,0.15517241379310345,
874,874,,,,0.0,
875,875,,,,0.0,
876,876,,,,0.07082529759925517,
877,877,,,,0.07003536240909192,
878,878,,,,0.7377049180327869,
879,879,,,,0.06164383561643835,
880,880,,,,0.0,
881,881,,,,0.027932960893854747,
882,882,,,,0.016574585635359115,
883,883,,,,0.0,
884,884,,,,0.08695652173913043,
885,885,,,,0.3275862068965517,
886,886,,,,0.0,
887,887,,,,0.0,
888,888,,,,0.11212342887544058,
889,889,,,,0.11311522807641838,
890,890,,,,0.13793103448275862,
891,891,,,,0.3902439024390244,
892,892,,,,1.0,
893,893,,,,0.0,
894,894,,,,0.0,
895,895,,,,0.0,
896,896,,,,0.0,
897,897,,,,0.04395604395604396,
898,898,,,,0.06956521739130435,
899,899,,,,0.06222222222222222,
900,900,,,,0.13626388242335571,
901,901,,,,0.1362008762760492,
902,902,,,,0.0,
903,903,,,,0.0,
904,904,,,,0.08208955223880597,
905,905,,,,1.0,
906,906,,,,0.0,
907,907,,,,0.0,
908,908,,,,0.0,
909,909,,,,0.0,
910,910,,,,0.0,
911,911,,,,0.004629629629629629,
912,912,,,,0.07847309968743765,
913,913,,,,0.07835331272379512,
914,914,,,,0.14130434782608695,
915,915,,,,0.0,
916,916,,,,0.7317073170731707,
917,917,,,,0.0,
918,918,,,,0.0,
919,919,,,,0.01098901098901099,
920,920,,,,0.22926829268292684,
921,921,,,,0.991304347826087,
922,922,,,,0.031746031746031744,
923,923,,,,0.0,
924,924,,,,0.09629580368424553,
925,925,,,,0.09570090963681249,
926,926,,,,0.0,
927,927,,,,0.16521739130434782,
928,928,,,,0.0,
929,929,,,,0.0,
930,930,,,,0.07142857142857142,
931,931,,,,0.0,
932,932,,,,0.0,
933,933,,,,0.3121951219512195,
934,934,,,,0.40869565217391307,
935,935,,,,0.0,
936,936,,,,0.09483274589346279,
937,937,,,,0.09401063096323643,
938,938,,,,0.0,
939,939,,,,0.0,
940,940,,,,0.0,
941,941,,,,0.0,
942,942,,,,0.0,
943,943,,,,0.08839779005524862,
944,944,,,,0.0,
945,945,,,,0.014634146341463415,
946,946,,,,0.0,
947,947,,,,0.0,
948,948,,,,0.0954977721620004,
949,949,,,,0.09505593487979005,
950,950,,,,0.0,
951,951,,,,0.12727272727272726,
952,952,,,,0.0,
953,953,,,,0.0,
954,954,,,,0.12745098039215685,
955,955,,,,0.0,
956,956,,,,0.0,
957,957,,,,0.04891304347826087,
958,958,,,,0.49295774647887325,
959,959,,,,0.48412698412698413,
960,960,,,,0.08745095431269535,
961,961,,,,0.08531459199786491,
962,962,,,,0.0,
963,963,,,,0.0,
964,964,,,,0.0,
965,965,,,,0.0,
966,966,,,,0.0,
967,967,,,,0.0,
968,968,,,,0.0,
969,969,,,,0.1511111111111111,
970,970,,,,0.0,
971,971,,,,0.2463768115942029,
972,972,,,,0.07301988428542927,
973,973,,,,0.0735048817916954,
974,974,,,,0.0,
975,975,,,,0.0,
976,976,,,,0.0,
977,977,,,,0.0,
978,978,,,,0.0,
979,979,,,,0.04390243902439024,
980,980,,,,0.0,
981,981,,,,0.6146341463414634,
982,982,,,,0.0,
983,983,,,,0.0,
984,984,,,,0.09769235884817451,
985,985,,,,0.09625692235838355,
986,986,,,,0.017391304347826087,
987,987,,,,0.23972602739726026,
988,988,,,,0.0,
989,989,,,,0.011111111111111112,
990,990,,,,0.9171270718232044,
991,991,,,,0.0,
992,992,,,,0.0,
993,993,,,,0.0,
994,994,,,,0.0,
995,995,,,,0.0,
996,996,,,,0.074482942076212,
997,997,,,,0.07292662856126148,
998,998,,,,0.3316062176165803,
999,999,,,,0.0,
1000,1000,,,,0.0,
1001,,,,,0.12598425196850394,
1002,,,,,0.0,
1003,,,,,0.0,
1004,,,,,0.0,
1005,,,,,0.0,
1006,,,,,0.0,
1007,,,,,0.0,
1008,,,,,0.10740174236882356,
1009,,,,,0.1078664679847875,
1010,,,,,0.0,
1011,,,,,0.0,
1012,,,,,0.009708737864077669,
1013,,,,,0.0136986301369863,
1014,,,,,0.0,
1015,,,,,0.33152173913043476,
1016,,,,,0.0,
1017,,,,,0.0,
1018,,,,,0.0,
1019,,,,,0.12352941176470589,
1020,,,,,0.10627119771230964,
1021,,,,,0.10573137913395458,
1022,,,,,0.008695652173913044,
1023,,,,,0.0975609756097561,
1024,,,,,0.0,
1025,,,,,0.0,
1026,,,,,0.07647058823529412,
1027,,,,,0.0,
1028,,,,,0.0078125,
1029,,,,,0.8608695652173913,
1030,,,,,0.0,
1031,,,,,0.56353591160221,
1032,,,,,0.10680321872713973,
1033,,,,,0.10791094900251318,
1034,,,,,0.0,
1035,,,,,0.25862068965517243,
1036,,,,,0.0,
1037,,,,,0.0,
1038,,,,,0.10434782608695652,
1039,,,,,0.0,
1040,,,,,0.0,
1041,,,,,0.2727272727272727,
1042,,,,,0.0,
1043,,,,,0.0,
1044,,,,,0.055729201303451485,
1045,,,,,0.055000778417810196,
1046,,,,,0.0,
1047,,,,,0.012539184952978056,
1048,,,,,0.5737704918032787,
1049,,,,,0.63,
1050,,,,,0.0,
1051,,,,,0.0,
1052,,,,,0.0,
1053,,,,,0.0,
1054,,,,,0.0,
1055,,,,,0.0,
1056,,,,,0.17064574050675002,
1057,,,,,0.17325356404154527,
1058,,,,,0.08,
1059,,,,,0.046357615894039736,
1060,,,,,0.0,
1061,,,,,0.0,
1062,,,,,0.0,
1063,,,,,0.02912621359223301,
1064,,,,,0.019417475728155338,
1065,,,,,0.03363914373088685,
1066,,,,,0.0,
1067,,,,,0.0,
1068,,,,,0.08159872314956441,
1069,,,,,0.08044392055690235,
1070,,,,,0.0061162079510703364,
1071,,,,,0.5663716814159292,
1072,,,,,0.043478260869565216,
1073,,,,,0.29411764705882354,
1074,,,,,0.08609271523178808,
1075,,,,,0.0,
1076,,,,,0.21787709497206703,
1077,,,,,0.0,
1078,,,,,0.0,
1079,,,,,0.0,
1080,,,,,0.11185741836802554,
1081,,,,,0.11093565820785979,
1082,,,,,0.0,
1083,,,,,0.16379310344827586,
1084,,,,,0.0,
1085,,,,,0.0,
1086,,,,,0.0,
1087,,,,,0.20279720279720279,
1088,,,,,0.031914893617021274,
1089,,,,,0.0,
1090,,,,,0.4608695652173913,
1091,,,,,0.0,
1092,,,,,0.09343619072953381,
1093,,,,,0.09156417498832373,
1094,,,,,0.0,
1095,,,,,0.0,
1096,,,,,0.0,
1097,,,,,0.0,
1098,,,,,0.6502732240437158,
1099,,,,,0.0,
1100,,,,,0.041176470588235294,
1101,,,,,0.04888888888888889,
1102,,,,,0.25663716814159293,
1103,,,,,0.5492957746478874,
1104,,,,,0.08359380195517722,
1105,,,,,0.0810444142961991,
1106,,,,,0.0,
1107,,,,,0.0,
1108,,,,,0.0,
1109,,,,,0.2608695652173913,
1110,,,,,0.0,
1111,,,,,0.0,
1112,,,,,0.07368421052631578,
1113,,,,,0.0,
1114,,,,,0.0,
1115,,,,,0.0,
1116,,,,,0.11711112588947263,
1117,,,,,0.11440517759046327,
1118,,,,,0.0,
1119,,,,,0.0,
1120,,,,,0.0,
1121,,,,,0.0,
1122,,,,,0.0,
1123,,,,,0.1565217391304348,
1124,,,,,0.0,
1125,,,,,0.0,
1126,,,,,0.0,
1127,,,,,0.0,
1128,,,,,0.10214803484737647,
1129,,,,,0.10201721415385984,
1130,,,,,0.08292682926829269,
1131,,,,,0.16470588235294117,
1132,,,,,0.25252525252525254,
1133,,,,,0.0,
1134,,,,,0.0782608695652174,
1135,,,,,0.0,
1136,,,,,0.11267605633802817,
1137,,,,,0.0,
1138,,,,,0.0,
1139,,,,,0.0,
1140,,,,,0.039901576112256434,
1141,,,,,0.038097991682049685,
1142,,,,,0.0,
1143,,,,,0.014925373134328358,
1144,,,,,0.0,
1145,,,,,0.6086956521739131,
1146,,,,,0.0,
1147,,,,,0.0,
1148,,,,,0.3434343434343434,
1149,,,,,0.0,
1150,,,,,0.04390243902439024,
1151,,,,,0.003134796238244514,
1152,,,,,0.09782536410188203,
1153,,,,,0.09748015034583991,
1154,,,,,0.05853658536585366,
1155,,,,,0.0,
1156,,,,,0.0,
1157,,,,,0.0,
1158,,,,,0.006060606060606061,
1159,,,,,0.021052631578947368,
1160,,,,,0.23809523809523808,
1161,,,,,0.5478260869565217,
1162,,,,,0.4,
1163,,,,,0.11971830985915492,
1164,,,,,0.12841657245461197,
1165,,,,,0.12781620443475747,
1166,,,,,0.027972027972027972,
1167,,,,,0.3358208955223881,
1168,,,,,0.0,
1169,,,,,0.005494505494505495,
1170,,,,,0.08620689655172414,
1171,,,,,0.0,
1172,,,,,0.569060773480663,
1173,,,,,0.0,
1174,,,,,0.0,
1175,,,,,0.0,
1176,,,,,0.1007514796834475,
1177,,,,,0.0986144162978449,
1178,,,,,0.0,
1179,,,,,0.4,
1180,,,,,0.35185185185185186,
1181,,,,,0.0,
1182,,,,,0.13432835820895522,
1183,,,,,0.0,
1184,,,,,0.0,
1185,,,,,0.0,
1186,,,,,0.30434782608695654,
1187,,,,,0.0,
1188,,,,,0.1369954113187471,
1189,,,,,0.1380245980028023,
1190,,,,,0.34965034965034963,
1191,,,,,0.0,
1192,,,,,0.0,
1193,,,,,0.0,
1194,,,,,0.0,
1195,,,,,0.0,
1196,,,,,0.0,
1197,,,,,0.0,
1198,,,,,0.02197802197802198,
1199,,,,,0.49473684210526314,
1200,,,,,0.08492385449225244,
1201,,,,,0.08475857927629384,
1202,,,,,0.0,
1203,,,,,0.0,
1204,,,,,0.3130434782608696,
1205,,,,,0.0,
1206,,,,,0.0,
1207,,,,,0.0,
1208,,,,,0.02,
1209,,,,,0.0,
1210,,,,,0.7565217391304347,
1211,,,,,0.0,
1212,,,,,0.07142382124093902,
1213,,,,,0.07123634988768543,
1214,,,,,0.18232044198895028,
1215,,,,,0.05329153605015674,
1216,,,,,0.0,
1217,,,,,0.0051813471502590676,
1218,,,,,0.0,
1219,,,,,0.0,
1220,,,,,0.1902439024390244,
1221,,,,,0.0,
1222,,,,,0.0,
1223,,,,,0.015873015873015872,
1224,,,,,0.09430072487863271,
1225,,,,,0.09187554211240354,
1226,,,,,0.06341463414634146,
1227,,,,,0.035211267605633804,
1228,,,,,0.0,
1229,,,,,0.0,
1230,,,,,0.0,
1231,,,,,1.0,
1232,,,,,0.0,
1233,,,,,0.047058823529411764,
1234,,,,,0.006269592476489028,
1235,,,,,0.43169398907103823,
1236,,,,,0.10241404535479151,
1237,,,,,0.10070502413095211,
1238,,,,,0.08609271523178808,
1239,,,,,0.0,
1240,,,,,0.02912621359223301,
1241,,,,,0.07555555555555556,
1242,,,,,0.0,
1243,,,,,0.0,
1244,,,,,0.0,
1245,,,,,0.0,
1246,,,,,0.0,
1247,,,,,0.0,
1248,,,,,0.1119239209948793,
1249,,,,,0.11089117719013411,
1250,,,,,0.0,
1251,,,,,0.0,
1252,,,,,0.0,
1253,,,,,0.0,
1254,,,,,0.0,
1255,,,,,0.42105263157894735,
1256,,,,,0.0,
1257,,,,,0.0,
1258,,,,,0.0,
1259,,,,,0.0,
1260,,,,,0.09915541663895724,
1261,,,,,0.10026021395369526,
1262,,,,,0.0,
1263,,,,,0.052941176470588235,
1264,,,,,0.0,
1265,,,,,0.0,
1266,,,,,0.041176470588235294,
1267,,,,,0.0,
1268,,,,,0.2926829268292683,
1269,,,,,0.01098901098901099,
1270,,,,,0.2,
1271,,,,,0.0,
1272,,,,,0.07701004189665492,
1273,,,,,0.07406089451326646,
1274,,,,,0.2835820895522388,
1275,,,,,0.0,
1276,,,,,0.0,
1277,,,,,0.0,
1278,,,,,0.0,
1279,,,,,0.09392265193370165,
1280,,,,,0.6106194690265486,
1281,,,,,0.0,
1282,,,,,0.0,
1283,,,,,0.45588235294117646,
1284,,,,,0.1342688036177429,
1285,,,,,0.1349998887974557,
1286,,,,,0.0,
1287,,,,,0.0,
1288,,,,,0.03428571428571429,
1289,,,,,0.0,
1290,,,,,0.0,
1291,,,,,0.5952380952380952,
1292,,,,,0.0,
1293,,,,,0.0,
1294,,,,,0.08955223880597014,
1295,,,,,0.0,
1296,,,,,0.1163130943672275,
1297,,,,,0.11518359540066277,
1298,,,,,0.018518518518518517,
1299,,,,,0.0,
1300,,,,,0.46774193548387094,
1301,,,,,0.0,
1302,,,,,0.0,
1303,,,,,0.008264462809917356,
1304,,,,,0.02666666666666667,
1305,,,,,0.0,
1306,,,,,0.0,
1307,,,,,0.0,
1308,,,,,0.0712908159872315,
1309,,,,,0.0702355269888575,
1310,,,,,0.3695652173913043,
1311,,,,,0.009174311926605505,
1312,,,,,0.39106145251396646,
1313,,,,,0.005434782608695652,
1314,,,,,0.0,
1315,,,,,0.30666666666666664,
1316,,,,,0.0,
1317,,,,,0.6940298507462687,
1318,,,,,0.152317880794702,
1319,,,,,0.0,
1320,,,,,0.12828356720090445,
1321,,,,,0.12892822987789962,
1322,,,,,0.0,
1323,,,,,0.14383561643835616,
1324,,,,,0.07647058823529412,
1325,,,,,0.0,
1326,,,,,0.0,
1327,,,,,0.0,
1328,,,,,0.0,
1329,,,,,0.0,
1330,,,,,0.0,
1331,,,,,0.003134796238244514,
1332,,,,,0.06457405067500166,
1333,,,,,0.06445299468451839,
1334,,,,,0.003134796238244514,
1335,,,,,0.1,
1336,,,,,0.03278688524590164,
1337,,,,,0.0,
1338,,,,,0.3656716417910448,
1339,,,,,0.0,
1340,,,,,0.2,
1341,,,,,0.0,
1342,,,,,0.0,
1343,,,,,0.0,
1344,,,,,0.12056926248586819,
1345,,,,,0.12074372261637346,
1346,,,,,0.0,
1347,,,,,0.0,
1348,,,,,0.0,
1349,,,,,0.5245098039215687,
1350,,,,,0.0,
1351,,,,,0.0,
1352,,,,,0.10434782608695652,
1353,,,,,0.08609271523178808,
1354,,,,,0.6111111111111112,
1355,,,,,0.3961352657004831,
1356,,,,,0.10833277914477622,
1357,,,,,0.10811111358227876,
1358,,,,,0.02734375,
1359,,,,,0.0,
1360,,,,,0.0,
1361,,,,,0.0,
1362,,,,,0.0,
1363,,,,,0.02912621359223301,
1364,,,,,0.0,
1365,,,,,0.0,
1366,,,,,0.0,
1367,,,,,0.003257328990228013,
1368,,,,,0.13859147436323735,
1369,,,,,0.14027088939794943,
1370,,,,,0.0,
1371,,,,,0.16666666666666666,
1372,,,,,0.0,
1373,,,,,0.34507042253521125,
1374,,,,,0.0,
1375,,,,,0.07446808510638298,
1376,,,,,0.0,
1377,,,,,0.0,
1378,,,,,0.26119402985074625,
1379,,,,,0.0,
1380,,,,,0.06324399813792644,
1381,,,,,0.06202877921846852,
1382,,,,,0.0,
1383,,,,,0.0,
1384,,,,,0.0,
1385,,,,,0.0,
1386,,,,,0.0,
1387,,,,,0.0,
1388,,,,,0.0,
1389,,,,,0.005714285714285714,
1390,,,,,0.0,
1391,,,,,0.08791208791208792,
1392,,,,,0.09190663031189732,
1393,,,,,0.09198674465671774,
1394,,,,,0.0,
1395,,,,,0.0,
1396,,,,,0.0,
1397,,,,,0.0,
1398,,,,,0.19402985074626866,
1399,,,,,0.0,
1400,,,,,0.6173913043478261,
1401,,,,,0.0,
1402,,,,,1.0,
1403,,,,,0.0,
1404,,,,,0.1506949524506218,
1405,,,,,0.15168027044458776,
1406,,,,,0.2677595628415301,
1407,,,,,0.0,
1408,,,,,0.0,
1409,,,,,0.0,
1410,,,,,0.0,
1411,,,,,0.3377777777777778,
1412,,,,,0.0,
1413,,,,,0.0,
1414,,,,,0.0,
1415,,,,,0.7777777777777778,
1416,,,,,0.06630311897319945,
1417,,,,,0.06558726063652337,
1418,,,,,0.0,
1419,,,,,0.3185840707964602,
1420,,,,,0.9397163120567376,
1421,,,,,0.37894736842105264,
1422,,,,,0.0,
1423,,,,,0.0,
1424,,,,,0.0,
1425,,,,,0.016304347826086956,
1426,,,,,0.0,
1427,,,,,0.0,
1428,,,,,0.14584026069029726,
1429,,,,,0.14658719391499678,
1430,,,,,0.0,
1431,,,,,0.0,
1432,,,,,0.031914893617021274,
1433,,,,,0.0,
1434,,,,,0.10497237569060773,
1435,,,,,0.0,
1436,,,,,0.0,
1437,,,,,0.0,
1438,,,,,0.0,
1439,,,,,0.0,
1440,,,,,0.07667752876238611,
1441,,,,,0.0762627048906879,
1442,,,,,0.0,
1443,,,,,0.14285714285714285,
1444,,,,,0.0,
1445,,,,,0.23414634146341465,
1446,,,,,0.0,
1447,,,,,0.0,
1448,,,,,0.7338709677419355,
1449,,,,,0.6842105263157895,
1450,,,,,0.0,
1451,,,,,0.0,
1452,,,,,0.12329587018687238,
1453,,,,,0.12396859640148566,
1454,,,,,0.0,
1455,,,,,0.11347517730496454,
1456,,,,,0.0,
1457,,,,,0.0,
1458,,,,,0.0,
1459,,,,,0.0,
1460,,,,,0.19130434782608696,
1461,,,,,0.0,
1462,,,,,0.0,
1463,,,,,0.13793103448275862,
1464,,,,,0.08858149896920928,
1465,,,,,0.09063007361608434,
1466,,,,,0.6174863387978142,
1467,,,,,0.0,
1468,,,,,0.45263157894736844,
1469,,,,,0.0,
1470,,,,,0.0,
1471,,,,,0.0,
1472,,,,,0.0,
1473,,,,,0.047058823529411764,
1474,,,,,0.016574585635359115,
1475,,,,,0.06,
1476,,,,,0.09436722750548647,
1477,,,,,0.09396614994551075,
1478,,,,,0.6031746031746031,
1479,,,,,0.07734806629834254,
1480,,,,,0.08150470219435736,
1481,,,,,0.0,
1482,,,,,0.19117647058823528,
1483,,,,,0.17058823529411765,
1484,,,,,0.0,
1485,,,,,0.0,
1486,,,,,0.0,
1487,,,,,0.0,
1488,,,,,0.08392631508944604,
1489,,,,,0.08309054111158064,
1490,,,,,0.0,
1491,,,,,0.0,
1492,,,,,0.0,
1493,,,,,0.5656565656565656,
1494,,,,,0.0,
1495,,,,,0.0,
1496,,,,,0.0,
1497,,,,,0.8266666666666667,
1498,,,,,0.0,
1499,,,,,0.0,
1500,,,,,0.08179823103012569,
1501,,,,,0.08108889531392478,
1502,,,,,0.6947368421052632,
1503,,,,,0.0,
1504,,,,,0.02127659574468085,
1505,,,,,0.1391304347826087,
1506,,,,,0.0,
1507,,,,,0.7759562841530054,
1508,,,,,0.0,
1509,,,,,0.0,
1510,,,,,0.00390625,
1511,,,,,0.0,
1512,,,,,0.0954977721620004,
1513,,,,,0.09496697284433868,
1514,,,,,0.09482758620689655,
1515,,,,,0.0,
1516,,,,,0.611764705882353,
1517,,,,,0.45217391304347826,
1518,,,,,0.0,
1519,,,,,0.21311475409836064,
1520,,,,,0.95,
1521,,,,,0.019704433497536946,
1522,,,,,0.0,
1523,,,,,0.0,
1524,,,,,0.18653986832479882,
1525,,,,,0.18770989480239308,
1526,,,,,0.09933774834437085,
1527,,,,,0.016304347826086956,
1528,,,,,0.0,
1529,,,,,0.0,
1530,,,,,0.5826086956521739,
1531,,,,,0.08823529411764706,
1532,,,,,0.24705882352941178,
1533,,,,,0.0,
1534,,,,,0.4253731343283582,
1535,,,,,0.0,
1536,,,,,0.08671942541730399,
1537,,,,,0.08273469296977515,
1538,,,,,0.0,
1539,,,,,0.0,
1540,,,,,0.39655172413793105,
1541,,,,,0.0,
1542,,,,,0.0,
1543,,,,,0.0,
1544,,,,,0.06382978723404255,
1545,,,,,0.0,
1546,,,,,0.0,
1547,,,,,0.0,
1548,,,,,0.09622930105739176,
1549,,,,,0.0948780108088873,
1550,,,,,0.0,
1551,,,,,0.0,
1552,,,,,0.0,
1553,,,,,0.0,
1554,,,,,0.0,
1555,,,,,0.0,
1556,,,,,0.8585365853658536,
1557,,,,,0.0,
1558,,,,,0.0,
1559,,,,,0.0,
1560,,,,,0.09649531156480681,
1561,,,,,0.09672397304450325,
1562,,,,,0.5441176470588235,
1563,,,,,0.9841269841269841,
1564,,,,,0.0,
1565,,,,,0.23134328358208955,
1566,,,,,0.0,
1567,,,,,0.0,
1568,,,,,0.0,
1569,,,,,0.0,
1570,,,,,0.0,
1571,,,,,0.5588235294117647,
1572,,,,,0.11365298929307707,
1573,,,,,0.11340435469163535,
1574,,,,,0.0,
1575,,,,,0.0,
1576,,,,,0.011428571428571429,
1577,,,,,0.009771986970684038,
1578,,,,,0.0,
1579,,,,,0.4492753623188406,
1580,,,,,0.0,
1581,,,,,0.0,
1582,,,,,0.0,
1583,,,,,0.0,
1584,,,,,0.08572188601449757,
1585,,,,,0.08518114894468785,
1586,,,,,0.0,
1587,,,,,0.0,
1588,,,,,0.8879310344827587,
1589,,,,,0.32450331125827814,
1590,,,,,0.0,
1591,,,,,0.0,
1592,,,,,0.0,
1593,,,,,0.06060606060606061,
1594,,,,,0.0,
1595,,,,,0.0,
1596,,,,,0.13659639555762454,
1597,,,,,0.13955919311433845,
1598,,,,,0.17391304347826086,
1599,,,,,0.0,
1600,,,,,0.0,
1601,,,,,0.005714285714285714,
1602,,,,,0.0,
1603,,,,,0.0,
1604,,,,,0.0,
1605,,,,,0.0,
1606,,,,,0.0,
1607,,,,,0.0,
1608,,,,,0.08272926780607834,
1609,,,,,0.08144474345573027,
1610,,,,,0.0,
1611,,,,,0.2535211267605634,
1612,,,,,0.0136986301369863,
1613,,,,,0.015625,
1614,,,,,0.0,
1615,,,,,0.0,
1616,,,,,0.0,
1617,,,,,0.0,
1618,,,,,0.0051813471502590676,
1619,,,,,0.14285714285714285,
1620,,,,,0.09988694553434861,
1621,,,,,0.09925939105486734,
1622,,,,,0.0,
1623,,,,,0.0,
1624,,,,,0.0,
1625,,,,,0.0,
1626,,,,,0.0,
1627,,,,,0.0,
1628,,,,,0.2411764705882353,
1629,,,,,0.33112582781456956,
1630,,,,,0.009852216748768473,
1631,,,,,0.0,
1632,,,,,0.07807408392631508,
1633,,,,,0.07652959099704201,
1634,,,,,0.0,
1635,,,,,0.0,
1636,,,,,0.0,
1637,,,,,0.0,
1638,,,,,0.0,
1639,,,,,0.0,
1640,,,,,0.2672413793103448,
1641,,,,,0.1826086956521739,
1642,,,,,0.0,
1643,,,,,0.0,
1644,,,,,0.11418501030790716,
1645,,,,,0.11329315214732114,
1646,,,,,0.0,
1647,,,,,0.6896551724137931,
1648,,,,,0.4842105263157895,
1649,,,,,0.0,
1650,,,,,0.0,
1651,,,,,0.0,
1652,,,,,0.20588235294117646,
1653,,,,,0.0,
1654,,,,,0.02857142857142857,
1655,,,,,0.0,
1656,,,,,0.12010374409789187,
1657,,,,,0.1190534439427974,
1658,,,,,0.07534246575342465,
1659,,,,,0.0,
1660,,,,,0.028985507246376812,
1661,,,,,0.0,
1662,,,,,0.0,
1663,,,,,0.0,
1664,,,,,0.6521739130434783,
1665,,,,,0.0,
1666,,,,,0.0,
1667,,,,,0.0,
1668,,,,,0.10740174236882356,
1669,,,,,0.10775526544047327,
1670,,,,,0.0,
1671,,,,,0.02926829268292683,
1672,,,,,0.0,
1673,,,,,0.0,
1674,,,,,0.0,
1675,,,,,0.0,
1676,,,,,0.013245033112582781,
1677,,,,,0.2535211267605634,
1678,,,,,0.0,
1679,,,,,0.0,
1680,,,,,0.08818248320808672,
1681,,,,,0.08976269377043347,
1682,,,,,0.03496503496503497,
1683,,,,,0.010416666666666666,
1684,,,,,0.0,
1685,,,,,0.2742857142857143,
1686,,,,,0.0,
1687,,,,,0.0,
1688,,,,,0.0,
1689,,,,,0.08484848484848485,
1690,,,,,0.0,
1691,,,,,0.0,
1692,,,,,0.13014564075280974,
1693,,,,,0.13041834397171007,
1694,,,,,0.0,
1695,,,,,0.9841269841269841,
1696,,,,,0.4647058823529412,
1697,,,,,0.6460176991150443,
1698,,,,,0.0,
1699,,,,,0.0,
1700,,,,,0.08235294117647059,
1701,,,,,0.39,
1702,,,,,0.0,
1703,,,,,0.21551724137931033,
1704,,,,,0.11451752344217597,
1705,,,,,0.11342659520049819,
1706,,,,,0.0,
1707,,,,,0.4842105263157895,
1708,,,,,0.0,
1709,,,,,0.0,
1710,,,,,0.0,
1711,,,,,0.0,
1712,,,,,0.0,
1713,,,,,0.052980132450331126,
1714,,,,,0.5357142857142857,
1715,,,,,0.3723404255319149,
1716,,,,,0.12196581764979716,
1717,,,,,0.12181126704178992,
1718,,,,,0.0,
1719,,,,,0.0,
1720,,,,,0.0,
1721,,,,,0.0,
1722,,,,,0.7511111111111111,
1723,,,,,0.0,
1724,,,,,0.48,
1725,,,,,0.0,
1726,,,,,0.0,
1727,,,,,0.030303030303030304,
1728,,,,,0.07341890004655184,
1729,,,,,0.07112514734337122,
1730,,,,,0.4863013698630137,
1731,,,,,0.48044692737430167,
1732,,,,,0.007407407407407408,
1733,,,,,0.0,
1734,,,,,0.0061162079510703364,
1735,,,,,0.3770491803278688,
1736,,,,,0.07446808510638298,
1737,,,,,0.2727272727272727,
1738,,,,,0.0,
1739,,,,,0.0070921985815602835,
1740,,,,,0.09536476690829288,
1741,,,,,0.09545626403932123,
1742,,,,,0.10596026490066225,
1743,,,,,0.0,
1744,,,,,0.22695035460992907,
1745,,,,,0.92,
1746,,,,,0.0,
1747,,,,,0.012539184952978056,
1748,,,,,0.0,
1749,,,,,0.0,
1750,,,,,0.004878048780487805,
1751,,,,,0.14925373134328357,
1752,,,,,0.13879098224379863,
1753,,,,,0.14011520583590953,
1754,,,,,0.0,
1755,,,,,0.0,
1756,,,,,0.0,
1757,,,,,0.0,
1758,,,,,0.0,
1759,,,,,0.029411764705882353,
1760,,,,,0.43661971830985913,
1761,,,,,0.0,
1762,,,,,1.0,
1763,,,,,0.0,
1764,,,,,0.10334508213074417,
1765,,,,,0.10268442941974512,
1766,,,,,0.0,
1767,,,,,0.0,
1768,,,,,0.02912621359223301,
1769,,,,,0.0,
1770,,,,,0.0,
1771,,,,,0.0,
1772,,,,,0.0,
1773,,,,,0.01098901098901099,
1774,,,,,0.0,
1775,,,,,0.0,
1776,,,,,0.09290416971470374,
1777,,,,,0.0906078331072215,
1778,,,,,0.6532258064516129,
1779,,,,,0.30526315789473685,
1780,,,,,0.006060606060606061,
1781,,,,,0.0,
1782,,,,,0.06521739130434782,
1783,,,,,0.1005586592178771,
1784,,,,,0.0,
1785,,,,,0.17073170731707318,
1786,,,,,0.0,
1787,,,,,0.35784313725490197,
1788,,,,,0.08319478619405467,
1789,,,,,0.08242332584569535,
1790,,,,,0.0,
1791,,,,,0.009404388714733543,
1792,,,,,0.0,
1793,,,,,0.23333333333333334,
1794,,,,,0.391304347826087,
1795,,,,,0.0,
1796,,,,,0.028169014084507043,
1797,,,,,0.0,
1798,,,,,0.0,
1799,,,,,0.5826086956521739,
1800,,,,,0.1422491188401942,
1801,,,,,0.14220581366901675,
1802,,,,,0.02734375,
1803,,,,,0.11304347826086956,
1804,,,,,0.0,
1805,,,,,0.0,
1806,,,,,0.3333333333333333,
1807,,,,,0.0,
1808,,,,,0.644808743169399,
1809,,,,,0.010416666666666666,
1810,,,,,0.0,
1811,,,,,0.33098591549295775,
1812,,,,,0.10746824499567732,
1813,,,,,0.10488623979716656,
1814,,,,,0.0,
1815,,,,,0.0,
1816,,,,,0.008695652173913044,
1817,,,,,0.008849557522123894,
1818,,,,,0.0,
1819,,,,,0.0,
1820,,,,,0.17,
1821,,,,,0.0,
1822,,,,,0.0,
1823,,,,,0.0,
1824,,,,,0.07880561282170646,
1825,,,,,0.07750817338700709,
1826,,,,,0.0,
1827,,,,,0.0,
1828,,,,,0.3333333333333333,
1829,,,,,0.13966480446927373,
1830,,,,,0.0,
1831,,,,,0.1044776119402985,
1832,,,,,0.0,
1833,,,,,0.0,
1834,,,,,0.0,
1835,,,,,0.3076923076923077,
1836,,,,,0.10627119771230964,
1837,,,,,0.1050641638680693,
1838,,,,,0.0,
1839,,,,,0.0,
1840,,,,,0.8173913043478261,
1841,,,,,0.08695652173913043,
1842,,,,,0.0,
1843,,,,,0.0,
1844,,,,,0.0,
1845,,,,,0.08333333333333333,
1846,,,,,0.0,
1847,,,,,0.0,
1848,,,,,0.11757664427744896,
1849,,,,,0.1135377977448124,
1850,,,,,0.0,
1851,,,,,0.0,
1852,,,,,0.0,
1853,,,,,0.0,
1854,,,,,0.18947368421052632,
1855,,,,,0.5333333333333333,
1856,,,,,0.8968253968253969,
1857,,,,,0.0,
1858,,,,,0.0,
1859,,,,,0.0581039755351682,
1860,,,,,0.09370220123694886,
1861,,,,,0.0921201877098948,
1862,,,,,0.0,
1863,,,,,0.0,
1864,,,,,0.22058823529411764,
1865,,,,,0.0,
1866,,,,,0.5300546448087432,
1867,,,,,0.7313432835820896,
1868,,,,,0.0,
1869,,,,,0.0,
1870,,,,,0.0,
1871,,,,,0.0,
1872,,,,,0.10660371084657844,
1873,,,,,0.10468607521740098,
1874,,,,,0.5221238938053098,
1875,,,,,0.0,
1876,,,,,0.0,
1877,,,,,0.0,
1878,,,,,0.0,
1879,,,,,0.0,
1880,,,,,0.0,
1881,,,,,0.027624309392265192,
1882,,,,,0.22535211267605634,
1883,,,,,0.0,
1884,,,,,0.09762585622132074,
1885,,,,,0.09507817538865289,
1886,,,,,0.43478260869565216,
1887,,,,,0.0,
1888,,,,,0.0,
1889,,,,,0.0,
1890,,,,,0.27053140096618356,
1891,,,,,0.0,
1892,,,,,0.0,
1893,,,,,0.0,
1894,,,,,0.0,
1895,,,,,0.0,
1896,,,,,0.10367759526501297,
1897,,,,,0.10143896092342593,
1898,,,,,0.0,
1899,,,,,0.0,
1900,,,,,0.0,
1901,,,,,0.0,
1902,,,,,0.9841269841269841,
1903,,,,,0.0,
1904,,,,,0.1474820143884892,
1905,,,,,0.0,
1906,,,,,0.6421052631578947,
1907,,,,,0.0,
1908,,,,,0.09104209616279843,
1909,,,,,0.087850010008229,
1910,,,,,0.0,
1911,,,,,0.0,
1912,,,,,0.5106382978723404,
1913,,,,,0.0,
1914,,,,,0.49777777777777776,
1915,,,,,0.0,
1916,,,,,0.9565217391304348,
1917,,,,,0.0,
1918,,,,,0.0,
1919,,,,,0.0,
1920,,,,,0.10686972135399349,
1921,,,,,0.1073994172986678,
1922,,,,,0.0728476821192053,
1923,,,,,0.043478260869565216,
1924,,,,,0.0,
1925,,,,,0.0,
1926,,,,,0.0,
1927,,,,,1.0,
1928,,,,,0.0,
1929,,,,,0.0,
1930,,,,,0.0,
1931,,,,,0.4581005586592179,
1932,,,,,0.13413579836403539,
1933,,,,,0.13637880034695193,
1934,,,,,0.07317073170731707,
1935,,,,,0.0,
1936,,,,,0.06956521739130435,
1937,,,,,0.0,
1938,,,,,0.0,
1939,,,,,0.0,
1940,,,,,0.0,
1941,,,,,0.12941176470588237,
1942,,,,,0.0,
1943,,,,,0.0,
1944,,,,,0.10800026601050741,
1945,,,,,0.10893401241020395,
1946,,,,,0.0,
1947,,,,,0.3879781420765027,
1948,,,,,0.0,
1949,,,,,0.0,
1950,,,,,0.0,
1951,,,,,0.0,
1952,,,,,0.0,
1953,,,,,0.0,
1954,,,,,0.0,
1955,,,,,0.007194244604316547,
1956,,,,,0.12256434129148101,
1957,,,,,0.1272601917131864,
1958,,,,,0.0,
1959,,,,,0.0,
1960,,,,,0.0,
1961,,,,,0.0,
1962,,,,,0.0,
1963,,,,,0.0,
1964,,,,,0.0,
1965,,,,,0.3412698412698413,
1966,,,,,0.0,
1967,,,,,0.0,
1968,,,,,0.07587949724014098,
1969,,,,,0.07359384382714676,
1970,,,,,0.0,
1971,,,,,0.0,
1972,,,,,0.0,
1973,,,,,0.0,
1974,,,,,0.0,
1975,,,,,0.0,
1976,,,,,0.0,
1977,,,,,0.0,
1978,,,,,0.0,
1979,,,,,0.0,
1980,,,,,0.10713573186140853,
1981,,,,,0.1084447212152214,
1982,,,,,0.0,
1983,,,,,0.06086956521739131,
1984,,,,,0.0,
1985,,,,,0.0,
1986,,,,,0.0,
1987,,,,,0.0,
1988,,,,,0.0,
1989,,,,,0.0,
1990,,,,,0.0,
1991,,,,,0.043478260869565216,
1992,,,,,0.09257165658043492,
1993,,,,,0.09249827636056313,
1994,,,,,0.0,
1995,,,,,0.0,
1996,,,,,0.0,
1997,,,,,0.0,
1998,,,,,0.11290322580645161,
1999,,,,,0.0,
2000,,,,,0.0,
2001,,,,,0.5560975609756098,
2002,,,,,0.0,
2003,,,,,0.136986301369863,
2004,,,,,0.09469974063975527,
2005,,,,,0.09605675777861797,
2006,,,,,0.0,
2007,,,,,0.68,
2008,,,,,0.08333333333333333,
2009,,,,,0.0,
2010,,,,,0.0,
2011,,,,,0.4032258064516129,
2012,,,,,0.0,
2013,,,,,0.0,
2014,,,,,0.0,
2015,,,,,0.0,
2016,,,,,0.09390170911751014,
2017,,,,,0.09216466872762048,
2018,,,,,0.13259668508287292,
2019,,,,,0.0,
2020,,,,,0.2608695652173913,
2021,,,,,0.0,
2022,,,,,0.02857142857142857,
2023,,,,,0.8807947019867549,
2024,,,,,0.0,
2025,,,,,0.18681318681318682,
2026,,,,,0.0,
2027,,,,,0.4434782608695652,
2028,,,,,0.1234288754405799,
2029,,,,,0.1255476725307475,
2030,,,,,0.1791044776119403,
2031,,,,,0.2540983606557377,
2032,,,,,0.0,
2033,,,,,0.029411764705882353,
2034,,,,,0.20212765957446807,
2035,,,,,0.0,
2036,,,,,0.0,
2037,,,,,0.0,
2038,,,,,0.0,
2039,,,,,0.056338028169014086,
2040,,,,,0.06597060583893063,
2041,,,,,0.06558726063652337,
2042,,,,,0.0,
2043,,,,,0.07729468599033816,
2044,,,,,0.8641304347826086,
2045,,,,,0.03597122302158273,
2046,,,,,0.0,
2047,,,,,0.0,
2048,,,,,0.0,
2049,,,,,0.05956112852664577,
2050,,,,,0.0,
2051,,,,,0.5052631578947369,
2052,,,,,0.11179091574117178,
2053,,,,,0.11118030380535107,
2054,,,,,0.4918032786885246,
2055,,,,,0.023148148148148147,
2056,,,,,0.0,
2057,,,,,0.0,
2058,,,,,0.17,
2059,,,,,0.048484848484848485,
2060,,,,,0.0,
2061,,,,,0.039735099337748346,
2062,,,,,0.0,
2063,,,,,0.047619047619047616,
2064,,,,,0.09729334308705194,
2065,,,,,0.09578987167226387,
2066,,,,,0.0,
2067,,,,,0.022388059701492536,
2068,,,,,0.0,
2069,,,,,0.0,
2070,,,,,0.0,
2071,,,,,0.37988826815642457,
2072,,,,,0.0,
2073,,,,,0.010638297872340425,
2074,,,,,0.0,
2075,,,,,0.0,
2076,,,,,0.05380062512469243,
2077,,,,,0.05404443653670796,
2078,,,,,0.0,
2079,,,,,0.014563106796116505,
2080,,,,,0.9157894736842105,
2081,,,,,0.06896551724137931,
2082,,,,,0.0,
2083,,,,,0.1553398058252427,
2084,,,,,0.12254901960784313,
2085,,,,,0.0,
2086,,,,,0.0,
2087,,,,,0.0,
2088,,,,,0.12289685442574981,
2089,,,,,0.1237239508039944,
2090,,,,,0.0,
2091,,,,,0.0,
2092,,,,,0.0,
2093,,,,,0.0,
2094,,,,,0.0,
2095,,,,,0.39552238805970147,
2096,,,,,0.0,
2097,,,,,0.0,
2098,,,,,0.0,
2099,,,,,0.32867132867132864,
2100,,,,,0.08725144643213407,
2101,,,,,0.08736071881324645,
2102,,,,,0.047619047619047616,
2103,,,,,0.9603174603174603,
2104,,,,,0.0,
2105,,,,,0.21678321678321677,
2106,,,,,0.6,
2107,,,,,0.0,
2108,,,,,0.0,
2109,,,,,0.45689655172413796,
2110,,,,,0.046357615894039736,
2111,,,,,0.0,
2112,,,,,0.12635499102214537,
2113,,,,,0.12717122967773503,
2114,,,,,0.0,
2115,,,,,0.1206896551724138,
2116,,,,,0.0,
2117,,,,,0.26851851851851855,
2118,,,,,0.25,
2119,,,,,0.07446808510638298,
2120,,,,,0.0,
2121,,,,,0.0,
2122,,,,,0.0,
2123,,,,,0.0,
2124,,,,,0.11278845514397819,
2125,,,,,0.11409381046638348,
2126,,,,,0.06077348066298342,
2127,,,,,0.0,
2128,,,,,0.0,
2129,,,,,0.0,
2130,,,,,0.0,
2131,,,,,0.00390625,
2132,,,,,0.0,
2133,,,,,0.0,
2134,,,,,0.008695652173913044,
2135,,,,,0.0,
2136,,,,,0.08119970738844184,
2137,,,,,0.08246780686342103,
2138,,,,,0.0,
2139,,,,,0.0,
2140,,,,,0.0,
2141,,,,,0.0,
2142,,,,,0.0,
2143,,,,,0.0,
2144,,,,,0.2191780821917808,
2145,,,,,0.56,
2146,,,,,0.0,
2147,,,,,0.0,
2148,,,,,0.10268005586220656,
2149,,,,,0.10448591063763539,
2150,,,,,0.36,
2151,,,,,0.0,
2152,,,,,0.0,
2153,,,,,0.1565217391304348,
2154,,,,,0.11176470588235295,
2155,,,,,0.0,
2156,,,,,0.0,
2157,,,,,0.0,
2158,,,,,0.0,
2159,,,,,0.0,
2160,,,,,0.09563077741570793,
2161,,,,,0.09436647910504192,
2162,,,,,0.09933774834437085,
2163,,,,,0.0,
2164,,,,,0.0,
2165,,,,,0.0,
2166,,,,,0.046357615894039736,
2167,,,,,0.0,
2168,,,,,0.1950354609929078,
2169,,,,,0.0,
2170,,,,,0.0,
2171,,,,,0.1958041958041958,
2172,,,,,0.08379330983573852,
2173,,,,,0.08440273113448836,
2174,,,,,0.9933774834437086,
2175,,,,,0.0,
2176,,,,,0.25252525252525254,
2177,,,,,0.0,
2178,,,,,0.0821917808219178,
2179,,,,,0.0,
2180,,,,,0.0,
2181,,,,,0.0,
2182,,,,,0.0,
2183,,,,,0.0,
2184,,,,,0.10640420296601716,
2185,,,,,0.10635411338211419,
2186,,,,,0.2154696132596685,
2187,,,,,0.0,
2188,,,,,0.0,
2189,,,,,0.375,
2190,,,,,0.0,
2191,,,,,0.25882352941176473,
2192,,,,,0.26956521739130435,
2193,,,,,0.0,
2194,,,,,0.0,
2195,,,,,0.0,
2196,,,,,0.10467513466781937,
2197,,,,,0.10455263216422392,
2198,,,,,0.08695652173913043,
2199,,,,,0.0,
2200,,,,,0.0,
2201,,,,,0.18032786885245902,
2202,,,,,0.0,
2203,,,,,0.0,
2204,,,,,0.0,
2205,,,,,0.0,
2206,,,,,0.0,
2207,,,,,0.0,
2208,,,,,0.07774157079204629,
2209,,,,,0.07644062896159064,
2210,,,,,0.30392156862745096,
2211,,,,,0.0,
2212,,,,,1.0,
2213,,,,,0.0,
2214,,,,,0.022099447513812154,
2215,,,,,0.0672782874617737,
2216,,,,,0.1888111888111888,
2217,,,,,0.1791044776119403,
2218,,,,,0.36619718309859156,
2219,,,,,0.06341463414634146,
2220,,,,,0.07860610494114517,
2221,,,,,0.07695216066543603,
2222,,,,,0.0,
2223,,,,,0.0,
2224,,,,,0.0,
2225,,,,,0.11428571428571428,
2226,,,,,0.0,
2227,,,,,0.0,
2228,,,,,0.0,
2229,,,,,0.0,
2230,,,,,0.0,
2231,,,,,0.0,
2232,,,,,0.09589678792312296,
2233,,,,,0.09494473233547583,
2234,,,,,0.007042253521126761,
2235,,,,,0.034782608695652174,
2236,,,,,0.9841269841269841,
2237,,,,,0.3333333333333333,
2238,,,,,0.0,
2239,,,,,0.0,
2240,,,,,0.23178807947019867,
2241,,,,,0.0,
2242,,,,,0.0,
2243,,,,,0.0,
2244,,,,,0.09795836935558955,
2245,,,,,0.09796944154082246,
2246,,,,,0.0,
2247,,,,,0.0,
2248,,,,,0.0,
2249,,,,,0.0,
2250,,,,,0.0,
2251,,,,,0.0,
2252,,,,,0.0,
2253,,,,,0.0,
2254,,,,,0.0,
2255,,,,,0.22608695652173913,
2256,,,,,0.1144510208153222,
2257,,,,,0.11556168405133109,
2258,,,,,0.0,
2259,,,,,0.0,
2260,,,,,0.0,
2261,,,,,0.0,
2262,,,,,0.29901960784313725,
2263,,,,,0.0,
2264,,,,,0.25217391304347825,
2265,,,,,0.033112582781456956,
2266,,,,,0.2052980132450331,
2267,,,,,0.013333333333333334,
2268,,,,,0.07594599986699474,
2269,,,,,0.074550185708249,
2270,,,,,0.0,
2271,,,,,1.0,
2272,,,,,0.0,
2273,,,,,0.13043478260869565,
2274,,,,,1.0,
2275,,,,,0.0,
2276,,,,,0.21739130434782608,
2277,,,,,0.5080645161290323,
2278,,,,,0.30597014925373134,
2279,,,,,0.0,
2280,,,,,0.22105473166190065,
2281,,,,,0.22736472210484177,
2282,,,,,0.009259259259259259,
2283,,,,,0.013986013986013986,
2284,,,,,0.0,
2285,,,,,0.0,
2286,,,,,0.8095238095238095,
2287,,,,,0.0,
2288,,,,,0.0,
2289,,,,,0.0,
2290,,,,,0.0,
2291,,,,,0.0,
2292,,,,,0.06696814524173705,
2293,,,,,0.06589862776060317,
2294,,,,,0.0,
2295,,,,,0.0,
2296,,,,,0.0,
2297,,,,,0.0,
2298,,,,,0.0,
2299,,,,,0.0,
2300,,,,,0.0,
2301,,,,,0.0,
2302,,,,,0.0,
2303,,,,,0.0,
2304,,,,,0.11232293675600186,
2305,,,,,0.11126926584080243,
2306,,,,,0.14705882352941177,
2307,,,,,0.0,
2308,,,,,0.0,
2309,,,,,0.007462686567164179,
2310,,,,,0.9855072463768116,
2311,,,,,0.0,
2312,,,,,0.0,
2313,,,,,0.011111111111111112,
2314,,,,,0.0,
2315,,,,,0.0,
2316,,,,,0.051140520050541996,
2317,,,,,0.04964081578186509,
2318,,,,,0.0782122905027933,
2319,,,,,0.0,
2320,,,,,0.0,
2321,,,,,0.0,
2322,,,,,0.48344370860927155,
2323,,,,,0.0,
2324,,,,,0.0,
2325,,,,,0.0,
2326,,,,,0.006060606060606061,
2327,,,,,0.043478260869565216,
2328,,,,,0.10434262153355058,
2329,,,,,0.10473055623512666,
2330,,,,,0.0,
2331,,,,,0.010101010101010102,
2332,,,,,0.3873239436619718,
2333,,,,,0.0,
2334,,,,,0.0,
2335,,,,,0.038461538461538464,
2336,,,,,0.0,
2337,,,,,0.0,
2338,,,,,0.0,
2339,,,,,0.02857142857142857,
2340,,,,,0.09410121699807142,
2341,,,,,0.09505593487979005,
2342,,,,,0.07428571428571429,
2343,,,,,0.0,
2344,,,,,0.0,
2345,,,,,0.0,
2346,,,,,0.0,
2347,,,,,0.43434343434343436,
2348,,,,,0.0,
2349,,,,,0.0,
2350,,,,,0.323943661971831,
2351,,,,,0.0,
2352,,,,,0.09742634834075946,
2353,,,,,0.09877009985988479,
2354,,,,,0.0,
2355,,,,,0.0,
2356,,,,,0.0,
2357,,,,,0.0,
2358,,,,,0.0,
2359,,,,,0.0,
2360,,,,,0.0,
2361,,,,,0.06382978723404255,
2362,,,,,0.04609929078014184,
2363,,,,,0.0,
2364,,,,,0.09330318547582629,
2365,,,,,0.09365478282143096,
2366,,,,,0.07272727272727272,
2367,,,,,0.0,
2368,,,,,0.0,
2369,,,,,0.0,
2370,,,,,0.0,
2371,,,,,0.11764705882352941,
2372,,,,,0.0,
2373,,,,,0.0,
2374,,,,,0.4435483870967742,
2375,,,,,0.29577464788732394,
2376,,,,,0.06750016625656713,
2377,,,,,0.0676333874519049,
2378,,,,,0.0,
2379,,,,,0.49137931034482757,
2380,,,,,0.6263736263736264,
2381,,,,,0.0,
2382,,,,,0.1504424778761062,
2383,,,,,0.0,
2384,,,,,0.0,
2385,,,,,0.0,
2386,,,,,0.16556291390728478,
2387,,,,,0.35294117647058826,
2388,,,,,0.14856686839130145,
2389,,,,,0.15136890332050798,
2390,,,,,0.0,
2391,,,,,0.0,
2392,,,,,0.0,
2393,,,,,0.0,
2394,,,,,0.7814207650273224,
2395,,,,,0.0,
2396,,,,,0.0,
2397,,,,,0.0,
2398,,,,,0.0,
2399,,,,,0.0,
2400,,,,,0.10833277914477622,
2401,,,,,0.10846696172408425,
2402,,,,,0.0,
2403,,,,,0.0,
2404,,,,,0.0,
2405,,,,,0.0,
2406,,,,,0.0,
2407,,,,,0.8829268292682927,
2408,,,,,0.006622516556291391,
2409,,,,,0.0,
2410,,,,,0.07936507936507936,
2411,,,,,0.009708737864077669,
2412,,,,,0.07800758129946132,
2413,,,,,0.07710784422747592,
2414,,,,,0.11274509803921569,
2415,,,,,0.3739130434782609,
2416,,,,,0.0,
2417,,,,,0.9603174603174603,
2418,,,,,0.0,
2419,,,,,0.62,
2420,,,,,0.0,
2421,,,,,0.0,
2422,,,,,0.9565217391304348,
2423,,,,,0.0,
2424,,,,,0.10068497705659374,
2425,,,,,0.10103863176389476,
2426,,,,,0.0,
2427,,,,,0.7417218543046358,
2428,,,,,0.0,
2429,,,,,0.0,
2430,,,,,0.0,
2431,,,,,0.014084507042253521,
2432,,,,,0.4523809523809524,
2433,,,,,0.0,
2434,,,,,0.0,
2435,,,,,0.0,
2436,,,,,0.12169980714238213,
2437,,,,,0.12158886195316149,
2438,,,,,0.41044776119402987,
2439,,,,,0.0,
2440,,,,,0.0,
2441,,,,,0.0,
2442,,,,,0.0,
2443,,,,,0.08620689655172414,
2444,,,,,0.0,
2445,,,,,0.0,
2446,,,,,0.8521739130434782,
2447,,,,,0.0,
2448,,,,,0.07754206291148501,
2449,,,,,0.07479483130574027,
2450,,,,,0.0,
2451,,,,,0.26229508196721313,
2452,,,,,0.0,
2453,,,,,0.0,
2454,,,,,0.06521739130434782,
2455,,,,,0.05853658536585366,
2456,,,,,0.37748344370860926,
2457,,,,,0.0,
2458,,,,,0.611764705882353,
2459,,,,,0.0,
2460,,,,,0.11804216266542529,
2461,,,,,0.12118853279363032,
2462,,,,,0.0,
2463,,,,,0.3058823529411765,
2464,,,,,0.0,
2465,,,,,0.0,
2466,,,,,0.0,
2467,,,,,0.0,
2468,,,,,0.0,
2469,,,,,0.0,
2470,,,,,0.0,
2471,,,,,0.3617021276595745,
2472,,,,,0.066702134734322,
2473,,,,,0.06636567844672286,
2474,,,,,0.0,
2475,,,,,0.0,
2476,,,,,0.03496503496503497,
2477,,,,,0.9047619047619048,
2478,,,,,0.8225806451612904,
2479,,,,,0.0,
2480,,,,,0.0,
2481,,,,,0.0,
2482,,,,,0.0,
2483,,,,,0.0,
2484,,,,,0.11797566003857152,
2485,,,,,0.11791917799079243,
2486,,,,,0.0273972602739726,
2487,,,,,0.9170731707317074,
2488,,,,,0.0,
2489,,,,,0.0,
2490,,,,,0.0,
2491,,,,,0.014388489208633094,
2492,,,,,0.5108695652173914,
2493,,,,,0.0,
2494,,,,,0.12931034482758622,
2495,,,,,0.3274336283185841,
2496,,,,,0.11245594200970939,
2497,,,,,0.11389364588661789,
2498,,,,,0.9271523178807947,
2499,,,,,0.5714285714285714,
2500,,,,,0.0,
2501,,,,,0.0,
2502,,,,,0.2608695652173913,
2503,,,,,0.022099447513812154,
2504,,,,,0.0,
2505,,,,,0.0,
2506,,,,,0.0,
2507,,,,,0.0,
2508,,,,,0.08984504887943073,
2509,,,,,0.09005182038565042,
2510,,,,,0.0,
2511,,,,,0.0136986301369863,
2512,,,,,0.0,
2513,,,,,0.15217391304347827,
2514,,,,,0.0,
2515,,,,,0.0,
2516,,,,,0.0782608695652174,
2517,,,,,0.2549019607843137,
2518,,,,,0.0,
2519,,,,,0.43661971830985913,
2520,,,,,0.10553966881691827,
2521,,,,,0.10533104997442341,
2522,,,,,0.06735751295336788,
2523,,,,,0.0,
2524,,,,,0.017391304347826087,
2525,,,,,0.4,
2526,,,,,0.1932367149758454,
2527,,,,,0.07262569832402235,
2528,,,,,0.28440366972477066,
2529,,,,,0.0,
2530,,,,,0.0,
2531,,,,,0.32167832167832167,
2532,,,,,0.09317018022211877,
2533,,,,,0.0896737317349821,
2534,,,,,0.0,
2535,,,,,0.07352941176470588,
2536,,,,,0.0273972602739726,
2537,,,,,0.0,
2538,,,,,0.0,
2539,,,,,0.0,
2540,,,,,0.0,
2541,,,,,0.4084507042253521,
2542,,,,,0.00966183574879227,
2543,,,,,0.0,
2544,,,,,0.14736982110793376,
2545,,,,,0.14834419411516137,
2546,,,,,0.01834862385321101,
2547,,,,,0.0,
2548,,,,,0.7608695652173914,
2549,,,,,0.0048543689320388345,
2550,,,,,0.0,
2551,,,,,0.0,
2552,,,,,0.0,
2553,,,,,0.029411764705882353,
2554,,,,,0.7054794520547946,
2555,,,,,0.0,
2556,,,,,0.15282303650994214,
2557,,,,,0.15277005537886706,
2558,,,,,0.0,
2559,,,,,0.0,
2560,,,,,0.0,
2561,,,,,0.0,
2562,,,,,0.0,
2563,,,,,0.2097902097902098,
2564,,,,,0.023809523809523808,
2565,,,,,0.13333333333333333,
2566,,,,,0.06018518518518518,
2567,,,,,0.0,
2568,,,,,0.10560617144377203,
2569,,,,,0.10688788559482242,
2570,,,,,0.0,
2571,,,,,0.0,
2572,,,,,0.11428571428571428,
2573,,,,,0.1288888888888889,
2574,,,,,0.19553072625698323,
2575,,,,,0.15294117647058825,
2576,,,,,0.0,
2577,,,,,0.0,
2578,,,,,0.0,
2579,,,,,0.0,
2580,,,,,0.10534016093635698,
2581,,,,,0.1078664679847875,
2582,,,,,0.011049723756906077,
2583,,,,,0.0,
2584,,,,,0.0,
2585,,,,,0.271523178807947,
2586,,,,,0.0,
2587,,,,,0.5869565217391305,
2588,,,,,0.0,
2589,,,,,0.005434782608695652,
2590,,,,,0.0,
2591,,,,,0.0,
2592,,,,,0.20210148300857883,
2593,,,,,0.2046126815381536,
2594,,,,,0.04854368932038835,
2595,,,,,0.0,
2596,,,,,0.0,
2597,,,,,0.07947019867549669,
2598,,,,,0.0,
2599,,,,,0.0136986301369863,
2600,,,,,0.0,
2601,,,,,0.17894736842105263,
2602,,,,,0.035211267605633804,
2603,,,,,0.27450980392156865,
2604,,,,,0.07142382124093902,
2605,,,,,0.07183684362698219,
2606,,,,,0.0,
2607,,,,,0.68,
2608,,,,,0.0,
2609,,,,,0.0,
2610,,,,,0.0,
2611,,,,,0.0,
2612,,,,,0.0,
2613,,,,,0.0,
2614,,,,,0.6210526315789474,
2615,,,,,0.0,
2616,,,,,0.12442641484338632,
2617,,,,,0.12556991303961035,
2618,,,,,0.40096618357487923,
2619,,,,,1.0,
2620,,,,,0.0,
2621,,,,,0.0,
2622,,,,,0.0,
2623,,,,,0.16312056737588654,
2624,,,,,0.06593406593406594,
2625,,,,,0.07647058823529412,
2626,,,,,0.39072847682119205,
2627,,,,,0.0,
2628,,,,,0.11790915741171776,
2629,,,,,0.11978738073527122,
2630,,,,,0.25874125874125875,
2631,,,,,0.1267605633802817,
2632,,,,,0.09574468085106383,
2633,,,,,0.0,
2634,,,,,0.0,
2635,,,,,0.0,
2636,,,,,0.8087431693989071,
2637,,,,,0.0,
2638,,,,,0.0,
2639,,,,,0.0,
2640,,,,,0.09317018022211877,
2641,,,,,0.09298756755554567,
2642,,,,,0.07734806629834254,
2643,,,,,0.0,
2644,,,,,0.0,
2645,,,,,0.1391304347826087,
2646,,,,,0.24468085106382978,
2647,,,,,0.0,
2648,,,,,0.0,
2649,,,,,0.006622516556291391,
2650,,,,,0.004830917874396135,
2651,,,,,0.0,
2652,,,,,0.09090909090909091,
2653,,,,,0.09254275737828882,
2654,,,,,0.0,
2655,,,,,0.0,
2656,,,,,0.0,
2657,,,,,0.0,
2658,,,,,0.0,
2659,,,,,0.0,
2660,,,,,0.008695652173913044,
2661,,,,,0.0058823529411764705,
2662,,,,,0.0,
2663,,,,,0.0,
2664,,,,,0.11591407860610495,
2665,,,,,0.11745212730467273,
2666,,,,,0.010416666666666666,
2667,,,,,0.0,
2668,,,,,0.010526315789473684,
2669,,,,,0.07111111111111111,
2670,,,,,0.0,
2671,,,,,0.1974921630094044,
2672,,,,,0.0,
2673,,,,,0.0,
2674,,,,,0.4608695652173913,
2675,,,,,0.0,
2676,,,,,0.1122564341291481,
2677,,,,,0.11215888619531615,
2678,,,,,0.0,
2679,,,,,0.0,
2680,,,,,0.2808219178082192,
2681,,,,,0.0,
2682,,,,,0.008888888888888889,
2683,,,,,0.7478260869565218,
2684,,,,,0.0,
2685,,,,,0.5,
2686,,,,,0.0,
2687,,,,,0.0,
2688,,,,,0.10387710314557425,
2689,,,,,0.10457487267308677,
2690,,,,,0.10619469026548672,
2691,,,,,0.12290502793296089,
2692,,,,,0.0,
2693,,,,,0.0,
2694,,,,,0.0,
2695,,,,,0.33170731707317075,
2696,,,,,0.0,
2697,,,,,0.4444444444444444,
2698,,,,,0.0,
2699,,,,,0.0,
2700,,,,,0.13599787191594068,
2701,,,,,0.1397371171852412,
2702,,,,,0.9682539682539683,
2703,,,,,0.0,
2704,,,,,0.39072847682119205,
2705,,,,,0.0,
2706,,,,,0.0,
2707,,,,,0.0,
2708,,,,,0.0,
2709,,,,,0.0,
2710,,,,,0.2112676056338028,
2711,,,,,0.0,
2712,,,,,0.0958302852962692,
2713,,,,,0.0965905299913262,
2714,,,,,0.0,
2715,,,,,0.0,
2716,,,,,0.017142857142857144,
2717,,,,,0.027777777777777776,
2718,,,,,0.0,
2719,,,,,0.1111111111111111,
2720,,,,,0.0,
2721,,,,,0.030303030303030304,
2722,,,,,0.0,
2723,,,,,0.07804878048780488,
2724,,,,,0.10899780541331383,
2725,,,,,0.1088005693570269,
2726,,,,,0.0,
2727,,,,,0.6775956284153005,
2728,,,,,0.02054794520547945,
2729,,,,,0.6260869565217392,
2730,,,,,0.7894736842105263,
2731,,,,,0.40487804878048783,
2732,,,,,0.0,
2733,,,,,0.0425531914893617,
2734,,,,,0.0,
2735,,,,,0.0,
2736,,,,,0.1485003657644477,
2737,,,,,0.15041256143940573,
2738,,,,,0.5921985815602837,
2739,,,,,0.0,
2740,,,,,0.8232044198895028,
2741,,,,,0.8492063492063492,
2742,,,,,0.0,
2743,,,,,0.0,
2744,,,,,0.0,
2745,,,,,0.0,
2746,,,,,0.0,
2747,,,,,0.0,
2748,,,,,0.11205692624858682,
2749,,,,,0.11293730400551565,
2750,,,,,0.29577464788732394,
2751,,,,,0.0,
2752,,,,,0.03314917127071823,
2753,,,,,0.0,
2754,,,,,0.0,
2755,,,,,0.0,
2756,,,,,0.4351851851851852,
2757,,,,,0.0,
2758,,,,,0.0,
2759,,,,,0.11904761904761904,
2760,,,,,0.09197313293875108,
2761,,,,,0.09332117518848831,
2762,,,,,0.8650793650793651,
2763,,,,,0.33098591549295775,
2764,,,,,0.015873015873015872,
2765,,,,,0.0,
2766,,,,,0.019417475728155338,
2767,,,,,0.0,
2768,,,,,0.0,
2769,,,,,0.0,
2770,,,,,0.0,
2771,,,,,0.0,
2772,,,,,0.09543126953514663,
2773,,,,,0.09552298556590975,
2774,,,,,0.09944751381215469,
2775,,,,,0.06896551724137931,
2776,,,,,0.31862745098039214,
2777,,,,,0.40869565217391307,
2778,,,,,0.8695652173913043,
2779,,,,,0.4177777777777778,
2780,,,,,0.0,
2781,,,,,0.0,
2782,,,,,0.5231481481481481,
2783,,,,,0.0,
2784,,,,,0.10939682117443639,
2785,,,,,0.10895625291906678,
2786,,,,,0.0,
2787,,,,,0.0,
2788,,,,,0.0,
2789,,,,,0.18857142857142858,
2790,,,,,0.1347517730496454,
2791,,,,,0.16819571865443425,
2792,,,,,0.009259259259259259,
2793,,,,,0.7313432835820896,
2794,,,,,0.0,
2795,,,,,0.0,
2796,,,,,0.12442641484338632,
2797,,,,,0.12597024219914152,
2798,,,,,0.0,
2799,,,,,0.4336283185840708,
2800,,,,,0.926829268292683,
2801,,,,,0.05434782608695652,
2802,,,,,0.0,
2803,,,,,0.0,
2804,,,,,0.0,
2805,,,,,0.0,
2806,,,,,0.0,
2807,,,,,0.0,
2808,,,,,0.11804216266542529,
2809,,,,,0.12036563396570514,
2810,,,,,0.22388059701492538,
2811,,,,,0.0,
2812,,,,,0.8736842105263158,
2813,,,,,0.0,
2814,,,,,0.0,
2815,,,,,0.0,
2816,,,,,0.0,
2817,,,,,0.0,
2818,,,,,0.12173913043478261,
2819,,,,,0.3463414634146341,
2820,,,,,0.09110859878965219,
2821,,,,,0.09312101060872273,
2822,,,,,0.15121951219512195,
2823,,,,,0.0,
2824,,,,,0.0,
2825,,,,,0.0,
2826,,,,,0.0,
2827,,,,,0.0,
2828,,,,,0.0,
2829,,,,,0.5304347826086957,
2830,,,,,0.0,
2831,,,,,0.0,
2832,,,,,0.08858149896920928,
2833,,,,,0.08909547850454819,
2834,,,,,0.40298507462686567,
2835,,,,,0.0,
2836,,,,,0.0,
2837,,,,,0.06593406593406594,
2838,,,,,0.25177304964539005,
2839,,,,,0.0,
2840,,,,,0.0,
2841,,,,,0.07534246575342465,
2842,,,,,0.047619047619047616,
2843,,,,,0.0,
2844,,,,,0.12356188069428742,
2845,,,,,0.12701554611569513,
2846,,,,,0.010362694300518135,
2847,,,,,0.006060606060606061,
2848,,,,,0.68,
2849,,,,,0.0,
2850,,,,,0.034782608695652174,
2851,,,,,0.0,
2852,,,,,0.0,
2853,,,,,0.0,
2854,,,,,0.2647058823529412,
2855,,,,,0.0,
2856,,,,,0.10254705060849903,
2857,,,,,0.10250650534884238,
2858,,,,,0.0,
2859,,,,,0.0,
2860,,,,,0.06521739130434782,
2861,,,,,0.30597014925373134,
2862,,,,,0.0,
2863,,,,,0.1452513966480447,
2864,,,,,0.0,
2865,,,,,0.0,
2866,,,,,0.0,
2867,,,,,0.0,
2868,,,,,0.07089180022610893,
2869,,,,,0.07588461624001958,
2870,,,,,0.9333333333333333,
2871,,,,,0.13170731707317074,
2872,,,,,0.0,
2873,,,,,0.0,
2874,,,,,0.0,
2875,,,,,0.009174311926605505,
2876,,,,,0.0,
2877,,,,,0.0,
2878,,,,,0.0,
2879,,,,,0.5027322404371585,
2880,,,,,0.12422690696282503,
2881,,,,,0.12812757155883728,
2882,,,,,0.4631578947368421,
2883,,,,,0.003134796238244514,
2884,,,,,0.0,
2885,,,,,0.0,
2886,,,,,0.2682926829268293,
2887,,,,,0.9841269841269841,
2888,,,,,0.34265734265734266,
2889,,,,,0.8647058823529412,
2890,,,,,0.0,
2891,,,,,0.0,
2892,,,,,0.13912349537806742,
2893,,,,,0.1413606743322287,
2894,,,,,0.0,
2895,,,,,0.0,
2896,,,,,0.0,
2897,,,,,0.06763285024154589,
2898,,,,,0.0,
2899,,,,,0.1650485436893204,
2900,,,,,0.017391304347826087,
2901,,,,,0.521978021978022,
2902,,,,,0.09333333333333334,
2903,,,,,0.717741935483871,
2904,,,,,0.09323668284897253,
2905,,,,,0.0939439094366479,
2906,,,,,0.8666666666666667,
2907,,,,,0.0,
2908,,,,,0.11764705882352941,
2909,,,,,0.0,
2910,,,,,0.0,
2911,,,,,0.0,
2912,,,,,0.0,
2913,,,,,0.014492753623188406,
2914,,,,,0.0,
2915,,,,,0.33098591549295775,
2916,,,,,0.1366628981844783,
2917,,,,,0.13818028156484222,
2918,,,,,0.4666666666666667,
2919,,,,,0.047058823529411764,
2920,,,,,0.0,
2921,,,,,0.3879310344827586,
2922,,,,,0.0,
2923,,,,,0.0,
2924,,,,,0.0,
2925,,,,,0.0,
2926,,,,,0.0,
2927,,,,,0.008695652173913044,
2928,,,,,0.08918002261089313,
2929,,,,,0.08916220003113672,
2930,,,,,0.0,
2931,,,,,0.0,
2932,,,,,0.0,
2933,,,,,0.0,
2934,,,,,0.0,
2935,,,,,0.0,
2936,,,,,0.0,
2937,,,,,0.4701492537313433,
2938,,,,,0.3719806763285024,
2939,,,,,0.0,
2940,,,,,0.09935492451951852,
2941,,,,,0.09968196072326135,
2942,,,,,0.0,
2943,,,,,0.0,
2944,,,,,0.0,
2945,,,,,0.9565217391304348,
2946,,,,,0.0,
2947,,,,,0.0,
2948,,,,,0.0,
2949,,,,,0.9841269841269841,
2950,,,,,0.4488888888888889,
2951,,,,,0.0,
2952,,,,,0.11837467579969409,
2953,,,,,0.12029891243911661,
2954,,,,,0.5396825396825397,
2955,,,,,0.0673758865248227,
2956,,,,,0.21428571428571427,
2957,,,,,0.05434782608695652,
2958,,,,,0.006622516556291391,
2959,,,,,0.0,
2960,,,,,0.0,
2961,,,,,0.0,
2962,,,,,0.0,
2963,,,,,0.753968253968254,
2964,,,,,0.10081798231030126,
2965,,,,,0.09843649222694215,
2966,,,,,0.0,
2967,,,,,0.008849557522123894,
2968,,,,,0.0,
2969,,,,,0.0,
2970,,,,,0.0,
2971,,,,,0.08235294117647059,
2972,,,,,0.5714285714285714,
2973,,,,,0.20795107033639143,
2974,,,,,0.0,
2975,,,,,0.8913043478260869,
2976,,,,,0.12622198576843785,
2977,,,,,0.1276827613815804,
2978,,,,,0.0,
2979,,,,,0.0,
2980,,,,,0.0,
2981,,,,,0.0,
2982,,,,,0.9271523178807947,
2983,,,,,0.0,
2984,,,,,0.7923497267759563,
2985,,,,,0.0,
2986,,,,,0.0,
2987,,,,,0.02054794520547945,
2988,,,,,0.1361308771696482,
2989,,,,,0.13704601561283722,
2990,,,,,0.0,
2991,,,,,0.0,
2992,,,,,0.0,
2993,,,,,0.0,
2994,,,,,0.0,
2995,,,,,0.0,
2996,,,,,0.0,
2997,,,,,0.0,
2998,,,,,0.23300970873786409,
2999,,,,,0.0,
3000,,,,,0.1349338298862805,
3001,,,,,0.138491648688922,
3002,,,,,0.31313131313131315,
3003,,,,,0.011904761904761904,
3004,,,,,0.4166666666666667,
3005,,,,,0.0,
3006,,,,,0.0,
3007,,,,,0.0,
3008,,,,,0.1368421052631579,
3009,,,,,0.14009661835748793,
3010,,,,,0.0,
3011,,,,,0.0,
3012,,,,,0.09164061980448228,
3013,,,,,0.09203122567444343,
3014,,,,,0.912568306010929,
3015,,,,,0.0,
3016,,,,,0.0,
3017,,,,,0.2596685082872928,
3018,,,,,0.0,
3019,,,,,0.20909090909090908,
3020,,,,,0.0,
3021,,,,,0.0,
3022,,,,,0.6024464831804281,
3023,,,,,0.0,
3024,,,,,0.17470240074482943,
3025,,,,,0.17558881747214375,
3026,,,,,0.13043478260869565,
3027,,,,,0.0,
3028,,,,,0.0,
3029,,,,,0.0,
3030,,,,,0.0,
3031,,,,,0.0,
3032,,,,,0.6935483870967742,
3033,,,,,0.0,
3034,,,,,0.057971014492753624,
3035,,,,,0.20238095238095238,
3036,,,,,0.11764314690430272,
3037,,,,,0.11714076018059293,
3038,,,,,0.13793103448275862,
3039,,,,,0.0,
3040,,,,,0.0,
3041,,,,,0.0,
3042,,,,,0.011049723756906077,
3043,,,,,0.06956521739130435,
3044,,,,,0.0,
3045,,,,,0.1276595744680851,
3046,,,,,0.061452513966480445,
3047,,,,,0.0,
3048,,,,,0.10839928177162998,
3049,,,,,0.10957898716722639,
3050,,,,,0.0,
3051,,,,,0.0,
3052,,,,,0.0,
3053,,,,,0.8145161290322581,
3054,,,,,0.0,
3055,,,,,0.05172413793103448,
3056,,,,,0.8647342995169082,
3057,,,,,0.0,
3058,,,,,0.0,
3059,,,,,0.0335195530726257,
3060,,,,,0.08991155150628449,
3061,,,,,0.09078575717812423,
3062,,,,,0.14705882352941177,
3063,,,,,0.43478260869565216,
3064,,,,,0.5565217391304348,
3065,,,,,0.0,
3066,,,,,0.26229508196721313,
3067,,,,,0.0,
3068,,,,,0.40425531914893614,
3069,,,,,0.0,
3070,,,,,0.6428571428571429,
3071,,,,,0.0,
3072,,,,,0.1510274655848906,
3073,,,,,0.15519427084491694,
3074,,,,,0.5355191256830601,
3075,,,,,0.014563106796116505,
3076,,,,,0.2323943661971831,
3077,,,,,0.35359116022099446,
3078,,,,,0.0,
3079,,,,,0.0,
3080,,,,,0.12352941176470589,
3081,,,,,0.0,
3082,,,,,0.18357487922705315,
3083,,,,,0.0,
3084,,,,,0.10168251645940014,
3085,,,,,0.10061606209550074,
3086,,,,,0.0,
3087,,,,,0.6502732240437158,
3088,,,,,0.06956521739130435,
3089,,,,,0.0,
3090,,,,,0.9941176470588236,
3091,,,,,0.0,
3092,,,,,0.0,
3093,,,,,0.0,
3094,,,,,0.0,
3095,,,,,0.39,
3096,,,,,0.15382057591274856,
3097,,,,,0.1562618152703334,
3098,,,,,0.0,
3099,,,,,0.0,
3100,,,,,0.0,
3101,,,,,0.0,
3102,,,,,0.0,
3103,,,,,0.003134796238244514,
3104,,,,,0.0,
3105,,,,,0.12352941176470589,
3106,,,,,0.8548387096774194,
3107,,,,,0.0,
3108,,,,,0.09210613819245861,
3109,,,,,0.09154193447946089,
3110,,,,,0.15760869565217392,
3111,,,,,0.0,
3112,,,,,0.0,
3113,,,,,0.0,
3114,,,,,0.0,
3115,,,,,0.0,
3116,,,,,0.0,
3117,,,,,0.0,
3118,,,,,0.0,
3119,,,,,0.0,
3120,,,,,0.17264081931236283,
3121,,,,,0.176545159353246,
3122,,,,,0.0,
3123,,,,,0.0,
3124,,,,,0.0,
3125,,,,,0.07389162561576355,
3126,,,,,0.0,
3127,,,,,0.0,
3128,,,,,0.0,
3129,,,,,0.0,
3130,,,,,0.0,
3131,,,,,0.22884012539184953,
3132,,,,,0.15435259692757863,
3133,,,,,0.15608389119943064,
3134,,,,,0.02608695652173913,
3135,,,,,0.0,
3136,,,,,0.0,
3137,,,,,0.0,
3138,,,,,0.0,
3139,,,,,0.0,
3140,,,,,0.0,
3141,,,,,0.9206349206349206,
3142,,,,,0.0,
3143,,,,,0.0,
3144,,,,,0.07780807341890005,
3145,,,,,0.07566221115139114,
3146,,,,,0.0,
3147,,,,,0.0,
3148,,,,,0.0,
3149,,,,,0.0,
3150,,,,,0.0,
3151,,,,,0.5068493150684932,
3152,,,,,0.5384615384615384,
3153,,,,,0.0,
3154,,,,,0.0,
3155,,,,,0.22324159021406728,
3156,,,,,0.13500033251313426,
3157,,,,,0.13608967373173497,
3158,,,,,0.014925373134328358,
3159,,,,,0.0,
3160,,,,,0.0,
3161,,,,,0.0,
3162,,,,,0.15217391304347827,
3163,,,,,0.0,
3164,,,,,0.0,
3165,,,,,0.20772946859903382,
3166,,,,,0.0,
3167,,,,,0.0,
3168,,,,,0.14111857418368026,
3169,,,,,0.14015968685363522,
3170,,,,,0.0,
3171,,,,,0.0,
3172,,,,,0.0,
3173,,,,,0.0,
3174,,,,,0.33879781420765026,
3175,,,,,0.0,
3176,,,,,0.06666666666666667,
3177,,,,,0.0,
3178,,,,,0.0,
3179,,,,,0.168141592920354,
3180,,,,,0.10959632905499768,
3181,,,,,0.11066877210150568,
3182,,,,,0.0,
3183,,,,,0.4880952380952381,
3184,,,,,0.5368421052631579,
3185,,,,,0.25139664804469275,
3186,,,,,0.0,
3187,,,,,0.88,
3188,,,,,0.0,
3189,,,,,0.3217391304347826,
3190,,,,,0.0,
3191,,,,,0.1724137931034483,
3192,,,,,0.14058655316885016,
3193,,,,,0.14269510486399928,
3194,,,,,0.016304347826086956,
3195,,,,,0.0,
3196,,,,,0.0,
3197,,,,,0.0,
3198,,,,,0.0,
3199,,,,,0.0,
3200,,,,,0.05825242718446602,
3201,,,,,0.33112582781456956,
3202,,,,,0.03571428571428571,
3203,,,,,0.0,
3204,,,,,0.09283766708784998,
3205,,,,,0.09369926383915664,
3206,,,,,0.0,
3207,,,,,0.05309734513274336,
3208,,,,,0.07,
3209,,,,,0.0,
3210,,,,,0.0,
3211,,,,,0.15609756097560976,
3212,,,,,0.9761904761904762,
3213,,,,,0.08823529411764706,
3214,,,,,0.0,
3215,,,,,0.7910447761194029,
3216,,,,,0.17044623262618874,
3217,,,,,0.1705179814514156,
3218,,,,,0.0,
3219,,,,,0.0,
3220,,,,,0.38235294117647056,
3221,,,,,0.0,
3222,,,,,0.0,
3223,,,,,0.9603174603174603,
3224,,,,,0.0,
3225,,,,,0.011428571428571429,
3226,,,,,0.03636363636363636,
3227,,,,,0.0,
3228,,,,,0.11332047615880828,
3229,,,,,0.11298178502324133,
3230,,,,,0.9782608695652174,
3231,,,,,0.0,
3232,,,,,0.06349206349206349,
3233,,,,,0.0,
3234,,,,,0.4105960264900662,
3235,,,,,0.0,
3236,,,,,0.046296296296296294,
3237,,,,,0.06521739130434782,
3238,,,,,0.0,
3239,,,,,0.5221238938053098,
3240,,,,,0.17197579304382524,
3241,,,,,0.17354269065676223,
3242,,,,,0.03571428571428571,
3243,,,,,0.06956521739130435,
3244,,,,,0.0,
3245,,,,,0.0,
3246,,,,,0.20588235294117646,
3247,,,,,0.0,
3248,,,,,0.0,
3249,,,,,0.0,
3250,,,,,0.01834862385321101,
3251,,,,,0.0,
3252,,,,,0.08239675467180954,
3253,,,,,0.07991014834419412,
3254,,,,,0.0,
3255,,,,,0.7729468599033816,
3256,,,,,0.19704433497536947,
3257,,,,,0.0,
3258,,,,,0.0,
3259,,,,,0.0,
3260,,,,,0.0,
3261,,,,,0.9761904761904762,
3262,,,,,0.0,
3263,,,,,0.0,
3264,,,,,0.17875906098290884,
3265,,,,,0.17650067833552033,
3266,,,,,0.7419354838709677,
3267,,,,,0.3263157894736842,
3268,,,,,0.0,
3269,,,,,0.0,
3270,,,,,0.0,
3271,,,,,0.24390243902439024,
3272,,,,,0.0,
3273,,,,,0.0,
3274,,,,,0.27647058823529413,
3275,,,,,0.14215686274509803,
3276,,,,,0.10527365830950322,
3277,,,,,0.10404110046037854,
3278,,,,,0.0,
3279,,,,,0.6417910447761194,
3280,,,,,0.13043478260869565,
3281,,,,,0.007042253521126761,
3282,,,,,0.008849557522123894,
3283,,,,,0.271523178807947,
3284,,,,,0.5368421052631579,
3285,,,,,0.4088888888888889,
3286,,,,,0.0,
3287,,,,,0.0,
3288,,,,,0.09430072487863271,
3289,,,,,0.09307652959099705,
3290,,,,,0.0070921985815602835,
3291,,,,,0.16666666666666666,
3292,,,,,0.5555555555555556,
3293,,,,,0.0,
3294,,,,,0.0,
3295,,,,,0.0,
3296,,,,,0.08791208791208792,
3297,,,,,0.0,
3298,,,,,0.0,
3299,,,,,0.0,
3300,,,,,0.12422690696282503,
3301,,,,,0.12230055823677245,
3302,,,,,0.0,
3303,,,,,0.0,
3304,,,,,0.0,
3305,,,,,0.034482758620689655,
3306,,,,,0.35714285714285715,
3307,,,,,0.12254901960784313,
3308,,,,,0.0,
3309,,,,,0.0,
3310,,,,,0.0,
3311,,,,,0.0,
3312,,,,,0.0849903571191062,
3313,,,,,0.08424704757244846,
3314,,,,,0.0,
3315,,,,,0.0,
3316,,,,,0.0,
3317,,,,,0.0,
3318,,,,,0.0,
3319,,,,,0.15609756097560976,
3320,,,,,0.0,
3321,,,,,0.45454545454545453,
3322,,,,,0.0,
3323,,,,,0.2391304347826087,
3324,,,,,0.09563077741570793,
3325,,,,,0.09456664368480751,
3326,,,,,0.0,
3327,,,,,0.0,
3328,,,,,0.0,
3329,,,,,0.3241758241758242,
3330,,,,,0.0,
3331,,,,,0.04419889502762431,
3332,,,,,0.0,
3333,,,,,0.10344827586206896,
3334,,,,,0.0,
3335,,,,,0.0,
3336,,,,,0.13992152690031257,
3337,,,,,0.13769099036985966,
3338,,,,,0.0,
3339,,,,,0.15517241379310345,
3340,,,,,0.2391304347826087,
3341,,,,,0.0,
3342,,,,,0.0,
3343,,,,,0.027522935779816515,
3344,,,,,0.0,
3345,,,,,0.0,
3346,,,,,0.0,
3347,,,,,0.8888888888888888,
3348,,,,,0.09423422225177895,
3349,,,,,0.09347685875052822,
3350,,,,,0.0,
3351,,,,,0.0,
3352,,,,,0.0,
3353,,,,,0.0,
3354,,,,,0.0,
3355,,,,,0.0,
3356,,,,,0.0,
3357,,,,,0.0,
3358,,,,,0.13,
3359,,,,,0.7549668874172185,
3360,,,,,0.09317018022211877,
3361,,,,,0.09474456775571025,
3362,,,,,0.0,
3363,,,,,0.0,
3364,,,,,0.9193548387096774,
3365,,,,,0.14285714285714285,
3366,,,,,0.5043478260869565,
3367,,,,,0.02127659574468085,
3368,,,,,0.0,
3369,,,,,0.0,
3370,,,,,0.0,
3371,,,,,0.11971830985915492,
3372,,,,,0.12050275985901443,
3373,,,,,0.12149989991771011,
3374,,,,,0.5578947368421052,
3375,,,,,0.0,
3376,,,,,0.1043956043956044,
3377,,,,,0.524822695035461,
3378,,,,,0.17880794701986755,
3379,,,,,0.0,
3380,,,,,0.0,
3381,,,,,0.01098901098901099,
3382,,,,,0.0,
3383,,,,,0.0,
3384,,,,,0.11079337633836536,
3385,,,,,0.11051308853946579,
3386,,,,,0.0,
3387,,,,,0.1417910447761194,
3388,,,,,0.0,
3389,,,,,0.0,
3390,,,,,0.43478260869565216,
3391,,,,,0.0,
3392,,,,,0.8951612903225806,
3393,,,,,0.0,
3394,,,,,0.0,
3395,,,,,0.0223463687150838,
3396,,,,,0.10088448493715502,
3397,,,,,0.10066054311322643,
3398,,,,,0.050359712230215826,
3399,,,,,0.12077294685990338,
3400,,,,,0.06583072100313479,
3401,,,,,0.02072538860103627,
3402,,,,,0.8015873015873016,
3403,,,,,0.7338709677419355,
3404,,,,,0.0,
3405,,,,,0.0,
3406,,,,,0.0,
3407,,,,,0.0,
3408,,,,,0.1318747090510075,
3409,,,,,0.1323532682427774,
3410,,,,,0.43157894736842106,
3411,,,,,0.01567398119122257,
3412,,,,,0.0,
3413,,,,,0.031914893617021274,
3414,,,,,0.46859903381642515,
3415,,,,,0.0,
3416,,,,,0.26573426573426573,
3417,,,,,0.0,
3418,,,,,0.09268292682926829,
3419,,,,,0.010526315789473684,
3420,,,,,0.13047815388707854,
3421,,,,,0.13148588839712652,
3422,,,,,0.021052631578947368,
3423,,,,,0.0,
3424,,,,,0.0707070707070707,
3425,,,,,0.03278688524590164,
3426,,,,,0.5575221238938053,
3427,,,,,0.3129496402877698,
3428,,,,,0.02097902097902098,
3429,,,,,0.0,
3430,,,,,0.2119205298013245,
3431,,,,,0.6612021857923497,
3432,,,,,0.1377934428409922,
3433,,,,,0.1367791295064831,
3434,,,,,0.0,
3435,,,,,0.0,
3436,,,,,0.0,
3437,,,,,0.0,
3438,,,,,0.23478260869565218,
3439,,,,,0.0,
3440,,,,,0.06116207951070336,
3441,,,,,0.0,
3442,,,,,0.0,
3443,,,,,0.07092198581560284,
3444,,,,,0.1190397020682317,
3445,,,,,0.12176678602406422,
3446,,,,,0.00390625,
3447,,,,,0.0,
3448,,,,,0.0,
3449,,,,,0.0,
3450,,,,,0.0,
3451,,,,,0.0,
3452,,,,,0.0,
3453,,,,,0.029411764705882353,
3454,,,,,0.0,
3455,,,,,0.0,
3456,,,,,0.06484006118241671,
3457,,,,,0.06474212129973533,
3458,,,,,0.7733333333333333,
3459,,,,,0.0,
3460,,,,,0.494949494949495,
3461,,,,,0.0,
3462,,,,,0.034782608695652174,
3463,,,,,0.0,
3464,,,,,0.23414634146341465,
3465,,,,,0.0,
3466,,,,,0.0,
3467,,,,,0.0,
3468,,,,,0.11079337633836536,
3469,,,,,0.10915641749883237,
3470,,,,,0.0,
3471,,,,,0.0,
3472,,,,,0.0,
3473,,,,,0.08823529411764706,
3474,,,,,0.0,
3475,,,,,0.5136612021857924,
3476,,,,,0.0,
3477,,,,,0.0,
3478,,,,,0.0,
3479,,,,,0.07758620689655173,
3480,,,,,0.09090909090909091,
3481,,,,,0.08840602272980005,
3482,,,,,0.0,
3483,,,,,0.0,
3484,,,,,0.0,
3485,,,,,0.0,
3486,,,,,0.44776119402985076,
3487,,,,,0.0,
3488,,,,,0.36574074074074076,
3489,,,,,0.0,
3490,,,,,0.0,
3491,,,,,0.060109289617486336,
3492,,,,,0.08851499634235552,
3493,,,,,0.08862842781842849,
3494,,,,,0.0,
3495,,,,,0.0,
3496,,,,,0.0,
3497,,,,,0.0,
3498,,,,,0.0,
3499,,,,,0.0,
3500,,,,,0.0,
3501,,,,,0.0,
3502,,,,,0.0,
3503,,,,,0.0,
3504,,,,,0.11544856021812862,
3505,,,,,0.11682939305651313,
3506,,,,,0.0,
3507,,,,,0.0,
3508,,,,,0.0,
3509,,,,,0.0,
3510,,,,,0.0,
3511,,,,,0.0,
3512,,,,,0.0,
3513,,,,,0.0,
3514,,,,,1.0,
3515,,,,,0.0,
3516,,,,,0.11371949191993083,
3517,,,,,0.11567288659564531,
3518,,,,,0.0,
3519,,,,,0.0,
3520,,,,,0.03867403314917127,
3521,,,,,0.06956521739130435,
3522,,,,,0.8347826086956521,
3523,,,,,0.0,
3524,,,,,0.0,
3525,,,,,0.0,
3526,,,,,0.0,
3527,,,,,0.0,
3528,,,,,0.11218993150229434,
3529,,,,,0.11440517759046327,
3530,,,,,0.0,
3531,,,,,0.13186813186813187,
3532,,,,,0.8469945355191257,
3533,,,,,0.0,
3534,,,,,0.0,
3535,,,,,0.0,
3536,,,,,0.017699115044247787,
3537,,,,,0.0,
3538,,,,,0.0,
3539,,,,,0.0,
3540,,,,,0.13413579836403539,
3541,,,,,0.13462180014678735,
3542,,,,,0.047619047619047616,
3543,,,,,0.027972027972027972,
3544,,,,,0.0,
3545,,,,,0.0,
3546,,,,,0.0,
3547,,,,,0.0,
3548,,,,,0.5714285714285714,
3549,,,,,0.20149253731343283,
3550,,,,,0.0,
3551,,,,,0.0,
3552,,,,,0.08226374941810201,
3553,,,,,0.07846451526810934,
3554,,,,,0.0,
3555,,,,,0.0,
3556,,,,,0.0,
3557,,,,,0.0,
3558,,,,,0.0,
3559,,,,,0.0,
3560,,,,,0.0,
3561,,,,,0.9365079365079365,
3562,,,,,0.3333333333333333,
3563,,,,,0.0,
3564,,,,,0.08645341490988893,
3565,,,,,0.08511442741809933,
3566,,,,,0.0,
3567,,,,,0.08695652173913043,
3568,,,,,0.0,
3569,,,,,0.0,
3570,,,,,0.0,
3571,,,,,0.0,
3572,,,,,0.12173913043478261,
3573,,,,,0.0,
3574,,,,,0.30851063829787234,
3575,,,,,0.1206896551724138,
3576,,,,,0.12150029926182085,
3577,,,,,0.12314569757356049,
3578,,,,,0.0,
3579,,,,,0.0,
3580,,,,,0.0,
3581,,,,,0.0,
3582,,,,,0.0,
3583,,,,,0.0,
3584,,,,,0.0,
3585,,,,,0.0,
3586,,,,,0.0,
3587,,,,,0.0,
3588,,,,,0.0592538405267008,
3589,,,,,0.05849253830927652,
3590,,,,,0.0,
3591,,,,,0.0,
3592,,,,,0.0,
3593,,,,,0.0,
3594,,,,,0.0,
3595,,,,,0.0,
3596,,,,,0.4434782608695652,
3597,,,,,0.0,
3598,,,,,0.0,
3599,,,,,0.3695652173913043,
3600,,,,,0.14012103478087384,
3601,,,,,0.13984831972955541,
3602,,,,,0.0051813471502590676,
3603,,,,,0.0,
3604,,,,,0.0,
3605,,,,,0.0,
3606,,,,,0.0,
3607,,,,,0.36470588235294116,
3608,,,,,0.0,
3609,,,,,0.8548387096774194,
3610,,,,,0.11347517730496454,
3611,,,,,0.0,
3612,,,,,0.08306178094034715,
3613,,,,,0.08075528768098214,
3614,,,,,0.0877742946708464,
3615,,,,,0.0,
3616,,,,,0.0,
3617,,,,,0.3333333333333333,
3618,,,,,0.22346368715083798,
3619,,,,,0.26666666666666666,
3620,,,,,0.0,
3621,,,,,0.21238938053097345,
3622,,,,,0.0,
3623,,,,,0.0,
3624,,,,,0.1554166389572388,
3625,,,,,0.1549718657562885,
3626,,,,,0.0,
3627,,,,,0.0,
3628,,,,,0.352112676056338,
3629,,,,,0.24019607843137256,
3630,,,,,0.13043478260869565,
3631,,,,,0.0,
3632,,,,,0.15555555555555556,
3633,,,,,0.0,
3634,,,,,0.0,
3635,,,,,0.0,
3636,,,,,0.09669481944536809,
3637,,,,,0.09625692235838355,
3638,,,,,0.0,
3639,,,,,0.0,
3640,,,,,0.0,
3641,,,,,0.6260869565217392,
3642,,,,,0.0,
3643,,,,,0.43478260869565216,
3644,,,,,0.30392156862745096,
3645,,,,,0.0,
3646,,,,,0.2261904761904762,
3647,,,,,0.0,
3648,,,,,0.14178360045221786,
3649,,,,,0.1432288770767075,
3650,,,,,0.0,
3651,,,,,0.22377622377622378,
3652,,,,,0.025510204081632654,
3653,,,,,0.0,
3654,,,,,0.0,
3655,,,,,0.0,
3656,,,,,0.40476190476190477,
3657,,,,,0.0,
3658,,,,,0.0,
3659,,,,,0.0,
3660,,,,,0.09263815920728868,
3661,,,,,0.08918444053999955,
3662,,,,,0.0,
3663,,,,,0.022222222222222223,
3664,,,,,0.054945054945054944,
3665,,,,,0.004878048780487805,
3666,,,,,0.0,
3667,,,,,0.0,
3668,,,,,0.0,
3669,,,,,0.0,
3670,,,,,0.7258064516129032,
3671,,,,,0.37748344370860926,
3672,,,,,0.0905765777748221,
3673,,,,,0.0888953139247826,
3674,,,,,0.9066666666666666,
3675,,,,,0.04225352112676056,
3676,,,,,0.0,
3677,,,,,0.0,
3678,,,,,0.8870967741935484,
3679,,,,,0.0,
3680,,,,,0.0,
3681,,,,,0.0,
3682,,,,,0.0,
3683,,,,,0.0,
3684,,,,,0.07601250249384851,
3685,,,,,0.0753286035184485,
3686,,,,,0.0,
3687,,,,,0.26256983240223464,
3688,,,,,0.0,
3689,,,,,0.0,
3690,,,,,0.0,
3691,,,,,0.9838709677419355,
3692,,,,,0.0,
3693,,,,,0.0,
3694,,,,,0.0,
3695,,,,,0.11650485436893204,
3696,,,,,0.1537540732858948,
3697,,,,,0.15508306830060273,
3698,,,,,0.0,
3699,,,,,0.06521739130434782,
3700,,,,,0.22413793103448276,
3701,,,,,0.030303030303030304,
3702,,,,,0.0,
3703,,,,,0.0,
3704,,,,,0.0,
3705,,,,,0.01098901098901099,
3706,,,,,0.0,
3707,,,,,0.0,
3708,,,,,0.060849903571191064,
3709,,,,,0.05969352578787002,
3710,,,,,0.0,
3711,,,,,0.022900763358778626,
3712,,,,,0.0,
3713,,,,,0.0,
3714,,,,,0.0,
3715,,,,,0.05092592592592592,
3716,,,,,0.0,
3717,,,,,0.0,
3718,,,,,1.0,
3719,,,,,0.0,
3720,,,,,0.1445767107800758,
3721,,,,,0.1459199786491115,
3722,,,,,0.2323943661971831,
3723,,,,,0.6825396825396826,
3724,,,,,0.0,
3725,,,,,0.0,
3726,,,,,0.0,
3727,,,,,0.0,
3728,,,,,0.0,
3729,,,,,0.0,
3730,,,,,0.014184397163120567,
3731,,,,,0.0,
3732,,,,,0.055729201303451485,
3733,,,,,0.05348842381513689,
3734,,,,,0.0,
3735,,,,,0.0,
3736,,,,,0.01951219512195122,
3737,,,,,0.0,
3738,,,,,0.0,
3739,,,,,0.0,
3740,,,,,0.0,
3741,,,,,0.0,
3742,,,,,0.697560975609756,
3743,,,,,0.14222222222222222,
3744,,,,,0.09509875640087784,
3745,,,,,0.09532282098614417,
3746,,,,,0.0,
3747,,,,,0.006993006993006993,
3748,,,,,0.0,
3749,,,,,0.0,
3750,,,,,0.7541899441340782,
3751,,,,,0.0,
3752,,,,,0.0,
3753,,,,,0.0,
3754,,,,,0.0,
3755,,,,,0.0,
3756,,,,,0.08425882822371483,
3757,,,,,0.08264573093432377,
3758,,,,,0.047058823529411764,
3759,,,,,0.17073170731707318,
3760,,,,,0.0,
3761,,,,,0.0,
3762,,,,,0.0,
3763,,,,,0.0,
3764,,,,,0.0,
3765,,,,,0.45652173913043476,
3766,,,,,0.02912621359223301,
3767,,,,,0.9285714285714286,
3768,,,,,0.12948061448427212,
3769,,,,,0.12888374886017392,
3770,,,,,0.15753424657534246,
3771,,,,,0.11578947368421053,
3772,,,,,0.08152173913043478,
3773,,,,,0.0,
3774,,,,,0.0,
3775,,,,,0.2032967032967033,
3776,,,,,0.0,
3777,,,,,0.06222222222222222,
3778,,,,,0.13793103448275862,
3779,,,,,0.009852216748768473,
3780,,,,,0.10221453747423023,
3781,,,,,0.10052710006004938,
3782,,,,,0.0,
3783,,,,,0.0,
3784,,,,,0.35106382978723405,
3785,,,,,0.0,
3786,,,,,0.36363636363636365,
3787,,,,,0.043478260869565216,
3788,,,,,0.0,
3789,,,,,0.6176470588235294,
3790,,,,,0.019417475728155338,
3791,,,,,0.05642633228840126,
3792,,,,,0.14145108731794906,
3793,,,,,0.1432733580944332,
3794,,,,,0.0,
3795,,,,,0.11594202898550725,
3796,,,,,0.0,
3797,,,,,0.0,
3798,,,,,0.0,
3799,,,,,0.0,
3800,,,,,0.0,
3801,,,,,0.0,
3802,,,,,0.0,
3803,,,,,0.0,
3804,,,,,0.07834009443373013,
3805,,,,,0.07750817338700709,
3806,,,,,0.0,
3807,,,,,0.684931506849315,
3808,,,,,0.3941176470588235,
3809,,,,,0.0,
3810,,,,,0.015267175572519083,
3811,,,,,0.13186813186813187,
3812,,,,,0.06086956521739131,
3813,,,,,0.0,
3814,,,,,0.01675977653631285,
3815,,,,,0.0,
3816,,,,,0.1250914411119239,
3817,,,,,0.127460356292952,
3818,,,,,0.9761904761904762,
3819,,,,,0.0,
3820,,,,,0.0,
3821,,,,,0.0,
3822,,,,,0.07092198581560284,
3823,,,,,0.9354838709677419,
3824,,,,,0.0,
3825,,,,,0.3431372549019608,
3826,,,,,0.0,
3827,,,,,0.0,
3828,,,,,0.11997073884418434,
3829,,,,,0.11949825412005427,
3830,,,,,0.0,
3831,,,,,0.0,
3832,,,,,0.0,
3833,,,,,0.0,
3834,,,,,0.14285714285714285,
3835,,,,,0.0,
3836,,,,,0.0,
3837,,,,,0.11258278145695365,
3838,,,,,0.0,
3839,,,,,0.0,
3840,,,,,0.08532287025337501,
3841,,,,,0.08340190823566043,
3842,,,,,0.046357615894039736,
3843,,,,,0.7304347826086957,
3844,,,,,0.13541666666666666,
3845,,,,,0.0,
3846,,,,,0.00684931506849315,
3847,,,,,0.17857142857142858,
3848,,,,,0.0,
3849,,,,,0.0,
3850,,,,,0.0,
3851,,,,,0.0,
3852,,,,,0.11598058123295871,
3853,,,,,0.11576184863109668,
3854,,,,,0.9761904761904762,
3855,,,,,0.5052631578947369,
3856,,,,,0.0,
3857,,,,,0.0,
3858,,,,,0.23902439024390243,
3859,,,,,0.0,
3860,,,,,0.0,
3861,,,,,0.14383561643835616,
3862,,,,,0.0,
3863,,,,,0.16783216783216784,
3864,,,,,0.11724413114318015,
3865,,,,,0.11983186175299691,
3866,,,,,0.23134328358208955,
3867,,,,,0.0,
3868,,,,,0.3951612903225806,
3869,,,,,0.0,
3870,,,,,0.11274509803921569,
3871,,,,,0.07142857142857142,
3872,,,,,0.0,
3873,,,,,0.0051813471502590676,
3874,,,,,0.0,
3875,,,,,0.0,
3876,,,,,0.06962825031588747,
3877,,,,,0.06899005849253831,
3878,,,,,0.0,
3879,,,,,0.0,
3880,,,,,0.0,
3881,,,,,0.0,
3882,,,,,0.08391608391608392,
3883,,,,,0.034482758620689655,
3884,,,,,0.5191256830601093,
3885,,,,,0.0,
3886,,,,,0.23148148148148148,
3887,,,,,0.0,
3888,,,,,0.1383254638558223,
3889,,,,,0.13751306629895693,
3890,,,,,0.782258064516129,
3891,,,,,0.31125827814569534,
3892,,,,,0.30952380952380953,
3893,,,,,0.0,
3894,,,,,0.0,
3895,,,,,0.34507042253521125,
3896,,,,,0.0,
3897,,,,,0.0,
3898,,,,,0.0,
3899,,,,,0.0,
3900,,,,,0.08405932034315355,
3901,,,,,0.08300157907612926,
3902,,,,,0.0,
3903,,,,,0.0,
3904,,,,,0.0,
3905,,,,,0.034782608695652174,
3906,,,,,0.0,
3907,,,,,0.023529411764705882,
3908,,,,,0.0,
3909,,,,,0.0,
3910,,,,,0.2608695652173913,
3911,,,,,0.2127659574468085,
3912,,,,,0.1314091906630312,
3913,,,,,0.13295376198207415,
3914,,,,,0.0,
3915,,,,,0.0,
3916,,,,,0.0,
3917,,,,,0.0782608695652174,
3918,,,,,0.0,
3919,,,,,0.0,
3920,,,,,0.0,
3921,,,,,0.09803921568627451,
3922,,,,,0.0044444444444444444,
3923,,,,,0.0,
3924,,,,,0.06424153754073286,
3925,,,,,0.06407490603385005,
3926,,,,,0.010416666666666666,
3927,,,,,0.00558659217877095,
3928,,,,,0.0,
3929,,,,,0.23671497584541062,
3930,,,,,0.4972375690607735,
3931,,,,,0.0,
3932,,,,,0.0,
3933,,,,,0.0,
3934,,,,,0.022388059701492536,
3935,,,,,0.0625,
3936,,,,,0.11491653920329853,
3937,,,,,0.12123301381135601,
3938,,,,,0.1956521739130435,
3939,,,,,0.0,
3940,,,,,0.04,
3941,,,,,0.0,
3942,,,,,0.9806763285024155,
3943,,,,,0.0,
3944,,,,,0.013986013986013986,
3945,,,,,0.0,
3946,,,,,0.0,
3947,,,,,0.0,
3948,,,,,0.08911351998403937,
3949,,,,,0.08898427596023396,
3950,,,,,0.008695652173913044,
3951,,,,,0.9206349206349206,
3952,,,,,0.0,
3953,,,,,0.6,
3954,,,,,0.0,
3955,,,,,0.0,
3956,,,,,0.0,
3957,,,,,0.2634146341463415,
3958,,,,,0.0,
3959,,,,,0.0,
3960,,,,,0.10274655848906032,
3961,,,,,0.10461935369081245,
3962,,,,,0.08156028368794327,
3963,,,,,0.5695364238410596,
3964,,,,,0.0,
3965,,,,,0.0410958904109589,
3966,,,,,0.035398230088495575,
3967,,,,,0.0,
3968,,,,,0.024390243902439025,
3969,,,,,0.0,
3970,,,,,0.0,
3971,,,,,0.06086956521739131,
3972,,,,,0.08605439914876638,
3973,,,,,0.08631541489669284,
3974,,,,,1.0,
3975,,,,,0.0,
3976,,,,,0.34,
3977,,,,,0.9139072847682119,
3978,,,,,0.2413793103448276,
3979,,,,,0.0,
3980,,,,,0.4434782608695652,
3981,,,,,0.4,
3982,,,,,0.2087912087912088,
3983,,,,,0.09090909090909091,
3984,,,,,0.2157345215135998,
3985,,,,,0.21769010074950515,
3986,,,,,0.0,
3987,,,,,0.0,
3988,,,,,0.0,
3989,,,,,0.0,
3990,,,,,0.0,
3991,,,,,0.0,
3992,,,,,0.0,
3993,,,,,0.0,
3994,,,,,0.0,
3995,,,,,0.3591549295774648,
3996,,,,,0.07541397885216466,
3997,,,,,0.07339367924738117,
3998,,,,,0.0,
3999,,,,,0.09844559585492228,
4000,,,,,0.06086956521739131,
4001,,,,,0.13186813186813187,
4002,,,,,0.0,
4003,,,,,0.0,
4004,,,,,0.5333333333333333,
4005,,,,,0.15894039735099338,
4006,,,,,0.0,
4007,,,,,0.0,
4008,,,,,0.08645341490988893,
4009,,,,,0.08684918710940107,
4010,,,,,0.017142857142857144,
4011,,,,,0.09411764705882353,
4012,,,,,0.0,
4013,,,,,0.0,
4014,,,,,0.12411347517730496,
4015,,,,,0.0,
4016,,,,,0.391304347826087,
4017,,,,,0.07766990291262135,
4018,,,,,0.0,
4019,,,,,0.0,
4020,,,,,0.0861874044024739,
4021,,,,,0.08478081978515668,
4022,,,,,0.0,
4023,,,,,0.0,
4024,,,,,0.0,
4025,,,,,0.0,
4026,,,,,0.0,
4027,,,,,0.0,
4028,,,,,0.9470198675496688,
4029,,,,,0.0,
4030,,,,,0.0,
4031,,,,,0.0,
4032,,,,,0.1445767107800758,
4033,,,,,0.14605342170228855,
4034,,,,,0.0,
4035,,,,,0.21311475409836064,
4036,,,,,0.0,
4037,,,,,0.0,
4038,,,,,0.0,
4039,,,,,0.0,
4040,,,,,0.4608695652173913,
4041,,,,,0.0,
4042,,,,,0.0,
4043,,,,,0.8333333333333334,
4044,,,,,0.11770964953115648,
4045,,,,,0.1215443809354358,
4046,,,,,0.0,
4047,,,,,0.0,
4048,,,,,0.0,
4049,,,,,0.02608695652173913,
4050,,,,,0.043478260869565216,
4051,,,,,0.0196078431372549,
4052,,,,,0.33043478260869563,
4053,,,,,0.0,
4054,,,,,0.0,
4055,,,,,0.03669724770642202,
4056,,,,,0.12143379663496708,
4057,,,,,0.12403531792807419,
4058,,,,,0.17333333333333334,
4059,,,,,0.7103825136612022,
4060,,,,,0.021739130434782608,
4061,,,,,0.0603448275862069,
4062,,,,,0.08695652173913043,
4063,,,,,0.0,
4064,,,,,0.0,
4065,,,,,0.0,
4066,,,,,0.0,
4067,,,,,0.0,
4068,,,,,0.13127618540932368,
4069,,,,,0.13317616707070257,
4070,,,,,0.0,
4071,,,,,0.08823529411764706,
4072,,,,,1.0,
4073,,,,,0.0,
4074,,,,,0.0,
4075,,,,,0.0,
4076,,,,,0.0,
4077,,,,,0.09497206703910614,
4078,,,,,0.0,
4079,,,,,0.0,
4080,,,,,0.1026135532353528,
4081,,,,,0.10424126504014412,
4082,,,,,0.0782608695652174,
4083,,,,,0.0,
4084,,,,,0.19130434782608696,
4085,,,,,0.0,
4086,,,,,0.0,
4087,,,,,0.0,
4088,,,,,0.0,
4089,,,,,0.02127659574468085,
4090,,,,,0.009174311926605505,
4091,,,,,0.0,
4092,,,,,0.1314091906630312,
4093,,,,,0.13453283811133598,
4094,,,,,0.0,
4095,,,,,0.0,
4096,,,,,0.0,
4097,,,,,0.0,
4098,,,,,0.76,
4099,,,,,0.0,
4100,,,,,0.0,
4101,,,,,0.0,
4102,,,,,0.0,
4103,,,,,0.0,
4104,,,,,0.07428343419565073,
4105,,,,,0.07359384382714676,
4106,,,,,0.022900763358778626,
4107,,,,,0.3825136612021858,
4108,,,,,0.1834862385321101,
4109,,,,,0.0,
4110,,,,,0.0,
4111,,,,,0.0,
4112,,,,,0.0,
4113,,,,,0.4260869565217391,
4114,,,,,0.047619047619047616,
4115,,,,,0.18235294117647058,
4116,,,,,0.1613353727472235,
4117,,,,,0.16242243622534083,
4118,,,,,0.30386740331491713,
4119,,,,,0.0,
4120,,,,,0.0,
4121,,,,,0.06622516556291391,
4122,,,,,0.0,
4123,,,,,0.0,
4124,,,,,0.0,
4125,,,,,0.0,
4126,,,,,0.0,
4127,,,,,0.0,
4128,,,,,0.09130810667021347,
4129,,,,,0.09194226363899206,
4130,,,,,0.8656716417910447,
4131,,,,,0.0,
4132,,,,,0.18181818181818182,
4133,,,,,0.2413793103448276,
4134,,,,,0.05825242718446602,
4135,,,,,0.64,
4136,,,,,0.13095238095238096,
4137,,,,,0.0,
4138,,,,,0.13829787234042554,
4139,,,,,0.0,
4140,,,,,0.14071955842255768,
4141,,,,,0.14351800369192447,
4142,,,,,0.03867403314917127,
4143,,,,,0.0,
4144,,,,,0.0,
4145,,,,,0.3333333333333333,
4146,,,,,0.0,
4147,,,,,0.19402985074626866,
4148,,,,,0.0,
4149,,,,,0.0,
4150,,,,,0.20353982300884957,
4151,,,,,0.1896551724137931,
4152,,,,,0.10620469508545588,
4153,,,,,0.10799991103796455,
4154,,,,,0.0,
4155,,,,,0.0,
4156,,,,,0.0,
4157,,,,,0.0,
4158,,,,,0.0,
4159,,,,,0.6565656565656566,
4160,,,,,0.0,
4161,,,,,0.01079136690647482,
4162,,,,,0.0,
4163,,,,,0.40070921985815605,
4164,,,,,0.11451752344217597,
4165,,,,,0.11589529168427373,
4166,,,,,0.0,
4167,,,,,0.21311475409836064,
4168,,,,,0.0,
4169,,,,,0.0,
4170,,,,,0.0,
4171,,,,,0.0,
4172,,,,,0.0,
4173,,,,,0.0,
4174,,,,,0.03910614525139665,
4175,,,,,0.0,
4176,,,,,0.08339429407461595,
4177,,,,,0.08615973133465293,
4178,,,,,0.13793103448275862,
4179,,,,,0.0,
4180,,,,,0.5694444444444444,
4181,,,,,0.0,
4182,,,,,0.0,
4183,,,,,0.008695652173913044,
4184,,,,,0.5664335664335665,
4185,,,,,0.0,
4186,,,,,0.0,
4187,,,,,0.3873239436619718,
4188,,,,,0.153421560151626,
4189,,,,,0.1551275493183284,
4190,,,,,0.0,
4191,,,,,0.0,
4192,,,,,0.0,
4193,,,,,0.0,
4194,,,,,0.0335195530726257,
4195,,,,,0.0,
4196,,,,,0.0,
4197,,,,,0.0,
4198,,,,,0.0,
4199,,,,,0.009404388714733543,
4200,,,,,0.1073352397419698,
4201,,,,,0.11004603785334609,
4202,,,,,0.0,
4203,,,,,0.0,
4204,,,,,0.0,
4205,,,,,0.5140845070422535,
4206,,,,,0.0,
4207,,,,,0.0,
4208,,,,,0.0,
4209,,,,,0.0,
4210,,,,,0.0,
4211,,,,,0.0,
4212,,,,,0.1354658509011106,
4213,,,,,0.1367124079798946,
4214,,,,,0.010101010101010102,
4215,,,,,0.0,
4216,,,,,0.18357487922705315,
4217,,,,,0.0,
4218,,,,,0.0,
4219,,,,,0.0,
4220,,,,,0.0,
4221,,,,,0.0,
4222,,,,,0.02608695652173913,
4223,,,,,0.92,
4224,,,,,0.10527365830950322,
4225,,,,,0.10866712630384984,
4226,,,,,0.0,
4227,,,,,0.0,
4228,,,,,0.18823529411764706,
4229,,,,,0.0,
4230,,,,,0.004629629629629629,
4231,,,,,0.31313131313131315,
4232,,,,,0.0,
4233,,,,,0.0,
4234,,,,,0.08904109589041095,
4235,,,,,0.0,
4236,,,,,0.07953714171709783,
4237,,,,,0.07877588239218913,
4238,,,,,0.0,
4239,,,,,0.0,
4240,,,,,0.0,
4241,,,,,0.0,
4242,,,,,0.021739130434782608,
4243,,,,,0.007042253521126761,
4244,,,,,0.0,
4245,,,,,0.0,
4246,,,,,0.0,
4247,,,,,0.0,
4248,,,,,0.13446831149830418,
4249,,,,,0.13793563596735092,
4250,,,,,0.05673758865248227,
4251,,,,,0.0,
4252,,,,,0.0,
4253,,,,,0.0,
4254,,,,,0.08737864077669903,
4255,,,,,0.0,
4256,,,,,0.22123893805309736,
4257,,,,,0.0,
4258,,,,,0.0,
4259,,,,,0.0,
4260,,,,,0.08419232559686107,
4261,,,,,0.08191179414184997,
4262,,,,,0.15217391304347827,
4263,,,,,0.6276595744680851,
4264,,,,,0.9596774193548387,
4265,,,,,0.004878048780487805,
4266,,,,,0.05333333333333334,
4267,,,,,0.4411764705882353,
4268,,,,,0.20588235294117646,
4269,,,,,0.13043478260869565,
4270,,,,,0.0,
4271,,,,,0.0,
4272,,,,,0.13280574582696017,
4273,,,,,0.13310944554411405,
4274,,,,,0.0,
4275,,,,,0.0,
4276,,,,,0.0,
4277,,,,,0.02857142857142857,
4278,,,,,0.0,
4279,,,,,0.8095238095238095,
4280,,,,,0.0,
4281,,,,,0.007462686567164179,
4282,,,,,0.24878048780487805,
4283,,,,,0.0,
4284,,,,,0.07301988428542927,
4285,,,,,0.07488379334119165,
4286,,,,,0.0,
4287,,,,,0.0,
4288,,,,,0.6939890710382514,
4289,,,,,0.0,
4290,,,,,0.0,
4291,,,,,0.0,
4292,,,,,0.2737430167597765,
4293,,,,,0.0,
4294,,,,,0.0,
4295,,,,,0.055248618784530384,
4296,,,,,0.1393895058854825,
4297,,,,,0.14071569957520627,
4298,,,,,0.0,
4299,,,,,0.009259259259259259,
4300,,,,,0.6548672566371682,
4301,,,,,0.02821316614420063,
4302,,,,,0.0,
4303,,,,,0.0048543689320388345,
4304,,,,,0.0,
4305,,,,,0.4823529411764706,
4306,,,,,0.0,
4307,,,,,0.927536231884058,
4308,,,,,0.16486001197047284,
4309,,,,,0.16613660120543558,
4310,,,,,0.0,
4311,,,,,0.0,
4312,,,,,0.0,
4313,,,,,0.5079365079365079,
4314,,,,,0.0,
4315,,,,,0.08904109589041095,
4316,,,,,0.0,
4317,,,,,0.013333333333333334,
4318,,,,,0.0,
4319,,,,,0.0,
4320,,,,,0.11238943938285562,
4321,,,,,0.11309298756755555,
4322,,,,,0.34523809523809523,
4323,,,,,0.0,
4324,,,,,0.0,
4325,,,,,0.0,
4326,,,,,0.0,
4327,,,,,0.3024390243902439,
4328,,,,,0.0,
4329,,,,,0.0,
4330,,,,,0.0,
4331,,,,,0.0,
4332,,,,,0.10268005586220656,
4333,,,,,0.10150568245001446,
4334,,,,,0.7304347826086957,
4335,,,,,0.5520833333333334,
4336,,,,,0.0,
4337,,,,,0.31125827814569534,
4338,,,,,0.0,
4339,,,,,0.0,
4340,,,,,0.7073170731707317,
4341,,,,,0.06280193236714976,
4342,,,,,0.5714285714285714,
4343,,,,,0.0,
4344,,,,,0.12542395424619274,
4345,,,,,0.12921735649311655,
4346,,,,,0.0,
4347,,,,,0.0,
4348,,,,,0.0,
4349,,,,,0.0,
4350,,,,,0.008695652173913044,
4351,,,,,0.2983425414364641,
4352,,,,,0.0,
4353,,,,,0.07766990291262135,
4354,,,,,0.0,
4355,,,,,0.0,
4356,,,,,0.12209882290350468,
4357,,,,,0.12321241910014902,
4358,,,,,0.0,
4359,,,,,0.0,
4360,,,,,0.0,
4361,,,,,0.03125,
4362,,,,,0.25263157894736843,
4363,,,,,0.004629629629629629,
4364,,,,,0.0,
4365,,,,,0.0,
4366,,,,,0.6643835616438356,
4367,,,,,0.0,
4368,,,,,0.1007514796834475,
4369,,,,,0.10110535329048329,
4370,,,,,0.024271844660194174,
4371,,,,,0.05511811023622047,
4372,,,,,0.15196078431372548,
4373,,,,,0.0,
4374,,,,,0.0,
4375,,,,,0.006060606060606061,
4376,,,,,0.0,
4377,,,,,0.19021739130434784,
4378,,,,,0.6434782608695652,
4379,,,,,0.0,
4380,,,,,0.14564075280973598,
4381,,,,,0.14927829548740076,
4382,,,,,0.0,
4383,,,,,0.11219512195121951,
4384,,,,,0.0,
4385,,,,,0.0,
4386,,,,,0.0,
4387,,,,,0.0,
4388,,,,,0.0,
4389,,,,,0.0,
4390,,,,,0.0,
4391,,,,,0.0,
4392,,,,,0.09975394028064108,
4393,,,,,0.09930387207259302,
4394,,,,,0.0,
4395,,,,,0.3235294117647059,
4396,,,,,0.32608695652173914,
4397,,,,,0.0,
4398,,,,,0.0,
4399,,,,,0.03669724770642202,
4400,,,,,0.0,
4401,,,,,0.0,
4402,,,,,0.0,
4403,,,,,0.011764705882352941,
4404,,,,,0.10427611890669682,
4405,,,,,0.10637635389097702,
4406,,,,,0.12745098039215685,
4407,,,,,0.0,
4408,,,,,0.9285714285714286,
4409,,,,,0.2541436464088398,
4410,,,,,0.9217877094972067,
4411,,,,,0.0,
4412,,,,,0.5454545454545454,
4413,,,,,0.6821192052980133,
4414,,,,,0.0,
4415,,,,,0.9866666666666667,
4416,,,,,0.14517523442175967,
4417,,,,,0.1472766496897449,
4418,,,,,0.0,
4419,,,,,0.8790322580645161,
4420,,,,,0.0,
4421,,,,,0.0,
4422,,,,,0.0,
4423,,,,,0.0,
4424,,,,,0.35294117647058826,
4425,,,,,0.40425531914893614,
4426,,,,,0.0,
4427,,,,,0.11602209944751381,
4428,,,,,0.13120968278246992,
4429,,,,,0.1317305339946178,
4430,,,,,0.15671641791044777,
4431,,,,,0.01932367149758454,
4432,,,,,0.0,
4433,,,,,0.0,
4434,,,,,0.02,
4435,,,,,0.0,
4436,,,,,0.010638297872340425,
4437,,,,,0.01529051987767584,
4438,,,,,0.06217616580310881,
4439,,,,,0.0,
4440,,,,,0.07587949724014098,
4441,,,,,0.07343816026510687,
4442,,,,,0.44,
4443,,,,,0.0,
4444,,,,,0.0,
4445,,,,,0.0,
4446,,,,,0.0,
4447,,,,,0.0,
4448,,,,,0.01764705882352941,
4449,,,,,0.9354838709677419,
4450,,,,,0.0,
4451,,,,,0.0,
4452,,,,,0.11085987896521912,
4453,,,,,0.11013499988879745,
4454,,,,,0.0,
4455,,,,,0.0,
4456,,,,,0.0,
4457,,,,,0.023529411764705882,
4458,,,,,0.0,
4459,,,,,0.0,
4460,,,,,0.6291390728476821,
4461,,,,,0.01079136690647482,
4462,,,,,0.0,
4463,,,,,0.0,
4464,,,,,0.06796568464454346,
4465,,,,,0.06892333696594978,
4466,,,,,0.9596774193548387,
4467,,,,,0.03508771929824561,
4468,,,,,0.0,
4469,,,,,0.0,
4470,,,,,0.1724137931034483,
4471,,,,,0.9882352941176471,
4472,,,,,0.24210526315789474,
4473,,,,,0.0,
4474,,,,,0.0,
4475,,,,,0.0,
4476,,,,,0.17297333244663166,
4477,,,,,0.17349820963903653,
4478,,,,,0.06481481481481481,
4479,,,,,0.2222222222222222,
4480,,,,,0.0055248618784530384,
4481,,,,,0.0,
4482,,,,,0.06622516556291391,
4483,,,,,0.021739130434782608,
4484,,,,,0.0,
4485,,,,,0.0,
4486,,,,,0.0,
4487,,,,,0.0,
4488,,,,,0.08033517323934296,
4489,,,,,0.07886484442764051,
4490,,,,,0.0,
4491,,,,,0.07210031347962383,
4492,,,,,0.0,
4493,,,,,0.02112676056338028,
4494,,,,,0.0,
4495,,,,,0.5815602836879432,
4496,,,,,0.0,
4497,,,,,0.0,
4498,,,,,0.27555555555555555,
4499,,,,,0.0,
4500,,,,,0.11092638159207288,
4501,,,,,0.11071325311923137,
4502,,,,,0.0,
4503,,,,,0.0,
4504,,,,,0.052980132450331126,
4505,,,,,0.0,
4506,,,,,0.0,
4507,,,,,0.0,
4508,,,,,0.92,
4509,,,,,0.0,
4510,,,,,0.0,
4511,,,,,0.0,
4512,,,,,0.12788455143978186,
4513,,,,,0.13144140737940085,
4514,,,,,0.13966480446927373,
4515,,,,,0.75,
4516,,,,,0.1932367149758454,
4517,,,,,0.0,
4518,,,,,0.0,
4519,,,,,0.8292682926829268,
4520,,,,,0.08823529411764706,
4521,,,,,0.0,
4522,,,,,0.0,
4523,,,,,0.06382978723404255,
4524,,,,,0.07149032386779278,
4525,,,,,0.07243733736627894,
4526,,,,,0.0,
4527,,,,,0.9271523178807947,
4528,,,,,0.03636363636363636,
4529,,,,,0.0,
4530,,,,,0.4711111111111111,
4531,,,,,0.0,
4532,,,,,0.1559633027522936,
4533,,,,,0.0,
4534,,,,,0.028985507246376812,
4535,,,,,0.0,
4536,,,,,0.16399547782137394,
4537,,,,,0.16357894268620865,
4538,,,,,0.0,
4539,,,,,0.0,
4540,,,,,0.16901408450704225,
4541,,,,,0.0,
4542,,,,,0.36231884057971014,
4543,,,,,0.0,
4544,,,,,0.013245033112582781,
4545,,,,,0.11206896551724138,
4546,,,,,0.0,
4547,,,,,0.00390625,
4548,,,,,0.0768770366429474,
4549,,,,,0.07599581878433379,
4550,,,,,0.0,
4551,,,,,0.0,
4552,,,,,0.0,
4553,,,,,0.0,
4554,,,,,0.6222222222222222,
4555,,,,,0.1917808219178082,
4556,,,,,0.3695652173913043,
4557,,,,,0.0,
4558,,,,,0.0,
4559,,,,,0.0,
4560,,,,,0.173704861342023,
4561,,,,,0.17743477970775973,
4562,,,,,0.0,
4563,,,,,0.07804878048780488,
4564,,,,,0.0,
4565,,,,,0.0,
4566,,,,,0.014705882352941176,
4567,,,,,0.0,
4568,,,,,0.21641791044776118,
4569,,,,,0.0,
4570,,,,,0.0,
4571,,,,,0.0,
4572,,,,,0.11139189998004921,
4573,,,,,0.11175855703578498,
4574,,,,,0.0,
4575,,,,,0.09523809523809523,
4576,,,,,0.0,
4577,,,,,0.10666666666666667,
4578,,,,,0.02608695652173913,
4579,,,,,0.0,
4580,,,,,0.45263157894736844,
4581,,,,,0.967741935483871,
4582,,,,,0.0,
4583,,,,,0.0,
4584,,,,,0.08020216798563544,
4585,,,,,0.0801103129239597,
4586,,,,,0.6428571428571429,
4587,,,,,0.0,
4588,,,,,0.03902439024390244,
4589,,,,,0.0,
4590,,,,,0.0,
4591,,,,,0.19689119170984457,
4592,,,,,0.4421052631578947,
4593,,,,,0.0,
4594,,,,,0.23809523809523808,
4595,,,,,0.05309734513274336,
4596,,,,,0.15515062844982377,
4597,,,,,0.15761848631096678,
4598,,,,,0.18579234972677597,
4599,,,,,0.3873239436619718,
4600,,,,,0.0,
4601,,,,,0.035398230088495575,
4602,,,,,0.0,
4603,,,,,0.004629629629629629,
4604,,,,,0.43575418994413406,
4605,,,,,0.0851063829787234,
4606,,,,,0.0,
4607,,,,,0.6235294117647059,
4608,,,,,0.09423422225177895,
4609,,,,,0.09356582078597958,
4610,,,,,0.2867132867132867,
4611,,,,,0.0,
4612,,,,,0.0,
4613,,,,,0.0,
4614,,,,,0.0,
4615,,,,,0.0,
4616,,,,,0.14285714285714285,
4617,,,,,0.06956521739130435,
4618,,,,,0.0,
4619,,,,,0.0,
4620,,,,,0.08359380195517722,
4621,,,,,0.0845806552053911,
4622,,,,,0.0,
4623,,,,,0.0,
4624,,,,,0.0,
4625,,,,,0.0,
4626,,,,,0.0,
4627,,,,,0.34328358208955223,
4628,,,,,0.84,
4629,,,,,0.0,
4630,,,,,0.0,
4631,,,,,0.41414141414141414,
4632,,,,,0.15654718361375275,
4633,,,,,0.15690679002735583,
4634,,,,,0.0,
4635,,,,,0.04854368932038835,
4636,,,,,0.0,
4637,,,,,0.0,
4638,,,,,0.01020408163265306,
4639,,,,,0.0,
4640,,,,,0.045714285714285714,
4641,,,,,0.4533333333333333,
4642,,,,,0.0,
4643,,,,,0.042105263157894736,
4644,,,,,0.11139189998004921,
4645,,,,,0.11320419011186976,
4646,,,,,0.0070921985815602835,
4647,,,,,0.1391304347826087,
4648,,,,,0.0,
4649,,,,,0.21428571428571427,
4650,,,,,0.0,
4651,,,,,0.6780487804878049,
4652,,,,,0.07103825136612021,
4653,,,,,0.0,
4654,,,,,0.0,
4655,,,,,0.25333333333333335,
4656,,,,,0.11391899980049212,
4657,,,,,0.11420501301069769,
4658,,,,,0.0,
4659,,,,,0.07878787878787878,
4660,,,,,0.0,
4661,,,,,0.0,
4662,,,,,0.0,
4663,,,,,0.0,
4664,,,,,0.3448275862068966,
4665,,,,,0.5049019607843137,
4666,,,,,0.0,
4667,,,,,0.003134796238244514,
4668,,,,,0.12721952517124427,
4669,,,,,0.1272601917131864,
4670,,,,,0.0,
4671,,,,,0.009404388714733543,
4672,,,,,0.0,
4673,,,,,0.0,
4674,,,,,0.0,
4675,,,,,0.0,
4676,,,,,0.0,
4677,,,,,0.7070707070707071,
4678,,,,,0.1206896551724138,
4679,,,,,0.0,
4680,,,,,0.15042894194320675,
4681,,,,,0.15136890332050798,
4682,,,,,0.0,
4683,,,,,0.0,
4684,,,,,0.43157894736842106,
4685,,,,,0.0,
4686,,,,,0.0,
4687,,,,,0.0,
4688,,,,,1.0,
4689,,,,,0.018518518518518517,
4690,,,,,0.28169014084507044,
4691,,,,,0.0,
4692,,,,,0.11378599454678459,
4693,,,,,0.1143162155550119,
4694,,,,,0.0,
4695,,,,,0.0,
4696,,,,,0.5288888888888889,
4697,,,,,0.152317880794702,
4698,,,,,0.0,
4699,,,,,0.0,
4700,,,,,0.0,
4701,,,,,0.0,
4702,,,,,0.4247787610619469,
4703,,,,,0.0,
4704,,,,,0.103943605772428,
4705,,,,,0.10713253119231368,
4706,,,,,0.20921985815602837,
4707,,,,,0.07462686567164178,
4708,,,,,0.0,
4709,,,,,0.0,
4710,,,,,0.010101010101010102,
4711,,,,,0.1619718309859155,
4712,,,,,0.0,
4713,,,,,0.0,
4714,,,,,0.0,
4715,,,,,0.10869565217391304,
4716,,,,,0.0849903571191062,
4717,,,,,0.08344638925338611,
4718,,,,,0.7089552238805971,
4719,,,,,0.0,
4720,,,,,0.26373626373626374,
4721,,,,,0.48936170212765956,
4722,,,,,0.0,
4723,,,,,0.0,
4724,,,,,0.18808777429467086,
4725,,,,,0.8079470198675497,
4726,,,,,0.0,
4727,,,,,0.0,
4728,,,,,0.192325596861076,
4729,,,,,0.19418188288148033,
4730,,,,,0.0,
4731,,,,,0.0,
4732,,,,,0.005714285714285714,
4733,,,,,0.0,
4734,,,,,0.0,
4735,,,,,0.0,
4736,,,,,0.0,
4737,,,,,0.0,
4738,,,,,0.0,
4739,,,,,0.0,
4740,,,,,0.11451752344217597,
4741,,,,,0.11589529168427373,
4742,,,,,0.6830601092896175,
4743,,,,,0.0,
4744,,,,,0.004878048780487805,
4745,,,,,0.0,
4746,,,,,0.0,
4747,,,,,0.13793103448275862,
4748,,,,,0.2391304347826087,
4749,,,,,0.0,
4750,,,,,0.33774834437086093,
4751,,,,,0.0,
4752,,,,,0.11664560750149632,
4753,,,,,0.11460534217022886,
4754,,,,,0.0,
4755,,,,,0.0,
4756,,,,,0.0,
4757,,,,,0.043478260869565216,
4758,,,,,0.0,
4759,,,,,0.0,
4760,,,,,0.7218543046357616,
4761,,,,,0.0,
4762,,,,,0.0,
4763,,,,,0.8432835820895522,
4764,,,,,0.09849039037041964,
4765,,,,,0.09883682138647332,
4766,,,,,0.9391304347826087,
4767,,,,,0.6755555555555556,
4768,,,,,0.24,
4769,,,,,0.5887096774193549,
4770,,,,,0.13793103448275862,
4771,,,,,0.05027932960893855,
4772,,,,,0.36470588235294116,
4773,,,,,0.0,
4774,,,,,0.10714285714285714,
4775,,,,,0.0,
4776,,,,,0.15355456540533352,
4777,,,,,0.15468273914107156,
4778,,,,,0.0,
4779,,,,,0.0,
4780,,,,,0.0,
4781,,,,,0.0,
4782,,,,,0.025510204081632654,
4783,,,,,0.0,
4784,,,,,0.031914893617021274,
4785,,,,,0.0,
4786,,,,,0.5529411764705883,
4787,,,,,0.07246376811594203,
4788,,,,,0.10321207687703664,
4789,,,,,0.10484175877944088,
4790,,,,,0.28448275862068967,
4791,,,,,0.0,
4792,,,,,0.0,
4793,,,,,0.16556291390728478,
4794,,,,,0.3591549295774648,
4795,,,,,0.0,
4796,,,,,0.0,
4797,,,,,0.08868501529051988,
4798,,,,,0.0,
4799,,,,,0.015625,
4800,,,,,0.13267274057325265,
4801,,,,,0.13608967373173497,
4802,,,,,0.1,
4803,,,,,0.0,
4804,,,,,0.05952380952380952,
4805,,,,,0.0,
4806,,,,,0.0,
4807,,,,,0.0,
4808,,,,,0.32367149758454106,
4809,,,,,0.0,
4810,,,,,0.0,
4811,,,,,0.6434782608695652,
4812,,,,,0.08818248320808672,
4813,,,,,0.08809465560572026,
4814,,,,,0.0,
4815,,,,,0.0,
4816,,,,,0.058823529411764705,
4817,,,,,0.0,
4818,,,,,0.0,
4819,,,,,0.0,
4820,,,,,0.0,
4821,,,,,0.0,
4822,,,,,0.6842105263157895,
4823,,,,,0.0,
4824,,,,,0.12289685442574981,
4825,,,,,0.12058803905433356,
4826,,,,,0.0,
4827,,,,,0.0,
4828,,,,,0.0,
4829,,,,,0.0,
4830,,,,,0.0,
4831,,,,,0.48633879781420764,
4832,,,,,0.0,
4833,,,,,0.0,
4834,,,,,0.0,
4835,,,,,0.0,
4836,,,,,0.14756932898849504,
4837,,,,,0.14901140938104665,
4838,,,,,0.0,
4839,,,,,0.0,
4840,,,,,0.026490066225165563,
4841,,,,,0.0,
4842,,,,,0.0,
4843,,,,,0.031578947368421054,
4844,,,,,0.0,
4845,,,,,0.0,
4846,,,,,0.6349206349206349,
4847,,,,,0.012121212121212121,
4848,,,,,0.07740905765777749,
4849,,,,,0.07875364188332629,
4850,,,,,0.0,
4851,,,,,0.9652173913043478,
4852,,,,,0.0055248618784530384,
4853,,,,,0.0,
4854,,,,,0.02608695652173913,
4855,,,,,0.15942028985507245,
4856,,,,,0.15476190476190477,
4857,,,,,0.0,
4858,,,,,0.5434782608695652,
4859,,,,,0.22388059701492538,
4860,,,,,0.12575646738046153,
4861,,,,,0.12890598936903677,
4862,,,,,0.0,
4863,,,,,0.0,
4864,,,,,0.20238095238095238,
4865,,,,,0.010362694300518135,
4866,,,,,0.0,
4867,,,,,0.0,
4868,,,,,0.0,
4869,,,,,0.042105263157894736,
4870,,,,,0.05027932960893855,
4871,,,,,0.04878048780487805,
4872,,,,,0.0633105007647802,
4873,,,,,0.06051642461579521,
4874,,,,,0.0,
4875,,,,,0.0,
4876,,,,,0.0,
4877,,,,,0.0,
4878,,,,,0.0,
4879,,,,,0.0,
4880,,,,,0.0,
4881,,,,,0.0,
4882,,,,,0.0,
4883,,,,,0.12352941176470589,
4884,,,,,0.1349338298862805,
4885,,,,,0.13444387607588462,
4886,,,,,0.0,
4887,,,,,0.07092198581560284,
4888,,,,,0.08695652173913043,
4889,,,,,0.0,
4890,,,,,0.9497206703910615,
4891,,,,,0.0,
4892,,,,,0.0,
4893,,,,,0.7127659574468085,
4894,,,,,0.0,
4895,,,,,0.0,
4896,,,,,0.19398816253242004,
4897,,,,,0.19631697173231324,
4898,,,,,0.0,
4899,,,,,0.0,
4900,,,,,0.0,
4901,,,,,0.0,
4902,,,,,0.0,
4903,,,,,0.3627450980392157,
4904,,,,,0.0,
4905,,,,,0.0,
4906,,,,,0.0,
4907,,,,,0.0,
4908,,,,,0.10055197180288622,
4909,,,,,0.10092742921958055,
4910,,,,,0.038834951456310676,
4911,,,,,0.04225352112676056,
4912,,,,,0.14782608695652175,
4913,,,,,0.0,
4914,,,,,0.9776536312849162,
4915,,,,,0.0,
4916,,,,,0.0,
4917,,,,,0.0,
4918,,,,,0.0,
4919,,,,,0.48633879781420764,
4920,,,,,0.10813327126421493,
4921,,,,,0.10504192335920647,
4922,,,,,0.047058823529411764,
4923,,,,,0.0,
4924,,,,,0.0,
4925,,,,,0.06043956043956044,
4926,,,,,0.0,
4927,,,,,0.0,
4928,,,,,0.10596026490066225,
4929,,,,,0.0,
4930,,,,,0.0,
4931,,,,,0.0,
4932,,,,,0.10873179490589878,
4933,,,,,0.10768854391388474,
4934,,,,,0.0,
4935,,,,,0.0,
4936,,,,,0.0970873786407767,
4937,,,,,0.0,
4938,,,,,0.9894736842105263,
4939,,,,,0.017391304347826087,
4940,,,,,0.0,
4941,,,,,0.0049261083743842365,
4942,,,,,0.0,
4943,,,,,0.06470588235294118,
4944,,,,,0.14470971603378333,
4945,,,,,0.1450970798211863,
4946,,,,,0.0,
4947,,,,,0.0,
4948,,,,,0.0,
4949,,,,,0.0,
4950,,,,,0.0,
4951,,,,,0.021739130434782608,
4952,,,,,0.0,
4953,,,,,0.0,
4954,,,,,0.19827586206896552,
4955,,,,,0.1111111111111111,
4956,,,,,0.11232293675600186,
4957,,,,,0.11549496252474256,
4958,,,,,0.0,
4959,,,,,0.0,
4960,,,,,0.0,
4961,,,,,1.0,
4962,,,,,0.012232415902140673,
4963,,,,,0.5652173913043478,
4964,,,,,0.06557377049180328,
4965,,,,,0.14705882352941177,
4966,,,,,0.12173913043478261,
4967,,,,,0.06829268292682927,
4968,,,,,0.1537540732858948,
4969,,,,,0.155750283566488,
4970,,,,,0.0,
4971,,,,,0.0,
4972,,,,,0.6256983240223464,
4973,,,,,0.0,
4974,,,,,0.20689655172413793,
4975,,,,,0.011904761904761904,
4976,,,,,0.0,
4977,,,,,0.16393442622950818,
4978,,,,,0.0,
4979,,,,,0.0,
4980,,,,,0.11019485269668151,
4981,,,,,0.10871160732157552,
4982,,,,,0.014634146341463415,
4983,,,,,0.6774193548387096,
4984,,,,,0.031578947368421054,
4985,,,,,0.16842105263157894,
4986,,,,,0.06593406593406594,
4987,,,,,0.03515625,
4988,,,,,0.0,
4989,,,,,0.1958041958041958,
4990,,,,,0.0,
4991,,,,,0.2391304347826087,
4992,,,,,0.12908159872314956,
4993,,,,,0.12774948290816893,
4994,,,,,0.0,
4995,,,,,0.03910614525139665,
4996,,,,,0.0,
4997,,,,,0.0,
4998,,,,,0.0,
4999,,,,,0.0,
5000,,,,,0.15217391304347827,
5001,,,,,0.033112582781456956,
5002,,,,,0.0,
5003,,,,,0.0,
5004,,,,,0.08798297532752544,
5005,,,,,0.0892066810488624,
5006,,,,,0.0,
5007,,,,,0.0,
5008,,,,,1.0,
5009,,,,,0.0,
5010,,,,,0.0,
5011,,,,,0.391304347826087,
5012,,,,,0.0,
5013,,,,,0.4975845410628019,
5014,,,,,0.0,
5015,,,,,0.0,
5016,,,,,0.15388707853960232,
5017,,,,,0.15385984031314637,
5018,,,,,0.0,
5019,,,,,0.0,
5020,,,,,0.02072538860103627,
5021,,,,,0.007042253521126761,
5022,,,,,0.0,
5023,,,,,0.0,
5024,,,,,0.047058823529411764,
5025,,,,,0.0,
5026,,,,,0.0,
5027,,,,,0.0,
5028,,,,,0.0827957704329321,
5029,,,,,0.08177835108867292,
5030,,,,,0.6821192052980133,
5031,,,,,0.0,
5032,,,,,0.64,
5033,,,,,0.0,
5034,,,,,0.0,
5035,,,,,0.9758064516129032,
5036,,,,,0.03902439024390244,
5037,,,,,0.6690140845070423,
5038,,,,,0.0,
5039,,,,,0.004878048780487805,
5040,,,,,0.14318015561614683,
5041,,,,,0.14616462424660276,
5042,,,,,0.0,
5043,,,,,0.054945054945054944,
5044,,,,,0.0,
5045,,,,,0.1688888888888889,
5046,,,,,0.0,
5047,,,,,0.48,
5048,,,,,0.0,
5049,,,,,0.0,
5050,,,,,0.0,
5051,,,,,0.0,
5052,,,,,0.08977854625257697,
5053,,,,,0.08918444053999955,
5054,,,,,0.0273972602739726,
5055,,,,,0.0,
5056,,,,,0.10101010101010101,
5057,,,,,0.0,
5058,,,,,0.017391304347826087,
5059,,,,,0.0,
5060,,,,,0.0,
5061,,,,,0.0,
5062,,,,,0.0,
5063,,,,,0.3259668508287293,
5064,,,,,0.12449291747024008,
5065,,,,,0.12516958388007918,
5066,,,,,0.0,
5067,,,,,0.00819672131147541,
5068,,,,,0.047021943573667714,
5069,,,,,0.0,
5070,,,,,0.0,
5071,,,,,0.6086956521739131,
5072,,,,,0.0,
5073,,,,,0.0,
5074,,,,,0.0,
5075,,,,,0.02197802197802198,
5076,,,,,0.10839928177162998,
5077,,,,,0.10644307541756555,
5078,,,,,0.0,
5079,,,,,0.09482758620689655,
5080,,,,,0.008695652173913044,
5081,,,,,0.12087912087912088,
5082,,,,,0.0,
5083,,,,,0.19791666666666666,
5084,,,,,0.0,
5085,,,,,0.006060606060606061,
5086,,,,,0.0,
5087,,,,,0.6133333333333333,
5088,,,,,0.10381060051872049,
5089,,,,,0.10430798656673265,
5090,,,,,0.39655172413793105,
5091,,,,,0.910958904109589,
5092,,,,,0.23478260869565218,
5093,,,,,0.7619047619047619,
5094,,,,,0.0,
5095,,,,,0.0,
5096,,,,,0.27380952380952384,
5097,,,,,1.0,
5098,,,,,0.15894039735099338,
5099,,,,,0.007407407407407408,
5100,,,,,0.11910620469508545,
5101,,,,,0.11896448190734604,
5102,,,,,0.3684210526315789,
5103,,,,,0.05970149253731343,
5104,,,,,0.0,
5105,,,,,0.0,
5106,,,,,0.0,
5107,,,,,0.67,
5108,,,,,0.05309734513274336,
5109,,,,,0.0,
5110,,,,,0.007633587786259542,
5111,,,,,0.0,
5112,,,,,0.18481080002660105,
5113,,,,,0.18873295821008385,
5114,,,,,0.0,
5115,,,,,0.0,
5116,,,,,0.0,
5117,,,,,0.08695652173913043,
5118,,,,,0.0,
5119,,,,,0.015873015873015872,
5120,,,,,0.0,
5121,,,,,0.9553072625698324,
5122,,,,,0.3005464480874317,
5123,,,,,0.0,
5124,,,,,0.07062578971869389,
5125,,,,,0.06952383070524654,
5126,,,,,0.0,
5127,,,,,0.0,
5128,,,,,0.0,
5129,,,,,0.0,
5130,,,,,0.2826086956521739,
5131,,,,,0.5181347150259067,
5132,,,,,0.32367149758454106,
5133,,,,,0.006269592476489028,
5134,,,,,0.15121951219512195,
5135,,,,,0.0,
5136,,,,,0.1185076810534016,
5137,,,,,0.11796365900851812,
5138,,,,,0.043478260869565216,
5139,,,,,0.0,
5140,,,,,0.024822695035460994,
5141,,,,,0.0,
5142,,,,,0.2107843137254902,
5143,,,,,0.00975609756097561,
5144,,,,,0.0,
5145,,,,,0.0,
5146,,,,,0.10989010989010989,
5147,,,,,0.0,
5148,,,,,0.08598789652191262,
5149,,,,,0.08575940217512176,
5150,,,,,0.0,
5151,,,,,0.19111111111111112,
5152,,,,,0.15384615384615385,
5153,,,,,0.0,
5154,,,,,0.0,
5155,,,,,0.0,
5156,,,,,0.0,
5157,,,,,0.0,
5158,,,,,0.4842105263157895,
5159,,,,,0.0,
5160,,,,,0.11770964953115648,
5161,,,,,0.11876431732758046,
5162,,,,,0.6868131868131868,
5163,,,,,0.011111111111111112,
5164,,,,,0.0,
5165,,,,,0.0,
5166,,,,,0.0,
5167,,,,,0.0,
5168,,,,,0.0,
5169,,,,,0.4552238805970149,
5170,,,,,0.09782608695652174,
5171,,,,,0.6823529411764706,
5172,,,,,0.14065305579570392,
5173,,,,,0.14309543402353045,
5174,,,,,0.0,
5175,,,,,0.0,
5176,,,,,0.782258064516129,
5177,,,,,0.08955223880597014,
5178,,,,,0.0,
5179,,,,,0.0,
5180,,,,,0.0,
5181,,,,,0.5707317073170731,
5182,,,,,0.014814814814814815,
5183,,,,,0.0,
5184,,,,,0.07953714171709783,
5185,,,,,0.08211195872161554,
5186,,,,,0.551219512195122,
5187,,,,,0.0,
5188,,,,,1.0,
5189,,,,,0.0,
5190,,,,,0.2430939226519337,
5191,,,,,0.0,
5192,,,,,0.6291390728476821,
5193,,,,,0.0979020979020979,
5194,,,,,0.0,
5195,,,,,0.9444444444444444,
5196,,,,,0.13785994546784597,
5197,,,,,0.14127171229677735,
5198,,,,,0.0,
5199,,,,,0.4782608695652174,
5200,,,,,0.07746478873239436,
5201,,,,,0.10526315789473684,
5202,,,,,0.0,
5203,,,,,0.0,
5204,,,,,0.4166666666666667,
5205,,,,,0.0782608695652174,
5206,,,,,0.27586206896551724,
5207,,,,,0.0,
5208,,,,,0.11431801556161468,
5209,,,,,0.11611769677290217,
5210,,,,,0.0,
5211,,,,,0.0,
5212,,,,,0.0,
5213,,,,,0.006060606060606061,
5214,,,,,0.0,
5215,,,,,0.0048543689320388345,
5216,,,,,0.0,
5217,,,,,0.08695652173913043,
5218,,,,,0.0,
5219,,,,,0.4224137931034483,
5220,,,,,0.11471703132273725,
5221,,,,,0.11565064608678247,
5222,,,,,0.0,
5223,,,,,0.043478260869565216,
5224,,,,,0.0,
5225,,,,,0.19791666666666666,
5226,,,,,0.003194888178913738,
5227,,,,,0.0,
5228,,,,,0.1724137931034483,
5229,,,,,0.12,
5230,,,,,0.02,
5231,,,,,0.34265734265734266,
5232,,,,,0.14145108731794906,
5233,,,,,0.14160531992972,
5234,,,,,0.25263157894736843,
5235,,,,,0.0,
5236,,,,,0.0,
5237,,,,,0.0,
5238,,,,,0.0,
5239,,,,,0.9529411764705882,
5240,,,,,0.0,
5241,,,,,0.18808777429467086,
5242,,,,,0.0,
5243,,,,,0.0,
5244,,,,,0.09795836935558955,
5245,,,,,0.10041589751573517,
5246,,,,,0.21641791044776118,
5247,,,,,0.10857142857142857,
5248,,,,,0.0,
5249,,,,,0.11971830985915492,
5250,,,,,0.06077348066298342,
5251,,,,,0.0,
5252,,,,,0.0,
5253,,,,,0.0,
5254,,,,,0.17475728155339806,
5255,,,,,0.0,
5256,,,,,0.13214071955842255,
5257,,,,,0.13164157195916643,
5258,,,,,0.0,
5259,,,,,0.0,
5260,,,,,0.08241758241758242,
5261,,,,,0.0,
5262,,,,,0.07647058823529412,
5263,,,,,0.0,
5264,,,,,0.0,
5265,,,,,0.0,
5266,,,,,0.4117647058823529,
5267,,,,,0.639344262295082,
5268,,,,,0.1637294673139589,
5269,,,,,0.16429063896981963,
5270,,,,,0.0,
5271,,,,,0.061946902654867256,
5272,,,,,0.0,
5273,,,,,0.0,
5274,,,,,0.06372549019607843,
5275,,,,,0.0,
5276,,,,,0.0,
5277,,,,,0.0,
5278,,,,,0.0,
5279,,,,,0.0,
5280,,,,,0.08040167586619672,
5281,,,,,0.0787091608656006,
5282,,,,,0.0,
5283,,,,,0.0,
5284,,,,,0.1484375,
5285,,,,,0.0,
5286,,,,,0.0,
5287,,,,,0.0,
5288,,,,,0.0,
5289,,,,,0.0,
5290,,,,,0.3356164383561644,
5291,,,,,0.006622516556291391,
5292,,,,,0.17131076677528762,
5293,,,,,0.17303115895291685,
5294,,,,,0.0,
5295,,,,,0.40869565217391307,
5296,,,,,0.06217616580310881,
5297,,,,,0.0,
5298,,,,,0.0,
5299,,,,,0.0,
5300,,,,,0.0,
5301,,,,,0.049723756906077346,
5302,,,,,0.007462686567164179,
5303,,,,,0.0,
5304,,,,,0.05267008046817849,
5305,,,,,0.052265195827680536,
5306,,,,,0.0,
5307,,,,,0.0,
5308,,,,,0.5245901639344263,
5309,,,,,0.0,
5310,,,,,0.0,
5311,,,,,0.5368421052631579,
5312,,,,,0.6507936507936508,
5313,,,,,0.0,
5314,,,,,0.0,
5315,,,,,0.0392156862745098,
5316,,,,,0.15701270200172907,
5317,,,,,0.15797433445277229,
5318,,,,,0.0,
5319,,,,,0.8387096774193549,
5320,,,,,0.0,
5321,,,,,0.0,
5322,,,,,0.0,
5323,,,,,0.9126984126984127,
5324,,,,,0.0,
5325,,,,,0.2808219178082192,
5326,,,,,0.0,
5327,,,,,0.025179856115107913,
5328,,,,,0.11644609962093502,
5329,,,,,0.1170740386540044,
5330,,,,,0.0,
5331,,,,,0.0,
5332,,,,,0.08333333333333333,
5333,,,,,0.0051813471502590676,
5334,,,,,0.0,
5335,,,,,0.0,
5336,,,,,0.4975609756097561,
5337,,,,,0.3770491803278688,
5338,,,,,0.0,
5339,,,,,0.1276595744680851,
5340,,,,,0.13007913812595598,
5341,,,,,0.13602295220514646,
5342,,,,,0.2835820895522388,
5343,,,,,0.34782608695652173,
5344,,,,,0.0,
5345,,,,,0.1793478260869565,
5346,,,,,0.031578947368421054,
5347,,,,,0.006060606060606061,
5348,,,,,0.0,
5349,,,,,0.02608695652173913,
5350,,,,,0.0,
5351,,,,,0.0,
5352,,,,,0.1163130943672275,
5353,,,,,0.11945377310232858,
5354,,,,,0.18666666666666668,
5355,,,,,0.0,
5356,,,,,0.0,
5357,,,,,0.0,
5358,,,,,0.0,
5359,,,,,0.006993006993006993,
5360,,,,,0.06521739130434782,
5361,,,,,0.0,
5362,,,,,0.06956521739130435,
5363,,,,,0.0,
5364,,,,,0.088381991088648,
5365,,,,,0.0907190356515357,
5366,,,,,0.01098901098901099,
5367,,,,,0.0,
5368,,,,,0.0,
5369,,,,,0.0,
5370,,,,,0.10714285714285714,
5371,,,,,0.017777777777777778,
5372,,,,,0.9139072847682119,
5373,,,,,0.0,
5374,,,,,0.0,
5375,,,,,0.8467741935483871,
5376,,,,,0.11245594200970939,
5377,,,,,0.115717367613371,
5378,,,,,0.01098901098901099,
5379,,,,,0.9603174603174603,
5380,,,,,0.06956521739130435,
5381,,,,,0.0,
5382,,,,,0.03669724770642202,
5383,,,,,0.0,
5384,,,,,0.5081967213114754,
5385,,,,,0.28823529411764703,
5386,,,,,0.13043478260869565,
5387,,,,,0.10909090909090909,
5388,,,,,0.14251512934760924,
5389,,,,,0.1441629784489469,
5390,,,,,0.0,
5391,,,,,0.0,
5392,,,,,0.3028169014084507,
5393,,,,,0.0,
5394,,,,,0.21311475409836064,
5395,,,,,0.0,
5396,,,,,0.0,
5397,,,,,0.0,
5398,,,,,0.0,
5399,,,,,0.0,
5400,,,,,0.15348806277847976,
5401,,,,,0.15365967573338077,
5402,,,,,0.32786885245901637,
5403,,,,,0.0,
5404,,,,,0.0,
5405,,,,,0.0,
5406,,,,,0.0,
5407,,,,,0.0,
5408,,,,,0.0,
5409,,,,,0.0,
5410,,,,,0.0,
5411,,,,,0.0,
5412,,,,,0.09410121699807142,
5413,,,,,0.09605675777861797,
5414,,,,,0.2983425414364641,
5415,,,,,0.03508771929824561,
5416,,,,,0.0,
5417,,,,,0.0,
5418,,,,,0.0,
5419,,,,,0.0,
5420,,,,,0.0,
5421,,,,,0.18134715025906736,
5422,,,,,0.0,
5423,,,,,0.0,
5424,,,,,0.13892398749750615,
5425,,,,,0.13878077530413896,
5426,,,,,0.0,
5427,,,,,0.034782608695652174,
5428,,,,,0.5466666666666666,
5429,,,,,0.007042253521126761,
5430,,,,,0.0,
5431,,,,,0.0,
5432,,,,,0.0,
5433,,,,,0.0,
5434,,,,,0.19718309859154928,
5435,,,,,0.0970873786407767,
5436,,,,,0.1266210015295604,
5437,,,,,0.1292395970019794,
5438,,,,,0.0,
5439,,,,,0.0,
5440,,,,,0.0,
5441,,,,,0.8412698412698413,
5442,,,,,0.0,
5443,,,,,0.45365853658536587,
5444,,,,,0.0,
5445,,,,,0.0,
5446,,,,,0.0,
5447,,,,,0.41333333333333333,
5448,,,,,0.14012103478087384,
5449,,,,,0.14231701621333095,
5450,,,,,0.4148936170212766,
5451,,,,,0.17482517482517482,
5452,,,,,0.00684931506849315,
5453,,,,,0.38095238095238093,
5454,,,,,0.06521739130434782,
5455,,,,,0.0,
5456,,,,,0.1497584541062802,
5457,,,,,0.0051813471502590676,
5458,,,,,0.0,
5459,,,,,0.12087912087912088,
5460,,,,,0.148965884152424,
5461,,,,,0.1475880168138247,
5462,,,,,0.3146853146853147,
5463,,,,,0.0,
5464,,,,,0.2956521739130435,
5465,,,,,0.0,
5466,,,,,0.04888888888888889,
5467,,,,,0.24210526315789474,
5468,,,,,0.0,
5469,,,,,0.0,
5470,,,,,0.0,
5471,,,,,0.9171270718232044,
5472,,,,,0.11830817317284033,
5473,,,,,0.11912016546938593,
5474,,,,,0.0,
5475,,,,,0.4262295081967213,
5476,,,,,0.0,
5477,,,,,0.021739130434782608,
5478,,,,,0.011049723756906077,
5479,,,,,0.0,
5480,,,,,0.0,
5481,,,,,0.13793103448275862,
5482,,,,,0.25217391304347825,
5483,,,,,0.0,
5484,,,,,0.11930571257564673,
5485,,,,,0.12027667193025376,
5486,,,,,0.0,
5487,,,,,0.05092592592592592,
5488,,,,,0.0,
5489,,,,,0.021052631578947368,
5490,,,,,0.0,
5491,,,,,0.5304347826086957,
5492,,,,,0.4235294117647059,
5493,,,,,0.0,
5494,,,,,0.0,
5495,,,,,0.020202020202020204,
5496,,,,,0.0724878632705992,
5497,,,,,0.07041345105976025,
5498,,,,,1.0,
5499,,,,,0.0,
5500,,,,,0.2945205479452055,
5501,,,,,0.1368421052631579,
5502,,,,,0.0,
5503,,,,,0.0,
5504,,,,,0.0,
5505,,,,,0.78125,
5506,,,,,0.0,
5507,,,,,0.0,
5508,,,,,0.19857684378532953,
5509,,,,,0.20256655472277205,
5510,,,,,0.0,
5511,,,,,0.16521739130434782,
5512,,,,,0.0,
5513,,,,,0.04854368932038835,
5514,,,,,0.39344262295081966,
5515,,,,,0.0,
5516,,,,,0.0,
5517,,,,,0.055865921787709494,
5518,,,,,0.15217391304347827,
5519,,,,,0.0,
5520,,,,,0.09709383520649066,
5521,,,,,0.09885906189533616,
5522,,,,,0.08823529411764706,
5523,,,,,0.0,
5524,,,,,0.0,
5525,,,,,0.0,
5526,,,,,0.0,
5527,,,,,0.0,
5528,,,,,0.4235294117647059,
5529,,,,,0.019417475728155338,
5530,,,,,0.9043478260869565,
5531,,,,,0.0,
5532,,,,,0.16838465119372215,
5533,,,,,0.16987300669439317,
5534,,,,,0.0,
5535,,,,,0.0,
5536,,,,,0.0,
5537,,,,,0.0,
5538,,,,,0.0,
5539,,,,,0.0,
5540,,,,,0.7380952380952381,
5541,,,,,0.15894039735099338,
5542,,,,,0.0,
5543,,,,,0.0,
5544,,,,,0.09649531156480681,
5545,,,,,0.09505593487979005,
5546,,,,,0.0,
5547,,,,,0.4371584699453552,
5548,,,,,0.0,
5549,,,,,0.006389776357827476,
5550,,,,,1.0,
5551,,,,,0.04195804195804196,
5552,,,,,0.0,
5553,,,,,0.0,
5554,,,,,0.0,
5555,,,,,0.0,
5556,,,,,0.1314091906630312,
5557,,,,,0.1356893445722038,
5558,,,,,0.01834862385321101,
5559,,,,,0.0,
5560,,,,,0.0,
5561,,,,,0.0,
5562,,,,,0.17894736842105263,
5563,,,,,0.4972677595628415,
5564,,,,,0.5853658536585366,
5565,,,,,0.5725806451612904,
5566,,,,,0.14084507042253522,
5567,,,,,0.07964601769911504,
5568,,,,,0.1437786792578307,
5569,,,,,0.14211685163356538,
5570,,,,,0.0,
5571,,,,,0.0,
5572,,,,,0.8870967741935484,
5573,,,,,0.015625,
5574,,,,,0.0,
5575,,,,,0.0,
5576,,,,,0.0,
5577,,,,,0.0,
5578,,,,,0.10679611650485436,
5579,,,,,0.2605633802816901,
5580,,,,,0.13998802952716632,
5581,,,,,0.14360696572737583,
5582,,,,,0.0,
5583,,,,,0.0,
5584,,,,,0.0,
5585,,,,,0.02821316614420063,
5586,,,,,0.009259259259259259,
5587,,,,,0.0,
5588,,,,,0.0058823529411764705,
5589,,,,,0.0,
5590,,,,,0.0,
5591,,,,,0.0,
5592,,,,,0.09250515395358117,
5593,,,,,0.09300980806440852,
5594,,,,,0.7941176470588235,
5595,,,,,0.0,
5596,,,,,0.0,
5597,,,,,0.0,
5598,,,,,0.0,
5599,,,,,0.0728476821192053,
5600,,,,,0.961352657004831,
5601,,,,,0.17073170731707318,
5602,,,,,0.0,
5603,,,,,0.0,
5604,,,,,0.148965884152424,
5605,,,,,0.15079065009007406,
5606,,,,,0.1657142857142857,
5607,,,,,0.07801418439716312,
5608,,,,,0.5,
5609,,,,,0.0,
5610,,,,,0.0,
5611,,,,,0.0,
5612,,,,,0.0,
5613,,,,,0.0,
5614,,,,,0.3241758241758242,
5615,,,,,0.038834951456310676,
5616,,,,,0.12416040433597127,
5617,,,,,0.12503614082690212,
5618,,,,,0.0,
5619,,,,,0.0,
5620,,,,,0.0,
5621,,,,,0.02608695652173913,
5622,,,,,0.31343283582089554,
5623,,,,,0.07523510971786834,
5624,,,,,0.0,
5625,,,,,0.0,
5626,,,,,0.7284768211920529,
5627,,,,,0.0,
5628,,,,,0.1401875374077276,
5629,,,,,0.1412939528056402,
5630,,,,,0.5081967213114754,
5631,,,,,0.0,
5632,,,,,0.0055248618784530384,
5633,,,,,0.0,
5634,,,,,0.0,
5635,,,,,0.0,
5636,,,,,0.0,
5637,,,,,0.0,
5638,,,,,0.0,
5639,,,,,0.0,
5640,,,,,0.08339429407461595,
5641,,,,,0.08280141449636368,
5642,,,,,0.05217391304347826,
5643,,,,,0.0,
5644,,,,,0.0,
5645,,,,,0.039735099337748346,
5646,,,,,1.0,
5647,,,,,0.02197802197802198,
5648,,,,,0.0,
5649,,,,,0.11702127659574468,
5650,,,,,0.0,
5651,,,,,0.0,
5652,,,,,0.11026135532353527,
5653,,,,,0.11282610146120144,
5654,,,,,0.0,
5655,,,,,0.0,
5656,,,,,0.0,
5657,,,,,0.10294117647058823,
5658,,,,,0.0,
5659,,,,,0.0,
5660,,,,,0.016304347826086956,
5661,,,,,0.0,
5662,,,,,0.0,
5663,,,,,0.45454545454545453,
5664,,,,,0.11498304183015229,
5665,,,,,0.11516135489179992,
5666,,,,,0.024154589371980676,
5667,,,,,0.0,
5668,,,,,0.3157894736842105,
5669,,,,,0.2608695652173913,
5670,,,,,0.0,
5671,,,,,0.717391304347826,
5672,,,,,0.0035971223021582736,
5673,,,,,0.010362694300518135,
5674,,,,,0.0,
5675,,,,,0.00558659217877095,
5676,,,,,0.09084258828223715,
5677,,,,,0.08876187087160554,
5678,,,,,0.0,
5679,,,,,0.6487804878048781,
5680,,,,,0.0,
5681,,,,,0.047058823529411764,
5682,,,,,0.0,
5683,,,,,0.047619047619047616,
5684,,,,,0.0,
5685,,,,,0.05142857142857143,
5686,,,,,0.0,
5687,,,,,0.0,
5688,,,,,0.0954977721620004,
5689,,,,,0.09449992215821898,
5690,,,,,0.0,
5691,,,,,0.0,
5692,,,,,0.0,
5693,,,,,0.0,
5694,,,,,0.0,
5695,,,,,0.0,
5696,,,,,0.39664804469273746,
5697,,,,,0.0,
5698,,,,,0.0,
5699,,,,,0.0,
5700,,,,,0.09150761455077476,
5701,,,,,0.09007406089451327,
5702,,,,,0.0,
5703,,,,,0.12290502793296089,
5704,,,,,0.0,
5705,,,,,0.0,
5706,,,,,0.0,
5707,,,,,0.03864734299516908,
5708,,,,,0.0,
5709,,,,,0.0,
5710,,,,,0.0,
5711,,,,,0.0,
5712,,,,,0.08578838864135134,
5713,,,,,0.08615973133465293,
5714,,,,,0.04,
5715,,,,,0.41530054644808745,
5716,,,,,0.0,
5717,,,,,0.0,
5718,,,,,0.5303867403314917,
5719,,,,,0.08955223880597014,
5720,,,,,0.0,
5721,,,,,0.2391304347826087,
5722,,,,,0.0,
5723,,,,,0.16083916083916083,
5724,,,,,0.08851499634235552,
5725,,,,,0.08840602272980005,
5726,,,,,0.0,
5727,,,,,0.8173913043478261,
5728,,,,,0.0058823529411764705,
5729,,,,,0.0,
5730,,,,,0.2608695652173913,
5731,,,,,0.0,
5732,,,,,0.0,
5733,,,,,0.010416666666666666,
5734,,,,,0.0,
5735,,,,,0.0,
5736,,,,,0.15275653388308838,
5737,,,,,0.15317038453839824,
5738,,,,,0.0,
5739,,,,,0.0,
5740,,,,,0.0,
5741,,,,,0.0,
5742,,,,,0.0,
5743,,,,,0.0,
5744,,,,,0.4112903225806452,
5745,,,,,0.0,
5746,,,,,0.11594202898550725,
5747,,,,,0.0,
5748,,,,,0.10181552171310766,
5749,,,,,0.1013722393968374,
5750,,,,,0.9274193548387096,
5751,,,,,0.0,
5752,,,,,0.0,
5753,,,,,0.0,
5754,,,,,0.01567398119122257,
5755,,,,,0.0,
5756,,,,,0.004878048780487805,
5757,,,,,0.0,
5758,,,,,0.16483516483516483,
5759,,,,,0.4264705882352941,
5760,,,,,0.1469708053468112,
5761,,,,,0.14772145986700175,
5762,,,,,0.0,
5763,,,,,0.0,
5764,,,,,0.41739130434782606,
5765,,,,,0.0,
5766,,,,,0.0,
5767,,,,,0.15873015873015872,
5768,,,,,0.0,
5769,,,,,0.0,
5770,,,,,0.0,
5771,,,,,0.020202020202020204,
5772,,,,,0.12283035179889605,
5773,,,,,0.12043235549229367,
5774,,,,,0.0,
5775,,,,,0.0,
5776,,,,,0.0,
5777,,,,,0.0,
5778,,,,,0.26119402985074625,
5779,,,,,0.5403225806451613,
5780,,,,,0.12411347517730496,
5781,,,,,0.8015873015873016,
5782,,,,,0.03902439024390244,
5783,,,,,1.0,
5784,,,,,0.12761854093236683,
5785,,,,,0.12797188799679737,
5786,,,,,0.8,
5787,,,,,0.005434782608695652,
5788,,,,,0.7857142857142857,
5789,,,,,0.004901960784313725,
5790,,,,,0.0,
5791,,,,,0.0,
5792,,,,,0.0,
5793,,,,,0.4,
5794,,,,,0.0,
5795,,,,,0.0,
5796,,,,,0.11066037108465784,
5797,,,,,0.11186975958009919,
5798,,,,,0.03296703296703297,
5799,,,,,0.0,
5800,,,,,0.05699481865284974,
5801,,,,,0.0,
5802,,,,,0.0,
5803,,,,,0.0,
5804,,,,,0.01818181818181818,
5805,,,,,0.18446601941747573,
5806,,,,,0.0,
5807,,,,,0.0,
5808,,,,,0.10859878965219126,
5809,,,,,0.11062429108378,
5810,,,,,0.0,
5811,,,,,0.0,
5812,,,,,0.0,
5813,,,,,0.6612903225806451,
5814,,,,,0.5409836065573771,
5815,,,,,0.0,
5816,,,,,0.0,
5817,,,,,0.15458937198067632,
5818,,,,,0.20444444444444446,
5819,,,,,0.0,
5820,,,,,0.12362838332114119,
5821,,,,,0.12494717879145074,
5822,,,,,0.0,
5823,,,,,0.030303030303030304,
5824,,,,,0.0,
5825,,,,,0.0,
5826,,,,,0.0,
5827,,,,,0.48344370860927155,
5828,,,,,0.0,
5829,,,,,0.0,
5830,,,,,0.0,
5831,,,,,0.05504587155963303,
5832,,,,,0.12030325197845315,
5833,,,,,0.12194471009496698,
5834,,,,,0.0,
5835,,,,,0.0273972602739726,
5836,,,,,0.46774193548387094,
5837,,,,,0.0,
5838,,,,,0.0,
5839,,,,,0.0,
5840,,,,,0.017391304347826087,
5841,,,,,0.0,
5842,,,,,0.009708737864077669,
5843,,,,,0.0,
5844,,,,,0.0963623063110993,
5845,,,,,0.09574539065453817,
5846,,,,,0.009708737864077669,
5847,,,,,0.0,
5848,,,,,0.0,
5849,,,,,0.975609756097561,
5850,,,,,0.1456953642384106,
5851,,,,,0.0,
5852,,,,,0.0,
5853,,,,,1.0,
5854,,,,,0.1308016877637131,
5855,,,,,0.6232876712328768,
5856,,,,,0.252909489924852,
5857,,,,,0.2575673331405823,
5858,,,,,0.0,
5859,,,,,0.0,
5860,,,,,0.16666666666666666,
5861,,,,,0.0,
5862,,,,,0.0,
5863,,,,,0.0,
5864,,,,,0.0,
5865,,,,,0.043478260869565216,
5866,,,,,0.0,
5867,,,,,0.0,
5868,,,,,0.1095298264281439,
5869,,,,,0.10966794920267776,
5870,,,,,0.0,
5871,,,,,1.0,
5872,,,,,0.02,
5873,,,,,0.7739130434782608,
5874,,,,,0.0,
5875,,,,,0.39436619718309857,
5876,,,,,0.0,
5877,,,,,0.0,
5878,,,,,0.0,
5879,,,,,0.0,
5880,,,,,0.09962093502693356,
5881,,,,,0.09943731512577007,
5882,,,,,0.2608695652173913,
5883,,,,,0.0,
5884,,,,,0.04433497536945813,
5885,,,,,0.043478260869565216,
5886,,,,,0.7878787878787878,
5887,,,,,0.0,
5888,,,,,0.6521739130434783,
5889,,,,,0.0,
5890,,,,,0.6712328767123288,
5891,,,,,0.3157894736842105,
5892,,,,,0.15794373877768172,
5893,,,,,0.16082111958721615,
5894,,,,,0.0,
5895,,,,,0.0,
5896,,,,,0.1276595744680851,
5897,,,,,0.0,
5898,,,,,0.0,
5899,,,,,0.0,
5900,,,,,0.0,
5901,,,,,0.0,
5902,,,,,0.0,
5903,,,,,0.08287292817679558,
5904,,,,,0.11332047615880828,
5905,,,,,0.11173631652692213,
5906,,,,,0.0,
5907,,,,,0.4370860927152318,
5908,,,,,0.0,
5909,,,,,0.6164383561643836,
5910,,,,,0.0,
5911,,,,,0.06666666666666667,
5912,,,,,0.020202020202020204,
5913,,,,,0.0,
5914,,,,,0.03761755485893417,
5915,,,,,0.0,
5916,,,,,0.1349338298862805,
5917,,,,,0.13602295220514646,
5918,,,,,0.08695652173913043,
5919,,,,,0.14736842105263157,
5920,,,,,0.0,
5921,,,,,0.41414141414141414,
5922,,,,,0.0,
5923,,,,,0.0,
5924,,,,,0.0,
5925,,,,,0.1,
5926,,,,,0.0,
5927,,,,,0.16379310344827586,
5928,,,,,0.09257165658043492,
5929,,,,,0.09365478282143096,
5930,,,,,0.0,
5931,,,,,0.6135265700483091,
5932,,,,,0.11304347826086956,
5933,,,,,0.0,
5934,,,,,0.0,
5935,,,,,0.0,
5936,,,,,0.7913043478260869,
5937,,,,,0.13479623824451412,
5938,,,,,0.0,
5939,,,,,0.0,
5940,,,,,0.18873445501097294,
5941,,,,,0.19133509774703644,
5942,,,,,0.366120218579235,
5943,,,,,0.031578947368421054,
5944,,,,,0.0,
5945,,,,,0.010362694300518135,
5946,,,,,0.0,
5947,,,,,0.00980392156862745,
5948,,,,,0.0,
5949,,,,,0.00975609756097561,
5950,,,,,0.4782608695652174,
5951,,,,,0.0,
5952,,,,,0.11824167054598657,
5953,,,,,0.1163401018615306,
5954,,,,,0.01951219512195122,
5955,,,,,0.15846994535519127,
5956,,,,,0.05223880597014925,
5957,,,,,0.0,
5958,,,,,0.16062176165803108,
5959,,,,,0.7466666666666667,
5960,,,,,0.0,
5961,,,,,0.0,
5962,,,,,0.0,
5963,,,,,0.0,
5964,,,,,0.12196581764979716,
5965,,,,,0.12069924159864778,
5966,,,,,0.0,
5967,,,,,0.0,
5968,,,,,0.0,
5969,,,,,0.0,
5970,,,,,0.5035460992907801,
5971,,,,,0.0,
5972,,,,,0.009708737864077669,
5973,,,,,0.034782608695652174,
5974,,,,,0.15902140672782875,
5975,,,,,0.0,
5976,,,,,0.07188933962891535,
5977,,,,,0.0687231723861842,
5978,,,,,0.8782608695652174,
5979,,,,,0.0,
5980,,,,,0.0,
5981,,,,,0.9789473684210527,
5982,,,,,0.8297872340425532,
5983,,,,,0.0,
5984,,,,,0.0,
5985,,,,,0.0,
5986,,,,,0.0,
5987,,,,,0.0,
5988,,,,,0.2033650329188003,
5989,,,,,0.20354513711273714,
5990,,,,,0.0,
5991,,,,,0.06593406593406594,
5992,,,,,0.0,
5993,,,,,0.22926829268292684,
5994,,,,,0.04195804195804196,
5995,,,,,0.0,
5996,,,,,0.08208955223880597,
5997,,,,,0.0,
5998,,,,,0.0,
5999,,,,,0.0,
6000,,,,,0.12482543060450887,
6001,,,,,0.1243022040344283,
6002,,,,,0.0,
6003,,,,,0.0,
6004,,,,,0.7433628318584071,
6005,,,,,0.0,
6006,,,,,0.0,
6007,,,,,0.0,
6008,,,,,0.0,
6009,,,,,0.6695652173913044,
6010,,,,,0.18235294117647058,
6011,,,,,0.014634146341463415,
6012,,,,,0.1672541065372082,
6013,,,,,0.16658141138269245,
6014,,,,,0.0,
6015,,,,,0.0,
6016,,,,,0.0,
6017,,,,,0.0,
6018,,,,,0.08080808080808081,
6019,,,,,0.0,
6020,,,,,0.7698412698412699,
6021,,,,,0.0,
6022,,,,,0.0,
6023,,,,,0.0,
6024,,,,,0.09795836935558955,
6025,,,,,0.09685741609768031,
6026,,,,,0.46078431372549017,
6027,,,,,0.0,
6028,,,,,0.0,
6029,,,,,0.12154696132596685,
6030,,,,,0.0,
6031,,,,,0.0,
6032,,,,,0.0,
6033,,,,,0.0,
6034,,,,,0.24175824175824176,
6035,,,,,0.0,
6036,,,,,0.12788455143978186,
6037,,,,,0.130996597202144,
6038,,,,,0.0,
6039,,,,,0.0,
6040,,,,,0.09565217391304348,
6041,,,,,0.0,
6042,,,,,0.3442622950819672,
6043,,,,,1.0,
6044,,,,,0.07947019867549669,
6045,,,,,0.0,
6046,,,,,0.33658536585365856,
6047,,,,,0.0,
6048,,,,,0.18188468444503558,
6049,,,,,0.1815937548651113,
6050,,,,,0.0,
6051,,,,,0.00819672131147541,
6052,,,,,0.0,
6053,,,,,0.0,
6054,,,,,0.0,
6055,,,,,0.0,
6056,,,,,0.0,
6057,,,,,0.0,
6058,,,,,0.0,
6059,,,,,0.0,
6060,,,,,0.06597060583893063,
6061,,,,,0.06345217178569046,
6062,,,,,0.0,
6063,,,,,0.0,
6064,,,,,0.0,
6065,,,,,1.0,
6066,,,,,0.05673758865248227,
6067,,,,,0.0,
6068,,,,,0.0,
6069,,,,,0.0,
6070,,,,,0.7868852459016393,
6071,,,,,0.0,
6072,,,,,0.2157345215135998,
6073,,,,,0.21820163245335053,
6074,,,,,0.0,
6075,,,,,0.0223463687150838,
6076,,,,,0.0,
6077,,,,,0.0,
6078,,,,,1.0,
6079,,,,,0.0,
6080,,,,,0.0,
6081,,,,,0.0,
6082,,,,,0.0,
6083,,,,,0.1912568306010929,
6084,,,,,0.13400279311032787,
6085,,,,,0.13346529368591953,
6086,,,,,0.0,
6087,,,,,0.2366412213740458,
6088,,,,,0.6105263157894737,
6089,,,,,0.0,
6090,,,,,0.06862745098039216,
6091,,,,,0.71,
6092,,,,,0.08695652173913043,
6093,,,,,0.28421052631578947,
6094,,,,,0.0,
6095,,,,,0.34299516908212563,
6096,,,,,0.1249584358582164,
6097,,,,,0.12572559660165025,
6098,,,,,0.0,
6099,,,,,0.0,
6100,,,,,0.7395833333333334,
6101,,,,,0.12352941176470589,
6102,,,,,0.02717391304347826,
6103,,,,,0.0,
6104,,,,,0.08865248226950355,
6105,,,,,0.05339805825242718,
6106,,,,,0.0,
6107,,,,,0.0,
6108,,,,,0.09064308040167586,
6109,,,,,0.09007406089451327,
6110,,,,,0.0,
6111,,,,,0.10362694300518134,
6112,,,,,0.007633587786259542,
6113,,,,,0.49171270718232046,
6114,,,,,0.0,
6115,,,,,0.2608695652173913,
6116,,,,,0.0,
6117,,,,,0.0,
6118,,,,,0.0,
6119,,,,,0.23478260869565218,
6120,,,,,0.1168451153820576,
6121,,,,,0.11827502613259791,
6122,,,,,0.0,
6123,,,,,0.0,
6124,,,,,0.0,
6125,,,,,0.14705882352941177,
6126,,,,,0.006993006993006993,
6127,,,,,0.9596774193548387,
6128,,,,,0.0,
6129,,,,,0.0,
6130,,,,,0.0,
6131,,,,,0.0,
6132,,,,,0.15674669149431403,
6133,,,,,0.1549718657562885,
6134,,,,,0.0,
6135,,,,,0.015544041450777202,
6136,,,,,0.0,
6137,,,,,0.017391304347826087,
6138,,,,,0.0,
6139,,,,,0.5777777777777777,
6140,,,,,0.0,
6141,,,,,0.0,
6142,,,,,0.5151515151515151,
6143,,,,,0.5642458100558659,
6144,,,,,0.0958302852962692,
6145,,,,,0.09625692235838355,
6146,,,,,0.0,
6147,,,,,0.03260869565217391,
6148,,,,,0.19827586206896552,
6149,,,,,0.0,
6150,,,,,0.0,
6151,,,,,0.0,
6152,,,,,0.01818181818181818,
6153,,,,,0.0,
6154,,,,,0.04895104895104895,
6155,,,,,0.2,
6156,,,,,0.13014564075280974,
6157,,,,,0.13086315414896693,
6158,,,,,0.0,
6159,,,,,0.1044776119402985,
6160,,,,,0.02877697841726619,
6161,,,,,0.0,
6162,,,,,0.0,
6163,,,,,0.007633587786259542,
6164,,,,,0.0,
6165,,,,,0.20444444444444446,
6166,,,,,0.0,
6167,,,,,0.02608695652173913,
6168,,,,,0.15927379131475694,
6169,,,,,0.15853034717434336,
6170,,,,,0.3191489361702128,
6171,,,,,0.0,
6172,,,,,0.0,
6173,,,,,0.07692307692307693,
6174,,,,,0.0,
6175,,,,,0.0,
6176,,,,,0.0,
6177,,,,,0.0,
6178,,,,,0.0,
6179,,,,,0.12244897959183673,
6180,,,,,0.1041431136529893,
6181,,,,,0.10239530280452817,
6182,,,,,0.6086956521739131,
6183,,,,,0.0,
6184,,,,,0.0,
6185,,,,,0.9347826086956522,
6186,,,,,0.2146341463414634,
6187,,,,,0.0,
6188,,,,,0.07692307692307693,
6189,,,,,0.717391304347826,
6190,,,,,0.3941176470588235,
6191,,,,,0.08235294117647059,
6192,,,,,0.20496109596329054,
6193,,,,,0.20874941618664236,
6194,,,,,0.0,
6195,,,,,0.0,
6196,,,,,0.0,
6197,,,,,0.030303030303030304,
6198,,,,,0.022222222222222223,
6199,,,,,0.0,
6200,,,,,0.0,
6201,,,,,0.0,
6202,,,,,0.0,
6203,,,,,0.009259259259259259,
6204,,,,,0.10254705060849903,
6205,,,,,0.10175032804750572,
6206,,,,,0.9565217391304348,
6207,,,,,0.09933774834437085,
6208,,,,,0.0,
6209,,,,,0.0,
6210,,,,,0.07339449541284404,
6211,,,,,0.9838709677419355,
6212,,,,,0.08292682926829269,
6213,,,,,0.0,
6214,,,,,0.44,
6215,,,,,0.0,
6216,,,,,0.16505951985103412,
6217,,,,,0.16377910726597425,
6218,,,,,0.0,
6219,,,,,0.014492753623188406,
6220,,,,,0.06796116504854369,
6221,,,,,0.0,
6222,,,,,0.3302752293577982,
6223,,,,,0.25396825396825395,
6224,,,,,0.0,
6225,,,,,0.0,
6226,,,,,0.7676767676767676,
6227,,,,,0.0,
6228,,,,,0.18188468444503558,
6229,,,,,0.1813713497764829,
6230,,,,,0.0,
6231,,,,,0.0,
6232,,,,,0.33043478260869563,
6233,,,,,0.0,
6234,,,,,0.0,
6235,,,,,0.03546099290780142,
6236,,,,,0.08695652173913043,
6237,,,,,0.0,
6238,,,,,0.0,
6239,,,,,0.4860335195530726,
6240,,,,,0.11092638159207288,
6241,,,,,0.11264817739029868,
6242,,,,,0.43356643356643354,
6243,,,,,0.007407407407407408,
6244,,,,,0.0,
6245,,,,,0.01020408163265306,
6246,,,,,0.0,
6247,,,,,1.0,
6248,,,,,0.20869565217391303,
6249,,,,,0.0,
6250,,,,,0.06382978723404255,
6251,,,,,0.3130434782608696,
6252,,,,,0.12283035179889605,
6253,,,,,0.12334586215332607,
6254,,,,,0.021052631578947368,
6255,,,,,0.4,
6256,,,,,0.0,
6257,,,,,0.0,
6258,,,,,0.0,
6259,,,,,0.0,
6260,,,,,0.0,
6261,,,,,0.020833333333333332,
6262,,,,,0.4041095890410959,
6263,,,,,0.0,
6264,,,,,0.13812595597526103,
6265,,,,,0.1393812690434357,
6266,,,,,0.0759493670886076,
6267,,,,,0.0,
6268,,,,,0.0,
6269,,,,,0.0,
6270,,,,,0.2608695652173913,
6271,,,,,0.0,
6272,,,,,0.7256637168141593,
6273,,,,,0.6557377049180327,
6274,,,,,0.0,
6275,,,,,0.014925373134328358,
6276,,,,,0.2497173638358715,
6277,,,,,0.24426750884060228,
6278,,,,,0.0,
6279,,,,,0.20994475138121546,
6280,,,,,0.0,
6281,,,,,0.0,
6282,,,,,0.0,
6283,,,,,0.0,
6284,,,,,0.1568627450980392,
6285,,,,,0.0,
6286,,,,,0.19402985074626866,
6287,,,,,0.0,
6288,,,,,0.07069229234554765,
6289,,,,,0.07156995752062807,
6290,,,,,0.0,
6291,,,,,0.020202020202020204,
6292,,,,,0.0,
6293,,,,,0.0,
6294,,,,,0.9941176470588236,
6295,,,,,0.0,
6296,,,,,0.01834862385321101,
6297,,,,,0.28695652173913044,
6298,,,,,0.0,
6299,,,,,0.9866666666666667,
6300,,,,,0.19817782802420694,
6301,,,,,0.19700642750706135,
6302,,,,,0.34782608695652173,
6303,,,,,0.8087431693989071,
6304,,,,,0.0,
6305,,,,,0.027972027972027972,
6306,,,,,0.0,
6307,,,,,0.0,
6308,,,,,0.0,
6309,,,,,0.0,
6310,,,,,0.0,
6311,,,,,0.0,
6312,,,,,0.1310766775287624,
6313,,,,,0.13246447078709161,
6314,,,,,0.0,
6315,,,,,0.0,
6316,,,,,0.5483870967741935,
6317,,,,,0.0,
6318,,,,,0.1588235294117647,
6319,,,,,0.030303030303030304,
6320,,,,,0.0,
6321,,,,,0.0,
6322,,,,,0.04792332268370607,
6323,,,,,0.988950276243094,
6324,,,,,0.16279843053800624,
6325,,,,,0.1648466516913907,
6326,,,,,0.06043956043956044,
6327,,,,,0.0,
6328,,,,,0.06349206349206349,
6329,,,,,0.3285024154589372,
6330,,,,,0.0,
6331,,,,,0.006993006993006993,
6332,,,,,0.0,
6333,,,,,0.3103448275862069,
6334,,,,,0.6,
6335,,,,,0.0,
6336,,,,,0.13799295072155351,
6337,,,,,0.14209461112470254,
6338,,,,,0.009708737864077669,
6339,,,,,0.0,
6340,,,,,0.0,
6341,,,,,0.0,
6342,,,,,0.0,
6343,,,,,0.03428571428571429,
6344,,,,,0.5486725663716814,
6345,,,,,0.0,
6346,,,,,0.41739130434782606,
6347,,,,,0.0,
6348,,,,,0.1832147369821108,
6349,,,,,0.1823721726753108,
6350,,,,,0.02197802197802198,
6351,,,,,0.0,
6352,,,,,0.0,
6353,,,,,0.2956521739130435,
6354,,,,,0.11510791366906475,
6355,,,,,0.02127659574468085,
6356,,,,,0.006622516556291391,
6357,,,,,0.022900763358778626,
6358,,,,,0.0,
6359,,,,,0.0,
6360,,,,,0.09795836935558955,
6361,,,,,0.0972132642394858,
6362,,,,,0.08,
6363,,,,,0.15760869565217392,
6364,,,,,0.0,
6365,,,,,0.24,
6366,,,,,0.0,
6367,,,,,0.1702127659574468,
6368,,,,,0.5080645161290323,
6369,,,,,0.0,
6370,,,,,0.0,
6371,,,,,0.0,
6372,,,,,0.15348806277847976,
6373,,,,,0.15281453639659276,
6374,,,,,0.0,
6375,,,,,0.0,
6376,,,,,0.0,
6377,,,,,0.0,
6378,,,,,0.0,
6379,,,,,0.47368421052631576,
6380,,,,,0.9951690821256038,
6381,,,,,0.0,
6382,,,,,0.0,
6383,,,,,0.0,
6384,,,,,0.1652590277315954,
6385,,,,,0.16384582879256276,
6386,,,,,0.0,
6387,,,,,0.10144927536231885,
6388,,,,,0.0,
6389,,,,,0.0,
6390,,,,,0.0,
6391,,,,,0.0,
6392,,,,,0.0,
6393,,,,,0.0,
6394,,,,,0.0,
6395,,,,,0.8968253968253969,
6396,,,,,0.09696082995278313,
6397,,,,,0.09763583390787982,
6398,,,,,0.06593406593406594,
6399,,,,,0.0,
6400,,,,,0.2048780487804878,
6401,,,,,0.22666666666666666,
6402,,,,,0.009708737864077669,
6403,,,,,0.0,
6404,,,,,0.0,
6405,,,,,0.2318840579710145,
6406,,,,,0.16580310880829016,
6407,,,,,0.8591549295774648,
6408,,,,,0.1357983640353794,
6409,,,,,0.13729066121032849,
6410,,,,,0.0,
6411,,,,,0.0,
6412,,,,,0.0,
6413,,,,,0.030303030303030304,
6414,,,,,0.23671497584541062,
6415,,,,,0.0,
6416,,,,,0.018518518518518517,
6417,,,,,0.04964539007092199,
6418,,,,,0.004901960784313725,
6419,,,,,0.0,
6420,,,,,0.1078672607567999,
6421,,,,,0.1089117719013411,
6422,,,,,0.06583072100313479,
6423,,,,,0.1267605633802817,
6424,,,,,0.0335195530726257,
6425,,,,,0.0,
6426,,,,,0.3284313725490196,
6427,,,,,0.040983606557377046,
6428,,,,,0.0,
6429,,,,,0.0,
6430,,,,,0.0,
6431,,,,,0.0,
6432,,,,,0.13466781937886546,
6433,,,,,0.13502212930631852,
6434,,,,,0.0,
6435,,,,,0.0,
6436,,,,,0.07874015748031496,
6437,,,,,0.0,
6438,,,,,0.0,
6439,,,,,0.0,
6440,,,,,0.5353535353535354,
6441,,,,,0.12444444444444444,
6442,,,,,0.0,
6443,,,,,0.0,
6444,,,,,0.15335505752477221,
6445,,,,,0.15583924560193937,
6446,,,,,0.0,
6447,,,,,0.0,
6448,,,,,0.0,
6449,,,,,0.9565217391304348,
6450,,,,,0.0,
6451,,,,,0.0,
6452,,,,,0.011049723756906077,
6453,,,,,0.0,
6454,,,,,0.0,
6455,,,,,0.0,
6456,,,,,0.13965551639289753,
6457,,,,,0.13933678802571003,
6458,,,,,0.0,
6459,,,,,0.8333333333333334,
6460,,,,,0.0,
6461,,,,,0.0,
6462,,,,,0.1111111111111111,
6463,,,,,0.008438818565400843,
6464,,,,,0.0,
6465,,,,,0.0,
6466,,,,,0.011627906976744186,
6467,,,,,0.47549019607843135,
6468,,,,,0.11877369156081666,
6469,,,,,0.11845295020350066,
6470,,,,,0.0,
6471,,,,,0.3656716417910448,
6472,,,,,0.0,
6473,,,,,0.16666666666666666,
6474,,,,,0.0,
6475,,,,,0.5217391304347826,
6476,,,,,0.0,
6477,,,,,0.0,
6478,,,,,0.40487804878048783,
6479,,,,,0.0,
6480,,,,,0.11252244463656315,
6481,,,,,0.11273713942575006,
6482,,,,,0.0,
6483,,,,,0.0,
6484,,,,,0.0,
6485,,,,,0.26666666666666666,
6486,,,,,0.0,
6487,,,,,0.0,
6488,,,,,0.0425531914893617,
6489,,,,,0.0,
6490,,,,,0.0,
6491,,,,,0.0,
6492,,,,,0.1357983640353794,
6493,,,,,0.13326512910615396,
6494,,,,,0.006993006993006993,
6495,,,,,0.9193548387096774,
6496,,,,,0.3130434782608696,
6497,,,,,0.0,
6498,,,,,0.047619047619047616,
6499,,,,,0.039755351681957186,
6500,,,,,0.0,
6501,,,,,0.0,
6502,,,,,0.02197802197802198,
6503,,,,,0.0,
6504,,,,,0.12741903305180555,
6505,,,,,0.12619264728776994,
6506,,,,,0.20652173913043478,
6507,,,,,0.4247787610619469,
6508,,,,,0.0,
6509,,,,,0.0,
6510,,,,,0.0,
6511,,,,,0.04395604395604396,
6512,,,,,0.9,
6513,,,,,0.9560975609756097,
6514,,,,,0.1297709923664122,
6515,,,,,0.08695652173913043,
6516,,,,,0.24798829553767374,
6517,,,,,0.2485376865422681,
6518,,,,,0.04609929078014184,
6519,,,,,0.43157894736842106,
6520,,,,,0.01834862385321101,
6521,,,,,0.39215686274509803,
6522,,,,,0.0,
6523,,,,,0.010638297872340425,
6524,,,,,0.0,
6525,,,,,0.0,
6526,,,,,0.0,
6527,,,,,0.05223880597014925,
6528,,,,,0.09257165658043492,
6529,,,,,0.09163089651491226,
6530,,,,,0.16470588235294117,
6531,,,,,0.5306122448979592,
6532,,,,,0.5211267605633803,
6533,,,,,0.0,
6534,,,,,0.0,
6535,,,,,0.13812154696132597,
6536,,,,,0.0,
6537,,,,,0.0,
6538,,,,,0.0,
6539,,,,,0.1826086956521739,
6540,,,,,0.16552503823901044,
6541,,,,,0.16462424660276226,
6542,,,,,0.0,
6543,,,,,0.152317880794702,
6544,,,,,0.0,
6545,,,,,0.0,
6546,,,,,0.0,
6547,,,,,0.16379310344827586,
6548,,,,,0.10434782608695652,
6549,,,,,0.18359375,
6550,,,,,0.0,
6551,,,,,0.0926517571884984,
6552,,,,,0.12502493848507015,
6553,,,,,0.12508062184462782,
6554,,,,,0.0,
6555,,,,,0.0,
6556,,,,,0.0,
6557,,,,,0.0,
6558,,,,,0.15083798882681565,
6559,,,,,0.0,
6560,,,,,0.7130434782608696,
6561,,,,,0.0,
6562,,,,,0.0,
6563,,,,,0.0,
6564,,,,,0.15734521513599786,
6565,,,,,0.15801881547049795,
6566,,,,,0.08849557522123894,
6567,,,,,0.0,
6568,,,,,0.4725274725274725,
6569,,,,,0.5317073170731708,
6570,,,,,0.5671641791044776,
6571,,,,,0.0,
6572,,,,,0.0,
6573,,,,,0.0,
6574,,,,,0.06622516556291391,
6575,,,,,0.0,
6576,,,,,0.13253973531954513,
6577,,,,,0.13004025532104174,
6578,,,,,0.4253731343283582,
6579,,,,,0.009174311926605505,
6580,,,,,0.0,
6581,,,,,0.0,
6582,,,,,0.0,
6583,,,,,0.0,
6584,,,,,0.010638297872340425,
6585,,,,,0.0,
6586,,,,,0.0,
6587,,,,,0.0,
6588,,,,,0.13214071955842255,
6589,,,,,0.13161933145030358,
6590,,,,,0.02717391304347826,
6591,,,,,0.02912621359223301,
6592,,,,,0.0,
6593,,,,,0.40437158469945356,
6594,,,,,0.0,
6595,,,,,0.0975609756097561,
6596,,,,,0.0,
6597,,,,,0.0,
6598,,,,,0.0,
6599,,,,,0.0,
6600,,,,,0.1346013167520117,
6601,,,,,0.13366545826568513,
6602,,,,,0.0,
6603,,,,,0.16535433070866143,
6604,,,,,0.0,
6605,,,,,0.0,
6606,,,,,0.0,
6607,,,,,0.0,
6608,,,,,0.0,
6609,,,,,0.0,
6610,,,,,1.0,
6611,,,,,0.546448087431694,
6612,,,,,0.16705459865664693,
6613,,,,,0.16595867713453283,
6614,,,,,0.0,
6615,,,,,0.0,
6616,,,,,0.48633879781420764,
6617,,,,,0.0,
6618,,,,,0.0,
6619,,,,,0.0,
6620,,,,,0.0,
6621,,,,,0.009174311926605505,
6622,,,,,0.003134796238244514,
6623,,,,,0.0,
6624,,,,,0.10653720821972468,
6625,,,,,0.10555345506305185,
6626,,,,,0.5052631578947369,
6627,,,,,0.0,
6628,,,,,0.0,
6629,,,,,0.03626943005181347,
6630,,,,,0.0,
6631,,,,,0.0,
6632,,,,,0.0,
6633,,,,,0.7611940298507462,
6634,,,,,0.055865921787709494,
6635,,,,,0.30434782608695654,
6636,,,,,0.1867393762053601,
6637,,,,,0.18604185663767986,
6638,,,,,0.006622516556291391,
6639,,,,,0.017391304347826087,
6640,,,,,0.0,
6641,,,,,0.0,
6642,,,,,0.24,
6643,,,,,0.21678321678321677,
6644,,,,,0.030303030303030304,
6645,,,,,0.0,
6646,,,,,0.0,
6647,,,,,0.25882352941176473,
6648,,,,,0.13792644809469973,
6649,,,,,0.13628983831150057,
6650,,,,,0.02564102564102564,
6651,,,,,0.0,
6652,,,,,0.0,
6653,,,,,0.8809523809523809,
6654,,,,,0.0,
6655,,,,,0.16293929712460065,
6656,,,,,0.8173913043478261,
6657,,,,,0.0,
6658,,,,,0.0,
6659,,,,,0.0,
6660,,,,,0.14584026069029726,
6661,,,,,0.14534172541867757,
6662,,,,,0.8439024390243902,
6663,,,,,0.0,
6664,,,,,0.0,
6665,,,,,0.1005586592178771,
6666,,,,,0.0,
6667,,,,,0.27380952380952384,
6668,,,,,0.0,
6669,,,,,0.24242424242424243,
6670,,,,,0.011627906976744186,
6671,,,,,0.0,
6672,,,,,0.12708651991753675,
6673,,,,,0.12779396392589462,
6674,,,,,0.23300970873786409,
6675,,,,,0.5391304347826087,
6676,,,,,0.0,
6677,,,,,0.0,
6678,,,,,0.22330097087378642,
6679,,,,,0.9903381642512077,
6680,,,,,0.038461538461538464,
6681,,,,,0.3854166666666667,
6682,,,,,0.0078125,
6683,,,,,0.6173913043478261,
6684,,,,,0.20835272993283235,
6685,,,,,0.21148499877677202,
6686,,,,,0.0,
6687,,,,,0.0,
6688,,,,,0.0,
6689,,,,,0.0,
6690,,,,,0.05504587155963303,
6691,,,,,0.0,
6692,,,,,0.0,
6693,,,,,0.0438871473354232,
6694,,,,,0.0,
6695,,,,,0.0,
6696,,,,,0.09336968810268005,
6697,,,,,0.09367702333029379,
6698,,,,,0.09473684210526316,
6699,,,,,0.09782608695652174,
6700,,,,,0.07555555555555556,
6701,,,,,0.9888268156424581,
6702,,,,,0.0,
6703,,,,,0.0,
6704,,,,,0.13095238095238096,
6705,,,,,0.0,
6706,,,,,0.014563106796116505,
6707,,,,,0.007042253521126761,
6708,,,,,0.11332047615880828,
6709,,,,,0.11329315214732114,
6710,,,,,0.8767123287671232,
6711,,,,,0.19148936170212766,
6712,,,,,0.36464088397790057,
6713,,,,,0.0,
6714,,,,,0.0,
6715,,,,,0.020202020202020204,
6716,,,,,0.0,
6717,,,,,0.0,
6718,,,,,0.0,
6719,,,,,0.0,
6720,,,,,0.12788455143978186,
6721,,,,,0.12892822987789962,
6722,,,,,0.06341463414634146,
6723,,,,,0.0035971223021582736,
6724,,,,,0.07142857142857142,
6725,,,,,0.03761755485893417,
6726,,,,,0.3,
6727,,,,,0.0,
6728,,,,,0.0,
6729,,,,,0.0,
6730,,,,,0.0,
6731,,,,,0.8533333333333334,
6732,,,,,0.1645940014630578,
6733,,,,,0.16840513310944555,
6734,,,,,0.6739130434782609,
6735,,,,,0.0,
6736,,,,,0.06299212598425197,
6737,,,,,0.20503597122302158,
6738,,,,,0.010416666666666666,
6739,,,,,0.5,
6740,,,,,0.0,
6741,,,,,0.0,
6742,,,,,0.0,
6743,,,,,0.00558659217877095,
6744,,,,,0.15747822038970538,
6745,,,,,0.15877499277183463,
6746,,,,,0.0,
6747,,,,,0.0,
6748,,,,,0.0,
6749,,,,,0.09696969696969697,
6750,,,,,0.0,
6751,,,,,0.0,
6752,,,,,0.0,
6753,,,,,0.0,
6754,,,,,0.41304347826086957,
6755,,,,,0.0,
6756,,,,,0.1496974130478154,
6757,,,,,0.1508573716166626,
6758,,,,,0.014492753623188406,
6759,,,,,0.0061162079510703364,
6760,,,,,0.0,
6761,,,,,0.0,
6762,,,,,0.12173913043478261,
6763,,,,,0.0,
6764,,,,,0.0,
6765,,,,,0.0,
6766,,,,,0.0,
6767,,,,,0.021739130434782608,
6768,,,,,0.07042628183813261,
6769,,,,,0.06865645085959567,
6770,,,,,0.0,
6771,,,,,0.0,
6772,,,,,0.34782608695652173,
6773,,,,,0.06060606060606061,
6774,,,,,0.0,
6775,,,,,0.05319148936170213,
6776,,,,,0.06382978723404255,
6777,,,,,0.0,
6778,,,,,0.011428571428571429,
6779,,,,,0.0,
6780,,,,,0.21101283500698279,
6781,,,,,0.21333096101238797,
6782,,,,,0.0,
6783,,,,,0.19047619047619047,
6784,,,,,0.5362318840579711,
6785,,,,,0.02912621359223301,
6786,,,,,0.0,
6787,,,,,0.25,
6788,,,,,0.0,
6789,,,,,0.0273972602739726,
6790,,,,,0.0,
6791,,,,,0.0,
6792,,,,,0.09622930105739176,
6793,,,,,0.09567866912794964,
6794,,,,,0.0,
6795,,,,,0.09844559585492228,
6796,,,,,0.0223463687150838,
6797,,,,,0.0,
6798,,,,,0.25862068965517243,
6799,,,,,0.004830917874396135,
6800,,,,,0.0,
6801,,,,,0.0,
6802,,,,,0.057971014492753624,
6803,,,,,0.0,
6804,,,,,0.0936356986100951,
6805,,,,,0.09414407401641349,
6806,,,,,0.0,
6807,,,,,0.9206349206349206,
6808,,,,,0.7759562841530054,
6809,,,,,0.0,
6810,,,,,0.0,
6811,,,,,0.010869565217391304,
6812,,,,,0.12,
6813,,,,,0.0,
6814,,,,,0.03,
6815,,,,,0.0,
6816,,,,,0.21912615548314157,
6817,,,,,0.21660031581522585,
6818,,,,,0.0,
6819,,,,,0.0,
6820,,,,,0.0,
6821,,,,,0.0,
6822,,,,,0.0,
6823,,,,,0.0,
6824,,,,,0.0,
6825,,,,,0.6031746031746031,
6826,,,,,0.0,
6827,,,,,0.0,
6828,,,,,0.11252244463656315,
6829,,,,,0.11262593688143585,
6830,,,,,0.0,
6831,,,,,0.0,
6832,,,,,0.0,
6833,,,,,0.0,
6834,,,,,0.0,
6835,,,,,0.0,
6836,,,,,0.0,
6837,,,,,0.08156028368794327,
6838,,,,,0.178743961352657,
6839,,,,,0.03731343283582089,
6840,,,,,0.08632040965618142,
6841,,,,,0.08582612370171029,
6842,,,,,0.0,
6843,,,,,0.0851063829787234,
6844,,,,,0.0,
6845,,,,,0.0,
6846,,,,,0.0,
6847,,,,,0.0,
6848,,,,,0.5522388059701493,
6849,,,,,0.0,
6850,,,,,0.0,
6851,,,,,0.0,
6852,,,,,0.10015295604176365,
6853,,,,,0.0986144162978449,
6854,,,,,0.2624113475177305,
6855,,,,,0.0,
6856,,,,,0.21739130434782608,
6857,,,,,0.6526315789473685,
6858,,,,,0.0,
6859,,,,,0.0,
6860,,,,,0.9191919191919192,
6861,,,,,0.0851063829787234,
6862,,,,,0.0,
6863,,,,,0.03626943005181347,
6864,,,,,0.15175899448028196,
6865,,,,,0.15399328336632342,
6866,,,,,0.015748031496062992,
6867,,,,,0.5563380281690141,
6868,,,,,0.013888888888888888,
6869,,,,,0.0,
6870,,,,,0.0,
6871,,,,,0.7637362637362637,
6872,,,,,0.0,
6873,,,,,0.0,
6874,,,,,0.05699481865284974,
6875,,,,,0.0,
6876,,,,,0.12761854093236683,
6877,,,,,0.12701554611569513,
6878,,,,,0.006993006993006993,
6879,,,,,0.034782608695652174,
6880,,,,,0.0,
6881,,,,,0.0,
6882,,,,,0.0,
6883,,,,,0.042105263157894736,
6884,,,,,0.0,
6885,,,,,0.0,
6886,,,,,0.0,
6887,,,,,0.0,
6888,,,,,0.09290416971470374,
6889,,,,,0.09096368124902698,
6890,,,,,0.0,
6891,,,,,0.06060606060606061,
6892,,,,,0.024242424242424242,
6893,,,,,0.27184466019417475,
6894,,,,,0.0,
6895,,,,,0.84,
6896,,,,,0.0,
6897,,,,,0.15217391304347827,
6898,,,,,0.3989071038251366,
6899,,,,,0.0,
6900,,,,,0.1485003657644477,
6901,,,,,0.14932277650512643,
6902,,,,,0.0,
6903,,,,,0.0,
6904,,,,,0.7650273224043715,
6905,,,,,0.0,
6906,,,,,0.0,
6907,,,,,0.0,
6908,,,,,0.0,
6909,,,,,0.0,
6910,,,,,0.37894736842105264,
6911,,,,,0.5779816513761468,
6912,,,,,0.21094633238012903,
6913,,,,,0.21264150523763983,
6914,,,,,0.0,
6915,,,,,0.0,
6916,,,,,0.0,
6917,,,,,0.07947019867549669,
6918,,,,,0.019230769230769232,
6919,,,,,0.5952380952380952,
6920,,,,,0.0,
6921,,,,,0.021739130434782608,
6922,,,,,0.0,
6923,,,,,0.0,
6924,,,,,0.09503225377402408,
6925,,,,,0.09652380846473767,
6926,,,,,0.0,
6927,,,,,0.0,
6928,,,,,0.358695652173913,
6929,,,,,0.09411764705882353,
6930,,,,,0.0,
6931,,,,,0.4603174603174603,
6932,,,,,0.0,
6933,,,,,0.06796116504854369,
6934,,,,,0.0,
6935,,,,,0.2956521739130435,
6936,,,,,0.1007514796834475,
6937,,,,,0.1027733914551965,
6938,,,,,0.0,
6939,,,,,0.0,
6940,,,,,0.1276595744680851,
6941,,,,,0.0,
6942,,,,,0.0,
6943,,,,,0.0,
6944,,,,,0.0,
6945,,,,,0.0,
6946,,,,,0.15789473684210525,
6947,,,,,0.0,
6948,,,,,0.12489193323136263,
6949,,,,,0.12688210306251807,
6950,,,,,0.07281553398058252,
6951,,,,,0.0,
6952,,,,,0.08235294117647059,
6953,,,,,0.0,
6954,,,,,0.855072463768116,
6955,,,,,0.0,
6956,,,,,0.2971246006389776,
6957,,,,,0.06349206349206349,
6958,,,,,0.0,
6959,,,,,0.0,
6960,,,,,0.11465052869588349,
6961,,,,,0.11591753219313658,
6962,,,,,0.0,
6963,,,,,0.0,
6964,,,,,0.0,
6965,,,,,0.0,
6966,,,,,0.726027397260274,
6967,,,,,0.0,
6968,,,,,0.14285714285714285,
6969,,,,,0.0,
6970,,,,,0.0,
6971,,,,,0.13714285714285715,
6972,,,,,0.14564075280973598,
6973,,,,,0.14580877610479728,
6974,,,,,0.0,
6975,,,,,0.044444444444444446,
6976,,,,,0.0,
6977,,,,,0.0,
6978,,,,,0.3825136612021858,
6979,,,,,0.0,
6980,,,,,0.0,
6981,,,,,0.0,
6982,,,,,0.031914893617021274,
6983,,,,,0.0,
6984,,,,,0.08186473365697945,
6985,,,,,0.08059960411894224,
6986,,,,,0.0,
6987,,,,,0.7263157894736842,
6988,,,,,0.1390728476821192,
6989,,,,,0.0,
6990,,,,,0.7900552486187845,
6991,,,,,0.0,
6992,,,,,0.08333333333333333,
6993,,,,,0.6201117318435754,
6994,,,,,0.0,
6995,,,,,0.0,
6996,,,,,0.20442907494846047,
6997,,,,,0.20000889620354514,
6998,,,,,0.9224137931034483,
6999,,,,,0.0,
7000,,,,,0.15384615384615385,
7001,,,,,0.0051813471502590676,
7002,,,,,0.0,
7003,,,,,0.0,
7004,,,,,0.0,
7005,,,,,0.0,
7006,,,,,0.0,
7007,,,,,0.0,
7008,,,,,0.12136729400811332,
7009,,,,,0.12065476058092209,
7010,,,,,0.02608695652173913,
7011,,,,,0.1223021582733813,
7012,,,,,0.027472527472527472,
7013,,,,,0.10344827586206896,
7014,,,,,0.0,
7015,,,,,0.6795580110497238,
7016,,,,,0.0,
7017,,,,,0.0,
7018,,,,,0.2857142857142857,
7019,,,,,0.0,
7020,,,,,0.15940679656846446,
7021,,,,,0.15650646086782466,
7022,,,,,0.1340782122905028,
7023,,,,,0.0,
7024,,,,,0.013245033112582781,
7025,,,,,0.0,
7026,,,,,0.031496062992125984,
7027,,,,,0.37333333333333335,
7028,,,,,0.0,
7029,,,,,0.0,
7030,,,,,0.046632124352331605,
7031,,,,,0.0,
7032,,,,,0.13672940081133206,
7033,,,,,0.1383804461446078,
7034,,,,,0.0,
7035,,,,,0.0,
7036,,,,,0.0,
7037,,,,,0.4444444444444444,
7038,,,,,0.0,
7039,,,,,0.7433628318584071,
7040,,,,,0.034782608695652174,
7041,,,,,0.8835616438356164,
7042,,,,,0.0,
7043,,,,,0.13120567375886524,
7044,,,,,0.16599055662698678,
7045,,,,,0.16724862664857773,
7046,,,,,0.0,
7047,,,,,0.034482758620689655,
7048,,,,,0.010416666666666666,
7049,,,,,0.1276595744680851,
7050,,,,,0.043478260869565216,
7051,,,,,0.0,
7052,,,,,0.0,
7053,,,,,0.0,
7054,,,,,0.0,
7055,,,,,0.1497584541062802,
7056,,,,,0.10607168983174835,
7057,,,,,0.10542001200987479,
7058,,,,,0.0,
7059,,,,,0.0,
7060,,,,,0.5492957746478874,
7061,,,,,1.0,
7062,,,,,0.0,
7063,,,,,0.0,
7064,,,,,0.0,
7065,,,,,0.0,
7066,,,,,0.0,
7067,,,,,0.0,
7068,,,,,0.11704462326261887,
7069,,,,,0.1190534439427974,
7070,,,,,0.12682926829268293,
7071,,,,,0.0,
7072,,,,,0.0,
7073,,,,,0.0,
7074,,,,,0.0,
7075,,,,,0.0,
7076,,,,,0.0,
7077,,,,,0.04854368932038835,
7078,,,,,0.0,
7079,,,,,0.0,
7080,,,,,0.15229101549511206,
7081,,,,,0.15492738473856282,
7082,,,,,0.7066666666666667,
7083,,,,,0.0,
7084,,,,,0.0,
7085,,,,,0.0,
7086,,,,,0.42857142857142855,
7087,,,,,0.0,
7088,,,,,0.0,
7089,,,,,0.0,
7090,,,,,0.0,
7091,,,,,0.0,
7092,,,,,0.15548314158409257,
7093,,,,,0.15806329648822365,
7094,,,,,0.12121212121212122,
7095,,,,,0.0,
7096,,,,,0.6637931034482759,
7097,,,,,0.0,
7098,,,,,0.16842105263157894,
7099,,,,,0.0,
7100,,,,,0.0,
7101,,,,,0.3463687150837989,
7102,,,,,0.0,
7103,,,,,0.0,
7104,,,,,0.10620469508545588,
7105,,,,,0.10570913862509174,
7106,,,,,0.08791208791208792,
7107,,,,,0.0,
7108,,,,,0.0,
7109,,,,,0.109717868338558,
7110,,,,,0.0,
7111,,,,,0.0,
7112,,,,,0.0,
7113,,,,,0.5580110497237569,
7114,,,,,0.08391608391608392,
7115,,,,,0.0,
7116,,,,,0.11498304183015229,
7117,,,,,0.11409381046638348,
7118,,,,,0.0,
7119,,,,,0.5970149253731343,
7120,,,,,0.28695652173913044,
7121,,,,,0.13043478260869565,
7122,,,,,0.0,
7123,,,,,0.9964539007092199,
7124,,,,,0.0,
7125,,,,,0.3443708609271523,
7126,,,,,0.0,
7127,,,,,0.0,
7128,,,,,0.12775154618607434,
7129,,,,,0.12734915374863776,
7130,,,,,0.0,
7131,,,,,0.0,
7132,,,,,0.0,
7133,,,,,0.0,
7134,,,,,0.0,
7135,,,,,0.0,
7136,,,,,0.9523809523809523,
7137,,,,,0.0,
7138,,,,,0.08823529411764706,
7139,,,,,0.025510204081632654,
7140,,,,,0.142581631974463,
7141,,,,,0.14256166181082222,
7142,,,,,0.17375886524822695,
7143,,,,,0.8705882352941177,
7144,,,,,0.1073170731707317,
7145,,,,,0.5866666666666667,
7146,,,,,0.0,
7147,,,,,0.03902439024390244,
7148,,,,,0.0,
7149,,,,,0.42857142857142855,
7150,,,,,0.0,
7151,,,,,0.0,
7152,,,,,0.12828356720090445,
7153,,,,,0.12859462224495696,
7154,,,,,0.3028169014084507,
7155,,,,,0.2826086956521739,
7156,,,,,0.753968253968254,
7157,,,,,0.0,
7158,,,,,0.0,
7159,,,,,0.0,
7160,,,,,0.0,
7161,,,,,0.0,
7162,,,,,0.0546875,
7163,,,,,0.0,
7164,,,,,0.10467513466781937,
7165,,,,,0.1047527967439895,
7166,,,,,0.0,
7167,,,,,0.0,
7168,,,,,0.0,
7169,,,,,0.6736842105263158,
7170,,,,,0.0,
7171,,,,,0.22439024390243903,
7172,,,,,0.0,
7173,,,,,0.1978021978021978,
7174,,,,,0.441340782122905,
7175,,,,,0.0,
7176,,,,,0.1557491520915076,
7177,,,,,0.15801881547049795,
7178,,,,,0.5211267605633803,
7179,,,,,0.0,
7180,,,,,0.0,
7181,,,,,0.0,
7182,,,,,0.0,
7183,,,,,0.23893805309734514,
7184,,,,,0.0,
7185,,,,,0.0,
7186,,,,,0.0,
7187,,,,,0.0,
7188,,,,,0.1078672607567999,
7189,,,,,0.10724373373662789,
7190,,,,,0.04145077720207254,
7191,,,,,0.0,
7192,,,,,0.9761904761904762,
7193,,,,,0.0,
7194,,,,,0.0,
7195,,,,,0.17391304347826086,
7196,,,,,0.07262569832402235,
7197,,,,,0.0,
7198,,,,,0.0,
7199,,,,,0.0,
7200,,,,,0.14929839728669284,
7201,,,,,0.15010119431532593,
7202,,,,,0.024390243902439025,
7203,,,,,0.0,
7204,,,,,0.0,
7205,,,,,0.0,
7206,,,,,0.0,
7207,,,,,0.0,
7208,,,,,0.034782608695652174,
7209,,,,,0.0,
7210,,,,,0.022222222222222223,
7211,,,,,0.009404388714733543,
7212,,,,,0.11338697878566203,
7213,,,,,0.11591753219313658,
7214,,,,,0.3137254901960784,
7215,,,,,0.0,
7216,,,,,0.0,
7217,,,,,0.0,
7218,,,,,0.0,
7219,,,,,0.0,
7220,,,,,0.0,
7221,,,,,0.19411764705882353,
7222,,,,,0.7157894736842105,
7223,,,,,0.8940397350993378,
7224,,,,,0.12708651991753675,
7225,,,,,0.1304850654982986,
7226,,,,,0.0,
7227,,,,,0.0,
7228,,,,,0.0,
7229,,,,,0.0,
7230,,,,,0.0,
7231,,,,,0.2462686567164179,
7232,,,,,0.3916083916083916,
7233,,,,,0.0,
7234,,,,,0.004901960784313725,
7235,,,,,0.08823529411764706,
7236,,,,,0.10041896654917869,
7237,,,,,0.1012165558347975,
7238,,,,,0.0,
7239,,,,,0.0,
7240,,,,,0.0,
7241,,,,,0.0,
7242,,,,,0.0,
7243,,,,,0.41545893719806765,
7244,,,,,0.0,
7245,,,,,0.0,
7246,,,,,0.5357142857142857,
7247,,,,,0.9281767955801105,
7248,,,,,0.1661235618806943,
7249,,,,,0.16555834797500166,
7250,,,,,0.0,
7251,,,,,0.2087912087912088,
7252,,,,,0.1836734693877551,
7253,,,,,0.11920529801324503,
7254,,,,,0.25862068965517243,
7255,,,,,0.0,
7256,,,,,0.0,
7257,,,,,0.0,
7258,,,,,0.052980132450331126,
7259,,,,,0.0,
7260,,,,,0.13081066702134733,
7261,,,,,0.12837221715632854,
7262,,,,,0.0,
7263,,,,,0.9365079365079365,
7264,,,,,0.0,
7265,,,,,0.0,
7266,,,,,0.22608695652173913,
7267,,,,,0.07033639143730887,
7268,,,,,0.391304347826087,
7269,,,,,0.0,
7270,,,,,0.41379310344827586,
7271,,,,,0.06796116504854369,
7272,,,,,0.1298796302453947,
7273,,,,,0.12977336921468763,
7274,,,,,0.0,
7275,,,,,0.0,
7276,,,,,0.01079136690647482,
7277,,,,,0.0,
7278,,,,,0.043478260869565216,
7279,,,,,0.0,
7280,,,,,0.043478260869565216,
7281,,,,,0.0,
7282,,,,,0.0970873786407767,
7283,,,,,0.0,
7284,,,,,0.16040433597127088,
7285,,,,,0.1646909681293508,
7286,,,,,0.0,
7287,,,,,0.0,
7288,,,,,0.9668874172185431,
7289,,,,,0.0,
7290,,,,,0.9193548387096774,
7291,,,,,0.0,
7292,,,,,0.0,
7293,,,,,0.0,
7294,,,,,0.08463949843260188,
7295,,,,,0.0,
7296,,,,,0.15827625191195052,
7297,,,,,0.1571959166425728,
7298,,,,,0.07758620689655173,
7299,,,,,0.0,
7300,,,,,0.0,
7301,,,,,0.043478260869565216,
7302,,,,,0.1926605504587156,
7303,,,,,0.0,
7304,,,,,0.3790322580645161,
7305,,,,,0.0,
7306,,,,,0.13829787234042554,
7307,,,,,0.03867403314917127,
7308,,,,,0.09210613819245861,
7309,,,,,0.09260947890487735,
7310,,,,,0.0,
7311,,,,,0.7586206896551724,
7312,,,,,0.0,
7313,,,,,0.9596774193548387,
7314,,,,,0.10526315789473684,
7315,,,,,0.0782122905027933,
7316,,,,,0.0,
7317,,,,,0.9398907103825137,
7318,,,,,0.01098901098901099,
7319,,,,,0.0,
7320,,,,,0.16386247256766642,
7321,,,,,0.16389030981028846,
7322,,,,,0.0,
7323,,,,,0.28421052631578947,
7324,,,,,0.021739130434782608,
7325,,,,,0.5871559633027523,
7326,,,,,0.05737704918032787,
7327,,,,,0.1588235294117647,
7328,,,,,0.0,
7329,,,,,0.0,
7330,,,,,0.00558659217877095,
7331,,,,,0.0,
7332,,,,,0.15295604176364966,
7333,,,,,0.15052376398371994,
7334,,,,,0.0,
7335,,,,,0.0,
7336,,,,,0.007936507936507936,
7337,,,,,0.0,
7338,,,,,0.0,
7339,,,,,0.0,
7340,,,,,0.7052631578947368,
7341,,,,,0.0,
7342,,,,,0.0,
7343,,,,,0.0,
7344,,,,,0.11351998403936955,
7345,,,,,0.1138491648688922,
7346,,,,,0.42063492063492064,
7347,,,,,0.0,
7348,,,,,0.0,
7349,,,,,0.0,
7350,,,,,0.0,
7351,,,,,0.0,
7352,,,,,0.0,
7353,,,,,0.0,
7354,,,,,0.5739130434782609,
7355,,,,,0.0,
7356,,,,,0.11877369156081666,
7357,,,,,0.11954273513777995,
7358,,,,,0.0,
7359,,,,,0.7936507936507936,
7360,,,,,0.0,
7361,,,,,0.4842105263157895,
7362,,,,,0.0,
7363,,,,,0.1232876712328767,
7364,,,,,0.0,
7365,,,,,0.0,
7366,,,,,0.0,
7367,,,,,0.17391304347826086,
7368,,,,,0.13759393496043093,
7369,,,,,0.1383804461446078,
7370,,,,,0.0,
7371,,,,,0.0764525993883792,
7372,,,,,0.0,
7373,,,,,0.5422535211267606,
7374,,,,,0.37681159420289856,
7375,,,,,0.0,
7376,,,,,0.018808777429467086,
7377,,,,,0.0,
7378,,,,,0.18719211822660098,
7379,,,,,0.36885245901639346,
7380,,,,,0.14344616612356187,
7381,,,,,0.14367368725396437,
7382,,,,,0.0,
7383,,,,,0.03414634146341464,
7384,,,,,0.0,
7385,,,,,0.0,
7386,,,,,0.9806763285024155,
7387,,,,,0.0,
7388,,,,,0.0,
7389,,,,,0.8588235294117647,
7390,,,,,0.0,
7391,,,,,0.0,
7392,,,,,0.11717762851632639,
7393,,,,,0.11887551987189467,
7394,,,,,0.0,
7395,,,,,0.05699481865284974,
7396,,,,,0.8,
7397,,,,,0.07339449541284404,
7398,,,,,0.0,
7399,,,,,0.0,
7400,,,,,0.0,
7401,,,,,0.0,
7402,,,,,0.0,
7403,,,,,0.0058823529411764705,
7404,,,,,0.12708651991753675,
7405,,,,,0.13015145786535595,
7406,,,,,0.0,
7407,,,,,0.7430167597765364,
7408,,,,,0.8852459016393442,
7409,,,,,0.0,
7410,,,,,0.0,
7411,,,,,0.34782608695652173,
7412,,,,,0.4105263157894737,
7413,,,,,0.6859903381642513,
7414,,,,,0.042105263157894736,
7415,,,,,0.10497237569060773,
7416,,,,,0.23887743565870853,
7417,,,,,0.23959700197940528,
7418,,,,,0.0,
7419,,,,,0.3492063492063492,
7420,,,,,0.010526315789473684,
7421,,,,,0.09482758620689655,
7422,,,,,0.0,
7423,,,,,0.047619047619047616,
7424,,,,,0.2185430463576159,
7425,,,,,0.04830917874396135,
7426,,,,,0.0,
7427,,,,,0.04918032786885246,
7428,,,,,0.06384252177961029,
7429,,,,,0.06387474145408446,
7430,,,,,0.0,
7431,,,,,0.03864734299516908,
7432,,,,,0.7475728155339806,
7433,,,,,0.20376175548589343,
7434,,,,,0.017543859649122806,
7435,,,,,1.0,
7436,,,,,0.5,
7437,,,,,0.21739130434782608,
7438,,,,,0.0,
7439,,,,,0.0,
7440,,,,,0.18806942874243532,
7441,,,,,0.18904432533416365,
7442,,,,,0.02877697841726619,
7443,,,,,0.0,
7444,,,,,0.6,
7445,,,,,0.0,
7446,,,,,0.0,
7447,,,,,0.0,
7448,,,,,0.0,
7449,,,,,0.30597014925373134,
7450,,,,,0.10869565217391304,
7451,,,,,0.00684931506849315,
7452,,,,,0.1271530225443905,
7453,,,,,0.13024041990080734,
7454,,,,,0.0,
7455,,,,,0.4076086956521739,
7456,,,,,0.25874125874125875,
7457,,,,,0.0,
7458,,,,,0.0,
7459,,,,,0.34146341463414637,
7460,,,,,0.27586206896551724,
7461,,,,,0.0,
7462,,,,,0.0,
7463,,,,,0.5882352941176471,
7464,,,,,0.17097825364101882,
7465,,,,,0.173008918444054,
7466,,,,,0.0,
7467,,,,,0.1702127659574468,
7468,,,,,0.13142857142857142,
7469,,,,,0.1511111111111111,
7470,,,,,0.304635761589404,
7471,,,,,0.0,
7472,,,,,0.0,
7473,,,,,0.0,
7474,,,,,0.0,
7475,,,,,0.0,
7476,,,,,0.15947329919531822,
7477,,,,,0.15868603073638324,
7478,,,,,0.0,
7479,,,,,0.0,
7480,,,,,0.2318840579710145,
7481,,,,,0.0,
7482,,,,,0.0,
7483,,,,,0.0,
7484,,,,,0.14925373134328357,
7485,,,,,0.08,
7486,,,,,0.23414634146341465,
7487,,,,,0.32142857142857145,
7488,,,,,0.12116778612755204,
7489,,,,,0.12065476058092209,
7490,,,,,0.14084507042253522,
7491,,,,,0.0782608695652174,
7492,,,,,0.3191489361702128,
7493,,,,,0.0,
7494,,,,,0.0,
7495,,,,,0.0,
7496,,,,,0.0,
7497,,,,,0.3854166666666667,
7498,,,,,0.0055248618784530384,
7499,,,,,0.24888888888888888,
7500,,,,,0.15109396821174437,
7501,,,,,0.15152458688254788,
7502,,,,,0.0,
7503,,,,,0.0,
7504,,,,,0.2318840579710145,
7505,,,,,0.010362694300518135,
7506,,,,,0.3333333333333333,
7507,,,,,0.0,
7508,,,,,0.0,
7509,,,,,0.09523809523809523,
7510,,,,,0.45901639344262296,
7511,,,,,0.0,
7512,,,,,0.12050275985901443,
7513,,,,,0.1199875453150368,
7514,,,,,0.15217391304347827,
7515,,,,,0.006269592476489028,
7516,,,,,0.0,
7517,,,,,0.0,
7518,,,,,0.11538461538461539,
7519,,,,,0.7945205479452054,
7520,,,,,0.0049261083743842365,
7521,,,,,0.0,
7522,,,,,0.0061162079510703364,
7523,,,,,0.0,
7524,,,,,0.13001263549910222,
7525,,,,,0.1312634833084981,
7526,,,,,0.8,
7527,,,,,0.17582417582417584,
7528,,,,,0.18584070796460178,
7529,,,,,0.0,
7530,,,,,0.0,
7531,,,,,0.0,
7532,,,,,0.0,
7533,,,,,0.3968253968253968,
7534,,,,,0.9841269841269841,
7535,,,,,0.037037037037037035,
7536,,,,,0.17303983507348542,
7537,,,,,0.17574450103418365,
7538,,,,,0.0,
7539,,,,,0.05853658536585366,
7540,,,,,0.0,
7541,,,,,0.12698412698412698,
7542,,,,,0.07746478873239436,
7543,,,,,0.025559105431309903,
7544,,,,,0.0,
7545,,,,,0.7686567164179104,
7546,,,,,0.52,
7547,,,,,0.1111111111111111,
7548,,,,,0.17869255835605508,
7549,,,,,0.179658830594044,
7550,,,,,0.0,
7551,,,,,0.0,
7552,,,,,0.28780487804878047,
7553,,,,,0.0,
7554,,,,,0.43434343434343436,
7555,,,,,0.01834862385321101,
7556,,,,,0.0,
7557,,,,,0.1956521739130435,
7558,,,,,0.009708737864077669,
7559,,,,,0.013245033112582781,
7560,,,,,0.12036975460530691,
7561,,,,,0.12056579854547073,
7562,,,,,0.11731843575418995,
7563,,,,,0.0,
7564,,,,,0.0782608695652174,
7565,,,,,0.43137254901960786,
7566,,,,,0.0,
7567,,,,,0.0,
7568,,,,,0.4647887323943662,
7569,,,,,0.017142857142857144,
7570,,,,,0.02877697841726619,
7571,,,,,0.0,
7572,,,,,0.16599055662698678,
7573,,,,,0.16829393056513134,
7574,,,,,0.0,
7575,,,,,0.0,
7576,,,,,0.0,
7577,,,,,0.05642633228840126,
7578,,,,,0.1958041958041958,
7579,,,,,0.0,
7580,,,,,0.0,
7581,,,,,0.2631578947368421,
7582,,,,,0.0,
7583,,,,,0.0,
7584,,,,,0.120901775620137,
7585,,,,,0.1226341658697151,
7586,,,,,0.0,
7587,,,,,0.010869565217391304,
7588,,,,,0.0,
7589,,,,,0.1262135922330097,
7590,,,,,0.0,
7591,,,,,0.0,
7592,,,,,0.0,
7593,,,,,0.22950819672131148,
7594,,,,,0.0,
7595,,,,,0.0,
7596,,,,,0.18926647602580302,
7597,,,,,0.19111269265840802,
7598,,,,,0.0,
7599,,,,,0.0,
7600,,,,,0.3022222222222222,
7601,,,,,0.4224137931034483,
7602,,,,,0.09174311926605505,
7603,,,,,0.0,
7604,,,,,0.2887323943661972,
7605,,,,,0.0,
7606,,,,,0.0,
7607,,,,,0.0,
7608,,,,,0.1017490190862539,
7609,,,,,0.10372973333629873,
7610,,,,,0.0,
7611,,,,,0.6294117647058823,
7612,,,,,0.0,
7613,,,,,0.0,
7614,,,,,0.0,
7615,,,,,1.0,
7616,,,,,0.8629032258064516,
7617,,,,,0.0,
7618,,,,,0.0,
7619,,,,,0.95,
7620,,,,,0.22564341291481013,
7621,,,,,0.2254075573249116,
7622,,,,,0.3825136612021858,
7623,,,,,0.0,
7624,,,,,0.05952380952380952,
7625,,,,,0.008849557522123894,
7626,,,,,0.2,
7627,,,,,0.030303030303030304,
7628,,,,,0.0,
7629,,,,,0.0,
7630,,,,,0.014492753623188406,
7631,,,,,0.023529411764705882,
7632,,,,,0.07494846046418834,
7633,,,,,0.07530636300958565,
7634,,,,,0.6896551724137931,
7635,,,,,0.0,
7636,,,,,0.6077348066298343,
7637,,,,,0.0,
7638,,,,,0.7368421052631579,
7639,,,,,0.0,
7640,,,,,0.004878048780487805,
7641,,,,,0.054187192118226604,
7642,,,,,0.0,
7643,,,,,0.061452513966480445,
7644,,,,,0.21393895058854825,
7645,,,,,0.21488779663278695,
7646,,,,,0.15760869565217392,
7647,,,,,0.0,
7648,,,,,0.0,
7649,,,,,0.0,
7650,,,,,0.4950980392156863,
7651,,,,,0.0,
7652,,,,,0.16585365853658537,
7653,,,,,0.02666666666666667,
7654,,,,,0.0,
7655,,,,,0.0,
7656,,,,,0.10693622398084725,
7657,,,,,0.10597602473144585,
7658,,,,,0.20388349514563106,
7659,,,,,0.0,
7660,,,,,0.0,
7661,,,,,0.898989898989899,
7662,,,,,0.009708737864077669,
7663,,,,,0.0,
7664,,,,,0.015625,
7665,,,,,0.0,
7666,,,,,0.06018518518518518,
7667,,,,,0.0,
7668,,,,,0.16745361441776951,
7669,,,,,0.16907234837533083,
7670,,,,,0.9919354838709677,
7671,,,,,0.0,
7672,,,,,0.014492753623188406,
7673,,,,,0.0,
7674,,,,,0.0,
7675,,,,,0.32608695652173914,
7676,,,,,0.06043956043956044,
7677,,,,,0.14634146341463414,
7678,,,,,0.0,
7679,,,,,0.0,
7680,,,,,0.13925650063177494,
7681,,,,,0.1385361297066477,
7682,,,,,0.0,
7683,,,,,0.0,
7684,,,,,0.0,
7685,,,,,0.00558659217877095,
7686,,,,,0.03278688524590164,
7687,,,,,0.0,
7688,,,,,0.0,
7689,,,,,0.6205673758865248,
7690,,,,,0.02608695652173913,
7691,,,,,0.7684210526315789,
7692,,,,,0.19498570193522644,
7693,,,,,0.19233592064586438,
7694,,,,,0.0,
7695,,,,,0.06315789473684211,
7696,,,,,0.0,
7697,,,,,0.09313725490196079,
7698,,,,,0.0,
7699,,,,,0.004878048780487805,
7700,,,,,0.0,
7701,,,,,0.0,
7702,,,,,0.0,
7703,,,,,0.0,
7704,,,,,0.10367759526501297,
7705,,,,,0.10130551787024887,
7706,,,,,0.0,
7707,,,,,0.0,
7708,,,,,0.5725806451612904,
7709,,,,,0.0,
7710,,,,,0.0,
7711,,,,,0.0,
7712,,,,,0.03804347826086957,
7713,,,,,0.15121951219512195,
7714,,,,,0.17699115044247787,
7715,,,,,0.0,
7716,,,,,0.12888209084258828,
7717,,,,,0.1286168627538198,
7718,,,,,0.0,
7719,,,,,0.28695652173913044,
7720,,,,,0.01567398119122257,
7721,,,,,0.0,
7722,,,,,0.0,
7723,,,,,0.0,
7724,,,,,0.00558659217877095,
7725,,,,,0.043478260869565216,
7726,,,,,0.23178807947019867,
7727,,,,,0.1950354609929078,
7728,,,,,0.15421959167387111,
7729,,,,,0.15568356203989947,
7730,,,,,0.0,
7731,,,,,0.006060606060606061,
7732,,,,,0.01098901098901099,
7733,,,,,0.028985507246376812,
7734,,,,,0.0,
7735,,,,,0.0,
7736,,,,,0.9263157894736842,
7737,,,,,0.037037037037037035,
7738,,,,,0.20634920634920634,
7739,,,,,0.0,
7740,,,,,0.12854957770831948,
7741,,,,,0.1272601917131864,
7742,,,,,0.33774834437086093,
7743,,,,,0.2537313432835821,
7744,,,,,0.0,
7745,,,,,0.0,
7746,,,,,0.0,
7747,,,,,0.004878048780487805,
7748,,,,,0.020202020202020204,
7749,,,,,0.1391304347826087,
7750,,,,,0.0,
7751,,,,,0.9130434782608695,
7752,,,,,0.18647336569794506,
7753,,,,,0.1895336165291462,
7754,,,,,0.0,
7755,,,,,0.0,
7756,,,,,0.0,
7757,,,,,0.0,
7758,,,,,0.13043478260869565,
7759,,,,,0.0,
7760,,,,,0.0,
7761,,,,,0.0,
7762,,,,,0.046357615894039736,
7763,,,,,0.0,
7764,,,,,0.09410121699807142,
7765,,,,,0.0916531370237751,
7766,,,,,0.0,
7767,,,,,0.0,
7768,,,,,0.0,
7769,,,,,0.0,
7770,,,,,0.0,
7771,,,,,0.9043478260869565,
7772,,,,,0.9841269841269841,
7773,,,,,0.0,
7774,,,,,0.0,
7775,,,,,0.2088888888888889,
7776,,,,,0.18281572122098824,
7777,,,,,0.1842848564375153,
7778,,,,,0.0,
7779,,,,,0.0,
7780,,,,,0.0,
7781,,,,,0.13043478260869565,
7782,,,,,0.0,
7783,,,,,0.0,
7784,,,,,0.04195804195804196,
7785,,,,,0.32608695652173914,
7786,,,,,0.0,
7787,,,,,0.10596026490066225,
7788,,,,,0.14637228170512737,
7789,,,,,0.14500811778573494,
7790,,,,,0.9516129032258065,
7791,,,,,0.7130801687763713,
7792,,,,,0.0,
7793,,,,,0.35714285714285715,
7794,,,,,0.0,
7795,,,,,0.4117647058823529,
7796,,,,,0.8342541436464088,
7797,,,,,0.2569832402234637,
7798,,,,,0.0,
7799,,,,,0.08695652173913043,
7800,,,,,0.15062844982376805,
7801,,,,,0.1534150301358895,
7802,,,,,0.38095238095238093,
7803,,,,,0.0,
7804,,,,,0.31176470588235294,
7805,,,,,0.14925373134328357,
7806,,,,,0.0,
7807,,,,,0.01675977653631285,
7808,,,,,0.0,
7809,,,,,0.0,
7810,,,,,0.0,
7811,,,,,0.0,
7812,,,,,0.14191660570592537,
7813,,,,,0.14162756043858282,
7814,,,,,0.1810344827586207,
7815,,,,,0.0,
7816,,,,,0.0,
7817,,,,,0.40476190476190477,
7818,,,,,0.19047619047619047,
7819,,,,,0.0,
7820,,,,,0.0,
7821,,,,,0.10869565217391304,
7822,,,,,0.0,
7823,,,,,0.20422535211267606,
7824,,,,,0.08332779144776219,
7825,,,,,0.08184507261526144,
7826,,,,,0.0,
7827,,,,,0.0,
7828,,,,,0.0,
7829,,,,,0.006622516556291391,
7830,,,,,0.6,
7831,,,,,0.5454545454545454,
7832,,,,,0.7317073170731707,
7833,,,,,0.2647058823529412,
7834,,,,,0.0030581039755351682,
7835,,,,,0.0,
7836,,,,,0.12708651991753675,
7837,,,,,0.12605920423459288,
7838,,,,,0.0,
7839,,,,,0.007042253521126761,
7840,,,,,0.0,
7841,,,,,0.42105263157894735,
7842,,,,,0.0,
7843,,,,,0.0,
7844,,,,,0.006269592476489028,
7845,,,,,0.0,
7846,,,,,0.0,
7847,,,,,0.0,
7848,,,,,0.15488461794240874,
7849,,,,,0.155750283566488,
7850,,,,,0.3629032258064516,
7851,,,,,0.0,
7852,,,,,0.25196850393700787,
7853,,,,,0.0,
7854,,,,,0.0,
7855,,,,,0.3565217391304348,
7856,,,,,0.0,
7857,,,,,0.9219512195121952,
7858,,,,,0.0,
7859,,,,,0.0,
7860,,,,,0.1792910819977389,
7861,,,,,0.17894713431043302,
7862,,,,,0.0,
7863,,,,,0.0,
7864,,,,,0.0,
7865,,,,,0.0,
7866,,,,,0.0,
7867,,,,,0.0,
7868,,,,,0.0,
7869,,,,,0.0,
7870,,,,,0.04395604395604396,
7871,,,,,0.0,
7872,,,,,0.0827957704329321,
7873,,,,,0.08211195872161554,
7874,,,,,0.17391304347826086,
7875,,,,,0.25217391304347825,
7876,,,,,0.19014084507042253,
7877,,,,,0.0,
7878,,,,,0.1111111111111111,
7879,,,,,0.029411764705882353,
7880,,,,,0.2619047619047619,
7881,,,,,0.34328358208955223,
7882,,,,,0.03278688524590164,
7883,,,,,0.011764705882352941,
7884,,,,,0.12608898051473033,
7885,,,,,0.12621488779663279,
7886,,,,,0.04310344827586207,
7887,,,,,0.0,
7888,,,,,0.0,
7889,,,,,0.3333333333333333,
7890,,,,,0.0,
7891,,,,,0.0,
7892,,,,,0.0,
7893,,,,,0.0,
7894,,,,,0.0,
7895,,,,,0.0,
7896,,,,,0.14278113985502427,
7897,,,,,0.14580877610479728,
7898,,,,,0.0,
7899,,,,,0.0,
7900,,,,,0.0,
7901,,,,,0.7066666666666667,
7902,,,,,0.02127659574468085,
7903,,,,,0.0,
7904,,,,,0.0,
7905,,,,,0.16,
7906,,,,,0.0,
7907,,,,,0.3576158940397351,
7908,,,,,0.15515062844982377,
7909,,,,,0.1542379289638147,
7910,,,,,0.0,
7911,,,,,0.00390625,
7912,,,,,0.0,
7913,,,,,0.0,
7914,,,,,0.989010989010989,
7915,,,,,0.0,
7916,,,,,0.0030581039755351682,
7917,,,,,0.0,
7918,,,,,0.0,
7919,,,,,0.0,
7920,,,,,0.1572787125091441,
7921,,,,,0.16153281587082713,
7922,,,,,0.009708737864077669,
7923,,,,,0.0,
7924,,,,,0.410958904109589,
7925,,,,,0.0,
7926,,,,,0.0,
7927,,,,,0.0051813471502590676,
7928,,,,,0.0,
7929,,,,,0.0,
7930,,,,,0.0,
7931,,,,,0.0,
7932,,,,,0.1095298264281439,
7933,,,,,0.10977915174699197,
7934,,,,,0.45,
7935,,,,,0.0,
7936,,,,,0.0,
7937,,,,,0.0,
7938,,,,,0.16521739130434782,
7939,,,,,0.0,
7940,,,,,0.0,
7941,,,,,0.0,
7942,,,,,0.0,
7943,,,,,0.0,
7944,,,,,0.08612090177562014,
7945,,,,,0.08544803505104197,
7946,,,,,0.31176470588235294,
7947,,,,,0.5434782608695652,
7948,,,,,0.046357615894039736,
7949,,,,,0.2459016393442623,
7950,,,,,0.0,
7951,,,,,0.0,
7952,,,,,0.2265193370165746,
7953,,,,,0.0,
7954,,,,,0.0,
7955,,,,,0.0,
7956,,,,,0.14311365298929307,
7957,,,,,0.1422725351956053,
7958,,,,,0.00975609756097561,
7959,,,,,0.0,
7960,,,,,0.3111111111111111,
7961,,,,,0.0,
7962,,,,,0.22340425531914893,
7963,,,,,0.004629629629629629,
7964,,,,,0.0,
7965,,,,,0.6294117647058823,
7966,,,,,0.004219409282700422,
7967,,,,,0.0,
7968,,,,,0.14344616612356187,
7969,,,,,0.14487467473255788,
7970,,,,,0.04878048780487805,
7971,,,,,0.0,
7972,,,,,0.010869565217391304,
7973,,,,,0.0,
7974,,,,,0.46551724137931033,
7975,,,,,0.3088235294117647,
7976,,,,,0.01834862385321101,
7977,,,,,0.006993006993006993,
7978,,,,,0.4631578947368421,
7979,,,,,0.0,
7980,,,,,0.08751745693954911,
7981,,,,,0.08751640237528635,
7982,,,,,0.0,
7983,,,,,0.0,
7984,,,,,0.0,
7985,,,,,0.0,
7986,,,,,0.0,
7987,,,,,0.0,
7988,,,,,0.0,
7989,,,,,0.07746478873239436,
7990,,,,,0.010638297872340425,
7991,,,,,0.006622516556291391,
7992,,,,,0.1273525304249518,
7993,,,,,0.12657073593843826,
7994,,,,,0.0,
7995,,,,,0.21678321678321677,
7996,,,,,0.0,
7997,,,,,0.00975609756097561,
7998,,,,,0.0,
7999,,,,,0.0,
8000,,,,,0.9609756097560975,
8001,,,,,0.0,
8002,,,,,0.0,
8003,,,,,0.0,
8004,,,,,0.15275653388308838,
8005,,,,,0.15145786535595934,
8006,,,,,0.9882352941176471,
8007,,,,,0.2057142857142857,
8008,,,,,0.0,
8009,,,,,0.06956521739130435,
8010,,,,,0.3285024154589372,
8011,,,,,0.0,
8012,,,,,0.0,
8013,,,,,0.30597014925373134,
8014,,,,,0.1565217391304348,
8015,,,,,0.0,
8016,,,,,0.1349338298862805,
8017,,,,,0.13435491404043323,
8018,,,,,0.0,
8019,,,,,0.0,
8020,,,,,0.0,
8021,,,,,0.0,
8022,,,,,0.0,
8023,,,,,0.0,
8024,,,,,0.0,
8025,,,,,0.5265700483091788,
8026,,,,,0.0,
8027,,,,,0.0,
8028,,,,,0.17190929041697148,
8029,,,,,0.1708738295932211,
8030,,,,,0.0,
8031,,,,,0.0,
8032,,,,,0.0,
8033,,,,,0.0,
8034,,,,,0.0,
8035,,,,,0.28169014084507044,
8036,,,,,0.30097087378640774,
8037,,,,,0.8492063492063492,
8038,,,,,0.3706293706293706,
8039,,,,,0.0,
8040,,,,,0.15149298397286692,
8041,,,,,0.1517025109534506,
8042,,,,,0.5373134328358209,
8043,,,,,0.0,
8044,,,,,0.0,
8045,,,,,0.22950819672131148,
8046,,,,,0.0,
8047,,,,,0.03111111111111111,
8048,,,,,0.0,
8049,,,,,0.0,
8050,,,,,0.0,
8051,,,,,0.00641025641025641,
8052,,,,,0.12588947263416905,
8053,,,,,0.12608144474345573,
8054,,,,,0.3259668508287293,
8055,,,,,0.7936507936507936,
8056,,,,,0.0,
8057,,,,,0.0,
8058,,,,,0.06666666666666667,
8059,,,,,0.05504587155963303,
8060,,,,,0.0,
8061,,,,,0.0,
8062,,,,,0.0,
8063,,,,,0.014634146341463415,
8064,,,,,0.19425417303983508,
8065,,,,,0.19302537642061252,
8066,,,,,0.6438356164383562,
8067,,,,,0.0,
8068,,,,,0.0,
8069,,,,,0.0,
8070,,,,,0.13043478260869565,
8071,,,,,0.0,
8072,,,,,0.008695652173913044,
8073,,,,,0.6235294117647059,
8074,,,,,0.0,
8075,,,,,0.0,
8076,,,,,0.11511604708385981,
8077,,,,,0.11396036741320642,
8078,,,,,0.0,
8079,,,,,0.017391304347826087,
8080,,,,,0.6666666666666666,
8081,,,,,0.05699481865284974,
8082,,,,,0.007874015748031496,
8083,,,,,0.22926829268292684,
8084,,,,,0.0,
8085,,,,,0.0,
8086,,,,,0.10655737704918032,
8087,,,,,0.0,
8088,,,,,0.16173438850834607,
8089,,,,,0.16413495540777973,
8090,,,,,0.0078125,
8091,,,,,0.0,
8092,,,,,0.0,
8093,,,,,0.0,
8094,,,,,0.0,
8095,,,,,0.6507936507936508,
8096,,,,,0.5147058823529411,
8097,,,,,0.08695652173913043,
8098,,,,,0.0,
8099,,,,,0.821256038647343,
8100,,,,,0.14677129746624992,
8101,,,,,0.14676511798589953,
8102,,,,,0.0,
8103,,,,,0.0,
8104,,,,,0.08235294117647059,
8105,,,,,0.0,
8106,,,,,0.0,
8107,,,,,0.024242424242424242,
8108,,,,,0.0,
8109,,,,,0.4105263157894737,
8110,,,,,0.057777777777777775,
8111,,,,,0.0,
8112,,,,,0.11431801556161468,
8113,,,,,0.11195872161555057,
8114,,,,,0.0,
8115,,,,,1.0,
8116,,,,,0.08695652173913043,
8117,,,,,0.0,
8118,,,,,0.11304347826086956,
8119,,,,,0.0,
8120,,,,,0.0,
8121,,,,,0.0,
8122,,,,,0.9170731707317074,
8123,,,,,0.0,
8124,,,,,0.2317616545853561,
8125,,,,,0.2312345706469764,
8126,,,,,0.0,
8127,,,,,0.0,
8128,,,,,0.0,
8129,,,,,0.09574468085106383,
8130,,,,,0.0,
8131,,,,,0.0,
8132,,,,,0.0,
8133,,,,,0.39805825242718446,
8134,,,,,0.06299212598425197,
8135,,,,,0.0,
8136,,,,,0.10314557425018288,
8137,,,,,0.09992660632075262,
8138,,,,,0.0,
8139,,,,,0.0,
8140,,,,,0.0,
8141,,,,,0.014814814814814815,
8142,,,,,0.0,
8143,,,,,0.0,
8144,,,,,0.013986013986013986,
8145,,,,,0.42063492063492064,
8146,,,,,0.0,
8147,,,,,0.0,
8148,,,,,0.15641417836004523,
8149,,,,,0.15861930920979472,
8150,,,,,0.17880794701986755,
8151,,,,,0.0,
8152,,,,,0.6105263157894737,
8153,,,,,0.31896551724137934,
8154,,,,,0.5789473684210527,
8155,,,,,0.06521739130434782,
8156,,,,,0.0,
8157,,,,,0.0,
8158,,,,,0.38095238095238093,
8159,,,,,0.09268292682926829,
8160,,,,,0.15568264946465385,
8161,,,,,0.15592820763739074,
8162,,,,,0.13186813186813187,
8163,,,,,0.6868686868686869,
8164,,,,,0.0070921985815602835,
8165,,,,,0.0,
8166,,,,,0.0,
8167,,,,,0.006060606060606061,
8168,,,,,0.0,
8169,,,,,0.9117647058823529,
8170,,,,,0.0,
8171,,,,,0.08256880733944955,
8172,,,,,0.19412116778612756,
8173,,,,,0.19578319951960502,
8174,,,,,0.0,
8175,,,,,0.7733333333333333,
8176,,,,,0.0,
8177,,,,,0.006060606060606061,
8178,,,,,0.18181818181818182,
8179,,,,,0.0,
8180,,,,,0.0,
8181,,,,,0.0,
8182,,,,,0.0,
8183,,,,,0.017391304347826087,
8184,,,,,0.17310633770033917,
8185,,,,,0.17216377910726596,
8186,,,,,0.0,
8187,,,,,0.15789473684210525,
8188,,,,,0.0,
8189,,,,,0.0,
8190,,,,,0.0,
8191,,,,,0.006269592476489028,
8192,,,,,0.04854368932038835,
8193,,,,,0.08306709265175719,
8194,,,,,0.13526570048309178,
8195,,,,,0.0,
8196,,,,,0.11478353394959101,
8197,,,,,0.1162956208438049,
8198,,,,,0.6526315789473685,
8199,,,,,0.05504587155963303,
8200,,,,,0.0,
8201,,,,,0.0,
8202,,,,,0.4253731343283582,
8203,,,,,0.5941176470588235,
8204,,,,,0.0,
8205,,,,,0.0,
8206,,,,,0.08,
8207,,,,,0.0,
8208,,,,,0.12416040433597127,
8209,,,,,0.12412427996352557,
8210,,,,,1.0,
8211,,,,,0.0,
8212,,,,,0.0,
8213,,,,,0.0,
8214,,,,,0.0,
8215,,,,,0.008695652173913044,
8216,,,,,0.0,
8217,,,,,0.8842105263157894,
8218,,,,,0.021739130434782608,
8219,,,,,0.1786833855799373,
8220,,,,,0.1388574848706524,
8221,,,,,0.14120499077018883,
8222,,,,,0.0,
8223,,,,,0.0,
8224,,,,,0.0410958904109589,
8225,,,,,0.0,
8226,,,,,1.0,
8227,,,,,0.0,
8228,,,,,0.0,
8229,,,,,0.0,
8230,,,,,0.47413793103448276,
8231,,,,,0.0,
8232,,,,,0.18215069495245062,
8233,,,,,0.18388452727798413,
8234,,,,,0.9184782608695652,
8235,,,,,0.0,
8236,,,,,0.0,
8237,,,,,0.391304347826087,
8238,,,,,0.0,
8239,,,,,0.13333333333333333,
8240,,,,,0.19047619047619047,
8241,,,,,0.0,
8242,,,,,0.0,
8243,,,,,0.0,
8244,,,,,0.15920728868790318,
8245,,,,,0.1639125503191513,
8246,,,,,0.0,
8247,,,,,0.03,
8248,,,,,0.0,
8249,,,,,0.033112582781456956,
8250,,,,,0.03296703296703297,
8251,,,,,0.0,
8252,,,,,0.0,
8253,,,,,0.0,
8254,,,,,0.0,
8255,,,,,0.0,
8256,,,,,0.10700272660770101,
8257,,,,,0.11082445566354558,
8258,,,,,0.7066666666666667,
8259,,,,,0.0,
8260,,,,,0.0,
8261,,,,,0.0,
8262,,,,,0.4854368932038835,
8263,,,,,0.0,
8264,,,,,0.0,
8265,,,,,0.006060606060606061,
8266,,,,,0.00975609756097561,
8267,,,,,0.6190476190476191,
8268,,,,,0.1163130943672275,
8269,,,,,0.11660698796788471,
8270,,,,,0.23880597014925373,
8271,,,,,0.0,
8272,,,,,0.0,
8273,,,,,0.0,
8274,,,,,0.09183673469387756,
8275,,,,,0.36328125,
8276,,,,,0.0,
8277,,,,,0.01098901098901099,
8278,,,,,0.14285714285714285,
8279,,,,,0.26285714285714284,
8280,,,,,0.2424685775088116,
8281,,,,,0.2417765718479639,
8282,,,,,0.9435483870967742,
8283,,,,,0.004629629629629629,
8284,,,,,0.17560975609756097,
8285,,,,,0.3157894736842105,
8286,,,,,0.09933774834437085,
8287,,,,,0.0,
8288,,,,,0.0,
8289,,,,,0.05319148936170213,
8290,,,,,0.32167832167832167,
8291,,,,,0.06666666666666667,
8292,,,,,0.14198310833277913,
8293,,,,,0.14460778862620377,
8294,,,,,0.6190476190476191,
8295,,,,,0.7582417582417582,
8296,,,,,0.0,
8297,,,,,0.01,
8298,,,,,0.0,
8299,,,,,0.0,
8300,,,,,0.0,
8301,,,,,0.10362694300518134,
8302,,,,,0.0,
8303,,,,,0.7964601769911505,
8304,,,,,0.15109396821174437,
8305,,,,,0.15136890332050798,
8306,,,,,0.0,
8307,,,,,0.0,
8308,,,,,0.48,
8309,,,,,0.027972027972027972,
8310,,,,,0.0,
8311,,,,,0.0,
8312,,,,,0.0,
8313,,,,,0.0,
8314,,,,,0.0,
8315,,,,,0.0,
8316,,,,,0.11897319944137794,
8317,,,,,0.12272312790516647,
8318,,,,,0.27380952380952384,
8319,,,,,0.0,
8320,,,,,0.21359223300970873,
8321,,,,,0.0,
8322,,,,,0.0,
8323,,,,,0.03761755485893417,
8324,,,,,0.664179104477612,
8325,,,,,0.028985507246376812,
8326,,,,,0.0,
8327,,,,,0.3548387096774194,
8328,,,,,0.12775154618607434,
8329,,,,,0.12881702733358538,
8330,,,,,0.75,
8331,,,,,0.3793103448275862,
8332,,,,,0.9444444444444444,
8333,,,,,0.0,
8334,,,,,0.017543859649122806,
8335,,,,,0.0,
8336,,,,,0.3575418994413408,
8337,,,,,0.0,
8338,,,,,0.23076923076923078,
8339,,,,,0.0,
8340,,,,,0.16891667220855225,
8341,,,,,0.1705179814514156,
8342,,,,,0.027522935779816515,
8343,,,,,0.0,
8344,,,,,0.0,
8345,,,,,0.017391304347826087,
8346,,,,,0.0,
8347,,,,,0.16521739130434782,
8348,,,,,0.08609271523178808,
8349,,,,,0.0,
8350,,,,,0.0,
8351,,,,,0.0,
8352,,,,,0.09729334308705194,
8353,,,,,0.09808064408513667,
8354,,,,,0.0,
8355,,,,,0.0,
8356,,,,,0.0,
8357,,,,,0.994413407821229,
8358,,,,,0.9344262295081968,
8359,,,,,0.0,
8360,,,,,0.14009661835748793,
8361,,,,,0.0,
8362,,,,,0.0,
8363,,,,,0.0,
8364,,,,,0.15142648134601316,
8365,,,,,0.14985654871783466,
8366,,,,,0.2112676056338028,
8367,,,,,0.1391304347826087,
8368,,,,,0.02109704641350211,
8369,,,,,0.0,
8370,,,,,0.0,
8371,,,,,0.04878048780487805,
8372,,,,,0.0,
8373,,,,,0.0,
8374,,,,,0.19902912621359223,
8375,,,,,0.09565217391304348,
8376,,,,,0.1649265145973266,
8377,,,,,0.1657807530636301,
8378,,,,,0.4859154929577465,
8379,,,,,0.0,
8380,,,,,0.0,
8381,,,,,0.0,
8382,,,,,0.12135922330097088,
8383,,,,,0.1111111111111111,
8384,,,,,0.0,
8385,,,,,0.29777777777777775,
8386,,,,,0.0,
8387,,,,,0.5039370078740157,
8388,,,,,0.13200771430471503,
8389,,,,,0.13388786335431355,
8390,,,,,0.0,
8391,,,,,0.4362745098039216,
8392,,,,,0.0,
8393,,,,,0.0,
8394,,,,,0.0,
8395,,,,,0.0,
8396,,,,,0.7578947368421053,
8397,,,,,0.6338797814207651,
8398,,,,,0.0,
8399,,,,,0.0,
8400,,,,,0.2146704794839396,
8401,,,,,0.21410937882258746,
8402,,,,,0.24,
8403,,,,,0.0,
8404,,,,,0.0,
8405,,,,,0.0,
8406,,,,,0.0,
8407,,,,,0.0,
8408,,,,,0.0,
8409,,,,,0.0,
8410,,,,,0.0,
8411,,,,,0.0,
8412,,,,,0.0750149630910421,
8413,,,,,0.07312679314102706,
8414,,,,,0.12173913043478261,
8415,,,,,0.0,
8416,,,,,0.0,
8417,,,,,0.028985507246376812,
8418,,,,,0.0,
8419,,,,,0.0,
8420,,,,,0.86,
8421,,,,,0.015544041450777202,
8422,,,,,0.7936507936507936,
8423,,,,,0.0,
8424,,,,,0.1505619471969143,
8425,,,,,0.1508573716166626,
8426,,,,,0.0,
8427,,,,,0.26666666666666666,
8428,,,,,0.0070921985815602835,
8429,,,,,0.06060606060606061,
8430,,,,,0.011764705882352941,
8431,,,,,0.0,
8432,,,,,0.05699481865284974,
8433,,,,,0.9735099337748344,
8434,,,,,0.0392156862745098,
8435,,,,,0.05319148936170213,
8436,,,,,0.16346345680654387,
8437,,,,,0.16604763916998422,
8438,,,,,0.0,
8439,,,,,0.0,
8440,,,,,0.0,
8441,,,,,0.03428571428571429,
8442,,,,,0.7391304347826086,
8443,,,,,0.07210031347962383,
8444,,,,,0.0,
8445,,,,,0.0,
8446,,,,,0.09803921568627451,
8447,,,,,0.0,
8448,,,,,0.19924187005386712,
8449,,,,,0.19538287036007385,
8450,,,,,0.0,
8451,,,,,0.0,
8452,,,,,0.29473684210526313,
8453,,,,,0.0,
8454,,,,,0.0,
8455,,,,,0.0,
8456,,,,,0.0,
8457,,,,,0.1642512077294686,
8458,,,,,0.39285714285714285,
8459,,,,,0.5079365079365079,
8460,,,,,0.12169980714238213,
8461,,,,,0.1223227987456353,
8462,,,,,0.5774647887323944,
8463,,,,,0.0,
8464,,,,,0.0,
8465,,,,,0.040983606557377046,
8466,,,,,0.0,
8467,,,,,0.0,
8468,,,,,0.3864734299516908,
8469,,,,,0.0851063829787234,
8470,,,,,0.30434782608695654,
8471,,,,,0.023622047244094488,
8472,,,,,0.18281572122098824,
8473,,,,,0.1823054511487223,
8474,,,,,0.0,
8475,,,,,0.0,
8476,,,,,0.047058823529411764,
8477,,,,,0.0,
8478,,,,,0.0,
8479,,,,,0.08823529411764706,
8480,,,,,0.0,
8481,,,,,0.0,
8482,,,,,0.05217391304347826,
8483,,,,,0.5172413793103449,
8484,,,,,0.14351266875041563,
8485,,,,,0.14632030780864266,
8486,,,,,0.30434782608695654,
8487,,,,,0.0,
8488,,,,,0.4365079365079365,
8489,,,,,0.0,
8490,,,,,0.0,
8491,,,,,0.17218543046357615,
8492,,,,,0.0,
8493,,,,,0.043478260869565216,
8494,,,,,0.6260869565217392,
8495,,,,,0.0,
8496,,,,,0.11757664427744896,
8497,,,,,0.11851967173008919,
8498,,,,,0.14388489208633093,
8499,,,,,0.45774647887323944,
8500,,,,,0.0,
8501,,,,,0.25,
8502,,,,,0.0,
8503,,,,,0.6225490196078431,
8504,,,,,0.0,
8505,,,,,0.03296703296703297,
8506,,,,,0.0,
8507,,,,,0.7681159420289855,
8508,,,,,0.15348806277847976,
8509,,,,,0.15392656183973488,
8510,,,,,0.8448275862068966,
8511,,,,,0.0,
8512,,,,,0.0,
8513,,,,,0.0051813471502590676,
8514,,,,,0.0,
8515,,,,,0.1987179487179487,
8516,,,,,0.8585858585858586,
8517,,,,,0.34965034965034963,
8518,,,,,0.34782608695652173,
8519,,,,,0.5652173913043478,
8520,,,,,0.2182616213340427,
8521,,,,,0.21640015123546028,
8522,,,,,0.0,
8523,,,,,0.8013698630136986,
8524,,,,,0.0,
8525,,,,,0.0051813471502590676,
8526,,,,,0.0,
8527,,,,,0.0,
8528,,,,,0.09523809523809523,
8529,,,,,0.0,
8530,,,,,0.5869565217391305,
8531,,,,,0.0,
8532,,,,,0.19392165990556626,
8533,,,,,0.19435980695238306,
8534,,,,,0.0,
8535,,,,,0.0,
8536,,,,,0.02197802197802198,
8537,,,,,0.0,
8538,,,,,0.0,
8539,,,,,0.9469026548672567,
8540,,,,,0.02608695652173913,
8541,,,,,0.0,
8542,,,,,1.0,
8543,,,,,0.0,
8544,,,,,0.15834275453880428,
8545,,,,,0.15993149923270245,
8546,,,,,0.10666666666666667,
8547,,,,,0.0,
8548,,,,,0.6,
8549,,,,,0.0,
8550,,,,,0.0,
8551,,,,,0.3333333333333333,
8552,,,,,0.0,
8553,,,,,0.0,
8554,,,,,0.1702127659574468,
8555,,,,,0.0,
8556,,,,,0.11977123096362306,
8557,,,,,0.11903120343393457,
8558,,,,,0.9920634920634921,
8559,,,,,0.0,
8560,,,,,0.0,
8561,,,,,0.043478260869565216,
8562,,,,,0.3333333333333333,
8563,,,,,0.0,
8564,,,,,0.0,
8565,,,,,0.0,
8566,,,,,0.0,
8567,,,,,0.0,
8568,,,,,0.14790184212276386,
8569,,,,,0.1475880168138247,
8570,,,,,0.009708737864077669,
8571,,,,,0.0,
8572,,,,,0.0,
8573,,,,,0.0,
8574,,,,,0.0,
8575,,,,,0.0,
8576,,,,,0.01020408163265306,
8577,,,,,0.0,
8578,,,,,0.03669724770642202,
8579,,,,,0.0,
8580,,,,,0.19764580700937687,
8581,,,,,0.19662833885639303,
8582,,,,,0.0,
8583,,,,,0.532258064516129,
8584,,,,,0.09701492537313433,
8585,,,,,0.0,
8586,,,,,0.8543046357615894,
8587,,,,,0.453551912568306,
8588,,,,,0.0,
8589,,,,,0.0,
8590,,,,,0.0,
8591,,,,,0.08080808080808081,
8592,,,,,0.11664560750149632,
8593,,,,,0.11825278562373508,
8594,,,,,0.9826086956521739,
8595,,,,,0.0,
8596,,,,,0.0,
8597,,,,,0.0,
8598,,,,,0.25120772946859904,
8599,,,,,0.0,
8600,,,,,0.1048951048951049,
8601,,,,,0.0,
8602,,,,,0.004901960784313725,
8603,,,,,0.0,
8604,,,,,0.22497838664627254,
8605,,,,,0.22496274714765474,
8606,,,,,0.0,
8607,,,,,0.03,
8608,,,,,0.02072538860103627,
8609,,,,,0.0,
8610,,,,,0.1826086956521739,
8611,,,,,0.0,
8612,,,,,0.08695652173913043,
8613,,,,,0.0,
8614,,,,,0.0,
8615,,,,,0.0,
8616,,,,,0.11923920994879297,
8617,,,,,0.11992082378844827,
8618,,,,,1.0,
8619,,,,,0.0111731843575419,
8620,,,,,0.0,
8621,,,,,0.0,
8622,,,,,0.0,
8623,,,,,0.0,
8624,,,,,0.9853658536585366,
8625,,,,,0.19,
8626,,,,,0.8951612903225806,
8627,,,,,0.36619718309859156,
8628,,,,,0.19525171244264147,
8629,,,,,0.1971398705602384,
8630,,,,,0.0,
8631,,,,,0.0,
8632,,,,,0.02608695652173913,
8633,,,,,0.0,
8634,,,,,0.04225352112676056,
8635,,,,,0.8352941176470589,
8636,,,,,0.34328358208955223,
8637,,,,,0.0,
8638,,,,,0.37823834196891193,
8639,,,,,0.09785932721712538,
8640,,,,,0.20170246724745627,
8641,,,,,0.20096523808464736,
8642,,,,,0.04316546762589928,
8643,,,,,0.9902439024390244,
8644,,,,,0.0,
8645,,,,,1.0,
8646,,,,,0.02,
8647,,,,,0.0,
8648,,,,,0.1390728476821192,
8649,,,,,0.0,
8650,,,,,0.0,
8651,,,,,0.0547945205479452,
8652,,,,,0.26069029726674203,
8653,,,,,0.2631052198474301,
8654,,,,,0.0,
8655,,,,,0.39285714285714285,
8656,,,,,0.12941176470588237,
8657,,,,,0.0,
8658,,,,,0.0,
8659,,,,,0.0,
8660,,,,,0.0,
8661,,,,,0.0,
8662,,,,,0.0,
8663,,,,,0.0,
8664,,,,,0.06949524506217995,
8665,,,,,0.06678824811511687,
8666,,,,,0.0,
8667,,,,,0.23275862068965517,
8668,,,,,0.39805825242718446,
8669,,,,,0.5368421052631579,
8670,,,,,0.0,
8671,,,,,0.00390625,
8672,,,,,0.0,
8673,,,,,0.0,
8674,,,,,0.5212765957446809,
8675,,,,,0.5,
8676,,,,,0.20974928509676133,
8677,,,,,0.21081778351088673,
8678,,,,,0.0,
8679,,,,,0.017391304347826087,
8680,,,,,0.2624113475177305,
8681,,,,,0.05504587155963303,
8682,,,,,0.0,
8683,,,,,0.0,
8684,,,,,0.0,
8685,,,,,0.0,
8686,,,,,0.56,
8687,,,,,0.363013698630137,
8688,,,,,0.1916605705925384,
8689,,,,,0.19309209794720103,
8690,,,,,0.023529411764705882,
8691,,,,,0.0,
8692,,,,,0.0,
8693,,,,,0.35294117647058826,
8694,,,,,0.0,
8695,,,,,0.0,
8696,,,,,0.7615894039735099,
8697,,,,,0.046632124352331605,
8698,,,,,0.0,
8699,,,,,0.00390625,
8700,,,,,0.17802753208751745,
8701,,,,,0.17839112158886195,
8702,,,,,0.3687150837988827,
8703,,,,,0.0,
8704,,,,,0.0,
8705,,,,,0.0,
8706,,,,,0.0,
8707,,,,,0.1024390243902439,
8708,,,,,0.0,
8709,,,,,0.16783216783216784,
8710,,,,,0.30597014925373134,
8711,,,,,0.0,
8712,,,,,0.11325397353195452,
8713,,,,,0.11231456975735604,
8714,,,,,0.1524822695035461,
8715,,,,,0.7845303867403315,
8716,,,,,0.0,
8717,,,,,0.0,
8718,,,,,0.0,
8719,,,,,0.0,
8720,,,,,0.0,
8721,,,,,0.07766990291262135,
8722,,,,,0.4888888888888889,
8723,,,,,0.0,
8724,,,,,0.15614816785263017,
8725,,,,,0.15643973934123612,
8726,,,,,0.15217391304347827,
8727,,,,,0.5941176470588235,
8728,,,,,0.25862068965517243,
8729,,,,,0.0,
8730,,,,,0.0,
8731,,,,,0.5211267605633803,
8732,,,,,0.0,
8733,,,,,0.2361111111111111,
8734,,,,,0.7899686520376176,
8735,,,,,0.008438818565400843,
8736,,,,,0.22364833410919732,
8737,,,,,0.22732024108711607,
8738,,,,,0.0,
8739,,,,,0.7598039215686274,
8740,,,,,0.22340425531914893,
8741,,,,,0.0,
8742,,,,,0.05907172995780591,
8743,,,,,0.016304347826086956,
8744,,,,,0.0,
8745,,,,,0.0,
8746,,,,,0.047058823529411764,
8747,,,,,0.0,
8748,,,,,0.19777881226308439,
8749,,,,,0.19736227564886685,
8750,,,,,0.021406727828746176,
8751,,,,,0.0,
8752,,,,,0.0,
8753,,,,,0.2553191489361702,
8754,,,,,0.17218543046357615,
8755,,,,,0.0,
8756,,,,,0.0,
8757,,,,,0.0,
8758,,,,,0.0,
8759,,,,,0.0,
8760,,,,,0.10420961627984306,
8761,,,,,0.10272891043747082,
8762,,,,,0.0,
8763,,,,,0.7362637362637363,
8764,,,,,0.12539184952978055,
8765,,,,,0.0,
8766,,,,,0.9292929292929293,
8767,,,,,0.9347826086956522,
8768,,,,,0.09859154929577464,
8769,,,,,0.0,
8770,,,,,0.0,
8771,,,,,0.047619047619047616,
8772,,,,,0.2578306843120303,
8773,,,,,0.26132597913840266,
8774,,,,,0.4880952380952381,
8775,,,,,0.0,
8776,,,,,0.43,
8777,,,,,0.06060606060606061,
8778,,,,,0.7107843137254902,
8779,,,,,0.0,
8780,,,,,0.0,
8781,,,,,0.0,
8782,,,,,0.29333333333333333,
8783,,,,,0.0,
8784,,,,,0.13353727472235152,
8785,,,,,0.13330961012387962,
8786,,,,,0.7019867549668874,
8787,,,,,0.39552238805970147,
8788,,,,,0.36893203883495146,
8789,,,,,0.0,
8790,,,,,0.2967032967032967,
8791,,,,,0.42028985507246375,
8792,,,,,0.4523809523809524,
8793,,,,,0.9026548672566371,
8794,,,,,0.7990196078431373,
8795,,,,,0.0,
8796,,,,,0.24911884019418767,
8797,,,,,0.24847096501567956,
8798,,,,,0.0,
8799,,,,,0.0,
8800,,,,,0.15942028985507245,
8801,,,,,0.09239130434782608,
8802,,,,,0.4294117647058823,
8803,,,,,0.0,
8804,,,,,0.0,
8805,,,,,0.0,
8806,,,,,0.03333333333333333,
8807,,,,,0.46017699115044247,
8808,,,,,0.1540865864201636,
8809,,,,,0.15168027044458776,
8810,,,,,0.0,
8811,,,,,0.0,
8812,,,,,0.5522388059701493,
8813,,,,,0.0,
8814,,,,,0.04918032786885246,
8815,,,,,0.36283185840707965,
8816,,,,,0.5314285714285715,
8817,,,,,0.0,
8818,,,,,0.06521739130434782,
8819,,,,,0.0,
8820,,,,,0.1927246126221986,
8821,,,,,0.19278073082312122,
8822,,,,,0.038834951456310676,
8823,,,,,0.34782608695652173,
8824,,,,,0.00390625,
8825,,,,,0.0,
8826,,,,,0.532258064516129,
8827,,,,,0.2608695652173913,
8828,,,,,0.0,
8829,,,,,0.0,
8830,,,,,0.9739130434782609,
8831,,,,,0.0,
8832,,,,,0.19026401542860943,
8833,,,,,0.18942241398483198,
8834,,,,,0.0,
8835,,,,,0.0,
8836,,,,,0.0,
8837,,,,,0.0,
8838,,,,,0.0,
8839,,,,,0.9435483870967742,
8840,,,,,0.06341463414634146,
8841,,,,,0.0,
8842,,,,,0.0,
8843,,,,,0.0,
8844,,,,,0.1122564341291481,
8845,,,,,0.11458310166136601,
8846,,,,,0.0,
8847,,,,,0.017543859649122806,
8848,,,,,0.0,
8849,,,,,0.9435483870967742,
8850,,,,,0.019417475728155338,
8851,,,,,0.2857142857142857,
8852,,,,,0.07758620689655173,
8853,,,,,0.043478260869565216,
8854,,,,,0.0,
8855,,,,,0.3076923076923077,
8856,,,,,0.1661235618806943,
8857,,,,,0.1658919556079443,
8858,,,,,0.5434782608695652,
8859,,,,,0.24503311258278146,
8860,,,,,0.0,
8861,,,,,0.18032786885245902,
8862,,,,,0.08235294117647059,
8863,,,,,0.1826086956521739,
8864,,,,,0.8571428571428571,
8865,,,,,0.47619047619047616,
8866,,,,,0.3805970149253731,
8867,,,,,0.48,
8868,,,,,0.22883553900379064,
8869,,,,,0.2288993172163779,
8870,,,,,0.01,
8871,,,,,0.0,
8872,,,,,0.684931506849315,
8873,,,,,0.5683060109289617,
8874,,,,,0.0,
8875,,,,,0.009708737864077669,
8876,,,,,0.28,
8877,,,,,0.9696969696969697,
8878,,,,,0.0,
8879,,,,,0.0,
8880,,,,,0.17417037972999933,
8881,,,,,0.17276427284656273,
8882,,,,,0.014814814814814815,
8883,,,,,0.0,
8884,,,,,0.006622516556291391,
8885,,,,,0.0,
8886,,,,,0.5915492957746479,
8887,,,,,0.0,
8888,,,,,0.0,
8889,,,,,0.0,
8890,,,,,0.0,
8891,,,,,0.29850746268656714,
8892,,,,,0.10401010839928178,
8893,,,,,0.10486399928830371,
8894,,,,,0.0,
8895,,,,,0.24705882352941178,
8896,,,,,0.45652173913043476,
8897,,,,,0.0,
8898,,,,,0.4039408866995074,
8899,,,,,0.0061162079510703364,
8900,,,,,0.9205298013245033,
8901,,,,,0.22330097087378642,
8902,,,,,0.030303030303030304,
8903,,,,,0.12631578947368421,
8904,,,,,0.14683780009310368,
8905,,,,,0.1468540800213509,
8906,,,,,0.21739130434782608,
8907,,,,,0.0,
8908,,,,,1.0,
8909,,,,,0.017391304347826087,
8910,,,,,0.0,
8911,,,,,0.14084507042253522,
8912,,,,,0.0,
8913,,,,,0.2119205298013245,
8914,,,,,0.0,
8915,,,,,0.0,
8916,,,,,0.11824167054598657,
8917,,,,,0.11674043102106176,
8918,,,,,0.0,
8919,,,,,0.0,
8920,,,,,0.0,
8921,,,,,0.11176470588235295,
8922,,,,,0.6377952755905512,
8923,,,,,0.11194029850746269,
8924,,,,,0.11188811188811189,
8925,,,,,0.0,
8926,,,,,0.0,
8927,,,,,0.0,
8928,,,,,0.17663097692358848,
8929,,,,,0.18017036229788938,
8930,,,,,0.0,
8931,,,,,0.0,
8932,,,,,0.0,
8933,,,,,0.07272727272727272,
8934,,,,,0.5,
8935,,,,,0.08287292817679558,
8936,,,,,0.0,
8937,,,,,0.0,
8938,,,,,0.09090909090909091,
8939,,,,,0.0,
8940,,,,,0.14690430271995744,
8941,,,,,0.14847763716833842,
8942,,,,,0.0,
8943,,,,,0.0,
8944,,,,,0.1941747572815534,
8945,,,,,1.0,
8946,,,,,0.0,
8947,,,,,0.24878048780487805,
8948,,,,,0.0,
8949,,,,,0.0,
8950,,,,,0.0,
8951,,,,,0.07246376811594203,
8952,,,,,0.1566136862406065,
8953,,,,,0.1568400685007673,
8954,,,,,0.0,
8955,,,,,0.0,
8956,,,,,0.0,
8957,,,,,0.0,
8958,,,,,0.0,
8959,,,,,0.0,
8960,,,,,0.0,
8961,,,,,0.0,
8962,,,,,0.0,
8963,,,,,0.01764705882352941,
8964,,,,,0.13041165126022478,
8965,,,,,0.13159709094144073,
8966,,,,,0.528169014084507,
8967,,,,,0.0,
8968,,,,,0.19889502762430938,
8969,,,,,0.9104477611940298,
8970,,,,,0.02,
8971,,,,,0.0,
8972,,,,,0.3473684210526316,
8973,,,,,0.0,
8974,,,,,0.0,
8975,,,,,0.11330049261083744,
8976,,,,,0.2086187404402474,
8977,,,,,0.2127304672730912,
8978,,,,,0.1073170731707317,
8979,,,,,0.0,
8980,,,,,0.08823529411764706,
8981,,,,,0.0,
8982,,,,,0.0,
8983,,,,,0.0,
8984,,,,,0.0,
8985,,,,,0.0,
8986,,,,,0.0,
8987,,,,,0.0,
8988,,,,,0.10906430804016759,
8989,,,,,0.10882280986588973,
8990,,,,,0.0,
8991,,,,,0.0,
8992,,,,,0.08695652173913043,
8993,,,,,0.0,
8994,,,,,0.02109704641350211,
8995,,,,,0.0,
8996,,,,,0.0,
8997,,,,,0.0,
8998,,,,,0.0,
8999,,,,,0.05263157894736842,
9000,,,,,0.20170246724745627,
9001,,,,,0.20403442830771967,
9002,,,,,0.2916666666666667,
9003,,,,,0.0,
9004,,,,,0.0,
9005,,,,,0.043478260869565216,
9006,,,,,0.0,
9007,,,,,0.02608695652173913,
9008,,,,,0.0,
9009,,,,,0.0,
9010,,,,,0.029535864978902954,
9011,,,,,0.32038834951456313,
9012,,,,,0.2155350136330385,
9013,,,,,0.21744545515201388,
9014,,,,,0.14583333333333334,
9015,,,,,0.0,
9016,,,,,0.8666666666666667,
9017,,,,,0.0,
9018,,,,,0.0,
9019,,,,,0.008695652173913044,
9020,,,,,0.0,
9021,,,,,0.22629969418960244,
9022,,,,,0.0,
9023,,,,,0.00975609756097561,
9024,,,,,0.11185741836802554,
9025,,,,,0.11287058247892712,
9026,,,,,0.0,
9027,,,,,0.0,
9028,,,,,0.0,
9029,,,,,0.8533333333333334,
9030,,,,,0.5238095238095238,
9031,,,,,0.0,
9032,,,,,0.0,
9033,,,,,0.0,
9034,,,,,0.9285714285714286,
9035,,,,,0.8470588235294118,
9036,,,,,0.22398084724346612,
9037,,,,,0.22500722816538044,
9038,,,,,0.0,
9039,,,,,0.6666666666666666,
9040,,,,,0.0,
9041,,,,,0.0,
9042,,,,,0.0,
9043,,,,,0.0,
9044,,,,,0.0,
9045,,,,,0.5099337748344371,
9046,,,,,0.5853658536585366,
9047,,,,,0.0,
9048,,,,,0.16306444104542128,
9049,,,,,0.16264484131396925,
9050,,,,,0.22926829268292684,
9051,,,,,0.0,
9052,,,,,0.0,
9053,,,,,0.0,
9054,,,,,0.0,
9055,,,,,0.0,
9056,,,,,0.10344827586206896,
9057,,,,,0.6338028169014085,
9058,,,,,0.6617647058823529,
9059,,,,,0.0,
9060,,,,,0.17623196116246592,
9061,,,,,0.17723461512799413,
9062,,,,,0.0,
9063,,,,,0.0,
9064,,,,,0.08421052631578947,
9065,,,,,0.0,
9066,,,,,0.02158273381294964,
9067,,,,,0.0,
9068,,,,,0.0,
9069,,,,,0.02926829268292683,
9070,,,,,0.0,
9071,,,,,0.0,
9072,,,,,0.14012103478087384,
9073,,,,,0.14118275026132598,
9074,,,,,0.008695652173913044,
9075,,,,,0.0,
9076,,,,,0.0,
9077,,,,,0.0,
9078,,,,,0.01529051987767584,
9079,,,,,0.0,
9080,,,,,0.08823529411764706,
9081,,,,,0.008849557522123894,
9082,,,,,0.0,
9083,,,,,0.28431372549019607,
9084,,,,,0.16665558289552437,
9085,,,,,0.1644908035495852,
9086,,,,,0.0,
9087,,,,,0.0,
9088,,,,,0.0,
9089,,,,,0.0,
9090,,,,,0.0,
9091,,,,,0.9294117647058824,
9092,,,,,0.0,
9093,,,,,0.0,
9094,,,,,0.0,
9095,,,,,0.2608695652173913,
9096,,,,,0.18693888408592138,
9097,,,,,0.18737628716945043,
9098,,,,,0.5733333333333334,
9099,,,,,0.0,
9100,,,,,0.0,
9101,,,,,0.0,
9102,,,,,0.19555555555555557,
9103,,,,,0.07801418439716312,
9104,,,,,0.0,
9105,,,,,0.5628415300546448,
9106,,,,,0.0,
9107,,,,,0.0,
9108,,,,,0.15874177029992684,
9109,,,,,0.15841914463002912,
9110,,,,,0.0,
9111,,,,,0.6048780487804878,
9112,,,,,0.0,
9113,,,,,0.7158469945355191,
9114,,,,,0.0,
9115,,,,,0.0,
9116,,,,,0.21232876712328766,
9117,,,,,0.0,
9118,,,,,0.0,
9119,,,,,0.0,
9120,,,,,0.1727073219392166,
9121,,,,,0.17147432333251786,
9122,,,,,0.0,
9123,,,,,0.009708737864077669,
9124,,,,,0.0,
9125,,,,,0.0,
9126,,,,,0.6739130434782609,
9127,,,,,0.0,
9128,,,,,0.7450980392156863,
9129,,,,,0.21551724137931033,
9130,,,,,0.021739130434782608,
9131,,,,,0.0,
9132,,,,,0.16745361441776951,
9133,,,,,0.16747103173720615,
9134,,,,,0.0,
9135,,,,,0.0,
9136,,,,,0.0,
9137,,,,,0.9193548387096774,
9138,,,,,0.3547400611620795,
9139,,,,,0.0,
9140,,,,,0.4859154929577465,
9141,,,,,0.027472527472527472,
9142,,,,,0.006622516556291391,
9143,,,,,0.0,
9144,,,,,0.2077542062911485,
9145,,,,,0.20866045415119097,
9146,,,,,0.0,
9147,,,,,0.027624309392265192,
9148,,,,,0.0,
9149,,,,,0.0,
9150,,,,,0.0,
9151,,,,,0.0,
9152,,,,,0.0,
9153,,,,,0.08865248226950355,
9154,,,,,0.24475524475524477,
9155,,,,,0.0,
9156,,,,,0.1608698543592472,
9157,,,,,0.1571959166425728,
9158,,,,,0.2,
9159,,,,,0.0,
9160,,,,,0.0,
9161,,,,,0.0,
9162,,,,,0.0,
9163,,,,,0.0,
9164,,,,,0.0,
9165,,,,,0.02097902097902098,
9166,,,,,0.09482758620689655,
9167,,,,,0.9951219512195122,
9168,,,,,0.17576644277448958,
9169,,,,,0.17707893156595422,
9170,,,,,0.8526315789473684,
9171,,,,,0.26956521739130435,
9172,,,,,0.64,
9173,,,,,0.019417475728155338,
9174,,,,,0.015748031496062992,
9175,,,,,0.7419354838709677,
9176,,,,,0.0,
9177,,,,,0.7828571428571428,
9178,,,,,0.0,
9179,,,,,0.0,
9180,,,,,0.254306045088781,
9181,,,,,0.25549896581633785,
9182,,,,,0.0,
9183,,,,,0.0,
9184,,,,,0.07142857142857142,
9185,,,,,0.17391304347826086,
9186,,,,,0.0,
9187,,,,,0.0,
9188,,,,,0.0,
9189,,,,,0.011428571428571429,
9190,,,,,0.0,
9191,,,,,0.0,
9192,,,,,0.10540666356321075,
9193,,,,,0.1073994172986678,
9194,,,,,0.18627450980392157,
9195,,,,,0.017543859649122806,
9196,,,,,0.0,
9197,,,,,0.0,
9198,,,,,0.004219409282700422,
9199,,,,,0.0,
9200,,,,,0.0,
9201,,,,,0.0,
9202,,,,,0.0,
9203,,,,,0.1724137931034483,
9204,,,,,0.17683048480414976,
9205,,,,,0.17712341258367992,
9206,,,,,0.3939393939393939,
9207,,,,,0.0,
9208,,,,,0.0,
9209,,,,,0.0,
9210,,,,,0.0,
9211,,,,,0.0,
9212,,,,,0.17391304347826086,
9213,,,,,0.11578947368421053,
9214,,,,,0.0,
9215,,,,,0.9866666666666667,
9216,,,,,0.17197579304382524,
9217,,,,,0.17345372862131087,
9218,,,,,0.0,
9219,,,,,0.0273972602739726,
9220,,,,,0.0,
9221,,,,,0.17857142857142858,
9222,,,,,0.43478260869565216,
9223,,,,,0.03205128205128205,
9224,,,,,0.0,
9225,,,,,0.07692307692307693,
9226,,,,,0.0,
9227,,,,,0.0,
9228,,,,,0.11864068630710912,
9229,,,,,0.11742988679580989,
9230,,,,,0.0,
9231,,,,,0.043478260869565216,
9232,,,,,0.0,
9233,,,,,0.0,
9234,,,,,0.0,
9235,,,,,0.0,
9236,,,,,0.0,
9237,,,,,0.043478260869565216,
9238,,,,,0.06796116504854369,
9239,,,,,0.0,
9240,,,,,0.18301522910154952,
9241,,,,,0.1819496030069168,
9242,,,,,0.0,
9243,,,,,0.0,
9244,,,,,0.03058103975535168,
9245,,,,,0.0,
9246,,,,,0.0,
9247,,,,,0.0,
9248,,,,,0.0,
9249,,,,,0.0,
9250,,,,,0.2828282828282828,
9251,,,,,0.0,
9252,,,,,0.14158409257165658,
9253,,,,,0.14467451015279228,
9254,,,,,0.0,
9255,,,,,0.1504424778761062,
9256,,,,,0.0,
9257,,,,,0.1565217391304348,
9258,,,,,0.004629629629629629,
9259,,,,,0.0,
9260,,,,,0.0,
9261,,,,,0.09944751381215469,
9262,,,,,0.0,
9263,,,,,0.0,
9264,,,,,0.1559486599720689,
9265,,,,,0.15893067633387453,
9266,,,,,0.0,
9267,,,,,0.0,
9268,,,,,0.0,
9269,,,,,0.1702127659574468,
9270,,,,,0.0,
9271,,,,,0.0,
9272,,,,,0.0,
9273,,,,,0.0,
9274,,,,,0.9758064516129032,
9275,,,,,0.41333333333333333,
9276,,,,,0.1449757265411984,
9277,,,,,0.1441629784489469,
9278,,,,,0.6086956521739131,
9279,,,,,0.2391304347826087,
9280,,,,,0.0,
9281,,,,,0.0,
9282,,,,,0.0,
9283,,,,,0.06,
9284,,,,,0.0,
9285,,,,,0.0,
9286,,,,,0.15384615384615385,
9287,,,,,0.3368421052631579,
9288,,,,,0.16479350934361908,
9289,,,,,0.16633676578520115,
9290,,,,,0.04419889502762431,
9291,,,,,0.1111111111111111,
9292,,,,,0.0,
9293,,,,,0.04854368932038835,
9294,,,,,0.0,
9295,,,,,0.8042813455657493,
9296,,,,,0.3058823529411765,
9297,,,,,0.0,
9298,,,,,0.0,
9299,,,,,0.0,
9300,,,,,0.18873445501097294,
9301,,,,,0.19180214843315616,
9302,,,,,0.0,
9303,,,,,0.03,
9304,,,,,0.06315789473684211,
9305,,,,,0.0,
9306,,,,,0.13592233009708737,
9307,,,,,0.0,
9308,,,,,0.0,
9309,,,,,0.0,
9310,,,,,0.0,
9311,,,,,0.0,
9312,,,,,0.1466382922125424,
9313,,,,,0.14427418099326111,
9314,,,,,0.19402985074626866,
9315,,,,,0.0,
9316,,,,,0.09154929577464789,
9317,,,,,0.015267175572519083,
9318,,,,,0.03529411764705882,
9319,,,,,0.008438818565400843,
9320,,,,,0.0,
9321,,,,,0.0,
9322,,,,,0.0,
9323,,,,,0.12173913043478261,
9324,,,,,0.13633038505020947,
9325,,,,,0.13524453439494696,
9326,,,,,0.1553398058252427,
9327,,,,,0.0,
9328,,,,,0.043478260869565216,
9329,,,,,0.7483443708609272,
9330,,,,,0.044444444444444446,
9331,,,,,0.2898550724637681,
9332,,,,,0.0,
9333,,,,,0.991304347826087,
9334,,,,,0.0,
9335,,,,,0.0,
9336,,,,,0.22497838664627254,
9337,,,,,0.22529635478059737,
9338,,,,,0.0,
9339,,,,,0.0,
9340,,,,,0.0,
9341,,,,,0.5737704918032787,
9342,,,,,0.01098901098901099,
9343,,,,,0.0,
9344,,,,,0.0,
9345,,,,,0.0,
9346,,,,,0.0,
9347,,,,,0.0,
9348,,,,,0.09809137460929707,
9349,,,,,0.09825856815603941,
9350,,,,,0.30434782608695654,
9351,,,,,0.08904109589041095,
9352,,,,,0.0,
9353,,,,,0.0,
9354,,,,,0.0,
9355,,,,,0.0,
9356,,,,,0.0,
9357,,,,,0.2311111111111111,
9358,,,,,0.0,
9359,,,,,0.25120772946859904,
9360,,,,,0.17470240074482943,
9361,,,,,0.174988323732847,
9362,,,,,0.22695035460992907,
9363,,,,,0.0,
9364,,,,,0.0425531914893617,
9365,,,,,0.0,
9366,,,,,0.0,
9367,,,,,0.0,
9368,,,,,0.0,
9369,,,,,0.014084507042253521,
9370,,,,,0.1826086956521739,
9371,,,,,0.0,
9372,,,,,0.15927379131475694,
9373,,,,,0.15844138513889197,
9374,,,,,0.0,
9375,,,,,0.3217391304347826,
9376,,,,,0.0,
9377,,,,,0.42424242424242425,
9378,,,,,0.19130434782608696,
9379,,,,,0.0,
9380,,,,,0.0,
9381,,,,,0.9919354838709677,
9382,,,,,0.0,
9383,,,,,0.0,
9384,,,,,0.22324931834807474,
9385,,,,,0.22460689900584926,
9386,,,,,0.0,
9387,,,,,0.0,
9388,,,,,0.42063492063492064,
9389,,,,,0.3391304347826087,
9390,,,,,0.0,
9391,,,,,0.0,
9392,,,,,0.0,
9393,,,,,0.031746031746031744,
9394,,,,,0.08823529411764706,
9395,,,,,0.0,
9396,,,,,0.1262884883952916,
9397,,,,,0.12703778662455797,
9398,,,,,0.5466666666666666,
9399,,,,,0.014492753623188406,
9400,,,,,0.7419354838709677,
9401,,,,,0.0,
9402,,,,,0.0,
9403,,,,,0.22935779816513763,
9404,,,,,0.0,
9405,,,,,0.0,
9406,,,,,0.0,
9407,,,,,0.0,
9408,,,,,0.13559885615481812,
9409,,,,,0.13515557235949557,
9410,,,,,0.0,
9411,,,,,0.0,
9412,,,,,0.0,
9413,,,,,0.21739130434782608,
9414,,,,,0.9723756906077348,
9415,,,,,0.0,
9416,,,,,0.0,
9417,,,,,0.04794520547945205,
9418,,,,,0.6521739130434783,
9419,,,,,0.0,
9420,,,,,0.14464321340692957,
9421,,,,,0.1444743455730267,
9422,,,,,0.0,
9423,,,,,0.07058823529411765,
9424,,,,,0.20634920634920634,
9425,,,,,0.0,
9426,,,,,0.0,
9427,,,,,0.0,
9428,,,,,0.6666666666666666,
9429,,,,,0.0,
9430,,,,,0.0,
9431,,,,,0.0,
9432,,,,,0.15481811531555498,
9433,,,,,0.15363743522451795,
9434,,,,,0.01,
9435,,,,,0.8467741935483871,
9436,,,,,0.32608695652173914,
9437,,,,,0.0,
9438,,,,,0.11920529801324503,
9439,,,,,0.009174311926605505,
9440,,,,,0.5492957746478874,
9441,,,,,0.0,
9442,,,,,0.11643835616438356,
9443,,,,,0.0,
9444,,,,,0.1640619804482277,
9445,,,,,0.16300068945577476,
9446,,,,,0.0,
9447,,,,,0.9838709677419355,
9448,,,,,0.023529411764705882,
9449,,,,,0.0,
9450,,,,,0.0,
9451,,,,,0.0,
9452,,,,,0.0,
9453,,,,,0.0,
9454,,,,,0.0,
9455,,,,,0.8097560975609757,
9456,,,,,0.12542395424619274,
9457,,,,,0.12623712830549563,
9458,,,,,0.22330097087378642,
9459,,,,,0.0,
9460,,,,,0.0,
9461,,,,,0.0,
9462,,,,,0.0,
9463,,,,,0.0,
9464,,,,,0.6095890410958904,
9465,,,,,0.0,
9466,,,,,0.3412698412698413,
9467,,,,,0.21176470588235294,
9468,,,,,0.1488328788987165,
9469,,,,,0.1515913084091364,
9470,,,,,0.0,
9471,,,,,0.0,
9472,,,,,0.0,
9473,,,,,0.0,
9474,,,,,0.14084507042253522,
9475,,,,,0.32167832167832167,
9476,,,,,0.008695652173913044,
9477,,,,,0.0,
9478,,,,,0.0,
9479,,,,,0.0,
9480,,,,,0.11770964953115648,
9481,,,,,0.11725196272490715,
9482,,,,,0.0,
9483,,,,,0.0,
9484,,,,,0.07065217391304347,
9485,,,,,0.014388489208633094,
9486,,,,,0.0,
9487,,,,,0.013888888888888888,
9488,,,,,0.0,
9489,,,,,0.1557377049180328,
9490,,,,,0.21739130434782608,
9491,,,,,0.6532258064516129,
9492,,,,,0.2087517456939549,
9493,,,,,0.21061761893112113,
9494,,,,,0.0,
9495,,,,,0.0,
9496,,,,,0.0,
9497,,,,,0.0,
9498,,,,,0.0,
9499,,,,,0.3582089552238806,
9500,,,,,0.12,
9501,,,,,0.0,
9502,,,,,0.0,
9503,,,,,0.0,
9504,,,,,0.08811598058123296,
9505,,,,,0.08544803505104197,
9506,,,,,0.9344262295081968,
9507,,,,,0.7823529411764706,
9508,,,,,0.978021978021978,
9509,,,,,0.98,
9510,,,,,0.2222222222222222,
9511,,,,,0.11538461538461539,
9512,,,,,0.10222222222222223,
9513,,,,,0.41304347826086957,
9514,,,,,0.5263157894736842,
9515,,,,,0.0,
9516,,,,,0.30724213606437456,
9517,,,,,0.3077864021528813,
9518,,,,,0.0,
9519,,,,,0.9444444444444444,
9520,,,,,0.00966183574879227,
9521,,,,,0.1588235294117647,
9522,,,,,0.0,
9523,,,,,0.0,
9524,,,,,0.0,
9525,,,,,0.0,
9526,,,,,0.01639344262295082,
9527,,,,,0.0,
9528,,,,,0.14963091042096163,
9529,,,,,0.1495674221026177,
9530,,,,,0.0,
9531,,,,,0.12941176470588237,
9532,,,,,0.3739130434782609,
9533,,,,,0.018518518518518517,
9534,,,,,0.02666666666666667,
9535,,,,,0.0,
9536,,,,,0.0,
9537,,,,,0.0,
9538,,,,,0.017777777777777778,
9539,,,,,0.0,
9540,,,,,0.10008645341490989,
9541,,,,,0.10172808753864289,
9542,,,,,0.013245033112582781,
9543,,,,,0.0,
9544,,,,,0.0,
9545,,,,,0.04477611940298507,
9546,,,,,0.8956521739130435,
9547,,,,,0.0,
9548,,,,,0.0,
9549,,,,,0.0,
9550,,,,,0.006993006993006993,
9551,,,,,0.035211267605633804,
9552,,,,,0.11983773359047682,
9553,,,,,0.12078820363409914,
9554,,,,,0.0,
9555,,,,,0.5473684210526316,
9556,,,,,0.0,
9557,,,,,0.24509803921568626,
9558,,,,,0.06043956043956044,
9559,,,,,0.0,
9560,,,,,0.6086956521739131,
9561,,,,,0.8469945355191257,
9562,,,,,0.8056426332288401,
9563,,,,,0.0,
9564,,,,,0.2805745826960165,
9565,,,,,0.27458132242065697,
9566,,,,,0.017391304347826087,
9567,,,,,0.06956521739130435,
9568,,,,,0.3394495412844037,
9569,,,,,0.0,
9570,,,,,0.0,
9571,,,,,0.0,
9572,,,,,0.22439024390243903,
9573,,,,,0.0,
9574,,,,,0.0,
9575,,,,,0.0,
9576,,,,,0.14331316086985435,
9577,,,,,0.14485243422369504,
9578,,,,,0.0,
9579,,,,,0.14782608695652175,
9580,,,,,0.4608695652173913,
9581,,,,,0.0,
9582,,,,,0.12852664576802508,
9583,,,,,0.0,
9584,,,,,0.010416666666666666,
9585,,,,,0.0,
9586,,,,,0.0,
9587,,,,,0.31,
9588,,,,,0.19990689632240474,
9589,,,,,0.20020906078331072,
9590,,,,,0.03902439024390244,
9591,,,,,0.0,
9592,,,,,0.176056338028169,
9593,,,,,0.012779552715654952,
9594,,,,,0.0,
9595,,,,,0.0,
9596,,,,,0.0,
9597,,,,,0.004878048780487805,
9598,,,,,0.0,
9599,,,,,0.06349206349206349,
9600,,,,,0.12695351466382923,
9601,,,,,0.12774948290816893,
9602,,,,,0.0,
9603,,,,,0.24271844660194175,
9604,,,,,0.0,
9605,,,,,0.0,
9606,,,,,0.04419889502762431,
9607,,,,,0.22608695652173913,
9608,,,,,0.09,
9609,,,,,0.0,
9610,,,,,0.24705882352941178,
9611,,,,,0.013888888888888888,
9612,,,,,0.16944869322338232,
9613,,,,,0.16891666481329093,
9614,,,,,0.29333333333333333,
9615,,,,,0.0,
9616,,,,,0.12941176470588237,
9617,,,,,0.0,
9618,,,,,0.0,
9619,,,,,0.0,
9620,,,,,0.7741935483870968,
9621,,,,,0.5846994535519126,
9622,,,,,0.0,
9623,,,,,0.2463768115942029,
9624,,,,,0.10307907162332912,
9625,,,,,0.10424126504014412,
9626,,,,,0.22666666666666666,
9627,,,,,0.12056737588652482,
9628,,,,,0.3391304347826087,
9629,,,,,0.4,
9630,,,,,0.0,
9631,,,,,0.9444444444444444,
9632,,,,,0.0,
9633,,,,,0.0,
9634,,,,,0.0,
9635,,,,,0.0,
9636,,,,,0.19252510474163728,
9637,,,,,0.19649489580321597,
9638,,,,,0.0,
9639,,,,,0.26956521739130435,
9640,,,,,0.0,
9641,,,,,0.23555555555555555,
9642,,,,,0.0,
9643,,,,,0.9033816425120773,
9644,,,,,0.0,
9645,,,,,0.028985507246376812,
9646,,,,,0.0,
9647,,,,,0.1,
9648,,,,,0.08086719425417303,
9649,,,,,0.08111113582278763,
9650,,,,,0.0,
9651,,,,,0.07653061224489796,
9652,,,,,0.0,
9653,,,,,1.0,
9654,,,,,0.2,
9655,,,,,0.11304347826086956,
9656,,,,,0.0,
9657,,,,,0.0,
9658,,,,,0.5944055944055944,
9659,,,,,0.797979797979798,
9660,,,,,0.1461062711977123,
9661,,,,,0.1508128905989369,
9662,,,,,0.0,
9663,,,,,0.0,
9664,,,,,0.37894736842105264,
9665,,,,,0.0,
9666,,,,,0.27647058823529413,
9667,,,,,0.0,
9668,,,,,0.5967741935483871,
9669,,,,,0.0975609756097561,
9670,,,,,0.09523809523809523,
9671,,,,,0.0,
9672,,,,,0.17576644277448958,
9673,,,,,0.17843560260658764,
9674,,,,,0.35106382978723405,
9675,,,,,0.0,
9676,,,,,0.1956521739130435,
9677,,,,,0.0,
9678,,,,,0.06341463414634146,
9679,,,,,0.1276595744680851,
9680,,,,,0.0,
9681,,,,,0.7150837988826816,
9682,,,,,0.0,
9683,,,,,0.0,
9684,,,,,0.1168451153820576,
9685,,,,,0.11682939305651313,
9686,,,,,0.009174311926605505,
9687,,,,,0.07446808510638298,
9688,,,,,0.1048951048951049,
9689,,,,,0.16470588235294117,
9690,,,,,0.5,
9691,,,,,0.0,
9692,,,,,0.0,
9693,,,,,0.9414634146341463,
9694,,,,,0.0,
9695,,,,,0.3582089552238806,
9696,,,,,0.11591407860610495,
9697,,,,,0.1136934813068523,
9698,,,,,0.0,
9699,,,,,0.10655737704918032,
9700,,,,,0.024390243902439025,
9701,,,,,0.0,
9702,,,,,0.0,
9703,,,,,0.06956521739130435,
9704,,,,,0.0,
9705,,,,,0.0,
9706,,,,,0.0,
9707,,,,,0.0,
9708,,,,,0.09755935359446698,
9709,,,,,0.09828080866490226,
9710,,,,,0.3006993006993007,
9711,,,,,0.0,
9712,,,,,0.47802197802197804,
9713,,,,,0.0,
9714,,,,,0.0,
9715,,,,,0.08695652173913043,
9716,,,,,0.0,
9717,,,,,0.0,
9718,,,,,0.0,
9719,,,,,0.0,
9720,,,,,0.17816053734122497,
9721,,,,,0.18083757756377467,
9722,,,,,0.02654867256637168,
9723,,,,,0.0,
9724,,,,,0.0,
9725,,,,,0.0,
9726,,,,,0.0,
9727,,,,,0.4880952380952381,
9728,,,,,0.0,
9729,,,,,0.0,
9730,,,,,0.0,
9731,,,,,0.006060606060606061,
9732,,,,,0.08352729932832346,
9733,,,,,0.08037719903031382,
9734,,,,,0.004629629629629629,
9735,,,,,0.8870967741935484,
9736,,,,,0.0,
9737,,,,,0.49514563106796117,
9738,,,,,0.1878453038674033,
9739,,,,,0.03496503496503497,
9740,,,,,0.0,
9741,,,,,0.10344827586206896,
9742,,,,,0.0,
9743,,,,,0.0,
9744,,,,,0.2194586686174104,
9745,,,,,0.21591086004047771,
9746,,,,,0.9523809523809523,
9747,,,,,0.0,
9748,,,,,0.24888888888888888,
9749,,,,,0.553921568627451,
9750,,,,,0.0,
9751,,,,,0.8324022346368715,
9752,,,,,0.09844559585492228,
9753,,,,,0.0,
9754,,,,,0.0,
9755,,,,,0.3565217391304348,
9756,,,,,0.11717762851632639,
9757,,,,,0.11545048150701688,
9758,,,,,0.99,
9759,,,,,0.0,
9760,,,,,0.0,
9761,,,,,0.0,
9762,,,,,0.0,
9763,,,,,0.0,
9764,,,,,0.039735099337748346,
9765,,,,,0.9890710382513661,
9766,,,,,0.10614525139664804,
9767,,,,,0.30158730158730157,
9768,,,,,0.20615814324665824,
9769,,,,,0.20708137802192914,
9770,,,,,0.0,
9771,,,,,0.0,
9772,,,,,0.2087912087912088,
9773,,,,,0.0,
9774,,,,,0.0,
9775,,,,,0.0,
9776,,,,,0.0,
9777,,,,,0.0,
9778,,,,,0.38666666666666666,
9779,,,,,0.23300970873786409,
9780,,,,,0.1441111923920995,
9781,,,,,0.14191668705379978,
9782,,,,,0.0,
9783,,,,,0.0,
9784,,,,,0.07368421052631578,
9785,,,,,0.0,
9786,,,,,0.0,
9787,,,,,0.0,
9788,,,,,0.008620689655172414,
9789,,,,,0.0,
9790,,,,,0.08888888888888889,
9791,,,,,0.26956521739130435,
9792,,,,,0.0995544324000798,
9793,,,,,0.10148344194115161,
9794,,,,,0.014492753623188406,
9795,,,,,0.0,
9796,,,,,0.0,
9797,,,,,0.11917098445595854,
9798,,,,,1.0,
9799,,,,,0.0,
9800,,,,,0.0,
9801,,,,,0.11194029850746269,
9802,,,,,0.0,
9803,,,,,0.6105263157894737,
9804,,,,,0.21546851100618475,
9805,,,,,0.21631118920000889,
9806,,,,,0.0,
9807,,,,,0.0,
9808,,,,,0.0,
9809,,,,,0.0,
9810,,,,,0.024242424242424242,
9811,,,,,0.0,
9812,,,,,0.0,
9813,,,,,0.0,
9814,,,,,0.0,
9815,,,,,0.003194888178913738,
9816,,,,,0.08944603311830818,
9817,,,,,0.08836154171207437,
9818,,,,,0.7039106145251397,
9819,,,,,0.18110236220472442,
9820,,,,,0.9941176470588236,
9821,,,,,0.7338709677419355,
9822,,,,,0.0,
9823,,,,,0.027472527472527472,
9824,,,,,0.7609756097560976,
9825,,,,,0.0,
9826,,,,,0.0,
9827,,,,,0.0,
9828,,,,,0.2362173305845581,
9829,,,,,0.23759535618174943,
9830,,,,,0.0,
9831,,,,,0.08888888888888889,
9832,,,,,0.7985074626865671,
9833,,,,,0.0,
9834,,,,,0.12571428571428572,
9835,,,,,0.07446808510638298,
9836,,,,,0.2826086956521739,
9837,,,,,0.0136986301369863,
9838,,,,,0.0,
9839,,,,,0.08421052631578947,
9840,,,,,0.13912349537806742,
9841,,,,,0.14138291484109156,
9842,,,,,0.0,
9843,,,,,0.36893203883495146,
9844,,,,,0.06422018348623854,
9845,,,,,0.0,
9846,,,,,0.043478260869565216,
9847,,,,,0.0,
9848,,,,,0.0,
9849,,,,,0.0,
9850,,,,,0.0,
9851,,,,,0.0,
9852,,,,,0.18241670545986566,
9853,,,,,0.18628650223517115,
9854,,,,,0.0,
9855,,,,,0.03333333333333333,
9856,,,,,0.0,
9857,,,,,0.0,
9858,,,,,0.0,
9859,,,,,0.05329153605015674,
9860,,,,,0.0,
9861,,,,,0.018518518518518517,
9862,,,,,0.0,
9863,,,,,0.12849162011173185,
9864,,,,,0.08572188601449757,
9865,,,,,0.08513666792696217,
9866,,,,,0.0,
9867,,,,,0.6133333333333333,
9868,,,,,0.0,
9869,,,,,0.5755395683453237,
9870,,,,,0.0,
9871,,,,,0.14655172413793102,
9872,,,,,0.0,
9873,,,,,0.0,
9874,,,,,0.0,
9875,,,,,0.10619469026548672,
9876,,,,,0.15820974928509676,
9877,,,,,0.16064319551631343,
9878,,,,,0.05853658536585366,
9879,,,,,0.0,
9880,,,,,0.0,
9881,,,,,0.0851063829787234,
9882,,,,,0.19047619047619047,
9883,,,,,0.0,
9884,,,,,0.0,
9885,,,,,0.912568306010929,
9886,,,,,0.008849557522123894,
9887,,,,,0.6,
9888,,,,,0.23575181219658176,
9889,,,,,0.23510441918911104,
9890,,,,,0.0,
9891,,,,,0.052941176470588235,
9892,,,,,0.0,
9893,,,,,0.0,
9894,,,,,0.0,
9895,,,,,0.0055248618784530384,
9896,,,,,0.0,
9897,,,,,0.010362694300518135,
9898,,,,,0.10317460317460317,
9899,,,,,0.0,
9900,,,,,0.1306776617676398,
9901,,,,,0.12610368525231858,
9902,,,,,0.0,
9903,,,,,0.9328358208955224,
9904,,,,,0.0,
9905,,,,,0.0,
9906,,,,,0.011764705882352941,
9907,,,,,0.0,
9908,,,,,0.0,
9909,,,,,0.0,
9910,,,,,0.0,
9911,,,,,0.0,
9912,,,,,0.16858415907428342,
9913,,,,,0.171029513155261,
9914,,,,,0.0,
9915,,,,,0.3492063492063492,
9916,,,,,0.0,
9917,,,,,0.0,
9918,,,,,0.0,
9919,,,,,0.0,
9920,,,,,0.04424778761061947,
9921,,,,,0.3695652173913043,
9922,,,,,0.09178743961352658,
9923,,,,,0.8253968253968254,
9924,,,,,0.172042295670679,
9925,,,,,0.1754998554366924,
9926,,,,,0.024154589371980676,
9927,,,,,0.3708609271523179,
9928,,,,,0.0,
9929,,,,,0.007042253521126761,
9930,,,,,0.0,
9931,,,,,0.0,
9932,,,,,0.0,
9933,,,,,0.11165048543689321,
9934,,,,,0.0,
9935,,,,,0.0,
9936,,,,,0.1496974130478154,
9937,,,,,0.15374863776883216,
9938,,,,,0.01,
9939,,,,,0.2872340425531915,
9940,,,,,0.0,
9941,,,,,0.0,
9942,,,,,0.803921568627451,
9943,,,,,0.0,
9944,,,,,0.152317880794702,
9945,,,,,0.6724137931034483,
9946,,,,,0.20869565217391303,
9947,,,,,0.0,
9948,,,,,0.17889206623661635,
9949,,,,,0.1788804127838445,
9950,,,,,0.10434782608695652,
9951,,,,,0.2146341463414634,
9952,,,,,0.0,
9953,,,,,0.0,
9954,,,,,0.0,
9955,,,,,0.0,
9956,,,,,0.0,
9957,,,,,0.0,
9958,,,,,0.0,
9959,,,,,0.0,
9960,,,,,0.16432799095564274,
9961,,,,,0.1671374241042635,
9962,,,,,0.0,
9963,,,,,0.06422018348623854,
9964,,,,,0.04964539007092199,
9965,,,,,0.5396825396825397,
9966,,,,,0.0,
9967,,,,,0.0,
9968,,,,,0.0,
9969,,,,,0.15873015873015872,
9970,,,,,0.0,
9971,,,,,0.0,
9972,,,,,0.10879829753275254,
9973,,,,,0.11111358227876254,
9974,,,,,0.0,
9975,,,,,0.0,
9976,,,,,0.05511811023622047,
9977,,,,,0.0,
9978,,,,,0.0,
9979,,,,,0.0782608695652174,
9980,,,,,0.580110497237569,
9981,,,,,0.16842105263157894,
9982,,,,,0.0,
9983,,,,,0.0,
9984,,,,,0.14557425018288223,
9985,,,,,0.14585325712252295,
9986,,,,,0.0,
9987,,,,,0.02821316614420063,
9988,,,,,0.0,
9989,,,,,0.39,
9990,,,,,0.0,
9991,,,,,0.41304347826086957,
9992,,,,,0.057971014492753624,
9993,,,,,0.07368421052631578,
9994,,,,,0.2736842105263158,
9995,,,,,0.11194029850746269,
9996,,,,,0.13167520117044623,
9997,,,,,0.13104107821986968,
9998,,,,,0.23076923076923078,
9999,,,,,0.11267605633802817,
10000,,,,,0.7142857142857143,
10001,,,,,0.9320388349514563,
10002,,,,,0.009404388714733543,
10003,,,,,0.25396825396825395,
10004,,,,,0.3894736842105263,
10005,,,,,0.0,
10006,,,,,0.0,
10007,,,,,0.0,
10008,,,,,0.26454744962426013,
10009,,,,,0.2606587638725174,
10010,,,,,0.0,
10011,,,,,0.00819672131147541,
10012,,,,,0.05263157894736842,
10013,,,,,0.017241379310344827,
10014,,,,,0.16666666666666666,
10015,,,,,0.0,
10016,,,,,0.0,
10017,,,,,0.0,
10018,,,,,0.0,
10019,,,,,0.3466666666666667,
10020,,,,,0.07674403138923988,
10021,,,,,0.0785534773035607,
10022,,,,,0.12411347517730496,
10023,,,,,1.0,
10024,,,,,0.9644444444444444,
10025,,,,,1.0,
10026,,,,,0.0,
10027,,,,,0.0,
10028,,,,,0.2831858407079646,
10029,,,,,0.0,
10030,,,,,0.0,
10031,,,,,0.0,
10032,,,,,0.32885548979184676,
10033,,,,,0.32795854369147964,
10034,,,,,0.008695652173913044,
10035,,,,,0.0,
10036,,,,,0.0,
10037,,,,,0.0,
10038,,,,,0.0,
10039,,,,,0.0,
10040,,,,,0.0,
10041,,,,,0.0,
10042,,,,,0.06293706293706294,
10043,,,,,0.0,
10044,,,,,0.0772095497772162,
10045,,,,,0.07739697084269288,
10046,,,,,0.17482517482517482,
10047,,,,,0.0,
10048,,,,,0.34782608695652173,
10049,,,,,0.0,
10050,,,,,0.0,
10051,,,,,0.09565217391304348,
10052,,,,,1.0,
10053,,,,,0.0,
10054,,,,,0.038461538461538464,
10055,,,,,0.0,
10056,,,,,0.18095364766908292,
10057,,,,,0.1832617930298245,
10058,,,,,0.0,
10059,,,,,0.0,
10060,,,,,0.0,
10061,,,,,0.0,
10062,,,,,0.044444444444444446,
10063,,,,,0.3786407766990291,
10064,,,,,0.48066298342541436,
10065,,,,,0.0,
10066,,,,,0.02666666666666667,
10067,,,,,0.31896551724137934,
10068,,,,,0.18215069495245062,
10069,,,,,0.18588617307563998,
10070,,,,,0.031088082901554404,
10071,,,,,0.06956521739130435,
10072,,,,,0.0,
10073,,,,,0.907103825136612,
10074,,,,,0.19,
10075,,,,,0.0,
10076,,,,,0.12121212121212122,
10077,,,,,0.0,
10078,,,,,0.0,
10079,,,,,0.0,
10080,,,,,0.12961361973797966,
10081,,,,,0.13090763516669263,
10082,,,,,0.011764705882352941,
10083,,,,,0.72,
10084,,,,,0.0,
10085,,,,,0.0,
10086,,,,,0.0,
10087,,,,,0.25906735751295334,
10088,,,,,0.0,
10089,,,,,0.0,
10090,,,,,0.0,
10091,,,,,0.014492753623188406,
10092,,,,,0.156480680986899,
10093,,,,,0.16135489179992438,
10094,,,,,0.16379310344827586,
10095,,,,,0.0,
10096,,,,,0.18857142857142858,
10097,,,,,0.0,
10098,,,,,0.0,
10099,,,,,0.20238095238095238,
10100,,,,,0.0,
10101,,,,,0.7112676056338029,
10102,,,,,0.40476190476190477,
10103,,,,,0.0,
10104,,,,,0.10986233956241272,
10105,,,,,0.11086893668127126,
10106,,,,,0.0,
10107,,,,,0.0,
10108,,,,,0.0058823529411764705,
10109,,,,,0.304635761589404,
10110,,,,,0.6573426573426573,
10111,,,,,0.005714285714285714,
10112,,,,,0.5,
10113,,,,,0.012232415902140673,
10114,,,,,0.07368421052631578,
10115,,,,,0.7936507936507936,
10116,,,,,0.12968012236483342,
10117,,,,,0.13061850855147566,
10118,,,,,0.0051813471502590676,
10119,,,,,0.88,
10120,,,,,0.9478260869565217,
10121,,,,,0.028169014084507043,
10122,,,,,0.0,
10123,,,,,0.021406727828746176,
10124,,,,,0.006993006993006993,
10125,,,,,0.0,
10126,,,,,0.0,
10127,,,,,0.0,
10128,,,,,0.15894127818048812,
10129,,,,,0.1618886640126326,
10130,,,,,0.30434782608695654,
10131,,,,,0.0,
10132,,,,,0.0,
10133,,,,,0.43434343434343436,
10134,,,,,0.0,
10135,,,,,0.0,
10136,,,,,0.37894736842105264,
10137,,,,,0.14545454545454545,
10138,,,,,0.0,
10139,,,,,0.0,
10140,,,,,0.1667885881492319,
10141,,,,,0.16787136089673732,
10142,,,,,0.6225165562913907,
10143,,,,,0.0,
10144,,,,,0.07758620689655173,
10145,,,,,0.01639344262295082,
10146,,,,,0.5223880597014925,
10147,,,,,0.0,
10148,,,,,0.03398058252427184,
10149,,,,,0.035555555555555556,
10150,,,,,0.0,
10151,,,,,0.0,
10152,,,,,0.10467513466781937,
10153,,,,,0.10715477170117653,
10154,,,,,0.0,
10155,,,,,0.0,
10156,,,,,0.16546762589928057,
10157,,,,,0.18446601941747573,
10158,,,,,0.0,
10159,,,,,0.0,
10160,,,,,0.2318840579710145,
10161,,,,,0.4434782608695652,
10162,,,,,0.0,
10163,,,,,0.0,
10164,,,,,0.14643878433198113,
10165,,,,,0.1461868647554656,
10166,,,,,0.3466666666666667,
10167,,,,,0.0,
10168,,,,,0.0,
10169,,,,,0.0,
10170,,,,,0.0,
10171,,,,,0.028985507246376812,
10172,,,,,0.0,
10173,,,,,0.36097560975609755,
10174,,,,,0.0,
10175,,,,,0.14782608695652175,
10176,,,,,0.10726873711511604,
10177,,,,,0.10813335409114161,
10178,,,,,0.0,
10179,,,,,0.0,
10180,,,,,0.5705882352941176,
10181,,,,,0.03761755485893417,
10182,,,,,0.0,
10183,,,,,0.0,
10184,,,,,0.0,
10185,,,,,0.0,
10186,,,,,0.0,
10187,,,,,0.0,
10188,,,,,0.17330584558090045,
10189,,,,,0.17449903253786447,
10190,,,,,0.0,
10191,,,,,0.08374384236453201,
10192,,,,,0.2608695652173913,
10193,,,,,0.0989010989010989,
10194,,,,,0.0,
10195,,,,,0.0,
10196,,,,,0.0,
10197,,,,,0.0,
10198,,,,,0.0,
10199,,,,,0.0,
10200,,,,,0.08612090177562014,
10201,,,,,0.08849498476525143,
10202,,,,,0.1043956043956044,
10203,,,,,0.6071428571428571,
10204,,,,,0.14736842105263157,
10205,,,,,0.0,
10206,,,,,0.0,
10207,,,,,0.12941176470588237,
10208,,,,,0.0,
10209,,,,,0.0,
10210,,,,,0.0,
10211,,,,,0.0,
10212,,,,,0.21839462658775022,
10213,,,,,0.21737873362542534,
10214,,,,,0.1568627450980392,
10215,,,,,0.6690140845070423,
10216,,,,,0.05714285714285714,
10217,,,,,0.07874015748031496,
10218,,,,,0.17164179104477612,
10219,,,,,0.0,
10220,,,,,0.0,
10221,,,,,0.0,
10222,,,,,0.0,
10223,,,,,0.055248618784530384,
10224,,,,,0.10800026601050741,
10225,,,,,0.1059982652403087,
10226,,,,,0.1878453038674033,
10227,,,,,0.0,
10228,,,,,0.4782608695652174,
10229,,,,,0.0,
10230,,,,,0.5242718446601942,
10231,,,,,0.8951048951048951,
10232,,,,,0.0,
10233,,,,,0.04964539007092199,
10234,,,,,0.0,
10235,,,,,0.75,
10236,,,,,0.3405599521181087,
10237,,,,,0.33652113960367414,
10238,,,,,0.0,
10239,,,,,0.0,
10240,,,,,0.0,
10241,,,,,0.0,
10242,,,,,0.0,
10243,,,,,0.058823529411764705,
10244,,,,,0.5245901639344263,
10245,,,,,0.33043478260869563,
10246,,,,,0.09714285714285714,
10247,,,,,0.0,
10248,,,,,0.09995344816120237,
10249,,,,,0.10094966972844338,
10250,,,,,0.0,
10251,,,,,0.043478260869565216,
10252,,,,,0.0,
10253,,,,,0.0,
10254,,,,,0.0,
10255,,,,,0.0,
10256,,,,,0.0,
10257,,,,,0.04878048780487805,
10258,,,,,0.0,
10259,,,,,0.0,
10260,,,,,0.09742634834075946,
10261,,,,,0.09725774525721148,
10262,,,,,0.0,
10263,,,,,0.0,
10264,,,,,0.0,
10265,,,,,0.48704663212435234,
10266,,,,,0.28695652173913044,
10267,,,,,0.425531914893617,
10268,,,,,0.0,
10269,,,,,0.46368715083798884,
10270,,,,,0.6126760563380281,
10271,,,,,0.8743169398907104,
10272,,,,,0.24193655649398152,
10273,,,,,0.24186553388341525,
10274,,,,,0.0,
10275,,,,,0.0,
10276,,,,,0.0,
10277,,,,,0.13658536585365855,
10278,,,,,0.0,
10279,,,,,0.0,
10280,,,,,0.0,
10281,,,,,0.7284768211920529,
10282,,,,,0.0,
10283,,,,,0.37058823529411766,
10284,,,,,0.10793376338365365,
10285,,,,,0.11046860752174009,
10286,,,,,0.0,
10287,,,,,0.0,
10288,,,,,0.028985507246376812,
10289,,,,,0.0,
10290,,,,,0.14782608695652175,
10291,,,,,0.0,
10292,,,,,0.0,
10293,,,,,0.0,
10294,,,,,0.009259259259259259,
10295,,,,,0.0,
10296,,,,,0.12475892797765512,
10297,,,,,0.1265929764473011,
10298,,,,,0.0,
10299,,,,,0.33,
10300,,,,,0.006060606060606061,
10301,,,,,0.3473684210526316,
10302,,,,,0.0,
10303,,,,,0.0,
10304,,,,,0.05319148936170213,
10305,,,,,0.0,
10306,,,,,0.0,
10307,,,,,0.0,
10308,,,,,0.10341158475759793,
10309,,,,,0.10263994840201944,
10310,,,,,0.0425531914893617,
10311,,,,,0.0,
10312,,,,,0.9911504424778761,
10313,,,,,0.20689655172413793,
10314,,,,,0.0,
10315,,,,,0.0,
10316,,,,,0.8807947019867549,
10317,,,,,0.0,
10318,,,,,0.0,
10319,,,,,0.0,
10320,,,,,0.08206424153754073,
10321,,,,,0.08213419923047839,
10322,,,,,0.16312056737588654,
10323,,,,,0.13170731707317074,
10324,,,,,0.0,
10325,,,,,0.0,
10326,,,,,0.0,
10327,,,,,0.0,
10328,,,,,0.5714285714285714,
10329,,,,,0.0,
10330,,,,,0.0,
10331,,,,,0.17647058823529413,
10332,,,,,0.14344616612356187,
10333,,,,,0.14367368725396437,
10334,,,,,0.0,
10335,,,,,0.0,
10336,,,,,0.0,
10337,,,,,0.0,
10338,,,,,0.2087912087912088,
10339,,,,,0.0,
10340,,,,,0.0,
10341,,,,,0.0,
10342,,,,,0.11413043478260869,
10343,,,,,0.0,
10344,,,,,0.13526634302054932,
10345,,,,,0.1393812690434357,
10346,,,,,0.4228571428571429,
10347,,,,,0.0,
10348,,,,,0.0,
10349,,,,,0.5555555555555556,
10350,,,,,0.0,
10351,,,,,0.0,
10352,,,,,0.0,
10353,,,,,0.0,
10354,,,,,0.0,
10355,,,,,0.0,
10356,,,,,0.15508412582297001,
10357,,,,,0.15488290372083713,
10358,,,,,0.0,
10359,,,,,0.0,
10360,,,,,0.0,
10361,,,,,0.0,
10362,,,,,0.0,
10363,,,,,0.10869565217391304,
10364,,,,,0.0,
10365,,,,,0.4,
10366,,,,,0.0,
10367,,,,,0.017142857142857144,
10368,,,,,0.11298796302453946,
10369,,,,,0.1121366456864533,
10370,,,,,0.0,
10371,,,,,0.0,
10372,,,,,0.8347826086956521,
10373,,,,,0.05,
10374,,,,,0.0,
10375,,,,,0.4411764705882353,
10376,,,,,0.09333333333333334,
10377,,,,,0.0,
10378,,,,,0.0,
10379,,,,,0.03414634146341464,
10380,,,,,0.10460863204096561,
10381,,,,,0.10550897404532615,
10382,,,,,0.0,
10383,,,,,0.030303030303030304,
10384,,,,,0.0,
10385,,,,,0.4411764705882353,
10386,,,,,0.0,
10387,,,,,0.0,
10388,,,,,0.038834951456310676,
10389,,,,,0.2857142857142857,
10390,,,,,0.1347517730496454,
10391,,,,,0.0,
10392,,,,,0.16426148832878898,
10393,,,,,0.1642239174432311,
10394,,,,,0.0,
10395,,,,,0.0,
10396,,,,,0.0,
10397,,,,,0.008438818565400843,
10398,,,,,0.0,
10399,,,,,0.0,
10400,,,,,0.0,
10401,,,,,0.2283464566929134,
10402,,,,,0.01834862385321101,
10403,,,,,0.0,
10404,,,,,0.20123694885947996,
10405,,,,,0.19991993416809375,
10406,,,,,0.0,
10407,,,,,0.0,
10408,,,,,0.0,
10409,,,,,0.0,
10410,,,,,0.0,
10411,,,,,0.0,
10412,,,,,0.029411764705882353,
10413,,,,,0.10869565217391304,
10414,,,,,0.0,
10415,,,,,0.0,
10416,,,,,0.05200505419964089,
10417,,,,,0.05108644885794987,
10418,,,,,0.22941176470588234,
10419,,,,,0.0,
10420,,,,,0.0,
10421,,,,,0.05217391304347826,
10422,,,,,0.0,
10423,,,,,0.7294117647058823,
10424,,,,,0.6086956521739131,
10425,,,,,0.0,
10426,,,,,0.8014184397163121,
10427,,,,,0.022222222222222223,
10428,,,,,0.17184278779011772,
10429,,,,,0.16998420923870738,
10430,,,,,0.0,
10431,,,,,0.006269592476489028,
10432,,,,,0.09859154929577464,
10433,,,,,0.3333333333333333,
10434,,,,,0.0,
10435,,,,,0.0,
10436,,,,,0.0625,
10437,,,,,0.6280193236714976,
10438,,,,,0.0,
10439,,,,,0.0,
10440,,,,,0.19970738844184346,
10441,,,,,0.20018682027444787,
10442,,,,,0.37073170731707317,
10443,,,,,0.31693989071038253,
10444,,,,,0.0,
10445,,,,,0.3006993006993007,
10446,,,,,0.0,
10447,,,,,0.13095238095238096,
10448,,,,,0.0,
10449,,,,,0.0,
10450,,,,,0.0,
10451,,,,,0.0,
10452,,,,,0.1262884883952916,
10453,,,,,0.12552543202188465,
10454,,,,,0.0,
10455,,,,,0.006060606060606061,
10456,,,,,0.0,
10457,,,,,0.03508771929824561,
10458,,,,,0.0,
10459,,,,,0.0,
10460,,,,,0.2956521739130435,
10461,,,,,0.17391304347826086,
10462,,,,,0.10434782608695652,
10463,,,,,0.0,
10464,,,,,0.13247323269269137,
10465,,,,,0.1350666103240442,
10466,,,,,0.02459016393442623,
10467,,,,,0.0,
10468,,,,,0.5851063829787234,
10469,,,,,0.0,
10470,,,,,0.0989010989010989,
10471,,,,,0.4788732394366197,
10472,,,,,0.0,
10473,,,,,0.8521739130434782,
10474,,,,,1.0,
10475,,,,,0.0,
10476,,,,,0.20682316951519586,
10477,,,,,0.20785979583212863,
10478,,,,,0.48292682926829267,
10479,,,,,0.0,
10480,,,,,0.21764705882352942,
10481,,,,,0.0,
10482,,,,,0.0,
10483,,,,,0.0,
10484,,,,,0.0,
10485,,,,,0.2191780821917808,
10486,,,,,0.0,
10487,,,,,0.02127659574468085,
10488,,,,,0.1566136862406065,
10489,,,,,0.15861930920979472,
10490,,,,,0.0,
10491,,,,,0.0,
10492,,,,,0.04888888888888889,
10493,,,,,0.0,
10494,,,,,0.0,
10495,,,,,0.0,
10496,,,,,0.0,
10497,,,,,0.0,
10498,,,,,0.39344262295081966,
10499,,,,,0.0,
10500,,,,,0.127020017290683,
10501,,,,,0.12783844494362032,
10502,,,,,0.0,
10503,,,,,0.8725490196078431,
10504,,,,,0.0,
10505,,,,,0.8933333333333333,
10506,,,,,0.0,
10507,,,,,0.0,
10508,,,,,0.0,
10509,,,,,0.15151515151515152,
10510,,,,,0.0,
10511,,,,,0.0,
10512,,,,,0.16924918534282105,
10513,,,,,0.17260858928452283,
10514,,,,,0.0,
10515,,,,,0.0,
10516,,,,,0.022099447513812154,
10517,,,,,0.43157894736842106,
10518,,,,,0.0,
10519,,,,,0.014184397163120567,
10520,,,,,0.0,
10521,,,,,0.13043478260869565,
10522,,,,,0.0,
10523,,,,,0.021739130434782608,
10524,,,,,0.12216532553035844,
10525,,,,,0.12385739385717145,
10526,,,,,0.0,
10527,,,,,0.0,
10528,,,,,0.0,
10529,,,,,0.0,
10530,,,,,0.0,
10531,,,,,0.0,
10532,,,,,0.0,
10533,,,,,0.0,
10534,,,,,0.1746031746031746,
10535,,,,,0.0,
10536,,,,,0.07488195783733458,
10537,,,,,0.07370504637146098,
10538,,,,,0.043478260869565216,
10539,,,,,0.0,
10540,,,,,0.0,
10541,,,,,0.03296703296703297,
10542,,,,,0.0,
10543,,,,,0.5746268656716418,
10544,,,,,0.0,
10545,,,,,0.08791208791208792,
10546,,,,,0.06349206349206349,
10547,,,,,0.0,
10548,,,,,0.11079337633836536,
10549,,,,,0.10980139225585481,
10550,,,,,0.01079136690647482,
10551,,,,,0.10588235294117647,
10552,,,,,0.00819672131147541,
10553,,,,,0.0,
10554,,,,,0.0,
10555,,,,,0.06716417910447761,
10556,,,,,0.2,
10557,,,,,0.0,
10558,,,,,0.06086956521739131,
10559,,,,,0.017543859649122806,
10560,,,,,0.15362106803218728,
10561,,,,,0.15441585303471744,
10562,,,,,0.0,
10563,,,,,0.0,
10564,,,,,0.9866666666666667,
10565,,,,,0.0,
10566,,,,,0.0,
10567,,,,,0.22340425531914893,
10568,,,,,0.9032258064516129,
10569,,,,,0.0,
10570,,,,,0.0,
10571,,,,,0.0,
10572,,,,,0.19811132539735318,
10573,,,,,0.19834085803883192,
10574,,,,,0.004878048780487805,
10575,,,,,0.0,
10576,,,,,0.1932367149758454,
10577,,,,,0.0,
10578,,,,,0.5879629629629629,
10579,,,,,0.04929577464788732,
10580,,,,,0.010416666666666666,
10581,,,,,0.0,
10582,,,,,0.10666666666666667,
10583,,,,,0.4782608695652174,
10584,,,,,0.13446831149830418,
10585,,,,,0.1327758379111714,
10586,,,,,0.0,
10587,,,,,0.0,
10588,,,,,0.0,
10589,,,,,0.0,
10590,,,,,0.0,
10591,,,,,0.010638297872340425,
10592,,,,,0.0,
10593,,,,,0.0,
10594,,,,,0.0,
10595,,,,,0.0,
10596,,,,,0.08432533085056859,
10597,,,,,0.08956252919066789,
10598,,,,,0.0,
10599,,,,,0.0,
10600,,,,,0.2222222222222222,
10601,,,,,0.0,
10602,,,,,0.06269592476489028,
10603,,,,,0.0,
10604,,,,,0.0,
10605,,,,,0.10655737704918032,
10606,,,,,0.8145161290322581,
10607,,,,,0.06341463414634146,
10608,,,,,0.15535013633038505,
10609,,,,,0.15735160020461267,
10610,,,,,0.3949843260188088,
10611,,,,,0.0,
10612,,,,,0.11555555555555555,
10613,,,,,0.0,
10614,,,,,0.0,
10615,,,,,0.0,
10616,,,,,0.09574468085106383,
10617,,,,,0.031746031746031744,
10618,,,,,0.8469945355191257,
10619,,,,,0.0,
10620,,,,,0.14803484737647138,
10621,,,,,0.14845539665947557,
10622,,,,,0.0,
10623,,,,,0.0,
10624,,,,,0.18888888888888888,
10625,,,,,0.0,
10626,,,,,0.0,
10627,,,,,0.0,
10628,,,,,0.0,
10629,,,,,0.08333333333333333,
10630,,,,,0.391304347826087,
10631,,,,,0.08148148148148149,
10632,,,,,0.1600053202101483,
10633,,,,,0.15875275226297178,
10634,,,,,0.0,
10635,,,,,0.0,
10636,,,,,0.0,
10637,,,,,0.0,
10638,,,,,0.5294117647058824,
10639,,,,,0.0,
10640,,,,,0.0,
10641,,,,,0.0,
10642,,,,,0.20218579234972678,
10643,,,,,0.0,
10644,,,,,0.127020017290683,
10645,,,,,0.12790516647020883,
10646,,,,,0.7647058823529411,
10647,,,,,0.08,
10648,,,,,0.0,
10649,,,,,0.0,
10650,,,,,0.9733333333333334,
10651,,,,,0.0,
10652,,,,,0.13043478260869565,
10653,,,,,0.0,
10654,,,,,0.0,
10655,,,,,0.035398230088495575,
10656,,,,,0.1466382922125424,
10657,,,,,0.14523052287436336,
10658,,,,,0.0,
10659,,,,,0.31343283582089554,
10660,,,,,0.0,
10661,,,,,0.0,
10662,,,,,0.20634920634920634,
10663,,,,,0.9603174603174603,
10664,,,,,0.0,
10665,,,,,0.0,
10666,,,,,0.0,
10667,,,,,0.0,
10668,,,,,0.12721952517124427,
10669,,,,,0.13148588839712652,
10670,,,,,0.006622516556291391,
10671,,,,,0.0,
10672,,,,,0.0,
10673,,,,,0.20689655172413793,
10674,,,,,0.0,
10675,,,,,0.22,
10676,,,,,0.0670391061452514,
10677,,,,,0.912621359223301,
10678,,,,,0.02127659574468085,
10679,,,,,0.10655737704918032,
10680,,,,,0.13879098224379863,
10681,,,,,0.1356893445722038,
10682,,,,,0.6865671641791045,
10683,,,,,0.024464831804281346,
10684,,,,,0.0,
10685,,,,,0.08904109589041095,
10686,,,,,0.0,
10687,,,,,0.02586206896551724,
10688,,,,,0.569060773480663,
10689,,,,,0.0,
10690,,,,,0.0,
10691,,,,,0.0,
10692,,,,,0.10939682117443639,
10693,,,,,0.11064653159264284,
10694,,,,,0.0,
10695,,,,,0.0,
10696,,,,,0.0,
10697,,,,,0.3314285714285714,
10698,,,,,0.4603174603174603,
10699,,,,,0.14222222222222222,
10700,,,,,0.0,
10701,,,,,0.7936507936507936,
10702,,,,,0.0,
10703,,,,,0.0,
10704,,,,,0.17217530092438652,
10705,,,,,0.1719191335097747,
10706,,,,,0.0,
10707,,,,,0.25,
10708,,,,,0.0,
10709,,,,,0.9219512195121952,
10710,,,,,0.0,
10711,,,,,0.0,
10712,,,,,0.0,
10713,,,,,0.0,
10714,,,,,0.1565217391304348,
10715,,,,,0.18627450980392157,
10716,,,,,0.16352995943339763,
10717,,,,,0.16631452527633833,
10718,,,,,0.0,
10719,,,,,0.0,
10720,,,,,0.011111111111111112,
10721,,,,,0.23157894736842105,
10722,,,,,0.0,
10723,,,,,0.023529411764705882,
10724,,,,,0.32608695652173914,
10725,,,,,0.4768211920529801,
10726,,,,,0.0,
10727,,,,,0.022222222222222223,
10728,,,,,0.0985568929972734,
10729,,,,,0.09805840357627382,
10730,,,,,0.0,
10731,,,,,0.0,
10732,,,,,0.0,
10733,,,,,0.0,
10734,,,,,0.07746478873239436,
10735,,,,,0.0,
10736,,,,,0.0,
10737,,,,,0.0,
10738,,,,,0.13989637305699482,
10739,,,,,0.0,
10740,,,,,0.18780341823502028,
10741,,,,,0.19149078130907635,
10742,,,,,0.0,
10743,,,,,0.46153846153846156,
10744,,,,,0.23232323232323232,
10745,,,,,0.5362318840579711,
10746,,,,,0.0,
10747,,,,,0.0,
10748,,,,,0.0,
10749,,,,,0.0,
10750,,,,,0.0,
10751,,,,,0.8454106280193237,
10752,,,,,0.16479350934361908,
10753,,,,,0.1638013477748371,
10754,,,,,0.0,
10755,,,,,0.014814814814814815,
10756,,,,,0.44366197183098594,
10757,,,,,0.0,
10758,,,,,0.0,
10759,,,,,0.05504587155963303,
10760,,,,,0.0,
10761,,,,,0.9672131147540983,
10762,,,,,0.0,
10763,,,,,0.019417475728155338,
10764,,,,,0.15468511006184743,
10765,,,,,0.1594422080377199,
10766,,,,,0.17894736842105263,
10767,,,,,0.4207650273224044,
10768,,,,,0.0,
10769,,,,,0.0,
10770,,,,,0.4235294117647059,
10771,,,,,0.7602739726027398,
10772,,,,,0.0,
10773,,,,,0.0,
10774,,,,,0.0,
10775,,,,,0.5425531914893617,
10776,,,,,0.17303983507348542,
10777,,,,,0.16893890532215378,
10778,,,,,0.0,
10779,,,,,0.8709677419354839,
10780,,,,,1.0,
10781,,,,,0.0,
10782,,,,,0.0,
10783,,,,,0.0,
10784,,,,,0.028169014084507043,
10785,,,,,0.0,
10786,,,,,0.0,
10787,,,,,0.0,
10788,,,,,0.08811598058123296,
10789,,,,,0.08833930120321153,
10790,,,,,0.008849557522123894,
10791,,,,,0.0,
10792,,,,,0.0,
10793,,,,,0.5695364238410596,
10794,,,,,0.0,
10795,,,,,0.0,
10796,,,,,0.0,
10797,,,,,0.0,
10798,,,,,0.31788079470198677,
10799,,,,,0.0,
10800,,,,,0.07933763383653654,
10801,,,,,0.07770833796677268,
10802,,,,,0.0,
10803,,,,,0.4927536231884058,
10804,,,,,0.08463949843260188,
10805,,,,,0.0,
10806,,,,,0.776595744680851,
10807,,,,,0.5547945205479452,
10808,,,,,0.0030581039755351682,
10809,,,,,0.9516129032258065,
10810,,,,,0.0,
10811,,,,,0.08235294117647059,
10812,,,,,0.19917536742701336,
10813,,,,,0.1982296554945177,
10814,,,,,0.9130434782608695,
10815,,,,,0.1510791366906475,
10816,,,,,0.0,
10817,,,,,0.0,
10818,,,,,0.0,
10819,,,,,0.008695652173913044,
10820,,,,,0.0,
10821,,,,,0.0,
10822,,,,,0.0,
10823,,,,,0.0,
10824,,,,,0.1549511205692625,
10825,,,,,0.15672886595645308,
10826,,,,,0.0,
10827,,,,,0.0,
10828,,,,,0.0,
10829,,,,,0.0,
10830,,,,,0.09836065573770492,
10831,,,,,0.4642857142857143,
10832,,,,,0.1702127659574468,
10833,,,,,0.017985611510791366,
10834,,,,,0.0,
10835,,,,,0.0,
10836,,,,,0.13519984039369556,
10837,,,,,0.13317616707070257,
10838,,,,,0.022388059701492536,
10839,,,,,0.0,
10840,,,,,0.0,
10841,,,,,0.0,
10842,,,,,0.0,
10843,,,,,0.7738095238095238,
10844,,,,,0.0,
10845,,,,,0.009708737864077669,
10846,,,,,0.0,
10847,,,,,0.05092592592592592,
10848,,,,,0.18567533417569995,
10849,,,,,0.1849743122122634,
10850,,,,,0.0,
10851,,,,,0.0,
10852,,,,,0.0,
10853,,,,,0.0,
10854,,,,,0.0,
10855,,,,,0.0,
10856,,,,,0.017241379310344827,
10857,,,,,0.0,
10858,,,,,0.0,
10859,,,,,0.0,
10860,,,,,0.07986965485136663,
10861,,,,,0.08208971821275271,
10862,,,,,0.7348066298342542,
10863,,,,,0.09174311926605505,
10864,,,,,0.009404388714733543,
10865,,,,,0.028368794326241134,
10866,,,,,0.0,
10867,,,,,0.20212765957446807,
10868,,,,,0.0,
10869,,,,,0.0,
10870,,,,,0.0,
10871,,,,,0.926829268292683,
10872,,,,,0.15568264946465385,
10873,,,,,0.1534150301358895,
10874,,,,,0.0,
10875,,,,,0.009404388714733543,
10876,,,,,0.8661971830985915,
10877,,,,,0.08695652173913043,
10878,,,,,0.0,
10879,,,,,0.008695652173913044,
10880,,,,,0.2736842105263158,
10881,,,,,0.0,
10882,,,,,0.0,
10883,,,,,0.6688741721854304,
10884,,,,,0.21041431136529892,
10885,,,,,0.2123078976046972,
10886,,,,,0.0,
10887,,,,,0.031088082901554404,
10888,,,,,0.0,
10889,,,,,0.0,
10890,,,,,0.0,
10891,,,,,0.0,
10892,,,,,0.0,
10893,,,,,0.0,
10894,,,,,0.0,
10895,,,,,0.0,
10896,,,,,0.07800758129946132,
10897,,,,,0.07713008473633877,
10898,,,,,0.0,
10899,,,,,0.8212290502793296,
10900,,,,,0.0,
10901,,,,,0.0,
10902,,,,,0.019704433497536946,
10903,,,,,0.20869565217391303,
10904,,,,,0.0,
10905,,,,,0.02054794520547945,
10906,,,,,0.0,
10907,,,,,0.2459016393442623,
10908,,,,,0.1197047283367693,
10909,,,,,0.11943153259346574,
10910,,,,,0.0,
10911,,,,,0.17058823529411765,
10912,,,,,0.01652892561983471,
10913,,,,,0.0,
10914,,,,,0.0,
10915,,,,,0.0,
10916,,,,,0.21739130434782608,
10917,,,,,0.0,
10918,,,,,0.0,
10919,,,,,0.0,
10920,,,,,0.12469242535080136,
10921,,,,,0.12630384983208415,
10922,,,,,0.021739130434782608,
10923,,,,,0.009708737864077669,
10924,,,,,0.0,
10925,,,,,0.04316546762589928,
10926,,,,,0.00641025641025641,
10927,,,,,0.49473684210526314,
10928,,,,,0.0,
10929,,,,,0.0,
10930,,,,,0.00975609756097561,
10931,,,,,0.0,
10932,,,,,0.14351266875041563,
10933,,,,,0.14164980094744567,
10934,,,,,0.00819672131147541,
10935,,,,,0.14146341463414633,
10936,,,,,0.21333333333333335,
10937,,,,,0.0,
10938,,,,,0.0,
10939,,,,,0.31843575418994413,
10940,,,,,0.0051813471502590676,
10941,,,,,0.0,
10942,,,,,0.4098360655737705,
10943,,,,,0.0,
10944,,,,,0.12136729400811332,
10945,,,,,0.12036563396570514,
10946,,,,,0.09392265193370165,
10947,,,,,0.0,
10948,,,,,0.0,
10949,,,,,0.05714285714285714,
10950,,,,,0.9529411764705882,
10951,,,,,0.1650485436893204,
10952,,,,,0.0,
10953,,,,,0.47058823529411764,
10954,,,,,0.25396825396825395,
10955,,,,,0.7733333333333333,
10956,,,,,0.17736250581897986,
10957,,,,,0.17770166581411384,
10958,,,,,0.9578947368421052,
10959,,,,,0.3485714285714286,
10960,,,,,0.4370860927152318,
10961,,,,,0.0,
10962,,,,,0.25382262996941896,
10963,,,,,0.0,
10964,,,,,0.0,
10965,,,,,0.18823529411764706,
10966,,,,,0.0,
10967,,,,,0.0,
10968,,,,,0.20762120103744097,
10969,,,,,0.20697017547761493,
10970,,,,,0.13043478260869565,
10971,,,,,0.19047619047619047,
10972,,,,,0.0,
10973,,,,,0.0,
10974,,,,,0.0,
10975,,,,,0.0,
10976,,,,,0.1056338028169014,
10977,,,,,0.0,
10978,,,,,0.0,
10979,,,,,0.0,
10980,,,,,0.10181552171310766,
10981,,,,,0.10390765740720148,
10982,,,,,0.0,
10983,,,,,0.4078014184397163,
10984,,,,,0.0,
10985,,,,,0.0,
10986,,,,,0.17475728155339806,
10987,,,,,0.34523809523809523,
10988,,,,,0.0,
10989,,,,,0.0,
10990,,,,,0.0,
10991,,,,,0.8013698630136986,
10992,,,,,0.15747822038970538,
10993,,,,,0.15957565109089697,
10994,,,,,0.06077348066298342,
10995,,,,,0.0,
10996,,,,,0.013986013986013986,
10997,,,,,0.0,
10998,,,,,0.0,
10999,,,,,0.5086206896551724,
11000,,,,,0.0,
11001,,,,,0.0,
11002,,,,,0.5565217391304348,
11003,,,,,0.6739130434782609,
11004,,,,,0.16007182283700205,
11005,,,,,0.1614660943442386,
11006,,,,,0.6031746031746031,
11007,,,,,0.0,
11008,,,,,0.059602649006622516,
11009,,,,,0.0,
11010,,,,,0.0,
11011,,,,,0.0058823529411764705,
11012,,,,,0.06956521739130435,
11013,,,,,0.0,
11014,,,,,0.3620689655172414,
11015,,,,,0.0,
11016,,,,,0.11398550242734588,
11017,,,,,0.11269265840802438,
11018,,,,,0.0,
11019,,,,,0.5902439024390244,
11020,,,,,0.0,
11021,,,,,0.0,
11022,,,,,0.0,
11023,,,,,0.029411764705882353,
11024,,,,,0.0,
11025,,,,,0.3283582089552239,
11026,,,,,0.0,
11027,,,,,0.8579234972677595,
11028,,,,,0.27013367027997603,
11029,,,,,0.26661922024775925,
11030,,,,,0.0,
11031,,,,,0.0,
11032,,,,,0.0,
11033,,,,,0.0,
11034,,,,,0.0,
11035,,,,,0.0,
11036,,,,,0.043478260869565216,
11037,,,,,0.22,
11038,,,,,0.0,
11039,,,,,0.0,
11040,,,,,0.07308638691228303,
11041,,,,,0.07212597024219915,
11042,,,,,0.0,
11043,,,,,0.6173913043478261,
11044,,,,,1.0,
11045,,,,,0.0,
11046,,,,,0.14102564102564102,
11047,,,,,0.0,
11048,,,,,0.0,
11049,,,,,0.017391304347826087,
11050,,,,,0.5411764705882353,
11051,,,,,0.0,
11052,,,,,0.2753208751745694,
11053,,,,,0.2736027400306919,
11054,,,,,0.6904761904761905,
11055,,,,,0.019417475728155338,
11056,,,,,0.16444444444444445,
11057,,,,,0.026490066225165563,
11058,,,,,0.0,
11059,,,,,0.0,
11060,,,,,0.0,
11061,,,,,0.0,
11062,,,,,0.2,
11063,,,,,0.0,
11064,,,,,0.14111857418368026,
11065,,,,,0.1395369526054756,
11066,,,,,0.0,
11067,,,,,0.0,
11068,,,,,0.0,
11069,,,,,0.01764705882352941,
11070,,,,,0.059602649006622516,
11071,,,,,0.0,
11072,,,,,0.32608695652173914,
11073,,,,,0.0,
11074,,,,,0.03305785123966942,
11075,,,,,0.0,
11076,,,,,0.14437720289951453,
11077,,,,,0.1431176745323933,
11078,,,,,0.0,
11079,,,,,0.11650485436893204,
11080,,,,,0.0,
11081,,,,,0.0,
11082,,,,,0.00975609756097561,
11083,,,,,0.0,
11084,,,,,0.0,
11085,,,,,0.0,
11086,,,,,0.03937007874015748,
11087,,,,,0.0,
11088,,,,,0.13712841657245461,
11089,,,,,0.13818028156484222,
11090,,,,,0.21,
11091,,,,,0.1393939393939394,
11092,,,,,0.0,
11093,,,,,0.0,
11094,,,,,0.0070921985815602835,
11095,,,,,0.0,
11096,,,,,0.0,
11097,,,,,0.0,
11098,,,,,0.05181347150259067,
11099,,,,,0.3008849557522124,
11100,,,,,0.12442641484338632,
11101,,,,,0.1243022040344283,
11102,,,,,0.5656565656565656,
11103,,,,,0.03508771929824561,
11104,,,,,0.06796116504854369,
11105,,,,,0.02912621359223301,
11106,,,,,0.0,
11107,,,,,0.010638297872340425,
11108,,,,,0.21003134796238246,
11109,,,,,0.0,
11110,,,,,0.0,
11111,,,,,0.43,
11112,,,,,0.19219259160736848,
11113,,,,,0.19222471810155017,
11114,,,,,0.0,
11115,,,,,0.0,
11116,,,,,0.0,
11117,,,,,0.05217391304347826,
11118,,,,,0.30666666666666664,
11119,,,,,0.36764705882352944,
11120,,,,,0.0,
11121,,,,,0.0,
11122,,,,,0.10714285714285714,
11123,,,,,0.15517241379310345,
11124,,,,,0.047283367693023874,
11125,,,,,0.045948891310633184,
11126,,,,,0.2782608695652174,
11127,,,,,0.0,
11128,,,,,0.0,
11129,,,,,0.0,
11130,,,,,0.0,
11131,,,,,0.0,
11132,,,,,0.0,
11133,,,,,0.0,
11134,,,,,0.10619469026548672,
11135,,,,,0.36097560975609755,
11136,,,,,0.17483540599853695,
11137,,,,,0.1775237417432111,
11138,,,,,0.0,
11139,,,,,0.16847826086956522,
11140,,,,,0.0,
11141,,,,,0.21551724137931033,
11142,,,,,0.0,
11143,,,,,0.0,
11144,,,,,0.010101010101010102,
11145,,,,,0.0,
11146,,,,,0.1411764705882353,
11147,,,,,0.0,
11148,,,,,0.1293476092305646,
11149,,,,,0.1246135711585081,
11150,,,,,0.0,
11151,,,,,0.12173913043478261,
11152,,,,,0.034482758620689655,
11153,,,,,0.0,
11154,,,,,0.13934426229508196,
11155,,,,,0.0,
11156,,,,,0.0,
11157,,,,,0.0,
11158,,,,,0.06349206349206349,
11159,,,,,0.06293706293706294,
11160,,,,,0.09669481944536809,
11161,,,,,0.09378822587460801,
11162,,,,,0.0,
11163,,,,,0.22608695652173913,
11164,,,,,0.08849557522123894,
11165,,,,,0.0,
11166,,,,,0.9217877094972067,
11167,,,,,0.008695652173913044,
11168,,,,,0.0,
11169,,,,,0.0,
11170,,,,,0.8904109589041096,
11171,,,,,0.0,
11172,,,,,0.2406065039569063,
11173,,,,,0.2419989769365923,
11174,,,,,0.0,
11175,,,,,0.0,
11176,,,,,0.0,
11177,,,,,0.0,
11178,,,,,0.0,
11179,,,,,0.04794520547945205,
11180,,,,,0.01597444089456869,
11181,,,,,0.12941176470588237,
11182,,,,,0.6056338028169014,
11183,,,,,0.1206896551724138,
11184,,,,,0.0873844516858416,
11185,,,,,0.08951804817294219,
11186,,,,,0.06796116504854369,
11187,,,,,0.0,
11188,,,,,0.014492753623188406,
11189,,,,,0.09352517985611511,
11190,,,,,0.04075235109717868,
11191,,,,,0.43661971830985913,
11192,,,,,0.24,
11193,,,,,0.0,
11194,,,,,0.8352941176470589,
11195,,,,,0.0,
11196,,,,,0.17303983507348542,
11197,,,,,0.17347596913017369,
11198,,,,,0.0,
11199,,,,,0.0,
11200,,,,,0.9919354838709677,
11201,,,,,0.20098039215686275,
11202,,,,,0.0,
11203,,,,,0.17058823529411765,
11204,,,,,0.0,
11205,,,,,0.32727272727272727,
11206,,,,,0.009852216748768473,
11207,,,,,0.09523809523809523,
11208,,,,,0.16399547782137394,
11209,,,,,0.16615884171429843,
11210,,,,,0.0030581039755351682,
11211,,,,,0.0,
11212,,,,,0.0,
11213,,,,,0.049723756906077346,
11214,,,,,0.0,
11215,,,,,0.6349206349206349,
11216,,,,,0.0,
11217,,,,,0.5865921787709497,
11218,,,,,0.0,
11219,,,,,0.646551724137931,
11220,,,,,0.16532553035844916,
11221,,,,,0.16791584191446302,
11222,,,,,0.0,
11223,,,,,0.8145161290322581,
11224,,,,,0.08156028368794327,
11225,,,,,0.0,
11226,,,,,0.007042253521126761,
11227,,,,,0.0,
11228,,,,,0.8383838383838383,
11229,,,,,0.0,
11230,,,,,0.13043478260869565,
11231,,,,,1.0,
11232,,,,,0.1789585688634701,
11233,,,,,0.1786135266774904,
11234,,,,,0.8933333333333333,
11235,,,,,0.08256880733944955,
11236,,,,,0.0,
11237,,,,,0.0,
11238,,,,,0.42063492063492064,
11239,,,,,0.00975609756097561,
11240,,,,,0.0,
11241,,,,,0.0,
11242,,,,,0.0,
11243,,,,,0.0,
11244,,,,,0.08824898583494048,
11245,,,,,0.09129728888196961,
11246,,,,,0.34444444444444444,
11247,,,,,0.0,
11248,,,,,0.0,
11249,,,,,0.2676056338028169,
11250,,,,,0.0,
11251,,,,,0.9281767955801105,
11252,,,,,0.5714285714285714,
11253,,,,,0.0,
11254,,,,,0.08695652173913043,
11255,,,,,0.0,
11256,,,,,0.21440446897652457,
11257,,,,,0.21377577118964483,
11258,,,,,0.0,
11259,,,,,0.2956521739130435,
11260,,,,,0.0,
11261,,,,,0.9176470588235294,
11262,,,,,0.0,
11263,,,,,0.45652173913043476,
11264,,,,,0.0,
11265,,,,,0.0,
11266,,,,,0.005714285714285714,
11267,,,,,0.0,
11268,,,,,0.0902440646405533,
11269,,,,,0.09022974445655317,
11270,,,,,0.0,
11271,,,,,0.16483516483516483,
11272,,,,,0.043478260869565216,
11273,,,,,0.5263157894736842,
11274,,,,,0.0,
11275,,,,,0.3463687150837989,
11276,,,,,0.0,
11277,,,,,0.0,
11278,,,,,0.0,
11279,,,,,0.0,
11280,,,,,0.13812595597526103,
11281,,,,,0.13633431932922624,
11282,,,,,0.0,
11283,,,,,0.0,
11284,,,,,0.04794520547945205,
11285,,,,,0.02666666666666667,
11286,,,,,0.8450704225352113,
11287,,,,,0.3492063492063492,
11288,,,,,0.8097560975609757,
11289,,,,,0.0,
11290,,,,,0.0,
11291,,,,,0.007633587786259542,
11292,,,,,0.17264081931236283,
11293,,,,,0.17641171630006894,
11294,,,,,0.043478260869565216,
11295,,,,,0.0,
11296,,,,,0.0,
11297,,,,,0.0,
11298,,,,,0.06349206349206349,
11299,,,,,0.0,
11300,,,,,0.21739130434782608,
11301,,,,,0.0,
11302,,,,,0.0,
11303,,,,,0.803921568627451,
11304,,,,,0.16106936223980847,
11305,,,,,0.16097680314925605,
11306,,,,,0.04964539007092199,
11307,,,,,0.9761904761904762,
11308,,,,,0.96,
11309,,,,,0.0,
11310,,,,,0.0,
11311,,,,,0.0,
11312,,,,,0.021739130434782608,
11313,,,,,0.6682926829268293,
11314,,,,,0.016483516483516484,
11315,,,,,0.0,
11316,,,,,0.19890935691959832,
11317,,,,,0.20214398505437806,
11318,,,,,0.0,
11319,,,,,0.24647887323943662,
11320,,,,,0.0,
11321,,,,,0.0,
11322,,,,,0.0,
11323,,,,,0.0,
11324,,,,,0.0,
11325,,,,,0.0,
11326,,,,,0.0,
11327,,,,,0.0,
11328,,,,,0.15588215734521513,
11329,,,,,0.1603763094099593,
11330,,,,,0.0,
11331,,,,,0.014492753623188406,
11332,,,,,0.4396551724137931,
11333,,,,,0.012121212121212121,
11334,,,,,0.0,
11335,,,,,0.0,
11336,,,,,0.0,
11337,,,,,0.0,
11338,,,,,0.10285714285714286,
11339,,,,,0.07368421052631578,
11340,,,,,0.11864068630710912,
11341,,,,,0.1195649756466428,
11342,,,,,0.0,
11343,,,,,0.04945054945054945,
11344,,,,,0.0,
11345,,,,,1.0,
11346,,,,,0.0,
11347,,,,,0.373134328358209,
11348,,,,,0.21,
11349,,,,,0.0,
11350,,,,,0.0,
11351,,,,,0.0,
11352,,,,,0.13752743233357717,
11353,,,,,0.1393145475168472,
11354,,,,,0.0,
11355,,,,,0.0,
11356,,,,,0.58,
11357,,,,,0.010362694300518135,
11358,,,,,0.0,
11359,,,,,0.0,
11360,,,,,0.0,
11361,,,,,0.8913043478260869,
11362,,,,,0.00684931506849315,
11363,,,,,0.3263157894736842,
11364,,,,,0.09469974063975527,
11365,,,,,0.09585659319885238,
11366,,,,,0.057971014492753624,
11367,,,,,0.0035971223021582736,
11368,,,,,0.5357142857142857,
11369,,,,,0.7887323943661971,
11370,,,,,0.3217391304347826,
11371,,,,,0.15384615384615385,
11372,,,,,0.0,
11373,,,,,0.0,
11374,,,,,0.21176470588235294,
11375,,,,,0.0,
11376,,,,,0.19704728336769303,
11377,,,,,0.19278073082312122,
11378,,,,,0.0,
11379,,,,,0.0,
11380,,,,,0.0,
11381,,,,,0.20489296636085627,
11382,,,,,0.0,
11383,,,,,0.0,
11384,,,,,0.03111111111111111,
11385,,,,,0.0,
11386,,,,,0.0,
11387,,,,,0.5882352941176471,
11388,,,,,0.14464321340692957,
11389,,,,,0.144007294886907,
11390,,,,,0.0,
11391,,,,,0.0,
11392,,,,,0.0,
11393,,,,,0.0,
11394,,,,,0.0,
11395,,,,,0.2127659574468085,
11396,,,,,0.21739130434782608,
11397,,,,,0.0,
11398,,,,,0.0,
11399,,,,,0.0,
11400,,,,,0.11099288421892664,
11401,,,,,0.11071325311923137,
11402,,,,,0.0,
11403,,,,,0.4972677595628415,
11404,,,,,0.26956521739130435,
11405,,,,,0.0,
11406,,,,,0.0,
11407,,,,,0.0,
11408,,,,,0.0,
11409,,,,,0.0,
11410,,,,,0.0,
11411,,,,,0.0,
11412,,,,,0.18328123960896456,
11413,,,,,0.18223872962213375,
11414,,,,,0.0,
11415,,,,,0.0,
11416,,,,,0.27647058823529413,
11417,,,,,0.0,
11418,,,,,0.0,
11419,,,,,0.004830917874396135,
11420,,,,,0.6284153005464481,
11421,,,,,0.07253886010362694,
11422,,,,,0.0,
11423,,,,,0.8270042194092827,
11424,,,,,0.09529826428143912,
11425,,,,,0.09358806129484243,
11426,,,,,0.0,
11427,,,,,0.1595744680851064,
11428,,,,,0.0,
11429,,,,,0.0,
11430,,,,,0.0,
11431,,,,,0.0,
11432,,,,,0.0,
11433,,,,,0.47368421052631576,
11434,,,,,0.0,
11435,,,,,0.9920634920634921,
11436,,,,,0.15914078606104942,
11437,,,,,0.16288948691146055,
11438,,,,,0.0,
11439,,,,,0.043478260869565216,
11440,,,,,0.7213114754098361,
11441,,,,,0.0,
11442,,,,,0.0,
11443,,,,,0.0,
11444,,,,,0.16783216783216784,
11445,,,,,0.0,
11446,,,,,0.0,
11447,,,,,0.0,
11448,,,,,0.12429340958967879,
11449,,,,,0.12078820363409914,
11450,,,,,0.0,
11451,,,,,0.031578947368421054,
11452,,,,,0.0,
11453,,,,,0.0,
11454,,,,,0.0,
11455,,,,,0.011904761904761904,
11456,,,,,0.0,
11457,,,,,0.006622516556291391,
11458,,,,,0.06557377049180328,
11459,,,,,0.0,
11460,,,,,0.14178360045221786,
11461,,,,,0.1451860418566377,
11462,,,,,0.0,
11463,,,,,0.0,
11464,,,,,0.008849557522123894,
11465,,,,,0.2261904761904762,
11466,,,,,0.0,
11467,,,,,0.0,
11468,,,,,0.0,
11469,,,,,0.24870466321243523,
11470,,,,,0.0,
11471,,,,,0.0,
11472,,,,,0.12043625723216067,
11473,,,,,0.11994306429731112,
11474,,,,,0.0,
11475,,,,,0.0,
11476,,,,,0.01020408163265306,
11477,,,,,0.0,
11478,,,,,0.0,
11479,,,,,0.0,
11480,,,,,0.0,
11481,,,,,0.0,
11482,,,,,0.0,
11483,,,,,0.05785123966942149,
11484,,,,,0.13825896122896855,
11485,,,,,0.13664568645330605,
11486,,,,,0.0,
11487,,,,,0.5223880597014925,
11488,,,,,0.1368421052631579,
11489,,,,,0.0,
11490,,,,,0.0,
11491,,,,,0.0,
11492,,,,,0.0,
11493,,,,,0.0,
11494,,,,,0.0,
11495,,,,,0.18666666666666668,
11496,,,,,0.1168451153820576,
11497,,,,,0.11814158307942085,
11498,,,,,0.2251655629139073,
11499,,,,,0.10434782608695652,
11500,,,,,0.3854748603351955,
11501,,,,,0.4117647058823529,
11502,,,,,0.9705882352941176,
11503,,,,,0.9652173913043478,
11504,,,,,0.03296703296703297,
11505,,,,,0.0,
11506,,,,,0.0,
11507,,,,,0.05142857142857143,
11508,,,,,0.14810135000332514,
11509,,,,,0.1531481440295354,
11510,,,,,0.29333333333333333,
11511,,,,,0.0,
11512,,,,,0.0,
11513,,,,,0.17475728155339806,
11514,,,,,0.14705882352941177,
11515,,,,,0.044444444444444446,
11516,,,,,0.0,
11517,,,,,0.23076923076923078,
11518,,,,,0.0,
11519,,,,,0.007194244604316547,
11520,,,,,0.12296335705260358,
11521,,,,,0.12354602673309166,
11522,,,,,0.0,
11523,,,,,0.0,
11524,,,,,0.2826086956521739,
11525,,,,,0.0,
11526,,,,,0.0,
11527,,,,,0.10144927536231885,
11528,,,,,0.0,
11529,,,,,0.13829787234042554,
11530,,,,,0.0,
11531,,,,,0.009259259259259259,
11532,,,,,0.10800026601050741,
11533,,,,,0.10913417698996954,
11534,,,,,0.009708737864077669,
11535,,,,,0.9047619047619048,
11536,,,,,0.0,
11537,,,,,0.0,
11538,,,,,0.08695652173913043,
11539,,,,,0.0,
11540,,,,,0.32608695652173914,
11541,,,,,0.0,
11542,,,,,0.0,
11543,,,,,0.0,
11544,,,,,0.15701270200172907,
11545,,,,,0.1613104107821987,
11546,,,,,0.0,
11547,,,,,0.7253521126760564,
11548,,,,,0.31343283582089554,
11549,,,,,0.11702127659574468,
11550,,,,,0.0,
11551,,,,,0.521978021978022,
11552,,,,,0.0,
11553,,,,,0.017699115044247787,
11554,,,,,0.0,
11555,,,,,0.004629629629629629,
11556,,,,,0.12010374409789187,
11557,,,,,0.1194092920846029,
11558,,,,,0.19827586206896552,
11559,,,,,0.03731343283582089,
11560,,,,,0.03398058252427184,
11561,,,,,0.041666666666666664,
11562,,,,,0.9919354838709677,
11563,,,,,0.0,
11564,,,,,0.0,
11565,,,,,0.0,
11566,,,,,0.0,
11567,,,,,0.3492063492063492,
11568,,,,,0.1522245128682583,
11569,,,,,0.15666214442986456,
11570,,,,,0.0,
11571,,,,,0.07111111111111111,
11572,,,,,0.35074626865671643,
11573,,,,,0.0,
11574,,,,,0.0,
11575,,,,,0.1111111111111111,
11576,,,,,0.14814814814814814,
11577,,,,,0.09313725490196079,
11578,,,,,0.1896551724137931,
11579,,,,,0.13186813186813187,
11580,,,,,0.12296335705260358,
11581,,,,,0.1236794697862687,
11582,,,,,0.1746031746031746,
11583,,,,,0.28484848484848485,
11584,,,,,0.007194244604316547,
11585,,,,,0.0,
11586,,,,,0.015748031496062992,
11587,,,,,0.0,
11588,,,,,0.0,
11589,,,,,0.041666666666666664,
11590,,,,,0.0,
11591,,,,,0.0,
11592,,,,,0.18806942874243532,
11593,,,,,0.18911104686075217,
11594,,,,,0.19047619047619047,
11595,,,,,0.01773049645390071,
11596,,,,,0.0,
11597,,,,,0.19047619047619047,
11598,,,,,0.08620689655172414,
11599,,,,,0.0,
11600,,,,,0.22941176470588234,
11601,,,,,0.0,
11602,,,,,0.47317073170731705,
11603,,,,,0.0,
11604,,,,,0.1234288754405799,
11605,,,,,0.12450236861419389,
11606,,,,,0.0,
11607,,,,,0.2672413793103448,
11608,,,,,0.8491620111731844,
11609,,,,,0.0,
11610,,,,,0.0,
11611,,,,,0.0,
11612,,,,,0.0,
11613,,,,,0.15294117647058825,
11614,,,,,0.41304347826086957,
11615,,,,,0.0,
11616,,,,,0.10726873711511604,
11617,,,,,0.1056868981162289,
11618,,,,,0.0,
11619,,,,,0.0,
11620,,,,,0.0,
11621,,,,,0.6228571428571429,
11622,,,,,0.015544041450777202,
11623,,,,,0.0,
11624,,,,,0.0,
11625,,,,,0.10989010989010989,
11626,,,,,0.38028169014084506,
11627,,,,,0.10869565217391304,
11628,,,,,0.1259559752610228,
11629,,,,,0.12708226764228364,
11630,,,,,0.0,
11631,,,,,0.01079136690647482,
11632,,,,,0.03414634146341464,
11633,,,,,0.0,
11634,,,,,0.0,
11635,,,,,0.0,
11636,,,,,0.0,
11637,,,,,0.043478260869565216,
11638,,,,,0.0,
11639,,,,,0.29347826086956524,
11640,,,,,0.13859147436323735,
11641,,,,,0.13813580054711652,
11642,,,,,0.2978723404255319,
11643,,,,,0.0,
11644,,,,,0.043478260869565216,
11645,,,,,0.0,
11646,,,,,0.0,
11647,,,,,0.0,
11648,,,,,0.0,
11649,,,,,0.0,
11650,,,,,0.0,
11651,,,,,0.0,
11652,,,,,0.10700272660770101,
11653,,,,,0.11002379734448324,
11654,,,,,0.0,
11655,,,,,0.7619047619047619,
11656,,,,,0.0,
11657,,,,,0.0,
11658,,,,,0.31125827814569534,
11659,,,,,0.01932367149758454,
11660,,,,,0.0,
11661,,,,,0.047058823529411764,
11662,,,,,0.04929577464788732,
11663,,,,,0.16521739130434782,
11664,,,,,0.13287224845381393,
11665,,,,,0.13119676178190956,
11666,,,,,0.0,
11667,,,,,0.0,
11668,,,,,0.008438818565400843,
11669,,,,,0.45588235294117646,
11670,,,,,0.8211920529801324,
11671,,,,,0.0,
11672,,,,,0.0,
11673,,,,,0.0,
11674,,,,,0.026490066225165563,
11675,,,,,0.0,
11676,,,,,0.13998802952716632,
11677,,,,,0.1431176745323933,
11678,,,,,0.0,
11679,,,,,0.75,
11680,,,,,0.6190476190476191,
11681,,,,,0.0,
11682,,,,,0.0,
11683,,,,,0.03902439024390244,
11684,,,,,0.09917355371900827,
11685,,,,,0.9832402234636871,
11686,,,,,0.0,
11687,,,,,0.0,
11688,,,,,0.19545122032320278,
11689,,,,,0.19471565509418856,
11690,,,,,0.0,
11691,,,,,0.7142857142857143,
11692,,,,,0.03669724770642202,
11693,,,,,0.0,
11694,,,,,0.1044776119402985,
11695,,,,,0.0,
11696,,,,,1.0,
11697,,,,,0.0,
11698,,,,,0.0,
11699,,,,,0.0,
11700,,,,,0.11278845514397819,
11701,,,,,0.1140048484309321,
11702,,,,,0.24581005586592178,
11703,,,,,0.631578947368421,
11704,,,,,1.0,
11705,,,,,0.0,
11706,,,,,0.0,
11707,,,,,0.49333333333333335,
11708,,,,,0.9217391304347826,
11709,,,,,0.0,
11710,,,,,0.0,
11711,,,,,0.0,
11712,,,,,0.16073684910553968,
11713,,,,,0.158863954807286,
11714,,,,,0.0,
11715,,,,,0.8904109589041096,
11716,,,,,0.0,
11717,,,,,0.0,
11718,,,,,0.0,
11719,,,,,0.0,
11720,,,,,0.008264462809917356,
11721,,,,,0.0,
11722,,,,,0.12021857923497267,
11723,,,,,0.0,
11724,,,,,0.09908891401210347,
11725,,,,,0.09890354291306185,
11726,,,,,0.0,
11727,,,,,0.0,
11728,,,,,0.0,
11729,,,,,0.0,
11730,,,,,0.5,
11731,,,,,0.7704918032786885,
11732,,,,,0.0,
11733,,,,,0.21787709497206703,
11734,,,,,0.6206896551724138,
11735,,,,,0.07462686567164178,
11736,,,,,0.1010839928177163,
11737,,,,,0.10379645486288726,
11738,,,,,0.0,
11739,,,,,0.0,
11740,,,,,0.07692307692307693,
11741,,,,,0.058823529411764705,
11742,,,,,0.11971830985915492,
11743,,,,,0.0,
11744,,,,,0.0,
11745,,,,,0.05825242718446602,
11746,,,,,0.6190476190476191,
11747,,,,,0.0,
11748,,,,,0.13061115914078605,
11749,,,,,0.13164157195916643,
11750,,,,,0.0,
11751,,,,,0.043478260869565216,
11752,,,,,0.0,
11753,,,,,0.2261904761904762,
11754,,,,,0.0,
11755,,,,,0.0,
11756,,,,,0.0,
11757,,,,,0.009404388714733543,
11758,,,,,0.0,
11759,,,,,0.7292817679558011,
11760,,,,,0.15428609430072487,
11761,,,,,0.15561684051331096,
11762,,,,,0.0,
11763,,,,,0.0,
11764,,,,,0.0,
11765,,,,,0.0,
11766,,,,,0.0,
11767,,,,,0.0,
11768,,,,,0.0,
11769,,,,,0.18,
11770,,,,,0.031914893617021274,
11771,,,,,0.0,
11772,,,,,0.09456673538604775,
11773,,,,,0.09541178302159553,
11774,,,,,0.0,
11775,,,,,0.021052631578947368,
11776,,,,,0.0,
11777,,,,,0.2976190476190476,
11778,,,,,0.0,
11779,,,,,0.0,
11780,,,,,0.0,
11781,,,,,0.0,
11782,,,,,0.5245901639344263,
11783,,,,,0.12807881773399016,
11784,,,,,0.15282303650994214,
11785,,,,,0.15214732113070747,
11786,,,,,0.0,
11787,,,,,0.0,
11788,,,,,0.0,
11789,,,,,0.0,
11790,,,,,0.10285714285714286,
11791,,,,,0.0,
11792,,,,,0.12121212121212122,
11793,,,,,0.46956521739130436,
11794,,,,,0.0,
11795,,,,,0.1796116504854369,
11796,,,,,0.1200372414710381,
11797,,,,,0.12345706469764028,
11798,,,,,0.1391304347826087,
11799,,,,,0.03333333333333333,
11800,,,,,0.08444444444444445,
11801,,,,,0.2589928057553957,
11802,,,,,0.7352941176470589,
11803,,,,,0.0,
11804,,,,,0.0,
11805,,,,,0.43478260869565216,
11806,,,,,0.0,
11807,,,,,0.0,
11808,,,,,0.23023209416771961,
11809,,,,,0.22945532993794898,
11810,,,,,0.0,
11811,,,,,0.40588235294117647,
11812,,,,,0.00641025641025641,
11813,,,,,0.0,
11814,,,,,0.0,
11815,,,,,0.0,
11816,,,,,0.16161616161616163,
11817,,,,,0.0,
11818,,,,,0.0,
11819,,,,,0.004878048780487805,
11820,,,,,0.08512336237281373,
11821,,,,,0.08618197184351578,
11822,,,,,0.22330097087378642,
11823,,,,,0.0,
11824,,,,,0.014705882352941176,
11825,,,,,0.22608695652173913,
11826,,,,,0.0,
11827,,,,,0.4,
11828,,,,,0.16161616161616163,
11829,,,,,0.048484848484848485,
11830,,,,,0.14563106796116504,
11831,,,,,0.19411764705882353,
11832,,,,,0.19458668617410388,
11833,,,,,0.19633921224117606,
11834,,,,,0.0,
11835,,,,,0.0,
11836,,,,,0.0,
11837,,,,,0.0,
11838,,,,,0.0,
11839,,,,,0.0,
11840,,,,,0.5529411764705883,
11841,,,,,0.05263157894736842,
11842,,,,,0.02926829268292683,
11843,,,,,0.0,
11844,,,,,0.10314557425018288,
11845,,,,,0.10384093588061295,
11846,,,,,0.22099447513812154,
11847,,,,,0.1956521739130435,
11848,,,,,0.0,
11849,,,,,0.5555555555555556,
11850,,,,,0.7268292682926829,
11851,,,,,0.17582417582417584,
11852,,,,,0.0,
11853,,,,,0.5956284153005464,
11854,,,,,0.2,
11855,,,,,0.0,
11856,,,,,0.1593402939416107,
11857,,,,,0.1618886640126326,
11858,,,,,0.0,
11859,,,,,0.9435483870967742,
11860,,,,,0.0,
11861,,,,,0.0,
11862,,,,,0.0,
11863,,,,,0.0,
11864,,,,,0.06086956521739131,
11865,,,,,0.0,
11866,,,,,0.0,
11867,,,,,0.0782608695652174,
11868,,,,,0.12196581764979716,
11869,,,,,0.12410203945466272,
11870,,,,,0.0,
11871,,,,,0.0,
11872,,,,,0.0,
11873,,,,,0.03910614525139665,
11874,,,,,0.0,
11875,,,,,0.0,
11876,,,,,0.4112903225806452,
11877,,,,,0.2621359223300971,
11878,,,,,0.0,
11879,,,,,0.5603448275862069,
11880,,,,,0.17969009775886147,
11881,,,,,0.18094878010808887,
11882,,,,,0.02654867256637168,
11883,,,,,0.031914893617021274,
11884,,,,,0.37333333333333335,
11885,,,,,0.05263157894736842,
11886,,,,,0.08888888888888889,
11887,,,,,0.0,
11888,,,,,0.17391304347826086,
11889,,,,,0.0,
11890,,,,,0.0,
11891,,,,,0.0,
11892,,,,,0.05439914876637627,
11893,,,,,0.05342170228854836,
11894,,,,,0.0,
11895,,,,,0.14285714285714285,
11896,,,,,0.8041958041958042,
11897,,,,,0.0,
11898,,,,,0.0,
11899,,,,,0.02912621359223301,
11900,,,,,0.0,
11901,,,,,0.8631578947368421,
11902,,,,,0.0,
11903,,,,,0.0,
11904,,,,,0.1454412449291747,
11905,,,,,0.1450303582945978,
11906,,,,,0.0,
11907,,,,,0.4533333333333333,
11908,,,,,0.0,
11909,,,,,0.07692307692307693,
11910,,,,,0.0,
11911,,,,,0.0,
11912,,,,,0.05714285714285714,
11913,,,,,0.12173913043478261,
11914,,,,,0.08235294117647059,
11915,,,,,0.0,
11916,,,,,0.20476158808272926,
11917,,,,,0.2081044414296199,
11918,,,,,0.0,
11919,,,,,0.0,
11920,,,,,0.03333333333333333,
11921,,,,,0.18994413407821228,
11922,,,,,0.06222222222222222,
11923,,,,,0.0,
11924,,,,,0.0,
11925,,,,,0.0,
11926,,,,,0.0,
11927,,,,,0.11304347826086956,
11928,,,,,0.11824167054598657,
11929,,,,,0.12118853279363032,
11930,,,,,0.045871559633027525,
11931,,,,,0.0,
11932,,,,,0.0,
11933,,,,,0.05673758865248227,
11934,,,,,0.8032786885245902,
11935,,,,,0.0,
11936,,,,,0.0,
11937,,,,,0.2,
11938,,,,,0.6785714285714286,
11939,,,,,0.09473684210526316,
11940,,,,,0.1305446565139323,
11941,,,,,0.13273135689344573,
11942,,,,,0.0,
11943,,,,,0.021739130434782608,
11944,,,,,0.0,
11945,,,,,0.5466666666666666,
11946,,,,,0.0,
11947,,,,,0.6666666666666666,
11948,,,,,0.0,
11949,,,,,0.7814569536423841,
11950,,,,,1.0,
11951,,,,,0.0,
11952,,,,,0.14723681585422624,
11953,,,,,0.14885572581900675,
11954,,,,,0.0,
11955,,,,,0.0,
11956,,,,,0.09565217391304348,
11957,,,,,0.0,
11958,,,,,0.2391304347826087,
11959,,,,,0.0,
11960,,,,,0.19047619047619047,
11961,,,,,0.009708737864077669,
11962,,,,,0.0,
11963,,,,,0.21316614420062696,
11964,,,,,0.12289685442574981,
11965,,,,,0.1255921535484732,
11966,,,,,0.0,
11967,,,,,0.0,
11968,,,,,0.4585365853658537,
11969,,,,,0.5217391304347826,
11970,,,,,0.038461538461538464,
11971,,,,,0.0,
11972,,,,,0.5565217391304348,
11973,,,,,0.0,
11974,,,,,0.0,
11975,,,,,0.0,
11976,,,,,0.12389439382855623,
11977,,,,,0.12579231812823877,
11978,,,,,0.0,
11979,,,,,0.0,
11980,,,,,0.0,
11981,,,,,0.770949720670391,
11982,,,,,0.0,
11983,,,,,0.9657534246575342,
11984,,,,,0.0,
11985,,,,,0.0,
11986,,,,,0.8174603174603174,
11987,,,,,0.0,
11988,,,,,0.14830085788388642,
11989,,,,,0.15134666281164513,
11990,,,,,0.0,
11991,,,,,0.0,
11992,,,,,0.061946902654867256,
11993,,,,,0.28421052631578947,
11994,,,,,0.6390243902439025,
11995,,,,,0.0,
11996,,,,,0.25,
11997,,,,,0.0,
11998,,,,,0.0,
11999,,,,,0.18232044198895028,
12000,,,,,0.10986233956241272,
12001,,,,,0.11335987367390966,
12002,,,,,0.8695652173913043,
12003,,,,,0.10434782608695652,
12004,,,,,0.0,
12005,,,,,0.7739130434782608,
12006,,,,,0.7586206896551724,
12007,,,,,0.0,
12008,,,,,0.0,
12009,,,,,0.0,
12010,,,,,0.0,
12011,,,,,0.2,
12012,,,,,0.1584757597925118,
12013,,,,,0.15937548651113137,
