step_idx,round,train_loss,test_acc,test_auc,asr,attack_auc
0,0,,,,0.0,
1,1,,,,0.0,
2,2,,,,0.5422222222222223,
3,3,,,,0.0,
4,4,,,,0.5206611570247934,
5,5,,,,0.0,
6,6,,,,0.0,
7,7,,,,0.0,
8,8,,,,0.0,
9,9,,,,0.0,
10,10,,,,0.0,
11,11,,,,0.0,
12,12,,,,0.004522178626055729,
13,13,,,,0.004759468896648356,
14,14,,,,0.0,
15,15,,,,0.2596685082872928,
16,16,,,,0.21052631578947367,
17,17,,,,0.0,
18,18,,,,0.0,
19,19,,,,0.0,
20,20,,,,0.0,
21,21,,,,0.0,
22,22,,,,0.08695652173913043,
23,23,,,,0.0,
24,24,,,,0.015495112056926249,
25,25,,,,0.0166359006294064,
26,26,,,,0.18085106382978725,
27,27,,,,0.0,
28,28,,,,0.4861878453038674,
29,29,,,,0.0,
30,30,,,,0.0,
31,31,,,,0.5644444444444444,
32,32,,,,0.0,
33,33,,,,0.9850746268656716,
34,34,,,,0.0,
35,35,,,,0.0,
36,36,,,,0.0406331050076478,
37,37,,,,0.042724017525520984,
38,38,,,,0.0,
39,39,,,,0.12121212121212122,
40,40,,,,0.5193370165745856,
41,41,,,,0.0,
42,42,,,,0.0,
43,43,,,,0.0,
44,44,,,,0.10638297872340426,
45,45,,,,0.0,
46,46,,,,0.12,
47,47,,,,0.6370967741935484,
48,48,,,,0.0939682117443639,
49,49,,,,0.09603451726975513,
50,50,,,,0.0,
51,51,,,,0.0,
52,52,,,,0.3582089552238806,
53,53,,,,0.2154696132596685,
54,54,,,,0.0,
55,55,,,,0.0,
56,56,,,,0.8137254901960784,
57,57,,,,0.6056338028169014,
58,58,,,,0.010526315789473684,
59,59,,,,0.0,
60,60,,,,0.0635100086453415,
61,61,,,,0.06380801992749593,
62,62,,,,0.0,
63,63,,,,0.0,
64,64,,,,0.010869565217391304,
65,65,,,,0.0,
66,66,,,,0.0,
67,67,,,,0.0,
68,68,,,,0.33519553072625696,
69,69,,,,0.0,
70,70,,,,0.0,
71,71,,,,0.0,
72,72,,,,0.07175633437520781,
73,73,,,,0.0721037297333363,
74,74,,,,0.0,
75,75,,,,0.0,
76,76,,,,0.0,
77,77,,,,0.0,
78,78,,,,0.0,
79,79,,,,0.0,
80,80,,,,0.008620689655172414,
81,81,,,,0.5217391304347826,
82,82,,,,0.0,
83,83,,,,0.0,
84,84,,,,0.052869588348739775,
85,85,,,,0.053110335164468565,
86,86,,,,0.0,
87,87,,,,0.352112676056338,
88,88,,,,0.7254901960784313,
89,89,,,,0.019417475728155338,
90,90,,,,0.0,
91,91,,,,0.16470588235294117,
92,92,,,,0.44,
93,93,,,,0.0,
94,94,,,,0.08208955223880597,
95,95,,,,0.0,
96,96,,,,0.08020216798563544,
97,97,,,,0.08006583190623401,
98,98,,,,0.0,
99,99,,,,0.1388888888888889,
100,100,,,,0.0,
101,101,,,,0.008264462809917356,
102,102,,,,0.0,
103,103,,,,0.0,
104,104,,,,0.5522388059701493,
105,105,,,,0.054945054945054944,
106,106,,,,0.0,
107,107,,,,0.1896551724137931,
108,108,,,,0.09476624326660903,
109,109,,,,0.09594555523430376,
110,110,,,,0.1453900709219858,
111,111,,,,0.0,
112,112,,,,0.0,
113,113,,,,0.0,
114,114,,,,0.0,
115,115,,,,0.0,
116,116,,,,0.0,
117,117,,,,0.06043956043956044,
118,118,,,,0.049586776859504134,
119,119,,,,0.0,
120,120,,,,0.10061847442973998,
121,121,,,,0.10232858127793965,
122,122,,,,0.00684931506849315,
123,123,,,,0.0,
124,124,,,,0.0,
125,125,,,,0.32,
126,126,,,,0.13793103448275862,
127,127,,,,0.008264462809917356,
128,128,,,,0.0,
129,129,,,,0.8360655737704918,
130,130,,,,0.0,
131,131,,,,0.017391304347826087,
132,132,,,,0.08186473365697945,
133,133,,,,0.08429152859017415,
134,134,,,,0.0136986301369863,
135,135,,,,0.39552238805970147,
136,136,,,,0.0,
137,137,,,,0.0,
138,138,,,,0.0,
139,139,,,,0.021052631578947368,
140,140,,,,0.0,
141,141,,,,0.0,
142,142,,,,0.4084507042253521,
143,143,,,,0.0,
144,144,,,,0.08146571789585688,
145,145,,,,0.08295709805840358,
146,146,,,,0.0,
147,147,,,,0.16379310344827586,
148,148,,,,0.6370967741935484,
149,149,,,,0.08241758241758242,
150,150,,,,0.07874015748031496,
151,151,,,,0.2235294117647059,
152,152,,,,0.0,
153,153,,,,0.013245033112582781,
154,154,,,,0.0,
155,155,,,,0.0,
156,156,,,,0.09257165658043492,
157,157,,,,0.09303204857327135,
158,158,,,,0.0,
159,159,,,,0.06583072100313479,
160,160,,,,0.0,
161,161,,,,0.0,
162,162,,,,0.015625,
163,163,,,,0.013029315960912053,
164,164,,,,0.0,
165,165,,,,0.0,
166,166,,,,0.0,
167,167,,,,0.0,
168,168,,,,0.10540666356321075,
169,169,,,,0.10557569557191468,
170,170,,,,0.05504587155963303,
171,171,,,,0.0,
172,172,,,,0.0,
173,173,,,,0.038834951456310676,
174,174,,,,0.0,
175,175,,,,0.0,
176,176,,,,0.0,
177,177,,,,0.0,
178,178,,,,0.36,
179,179,,,,0.0,
180,180,,,,0.09263815920728868,
181,181,,,,0.09401063096323643,
182,182,,,,0.12037037037037036,
183,183,,,,0.47317073170731705,
184,184,,,,0.0,
185,185,,,,0.0,
186,186,,,,0.0,
187,187,,,,0.0048543689320388345,
188,188,,,,0.39436619718309857,
189,189,,,,0.0,
190,190,,,,0.0,
191,191,,,,0.047619047619047616,
192,192,,,,0.08532287025337501,
193,193,,,,0.08558147810421902,
194,194,,,,0.0,
195,195,,,,0.0,
196,196,,,,0.0,
197,197,,,,0.15517241379310345,
198,198,,,,0.24242424242424243,
199,199,,,,0.09239130434782608,
200,200,,,,0.0,
201,201,,,,0.0,
202,202,,,,0.34523809523809523,
203,203,,,,0.2849162011173184,
204,204,,,,0.0834607967014697,
205,205,,,,0.08491426283833374,
206,206,,,,0.06299212598425197,
207,207,,,,0.0,
208,208,,,,0.031578947368421054,
209,209,,,,0.09219858156028368,
210,210,,,,0.0,
211,211,,,,0.0,
212,212,,,,0.0,
213,213,,,,0.02654867256637168,
214,214,,,,0.0,
215,215,,,,0.0,
216,216,,,,0.0772095497772162,
217,217,,,,0.07828659119720659,
218,218,,,,0.009708737864077669,
219,219,,,,0.02608695652173913,
220,220,,,,0.21739130434782608,
221,221,,,,0.0,
222,222,,,,0.0,
223,223,,,,0.07766990291262135,
224,224,,,,0.11413043478260869,
225,225,,,,0.32682926829268294,
226,226,,,,0.0,
227,227,,,,0.0,
228,228,,,,0.10440912416040433,
229,229,,,,0.10659875897960545,
230,230,,,,0.03761755485893417,
231,231,,,,0.13043478260869565,
232,232,,,,0.0,
233,233,,,,0.0,
234,234,,,,0.0,
235,235,,,,0.0851063829787234,
236,236,,,,0.1043956043956044,
237,237,,,,0.009708737864077669,
238,238,,,,0.125,
239,239,,,,0.0,
240,240,,,,0.1041431136529893,
241,241,,,,0.10468607521740098,
242,242,,,,0.0,
243,243,,,,0.5466666666666666,
244,244,,,,0.0,
245,245,,,,0.0,
246,246,,,,0.4701492537313433,
247,247,,,,0.0136986301369863,
248,248,,,,0.08241758241758242,
249,249,,,,0.0,
250,250,,,,0.391304347826087,
251,251,,,,0.18181818181818182,
252,252,,,,0.0880494779543792,
253,253,,,,0.08880635188933123,
254,254,,,,0.10526315789473684,
255,255,,,,0.47549019607843135,
256,256,,,,0.0,
257,257,,,,0.042105263157894736,
258,258,,,,0.019417475728155338,
259,259,,,,0.0,
260,260,,,,0.0,
261,261,,,,0.0,
262,262,,,,0.0,
263,263,,,,0.21551724137931033,
264,264,,,,0.08798297532752544,
265,265,,,,0.08820585815003447,
266,266,,,,0.0,
267,267,,,,0.0,
268,268,,,,0.0,
269,269,,,,0.0,
270,270,,,,0.0,
271,271,,,,0.09473684210526316,
272,272,,,,0.2222222222222222,
273,273,,,,0.006060606060606061,
274,274,,,,0.07936507936507936,
275,275,,,,0.0,
276,276,,,,0.09908891401210347,
277,277,,,,0.09899250494851322,
278,278,,,,0.01818181818181818,
279,279,,,,0.0410958904109589,
280,280,,,,0.03305785123966942,
281,281,,,,0.1724137931034483,
282,282,,,,0.0,
283,283,,,,0.031088082901554404,
284,284,,,,0.11594202898550725,
285,285,,,,0.008849557522123894,
286,286,,,,0.0,
287,287,,,,0.35121951219512193,
288,288,,,,0.09596329054997672,
289,289,,,,0.0965905299913262,
290,290,,,,0.3333333333333333,
291,291,,,,0.008695652173913044,
292,292,,,,0.03305785123966942,
293,293,,,,0.047244094488188976,
294,294,,,,0.0,
295,295,,,,0.1368421052631579,
296,296,,,,0.0,
297,297,,,,0.7698412698412699,
298,298,,,,0.0,
299,299,,,,0.6293103448275862,
300,300,,,,0.09815787723615083,
301,301,,,,0.09801392255854814,
302,302,,,,0.0,
303,303,,,,0.0,
304,304,,,,0.0,
305,305,,,,0.25252525252525254,
306,306,,,,0.36097560975609755,
307,307,,,,0.0,
308,308,,,,0.0,
309,309,,,,0.0,
310,310,,,,0.0,
311,311,,,,0.2127659574468085,
312,312,,,,0.11092638159207288,
313,313,,,,0.11066877210150568,
314,314,,,,0.05181347150259067,
315,315,,,,0.045871559633027525,
316,316,,,,0.0,
317,317,,,,0.0,
318,318,,,,0.753968253968254,
319,319,,,,0.010526315789473684,
320,320,,,,0.21195652173913043,
321,321,,,,0.6284153005464481,
322,322,,,,0.0,
323,323,,,,0.4154929577464789,
324,324,,,,0.0995544324000798,
325,325,,,,0.09988212530302694,
326,326,,,,0.0,
327,327,,,,0.2887323943661972,
328,328,,,,0.0,
329,329,,,,0.0,
330,330,,,,0.6010928961748634,
331,331,,,,0.0,
332,332,,,,0.0,
333,333,,,,0.05314009661835749,
334,334,,,,0.11413043478260869,
335,335,,,,0.417910447761194,
336,336,,,,0.09230564607301989,
337,337,,,,0.09220914974534618,
338,338,,,,0.10666666666666667,
339,339,,,,0.0,
340,340,,,,0.019417475728155338,
341,341,,,,0.0,
342,342,,,,0.05263157894736842,
343,343,,,,0.30303030303030304,
344,344,,,,0.2926829268292683,
345,345,,,,0.0,
346,346,,,,0.6370967741935484,
347,347,,,,0.013029315960912053,
348,348,,,,0.10168251645940014,
349,349,,,,0.10083846718412917,
350,350,,,,0.39106145251396646,
351,351,,,,0.0,
352,352,,,,0.5637254901960784,
353,353,,,,0.0,
354,354,,,,0.0,
355,355,,,,0.0,
356,356,,,,0.39655172413793105,
357,357,,,,0.0,
358,358,,,,0.05825242718446602,
359,359,,,,0.0,
360,360,,,,0.10407661102613554,
361,361,,,,0.10368525231857305,
362,362,,,,0.27071823204419887,
363,363,,,,0.08737864077669903,
364,364,,,,0.22608695652173913,
365,365,,,,0.0,
366,366,,,,0.0,
367,367,,,,0.0,
368,368,,,,0.22926829268292684,
369,369,,,,0.0,
370,370,,,,0.011049723756906077,
371,371,,,,0.00966183574879227,
372,372,,,,0.08080069162731927,
373,373,,,,0.08131130040255322,
374,374,,,,0.0234375,
375,375,,,,0.0,
376,376,,,,0.030303030303030304,
377,377,,,,0.0,
378,378,,,,0.04424778761061947,
379,379,,,,0.0,
380,380,,,,0.021052631578947368,
381,381,,,,0.52,
382,382,,,,0.0,
383,383,,,,0.24242424242424243,
384,384,,,,0.09383520649065638,
385,385,,,,0.09574539065453817,
386,386,,,,0.31343283582089554,
387,387,,,,0.0,
388,388,,,,0.40487804878048783,
389,389,,,,0.3591549295774648,
390,390,,,,0.043478260869565216,
391,391,,,,0.0,
392,392,,,,0.023622047244094488,
393,393,,,,0.0,
394,394,,,,0.2867132867132867,
395,395,,,,0.4245810055865922,
396,396,,,,0.08765046219325663,
397,397,,,,0.08974045326157062,
398,398,,,,0.0,
399,399,,,,0.031746031746031744,
400,400,,,,0.00975609756097561,
401,401,,,,0.0,
402,402,,,,0.046632124352331605,
403,403,,,,0.0,
404,404,,,,0.10526315789473684,
405,405,,,,0.8174603174603174,
406,406,,,,0.054945054945054944,
407,407,,,,0.8706896551724138,
408,408,,,,0.09416771962492518,
409,409,,,,0.09558970709249828,
410,410,,,,0.0,
411,411,,,,0.0,
412,412,,,,0.11594202898550725,
413,413,,,,0.0,
414,414,,,,0.0,
415,415,,,,0.0,
416,416,,,,0.2596685082872928,
417,417,,,,0.04075235109717868,
418,418,,,,0.0,
419,419,,,,0.0,
420,420,,,,0.09476624326660903,
421,421,,,,0.09754687187242844,
422,422,,,,0.0,
423,423,,,,0.12087912087912088,
424,424,,,,0.0,
425,425,,,,0.03398058252427184,
426,426,,,,0.0,
427,427,,,,0.0,
428,428,,,,0.0,
429,429,,,,0.09722222222222222,
430,430,,,,0.0,
431,431,,,,0.006622516556291391,
432,432,,,,0.10420961627984306,
433,433,,,,0.10488623979716656,
434,434,,,,0.0,
435,435,,,,0.003257328990228013,
436,436,,,,0.17318435754189945,
437,437,,,,0.05329153605015674,
438,438,,,,0.22105263157894736,
439,439,,,,0.10989010989010989,
440,440,,,,0.5098039215686274,
441,441,,,,0.0,
442,442,,,,0.0,
443,443,,,,0.0,
444,444,,,,0.09749285096761322,
445,445,,,,0.09754687187242844,
446,446,,,,0.0,
447,447,,,,0.0,
448,448,,,,0.0,
449,449,,,,0.0,
450,450,,,,0.0,
451,451,,,,0.011049723756906077,
452,452,,,,0.34965034965034963,
453,453,,,,0.0,
454,454,,,,0.009708737864077669,
455,455,,,,0.48226950354609927,
456,456,,,,0.09456673538604775,
457,457,,,,0.0935213397682539,
458,458,,,,0.019417475728155338,
459,459,,,,0.017391304347826087,
460,460,,,,0.0234375,
461,461,,,,0.0,
462,462,,,,0.0,
463,463,,,,0.2828282828282828,
464,464,,,,0.4396551724137931,
465,465,,,,0.0,
466,466,,,,0.009771986970684038,
467,467,,,,0.0,
468,468,,,,0.11558156547183614,
469,469,,,,0.11364900028912661,
470,470,,,,0.0,
471,471,,,,0.0,
472,472,,,,0.0,
473,473,,,,0.1111111111111111,
474,474,,,,0.0,
475,475,,,,0.291044776119403,
476,476,,,,0.44047619047619047,
477,477,,,,0.0,
478,478,,,,0.014492753623188406,
479,479,,,,0.03937007874015748,
480,480,,,,0.09170712243133604,
481,481,,,,0.09203122567444343,
482,482,,,,0.41379310344827586,
483,483,,,,0.0,
484,484,,,,0.0,
485,485,,,,0.1288888888888889,
486,486,,,,0.0,
487,487,,,,0.0,
488,488,,,,0.22282608695652173,
489,489,,,,0.22926829268292684,
490,490,,,,0.23414634146341465,
491,491,,,,0.7777777777777778,
492,492,,,,0.08791647270067168,
493,493,,,,0.08840602272980005,
494,494,,,,0.753968253968254,
495,495,,,,0.18823529411764706,
496,496,,,,0.14492753623188406,
497,497,,,,0.1111111111111111,
498,498,,,,0.0,
499,499,,,,0.0,
500,500,,,,0.0,
501,501,,,,0.0,
502,502,,,,0.08904109589041095,
503,503,,,,0.015544041450777202,
504,504,,,,0.0958302852962692,
505,505,,,,0.09616796032293219,
506,506,,,,0.0,
507,507,,,,0.0,
508,508,,,,0.0,
509,509,,,,0.03761755485893417,
510,510,,,,0.0,
511,511,,,,0.0,
512,512,,,,0.19130434782608696,
513,513,,,,0.0,
514,514,,,,0.0,
515,515,,,,0.024271844660194174,
516,516,,,,0.08166522577641817,
517,517,,,,0.08137802192914174,
518,518,,,,0.5130434782608696,
519,519,,,,0.0,
520,520,,,,0.0970873786407767,
521,521,,,,0.0,
522,522,,,,0.027522935779816515,
523,523,,,,0.009771986970684038,
524,524,,,,0.0,
525,525,,,,0.0,
526,526,,,,0.0,
527,527,,,,0.4097560975609756,
528,528,,,,0.09150761455077476,
529,529,,,,0.09278740297578009,
530,530,,,,0.40476190476190477,
531,531,,,,0.15760869565217392,
532,532,,,,0.031914893617021274,
533,533,,,,0.0,
534,534,,,,0.22105263157894736,
535,535,,,,0.0,
536,536,,,,0.0,
537,537,,,,0.6290322580645161,
538,538,,,,0.06060606060606061,
539,539,,,,0.02912621359223301,
540,540,,,,0.09031056726740706,
541,541,,,,0.0911860863376554,
542,542,,,,0.0,
543,543,,,,0.0,
544,544,,,,0.23555555555555555,
545,545,,,,0.0,
546,546,,,,0.23,
547,547,,,,0.0,
548,548,,,,0.0,
549,549,,,,0.07368421052631578,
550,550,,,,0.014705882352941176,
551,551,,,,0.0,
552,552,,,,0.08844849371550176,
553,553,,,,0.08885083290705692,
554,554,,,,0.0,
555,555,,,,0.06060606060606061,
556,556,,,,0.4051724137931034,
557,557,,,,0.0,
558,558,,,,0.10588235294117647,
559,559,,,,0.0,
560,560,,,,0.09523809523809523,
561,561,,,,0.25365853658536586,
562,562,,,,0.7380952380952381,
563,563,,,,0.0,
564,564,,,,0.10128350069827759,
565,565,,,,0.09912594800169028,
566,566,,,,0.0,
567,567,,,,0.14736842105263157,
568,568,,,,0.32044198895027626,
569,569,,,,0.0,
570,570,,,,0.011428571428571429,
571,571,,,,0.0,
572,572,,,,0.36619718309859156,
573,573,,,,0.043478260869565216,
574,574,,,,0.004878048780487805,
575,575,,,,0.10989010989010989,
576,576,,,,0.10248054798164527,
577,577,,,,0.10070502413095211,
578,578,,,,0.03669724770642202,
579,579,,,,0.0,
580,580,,,,0.0,
581,581,,,,0.0,
582,582,,,,0.04794520547945205,
583,583,,,,0.05642633228840126,
584,584,,,,0.0970873786407767,
585,585,,,,0.0,
586,586,,,,0.1865671641791045,
587,587,,,,0.0,
588,588,,,,0.088381991088648,
589,589,,,,0.08658230100304695,
590,590,,,,0.0,
591,591,,,,0.12698412698412698,
592,592,,,,0.28292682926829266,
593,593,,,,0.43478260869565216,
594,594,,,,0.004901960784313725,
595,595,,,,0.08695652173913043,
596,596,,,,0.0,
597,597,,,,0.0,
598,598,,,,0.0,
599,599,,,,0.20444444444444446,
600,600,,,,0.10800026601050741,
601,601,,,,0.1073994172986678,
602,602,,,,0.0,
603,603,,,,0.0,
604,604,,,,0.0,
605,605,,,,0.014492753623188406,
606,606,,,,0.2122905027932961,
607,607,,,,0.09326424870466321,
608,608,,,,0.4143646408839779,
609,609,,,,0.0,
610,610,,,,0.0,
611,611,,,,0.06593406593406594,
612,612,,,,0.09436722750548647,
613,613,,,,0.09338789671507684,
614,614,,,,0.0,
615,615,,,,0.011428571428571429,
616,616,,,,0.0,
617,617,,,,0.06382978723404255,
618,618,,,,0.7466666666666667,
619,619,,,,0.0,
620,620,,,,0.0,
621,621,,,,0.0,
622,622,,,,0.04794520547945205,
623,623,,,,0.5638297872340425,
624,624,,,,0.09868989825098091,
625,625,,,,0.09816960612058803,
626,626,,,,0.034782608695652174,
627,627,,,,0.4523809523809524,
628,628,,,,0.0,
629,629,,,,0.5686274509803921,
630,630,,,,0.27,
631,631,,,,0.1111111111111111,
632,632,,,,0.0,
633,633,,,,0.0,
634,634,,,,0.0,
635,635,,,,0.21787709497206703,
636,636,,,,0.10873179490589878,
637,637,,,,0.10795543002023886,
638,638,,,,0.4631578947368421,
639,639,,,,0.0,
640,640,,,,0.3739130434782609,
641,641,,,,0.009708737864077669,
642,642,,,,0.06593406593406594,
643,643,,,,0.04296875,
644,644,,,,0.0,
645,645,,,,0.0,
646,646,,,,0.44047619047619047,
647,647,,,,0.6229508196721312,
648,648,,,,0.10653720821972468,
649,649,,,,0.10530880946556057,
650,650,,,,0.043478260869565216,
651,651,,,,0.01818181818181818,
652,652,,,,0.0,
653,653,,,,0.11398963730569948,
654,654,,,,0.050505050505050504,
655,655,,,,0.0,
656,656,,,,0.0,
657,657,,,,0.0,
658,658,,,,0.3743016759776536,
659,659,,,,0.0958904109589041,
660,660,,,,0.09849039037041964,
661,661,,,,0.09832528968262794,
662,662,,,,0.0,
663,663,,,,0.0,
664,664,,,,0.0,
665,665,,,,0.4396551724137931,
666,666,,,,0.0,
667,667,,,,0.22905027932960895,
668,668,,,,0.6078431372549019,
669,669,,,,0.0,
670,670,,,,0.29333333333333333,
671,671,,,,0.0,
672,672,,,,0.10547316619006451,
673,673,,,,0.10446367012877254,
674,674,,,,0.0,
675,675,,,,0.0,
676,676,,,,0.35789473684210527,
677,677,,,,0.0,
678,678,,,,0.004878048780487805,
679,679,,,,0.007042253521126761,
680,680,,,,0.0,
681,681,,,,0.0,
682,682,,,,0.017142857142857144,
683,683,,,,0.08333333333333333,
684,684,,,,0.10201502959366895,
685,685,,,,0.10108311278162044,
686,686,,,,0.005714285714285714,
687,687,,,,0.21678321678321677,
688,688,,,,0.0,
689,689,,,,0.0,
690,690,,,,0.05319148936170213,
691,691,,,,0.0,
692,692,,,,0.07836990595611286,
693,693,,,,0.0,
694,694,,,,0.0,
695,695,,,,0.36904761904761907,
696,696,,,,0.0846578439848374,
697,697,,,,0.08455841469652825,
698,698,,,,0.5140845070422535,
699,699,,,,0.31788079470198677,
700,700,,,,0.39655172413793105,
701,701,,,,0.06349206349206349,
702,702,,,,0.0,
703,703,,,,0.0,
704,704,,,,0.0,
705,705,,,,0.2,
706,706,,,,0.0,
707,707,,,,0.0,
708,708,,,,0.0873844516858416,
709,709,,,,0.08729399728665792,
710,710,,,,0.46956521739130436,
711,711,,,,0.0,
712,712,,,,0.018808777429467086,
713,713,,,,0.35344827586206895,
714,714,,,,0.0,
715,715,,,,0.00975609756097561,
716,716,,,,0.011049723756906077,
717,717,,,,0.0,
718,718,,,,0.0,
719,719,,,,0.07729468599033816,
720,720,,,,0.10248054798164527,
721,721,,,,0.10237306229566533,
722,722,,,,0.06018518518518518,
723,723,,,,0.0,
724,724,,,,0.10031347962382445,
725,725,,,,0.07936507936507936,
726,726,,,,0.0,
727,727,,,,0.10989010989010989,
728,728,,,,0.00819672131147541,
729,729,,,,0.027522935779816515,
730,730,,,,0.0,
731,731,,,,0.0,
732,732,,,,0.09190663031189732,
733,733,,,,0.09140849142628384,
734,734,,,,0.0,
735,735,,,,0.007042253521126761,
736,736,,,,0.009708737864077669,
737,737,,,,0.0,
738,738,,,,0.0989010989010989,
739,739,,,,0.0,
740,740,,,,0.013245033112582781,
741,741,,,,0.019417475728155338,
742,742,,,,0.76,
743,743,,,,0.09411764705882353,
744,744,,,,0.10021945866861741,
745,745,,,,0.10028245446255811,
746,746,,,,0.0,
747,747,,,,0.0,
748,748,,,,0.0,
749,749,,,,0.0,
750,750,,,,0.0,
751,751,,,,0.004901960784313725,
752,752,,,,0.4166666666666667,
753,753,,,,0.3565217391304348,
754,754,,,,0.08737864077669903,
755,755,,,,0.109717868338558,
756,756,,,,0.1029460663696216,
757,757,,,,0.10453039165536107,
758,758,,,,0.0,
759,759,,,,0.0,
760,760,,,,0.0,
761,761,,,,0.0,
762,762,,,,0.0,
763,763,,,,0.007194244604316547,
764,764,,,,0.0,
765,765,,,,0.03398058252427184,
766,766,,,,0.0,
767,767,,,,0.13471502590673576,
768,768,,,,0.10015295604176365,
769,769,,,,0.10019349242710673,
770,770,,,,0.0,
771,771,,,,0.0035971223021582736,
772,772,,,,0.0728476821192053,
773,773,,,,0.0,
774,774,,,,0.0,
775,775,,,,0.0,
776,776,,,,0.10869565217391304,
777,777,,,,0.0,
778,778,,,,0.0,
779,779,,,,0.1743119266055046,
780,780,,,,0.11152490523375673,
781,781,,,,0.10935658207859796,
782,782,,,,0.03398058252427184,
783,783,,,,0.022222222222222223,
784,784,,,,0.0,
785,785,,,,0.0,
786,786,,,,0.0,
787,787,,,,0.023622047244094488,
788,788,,,,0.07058823529411765,
789,789,,,,0.4146341463414634,
790,790,,,,0.1650485436893204,
791,791,,,,0.0,
792,792,,,,0.11877369156081666,
793,793,,,,0.11640682338811913,
794,794,,,,0.0,
795,795,,,,0.0,
796,796,,,,0.26519337016574585,
797,797,,,,0.038834951456310676,
798,798,,,,0.0,
799,799,,,,0.0035971223021582736,
800,800,,,,0.06217616580310881,
801,801,,,,0.0,
802,802,,,,0.0,
803,803,,,,0.11413043478260869,
804,804,,,,0.10248054798164527,
805,805,,,,0.10132775837911172,
806,806,,,,0.0,
807,807,,,,0.0,
808,808,,,,0.0,
809,809,,,,0.0,
810,810,,,,0.006060606060606061,
811,811,,,,0.45652173913043476,
812,812,,,,0.13131313131313133,
813,813,,,,0.6048387096774194,
814,814,,,,0.17391304347826086,
815,815,,,,0.0,
816,816,,,,0.10420961627984306,
817,817,,,,0.10114983430820897,
818,818,,,,0.013888888888888888,
819,819,,,,0.007042253521126761,
820,820,,,,0.019417475728155338,
821,821,,,,0.06857142857142857,
822,822,,,,0.5628415300546448,
823,823,,,,0.0,
824,824,,,,0.0,
825,825,,,,0.09933774834437085,
826,826,,,,0.0,
827,827,,,,0.004878048780487805,
828,828,,,,0.0973598457139057,
829,829,,,,0.094922491826613,
830,830,,,,0.0,
831,831,,,,0.008264462809917356,
832,832,,,,0.5043478260869565,
833,833,,,,0.019417475728155338,
834,834,,,,0.08,
835,835,,,,0.07534246575342465,
836,836,,,,0.0,
837,837,,,,0.25365853658536586,
838,838,,,,0.0,
839,839,,,,0.1956521739130435,
840,840,,,,0.09223914344616613,
841,841,,,,0.09187554211240354,
842,842,,,,0.17391304347826086,
843,843,,,,0.43661971830985913,
844,844,,,,0.07729468599033816,
845,845,,,,0.4666666666666667,
846,846,,,,0.0,
847,847,,,,0.0425531914893617,
848,848,,,,0.007042253521126761,
849,849,,,,0.16417910447761194,
850,850,,,,0.3111111111111111,
851,851,,,,0.012121212121212121,
852,852,,,,0.08971204362572321,
853,853,,,,0.08853946578297711,
854,854,,,,0.0,
855,855,,,,0.0,
856,856,,,,0.057971014492753624,
857,857,,,,0.0,
858,858,,,,0.0,
859,859,,,,0.19047619047619047,
860,860,,,,0.0,
861,861,,,,0.08695652173913043,
862,862,,,,0.15,
863,863,,,,0.43157894736842106,
864,864,,,,0.09829088248985834,
865,865,,,,0.0981473656117252,
866,866,,,,0.0,
867,867,,,,0.0,
868,868,,,,0.31788079470198677,
869,869,,,,0.0,
870,870,,,,0.11194029850746269,
871,871,,,,0.011111111111111112,
872,872,,,,0.05511811023622047,
873,873,,,,0.49137931034482757,
874,874,,,,0.08695652173913043,
875,875,,,,0.0,
876,876,,,,0.10301256899647536,
877,877,,,,0.10166136601205436,
878,878,,,,0.5683060109289617,
879,879,,,,0.15753424657534246,
880,880,,,,0.0,
881,881,,,,0.33519553072625696,
882,882,,,,0.3149171270718232,
883,883,,,,0.009771986970684038,
884,884,,,,0.25217391304347825,
885,885,,,,0.3448275862068966,
886,886,,,,0.046296296296296294,
887,887,,,,0.0,
888,888,,,,0.10268005586220656,
889,889,,,,0.10212841669817406,
890,890,,,,0.33620689655172414,
891,891,,,,0.375609756097561,
892,892,,,,0.2391304347826087,
893,893,,,,0.0,
894,894,,,,0.0,
895,895,,,,0.0547945205479452,
896,896,,,,0.0,
897,897,,,,0.17582417582417584,
898,898,,,,0.1826086956521739,
899,899,,,,0.28444444444444444,
900,900,,,,0.11046086320409657,
901,901,,,,0.1107354936280942,
902,902,,,,0.007042253521126761,
903,903,,,,0.0,
904,904,,,,0.17164179104477612,
905,905,,,,0.12582781456953643,
906,906,,,,0.0,
907,907,,,,0.0,
908,908,,,,0.0,
909,909,,,,0.0,
910,910,,,,0.08264462809917356,
911,911,,,,0.009259259259259259,
912,912,,,,0.08791647270067168,
913,913,,,,0.08718279474234371,
914,914,,,,0.13043478260869565,
915,915,,,,0.0,
916,916,,,,0.28780487804878047,
917,917,,,,0.0,
918,918,,,,0.0,
919,919,,,,0.04395604395604396,
920,920,,,,0.18536585365853658,
921,921,,,,0.2608695652173913,
922,922,,,,0.06349206349206349,
923,923,,,,0.0,
924,924,,,,0.09263815920728868,
925,925,,,,0.09240931432511176,
926,926,,,,0.00975609756097561,
927,927,,,,0.5565217391304348,
928,928,,,,0.3370165745856354,
929,929,,,,0.0,
930,930,,,,0.44047619047619047,
931,931,,,,0.014492753623188406,
932,932,,,,0.008264462809917356,
933,933,,,,0.424390243902439,
934,934,,,,0.11304347826086956,
935,935,,,,0.031496062992125984,
936,936,,,,0.09509875640087784,
937,937,,,,0.09547850454818406,
938,938,,,,0.0,
939,939,,,,0.0,
940,940,,,,0.0,
941,941,,,,0.0,
942,942,,,,0.0,
943,943,,,,0.3259668508287293,
944,944,,,,0.0,
945,945,,,,0.00975609756097561,
946,946,,,,0.0,
947,947,,,,0.06593406593406594,
948,948,,,,0.10607168983174835,
949,949,,,,0.10517536641238351,
950,950,,,,0.009174311926605505,
951,951,,,,0.006060606060606061,
952,952,,,,0.0,
953,953,,,,0.0,
954,954,,,,0.5343137254901961,
955,955,,,,0.23076923076923078,
956,956,,,,0.18042813455657492,
957,957,,,,0.07608695652173914,
958,958,,,,0.5563380281690141,
959,959,,,,0.8412698412698413,
960,960,,,,0.10321207687703664,
961,961,,,,0.10255098636656806,
962,962,,,,0.007194244604316547,
963,963,,,,0.0,
964,964,,,,0.02962962962962963,
965,965,,,,0.0,
966,966,,,,0.0,
967,967,,,,0.0,
968,968,,,,0.10869565217391304,
969,969,,,,0.17333333333333334,
970,970,,,,0.15217391304347827,
971,971,,,,0.2463768115942029,
972,972,,,,0.09809137460929707,
973,973,,,,0.09994884682961547,
974,974,,,,0.0,
975,975,,,,0.0625,
976,976,,,,0.0,
977,977,,,,0.007042253521126761,
978,978,,,,0.04390243902439024,
979,979,,,,0.33170731707317075,
980,980,,,,0.0,
981,981,,,,0.2146341463414634,
982,982,,,,0.0,
983,983,,,,0.0,
984,984,,,,0.10228104010108399,
985,985,,,,0.10292907501723639,
986,986,,,,0.017391304347826087,
987,987,,,,0.1095890410958904,
988,988,,,,0.0,
989,989,,,,0.011111111111111112,
990,990,,,,0.2596685082872928,
991,991,,,,0.0,
992,992,,,,0.0,
993,993,,,,0.08571428571428572,
994,994,,,,0.0,
995,995,,,,0.0,
996,996,,,,0.09809137460929707,
997,997,,,,0.09852545426239352,
998,998,,,,0.06217616580310881,
999,999,,,,0.0,
1000,1000,,,,0.0,
1001,,,,,0.03937007874015748,
1002,,,,,0.0,
1003,,,,,0.0,
1004,,,,,0.0,
1005,,,,,0.03908794788273615,
1006,,,,,0.04040404040404041,
1007,,,,,0.0,
1008,,,,,0.08319478619405467,
1009,,,,,0.08346862976224896,
1010,,,,,0.0,
1011,,,,,0.017985611510791366,
1012,,,,,0.20388349514563106,
1013,,,,,0.02054794520547945,
1014,,,,,0.06857142857142857,
1015,,,,,0.16304347826086957,
1016,,,,,0.011049723756906077,
1017,,,,,0.0,
1018,,,,,0.0,
1019,,,,,0.1,
1020,,,,,0.11651260224778878,
1021,,,,,0.1172297222160443,
1022,,,,,0.26956521739130435,
1023,,,,,0.2975609756097561,
1024,,,,,0.1553398058252427,
1025,,,,,0.0,
1026,,,,,0.08823529411764706,
1027,,,,,0.0,
1028,,,,,0.02734375,
1029,,,,,0.3217391304347826,
1030,,,,,0.0,
1031,,,,,0.287292817679558,
1032,,,,,0.10959632905499768,
1033,,,,,0.1103129239597002,
1034,,,,,0.17391304347826086,
1035,,,,,0.4396551724137931,
1036,,,,,0.0,
1037,,,,,0.0,
1038,,,,,0.017391304347826087,
1039,,,,,0.0,
1040,,,,,0.2251655629139073,
1041,,,,,0.006060606060606061,
1042,,,,,0.0,
1043,,,,,0.0,
1044,,,,,0.08864800159606305,
1045,,,,,0.08860618730956564,
1046,,,,,0.0,
1047,,,,,0.0877742946708464,
1048,,,,,0.40437158469945356,
1049,,,,,0.29,
1050,,,,,0.0,
1051,,,,,0.011111111111111112,
1052,,,,,0.0,
1053,,,,,0.0,
1054,,,,,0.0,
1055,,,,,0.0,
1056,,,,,0.1014165059519851,
1057,,,,,0.10130551787024887,
1058,,,,,0.19555555555555557,
1059,,,,,0.08609271523178808,
1060,,,,,0.10344827586206896,
1061,,,,,0.0,
1062,,,,,0.0,
1063,,,,,0.1262135922330097,
1064,,,,,0.019417475728155338,
1065,,,,,0.1620795107033639,
1066,,,,,0.3,
1067,,,,,0.0,
1068,,,,,0.1041431136529893,
1069,,,,,0.10455263216422392,
1070,,,,,0.23547400611620795,
1071,,,,,0.07964601769911504,
1072,,,,,0.008695652173913044,
1073,,,,,0.4019607843137255,
1074,,,,,0.10596026490066225,
1075,,,,,0.0,
1076,,,,,0.25139664804469275,
1077,,,,,0.007042253521126761,
1078,,,,,0.0,
1079,,,,,0.011111111111111112,
1080,,,,,0.09543126953514663,
1081,,,,,0.09607899828748082,
1082,,,,,0.031496062992125984,
1083,,,,,0.4396551724137931,
1084,,,,,0.0,
1085,,,,,0.09523809523809523,
1086,,,,,0.0,
1087,,,,,0.1958041958041958,
1088,,,,,0.07446808510638298,
1089,,,,,0.0,
1090,,,,,0.11304347826086956,
1091,,,,,0.0,
1092,,,,,0.09390170911751014,
1093,,,,,0.09443320063163045,
1094,,,,,0.0,
1095,,,,,0.0,
1096,,,,,0.1956521739130435,
1097,,,,,0.0,
1098,,,,,0.4644808743169399,
1099,,,,,0.006060606060606061,
1100,,,,,0.10588235294117647,
1101,,,,,0.5866666666666667,
1102,,,,,0.035398230088495575,
1103,,,,,0.5140845070422535,
1104,,,,,0.10760125024938486,
1105,,,,,0.10573137913395458,
1106,,,,,0.006060606060606061,
1107,,,,,0.0,
1108,,,,,0.0,
1109,,,,,0.20869565217391303,
1110,,,,,0.0,
1111,,,,,0.0,
1112,,,,,0.22105263157894736,
1113,,,,,0.0,
1114,,,,,0.0,
1115,,,,,0.0,
1116,,,,,0.10248054798164527,
1117,,,,,0.10086070769299202,
1118,,,,,0.2,
1119,,,,,0.0,
1120,,,,,0.031496062992125984,
1121,,,,,0.0,
1122,,,,,0.0,
1123,,,,,0.2,
1124,,,,,0.0,
1125,,,,,0.0,
1126,,,,,0.0,
1127,,,,,0.0,
1128,,,,,0.09130810667021347,
1129,,,,,0.09189778262126637,
1130,,,,,0.18536585365853658,
1131,,,,,0.1,
1132,,,,,0.09090909090909091,
1133,,,,,0.20869565217391303,
1134,,,,,0.6086956521739131,
1135,,,,,0.0,
1136,,,,,0.6126760563380281,
1137,,,,,0.0,
1138,,,,,0.0,
1139,,,,,0.1956521739130435,
1140,,,,,0.0973598457139057,
1141,,,,,0.09645708693814914,
1142,,,,,0.0,
1143,,,,,0.1044776119402985,
1144,,,,,0.0,
1145,,,,,0.10434782608695652,
1146,,,,,0.0,
1147,,,,,0.007042253521126761,
1148,,,,,0.10101010101010101,
1149,,,,,0.0,
1150,,,,,0.11707317073170732,
1151,,,,,0.15987460815047022,
1152,,,,,0.08086719425417303,
1153,,,,,0.07933189511376021,
1154,,,,,0.2048780487804878,
1155,,,,,0.009708737864077669,
1156,,,,,0.025210084033613446,
1157,,,,,0.0,
1158,,,,,0.006060606060606061,
1159,,,,,0.06315789473684211,
1160,,,,,0.2222222222222222,
1161,,,,,0.20869565217391303,
1162,,,,,0.45217391304347826,
1163,,,,,0.44366197183098594,
1164,,,,,0.09682782469907561,
1165,,,,,0.09630140337610925,
1166,,,,,0.18181818181818182,
1167,,,,,0.1417910447761194,
1168,,,,,0.0,
1169,,,,,0.25274725274725274,
1170,,,,,0.25862068965517243,
1171,,,,,0.022222222222222223,
1172,,,,,0.3259668508287293,
1173,,,,,0.07368421052631578,
1174,,,,,0.22608695652173913,
1175,,,,,0.0,
1176,,,,,0.08532287025337501,
1177,,,,,0.08438049062562551,
1178,,,,,0.18446601941747573,
1179,,,,,0.021052631578947368,
1180,,,,,0.037037037037037035,
1181,,,,,0.0,
1182,,,,,0.20149253731343283,
1183,,,,,0.0,
1184,,,,,0.0,
1185,,,,,0.011111111111111112,
1186,,,,,0.4260869565217391,
1187,,,,,0.0,
1188,,,,,0.10693622398084725,
1189,,,,,0.10677668305050819,
1190,,,,,0.1048951048951049,
1191,,,,,0.0,
1192,,,,,0.0,
1193,,,,,0.0,
1194,,,,,0.037037037037037035,
1195,,,,,0.1262135922330097,
1196,,,,,0.0,
1197,,,,,0.01834862385321101,
1198,,,,,0.16483516483516483,
1199,,,,,0.1368421052631579,
1200,,,,,0.0902440646405533,
1201,,,,,0.08840602272980005,
1202,,,,,0.0,
1203,,,,,0.0,
1204,,,,,0.41739130434782606,
1205,,,,,0.0,
1206,,,,,0.0,
1207,,,,,0.0,
1208,,,,,0.28,
1209,,,,,0.0,
1210,,,,,0.0,
1211,,,,,0.0,
1212,,,,,0.10780075812994613,
1213,,,,,0.10848920223294709,
1214,,,,,0.30386740331491713,
1215,,,,,0.006269592476489028,
1216,,,,,0.0,
1217,,,,,0.10362694300518134,
1218,,,,,0.0,
1219,,,,,0.027522935779816515,
1220,,,,,0.24390243902439024,
1221,,,,,0.0,
1222,,,,,0.0,
1223,,,,,0.07936507936507936,
1224,,,,,0.09197313293875108,
1225,,,,,0.09131952939083246,
1226,,,,,0.6829268292682927,
1227,,,,,0.007042253521126761,
1228,,,,,0.0,
1229,,,,,0.0,
1230,,,,,0.0,
1231,,,,,0.8571428571428571,
1232,,,,,0.0,
1233,,,,,0.07647058823529412,
1234,,,,,0.1536050156739812,
1235,,,,,0.22404371584699453,
1236,,,,,0.096162798430538,
1237,,,,,0.09725774525721148,
1238,,,,,0.06622516556291391,
1239,,,,,0.0,
1240,,,,,0.13592233009708737,
1241,,,,,0.29777777777777775,
1242,,,,,0.14285714285714285,
1243,,,,,0.0,
1244,,,,,0.0,
1245,,,,,0.0,
1246,,,,,0.0,
1247,,,,,0.0,
1248,,,,,0.10068497705659374,
1249,,,,,0.1005938215866379,
1250,,,,,0.6521739130434783,
1251,,,,,0.0,
1252,,,,,0.0,
1253,,,,,0.0,
1254,,,,,0.0,
1255,,,,,0.0,
1256,,,,,0.0,
1257,,,,,0.0,
1258,,,,,0.0,
1259,,,,,0.004629629629629629,
1260,,,,,0.07933763383653654,
1261,,,,,0.07819762916175522,
1262,,,,,0.0,
1263,,,,,0.29411764705882354,
1264,,,,,0.03937007874015748,
1265,,,,,0.0,
1266,,,,,0.08235294117647059,
1267,,,,,0.0,
1268,,,,,0.12195121951219512,
1269,,,,,0.08791208791208792,
1270,,,,,0.4666666666666667,
1271,,,,,0.0,
1272,,,,,0.09662831681851433,
1273,,,,,0.09734670729266286,
1274,,,,,0.16417910447761194,
1275,,,,,0.17737003058103976,
1276,,,,,0.0,
1277,,,,,0.0,
1278,,,,,0.4927536231884058,
1279,,,,,0.6795580110497238,
1280,,,,,0.09734513274336283,
1281,,,,,0.0,
1282,,,,,0.0,
1283,,,,,0.37254901960784315,
1284,,,,,0.10001995078805613,
1285,,,,,0.10048261904232368,
1286,,,,,0.0,
1287,,,,,0.0,
1288,,,,,0.08,
1289,,,,,0.00980392156862745,
1290,,,,,0.2608695652173913,
1291,,,,,0.2619047619047619,
1292,,,,,0.0,
1293,,,,,0.0,
1294,,,,,0.14925373134328357,
1295,,,,,0.0,
1296,,,,,0.10826627651792246,
1297,,,,,0.10931210106087227,
1298,,,,,0.037037037037037035,
1299,,,,,0.0,
1300,,,,,0.717741935483871,
1301,,,,,0.1095890410958904,
1302,,,,,0.0,
1303,,,,,0.0,
1304,,,,,0.16,
1305,,,,,0.0,
1306,,,,,0.05329153605015674,
1307,,,,,0.391304347826087,
1308,,,,,0.09150761455077476,
1309,,,,,0.09031870649200453,
1310,,,,,0.1956521739130435,
1311,,,,,0.03669724770642202,
1312,,,,,0.4022346368715084,
1313,,,,,0.04891304347826087,
1314,,,,,0.30952380952380953,
1315,,,,,0.36,
1316,,,,,0.0,
1317,,,,,0.16417910447761194,
1318,,,,,0.059602649006622516,
1319,,,,,0.0,
1320,,,,,0.11285495777083195,
1321,,,,,0.1112025443142139,
1322,,,,,0.19889502762430938,
1323,,,,,0.07534246575342465,
1324,,,,,0.058823529411764705,
1325,,,,,0.01951219512195122,
1326,,,,,0.0,
1327,,,,,0.1956521739130435,
1328,,,,,0.05825242718446602,
1329,,,,,0.0,
1330,,,,,0.23478260869565218,
1331,,,,,0.03134796238244514,
1332,,,,,0.10706922923455477,
1333,,,,,0.1047527967439895,
1334,,,,,0.09090909090909091,
1335,,,,,0.18823529411764706,
1336,,,,,0.0,
1337,,,,,0.05211726384364821,
1338,,,,,0.007462686567164179,
1339,,,,,0.0,
1340,,,,,0.02666666666666667,
1341,,,,,0.0,
1342,,,,,0.0078125,
1343,,,,,0.0,
1344,,,,,0.0738179158076744,
1345,,,,,0.07112514734337122,
1346,,,,,0.01680672268907563,
1347,,,,,0.0,
1348,,,,,0.0,
1349,,,,,0.5147058823529411,
1350,,,,,0.008264462809917356,
1351,,,,,0.0,
1352,,,,,0.05217391304347826,
1353,,,,,0.18543046357615894,
1354,,,,,0.6825396825396826,
1355,,,,,0.10144927536231885,
1356,,,,,0.10627119771230964,
1357,,,,,0.10408558147810422,
1358,,,,,0.0078125,
1359,,,,,0.1956521739130435,
1360,,,,,0.0,
1361,,,,,0.0,
1362,,,,,0.0,
1363,,,,,0.0970873786407767,
1364,,,,,0.00980392156862745,
1365,,,,,0.024390243902439025,
1366,,,,,0.0,
1367,,,,,0.009771986970684038,
1368,,,,,0.11278845514397819,
1369,,,,,0.11062429108378,
1370,,,,,0.0,
1371,,,,,0.028368794326241134,
1372,,,,,0.27380952380952384,
1373,,,,,0.528169014084507,
1374,,,,,0.0,
1375,,,,,0.05319148936170213,
1376,,,,,0.0049261083743842365,
1377,,,,,0.0,
1378,,,,,0.208955223880597,
1379,,,,,0.0,
1380,,,,,0.0980248719824433,
1381,,,,,0.0972132642394858,
1382,,,,,0.0,
1383,,,,,0.0,
1384,,,,,0.009771986970684038,
1385,,,,,0.0,
1386,,,,,0.007633587786259542,
1387,,,,,0.0,
1388,,,,,0.006060606060606061,
1389,,,,,0.04,
1390,,,,,0.1956521739130435,
1391,,,,,0.03296703296703297,
1392,,,,,0.10760125024938486,
1393,,,,,0.10624291083779996,
1394,,,,,0.0,
1395,,,,,0.017543859649122806,
1396,,,,,0.0,
1397,,,,,0.5024390243902439,
1398,,,,,0.0,
1399,,,,,0.007633587786259542,
1400,,,,,0.5217391304347826,
1401,,,,,0.02912621359223301,
1402,,,,,0.6825396825396826,
1403,,,,,0.0,
1404,,,,,0.10906430804016759,
1405,,,,,0.10824455663545582,
1406,,,,,0.22404371584699453,
1407,,,,,0.0,
1408,,,,,0.0,
1409,,,,,0.0,
1410,,,,,0.0,
1411,,,,,0.3022222222222222,
1412,,,,,0.0,
1413,,,,,0.0,
1414,,,,,0.0,
1415,,,,,0.7063492063492064,
1416,,,,,0.09064308040167586,
1417,,,,,0.09051887107177012,
1418,,,,,0.08737864077669903,
1419,,,,,0.05309734513274336,
1420,,,,,0.01773049645390071,
1421,,,,,0.11578947368421053,
1422,,,,,0.004219409282700422,
1423,,,,,0.0,
1424,,,,,0.0,
1425,,,,,0.8804347826086957,
1426,,,,,0.0,
1427,,,,,0.0,
1428,,,,,0.08891401210347809,
1429,,,,,0.08851722527411428,
1430,,,,,0.0,
1431,,,,,0.0,
1432,,,,,0.010638297872340425,
1433,,,,,0.014184397163120567,
1434,,,,,0.3425414364640884,
1435,,,,,0.0,
1436,,,,,0.13149847094801223,
1437,,,,,0.0,
1438,,,,,0.0,
1439,,,,,0.0049261083743842365,
1440,,,,,0.09536476690829288,
1441,,,,,0.09458888419367036,
1442,,,,,0.0,
1443,,,,,0.07692307692307693,
1444,,,,,0.0,
1445,,,,,0.5804878048780487,
1446,,,,,0.047244094488188976,
1447,,,,,0.0070921985815602835,
1448,,,,,0.782258064516129,
1449,,,,,0.09473684210526316,
1450,,,,,0.00390625,
1451,,,,,0.0,
1452,,,,,0.11584757597925117,
1453,,,,,0.11411605097524631,
1454,,,,,0.0,
1455,,,,,0.09929078014184398,
1456,,,,,0.08,
1457,,,,,0.0,
1458,,,,,0.1956521739130435,
1459,,,,,0.05825242718446602,
1460,,,,,0.3391304347826087,
1461,,,,,0.0,
1462,,,,,0.016574585635359115,
1463,,,,,0.12931034482758622,
1464,,,,,0.09164061980448228,
1465,,,,,0.09022974445655317,
1466,,,,,0.3224043715846995,
1467,,,,,0.09523809523809523,
1468,,,,,0.24210526315789474,
1469,,,,,0.0070921985815602835,
1470,,,,,0.08974358974358974,
1471,,,,,0.0,
1472,,,,,0.0,
1473,,,,,0.15294117647058825,
1474,,,,,0.34806629834254144,
1475,,,,,0.15,
1476,,,,,0.09097559353594467,
1477,,,,,0.09125280786424393,
1478,,,,,0.23809523809523808,
1479,,,,,0.36464088397790057,
1480,,,,,0.006269592476489028,
1481,,,,,0.0,
1482,,,,,0.3333333333333333,
1483,,,,,0.19411764705882353,
1484,,,,,0.10526315789473684,
1485,,,,,0.0,
1486,,,,,0.0,
1487,,,,,0.00641025641025641,
1488,,,,,0.10135000332513135,
1489,,,,,0.09912594800169028,
1490,,,,,0.0,
1491,,,,,0.5027932960893855,
1492,,,,,0.0,
1493,,,,,0.20202020202020202,
1494,,,,,0.0,
1495,,,,,0.0,
1496,,,,,0.014184397163120567,
1497,,,,,0.22666666666666666,
1498,,,,,0.0,
1499,,,,,0.023148148148148147,
1500,,,,,0.09383520649065638,
1501,,,,,0.091808820585815,
1502,,,,,0.08421052631578947,
1503,,,,,0.0,
1504,,,,,0.12056737588652482,
1505,,,,,0.2956521739130435,
1506,,,,,0.007633587786259542,
1507,,,,,0.24043715846994534,
1508,,,,,0.0,
1509,,,,,0.0,
1510,,,,,0.0078125,
1511,,,,,0.0,
1512,,,,,0.08991155150628449,
1513,,,,,0.0887396303627427,
1514,,,,,0.25,
1515,,,,,0.00975609756097561,
1516,,,,,0.2823529411764706,
1517,,,,,0.0,
1518,,,,,0.0,
1519,,,,,0.0,
1520,,,,,0.41,
1521,,,,,0.0,
1522,,,,,0.0,
1523,,,,,0.0,
1524,,,,,0.10188202433996142,
1525,,,,,0.09999332784734115,
1526,,,,,0.019867549668874173,
1527,,,,,0.04891304347826087,
1528,,,,,0.014492753623188406,
1529,,,,,0.06993006993006994,
1530,,,,,0.46956521739130436,
1531,,,,,0.4852941176470588,
1532,,,,,0.17647058823529413,
1533,,,,,0.0,
1534,,,,,0.208955223880597,
1535,,,,,0.0,
1536,,,,,0.07474895258362706,
1537,,,,,0.07483931232346597,
1538,,,,,0.0,
1539,,,,,0.0,
1540,,,,,0.3706896551724138,
1541,,,,,0.047244094488188976,
1542,,,,,0.0,
1543,,,,,0.026058631921824105,
1544,,,,,0.0851063829787234,
1545,,,,,0.0,
1546,,,,,0.0,
1547,,,,,0.0,
1548,,,,,0.10567267407062579,
1549,,,,,0.1047527967439895,
1550,,,,,0.17714285714285713,
1551,,,,,0.011049723756906077,
1552,,,,,0.014814814814814815,
1553,,,,,0.0,
1554,,,,,0.04395604395604396,
1555,,,,,0.017543859649122806,
1556,,,,,0.2780487804878049,
1557,,,,,0.0,
1558,,,,,0.0,
1559,,,,,0.00975609756097561,
1560,,,,,0.11338697878566203,
1561,,,,,0.11033516446856304,
1562,,,,,0.2647058823529412,
1563,,,,,0.753968253968254,
1564,,,,,0.0,
1565,,,,,0.19402985074626866,
1566,,,,,0.014634146341463415,
1567,,,,,0.02608695652173913,
1568,,,,,0.0049261083743842365,
1569,,,,,0.005747126436781609,
1570,,,,,0.020833333333333332,
1571,,,,,0.34705882352941175,
1572,,,,,0.10939682117443639,
1573,,,,,0.1065765184707426,
1574,,,,,0.017543859649122806,
1575,,,,,0.0,
1576,,,,,0.10857142857142857,
1577,,,,,0.08469055374592833,
1578,,,,,0.031496062992125984,
1579,,,,,0.18357487922705315,
1580,,,,,0.14984709480122324,
1581,,,,,0.0,
1582,,,,,0.007462686567164179,
1583,,,,,0.0,
1584,,,,,0.10813327126421493,
1585,,,,,0.10682116406823389,
1586,,,,,0.0,
1587,,,,,0.0,
1588,,,,,0.2413793103448276,
1589,,,,,0.052980132450331126,
1590,,,,,0.02564102564102564,
1591,,,,,0.04854368932038835,
1592,,,,,0.004629629629629629,
1593,,,,,0.0707070707070707,
1594,,,,,0.0,
1595,,,,,0.21052631578947367,
1596,,,,,0.09676132207222185,
1597,,,,,0.09525609945955564,
1598,,,,,0.30434782608695654,
1599,,,,,0.024793388429752067,
1600,,,,,0.0078125,
1601,,,,,0.005714285714285714,
1602,,,,,0.007407407407407408,
1603,,,,,0.011764705882352941,
1604,,,,,0.0,
1605,,,,,0.023622047244094488,
1606,,,,,0.004901960784313725,
1607,,,,,0.0672782874617737,
1608,,,,,0.09037706989426082,
1609,,,,,0.08918444053999955,
1610,,,,,0.0,
1611,,,,,0.704225352112676,
1612,,,,,0.1506849315068493,
1613,,,,,0.00390625,
1614,,,,,0.01818181818181818,
1615,,,,,0.0,
1616,,,,,0.0,
1617,,,,,0.0,
1618,,,,,0.0,
1619,,,,,0.2857142857142857,
1620,,,,,0.12169980714238213,
1621,,,,,0.12032115294797945,
1622,,,,,0.0,
1623,,,,,0.0,
1624,,,,,0.004629629629629629,
1625,,,,,0.0,
1626,,,,,0.0,
1627,,,,,0.0,
1628,,,,,0.32941176470588235,
1629,,,,,0.39072847682119205,
1630,,,,,0.014778325123152709,
1631,,,,,0.12,
1632,,,,,0.0868524306710115,
1633,,,,,0.08696038965371528,
1634,,,,,0.0,
1635,,,,,0.0,
1636,,,,,0.0,
1637,,,,,0.09174311926605505,
1638,,,,,0.0,
1639,,,,,0.0,
1640,,,,,0.3448275862068966,
1641,,,,,0.13043478260869565,
1642,,,,,0.024793388429752067,
1643,,,,,0.0,
1644,,,,,0.11066037108465784,
1645,,,,,0.10840024019749572,
1646,,,,,0.0,
1647,,,,,0.29310344827586204,
1648,,,,,0.28421052631578947,
1649,,,,,0.0,
1650,,,,,0.017543859649122806,
1651,,,,,0.0,
1652,,,,,0.16470588235294117,
1653,,,,,0.011764705882352941,
1654,,,,,0.19428571428571428,
1655,,,,,0.007874015748031496,
1656,,,,,0.10926381592072887,
1657,,,,,0.10813335409114161,
1658,,,,,0.3150684931506849,
1659,,,,,0.0,
1660,,,,,0.5217391304347826,
1661,,,,,0.1746031746031746,
1662,,,,,0.0,
1663,,,,,0.046875,
1664,,,,,0.21739130434782608,
1665,,,,,0.09473684210526316,
1666,,,,,0.8641304347826086,
1667,,,,,0.10679611650485436,
1668,,,,,0.1283500698277582,
1669,,,,,0.12628160932322133,
1670,,,,,0.0,
1671,,,,,0.35121951219512193,
1672,,,,,0.0,
1673,,,,,0.0,
1674,,,,,0.0,
1675,,,,,0.0,
1676,,,,,0.17880794701986755,
1677,,,,,0.6197183098591549,
1678,,,,,0.035830618892508145,
1679,,,,,0.0,
1680,,,,,0.11425151293476092,
1681,,,,,0.11098013922558549,
1682,,,,,0.22377622377622378,
1683,,,,,0.020833333333333332,
1684,,,,,0.0,
1685,,,,,0.18285714285714286,
1686,,,,,0.0,
1687,,,,,0.0,
1688,,,,,0.00980392156862745,
1689,,,,,0.012121212121212121,
1690,,,,,0.0,
1691,,,,,0.0,
1692,,,,,0.10088448493715502,
1693,,,,,0.0999710873384783,
1694,,,,,0.1037037037037037,
1695,,,,,0.7222222222222222,
1696,,,,,0.3176470588235294,
1697,,,,,0.13274336283185842,
1698,,,,,0.09326424870466321,
1699,,,,,0.054187192118226604,
1700,,,,,0.11176470588235295,
1701,,,,,0.43,
1702,,,,,0.008264462809917356,
1703,,,,,0.31896551724137934,
1704,,,,,0.12269734654518853,
1705,,,,,0.12005426684162533,
1706,,,,,0.01834862385321101,
1707,,,,,0.11578947368421053,
1708,,,,,0.0,
1709,,,,,0.0,
1710,,,,,0.0,
1711,,,,,0.007633587786259542,
1712,,,,,0.04487179487179487,
1713,,,,,0.2119205298013245,
1714,,,,,0.3333333333333333,
1715,,,,,0.0425531914893617,
1716,,,,,0.10347808738445169,
1717,,,,,0.10195049262727131,
1718,,,,,0.03937007874015748,
1719,,,,,0.0,
1720,,,,,0.0,
1721,,,,,0.0,
1722,,,,,0.09333333333333334,
1723,,,,,0.007042253521126761,
1724,,,,,0.26666666666666666,
1725,,,,,0.31,
1726,,,,,0.30434782608695654,
1727,,,,,0.09090909090909091,
1728,,,,,0.10653720821972468,
1729,,,,,0.10715477170117653,
1730,,,,,0.03424657534246575,
1731,,,,,0.13966480446927373,
1732,,,,,0.044444444444444446,
1733,,,,,0.0,
1734,,,,,0.07951070336391437,
1735,,,,,0.16939890710382513,
1736,,,,,0.031914893617021274,
1737,,,,,0.0,
1738,,,,,0.12571428571428572,
1739,,,,,0.0,
1740,,,,,0.10214803484737647,
1741,,,,,0.10268442941974512,
1742,,,,,0.5894039735099338,
1743,,,,,0.0,
1744,,,,,0.34397163120567376,
1745,,,,,0.44,
1746,,,,,0.0,
1747,,,,,0.01567398119122257,
1748,,,,,0.0,
1749,,,,,0.0,
1750,,,,,0.02926829268292683,
1751,,,,,0.208955223880597,
1752,,,,,0.08977854625257697,
1753,,,,,0.0892066810488624,
1754,,,,,0.0,
1755,,,,,0.03,
1756,,,,,0.006060606060606061,
1757,,,,,0.0,
1758,,,,,0.0,
1759,,,,,0.3,
1760,,,,,0.49295774647887325,
1761,,,,,0.0,
1762,,,,,0.7857142857142857,
1763,,,,,0.08264462809917356,
1764,,,,,0.110061847442974,
1765,,,,,0.10757734136957053,
1766,,,,,0.0,
1767,,,,,0.17880794701986755,
1768,,,,,0.04854368932038835,
1769,,,,,0.04132231404958678,
1770,,,,,0.009174311926605505,
1771,,,,,0.0,
1772,,,,,0.0,
1773,,,,,0.6593406593406593,
1774,,,,,0.0,
1775,,,,,0.0,
1776,,,,,0.10713573186140853,
1777,,,,,0.10517536641238351,
1778,,,,,0.7983870967741935,
1779,,,,,0.28421052631578947,
1780,,,,,0.006060606060606061,
1781,,,,,0.01680672268907563,
1782,,,,,0.17391304347826086,
1783,,,,,0.12849162011173185,
1784,,,,,0.0,
1785,,,,,0.33170731707317075,
1786,,,,,0.0,
1787,,,,,0.4019607843137255,
1788,,,,,0.10992884218926648,
1789,,,,,0.10644307541756555,
1790,,,,,0.0,
1791,,,,,0.2601880877742947,
1792,,,,,0.0,
1793,,,,,0.011111111111111112,
1794,,,,,0.30434782608695654,
1795,,,,,0.023529411764705882,
1796,,,,,0.0,
1797,,,,,0.014084507042253521,
1798,,,,,0.031496062992125984,
1799,,,,,0.043478260869565216,
1800,,,,,0.09390170911751014,
1801,,,,,0.09280964348464293,
1802,,,,,0.0390625,
1803,,,,,0.2782608695652174,
1804,,,,,0.0425531914893617,
1805,,,,,0.0,
1806,,,,,0.4533333333333333,
1807,,,,,0.0,
1808,,,,,0.29508196721311475,
1809,,,,,0.010416666666666666,
1810,,,,,0.0,
1811,,,,,0.7464788732394366,
1812,,,,,0.10208153222052271,
1813,,,,,0.10077174565754064,
1814,,,,,0.0,
1815,,,,,0.0,
1816,,,,,0.05217391304347826,
1817,,,,,0.13274336283185842,
1818,,,,,0.0,
1819,,,,,0.03937007874015748,
1820,,,,,0.1,
1821,,,,,0.07339449541284404,
1822,,,,,0.019417475728155338,
1823,,,,,0.0,
1824,,,,,0.11618008911351999,
1825,,,,,0.11311522807641838,
1826,,,,,0.0,
1827,,,,,0.0,
1828,,,,,0.5196078431372549,
1829,,,,,0.3743016759776536,
1830,,,,,0.016286644951140065,
1831,,,,,0.3208955223880597,
1832,,,,,0.0,
1833,,,,,0.35294117647058826,
1834,,,,,0.007633587786259542,
1835,,,,,0.016483516483516484,
1836,,,,,0.10347808738445169,
1837,,,,,0.101994973644997,
1838,,,,,0.0,
1839,,,,,0.0,
1840,,,,,0.16521739130434782,
1841,,,,,0.13043478260869565,
1842,,,,,0.0,
1843,,,,,0.15121951219512195,
1844,,,,,0.0,
1845,,,,,0.010416666666666666,
1846,,,,,0.0,
1847,,,,,0.008403361344537815,
1848,,,,,0.11046086320409657,
1849,,,,,0.10744389831639348,
1850,,,,,0.06944444444444445,
1851,,,,,0.17391304347826086,
1852,,,,,0.03669724770642202,
1853,,,,,0.0,
1854,,,,,0.3157894736842105,
1855,,,,,0.4666666666666667,
1856,,,,,0.7142857142857143,
1857,,,,,0.01680672268907563,
1858,,,,,0.0,
1859,,,,,0.0672782874617737,
1860,,,,,0.0973598457139057,
1861,,,,,0.09656828948246336,
1862,,,,,0.00641025641025641,
1863,,,,,0.0,
1864,,,,,0.6029411764705882,
1865,,,,,0.048859934853420196,
1866,,,,,0.7158469945355191,
1867,,,,,0.31343283582089554,
1868,,,,,0.009259259259259259,
1869,,,,,0.0,
1870,,,,,0.0970873786407767,
1871,,,,,0.0,
1872,,,,,0.1007514796834475,
1873,,,,,0.09874785935102195,
1874,,,,,0.07964601769911504,
1875,,,,,0.0,
1876,,,,,0.0,
1877,,,,,0.0,
1878,,,,,0.24,
1879,,,,,0.0,
1880,,,,,0.027472527472527472,
1881,,,,,0.055248618784530384,
1882,,,,,0.36619718309859156,
1883,,,,,0.05185185185185185,
1884,,,,,0.10939682117443639,
1885,,,,,0.10648755643529124,
1886,,,,,0.4260869565217391,
1887,,,,,0.01953125,
1888,,,,,0.07142857142857142,
1889,,,,,0.0,
1890,,,,,0.13043478260869565,
1891,,,,,0.0,
1892,,,,,0.0,
1893,,,,,0.0,
1894,,,,,0.0,
1895,,,,,0.0,
1896,,,,,0.09044357252111458,
1897,,,,,0.0888953139247826,
1898,,,,,0.0,
1899,,,,,0.0,
1900,,,,,0.2898550724637681,
1901,,,,,0.022222222222222223,
1902,,,,,0.6111111111111112,
1903,,,,,0.1099290780141844,
1904,,,,,0.007194244604316547,
1905,,,,,0.0,
1906,,,,,0.23157894736842105,
1907,,,,,0.031496062992125984,
1908,,,,,0.09210613819245861,
1909,,,,,0.09245379534283744,
1910,,,,,0.0,
1911,,,,,0.3573667711598746,
1912,,,,,0.05319148936170213,
1913,,,,,0.0,
1914,,,,,0.07111111111111111,
1915,,,,,0.019543973941368076,
1916,,,,,0.06521739130434782,
1917,,,,,0.10679611650485436,
1918,,,,,0.12087912087912088,
1919,,,,,0.01,
1920,,,,,0.11790915741171776,
1921,,,,,0.11473878522340591,
1922,,,,,0.17218543046357615,
1923,,,,,0.12173913043478261,
1924,,,,,0.0,
1925,,,,,0.031496062992125984,
1926,,,,,0.05263157894736842,
1927,,,,,0.13812154696132597,
1928,,,,,0.0,
1929,,,,,0.0,
1930,,,,,0.40869565217391307,
1931,,,,,0.46368715083798884,
1932,,,,,0.11165791048746425,
1933,,,,,0.10799991103796455,
1934,,,,,0.16097560975609757,
1935,,,,,0.22279792746113988,
1936,,,,,0.12173913043478261,
1937,,,,,0.0,
1938,,,,,0.0,
1939,,,,,0.05092592592592592,
1940,,,,,0.0,
1941,,,,,0.19411764705882353,
1942,,,,,0.03508771929824561,
1943,,,,,0.0,
1944,,,,,0.11119239209948793,
1945,,,,,0.10935658207859796,
1946,,,,,0.0,
1947,,,,,0.6666666666666666,
1948,,,,,0.00641025641025641,
1949,,,,,0.014084507042253521,
1950,,,,,0.008403361344537815,
1951,,,,,0.009259259259259259,
1952,,,,,0.44390243902439025,
1953,,,,,0.09473684210526316,
1954,,,,,0.0,
1955,,,,,0.0035971223021582736,
1956,,,,,0.11997073884418434,
1957,,,,,0.11767453239330115,
1958,,,,,0.03125,
1959,,,,,0.0,
1960,,,,,0.0,
1961,,,,,0.0,
1962,,,,,0.0,
1963,,,,,0.02158273381294964,
1964,,,,,0.0,
1965,,,,,0.5396825396825397,
1966,,,,,0.008403361344537815,
1967,,,,,0.11398963730569948,
1968,,,,,0.1026135532353528,
1969,,,,,0.10221737873362542,
1970,,,,,0.0,
1971,,,,,0.20725388601036268,
1972,,,,,0.020833333333333332,
1973,,,,,0.027522935779816515,
1974,,,,,0.0,
1975,,,,,0.01282051282051282,
1976,,,,,0.8858695652173914,
1977,,,,,0.0,
1978,,,,,0.0,
1979,,,,,0.0,
1980,,,,,0.10700272660770101,
1981,,,,,0.10579810066054311,
1982,,,,,0.10880829015544041,
1983,,,,,0.06956521739130435,
1984,,,,,0.0,
1985,,,,,0.033112582781456956,
1986,,,,,0.00390625,
1987,,,,,0.022222222222222223,
1988,,,,,0.008403361344537815,
1989,,,,,0.0,
1990,,,,,0.0,
1991,,,,,0.17391304347826086,
1992,,,,,0.09968743765378732,
1993,,,,,0.09963747970553566,
1994,,,,,0.024509803921568627,
1995,,,,,0.0,
1996,,,,,0.37988826815642457,
1997,,,,,0.0,
1998,,,,,0.8629032258064516,
1999,,,,,0.0,
2000,,,,,0.009404388714733543,
2001,,,,,0.4585365853658537,
2002,,,,,0.01639344262295082,
2003,,,,,0.08904109589041095,
2004,,,,,0.11418501030790716,
2005,,,,,0.11247025331939595,
2006,,,,,0.0,
2007,,,,,0.49,
2008,,,,,0.35714285714285715,
2009,,,,,0.00819672131147541,
2010,,,,,0.0,
2011,,,,,0.8145161290322581,
2012,,,,,0.13043478260869565,
2013,,,,,0.0,
2014,,,,,0.0,
2015,,,,,0.023148148148148147,
2016,,,,,0.13094367227505485,
2017,,,,,0.1257478371105131,
2018,,,,,0.287292817679558,
2019,,,,,0.0,
2020,,,,,0.33043478260869563,
2021,,,,,0.03669724770642202,
2022,,,,,0.08571428571428572,
2023,,,,,0.25165562913907286,
2024,,,,,0.0,
2025,,,,,0.04945054945054945,
2026,,,,,0.007874015748031496,
2027,,,,,0.11304347826086956,
2028,,,,,0.11664560750149632,
2029,,,,,0.11275937993461291,
2030,,,,,0.15671641791044777,
2031,,,,,0.0,
2032,,,,,0.08888888888888889,
2033,,,,,0.2235294117647059,
2034,,,,,0.05319148936170213,
2035,,,,,0.0,
2036,,,,,0.05263157894736842,
2037,,,,,0.0,
2038,,,,,0.022222222222222223,
2039,,,,,0.45774647887323944,
2040,,,,,0.10560617144377203,
2041,,,,,0.10339612570335609,
2042,,,,,0.023148148148148147,
2043,,,,,0.004830917874396135,
2044,,,,,0.13043478260869565,
2045,,,,,0.0035971223021582736,
2046,,,,,0.03125,
2047,,,,,0.00641025641025641,
2048,,,,,0.09917355371900827,
2049,,,,,0.050156739811912224,
2050,,,,,0.0,
2051,,,,,0.2736842105263158,
2052,,,,,0.11265544989027067,
2053,,,,,0.11095789871672264,
2054,,,,,0.9726775956284153,
2055,,,,,0.05555555555555555,
2056,,,,,0.022222222222222223,
2057,,,,,0.0,
2058,,,,,0.41,
2059,,,,,0.0,
2060,,,,,0.0,
2061,,,,,0.11920529801324503,
2062,,,,,0.0,
2063,,,,,0.1111111111111111,
2064,,,,,0.1273525304249518,
2065,,,,,0.1226341658697151,
2066,,,,,0.0,
2067,,,,,0.17164179104477612,
2068,,,,,0.003257328990228013,
2069,,,,,0.875,
2070,,,,,0.2608695652173913,
2071,,,,,0.329608938547486,
2072,,,,,0.23510971786833856,
2073,,,,,0.0851063829787234,
2074,,,,,0.0,
2075,,,,,0.0,
2076,,,,,0.1075347476225311,
2077,,,,,0.10528656895669773,
2078,,,,,0.0,
2079,,,,,0.07766990291262135,
2080,,,,,0.15789473684210525,
2081,,,,,0.0049261083743842365,
2082,,,,,0.0,
2083,,,,,0.10679611650485436,
2084,,,,,0.6911764705882353,
2085,,,,,0.01639344262295082,
2086,,,,,0.00980392156862745,
2087,,,,,0.3854748603351955,
2088,,,,,0.1330717563343752,
2089,,,,,0.12950648310833351,
2090,,,,,0.19130434782608696,
2091,,,,,0.01,
2092,,,,,0.003134796238244514,
2093,,,,,0.0,
2094,,,,,0.21739130434782608,
2095,,,,,0.40298507462686567,
2096,,,,,0.15025906735751296,
2097,,,,,0.017543859649122806,
2098,,,,,0.0,
2099,,,,,0.06993006993006994,
2100,,,,,0.11591407860610495,
2101,,,,,0.11189200008896204,
2102,,,,,0.2976190476190476,
2103,,,,,0.6190476190476191,
2104,,,,,0.014084507042253521,
2105,,,,,0.006993006993006993,
2106,,,,,0.17391304347826086,
2107,,,,,0.07766990291262135,
2108,,,,,0.0,
2109,,,,,0.15517241379310345,
2110,,,,,0.2781456953642384,
2111,,,,,0.03937007874015748,
2112,,,,,0.10839928177162998,
2113,,,,,0.10526432844783488,
2114,,,,,0.009771986970684038,
2115,,,,,0.33620689655172414,
2116,,,,,0.04132231404958678,
2117,,,,,0.0,
2118,,,,,0.4642857142857143,
2119,,,,,0.014184397163120567,
2120,,,,,0.0,
2121,,,,,0.02127659574468085,
2122,,,,,0.03125,
2123,,,,,0.012121212121212121,
2124,,,,,0.11099288421892664,
2125,,,,,0.10835575917977003,
2126,,,,,0.6187845303867403,
2127,,,,,0.046296296296296294,
2128,,,,,0.0,
2129,,,,,0.012121212121212121,
2130,,,,,0.008403361344537815,
2131,,,,,0.26953125,
2132,,,,,0.0,
2133,,,,,0.12173913043478261,
2134,,,,,0.10434782608695652,
2135,,,,,0.0,
2136,,,,,0.13061115914078605,
2137,,,,,0.12494717879145074,
2138,,,,,0.45,
2139,,,,,0.0,
2140,,,,,0.0,
2141,,,,,0.2608695652173913,
2142,,,,,0.0,
2143,,,,,0.047244094488188976,
2144,,,,,0.0,
2145,,,,,0.5466666666666666,
2146,,,,,0.01818181818181818,
2147,,,,,0.0,
2148,,,,,0.14012103478087384,
2149,,,,,0.1339768253897649,
2150,,,,,0.02666666666666667,
2151,,,,,0.06403940886699508,
2152,,,,,0.0,
2153,,,,,0.4782608695652174,
2154,,,,,0.2647058823529412,
2155,,,,,0.014563106796116505,
2156,,,,,0.00819672131147541,
2157,,,,,0.008403361344537815,
2158,,,,,0.014084507042253521,
2159,,,,,0.0,
2160,,,,,0.12429340958967879,
2161,,,,,0.11892000088962036,
2162,,,,,0.013245033112582781,
2163,,,,,0.0,
2164,,,,,0.03508771929824561,
2165,,,,,0.027522935779816515,
2166,,,,,0.271523178807947,
2167,,,,,0.006389776357827476,
2168,,,,,0.0,
2169,,,,,0.0,
2170,,,,,0.024390243902439025,
2171,,,,,0.08391608391608392,
2172,,,,,0.1073352397419698,
2173,,,,,0.10608722727576007,
2174,,,,,0.0,
2175,,,,,0.008403361344537815,
2176,,,,,0.1414141414141414,
2177,,,,,0.0,
2178,,,,,0.00684931506849315,
2179,,,,,0.1391304347826087,
2180,,,,,0.027522935779816515,
2181,,,,,0.01818181818181818,
2182,,,,,0.0,
2183,,,,,0.0035971223021582736,
2184,,,,,0.10826627651792246,
2185,,,,,0.107088050174588,
2186,,,,,0.3425414364640884,
2187,,,,,0.0,
2188,,,,,0.17894736842105263,
2189,,,,,0.8913043478260869,
2190,,,,,0.05511811023622047,
2191,,,,,0.18235294117647058,
2192,,,,,0.391304347826087,
2193,,,,,0.0,
2194,,,,,0.0,
2195,,,,,0.13355048859934854,
2196,,,,,0.10760125024938486,
2197,,,,,0.10713253119231368,
2198,,,,,0.12173913043478261,
2199,,,,,0.0,
2200,,,,,0.003257328990228013,
2201,,,,,0.00819672131147541,
2202,,,,,0.3024390243902439,
2203,,,,,0.014084507042253521,
2204,,,,,0.0078125,
2205,,,,,0.02097902097902098,
2206,,,,,0.0,
2207,,,,,0.01,
2208,,,,,0.0951652590277316,
2209,,,,,0.09632364388497208,
2210,,,,,0.75,
2211,,,,,0.011764705882352941,
2212,,,,,0.34782608695652173,
2213,,,,,0.0,
2214,,,,,0.8453038674033149,
2215,,,,,0.027522935779816515,
2216,,,,,0.03496503496503497,
2217,,,,,0.3283582089552239,
2218,,,,,0.4084507042253521,
2219,,,,,0.17073170731707318,
2220,,,,,0.14158409257165658,
2221,,,,,0.13039610346284722,
2222,,,,,0.3684210526315789,
2223,,,,,0.0,
2224,,,,,0.0,
2225,,,,,0.06857142857142857,
2226,,,,,0.0,
2227,,,,,0.0,
2228,,,,,0.0,
2229,,,,,0.06018518518518518,
2230,,,,,0.0,
2231,,,,,0.0,
2232,,,,,0.1168451153820576,
2233,,,,,0.11238129128394457,
2234,,,,,0.0,
2235,,,,,0.11304347826086956,
2236,,,,,0.31746031746031744,
2237,,,,,0.08865248226950355,
2238,,,,,0.0,
2239,,,,,0.0,
2240,,,,,0.2251655629139073,
2241,,,,,0.0,
2242,,,,,0.07142857142857142,
2243,,,,,0.02459016393442623,
2244,,,,,0.11245594200970939,
2245,,,,,0.10802215154682739,
2246,,,,,0.014084507042253521,
2247,,,,,0.029535864978902954,
2248,,,,,0.0,
2249,,,,,0.0,
2250,,,,,0.0,
2251,,,,,0.0,
2252,,,,,0.0,
2253,,,,,0.07766990291262135,
2254,,,,,0.03937007874015748,
2255,,,,,0.45217391304347826,
2256,,,,,0.11637959699408126,
2257,,,,,0.11164735449147077,
2258,,,,,0.0,
2259,,,,,0.00819672131147541,
2260,,,,,0.17679558011049723,
2261,,,,,0.15960912052117263,
2262,,,,,0.5196078431372549,
2263,,,,,0.037037037037037035,
2264,,,,,0.4608695652173913,
2265,,,,,0.33112582781456956,
2266,,,,,0.0,
2267,,,,,0.1288888888888889,
2268,,,,,0.12522444636563143,
2269,,,,,0.11954273513777995,
2270,,,,,0.0,
2271,,,,,0.4533333333333333,
2272,,,,,0.01639344262295082,
2273,,,,,0.28695652173913044,
2274,,,,,0.17391304347826086,
2275,,,,,0.526829268292683,
2276,,,,,0.10434782608695652,
2277,,,,,0.7096774193548387,
2278,,,,,0.3358208955223881,
2279,,,,,0.03546099290780142,
2280,,,,,0.11584757597925117,
2281,,,,,0.11042412650401441,
2282,,,,,0.05555555555555555,
2283,,,,,0.027972027972027972,
2284,,,,,0.0,
2285,,,,,0.01,
2286,,,,,0.5555555555555556,
2287,,,,,0.009852216748768473,
2288,,,,,0.027522935779816515,
2289,,,,,0.02962962962962963,
2290,,,,,0.01282051282051282,
2291,,,,,0.0,
2292,,,,,0.09935492451951852,
2293,,,,,0.0976803149256055,
2294,,,,,0.03937007874015748,
2295,,,,,0.09714285714285714,
2296,,,,,0.01282051282051282,
2297,,,,,0.0,
2298,,,,,0.0,
2299,,,,,0.0,
2300,,,,,0.0,
2301,,,,,0.005747126436781609,
2302,,,,,0.0,
2303,,,,,0.0,
2304,,,,,0.1048081399215269,
2305,,,,,0.10223961924248827,
2306,,,,,0.2529411764705882,
2307,,,,,0.0,
2308,,,,,0.25853658536585367,
2309,,,,,0.39552238805970147,
2310,,,,,0.06280193236714976,
2311,,,,,0.0,
2312,,,,,0.0,
2313,,,,,0.022222222222222223,
2314,,,,,0.022900763358778626,
2315,,,,,0.014084507042253521,
2316,,,,,0.12322936756001862,
2317,,,,,0.11778573493761538,
2318,,,,,0.2346368715083799,
2319,,,,,0.0,
2320,,,,,0.0,
2321,,,,,0.0,
2322,,,,,0.7086092715231788,
2323,,,,,0.0,
2324,,,,,0.0,
2325,,,,,0.05825242718446602,
2326,,,,,0.012121212121212121,
2327,,,,,0.21739130434782608,
2328,,,,,0.11052736583095032,
2329,,,,,0.10682116406823389,
2330,,,,,0.08,
2331,,,,,0.25252525252525254,
2332,,,,,0.43661971830985913,
2333,,,,,0.011764705882352941,
2334,,,,,0.0055248618784530384,
2335,,,,,0.06043956043956044,
2336,,,,,0.0,
2337,,,,,0.0,
2338,,,,,0.0,
2339,,,,,0.12,
2340,,,,,0.1258229700073153,
2341,,,,,0.11885327936303183,
2342,,,,,0.08,
2343,,,,,0.028735632183908046,
2344,,,,,0.0,
2345,,,,,0.003257328990228013,
2346,,,,,0.0,
2347,,,,,0.20202020202020202,
2348,,,,,0.0,
2349,,,,,0.0,
2350,,,,,0.4859154929577465,
2351,,,,,0.06611570247933884,
2352,,,,,0.11884019418767042,
2353,,,,,0.11549496252474256,
2354,,,,,0.02821316614420063,
2355,,,,,0.03,
2356,,,,,0.0,
2357,,,,,0.01282051282051282,
2358,,,,,0.03669724770642202,
2359,,,,,0.6956521739130435,
2360,,,,,0.019704433497536946,
2361,,,,,0.0425531914893617,
2362,,,,,0.13829787234042554,
2363,,,,,0.18232044198895028,
2364,,,,,0.10334508213074417,
2365,,,,,0.10081622667526632,
2366,,,,,0.024242424242424242,
2367,,,,,0.22797927461139897,
2368,,,,,0.11304347826086956,
2369,,,,,0.0,
2370,,,,,0.0,
2371,,,,,0.2529411764705882,
2372,,,,,0.1746031746031746,
2373,,,,,0.014814814814814815,
2374,,,,,0.7016129032258065,
2375,,,,,0.44366197183098594,
2376,,,,,0.1254904568730465,
2377,,,,,0.11794141849965527,
2378,,,,,0.0,
2379,,,,,0.3793103448275862,
2380,,,,,0.04945054945054945,
2381,,,,,0.0,
2382,,,,,0.035398230088495575,
2383,,,,,0.0,
2384,,,,,0.11578947368421053,
2385,,,,,0.0,
2386,,,,,0.2582781456953642,
2387,,,,,0.4950980392156863,
2388,,,,,0.110061847442974,
2389,,,,,0.10724373373662789,
2390,,,,,0.02,
2391,,,,,0.0,
2392,,,,,0.0,
2393,,,,,0.0035971223021582736,
2394,,,,,0.1912568306010929,
2395,,,,,0.0,
2396,,,,,0.0,
2397,,,,,0.0,
2398,,,,,0.0,
2399,,,,,0.8097826086956522,
2400,,,,,0.11358648666622331,
2401,,,,,0.1107354936280942,
2402,,,,,0.0,
2403,,,,,0.0,
2404,,,,,0.0,
2405,,,,,0.040983606557377046,
2406,,,,,0.011764705882352941,
2407,,,,,0.4097560975609756,
2408,,,,,0.3509933774834437,
2409,,,,,0.0,
2410,,,,,0.15873015873015872,
2411,,,,,0.11650485436893204,
2412,,,,,0.11425151293476092,
2413,,,,,0.10731045526321642,
2414,,,,,0.5882352941176471,
2415,,,,,0.48695652173913045,
2416,,,,,0.0,
2417,,,,,0.6825396825396826,
2418,,,,,0.01680672268907563,
2419,,,,,0.34,
2420,,,,,0.007874015748031496,
2421,,,,,0.07142857142857142,
2422,,,,,0.21739130434782608,
2423,,,,,0.0,
2424,,,,,0.12475892797765512,
2425,,,,,0.11796365900851812,
2426,,,,,0.0,
2427,,,,,0.5298013245033113,
2428,,,,,0.2318840579710145,
2429,,,,,0.0,
2430,,,,,0.0,
2431,,,,,0.007042253521126761,
2432,,,,,0.36904761904761907,
2433,,,,,0.02,
2434,,,,,0.16842105263157894,
2435,,,,,0.06944444444444445,
2436,,,,,0.12455942009709384,
2437,,,,,0.12014322887707671,
2438,,,,,0.3805970149253731,
2439,,,,,0.03937007874015748,
2440,,,,,0.07446808510638298,
2441,,,,,0.02,
2442,,,,,0.014705882352941176,
2443,,,,,0.3706896551724138,
2444,,,,,0.0,
2445,,,,,0.11413043478260869,
2446,,,,,0.19130434782608696,
2447,,,,,0.14507772020725387,
2448,,,,,0.1187071889339629,
2449,,,,,0.11333763316504682,
2450,,,,,0.01282051282051282,
2451,,,,,0.12568306010928962,
2452,,,,,0.006172839506172839,
2453,,,,,0.0,
2454,,,,,0.005434782608695652,
2455,,,,,0.024390243902439025,
2456,,,,,0.3509933774834437,
2457,,,,,0.0,
2458,,,,,0.1588235294117647,
2459,,,,,0.0,
2460,,,,,0.10214803484737647,
2461,,,,,0.10048261904232368,
2462,,,,,0.022988505747126436,
2463,,,,,0.2647058823529412,
2464,,,,,0.0,
2465,,,,,0.00819672131147541,
2466,,,,,0.00975609756097561,
2467,,,,,0.0,
2468,,,,,0.0,
2469,,,,,0.0,
2470,,,,,0.006060606060606061,
2471,,,,,0.0851063829787234,
2472,,,,,0.10248054798164527,
2473,,,,,0.10186153059181995,
2474,,,,,0.0,
2475,,,,,0.0,
2476,,,,,0.04195804195804196,
2477,,,,,0.2698412698412698,
2478,,,,,0.8306451612903226,
2479,,,,,0.04395604395604396,
2480,,,,,0.05263157894736842,
2481,,,,,0.0,
2482,,,,,0.10679611650485436,
2483,,,,,0.0,
2484,,,,,0.13639688767706323,
2485,,,,,0.12697106509796943,
2486,,,,,0.06164383561643835,
2487,,,,,0.47804878048780486,
2488,,,,,0.0,
2489,,,,,0.006389776357827476,
2490,,,,,0.008403361344537815,
2491,,,,,0.0,
2492,,,,,0.8478260869565217,
2493,,,,,0.006535947712418301,
2494,,,,,0.4051724137931034,
2495,,,,,0.05309734513274336,
2496,,,,,0.12203232027665092,
2497,,,,,0.11876431732758046,
2498,,,,,0.32450331125827814,
2499,,,,,0.6190476190476191,
2500,,,,,0.06796116504854369,
2501,,,,,0.043689320388349516,
2502,,,,,0.5217391304347826,
2503,,,,,0.430939226519337,
2504,,,,,0.00975609756097561,
2505,,,,,0.0,
2506,,,,,0.0,
2507,,,,,0.022222222222222223,
2508,,,,,0.13234022743898383,
2509,,,,,0.1232569001178747,
2510,,,,,0.0,
2511,,,,,0.0273972602739726,
2512,,,,,0.01818181818181818,
2513,,,,,0.21739130434782608,
2514,,,,,0.0,
2515,,,,,0.0,
2516,,,,,0.4956521739130435,
2517,,,,,0.553921568627451,
2518,,,,,0.0,
2519,,,,,0.4647887323943662,
2520,,,,,0.13606437454279444,
2521,,,,,0.12685986255365522,
2522,,,,,0.21243523316062177,
2523,,,,,0.004629629629629629,
2524,,,,,0.09565217391304348,
2525,,,,,0.23157894736842105,
2526,,,,,0.10628019323671498,
2527,,,,,0.7039106145251397,
2528,,,,,0.14678899082568808,
2529,,,,,0.0,
2530,,,,,0.02654867256637168,
2531,,,,,0.013986013986013986,
2532,,,,,0.10766775287623861,
2533,,,,,0.10610946778462291,
2534,,,,,0.0,
2535,,,,,0.0196078431372549,
2536,,,,,0.00684931506849315,
2537,,,,,0.0,
2538,,,,,0.0,
2539,,,,,0.023529411764705882,
2540,,,,,0.01639344262295082,
2541,,,,,0.49295774647887325,
2542,,,,,0.0821256038647343,
2543,,,,,0.0,
2544,,,,,0.1498304183015229,
2545,,,,,0.140048484309321,
2546,,,,,0.045871559633027525,
2547,,,,,0.008403361344537815,
2548,,,,,0.1956521739130435,
2549,,,,,0.009708737864077669,
2550,,,,,0.0,
2551,,,,,0.04926108374384237,
2552,,,,,0.0,
2553,,,,,0.3,
2554,,,,,0.136986301369863,
2555,,,,,0.22608695652173913,
2556,,,,,0.12948061448427212,
2557,,,,,0.12305673553810911,
2558,,,,,0.07428571428571429,
2559,,,,,0.024242424242424242,
2560,,,,,0.0821917808219178,
2561,,,,,0.0,
2562,,,,,0.0,
2563,,,,,0.006993006993006993,
2564,,,,,0.35714285714285715,
2565,,,,,0.48,
2566,,,,,0.032407407407407406,
2567,,,,,0.009771986970684038,
2568,,,,,0.10580567932433331,
2569,,,,,0.10330716366790473,
2570,,,,,0.043478260869565216,
2571,,,,,0.0,
2572,,,,,0.11428571428571428,
2573,,,,,0.3244444444444444,
2574,,,,,0.13966480446927373,
2575,,,,,0.25882352941176473,
2576,,,,,0.38095238095238093,
2577,,,,,0.05785123966942149,
2578,,,,,0.0,
2579,,,,,0.03508771929824561,
2580,,,,,0.14357917137726942,
2581,,,,,0.13353201521250807,
2582,,,,,0.0,
2583,,,,,0.10144927536231885,
2584,,,,,0.0,
2585,,,,,0.304635761589404,
2586,,,,,0.01282051282051282,
2587,,,,,0.21739130434782608,
2588,,,,,0.0,
2589,,,,,0.07065217391304347,
2590,,,,,0.010416666666666666,
2591,,,,,0.0,
2592,,,,,0.1187071889339629,
2593,,,,,0.11238129128394457,
2594,,,,,0.11650485436893204,
2595,,,,,0.2926829268292683,
2596,,,,,0.0,
2597,,,,,0.2582781456953642,
2598,,,,,0.0,
2599,,,,,0.10273972602739725,
2600,,,,,0.3425414364640884,
2601,,,,,0.3157894736842105,
2602,,,,,0.4788732394366197,
2603,,,,,0.5686274509803921,
2604,,,,,0.13333776684179025,
2605,,,,,0.12439116606987968,
2606,,,,,0.0,
2607,,,,,0.48,
2608,,,,,0.011627906976744186,
2609,,,,,0.0,
2610,,,,,0.00819672131147541,
2611,,,,,0.0,
2612,,,,,0.022364217252396165,
2613,,,,,0.041666666666666664,
2614,,,,,0.6105263157894737,
2615,,,,,0.0,
2616,,,,,0.14836736051074018,
2617,,,,,0.1386028512332362,
2618,,,,,0.0,
2619,,,,,0.2391304347826087,
2620,,,,,0.0070921985815602835,
2621,,,,,0.009259259259259259,
2622,,,,,0.0,
2623,,,,,0.0070921985815602835,
2624,,,,,0.0,
2625,,,,,0.21176470588235294,
2626,,,,,0.2913907284768212,
2627,,,,,0.029315960912052116,
2628,,,,,0.11285495777083195,
2629,,,,,0.10931210106087227,
2630,,,,,0.07692307692307693,
2631,,,,,0.45774647887323944,
2632,,,,,0.10638297872340426,
2633,,,,,0.022222222222222223,
2634,,,,,0.06018518518518518,
2635,,,,,0.03,
2636,,,,,0.47540983606557374,
2637,,,,,0.2391304347826087,
2638,,,,,0.023529411764705882,
2639,,,,,0.01639344262295082,
2640,,,,,0.12655449890270665,
2641,,,,,0.11925360852256299,
2642,,,,,0.3812154696132597,
2643,,,,,0.011764705882352941,
2644,,,,,0.8393782383419689,
2645,,,,,0.2608695652173913,
2646,,,,,0.1276595744680851,
2647,,,,,0.0,
2648,,,,,0.0,
2649,,,,,0.2913907284768212,
2650,,,,,0.0,
2651,,,,,0.09714285714285714,
2652,,,,,0.13347077209549776,
2653,,,,,0.12421324199897693,
2654,,,,,0.03,
2655,,,,,0.0,
2656,,,,,0.045871559633027525,
2657,,,,,0.006172839506172839,
2658,,,,,0.0,
2659,,,,,0.06299212598425197,
2660,,,,,0.22608695652173913,
2661,,,,,0.3941176470588235,
2662,,,,,0.009852216748768473,
2663,,,,,0.02459016393442623,
2664,,,,,0.12622198576843785,
2665,,,,,0.11871983630985478,
2666,,,,,0.0625,
2667,,,,,0.0,
2668,,,,,0.14736842105263157,
2669,,,,,0.04,
2670,,,,,0.0,
2671,,,,,0.3103448275862069,
2672,,,,,0.011111111111111112,
2673,,,,,0.02459016393442623,
2674,,,,,0.5043478260869565,
2675,,,,,0.0049261083743842365,
2676,,,,,0.12954711711112588,
2677,,,,,0.12227831772790962,
2678,,,,,0.24242424242424243,
2679,,,,,0.0,
2680,,,,,0.2465753424657534,
2681,,,,,0.10526315789473684,
2682,,,,,0.32,
2683,,,,,0.4782608695652174,
2684,,,,,0.0,
2685,,,,,0.21739130434782608,
2686,,,,,0.0,
2687,,,,,0.02109704641350211,
2688,,,,,0.1422491188401942,
2689,,,,,0.1321975846807375,
2690,,,,,0.008849557522123894,
2691,,,,,0.12290502793296089,
2692,,,,,0.21739130434782608,
2693,,,,,0.0,
2694,,,,,0.0,
2695,,,,,0.4926829268292683,
2696,,,,,0.20869565217391303,
2697,,,,,0.0,
2698,,,,,0.0,
2699,,,,,0.0,
2700,,,,,0.10254705060849903,
2701,,,,,0.09981540377643841,
2702,,,,,0.7301587301587301,
2703,,,,,0.0,
2704,,,,,0.2119205298013245,
2705,,,,,0.0,
2706,,,,,0.0,
2707,,,,,0.6133333333333333,
2708,,,,,0.11570247933884298,
2709,,,,,0.0,
2710,,,,,0.44366197183098594,
2711,,,,,0.007633587786259542,
2712,,,,,0.15840925716565804,
2713,,,,,0.1461423837377399,
2714,,,,,0.134185303514377,
2715,,,,,0.023148148148148147,
2716,,,,,0.09714285714285714,
2717,,,,,0.0,
2718,,,,,0.008403361344537815,
2719,,,,,0.1511111111111111,
2720,,,,,0.02,
2721,,,,,0.24242424242424243,
2722,,,,,0.0,
2723,,,,,0.2097560975609756,
2724,,,,,0.14384518188468445,
2725,,,,,0.13531125592153548,
2726,,,,,0.03508771929824561,
2727,,,,,0.15846994535519127,
2728,,,,,0.0684931506849315,
2729,,,,,0.1565217391304348,
2730,,,,,0.2631578947368421,
2731,,,,,0.4,
2732,,,,,0.0,
2733,,,,,0.11702127659574468,
2734,,,,,0.1258741258741259,
2735,,,,,0.0,
2736,,,,,0.12362838332114119,
2737,,,,,0.11789693748192959,
2738,,,,,0.010638297872340425,
2739,,,,,0.08849557522123894,
2740,,,,,0.39779005524861877,
2741,,,,,0.6825396825396826,
2742,,,,,0.0,
2743,,,,,0.022988505747126436,
2744,,,,,0.0,
2745,,,,,0.0,
2746,,,,,0.12631578947368421,
2747,,,,,0.13829787234042554,
2748,,,,,0.12236483341091973,
2749,,,,,0.11680715254765028,
2750,,,,,0.47183098591549294,
2751,,,,,0.0,
2752,,,,,0.3370165745856354,
2753,,,,,0.07017543859649122,
2754,,,,,0.0,
2755,,,,,0.02127659574468085,
2756,,,,,0.0,
2757,,,,,0.1553398058252427,
2758,,,,,0.0,
2759,,,,,0.42857142857142855,
2760,,,,,0.13406929573718163,
2761,,,,,0.12530302693325623,
2762,,,,,0.6190476190476191,
2763,,,,,0.44366197183098594,
2764,,,,,0.20634920634920634,
2765,,,,,0.0,
2766,,,,,0.1553398058252427,
2767,,,,,0.00980392156862745,
2768,,,,,0.03529411764705882,
2769,,,,,0.022099447513812154,
2770,,,,,0.0,
2771,,,,,0.0,
2772,,,,,0.1481678526301789,
2773,,,,,0.1356226230456153,
2774,,,,,0.6408839779005525,
2775,,,,,0.3706896551724138,
2776,,,,,0.5686274509803921,
2777,,,,,0.4260869565217391,
2778,,,,,0.1956521739130435,
2779,,,,,0.18666666666666668,
2780,,,,,0.0,
2781,,,,,0.037037037037037035,
2782,,,,,0.06018518518518518,
2783,,,,,0.0,
2784,,,,,0.14125157943738778,
2785,,,,,0.13253119231368013,
2786,,,,,0.08438818565400844,
2787,,,,,0.052083333333333336,
2788,,,,,0.0,
2789,,,,,0.1657142857142857,
2790,,,,,0.05319148936170213,
2791,,,,,0.1162079510703364,
2792,,,,,0.0,
2793,,,,,0.26119402985074625,
2794,,,,,0.023529411764705882,
2795,,,,,0.0,
2796,,,,,0.13480082463257298,
2797,,,,,0.1273046727309121,
2798,,,,,0.0,
2799,,,,,0.1504424778761062,
2800,,,,,0.47317073170731705,
2801,,,,,0.043478260869565216,
2802,,,,,0.02,
2803,,,,,0.0,
2804,,,,,0.01639344262295082,
2805,,,,,0.0,
2806,,,,,0.0,
2807,,,,,0.023148148148148147,
2808,,,,,0.15122697346545189,
2809,,,,,0.14131619331450304,
2810,,,,,0.40298507462686567,
2811,,,,,0.005747126436781609,
2812,,,,,0.30526315789473685,
2813,,,,,0.02962962962962963,
2814,,,,,0.0,
2815,,,,,0.03333333333333333,
2816,,,,,0.1391304347826087,
2817,,,,,0.04419889502762431,
2818,,,,,0.20869565217391303,
2819,,,,,0.5365853658536586,
2820,,,,,0.13234022743898383,
2821,,,,,0.12427996352556546,
2822,,,,,0.5560975609756098,
2823,,,,,0.011494252873563218,
2824,,,,,0.0,
2825,,,,,0.03529411764705882,
2826,,,,,0.0,
2827,,,,,0.045871559633027525,
2828,,,,,0.01597444089456869,
2829,,,,,0.45217391304347826,
2830,,,,,0.011627906976744186,
2831,,,,,0.0,
2832,,,,,0.12489193323136263,
2833,,,,,0.11958721615550563,
2834,,,,,0.3805970149253731,
2835,,,,,0.0,
2836,,,,,0.14893617021276595,
2837,,,,,0.04945054945054945,
2838,,,,,0.0,
2839,,,,,0.007633587786259542,
2840,,,,,0.17218543046357615,
2841,,,,,0.1095890410958904,
2842,,,,,0.19047619047619047,
2843,,,,,0.0,
2844,,,,,0.13034514863337102,
2845,,,,,0.12196695060382981,
2846,,,,,0.19689119170984457,
2847,,,,,0.048484848484848485,
2848,,,,,0.5333333333333333,
2849,,,,,0.0,
2850,,,,,0.13043478260869565,
2851,,,,,0.0,
2852,,,,,0.023622047244094488,
2853,,,,,0.15789473684210525,
2854,,,,,0.553921568627451,
2855,,,,,0.03669724770642202,
2856,,,,,0.13253973531954513,
2857,,,,,0.12241176078108668,
2858,,,,,0.0,
2859,,,,,0.040983606557377046,
2860,,,,,0.2608695652173913,
2861,,,,,0.40298507462686567,
2862,,,,,0.06796116504854369,
2863,,,,,0.4301675977653631,
2864,,,,,0.0,
2865,,,,,0.0,
2866,,,,,0.0,
2867,,,,,0.0,
2868,,,,,0.13805945334840727,
2869,,,,,0.12743811578408915,
2870,,,,,0.56,
2871,,,,,0.2097560975609756,
2872,,,,,0.03125,
2873,,,,,0.0,
2874,,,,,0.0,
2875,,,,,0.03669724770642202,
2876,,,,,0.0,
2877,,,,,0.17475728155339806,
2878,,,,,0.0,
2879,,,,,0.3989071038251366,
2880,,,,,0.1163130943672275,
2881,,,,,0.11389364588661789,
2882,,,,,0.2736842105263158,
2883,,,,,0.050156739811912224,
2884,,,,,0.01639344262295082,
2885,,,,,0.0,
2886,,,,,0.0,
2887,,,,,0.6587301587301587,
2888,,,,,0.1048951048951049,
2889,,,,,0.4588235294117647,
2890,,,,,0.017241379310344827,
2891,,,,,0.0,
2892,,,,,0.117842654784864,
2893,,,,,0.11084669617240843,
2894,,,,,0.00909090909090909,
2895,,,,,0.0,
2896,,,,,0.05511811023622047,
2897,,,,,0.0,
2898,,,,,0.19689119170984457,
2899,,,,,0.11650485436893204,
2900,,,,,0.13043478260869565,
2901,,,,,0.06593406593406594,
2902,,,,,0.5333333333333333,
2903,,,,,0.6854838709677419,
2904,,,,,0.13912349537806742,
2905,,,,,0.12817205257656294,
2906,,,,,0.56,
2907,,,,,0.0,
2908,,,,,0.5784313725490197,
2909,,,,,0.1258741258741259,
2910,,,,,0.04390243902439024,
2911,,,,,0.0,
2912,,,,,0.04891304347826087,
2913,,,,,0.028985507246376812,
2914,,,,,0.0,
2915,,,,,0.44366197183098594,
2916,,,,,0.13386978785662035,
2917,,,,,0.1246135711585081,
2918,,,,,0.10222222222222223,
2919,,,,,0.17058823529411765,
2920,,,,,0.024390243902439025,
2921,,,,,0.41379310344827586,
2922,,,,,0.19907407407407407,
2923,,,,,0.0,
2924,,,,,0.4105960264900662,
2925,,,,,0.0546875,
2926,,,,,0.02727272727272727,
2927,,,,,0.1391304347826087,
2928,,,,,0.15548314158409257,
2929,,,,,0.14376264928941573,
2930,,,,,0.012121212121212121,
2931,,,,,0.12571428571428572,
2932,,,,,0.06043956043956044,
2933,,,,,0.0,
2934,,,,,0.06299212598425197,
2935,,,,,0.02459016393442623,
2936,,,,,0.011494252873563218,
2937,,,,,0.34328358208955223,
2938,,,,,0.0,
2939,,,,,0.0,
2940,,,,,0.136463390303917,
2941,,,,,0.12568111558392456,
2942,,,,,0.03333333333333333,
2943,,,,,0.10679611650485436,
2944,,,,,0.003134796238244514,
2945,,,,,0.21739130434782608,
2946,,,,,0.0,
2947,,,,,0.014084507042253521,
2948,,,,,0.00641025641025641,
2949,,,,,0.6349206349206349,
2950,,,,,0.24444444444444444,
2951,,,,,0.23414634146341465,
2952,,,,,0.13287224845381393,
2953,,,,,0.12178902653292707,
2954,,,,,0.3333333333333333,
2955,,,,,0.0,
2956,,,,,0.36904761904761907,
2957,,,,,0.06521739130434782,
2958,,,,,0.3509933774834437,
2959,,,,,0.01,
2960,,,,,0.21739130434782608,
2961,,,,,0.0,
2962,,,,,0.24,
2963,,,,,0.6428571428571429,
2964,,,,,0.14218261621334044,
2965,,,,,0.13030714142739586,
2966,,,,,0.0,
2967,,,,,0.1504424778761062,
2968,,,,,0.0,
2969,,,,,0.17475728155339806,
2970,,,,,0.0,
2971,,,,,0.2411764705882353,
2972,,,,,0.13186813186813187,
2973,,,,,0.16819571865443425,
2974,,,,,0.015748031496062992,
2975,,,,,0.2826086956521739,
2976,,,,,0.12741903305180555,
2977,,,,,0.11974289971754554,
2978,,,,,0.01,
2979,,,,,0.05737704918032787,
2980,,,,,0.0,
2981,,,,,0.1391304347826087,
2982,,,,,0.2980132450331126,
2983,,,,,0.0,
2984,,,,,0.48633879781420764,
2985,,,,,0.024509803921568627,
2986,,,,,0.39285714285714285,
2987,,,,,0.1095890410958904,
2988,,,,,0.13194121167786127,
2989,,,,,0.12392411538375998,
2990,,,,,0.05511811023622047,
2991,,,,,0.012121212121212121,
2992,,,,,0.017241379310344827,
2993,,,,,0.0,
2994,,,,,0.023529411764705882,
2995,,,,,0.0,
2996,,,,,0.0,
2997,,,,,0.2463768115942029,
2998,,,,,0.18446601941747573,
2999,,,,,0.041666666666666664,
3000,,,,,0.13652989293077075,
3001,,,,,0.12688210306251807,
3002,,,,,0.26262626262626265,
3003,,,,,0.44047619047619047,
3004,,,,,0.023148148148148147,
3005,,,,,0.1746031746031746,
3006,,,,,0.003194888178913738,
3007,,,,,0.18446601941747573,
3008,,,,,0.2,
3009,,,,,0.9758454106280193,
3010,,,,,0.0,
3011,,,,,0.0,
3012,,,,,0.15109396821174437,
3013,,,,,0.13811356003825367,
3014,,,,,0.5628415300546448,
3015,,,,,0.0,
3016,,,,,0.0,
3017,,,,,0.16022099447513813,
3018,,,,,0.052083333333333336,
3019,,,,,0.00909090909090909,
3020,,,,,0.0,
3021,,,,,0.011627906976744186,
3022,,,,,0.12232415902140673,
3023,,,,,0.019417475728155338,
3024,,,,,0.13453481412515794,
3025,,,,,0.12492493828258791,
3026,,,,,0.0,
3027,,,,,0.0,
3028,,,,,0.0,
3029,,,,,0.023622047244094488,
3030,,,,,0.0,
3031,,,,,0.00819672131147541,
3032,,,,,0.5564516129032258,
3033,,,,,0.011627906976744186,
3034,,,,,0.4927536231884058,
3035,,,,,0.4166666666666667,
3036,,,,,0.13486732725942674,
3037,,,,,0.12512510286235348,
3038,,,,,0.4396551724137931,
3039,,,,,0.006535947712418301,
3040,,,,,0.04,
3041,,,,,0.03278688524590164,
3042,,,,,0.016574585635359115,
3043,,,,,0.23478260869565218,
3044,,,,,0.007042253521126761,
3045,,,,,0.35815602836879434,
3046,,,,,0.6312849162011173,
3047,,,,,0.025210084033613446,
3048,,,,,0.15368757065904104,
3049,,,,,0.14173876298289706,
3050,,,,,0.0,
3051,,,,,0.0,
3052,,,,,0.03205128205128205,
3053,,,,,0.47580645161290325,
3054,,,,,0.007633587786259542,
3055,,,,,0.4224137931034483,
3056,,,,,0.004830917874396135,
3057,,,,,0.07281553398058252,
3058,,,,,0.023529411764705882,
3059,,,,,0.3575418994413408,
3060,,,,,0.1488328788987165,
3061,,,,,0.13722393968373997,
3062,,,,,0.5784313725490197,
3063,,,,,0.2608695652173913,
3064,,,,,0.45217391304347826,
3065,,,,,0.6439024390243903,
3066,,,,,0.5081967213114754,
3067,,,,,0.041666666666666664,
3068,,,,,0.07446808510638298,
3069,,,,,0.2898550724637681,
3070,,,,,0.0989010989010989,
3071,,,,,0.0,
3072,,,,,0.15382057591274856,
3073,,,,,0.14291750995262772,
3074,,,,,0.48633879781420764,
3075,,,,,0.014563106796116505,
3076,,,,,0.43661971830985913,
3077,,,,,0.6187845303867403,
3078,,,,,0.0,
3079,,,,,0.0,
3080,,,,,0.2529411764705882,
3081,,,,,0.0,
3082,,,,,0.0,
3083,,,,,0.0,
3084,,,,,0.14364567400412317,
3085,,,,,0.13299824299979984,
3086,,,,,0.0,
3087,,,,,0.5081967213114754,
3088,,,,,0.1565217391304348,
3089,,,,,0.0,
3090,,,,,0.4235294117647059,
3091,,,,,0.0,
3092,,,,,0.006535947712418301,
3093,,,,,0.004878048780487805,
3094,,,,,0.02459016393442623,
3095,,,,,0.42,
3096,,,,,0.14158409257165658,
3097,,,,,0.13113004025532105,
3098,,,,,0.0,
3099,,,,,0.0,
3100,,,,,0.08839779005524862,
3101,,,,,0.26373626373626374,
3102,,,,,0.02459016393442623,
3103,,,,,0.0,
3104,,,,,0.69,
3105,,,,,0.2529411764705882,
3106,,,,,0.47580645161290325,
3107,,,,,0.0,
3108,,,,,0.15215801024140455,
3109,,,,,0.14242821875764516,
3110,,,,,0.07608695652173914,
3111,,,,,0.028169014084507043,
3112,,,,,0.004807692307692308,
3113,,,,,0.10526315789473684,
3114,,,,,0.4419889502762431,
3115,,,,,0.0,
3116,,,,,0.023529411764705882,
3117,,,,,0.0,
3118,,,,,0.03,
3119,,,,,0.07086614173228346,
3120,,,,,0.144244197645807,
3121,,,,,0.13513333185063275,
3122,,,,,0.0,
3123,,,,,0.0,
3124,,,,,0.008438818565400843,
3125,,,,,0.0,
3126,,,,,0.02112676056338028,
3127,,,,,0.027522935779816515,
3128,,,,,0.004807692307692308,
3129,,,,,0.3130434782608696,
3130,,,,,0.0,
3131,,,,,0.0,
3132,,,,,0.1261554831415841,
3133,,,,,0.12196695060382981,
3134,,,,,0.14782608695652175,
3135,,,,,0.0,
3136,,,,,0.0,
3137,,,,,0.0,
3138,,,,,0.05263157894736842,
3139,,,,,0.13736263736263737,
3140,,,,,0.01652892561983471,
3141,,,,,0.5873015873015873,
3142,,,,,0.022099447513812154,
3143,,,,,0.3314917127071823,
3144,,,,,0.13120968278246992,
3145,,,,,0.1237239508039944,
3146,,,,,0.0,
3147,,,,,0.0,
3148,,,,,0.0,
3149,,,,,0.006535947712418301,
3150,,,,,0.0,
3151,,,,,0.21232876712328766,
3152,,,,,0.13186813186813187,
3153,,,,,0.034482758620689655,
3154,,,,,0.10869565217391304,
3155,,,,,0.19877675840978593,
3156,,,,,0.13918999800492118,
3157,,,,,0.13224206569846317,
3158,,,,,0.417910447761194,
3159,,,,,0.30434782608695654,
3160,,,,,0.02127659574468085,
3161,,,,,0.0,
3162,,,,,0.2826086956521739,
3163,,,,,0.022988505747126436,
3164,,,,,0.02459016393442623,
3165,,,,,0.0,
3166,,,,,0.06521739130434782,
3167,,,,,0.0,
3168,,,,,0.15036243931635299,
3169,,,,,0.14024864888908659,
3170,,,,,0.043478260869565216,
3171,,,,,0.01597444089456869,
3172,,,,,0.0,
3173,,,,,0.0,
3174,,,,,0.5573770491803278,
3175,,,,,0.09174311926605505,
3176,,,,,0.03333333333333333,
3177,,,,,0.0,
3178,,,,,0.06188925081433225,
3179,,,,,0.18584070796460178,
3180,,,,,0.15282303650994214,
3181,,,,,0.14516380134777485,
3182,,,,,0.0,
3183,,,,,0.42857142857142855,
3184,,,,,0.3368421052631579,
3185,,,,,0.4134078212290503,
3186,,,,,0.013071895424836602,
3187,,,,,0.5466666666666666,
3188,,,,,0.0,
3189,,,,,0.5652173913043478,
3190,,,,,0.0,
3191,,,,,0.4224137931034483,
3192,,,,,0.1637294673139589,
3193,,,,,0.15230300469274738,
3194,,,,,0.07608695652173914,
3195,,,,,0.14893617021276595,
3196,,,,,0.11578947368421053,
3197,,,,,0.027972027972027972,
3198,,,,,0.03333333333333333,
3199,,,,,0.0,
3200,,,,,0.20388349514563106,
3201,,,,,0.39072847682119205,
3202,,,,,0.4166666666666667,
3203,,,,,0.2826086956521739,
3204,,,,,0.1540865864201636,
3205,,,,,0.14356248470965016,
3206,,,,,0.0,
3207,,,,,0.1504424778761062,
3208,,,,,0.1,
3209,,,,,0.0,
3210,,,,,0.0,
3211,,,,,0.01951219512195122,
3212,,,,,0.6031746031746031,
3213,,,,,0.5833333333333334,
3214,,,,,0.0,
3215,,,,,0.4253731343283582,
3216,,,,,0.12914810135000332,
3217,,,,,0.12290105197606921,
3218,,,,,0.1780821917808219,
3219,,,,,0.0,
3220,,,,,0.6078431372549019,
3221,,,,,0.02875399361022364,
3222,,,,,0.0,
3223,,,,,0.6984126984126984,
3224,,,,,0.0,
3225,,,,,0.14857142857142858,
3226,,,,,0.030303030303030304,
3227,,,,,0.0,
3228,,,,,0.1603378333444171,
3229,,,,,0.14892244734559526,
3230,,,,,0.2826086956521739,
3231,,,,,0.0,
3232,,,,,0.23809523809523808,
3233,,,,,0.12631578947368421,
3234,,,,,0.3708609271523179,
3235,,,,,0.04,
3236,,,,,0.0,
3237,,,,,0.30434782608695654,
3238,,,,,0.0,
3239,,,,,0.1504424778761062,
3240,,,,,0.15382057591274856,
3241,,,,,0.1421835731601539,
3242,,,,,0.47619047619047616,
3243,,,,,0.5826086956521739,
3244,,,,,0.043478260869565216,
3245,,,,,0.2826086956521739,
3246,,,,,0.27058823529411763,
3247,,,,,0.2608695652173913,
3248,,,,,0.03333333333333333,
3249,,,,,0.03940886699507389,
3250,,,,,0.03669724770642202,
3251,,,,,0.12280701754385964,
3252,,,,,0.1621999068963224,
3253,,,,,0.1497675866823833,
3254,,,,,0.0,
3255,,,,,0.5169082125603864,
3256,,,,,0.03940886699507389,
3257,,,,,0.0048543689320388345,
3258,,,,,0.0,
3259,,,,,0.11009174311926606,
3260,,,,,0.01818181818181818,
3261,,,,,0.6111111111111112,
3262,,,,,0.03529411764705882,
3263,,,,,0.03514376996805112,
3264,,,,,0.1493648999135466,
3265,,,,,0.14340680114761026,
3266,,,,,0.532258064516129,
3267,,,,,0.3157894736842105,
3268,,,,,0.08796296296296297,
3269,,,,,0.0625,
3270,,,,,0.0,
3271,,,,,0.2634146341463415,
3272,,,,,0.05185185185185185,
3273,,,,,0.03940886699507389,
3274,,,,,0.40588235294117647,
3275,,,,,0.6568627450980392,
3276,,,,,0.16279843053800624,
3277,,,,,0.14843315615061273,
3278,,,,,0.15428571428571428,
3279,,,,,0.39552238805970147,
3280,,,,,0.2608695652173913,
3281,,,,,0.035211267605633804,
3282,,,,,0.168141592920354,
3283,,,,,0.36423841059602646,
3284,,,,,0.30526315789473685,
3285,,,,,0.035555555555555556,
3286,,,,,0.0,
3287,,,,,0.0,
3288,,,,,0.1616678858814923,
3289,,,,,0.14818851055312146,
3290,,,,,0.29432624113475175,
3291,,,,,0.42857142857142855,
3292,,,,,0.3333333333333333,
3293,,,,,0.0,
3294,,,,,0.031496062992125984,
3295,,,,,0.07874015748031496,
3296,,,,,0.13186813186813187,
3297,,,,,0.03,
3298,,,,,0.014184397163120567,
3299,,,,,0.0,
3300,,,,,0.15242402074881958,
3301,,,,,0.14269510486399928,
3302,,,,,0.0,
3303,,,,,0.0,
3304,,,,,0.0,
3305,,,,,0.0,
3306,,,,,0.42857142857142855,
3307,,,,,0.5882352941176471,
3308,,,,,0.24581005586592178,
3309,,,,,0.18681318681318682,
3310,,,,,0.0,
3311,,,,,0.0,
3312,,,,,0.1504954445700605,
3313,,,,,0.14002624380045817,
3314,,,,,0.006389776357827476,
3315,,,,,0.038461538461538464,
3316,,,,,0.0,
3317,,,,,0.03669724770642202,
3318,,,,,0.18446601941747573,
3319,,,,,0.2634146341463415,
3320,,,,,0.0,
3321,,,,,0.1048951048951049,
3322,,,,,0.0,
3323,,,,,0.30434782608695654,
3324,,,,,0.1457737580634435,
3325,,,,,0.1357783066076552,
3326,,,,,0.0,
3327,,,,,0.023622047244094488,
3328,,,,,0.0,
3329,,,,,0.13736263736263737,
3330,,,,,0.05185185185185185,
3331,,,,,0.10497237569060773,
3332,,,,,0.019230769230769232,
3333,,,,,0.45689655172413796,
3334,,,,,0.06018518518518518,
3335,,,,,0.054187192118226604,
3336,,,,,0.15887477555363436,
3337,,,,,0.14636478882636836,
3338,,,,,0.0,
3339,,,,,0.43103448275862066,
3340,,,,,0.30434782608695654,
3341,,,,,0.10283687943262411,
3342,,,,,0.0,
3343,,,,,0.03669724770642202,
3344,,,,,0.03205128205128205,
3345,,,,,0.023255813953488372,
3346,,,,,0.0,
3347,,,,,0.6190476190476191,
3348,,,,,0.12841657245461197,
3349,,,,,0.12296777350265774,
3350,,,,,0.004807692307692308,
3351,,,,,0.0,
3352,,,,,0.3217391304347826,
3353,,,,,0.0,
3354,,,,,0.03205128205128205,
3355,,,,,0.0,
3356,,,,,0.0,
3357,,,,,0.4166666666666667,
3358,,,,,0.39,
3359,,,,,0.3443708609271523,
3360,,,,,0.14597326594400478,
3361,,,,,0.1349109267620043,
3362,,,,,0.05,
3363,,,,,0.0,
3364,,,,,0.4838709677419355,
3365,,,,,0.25274725274725274,
3366,,,,,0.5217391304347826,
3367,,,,,0.1595744680851064,
3368,,,,,0.049723756906077346,
3369,,,,,0.008403361344537815,
3370,,,,,0.03529411764705882,
3371,,,,,0.4647887323943662,
3372,,,,,0.16479350934361908,
3373,,,,,0.148677801748104,
3374,,,,,0.28421052631578947,
3375,,,,,0.0,
3376,,,,,0.13736263736263737,
3377,,,,,0.0,
3378,,,,,0.3443708609271523,
3379,,,,,0.25139664804469275,
3380,,,,,0.11165048543689321,
3381,,,,,0.32967032967032966,
3382,,,,,0.0,
3383,,,,,0.0,
3384,,,,,0.14916539203298532,
3385,,,,,0.1395814336232013,
3386,,,,,0.014084507042253521,
3387,,,,,0.3880597014925373,
3388,,,,,0.023622047244094488,
3389,,,,,0.05263157894736842,
3390,,,,,0.2826086956521739,
3391,,,,,0.01639344262295082,
3392,,,,,0.47580645161290325,
3393,,,,,0.0,
3394,,,,,0.05737704918032787,
3395,,,,,0.5586592178770949,
3396,,,,,0.14710381060051872,
3397,,,,,0.13457731912906168,
3398,,,,,0.0,
3399,,,,,0.09178743961352658,
3400,,,,,0.0,
3401,,,,,0.11917098445595854,
3402,,,,,0.5873015873015873,
3403,,,,,0.4838709677419355,
3404,,,,,0.004878048780487805,
3405,,,,,0.054187192118226604,
3406,,,,,0.03571428571428571,
3407,,,,,0.032407407407407406,
3408,,,,,0.12136729400811332,
3409,,,,,0.11654026644129618,
3410,,,,,0.3157894736842105,
3411,,,,,0.5956112852664577,
3412,,,,,0.0,
3413,,,,,0.14893617021276595,
3414,,,,,0.0,
3415,,,,,0.0,
3416,,,,,0.1888111888111888,
3417,,,,,0.015267175572519083,
3418,,,,,0.8829268292682927,
3419,,,,,0.10526315789473684,
3420,,,,,0.1393230032586287,
3421,,,,,0.13061850855147566,
3422,,,,,0.1368421052631579,
3423,,,,,0.06077348066298342,
3424,,,,,0.3333333333333333,
3425,,,,,0.02459016393442623,
3426,,,,,0.19469026548672566,
3427,,,,,0.0,
3428,,,,,0.1888111888111888,
3429,,,,,0.04433497536945813,
3430,,,,,0.31788079470198677,
3431,,,,,0.4644808743169399,
3432,,,,,0.15402008379330984,
3433,,,,,0.1412939528056402,
3434,,,,,0.003194888178913738,
3435,,,,,0.04433497536945813,
3436,,,,,0.03205128205128205,
3437,,,,,0.3626943005181347,
3438,,,,,0.1391304347826087,
3439,,,,,0.0,
3440,,,,,0.05504587155963303,
3441,,,,,0.043478260869565216,
3442,,,,,0.05737704918032787,
3443,,,,,0.34397163120567376,
3444,,,,,0.13606437454279444,
3445,,,,,0.12930631852856794,
3446,,,,,0.04296875,
3447,,,,,0.011627906976744186,
3448,,,,,0.07874015748031496,
3449,,,,,0.04411764705882353,
3450,,,,,0.024793388429752067,
3451,,,,,0.4117647058823529,
3452,,,,,0.2681564245810056,
3453,,,,,0.5882352941176471,
3454,,,,,0.0,
3455,,,,,0.0,
3456,,,,,0.1422491188401942,
3457,,,,,0.1332873696150168,
3458,,,,,0.5466666666666666,
3459,,,,,0.11570247933884298,
3460,,,,,0.2727272727272727,
3461,,,,,0.0,
3462,,,,,0.14782608695652175,
3463,,,,,0.02,
3464,,,,,0.3024390243902439,
3465,,,,,0.022222222222222223,
3466,,,,,0.006535947712418301,
3467,,,,,0.0,
3468,,,,,0.1388574848706524,
3469,,,,,0.1289727108956253,
3470,,,,,0.08771929824561403,
3471,,,,,0.0,
3472,,,,,0.0,
3473,,,,,0.28823529411764703,
3474,,,,,0.0,
3475,,,,,0.5355191256830601,
3476,,,,,0.017241379310344827,
3477,,,,,0.05329153605015674,
3478,,,,,0.052083333333333336,
3479,,,,,0.3793103448275862,
3480,,,,,0.15022943406264547,
3481,,,,,0.13780219291417387,
3482,,,,,0.0,
3483,,,,,0.054187192118226604,
3484,,,,,0.0,
3485,,,,,0.01,
3486,,,,,0.3880597014925373,
3487,,,,,0.0,
3488,,,,,0.004629629629629629,
3489,,,,,0.03529411764705882,
3490,,,,,0.06116207951070336,
3491,,,,,0.5792349726775956,
3492,,,,,0.13925650063177494,
3493,,,,,0.13206414162756044,
3494,,,,,0.008403361344537815,
3495,,,,,0.0064516129032258064,
3496,,,,,0.02112676056338028,
3497,,,,,0.0,
3498,,,,,0.00390625,
3499,,,,,0.16521739130434782,
3500,,,,,0.03529411764705882,
3501,,,,,0.07017543859649122,
3502,,,,,0.01639344262295082,
3503,,,,,0.006535947712418301,
3504,,,,,0.15282303650994214,
3505,,,,,0.14127171229677735,
3506,,,,,0.2782608695652174,
3507,,,,,0.01020408163265306,
3508,,,,,0.0,
3509,,,,,0.007042253521126761,
3510,,,,,0.0,
3511,,,,,0.08771929824561403,
3512,,,,,0.03,
3513,,,,,0.0,
3514,,,,,0.626984126984127,
3515,,,,,0.0,
3516,,,,,0.14191660570592537,
3517,,,,,0.13279807842003424,
3518,,,,,0.0,
3519,,,,,0.37362637362637363,
3520,,,,,0.06629834254143646,
3521,,,,,0.28695652173913044,
3522,,,,,0.5130434782608696,
3523,,,,,0.0,
3524,,,,,0.02,
3525,,,,,0.08771929824561403,
3526,,,,,0.038834951456310676,
3527,,,,,0.006535947712418301,
3528,,,,,0.14351266875041563,
3529,,,,,0.13221982518960035,
3530,,,,,0.0,
3531,,,,,0.3626373626373626,
3532,,,,,0.5300546448087432,
3533,,,,,0.0,
3534,,,,,0.08771929824561403,
3535,,,,,0.0,
3536,,,,,0.17699115044247787,
3537,,,,,0.02734375,
3538,,,,,0.046413502109704644,
3539,,,,,0.04878048780487805,
3540,,,,,0.1588082729267806,
3541,,,,,0.14663167493272247,
3542,,,,,0.4880952380952381,
3543,,,,,0.13286713286713286,
3544,,,,,0.03414634146341464,
3545,,,,,0.0,
3546,,,,,0.03669724770642202,
3547,,,,,0.18446601941747573,
3548,,,,,0.6111111111111112,
3549,,,,,0.41044776119402987,
3550,,,,,0.07377049180327869,
3551,,,,,0.14893617021276595,
3552,,,,,0.14830085788388642,
3553,,,,,0.13564486355447813,
3554,,,,,0.02112676056338028,
3555,,,,,0.04918032786885246,
3556,,,,,0.0,
3557,,,,,0.010362694300518135,
3558,,,,,0.0,
3559,,,,,0.02564102564102564,
3560,,,,,0.0,
3561,,,,,0.5952380952380952,
3562,,,,,0.5066666666666667,
3563,,,,,0.09392265193370165,
3564,,,,,0.13912349537806742,
3565,,,,,0.12906167293107668,
3566,,,,,0.0,
3567,,,,,0.0,
3568,,,,,0.07086614173228346,
3569,,,,,0.3739130434782609,
3570,,,,,0.0,
3571,,,,,0.0390625,
3572,,,,,0.1391304347826087,
3573,,,,,0.12396694214876033,
3574,,,,,0.14893617021276595,
3575,,,,,0.4051724137931034,
3576,,,,,0.14131808206424154,
3577,,,,,0.13213086315414896,
3578,,,,,0.17894736842105263,
3579,,,,,0.02564102564102564,
3580,,,,,0.0970873786407767,
3581,,,,,0.0,
3582,,,,,0.041666666666666664,
3583,,,,,0.03431372549019608,
3584,,,,,0.0,
3585,,,,,0.0,
3586,,,,,0.02962962962962963,
3587,,,,,0.06521739130434782,
3588,,,,,0.14437720289951453,
3589,,,,,0.13362097724795943,
3590,,,,,0.008403361344537815,
3591,,,,,0.0,
3592,,,,,0.0,
3593,,,,,0.02564102564102564,
3594,,,,,0.0,
3595,,,,,0.0,
3596,,,,,0.2956521739130435,
3597,,,,,0.0,
3598,,,,,0.022988505747126436,
3599,,,,,0.2826086956521739,
3600,,,,,0.13599787191594068,
3601,,,,,0.12875030580699687,
3602,,,,,0.031088082901554404,
3603,,,,,0.08737864077669903,
3604,,,,,0.014184397163120567,
3605,,,,,0.0,
3606,,,,,0.07086614173228346,
3607,,,,,0.4823529411764706,
3608,,,,,0.0,
3609,,,,,0.5080645161290323,
3610,,,,,0.0070921985815602835,
3611,,,,,0.3516483516483517,
3612,,,,,0.14344616612356187,
3613,,,,,0.133398572159331,
3614,,,,,0.0,
3615,,,,,0.023622047244094488,
3616,,,,,0.0,
3617,,,,,0.052083333333333336,
3618,,,,,0.21787709497206703,
3619,,,,,0.012121212121212121,
3620,,,,,0.18840579710144928,
3621,,,,,0.22123893805309736,
3622,,,,,0.0,
3623,,,,,0.0,
3624,,,,,0.14118507681053402,
3625,,,,,0.13319840757956541,
3626,,,,,0.014184397163120567,
3627,,,,,0.004807692307692308,
3628,,,,,0.4225352112676056,
3629,,,,,0.5833333333333334,
3630,,,,,0.004830917874396135,
3631,,,,,0.10526315789473684,
3632,,,,,0.08888888888888889,
3633,,,,,0.17355371900826447,
3634,,,,,0.0,
3635,,,,,0.0,
3636,,,,,0.15022943406264547,
3637,,,,,0.14000400329159532,
3638,,,,,0.04878048780487805,
3639,,,,,0.0,
3640,,,,,0.02564102564102564,
3641,,,,,0.48695652173913045,
3642,,,,,0.022988505747126436,
3643,,,,,0.2826086956521739,
3644,,,,,0.5931372549019608,
3645,,,,,0.0,
3646,,,,,0.4642857142857143,
3647,,,,,0.0,
3648,,,,,0.1513599787191594,
3649,,,,,0.14091586415497187,
3650,,,,,0.0,
3651,,,,,0.0,
3652,,,,,0.00510204081632653,
3653,,,,,0.07086614173228346,
3654,,,,,0.0,
3655,,,,,0.0,
3656,,,,,0.42857142857142855,
3657,,,,,0.0,
3658,,,,,0.02564102564102564,
3659,,,,,0.006535947712418301,
3660,,,,,0.13965551639289753,
3661,,,,,0.1312634833084981,
3662,,,,,0.36231884057971014,
3663,,,,,0.20444444444444446,
3664,,,,,0.32967032967032966,
3665,,,,,0.47804878048780486,
3666,,,,,0.00390625,
3667,,,,,0.01639344262295082,
3668,,,,,0.0,
3669,,,,,0.1746031746031746,
3670,,,,,0.532258064516129,
3671,,,,,0.3443708609271523,
3672,,,,,0.13453481412515794,
3673,,,,,0.12750483731067766,
3674,,,,,0.5466666666666666,
3675,,,,,0.014084507042253521,
3676,,,,,0.0,
3677,,,,,0.03333333333333333,
3678,,,,,0.49193548387096775,
3679,,,,,0.16083916083916083,
3680,,,,,0.0,
3681,,,,,0.004878048780487805,
3682,,,,,0.30303030303030304,
3683,,,,,0.2066115702479339,
3684,,,,,0.13945600851233625,
3685,,,,,0.12774948290816893,
3686,,,,,0.3188405797101449,
3687,,,,,0.3575418994413408,
3688,,,,,0.0,
3689,,,,,0.0,
3690,,,,,0.03431372549019608,
3691,,,,,0.5967741935483871,
3692,,,,,0.09392265193370165,
3693,,,,,0.0,
3694,,,,,0.0,
3695,,,,,0.17475728155339806,
3696,,,,,0.15109396821174437,
3697,,,,,0.1383359651268821,
3698,,,,,0.02,
3699,,,,,0.30434782608695654,
3700,,,,,0.4396551724137931,
3701,,,,,0.29292929292929293,
3702,,,,,0.28823529411764703,
3703,,,,,0.024242424242424242,
3704,,,,,0.03431372549019608,
3705,,,,,0.32967032967032966,
3706,,,,,0.1391304347826087,
3707,,,,,0.0,
3708,,,,,0.153421560151626,
3709,,,,,0.1406267375397549,
3710,,,,,0.0,
3711,,,,,0.0,
3712,,,,,0.09473684210526316,
3713,,,,,0.0,
3714,,,,,0.02459016393442623,
3715,,,,,0.07407407407407407,
3716,,,,,0.1391304347826087,
3717,,,,,0.03205128205128205,
3718,,,,,0.0,
3719,,,,,0.0,
3720,,,,,0.14524173704861343,
3721,,,,,0.1354224584658497,
3722,,,,,0.5845070422535211,
3723,,,,,0.5793650793650794,
3724,,,,,0.0,
3725,,,,,0.09714285714285714,
3726,,,,,0.028735632183908046,
3727,,,,,0.1391304347826087,
3728,,,,,0.0,
3729,,,,,0.0,
3730,,,,,0.02127659574468085,
3731,,,,,0.0,
3732,,,,,0.14889938152557025,
3733,,,,,0.13784667393189956,
3734,,,,,0.32967032967032966,
3735,,,,,0.21739130434782608,
3736,,,,,0.004878048780487805,
3737,,,,,0.006514657980456026,
3738,,,,,0.009708737864077669,
3739,,,,,0.003194888178913738,
3740,,,,,0.02,
3741,,,,,0.03205128205128205,
3742,,,,,0.35609756097560974,
3743,,,,,0.7244444444444444,
3744,,,,,0.12795105406663562,
3745,,,,,0.1252807864243934,
3746,,,,,0.05555555555555555,
3747,,,,,0.16783216783216784,
3748,,,,,0.0672782874617737,
3749,,,,,0.04878048780487805,
3750,,,,,0.5698324022346368,
3751,,,,,0.1043956043956044,
3752,,,,,0.47619047619047616,
3753,,,,,0.04,
3754,,,,,0.0,
3755,,,,,0.0,
3756,,,,,0.14151758994480282,
3757,,,,,0.1303293819362587,
3758,,,,,0.2823529411764706,
3759,,,,,0.024390243902439025,
3760,,,,,0.0,
3761,,,,,0.0,
3762,,,,,0.038461538461538464,
3763,,,,,0.08333333333333333,
3764,,,,,0.014925373134328358,
3765,,,,,0.30434782608695654,
3766,,,,,0.11650485436893204,
3767,,,,,0.6031746031746031,
3768,,,,,0.16213340426946865,
3769,,,,,0.14881124480128105,
3770,,,,,0.0136986301369863,
3771,,,,,0.14736842105263157,
3772,,,,,0.07608695652173914,
3773,,,,,0.04,
3774,,,,,0.03414634146341464,
3775,,,,,0.14285714285714285,
3776,,,,,0.0,
3777,,,,,0.35555555555555557,
3778,,,,,0.4396551724137931,
3779,,,,,0.04433497536945813,
3780,,,,,0.17157677728270268,
3781,,,,,0.1590863598959144,
3782,,,,,0.04918032786885246,
3783,,,,,0.05555555555555555,
3784,,,,,0.18085106382978725,
3785,,,,,0.18652849740932642,
3786,,,,,0.32323232323232326,
3787,,,,,0.07065217391304347,
3788,,,,,0.0,
3789,,,,,0.4176470588235294,
3790,,,,,0.0,
3791,,,,,0.09090909090909091,
3792,,,,,0.15987231495644078,
3793,,,,,0.1457198140693459,
3794,,,,,0.022222222222222223,
3795,,,,,0.34782608695652173,
3796,,,,,0.006535947712418301,
3797,,,,,0.00390625,
3798,,,,,0.018518518518518517,
3799,,,,,0.0,
3800,,,,,0.0,
3801,,,,,0.0,
3802,,,,,0.028169014084507043,
3803,,,,,0.06299212598425197,
3804,,,,,0.13912349537806742,
3805,,,,,0.13061850855147566,
3806,,,,,0.0,
3807,,,,,0.1780821917808219,
3808,,,,,0.49411764705882355,
3809,,,,,0.0,
3810,,,,,0.007633587786259542,
3811,,,,,0.0989010989010989,
3812,,,,,0.1565217391304348,
3813,,,,,0.07065217391304347,
3814,,,,,0.4301675977653631,
3815,,,,,0.023622047244094488,
3816,,,,,0.15521713107667753,
3817,,,,,0.1461423837377399,
3818,,,,,0.6031746031746031,
3819,,,,,0.20212765957446807,
3820,,,,,0.02,
3821,,,,,0.03205128205128205,
3822,,,,,0.0070921985815602835,
3823,,,,,0.5645161290322581,
3824,,,,,0.02962962962962963,
3825,,,,,0.5980392156862745,
3826,,,,,0.0,
3827,,,,,0.02112676056338028,
3828,,,,,0.15840925716565804,
3829,,,,,0.1452972444009519,
3830,,,,,0.0,
3831,,,,,0.32967032967032966,
3832,,,,,0.054187192118226604,
3833,,,,,0.028169014084507043,
3834,,,,,0.14835164835164835,
3835,,,,,0.038461538461538464,
3836,,,,,0.0,
3837,,,,,0.2847682119205298,
3838,,,,,0.043478260869565216,
3839,,,,,0.0,
3840,,,,,0.15654718361375275,
3841,,,,,0.14516380134777485,
3842,,,,,0.2185430463576159,
3843,,,,,0.6173913043478261,
3844,,,,,0.07291666666666667,
3845,,,,,0.049019607843137254,
3846,,,,,0.03424657534246575,
3847,,,,,0.4880952380952381,
3848,,,,,0.015748031496062992,
3849,,,,,0.02962962962962963,
3850,,,,,0.043478260869565216,
3851,,,,,0.03867403314917127,
3852,,,,,0.16738711179091575,
3853,,,,,0.15343727064475235,
3854,,,,,0.6031746031746031,
3855,,,,,0.3368421052631579,
3856,,,,,0.054187192118226604,
3857,,,,,0.0,
3858,,,,,0.0,
3859,,,,,0.1262135922330097,
3860,,,,,0.0,
3861,,,,,0.0136986301369863,
3862,,,,,0.07065217391304347,
3863,,,,,0.006993006993006993,
3864,,,,,0.13526634302054932,
3865,,,,,0.131419166870538,
3866,,,,,0.41044776119402987,
3867,,,,,0.04411764705882353,
3868,,,,,0.5,
3869,,,,,0.0,
3870,,,,,0.5735294117647058,
3871,,,,,0.4642857142857143,
3872,,,,,0.20634920634920634,
3873,,,,,0.12435233160621761,
3874,,,,,0.14835164835164835,
3875,,,,,0.015306122448979591,
3876,,,,,0.16007182283700205,
3877,,,,,0.1471654471454307,
3878,,,,,0.08839779005524862,
3879,,,,,0.0,
3880,,,,,0.006535947712418301,
3881,,,,,0.043478260869565216,
3882,,,,,0.17482517482517482,
3883,,,,,0.034482758620689655,
3884,,,,,0.5573770491803278,
3885,,,,,0.04,
3886,,,,,0.2037037037037037,
3887,,,,,0.023622047244094488,
3888,,,,,0.14470971603378333,
3889,,,,,0.13404354691635345,
3890,,,,,0.4838709677419355,
3891,,,,,0.33112582781456956,
3892,,,,,0.4642857142857143,
3893,,,,,0.02112676056338028,
3894,,,,,0.0,
3895,,,,,0.5422535211267606,
3896,,,,,0.0,
3897,,,,,0.0,
3898,,,,,0.0,
3899,,,,,0.011627906976744186,
3900,,,,,0.15614816785263017,
3901,,,,,0.1422280541778796,
3902,,,,,0.054187192118226604,
3903,,,,,0.01990049751243781,
3904,,,,,0.0,
3905,,,,,0.13043478260869565,
3906,,,,,0.0,
3907,,,,,0.047058823529411764,
3908,,,,,0.0,
3909,,,,,0.0,
3910,,,,,0.2956521739130435,
3911,,,,,0.20212765957446807,
3912,,,,,0.16027133071756333,
3913,,,,,0.14829971309743567,
3914,,,,,0.16556291390728478,
3915,,,,,0.02112676056338028,
3916,,,,,0.04487179487179487,
3917,,,,,0.14782608695652175,
3918,,,,,0.0,
3919,,,,,0.0,
3920,,,,,0.05263157894736842,
3921,,,,,0.5833333333333334,
3922,,,,,0.3244444444444444,
3923,,,,,0.0,
3924,,,,,0.15568264946465385,
3925,,,,,0.14285078842603918,
3926,,,,,0.0625,
3927,,,,,0.6033519553072626,
3928,,,,,0.028735632183908046,
3929,,,,,0.0,
3930,,,,,0.0,
3931,,,,,0.12037037037037036,
3932,,,,,0.03508771929824561,
3933,,,,,0.0,
3934,,,,,0.40298507462686567,
3935,,,,,0.0,
3936,,,,,0.10234754272793775,
3937,,,,,0.10410782198696707,
3938,,,,,0.2826086956521739,
3939,,,,,0.032407407407407406,
3940,,,,,0.56,
3941,,,,,0.011627906976744186,
3942,,,,,0.0,
3943,,,,,0.003194888178913738,
3944,,,,,0.16783216783216784,
3945,,,,,0.05454545454545454,
3946,,,,,0.0,
3947,,,,,0.12807881773399016,
3948,,,,,0.15887477555363436,
3949,,,,,0.14756577630496187,
3950,,,,,0.17391304347826086,
3951,,,,,0.31746031746031744,
3952,,,,,0.0,
3953,,,,,0.49333333333333335,
3954,,,,,0.11650485436893204,
3955,,,,,0.0,
3956,,,,,0.0,
3957,,,,,0.12195121951219512,
3958,,,,,0.0,
3959,,,,,0.0,
3960,,,,,0.16113586486666223,
3961,,,,,0.15041256143940573,
3962,,,,,0.010638297872340425,
3963,,,,,0.3708609271523179,
3964,,,,,0.024242424242424242,
3965,,,,,0.2054794520547945,
3966,,,,,0.23893805309734514,
3967,,,,,0.07777777777777778,
3968,,,,,0.14146341463414633,
3969,,,,,0.20388349514563106,
3970,,,,,0.0,
3971,,,,,0.28695652173913044,
3972,,,,,0.1578107335239742,
3973,,,,,0.14376264928941573,
3974,,,,,0.6190476190476191,
3975,,,,,0.013029315960912053,
3976,,,,,0.3,
3977,,,,,0.36423841059602646,
3978,,,,,0.45689655172413796,
3979,,,,,0.49162011173184356,
3980,,,,,0.20869565217391303,
3981,,,,,0.024390243902439025,
3982,,,,,0.3626373626373626,
3983,,,,,0.02727272727272727,
3984,,,,,0.1528895391367959,
3985,,,,,0.14071569957520627,
3986,,,,,0.20634920634920634,
3987,,,,,0.36231884057971014,
3988,,,,,0.10679611650485436,
3989,,,,,0.0,
3990,,,,,0.0,
3991,,,,,0.40331491712707185,
3992,,,,,0.03414634146341464,
3993,,,,,0.0,
3994,,,,,0.028735632183908046,
3995,,,,,0.4507042253521127,
3996,,,,,0.16685509077608565,
3997,,,,,0.15265885283455286,
3998,,,,,0.40782122905027934,
3999,,,,,0.46113989637305697,
4000,,,,,0.30434782608695654,
4001,,,,,0.16483516483516483,
4002,,,,,0.0,
4003,,,,,0.0,
4004,,,,,0.5466666666666666,
4005,,,,,0.36423841059602646,
4006,,,,,0.03205128205128205,
4007,,,,,0.0,
4008,,,,,0.16585755137327923,
4009,,,,,0.1526810933434157,
4010,,,,,0.26857142857142857,
4011,,,,,0.3,
4012,,,,,0.07017543859649122,
4013,,,,,0.034482758620689655,
4014,,,,,0.07801418439716312,
4015,,,,,0.0,
4016,,,,,0.591304347826087,
4017,,,,,0.11650485436893204,
4018,,,,,0.007633587786259542,
4019,,,,,0.045454545454545456,
4020,,,,,0.16279843053800624,
4021,,,,,0.1497675866823833,
4022,,,,,0.08771929824561403,
4023,,,,,0.0,
4024,,,,,0.015748031496062992,
4025,,,,,0.07317073170731707,
4026,,,,,0.0625,
4027,,,,,0.0,
4028,,,,,0.3443708609271523,
4029,,,,,0.15789473684210525,
4030,,,,,0.12154696132596685,
4031,,,,,0.02280130293159609,
4032,,,,,0.16466050408991156,
4033,,,,,0.15365967573338077,
4034,,,,,0.040983606557377046,
4035,,,,,0.24043715846994534,
4036,,,,,0.0,
4037,,,,,0.19130434782608696,
4038,,,,,0.0,
4039,,,,,0.0,
4040,,,,,0.5043478260869565,
4041,,,,,0.4642857142857143,
4042,,,,,0.07874015748031496,
4043,,,,,0.6746031746031746,
4044,,,,,0.1623994147768837,
4045,,,,,0.14923381446967507,
4046,,,,,0.1958041958041958,
4047,,,,,0.03278688524590164,
4048,,,,,0.05092592592592592,
4049,,,,,0.19130434782608696,
4050,,,,,0.2608695652173913,
4051,,,,,0.5784313725490197,
4052,,,,,0.3217391304347826,
4053,,,,,0.0,
4054,,,,,0.0,
4055,,,,,0.045871559633027525,
4056,,,,,0.1616678858814923,
4057,,,,,0.14932277650512643,
4058,,,,,0.4266666666666667,
4059,,,,,0.5027322404371585,
4060,,,,,0.2391304347826087,
4061,,,,,0.3275862068965517,
4062,,,,,0.33043478260869563,
4063,,,,,0.0,
4064,,,,,0.022222222222222223,
4065,,,,,0.0196078431372549,
4066,,,,,0.0,
4067,,,,,0.0392156862745098,
4068,,,,,0.12894859346944204,
4069,,,,,0.12212263416586971,
4070,,,,,0.05555555555555555,
4071,,,,,0.27647058823529413,
4072,,,,,0.03314917127071823,
4073,,,,,0.03205128205128205,
4074,,,,,0.10655737704918032,
4075,,,,,0.15428571428571428,
4076,,,,,0.0,
4077,,,,,0.6089385474860335,
4078,,,,,0.03278688524590164,
4079,,,,,0.0,
4080,,,,,0.16718760391035445,
4081,,,,,0.1553944354246825,
4082,,,,,0.1826086956521739,
4083,,,,,0.028368794326241134,
4084,,,,,0.3217391304347826,
4085,,,,,0.0,
4086,,,,,0.0,
4087,,,,,0.34782608695652173,
4088,,,,,0.0,
4089,,,,,0.2127659574468085,
4090,,,,,0.045871559633027525,
4091,,,,,0.20869565217391303,
4092,,,,,0.16246591740373745,
4093,,,,,0.1496563841380691,
4094,,,,,0.0,
4095,,,,,0.0,
4096,,,,,0.031496062992125984,
4097,,,,,0.02280130293159609,
4098,,,,,0.56,
4099,,,,,0.03414634146341464,
4100,,,,,0.0,
4101,,,,,0.0,
4102,,,,,0.0,
4103,,,,,0.1262135922330097,
4104,,,,,0.16180089113519985,
4105,,,,,0.1569957520628072,
4106,,,,,0.007633587786259542,
4107,,,,,0.5136612021857924,
4108,,,,,0.03669724770642202,
4109,,,,,0.19428571428571428,
4110,,,,,0.0,
4111,,,,,0.0,
4112,,,,,0.0,
4113,,,,,0.16521739130434782,
4114,,,,,0.2222222222222222,
4115,,,,,0.4235294117647059,
4116,,,,,0.15142648134601316,
4117,,,,,0.14429642150212396,
4118,,,,,0.292817679558011,
4119,,,,,0.16877637130801687,
4120,,,,,0.0,
4121,,,,,0.11258278145695365,
4122,,,,,0.013071895424836602,
4123,,,,,0.0,
4124,,,,,0.05,
4125,,,,,0.2826086956521739,
4126,,,,,0.0,
4127,,,,,0.0,
4128,,,,,0.16259892265744497,
4129,,,,,0.15067944754575985,
4130,,,,,0.39552238805970147,
4131,,,,,0.0,
4132,,,,,0.3333333333333333,
4133,,,,,0.46551724137931033,
4134,,,,,0.10679611650485436,
4135,,,,,0.64,
4136,,,,,0.4523809523809524,
4137,,,,,0.0,
4138,,,,,0.5780141843971631,
4139,,,,,0.023255813953488372,
4140,,,,,0.16299793841856752,
4141,,,,,0.1512799412850566,
4142,,,,,0.12154696132596685,
4143,,,,,0.04878048780487805,
4144,,,,,0.05263157894736842,
4145,,,,,0.4642857142857143,
4146,,,,,0.0,
4147,,,,,0.39552238805970147,
4148,,,,,0.04918032786885246,
4149,,,,,0.0,
4150,,,,,0.05309734513274336,
4151,,,,,0.43103448275862066,
4152,,,,,0.17131076677528762,
4153,,,,,0.15770744834641817,
4154,,,,,0.02962962962962963,
4155,,,,,0.0,
4156,,,,,0.13592233009708737,
4157,,,,,0.22123893805309736,
4158,,,,,0.0,
4159,,,,,0.32323232323232326,
4160,,,,,0.022222222222222223,
4161,,,,,0.0,
4162,,,,,0.040983606557377046,
4163,,,,,0.0035460992907801418,
4164,,,,,0.16060384385183216,
4165,,,,,0.14569757356048307,
4166,,,,,0.06403940886699508,
4167,,,,,0.5792349726775956,
4168,,,,,0.12396694214876033,
4169,,,,,0.03431372549019608,
4170,,,,,0.02727272727272727,
4171,,,,,0.02112676056338028,
4172,,,,,0.007874015748031496,
4173,,,,,0.019543973941368076,
4174,,,,,0.1452513966480447,
4175,,,,,0.0,
4176,,,,,0.1576777282702667,
4177,,,,,0.14554188999844317,
4178,,,,,0.41379310344827586,
4179,,,,,0.003257328990228013,
4180,,,,,0.0,
4181,,,,,0.0,
4182,,,,,0.008403361344537815,
4183,,,,,0.1565217391304348,
4184,,,,,0.22377622377622378,
4185,,,,,0.023255813953488372,
4186,,,,,0.0,
4187,,,,,0.45774647887323944,
4188,,,,,0.14796834474961762,
4189,,,,,0.14131619331450304,
4190,,,,,0.023622047244094488,
4191,,,,,0.0,
4192,,,,,0.0,
4193,,,,,0.07377049180327869,
4194,,,,,0.2737430167597765,
4195,,,,,0.017241379310344827,
4196,,,,,0.041666666666666664,
4197,,,,,0.0,
4198,,,,,0.04,
4199,,,,,0.06896551724137931,
4200,,,,,0.13347077209549776,
4201,,,,,0.12979560972355048,
4202,,,,,0.0,
4203,,,,,0.03636363636363636,
4204,,,,,0.1322314049586777,
4205,,,,,0.47183098591549294,
4206,,,,,0.0,
4207,,,,,0.0,
4208,,,,,0.0070921985815602835,
4209,,,,,0.0,
4210,,,,,0.0078125,
4211,,,,,0.0,
4212,,,,,0.14238212409390172,
4213,,,,,0.1356893445722038,
4214,,,,,0.3333333333333333,
4215,,,,,0.01639344262295082,
4216,,,,,0.0,
4217,,,,,0.038461538461538464,
4218,,,,,0.0,
4219,,,,,0.05092592592592592,
4220,,,,,0.0,
4221,,,,,0.1270718232044199,
4222,,,,,0.33043478260869563,
4223,,,,,0.56,
4224,,,,,0.1525570260025271,
4225,,,,,0.14205013010697684,
4226,,,,,0.0,
4227,,,,,0.0,
4228,,,,,0.31176470588235294,
4229,,,,,0.014184397163120567,
4230,,,,,0.046296296296296294,
4231,,,,,0.31313131313131315,
4232,,,,,0.014814814814814815,
4233,,,,,0.041666666666666664,
4234,,,,,0.14383561643835616,
4235,,,,,0.0,
4236,,,,,0.14823435525703266,
4237,,,,,0.13886973733959032,
4238,,,,,0.035211267605633804,
4239,,,,,0.046296296296296294,
4240,,,,,0.0,
4241,,,,,0.0,
4242,,,,,0.2608695652173913,
4243,,,,,0.0,
4244,,,,,0.0,
4245,,,,,0.05263157894736842,
4246,,,,,0.0,
4247,,,,,0.14383561643835616,
4248,,,,,0.11451752344217597,
4249,,,,,0.11178079754464783,
4250,,,,,0.17375886524822695,
4251,,,,,0.15025906735751296,
4252,,,,,0.12154696132596685,
4253,,,,,0.0,
4254,,,,,0.21359223300970873,
4255,,,,,0.0,
4256,,,,,0.17699115044247787,
4257,,,,,0.043478260869565216,
4258,,,,,0.0,
4259,,,,,0.06666666666666667,
4260,,,,,0.14736982110793376,
4261,,,,,0.1364677623824033,
4262,,,,,0.2391304347826087,
4263,,,,,0.19148936170212766,
4264,,,,,0.5645161290322581,
4265,,,,,0.1902439024390244,
4266,,,,,0.4622222222222222,
4267,,,,,0.5735294117647058,
4268,,,,,0.023529411764705882,
4269,,,,,0.2826086956521739,
4270,,,,,0.22123893805309736,
4271,,,,,0.04,
4272,,,,,0.16366296468710514,
4273,,,,,0.1488334853101439,
4274,,,,,0.0,
4275,,,,,0.0,
4276,,,,,0.03431372549019608,
4277,,,,,0.11428571428571428,
4278,,,,,0.05555555555555555,
4279,,,,,0.5952380952380952,
4280,,,,,0.02459016393442623,
4281,,,,,0.3880597014925373,
4282,,,,,0.824390243902439,
4283,,,,,0.0,
4284,,,,,0.1711777615215801,
4285,,,,,0.1570402330805329,
4286,,,,,0.0,
4287,,,,,0.18654434250764526,
4288,,,,,0.5136612021857924,
4289,,,,,0.0,
4290,,,,,0.046296296296296294,
4291,,,,,0.04487179487179487,
4292,,,,,0.4972067039106145,
4293,,,,,0.0,
4294,,,,,0.040983606557377046,
4295,,,,,0.08839779005524862,
4296,,,,,0.16785263017889207,
4297,,,,,0.15401552387518627,
4298,,,,,0.025210084033613446,
4299,,,,,0.05092592592592592,
4300,,,,,0.18584070796460178,
4301,,,,,0.07210031347962383,
4302,,,,,0.0,
4303,,,,,0.0,
4304,,,,,0.01818181818181818,
4305,,,,,0.2529411764705882,
4306,,,,,0.0,
4307,,,,,0.0,
4308,,,,,0.12848307508146573,
4309,,,,,0.12258968485198941,
4310,,,,,0.0,
4311,,,,,0.2826086956521739,
4312,,,,,0.14782608695652175,
4313,,,,,0.30158730158730157,
4314,,,,,0.0,
4315,,,,,0.2191780821917808,
4316,,,,,0.003257328990228013,
4317,,,,,0.5466666666666666,
4318,,,,,0.0,
4319,,,,,0.0,
4320,,,,,0.1429141451087318,
4321,,,,,0.13488868625314146,
4322,,,,,0.42857142857142855,
4323,,,,,0.10679611650485436,
4324,,,,,0.00819672131147541,
4325,,,,,0.15902140672782875,
4326,,,,,0.006060606060606061,
4327,,,,,0.44390243902439025,
4328,,,,,0.0,
4329,,,,,0.043478260869565216,
4330,,,,,0.0,
4331,,,,,0.011627906976744186,
4332,,,,,0.14371217663097693,
4333,,,,,0.13310944554411405,
4334,,,,,0.5826086956521739,
4335,,,,,0.0625,
4336,,,,,0.024242424242424242,
4337,,,,,0.3443708609271523,
4338,,,,,0.046296296296296294,
4339,,,,,0.23809523809523808,
4340,,,,,0.5609756097560976,
4341,,,,,0.6666666666666666,
4342,,,,,0.1043956043956044,
4343,,,,,0.0,
4344,,,,,0.1618673937620536,
4345,,,,,0.1459644596668372,
4346,,,,,0.0970873786407767,
4347,,,,,0.038461538461538464,
4348,,,,,0.006172839506172839,
4349,,,,,0.04225352112676056,
4350,,,,,0.14782608695652175,
4351,,,,,0.11049723756906077,
4352,,,,,0.61,
4353,,,,,0.1941747572815534,
4354,,,,,0.0,
4355,,,,,0.0,
4356,,,,,0.16738711179091575,
4357,,,,,0.15310366301180972,
4358,,,,,0.03636363636363636,
4359,,,,,0.044444444444444446,
4360,,,,,0.028368794326241134,
4361,,,,,0.01953125,
4362,,,,,0.3473684210526316,
4363,,,,,0.013888888888888888,
4364,,,,,0.02,
4365,,,,,0.2066115702479339,
4366,,,,,0.18493150684931506,
4367,,,,,0.2608695652173913,
4368,,,,,0.17503491387909823,
4369,,,,,0.15941996752885707,
4370,,,,,0.0048543689320388345,
4371,,,,,0.09448818897637795,
4372,,,,,0.5637254901960784,
4373,,,,,0.0,
4374,,,,,0.0,
4375,,,,,0.04242424242424243,
4376,,,,,0.023622047244094488,
4377,,,,,0.05434782608695652,
4378,,,,,0.5478260869565217,
4379,,,,,0.034482758620689655,
4380,,,,,0.1684511538205759,
4381,,,,,0.15394880234859773,
4382,,,,,0.1958041958041958,
4383,,,,,0.004878048780487805,
4384,,,,,0.1391304347826087,
4385,,,,,0.05092592592592592,
4386,,,,,0.0,
4387,,,,,0.015748031496062992,
4388,,,,,0.047058823529411764,
4389,,,,,0.0,
4390,,,,,0.03902439024390244,
4391,,,,,0.13149847094801223,
4392,,,,,0.14165059519851034,
4393,,,,,0.13424371149611902,
4394,,,,,0.11602209944751381,
4395,,,,,0.4823529411764706,
4396,,,,,0.2608695652173913,
4397,,,,,0.02127659574468085,
4398,,,,,0.0,
4399,,,,,0.2324159021406728,
4400,,,,,0.014084507042253521,
4401,,,,,0.035211267605633804,
4402,,,,,0.006514657980456026,
4403,,,,,0.27058823529411763,
4404,,,,,0.15415308904701736,
4405,,,,,0.14231701621333095,
4406,,,,,0.553921568627451,
4407,,,,,0.011627906976744186,
4408,,,,,0.6190476190476191,
4409,,,,,0.022099447513812154,
4410,,,,,0.5027932960893855,
4411,,,,,0.0,
4412,,,,,0.29292929292929293,
4413,,,,,0.26490066225165565,
4414,,,,,0.0,
4415,,,,,0.5466666666666666,
4416,,,,,0.1508944603311831,
4417,,,,,0.1394257500611614,
4418,,,,,0.0,
4419,,,,,0.3951612903225806,
4420,,,,,0.1565217391304348,
4421,,,,,0.014084507042253521,
4422,,,,,0.004807692307692308,
4423,,,,,0.0,
4424,,,,,0.5352941176470588,
4425,,,,,0.1702127659574468,
4426,,,,,0.047244094488188976,
4427,,,,,1.0,
4428,,,,,0.14996342355523043,
4429,,,,,0.13818028156484222,
4430,,,,,0.373134328358209,
4431,,,,,0.30434782608695654,
4432,,,,,0.011627906976744186,
4433,,,,,0.0970873786407767,
4434,,,,,0.01,
4435,,,,,0.059782608695652176,
4436,,,,,0.18085106382978725,
4437,,,,,0.0856269113149847,
4438,,,,,0.0,
4439,,,,,0.023529411764705882,
4440,,,,,0.16871716432799094,
4441,,,,,0.1562618152703334,
4442,,,,,0.5466666666666666,
4443,,,,,0.0,
4444,,,,,0.0625,
4445,,,,,0.16,
4446,,,,,0.038461538461538464,
4447,,,,,0.0,
4448,,,,,0.03529411764705882,
4449,,,,,0.532258064516129,
4450,,,,,0.017241379310344827,
4451,,,,,0.02459016393442623,
4452,,,,,0.1578107335239742,
4453,,,,,0.14752129528723618,
4454,,,,,0.16783216783216784,
4455,,,,,0.3626373626373626,
4456,,,,,0.0,
4457,,,,,0.28823529411764703,
4458,,,,,0.02962962962962963,
4459,,,,,0.07291666666666667,
4460,,,,,0.33112582781456956,
4461,,,,,0.0,
4462,,,,,0.04,
4463,,,,,0.0,
4464,,,,,0.14790184212276386,
4465,,,,,0.13749082579009408,
4466,,,,,0.5080645161290323,
4467,,,,,0.08771929824561403,
4468,,,,,0.11650485436893204,
4469,,,,,0.36231884057971014,
4470,,,,,0.4482758620689655,
4471,,,,,0.5176470588235295,
4472,,,,,0.1368421052631579,
4473,,,,,0.4642857142857143,
4474,,,,,0.0,
4475,,,,,0.02727272727272727,
4476,,,,,0.16658908026867061,
4477,,,,,0.15310366301180972,
4478,,,,,0.5694444444444444,
4479,,,,,0.6111111111111112,
4480,,,,,0.0,
4481,,,,,0.9945652173913043,
4482,,,,,0.16556291390728478,
4483,,,,,0.2608695652173913,
4484,,,,,0.015748031496062992,
4485,,,,,0.05092592592592592,
4486,,,,,0.0,
4487,,,,,0.20634920634920634,
4488,,,,,0.1732393429540467,
4489,,,,,0.158152258523675,
4490,,,,,0.01680672268907563,
4491,,,,,0.0,
4492,,,,,0.009852216748768473,
4493,,,,,0.47183098591549294,
4494,,,,,0.0,
4495,,,,,0.09219858156028368,
4496,,,,,0.03669724770642202,
4497,,,,,0.40414507772020725,
4498,,,,,0.7555555555555555,
4499,,,,,0.0,
4500,,,,,0.09689432732592937,
4501,,,,,0.09470008673798457,
4502,,,,,0.0,
4503,,,,,0.0,
4504,,,,,0.0,
4505,,,,,0.0,
4506,,,,,0.0,
4507,,,,,0.07734806629834254,
4508,,,,,0.52,
4509,,,,,0.1657142857142857,
4510,,,,,0.3073170731707317,
4511,,,,,0.02926829268292683,
4512,,,,,0.1513599787191594,
4513,,,,,0.14060449703089206,
4514,,,,,0.4692737430167598,
4515,,,,,0.5564516129032258,
4516,,,,,0.24154589371980675,
4517,,,,,0.0,
4518,,,,,0.0,
4519,,,,,0.4195121951219512,
4520,,,,,0.6078431372549019,
4521,,,,,0.14285714285714285,
4522,,,,,0.13829787234042554,
4523,,,,,0.14893617021276595,
4524,,,,,0.16113586486666223,
4525,,,,,0.148677801748104,
4526,,,,,0.2826086956521739,
4527,,,,,0.3509933774834437,
4528,,,,,0.03636363636363636,
4529,,,,,0.0,
4530,,,,,0.09333333333333334,
4531,,,,,0.01680672268907563,
4532,,,,,0.027522935779816515,
4533,,,,,0.02734375,
4534,,,,,0.12077294685990338,
4535,,,,,0.0,
4536,,,,,0.1610028596129547,
4537,,,,,0.14838867513288703,
4538,,,,,0.03816793893129771,
4539,,,,,0.3956043956043956,
4540,,,,,0.4507042253521127,
4541,,,,,0.08771929824561403,
4542,,,,,0.24154589371980675,
4543,,,,,0.044444444444444446,
4544,,,,,0.15894039735099338,
4545,,,,,0.3275862068965517,
4546,,,,,0.29533678756476683,
4547,,,,,0.0546875,
4548,,,,,0.16060384385183216,
4549,,,,,0.15005671329760026,
4550,,,,,0.023255813953488372,
4551,,,,,0.17880794701986755,
4552,,,,,0.0,
4553,,,,,0.08143322475570032,
4554,,,,,0.4888888888888889,
4555,,,,,0.0,
4556,,,,,0.30434782608695654,
4557,,,,,0.05,
4558,,,,,0.0,
4559,,,,,0.0,
4560,,,,,0.13553235352796436,
4561,,,,,0.13133020483508662,
4562,,,,,0.0,
4563,,,,,0.0,
4564,,,,,0.19148936170212766,
4565,,,,,0.043478260869565216,
4566,,,,,0.0392156862745098,
4567,,,,,0.0,
4568,,,,,0.41044776119402987,
4569,,,,,0.0,
4570,,,,,0.032679738562091505,
4571,,,,,0.008403361344537815,
4572,,,,,0.10720223448826229,
4573,,,,,0.1078664679847875,
4574,,,,,0.0,
4575,,,,,0.4880952380952381,
4576,,,,,0.004807692307692308,
4577,,,,,0.5733333333333334,
4578,,,,,0.2608695652173913,
4579,,,,,0.03546099290780142,
4580,,,,,0.30526315789473685,
4581,,,,,0.532258064516129,
4582,,,,,0.015748031496062992,
4583,,,,,0.08737864077669903,
4584,,,,,0.15096096295803685,
4585,,,,,0.13984831972955541,
4586,,,,,0.10989010989010989,
4587,,,,,0.0,
4588,,,,,0.04390243902439024,
4589,,,,,0.03546099290780142,
4590,,,,,0.0,
4591,,,,,0.42487046632124353,
4592,,,,,0.3368421052631579,
4593,,,,,0.1565217391304348,
4594,,,,,0.42857142857142855,
4595,,,,,0.17699115044247787,
4596,,,,,0.1588082729267806,
4597,,,,,0.14458554811734092,
4598,,,,,0.5027322404371585,
4599,,,,,0.44366197183098594,
4600,,,,,0.015748031496062992,
4601,,,,,0.20353982300884957,
4602,,,,,0.11049723756906077,
4603,,,,,0.06018518518518518,
4604,,,,,0.5865921787709497,
4605,,,,,0.2127659574468085,
4606,,,,,0.0,
4607,,,,,0.49411764705882355,
4608,,,,,0.17363835871516925,
4609,,,,,0.15964237261748548,
4610,,,,,0.18181818181818182,
4611,,,,,0.027522935779816515,
4612,,,,,0.1826086956521739,
4613,,,,,0.01,
4614,,,,,0.01171875,
4615,,,,,0.011627906976744186,
4616,,,,,0.3956043956043956,
4617,,,,,0.16521739130434782,
4618,,,,,0.028368794326241134,
4619,,,,,0.028169014084507043,
4620,,,,,0.16619006450754806,
4621,,,,,0.15125770077619377,
4622,,,,,0.07407407407407407,
4623,,,,,0.025510204081632654,
4624,,,,,0.0,
4625,,,,,0.004219409282700422,
4626,,,,,0.028169014084507043,
4627,,,,,0.41044776119402987,
4628,,,,,0.56,
4629,,,,,0.0718232044198895,
4630,,,,,0.006535947712418301,
4631,,,,,0.23232323232323232,
4632,,,,,0.16007182283700205,
4633,,,,,0.14825523207970998,
4634,,,,,0.016877637130801686,
4635,,,,,0.1262135922330097,
4636,,,,,0.0,
4637,,,,,0.16521739130434782,
4638,,,,,0.0,
4639,,,,,0.08695652173913043,
4640,,,,,0.14285714285714285,
4641,,,,,0.6,
4642,,,,,0.0,
4643,,,,,0.3684210526315789,
4644,,,,,0.16638957238810934,
4645,,,,,0.15568356203989947,
4646,,,,,0.04964539007092199,
4647,,,,,0.1391304347826087,
4648,,,,,0.0,
4649,,,,,0.4642857142857143,
4650,,,,,0.0,
4651,,,,,0.6048780487804878,
4652,,,,,0.453551912568306,
4653,,,,,0.0,
4654,,,,,0.03278688524590164,
4655,,,,,0.6,
4656,,,,,0.15554964421094633,
4657,,,,,0.14438538353757535,
4658,,,,,0.0,
4659,,,,,0.03636363636363636,
4660,,,,,0.023255813953488372,
4661,,,,,0.0,
4662,,,,,0.0,
4663,,,,,0.0,
4664,,,,,0.43103448275862066,
4665,,,,,0.46078431372549017,
4666,,,,,0.0,
4667,,,,,0.02821316614420063,
4668,,,,,0.14125157943738778,
4669,,,,,0.13104107821986968,
4670,,,,,0.040983606557377046,
4671,,,,,0.0,
4672,,,,,0.0,
4673,,,,,0.029315960912052116,
4674,,,,,0.20353982300884957,
4675,,,,,0.0,
4676,,,,,0.03669724770642202,
4677,,,,,0.31313131313131315,
4678,,,,,0.41379310344827586,
4679,,,,,0.07291666666666667,
4680,,,,,0.1486333710181552,
4681,,,,,0.137646509352134,
4682,,,,,0.36231884057971014,
4683,,,,,0.0970873786407767,
4684,,,,,0.3263157894736842,
4685,,,,,0.01680672268907563,
4686,,,,,0.3812154696132597,
4687,,,,,0.34065934065934067,
4688,,,,,0.626984126984127,
4689,,,,,0.10185185185185185,
4690,,,,,0.5985915492957746,
4691,,,,,0.05555555555555555,
4692,,,,,0.18141916605705927,
4693,,,,,0.16642572782065254,
4694,,,,,0.4860335195530726,
4695,,,,,0.057692307692307696,
4696,,,,,0.4088888888888889,
4697,,,,,0.2847682119205298,
4698,,,,,0.05319148936170213,
4699,,,,,0.0,
4700,,,,,0.05555555555555555,
4701,,,,,0.24793388429752067,
4702,,,,,0.22123893805309736,
4703,,,,,0.0,
4704,,,,,0.17044623262618874,
4705,,,,,0.15657318239441317,
4706,,,,,0.05319148936170213,
4707,,,,,0.3656716417910448,
4708,,,,,0.2,
4709,,,,,0.0,
4710,,,,,0.31313131313131315,
4711,,,,,0.4507042253521127,
4712,,,,,0.0,
4713,,,,,0.12232415902140673,
4714,,,,,0.0,
4715,,,,,0.30434782608695654,
4716,,,,,0.17603245328190464,
4717,,,,,0.16571403153704156,
4718,,,,,0.41044776119402987,
4719,,,,,0.028735632183908046,
4720,,,,,0.38461538461538464,
4721,,,,,0.20212765957446807,
4722,,,,,0.0,
4723,,,,,0.01680672268907563,
4724,,,,,0.0,
4725,,,,,0.3576158940397351,
4726,,,,,0.0,
4727,,,,,0.0,
4728,,,,,0.14836736051074018,
4729,,,,,0.13922558548139582,
4730,,,,,0.05,
4731,,,,,0.11219512195121951,
4732,,,,,0.17714285714285713,
4733,,,,,0.023255813953488372,
4734,,,,,0.0,
4735,,,,,0.0,
4736,,,,,0.0,
4737,,,,,0.035211267605633804,
4738,,,,,0.014423076923076924,
4739,,,,,0.0,
4740,,,,,0.16665558289552437,
4741,,,,,0.1531481440295354,
4742,,,,,0.5683060109289617,
4743,,,,,0.05,
4744,,,,,0.06341463414634146,
4745,,,,,0.04242424242424243,
4746,,,,,0.0,
4747,,,,,0.4051724137931034,
4748,,,,,0.30434782608695654,
4749,,,,,0.23404255319148937,
4750,,,,,0.3841059602649007,
4751,,,,,0.023622047244094488,
4752,,,,,0.17855955310234753,
4753,,,,,0.16415719591664257,
4754,,,,,0.06329113924050633,
4755,,,,,0.03546099290780142,
4756,,,,,0.0,
4757,,,,,0.30434782608695654,
4758,,,,,0.30434782608695654,
4759,,,,,0.0,
4760,,,,,0.3443708609271523,
4761,,,,,0.04,
4762,,,,,0.1262135922330097,
4763,,,,,0.41044776119402987,
4764,,,,,0.17636496641617344,
4765,,,,,0.16039854991882213,
4766,,,,,0.4782608695652174,
4767,,,,,0.4577777777777778,
4768,,,,,0.19,
4769,,,,,0.6129032258064516,
4770,,,,,0.4224137931034483,
4771,,,,,0.2849162011173184,
4772,,,,,0.45294117647058824,
4773,,,,,0.009615384615384616,
4774,,,,,0.4523809523809524,
4775,,,,,0.1270718232044199,
4776,,,,,0.1803551240273991,
4777,,,,,0.164379601005271,
4778,,,,,0.006172839506172839,
4779,,,,,0.03414634146341464,
4780,,,,,0.0,
4781,,,,,0.03669724770642202,
4782,,,,,0.0,
4783,,,,,0.0,
4784,,,,,0.22340425531914893,
4785,,,,,0.08661417322834646,
4786,,,,,0.48823529411764705,
4787,,,,,0.4782608695652174,
4788,,,,,0.17536742701336702,
4789,,,,,0.15930876498454286,
4790,,,,,0.41379310344827586,
4791,,,,,0.047058823529411764,
4792,,,,,0.1368421052631579,
4793,,,,,0.1986754966887417,
4794,,,,,0.4788732394366197,
4795,,,,,0.046296296296296294,
4796,,,,,0.01893939393939394,
4797,,,,,0.09174311926605505,
4798,,,,,0.0,
4799,,,,,0.0,
4800,,,,,0.1749019086253907,
4801,,,,,0.16409047439005403,
4802,,,,,0.49411764705882355,
4803,,,,,0.0,
4804,,,,,0.44047619047619047,
4805,,,,,0.11707317073170732,
4806,,,,,0.06829268292682927,
4807,,,,,0.11650485436893204,
4808,,,,,0.27053140096618356,
4809,,,,,0.0,
4810,,,,,0.0,
4811,,,,,0.5739130434782609,
4812,,,,,0.1701802221187737,
4813,,,,,0.158152258523675,
4814,,,,,0.05392156862745098,
4815,,,,,0.08290155440414508,
4816,,,,,0.047058823529411764,
4817,,,,,0.009708737864077669,
4818,,,,,0.0,
4819,,,,,0.0,
4820,,,,,0.03,
4821,,,,,0.20869565217391303,
4822,,,,,0.3157894736842105,
4823,,,,,0.0,
4824,,,,,0.17696349005785728,
4825,,,,,0.1617329804505927,
4826,,,,,0.0,
4827,,,,,0.09448818897637795,
4828,,,,,0.0,
4829,,,,,0.23404255319148937,
4830,,,,,0.058823529411764705,
4831,,,,,0.5737704918032787,
4832,,,,,0.0,
4833,,,,,0.38461538461538464,
4834,,,,,0.0,
4835,,,,,0.035211267605633804,
4836,,,,,0.1410520715568265,
4837,,,,,0.13466628116451304,
4838,,,,,0.1565217391304348,
4839,,,,,0.0,
4840,,,,,0.15894039735099338,
4841,,,,,0.023255813953488372,
4842,,,,,0.0,
4843,,,,,0.3894736842105263,
4844,,,,,0.0,
4845,,,,,0.02,
4846,,,,,0.3492063492063492,
4847,,,,,0.06060606060606061,
4848,,,,,0.1623994147768837,
4849,,,,,0.15021239685964013,
4850,,,,,0.003194888178913738,
4851,,,,,0.5391304347826087,
4852,,,,,0.055248618784530384,
4853,,,,,0.05,
4854,,,,,0.30434782608695654,
4855,,,,,0.2463768115942029,
4856,,,,,0.42857142857142855,
4857,,,,,0.0,
4858,,,,,0.2826086956521739,
4859,,,,,0.41044776119402987,
4860,,,,,0.15142648134601316,
4861,,,,,0.1424949402842337,
4862,,,,,0.0,
4863,,,,,0.03669724770642202,
4864,,,,,0.4880952380952381,
4865,,,,,0.025906735751295335,
4866,,,,,0.01639344262295082,
4867,,,,,0.0,
4868,,,,,0.168141592920354,
4869,,,,,0.29473684210526313,
4870,,,,,0.7541899441340782,
4871,,,,,0.0,
4872,,,,,0.15568264946465385,
4873,,,,,0.14658719391499678,
4874,,,,,0.1322314049586777,
4875,,,,,0.16521739130434782,
4876,,,,,0.24870466321243523,
4877,,,,,0.02112676056338028,
4878,,,,,0.0,
4879,,,,,0.02875399361022364,
4880,,,,,0.02459016393442623,
4881,,,,,0.0,
4882,,,,,0.04411764705882353,
4883,,,,,0.48823529411764705,
4884,,,,,0.16313094367227504,
4885,,,,,0.15094633365211396,
4886,,,,,0.0,
4887,,,,,0.03546099290780142,
4888,,,,,0.22608695652173913,
4889,,,,,0.022222222222222223,
4890,,,,,0.027932960893854747,
4891,,,,,0.0,
4892,,,,,0.0,
4893,,,,,0.23404255319148937,
4894,,,,,0.0,
4895,,,,,0.0,
4896,,,,,0.14185010307907162,
4897,,,,,0.13388786335431355,
4898,,,,,0.0,
4899,,,,,0.0064516129032258064,
4900,,,,,0.0,
4901,,,,,0.2119205298013245,
4902,,,,,0.0,
4903,,,,,0.5686274509803921,
4904,,,,,0.07777777777777778,
4905,,,,,0.0,
4906,,,,,0.06,
4907,,,,,0.16521739130434782,
4908,,,,,0.15581565471836137,
4909,,,,,0.14556413050730602,
4910,,,,,0.02912621359223301,
4911,,,,,0.02112676056338028,
4912,,,,,0.3739130434782609,
4913,,,,,0.0,
4914,,,,,0.08379888268156424,
4915,,,,,0.09844559585492228,
4916,,,,,0.4065934065934066,
4917,,,,,0.022727272727272728,
4918,,,,,0.0,
4919,,,,,0.6666666666666666,
4920,,,,,0.156480680986899,
4921,,,,,0.1459644596668372,
4922,,,,,0.5,
4923,,,,,0.3240223463687151,
4924,,,,,0.17391304347826086,
4925,,,,,0.12637362637362637,
4926,,,,,0.01818181818181818,
4927,,,,,0.0,
4928,,,,,0.23841059602649006,
4929,,,,,0.14563106796116504,
4930,,,,,0.10655737704918032,
4931,,,,,0.0,
4932,,,,,0.14504222916805215,
4933,,,,,0.1376687498609968,
4934,,,,,0.02,
4935,,,,,0.0,
4936,,,,,0.21359223300970873,
4937,,,,,0.05555555555555555,
4938,,,,,0.24210526315789474,
4939,,,,,0.3391304347826087,
4940,,,,,0.1813186813186813,
4941,,,,,0.0,
4942,,,,,0.22857142857142856,
4943,,,,,0.3235294117647059,
4944,,,,,0.18188468444503558,
4945,,,,,0.16804928496764007,
4946,,,,,0.03431372549019608,
4947,,,,,0.0,
4948,,,,,0.20869565217391303,
4949,,,,,0.04242424242424243,
4950,,,,,0.06422018348623854,
4951,,,,,0.2608695652173913,
4952,,,,,0.0,
4953,,,,,0.0,
4954,,,,,0.46551724137931033,
4955,,,,,0.6805555555555556,
4956,,,,,0.18407927113120967,
4957,,,,,0.171029513155261,
4958,,,,,0.02127659574468085,
4959,,,,,0.0,
4960,,,,,0.07777777777777778,
4961,,,,,0.08287292817679558,
4962,,,,,0.0764525993883792,
4963,,,,,0.0,
4964,,,,,0.10655737704918032,
4965,,,,,0.3411764705882353,
4966,,,,,0.19130434782608696,
4967,,,,,0.06341463414634146,
4968,,,,,0.16313094367227504,
4969,,,,,0.15087961212552542,
4970,,,,,0.041666666666666664,
4971,,,,,0.0,
4972,,,,,1.0,
4973,,,,,0.3434343434343434,
4974,,,,,0.47413793103448276,
4975,,,,,0.4642857142857143,
4976,,,,,0.03,
4977,,,,,0.13934426229508196,
4978,,,,,0.34782608695652173,
4979,,,,,0.0,
4980,,,,,0.20243399614284766,
4981,,,,,0.18246113471076217,
4982,,,,,0.024390243902439025,
4983,,,,,0.5806451612903226,
4984,,,,,0.4105263157894737,
4985,,,,,0.3473684210526316,
4986,,,,,0.4065934065934066,
4987,,,,,0.01171875,
4988,,,,,0.01639344262295082,
4989,,,,,0.20279720279720279,
4990,,,,,0.0,
4991,,,,,0.30434782608695654,
4992,,,,,0.2055596196049744,
4993,,,,,0.18839935057714122,
4994,,,,,0.02459016393442623,
4995,,,,,0.39106145251396646,
4996,,,,,0.0,
4997,,,,,0.00510204081632653,
4998,,,,,0.035211267605633804,
4999,,,,,0.03636363636363636,
5000,,,,,0.2826086956521739,
5001,,,,,0.2781456953642384,
5002,,,,,0.0,
5003,,,,,0.19672131147540983,
5004,,,,,0.17303983507348542,
5005,,,,,0.1583524231034406,
5006,,,,,0.15987460815047022,
5007,,,,,0.07407407407407407,
5008,,,,,0.6746031746031746,
5009,,,,,0.0,
5010,,,,,0.05,
5011,,,,,0.30434782608695654,
5012,,,,,0.06018518518518518,
5013,,,,,0.0,
5014,,,,,0.0,
5015,,,,,0.10679611650485436,
5016,,,,,0.1562811731063377,
5017,,,,,0.1480550674999444,
5018,,,,,0.006514657980456026,
5019,,,,,0.028169014084507043,
5020,,,,,0.844559585492228,
5021,,,,,0.02112676056338028,
5022,,,,,0.0,
5023,,,,,0.10416666666666667,
5024,,,,,0.11764705882352941,
5025,,,,,0.1487603305785124,
5026,,,,,0.0,
5027,,,,,0.007462686567164179,
5028,,,,,0.1510274655848906,
5029,,,,,0.14267286435513646,
5030,,,,,0.40397350993377484,
5031,,,,,0.0,
5032,,,,,0.5733333333333334,
5033,,,,,0.14563106796116504,
5034,,,,,0.0,
5035,,,,,0.5645161290322581,
5036,,,,,0.08780487804878048,
5037,,,,,0.45774647887323944,
5038,,,,,0.13812154696132597,
5039,,,,,0.9463414634146341,
5040,,,,,0.18254971071357318,
5041,,,,,0.1673820697017548,
5042,,,,,0.11475409836065574,
5043,,,,,0.18681318681318682,
5044,,,,,0.028169014084507043,
5045,,,,,0.07555555555555556,
5046,,,,,0.04918032786885246,
5047,,,,,0.6,
5048,,,,,0.012345679012345678,
5049,,,,,0.05555555555555555,
5050,,,,,0.038461538461538464,
5051,,,,,0.0,
5052,,,,,0.16911618008911353,
5053,,,,,0.15483842270311143,
5054,,,,,0.0,
5055,,,,,0.0,
5056,,,,,0.3333333333333333,
5057,,,,,0.0,
5058,,,,,0.17391304347826086,
5059,,,,,0.012345679012345678,
5060,,,,,0.00390625,
5061,,,,,0.03409090909090909,
5062,,,,,0.023255813953488372,
5063,,,,,0.13812154696132597,
5064,,,,,0.16173438850834607,
5065,,,,,0.14967862464693193,
5066,,,,,0.7564766839378239,
5067,,,,,0.00819672131147541,
5068,,,,,0.009404388714733543,
5069,,,,,0.06,
5070,,,,,0.011627906976744186,
5071,,,,,0.1565217391304348,
5072,,,,,0.0,
5073,,,,,0.0,
5074,,,,,0.13592233009708737,
5075,,,,,0.4065934065934066,
5076,,,,,0.18208419232559686,
5077,,,,,0.16824944954740564,
5078,,,,,0.03257328990228013,
5079,,,,,0.47413793103448276,
5080,,,,,0.1826086956521739,
5081,,,,,0.23626373626373626,
5082,,,,,0.044444444444444446,
5083,,,,,0.0625,
5084,,,,,0.08695652173913043,
5085,,,,,0.06666666666666667,
5086,,,,,0.25396825396825395,
5087,,,,,0.56,
5088,,,,,0.17636496641617344,
5089,,,,,0.16202210706580966,
5090,,,,,0.4482758620689655,
5091,,,,,0.3424657534246575,
5092,,,,,0.34782608695652173,
5093,,,,,0.6349206349206349,
5094,,,,,0.0,
5095,,,,,0.006535947712418301,
5096,,,,,0.4166666666666667,
5097,,,,,0.5733333333333334,
5098,,,,,0.41721854304635764,
5099,,,,,0.037037037037037035,
5100,,,,,0.18348074748952584,
5101,,,,,0.16862753819807397,
5102,,,,,0.3157894736842105,
5103,,,,,0.007462686567164179,
5104,,,,,0.29714285714285715,
5105,,,,,0.1978021978021978,
5106,,,,,0.07801418439716312,
5107,,,,,0.4,
5108,,,,,0.25663716814159293,
5109,,,,,0.0,
5110,,,,,0.015267175572519083,
5111,,,,,0.3217391304347826,
5112,,,,,0.19452018354725012,
5113,,,,,0.17874696973066745,
5114,,,,,0.034482758620689655,
5115,,,,,0.009174311926605505,
5116,,,,,0.0,
5117,,,,,0.2,
5118,,,,,0.049019607843137254,
5119,,,,,0.23809523809523808,
5120,,,,,0.09565217391304348,
5121,,,,,0.33519553072625696,
5122,,,,,0.5683060109289617,
5123,,,,,0.34513274336283184,
5124,,,,,0.17849305047549377,
5125,,,,,0.1655805884838645,
5126,,,,,0.0,
5127,,,,,0.0,
5128,,,,,0.0,
5129,,,,,0.022988505747126436,
5130,,,,,0.2608695652173913,
5131,,,,,0.9948186528497409,
5132,,,,,0.8357487922705314,
5133,,,,,0.4827586206896552,
5134,,,,,0.00975609756097561,
5135,,,,,0.035211267605633804,
5136,,,,,0.1854093236682849,
5137,,,,,0.16956163957031337,
5138,,,,,0.043478260869565216,
5139,,,,,0.0035971223021582736,
5140,,,,,0.0,
5141,,,,,0.035211267605633804,
5142,,,,,0.5196078431372549,
5143,,,,,0.9219512195121952,
5144,,,,,0.0,
5145,,,,,0.1917808219178082,
5146,,,,,0.42857142857142855,
5147,,,,,0.023622047244094488,
5148,,,,,0.1453082396754672,
5149,,,,,0.13617863576718636,
5150,,,,,0.04,
5151,,,,,0.52,
5152,,,,,0.16783216783216784,
5153,,,,,0.01990049751243781,
5154,,,,,0.0,
5155,,,,,0.07058823529411765,
5156,,,,,0.0,
5157,,,,,0.01282051282051282,
5158,,,,,0.42105263157894735,
5159,,,,,0.045871559633027525,
5160,,,,,0.1860743499368225,
5161,,,,,0.16991748771211884,
5162,,,,,0.22527472527472528,
5163,,,,,0.06666666666666667,
5164,,,,,0.0,
5165,,,,,0.05211726384364821,
5166,,,,,0.12396694214876033,
5167,,,,,0.031496062992125984,
5168,,,,,0.049019607843137254,
5169,,,,,0.43283582089552236,
5170,,,,,0.657608695652174,
5171,,,,,0.5647058823529412,
5172,,,,,0.18926647602580302,
5173,,,,,0.1730533994617797,
5174,,,,,0.10897435897435898,
5175,,,,,0.22330097087378642,
5176,,,,,0.6048387096774194,
5177,,,,,0.41044776119402987,
5178,,,,,0.0,
5179,,,,,0.02112676056338028,
5180,,,,,0.3695652173913043,
5181,,,,,0.7707317073170732,
5182,,,,,0.007407407407407408,
5183,,,,,0.0,
5184,,,,,0.1871383919664827,
5185,,,,,0.1728977158997398,
5186,,,,,0.05853658536585366,
5187,,,,,0.14067278287461774,
5188,,,,,0.47619047619047616,
5189,,,,,0.028169014084507043,
5190,,,,,0.3425414364640884,
5191,,,,,0.0,
5192,,,,,0.23841059602649006,
5193,,,,,0.16083916083916083,
5194,,,,,0.015267175572519083,
5195,,,,,0.9603174603174603,
5196,,,,,0.17230830617809403,
5197,,,,,0.16142161332651292,
5198,,,,,0.015267175572519083,
5199,,,,,0.3391304347826087,
5200,,,,,0.4647887323943662,
5201,,,,,0.2631578947368421,
5202,,,,,0.05555555555555555,
5203,,,,,0.0,
5204,,,,,0.5833333333333334,
5205,,,,,0.20869565217391303,
5206,,,,,0.45689655172413796,
5207,,,,,0.03409090909090909,
5208,,,,,0.15302254439050342,
5209,,,,,0.14474123167938083,
5210,,,,,0.0,
5211,,,,,0.0,
5212,,,,,0.0,
5213,,,,,0.048484848484848485,
5214,,,,,0.034482758620689655,
5215,,,,,0.0,
5216,,,,,0.03278688524590164,
5217,,,,,0.08695652173913043,
5218,,,,,0.058823529411764705,
5219,,,,,0.45689655172413796,
5220,,,,,0.19312362838332114,
5221,,,,,0.17618931121144052,
5222,,,,,0.0,
5223,,,,,0.043478260869565216,
5224,,,,,0.08771929824561403,
5225,,,,,0.0625,
5226,,,,,0.0,
5227,,,,,0.0,
5228,,,,,0.45689655172413796,
5229,,,,,0.5244444444444445,
5230,,,,,0.93,
5231,,,,,0.20279720279720279,
5232,,,,,0.1820176896987431,
5233,,,,,0.16711518359540067,
5234,,,,,0.3473684210526316,
5235,,,,,0.08235294117647059,
5236,,,,,0.06666666666666667,
5237,,,,,0.09239130434782608,
5238,,,,,0.05925925925925926,
5239,,,,,0.5529411764705883,
5240,,,,,0.0,
5241,,,,,0.0,
5242,,,,,0.5647668393782384,
5243,,,,,0.3576158940397351,
5244,,,,,0.1916605705925384,
5245,,,,,0.17340924760358517,
5246,,,,,0.40298507462686567,
5247,,,,,0.24571428571428572,
5248,,,,,0.25217391304347825,
5249,,,,,0.028169014084507043,
5250,,,,,0.15469613259668508,
5251,,,,,0.045871559633027525,
5252,,,,,0.5921787709497207,
5253,,,,,0.12598425196850394,
5254,,,,,0.1553398058252427,
5255,,,,,0.0,
5256,,,,,0.20037241471038106,
5257,,,,,0.1822164891132709,
5258,,,,,0.08235294117647059,
5259,,,,,0.034482758620689655,
5260,,,,,0.08791208791208792,
5261,,,,,0.03125,
5262,,,,,0.01764705882352941,
5263,,,,,0.004219409282700422,
5264,,,,,0.006514657980456026,
5265,,,,,0.0,
5266,,,,,0.4823529411764706,
5267,,,,,0.8743169398907104,
5268,,,,,0.1732393429540467,
5269,,,,,0.1594422080377199,
5270,,,,,0.23404255319148937,
5271,,,,,0.23008849557522124,
5272,,,,,0.05537459283387622,
5273,,,,,0.00510204081632653,
5274,,,,,0.5980392156862745,
5275,,,,,0.13812154696132597,
5276,,,,,0.0,
5277,,,,,0.0,
5278,,,,,0.0,
5279,,,,,0.20279720279720279,
5280,,,,,0.15794373877768172,
5281,,,,,0.14803282699108156,
5282,,,,,0.02459016393442623,
5283,,,,,0.0,
5284,,,,,0.0078125,
5285,,,,,0.06018518518518518,
5286,,,,,0.0,
5287,,,,,0.07,
5288,,,,,0.03205128205128205,
5289,,,,,0.0,
5290,,,,,0.2054794520547945,
5291,,,,,0.23178807947019867,
5292,,,,,0.16073684910553968,
5293,,,,,0.15023463736850298,
5294,,,,,0.01818181818181818,
5295,,,,,0.6086956521739131,
5296,,,,,0.22279792746113988,
5297,,,,,0.17142857142857143,
5298,,,,,0.03669724770642202,
5299,,,,,0.017241379310344827,
5300,,,,,0.0,
5301,,,,,0.3259668508287293,
5302,,,,,0.3805970149253731,
5303,,,,,0.09375,
5304,,,,,0.17702999268471104,
5305,,,,,0.16199986655694681,
5306,,,,,0.37681159420289856,
5307,,,,,0.0,
5308,,,,,0.5956284153005464,
5309,,,,,0.11475409836065574,
5310,,,,,0.19230769230769232,
5311,,,,,0.3368421052631579,
5312,,,,,0.30158730158730157,
5313,,,,,0.08771929824561403,
5314,,,,,0.0,
5315,,,,,0.049019607843137254,
5316,,,,,0.17530092438651326,
5317,,,,,0.16139937281765007,
5318,,,,,0.006535947712418301,
5319,,,,,0.5725806451612904,
5320,,,,,0.06372549019607843,
5321,,,,,0.015267175572519083,
5322,,,,,0.006172839506172839,
5323,,,,,0.5555555555555556,
5324,,,,,0.0,
5325,,,,,0.2054794520547945,
5326,,,,,0.2524271844660194,
5327,,,,,0.0,
5328,,,,,0.14091906630311898,
5329,,,,,0.13197517959210905,
5330,,,,,0.00390625,
5331,,,,,0.015306122448979591,
5332,,,,,0.013888888888888888,
5333,,,,,0.8186528497409327,
5334,,,,,0.0,
5335,,,,,0.2231404958677686,
5336,,,,,0.5121951219512195,
5337,,,,,0.6065573770491803,
5338,,,,,0.022900763358778626,
5339,,,,,0.0035460992907801418,
5340,,,,,0.1073352397419698,
5341,,,,,0.10637635389097702,
5342,,,,,0.3805970149253731,
5343,,,,,0.6434782608695652,
5344,,,,,0.48044692737430167,
5345,,,,,1.0,
5346,,,,,0.09473684210526316,
5347,,,,,0.06060606060606061,
5348,,,,,0.0,
5349,,,,,0.17391304347826086,
5350,,,,,0.08771929824561403,
5351,,,,,0.06557377049180328,
5352,,,,,0.18121965817649796,
5353,,,,,0.16709294308653783,
5354,,,,,0.5066666666666667,
5355,,,,,0.0,
5356,,,,,0.006172839506172839,
5357,,,,,0.08333333333333333,
5358,,,,,0.04,
5359,,,,,0.13986013986013987,
5360,,,,,0.2608695652173913,
5361,,,,,0.05555555555555555,
5362,,,,,0.2,
5363,,,,,0.0,
5364,,,,,0.15960630444902574,
5365,,,,,0.1489002068367324,
5366,,,,,0.4175824175824176,
5367,,,,,0.0,
5368,,,,,0.0,
5369,,,,,0.058823529411764705,
5370,,,,,0.44047619047619047,
5371,,,,,0.21777777777777776,
5372,,,,,0.5695364238410596,
5373,,,,,0.045454545454545456,
5374,,,,,0.0,
5375,,,,,0.6290322580645161,
5376,,,,,0.16080335173239343,
5377,,,,,0.149100371416498,
5378,,,,,0.3956043956043956,
5379,,,,,0.7777777777777778,
5380,,,,,0.1565217391304348,
5381,,,,,0.035211267605633804,
5382,,,,,0.06422018348623854,
5383,,,,,0.0,
5384,,,,,0.5300546448087432,
5385,,,,,0.29411764705882354,
5386,,,,,0.2608695652173913,
5387,,,,,0.030303030303030304,
5388,,,,,0.17909157411717763,
5389,,,,,0.1655805884838645,
5390,,,,,0.07058823529411765,
5391,,,,,0.0,
5392,,,,,0.39436619718309857,
5393,,,,,0.0,
5394,,,,,0.04918032786885246,
5395,,,,,0.035830618892508145,
5396,,,,,0.01680672268907563,
5397,,,,,0.0,
5398,,,,,0.04964539007092199,
5399,,,,,0.0,
5400,,,,,0.190663031189732,
5401,,,,,0.17474367813535574,
5402,,,,,0.5136612021857924,
5403,,,,,0.0,
5404,,,,,0.019230769230769232,
5405,,,,,0.0,
5406,,,,,0.0,
5407,,,,,0.0,
5408,,,,,0.18840579710144928,
5409,,,,,0.0,
5410,,,,,0.3160621761658031,
5411,,,,,0.058823529411764705,
5412,,,,,0.1413845846910953,
5413,,,,,0.13284255943775994,
5414,,,,,1.0,
5415,,,,,0.07017543859649122,
5416,,,,,0.05555555555555555,
5417,,,,,0.0,
5418,,,,,0.36741214057507987,
5419,,,,,0.0,
5420,,,,,0.0,
5421,,,,,0.8238341968911918,
5422,,,,,0.22330097087378642,
5423,,,,,0.05,
5424,,,,,0.21280840593203432,
5425,,,,,0.19242488268131575,
5426,,,,,0.05092592592592592,
5427,,,,,0.1565217391304348,
5428,,,,,0.5333333333333333,
5429,,,,,0.035211267605633804,
5430,,,,,0.046511627906976744,
5431,,,,,0.08888888888888889,
5432,,,,,0.022222222222222223,
5433,,,,,0.23809523809523808,
5434,,,,,0.38028169014084506,
5435,,,,,0.27184466019417475,
5436,,,,,0.15980581232958702,
5437,,,,,0.14829971309743567,
5438,,,,,0.008438818565400843,
5439,,,,,0.023622047244094488,
5440,,,,,0.061946902654867256,
5441,,,,,0.5555555555555556,
5442,,,,,0.13812154696132597,
5443,,,,,0.8097560975609757,
5444,,,,,0.10194174757281553,
5445,,,,,0.01951219512195122,
5446,,,,,0.014423076923076924,
5447,,,,,0.5733333333333334,
5448,,,,,0.15202500498769703,
5449,,,,,0.1423837377399195,
5450,,,,,0.024822695035460994,
5451,,,,,0.16783216783216784,
5452,,,,,0.2534246575342466,
5453,,,,,0.4523809523809524,
5454,,,,,0.2826086956521739,
5455,,,,,0.03333333333333333,
5456,,,,,0.0,
5457,,,,,0.7098445595854922,
5458,,,,,0.02,
5459,,,,,0.4175824175824176,
5460,,,,,0.15448560218128615,
5461,,,,,0.14442986455530102,
5462,,,,,0.0979020979020979,
5463,,,,,0.0,
5464,,,,,0.6086956521739131,
5465,,,,,0.2,
5466,,,,,0.3422222222222222,
5467,,,,,0.3368421052631579,
5468,,,,,0.0,
5469,,,,,0.0,
5470,,,,,0.045454545454545456,
5471,,,,,0.5911602209944752,
5472,,,,,0.15887477555363436,
5473,,,,,0.14612014322887706,
5474,,,,,0.0,
5475,,,,,0.5519125683060109,
5476,,,,,0.03278688524590164,
5477,,,,,0.30434782608695654,
5478,,,,,0.13812154696132597,
5479,,,,,0.08333333333333333,
5480,,,,,0.0,
5481,,,,,0.4224137931034483,
5482,,,,,0.2956521739130435,
5483,,,,,0.029411764705882353,
5484,,,,,0.17064574050675002,
5485,,,,,0.15670662544759023,
5486,,,,,0.0,
5487,,,,,0.032407407407407406,
5488,,,,,0.0,
5489,,,,,0.16842105263157894,
5490,,,,,0.07291666666666667,
5491,,,,,0.19130434782608696,
5492,,,,,0.48823529411764705,
5493,,,,,0.11570247933884298,
5494,,,,,0.0,
5495,,,,,0.3333333333333333,
5496,,,,,0.14810135000332514,
5497,,,,,0.14089362364610902,
5498,,,,,0.2983425414364641,
5499,,,,,0.0,
5500,,,,,0.2191780821917808,
5501,,,,,0.4842105263157895,
5502,,,,,0.12280701754385964,
5503,,,,,0.0,
5504,,,,,0.0,
5505,,,,,0.13541666666666666,
5506,,,,,0.3130434782608696,
5507,,,,,0.21142857142857144,
5508,,,,,0.17942408725144643,
5509,,,,,0.16593643662567,
5510,,,,,0.2222222222222222,
5511,,,,,0.25217391304347825,
5512,,,,,0.37777777777777777,
5513,,,,,0.1553398058252427,
5514,,,,,0.6338797814207651,
5515,,,,,0.0,
5516,,,,,0.0,
5517,,,,,1.0,
5518,,,,,0.34782608695652173,
5519,,,,,0.08771929824561403,
5520,,,,,0.16519252510474164,
5521,,,,,0.15592820763739074,
5522,,,,,0.34705882352941175,
5523,,,,,0.07804878048780488,
5524,,,,,0.2119205298013245,
5525,,,,,0.0,
5526,,,,,0.0,
5527,,,,,0.1885245901639344,
5528,,,,,0.08235294117647059,
5529,,,,,0.11650485436893204,
5530,,,,,0.6086956521739131,
5531,,,,,0.0,
5532,,,,,0.182882223847842,
5533,,,,,0.16909458888419368,
5534,,,,,0.04918032786885246,
5535,,,,,0.057692307692307696,
5536,,,,,0.04929577464788732,
5537,,,,,0.007633587786259542,
5538,,,,,0.022988505747126436,
5539,,,,,0.043478260869565216,
5540,,,,,0.6428571428571429,
5541,,,,,0.5165562913907285,
5542,,,,,0.025210084033613446,
5543,,,,,0.0,
5544,,,,,0.17377136396887677,
5545,,,,,0.15968685363521118,
5546,,,,,0.03488372093023256,
5547,,,,,0.6065573770491803,
5548,,,,,0.0,
5549,,,,,0.003194888178913738,
5550,,,,,0.24725274725274726,
5551,,,,,0.21678321678321677,
5552,,,,,0.004807692307692308,
5553,,,,,0.0,
5554,,,,,0.0,
5555,,,,,0.4065934065934066,
5556,,,,,0.19325663363702866,
5557,,,,,0.17536641238351533,
5558,,,,,0.07339449541284404,
5559,,,,,0.023622047244094488,
5560,,,,,0.06896551724137931,
5561,,,,,0.08292682926829269,
5562,,,,,0.3473684210526316,
5563,,,,,0.5737704918032787,
5564,,,,,0.7170731707317073,
5565,,,,,0.5725806451612904,
5566,,,,,0.47183098591549294,
5567,,,,,0.12389380530973451,
5568,,,,,0.20130345148633372,
5569,,,,,0.18308386895892179,
5570,,,,,0.0,
5571,,,,,0.5391849529780565,
5572,,,,,0.6854838709677419,
5573,,,,,0.015625,
5574,,,,,0.0064516129032258064,
5575,,,,,0.04,
5576,,,,,0.03508771929824561,
5577,,,,,0.0,
5578,,,,,0.22330097087378642,
5579,,,,,0.4014084507042254,
5580,,,,,0.1782935425949325,
5581,,,,,0.16978404465894179,
5582,,,,,0.0,
5583,,,,,0.01818181818181818,
5584,,,,,0.0,
5585,,,,,0.0,
5586,,,,,0.05092592592592592,
5587,,,,,0.0,
5588,,,,,0.4647058823529412,
5589,,,,,0.028735632183908046,
5590,,,,,0.06666666666666667,
5591,,,,,0.06829268292682927,
5592,,,,,0.10833277914477622,
5593,,,,,0.10677668305050819,
5594,,,,,0.5588235294117647,
5595,,,,,0.10526315789473684,
5596,,,,,0.0,
5597,,,,,0.20388349514563106,
5598,,,,,0.0,
5599,,,,,0.2052980132450331,
5600,,,,,0.0,
5601,,,,,0.5560975609756098,
5602,,,,,0.03636363636363636,
5603,,,,,0.012345679012345678,
5604,,,,,0.13506683513998802,
5605,,,,,0.12790516647020883,
5606,,,,,0.18285714285714286,
5607,,,,,0.3617021276595745,
5608,,,,,0.5352941176470588,
5609,,,,,0.0,
5610,,,,,0.1595744680851064,
5611,,,,,0.04924242424242424,
5612,,,,,0.0,
5613,,,,,0.008438818565400843,
5614,,,,,0.16483516483516483,
5615,,,,,0.1941747572815534,
5616,,,,,0.1963822570991554,
5617,,,,,0.18077085603718612,
5618,,,,,0.04225352112676056,
5619,,,,,0.05092592592592592,
5620,,,,,0.07246376811594203,
5621,,,,,0.19130434782608696,
5622,,,,,0.1791044776119403,
5623,,,,,0.0,
5624,,,,,0.00909090909090909,
5625,,,,,0.0,
5626,,,,,0.44370860927152317,
5627,,,,,0.0,
5628,,,,,0.20003990157611226,
5629,,,,,0.18348419811845296,
5630,,,,,0.5683060109289617,
5631,,,,,0.0,
5632,,,,,0.26519337016574585,
5633,,,,,0.23809523809523808,
5634,,,,,0.0,
5635,,,,,0.008403361344537815,
5636,,,,,0.08888888888888889,
5637,,,,,0.12280701754385964,
5638,,,,,0.4927536231884058,
5639,,,,,0.04225352112676056,
5640,,,,,0.1740373744762918,
5641,,,,,0.15999822075929096,
5642,,,,,0.13043478260869565,
5643,,,,,0.0625,
5644,,,,,0.02727272727272727,
5645,,,,,0.19205298013245034,
5646,,,,,0.3333333333333333,
5647,,,,,0.42857142857142855,
5648,,,,,0.0,
5649,,,,,0.18085106382978725,
5650,,,,,0.022222222222222223,
5651,,,,,0.0,
5652,,,,,0.1681186406863071,
5653,,,,,0.1568400685007673,
5654,,,,,0.0,
5655,,,,,0.1657142857142857,
5656,,,,,0.11650485436893204,
5657,,,,,0.03431372549019608,
5658,,,,,0.0625,
5659,,,,,0.0,
5660,,,,,0.40217391304347827,
5661,,,,,0.0,
5662,,,,,0.0,
5663,,,,,0.2828282828282828,
5664,,,,,0.15914078606104942,
5665,,,,,0.1508573716166626,
5666,,,,,0.0,
5667,,,,,0.18181818181818182,
5668,,,,,0.3894736842105263,
5669,,,,,0.16521739130434782,
5670,,,,,0.1968503937007874,
5671,,,,,0.34782608695652173,
5672,,,,,0.0,
5673,,,,,0.02072538860103627,
5674,,,,,0.0,
5675,,,,,0.027932960893854747,
5676,,,,,0.11431801556161468,
5677,,,,,0.11364900028912661,
5678,,,,,0.0,
5679,,,,,0.45365853658536587,
5680,,,,,0.0,
5681,,,,,0.5764705882352941,
5682,,,,,0.3391304347826087,
5683,,,,,0.5119047619047619,
5684,,,,,0.43956043956043955,
5685,,,,,0.26285714285714284,
5686,,,,,0.04390243902439024,
5687,,,,,0.08695652173913043,
5688,,,,,0.20256700139655517,
5689,,,,,0.18570824900473723,
5690,,,,,0.022222222222222223,
5691,,,,,0.0,
5692,,,,,0.035211267605633804,
5693,,,,,0.0,
5694,,,,,0.0,
5695,,,,,0.1592920353982301,
5696,,,,,0.43575418994413406,
5697,,,,,0.11811023622047244,
5698,,,,,0.0,
5699,,,,,0.025559105431309903,
5700,,,,,0.19784531488993815,
5701,,,,,0.18410693236661255,
5702,,,,,0.03546099290780142,
5703,,,,,0.4245810055865922,
5704,,,,,0.0,
5705,,,,,0.17391304347826086,
5706,,,,,0.18857142857142858,
5707,,,,,0.13043478260869565,
5708,,,,,0.0,
5709,,,,,0.30434782608695654,
5710,,,,,0.0,
5711,,,,,0.03,
5712,,,,,0.17397087184943805,
5713,,,,,0.16144385383537577,
5714,,,,,0.0,
5715,,,,,0.3005464480874317,
5716,,,,,0.0196078431372549,
5717,,,,,0.034482758620689655,
5718,,,,,0.08287292817679558,
5719,,,,,0.40298507462686567,
5720,,,,,0.03,
5721,,,,,0.30434782608695654,
5722,,,,,0.0,
5723,,,,,0.2097902097902098,
5724,,,,,0.18860144975726542,
5725,,,,,0.17258634877565998,
5726,,,,,0.0,
5727,,,,,0.5478260869565217,
5728,,,,,0.2823529411764706,
5729,,,,,0.023255813953488372,
5730,,,,,0.37681159420289856,
5731,,,,,0.023529411764705882,
5732,,,,,0.0,
5733,,,,,0.052083333333333336,
5734,,,,,0.0064516129032258064,
5735,,,,,0.0,
5736,,,,,0.14550774755602847,
5737,,,,,0.13726842070146564,
5738,,,,,0.16819571865443425,
5739,,,,,0.0064516129032258064,
5740,,,,,0.0641025641025641,
5741,,,,,0.034782608695652174,
5742,,,,,0.0,
5743,,,,,0.38461538461538464,
5744,,,,,0.6774193548387096,
5745,,,,,0.0,
5746,,,,,0.9516908212560387,
5747,,,,,0.05737704918032787,
5748,,,,,0.1776285163263949,
5749,,,,,0.16164401841514134,
5750,,,,,0.5483870967741935,
5751,,,,,0.0,
5752,,,,,0.01680672268907563,
5753,,,,,0.0,
5754,,,,,0.9968652037617555,
5755,,,,,0.0,
5756,,,,,0.04878048780487805,
5757,,,,,0.037037037037037035,
5758,,,,,0.3626373626373626,
5759,,,,,0.29411764705882354,
5760,,,,,0.14690430271995744,
5761,,,,,0.13720169917487712,
5762,,,,,0.028368794326241134,
5763,,,,,0.0,
5764,,,,,0.30434782608695654,
5765,,,,,0.021739130434782608,
5766,,,,,0.023622047244094488,
5767,,,,,0.23809523809523808,
5768,,,,,0.0,
5769,,,,,0.1650485436893204,
5770,,,,,0.0,
5771,,,,,0.2222222222222222,
5772,,,,,0.12981312761854094,
5773,,,,,0.12401307741921135,
5774,,,,,0.0,
5775,,,,,0.22340425531914893,
5776,,,,,0.0625,
5777,,,,,0.04,
5778,,,,,0.43283582089552236,
5779,,,,,0.5241935483870968,
5780,,,,,0.0035460992907801418,
5781,,,,,0.5714285714285714,
5782,,,,,0.17073170731707318,
5783,,,,,0.022099447513812154,
5784,,,,,0.15448560218128615,
5785,,,,,0.14367368725396437,
5786,,,,,1.0,
5787,,,,,0.0,
5788,,,,,0.6349206349206349,
5789,,,,,0.05392156862745098,
5790,,,,,0.2898550724637681,
5791,,,,,0.006535947712418301,
5792,,,,,0.22330097087378642,
5793,,,,,0.19130434782608696,
5794,,,,,0.07058823529411765,
5795,,,,,0.0,
5796,,,,,0.1850768105340161,
5797,,,,,0.16907234837533083,
5798,,,,,0.4065934065934066,
5799,,,,,0.008403361344537815,
5800,,,,,0.14507772020725387,
5801,,,,,0.0,
5802,,,,,0.05925925925925926,
5803,,,,,0.023255813953488372,
5804,,,,,0.03636363636363636,
5805,,,,,0.1941747572815534,
5806,,,,,0.0,
5807,,,,,0.07777777777777778,
5808,,,,,0.15262352862938086,
5809,,,,,0.1454529279629918,
5810,,,,,0.043478260869565216,
5811,,,,,0.0,
5812,,,,,0.01990049751243781,
5813,,,,,0.6693548387096774,
5814,,,,,0.6065573770491803,
5815,,,,,0.011363636363636364,
5816,,,,,0.0,
5817,,,,,0.18357487922705315,
5818,,,,,0.49333333333333335,
5819,,,,,0.0,
5820,,,,,0.18614085256367627,
5821,,,,,0.1719636145275004,
5822,,,,,0.0,
5823,,,,,0.31313131313131315,
5824,,,,,0.34782608695652173,
5825,,,,,0.048859934853420196,
5826,,,,,0.0,
5827,,,,,0.0,
5828,,,,,0.40487804878048783,
5829,,,,,0.0,
5830,,,,,0.025806451612903226,
5831,,,,,0.03669724770642202,
5832,,,,,0.13872447961694487,
5833,,,,,0.1293507995462936,
5834,,,,,0.06285714285714286,
5835,,,,,0.17123287671232876,
5836,,,,,0.5483870967741935,
5837,,,,,0.07777777777777778,
5838,,,,,0.0,
5839,,,,,0.2898550724637681,
5840,,,,,0.19130434782608696,
5841,,,,,0.05392156862745098,
5842,,,,,0.10679611650485436,
5843,,,,,0.03,
5844,,,,,0.15096096295803685,
5845,,,,,0.13884749683072747,
5846,,,,,0.10679611650485436,
5847,,,,,0.013071895424836602,
5848,,,,,0.0,
5849,,,,,0.7463414634146341,
5850,,,,,0.17218543046357615,
5851,,,,,0.0,
5852,,,,,0.08771929824561403,
5853,,,,,0.1712707182320442,
5854,,,,,0.10548523206751055,
5855,,,,,0.08904109589041095,
5856,,,,,0.165924054000133,
5857,,,,,0.1524809287636501,
5858,,,,,0.0,
5859,,,,,0.143646408839779,
5860,,,,,0.4642857142857143,
5861,,,,,0.15428571428571428,
5862,,,,,0.12222222222222222,
5863,,,,,0.045871559633027525,
5864,,,,,0.07065217391304347,
5865,,,,,0.32608695652173914,
5866,,,,,0.007633587786259542,
5867,,,,,0.009615384615384616,
5868,,,,,0.16446099620935026,
5869,,,,,0.15132442230278229,
5870,,,,,0.04918032786885246,
5871,,,,,0.4266666666666667,
5872,,,,,0.64,
5873,,,,,0.17391304347826086,
5874,,,,,0.0,
5875,,,,,0.4647887323943662,
5876,,,,,0.0,
5877,,,,,0.06666666666666667,
5878,,,,,0.0,
5879,,,,,0.0,
5880,,,,,0.18414577375806343,
5881,,,,,0.16933923448168495,
5882,,,,,0.3695652173913043,
5883,,,,,0.0,
5884,,,,,0.0,
5885,,,,,0.08695652173913043,
5886,,,,,0.3333333333333333,
5887,,,,,0.003257328990228013,
5888,,,,,0.15942028985507245,
5889,,,,,0.006172839506172839,
5890,,,,,0.2191780821917808,
5891,,,,,0.631578947368421,
5892,,,,,0.13134268803617744,
5893,,,,,0.130284900918533,
5894,,,,,0.022988505747126436,
5895,,,,,0.0,
5896,,,,,0.010638297872340425,
5897,,,,,0.15469613259668508,
5898,,,,,0.30434782608695654,
5899,,,,,0.0,
5900,,,,,0.013029315960912053,
5901,,,,,0.0,
5902,,,,,0.07801418439716312,
5903,,,,,0.6740331491712708,
5904,,,,,0.1776285163263949,
5905,,,,,0.1627560438582835,
5906,,,,,0.034482758620689655,
5907,,,,,0.0,
5908,,,,,0.09142857142857143,
5909,,,,,0.3767123287671233,
5910,,,,,0.02112676056338028,
5911,,,,,0.5333333333333333,
5912,,,,,0.30303030303030304,
5913,,,,,0.046296296296296294,
5914,,,,,0.09090909090909091,
5915,,,,,0.0,
5916,,,,,0.12562346212675402,
5917,,,,,0.12287881146720638,
5918,,,,,0.2782608695652174,
5919,,,,,0.30526315789473685,
5920,,,,,0.0,
5921,,,,,0.2727272727272727,
5922,,,,,0.004629629629629629,
5923,,,,,0.0,
5924,,,,,0.12154696132596685,
5925,,,,,0.31176470588235294,
5926,,,,,0.11650485436893204,
5927,,,,,0.13793103448275862,
5928,,,,,0.1522245128682583,
5929,,,,,0.1422280541778796,
5930,,,,,0.08235294117647059,
5931,,,,,0.0,
5932,,,,,0.19130434782608696,
5933,,,,,0.0,
5934,,,,,0.01818181818181818,
5935,,,,,0.0,
5936,,,,,0.5043478260869565,
5937,,,,,0.050156739811912224,
5938,,,,,0.023255813953488372,
5939,,,,,0.0,
5940,,,,,0.15282303650994214,
5941,,,,,0.1448301937148322,
5942,,,,,0.14207650273224043,
5943,,,,,0.3894736842105263,
5944,,,,,0.057692307692307696,
5945,,,,,0.22279792746113988,
5946,,,,,0.18543046357615894,
5947,,,,,0.06372549019607843,
5948,,,,,0.0,
5949,,,,,0.0,
5950,,,,,0.5478260869565217,
5951,,,,,0.03,
5952,,,,,0.15874177029992684,
5953,,,,,0.14932277650512643,
5954,,,,,0.06829268292682927,
5955,,,,,0.6775956284153005,
5956,,,,,0.39552238805970147,
5957,,,,,0.0,
5958,,,,,0.6113989637305699,
5959,,,,,0.38666666666666666,
5960,,,,,0.0196078431372549,
5961,,,,,0.004807692307692308,
5962,,,,,0.1,
5963,,,,,0.06403940886699508,
5964,,,,,0.17683048480414976,
5965,,,,,0.16426839846095678,
5966,,,,,0.42487046632124353,
5967,,,,,0.0,
5968,,,,,0.04487179487179487,
5969,,,,,0.0,
5970,,,,,0.0,
5971,,,,,0.034482758620689655,
5972,,,,,0.13592233009708737,
5973,,,,,0.19130434782608696,
5974,,,,,0.05198776758409786,
5975,,,,,0.008403361344537815,
5976,,,,,0.17377136396887677,
5977,,,,,0.16593643662567,
5978,,,,,0.3565217391304348,
5979,,,,,0.046511627906976744,
5980,,,,,0.0,
5981,,,,,0.2631578947368421,
5982,,,,,0.22340425531914893,
5983,,,,,0.015267175572519083,
5984,,,,,0.41304347826086957,
5985,,,,,0.05454545454545454,
5986,,,,,0.20652173913043478,
5987,,,,,0.2087912087912088,
5988,,,,,0.1811531555496442,
5989,,,,,0.16627004425861264,
5990,,,,,0.0,
5991,,,,,0.21428571428571427,
5992,,,,,0.08661417322834646,
5993,,,,,0.0,
5994,,,,,0.20279720279720279,
5995,,,,,0.0,
5996,,,,,0.417910447761194,
5997,,,,,0.30434782608695654,
5998,,,,,0.08695652173913043,
5999,,,,,0.004807692307692308,
6000,,,,,0.16672208552237813,
6001,,,,,0.15337054911816383,
6002,,,,,0.0,
6003,,,,,0.0,
6004,,,,,0.2831858407079646,
6005,,,,,0.23232323232323232,
6006,,,,,0.0,
6007,,,,,0.004219409282700422,
6008,,,,,0.028735632183908046,
6009,,,,,0.33043478260869563,
6010,,,,,0.4764705882352941,
6011,,,,,0.0,
6012,,,,,0.16266542528429873,
6013,,,,,0.14912261192536086,
6014,,,,,0.00510204081632653,
6015,,,,,0.043478260869565216,
6016,,,,,0.0,
6017,,,,,0.007633587786259542,
6018,,,,,0.3333333333333333,
6019,,,,,0.022222222222222223,
6020,,,,,0.626984126984127,
6021,,,,,0.0,
6022,,,,,0.21052631578947367,
6023,,,,,0.05392156862745098,
6024,,,,,0.16266542528429873,
6025,,,,,0.14743233325178481,
6026,,,,,0.5833333333333334,
6027,,,,,0.0,
6028,,,,,0.03205128205128205,
6029,,,,,0.0,
6030,,,,,0.007633587786259542,
6031,,,,,0.14857142857142858,
6032,,,,,0.0,
6033,,,,,0.08771929824561403,
6034,,,,,0.3626373626373626,
6035,,,,,0.02112676056338028,
6036,,,,,0.16605705925384054,
6037,,,,,0.15130218179391944,
6038,,,,,0.011494252873563218,
6039,,,,,0.585635359116022,
6040,,,,,0.16521739130434782,
6041,,,,,0.0,
6042,,,,,0.546448087431694,
6043,,,,,0.19130434782608696,
6044,,,,,0.1390728476821192,
6045,,,,,0.0,
6046,,,,,0.24878048780487805,
6047,,,,,0.00641025641025641,
6048,,,,,0.1760989559087584,
6049,,,,,0.15890843582501168,
6050,,,,,0.0,
6051,,,,,0.00819672131147541,
6052,,,,,0.045454545454545456,
6053,,,,,0.06666666666666667,
6054,,,,,0.05092592592592592,
6055,,,,,0.034482758620689655,
6056,,,,,0.0,
6057,,,,,0.0,
6058,,,,,0.08791208791208792,
6059,,,,,0.5027624309392266,
6060,,,,,0.158143246658243,
6061,,,,,0.1478993839379045,
6062,,,,,0.007042253521126761,
6063,,,,,0.0,
6064,,,,,0.4608695652173913,
6065,,,,,0.004878048780487805,
6066,,,,,0.0425531914893617,
6067,,,,,0.08888888888888889,
6068,,,,,0.012903225806451613,
6069,,,,,0.009259259259259259,
6070,,,,,0.546448087431694,
6071,,,,,0.012345679012345678,
6072,,,,,0.1645940014630578,
6073,,,,,0.1496119031203434,
6074,,,,,0.15469613259668508,
6075,,,,,0.40782122905027934,
6076,,,,,0.0,
6077,,,,,0.06944444444444445,
6078,,,,,0.3263157894736842,
6079,,,,,0.0,
6080,,,,,0.37362637362637363,
6081,,,,,0.0,
6082,,,,,0.24778761061946902,
6083,,,,,0.4808743169398907,
6084,,,,,0.20163596462060251,
6085,,,,,0.1814380713030714,
6086,,,,,0.05537459283387622,
6087,,,,,0.022900763358778626,
6088,,,,,0.15789473684210525,
6089,,,,,0.0,
6090,,,,,0.6911764705882353,
6091,,,,,0.0,
6092,,,,,0.2826086956521739,
6093,,,,,0.3684210526315789,
6094,,,,,0.05,
6095,,,,,0.1497584541062802,
6096,,,,,0.1349338298862805,
6097,,,,,0.12739363476636345,
6098,,,,,0.05925925925925926,
6099,,,,,0.058823529411764705,
6100,,,,,0.07291666666666667,
6101,,,,,0.29411764705882354,
6102,,,,,0.5380434782608695,
6103,,,,,0.1565217391304348,
6104,,,,,0.0,
6105,,,,,0.009708737864077669,
6106,,,,,0.0,
6107,,,,,0.0,
6108,,,,,0.13879098224379863,
6109,,,,,0.1320419011186976,
6110,,,,,0.0,
6111,,,,,0.35233160621761656,
6112,,,,,0.0,
6113,,,,,0.4696132596685083,
6114,,,,,0.0,
6115,,,,,0.30434782608695654,
6116,,,,,0.0,
6117,,,,,0.03669724770642202,
6118,,,,,0.0,
6119,,,,,0.24347826086956523,
6120,,,,,0.14630577907827358,
6121,,,,,0.1392700664991215,
6122,,,,,0.022222222222222223,
6123,,,,,0.03205128205128205,
6124,,,,,0.0,
6125,,,,,0.5784313725490197,
6126,,,,,0.20279720279720279,
6127,,,,,0.6209677419354839,
6128,,,,,0.11602209944751381,
6129,,,,,0.1917808219178082,
6130,,,,,0.023622047244094488,
6131,,,,,0.035211267605633804,
6132,,,,,0.1717097825364102,
6133,,,,,0.15879723328069748,
6134,,,,,0.014563106796116505,
6135,,,,,0.5181347150259067,
6136,,,,,0.2127659574468085,
6137,,,,,0.19130434782608696,
6138,,,,,0.05392156862745098,
6139,,,,,0.49333333333333335,
6140,,,,,0.2857142857142857,
6141,,,,,0.007462686567164179,
6142,,,,,0.31313131313131315,
6143,,,,,0.664804469273743,
6144,,,,,0.18939948127951053,
6145,,,,,0.17165224740342058,
6146,,,,,0.006172839506172839,
6147,,,,,0.09782608695652174,
6148,,,,,0.49137931034482757,
6149,,,,,0.0,
6150,,,,,0.0,
6151,,,,,0.0,
6152,,,,,0.04242424242424243,
6153,,,,,0.3360655737704918,
6154,,,,,0.1958041958041958,
6155,,,,,0.3739130434782609,
6156,,,,,0.18753740772760524,
6157,,,,,0.16987300669439317,
6158,,,,,0.12,
6159,,,,,0.39552238805970147,
6160,,,,,0.0,
6161,,,,,0.03,
6162,,,,,0.023255813953488372,
6163,,,,,0.007633587786259542,
6164,,,,,0.046296296296296294,
6165,,,,,0.4177777777777778,
6166,,,,,0.0,
6167,,,,,0.1565217391304348,
6168,,,,,0.16452749883620402,
6169,,,,,0.1520583590952561,
6170,,,,,0.0035460992907801418,
6171,,,,,0.02112676056338028,
6172,,,,,0.0,
6173,,,,,0.3956043956043956,
6174,,,,,0.0049261083743842365,
6175,,,,,0.3188405797101449,
6176,,,,,0.01680672268907563,
6177,,,,,0.0,
6178,,,,,0.07377049180327869,
6179,,,,,0.0,
6180,,,,,0.13506683513998802,
6181,,,,,0.12828325512087715,
6182,,,,,0.6782608695652174,
6183,,,,,0.0625,
6184,,,,,0.013029315960912053,
6185,,,,,0.34782608695652173,
6186,,,,,0.18048780487804877,
6187,,,,,0.05092592592592592,
6188,,,,,0.3956043956043956,
6189,,,,,0.2608695652173913,
6190,,,,,0.15294117647058825,
6191,,,,,0.07058823529411765,
6192,,,,,0.15249052337567334,
6193,,,,,0.14131619331450304,
6194,,,,,0.017241379310344827,
6195,,,,,0.0,
6196,,,,,0.0,
6197,,,,,0.3434343434343434,
6198,,,,,0.1,
6199,,,,,0.0,
6200,,,,,0.04,
6201,,,,,0.037037037037037035,
6202,,,,,0.10679611650485436,
6203,,,,,0.2222222222222222,
6204,,,,,0.1590077808073419,
6205,,,,,0.15010119431532593,
6206,,,,,0.6,
6207,,,,,0.7218543046357616,
6208,,,,,0.0,
6209,,,,,0.3333333333333333,
6210,,,,,0.06422018348623854,
6211,,,,,0.5403225806451613,
6212,,,,,0.9024390243902439,
6213,,,,,0.0,
6214,,,,,0.4266666666666667,
6215,,,,,0.0,
6216,,,,,0.18800292611558156,
6217,,,,,0.16987300669439317,
6218,,,,,0.0,
6219,,,,,0.2753623188405797,
6220,,,,,0.13592233009708737,
6221,,,,,0.0,
6222,,,,,0.03669724770642202,
6223,,,,,0.42857142857142855,
6224,,,,,0.0,
6225,,,,,0.012345679012345678,
6226,,,,,0.31313131313131315,
6227,,,,,0.0,
6228,,,,,0.1545521048081399,
6229,,,,,0.14558637101616884,
6230,,,,,0.19008264462809918,
6231,,,,,0.17543859649122806,
6232,,,,,0.5652173913043478,
6233,,,,,0.008403361344537815,
6234,,,,,0.0,
6235,,,,,0.14184397163120568,
6236,,,,,0.08695652173913043,
6237,,,,,0.04225352112676056,
6238,,,,,0.3804347826086957,
6239,,,,,0.547486033519553,
6240,,,,,0.19026401542860943,
6241,,,,,0.17116295620843805,
6242,,,,,0.20279720279720279,
6243,,,,,0.02962962962962963,
6244,,,,,0.009584664536741214,
6245,,,,,0.00510204081632653,
6246,,,,,0.0,
6247,,,,,0.08695652173913043,
6248,,,,,0.16521739130434782,
6249,,,,,0.0,
6250,,,,,0.2127659574468085,
6251,,,,,0.5391304347826087,
6252,,,,,0.1632639489259826,
6253,,,,,0.1508573716166626,
6254,,,,,0.5368421052631579,
6255,,,,,0.6533333333333333,
6256,,,,,0.0,
6257,,,,,0.0,
6258,,,,,0.0,
6259,,,,,0.028169014084507043,
6260,,,,,0.0,
6261,,,,,0.07291666666666667,
6262,,,,,0.1780821917808219,
6263,,,,,0.10743801652892562,
6264,,,,,0.1740373744762918,
6265,,,,,0.16028734737450792,
6266,,,,,0.016877637130801686,
6267,,,,,0.0,
6268,,,,,0.011904761904761904,
6269,,,,,0.0,
6270,,,,,0.34782608695652173,
6271,,,,,0.07,
6272,,,,,0.1415929203539823,
6273,,,,,0.5846994535519126,
6274,,,,,0.2553191489361702,
6275,,,,,0.0,
6276,,,,,0.1962492518454479,
6277,,,,,0.1786357671863532,
6278,,,,,0.07746478873239436,
6279,,,,,0.19337016574585636,
6280,,,,,0.0,
6281,,,,,0.03669724770642202,
6282,,,,,0.023622047244094488,
6283,,,,,0.07804878048780488,
6284,,,,,0.5588235294117647,
6285,,,,,0.07065217391304347,
6286,,,,,0.43283582089552236,
6287,,,,,0.0064516129032258064,
6288,,,,,0.19957438318813592,
6289,,,,,0.17994795720926096,
6290,,,,,0.0,
6291,,,,,0.42424242424242425,
6292,,,,,0.02727272727272727,
6293,,,,,0.0,
6294,,,,,0.5058823529411764,
6295,,,,,0.06341463414634146,
6296,,,,,0.045871559633027525,
6297,,,,,0.20869565217391303,
6298,,,,,0.0,
6299,,,,,0.52,
6300,,,,,0.16599055662698678,
6301,,,,,0.15216956163957032,
6302,,,,,0.32608695652173914,
6303,,,,,0.546448087431694,
6304,,,,,0.06018518518518518,
6305,,,,,0.23076923076923078,
6306,,,,,0.0,
6307,,,,,0.044444444444444446,
6308,,,,,0.01652892561983471,
6309,,,,,0.03937007874015748,
6310,,,,,0.0,
6311,,,,,0.032407407407407406,
6312,,,,,0.16858415907428342,
6313,,,,,0.15472722015879722,
6314,,,,,0.0,
6315,,,,,0.07692307692307693,
6316,,,,,0.6048387096774194,
6317,,,,,0.08695652173913043,
6318,,,,,0.5058823529411764,
6319,,,,,0.0,
6320,,,,,0.029411764705882353,
6321,,,,,0.1620795107033639,
6322,,,,,0.0,
6323,,,,,0.5469613259668509,
6324,,,,,0.16771962492518455,
6325,,,,,0.15873051175410893,
6326,,,,,0.24725274725274726,
6327,,,,,0.0,
6328,,,,,0.3333333333333333,
6329,,,,,0.1111111111111111,
6330,,,,,0.0,
6331,,,,,0.22377622377622378,
6332,,,,,0.21238938053097345,
6333,,,,,0.46551724137931033,
6334,,,,,0.49411764705882355,
6335,,,,,0.01990049751243781,
6336,,,,,0.14211611358648665,
6337,,,,,0.13446611658474747,
6338,,,,,0.1262135922330097,
6339,,,,,0.07377049180327869,
6340,,,,,0.0,
6341,,,,,0.023622047244094488,
6342,,,,,0.022988505747126436,
6343,,,,,0.07428571428571429,
6344,,,,,0.3274336283185841,
6345,,,,,0.025806451612903226,
6346,,,,,0.5304347826086957,
6347,,,,,0.0,
6348,,,,,0.1915275653388309,
6349,,,,,0.17443231101127593,
6350,,,,,0.3516483516483517,
6351,,,,,0.0,
6352,,,,,0.30434782608695654,
6353,,,,,0.5478260869565217,
6354,,,,,0.0,
6355,,,,,0.0851063829787234,
6356,,,,,0.1986754966887417,
6357,,,,,0.0,
6358,,,,,0.12396694214876033,
6359,,,,,0.034482758620689655,
6360,,,,,0.16638957238810934,
6361,,,,,0.15183595400662767,
6362,,,,,0.26,
6363,,,,,0.059782608695652176,
6364,,,,,0.03787878787878788,
6365,,,,,0.4177777777777778,
6366,,,,,0.14563106796116504,
6367,,,,,0.10638297872340426,
6368,,,,,0.5806451612903226,
6369,,,,,0.0,
6370,,,,,0.0,
6371,,,,,0.01990049751243781,
6372,,,,,0.12216532553035844,
6373,,,,,0.11696283610969019,
6374,,,,,0.03225806451612903,
6375,,,,,0.04,
6376,,,,,0.18652849740932642,
6377,,,,,0.0,
6378,,,,,0.06862745098039216,
6379,,,,,0.3157894736842105,
6380,,,,,0.004830917874396135,
6381,,,,,0.19205298013245034,
6382,,,,,0.07407407407407407,
6383,,,,,0.004807692307692308,
6384,,,,,0.15641417836004523,
6385,,,,,0.14309543402353045,
6386,,,,,0.0,
6387,,,,,0.34782608695652173,
6388,,,,,0.043478260869565216,
6389,,,,,0.08292682926829269,
6390,,,,,0.0,
6391,,,,,0.09,
6392,,,,,0.06382978723404255,
6393,,,,,0.03669724770642202,
6394,,,,,0.0,
6395,,,,,0.5634920634920635,
6396,,,,,0.17636496641617344,
6397,,,,,0.16231123368102662,
6398,,,,,0.42857142857142855,
6399,,,,,0.16393442622950818,
6400,,,,,0.014634146341463415,
6401,,,,,0.7066666666666667,
6402,,,,,0.1650485436893204,
6403,,,,,0.0,
6404,,,,,0.15217391304347827,
6405,,,,,0.4057971014492754,
6406,,,,,0.7253886010362695,
6407,,,,,0.6408450704225352,
6408,,,,,0.19984039369555098,
6409,,,,,0.18206080555123103,
6410,,,,,0.004807692307692308,
6411,,,,,0.0,
6412,,,,,0.0,
6413,,,,,0.3333333333333333,
6414,,,,,0.0,
6415,,,,,0.028735632183908046,
6416,,,,,0.0,
6417,,,,,0.0851063829787234,
6418,,,,,0.049019607843137254,
6419,,,,,0.0,
6420,,,,,0.04974396488661302,
6421,,,,,0.049529613237550875,
6422,,,,,0.1786833855799373,
6423,,,,,0.4295774647887324,
6424,,,,,0.20670391061452514,
6425,,,,,0.043478260869565216,
6426,,,,,0.46568627450980393,
6427,,,,,0.00819672131147541,
6428,,,,,0.16666666666666666,
6429,,,,,0.022900763358778626,
6430,,,,,0.01,
6431,,,,,0.0,
6432,,,,,0.16785263017889207,
6433,,,,,0.15639525832351045,
6434,,,,,0.04,
6435,,,,,0.009584664536741214,
6436,,,,,0.09448818897637795,
6437,,,,,0.08771929824561403,
6438,,,,,0.004807692307692308,
6439,,,,,0.32608695652173914,
6440,,,,,0.3838383838383838,
6441,,,,,0.4088888888888889,
6442,,,,,0.0,
6443,,,,,0.028169014084507043,
6444,,,,,0.17649797166988096,
6445,,,,,0.1629339679291862,
6446,,,,,0.009615384615384616,
6447,,,,,0.0,
6448,,,,,0.1712538226299694,
6449,,,,,0.2826086956521739,
6450,,,,,0.0,
6451,,,,,0.3575418994413408,
6452,,,,,0.1270718232044199,
6453,,,,,0.043478260869565216,
6454,,,,,0.09448818897637795,
6455,,,,,0.02112676056338028,
6456,,,,,0.17516791913280574,
6457,,,,,0.16139937281765007,
6458,,,,,0.0,
6459,,,,,0.6666666666666666,
6460,,,,,0.0,
6461,,,,,0.1322314049586777,
6462,,,,,0.40444444444444444,
6463,,,,,0.0,
6464,,,,,0.0,
6465,,,,,0.23157894736842105,
6466,,,,,0.023255813953488372,
6467,,,,,0.5833333333333334,
6468,,,,,0.17064574050675002,
6469,,,,,0.1582412205591264,
6470,,,,,0.01990049751243781,
6471,,,,,0.39552238805970147,
6472,,,,,0.0,
6473,,,,,0.38095238095238093,
6474,,,,,0.18285714285714286,
6475,,,,,0.34782608695652173,
6476,,,,,0.0,
6477,,,,,0.0,
6478,,,,,0.0,
6479,,,,,0.023622047244094488,
6480,,,,,0.18547582629513865,
6481,,,,,0.17062918399572982,
6482,,,,,0.20441988950276244,
6483,,,,,0.10526315789473684,
6484,,,,,0.0,
6485,,,,,0.6266666666666667,
6486,,,,,0.08695652173913043,
6487,,,,,0.0,
6488,,,,,0.05673758865248227,
6489,,,,,0.4175824175824176,
6490,,,,,0.0,
6491,,,,,0.0,
6492,,,,,0.1234288754405799,
6493,,,,,0.12336810266218891,
6494,,,,,0.14685314685314685,
6495,,,,,0.5,
6496,,,,,0.6173913043478261,
6497,,,,,0.044444444444444446,
6498,,,,,0.20634920634920634,
6499,,,,,0.20489296636085627,
6500,,,,,0.012345679012345678,
6501,,,,,0.0,
6502,,,,,0.3956043956043956,
6503,,,,,0.06666666666666667,
6504,,,,,0.15461860743499367,
6505,,,,,0.1433178391121589,
6506,,,,,0.9782608695652174,
6507,,,,,0.10619469026548672,
6508,,,,,0.04225352112676056,
6509,,,,,0.0,
6510,,,,,0.08888888888888889,
6511,,,,,0.1978021978021978,
6512,,,,,0.49411764705882355,
6513,,,,,0.6878048780487804,
6514,,,,,0.0,
6515,,,,,0.08695652173913043,
6516,,,,,0.16399547782137394,
6517,,,,,0.15067944754575985,
6518,,,,,0.11702127659574468,
6519,,,,,0.21052631578947367,
6520,,,,,0.03669724770642202,
6521,,,,,0.5784313725490197,
6522,,,,,0.0,
6523,,,,,0.2872340425531915,
6524,,,,,0.09852216748768473,
6525,,,,,0.01818181818181818,
6526,,,,,0.0,
6527,,,,,0.41044776119402987,
6528,,,,,0.1667885881492319,
6529,,,,,0.15494962524742567,
6530,,,,,0.4411764705882353,
6531,,,,,0.015306122448979591,
6532,,,,,0.45774647887323944,
6533,,,,,0.08235294117647059,
6534,,,,,0.044444444444444446,
6535,,,,,0.3314917127071823,
6536,,,,,0.006172839506172839,
6537,,,,,0.0,
6538,,,,,0.004807692307692308,
6539,,,,,0.26956521739130435,
6540,,,,,0.15668018886746027,
6541,,,,,0.14674287747703668,
6542,,,,,0.88,
6543,,,,,0.1456953642384106,
6544,,,,,0.0,
6545,,,,,0.143646408839779,
6546,,,,,0.0,
6547,,,,,0.5431034482758621,
6548,,,,,0.3217391304347826,
6549,,,,,0.0078125,
6550,,,,,0.006535947712418301,
6551,,,,,0.0,
6552,,,,,0.17044623262618874,
6553,,,,,0.16206658808353536,
6554,,,,,0.08374384236453201,
6555,,,,,0.049019607843137254,
6556,,,,,0.03125,
6557,,,,,0.0,
6558,,,,,0.8044692737430168,
6559,,,,,0.0,
6560,,,,,0.5391304347826087,
6561,,,,,0.09090909090909091,
6562,,,,,0.06976744186046512,
6563,,,,,0.0,
6564,,,,,0.19585023608432534,
6565,,,,,0.17932522296110134,
6566,,,,,0.168141592920354,
6567,,,,,0.26424870466321243,
6568,,,,,0.21978021978021978,
6569,,,,,0.0,
6570,,,,,0.417910447761194,
6571,,,,,0.027522935779816515,
6572,,,,,0.01020408163265306,
6573,,,,,0.0,
6574,,,,,0.0,
6575,,,,,0.2644628099173554,
6576,,,,,0.1545521048081399,
6577,,,,,0.14854435869492694,
6578,,,,,0.3208955223880597,
6579,,,,,0.03669724770642202,
6580,,,,,0.01171875,
6581,,,,,0.03940886699507389,
6582,,,,,0.025210084033613446,
6583,,,,,0.03,
6584,,,,,0.24468085106382978,
6585,,,,,0.08823529411764706,
6586,,,,,0.02040816326530612,
6587,,,,,0.014563106796116505,
6588,,,,,0.1501629314357917,
6589,,,,,0.14356248470965016,
6590,,,,,0.08695652173913043,
6591,,,,,0.07766990291262135,
6592,,,,,0.2265193370165746,
6593,,,,,0.47540983606557374,
6594,,,,,0.06363636363636363,
6595,,,,,0.751219512195122,
6596,,,,,0.0,
6597,,,,,0.08866995073891626,
6598,,,,,0.032679738562091505,
6599,,,,,0.01951219512195122,
6600,,,,,0.19265810999534483,
6601,,,,,0.17687876698618865,
6602,,,,,0.0,
6603,,,,,0.06299212598425197,
6604,,,,,0.01020408163265306,
6605,,,,,0.10416666666666667,
6606,,,,,0.0,
6607,,,,,0.07881773399014778,
6608,,,,,0.04,
6609,,,,,0.0,
6610,,,,,0.7658536585365854,
6611,,,,,0.5191256830601093,
6612,,,,,0.20456208020216798,
6613,,,,,0.18884416075439805,
6614,,,,,0.05925925925925926,
6615,,,,,0.07352941176470588,
6616,,,,,0.546448087431694,
6617,,,,,0.0,
6618,,,,,0.0064516129032258064,
6619,,,,,0.028735632183908046,
6620,,,,,0.12280701754385964,
6621,,,,,0.05504587155963303,
6622,,,,,0.0,
6623,,,,,0.03278688524590164,
6624,,,,,0.18580833942940747,
6625,,,,,0.16973956364121612,
6626,,,,,0.3684210526315789,
6627,,,,,0.1262135922330097,
6628,,,,,0.0,
6629,,,,,0.010362694300518135,
6630,,,,,0.24271844660194175,
6631,,,,,0.08771929824561403,
6632,,,,,0.058823529411764705,
6633,,,,,0.3805970149253731,
6634,,,,,0.12290502793296089,
6635,,,,,0.19130434782608696,
6636,,,,,0.16279843053800624,
6637,,,,,0.15374863776883216,
6638,,,,,0.40397350993377484,
6639,,,,,0.22608695652173913,
6640,,,,,0.0,
6641,,,,,0.0,
6642,,,,,0.6,
6643,,,,,0.1958041958041958,
6644,,,,,0.31313131313131315,
6645,,,,,0.0,
6646,,,,,0.5163043478260869,
6647,,,,,0.47058823529411764,
6648,,,,,0.15395358116645608,
6649,,,,,0.14560861152503168,
6650,,,,,0.0641025641025641,
6651,,,,,0.07,
6652,,,,,0.07086614173228346,
6653,,,,,0.5396825396825397,
6654,,,,,0.0,
6655,,,,,0.0,
6656,,,,,0.17391304347826086,
6657,,,,,0.032407407407407406,
6658,,,,,0.022222222222222223,
6659,,,,,0.056338028169014086,
6660,,,,,0.19072953381658575,
6661,,,,,0.17696772902164,
6662,,,,,0.5951219512195122,
6663,,,,,0.32608695652173914,
6664,,,,,0.014084507042253521,
6665,,,,,0.5586592178770949,
6666,,,,,0.04,
6667,,,,,0.40476190476190477,
6668,,,,,0.04411764705882353,
6669,,,,,0.31313131313131315,
6670,,,,,0.023255813953488372,
6671,,,,,0.02564102564102564,
6672,,,,,0.1999733989492585,
6673,,,,,0.18272802081711628,
6674,,,,,0.11650485436893204,
6675,,,,,0.3130434782608696,
6676,,,,,0.03,
6677,,,,,0.0641025641025641,
6678,,,,,0.21359223300970873,
6679,,,,,0.6473429951690821,
6680,,,,,0.17032967032967034,
6681,,,,,0.020833333333333332,
6682,,,,,0.015625,
6683,,,,,0.5478260869565217,
6684,,,,,0.17742900844583362,
6685,,,,,0.16466872762048795,
6686,,,,,0.0,
6687,,,,,0.1657142857142857,
6688,,,,,0.04929577464788732,
6689,,,,,0.024242424242424242,
6690,,,,,0.25076452599388377,
6691,,,,,0.12154696132596685,
6692,,,,,0.05128205128205128,
6693,,,,,0.46394984326018807,
6694,,,,,0.0,
6695,,,,,0.0,
6696,,,,,0.12429340958967879,
6697,,,,,0.1234125836799146,
6698,,,,,0.08421052631578947,
6699,,,,,0.1793478260869565,
6700,,,,,0.3422222222222222,
6701,,,,,0.3240223463687151,
6702,,,,,0.0,
6703,,,,,0.028735632183908046,
6704,,,,,0.4166666666666667,
6705,,,,,0.17475728155339806,
6706,,,,,0.0,
6707,,,,,0.0,
6708,,,,,0.14796834474961762,
6709,,,,,0.13980383871182972,
6710,,,,,0.0,
6711,,,,,0.05673758865248227,
6712,,,,,0.2430939226519337,
6713,,,,,0.028735632183908046,
6714,,,,,0.07058823529411765,
6715,,,,,0.32323232323232326,
6716,,,,,0.008403361344537815,
6717,,,,,0.02,
6718,,,,,0.23008849557522124,
6719,,,,,0.0,
6720,,,,,0.1677861275520383,
6721,,,,,0.15755176478437827,
6722,,,,,1.0,
6723,,,,,0.0,
6724,,,,,0.42857142857142855,
6725,,,,,0.034482758620689655,
6726,,,,,0.3411764705882353,
6727,,,,,0.05263157894736842,
6728,,,,,0.2,
6729,,,,,0.01680672268907563,
6730,,,,,0.0,
6731,,,,,0.4533333333333333,
6732,,,,,0.15235751812196582,
6733,,,,,0.14809954851767007,
6734,,,,,0.32608695652173914,
6735,,,,,0.0,
6736,,,,,0.07874015748031496,
6737,,,,,0.007194244604316547,
6738,,,,,0.09375,
6739,,,,,0.5258620689655172,
6740,,,,,0.0,
6741,,,,,0.05185185185185185,
6742,,,,,0.24571428571428572,
6743,,,,,0.5977653631284916,
6744,,,,,0.17935758462459267,
6745,,,,,0.16905010786646799,
6746,,,,,0.2057142857142857,
6747,,,,,0.08661417322834646,
6748,,,,,0.3188405797101449,
6749,,,,,0.05454545454545454,
6750,,,,,0.22330097087378642,
6751,,,,,0.0,
6752,,,,,0.006172839506172839,
6753,,,,,0.0,
6754,,,,,0.34782608695652173,
6755,,,,,0.2127659574468085,
6756,,,,,0.18567533417569995,
6757,,,,,0.1729644374263283,
6758,,,,,0.0,
6759,,,,,0.06116207951070336,
6760,,,,,0.06896551724137931,
6761,,,,,0.11650485436893204,
6762,,,,,0.2,
6763,,,,,0.0,
6764,,,,,0.16083916083916083,
6765,,,,,0.19230769230769232,
6766,,,,,0.012903225806451613,
6767,,,,,0.30434782608695654,
6768,,,,,0.15262352862938086,
6769,,,,,0.14781042190245314,
6770,,,,,0.043478260869565216,
6771,,,,,0.028735632183908046,
6772,,,,,0.32608695652173914,
6773,,,,,0.32323232323232326,
6774,,,,,0.19205298013245034,
6775,,,,,0.0,
6776,,,,,0.1702127659574468,
6777,,,,,0.17391304347826086,
6778,,,,,0.18857142857142858,
6779,,,,,0.05128205128205128,
6780,,,,,0.1693156879696748,
6781,,,,,0.16237795520761514,
6782,,,,,0.0,
6783,,,,,0.4166666666666667,
6784,,,,,0.2753623188405797,
6785,,,,,0.11650485436893204,
6786,,,,,0.05185185185185185,
6787,,,,,0.6209677419354839,
6788,,,,,0.022222222222222223,
6789,,,,,0.2328767123287671,
6790,,,,,0.10526315789473684,
6791,,,,,0.0,
6792,,,,,0.17363835871516925,
6793,,,,,0.16273380334942064,
6794,,,,,0.10416666666666667,
6795,,,,,0.8549222797927462,
6796,,,,,0.5754189944134078,
6797,,,,,0.0,
6798,,,,,0.47413793103448276,
6799,,,,,0.0,
6800,,,,,0.006060606060606061,
6801,,,,,0.01834862385321101,
6802,,,,,0.3333333333333333,
6803,,,,,0.035211267605633804,
6804,,,,,0.22950056527232826,
6805,,,,,0.20863821364232812,
6806,,,,,0.038834951456310676,
6807,,,,,0.6349206349206349,
6808,,,,,0.29508196721311475,
6809,,,,,0.022988505747126436,
6810,,,,,0.049019607843137254,
6811,,,,,0.16847826086956522,
6812,,,,,0.4622222222222222,
6813,,,,,0.10526315789473684,
6814,,,,,0.84,
6815,,,,,0.2251655629139073,
6816,,,,,0.1725078140586553,
6817,,,,,0.1572181571514356,
6818,,,,,0.0,
6819,,,,,0.05454545454545454,
6820,,,,,0.0,
6821,,,,,0.3687150837988827,
6822,,,,,0.02926829268292683,
6823,,,,,0.0,
6824,,,,,0.0,
6825,,,,,0.6111111111111112,
6826,,,,,0.05925925925925926,
6827,,,,,0.0,
6828,,,,,0.17377136396887677,
6829,,,,,0.16191090452149545,
6830,,,,,0.0,
6831,,,,,0.0,
6832,,,,,0.01171875,
6833,,,,,0.019543973941368076,
6834,,,,,0.04487179487179487,
6835,,,,,0.0,
6836,,,,,0.0,
6837,,,,,0.0,
6838,,,,,0.0,
6839,,,,,0.44776119402985076,
6840,,,,,0.11185741836802554,
6841,,,,,0.11311522807641838,
6842,,,,,0.07017543859649122,
6843,,,,,0.010638297872340425,
6844,,,,,0.37362637362637363,
6845,,,,,0.022988505747126436,
6846,,,,,0.0,
6847,,,,,0.038461538461538464,
6848,,,,,0.3805970149253731,
6849,,,,,0.15609756097560976,
6850,,,,,0.06896551724137931,
6851,,,,,0.0,
6852,,,,,0.1252909489924852,
6853,,,,,0.12178902653292707,
6854,,,,,0.0,
6855,,,,,0.056338028169014086,
6856,,,,,0.043478260869565216,
6857,,,,,0.2631578947368421,
6858,,,,,0.0,
6859,,,,,0.04487179487179487,
6860,,,,,0.2828282828282828,
6861,,,,,0.028368794326241134,
6862,,,,,0.009708737864077669,
6863,,,,,0.33678756476683935,
6864,,,,,0.14032054266143512,
6865,,,,,0.1320863821364233,
6866,,,,,0.07086614173228346,
6867,,,,,0.5070422535211268,
6868,,,,,0.009259259259259259,
6869,,,,,0.0,
6870,,,,,0.043478260869565216,
6871,,,,,0.21978021978021978,
6872,,,,,0.11650485436893204,
6873,,,,,0.0,
6874,,,,,0.39896373056994816,
6875,,,,,0.14,
6876,,,,,0.16791913280574583,
6877,,,,,0.1585081066654805,
6878,,,,,0.15384615384615385,
6879,,,,,0.1826086956521739,
6880,,,,,0.022222222222222223,
6881,,,,,0.0,
6882,,,,,0.05263157894736842,
6883,,,,,0.2631578947368421,
6884,,,,,0.03546099290780142,
6885,,,,,0.008403361344537815,
6886,,,,,0.07086614173228346,
6887,,,,,0.28695652173913044,
6888,,,,,0.16991421161135864,
6889,,,,,0.15937548651113137,
6890,,,,,0.044444444444444446,
6891,,,,,0.30303030303030304,
6892,,,,,0.024242424242424242,
6893,,,,,0.1262135922330097,
6894,,,,,0.07272727272727272,
6895,,,,,0.36,
6896,,,,,0.0,
6897,,,,,0.2608695652173913,
6898,,,,,0.5136612021857924,
6899,,,,,0.049019607843137254,
6900,,,,,0.17377136396887677,
6901,,,,,0.16144385383537577,
6902,,,,,0.025806451612903226,
6903,,,,,0.2815533980582524,
6904,,,,,0.5245901639344263,
6905,,,,,0.05211726384364821,
6906,,,,,0.047244094488188976,
6907,,,,,0.007633587786259542,
6908,,,,,0.0,
6909,,,,,0.09782608695652174,
6910,,,,,0.28421052631578947,
6911,,,,,0.045871559633027525,
6912,,,,,0.16958169847708984,
6913,,,,,0.15661766341213887,
6914,,,,,0.0,
6915,,,,,0.00390625,
6916,,,,,0.0,
6917,,,,,0.1986754966887417,
6918,,,,,0.04487179487179487,
6919,,,,,0.47619047619047616,
6920,,,,,0.009259259259259259,
6921,,,,,0.32608695652173914,
6922,,,,,0.034482758620689655,
6923,,,,,0.10588235294117647,
6924,,,,,0.1669215934029394,
6925,,,,,0.15399328336632342,
6926,,,,,0.430939226519337,
6927,,,,,0.4782608695652174,
6928,,,,,0.07608695652173914,
6929,,,,,0.023529411764705882,
6930,,,,,0.026515151515151516,
6931,,,,,0.49206349206349204,
6932,,,,,0.12396694214876033,
6933,,,,,0.24271844660194175,
6934,,,,,0.16,
6935,,,,,0.5130434782608696,
6936,,,,,0.17696349005785728,
6937,,,,,0.16070991704290194,
6938,,,,,0.0,
6939,,,,,0.2898550724637681,
6940,,,,,0.26595744680851063,
6941,,,,,0.009950248756218905,
6942,,,,,0.08695652173913043,
6943,,,,,0.028735632183908046,
6944,,,,,0.04433497536945813,
6945,,,,,0.008403361344537815,
6946,,,,,0.21052631578947367,
6947,,,,,0.058823529411764705,
6948,,,,,0.20669016426148834,
6949,,,,,0.18586393256677713,
6950,,,,,0.009708737864077669,
6951,,,,,0.043478260869565216,
6952,,,,,0.3,
6953,,,,,0.10679611650485436,
6954,,,,,0.3333333333333333,
6955,,,,,0.08181818181818182,
6956,,,,,0.0,
6957,,,,,0.31746031746031744,
6958,,,,,0.05555555555555555,
6959,,,,,0.23178807947019867,
6960,,,,,0.16638957238810934,
6961,,,,,0.1534595111536152,
6962,,,,,0.13541666666666666,
6963,,,,,0.03257328990228013,
6964,,,,,0.025210084033613446,
6965,,,,,0.05263157894736842,
6966,,,,,0.18493150684931506,
6967,,,,,0.0,
6968,,,,,0.3626373626373626,
6969,,,,,0.0,
6970,,,,,0.4692737430167598,
6971,,,,,0.21714285714285714,
6972,,,,,0.18042162665425285,
6973,,,,,0.1647354491470765,
6974,,,,,0.05128205128205128,
6975,,,,,0.05333333333333334,
6976,,,,,0.0625,
6977,,,,,0.040983606557377046,
6978,,,,,0.5628415300546448,
6979,,,,,0.06896551724137931,
6980,,,,,0.0,
6981,,,,,0.0,
6982,,,,,0.20212765957446807,
6983,,,,,0.03409090909090909,
6984,,,,,0.14989692092837667,
6985,,,,,0.14211685163356538,
6986,,,,,0.007194244604316547,
6987,,,,,0.2736842105263158,
6988,,,,,0.2582781456953642,
6989,,,,,0.0,
6990,,,,,0.0,
6991,,,,,0.0,
6992,,,,,0.40476190476190477,
6993,,,,,0.31843575418994413,
6994,,,,,0.08,
6995,,,,,0.00819672131147541,
6996,,,,,0.19551772295005654,
6997,,,,,0.17992571670039811,
6998,,,,,0.43103448275862066,
6999,,,,,0.143646408839779,
7000,,,,,0.1888111888111888,
7001,,,,,0.7823834196891192,
7002,,,,,0.03937007874015748,
7003,,,,,0.08695652173913043,
7004,,,,,0.004807692307692308,
7005,,,,,0.05128205128205128,
7006,,,,,0.06666666666666667,
7007,,,,,0.6292682926829268,
7008,,,,,0.1508944603311831,
7009,,,,,0.143162155550119,
7010,,,,,0.19130434782608696,
7011,,,,,0.0,
7012,,,,,0.25824175824175827,
7013,,,,,0.46551724137931033,
7014,,,,,0.007633587786259542,
7015,,,,,0.574585635359116,
7016,,,,,0.05555555555555555,
7017,,,,,0.1826086956521739,
7018,,,,,0.4065934065934066,
7019,,,,,0.037037037037037035,
7020,,,,,0.16771962492518455,
7021,,,,,0.15592820763739074,
7022,,,,,0.8547486033519553,
7023,,,,,0.0,
7024,,,,,0.271523178807947,
7025,,,,,0.0,
7026,,,,,0.09448818897637795,
7027,,,,,0.5333333333333333,
7028,,,,,0.048484848484848485,
7029,,,,,0.017543859649122806,
7030,,,,,0.14507772020725387,
7031,,,,,0.047244094488188976,
7032,,,,,0.1608698543592472,
7033,,,,,0.1515468273914107,
7034,,,,,0.09917355371900827,
7035,,,,,0.0,
7036,,,,,0.006514657980456026,
7037,,,,,0.009259259259259259,
7038,,,,,0.007633587786259542,
7039,,,,,0.168141592920354,
7040,,,,,0.16521739130434782,
7041,,,,,0.0136986301369863,
7042,,,,,0.0,
7043,,,,,0.0,
7044,,,,,0.09928842189266476,
7045,,,,,0.09937059359918154,
7046,,,,,0.07348242811501597,
7047,,,,,0.14106583072100312,
7048,,,,,0.0625,
7049,,,,,0.24468085106382978,
7050,,,,,0.2463768115942029,
7051,,,,,0.21487603305785125,
7052,,,,,0.0,
7053,,,,,0.02112676056338028,
7054,,,,,0.0425531914893617,
7055,,,,,0.0,
7056,,,,,0.18374675799694087,
7057,,,,,0.16762671529924605,
7058,,,,,0.05454545454545454,
7059,,,,,0.04591836734693878,
7060,,,,,0.4788732394366197,
7061,,,,,0.23157894736842105,
7062,,,,,0.18857142857142858,
7063,,,,,0.043478260869565216,
7064,,,,,0.3695652173913043,
7065,,,,,0.1941747572815534,
7066,,,,,0.007042253521126761,
7067,,,,,0.038834951456310676,
7068,,,,,0.17530092438651326,
7069,,,,,0.1600649422858795,
7070,,,,,0.13658536585365855,
7071,,,,,0.0425531914893617,
7072,,,,,0.0,
7073,,,,,0.4065934065934066,
7074,,,,,0.040983606557377046,
7075,,,,,0.23841059602649006,
7076,,,,,0.015306122448979591,
7077,,,,,0.11650485436893204,
7078,,,,,0.08771929824561403,
7079,,,,,0.09016393442622951,
7080,,,,,0.1554166389572388,
7081,,,,,0.14489691524142073,
7082,,,,,0.5466666666666666,
7083,,,,,0.06666666666666667,
7084,,,,,0.018518518518518517,
7085,,,,,0.01990049751243781,
7086,,,,,0.20634920634920634,
7087,,,,,0.03409090909090909,
7088,,,,,0.0,
7089,,,,,0.1,
7090,,,,,0.014423076923076924,
7091,,,,,0.0,
7092,,,,,0.15269003125623462,
7093,,,,,0.1425394213019594,
7094,,,,,0.36363636363636365,
7095,,,,,0.014925373134328358,
7096,,,,,0.45689655172413796,
7097,,,,,0.045871559633027525,
7098,,,,,0.3263157894736842,
7099,,,,,0.287292817679558,
7100,,,,,0.022222222222222223,
7101,,,,,0.1340782122905028,
7102,,,,,0.0,
7103,,,,,0.035211267605633804,
7104,,,,,0.18108665292279044,
7105,,,,,0.16620332273202412,
7106,,,,,0.3956043956043956,
7107,,,,,0.3434343434343434,
7108,,,,,0.0,
7109,,,,,0.09404388714733543,
7110,,,,,0.0,
7111,,,,,0.0,
7112,,,,,0.0,
7113,,,,,0.022099447513812154,
7114,,,,,0.21678321678321677,
7115,,,,,0.0,
7116,,,,,0.16472700671676532,
7117,,,,,0.15339278962702665,
7118,,,,,0.0,
7119,,,,,0.3805970149253731,
7120,,,,,0.5304347826086957,
7121,,,,,0.6666666666666666,
7122,,,,,0.05454545454545454,
7123,,,,,0.0,
7124,,,,,0.04,
7125,,,,,0.1986754966887417,
7126,,,,,0.02112676056338028,
7127,,,,,0.05737704918032787,
7128,,,,,0.21320742169315687,
7129,,,,,0.193803794230812,
7130,,,,,0.11811023622047244,
7131,,,,,0.032407407407407406,
7132,,,,,0.1,
7133,,,,,0.05813953488372093,
7134,,,,,0.022222222222222223,
7135,,,,,0.006172839506172839,
7136,,,,,0.5714285714285714,
7137,,,,,0.05,
7138,,,,,0.5411764705882353,
7139,,,,,0.0,
7140,,,,,0.1882689366229966,
7141,,,,,0.17156328536796922,
7142,,,,,0.0,
7143,,,,,0.47058823529411764,
7144,,,,,0.0,
7145,,,,,0.5466666666666666,
7146,,,,,0.0,
7147,,,,,0.08292682926829269,
7148,,,,,0.06363636363636363,
7149,,,,,0.39285714285714285,
7150,,,,,0.07951070336391437,
7151,,,,,0.5547945205479452,
7152,,,,,0.10899780541331383,
7153,,,,,0.11358227876253808,
7154,,,,,0.47183098591549294,
7155,,,,,0.2608695652173913,
7156,,,,,0.7222222222222222,
7157,,,,,0.06666666666666667,
7158,,,,,0.1826086956521739,
7159,,,,,0.1262135922330097,
7160,,,,,0.01020408163265306,
7161,,,,,0.0,
7162,,,,,0.00390625,
7163,,,,,0.0,
7164,,,,,0.17550043226707454,
7165,,,,,0.16491337321797922,
7166,,,,,0.1415929203539823,
7167,,,,,0.0,
7168,,,,,0.034482758620689655,
7169,,,,,0.14736842105263157,
7170,,,,,0.04,
7171,,,,,0.07317073170731707,
7172,,,,,0.03205128205128205,
7173,,,,,0.37362637362637363,
7174,,,,,0.29608938547486036,
7175,,,,,0.028169014084507043,
7176,,,,,0.18461129214603977,
7177,,,,,0.16880546226897672,
7178,,,,,0.4507042253521127,
7179,,,,,0.04225352112676056,
7180,,,,,0.013071895424836602,
7181,,,,,0.0,
7182,,,,,0.02962962962962963,
7183,,,,,0.13274336283185842,
7184,,,,,0.05853658536585366,
7185,,,,,0.0,
7186,,,,,0.005154639175257732,
7187,,,,,0.0,
7188,,,,,0.16878366695484473,
7189,,,,,0.1553944354246825,
7190,,,,,0.927461139896373,
7191,,,,,0.015748031496062992,
7192,,,,,0.6587301587301587,
7193,,,,,0.12154696132596685,
7194,,,,,0.3263157894736842,
7195,,,,,0.05314009661835749,
7196,,,,,0.4748603351955307,
7197,,,,,0.034482758620689655,
7198,,,,,0.0,
7199,,,,,0.009771986970684038,
7200,,,,,0.16891667220855225,
7201,,,,,0.15712919511598425,
7202,,,,,0.11707317073170732,
7203,,,,,0.006172839506172839,
7204,,,,,0.052083333333333336,
7205,,,,,0.08695652173913043,
7206,,,,,0.0055248618784530384,
7207,,,,,0.0,
7208,,,,,0.1565217391304348,
7209,,,,,0.0,
7210,,,,,0.06666666666666667,
7211,,,,,0.16300940438871472,
7212,,,,,0.18707188933962893,
7213,,,,,0.17116295620843805,
7214,,,,,0.5784313725490197,
7215,,,,,0.007633587786259542,
7216,,,,,0.028169014084507043,
7217,,,,,0.06382978723404255,
7218,,,,,0.00390625,
7219,,,,,0.0,
7220,,,,,0.07389162561576355,
7221,,,,,0.31176470588235294,
7222,,,,,0.30526315789473685,
7223,,,,,0.4768211920529801,
7224,,,,,0.1776285163263949,
7225,,,,,0.16393479082801415,
7226,,,,,0.023529411764705882,
7227,,,,,0.05737704918032787,
7228,,,,,0.0,
7229,,,,,0.04,
7230,,,,,0.01935483870967742,
7231,,,,,0.373134328358209,
7232,,,,,0.20279720279720279,
7233,,,,,0.0,
7234,,,,,0.04411764705882353,
7235,,,,,0.6421568627450981,
7236,,,,,0.15508412582297001,
7237,,,,,0.1461868647554656,
7238,,,,,0.0,
7239,,,,,0.03314917127071823,
7240,,,,,0.0,
7241,,,,,0.19298245614035087,
7242,,,,,0.023622047244094488,
7243,,,,,0.0,
7244,,,,,0.046296296296296294,
7245,,,,,0.0,
7246,,,,,0.5119047619047619,
7247,,,,,0.3425414364640884,
7248,,,,,0.1672541065372082,
7249,,,,,0.15261437181682716,
7250,,,,,0.05,
7251,,,,,0.2857142857142857,
7252,,,,,0.00510204081632653,
7253,,,,,0.0,
7254,,,,,0.46551724137931033,
7255,,,,,0.0,
7256,,,,,0.05737704918032787,
7257,,,,,0.0,
7258,,,,,0.2052980132450331,
7259,,,,,0.0061162079510703364,
7260,,,,,0.13626388242335571,
7261,,,,,0.130996597202144,
7262,,,,,0.0,
7263,,,,,0.5952380952380952,
7264,,,,,0.043478260869565216,
7265,,,,,0.0,
7266,,,,,0.30434782608695654,
7267,,,,,0.0030581039755351682,
7268,,,,,0.5652173913043478,
7269,,,,,0.03937007874015748,
7270,,,,,0.46551724137931033,
7271,,,,,0.22330097087378642,
7272,,,,,0.14843386313759394,
7273,,,,,0.14033761092453795,
7274,,,,,0.0,
7275,,,,,0.07086614173228346,
7276,,,,,0.0,
7277,,,,,0.0,
7278,,,,,0.33043478260869563,
7279,,,,,0.20869565217391303,
7280,,,,,0.3188405797101449,
7281,,,,,0.022222222222222223,
7282,,,,,0.23300970873786409,
7283,,,,,0.03205128205128205,
7284,,,,,0.1808206424153754,
7285,,,,,0.16526922135978472,
7286,,,,,0.0,
7287,,,,,0.12849162011173185,
7288,,,,,0.41721854304635764,
7289,,,,,0.0,
7290,,,,,0.5483870967741935,
7291,,,,,0.006172839506172839,
7292,,,,,0.04225352112676056,
7293,,,,,0.0,
7294,,,,,0.0,
7295,,,,,0.0,
7296,,,,,0.1569461993748753,
7297,,,,,0.14543068745412896,
7298,,,,,0.5517241379310345,
7299,,,,,0.0,
7300,,,,,0.0,
7301,,,,,0.33043478260869563,
7302,,,,,0.045871559633027525,
7303,,,,,0.05392156862745098,
7304,,,,,0.47580645161290325,
7305,,,,,0.023529411764705882,
7306,,,,,0.0,
7307,,,,,0.022099447513812154,
7308,,,,,0.17722950056527234,
7309,,,,,0.16404599337232836,
7310,,,,,0.0,
7311,,,,,0.4396551724137931,
7312,,,,,0.0,
7313,,,,,0.6370967741935484,
7314,,,,,0.2736842105263158,
7315,,,,,0.6256983240223464,
7316,,,,,0.06341463414634146,
7317,,,,,0.5573770491803278,
7318,,,,,0.07692307692307693,
7319,,,,,0.011363636363636364,
7320,,,,,0.21546851100618475,
7321,,,,,0.19393723728398907,
7322,,,,,0.0,
7323,,,,,0.3263157894736842,
7324,,,,,0.30434782608695654,
7325,,,,,0.045871559633027525,
7326,,,,,0.12295081967213115,
7327,,,,,0.27647058823529413,
7328,,,,,0.0,
7329,,,,,0.0,
7330,,,,,0.5363128491620112,
7331,,,,,0.0,
7332,,,,,0.18381326062379463,
7333,,,,,0.16758223428152036,
7334,,,,,0.011627906976744186,
7335,,,,,0.01020408163265306,
7336,,,,,0.6111111111111112,
7337,,,,,0.0,
7338,,,,,0.09375,
7339,,,,,0.0,
7340,,,,,0.08421052631578947,
7341,,,,,0.0,
7342,,,,,0.0,
7343,,,,,0.007633587786259542,
7344,,,,,0.15009642880893795,
7345,,,,,0.14378488979827858,
7346,,,,,0.6190476190476191,
7347,,,,,0.08333333333333333,
7348,,,,,0.06666666666666667,
7349,,,,,0.04,
7350,,,,,0.0,
7351,,,,,0.0,
7352,,,,,0.0,
7353,,,,,0.1368421052631579,
7354,,,,,0.17391304347826086,
7355,,,,,0.09448818897637795,
7356,,,,,0.17157677728270268,
7357,,,,,0.15775192936414384,
7358,,,,,0.17391304347826086,
7359,,,,,0.38095238095238093,
7360,,,,,0.007042253521126761,
7361,,,,,0.37894736842105264,
7362,,,,,0.1652892561983471,
7363,,,,,0.1780821917808219,
7364,,,,,0.23178807947019867,
7365,,,,,0.04,
7366,,,,,0.08181818181818182,
7367,,,,,0.3130434782608696,
7368,,,,,0.1803551240273991,
7369,,,,,0.1654693859395503,
7370,,,,,0.23404255319148937,
7371,,,,,0.1162079510703364,
7372,,,,,0.0,
7373,,,,,0.4647887323943662,
7374,,,,,0.25120772946859904,
7375,,,,,0.04,
7376,,,,,0.13479623824451412,
7377,,,,,0.043478260869565216,
7378,,,,,0.08374384236453201,
7379,,,,,0.0,
7380,,,,,0.19698078074083927,
7381,,,,,0.17850232413317615,
7382,,,,,0.0,
7383,,,,,0.14146341463414633,
7384,,,,,0.08333333333333333,
7385,,,,,0.03731343283582089,
7386,,,,,0.34299516908212563,
7387,,,,,0.02459016393442623,
7388,,,,,0.0,
7389,,,,,0.4470588235294118,
7390,,,,,0.0,
7391,,,,,0.23300970873786409,
7392,,,,,0.1728403271929241,
7393,,,,,0.16033182839223362,
7394,,,,,0.0,
7395,,,,,0.0,
7396,,,,,0.49333333333333335,
7397,,,,,0.027522935779816515,
7398,,,,,0.1885245901639344,
7399,,,,,0.014084507042253521,
7400,,,,,0.028735632183908046,
7401,,,,,0.0,
7402,,,,,0.06372549019607843,
7403,,,,,0.3058823529411765,
7404,,,,,0.165924054000133,
7405,,,,,0.15519427084491694,
7406,,,,,0.07291666666666667,
7407,,,,,0.33519553072625696,
7408,,,,,0.5136612021857924,
7409,,,,,0.0,
7410,,,,,0.0,
7411,,,,,0.5043478260869565,
7412,,,,,0.3157894736842105,
7413,,,,,0.26570048309178745,
7414,,,,,0.14736842105263157,
7415,,,,,0.10497237569060773,
7416,,,,,0.16858415907428342,
7417,,,,,0.15568356203989947,
7418,,,,,0.17142857142857143,
7419,,,,,0.6904761904761905,
7420,,,,,0.09473684210526316,
7421,,,,,0.3879310344827586,
7422,,,,,0.0,
7423,,,,,0.2857142857142857,
7424,,,,,0.16556291390728478,
7425,,,,,0.0,
7426,,,,,0.09722222222222222,
7427,,,,,0.5191256830601093,
7428,,,,,0.1679856354325996,
7429,,,,,0.15339278962702665,
7430,,,,,0.05392156862745098,
7431,,,,,0.2560386473429952,
7432,,,,,0.13592233009708737,
7433,,,,,0.0219435736677116,
7434,,,,,0.08771929824561403,
7435,,,,,0.6408839779005525,
7436,,,,,0.5117647058823529,
7437,,,,,0.08695652173913043,
7438,,,,,0.09944751381215469,
7439,,,,,0.0,
7440,,,,,0.17536742701336702,
7441,,,,,0.16106576518470742,
7442,,,,,0.0,
7443,,,,,0.0,
7444,,,,,0.23,
7445,,,,,0.0,
7446,,,,,0.0,
7447,,,,,0.0,
7448,,,,,0.08695652173913043,
7449,,,,,0.35074626865671643,
7450,,,,,0.30434782608695654,
7451,,,,,0.2534246575342466,
7452,,,,,0.16446099620935026,
7453,,,,,0.14950070057602918,
7454,,,,,0.2857142857142857,
7455,,,,,0.08152173913043478,
7456,,,,,0.20279720279720279,
7457,,,,,0.0,
7458,,,,,0.04487179487179487,
7459,,,,,0.7268292682926829,
7460,,,,,0.5086206896551724,
7461,,,,,0.3076923076923077,
7462,,,,,0.30434782608695654,
7463,,,,,0.48823529411764705,
7464,,,,,0.18341424486267208,
7465,,,,,0.1672931076663034,
7466,,,,,0.05737704918032787,
7467,,,,,0.07446808510638298,
7468,,,,,0.1657142857142857,
7469,,,,,0.38666666666666666,
7470,,,,,0.0,
7471,,,,,0.0,
7472,,,,,0.10619469026548672,
7473,,,,,0.0,
7474,,,,,0.11956521739130435,
7475,,,,,0.07051282051282051,
7476,,,,,0.18121965817649796,
7477,,,,,0.16402375286346552,
7478,,,,,0.1487603305785124,
7479,,,,,0.12280701754385964,
7480,,,,,0.2318840579710145,
7481,,,,,0.23404255319148937,
7482,,,,,0.11602209944751381,
7483,,,,,0.0392156862745098,
7484,,,,,0.39552238805970147,
7485,,,,,0.09777777777777778,
7486,,,,,0.9170731707317074,
7487,,,,,0.40476190476190477,
7488,,,,,0.18008911351998405,
7489,,,,,0.16446856304072238,
7490,,,,,0.4647887323943662,
7491,,,,,0.3217391304347826,
7492,,,,,0.06382978723404255,
7493,,,,,0.031496062992125984,
7494,,,,,0.0,
7495,,,,,0.0,
7496,,,,,0.0,
7497,,,,,0.07291666666666667,
7498,,,,,0.08287292817679558,
7499,,,,,0.27555555555555555,
7500,,,,,0.1454412449291747,
7501,,,,,0.13818028156484222,
7502,,,,,0.0,
7503,,,,,0.0,
7504,,,,,0.2898550724637681,
7505,,,,,0.5129533678756477,
7506,,,,,0.32323232323232326,
7507,,,,,0.45054945054945056,
7508,,,,,0.0,
7509,,,,,0.39285714285714285,
7510,,,,,0.5846994535519126,
7511,,,,,0.0,
7512,,,,,0.1679856354325996,
7513,,,,,0.15568356203989947,
7514,,,,,0.32608695652173914,
7515,,,,,0.18181818181818182,
7516,,,,,0.0,
7517,,,,,0.0,
7518,,,,,0.057692307692307696,
7519,,,,,0.0,
7520,,,,,0.06896551724137931,
7521,,,,,0.0,
7522,,,,,0.0672782874617737,
7523,,,,,0.0392156862745098,
7524,,,,,0.17636496641617344,
7525,,,,,0.16280052487600916,
7526,,,,,0.3368421052631579,
7527,,,,,0.3956043956043956,
7528,,,,,0.2743362831858407,
7529,,,,,0.0,
7530,,,,,0.0,
7531,,,,,0.05555555555555555,
7532,,,,,0.011627906976744186,
7533,,,,,0.5555555555555556,
7534,,,,,0.6190476190476191,
7535,,,,,0.08148148148148149,
7536,,,,,0.185941344683115,
7537,,,,,0.17309788047950536,
7538,,,,,0.0,
7539,,,,,0.08780487804878048,
7540,,,,,0.026515151515151516,
7541,,,,,0.23809523809523808,
7542,,,,,0.014084507042253521,
7543,,,,,0.0,
7544,,,,,0.058823529411764705,
7545,,,,,0.3582089552238806,
7546,,,,,0.4622222222222222,
7547,,,,,0.1111111111111111,
7548,,,,,0.17011371949191992,
7549,,,,,0.15962013210862264,
7550,,,,,0.0,
7551,,,,,0.0,
7552,,,,,0.2780487804878049,
7553,,,,,0.1,
7554,,,,,0.3434343434343434,
7555,,,,,0.05504587155963303,
7556,,,,,0.0,
7557,,,,,0.30434782608695654,
7558,,,,,0.10679611650485436,
7559,,,,,0.18543046357615894,
7560,,,,,0.12369488594799495,
7561,,,,,0.1181638235882837,
7562,,,,,0.18435754189944134,
7563,,,,,0.10497237569060773,
7564,,,,,0.1826086956521739,
7565,,,,,0.6078431372549019,
7566,,,,,0.10526315789473684,
7567,,,,,0.0,
7568,,,,,0.45774647887323944,
7569,,,,,0.13714285714285715,
7570,,,,,0.0,
7571,,,,,0.04242424242424243,
7572,,,,,0.17722950056527234,
7573,,,,,0.16455752507617374,
7574,,,,,0.8586956521739131,
7575,,,,,0.03636363636363636,
7576,,,,,0.05555555555555555,
7577,,,,,0.009404388714733543,
7578,,,,,0.1888111888111888,
7579,,,,,0.03787878787878788,
7580,,,,,0.5181347150259067,
7581,,,,,0.3368421052631579,
7582,,,,,0.04964539007092199,
7583,,,,,0.0,
7584,,,,,0.16991421161135864,
7585,,,,,0.15677334697417877,
7586,,,,,0.06976744186046512,
7587,,,,,0.13043478260869565,
7588,,,,,0.0,
7589,,,,,0.1650485436893204,
7590,,,,,0.0,
7591,,,,,0.02403846153846154,
7592,,,,,0.0,
7593,,,,,0.12295081967213115,
7594,,,,,0.09375,
7595,,,,,0.08695652173913043,
7596,,,,,0.17802753208751745,
7597,,,,,0.16366790472166004,
7598,,,,,0.0,
7599,,,,,0.0,
7600,,,,,0.10666666666666667,
7601,,,,,0.5258620689655172,
7602,,,,,0.0,
7603,,,,,0.21739130434782608,
7604,,,,,0.45774647887323944,
7605,,,,,0.34782608695652173,
7606,,,,,0.030303030303030304,
7607,,,,,0.9,
7608,,,,,0.18181818181818182,
7609,,,,,0.16856081667148545,
7610,,,,,0.06796116504854369,
7611,,,,,0.5411764705882353,
7612,,,,,0.12154696132596685,
7613,,,,,0.08292682926829269,
7614,,,,,0.20108695652173914,
7615,,,,,0.26373626373626374,
7616,,,,,0.5806451612903226,
7617,,,,,0.0,
7618,,,,,0.0,
7619,,,,,0.9,
7620,,,,,0.24885282968677264,
7621,,,,,0.22760936770233303,
7622,,,,,0.5409836065573771,
7623,,,,,0.02112676056338028,
7624,,,,,0.42857142857142855,
7625,,,,,0.2831858407079646,
7626,,,,,0.4577777777777778,
7627,,,,,0.2727272727272727,
7628,,,,,0.06363636363636363,
7629,,,,,0.0,
7630,,,,,0.2608695652173913,
7631,,,,,0.047058823529411764,
7632,,,,,0.14803484737647138,
7633,,,,,0.1413606743322287,
7634,,,,,0.45689655172413796,
7635,,,,,0.0,
7636,,,,,0.2430939226519337,
7637,,,,,0.0,
7638,,,,,0.3684210526315789,
7639,,,,,0.0,
7640,,,,,0.05365853658536585,
7641,,,,,0.07881773399014778,
7642,,,,,0.07407407407407407,
7643,,,,,0.7430167597765364,
7644,,,,,0.18008911351998405,
7645,,,,,0.16606987967884707,
7646,,,,,0.1358695652173913,
7647,,,,,0.0,
7648,,,,,0.007462686567164179,
7649,,,,,0.043478260869565216,
7650,,,,,0.5833333333333334,
7651,,,,,0.13812154696132597,
7652,,,,,0.18536585365853658,
7653,,,,,0.49333333333333335,
7654,,,,,0.4057971014492754,
7655,,,,,0.023622047244094488,
7656,,,,,0.1991088648001596,
7657,,,,,0.1823721726753108,
7658,,,,,0.21359223300970873,
7659,,,,,0.047058823529411764,
7660,,,,,0.0,
7661,,,,,0.3333333333333333,
7662,,,,,0.11650485436893204,
7663,,,,,0.06666666666666667,
7664,,,,,0.02734375,
7665,,,,,0.0,
7666,,,,,0.009259259259259259,
7667,,,,,0.0,
7668,,,,,0.153421560151626,
7669,,,,,0.14645375086181972,
7670,,,,,0.5241935483870968,
7671,,,,,0.0,
7672,,,,,0.30434782608695654,
7673,,,,,0.0,
7674,,,,,0.06299212598425197,
7675,,,,,0.32608695652173914,
7676,,,,,0.12087912087912088,
7677,,,,,0.3902439024390244,
7678,,,,,0.7292817679558011,
7679,,,,,0.0048543689320388345,
7680,,,,,0.14889938152557025,
7681,,,,,0.14191668705379978,
7682,,,,,0.0,
7683,,,,,0.028169014084507043,
7684,,,,,0.07407407407407407,
7685,,,,,0.22346368715083798,
7686,,,,,0.0,
7687,,,,,0.34782608695652173,
7688,,,,,0.06341463414634146,
7689,,,,,0.0425531914893617,
7690,,,,,0.2,
7691,,,,,0.3368421052631579,
7692,,,,,0.17935758462459267,
7693,,,,,0.16460200609389944,
7694,,,,,0.014423076923076924,
7695,,,,,0.3473684210526316,
7696,,,,,0.11570247933884298,
7697,,,,,0.5882352941176471,
7698,,,,,0.0,
7699,,,,,0.4,
7700,,,,,0.0,
7701,,,,,0.3695652173913043,
7702,,,,,0.00390625,
7703,,,,,0.10236220472440945,
7704,,,,,0.18188468444503558,
7705,,,,,0.16602539866112137,
7706,,,,,0.06060606060606061,
7707,,,,,0.0,
7708,,,,,0.6774193548387096,
7709,,,,,0.0,
7710,,,,,0.007462686567164179,
7711,,,,,0.0,
7712,,,,,1.0,
7713,,,,,0.004878048780487805,
7714,,,,,0.11504424778761062,
7715,,,,,0.08888888888888889,
7716,,,,,0.18075413978852164,
7717,,,,,0.1668260569801837,
7718,,,,,0.05228758169934641,
7719,,,,,0.6086956521739131,
7720,,,,,0.2601880877742947,
7721,,,,,0.08196721311475409,
7722,,,,,0.17699115044247787,
7723,,,,,0.0,
7724,,,,,0.2122905027932961,
7725,,,,,0.16521739130434782,
7726,,,,,0.41721854304635764,
7727,,,,,0.0,
7728,,,,,0.20050541996408858,
7729,,,,,0.18105998265240308,
7730,,,,,0.25274725274725274,
7731,,,,,0.030303030303030304,
7732,,,,,0.3626373626373626,
7733,,,,,0.36231884057971014,
7734,,,,,0.0,
7735,,,,,0.2222222222222222,
7736,,,,,0.2736842105263158,
7737,,,,,0.041666666666666664,
7738,,,,,0.2698412698412698,
7739,,,,,0.0,
7740,,,,,0.17716299793841855,
7741,,,,,0.16491337321797922,
7742,,,,,0.4304635761589404,
7743,,,,,0.09701492537313433,
7744,,,,,0.23300970873786409,
7745,,,,,0.13259668508287292,
7746,,,,,0.05925925925925926,
7747,,,,,0.0,
7748,,,,,0.3434343434343434,
7749,,,,,0.3652173913043478,
7750,,,,,0.0,
7751,,,,,0.32608695652173914,
7752,,,,,0.14557425018288223,
7753,,,,,0.1394257500611614,
7754,,,,,0.0,
7755,,,,,0.0,
7756,,,,,0.05853658536585366,
7757,,,,,0.0,
7758,,,,,0.24347826086956523,
7759,,,,,0.03333333333333333,
7760,,,,,0.0,
7761,,,,,0.041666666666666664,
7762,,,,,0.013245033112582781,
7763,,,,,0.02280130293159609,
7764,,,,,0.11451752344217597,
7765,,,,,0.11407156995752063,
7766,,,,,0.05555555555555555,
7767,,,,,0.0,
7768,,,,,0.017241379310344827,
7769,,,,,0.0,
7770,,,,,0.0,
7771,,,,,0.22608695652173913,
7772,,,,,0.6825396825396826,
7773,,,,,0.0,
7774,,,,,0.0,
7775,,,,,0.4444444444444444,
7776,,,,,0.16512602247788788,
7777,,,,,0.15359295420679225,
7778,,,,,0.06028368794326241,
7779,,,,,0.0,
7780,,,,,0.16,
7781,,,,,0.32608695652173914,
7782,,,,,0.0,
7783,,,,,0.0,
7784,,,,,0.23776223776223776,
7785,,,,,0.30434782608695654,
7786,,,,,0.05392156862745098,
7787,,,,,0.2251655629139073,
7788,,,,,0.16652257764181685,
7789,,,,,0.1542379289638147,
7790,,,,,0.5080645161290323,
7791,,,,,0.0,
7792,,,,,0.09448818897637795,
7793,,,,,0.40476190476190477,
7794,,,,,0.046511627906976744,
7795,,,,,0.5176470588235295,
7796,,,,,0.44751381215469616,
7797,,,,,0.33519553072625696,
7798,,,,,0.04487179487179487,
7799,,,,,0.391304347826087,
7800,,,,,0.1909955443240008,
7801,,,,,0.17229722216044302,
7802,,,,,0.3492063492063492,
7803,,,,,0.0,
7804,,,,,0.5411764705882353,
7805,,,,,0.3880597014925373,
7806,,,,,0.0,
7807,,,,,0.09497206703910614,
7808,,,,,0.016304347826086956,
7809,,,,,0.0,
7810,,,,,0.0,
7811,,,,,0.0,
7812,,,,,0.13433530624459666,
7813,,,,,0.1302181793919445,
7814,,,,,0.5172413793103449,
7815,,,,,0.011904761904761904,
7816,,,,,0.0,
7817,,,,,0.40476190476190477,
7818,,,,,0.19047619047619047,
7819,,,,,0.022988505747126436,
7820,,,,,0.02459016393442623,
7821,,,,,0.32608695652173914,
7822,,,,,0.026058631921824105,
7823,,,,,0.49295774647887325,
7824,,,,,0.20715568264946466,
7825,,,,,0.1898005026355003,
7826,,,,,0.005154639175257732,
7827,,,,,0.03488372093023256,
7828,,,,,0.007633587786259542,
7829,,,,,0.2052980132450331,
7830,,,,,0.16842105263157894,
7831,,,,,0.30303030303030304,
7832,,,,,0.0975609756097561,
7833,,,,,0.5441176470588235,
7834,,,,,0.07951070336391437,
7835,,,,,0.0,
7836,,,,,0.20442907494846047,
7837,,,,,0.18668683139470232,
7838,,,,,0.0,
7839,,,,,0.007042253521126761,
7840,,,,,0.06976744186046512,
7841,,,,,0.3263157894736842,
7842,,,,,0.05504587155963303,
7843,,,,,0.004975124378109453,
7844,,,,,0.10658307210031348,
7845,,,,,0.0,
7846,,,,,0.058823529411764705,
7847,,,,,0.052980132450331126,
7848,,,,,0.13992152690031257,
7849,,,,,0.13533349643039833,
7850,,,,,0.5483870967741935,
7851,,,,,0.0,
7852,,,,,0.10236220472440945,
7853,,,,,0.02040816326530612,
7854,,,,,0.14035087719298245,
7855,,,,,0.3130434782608696,
7856,,,,,0.1657142857142857,
7857,,,,,0.16585365853658537,
7858,,,,,0.0856269113149847,
7859,,,,,0.05813953488372093,
7860,,,,,0.15787723615082797,
7861,,,,,0.14841091564174988,
7862,,,,,0.0,
7863,,,,,0.0,
7864,,,,,0.1941747572815534,
7865,,,,,0.0,
7866,,,,,0.05392156862745098,
7867,,,,,0.04918032786885246,
7868,,,,,0.0,
7869,,,,,0.0,
7870,,,,,0.37362637362637363,
7871,,,,,0.07804878048780488,
7872,,,,,0.17530092438651326,
7873,,,,,0.16226675266330093,
7874,,,,,0.08695652173913043,
7875,,,,,0.9739130434782609,
7876,,,,,0.5845070422535211,
7877,,,,,0.0,
7878,,,,,0.0,
7879,,,,,0.3941176470588235,
7880,,,,,0.4880952380952381,
7881,,,,,0.417910447761194,
7882,,,,,0.02459016393442623,
7883,,,,,0.023529411764705882,
7884,,,,,0.14364567400412317,
7885,,,,,0.13477748370882725,
7886,,,,,0.4224137931034483,
7887,,,,,0.0,
7888,,,,,0.01818181818181818,
7889,,,,,0.0,
7890,,,,,0.026515151515151516,
7891,,,,,0.08148148148148149,
7892,,,,,0.12280701754385964,
7893,,,,,0.01639344262295082,
7894,,,,,0.0,
7895,,,,,0.0,
7896,,,,,0.16771962492518455,
7897,,,,,0.15757400529324112,
7898,,,,,0.0,
7899,,,,,0.07272727272727272,
7900,,,,,0.10526315789473684,
7901,,,,,0.5066666666666667,
7902,,,,,0.18085106382978725,
7903,,,,,0.07407407407407407,
7904,,,,,0.0,
7905,,,,,0.21714285714285714,
7906,,,,,0.06341463414634146,
7907,,,,,0.3509933774834437,
7908,,,,,0.20010640420296602,
7909,,,,,0.18372884371594422,
7910,,,,,0.0,
7911,,,,,0.00390625,
7912,,,,,0.0,
7913,,,,,0.1657142857142857,
7914,,,,,0.22527472527472528,
7915,,,,,0.0,
7916,,,,,0.03669724770642202,
7917,,,,,0.005154639175257732,
7918,,,,,0.0,
7919,,,,,0.0,
7920,,,,,0.1667885881492319,
7921,,,,,0.15857482819206903,
7922,,,,,0.22330097087378642,
7923,,,,,0.058823529411764705,
7924,,,,,0.0,
7925,,,,,0.034482758620689655,
7926,,,,,0.6795580110497238,
7927,,,,,0.21243523316062177,
7928,,,,,0.0,
7929,,,,,0.00390625,
7930,,,,,0.0,
7931,,,,,0.05365853658536585,
7932,,,,,0.1510274655848906,
7933,,,,,0.14251718079309655,
7934,,,,,0.23,
7935,,,,,0.0,
7936,,,,,0.24468085106382978,
7937,,,,,0.044444444444444446,
7938,,,,,0.5130434782608696,
7939,,,,,0.0,
7940,,,,,0.0,
7941,,,,,0.0,
7942,,,,,0.0,
7943,,,,,0.0,
7944,,,,,0.17702999268471104,
7945,,,,,0.1625113982607922,
7946,,,,,0.5470588235294118,
7947,,,,,0.34782608695652173,
7948,,,,,0.4370860927152318,
7949,,,,,0.01639344262295082,
7950,,,,,0.21142857142857144,
7951,,,,,0.003257328990228013,
7952,,,,,0.32044198895027626,
7953,,,,,0.06363636363636363,
7954,,,,,0.004807692307692308,
7955,,,,,0.0,
7956,,,,,0.19644875972600917,
7957,,,,,0.17721237461913128,
7958,,,,,0.0,
7959,,,,,0.0,
7960,,,,,0.4177777777777778,
7961,,,,,0.026143790849673203,
7962,,,,,0.24468085106382978,
7963,,,,,0.19444444444444445,
7964,,,,,0.0,
7965,,,,,0.49411764705882355,
7966,,,,,0.0,
7967,,,,,0.0,
7968,,,,,0.17004721686506616,
7969,,,,,0.15735160020461267,
7970,,,,,0.03902439024390244,
7971,,,,,0.6632124352331606,
7972,,,,,0.10326086956521739,
7973,,,,,0.0,
7974,,,,,0.3448275862068966,
7975,,,,,0.4264705882352941,
7976,,,,,0.027522935779816515,
7977,,,,,0.16783216783216784,
7978,,,,,0.3157894736842105,
7979,,,,,0.022988505747126436,
7980,,,,,0.15109396821174437,
7981,,,,,0.1396926361675155,
7982,,,,,0.2857142857142857,
7983,,,,,0.0,
7984,,,,,0.18181818181818182,
7985,,,,,0.043478260869565216,
7986,,,,,0.0,
7987,,,,,0.0,
7988,,,,,0.0,
7989,,,,,0.45774647887323944,
7990,,,,,0.0,
7991,,,,,0.13245033112582782,
7992,,,,,0.16392897519452018,
7993,,,,,0.15087961212552542,
7994,,,,,0.05511811023622047,
7995,,,,,0.22377622377622378,
7996,,,,,0.037037037037037035,
7997,,,,,0.01951219512195122,
7998,,,,,0.05555555555555555,
7999,,,,,0.0,
8000,,,,,0.8,
8001,,,,,0.0,
8002,,,,,0.03,
8003,,,,,0.14049586776859505,
8004,,,,,0.17184278779011772,
8005,,,,,0.15833018259457776,
8006,,,,,0.48823529411764705,
8007,,,,,0.21714285714285714,
8008,,,,,0.004975124378109453,
8009,,,,,0.20869565217391303,
8010,,,,,0.2222222222222222,
8011,,,,,0.0,
8012,,,,,0.01935483870967742,
8013,,,,,0.3880597014925373,
8014,,,,,0.5391304347826087,
8015,,,,,0.23140495867768596,
8016,,,,,0.18820243399614284,
8017,,,,,0.1711407156995752,
8018,,,,,0.0,
8019,,,,,0.11023622047244094,
8020,,,,,0.028735632183908046,
8021,,,,,0.03,
8022,,,,,0.0,
8023,,,,,0.015267175572519083,
8024,,,,,0.0,
8025,,,,,0.2560386473429952,
8026,,,,,0.013071895424836602,
8027,,,,,0.0,
8028,,,,,0.16392897519452018,
8029,,,,,0.1524142072370616,
8030,,,,,0.0,
8031,,,,,0.07389162561576355,
8032,,,,,0.013071895424836602,
8033,,,,,0.07874015748031496,
8034,,,,,0.0,
8035,,,,,0.43661971830985913,
8036,,,,,0.13592233009708737,
8037,,,,,0.6507936507936508,
8038,,,,,0.25874125874125875,
8039,,,,,0.025210084033613446,
8040,,,,,0.17077874576045754,
8041,,,,,0.1582412205591264,
8042,,,,,0.417910447761194,
8043,,,,,0.08661417322834646,
8044,,,,,0.22340425531914893,
8045,,,,,1.0,
8046,,,,,0.0,
8047,,,,,0.5111111111111111,
8048,,,,,0.0,
8049,,,,,0.0,
8050,,,,,0.0,
8051,,,,,0.08974358974358974,
8052,,,,,0.18979849704063312,
8053,,,,,0.17454351355559014,
8054,,,,,0.011049723756906077,
8055,,,,,0.6587301587301587,
8056,,,,,0.022988505747126436,
8057,,,,,0.05555555555555555,
8058,,,,,0.0,
8059,,,,,0.09480122324159021,
8060,,,,,0.10416666666666667,
8061,,,,,0.0,
8062,,,,,0.00980392156862745,
8063,,,,,0.03902439024390244,
8064,,,,,0.15062844982376805,
8065,,,,,0.1458754976313858,
8066,,,,,0.22602739726027396,
8067,,,,,0.02,
8068,,,,,0.10526315789473684,
8069,,,,,0.0,
8070,,,,,0.2222222222222222,
8071,,,,,0.03902439024390244,
8072,,,,,0.0,
8073,,,,,0.5117647058823529,
8074,,,,,0.1487603305785124,
8075,,,,,0.0,
8076,,,,,0.1804881292811066,
8077,,,,,0.165513866957276,
8078,,,,,0.009950248756218905,
8079,,,,,0.2,
8080,,,,,0.6519607843137255,
8081,,,,,0.7616580310880829,
8082,,,,,0.07874015748031496,
8083,,,,,0.375609756097561,
8084,,,,,0.0,
8085,,,,,0.04225352112676056,
8086,,,,,0.0,
8087,,,,,0.0,
8088,,,,,0.14710381060051872,
8089,,,,,0.13720169917487712,
8090,,,,,0.015625,
8091,,,,,0.19205298013245034,
8092,,,,,0.0,
8093,,,,,0.016286644951140065,
8094,,,,,0.0196078431372549,
8095,,,,,0.6507936507936508,
8096,,,,,0.6372549019607843,
8097,,,,,0.17391304347826086,
8098,,,,,0.0,
8099,,,,,0.2463768115942029,
8100,,,,,0.15122697346545189,
8101,,,,,0.13987056023841826,
8102,,,,,0.17355371900826447,
8103,,,,,0.0,
8104,,,,,0.4470588235294118,
8105,,,,,0.007633587786259542,
8106,,,,,0.09375,
8107,,,,,0.06060606060606061,
8108,,,,,0.0,
8109,,,,,0.3263157894736842,
8110,,,,,0.4488888888888889,
8111,,,,,0.0,
8112,,,,,0.17583294540134337,
8113,,,,,0.16155505637968998,
8114,,,,,0.04,
8115,,,,,0.016574585635359115,
8116,,,,,0.08695652173913043,
8117,,,,,0.0,
8118,,,,,0.3217391304347826,
8119,,,,,0.0,
8120,,,,,0.0,
8121,,,,,0.07352941176470588,
8122,,,,,0.12195121951219512,
8123,,,,,0.009615384615384616,
8124,,,,,0.1740373744762918,
8125,,,,,0.15937548651113137,
8126,,,,,0.0,
8127,,,,,0.0,
8128,,,,,0.08333333333333333,
8129,,,,,0.02127659574468085,
8130,,,,,0.047244094488188976,
8131,,,,,0.0,
8132,,,,,0.0672782874617737,
8133,,,,,0.20388349514563106,
8134,,,,,0.05511811023622047,
8135,,,,,0.0055248618784530384,
8136,,,,,0.1388574848706524,
8137,,,,,0.13477748370882725,
8138,,,,,0.003194888178913738,
8139,,,,,0.022222222222222223,
8140,,,,,0.06018518518518518,
8141,,,,,0.05925925925925926,
8142,,,,,0.08661417322834646,
8143,,,,,0.004807692307692308,
8144,,,,,0.18181818181818182,
8145,,,,,0.7142857142857143,
8146,,,,,0.028169014084507043,
8147,,,,,0.0,
8148,,,,,0.17257431668550907,
8149,,,,,0.15833018259457776,
8150,,,,,0.19205298013245034,
8151,,,,,0.0,
8152,,,,,0.35789473684210527,
8153,,,,,0.46551724137931033,
8154,,,,,0.47368421052631576,
8155,,,,,0.34782608695652173,
8156,,,,,0.0,
8157,,,,,0.0,
8158,,,,,0.38095238095238093,
8159,,,,,0.424390243902439,
8160,,,,,0.19106204695085455,
8161,,,,,0.17605586815826346,
8162,,,,,0.14285714285714285,
8163,,,,,0.2727272727272727,
8164,,,,,0.0425531914893617,
8165,,,,,0.00510204081632653,
8166,,,,,0.10679611650485436,
8167,,,,,0.06060606060606061,
8168,,,,,0.011494252873563218,
8169,,,,,0.6029411764705882,
8170,,,,,0.0,
8171,,,,,0.0,
8172,,,,,0.16911618008911353,
8173,,,,,0.1581300180148122,
8174,,,,,0.0,
8175,,,,,0.5066666666666667,
8176,,,,,0.007633587786259542,
8177,,,,,0.048484848484848485,
8178,,,,,0.30303030303030304,
8179,,,,,0.009615384615384616,
8180,,,,,0.26595744680851063,
8181,,,,,0.0,
8182,,,,,0.05,
8183,,,,,0.2,
8184,,,,,0.1808206424153754,
8185,,,,,0.16653693036496675,
8186,,,,,0.06666666666666667,
8187,,,,,0.3684210526315789,
8188,,,,,0.3333333333333333,
8189,,,,,0.08695652173913043,
8190,,,,,0.0,
8191,,,,,0.26959247648902823,
8192,,,,,0.06796116504854369,
8193,,,,,0.0,
8194,,,,,0.0,
8195,,,,,0.0,
8196,,,,,0.17583294540134337,
8197,,,,,0.16513577830660767,
8198,,,,,0.24210526315789474,
8199,,,,,0.2018348623853211,
8200,,,,,0.0,
8201,,,,,0.029411764705882353,
8202,,,,,0.30597014925373134,
8203,,,,,0.31176470588235294,
8204,,,,,0.0,
8205,,,,,0.0,
8206,,,,,0.24888888888888888,
8207,,,,,0.08695652173913043,
8208,,,,,0.1669215934029394,
8209,,,,,0.1546604986322087,
8210,,,,,0.0,
8211,,,,,0.0,
8212,,,,,0.0,
8213,,,,,0.0,
8214,,,,,0.09852216748768473,
8215,,,,,0.20869565217391303,
8216,,,,,0.3188405797101449,
8217,,,,,0.16842105263157894,
8218,,,,,0.32608695652173914,
8219,,,,,0.0219435736677116,
8220,,,,,0.17543392964022078,
8221,,,,,0.16231123368102662,
8222,,,,,0.0,
8223,,,,,0.028368794326241134,
8224,,,,,0.0,
8225,,,,,0.00510204081632653,
8226,,,,,0.43478260869565216,
8227,,,,,0.0,
8228,,,,,0.015151515151515152,
8229,,,,,0.07407407407407407,
8230,,,,,0.4827586206896552,
8231,,,,,0.05511811023622047,
8232,,,,,0.1568131941211678,
8233,,,,,0.14814402953539577,
8234,,,,,0.32065217391304346,
8235,,,,,0.03,
8236,,,,,0.0,
8237,,,,,0.2,
8238,,,,,0.0,
8239,,,,,0.49333333333333335,
8240,,,,,0.20634920634920634,
8241,,,,,0.06481481481481481,
8242,,,,,0.02127659574468085,
8243,,,,,0.03,
8244,,,,,0.18148566868391303,
8245,,,,,0.16638124680292685,
8246,,,,,0.0,
8247,,,,,0.04,
8248,,,,,0.0,
8249,,,,,0.1390728476821192,
8250,,,,,0.38461538461538464,
8251,,,,,0.23776223776223776,
8252,,,,,0.03,
8253,,,,,0.10655737704918032,
8254,,,,,0.0,
8255,,,,,0.0,
8256,,,,,0.19811132539735318,
8257,,,,,0.18074861552832328,
8258,,,,,0.25333333333333335,
8259,,,,,0.0,
8260,,,,,0.0,
8261,,,,,0.31868131868131866,
8262,,,,,0.02912621359223301,
8263,,,,,0.004807692307692308,
8264,,,,,0.006172839506172839,
8265,,,,,0.06666666666666667,
8266,,,,,0.0,
8267,,,,,0.7380952380952381,
8268,,,,,0.18108665292279044,
8269,,,,,0.1675599937726575,
8270,,,,,0.014925373134328358,
8271,,,,,0.08695652173913043,
8272,,,,,0.06862745098039216,
8273,,,,,0.0,
8274,,,,,0.015306122448979591,
8275,,,,,0.00390625,
8276,,,,,0.2753623188405797,
8277,,,,,0.3956043956043956,
8278,,,,,0.25396825396825395,
8279,,,,,0.21142857142857144,
8280,,,,,0.17802753208751745,
8281,,,,,0.16244467673420368,
8282,,,,,0.5564516129032258,
8283,,,,,0.046296296296296294,
8284,,,,,0.35121951219512193,
8285,,,,,0.3473684210526316,
8286,,,,,0.2119205298013245,
8287,,,,,0.014084507042253521,
8288,,,,,0.010309278350515464,
8289,,,,,0.04964539007092199,
8290,,,,,0.23076923076923078,
8291,,,,,0.5066666666666667,
8292,,,,,0.19631575447230165,
8293,,,,,0.178524564642039,
8294,,,,,0.626984126984127,
8295,,,,,0.24175824175824176,
8296,,,,,0.04225352112676056,
8297,,,,,0.59,
8298,,,,,0.03278688524590164,
8299,,,,,0.16,
8300,,,,,0.02,
8301,,,,,0.44041450777202074,
8302,,,,,0.9782608695652174,
8303,,,,,0.168141592920354,
8304,,,,,0.21566801888674603,
8305,,,,,0.19400395881057758,
8306,,,,,0.1262135922330097,
8307,,,,,0.022900763358778626,
8308,,,,,0.15,
8309,,,,,0.20279720279720279,
8310,,,,,0.0,
8311,,,,,0.0,
8312,,,,,0.0851063829787234,
8313,,,,,0.14035087719298245,
8314,,,,,0.08695652173913043,
8315,,,,,0.047244094488188976,
8316,,,,,0.1850768105340161,
8317,,,,,0.1702955763627872,
8318,,,,,0.38095238095238093,
8319,,,,,0.17699115044247787,
8320,,,,,0.1262135922330097,
8321,,,,,0.13259668508287292,
8322,,,,,0.08333333333333333,
8323,,,,,0.0,
8324,,,,,0.41044776119402987,
8325,,,,,0.3333333333333333,
8326,,,,,0.011627906976744186,
8327,,,,,0.6612903225806451,
8328,,,,,0.17164327990955644,
8329,,,,,0.1590641193870516,
8330,,,,,0.6048387096774194,
8331,,,,,0.49137931034482757,
8332,,,,,0.7301587301587301,
8333,,,,,0.04487179487179487,
8334,,,,,0.12280701754385964,
8335,,,,,0.0,
8336,,,,,0.22346368715083798,
8337,,,,,0.09375,
8338,,,,,0.4065934065934066,
8339,,,,,0.0,
8340,,,,,0.20323202766509277,
8341,,,,,0.18310610946778463,
8342,,,,,0.03669724770642202,
8343,,,,,0.6683937823834197,
8344,,,,,0.18181818181818182,
8345,,,,,0.2,
8346,,,,,0.16783216783216784,
8347,,,,,0.17391304347826086,
8348,,,,,0.152317880794702,
8349,,,,,0.0,
8350,,,,,0.0,
8351,,,,,0.0196078431372549,
8352,,,,,0.16306444104542128,
8353,,,,,0.1524809287636501,
8354,,,,,0.0,
8355,,,,,0.05128205128205128,
8356,,,,,0.07092198581560284,
8357,,,,,0.6871508379888268,
8358,,,,,0.6229508196721312,
8359,,,,,0.0,
8360,,,,,0.0,
8361,,,,,0.0,
8362,,,,,0.0,
8363,,,,,0.07058823529411765,
8364,,,,,0.18195118707188934,
8365,,,,,0.16902786735760514,
8366,,,,,0.44366197183098594,
8367,,,,,0.16521739130434782,
8368,,,,,0.0,
8369,,,,,0.0,
8370,,,,,0.04132231404958678,
8371,,,,,0.06829268292682927,
8372,,,,,0.0,
8373,,,,,0.0,
8374,,,,,0.0,
8375,,,,,0.2782608695652174,
8376,,,,,0.173704861342023,
8377,,,,,0.15955341058203412,
8378,,,,,0.4647887323943662,
8379,,,,,0.10614525139664804,
8380,,,,,0.07166123778501629,
8381,,,,,0.21487603305785125,
8382,,,,,0.0,
8383,,,,,0.05092592592592592,
8384,,,,,0.02112676056338028,
8385,,,,,0.4488888888888889,
8386,,,,,0.2534246575342466,
8387,,,,,0.08661417322834646,
8388,,,,,0.17024672474562746,
8389,,,,,0.1594422080377199,
8390,,,,,0.05,
8391,,,,,0.5833333333333334,
8392,,,,,0.04924242424242424,
8393,,,,,0.0,
8394,,,,,0.028735632183908046,
8395,,,,,0.0,
8396,,,,,0.15789473684210525,
8397,,,,,0.0,
8398,,,,,0.0,
8399,,,,,0.019417475728155338,
8400,,,,,0.1691826827159673,
8401,,,,,0.15786313190845808,
8402,,,,,0.49333333333333335,
8403,,,,,0.05365853658536585,
8404,,,,,0.0,
8405,,,,,0.0,
8406,,,,,0.07881773399014778,
8407,,,,,0.12280701754385964,
8408,,,,,0.014423076923076924,
8409,,,,,0.03937007874015748,
8410,,,,,0.005154639175257732,
8411,,,,,0.040983606557377046,
8412,,,,,0.1788255636097626,
8413,,,,,0.16308965149122612,
8414,,,,,0.30434782608695654,
8415,,,,,0.0,
8416,,,,,0.040229885057471264,
8417,,,,,0.23671497584541062,
8418,,,,,0.08888888888888889,
8419,,,,,0.0,
8420,,,,,0.39,
8421,,,,,0.30569948186528495,
8422,,,,,0.36507936507936506,
8423,,,,,0.0,
8424,,,,,0.16771962492518455,
8425,,,,,0.153770878277695,
8426,,,,,0.0,
8427,,,,,0.5066666666666667,
8428,,,,,0.0,
8429,,,,,0.05454545454545454,
8430,,,,,0.07058823529411765,
8431,,,,,0.14035087719298245,
8432,,,,,0.7875647668393783,
8433,,,,,0.0728476821192053,
8434,,,,,0.0392156862745098,
8435,,,,,0.20212765957446807,
8436,,,,,0.17004721686506616,
8437,,,,,0.15670662544759023,
8438,,,,,0.0,
8439,,,,,0.10236220472440945,
8440,,,,,0.0,
8441,,,,,0.2342857142857143,
8442,,,,,0.8260869565217391,
8443,,,,,0.0,
8444,,,,,0.10416666666666667,
8445,,,,,0.02040816326530612,
8446,,,,,0.5833333333333334,
8447,,,,,0.15469613259668508,
8448,,,,,0.1804881292811066,
8449,,,,,0.16669261392700666,
8450,,,,,0.2324159021406728,
8451,,,,,0.0,
8452,,,,,0.37894736842105264,
8453,,,,,0.06666666666666667,
8454,,,,,0.030303030303030304,
8455,,,,,0.0,
8456,,,,,0.0,
8457,,,,,0.30917874396135264,
8458,,,,,0.4523809523809524,
8459,,,,,0.6746031746031746,
8460,,,,,0.15209150761455079,
8461,,,,,0.14365144674510152,
8462,,,,,0.4859154929577465,
8463,,,,,0.0,
8464,,,,,0.2185430463576159,
8465,,,,,0.00819672131147541,
8466,,,,,0.0,
8467,,,,,0.0,
8468,,,,,0.42028985507246375,
8469,,,,,0.010638297872340425,
8470,,,,,0.10869565217391304,
8471,,,,,0.08661417322834646,
8472,,,,,0.1566136862406065,
8473,,,,,0.14538620643640326,
8474,,,,,0.0,
8475,,,,,0.03669724770642202,
8476,,,,,0.03529411764705882,
8477,,,,,0.07777777777777778,
8478,,,,,0.0,
8479,,,,,0.5980392156862745,
8480,,,,,0.2692307692307692,
8481,,,,,0.046511627906976744,
8482,,,,,0.3391304347826087,
8483,,,,,0.0,
8484,,,,,0.18747090510075148,
8485,,,,,0.17016213330961014,
8486,,,,,0.3695652173913043,
8487,,,,,0.0,
8488,,,,,0.6904761904761905,
8489,,,,,0.08780487804878048,
8490,,,,,0.01990049751243781,
8491,,,,,0.4503311258278146,
8492,,,,,0.04964539007092199,
8493,,,,,0.20869565217391303,
8494,,,,,0.5304347826086957,
8495,,,,,0.02912621359223301,
8496,,,,,0.18853494713041166,
8497,,,,,0.1702510953450615,
8498,,,,,0.01079136690647482,
8499,,,,,0.43661971830985913,
8500,,,,,0.0,
8501,,,,,0.3620689655172414,
8502,,,,,0.0,
8503,,,,,0.75,
8504,,,,,0.0,
8505,,,,,0.42857142857142855,
8506,,,,,0.06481481481481481,
8507,,,,,0.3333333333333333,
8508,,,,,0.09968743765378732,
8509,,,,,0.09850321375353067,
8510,,,,,0.45689655172413796,
8511,,,,,0.028169014084507043,
8512,,,,,0.0,
8513,,,,,0.14507772020725387,
8514,,,,,0.06666666666666667,
8515,,,,,0.03205128205128205,
8516,,,,,0.32323232323232326,
8517,,,,,0.1258741258741259,
8518,,,,,0.32608695652173914,
8519,,,,,0.3130434782608696,
8520,,,,,0.16771962492518455,
8521,,,,,0.15319262504726108,
8522,,,,,0.0,
8523,,,,,0.273972602739726,
8524,,,,,0.0,
8525,,,,,0.30569948186528495,
8526,,,,,0.0,
8527,,,,,0.0,
8528,,,,,0.20634920634920634,
8529,,,,,0.0,
8530,,,,,0.967391304347826,
8531,,,,,0.0,
8532,,,,,0.21447097160337833,
8533,,,,,0.19958632653515113,
8534,,,,,0.0,
8535,,,,,0.20212765957446807,
8536,,,,,0.3956043956043956,
8537,,,,,0.04153354632587859,
8538,,,,,0.0,
8539,,,,,0.09734513274336283,
8540,,,,,0.1565217391304348,
8541,,,,,0.0,
8542,,,,,0.5733333333333334,
8543,,,,,0.05925925925925926,
8544,,,,,0.19478619405466516,
8545,,,,,0.17939194448768989,
8546,,,,,0.5466666666666666,
8547,,,,,0.05,
8548,,,,,0.07058823529411765,
8549,,,,,0.05925925925925926,
8550,,,,,0.10526315789473684,
8551,,,,,0.12077294685990338,
8552,,,,,0.05737704918032787,
8553,,,,,0.0,
8554,,,,,0.2127659574468085,
8555,,,,,0.0,
8556,,,,,0.182882223847842,
8557,,,,,0.1686942597246625,
8558,,,,,0.5714285714285714,
8559,,,,,0.30303030303030304,
8560,,,,,0.17699115044247787,
8561,,,,,0.08695652173913043,
8562,,,,,0.3188405797101449,
8563,,,,,0.0,
8564,,,,,0.03134796238244514,
8565,,,,,0.0,
8566,,,,,0.04918032786885246,
8567,,,,,0.0,
8568,,,,,0.1677861275520383,
8569,,,,,0.15581700509307653,
8570,,,,,0.20388349514563106,
8571,,,,,0.0,
8572,,,,,0.0,
8573,,,,,0.12280701754385964,
8574,,,,,0.022222222222222223,
8575,,,,,0.0,
8576,,,,,0.015306122448979591,
8577,,,,,0.03488372093023256,
8578,,,,,0.05504587155963303,
8579,,,,,0.0,
8580,,,,,0.1556161468378001,
8581,,,,,0.14565309254275738,
8582,,,,,0.0,
8583,,,,,0.5725806451612904,
8584,,,,,0.44029850746268656,
8585,,,,,0.006535947712418301,
8586,,,,,0.47019867549668876,
8587,,,,,0.5792349726775956,
8588,,,,,0.0,
8589,,,,,0.03205128205128205,
8590,,,,,0.009615384615384616,
8591,,,,,0.3333333333333333,
8592,,,,,0.18294872647469576,
8593,,,,,0.16440184151413384,
8594,,,,,0.30434782608695654,
8595,,,,,0.07058823529411765,
8596,,,,,0.0,
8597,,,,,0.08152173913043478,
8598,,,,,0.2463768115942029,
8599,,,,,0.022900763358778626,
8600,,,,,0.16083916083916083,
8601,,,,,0.17355371900826447,
8602,,,,,0.0392156862745098,
8603,,,,,0.054187192118226604,
8604,,,,,0.15535013633038505,
8605,,,,,0.14349576318306162,
8606,,,,,0.05925925925925926,
8607,,,,,0.3,
8608,,,,,0.44559585492227977,
8609,,,,,0.0,
8610,,,,,0.28695652173913044,
8611,,,,,0.12280701754385964,
8612,,,,,0.32608695652173914,
8613,,,,,0.049019607843137254,
8614,,,,,0.0,
8615,,,,,0.1,
8616,,,,,0.17224180355124027,
8617,,,,,0.15939772701999422,
8618,,,,,0.5066666666666667,
8619,,,,,0.3407821229050279,
8620,,,,,0.0,
8621,,,,,0.12280701754385964,
8622,,,,,0.05092592592592592,
8623,,,,,0.0,
8624,,,,,0.6487804878048781,
8625,,,,,0.54,
8626,,,,,0.4435483870967742,
8627,,,,,0.39436619718309857,
8628,,,,,0.18481080002660105,
8629,,,,,0.16844961412717124,
8630,,,,,0.18181818181818182,
8631,,,,,0.019543973941368076,
8632,,,,,0.2,
8633,,,,,0.0,
8634,,,,,0.035211267605633804,
8635,,,,,0.1588235294117647,
8636,,,,,0.3805970149253731,
8637,,,,,0.0,
8638,,,,,0.46113989637305697,
8639,,,,,0.03363914373088685,
8640,,,,,0.16306444104542128,
8641,,,,,0.15526099237150545,
8642,,,,,0.0,
8643,,,,,0.7073170731707317,
8644,,,,,0.0,
8645,,,,,0.0,
8646,,,,,0.32,
8647,,,,,0.05925925925925926,
8648,,,,,0.25165562913907286,
8649,,,,,0.07017543859649122,
8650,,,,,0.1553398058252427,
8651,,,,,0.0,
8652,,,,,0.11391899980049212,
8653,,,,,0.11129150634966528,
8654,,,,,0.0,
8655,,,,,0.4166666666666667,
8656,,,,,0.31176470588235294,
8657,,,,,0.37362637362637363,
8658,,,,,0.09268292682926829,
8659,,,,,0.16393442622950818,
8660,,,,,0.03225806451612903,
8661,,,,,0.08888888888888889,
8662,,,,,0.09375,
8663,,,,,0.026143790849673203,
8664,,,,,0.17290682981977787,
8665,,,,,0.15921980294909147,
8666,,,,,0.3956043956043956,
8667,,,,,0.45689655172413796,
8668,,,,,0.1262135922330097,
8669,,,,,0.37894736842105264,
8670,,,,,0.0,
8671,,,,,0.00390625,
8672,,,,,0.04225352112676056,
8673,,,,,0.17355371900826447,
8674,,,,,0.0035460992907801418,
8675,,,,,0.34782608695652173,
8676,,,,,0.17822703996807873,
8677,,,,,0.16413495540777973,
8678,,,,,0.009708737864077669,
8679,,,,,0.3565217391304348,
8680,,,,,0.0,
8681,,,,,0.0581039755351682,
8682,,,,,0.0,
8683,,,,,0.01,
8684,,,,,0.006172839506172839,
8685,,,,,0.023622047244094488,
8686,,,,,0.19428571428571428,
8687,,,,,0.22602739726027396,
8688,,,,,0.13825896122896855,
8689,,,,,0.13504436981518136,
8690,,,,,0.31176470588235294,
8691,,,,,0.01680672268907563,
8692,,,,,0.0,
8693,,,,,0.5294117647058824,
8694,,,,,0.06666666666666667,
8695,,,,,0.0,
8696,,,,,0.423841059602649,
8697,,,,,0.8549222797927462,
8698,,,,,0.07,
8699,,,,,0.00390625,
8700,,,,,0.20715568264946466,
8701,,,,,0.18977826212663745,
8702,,,,,0.7653631284916201,
8703,,,,,0.03816793893129771,
8704,,,,,0.06372549019607843,
8705,,,,,0.028169014084507043,
8706,,,,,0.14563106796116504,
8707,,,,,0.004878048780487805,
8708,,,,,0.025210084033613446,
8709,,,,,0.09090909090909091,
8710,,,,,0.4626865671641791,
8711,,,,,0.0,
8712,,,,,0.22152025004987697,
8713,,,,,0.2001423392567222,
8714,,,,,0.014184397163120567,
8715,,,,,0.13812154696132597,
8716,,,,,0.02,
8717,,,,,0.0,
8718,,,,,0.03488372093023256,
8719,,,,,0.0070921985815602835,
8720,,,,,0.0,
8721,,,,,0.1262135922330097,
8722,,,,,0.44,
8723,,,,,0.0,
8724,,,,,0.1969142781139855,
8725,,,,,0.1794586660142784,
8726,,,,,0.30434782608695654,
8727,,,,,0.5117647058823529,
8728,,,,,0.49137931034482757,
8729,,,,,0.0,
8730,,,,,0.0975609756097561,
8731,,,,,0.5070422535211268,
8732,,,,,0.143646408839779,
8733,,,,,0.0,
8734,,,,,0.0,
8735,,,,,0.0,
8736,,,,,0.20682316951519586,
8737,,,,,0.1864199452883482,
8738,,,,,0.0,
8739,,,,,0.6029411764705882,
8740,,,,,0.26595744680851063,
8741,,,,,0.37681159420289856,
8742,,,,,0.0,
8743,,,,,0.10869565217391304,
8744,,,,,0.007462686567164179,
8745,,,,,0.0,
8746,,,,,0.48823529411764705,
8747,,,,,0.0,
8748,,,,,0.19598324133803285,
8749,,,,,0.17901385583702156,
8750,,,,,0.08256880733944955,
8751,,,,,0.009708737864077669,
8752,,,,,0.0,
8753,,,,,0.014184397163120567,
8754,,,,,0.44370860927152317,
8755,,,,,0.05511811023622047,
8756,,,,,0.0,
8757,,,,,0.0641025641025641,
8758,,,,,0.0,
8759,,,,,0.0,
8760,,,,,0.16346345680654387,
8761,,,,,0.15417120743722618,
8762,,,,,0.009950248756218905,
8763,,,,,0.24175824175824176,
8764,,,,,0.0,
8765,,,,,0.004807692307692308,
8766,,,,,0.35353535353535354,
8767,,,,,0.32608695652173914,
8768,,,,,0.02112676056338028,
8769,,,,,0.023529411764705882,
8770,,,,,0.07086614173228346,
8771,,,,,0.25396825396825395,
8772,,,,,0.18062113453481413,
8773,,,,,0.16402375286346552,
8774,,,,,0.5595238095238095,
8775,,,,,0.21142857142857144,
8776,,,,,0.34,
8777,,,,,0.32323232323232326,
8778,,,,,0.5833333333333334,
8779,,,,,0.25217391304347825,
8780,,,,,0.0,
8781,,,,,0.0,
8782,,,,,0.52,
8783,,,,,0.022222222222222223,
8784,,,,,0.18979849704063312,
8785,,,,,0.1709850321375353,
8786,,,,,0.37748344370860926,
8787,,,,,0.4552238805970149,
8788,,,,,0.1941747572815534,
8789,,,,,0.03636363636363636,
8790,,,,,0.3626373626373626,
8791,,,,,0.34782608695652173,
8792,,,,,0.4523809523809524,
8793,,,,,0.0,
8794,,,,,0.5392156862745098,
8795,,,,,0.15469613259668508,
8796,,,,,0.18906696814524174,
8797,,,,,0.1721192980895403,
8798,,,,,0.0,
8799,,,,,0.012345679012345678,
8800,,,,,0.4057971014492754,
8801,,,,,0.059782608695652176,
8802,,,,,0.4823529411764706,
8803,,,,,0.07339449541284404,
8804,,,,,0.07,
8805,,,,,0.08737864077669903,
8806,,,,,0.05555555555555555,
8807,,,,,0.17699115044247787,
8808,,,,,0.18221719757930438,
8809,,,,,0.1627782843671463,
8810,,,,,0.0,
8811,,,,,0.08695652173913043,
8812,,,,,0.4552238805970149,
8813,,,,,0.047244094488188976,
8814,,,,,0.09836065573770492,
8815,,,,,0.23008849557522124,
8816,,,,,0.24571428571428572,
8817,,,,,0.0,
8818,,,,,0.2608695652173913,
8819,,,,,0.059113300492610835,
8820,,,,,0.1776285163263949,
8821,,,,,0.16093232213153036,
8822,,,,,0.1941747572815534,
8823,,,,,0.30434782608695654,
8824,,,,,0.0078125,
8825,,,,,0.0,
8826,,,,,0.6290322580645161,
8827,,,,,0.28695652173913044,
8828,,,,,0.04929577464788732,
8829,,,,,0.0,
8830,,,,,0.41739130434782606,
8831,,,,,0.0,
8832,,,,,0.18188468444503558,
8833,,,,,0.1656695505193159,
8834,,,,,0.05555555555555555,
8835,,,,,0.03902439024390244,
8836,,,,,0.043478260869565216,
8837,,,,,0.009950248756218905,
8838,,,,,0.040229885057471264,
8839,,,,,0.5806451612903226,
8840,,,,,0.0,
8841,,,,,0.06060606060606061,
8842,,,,,0.08196721311475409,
8843,,,,,0.025210084033613446,
8844,,,,,0.18294872647469576,
8845,,,,,0.1653137023775104,
8846,,,,,0.023255813953488372,
8847,,,,,0.10526315789473684,
8848,,,,,0.0,
8849,,,,,0.10483870967741936,
8850,,,,,0.0970873786407767,
8851,,,,,0.47619047619047616,
8852,,,,,0.4827586206896552,
8853,,,,,0.043478260869565216,
8854,,,,,0.0,
8855,,,,,0.25824175824175827,
8856,,,,,0.17470240074482943,
8857,,,,,0.15795209394390944,
8858,,,,,0.34782608695652173,
8859,,,,,0.0,
8860,,,,,0.0,
8861,,,,,0.06557377049180328,
8862,,,,,0.07058823529411765,
8863,,,,,0.25217391304347825,
8864,,,,,0.15873015873015872,
8865,,,,,0.4523809523809524,
8866,,,,,0.4253731343283582,
8867,,,,,0.04,
8868,,,,,0.22238478419897587,
8869,,,,,0.20141004826190423,
8870,,,,,0.08,
8871,,,,,0.01,
8872,,,,,0.0958904109589041,
8873,,,,,0.6229508196721312,
8874,,,,,0.0,
8875,,,,,0.21359223300970873,
8876,,,,,0.3028571428571429,
8877,,,,,0.020202020202020204,
8878,,,,,0.0,
8879,,,,,0.0,
8880,,,,,0.19458668617410388,
8881,,,,,0.1766563618975602,
8882,,,,,0.05925925925925926,
8883,,,,,0.06481481481481481,
8884,,,,,0.304635761589404,
8885,,,,,0.0,
8886,,,,,0.352112676056338,
8887,,,,,0.0457516339869281,
8888,,,,,0.05454545454545454,
8889,,,,,0.00390625,
8890,,,,,0.022222222222222223,
8891,,,,,0.44776119402985076,
8892,,,,,0.1711777615215801,
8893,,,,,0.1591308409136401,
8894,,,,,0.05454545454545454,
8895,,,,,0.31176470588235294,
8896,,,,,0.3695652173913043,
8897,,,,,0.058823529411764705,
8898,,,,,0.09852216748768473,
8899,,,,,0.07339449541284404,
8900,,,,,0.006622516556291391,
8901,,,,,0.08737864077669903,
8902,,,,,0.024242424242424242,
8903,,,,,0.3368421052631579,
8904,,,,,0.20901775620136995,
8905,,,,,0.1907346040077397,
8906,,,,,0.30434782608695654,
8907,,,,,0.06299212598425197,
8908,,,,,0.5466666666666666,
8909,,,,,0.2,
8910,,,,,0.0,
8911,,,,,0.9859154929577465,
8912,,,,,0.07,
8913,,,,,0.41721854304635764,
8914,,,,,0.022222222222222223,
8915,,,,,0.1232876712328767,
8916,,,,,0.2058921327392432,
8917,,,,,0.1848631096679492,
8918,,,,,0.0,
8919,,,,,0.0,
8920,,,,,0.0196078431372549,
8921,,,,,0.3176470588235294,
8922,,,,,0.07086614173228346,
8923,,,,,0.43283582089552236,
8924,,,,,0.16083916083916083,
8925,,,,,0.08,
8926,,,,,0.0,
8927,,,,,0.0,
8928,,,,,0.16180089113519985,
8929,,,,,0.15083513110779975,
8930,,,,,0.0030581039755351682,
8931,,,,,0.0,
8932,,,,,0.19834710743801653,
8933,,,,,0.06060606060606061,
8934,,,,,0.31343283582089554,
8935,,,,,0.0055248618784530384,
8936,,,,,0.0,
8937,,,,,0.03488372093023256,
8938,,,,,0.19122257053291536,
8939,,,,,0.0625,
8940,,,,,0.16146837800093103,
8941,,,,,0.14732113070747058,
8942,,,,,0.49333333333333335,
8943,,,,,0.0,
8944,,,,,0.21359223300970873,
8945,,,,,0.0425531914893617,
8946,,,,,0.03,
8947,,,,,0.004878048780487805,
8948,,,,,0.09944751381215469,
8949,,,,,0.35294117647058826,
8950,,,,,0.01,
8951,,,,,0.2898550724637681,
8952,,,,,0.12209882290350468,
8953,,,,,0.11776349442875253,
8954,,,,,0.0,
8955,,,,,0.25142857142857145,
8956,,,,,0.1270718232044199,
8957,,,,,0.10256410256410256,
8958,,,,,0.021406727828746176,
8959,,,,,0.05,
8960,,,,,0.0,
8961,,,,,0.0,
8962,,,,,0.009615384615384616,
8963,,,,,0.36470588235294116,
8964,,,,,0.18866795238411918,
8965,,,,,0.17149656384138068,
8966,,,,,0.45774647887323944,
8967,,,,,0.01990049751243781,
8968,,,,,0.11602209944751381,
8969,,,,,0.41044776119402987,
8970,,,,,0.06,
8971,,,,,0.0,
8972,,,,,0.5684210526315789,
8973,,,,,0.07777777777777778,
8974,,,,,0.06299212598425197,
8975,,,,,0.08866995073891626,
8976,,,,,0.1808206424153754,
8977,,,,,0.16415719591664257,
8978,,,,,0.0,
8979,,,,,0.0,
8980,,,,,0.3,
8981,,,,,0.0,
8982,,,,,0.0,
8983,,,,,0.047244094488188976,
8984,,,,,0.035211267605633804,
8985,,,,,0.30303030303030304,
8986,,,,,0.09448818897637795,
8987,,,,,0.006172839506172839,
8988,,,,,0.17024672474562746,
8989,,,,,0.15646197985009896,
8990,,,,,0.022222222222222223,
8991,,,,,0.009615384615384616,
8992,,,,,0.2,
8993,,,,,0.0,
8994,,,,,0.0,
8995,,,,,0.06299212598425197,
8996,,,,,0.0,
8997,,,,,0.015306122448979591,
8998,,,,,0.11926605504587157,
8999,,,,,0.042105263157894736,
9000,,,,,0.17543392964022078,
9001,,,,,0.1630229299646376,
9002,,,,,0.09722222222222222,
9003,,,,,0.0,
9004,,,,,0.04,
9005,,,,,0.043478260869565216,
9006,,,,,0.04924242424242424,
9007,,,,,0.5304347826086957,
9008,,,,,0.0,
9009,,,,,0.0,
9010,,,,,0.0,
9011,,,,,0.20388349514563106,
9012,,,,,0.1676531222983308,
9013,,,,,0.15403776438404912,
9014,,,,,0.09375,
9015,,,,,0.0,
9016,,,,,0.8133333333333334,
9017,,,,,0.06,
9018,,,,,0.25396825396825395,
9019,,,,,0.22608695652173913,
9020,,,,,0.07272727272727272,
9021,,,,,0.04281345565749235,
9022,,,,,0.08888888888888889,
9023,,,,,0.23414634146341465,
9024,,,,,0.1999733989492585,
9025,,,,,0.18355091964504147,
9026,,,,,0.0,
9027,,,,,0.11650485436893204,
9028,,,,,0.0,
9029,,,,,0.5466666666666666,
9030,,,,,0.39285714285714285,
9031,,,,,0.0,
9032,,,,,0.05,
9033,,,,,0.014423076923076924,
9034,,,,,0.7063492063492064,
9035,,,,,0.047058823529411764,
9036,,,,,0.19292412050275987,
9037,,,,,0.17372061472766498,
9038,,,,,0.07017543859649122,
9039,,,,,0.52,
9040,,,,,0.0,
9041,,,,,0.0,
9042,,,,,0.028169014084507043,
9043,,,,,0.0,
9044,,,,,0.015748031496062992,
9045,,,,,0.2185430463576159,
9046,,,,,0.9463414634146341,
9047,,,,,0.01990049751243781,
9048,,,,,0.190663031189732,
9049,,,,,0.17385405778084204,
9050,,,,,0.0,
9051,,,,,0.0,
9052,,,,,0.06341463414634146,
9053,,,,,0.01818181818181818,
9054,,,,,0.0,
9055,,,,,0.0,
9056,,,,,0.034482758620689655,
9057,,,,,0.4647887323943662,
9058,,,,,0.5833333333333334,
9059,,,,,0.02,
9060,,,,,0.148965884152424,
9061,,,,,0.14058225652202921,
9062,,,,,0.012345679012345678,
9063,,,,,0.0,
9064,,,,,0.08421052631578947,
9065,,,,,0.06666666666666667,
9066,,,,,0.0,
9067,,,,,0.05,
9068,,,,,0.0,
9069,,,,,0.004878048780487805,
9070,,,,,0.1270718232044199,
9071,,,,,0.035211267605633804,
9072,,,,,0.16545853561215668,
9073,,,,,0.15285901741431843,
9074,,,,,0.17391304347826086,
9075,,,,,0.0,
9076,,,,,0.14917127071823205,
9077,,,,,0.05511811023622047,
9078,,,,,0.04281345565749235,
9079,,,,,0.0,
9080,,,,,0.4470588235294118,
9081,,,,,0.12389380530973451,
9082,,,,,0.10416666666666667,
9083,,,,,0.553921568627451,
9084,,,,,0.18634036044423755,
9085,,,,,0.16953939906145052,
9086,,,,,0.0,
9087,,,,,0.0078125,
9088,,,,,0.0,
9089,,,,,0.005747126436781609,
9090,,,,,0.0,
9091,,,,,0.5117647058823529,
9092,,,,,0.0,
9093,,,,,0.03,
9094,,,,,0.04924242424242424,
9095,,,,,0.3217391304347826,
9096,,,,,0.1397220190197513,
9097,,,,,0.13524453439494696,
9098,,,,,0.5333333333333333,
9099,,,,,0.041666666666666664,
9100,,,,,0.11570247933884298,
9101,,,,,0.12280701754385964,
9102,,,,,0.08888888888888889,
9103,,,,,0.03546099290780142,
9104,,,,,0.012345679012345678,
9105,,,,,0.5573770491803278,
9106,,,,,0.0,
9107,,,,,0.027932960893854747,
9108,,,,,0.17303983507348542,
9109,,,,,0.1571514356248471,
9110,,,,,0.0,
9111,,,,,0.8439024390243902,
9112,,,,,0.09448818897637795,
9113,,,,,0.6065573770491803,
9114,,,,,0.037037037037037035,
9115,,,,,0.0,
9116,,,,,0.2602739726027397,
9117,,,,,0.07058823529411765,
9118,,,,,0.06310679611650485,
9119,,,,,0.02564102564102564,
9120,,,,,0.1752344217596595,
9121,,,,,0.16059871449858773,
9122,,,,,0.01,
9123,,,,,0.13592233009708737,
9124,,,,,0.009615384615384616,
9125,,,,,0.06341463414634146,
9126,,,,,0.30434782608695654,
9127,,,,,0.0,
9128,,,,,0.7401960784313726,
9129,,,,,0.46551724137931033,
9130,,,,,0.2826086956521739,
9131,,,,,0.023255813953488372,
9132,,,,,0.18747090510075148,
9133,,,,,0.17120743722616374,
9134,,,,,0.0,
9135,,,,,0.05454545454545454,
9136,,,,,0.035211267605633804,
9137,,,,,0.7016129032258065,
9138,,,,,0.012232415902140673,
9139,,,,,0.0,
9140,,,,,0.4647887323943662,
9141,,,,,0.18681318681318682,
9142,,,,,0.2251655629139073,
9143,,,,,0.08771929824561403,
9144,,,,,0.158143246658243,
9145,,,,,0.14500811778573494,
9146,,,,,0.0,
9147,,,,,0.13259668508287292,
9148,,,,,0.0,
9149,,,,,0.014084507042253521,
9150,,,,,0.0,
9151,,,,,0.0,
9152,,,,,0.022222222222222223,
9153,,,,,0.0,
9154,,,,,0.14685314685314685,
9155,,,,,0.0,
9156,,,,,0.14191660570592537,
9157,,,,,0.13606743322287215,
9158,,,,,0.31176470588235294,
9159,,,,,0.0,
9160,,,,,0.0196078431372549,
9161,,,,,0.0,
9162,,,,,0.025806451612903226,
9163,,,,,0.05128205128205128,
9164,,,,,0.0,
9165,,,,,0.20279720279720279,
9166,,,,,0.47413793103448276,
9167,,,,,0.3853658536585366,
9168,,,,,0.1749019086253907,
9169,,,,,0.15984253719725108,
9170,,,,,0.17894736842105263,
9171,,,,,0.2,
9172,,,,,0.6,
9173,,,,,0.0970873786407767,
9174,,,,,0.08661417322834646,
9175,,,,,0.5564516129032258,
9176,,,,,0.008403361344537815,
9177,,,,,0.21142857142857144,
9178,,,,,0.035211267605633804,
9179,,,,,0.23140495867768596,
9180,,,,,0.20582563011238944,
9181,,,,,0.1852856793363432,
9182,,,,,0.014423076923076924,
9183,,,,,0.33043478260869563,
9184,,,,,0.6547619047619048,
9185,,,,,0.20869565217391303,
9186,,,,,0.0,
9187,,,,,0.043478260869565216,
9188,,,,,0.009259259259259259,
9189,,,,,0.28,
9190,,,,,0.1487603305785124,
9191,,,,,0.0,
9192,,,,,0.18620735519053003,
9193,,,,,0.16844961412717124,
9194,,,,,0.5686274509803921,
9195,,,,,0.12280701754385964,
9196,,,,,0.0,
9197,,,,,0.013071895424836602,
9198,,,,,0.0,
9199,,,,,0.012345679012345678,
9200,,,,,0.03488372093023256,
9201,,,,,0.05925925925925926,
9202,,,,,0.015267175572519083,
9203,,,,,0.5,
9204,,,,,0.18919997339894926,
9205,,,,,0.17045125992482707,
9206,,,,,0.06060606060606061,
9207,,,,,0.0,
9208,,,,,0.043478260869565216,
9209,,,,,0.006514657980456026,
9210,,,,,0.0,
9211,,,,,0.02,
9212,,,,,0.2826086956521739,
9213,,,,,0.042105263157894736,
9214,,,,,0.12280701754385964,
9215,,,,,0.4666666666666667,
9216,,,,,0.1764314690430272,
9217,,,,,0.16242243622534083,
9218,,,,,0.022099447513812154,
9219,,,,,0.08904109589041095,
9220,,,,,0.028169014084507043,
9221,,,,,0.39285714285714285,
9222,,,,,0.34782608695652173,
9223,,,,,0.05128205128205128,
9224,,,,,0.0,
9225,,,,,0.3956043956043956,
9226,,,,,0.11188811188811189,
9227,,,,,0.19148936170212766,
9228,,,,,0.16838465119372215,
9229,,,,,0.1555946000044481,
9230,,,,,0.0,
9231,,,,,0.34782608695652173,
9232,,,,,0.007462686567164179,
9233,,,,,0.0,
9234,,,,,0.0055248618784530384,
9235,,,,,0.040983606557377046,
9236,,,,,0.0,
9237,,,,,0.17391304347826086,
9238,,,,,0.18446601941747573,
9239,,,,,0.041666666666666664,
9240,,,,,0.17377136396887677,
9241,,,,,0.15861930920979472,
9242,,,,,0.0,
9243,,,,,0.015151515151515152,
9244,,,,,0.2966360856269113,
9245,,,,,0.0,
9246,,,,,0.0,
9247,,,,,0.0,
9248,,,,,0.0,
9249,,,,,0.05454545454545454,
9250,,,,,0.3333333333333333,
9251,,,,,0.0,
9252,,,,,0.11139189998004921,
9253,,,,,0.11247025331939595,
9254,,,,,0.05,
9255,,,,,0.1415929203539823,
9256,,,,,0.028169014084507043,
9257,,,,,0.23478260869565218,
9258,,,,,0.08796296296296297,
9259,,,,,0.0,
9260,,,,,0.07058823529411765,
9261,,,,,0.4419889502762431,
9262,,,,,0.01680672268907563,
9263,,,,,0.0,
9264,,,,,0.16638957238810934,
9265,,,,,0.15519427084491694,
9266,,,,,0.00819672131147541,
9267,,,,,0.0,
9268,,,,,0.0,
9269,,,,,0.23404255319148937,
9270,,,,,0.02,
9271,,,,,0.05392156862745098,
9272,,,,,0.007042253521126761,
9273,,,,,0.10526315789473684,
9274,,,,,0.41935483870967744,
9275,,,,,0.5466666666666666,
9276,,,,,0.16419498570193522,
9277,,,,,0.15014567533305162,
9278,,,,,0.30434782608695654,
9279,,,,,0.32608695652173914,
9280,,,,,0.0,
9281,,,,,0.04390243902439024,
9282,,,,,0.0,
9283,,,,,0.04,
9284,,,,,0.048484848484848485,
9285,,,,,0.07291666666666667,
9286,,,,,0.4175824175824176,
9287,,,,,0.3473684210526316,
9288,,,,,0.16658908026867061,
9289,,,,,0.1508573716166626,
9290,,,,,0.1270718232044199,
9291,,,,,0.02666666666666667,
9292,,,,,0.0048543689320388345,
9293,,,,,0.17475728155339806,
9294,,,,,0.046511627906976744,
9295,,,,,0.1834862385321101,
9296,,,,,0.4117647058823529,
9297,,,,,0.006535947712418301,
9298,,,,,0.03,
9299,,,,,0.0,
9300,,,,,0.1445767107800758,
9301,,,,,0.13729066121032849,
9302,,,,,0.035211267605633804,
9303,,,,,0.9,
9304,,,,,0.14736842105263157,
9305,,,,,0.022988505747126436,
9306,,,,,0.20388349514563106,
9307,,,,,0.023148148148148147,
9308,,,,,0.10679611650485436,
9309,,,,,0.0,
9310,,,,,0.026515151515151516,
9311,,,,,0.014925373134328358,
9312,,,,,0.19751280175566935,
9313,,,,,0.1796143495763183,
9314,,,,,0.39552238805970147,
9315,,,,,0.023622047244094488,
9316,,,,,0.5140845070422535,
9317,,,,,0.0,
9318,,,,,0.37058823529411766,
9319,,,,,0.0,
9320,,,,,0.03225806451612903,
9321,,,,,0.05454545454545454,
9322,,,,,0.06341463414634146,
9323,,,,,0.30434782608695654,
9324,,,,,0.16579104874642547,
9325,,,,,0.15239196672819874,
9326,,,,,0.2524271844660194,
9327,,,,,0.014925373134328358,
9328,,,,,0.043478260869565216,
9329,,,,,0.36423841059602646,
9330,,,,,0.022222222222222223,
9331,,,,,0.10144927536231885,
9332,,,,,0.009771986970684038,
9333,,,,,0.6608695652173913,
9334,,,,,0.143646408839779,
9335,,,,,0.033112582781456956,
9336,,,,,0.15421959167387111,
9337,,,,,0.14445210506416387,
9338,,,,,0.20212765957446807,
9339,,,,,0.10526315789473684,
9340,,,,,0.043478260869565216,
9341,,,,,0.0273224043715847,
9342,,,,,0.37362637362637363,
9343,,,,,0.0,
9344,,,,,0.08888888888888889,
9345,,,,,0.09448818897637795,
9346,,,,,0.05511811023622047,
9347,,,,,0.16521739130434782,
9348,,,,,0.1804881292811066,
9349,,,,,0.16420167693436827,
9350,,,,,0.2956521739130435,
9351,,,,,0.10273972602739725,
9352,,,,,0.10497237569060773,
9353,,,,,0.058823529411764705,
9354,,,,,0.07291666666666667,
9355,,,,,0.15702479338842976,
9356,,,,,0.0,
9357,,,,,0.3377777777777778,
9358,,,,,0.05511811023622047,
9359,,,,,0.0,
9360,,,,,0.1723748088049478,
9361,,,,,0.1571514356248471,
9362,,,,,0.0,
9363,,,,,0.0,
9364,,,,,0.2127659574468085,
9365,,,,,0.014084507042253521,
9366,,,,,0.05555555555555555,
9367,,,,,0.007462686567164179,
9368,,,,,0.0,
9369,,,,,0.035211267605633804,
9370,,,,,0.6347826086956522,
9371,,,,,0.012345679012345678,
9372,,,,,0.17144377202899513,
9373,,,,,0.1569957520628072,
9374,,,,,0.0,
9375,,,,,0.19130434782608696,
9376,,,,,0.0,
9377,,,,,0.32323232323232326,
9378,,,,,0.16521739130434782,
9379,,,,,0.007462686567164179,
9380,,,,,0.0,
9381,,,,,0.5806451612903226,
9382,,,,,0.0,
9383,,,,,0.0,
9384,,,,,0.17875906098290884,
9385,,,,,0.16228899317216378,
9386,,,,,0.04964539007092199,
9387,,,,,0.0,
9388,,,,,0.7222222222222222,
9389,,,,,0.0,
9390,,,,,0.0,
9391,,,,,0.0,
9392,,,,,0.0,
9393,,,,,0.23809523809523808,
9394,,,,,0.5637254901960784,
9395,,,,,0.01,
9396,,,,,0.2155350136330385,
9397,,,,,0.1983186175299691,
9398,,,,,0.25333333333333335,
9399,,,,,0.3188405797101449,
9400,,,,,0.46774193548387094,
9401,,,,,0.022988505747126436,
9402,,,,,0.08695652173913043,
9403,,,,,0.06116207951070336,
9404,,,,,0.4065934065934066,
9405,,,,,0.007462686567164179,
9406,,,,,0.0,
9407,,,,,0.012345679012345678,
9408,,,,,0.1449757265411984,
9409,,,,,0.13633431932922624,
9410,,,,,0.0,
9411,,,,,0.0,
9412,,,,,0.0392156862745098,
9413,,,,,0.010869565217391304,
9414,,,,,0.07734806629834254,
9415,,,,,0.0,
9416,,,,,0.0,
9417,,,,,0.0,
9418,,,,,0.30434782608695654,
9419,,,,,0.30434782608695654,
9420,,,,,0.13280574582696017,
9421,,,,,0.12899495140448813,
9422,,,,,0.08287292817679558,
9423,,,,,0.07058823529411765,
9424,,,,,0.49206349206349204,
9425,,,,,0.06403940886699508,
9426,,,,,0.0,
9427,,,,,0.15428571428571428,
9428,,,,,0.6,
9429,,,,,0.01079136690647482,
9430,,,,,0.0,
9431,,,,,0.027522935779816515,
9432,,,,,0.17011371949191992,
9433,,,,,0.15635077730578475,
9434,,,,,0.22,
9435,,,,,0.5887096774193549,
9436,,,,,0.30434782608695654,
9437,,,,,0.01680672268907563,
9438,,,,,0.0,
9439,,,,,0.045871559633027525,
9440,,,,,0.49295774647887325,
9441,,,,,0.012345679012345678,
9442,,,,,0.0,
9443,,,,,0.0,
9444,,,,,0.18939948127951053,
9445,,,,,0.17303115895291685,
9446,,,,,0.11023622047244094,
9447,,,,,0.6209677419354839,
9448,,,,,0.047058823529411764,
9449,,,,,0.037037037037037035,
9450,,,,,0.3241758241758242,
9451,,,,,0.06666666666666667,
9452,,,,,0.03546099290780142,
9453,,,,,0.0,
9454,,,,,0.06666666666666667,
9455,,,,,0.1073170731707317,
9456,,,,,0.1969142781139855,
9457,,,,,0.17801303293819362,
9458,,,,,0.18446601941747573,
9459,,,,,0.0,
9460,,,,,0.009259259259259259,
9461,,,,,0.05853658536585366,
9462,,,,,0.03,
9463,,,,,0.0,
9464,,,,,0.2876712328767123,
9465,,,,,0.0,
9466,,,,,0.6428571428571429,
9467,,,,,0.2823529411764706,
9468,,,,,0.20050541996408858,
9469,,,,,0.18090429909036318,
9470,,,,,0.0,
9471,,,,,0.025806451612903226,
9472,,,,,0.07777777777777778,
9473,,,,,0.0,
9474,,,,,0.19014084507042253,
9475,,,,,0.21678321678321677,
9476,,,,,0.23478260869565218,
9477,,,,,0.0,
9478,,,,,0.057692307692307696,
9479,,,,,0.00510204081632653,
9480,,,,,0.1655915408658642,
9481,,,,,0.1551720303360541,
9482,,,,,0.045454545454545456,
9483,,,,,0.08374384236453201,
9484,,,,,0.11956521739130435,
9485,,,,,0.0,
9486,,,,,0.02054794520547945,
9487,,,,,0.0,
9488,,,,,0.0,
9489,,,,,0.04918032786885246,
9490,,,,,0.3217391304347826,
9491,,,,,0.6370967741935484,
9492,,,,,0.14178360045221786,
9493,,,,,0.13680137001534595,
9494,,,,,0.31,
9495,,,,,0.0,
9496,,,,,0.30434782608695654,
9497,,,,,0.06666666666666667,
9498,,,,,0.01990049751243781,
9499,,,,,0.44776119402985076,
9500,,,,,0.4444444444444444,
9501,,,,,0.015625,
9502,,,,,0.04964539007092199,
9503,,,,,0.22340425531914893,
9504,,,,,0.16984770898450488,
9505,,,,,0.15848586615661767,
9506,,,,,0.5519125683060109,
9507,,,,,0.5882352941176471,
9508,,,,,0.24725274725274726,
9509,,,,,0.47,
9510,,,,,0.3333333333333333,
9511,,,,,0.05128205128205128,
9512,,,,,0.4488888888888889,
9513,,,,,0.30434782608695654,
9514,,,,,0.18947368421052632,
9515,,,,,0.004975124378109453,
9516,,,,,0.19618274921859413,
9517,,,,,0.179658830594044,
9518,,,,,0.1073170731707317,
9519,,,,,0.373015873015873,
9520,,,,,0.2608695652173913,
9521,,,,,0.5176470588235295,
9522,,,,,0.011494252873563218,
9523,,,,,0.014423076923076924,
9524,,,,,0.0,
9525,,,,,0.5391304347826087,
9526,,,,,0.8087431693989071,
9527,,,,,0.0,
9528,,,,,0.1705127352530425,
9529,,,,,0.15406000489291194,
9530,,,,,0.019417475728155338,
9531,,,,,0.4588235294117647,
9532,,,,,0.05217391304347826,
9533,,,,,0.032407407407407406,
9534,,,,,0.41333333333333333,
9535,,,,,0.0,
9536,,,,,0.38461538461538464,
9537,,,,,0.009615384615384616,
9538,,,,,0.4622222222222222,
9539,,,,,0.0,
9540,,,,,0.18195118707188934,
9541,,,,,0.1639125503191513,
9542,,,,,0.23841059602649006,
9543,,,,,0.011627906976744186,
9544,,,,,0.0970873786407767,
9545,,,,,0.4253731343283582,
9546,,,,,0.5826086956521739,
9547,,,,,0.06829268292682927,
9548,,,,,0.23140495867768596,
9549,,,,,0.037037037037037035,
9550,,,,,0.04895104895104895,
9551,,,,,0.028169014084507043,
9552,,,,,0.1907960364434395,
9553,,,,,0.1718079309654605,
9554,,,,,0.0,
9555,,,,,0.37894736842105264,
9556,,,,,0.05673758865248227,
9557,,,,,0.5343137254901961,
9558,,,,,0.1978021978021978,
9559,,,,,0.0,
9560,,,,,0.043478260869565216,
9561,,,,,0.9289617486338798,
9562,,,,,0.13793103448275862,
9563,,,,,0.0,
9564,,,,,0.2021679856354326,
9565,,,,,0.18495207170340058,
9566,,,,,0.16521739130434782,
9567,,,,,0.20869565217391303,
9568,,,,,0.027522935779816515,
9569,,,,,0.0,
9570,,,,,0.058823529411764705,
9571,,,,,0.015267175572519083,
9572,,,,,0.05853658536585366,
9573,,,,,0.008403361344537815,
9574,,,,,0.0,
9575,,,,,0.23404255319148937,
9576,,,,,0.1850768105340161,
9577,,,,,0.1693614749905478,
9578,,,,,0.0,
9579,,,,,0.21739130434782608,
9580,,,,,0.6782608695652174,
9581,,,,,0.05673758865248227,
9582,,,,,0.18495297805642633,
9583,,,,,0.0,
9584,,,,,0.010416666666666666,
9585,,,,,0.0,
9586,,,,,0.05737704918032787,
9587,,,,,0.68,
9588,,,,,0.2233158209749285,
9589,,,,,0.20203278251006382,
9590,,,,,0.33170731707317075,
9591,,,,,0.09313725490196079,
9592,,,,,0.6830985915492958,
9593,,,,,0.0,
9594,,,,,0.058823529411764705,
9595,,,,,0.014423076923076924,
9596,,,,,0.0,
9597,,,,,0.12195121951219512,
9598,,,,,0.0,
9599,,,,,0.20634920634920634,
9600,,,,,0.16246591740373745,
9601,,,,,0.1525698907991015,
9602,,,,,0.023255813953488372,
9603,,,,,0.23300970873786409,
9604,,,,,0.006514657980456026,
9605,,,,,0.0,
9606,,,,,0.4696132596685083,
9607,,,,,0.3391304347826087,
9608,,,,,0.72,
9609,,,,,0.0,
9610,,,,,0.07058823529411765,
9611,,,,,0.05555555555555555,
9612,,,,,0.16685509077608565,
9613,,,,,0.15588372661966507,
9614,,,,,0.52,
9615,,,,,0.04918032786885246,
9616,,,,,0.4764705882352941,
9617,,,,,0.009708737864077669,
9618,,,,,0.05454545454545454,
9619,,,,,0.1650485436893204,
9620,,,,,0.6048387096774194,
9621,,,,,0.6065573770491803,
9622,,,,,0.07777777777777778,
9623,,,,,0.0,
9624,,,,,0.15960630444902574,
9625,,,,,0.1481662700442586,
9626,,,,,0.43555555555555553,
9627,,,,,0.03900709219858156,
9628,,,,,0.3217391304347826,
9629,,,,,0.2,
9630,,,,,0.014084507042253521,
9631,,,,,0.06944444444444445,
9632,,,,,0.10497237569060773,
9633,,,,,0.005154639175257732,
9634,,,,,0.07086614173228346,
9635,,,,,0.0,
9636,,,,,0.15029593668949923,
9637,,,,,0.14205013010697684,
9638,,,,,0.023255813953488372,
9639,,,,,0.1565217391304348,
9640,,,,,0.022222222222222223,
9641,,,,,0.41333333333333333,
9642,,,,,0.5303867403314917,
9643,,,,,0.004830917874396135,
9644,,,,,0.0,
9645,,,,,0.2898550724637681,
9646,,,,,0.0,
9647,,,,,0.17,
9648,,,,,0.17144377202899513,
9649,,,,,0.15630629628805906,
9650,,,,,0.056338028169014086,
9651,,,,,0.00510204081632653,
9652,,,,,0.11956521739130435,
9653,,,,,0.6587301587301587,
9654,,,,,0.5294117647058824,
9655,,,,,0.3652173913043478,
9656,,,,,0.2231404958677686,
9657,,,,,0.0,
9658,,,,,0.16783216783216784,
9659,,,,,0.3434343434343434,
9660,,,,,0.18820243399614284,
9661,,,,,0.17062918399572982,
9662,,,,,0.11458333333333333,
9663,,,,,0.043478260869565216,
9664,,,,,0.10526315789473684,
9665,,,,,0.0,
9666,,,,,0.4764705882352941,
9667,,,,,0.0,
9668,,,,,0.4435483870967742,
9669,,,,,0.05853658536585366,
9670,,,,,0.23809523809523808,
9671,,,,,0.018518518518518517,
9672,,,,,0.16738711179091575,
9673,,,,,0.15403776438404912,
9674,,,,,0.09219858156028368,
9675,,,,,0.02564102564102564,
9676,,,,,0.2608695652173913,
9677,,,,,0.02,
9678,,,,,0.9658536585365853,
9679,,,,,0.031914893617021274,
9680,,,,,0.024630541871921183,
9681,,,,,0.0335195530726257,
9682,,,,,0.08771929824561403,
9683,,,,,0.05925925925925926,
9684,,,,,0.15022943406264547,
9685,,,,,0.14231701621333095,
9686,,,,,0.16819571865443425,
9687,,,,,0.24468085106382978,
9688,,,,,0.07692307692307693,
9689,,,,,0.3058823529411765,
9690,,,,,0.30434782608695654,
9691,,,,,0.10185185185185185,
9692,,,,,0.04929577464788732,
9693,,,,,0.24390243902439024,
9694,,,,,0.10416666666666667,
9695,,,,,0.3880597014925373,
9696,,,,,0.1760989559087584,
9697,,,,,0.16317861352667748,
9698,,,,,0.022222222222222223,
9699,,,,,0.03278688524590164,
9700,,,,,0.2097560975609756,
9701,,,,,0.0,
9702,,,,,0.05925925925925926,
9703,,,,,0.22608695652173913,
9704,,,,,0.0,
9705,,,,,0.015463917525773196,
9706,,,,,0.08333333333333333,
9707,,,,,0.16483516483516483,
9708,,,,,0.16805213805945335,
9709,,,,,0.1564842203589618,
9710,,,,,0.20279720279720279,
9711,,,,,0.11049723756906077,
9712,,,,,0.08241758241758242,
9713,,,,,0.0,
9714,,,,,0.0,
9715,,,,,0.16847826086956522,
9716,,,,,0.022988505747126436,
9717,,,,,0.0,
9718,,,,,0.0,
9719,,,,,0.13934426229508196,
9720,,,,,0.18447828689233225,
9721,,,,,0.16873874074238818,
9722,,,,,0.23008849557522124,
9723,,,,,0.007042253521126761,
9724,,,,,0.07777777777777778,
9725,,,,,0.0,
9726,,,,,0.03125,
9727,,,,,0.39285714285714285,
9728,,,,,0.1941747572815534,
9729,,,,,0.0,
9730,,,,,0.0,
9731,,,,,0.06060606060606061,
9732,,,,,0.11637959699408126,
9733,,,,,0.11749660832239842,
9734,,,,,0.05555555555555555,
9735,,,,,0.5564516129032258,
9736,,,,,0.592391304347826,
9737,,,,,0.21359223300970873,
9738,,,,,0.0,
9739,,,,,0.2097902097902098,
9740,,,,,0.0,
9741,,,,,0.43103448275862066,
9742,,,,,0.012345679012345678,
9743,,,,,0.07801418439716312,
9744,,,,,0.1683181485668684,
9745,,,,,0.15588372661966507,
9746,,,,,0.38095238095238093,
9747,,,,,0.0,
9748,,,,,0.4666666666666667,
9749,,,,,0.6274509803921569,
9750,,,,,0.046511627906976744,
9751,,,,,0.13966480446927373,
9752,,,,,0.31088082901554404,
9753,,,,,0.16842105263157894,
9754,,,,,0.047244094488188976,
9755,,,,,0.4956521739130435,
9756,,,,,0.20768770366429473,
9757,,,,,0.18690923648333074,
9758,,,,,0.17,
9759,,,,,0.0,
9760,,,,,0.07058823529411765,
9761,,,,,0.0,
9762,,,,,0.17543859649122806,
9763,,,,,0.06018518518518518,
9764,,,,,0.23841059602649006,
9765,,,,,0.5409836065573771,
9766,,,,,0.4301675977653631,
9767,,,,,0.2698412698412698,
9768,,,,,0.1951852098157877,
9769,,,,,0.17625603273802903,
9770,,,,,0.0,
9771,,,,,0.25217391304347825,
9772,,,,,0.4065934065934066,
9773,,,,,0.0,
9774,,,,,0.0,
9775,,,,,0.0,
9776,,,,,0.046511627906976744,
9777,,,,,0.012345679012345678,
9778,,,,,0.5333333333333333,
9779,,,,,0.10679611650485436,
9780,,,,,0.17855955310234753,
9781,,,,,0.16420167693436827,
9782,,,,,0.07058823529411765,
9783,,,,,0.0,
9784,,,,,0.2,
9785,,,,,0.03488372093023256,
9786,,,,,0.07874015748031496,
9787,,,,,0.04918032786885246,
9788,,,,,0.45689655172413796,
9789,,,,,0.04225352112676056,
9790,,,,,0.4266666666666667,
9791,,,,,0.5304347826086957,
9792,,,,,0.1955842255769103,
9793,,,,,0.17923626092564998,
9794,,,,,0.2898550724637681,
9795,,,,,0.05092592592592592,
9796,,,,,0.016304347826086956,
9797,,,,,0.2538860103626943,
9798,,,,,0.4956521739130435,
9799,,,,,0.007462686567164179,
9800,,,,,0.0,
9801,,,,,0.3582089552238806,
9802,,,,,0.024691358024691357,
9803,,,,,0.3368421052631579,
9804,,,,,0.17782802420695618,
9805,,,,,0.1627782843671463,
9806,,,,,0.03,
9807,,,,,0.0,
9808,,,,,0.04,
9809,,,,,0.02112676056338028,
9810,,,,,0.06666666666666667,
9811,,,,,0.0030581039755351682,
9812,,,,,0.0,
9813,,,,,0.08139534883720931,
9814,,,,,0.15760869565217392,
9815,,,,,0.0,
9816,,,,,0.17742900844583362,
9817,,,,,0.16179970197718124,
9818,,,,,0.441340782122905,
9819,,,,,0.0,
9820,,,,,0.48823529411764705,
9821,,,,,0.6451612903225806,
9822,,,,,0.08992805755395683,
9823,,,,,0.24725274725274726,
9824,,,,,0.9707317073170731,
9825,,,,,0.0,
9826,,,,,0.03488372093023256,
9827,,,,,0.018518518518518517,
9828,,,,,0.27405732526434795,
9829,,,,,0.2474479016079888,
9830,,,,,0.0,
9831,,,,,0.06666666666666667,
9832,,,,,0.41044776119402987,
9833,,,,,0.0,
9834,,,,,0.18857142857142858,
9835,,,,,0.2553191489361702,
9836,,,,,0.30434782608695654,
9837,,,,,0.0,
9838,,,,,0.0,
9839,,,,,0.3894736842105263,
9840,,,,,0.17483540599853695,
9841,,,,,0.16231123368102662,
9842,,,,,0.0,
9843,,,,,0.21359223300970873,
9844,,,,,0.0,
9845,,,,,0.0196078431372549,
9846,,,,,0.2,
9847,,,,,0.07058823529411765,
9848,,,,,0.0,
9849,,,,,0.03305785123966942,
9850,,,,,0.09448818897637795,
9851,,,,,0.0,
9852,,,,,0.16047083859812464,
9853,,,,,0.1498343082089718,
9854,,,,,0.30434782608695654,
9855,,,,,0.08888888888888889,
9856,,,,,0.10526315789473684,
9857,,,,,0.03669724770642202,
9858,,,,,0.2465753424657534,
9859,,,,,0.0,
9860,,,,,0.32323232323232326,
9861,,,,,0.09259259259259259,
9862,,,,,0.006514657980456026,
9863,,,,,0.4972067039106145,
9864,,,,,0.17742900844583362,
9865,,,,,0.1618886640126326,
9866,,,,,0.05555555555555555,
9867,,,,,0.36444444444444446,
9868,,,,,0.0,
9869,,,,,0.0,
9870,,,,,0.006172839506172839,
9871,,,,,0.5,
9872,,,,,0.022222222222222223,
9873,,,,,0.0,
9874,,,,,0.17355371900826447,
9875,,,,,0.1504424778761062,
9876,,,,,0.1715102746558489,
9877,,,,,0.15853034717434336,
9878,,,,,0.36097560975609755,
9879,,,,,0.004807692307692308,
9880,,,,,0.09154929577464789,
9881,,,,,0.2553191489361702,
9882,,,,,0.25396825396825395,
9883,,,,,0.022222222222222223,
9884,,,,,0.03488372093023256,
9885,,,,,0.8142076502732241,
9886,,,,,0.1592920353982301,
9887,,,,,0.7365853658536585,
9888,,,,,0.18680587883221386,
9889,,,,,0.171452082823655,
9890,,,,,0.0728476821192053,
9891,,,,,0.5117647058823529,
9892,,,,,0.015267175572519083,
9893,,,,,0.0673758865248227,
9894,,,,,0.0,
9895,,,,,0.13259668508287292,
9896,,,,,0.0,
9897,,,,,0.7046632124352331,
9898,,,,,0.7142857142857143,
9899,,,,,0.0,
9900,,,,,0.3665624792179291,
9901,,,,,0.3487534194782377,
9902,,,,,0.018518518518518517,
9903,,,,,0.44776119402985076,
9904,,,,,0.1888111888111888,
9905,,,,,0.0,
9906,,,,,0.058823529411764705,
9907,,,,,0.0,
9908,,,,,0.3641304347826087,
9909,,,,,0.0641025641025641,
9910,,,,,0.03669724770642202,
9911,,,,,0.1,
9912,,,,,0.17264081931236283,
9913,,,,,0.16179970197718124,
9914,,,,,0.2582781456953642,
9915,,,,,0.3333333333333333,
9916,,,,,0.008403361344537815,
9917,,,,,0.05673758865248227,
9918,,,,,0.12962962962962962,
9919,,,,,0.0,
9920,,,,,0.10619469026548672,
9921,,,,,0.2826086956521739,
9922,,,,,0.30434782608695654,
9923,,,,,0.6904761904761905,
9924,,,,,0.17463589811797567,
9925,,,,,0.16240019571647799,
9926,,,,,0.2995169082125604,
9927,,,,,0.41721854304635764,
9928,,,,,0.03669724770642202,
9929,,,,,0.014084507042253521,
9930,,,,,0.015463917525773196,
9931,,,,,0.0,
9932,,,,,0.08695652173913043,
9933,,,,,0.0,
9934,,,,,0.0,
9935,,,,,0.02926829268292683,
9936,,,,,0.16858415907428342,
9937,,,,,0.15628405577919624,
9938,,,,,0.04,
9939,,,,,0.0,
9940,,,,,0.32608695652173914,
9941,,,,,0.0,
9942,,,,,0.5588235294117647,
9943,,,,,0.0,
9944,,,,,0.1986754966887417,
9945,,,,,0.017241379310344827,
9946,,,,,0.5130434782608696,
9947,,,,,0.0,
9948,,,,,0.18647336569794506,
9949,,,,,0.1701398928007473,
9950,,,,,0.24347826086956523,
9951,,,,,0.45365853658536587,
9952,,,,,0.0,
9953,,,,,0.0,
9954,,,,,0.0,
9955,,,,,0.03,
9956,,,,,0.07042253521126761,
9957,,,,,0.0,
9958,,,,,0.25824175824175827,
9959,,,,,0.19834710743801653,
9960,,,,,0.17982310301256899,
9961,,,,,0.16331205657985454,
9962,,,,,0.0,
9963,,,,,0.03669724770642202,
9964,,,,,0.01773049645390071,
9965,,,,,0.2222222222222222,
9966,,,,,0.06372549019607843,
9967,,,,,0.0,
9968,,,,,0.0,
9969,,,,,0.6666666666666666,
9970,,,,,0.0,
9971,,,,,0.1926605504587156,
9972,,,,,0.15508412582297001,
9973,,,,,0.14918933345194937,
9974,,,,,0.040983606557377046,
9975,,,,,0.0,
9976,,,,,0.10236220472440945,
9977,,,,,0.01680672268907563,
9978,,,,,0.056338028169014086,
9979,,,,,0.19130434782608696,
9980,,,,,0.27624309392265195,
9981,,,,,0.29473684210526313,
9982,,,,,0.06060606060606061,
9983,,,,,0.06018518518518518,
9984,,,,,0.17789452683380994,
9985,,,,,0.16166625892400419,
9986,,,,,0.0,
9987,,,,,0.0,
9988,,,,,0.08181818181818182,
9989,,,,,0.35,
9990,,,,,0.33519553072625696,
9991,,,,,0.30434782608695654,
9992,,,,,0.17391304347826086,
9993,,,,,0.24210526315789474,
9994,,,,,0.3473684210526316,
9995,,,,,0.40298507462686567,
9996,,,,,0.18494380528030857,
9997,,,,,0.16891666481329093,
9998,,,,,0.42857142857142855,
9999,,,,,0.07746478873239436,
10000,,,,,0.19230769230769232,
10001,,,,,0.22330097087378642,
10002,,,,,0.05956112852664577,
10003,,,,,0.25396825396825395,
10004,,,,,0.35789473684210527,
10005,,,,,0.0,
10006,,,,,0.0,
10007,,,,,0.03816793893129771,
10008,,,,,0.18121965817649796,
10009,,,,,0.1667148544358695,
10010,,,,,0.0,
10011,,,,,0.00819672131147541,
10012,,,,,0.042105263157894736,
10013,,,,,0.3879310344827586,
10014,,,,,0.25,
10015,,,,,0.07042253521126761,
10016,,,,,0.18584070796460178,
10017,,,,,0.057692307692307696,
10018,,,,,0.0,
10019,,,,,0.5466666666666666,
10020,,,,,0.1649265145973266,
10021,,,,,0.15010119431532593,
10022,,,,,0.0,
10023,,,,,0.8829268292682927,
10024,,,,,0.4533333333333333,
10025,,,,,0.2608695652173913,
10026,,,,,0.08264462809917356,
10027,,,,,0.014084507042253521,
10028,,,,,0.1415929203539823,
10029,,,,,0.0425531914893617,
10030,,,,,0.0,
10031,,,,,0.0,
10032,,,,,0.16904967746225977,
10033,,,,,0.15337054911816383,
10034,,,,,0.3391304347826087,
10035,,,,,0.07881773399014778,
10036,,,,,0.0,
10037,,,,,0.1437308868501529,
10038,,,,,0.0,
10039,,,,,0.3434343434343434,
10040,,,,,0.0,
10041,,,,,0.046511627906976744,
10042,,,,,0.22377622377622378,
10043,,,,,0.14285714285714285,
10044,,,,,0.17836004522178625,
10045,,,,,0.166359006294064,
10046,,,,,0.24475524475524477,
10047,,,,,0.0,
10048,,,,,0.34782608695652173,
10049,,,,,0.08450704225352113,
10050,,,,,0.010309278350515464,
10051,,,,,0.17391304347826086,
10052,,,,,0.0,
10053,,,,,0.0,
10054,,,,,0.0641025641025641,
10055,,,,,0.2608695652173913,
10056,,,,,0.1871383919664827,
10057,,,,,0.17334252607699663,
10058,,,,,0.0,
10059,,,,,0.03278688524590164,
10060,,,,,0.07881773399014778,
10061,,,,,0.0,
10062,,,,,0.07407407407407407,
10063,,,,,0.14563106796116504,
10064,,,,,0.18232044198895028,
10065,,,,,0.0,
10066,,,,,0.48,
10067,,,,,0.0,
10068,,,,,0.15601516259892265,
10069,,,,,0.14678735849476235,
10070,,,,,0.025906735751295335,
10071,,,,,0.1826086956521739,
10072,,,,,0.00909090909090909,
10073,,,,,0.5628415300546448,
10074,,,,,0.37,
10075,,,,,0.0,
10076,,,,,0.006060606060606061,
10077,,,,,0.0,
10078,,,,,0.0,
10079,,,,,0.20388349514563106,
10080,,,,,0.16299793841856752,
10081,,,,,0.14812178902653292,
10082,,,,,0.07058823529411765,
10083,,,,,0.5333333333333333,
10084,,,,,0.01818181818181818,
10085,,,,,0.0,
10086,,,,,0.022222222222222223,
10087,,,,,0.36787564766839376,
10088,,,,,0.045454545454545456,
10089,,,,,0.0,
10090,,,,,0.08771929824561403,
10091,,,,,0.30434782608695654,
10092,,,,,0.18853494713041166,
10093,,,,,0.17074038654004403,
10094,,,,,0.46551724137931033,
10095,,,,,0.0,
10096,,,,,0.2,
10097,,,,,0.10679611650485436,
10098,,,,,0.043478260869565216,
10099,,,,,0.4642857142857143,
10100,,,,,0.07352941176470588,
10101,,,,,0.5211267605633803,
10102,,,,,0.7222222222222222,
10103,,,,,0.05737704918032787,
10104,,,,,0.17702999268471104,
10105,,,,,0.16013166381246802,
10106,,,,,0.015748031496062992,
10107,,,,,0.11049723756906077,
10108,,,,,0.31176470588235294,
10109,,,,,0.09933774834437085,
10110,,,,,0.1958041958041958,
10111,,,,,0.18857142857142858,
10112,,,,,0.39,
10113,,,,,0.38837920489296635,
10114,,,,,0.15789473684210525,
10115,,,,,0.31746031746031744,
10116,,,,,0.18434528163862474,
10117,,,,,0.16985076618553033,
10118,,,,,0.29015544041450775,
10119,,,,,0.35,
10120,,,,,0.5217391304347826,
10121,,,,,0.02112676056338028,
10122,,,,,0.13541666666666666,
10123,,,,,0.009174311926605505,
10124,,,,,0.22377622377622378,
10125,,,,,0.05925925925925926,
10126,,,,,0.0,
10127,,,,,0.01680672268907563,
10128,,,,,0.1792910819977389,
10129,,,,,0.16377910726597425,
10130,,,,,0.32608695652173914,
10131,,,,,0.11818181818181818,
10132,,,,,0.032679738562091505,
10133,,,,,0.35353535353535354,
10134,,,,,0.010309278350515464,
10135,,,,,0.04924242424242424,
10136,,,,,0.0,
10137,,,,,0.030303030303030304,
10138,,,,,0.028169014084507043,
10139,,,,,0.0,
10140,,,,,0.1826827159672807,
10141,,,,,0.1674043102106176,
10142,,,,,0.40397350993377484,
10143,,,,,0.015748031496062992,
10144,,,,,0.47413793103448276,
10145,,,,,0.0,
10146,,,,,0.3805970149253731,
10147,,,,,0.23756906077348067,
10148,,,,,0.0,
10149,,,,,0.4222222222222222,
10150,,,,,0.012345679012345678,
10151,,,,,0.21739130434782608,
10152,,,,,0.173704861342023,
10153,,,,,0.15701799257167004,
10154,,,,,0.011764705882352941,
10155,,,,,0.0,
10156,,,,,0.0,
10157,,,,,0.32038834951456313,
10158,,,,,0.013071895424836602,
10159,,,,,0.0,
10160,,,,,0.30434782608695654,
10161,,,,,0.4956521739130435,
10162,,,,,0.0,
10163,,,,,0.0,
10164,,,,,0.19026401542860943,
10165,,,,,0.1746769566087672,
10166,,,,,0.52,
10167,,,,,0.004629629629629629,
10168,,,,,0.08235294117647059,
10169,,,,,0.0,
10170,,,,,0.013071895424836602,
10171,,,,,0.4782608695652174,
10172,,,,,0.0,
10173,,,,,0.697560975609756,
10174,,,,,0.0,
10175,,,,,0.24347826086956523,
10176,,,,,0.18580833942940747,
10177,,,,,0.1693614749905478,
10178,,,,,0.2,
10179,,,,,0.006172839506172839,
10180,,,,,0.4764705882352941,
10181,,,,,0.034482758620689655,
10182,,,,,0.00641025641025641,
10183,,,,,0.17543859649122806,
10184,,,,,0.07,
10185,,,,,0.0,
10186,,,,,0.0,
10187,,,,,0.0,
10188,,,,,0.19219259160736848,
10189,,,,,0.17943642550541555,
10190,,,,,0.07092198581560284,
10191,,,,,0.0,
10192,,,,,0.30434782608695654,
10193,,,,,0.42857142857142855,
10194,,,,,0.11023622047244094,
10195,,,,,0.3235294117647059,
10196,,,,,0.007462686567164179,
10197,,,,,0.0048543689320388345,
10198,,,,,0.14035087719298245,
10199,,,,,0.05365853658536585,
10200,,,,,0.17596595065505088,
10201,,,,,0.16533594288637324,
10202,,,,,0.23076923076923078,
10203,,,,,0.30952380952380953,
10204,,,,,0.16842105263157894,
10205,,,,,0.007462686567164179,
10206,,,,,0.049586776859504134,
10207,,,,,0.37058823529411766,
10208,,,,,0.04,
10209,,,,,0.0,
10210,,,,,0.07389162561576355,
10211,,,,,0.0,
10212,,,,,0.18175167919132806,
10213,,,,,0.1665146898561039,
10214,,,,,0.014705882352941176,
10215,,,,,0.4225352112676056,
10216,,,,,0.21142857142857144,
10217,,,,,0.11811023622047244,
10218,,,,,0.373134328358209,
10219,,,,,0.04597701149425287,
10220,,,,,0.0,
10221,,,,,0.022900763358778626,
10222,,,,,0.012345679012345678,
10223,,,,,0.1878453038674033,
10224,,,,,0.2146704794839396,
10225,,,,,0.19449325000556011,
10226,,,,,0.055248618784530384,
10227,,,,,0.034482758620689655,
10228,,,,,0.3333333333333333,
10229,,,,,0.012345679012345678,
10230,,,,,0.13592233009708737,
10231,,,,,0.16783216783216784,
10232,,,,,0.0,
10233,,,,,0.21631205673758866,
10234,,,,,0.03804347826086957,
10235,,,,,0.5238095238095238,
10236,,,,,0.16379596994081266,
10237,,,,,0.14947846006716634,
10238,,,,,0.0,
10239,,,,,0.1,
10240,,,,,0.0,
10241,,,,,0.9629629629629629,
10242,,,,,0.040983606557377046,
10243,,,,,0.1323529411764706,
10244,,,,,0.5683060109289617,
10245,,,,,0.5391304347826087,
10246,,,,,0.2,
10247,,,,,0.0,
10248,,,,,0.18667287357850634,
10249,,,,,0.17309788047950536,
10250,,,,,0.2097902097902098,
10251,,,,,0.25217391304347825,
10252,,,,,0.06666666666666667,
10253,,,,,0.13043478260869565,
10254,,,,,0.10648148148148148,
10255,,,,,0.3016759776536313,
10256,,,,,0.0,
10257,,,,,0.0,
10258,,,,,0.0,
10259,,,,,0.24468085106382978,
10260,,,,,0.18773691560816652,
10261,,,,,0.17100727264639815,
10262,,,,,0.21678321678321677,
10263,,,,,0.038461538461538464,
10264,,,,,0.07291666666666667,
10265,,,,,0.37823834196891193,
10266,,,,,0.5304347826086957,
10267,,,,,0.24468085106382978,
10268,,,,,0.0,
10269,,,,,0.3575418994413408,
10270,,,,,0.4647887323943662,
10271,,,,,0.5573770491803278,
10272,,,,,0.18866795238411918,
10273,,,,,0.17116295620843805,
10274,,,,,0.06338028169014084,
10275,,,,,0.02,
10276,,,,,0.028735632183908046,
10277,,,,,0.424390243902439,
10278,,,,,0.21978021978021978,
10279,,,,,0.0,
10280,,,,,0.10416666666666667,
10281,,,,,0.3576158940397351,
10282,,,,,0.044444444444444446,
10283,,,,,0.20588235294117646,
10284,,,,,0.12948061448427212,
10285,,,,,0.12588128016369016,
10286,,,,,0.0,
10287,,,,,0.0,
10288,,,,,0.3333333333333333,
10289,,,,,0.0,
10290,,,,,0.1826086956521739,
10291,,,,,0.05737704918032787,
10292,,,,,0.05,
10293,,,,,0.18857142857142858,
10294,,,,,0.041666666666666664,
10295,,,,,0.05813953488372093,
10296,,,,,0.16605705925384054,
10297,,,,,0.15225852367502168,
10298,,,,,0.06557377049180328,
10299,,,,,0.33,
10300,,,,,0.06060606060606061,
10301,,,,,0.21052631578947367,
10302,,,,,0.1262135922330097,
10303,,,,,0.0,
10304,,,,,0.0,
10305,,,,,0.03669724770642202,
10306,,,,,0.11602209944751381,
10307,,,,,0.0,
10308,,,,,0.16825164594001463,
10309,,,,,0.15381535929542067,
10310,,,,,0.11702127659574468,
10311,,,,,0.052083333333333336,
10312,,,,,0.1415929203539823,
10313,,,,,1.0,
10314,,,,,0.0,
10315,,,,,0.0,
10316,,,,,0.3841059602649007,
10317,,,,,0.0,
10318,,,,,0.06862745098039216,
10319,,,,,0.0,
10320,,,,,0.16911618008911353,
10321,,,,,0.15317038453839824,
10322,,,,,0.0,
10323,,,,,0.9414634146341463,
10324,,,,,0.0,
10325,,,,,0.33678756476683935,
10326,,,,,0.0,
10327,,,,,0.043689320388349516,
10328,,,,,0.37362637362637363,
10329,,,,,0.0,
10330,,,,,0.0,
10331,,,,,0.07352941176470588,
10332,,,,,0.15787723615082797,
10333,,,,,0.15056824500144564,
10334,,,,,0.0,
10335,,,,,0.047244094488188976,
10336,,,,,0.00510204081632653,
10337,,,,,0.06666666666666667,
10338,,,,,0.23626373626373626,
10339,,,,,0.06341463414634146,
10340,,,,,0.03636363636363636,
10341,,,,,0.017241379310344827,
10342,,,,,0.10869565217391304,
10343,,,,,0.007633587786259542,
10344,,,,,0.18394626587750215,
10345,,,,,0.16836065209171985,
10346,,,,,0.21714285714285714,
10347,,,,,0.006172839506172839,
10348,,,,,0.014423076923076924,
10349,,,,,0.23809523809523808,
10350,,,,,0.0,
10351,,,,,0.17391304347826086,
10352,,,,,0.0,
10353,,,,,0.03125,
10354,,,,,0.0425531914893617,
10355,,,,,0.0,
10356,,,,,0.17969009775886147,
10357,,,,,0.16544714543068745,
10358,,,,,0.11811023622047244,
10359,,,,,0.009615384615384616,
10360,,,,,0.3217391304347826,
10361,,,,,0.23404255319148937,
10362,,,,,0.02727272727272727,
10363,,,,,0.32608695652173914,
10364,,,,,0.0,
10365,,,,,0.5235294117647059,
10366,,,,,0.047244094488188976,
10367,,,,,0.24571428571428572,
10368,,,,,0.1857418368025537,
10369,,,,,0.1699397282209817,
10370,,,,,0.0,
10371,,,,,0.07692307692307693,
10372,,,,,0.6,
10373,,,,,0.3,
10374,,,,,0.07881773399014778,
10375,,,,,0.6372549019607843,
10376,,,,,0.9866666666666667,
10377,,,,,0.0,
10378,,,,,0.03636363636363636,
10379,,,,,0.4097560975609756,
10380,,,,,0.19019751280175567,
10381,,,,,0.17294219691746548,
10382,,,,,0.00909090909090909,
10383,,,,,0.05454545454545454,
10384,,,,,0.025210084033613446,
10385,,,,,0.5833333333333334,
10386,,,,,0.10869565217391304,
10387,,,,,0.056338028169014086,
10388,,,,,0.0048543689320388345,
10389,,,,,0.38461538461538464,
10390,,,,,0.3333333333333333,
10391,,,,,0.06018518518518518,
10392,,,,,0.1681186406863071,
10393,,,,,0.15583924560193937,
10394,,,,,0.0,
10395,,,,,0.012903225806451613,
10396,,,,,0.0,
10397,,,,,0.0,
10398,,,,,0.0,
10399,,,,,0.25396825396825395,
10400,,,,,0.0,
10401,,,,,0.07874015748031496,
10402,,,,,0.03669724770642202,
10403,,,,,0.0,
10404,,,,,0.18254971071357318,
10405,,,,,0.16735982919289194,
10406,,,,,0.0,
10407,,,,,0.0,
10408,,,,,0.043478260869565216,
10409,,,,,0.0,
10410,,,,,0.04854368932038835,
10411,,,,,0.04,
10412,,,,,0.34705882352941175,
10413,,,,,0.32608695652173914,
10414,,,,,1.0,
10415,,,,,0.2809917355371901,
10416,,,,,0.19698078074083927,
10417,,,,,0.1795031470320041,
10418,,,,,0.5176470588235295,
10419,,,,,0.0,
10420,,,,,0.13541666666666666,
10421,,,,,0.5478260869565217,
10422,,,,,0.012345679012345678,
10423,,,,,0.3176470588235294,
10424,,,,,0.08695652173913043,
10425,,,,,0.0,
10426,,,,,0.0,
10427,,,,,0.1,
10428,,,,,0.19205958635366097,
10429,,,,,0.1767008429152859,
10430,,,,,0.034482758620689655,
10431,,,,,0.0,
10432,,,,,0.4647887323943662,
10433,,,,,0.43478260869565216,
10434,,,,,0.046511627906976744,
10435,,,,,0.08712121212121213,
10436,,,,,0.14583333333333334,
10437,,,,,0.03864734299516908,
10438,,,,,0.04225352112676056,
10439,,,,,0.08888888888888889,
10440,,,,,0.18314823435525704,
10441,,,,,0.17018437381847296,
10442,,,,,0.5414634146341464,
10443,,,,,0.5573770491803278,
10444,,,,,0.0,
10445,,,,,0.04895104895104895,
10446,,,,,0.022988505747126436,
10447,,,,,0.4523809523809524,
10448,,,,,0.0,
10449,,,,,0.0,
10450,,,,,0.0,
10451,,,,,0.0,
10452,,,,,0.1891334707720955,
10453,,,,,0.17198585503636324,
10454,,,,,0.15702479338842976,
10455,,,,,0.06666666666666667,
10456,,,,,0.0,
10457,,,,,0.10526315789473684,
10458,,,,,0.014423076923076924,
10459,,,,,0.0,
10460,,,,,0.34782608695652173,
10461,,,,,0.34782608695652173,
10462,,,,,0.26956521739130435,
10463,,,,,0.02040816326530612,
10464,,,,,0.18773691560816652,
10465,,,,,0.16967284211462758,
10466,,,,,0.04918032786885246,
10467,,,,,0.12598425196850394,
10468,,,,,0.24468085106382978,
10469,,,,,0.05813953488372093,
10470,,,,,0.38461538461538464,
10471,,,,,0.4295774647887324,
10472,,,,,0.0,
10473,,,,,0.6173913043478261,
10474,,,,,0.29333333333333333,
10475,,,,,0.0,
10476,,,,,0.17776152158010242,
10477,,,,,0.16404599337232836,
10478,,,,,0.00975609756097561,
10479,,,,,0.08292682926829269,
10480,,,,,0.4823529411764706,
10481,,,,,0.025210084033613446,
10482,,,,,0.027777777777777776,
10483,,,,,0.018518518518518517,
10484,,,,,0.05925925925925926,
10485,,,,,0.3013698630136986,
10486,,,,,0.0,
10487,,,,,0.05673758865248227,
10488,,,,,0.20083793309835737,
10489,,,,,0.18083757756377467,
10490,,,,,0.0,
10491,,,,,0.0,
10492,,,,,0.09777777777777778,
10493,,,,,0.2066115702479339,
10494,,,,,0.08695652173913043,
10495,,,,,0.04487179487179487,
10496,,,,,0.5333333333333333,
10497,,,,,0.10679611650485436,
10498,,,,,0.5683060109289617,
10499,,,,,0.0,
10500,,,,,0.19299062312961363,
10501,,,,,0.17761270377866245,
10502,,,,,0.0,
10503,,,,,0.5686274509803921,
10504,,,,,0.034482758620689655,
10505,,,,,0.52,
10506,,,,,0.18181818181818182,
10507,,,,,0.0,
10508,,,,,0.06372549019607843,
10509,,,,,0.32323232323232326,
10510,,,,,0.010309278350515464,
10511,,,,,0.03488372093023256,
10512,,,,,0.1808206424153754,
10513,,,,,0.1676489558081089,
10514,,,,,0.30434782608695654,
10515,,,,,0.038461538461538464,
10516,,,,,0.022099447513812154,
10517,,,,,0.3894736842105263,
10518,,,,,0.014563106796116505,
10519,,,,,0.0,
10520,,,,,0.21052631578947367,
10521,,,,,0.2,
10522,,,,,0.034482758620689655,
10523,,,,,0.32608695652173914,
10524,,,,,0.1927246126221986,
10525,,,,,0.17416542490492182,
10526,,,,,0.01,
10527,,,,,0.03278688524590164,
10528,,,,,0.0,
10529,,,,,0.0,
10530,,,,,0.06060606060606061,
10531,,,,,0.01990049751243781,
10532,,,,,0.007407407407407408,
10533,,,,,0.07377049180327869,
10534,,,,,0.31746031746031744,
10535,,,,,0.028735632183908046,
10536,,,,,0.18254971071357318,
10537,,,,,0.1702955763627872,
10538,,,,,0.043478260869565216,
10539,,,,,0.0,
10540,,,,,0.038834951456310676,
10541,,,,,0.23626373626373626,
10542,,,,,0.0,
10543,,,,,0.44029850746268656,
10544,,,,,0.06018518518518518,
10545,,,,,0.4175824175824176,
10546,,,,,0.2222222222222222,
10547,,,,,0.0,
10548,,,,,0.14657178958568864,
10549,,,,,0.14033761092453795,
10550,,,,,0.0,
10551,,,,,0.3235294117647059,
10552,,,,,0.01639344262295082,
10553,,,,,0.13812154696132597,
10554,,,,,0.11920529801324503,
10555,,,,,0.31343283582089554,
10556,,,,,0.3473684210526316,
10557,,,,,0.045871559633027525,
10558,,,,,0.24347826086956523,
10559,,,,,0.12280701754385964,
10560,,,,,0.18993150229434064,
10561,,,,,0.17071814603118118,
10562,,,,,0.0,
10563,,,,,0.21142857142857144,
10564,,,,,0.5733333333333334,
10565,,,,,0.06299212598425197,
10566,,,,,0.0064516129032258064,
10567,,,,,0.031914893617021274,
10568,,,,,0.6854838709677419,
10569,,,,,0.018518518518518517,
10570,,,,,0.01639344262295082,
10571,,,,,0.0,
10572,,,,,0.1801556161468378,
10573,,,,,0.16847185463603406,
10574,,,,,0.0,
10575,,,,,0.0,
10576,,,,,0.25120772946859904,
10577,,,,,0.06896551724137931,
10578,,,,,0.027777777777777776,
10579,,,,,0.04929577464788732,
10580,,,,,0.11458333333333333,
10581,,,,,0.20388349514563106,
10582,,,,,0.38666666666666666,
10583,,,,,0.32608695652173914,
10584,,,,,0.19864334641218329,
10585,,,,,0.1774792607254854,
10586,,,,,0.00819672131147541,
10587,,,,,0.33816425120772947,
10588,,,,,0.0,
10589,,,,,0.0035971223021582736,
10590,,,,,0.0,
10591,,,,,0.2127659574468085,
10592,,,,,0.0,
10593,,,,,0.03488372093023256,
10594,,,,,0.0,
10595,,,,,0.11049723756906077,
10596,,,,,0.1274855356786593,
10597,,,,,0.12034339345684229,
10598,,,,,0.2396694214876033,
10599,,,,,0.0,
10600,,,,,0.0,
10601,,,,,0.0,
10602,,,,,0.08463949843260188,
10603,,,,,0.1,
10604,,,,,0.0,
10605,,,,,0.08196721311475409,
10606,,,,,0.6048387096774194,
10607,,,,,0.848780487804878,
10608,,,,,0.1740373744762918,
10609,,,,,0.16144385383537577,
10610,,,,,0.1755485893416928,
10611,,,,,0.028735632183908046,
10612,,,,,0.4311111111111111,
10613,,,,,0.0,
10614,,,,,0.0,
10615,,,,,0.0,
10616,,,,,0.0,
10617,,,,,0.2222222222222222,
10618,,,,,0.6010928961748634,
10619,,,,,0.0,
10620,,,,,0.15787723615082797,
10621,,,,,0.14703200409225364,
10622,,,,,0.014388489208633094,
10623,,,,,0.0,
10624,,,,,0.08888888888888889,
10625,,,,,0.007462686567164179,
10626,,,,,0.09852216748768473,
10627,,,,,0.0,
10628,,,,,0.08,
10629,,,,,0.6666666666666666,
10630,,,,,0.3391304347826087,
10631,,,,,0.044444444444444446,
10632,,,,,0.1888009576378267,
10633,,,,,0.17140760180592932,
10634,,,,,0.035211267605633804,
10635,,,,,0.013071895424836602,
10636,,,,,0.12280701754385964,
10637,,,,,0.08888888888888889,
10638,,,,,0.4764705882352941,
10639,,,,,0.057692307692307696,
10640,,,,,0.0,
10641,,,,,0.0,
10642,,,,,0.5573770491803278,
10643,,,,,0.01935483870967742,
10644,,,,,0.1955842255769103,
10645,,,,,0.17787958988501656,
10646,,,,,0.5235294117647059,
10647,,,,,0.19428571428571428,
10648,,,,,0.0,
10649,,,,,0.014184397163120567,
10650,,,,,0.6,
10651,,,,,0.04242424242424243,
10652,,,,,0.32608695652173914,
10653,,,,,0.009615384615384616,
10654,,,,,0.19863013698630136,
10655,,,,,0.1415929203539823,
10656,,,,,0.1938551572787125,
10657,,,,,0.1731646020060939,
10658,,,,,0.13114754098360656,
10659,,,,,0.417910447761194,
10660,,,,,0.07051282051282051,
10661,,,,,0.0,
10662,,,,,0.3492063492063492,
10663,,,,,0.6111111111111112,
10664,,,,,0.0,
10665,,,,,0.0,
10666,,,,,0.0,
10667,,,,,0.07746478873239436,
10668,,,,,0.20868524306710115,
10669,,,,,0.1889108822809866,
10670,,,,,0.17880794701986755,
10671,,,,,0.0,
10672,,,,,0.0,
10673,,,,,0.5172413793103449,
10674,,,,,0.08888888888888889,
10675,,,,,0.49,
10676,,,,,0.00558659217877095,
10677,,,,,0.019417475728155338,
10678,,,,,0.2553191489361702,
10679,,,,,0.09016393442622951,
10680,,,,,0.1838797632506484,
10681,,,,,0.16707070257767498,
10682,,,,,0.3656716417910448,
10683,,,,,0.0581039755351682,
10684,,,,,0.0,
10685,,,,,0.2808219178082192,
10686,,,,,0.005434782608695652,
10687,,,,,0.46551724137931033,
10688,,,,,0.6077348066298343,
10689,,,,,0.0,
10690,,,,,0.0,
10691,,,,,0.0,
10692,,,,,0.1801556161468378,
10693,,,,,0.1703622978893757,
10694,,,,,0.07407407407407407,
10695,,,,,0.0,
10696,,,,,0.0,
10697,,,,,0.2057142857142857,
10698,,,,,0.2698412698412698,
10699,,,,,0.5644444444444444,
10700,,,,,0.09090909090909091,
10701,,,,,0.7301587301587301,
10702,,,,,0.0,
10703,,,,,0.0,
10704,,,,,0.19019751280175567,
10705,,,,,0.17650067833552033,
10706,,,,,0.0,
10707,,,,,0.5344827586206896,
10708,,,,,0.04878048780487805,
10709,,,,,0.6292682926829268,
10710,,,,,0.0,
10711,,,,,0.0196078431372549,
10712,,,,,0.0,
10713,,,,,0.15217391304347827,
10714,,,,,0.4956521739130435,
10715,,,,,0.5637254901960784,
10716,,,,,0.1894659839063643,
10717,,,,,0.17116295620843805,
10718,,,,,0.05511811023622047,
10719,,,,,0.0,
10720,,,,,0.1,
10721,,,,,0.4,
10722,,,,,0.01680672268907563,
10723,,,,,0.5294117647058824,
10724,,,,,0.3695652173913043,
10725,,,,,0.0,
10726,,,,,0.0,
10727,,,,,0.08148148148148149,
10728,,,,,0.1971137859945468,
10729,,,,,0.1770122100393657,
10730,,,,,0.0,
10731,,,,,0.006514657980456026,
10732,,,,,0.09016393442622951,
10733,,,,,0.0,
10734,,,,,0.056338028169014086,
10735,,,,,0.046296296296296294,
10736,,,,,0.0392156862745098,
10737,,,,,0.0,
10738,,,,,0.09326424870466321,
10739,,,,,0.024691358024691357,
10740,,,,,0.185941344683115,
10741,,,,,0.17131863977047795,
10742,,,,,0.041666666666666664,
10743,,,,,0.4725274725274725,
10744,,,,,0.30303030303030304,
10745,,,,,0.2898550724637681,
10746,,,,,0.13333333333333333,
10747,,,,,0.008403361344537815,
10748,,,,,0.0,
10749,,,,,0.028735632183908046,
10750,,,,,0.0,
10751,,,,,0.33816425120772947,
10752,,,,,0.1935226441444437,
10753,,,,,0.17770166581411384,
10754,,,,,0.0,
10755,,,,,0.07407407407407407,
10756,,,,,0.4647887323943662,
10757,,,,,0.0,
10758,,,,,0.0,
10759,,,,,0.03669724770642202,
10760,,,,,0.0,
10761,,,,,0.546448087431694,
10762,,,,,0.09717868338557993,
10763,,,,,0.21359223300970873,
10764,,,,,0.19219259160736848,
10765,,,,,0.1775237417432111,
10766,,,,,0.3894736842105263,
10767,,,,,0.6830601092896175,
10768,,,,,0.0,
10769,,,,,0.06666666666666667,
10770,,,,,0.5117647058823529,
10771,,,,,0.08904109589041095,
10772,,,,,0.018518518518518517,
10773,,,,,0.008403361344537815,
10774,,,,,0.1415929203539823,
10775,,,,,0.26595744680851063,
10776,,,,,0.1911950522045621,
10777,,,,,0.1732090830238196,
10778,,,,,0.06338028169014084,
10779,,,,,0.6451612903225806,
10780,,,,,0.2,
10781,,,,,0.2692307692307692,
10782,,,,,0.0392156862745098,
10783,,,,,0.2945205479452055,
10784,,,,,0.3028169014084507,
10785,,,,,0.23140495867768596,
10786,,,,,0.0,
10787,,,,,0.009174311926605505,
10788,,,,,0.19977389106869722,
10789,,,,,0.18097102061695172,
10790,,,,,0.22123893805309736,
10791,,,,,0.0,
10792,,,,,0.14035087719298245,
10793,,,,,0.12582781456953643,
10794,,,,,0.08888888888888889,
10795,,,,,0.0,
10796,,,,,0.07317073170731707,
10797,,,,,0.32323232323232326,
10798,,,,,0.019867549668874173,
10799,,,,,0.0,
10800,,,,,0.1615348806277848,
10801,,,,,0.15281453639659276,
10802,,,,,0.05737704918032787,
10803,,,,,0.0,
10804,,,,,0.2727272727272727,
10805,,,,,0.0,
10806,,,,,0.1702127659574468,
10807,,,,,0.0,
10808,,,,,0.04892966360856269,
10809,,,,,0.5241935483870968,
10810,,,,,0.003257328990228013,
10811,,,,,0.058823529411764705,
10812,,,,,0.09868989825098091,
10813,,,,,0.10063830260436359,
10814,,,,,0.6666666666666666,
10815,,,,,0.0,
10816,,,,,0.05,
10817,,,,,0.0,
10818,,,,,0.01597444089456869,
10819,,,,,0.16521739130434782,
10820,,,,,0.0,
10821,,,,,0.05853658536585366,
10822,,,,,0.08450704225352113,
10823,,,,,0.0,
10824,,,,,0.19139456008512337,
10825,,,,,0.17725685563685697,
10826,,,,,0.07881773399014778,
10827,,,,,0.057692307692307696,
10828,,,,,0.06299212598425197,
10829,,,,,0.03669724770642202,
10830,,,,,0.08196721311475409,
10831,,,,,0.4880952380952381,
10832,,,,,0.2765957446808511,
10833,,,,,0.0,
10834,,,,,0.0392156862745098,
10835,,,,,0.0,
10836,,,,,0.19824433065106073,
10837,,,,,0.17803527344705647,
10838,,,,,0.0,
10839,,,,,0.0,
10840,,,,,0.0,
10841,,,,,0.024875621890547265,
10842,,,,,0.01680672268907563,
10843,,,,,0.011904761904761904,
10844,,,,,0.041666666666666664,
10845,,,,,0.05825242718446602,
10846,,,,,0.0,
10847,,,,,0.09722222222222222,
10848,,,,,0.20369754605306908,
10849,,,,,0.18228321063985944,
10850,,,,,0.0,
10851,,,,,0.3333333333333333,
10852,,,,,0.046296296296296294,
10853,,,,,0.2342857142857143,
10854,,,,,0.0,
10855,,,,,0.0,
10856,,,,,0.4482758620689655,
10857,,,,,0.06,
10858,,,,,0.19130434782608696,
10859,,,,,0.0,
10860,,,,,0.19837733590476825,
10861,,,,,0.1783688810799991,
10862,,,,,0.8397790055248618,
10863,,,,,0.0,
10864,,,,,0.0,
10865,,,,,0.014184397163120567,
10866,,,,,0.0,
10867,,,,,0.2553191489361702,
10868,,,,,0.013245033112582781,
10869,,,,,0.14492753623188406,
10870,,,,,0.06481481481481481,
10871,,,,,0.32682926829268294,
10872,,,,,0.15947329919531822,
10873,,,,,0.14752129528723618,
10874,,,,,0.016286644951140065,
10875,,,,,0.01567398119122257,
10876,,,,,0.4507042253521127,
10877,,,,,0.043478260869565216,
10878,,,,,0.0,
10879,,,,,0.2,
10880,,,,,0.3473684210526316,
10881,,,,,0.03669724770642202,
10882,,,,,0.0,
10883,,,,,0.423841059602649,
10884,,,,,0.14743632373478752,
10885,,,,,0.14120499077018883,
10886,,,,,0.56,
10887,,,,,0.694300518134715,
10888,,,,,0.0,
10889,,,,,0.08888888888888889,
10890,,,,,0.0,
10891,,,,,0.12154696132596685,
10892,,,,,0.04929577464788732,
10893,,,,,0.07317073170731707,
10894,,,,,0.046296296296296294,
10895,,,,,0.08273381294964029,
10896,,,,,0.1740373744762918,
10897,,,,,0.15950892956430843,
10898,,,,,0.010309278350515464,
10899,,,,,0.5083798882681564,
10900,,,,,0.14049586776859505,
10901,,,,,0.0,
10902,,,,,0.07389162561576355,
10903,,,,,0.3217391304347826,
10904,,,,,0.006535947712418301,
10905,,,,,0.3082191780821918,
10906,,,,,0.0,
10907,,,,,0.4262295081967213,
10908,,,,,0.1811531555496442,
10909,,,,,0.16633676578520115,
10910,,,,,0.0,
10911,,,,,0.29411764705882354,
10912,,,,,0.19834710743801653,
10913,,,,,0.06976744186046512,
10914,,,,,0.018518518518518517,
10915,,,,,0.047058823529411764,
10916,,,,,0.4927536231884058,
10917,,,,,0.040983606557377046,
10918,,,,,0.2849162011173184,
10919,,,,,0.0,
10920,,,,,0.172042295670679,
10921,,,,,0.15657318239441317,
10922,,,,,0.391304347826087,
10923,,,,,0.1941747572815534,
10924,,,,,0.007874015748031496,
10925,,,,,0.0,
10926,,,,,0.09615384615384616,
10927,,,,,0.18947368421052632,
10928,,,,,0.0,
10929,,,,,0.0,
10930,,,,,0.06829268292682927,
10931,,,,,0.005154639175257732,
10932,,,,,0.15701270200172907,
10933,,,,,0.14554188999844317,
10934,,,,,0.0,
10935,,,,,0.5804878048780487,
10936,,,,,0.0,
10937,,,,,0.07272727272727272,
10938,,,,,0.4631578947368421,
10939,,,,,0.03910614525139665,
10940,,,,,0.18134715025906736,
10941,,,,,0.03669724770642202,
10942,,,,,0.5573770491803278,
10943,,,,,0.0,
10944,,,,,0.1728403271929241,
10945,,,,,0.1542379289638147,
10946,,,,,0.4585635359116022,
10947,,,,,0.0,
10948,,,,,0.048484848484848485,
10949,,,,,0.2342857142857143,
10950,,,,,0.49411764705882355,
10951,,,,,0.2912621359223301,
10952,,,,,0.0,
10953,,,,,0.6176470588235294,
10954,,,,,0.2857142857142857,
10955,,,,,0.49333333333333335,
10956,,,,,0.17836004522178625,
10957,,,,,0.16284500589373485,
10958,,,,,0.2,
10959,,,,,0.2057142857142857,
10960,,,,,0.3576158940397351,
10961,,,,,0.028735632183908046,
10962,,,,,0.05198776758409786,
10963,,,,,0.0,
10964,,,,,0.006172839506172839,
10965,,,,,0.2,
10966,,,,,0.0,
10967,,,,,0.06944444444444445,
10968,,,,,0.19731329387510807,
10969,,,,,0.17988123568267242,
10970,,,,,0.34782608695652173,
10971,,,,,0.5,
10972,,,,,0.59,
10973,,,,,0.024691358024691357,
10974,,,,,0.0,
10975,,,,,0.08196721311475409,
10976,,,,,0.9929577464788732,
10977,,,,,0.07317073170731707,
10978,,,,,0.11574074074074074,
10979,,,,,0.0,
10980,,,,,0.22710647070559287,
10981,,,,,0.2128861508351311,
10982,,,,,0.14035087719298245,
10983,,,,,0.16312056737588654,
10984,,,,,0.13333333333333333,
10985,,,,,0.056338028169014086,
10986,,,,,0.1941747572815534,
10987,,,,,0.5119047619047619,
10988,,,,,0.0,
10989,,,,,0.0,
10990,,,,,0.1553398058252427,
10991,,,,,0.22602739726027396,
10992,,,,,0.14617277382456606,
10993,,,,,0.13935902853457288,
10994,,,,,0.30939226519337015,
10995,,,,,0.1652892561983471,
10996,,,,,0.1888111888111888,
10997,,,,,0.07,
10998,,,,,0.125,
10999,,,,,0.6810344827586207,
11000,,,,,0.024691358024691357,
11001,,,,,0.13333333333333333,
11002,,,,,0.6782608695652174,
11003,,,,,0.2826086956521739,
11004,,,,,0.14557425018288223,
11005,,,,,0.13811356003825367,
11006,,,,,0.3492063492063492,
11007,,,,,0.03361344537815126,
11008,,,,,0.16556291390728478,
11009,,,,,0.0,
11010,,,,,0.09016393442622951,
11011,,,,,0.3411764705882353,
11012,,,,,0.34782608695652173,
11013,,,,,0.0,
11014,,,,,0.45689655172413796,
11015,,,,,0.013071895424836602,
11016,,,,,0.20529360909755937,
11017,,,,,0.18722060360741052,
11018,,,,,0.12222222222222222,
11019,,,,,0.24878048780487805,
11020,,,,,0.07878787878787878,
11021,,,,,0.06666666666666667,
11022,,,,,0.08974358974358974,
11023,,,,,0.3176470588235294,
11024,,,,,0.023148148148148147,
11025,,,,,0.30597014925373134,
11026,,,,,0.0,
11027,,,,,0.6338797814207651,
11028,,,,,0.19006450754804816,
11029,,,,,0.17298667793519115,
11030,,,,,0.03,
11031,,,,,0.0,
11032,,,,,0.06666666666666667,
11033,,,,,0.05078125,
11034,,,,,0.0,
11035,,,,,0.06372549019607843,
11036,,,,,0.3565217391304348,
11037,,,,,0.01,
11038,,,,,0.0,
11039,,,,,0.1592920353982301,
11040,,,,,0.18467779477289353,
11041,,,,,0.16840513310944555,
11042,,,,,0.0,
11043,,,,,0.2,
11044,,,,,0.35911602209944754,
11045,,,,,0.01,
11046,,,,,0.0,
11047,,,,,0.0,
11048,,,,,0.168141592920354,
11049,,,,,0.13043478260869565,
11050,,,,,0.5235294117647059,
11051,,,,,0.03488372093023256,
11052,,,,,0.16978120635765112,
11053,,,,,0.15875275226297178,
11054,,,,,0.7857142857142857,
11055,,,,,0.14563106796116504,
11056,,,,,0.24,
11057,,,,,0.1390728476821192,
11058,,,,,0.045871559633027525,
11059,,,,,0.00684931506849315,
11060,,,,,0.0,
11061,,,,,0.0,
11062,,,,,0.26956521739130435,
11063,,,,,0.6078431372549019,
11064,,,,,0.19698078074083927,
11065,,,,,0.1807041345105976,
11066,,,,,0.005154639175257732,
11067,,,,,0.05813953488372093,
11068,,,,,0.0,
11069,,,,,0.27058823529411763,
11070,,,,,0.2052980132450331,
11071,,,,,0.0049261083743842365,
11072,,,,,0.32608695652173914,
11073,,,,,0.125,
11074,,,,,0.19834710743801653,
11075,,,,,0.10526315789473684,
11076,,,,,0.18993150229434064,
11077,,,,,0.17727909614571982,
11078,,,,,0.21238938053097345,
11079,,,,,0.17475728155339806,
11080,,,,,0.006172839506172839,
11081,,,,,0.07058823529411765,
11082,,,,,0.06829268292682927,
11083,,,,,0.10614525139664804,
11084,,,,,0.03225806451612903,
11085,,,,,0.0,
11086,,,,,0.13385826771653545,
11087,,,,,0.1111111111111111,
11088,,,,,0.1895989891600718,
11089,,,,,0.17485488067966995,
11090,,,,,0.05,
11091,,,,,0.05454545454545454,
11092,,,,,0.035211267605633804,
11093,,,,,0.11650485436893204,
11094,,,,,0.0070921985815602835,
11095,,,,,0.0,
11096,,,,,0.0,
11097,,,,,0.017241379310344827,
11098,,,,,0.46632124352331605,
11099,,,,,0.168141592920354,
11100,,,,,0.15229101549511206,
11101,,,,,0.14015968685363522,
11102,,,,,0.3333333333333333,
11103,,,,,0.10526315789473684,
11104,,,,,0.11650485436893204,
11105,,,,,0.07766990291262135,
11106,,,,,0.0,
11107,,,,,0.22340425531914893,
11108,,,,,0.0,
11109,,,,,0.13385826771653545,
11110,,,,,0.0851063829787234,
11111,,,,,0.2,
11112,,,,,0.17423688235685308,
11113,,,,,0.16155505637968998,
11114,,,,,0.005154639175257732,
11115,,,,,0.0,
11116,,,,,0.045871559633027525,
11117,,,,,0.4434782608695652,
11118,,,,,0.5466666666666666,
11119,,,,,0.12254901960784313,
11120,,,,,0.0,
11121,,,,,0.17699115044247787,
11122,,,,,0.47619047619047616,
11123,,,,,0.3017241379310345,
11124,,,,,0.1728403271929241,
11125,,,,,0.15893067633387453,
11126,,,,,0.3565217391304348,
11127,,,,,0.0,
11128,,,,,0.0,
11129,,,,,0.06403940886699508,
11130,,,,,0.0,
11131,,,,,0.19428571428571428,
11132,,,,,0.0,
11133,,,,,0.12598425196850394,
11134,,,,,0.17699115044247787,
11135,,,,,0.0,
11136,,,,,0.17569994014763582,
11137,,,,,0.15806329648822365,
11138,,,,,0.0,
11139,,,,,0.08695652173913043,
11140,,,,,0.0,
11141,,,,,0.06896551724137931,
11142,,,,,0.04419889502762431,
11143,,,,,0.13274336283185842,
11144,,,,,0.35353535353535354,
11145,,,,,0.05172413793103448,
11146,,,,,0.5176470588235295,
11147,,,,,0.005154639175257732,
11148,,,,,0.1967147702334242,
11149,,,,,0.17859128616862754,
11150,,,,,0.0,
11151,,,,,0.30434782608695654,
11152,,,,,0.014778325123152709,
11153,,,,,0.10416666666666667,
11154,,,,,0.02459016393442623,
11155,,,,,0.02564102564102564,
11156,,,,,0.013071895424836602,
11157,,,,,0.0,
11158,,,,,0.20634920634920634,
11159,,,,,0.1258741258741259,
11160,,,,,0.1904635233091707,
11161,,,,,0.17485488067966995,
11162,,,,,0.040229885057471264,
11163,,,,,0.30434782608695654,
11164,,,,,0.1504424778761062,
11165,,,,,0.0,
11166,,,,,0.8547486033519553,
11167,,,,,0.17391304347826086,
11168,,,,,0.006535947712418301,
11169,,,,,0.014423076923076924,
11170,,,,,0.0273972602739726,
11171,,,,,0.015267175572519083,
11172,,,,,0.19225909423422224,
11173,,,,,0.17529969085692682,
11174,,,,,0.1564245810055866,
11175,,,,,0.009259259259259259,
11176,,,,,0.0,
11177,,,,,0.0,
11178,,,,,0.20869565217391303,
11179,,,,,0.2671232876712329,
11180,,,,,0.0,
11181,,,,,0.48823529411764705,
11182,,,,,0.45774647887323944,
11183,,,,,0.46551724137931033,
11184,,,,,0.21999068963224047,
11185,,,,,0.19934168093765986,
11186,,,,,0.08737864077669903,
11187,,,,,0.0,
11188,,,,,0.17391304347826086,
11189,,,,,0.0,
11190,,,,,0.07210031347962383,
11191,,,,,0.49295774647887325,
11192,,,,,0.0,
11193,,,,,0.0,
11194,,,,,0.4411764705882353,
11195,,,,,0.06557377049180328,
11196,,,,,0.1377934428409922,
11197,,,,,0.13259791384026867,
11198,,,,,0.04929577464788732,
11199,,,,,0.0,
11200,,,,,0.7096774193548387,
11201,,,,,0.6029411764705882,
11202,,,,,0.07377049180327869,
11203,,,,,0.3176470588235294,
11204,,,,,0.10416666666666667,
11205,,,,,0.07878787878787878,
11206,,,,,0.08374384236453201,
11207,,,,,0.2222222222222222,
11208,,,,,0.16858415907428342,
11209,,,,,0.15663990392100172,
11210,,,,,0.03058103975535168,
11211,,,,,0.08823529411764706,
11212,,,,,0.0,
11213,,,,,0.143646408839779,
11214,,,,,0.0,
11215,,,,,0.3492063492063492,
11216,,,,,0.034482758620689655,
11217,,,,,0.19553072625698323,
11218,,,,,0.043478260869565216,
11219,,,,,0.4482758620689655,
11220,,,,,0.17350535346146173,
11221,,,,,0.16048751195427352,
11222,,,,,0.273972602739726,
11223,,,,,0.6290322580645161,
11224,,,,,0.0,
11225,,,,,0.06338028169014084,
11226,,,,,0.0,
11227,,,,,0.1322314049586777,
11228,,,,,0.25252525252525254,
11229,,,,,0.0,
11230,,,,,0.0,
11231,,,,,0.11538461538461539,
11232,,,,,0.17144377202899513,
11233,,,,,0.1595978915997598,
11234,,,,,0.5733333333333334,
11235,,,,,0.7828746177370031,
11236,,,,,0.3626373626373626,
11237,,,,,0.2066115702479339,
11238,,,,,0.746031746031746,
11239,,,,,0.7707317073170732,
11240,,,,,0.08695652173913043,
11241,,,,,0.12598425196850394,
11242,,,,,0.04242424242424243,
11243,,,,,0.0,
11244,,,,,0.21493648999135465,
11245,,,,,0.19642817427662745,
11246,,,,,0.13333333333333333,
11247,,,,,0.022222222222222223,
11248,,,,,0.0,
11249,,,,,0.43661971830985913,
11250,,,,,0.04918032786885246,
11251,,,,,0.8784530386740331,
11252,,,,,0.4880952380952381,
11253,,,,,0.0,
11254,,,,,0.08695652173913043,
11255,,,,,0.0,
11256,,,,,0.19811132539735318,
11257,,,,,0.18090429909036318,
11258,,,,,0.02127659574468085,
11259,,,,,0.3826086956521739,
11260,,,,,0.0970873786407767,
11261,,,,,0.0,
11262,,,,,0.06338028169014084,
11263,,,,,0.32608695652173914,
11264,,,,,0.2898550724637681,
11265,,,,,0.0,
11266,,,,,0.0,
11267,,,,,0.06363636363636363,
11268,,,,,0.16532553035844916,
11269,,,,,0.15612837221715634,
11270,,,,,0.0,
11271,,,,,0.4175824175824176,
11272,,,,,0.2898550724637681,
11273,,,,,0.29473684210526313,
11274,,,,,0.06896551724137931,
11275,,,,,0.770949720670391,
11276,,,,,0.047244094488188976,
11277,,,,,0.006172839506172839,
11278,,,,,0.06,
11279,,,,,0.712707182320442,
11280,,,,,0.17530092438651326,
11281,,,,,0.1627115628405578,
11282,,,,,0.0,
11283,,,,,0.0,
11284,,,,,0.0273972602739726,
11285,,,,,0.5466666666666666,
11286,,,,,0.4295774647887324,
11287,,,,,0.20634920634920634,
11288,,,,,0.7170731707317073,
11289,,,,,0.028169014084507043,
11290,,,,,0.06382978723404255,
11291,,,,,0.007633587786259542,
11292,,,,,0.1803551240273991,
11293,,,,,0.164379601005271,
11294,,,,,0.0,
11295,,,,,0.0,
11296,,,,,0.027522935779816515,
11297,,,,,0.04,
11298,,,,,0.23809523809523808,
11299,,,,,0.06299212598425197,
11300,,,,,0.32608695652173914,
11301,,,,,0.10526315789473684,
11302,,,,,0.0,
11303,,,,,0.6715686274509803,
11304,,,,,0.1915275653388309,
11305,,,,,0.1770122100393657,
11306,,,,,0.028368794326241134,
11307,,,,,0.6111111111111112,
11308,,,,,0.56,
11309,,,,,0.06422018348623854,
11310,,,,,0.0,
11311,,,,,0.028169014084507043,
11312,,,,,0.32608695652173914,
11313,,,,,0.024390243902439025,
11314,,,,,0.2967032967032967,
11315,,,,,0.041666666666666664,
11316,,,,,0.16632306976125558,
11317,,,,,0.15448257456130596,
11318,,,,,0.05392156862745098,
11319,,,,,0.4295774647887324,
11320,,,,,0.0,
11321,,,,,0.0,
11322,,,,,0.0,
11323,,,,,0.0,
11324,,,,,0.0,
11325,,,,,0.03409090909090909,
11326,,,,,0.012345679012345678,
11327,,,,,0.0,
11328,,,,,0.13825896122896855,
11329,,,,,0.13024041990080734,
11330,,,,,0.0,
11331,,,,,0.37681159420289856,
11332,,,,,0.4396551724137931,
11333,,,,,0.06060606060606061,
11334,,,,,0.07042253521126761,
11335,,,,,0.046296296296296294,
11336,,,,,0.1888111888111888,
11337,,,,,0.0,
11338,,,,,0.15428571428571428,
11339,,,,,0.37894736842105264,
11340,,,,,0.16665558289552437,
11341,,,,,0.153770878277695,
11342,,,,,0.041666666666666664,
11343,,,,,0.18681318681318682,
11344,,,,,0.07881773399014778,
11345,,,,,0.0,
11346,,,,,0.625,
11347,,,,,0.41044776119402987,
11348,,,,,0.02,
11349,,,,,0.0,
11350,,,,,0.05128205128205128,
11351,,,,,0.0,
11352,,,,,0.1844117842654785,
11353,,,,,0.1700509307652959,
11354,,,,,0.16521739130434782,
11355,,,,,0.01818181818181818,
11356,,,,,0.5,
11357,,,,,0.35751295336787564,
11358,,,,,0.026143790849673203,
11359,,,,,0.03398058252427184,
11360,,,,,0.0,
11361,,,,,0.30434782608695654,
11362,,,,,0.13013698630136986,
11363,,,,,0.3473684210526316,
11364,,,,,0.1633969541796901,
11365,,,,,0.14938949803171497,
11366,,,,,0.2318840579710145,
11367,,,,,0.03237410071942446,
11368,,,,,0.4880952380952381,
11369,,,,,0.4295774647887324,
11370,,,,,0.48695652173913045,
11371,,,,,0.38461538461538464,
11372,,,,,0.0392156862745098,
11373,,,,,0.06363636363636363,
11374,,,,,0.09411764705882353,
11375,,,,,0.0,
11376,,,,,0.20496109596329054,
11377,,,,,0.1888219202455352,
11378,,,,,0.08,
11379,,,,,0.014925373134328358,
11380,,,,,0.0,
11381,,,,,0.3394495412844037,
11382,,,,,0.03669724770642202,
11383,,,,,0.12389380530973451,
11384,,,,,0.4577777777777778,
11385,,,,,0.05555555555555555,
11386,,,,,0.05161290322580645,
11387,,,,,0.49411764705882355,
11388,,,,,0.20915076145507747,
11389,,,,,0.19186886995974467,
11390,,,,,0.049019607843137254,
11391,,,,,0.0,
11392,,,,,0.0,
11393,,,,,0.019543973941368076,
11394,,,,,0.014634146341463415,
11395,,,,,0.0,
11396,,,,,0.32608695652173914,
11397,,,,,0.0,
11398,,,,,0.0,
11399,,,,,0.0,
11400,,,,,0.17470240074482943,
11401,,,,,0.16878322176011387,
11402,,,,,0.05092592592592592,
11403,,,,,0.5956284153005464,
11404,,,,,0.19130434782608696,
11405,,,,,0.03,
11406,,,,,0.03488372093023256,
11407,,,,,0.01680672268907563,
11408,,,,,0.0,
11409,,,,,0.024691358024691357,
11410,,,,,0.0,
11411,,,,,0.022099447513812154,
11412,,,,,0.17749551107268738,
11413,,,,,0.1654249049218246,
11414,,,,,0.0,
11415,,,,,0.08695652173913043,
11416,,,,,0.4823529411764706,
11417,,,,,0.0,
11418,,,,,0.17355371900826447,
11419,,,,,0.0,
11420,,,,,0.6065573770491803,
11421,,,,,0.33678756476683935,
11422,,,,,0.045871559633027525,
11423,,,,,0.0,
11424,,,,,0.15588215734521513,
11425,,,,,0.14787714342904165,
11426,,,,,0.01990049751243781,
11427,,,,,0.0,
11428,,,,,0.015267175572519083,
11429,,,,,0.16521739130434782,
11430,,,,,0.04929577464788732,
11431,,,,,0.038461538461538464,
11432,,,,,0.013071895424836602,
11433,,,,,0.30526315789473685,
11434,,,,,0.034482758620689655,
11435,,,,,0.626984126984127,
11436,,,,,0.15335505752477221,
11437,,,,,0.14280630740831352,
11438,,,,,0.008403361344537815,
11439,,,,,0.30434782608695654,
11440,,,,,0.8469945355191257,
11441,,,,,0.23478260869565218,
11442,,,,,0.0,
11443,,,,,0.06666666666666667,
11444,,,,,0.17482517482517482,
11445,,,,,0.0064516129032258064,
11446,,,,,0.0,
11447,,,,,0.04234527687296417,
11448,,,,,0.14264813460131676,
11449,,,,,0.1360451927140093,
11450,,,,,0.0,
11451,,,,,0.3368421052631579,
11452,,,,,0.02112676056338028,
11453,,,,,0.0,
11454,,,,,0.0196078431372549,
11455,,,,,0.4523809523809524,
11456,,,,,0.05454545454545454,
11457,,,,,0.16556291390728478,
11458,,,,,0.14754098360655737,
11459,,,,,0.0,
11460,,,,,0.17656447429673472,
11461,,,,,0.16157729688855282,
11462,,,,,0.014925373134328358,
11463,,,,,0.0,
11464,,,,,0.13274336283185842,
11465,,,,,0.5,
11466,,,,,0.0,
11467,,,,,0.0,
11468,,,,,0.022222222222222223,
11469,,,,,0.47150259067357514,
11470,,,,,0.17482517482517482,
11471,,,,,0.023148148148148147,
11472,,,,,0.18141916605705927,
11473,,,,,0.1634454996330316,
11474,,,,,0.0,
11475,,,,,0.016286644951140065,
11476,,,,,0.01020408163265306,
11477,,,,,0.009259259259259259,
11478,,,,,0.05,
11479,,,,,0.022222222222222223,
11480,,,,,0.03870967741935484,
11481,,,,,0.0,
11482,,,,,0.08148148148148149,
11483,,,,,0.5867768595041323,
11484,,,,,0.20143645674004124,
11485,,,,,0.18250561572848786,
11486,,,,,0.0,
11487,,,,,0.40298507462686567,
11488,,,,,0.24210526315789474,
11489,,,,,0.13934426229508196,
11490,,,,,0.08287292817679558,
11491,,,,,0.0,
11492,,,,,0.1958041958041958,
11493,,,,,0.045871559633027525,
11494,,,,,0.10526315789473684,
11495,,,,,0.39111111111111113,
11496,,,,,0.15980581232958702,
11497,,,,,0.14732113070747058,
11498,,,,,0.19205298013245034,
11499,,,,,0.20869565217391303,
11500,,,,,0.18994413407821228,
11501,,,,,0.6470588235294118,
11502,,,,,0.4,
11503,,,,,0.591304347826087,
11504,,,,,0.38461538461538464,
11505,,,,,0.0,
11506,,,,,0.0,
11507,,,,,0.14285714285714285,
11508,,,,,0.16585755137327923,
11509,,,,,0.15294797944976982,
11510,,,,,0.0,
11511,,,,,0.0,
11512,,,,,0.05813953488372093,
11513,,,,,0.20388349514563106,
11514,,,,,0.5058823529411764,
11515,,,,,0.12222222222222222,
11516,,,,,0.08695652173913043,
11517,,,,,0.3956043956043956,
11518,,,,,0.013029315960912053,
11519,,,,,0.0,
11520,,,,,0.17649797166988096,
11521,,,,,0.16148833485310143,
11522,,,,,0.05737704918032787,
11523,,,,,0.07058823529411765,
11524,,,,,0.2608695652173913,
11525,,,,,0.0,
11526,,,,,0.0,
11527,,,,,0.2560386473429952,
11528,,,,,0.03937007874015748,
11529,,,,,0.014184397163120567,
11530,,,,,0.007633587786259542,
11531,,,,,0.6435185185185185,
11532,,,,,0.14717031322737248,
11533,,,,,0.13737962324577987,
11534,,,,,0.04854368932038835,
11535,,,,,0.6984126984126984,
11536,,,,,0.0,
11537,,,,,0.15469613259668508,
11538,,,,,0.02608695652173913,
11539,,,,,0.4065934065934066,
11540,,,,,0.6141304347826086,
11541,,,,,0.0,
11542,,,,,0.05555555555555555,
11543,,,,,0.0,
11544,,,,,0.18501030790716233,
11545,,,,,0.169472677534862,
11546,,,,,0.0,
11547,,,,,0.45774647887323944,
11548,,,,,0.41044776119402987,
11549,,,,,0.20212765957446807,
11550,,,,,0.014423076923076924,
11551,,,,,0.2087912087912088,
11552,,,,,0.0641025641025641,
11553,,,,,0.168141592920354,
11554,,,,,0.056338028169014086,
11555,,,,,0.037037037037037035,
11556,,,,,0.18028862140054533,
11557,,,,,0.16248915775192938,
11558,,,,,0.4051724137931034,
11559,,,,,0.1791044776119403,
11560,,,,,0.03398058252427184,
11561,,,,,0.07291666666666667,
11562,,,,,0.49193548387096775,
11563,,,,,0.1111111111111111,
11564,,,,,0.13714285714285715,
11565,,,,,0.0,
11566,,,,,0.03488372093023256,
11567,,,,,0.30158730158730157,
11568,,,,,0.17157677728270268,
11569,,,,,0.15890843582501168,
11570,,,,,0.0,
11571,,,,,0.13333333333333333,
11572,,,,,0.39552238805970147,
11573,,,,,0.05365853658536585,
11574,,,,,0.08737864077669903,
11575,,,,,0.6666666666666666,
11576,,,,,0.07407407407407407,
11577,,,,,0.6225490196078431,
11578,,,,,0.47413793103448276,
11579,,,,,0.42857142857142855,
11580,,,,,0.1740373744762918,
11581,,,,,0.15988701821497675,
11582,,,,,0.2222222222222222,
11583,,,,,0.06060606060606061,
11584,,,,,0.0,
11585,,,,,0.0,
11586,,,,,0.03937007874015748,
11587,,,,,0.10679611650485436,
11588,,,,,0.0,
11589,,,,,0.07291666666666667,
11590,,,,,0.05185185185185185,
11591,,,,,0.0,
11592,,,,,0.158143246658243,
11593,,,,,0.1463425483175055,
11594,,,,,0.25396825396825395,
11595,,,,,0.031914893617021274,
11596,,,,,0.11023622047244094,
11597,,,,,0.6349206349206349,
11598,,,,,0.45689655172413796,
11599,,,,,0.05092592592592592,
11600,,,,,0.4647058823529412,
11601,,,,,0.02,
11602,,,,,0.8682926829268293,
11603,,,,,0.008403361344537815,
11604,,,,,0.19172707321939217,
11605,,,,,0.17256410826679713,
11606,,,,,0.0,
11607,,,,,0.4482758620689655,
11608,,,,,0.16759776536312848,
11609,,,,,0.0,
11610,,,,,0.0070921985815602835,
11611,,,,,0.1,
11612,,,,,0.007633587786259542,
11613,,,,,0.5058823529411764,
11614,,,,,0.2826086956521739,
11615,,,,,0.13812154696132597,
11616,,,,,0.1835472501163796,
11617,,,,,0.1664479683295154,
11618,,,,,0.0,
11619,,,,,0.05925925925925926,
11620,,,,,0.07291666666666667,
11621,,,,,0.22285714285714286,
11622,,,,,0.20207253886010362,
11623,,,,,0.07746478873239436,
11624,,,,,0.08,
11625,,,,,0.3956043956043956,
11626,,,,,0.2887323943661972,
11627,,,,,0.30434782608695654,
11628,,,,,0.1852098157877236,
11629,,,,,0.16913906990191935,
11630,,,,,0.03669724770642202,
11631,,,,,0.0,
11632,,,,,0.09268292682926829,
11633,,,,,0.0,
11634,,,,,0.0,
11635,,,,,0.0,
11636,,,,,0.0,
11637,,,,,0.30434782608695654,
11638,,,,,0.028169014084507043,
11639,,,,,0.010869565217391304,
11640,,,,,0.11677861275520383,
11641,,,,,0.11106910126103685,
11642,,,,,0.23404255319148937,
11643,,,,,0.0,
11644,,,,,1.0,
11645,,,,,0.08780487804878048,
11646,,,,,0.0,
11647,,,,,0.0,
11648,,,,,0.07272727272727272,
11649,,,,,0.0,
11650,,,,,0.0,
11651,,,,,0.0390625,
11652,,,,,0.19338963889073618,
11653,,,,,0.1802370838244779,
11654,,,,,0.08661417322834646,
11655,,,,,0.36507936507936506,
11656,,,,,0.024875621890547265,
11657,,,,,0.07051282051282051,
11658,,,,,0.31788079470198677,
11659,,,,,0.5700483091787439,
11660,,,,,0.0,
11661,,,,,0.34705882352941175,
11662,,,,,0.02112676056338028,
11663,,,,,0.3130434782608696,
11664,,,,,0.18195118707188934,
11665,,,,,0.16707070257767498,
11666,,,,,0.0,
11667,,,,,0.0,
11668,,,,,0.0,
11669,,,,,0.7598039215686274,
11670,,,,,0.3973509933774834,
11671,,,,,0.06,
11672,,,,,0.17355371900826447,
11673,,,,,0.0,
11674,,,,,0.2185430463576159,
11675,,,,,0.06363636363636363,
11676,,,,,0.18308173172840328,
11677,,,,,0.16684829748904656,
11678,,,,,0.0,
11679,,,,,0.782258064516129,
11680,,,,,0.6507936507936508,
11681,,,,,0.01079136690647482,
11682,,,,,0.006172839506172839,
11683,,,,,0.2048780487804878,
11684,,,,,0.2231404958677686,
11685,,,,,0.31843575418994413,
11686,,,,,0.0,
11687,,,,,0.03205128205128205,
11688,,,,,0.14703730797366496,
11689,,,,,0.13715721815715143,
11690,,,,,0.3626373626373626,
11691,,,,,0.32142857142857145,
11692,,,,,0.009174311926605505,
11693,,,,,0.14857142857142858,
11694,,,,,0.3880597014925373,
11695,,,,,0.0,
11696,,,,,0.34782608695652173,
11697,,,,,0.007042253521126761,
11698,,,,,0.07291666666666667,
11699,,,,,0.0,
11700,,,,,0.1857418368025537,
11701,,,,,0.1742543869403732,
11702,,,,,0.329608938547486,
11703,,,,,0.1368421052631579,
11704,,,,,0.6349206349206349,
11705,,,,,0.04516129032258064,
11706,,,,,0.3333333333333333,
11707,,,,,0.5733333333333334,
11708,,,,,0.26956521739130435,
11709,,,,,0.01680672268907563,
11710,,,,,0.07389162561576355,
11711,,,,,0.1322314049586777,
11712,,,,,0.18195118707188934,
11713,,,,,0.16724862664857773,
11714,,,,,0.08695652173913043,
11715,,,,,0.2671232876712329,
11716,,,,,0.01,
11717,,,,,0.028169014084507043,
11718,,,,,0.0,
11719,,,,,0.0196078431372549,
11720,,,,,0.19008264462809918,
11721,,,,,0.0,
11722,,,,,0.31693989071038253,
11723,,,,,0.005154639175257732,
11724,,,,,0.19245860211478352,
11725,,,,,0.17643395680893179,
11726,,,,,0.0,
11727,,,,,0.10194174757281553,
11728,,,,,0.0,
11729,,,,,0.01282051282051282,
11730,,,,,0.3695652173913043,
11731,,,,,0.6284153005464481,
11732,,,,,0.008403361344537815,
11733,,,,,0.8100558659217877,
11734,,,,,0.25,
11735,,,,,0.373134328358209,
11736,,,,,0.18866795238411918,
11737,,,,,0.174565754064453,
11738,,,,,0.06372549019607843,
11739,,,,,0.01020408163265306,
11740,,,,,0.10989010989010989,
11741,,,,,0.07058823529411765,
11742,,,,,0.44366197183098594,
11743,,,,,0.0196078431372549,
11744,,,,,0.0,
11745,,,,,0.1650485436893204,
11746,,,,,0.9920634920634921,
11747,,,,,0.07092198581560284,
11748,,,,,0.18102015029593668,
11749,,,,,0.16429063896981963,
11750,,,,,0.07317073170731707,
11751,,,,,0.2028985507246377,
11752,,,,,0.0,
11753,,,,,0.5238095238095238,
11754,,,,,0.023622047244094488,
11755,,,,,0.22608695652173913,
11756,,,,,0.18857142857142858,
11757,,,,,0.0,
11758,,,,,0.0,
11759,,,,,0.0055248618784530384,
11760,,,,,0.16944869322338232,
11761,,,,,0.16035406890109646,
11762,,,,,0.0,
11763,,,,,0.0,
11764,,,,,0.0,
11765,,,,,0.08695652173913043,
11766,,,,,0.0,
11767,,,,,0.11811023622047244,
11768,,,,,0.0,
11769,,,,,0.0,
11770,,,,,0.19148936170212766,
11771,,,,,0.1826086956521739,
11772,,,,,0.14823435525703266,
11773,,,,,0.14053777550430355,
11774,,,,,0.0,
11775,,,,,0.24210526315789474,
11776,,,,,0.0825242718446602,
11777,,,,,0.5357142857142857,
11778,,,,,0.06363636363636363,
11779,,,,,0.0,
11780,,,,,0.010869565217391304,
11781,,,,,0.03669724770642202,
11782,,,,,0.7923497267759563,
11783,,,,,0.08374384236453201,
11784,,,,,0.18141916605705927,
11785,,,,,0.1665591708738296,
11786,,,,,0.02,
11787,,,,,0.01,
11788,,,,,0.040983606557377046,
11789,,,,,0.10679611650485436,
11790,,,,,0.19428571428571428,
11791,,,,,0.1,
11792,,,,,0.3333333333333333,
11793,,,,,0.6260869565217392,
11794,,,,,0.0,
11795,,,,,0.02912621359223301,
11796,,,,,0.18368025537008711,
11797,,,,,0.16905010786646799,
11798,,,,,0.2,
11799,,,,,0.1111111111111111,
11800,,,,,0.4088888888888889,
11801,,,,,0.0,
11802,,,,,0.5735294117647058,
11803,,,,,0.012345679012345678,
11804,,,,,0.03488372093023256,
11805,,,,,0.21739130434782608,
11806,,,,,0.007462686567164179,
11807,,,,,0.0,
11808,,,,,0.14597326594400478,
11809,,,,,0.1386918132686876,
11810,,,,,0.04,
11811,,,,,0.5058823529411764,
11812,,,,,0.05128205128205128,
11813,,,,,0.05454545454545454,
11814,,,,,0.8134715025906736,
11815,,,,,0.0,
11816,,,,,0.31313131313131315,
11817,,,,,0.015267175572519083,
11818,,,,,0.08333333333333333,
11819,,,,,0.16097560975609757,
11820,,,,,0.17197579304382524,
11821,,,,,0.1600649422858795,
11822,,,,,0.10679611650485436,
11823,,,,,0.0,
11824,,,,,0.06862745098039216,
11825,,,,,0.5130434782608696,
11826,,,,,0.0,
11827,,,,,0.33043478260869563,
11828,,,,,0.3434343434343434,
11829,,,,,0.06666666666666667,
11830,,,,,0.21359223300970873,
11831,,,,,0.3235294117647059,
11832,,,,,0.19531821506949523,
11833,,,,,0.18110446367012878,
11834,,,,,0.06018518518518518,
11835,,,,,0.0,
11836,,,,,0.0,
11837,,,,,0.047244094488188976,
11838,,,,,0.07377049180327869,
11839,,,,,0.0,
11840,,,,,0.5058823529411764,
11841,,,,,0.49473684210526314,
11842,,,,,0.0,
11843,,,,,0.04487179487179487,
11844,,,,,0.18155217131076679,
11845,,,,,0.16669261392700666,
11846,,,,,0.7624309392265194,
11847,,,,,0.32608695652173914,
11848,,,,,0.0,
11849,,,,,0.37373737373737376,
11850,,,,,0.12195121951219512,
11851,,,,,0.3626373626373626,
11852,,,,,0.0,
11853,,,,,0.5901639344262295,
11854,,,,,0.29411764705882354,
11855,,,,,0.0,
11856,,,,,0.20802021679856356,
11857,,,,,0.18851055312145543,
11858,,,,,0.006514657980456026,
11859,,,,,0.5967741935483871,
11860,,,,,0.12154696132596685,
11861,,,,,0.08,
11862,,,,,0.0,
11863,,,,,0.0,
11864,,,,,0.3565217391304348,
11865,,,,,0.07051282051282051,
11866,,,,,0.23404255319148937,
11867,,,,,0.3739130434782609,
11868,,,,,0.19365564939815122,
11869,,,,,0.17705669105709138,
11870,,,,,0.0,
11871,,,,,0.01639344262295082,
11872,,,,,0.007462686567164179,
11873,,,,,0.5195530726256983,
11874,,,,,0.05454545454545454,
11875,,,,,0.06382978723404255,
11876,,,,,0.532258064516129,
11877,,,,,0.1941747572815534,
11878,,,,,0.0,
11879,,,,,0.3103448275862069,
11880,,,,,0.16512602247788788,
11881,,,,,0.15234748571047305,
11882,,,,,0.1415929203539823,
11883,,,,,0.0,
11884,,,,,0.49333333333333335,
11885,,,,,0.21052631578947367,
11886,,,,,0.6266666666666667,
11887,,,,,0.07339449541284404,
11888,,,,,0.5391304347826087,
11889,,,,,0.018518518518518517,
11890,,,,,0.00641025641025641,
11891,,,,,0.07,
11892,,,,,0.15548314158409257,
11893,,,,,0.14589773814024865,
11894,,,,,0.0425531914893617,
11895,,,,,0.4523809523809524,
11896,,,,,0.20279720279720279,
11897,,,,,0.1,
11898,,,,,0.0,
11899,,,,,0.0970873786407767,
11900,,,,,0.008403361344537815,
11901,,,,,0.3263157894736842,
11902,,,,,0.0,
11903,,,,,0.01818181818181818,
11904,,,,,0.1840127685043559,
11905,,,,,0.16976180415007897,
11906,,,,,0.0,
11907,,,,,0.5333333333333333,
11908,,,,,0.05454545454545454,
11909,,,,,0.14685314685314685,
11910,,,,,0.0,
11911,,,,,0.143646408839779,
11912,,,,,0.18857142857142858,
11913,,,,,0.19130434782608696,
11914,,,,,0.0,
11915,,,,,0.0,
11916,,,,,0.15262352862938086,
11917,,,,,0.14411849743122124,
11918,,,,,0.03257328990228013,
11919,,,,,0.0,
11920,,,,,0.08888888888888889,
11921,,,,,0.19553072625698323,
11922,,,,,0.3688888888888889,
11923,,,,,0.0,
11924,,,,,0.0,
11925,,,,,0.0,
11926,,,,,0.0,
11927,,,,,0.5304347826086957,
11928,,,,,0.11990423621733058,
11929,,,,,0.11647354491470766,
11930,,,,,0.03669724770642202,
11931,,,,,0.032679738562091505,
11932,,,,,0.08888888888888889,
11933,,,,,0.0070921985815602835,
11934,,,,,0.5245901639344263,
11935,,,,,0.03278688524590164,
11936,,,,,0.0,
11937,,,,,0.07,
11938,,,,,0.47619047619047616,
11939,,,,,0.3473684210526316,
11940,,,,,0.1596728070758795,
11941,,,,,0.14787714342904165,
11942,,,,,0.0,
11943,,,,,0.30434782608695654,
11944,,,,,0.019230769230769232,
11945,,,,,0.5866666666666667,
11946,,,,,0.050156739811912224,
11947,,,,,0.4523809523809524,
11948,,,,,0.09448818897637795,
11949,,,,,0.0,
11950,,,,,0.49171270718232046,
11951,,,,,0.0,
11952,,,,,0.17224180355124027,
11953,,,,,0.15997598025042814,
11954,,,,,0.0,
11955,,,,,0.041666666666666664,
11956,,,,,0.3391304347826087,
11957,,,,,0.015267175572519083,
11958,,,,,0.30434782608695654,
11959,,,,,0.287292817679558,
11960,,,,,0.2857142857142857,
11961,,,,,0.019417475728155338,
11962,,,,,0.0,
11963,,,,,0.0,
11964,,,,,0.1740373744762918,
11965,,,,,0.16004270177701665,
11966,,,,,0.0,
11967,,,,,0.010309278350515464,
11968,,,,,0.8146341463414634,
11969,,,,,0.32608695652173914,
11970,,,,,0.2857142857142857,
11971,,,,,0.18857142857142858,
11972,,,,,0.3739130434782609,
11973,,,,,0.009615384615384616,
11974,,,,,0.0,
11975,,,,,0.004901960784313725,
11976,,,,,0.1950522045620802,
11977,,,,,0.17772390632297666,
11978,,,,,0.05128205128205128,
11979,,,,,0.014925373134328358,
11980,,,,,0.0,
11981,,,,,0.31843575418994413,
11982,,,,,0.008438818565400843,
11983,,,,,0.273972602739726,
11984,,,,,0.07407407407407407,
11985,,,,,0.010309278350515464,
11986,,,,,0.7222222222222222,
11987,,,,,0.0,
11988,,,,,0.18753740772760524,
11989,,,,,0.1692725129550964,
11990,,,,,0.0,
11991,,,,,0.20869565217391303,
11992,,,,,0.12389380530973451,
11993,,,,,0.37894736842105264,
11994,,,,,0.43414634146341463,
11995,,,,,0.3956043956043956,
11996,,,,,0.4642857142857143,
11997,,,,,0.11650485436893204,
11998,,,,,0.006535947712418301,
11999,,,,,0.4143646408839779,
12000,,,,,0.2096162798430538,
12001,,,,,0.1879767809087472,
12002,,,,,0.7217391304347827,
12003,,,,,0.1826086956521739,
12004,,,,,0.08374384236453201,
12005,,,,,0.34782608695652173,
12006,,,,,0.4396551724137931,
12007,,,,,0.0,
12008,,,,,0.009615384615384616,
12009,,,,,0.0,
12010,,,,,0.023529411764705882,
12011,,,,,0.12222222222222222,
12012,,,,,0.17816053734122497,
12013,,,,,0.16308965149122612,
