step_idx,round,train_loss,test_acc,test_auc,asr,attack_auc
0,0,,,,0.0,
1,1,,,,0.0,
2,2,,,,0.18666666666666668,
3,3,,,,0.08421052631578947,
4,4,,,,0.0,
5,5,,,,0.0,
6,6,,,,0.0,
7,7,,,,0.8695652173913043,
8,8,,,,0.0,
9,9,,,,0.1529051987767584,
10,10,,,,0.0,
11,11,,,,0.0,
12,12,,,,0.02753208751745694,
13,13,,,,0.02797856014945622,
14,14,,,,0.0,
15,15,,,,0.24861878453038674,
16,16,,,,0.0,
17,17,,,,0.0,
18,18,,,,0.0,
19,19,,,,0.0,
20,20,,,,0.0,
21,21,,,,0.0030581039755351682,
22,22,,,,0.0,
23,23,,,,0.0,
24,24,,,,0.01556161468378001,
25,25,,,,0.016013166381246804,
26,26,,,,0.010638297872340425,
27,27,,,,0.0,
28,28,,,,0.8011049723756906,
29,29,,,,0.0,
30,30,,,,0.021052631578947368,
31,31,,,,0.6711111111111111,
32,32,,,,0.0,
33,33,,,,0.5074626865671642,
34,34,,,,0.0,
35,35,,,,0.0,
36,36,,,,0.02773159539801822,
37,37,,,,0.027867357605142005,
38,38,,,,0.0,
39,39,,,,0.32323232323232326,
40,40,,,,0.7513812154696132,
41,41,,,,0.0,
42,42,,,,0.0,
43,43,,,,0.0,
44,44,,,,0.0425531914893617,
45,45,,,,0.0,
46,46,,,,0.24,
47,47,,,,0.46774193548387094,
48,48,,,,0.04575380727538738,
49,49,,,,0.045770967239730447,
50,50,,,,0.0,
51,51,,,,0.0,
52,52,,,,0.753731343283582,
53,53,,,,0.4696132596685083,
54,54,,,,0.0,
55,55,,,,0.6018808777429467,
56,56,,,,0.5686274509803921,
57,57,,,,0.5845070422535211,
58,58,,,,0.16842105263157894,
59,59,,,,0.0,
60,60,,,,0.06271197712309637,
61,61,,,,0.06320752618819919,
62,62,,,,0.0,
63,63,,,,0.0,
64,64,,,,0.005434782608695652,
65,65,,,,0.0,
66,66,,,,0.22608695652173913,
67,67,,,,0.031578947368421054,
68,68,,,,0.17318435754189945,
69,69,,,,0.0,
70,70,,,,0.0,
71,71,,,,0.0,
72,72,,,,0.04768238345414644,
73,73,,,,0.047594688966483556,
74,74,,,,0.0,
75,75,,,,0.0,
76,76,,,,0.0,
77,77,,,,0.03296703296703297,
78,78,,,,0.0,
79,79,,,,0.015873015873015872,
80,80,,,,0.05172413793103448,
81,81,,,,0.3391304347826087,
82,82,,,,0.0,
83,83,,,,0.0,
84,84,,,,0.05539668816918268,
85,85,,,,0.056023841825500964,
86,86,,,,0.0,
87,87,,,,0.528169014084507,
88,88,,,,0.6078431372549019,
89,89,,,,0.009708737864077669,
90,90,,,,0.08571428571428572,
91,91,,,,0.31176470588235294,
92,92,,,,0.32,
93,93,,,,0.0,
94,94,,,,0.7910447761194029,
95,95,,,,0.0,
96,96,,,,0.057458269601649264,
97,97,,,,0.057358272357271534,
98,98,,,,0.0,
99,99,,,,0.0,
100,100,,,,0.0,
101,101,,,,0.0,
102,102,,,,0.0,
103,103,,,,0.0,
104,104,,,,0.3208955223880597,
105,105,,,,0.04395604395604396,
106,106,,,,0.0,
107,107,,,,0.35344827586206895,
108,108,,,,0.0690962293010574,
109,109,,,,0.06656584302648845,
110,110,,,,0.25177304964539005,
111,111,,,,0.004830917874396135,
112,112,,,,0.0,
113,113,,,,0.0,
114,114,,,,0.0,
115,115,,,,0.0,
116,116,,,,0.0,
117,117,,,,0.17032967032967034,
118,118,,,,0.0,
119,119,,,,0.08791208791208792,
120,120,,,,0.06384252177961029,
121,121,,,,0.062295665324822634,
122,122,,,,0.06164383561643835,
123,123,,,,0.0,
124,124,,,,0.0,
125,125,,,,0.16,
126,126,,,,0.3879310344827586,
127,127,,,,0.0,
128,128,,,,0.0,
129,129,,,,0.44808743169398907,
130,130,,,,0.0,
131,131,,,,0.02608695652173913,
132,132,,,,0.050142980647735584,
133,133,,,,0.0516202210706581,
134,134,,,,0.02054794520547945,
135,135,,,,0.35074626865671643,
136,136,,,,0.0048543689320388345,
137,137,,,,0.0,
138,138,,,,0.0,
139,139,,,,0.031578947368421054,
140,140,,,,0.0,
141,141,,,,0.0,
142,142,,,,0.5422535211267606,
143,143,,,,0.0,
144,144,,,,0.0927711644609962,
145,145,,,,0.09283188399350577,
146,146,,,,0.006060606060606061,
147,147,,,,0.45689655172413796,
148,148,,,,0.43548387096774194,
149,149,,,,0.13186813186813187,
150,150,,,,0.031496062992125984,
151,151,,,,0.21176470588235294,
152,152,,,,0.0,
153,153,,,,0.052980132450331126,
154,154,,,,0.0,
155,155,,,,0.09174311926605505,
156,156,,,,0.08445833610427612,
157,157,,,,0.0850477058915108,
158,158,,,,0.0,
159,159,,,,0.012539184952978056,
160,160,,,,0.2087912087912088,
161,161,,,,0.0,
162,162,,,,0.0,
163,163,,,,0.0,
164,164,,,,0.0,
165,165,,,,0.0,
166,166,,,,0.0,
167,167,,,,0.0,
168,168,,,,0.0719558422557691,
169,169,,,,0.07172564108266798,
170,170,,,,0.0061162079510703364,
171,171,,,,0.009708737864077669,
172,172,,,,0.0,
173,173,,,,0.009708737864077669,
174,174,,,,0.0,
175,175,,,,0.0,
176,176,,,,0.0,
177,177,,,,0.0,
178,178,,,,0.16,
179,179,,,,0.0,
180,180,,,,0.05872181951187072,
181,181,,,,0.05898182950425906,
182,182,,,,0.046296296296296294,
183,183,,,,0.06829268292682927,
184,184,,,,0.0,
185,185,,,,0.0,
186,186,,,,0.010526315789473684,
187,187,,,,0.014563106796116505,
188,188,,,,0.1619718309859155,
189,189,,,,0.0,
190,190,,,,0.014184397163120567,
191,191,,,,0.06349206349206349,
192,192,,,,0.05951985103411585,
193,193,,,,0.059093032048573274,
194,194,,,,0.0,
195,195,,,,0.0,
196,196,,,,0.0,
197,197,,,,0.2413793103448276,
198,198,,,,0.5656565656565656,
199,199,,,,0.0,
200,200,,,,0.0,
201,201,,,,0.0,
202,202,,,,0.2261904761904762,
203,203,,,,0.03910614525139665,
204,204,,,,0.05160603843851832,
205,205,,,,0.05064163868069301,
206,206,,,,0.023622047244094488,
207,207,,,,0.010416666666666666,
208,208,,,,0.031578947368421054,
209,209,,,,0.549645390070922,
210,210,,,,0.0,
211,211,,,,0.00975609756097561,
212,212,,,,0.08609271523178808,
213,213,,,,0.09734513274336283,
214,214,,,,0.0,
215,215,,,,0.0,
216,216,,,,0.07029327658442508,
217,217,,,,0.0688343749304984,
218,218,,,,0.0,
219,219,,,,0.017391304347826087,
220,220,,,,0.2463768115942029,
221,221,,,,0.0,
222,222,,,,0.0,
223,223,,,,0.009708737864077669,
224,224,,,,0.13043478260869565,
225,225,,,,0.15609756097560976,
226,226,,,,0.0,
227,227,,,,0.0,
228,228,,,,0.07321939216599056,
229,229,,,,0.0722594132953762,
230,230,,,,0.08463949843260188,
231,231,,,,0.4057971014492754,
232,232,,,,0.0,
233,233,,,,0.0,
234,234,,,,0.0,
235,235,,,,0.02127659574468085,
236,236,,,,0.10989010989010989,
237,237,,,,0.0,
238,238,,,,0.027777777777777776,
239,239,,,,0.0,
240,240,,,,0.0712908159872315,
241,241,,,,0.06830060271779018,
242,242,,,,0.0,
243,243,,,,0.14666666666666667,
244,244,,,,0.0,
245,245,,,,0.0,
246,246,,,,0.582089552238806,
247,247,,,,0.23972602739726026,
248,248,,,,0.09340659340659341,
249,249,,,,0.007194244604316547,
250,250,,,,0.3217391304347826,
251,251,,,,0.09090909090909091,
252,252,,,,0.06863071091308107,
253,253,,,,0.06520917198585503,
254,254,,,,0.4421052631578947,
255,255,,,,0.3137254901960784,
256,256,,,,0.0,
257,257,,,,0.07368421052631578,
258,258,,,,0.0,
259,259,,,,0.0,
260,260,,,,0.0728476821192053,
261,261,,,,0.0,
262,262,,,,0.0,
263,263,,,,0.20689655172413793,
264,264,,,,0.06617011371949191,
265,265,,,,0.06487556435291239,
266,266,,,,0.0,
267,267,,,,0.0,
268,268,,,,0.0,
269,269,,,,0.0,
270,270,,,,0.017142857142857144,
271,271,,,,0.2,
272,272,,,,0.08080808080808081,
273,273,,,,0.030303030303030304,
274,274,,,,0.12698412698412698,
275,275,,,,0.0,
276,276,,,,0.07069229234554765,
277,277,,,,0.06923470409002958,
278,278,,,,0.012121212121212121,
279,279,,,,0.0,
280,280,,,,0.0,
281,281,,,,0.1810344827586207,
282,282,,,,0.17391304347826086,
283,283,,,,0.21761658031088082,
284,284,,,,0.2898550724637681,
285,285,,,,0.061946902654867256,
286,286,,,,0.0,
287,287,,,,0.17560975609756097,
288,288,,,,0.0802686706124892,
289,289,,,,0.07846451526810934,
290,290,,,,0.36904761904761907,
291,291,,,,0.06086956521739131,
292,292,,,,0.0,
293,293,,,,0.023622047244094488,
294,294,,,,0.14285714285714285,
295,295,,,,0.2,
296,296,,,,0.3841059602649007,
297,297,,,,0.7698412698412699,
298,298,,,,0.0,
299,299,,,,0.15517241379310345,
300,300,,,,0.09004455675999203,
301,301,,,,0.08729399728665792,
302,302,,,,0.0,
303,303,,,,0.0,
304,304,,,,0.0,
305,305,,,,0.12121212121212122,
306,306,,,,0.4195121951219512,
307,307,,,,0.0,
308,308,,,,0.0,
309,309,,,,0.0,
310,310,,,,0.0,
311,311,,,,0.12056737588652482,
312,312,,,,0.07581299461328722,
313,313,,,,0.07208148922447345,
314,314,,,,0.12953367875647667,
315,315,,,,0.027522935779816515,
316,316,,,,0.0,
317,317,,,,0.0,
318,318,,,,0.8253968253968254,
319,319,,,,0.28421052631578947,
320,320,,,,0.0,
321,321,,,,0.3551912568306011,
322,322,,,,0.0,
323,323,,,,0.19014084507042253,
324,324,,,,0.08578838864135134,
325,325,,,,0.08355759179770034,
326,326,,,,0.00980392156862745,
327,327,,,,0.19014084507042253,
328,328,,,,0.0,
329,329,,,,0.0,
330,330,,,,0.5573770491803278,
331,331,,,,0.06622516556291391,
332,332,,,,0.0,
333,333,,,,0.07729468599033816,
334,334,,,,0.02717391304347826,
335,335,,,,0.1417910447761194,
336,336,,,,0.08020216798563544,
337,337,,,,0.07530636300958565,
338,338,,,,0.20444444444444446,
339,339,,,,0.0,
340,340,,,,0.06310679611650485,
341,341,,,,0.0,
342,342,,,,0.1368421052631579,
343,343,,,,0.23232323232323232,
344,344,,,,0.12682926829268293,
345,345,,,,0.007407407407407408,
346,346,,,,0.5161290322580645,
347,347,,,,0.0,
348,348,,,,0.11950522045620803,
349,349,,,,0.1144274180993261,
350,350,,,,0.17318435754189945,
351,351,,,,0.0,
352,352,,,,0.14705882352941177,
353,353,,,,0.0,
354,354,,,,0.0196078431372549,
355,355,,,,0.0,
356,356,,,,0.1724137931034483,
357,357,,,,0.0,
358,358,,,,0.009708737864077669,
359,359,,,,0.0,
360,360,,,,0.0768770366429474,
361,361,,,,0.07136979294086249,
362,362,,,,0.3314917127071823,
363,363,,,,0.02912621359223301,
364,364,,,,0.5478260869565217,
365,365,,,,0.0,
366,366,,,,0.0,
367,367,,,,0.0,
368,368,,,,0.04878048780487805,
369,369,,,,0.0,
370,370,,,,0.0055248618784530384,
371,371,,,,0.20772946859903382,
372,372,,,,0.10228104010108399,
373,373,,,,0.09754687187242844,
374,374,,,,0.0,
375,375,,,,0.0,
376,376,,,,0.024242424242424242,
377,377,,,,0.0,
378,378,,,,0.13274336283185842,
379,379,,,,0.0,
380,380,,,,0.021052631578947368,
381,381,,,,0.6133333333333333,
382,382,,,,0.0,
383,383,,,,0.32323232323232326,
384,384,,,,0.09875640087783467,
385,385,,,,0.09418855503413918,
386,386,,,,0.30597014925373134,
387,387,,,,0.0,
388,388,,,,0.1951219512195122,
389,389,,,,0.21830985915492956,
390,390,,,,0.463768115942029,
391,391,,,,0.23178807947019867,
392,392,,,,0.007874015748031496,
393,393,,,,0.0,
394,394,,,,0.18181818181818182,
395,395,,,,0.18435754189944134,
396,396,,,,0.09090909090909091,
397,397,,,,0.08764984542846341,
398,398,,,,0.07881773399014778,
399,399,,,,0.1111111111111111,
400,400,,,,0.014634146341463415,
401,,,,,0.0,
402,,,,,0.30569948186528495,
403,,,,,0.0,
404,,,,,0.031578947368421054,
405,,,,,0.7857142857142857,
406,,,,,0.06593406593406594,
407,,,,,0.33620689655172414,
408,,,,,0.10693622398084725,
409,,,,,0.10257322687543091,
410,,,,,0.13043478260869565,
411,,,,,0.0,
412,,,,,0.391304347826087,
413,,,,,0.0,
414,,,,,0.0049261083743842365,
415,,,,,0.0,
416,,,,,0.30939226519337015,
417,,,,,0.04075235109717868,
418,,,,,0.0,
419,,,,,0.0,
420,,,,,0.07893861807541398,
421,,,,,0.07879812290105198,
422,,,,,0.0,
423,,,,,0.07142857142857142,
424,,,,,0.0,
425,,,,,0.0048543689320388345,
426,,,,,0.0,
427,,,,,0.0,
428,,,,,0.0,
429,,,,,0.041666666666666664,
430,,,,,0.0,
431,,,,,0.13245033112582782,
432,,,,,0.0660371084657844,
433,,,,,0.06725529880123657,
434,,,,,0.0,
435,,,,,0.013029315960912053,
436,,,,,0.27932960893854747,
437,,,,,0.08463949843260188,
438,,,,,0.3684210526315789,
439,,,,,0.08241758241758242,
440,,,,,0.27941176470588236,
441,,,,,0.0,
442,,,,,0.0,
443,,,,,0.0,
444,,,,,0.09210613819245861,
445,,,,,0.09100816226675267,
446,,,,,0.0,
447,,,,,0.0,
448,,,,,0.0,
449,,,,,0.0,
450,,,,,0.0,
451,,,,,0.0,
452,,,,,0.0979020979020979,
453,,,,,0.0,
454,,,,,0.0048543689320388345,
455,,,,,0.09929078014184398,
456,,,,,0.07055928709184013,
457,,,,,0.07032448902430888,
458,,,,,0.1941747572815534,
459,,,,,0.17391304347826086,
460,,,,,0.0,
461,,,,,0.24571428571428572,
462,,,,,0.0,
463,,,,,0.10101010101010101,
464,,,,,0.4224137931034483,
465,,,,,0.0,
466,,,,,0.006514657980456026,
467,,,,,0.0,
468,,,,,0.10314557425018288,
469,,,,,0.10068278362208927,
470,,,,,0.0,
471,,,,,0.0,
472,,,,,0.028169014084507043,
473,,,,,0.032407407407407406,
474,,,,,0.01079136690647482,
475,,,,,0.4701492537313433,
476,,,,,0.20238095238095238,
477,,,,,0.0,
478,,,,,0.01932367149758454,
479,,,,,0.007874015748031496,
480,,,,,0.08977854625257697,
481,,,,,0.0873384783043836,
482,,,,,0.2413793103448276,
483,,,,,0.0,
484,,,,,0.0970464135021097,
485,,,,,0.16444444444444445,
486,,,,,0.014388489208633094,
487,,,,,0.0,
488,,,,,0.010869565217391304,
489,,,,,0.7365853658536585,
490,,,,,0.13658536585365855,
491,,,,,0.8174603174603174,
492,,,,,0.10573917669747955,
493,,,,,0.10392989791606431,
494,,,,,0.8253968253968254,
495,,,,,0.23529411764705882,
496,,,,,0.463768115942029,
497,,,,,0.1919191919191919,
498,,,,,0.0,
499,,,,,0.0,
500,,,,,0.0728476821192053,
501,,,,,0.0,
502,,,,,0.0958904109589041,
503,,,,,0.38341968911917096,
504,,,,,0.09037706989426082,
505,,,,,0.08718279474234371,
506,,,,,0.0,
507,,,,,0.0,
508,,,,,0.0,
509,,,,,0.08463949843260188,
510,,,,,0.00819672131147541,
511,,,,,0.0,
512,,,,,0.06086956521739131,
513,,,,,0.0,
514,,,,,0.0,
515,,,,,0.0048543689320388345,
516,,,,,0.07149032386779278,
517,,,,,0.06818940017347597,
518,,,,,0.46956521739130436,
519,,,,,0.0,
520,,,,,0.009708737864077669,
521,,,,,0.0,
522,,,,,0.045871559633027525,
523,,,,,0.02280130293159609,
524,,,,,0.0,
525,,,,,0.00980392156862745,
526,,,,,0.0,
527,,,,,0.16585365853658537,
528,,,,,0.09117510141650595,
529,,,,,0.08974045326157062,
530,,,,,0.14285714285714285,
531,,,,,0.0,
532,,,,,0.11702127659574468,
533,,,,,0.0,
534,,,,,0.3473684210526316,
535,,,,,0.0,
536,,,,,0.0,
537,,,,,0.45161290322580644,
538,,,,,0.050505050505050504,
539,,,,,0.0,
540,,,,,0.09217264081931237,
541,,,,,0.08898427596023396,
542,,,,,0.0,
543,,,,,0.0,
544,,,,,0.10666666666666667,
545,,,,,0.0,
546,,,,,0.42,
547,,,,,0.01834862385321101,
548,,,,,0.0,
549,,,,,0.2,
550,,,,,0.014705882352941176,
551,,,,,0.0,
552,,,,,0.08598789652191262,
553,,,,,0.08582612370171029,
554,,,,,0.0,
555,,,,,0.32323232323232326,
556,,,,,0.25862068965517243,
557,,,,,0.009708737864077669,
558,,,,,0.21176470588235294,
559,,,,,0.0,
560,,,,,0.15873015873015872,
561,,,,,0.18536585365853658,
562,,,,,0.7777777777777778,
563,,,,,0.0,
564,,,,,0.08964554099886946,
565,,,,,0.08900651646909681,
566,,,,,0.0,
567,,,,,0.3473684210526316,
568,,,,,0.4530386740331492,
569,,,,,0.03529411764705882,
570,,,,,0.0,
571,,,,,0.0,
572,,,,,0.24647887323943662,
573,,,,,0.32608695652173914,
574,,,,,0.0,
575,,,,,0.005494505494505495,
576,,,,,0.12216532553035844,
577,,,,,0.11914240597824878,
578,,,,,0.009174311926605505,
579,,,,,0.0,
580,,,,,0.0,
581,,,,,0.0,
582,,,,,0.15753424657534246,
583,,,,,0.034482758620689655,
584,,,,,0.019417475728155338,
585,,,,,0.0,
586,,,,,0.3358208955223881,
587,,,,,0.0,
588,,,,,0.10367759526501297,
589,,,,,0.10232858127793965,
590,,,,,0.009708737864077669,
591,,,,,0.14285714285714285,
592,,,,,0.34146341463414637,
593,,,,,0.4782608695652174,
594,,,,,0.004901960784313725,
595,,,,,0.30434782608695654,
596,,,,,0.0,
597,,,,,0.0,
598,,,,,0.0,
599,,,,,0.09777777777777778,
600,,,,,0.09789186672873579,
601,,,,,0.09458888419367036,
602,,,,,0.0,
603,,,,,0.0,
604,,,,,0.014705882352941176,
605,,,,,0.6086956521739131,
606,,,,,0.26256983240223464,
607,,,,,0.18134715025906736,
608,,,,,0.287292817679558,
609,,,,,0.1390728476821192,
610,,,,,0.02877697841726619,
611,,,,,0.25274725274725274,
612,,,,,0.12116778612755204,
613,,,,,0.11778573493761538,
614,,,,,0.0,
615,,,,,0.06285714285714286,
616,,,,,0.37748344370860926,
617,,,,,0.13829787234042554,
618,,,,,0.41333333333333333,
619,,,,,0.017543859649122806,
620,,,,,0.029411764705882353,
621,,,,,0.0,
622,,,,,0.08904109589041095,
623,,,,,0.13120567375886524,
624,,,,,0.12043625723216067,
625,,,,,0.11645130440584481,
626,,,,,0.1391304347826087,
627,,,,,0.25,
628,,,,,0.0,
629,,,,,0.43137254901960786,
630,,,,,0.32,
631,,,,,0.5050505050505051,
632,,,,,0.0,
633,,,,,0.0,
634,,,,,0.0,
635,,,,,0.3743016759776536,
636,,,,,0.0985568929972734,
637,,,,,0.09605675777861797,
638,,,,,0.30526315789473685,
639,,,,,0.0,
640,,,,,0.591304347826087,
641,,,,,0.04854368932038835,
642,,,,,0.054945054945054944,
643,,,,,0.00390625,
644,,,,,0.09359605911330049,
645,,,,,0.0,
646,,,,,0.21428571428571427,
647,,,,,0.4371584699453552,
648,,,,,0.15854226241936556,
649,,,,,0.1518581945154905,
650,,,,,0.22705314009661837,
651,,,,,0.012121212121212121,
652,,,,,0.0,
653,,,,,0.17616580310880828,
654,,,,,0.2727272727272727,
655,,,,,0.0,
656,,,,,0.1956521739130435,
657,,,,,0.0,
658,,,,,0.36312849162011174,
659,,,,,0.1506849315068493,
660,,,,,0.11218993150229434,
661,,,,,0.10944554411404933,
662,,,,,0.0,
663,,,,,0.0,
664,,,,,0.26582278481012656,
665,,,,,0.33620689655172414,
666,,,,,0.0,
667,,,,,0.5363128491620112,
668,,,,,0.7254901960784313,
669,,,,,0.0,
670,,,,,0.28,
671,,,,,0.22797927461139897,
672,,,,,0.12429340958967879,
673,,,,,0.12261192536085226,
674,,,,,0.0,
675,,,,,0.0,
676,,,,,0.24210526315789474,
677,,,,,0.0,
678,,,,,0.004878048780487805,
679,,,,,0.0,
680,,,,,0.0,
681,,,,,0.0,
682,,,,,0.09714285714285714,
683,,,,,0.037037037037037035,
684,,,,,0.13034514863337102,
685,,,,,0.12810533104997443,
686,,,,,0.0,
687,,,,,0.13286713286713286,
688,,,,,0.0,
689,,,,,0.0,
690,,,,,0.02127659574468085,
691,,,,,0.0,
692,,,,,0.07523510971786834,
693,,,,,0.013888888888888888,
694,,,,,0.010416666666666666,
695,,,,,0.36904761904761907,
696,,,,,0.1327392432001064,
697,,,,,0.1307964326223784,
698,,,,,0.5211267605633803,
699,,,,,0.23178807947019867,
700,,,,,0.3620689655172414,
701,,,,,0.15873015873015872,
702,,,,,0.0,
703,,,,,0.011764705882352941,
704,,,,,0.0,
705,,,,,0.32941176470588235,
706,,,,,0.4057971014492754,
707,,,,,0.0,
708,,,,,0.1252909489924852,
709,,,,,0.12468029268509663,
710,,,,,0.782608695652174,
711,,,,,0.0,
712,,,,,0.08150470219435736,
713,,,,,0.31896551724137934,
714,,,,,0.0,
715,,,,,0.004878048780487805,
716,,,,,0.0055248618784530384,
717,,,,,0.0,
718,,,,,0.0,
719,,,,,0.033816425120772944,
720,,,,,0.12017024672474563,
721,,,,,0.11662922847674755,
722,,,,,0.041666666666666664,
723,,,,,0.0,
724,,,,,0.13479623824451412,
725,,,,,0.20634920634920634,
726,,,,,0.0,
727,,,,,0.08241758241758242,
728,,,,,0.1721311475409836,
729,,,,,0.03669724770642202,
730,,,,,0.022222222222222223,
731,,,,,0.0,
732,,,,,0.14843386313759394,
733,,,,,0.14823299157084713,
734,,,,,0.0,
735,,,,,0.0,
736,,,,,0.0048543689320388345,
737,,,,,0.0,
738,,,,,0.24175824175824176,
739,,,,,0.0,
740,,,,,0.36423841059602646,
741,,,,,0.019417475728155338,
742,,,,,0.37333333333333335,
743,,,,,0.3941176470588235,
744,,,,,0.1190397020682317,
745,,,,,0.1173854057780842,
746,,,,,0.0,
747,,,,,0.0,
748,,,,,0.03529411764705882,
749,,,,,0.0,
750,,,,,0.0,
751,,,,,0.029411764705882353,
752,,,,,0.34523809523809523,
753,,,,,0.7043478260869566,
754,,,,,0.019417475728155338,
755,,,,,0.05956112852664577,
756,,,,,0.13453481412515794,
757,,,,,0.13344305317705668,
758,,,,,0.0,
759,,,,,0.0,
760,,,,,0.0,
761,,,,,0.0,
762,,,,,0.0728476821192053,
763,,,,,0.007194244604316547,
764,,,,,0.0,
765,,,,,0.009708737864077669,
766,,,,,0.0,
767,,,,,0.10362694300518134,
768,,,,,0.09948792977322604,
769,,,,,0.09992660632075262,
770,,,,,0.0,
771,,,,,0.0,
772,,,,,0.3509933774834437,
773,,,,,0.0,
774,,,,,0.0,
775,,,,,0.0,
776,,,,,0.21739130434782608,
777,,,,,0.0,
778,,,,,0.0070921985815602835,
779,,,,,0.1712538226299694,
780,,,,,0.1088648001596063,
781,,,,,0.1079776705291017,
782,,,,,0.02912621359223301,
783,,,,,0.0,
784,,,,,0.0,
785,,,,,0.0,
786,,,,,0.0,
787,,,,,0.0,
788,,,,,0.17058823529411765,
789,,,,,0.5756097560975609,
790,,,,,0.02912621359223301,
791,,,,,0.0,
792,,,,,0.10101749019086254,
793,,,,,0.10008228988279252,
794,,,,,0.011049723756906077,
795,,,,,0.023529411764705882,
796,,,,,0.6298342541436464,
797,,,,,0.0048543689320388345,
798,,,,,0.5761589403973509,
799,,,,,0.01079136690647482,
800,,,,,0.9896373056994818,
801,,,,,0.0,
802,,,,,0.0,
803,,,,,0.08695652173913043,
804,,,,,0.1578107335239742,
805,,,,,0.15599492916397928,
806,,,,,0.0,
807,,,,,0.0,
808,,,,,0.0,
809,,,,,0.0,
810,,,,,0.024242424242424242,
811,,,,,0.32608695652173914,
812,,,,,0.26262626262626265,
813,,,,,0.5645161290322581,
814,,,,,0.5217391304347826,
815,,,,,0.0,
816,,,,,0.12236483341091973,
817,,,,,0.12101060872272758,
818,,,,,0.12037037037037036,
819,,,,,0.0,
820,,,,,0.02912621359223301,
821,,,,,0.09714285714285714,
822,,,,,0.41530054644808745,
823,,,,,0.0,
824,,,,,0.0,
825,,,,,0.152317880794702,
826,,,,,0.011049723756906077,
827,,,,,0.024390243902439025,
828,,,,,0.12302985967945734,
829,,,,,0.12027667193025376,
830,,,,,0.0,
831,,,,,0.008264462809917356,
832,,,,,0.6434782608695652,
833,,,,,0.1553398058252427,
834,,,,,0.54,
835,,,,,0.0958904109589041,
836,,,,,0.0,
837,,,,,0.4585365853658537,
838,,,,,0.0,
839,,,,,0.32608695652173914,
840,,,,,0.11026135532353527,
841,,,,,0.10857816426839846,
842,,,,,0.2826086956521739,
843,,,,,0.43661971830985913,
844,,,,,0.13526570048309178,
845,,,,,0.44,
846,,,,,0.011627906976744186,
847,,,,,0.06382978723404255,
848,,,,,0.0,
849,,,,,0.208955223880597,
850,,,,,0.17333333333333334,
851,,,,,0.012121212121212121,
852,,,,,0.12515794373877767,
853,,,,,0.12210039365700687,
854,,,,,0.0,
855,,,,,0.0,
856,,,,,0.4492753623188406,
857,,,,,0.0,
858,,,,,0.0,
859,,,,,0.14285714285714285,
860,,,,,0.011764705882352941,
861,,,,,0.25120772946859904,
862,,,,,0.66,
863,,,,,0.3157894736842105,
864,,,,,0.1481678526301789,
865,,,,,0.14505259880346064,
866,,,,,0.0,
867,,,,,0.0,
868,,,,,0.44370860927152317,
869,,,,,0.0,
870,,,,,0.35074626865671643,
871,,,,,0.022222222222222223,
872,,,,,0.0,
873,,,,,0.39655172413793105,
874,,,,,0.03864734299516908,
875,,,,,0.0,
876,,,,,0.14165059519851034,
877,,,,,0.1360007116962836,
878,,,,,0.4371584699453552,
879,,,,,0.3219178082191781,
880,,,,,0.0,
881,,,,,0.36312849162011174,
882,,,,,0.7292817679558011,
883,,,,,0.0,
884,,,,,0.14782608695652175,
885,,,,,0.29310344827586204,
886,,,,,0.013888888888888888,
887,,,,,0.0,
888,,,,,0.161202367493516,
889,,,,,0.157307119186887,
890,,,,,0.3103448275862069,
891,,,,,0.4926829268292683,
892,,,,,0.32608695652173914,
893,,,,,0.0,
894,,,,,0.0,
895,,,,,0.0,
896,,,,,0.0,
897,,,,,0.25274725274725274,
898,,,,,0.12173913043478261,
899,,,,,0.09777777777777778,
900,,,,,0.12994613287224846,
901,,,,,0.12685986255365522,
902,,,,,0.007042253521126761,
903,,,,,0.0,
904,,,,,0.3358208955223881,
905,,,,,0.695364238410596,
906,,,,,0.0,
907,,,,,0.0,
908,,,,,0.0,
909,,,,,0.0,
910,,,,,0.0,
911,,,,,0.06481481481481481,
912,,,,,0.0873844516858416,
913,,,,,0.08506994640037364,
914,,,,,0.010869565217391304,
915,,,,,0.0,
916,,,,,0.4585365853658537,
917,,,,,0.0,
918,,,,,0.0,
919,,,,,0.24175824175824176,
920,,,,,0.07317073170731707,
921,,,,,0.5130434782608696,
922,,,,,0.12698412698412698,
923,,,,,0.04153354632587859,
924,,,,,0.1252909489924852,
925,,,,,0.1220114316215555,
926,,,,,0.014634146341463415,
927,,,,,0.7217391304347827,
928,,,,,0.6519337016574586,
929,,,,,0.0,
930,,,,,0.27380952380952384,
931,,,,,0.5217391304347826,
932,,,,,0.0,
933,,,,,0.8780487804878049,
934,,,,,0.09565217391304348,
935,,,,,0.0,
936,,,,,0.15940679656846446,
937,,,,,0.15537219491581966,
938,,,,,0.0,
939,,,,,0.0,
940,,,,,0.0,
941,,,,,0.0,
942,,,,,0.0,
943,,,,,0.56353591160221,
944,,,,,0.0,
945,,,,,0.0,
946,,,,,0.06070287539936102,
947,,,,,0.07692307692307693,
948,,,,,0.14989692092837667,
949,,,,,0.14918933345194937,
950,,,,,0.0,
951,,,,,0.012121212121212121,
952,,,,,0.0,
953,,,,,0.0,
954,,,,,0.29411764705882354,
955,,,,,0.23076923076923078,
956,,,,,0.3394495412844037,
957,,,,,0.10869565217391304,
958,,,,,0.0,
959,,,,,0.8015873015873016,
960,,,,,0.12056926248586819,
961,,,,,0.11843070969463781,
962,,,,,0.039568345323741004,
963,,,,,0.0,
964,,,,,0.0,
965,,,,,0.0,
966,,,,,0.29073482428115016,
967,,,,,0.0,
968,,,,,0.10869565217391304,
969,,,,,0.2222222222222222,
970,,,,,0.41304347826086957,
971,,,,,0.5217391304347826,
972,,,,,0.14098556892997274,
973,,,,,0.13893645886617886,
974,,,,,0.0,
975,,,,,0.0,
976,,,,,0.0,
977,,,,,0.0,
978,,,,,0.0,
979,,,,,0.8146341463414634,
980,,,,,0.0,
981,,,,,0.0,
982,,,,,0.0,
983,,,,,0.02,
984,,,,,0.16446099620935026,
985,,,,,0.16191090452149545,
986,,,,,0.1391304347826087,
987,,,,,0.3424657534246575,
988,,,,,0.023529411764705882,
989,,,,,0.011111111111111112,
990,,,,,0.9779005524861878,
991,,,,,0.0,
992,,,,,0.0,
993,,,,,0.17714285714285713,
994,,,,,0.0,
995,,,,,0.0,
996,,,,,0.16718760391035445,
997,,,,,0.16429063896981963,
998,,,,,0.6787564766839378,
999,,,,,0.0,
1000,,,,,0.0,
1001,,,,,0.0,
1002,,,,,0.0,
1003,,,,,0.0,
1004,,,,,0.0,
1005,,,,,0.0,
1006,,,,,0.1717171717171717,
1007,,,,,0.0,
1008,,,,,0.11717762851632639,
1009,,,,,0.11242577230167027,
1010,,,,,0.0,
1011,,,,,0.014388489208633094,
1012,,,,,0.038834951456310676,
1013,,,,,0.10273972602739725,
1014,,,,,0.005714285714285714,
1015,,,,,0.021739130434782608,
1016,,,,,0.011049723756906077,
1017,,,,,0.010416666666666666,
1018,,,,,0.0,
1019,,,,,0.2647058823529412,
1020,,,,,0.12369488594799495,
1021,,,,,0.12109957075817895,
1022,,,,,0.09565217391304348,
1023,,,,,0.08292682926829269,
1024,,,,,0.02912621359223301,
1025,,,,,0.0,
1026,,,,,0.22941176470588234,
1027,,,,,0.0,
1028,,,,,0.00390625,
1029,,,,,0.6173913043478261,
1030,,,,,0.0,
1031,,,,,0.8121546961325967,
1032,,,,,0.12276384917204229,
1033,,,,,0.11972065920868269,
1034,,,,,0.5652173913043478,
1035,,,,,0.3017241379310345,
1036,,,,,0.0,
1037,,,,,0.02109704641350211,
1038,,,,,0.06086956521739131,
1039,,,,,0.0,
1040,,,,,0.033112582781456956,
1041,,,,,0.03636363636363636,
1042,,,,,0.0,
1043,,,,,0.0,
1044,,,,,0.12675400678326795,
1045,,,,,0.12321241910014902,
1046,,,,,0.0,
1047,,,,,0.07523510971786834,
1048,,,,,0.4426229508196721,
1049,,,,,0.57,
1050,,,,,0.0,
1051,,,,,0.0,
1052,,,,,0.0,
1053,,,,,0.0,
1054,,,,,0.0,
1055,,,,,0.0,
1056,,,,,0.1134534814125158,
1057,,,,,0.11020172141538598,
1058,,,,,0.36,
1059,,,,,0.4900662251655629,
1060,,,,,0.07210031347962383,
1061,,,,,0.0,
1062,,,,,0.0,
1063,,,,,0.02912621359223301,
1064,,,,,0.009708737864077669,
1065,,,,,0.5076452599388379,
1066,,,,,0.78,
1067,,,,,0.0,
1068,,,,,0.12728602779809803,
1069,,,,,0.1264817739029869,
1070,,,,,0.1345565749235474,
1071,,,,,0.061946902654867256,
1072,,,,,0.06956521739130435,
1073,,,,,0.21568627450980393,
1074,,,,,0.013245033112582781,
1075,,,,,0.011627906976744186,
1076,,,,,0.35195530726256985,
1077,,,,,0.0,
1078,,,,,0.0,
1079,,,,,0.07777777777777778,
1080,,,,,0.12070226773957571,
1081,,,,,0.11616217779062785,
1082,,,,,0.0,
1083,,,,,0.35344827586206895,
1084,,,,,0.0,
1085,,,,,0.12698412698412698,
1086,,,,,0.0,
1087,,,,,0.13286713286713286,
1088,,,,,0.0425531914893617,
1089,,,,,0.0,
1090,,,,,0.1391304347826087,
1091,,,,,0.023529411764705882,
1092,,,,,0.11258894726341691,
1093,,,,,0.11113582278762538,
1094,,,,,0.007042253521126761,
1095,,,,,0.0,
1096,,,,,0.5217391304347826,
1097,,,,,0.0,
1098,,,,,0.5355191256830601,
1099,,,,,0.006060606060606061,
1100,,,,,0.22941176470588234,
1101,,,,,0.19555555555555557,
1102,,,,,0.17699115044247787,
1103,,,,,0.3732394366197183,
1104,,,,,0.13101017490190864,
1105,,,,,0.12706002713342082,
1106,,,,,0.012121212121212121,
1107,,,,,0.0,
1108,,,,,0.0,
1109,,,,,0.34782608695652173,
1110,,,,,0.0,
1111,,,,,0.027624309392265192,
1112,,,,,0.24210526315789474,
1113,,,,,0.004629629629629629,
1114,,,,,0.00975609756097561,
1115,,,,,0.0,
1116,,,,,0.10540666356321075,
1117,,,,,0.10361853079198452,
1118,,,,,0.43902439024390244,
1119,,,,,0.0,
1120,,,,,0.0,
1121,,,,,0.0,
1122,,,,,0.0,
1123,,,,,0.3217391304347826,
1124,,,,,0.00641025641025641,
1125,,,,,0.0,
1126,,,,,0.0,
1127,,,,,0.0,
1128,,,,,0.11677861275520383,
1129,,,,,0.1178524564642039,
1130,,,,,0.424390243902439,
1131,,,,,0.2647058823529412,
1132,,,,,0.3838383838383838,
1133,,,,,0.19130434782608696,
1134,,,,,0.6608695652173913,
1135,,,,,0.0,
1136,,,,,0.28169014084507044,
1137,,,,,0.0,
1138,,,,,0.0,
1139,,,,,0.30434782608695654,
1140,,,,,0.1389904901243599,
1141,,,,,0.13540021795698687,
1142,,,,,0.0,
1143,,,,,0.27611940298507465,
1144,,,,,0.0,
1145,,,,,0.14782608695652175,
1146,,,,,0.0,
1147,,,,,0.0,
1148,,,,,0.43434343434343436,
1149,,,,,0.0,
1150,,,,,0.04878048780487805,
1151,,,,,0.050156739811912224,
1152,,,,,0.10527365830950322,
1153,,,,,0.10181704957409425,
1154,,,,,0.00975609756097561,
1155,,,,,0.1553398058252427,
1156,,,,,0.0,
1157,,,,,0.0,
1158,,,,,0.012121212121212121,
1159,,,,,0.29473684210526313,
1160,,,,,0.19047619047619047,
1161,,,,,0.17391304347826086,
1162,,,,,0.6608695652173913,
1163,,,,,0.4859154929577465,
1164,,,,,0.1264879962758529,
1165,,,,,0.12321241910014902,
1166,,,,,0.20279720279720279,
1167,,,,,0.4253731343283582,
1168,,,,,0.0,
1169,,,,,0.016483516483516484,
1170,,,,,0.25,
1171,,,,,0.0,
1172,,,,,0.3314917127071823,
1173,,,,,0.07368421052631578,
1174,,,,,0.28695652173913044,
1175,,,,,0.0,
1176,,,,,0.12030325197845315,
1177,,,,,0.11678491203878745,
1178,,,,,0.009708737864077669,
1179,,,,,0.3473684210526316,
1180,,,,,0.23148148148148148,
1181,,,,,0.0,
1182,,,,,0.39552238805970147,
1183,,,,,0.0,
1184,,,,,0.0,
1185,,,,,0.05555555555555555,
1186,,,,,0.7043478260869566,
1187,,,,,0.0,
1188,,,,,0.15461860743499367,
1189,,,,,0.15090185263438827,
1190,,,,,0.2517482517482518,
1191,,,,,0.0,
1192,,,,,0.0,
1193,,,,,0.0,
1194,,,,,0.007407407407407408,
1195,,,,,0.009708737864077669,
1196,,,,,0.0,
1197,,,,,0.01834862385321101,
1198,,,,,0.3626373626373626,
1199,,,,,0.5578947368421052,
1200,,,,,0.12435991221653256,
1201,,,,,0.12212263416586971,
1202,,,,,0.0,
1203,,,,,0.0,
1204,,,,,0.16521739130434782,
1205,,,,,0.0,
1206,,,,,0.0,
1207,,,,,0.0,
1208,,,,,0.49,
1209,,,,,0.0,
1210,,,,,0.12173913043478261,
1211,,,,,0.0,
1212,,,,,0.12442641484338632,
1213,,,,,0.12176678602406422,
1214,,,,,0.8176795580110497,
1215,,,,,0.14106583072100312,
1216,,,,,0.0,
1217,,,,,0.23316062176165803,
1218,,,,,0.0,
1219,,,,,0.027522935779816515,
1220,,,,,0.08292682926829269,
1221,,,,,0.0,
1222,,,,,0.0,
1223,,,,,0.14285714285714285,
1224,,,,,0.13905699275121366,
1225,,,,,0.13704601561283722,
1226,,,,,0.4097560975609756,
1227,,,,,0.0,
1228,,,,,0.0,
1229,,,,,0.0,
1230,,,,,0.0,
1231,,,,,0.7142857142857143,
1232,,,,,0.0,
1233,,,,,0.29411764705882354,
1234,,,,,0.07210031347962383,
1235,,,,,0.453551912568306,
1236,,,,,0.13573186140852564,
1237,,,,,0.1355781420278896,
1238,,,,,0.17880794701986755,
1239,,,,,0.0,
1240,,,,,0.05825242718446602,
1241,,,,,0.4622222222222222,
1242,,,,,0.04945054945054945,
1243,,,,,0.36421725239616615,
1244,,,,,0.0,
1245,,,,,0.0,
1246,,,,,0.0,
1247,,,,,0.0,
1248,,,,,0.1476358316153488,
1249,,,,,0.14334007962102172,
1250,,,,,0.5072463768115942,
1251,,,,,0.0,
1252,,,,,0.0,
1253,,,,,0.007575757575757576,
1254,,,,,0.0,
1255,,,,,0.5052631578947369,
1256,,,,,0.0,
1257,,,,,0.0,
1258,,,,,0.0,
1259,,,,,0.25462962962962965,
1260,,,,,0.1764314690430272,
1261,,,,,0.17178569045659764,
1262,,,,,0.0,
1263,,,,,0.4470588235294118,
1264,,,,,0.007874015748031496,
1265,,,,,0.01,
1266,,,,,0.2,
1267,,,,,0.0,
1268,,,,,0.5463414634146342,
1269,,,,,0.0989010989010989,
1270,,,,,0.41333333333333333,
1271,,,,,0.0,
1272,,,,,0.1505619471969143,
1273,,,,,0.15019015635077732,
1274,,,,,0.208955223880597,
1275,,,,,0.27217125382262997,
1276,,,,,0.0,
1277,,,,,0.0,
1278,,,,,0.391304347826087,
1279,,,,,0.1270718232044199,
1280,,,,,0.18584070796460178,
1281,,,,,0.0,
1282,,,,,0.04929577464788732,
1283,,,,,0.22549019607843138,
1284,,,,,0.11165791048746425,
1285,,,,,0.11204768365100193,
1286,,,,,0.0,
1287,,,,,0.2320675105485232,
1288,,,,,0.32,
1289,,,,,0.0,
1290,,,,,0.3695652173913043,
1291,,,,,0.4523809523809524,
1292,,,,,0.0,
1293,,,,,0.0055248618784530384,
1294,,,,,0.3283582089552239,
1295,,,,,0.0,
1296,,,,,0.17536742701336702,
1297,,,,,0.1768120454596001,
1298,,,,,0.046296296296296294,
1299,,,,,0.004975124378109453,
1300,,,,,0.6129032258064516,
1301,,,,,0.0547945205479452,
1302,,,,,0.0,
1303,,,,,0.008264462809917356,
1304,,,,,0.3244444444444444,
1305,,,,,0.0,
1306,,,,,0.04075235109717868,
1307,,,,,0.07065217391304347,
1308,,,,,0.15062844982376805,
1309,,,,,0.14674287747703668,
1310,,,,,0.5869565217391305,
1311,,,,,0.0,
1312,,,,,0.3240223463687151,
1313,,,,,0.09782608695652174,
1314,,,,,0.40476190476190477,
1315,,,,,0.41333333333333333,
1316,,,,,0.01,
1317,,,,,0.4626865671641791,
1318,,,,,0.052980132450331126,
1319,,,,,0.0,
1320,,,,,0.1545521048081399,
1321,,,,,0.15183595400662767,
1322,,,,,0.7348066298342542,
1323,,,,,0.3972602739726027,
1324,,,,,0.22941176470588234,
1325,,,,,0.01951219512195122,
1326,,,,,0.0049261083743842365,
1327,,,,,0.2391304347826087,
1328,,,,,0.0,
1329,,,,,0.0,
1330,,,,,0.2782608695652174,
1331,,,,,0.12852664576802508,
1332,,,,,0.1780940347143712,
1333,,,,,0.17496608322398416,
1334,,,,,0.14106583072100312,
1335,,,,,0.31176470588235294,
1336,,,,,0.3442622950819672,
1337,,,,,0.0,
1338,,,,,0.3358208955223881,
1339,,,,,0.0,
1340,,,,,0.23555555555555555,
1341,,,,,0.44089456869009586,
1342,,,,,0.0,
1343,,,,,0.0,
1344,,,,,0.15461860743499367,
1345,,,,,0.15426016947267754,
1346,,,,,0.0,
1347,,,,,0.00641025641025641,
1348,,,,,0.0,
1349,,,,,0.5343137254901961,
1350,,,,,0.008264462809917356,
1351,,,,,0.0,
1352,,,,,0.06956521739130435,
1353,,,,,0.2913907284768212,
1354,,,,,0.7222222222222222,
1355,,,,,0.1642512077294686,
1356,,,,,0.17736250581897986,
1357,,,,,0.1774792607254854,
1358,,,,,0.00390625,
1359,,,,,0.43478260869565216,
1360,,,,,0.0,
1361,,,,,0.0,
1362,,,,,0.0,
1363,,,,,0.038834951456310676,
1364,,,,,0.0,
1365,,,,,0.03902439024390244,
1366,,,,,0.0,
1367,,,,,0.0,
1368,,,,,0.14251512934760924,
1369,,,,,0.14258390231968507,
1370,,,,,0.0,
1371,,,,,0.19148936170212766,
1372,,,,,0.39285714285714285,
1373,,,,,0.39436619718309857,
1374,,,,,0.0,
1375,,,,,0.13829787234042554,
1376,,,,,0.1724137931034483,
1377,,,,,0.011627906976744186,
1378,,,,,0.2835820895522388,
1379,,,,,0.28753993610223644,
1380,,,,,0.16286493316486,
1381,,,,,0.16377910726597425,
1382,,,,,0.0,
1383,,,,,0.0,
1384,,,,,0.0,
1385,,,,,0.0,
1386,,,,,0.0,
1387,,,,,0.017543859649122806,
1388,,,,,0.01818181818181818,
1389,,,,,0.08,
1390,,,,,0.5,
1391,,,,,0.24175824175824176,
1392,,,,,0.16193389638890737,
1393,,,,,0.162822765384872,
1394,,,,,0.0,
1395,,,,,0.0,
1396,,,,,0.0,
1397,,,,,0.48292682926829267,
1398,,,,,0.0,
1399,,,,,0.0,
1400,,,,,0.6869565217391305,
1401,,,,,0.06796116504854369,
1402,,,,,0.6111111111111112,
1403,,,,,0.0,
1404,,,,,0.15581565471836137,
1405,,,,,0.15608389119943064,
1406,,,,,0.4098360655737705,
1407,,,,,0.0,
1408,,,,,0.01,
1409,,,,,0.0,
1410,,,,,0.022388059701492536,
1411,,,,,0.43555555555555553,
1412,,,,,0.0,
1413,,,,,0.0,
1414,,,,,0.08235294117647059,
1415,,,,,0.7380952380952381,
1416,,,,,0.14437720289951453,
1417,,,,,0.14605342170228855,
1418,,,,,0.08737864077669903,
1419,,,,,0.12389380530973451,
1420,,,,,0.03546099290780142,
1421,,,,,0.30526315789473685,
1422,,,,,0.350210970464135,
1423,,,,,0.0,
1424,,,,,0.02,
1425,,,,,0.0,
1426,,,,,0.0,
1427,,,,,0.0049261083743842365,
1428,,,,,0.1476358316153488,
1429,,,,,0.14858883971265263,
1430,,,,,0.0,
1431,,,,,0.007042253521126761,
1432,,,,,0.3829787234042553,
1433,,,,,0.02127659574468085,
1434,,,,,0.7458563535911602,
1435,,,,,0.0,
1436,,,,,0.0,
1437,,,,,0.0,
1438,,,,,0.0,
1439,,,,,0.04926108374384237,
1440,,,,,0.14703730797366496,
1441,,,,,0.1498787892266975,
1442,,,,,0.0,
1443,,,,,0.03296703296703297,
1444,,,,,0.0,
1445,,,,,0.14634146341463414,
1446,,,,,0.031496062992125984,
1447,,,,,0.0070921985815602835,
1448,,,,,0.5725806451612904,
1449,,,,,0.25263157894736843,
1450,,,,,0.0,
1451,,,,,0.18032786885245902,
1452,,,,,0.20416306444104543,
1453,,,,,0.20323376998865733,
1454,,,,,0.0,
1455,,,,,0.9929078014184397,
1456,,,,,0.25,
1457,,,,,0.0,
1458,,,,,0.30434782608695654,
1459,,,,,0.2524271844660194,
1460,,,,,0.2782608695652174,
1461,,,,,0.0,
1462,,,,,0.0,
1463,,,,,0.3103448275862069,
1464,,,,,0.15774423089712045,
1465,,,,,0.15864154971865757,
1466,,,,,0.5191256830601093,
1467,,,,,0.15873015873015872,
1468,,,,,0.3894736842105263,
1469,,,,,0.028368794326241134,
1470,,,,,0.0,
1471,,,,,0.0,
1472,,,,,0.0,
1473,,,,,0.3235294117647059,
1474,,,,,0.4696132596685083,
1475,,,,,0.37,
1476,,,,,0.16825164594001463,
1477,,,,,0.16820496852967995,
1478,,,,,0.31746031746031744,
1479,,,,,0.8729281767955801,
1480,,,,,0.3322884012539185,
1481,,,,,0.0,
1482,,,,,0.8284313725490197,
1483,,,,,0.43529411764705883,
1484,,,,,0.2,
1485,,,,,0.0,
1486,,,,,0.0,
1487,,,,,0.00641025641025641,
1488,,,,,0.2065571590077808,
1489,,,,,0.2075706692169117,
1490,,,,,0.0,
1491,,,,,0.27932960893854747,
1492,,,,,0.0,
1493,,,,,0.20202020202020202,
1494,,,,,0.0,
1495,,,,,0.0,
1496,,,,,0.06028368794326241,
1497,,,,,0.4266666666666667,
1498,,,,,0.0,
1499,,,,,0.023148148148148147,
1500,,,,,0.1481678526301789,
1501,,,,,0.14885572581900675,
1502,,,,,0.42105263157894735,
1503,,,,,0.13934426229508196,
1504,,,,,0.17375886524822695,
1505,,,,,0.8608695652173913,
1506,,,,,0.0,
1507,,,,,0.5628415300546448,
1508,,,,,0.0,
1509,,,,,0.07291666666666667,
1510,,,,,0.0,
1511,,,,,0.0,
1512,,,,,0.15601516259892265,
1513,,,,,0.1549718657562885,
1514,,,,,0.3706896551724138,
1515,,,,,0.024390243902439025,
1516,,,,,0.4117647058823529,
1517,,,,,0.20869565217391303,
1518,,,,,0.0,
1519,,,,,0.09016393442622951,
1520,,,,,0.02,
1521,,,,,0.0,
1522,,,,,0.0,
1523,,,,,0.0,
1524,,,,,0.16652257764181685,
1525,,,,,0.16773791784356026,
1526,,,,,0.5827814569536424,
1527,,,,,0.0,
1528,,,,,0.5362318840579711,
1529,,,,,0.24475524475524477,
1530,,,,,0.7478260869565218,
1531,,,,,0.21568627450980393,
1532,,,,,0.35294117647058826,
1533,,,,,0.0,
1534,,,,,0.44029850746268656,
1535,,,,,0.0,
1536,,,,,0.14989692092837667,
1537,,,,,0.1495674221026177,
1538,,,,,0.0,
1539,,,,,0.0,
1540,,,,,0.3103448275862069,
1541,,,,,0.03937007874015748,
1542,,,,,0.0,
1543,,,,,0.0,
1544,,,,,0.0425531914893617,
1545,,,,,0.0,
1546,,,,,0.0,
1547,,,,,0.0,
1548,,,,,0.14371217663097693,
1549,,,,,0.1462313457731913,
1550,,,,,0.011428571428571429,
1551,,,,,0.022099447513812154,
1552,,,,,0.0,
1553,,,,,0.0,
1554,,,,,0.04945054945054945,
1555,,,,,0.07017543859649122,
1556,,,,,0.08780487804878048,
1557,,,,,0.0,
1558,,,,,0.0,
1559,,,,,0.004878048780487805,
1560,,,,,0.14909888940613153,
1561,,,,,0.14838867513288703,
1562,,,,,0.22058823529411764,
1563,,,,,0.626984126984127,
1564,,,,,0.0,
1565,,,,,0.4925373134328358,
1566,,,,,0.00975609756097561,
1567,,,,,0.1565217391304348,
1568,,,,,0.1330049261083744,
1569,,,,,0.0,
1570,,,,,0.03125,
1571,,,,,0.6352941176470588,
1572,,,,,0.15022943406264547,
1573,,,,,0.15027911838622868,
1574,,,,,0.05263157894736842,
1575,,,,,0.006060606060606061,
1576,,,,,0.3314285714285714,
1577,,,,,0.04560260586319218,
1578,,,,,0.0,
1579,,,,,0.21256038647342995,
1580,,,,,0.23853211009174313,
1581,,,,,0.023255813953488372,
1582,,,,,0.0,
1583,,,,,0.0,
1584,,,,,0.19305712575646738,
1585,,,,,0.1915575028356649,
1586,,,,,0.0,
1587,,,,,0.08888888888888889,
1588,,,,,0.29310344827586204,
1589,,,,,0.019867549668874173,
1590,,,,,0.00641025641025641,
1591,,,,,0.4563106796116505,
1592,,,,,0.027777777777777776,
1593,,,,,0.2222222222222222,
1594,,,,,0.0,
1595,,,,,0.09473684210526316,
1596,,,,,0.16113586486666223,
1597,,,,,0.1627115628405578,
1598,,,,,0.8956521739130435,
1599,,,,,0.01652892561983471,
1600,,,,,0.0,
1601,,,,,0.2742857142857143,
1602,,,,,0.0,
1603,,,,,0.0,
1604,,,,,0.0,
1605,,,,,0.015748031496062992,
1606,,,,,0.0,
1607,,,,,0.38837920489296635,
1608,,,,,0.19797832014364566,
1609,,,,,0.1987411871983631,
1610,,,,,0.4185303514376997,
1611,,,,,0.5915492957746479,
1612,,,,,0.0136986301369863,
1613,,,,,0.0,
1614,,,,,0.012121212121212121,
1615,,,,,0.0,
1616,,,,,0.0,
1617,,,,,0.0,
1618,,,,,0.0,
1619,,,,,0.4880952380952381,
1620,,,,,0.2162000399015761,
1621,,,,,0.21826835397993907,
1622,,,,,0.0,
1623,,,,,0.0,
1624,,,,,0.009259259259259259,
1625,,,,,0.0,
1626,,,,,0.0,
1627,,,,,0.0,
1628,,,,,0.36470588235294116,
1629,,,,,0.8675496688741722,
1630,,,,,0.0,
1631,,,,,0.3142857142857143,
1632,,,,,0.18188468444503558,
1633,,,,,0.18281698285256767,
1634,,,,,0.22131147540983606,
1635,,,,,0.0,
1636,,,,,0.0,
1637,,,,,0.10091743119266056,
1638,,,,,0.011627906976744186,
1639,,,,,0.0,
1640,,,,,0.3879310344827586,
1641,,,,,0.33043478260869563,
1642,,,,,0.008264462809917356,
1643,,,,,0.0,
1644,,,,,0.19491919930837268,
1645,,,,,0.19484909814736562,
1646,,,,,0.0,
1647,,,,,0.45689655172413796,
1648,,,,,0.6736842105263158,
1649,,,,,0.0,
1650,,,,,0.08771929824561403,
1651,,,,,0.0,
1652,,,,,0.37058823529411766,
1653,,,,,0.09411764705882353,
1654,,,,,0.1657142857142857,
1655,,,,,0.0,
1656,,,,,0.2089512535745162,
1657,,,,,0.20545782087494163,
1658,,,,,0.2808219178082192,
1659,,,,,0.0,
1660,,,,,0.42028985507246375,
1661,,,,,0.2698412698412698,
1662,,,,,0.0055248618784530384,
1663,,,,,0.0,
1664,,,,,0.7652173913043478,
1665,,,,,0.3473684210526316,
1666,,,,,0.2608695652173913,
1667,,,,,0.038834951456310676,
1668,,,,,0.22577641816851765,
1669,,,,,0.22418432933745525,
1670,,,,,0.0,
1671,,,,,0.5073170731707317,
1672,,,,,0.00975609756097561,
1673,,,,,0.1885245901639344,
1674,,,,,0.0,
1675,,,,,0.0,
1676,,,,,0.13245033112582782,
1677,,,,,0.6056338028169014,
1678,,,,,0.0,
1679,,,,,0.0,
1680,,,,,0.19086253907029327,
1681,,,,,0.19262504726108134,
1682,,,,,0.23776223776223776,
1683,,,,,0.08333333333333333,
1684,,,,,0.029535864978902954,
1685,,,,,0.4857142857142857,
1686,,,,,0.4728434504792332,
1687,,,,,0.0,
1688,,,,,0.049019607843137254,
1689,,,,,0.01818181818181818,
1690,,,,,0.03424657534246575,
1691,,,,,0.0,
1692,,,,,0.22371483673605108,
1693,,,,,0.22362831661588417,
1694,,,,,0.022222222222222223,
1695,,,,,0.6587301587301587,
1696,,,,,0.4294117647058823,
1697,,,,,0.08849557522123894,
1698,,,,,0.2849740932642487,
1699,,,,,0.06896551724137931,
1700,,,,,0.32941176470588235,
1701,,,,,0.3,
1702,,,,,0.04132231404958678,
1703,,,,,0.45689655172413796,
1704,,,,,0.267939083593802,
1705,,,,,0.2655961568400685,
1706,,,,,0.027522935779816515,
1707,,,,,0.45263157894736844,
1708,,,,,0.0,
1709,,,,,0.08,
1710,,,,,0.0,
1711,,,,,0.11450381679389313,
1712,,,,,0.0,
1713,,,,,0.5894039735099338,
1714,,,,,0.6190476190476191,
1715,,,,,0.0425531914893617,
1716,,,,,0.24253508013566535,
1717,,,,,0.2446455974912706,
1718,,,,,0.007874015748031496,
1719,,,,,0.6371308016877637,
1720,,,,,0.0,
1721,,,,,0.0,
1722,,,,,0.15555555555555556,
1723,,,,,0.0,
1724,,,,,0.49333333333333335,
1725,,,,,0.58,
1726,,,,,0.43478260869565216,
1727,,,,,0.15151515151515152,
1728,,,,,0.23089712043625724,
1729,,,,,0.2297666970620288,
1730,,,,,0.5273972602739726,
1731,,,,,0.5698324022346368,
1732,,,,,0.1111111111111111,
1733,,,,,0.0,
1734,,,,,0.1834862385321101,
1735,,,,,0.39344262295081966,
1736,,,,,0.13829787234042554,
1737,,,,,0.006060606060606061,
1738,,,,,0.35428571428571426,
1739,,,,,0.0,
1740,,,,,0.22491188401941878,
1741,,,,,0.22360607610702132,
1742,,,,,0.609271523178808,
1743,,,,,0.0,
1744,,,,,0.4574468085106383,
1745,,,,,0.5333333333333333,
1746,,,,,0.6517571884984026,
1747,,,,,0.034482758620689655,
1748,,,,,0.0,
1749,,,,,0.0,
1750,,,,,0.04390243902439024,
1751,,,,,0.2537313432835821,
1752,,,,,0.16891667220855225,
1753,,,,,0.1692057914285079,
1754,,,,,0.0,
1755,,,,,0.0,
1756,,,,,0.006060606060606061,
1757,,,,,0.0,
1758,,,,,0.009259259259259259,
1759,,,,,0.31176470588235294,
1760,,,,,0.5633802816901409,
1761,,,,,0.5949367088607594,
1762,,,,,0.6825396825396826,
1763,,,,,0.05785123966942149,
1764,,,,,0.21440446897652457,
1765,,,,,0.21488779663278695,
1766,,,,,0.046511627906976744,
1767,,,,,0.026490066225165563,
1768,,,,,0.17475728155339806,
1769,,,,,0.05785123966942149,
1770,,,,,0.0,
1771,,,,,0.0,
1772,,,,,0.0,
1773,,,,,0.13736263736263737,
1774,,,,,0.0,
1775,,,,,0.5559105431309904,
1776,,,,,0.2206557159007781,
1777,,,,,0.22169339234481686,
1778,,,,,0.7258064516129032,
1779,,,,,0.5157894736842106,
1780,,,,,0.07878787878787878,
1781,,,,,0.0,
1782,,,,,0.5869565217391305,
1783,,,,,0.441340782122905,
1784,,,,,0.0,
1785,,,,,0.4195121951219512,
1786,,,,,0.0,
1787,,,,,0.3480392156862745,
1788,,,,,0.2721287490855889,
1789,,,,,0.267086270933879,
1790,,,,,0.0,
1791,,,,,0.0877742946708464,
1792,,,,,0.0,
1793,,,,,0.0,
1794,,,,,0.7304347826086957,
1795,,,,,0.0,
1796,,,,,0.0,
1797,,,,,0.0,
1798,,,,,0.0,
1799,,,,,0.05217391304347826,
1800,,,,,0.23069761255569596,
1801,,,,,0.22836554500366968,
1802,,,,,0.0,
1803,,,,,0.5565217391304348,
1804,,,,,0.06382978723404255,
1805,,,,,0.0,
1806,,,,,0.52,
1807,,,,,0.0,
1808,,,,,0.4262295081967213,
1809,,,,,0.13541666666666666,
1810,,,,,0.0,
1811,,,,,0.5633802816901409,
1812,,,,,0.19950788056128216,
1813,,,,,0.20065387096056758,
1814,,,,,0.0,
1815,,,,,0.0,
1816,,,,,0.16521739130434782,
1817,,,,,0.19469026548672566,
1818,,,,,0.0,
1819,,,,,0.007874015748031496,
1820,,,,,0.44,
1821,,,,,0.05504587155963303,
1822,,,,,0.1553398058252427,
1823,,,,,0.0,
1824,,,,,0.16319744629912883,
1825,,,,,0.1691613104107822,
1826,,,,,0.0,
1827,,,,,0.0,
1828,,,,,0.6029411764705882,
1829,,,,,0.6033519553072626,
1830,,,,,0.0,
1831,,,,,0.3805970149253731,
1832,,,,,0.0,
1833,,,,,0.5823529411764706,
1834,,,,,0.0,
1835,,,,,0.07692307692307693,
1836,,,,,0.15741171776285162,
1837,,,,,0.15937548651113137,
1838,,,,,0.0,
1839,,,,,0.0,
1840,,,,,0.2,
1841,,,,,0.3217391304347826,
1842,,,,,0.0,
1843,,,,,0.7170731707317073,
1844,,,,,0.0,
1845,,,,,0.07291666666666667,
1846,,,,,0.0,
1847,,,,,0.0,
1848,,,,,0.18394626587750215,
1849,,,,,0.18561928696928587,
1850,,,,,0.046296296296296294,
1851,,,,,0.5434782608695652,
1852,,,,,0.03669724770642202,
1853,,,,,0.0,
1854,,,,,0.42105263157894735,
1855,,,,,0.5466666666666666,
1856,,,,,0.5555555555555556,
1857,,,,,0.0,
1858,,,,,0.0,
1859,,,,,0.5779816513761468,
1860,,,,,0.1960497439648866,
1861,,,,,0.1974957187020439,
1862,,,,,0.01282051282051282,
1863,,,,,0.0,
1864,,,,,0.9509803921568627,
1865,,,,,0.0,
1866,,,,,0.4918032786885246,
1867,,,,,0.40298507462686567,
1868,,,,,0.0,
1869,,,,,0.0,
1870,,,,,0.07766990291262135,
1871,,,,,0.0,
1872,,,,,0.1816851765644743,
1873,,,,,0.18415141338433824,
1874,,,,,0.1504424778761062,
1875,,,,,0.0,
1876,,,,,0.0,
1877,,,,,0.02,
1878,,,,,0.7,
1879,,,,,0.0,
1880,,,,,0.054945054945054944,
1881,,,,,0.09392265193370165,
1882,,,,,0.3732394366197183,
1883,,,,,0.0,
1884,,,,,0.19325663363702866,
1885,,,,,0.19578319951960502,
1886,,,,,0.7217391304347827,
1887,,,,,0.0,
1888,,,,,0.2692307692307692,
1889,,,,,0.0,
1890,,,,,0.12560386473429952,
1891,,,,,0.0,
1892,,,,,0.0,
1893,,,,,0.02127659574468085,
1894,,,,,0.0,
1895,,,,,0.0,
1896,,,,,0.17849305047549377,
1897,,,,,0.18139359028534574,
1898,,,,,0.0,
1899,,,,,0.0,
1900,,,,,0.4975845410628019,
1901,,,,,0.0,
1902,,,,,0.5476190476190477,
1903,,,,,0.2198581560283688,
1904,,,,,0.0,
1905,,,,,0.0,
1906,,,,,0.3684210526315789,
1907,,,,,0.007874015748031496,
1908,,,,,0.1605373412249784,
1909,,,,,0.16028734737450792,
1910,,,,,0.0,
1911,,,,,0.2225705329153605,
1912,,,,,0.14893617021276595,
1913,,,,,0.0,
1914,,,,,0.5733333333333334,
1915,,,,,0.0,
1916,,,,,0.5217391304347826,
1917,,,,,0.05825242718446602,
1918,,,,,0.2857142857142857,
1919,,,,,0.0,
1920,,,,,0.17543392964022078,
1921,,,,,0.17523296933033827,
1922,,,,,0.5894039735099338,
1923,,,,,0.06956521739130435,
1924,,,,,0.04225352112676056,
1925,,,,,0.0,
1926,,,,,0.10526315789473684,
1927,,,,,0.5082872928176796,
1928,,,,,0.0,
1929,,,,,0.0,
1930,,,,,0.34782608695652173,
1931,,,,,0.5363128491620112,
1932,,,,,0.20449557757531422,
1933,,,,,0.20630296021172964,
1934,,,,,0.4975609756097561,
1935,,,,,0.29015544041450775,
1936,,,,,0.14782608695652175,
1937,,,,,0.0,
1938,,,,,0.0,
1939,,,,,0.10185185185185185,
1940,,,,,0.0,
1941,,,,,0.27058823529411763,
1942,,,,,0.10526315789473684,
1943,,,,,0.02,
1944,,,,,0.1744363902374144,
1945,,,,,0.17436558948468742,
1946,,,,,0.0,
1947,,,,,0.6885245901639344,
1948,,,,,0.0,
1949,,,,,0.04929577464788732,
1950,,,,,0.0,
1951,,,,,0.004629629629629629,
1952,,,,,0.7073170731707317,
1953,,,,,0.3263157894736842,
1954,,,,,0.0,
1955,,,,,0.11510791366906475,
1956,,,,,0.16279843053800624,
1957,,,,,0.16493561372684207,
1958,,,,,0.0,
1959,,,,,0.0,
1960,,,,,0.2512315270935961,
1961,,,,,0.0,
1962,,,,,0.0,
1963,,,,,0.0,
1964,,,,,0.0,
1965,,,,,0.626984126984127,
1966,,,,,0.0,
1967,,,,,0.10880829015544041,
1968,,,,,0.15355456540533352,
1969,,,,,0.15203611858639327,
1970,,,,,0.01,
1971,,,,,0.12435233160621761,
1972,,,,,0.010416666666666666,
1973,,,,,0.05504587155963303,
1974,,,,,0.0,
1975,,,,,0.07051282051282051,
1976,,,,,0.07065217391304347,
1977,,,,,0.30327868852459017,
1978,,,,,0.0,
1979,,,,,0.0,
1980,,,,,0.20037241471038106,
1981,,,,,0.20049818739852768,
1982,,,,,0.18134715025906736,
1983,,,,,0.25217391304347825,
1984,,,,,0.0,
1985,,,,,0.7284768211920529,
1986,,,,,0.0,
1987,,,,,0.044444444444444446,
1988,,,,,0.0,
1989,,,,,0.0,
1990,,,,,0.0,
1991,,,,,0.43478260869565216,
1992,,,,,0.207887211544856,
1993,,,,,0.20886061873095657,
1994,,,,,0.0784313725490196,
1995,,,,,0.0,
1996,,,,,0.4748603351955307,
1997,,,,,0.0,
1998,,,,,0.7741935483870968,
1999,,,,,0.7552742616033755,
2000,,,,,0.2884012539184953,
2001,,,,,0.6097560975609756,
2002,,,,,0.3114754098360656,
2003,,,,,0.136986301369863,
2004,,,,,0.2241803551240274,
2005,,,,,0.2232724684740787,
2006,,,,,0.004878048780487805,
2007,,,,,0.65,
2008,,,,,0.7142857142857143,
2009,,,,,0.4016393442622951,
2010,,,,,0.0,
2011,,,,,0.8467741935483871,
2012,,,,,0.3391304347826087,
2013,,,,,0.0,
2014,,,,,0.0,
2015,,,,,0.004629629629629629,
2016,,,,,0.24206956174768904,
2017,,,,,0.2417765718479639,
2018,,,,,0.7458563535911602,
2019,,,,,0.0,
2020,,,,,0.7739130434782608,
2021,,,,,0.07339449541284404,
2022,,,,,0.4,
2023,,,,,0.9205298013245033,
2024,,,,,0.05092592592592592,
2025,,,,,0.054945054945054944,
2026,,,,,0.0,
2027,,,,,0.3739130434782609,
2028,,,,,0.23661634634568066,
2029,,,,,0.23681693837154993,
2030,,,,,0.5522388059701493,
2031,,,,,0.36885245901639346,
2032,,,,,0.11851851851851852,
2033,,,,,0.4,
2034,,,,,0.23404255319148937,
2035,,,,,0.0,
2036,,,,,0.14035087719298245,
2037,,,,,0.0,
2038,,,,,0.044444444444444446,
2039,,,,,0.5211267605633803,
2040,,,,,0.23056460730198844,
2041,,,,,0.22631941818828816,
2042,,,,,0.004629629629629629,
2043,,,,,0.07729468599033816,
2044,,,,,0.010869565217391304,
2045,,,,,0.0,
2046,,,,,0.03125,
2047,,,,,0.03205128205128205,
2048,,,,,0.05785123966942149,
2049,,,,,0.322884012539185,
2050,,,,,0.0,
2051,,,,,0.5894736842105263,
2052,,,,,0.19611624659174037,
2053,,,,,0.19834085803883192,
2054,,,,,0.3825136612021858,
2055,,,,,0.14814814814814814,
2056,,,,,0.25555555555555554,
2057,,,,,0.0,
2058,,,,,0.64,
2059,,,,,0.01818181818181818,
2060,,,,,0.0,
2061,,,,,0.039735099337748346,
2062,,,,,0.0,
2063,,,,,0.2222222222222222,
2064,,,,,0.19265810999534483,
2065,,,,,0.19129061672931078,
2066,,,,,0.0,
2067,,,,,0.41044776119402987,
2068,,,,,0.013029315960912053,
2069,,,,,0.23369565217391305,
2070,,,,,0.6304347826086957,
2071,,,,,0.5865921787709497,
2072,,,,,0.08463949843260188,
2073,,,,,0.0851063829787234,
2074,,,,,0.0,
2075,,,,,0.0,
2076,,,,,0.22783799960098425,
2077,,,,,0.22667526633009363,
2078,,,,,0.0,
2079,,,,,0.0,
2080,,,,,0.3157894736842105,
2081,,,,,0.0,
2082,,,,,0.0,
2083,,,,,0.2912621359223301,
2084,,,,,0.4068627450980392,
2085,,,,,0.319672131147541,
2086,,,,,0.10294117647058823,
2087,,,,,0.12849162011173185,
2088,,,,,0.19718028862140055,
2089,,,,,0.19616128817027334,
2090,,,,,0.3739130434782609,
2091,,,,,0.1,
2092,,,,,0.10658307210031348,
2093,,,,,0.0070921985815602835,
2094,,,,,0.30434782608695654,
2095,,,,,0.4626865671641791,
2096,,,,,0.11398963730569948,
2097,,,,,0.10526315789473684,
2098,,,,,0.0,
2099,,,,,0.26573426573426573,
2100,,,,,0.19984039369555098,
2101,,,,,0.1971176300513756,
2102,,,,,0.6547619047619048,
2103,,,,,0.5634920634920635,
2104,,,,,0.007042253521126761,
2105,,,,,0.16083916083916083,
2106,,,,,0.3826086956521739,
2107,,,,,0.10679611650485436,
2108,,,,,0.7679324894514767,
2109,,,,,0.31896551724137934,
2110,,,,,0.25165562913907286,
2111,,,,,0.0,
2112,,,,,0.19631575447230165,
2113,,,,,0.19269176878766986,
2114,,,,,0.003257328990228013,
2115,,,,,0.4482758620689655,
2116,,,,,0.2231404958677686,
2117,,,,,0.0787037037037037,
2118,,,,,0.6428571428571429,
2119,,,,,0.5070921985815603,
2120,,,,,0.0,
2121,,,,,0.09929078014184398,
2122,,,,,0.22916666666666666,
2123,,,,,0.12121212121212122,
2124,,,,,0.22411385249717364,
2125,,,,,0.22100393657006873,
2126,,,,,0.143646408839779,
2127,,,,,0.19444444444444445,
2128,,,,,0.0,
2129,,,,,0.01818181818181818,
2130,,,,,0.0,
2131,,,,,0.0,
2132,,,,,0.0070921985815602835,
2133,,,,,0.3826086956521739,
2134,,,,,0.2956521739130435,
2135,,,,,0.0,
2136,,,,,0.20123694885947996,
2137,,,,,0.2014990102973556,
2138,,,,,0.7,
2139,,,,,0.0,
2140,,,,,0.7603833865814696,
2141,,,,,0.6956521739130435,
2142,,,,,0.0,
2143,,,,,0.0,
2144,,,,,0.4726027397260274,
2145,,,,,0.5866666666666667,
2146,,,,,0.0,
2147,,,,,0.0,
2148,,,,,0.23674935159938817,
2149,,,,,0.2352378622422881,
2150,,,,,0.3022222222222222,
2151,,,,,0.019704433497536946,
2152,,,,,0.009615384615384616,
2153,,,,,0.8782608695652174,
2154,,,,,0.4764705882352941,
2155,,,,,0.10679611650485436,
2156,,,,,0.30327868852459017,
2157,,,,,0.0,
2158,,,,,0.16901408450704225,
2159,,,,,0.0,
2160,,,,,0.20968278246990757,
2161,,,,,0.20839356804483686,
2162,,,,,0.7218543046357616,
2163,,,,,0.0,
2164,,,,,0.08771929824561403,
2165,,,,,0.13761467889908258,
2166,,,,,0.07947019867549669,
2167,,,,,0.7028753993610224,
2168,,,,,0.9219858156028369,
2169,,,,,0.0,
2170,,,,,0.004878048780487805,
2171,,,,,0.3916083916083916,
2172,,,,,0.23016559154086585,
2173,,,,,0.2284767475479839,
2174,,,,,0.5033112582781457,
2175,,,,,0.0,
2176,,,,,0.3333333333333333,
2177,,,,,0.0,
2178,,,,,0.3904109589041096,
2179,,,,,0.34782608695652173,
2180,,,,,0.08256880733944955,
2181,,,,,0.07272727272727272,
2182,,,,,0.004901960784313725,
2183,,,,,0.014388489208633094,
2184,,,,,0.24100551971802886,
2185,,,,,0.23890754620465715,
2186,,,,,0.4585635359116022,
2187,,,,,0.0,
2188,,,,,0.22105263157894736,
2189,,,,,0.125,
2190,,,,,0.0,
2191,,,,,0.43529411764705883,
2192,,,,,0.21739130434782608,
2193,,,,,0.0,
2194,,,,,0.0,
2195,,,,,0.0,
2196,,,,,0.2338232360178227,
2197,,,,,0.23361430509530057,
2198,,,,,0.21739130434782608,
2199,,,,,0.00510204081632653,
2200,,,,,0.029315960912052116,
2201,,,,,0.28688524590163933,
2202,,,,,0.7463414634146341,
2203,,,,,0.0,
2204,,,,,0.0,
2205,,,,,0.34965034965034963,
2206,,,,,0.007042253521126761,
2207,,,,,0.0,
2208,,,,,0.2270399680787391,
2209,,,,,0.2261859751351111,
2210,,,,,0.14705882352941177,
2211,,,,,0.25882352941176473,
2212,,,,,0.8260869565217391,
2213,,,,,0.0,
2214,,,,,0.0,
2215,,,,,0.709480122324159,
2216,,,,,0.2727272727272727,
2217,,,,,0.5522388059701493,
2218,,,,,0.5352112676056338,
2219,,,,,0.4195121951219512,
2220,,,,,0.2402739908226375,
2221,,,,,0.23832929297422326,
2222,,,,,0.35789473684210527,
2223,,,,,0.0,
2224,,,,,0.0,
2225,,,,,0.5028571428571429,
2226,,,,,0.0,
2227,,,,,0.0,
2228,,,,,0.0,
2229,,,,,0.023148148148148147,
2230,,,,,0.0,
2231,,,,,0.0,
2232,,,,,0.22005719225909423,
2233,,,,,0.2206258479194004,
2234,,,,,0.056338028169014086,
2235,,,,,0.3652173913043478,
2236,,,,,0.2698412698412698,
2237,,,,,0.26595744680851063,
2238,,,,,0.0,
2239,,,,,0.0,
2240,,,,,0.5894039735099338,
2241,,,,,0.0,
2242,,,,,0.14285714285714285,
2243,,,,,0.4098360655737705,
2244,,,,,0.23309170712243132,
2245,,,,,0.23388119120165468,
2246,,,,,0.028169014084507043,
2247,,,,,0.8818565400843882,
2248,,,,,0.035211267605633804,
2249,,,,,0.0,
2250,,,,,0.3801916932907348,
2251,,,,,0.0,
2252,,,,,0.0,
2253,,,,,0.1553398058252427,
2254,,,,,0.0,
2255,,,,,0.7913043478260869,
2256,,,,,0.21932566336370288,
2257,,,,,0.22180459488913107,
2258,,,,,0.0,
2259,,,,,0.4180327868852459,
2260,,,,,0.06629834254143646,
2261,,,,,0.0,
2262,,,,,0.6862745098039216,
2263,,,,,0.07407407407407407,
2264,,,,,0.8,
2265,,,,,0.39072847682119205,
2266,,,,,0.4370860927152318,
2267,,,,,0.40444444444444444,
2268,,,,,0.2905499767240806,
2269,,,,,0.28759202010542,
2270,,,,,0.0,
2271,,,,,0.6666666666666666,
2272,,,,,0.4262295081967213,
2273,,,,,0.2956521739130435,
2274,,,,,0.5434782608695652,
2275,,,,,0.3951219512195122,
2276,,,,,0.3391304347826087,
2277,,,,,0.6854838709677419,
2278,,,,,0.40298507462686567,
2279,,,,,0.0,
2280,,,,,0.2549710713573186,
2281,,,,,0.25558792785178924,
2282,,,,,0.10185185185185185,
2283,,,,,0.36363636363636365,
2284,,,,,0.0,
2285,,,,,0.0,
2286,,,,,0.6746031746031746,
2287,,,,,0.0,
2288,,,,,0.027522935779816515,
2289,,,,,0.1259259259259259,
2290,,,,,0.01282051282051282,
2291,,,,,0.0,
2292,,,,,0.21985768437853295,
2293,,,,,0.2221826835397994,
2294,,,,,0.0,
2295,,,,,0.36,
2296,,,,,0.10897435897435898,
2297,,,,,0.6033755274261603,
2298,,,,,0.07,
2299,,,,,0.0,
2300,,,,,0.056818181818181816,
2301,,,,,0.0,
2302,,,,,0.014388489208633094,
2303,,,,,0.0,
2304,,,,,0.2580301921925916,
2305,,,,,0.25850143451282165,
2306,,,,,0.40588235294117647,
2307,,,,,0.0,
2308,,,,,0.17073170731707318,
2309,,,,,0.05970149253731343,
2310,,,,,0.3140096618357488,
2311,,,,,0.04477611940298507,
2312,,,,,0.0,
2313,,,,,0.044444444444444446,
2314,,,,,0.0,
2315,,,,,0.04929577464788732,
2316,,,,,0.2179291081997739,
2317,,,,,0.21986967061806373,
2318,,,,,0.19553072625698323,
2319,,,,,0.0,
2320,,,,,0.0,
2321,,,,,0.5172413793103449,
2322,,,,,0.5231788079470199,
2323,,,,,0.15702479338842976,
2324,,,,,0.0,
2325,,,,,0.2524271844660194,
2326,,,,,0.012121212121212121,
2327,,,,,0.5434782608695652,
2328,,,,,0.25011637959699407,
2329,,,,,0.24876009163089652,
2330,,,,,0.66,
2331,,,,,0.45454545454545453,
2332,,,,,0.5211267605633803,
2333,,,,,0.10588235294117647,
2334,,,,,0.0,
2335,,,,,0.29120879120879123,
2336,,,,,0.0,
2337,,,,,0.0,
2338,,,,,0.0,
2339,,,,,0.46285714285714286,
2340,,,,,0.2346877701669216,
2341,,,,,0.23296933033827813,
2342,,,,,0.5942857142857143,
2343,,,,,0.0,
2344,,,,,0.6325878594249201,
2345,,,,,0.04234527687296417,
2346,,,,,0.7046413502109705,
2347,,,,,0.37373737373737376,
2348,,,,,0.0,
2349,,,,,0.003787878787878788,
2350,,,,,0.6267605633802817,
2351,,,,,0.256198347107438,
2352,,,,,0.2631508944603312,
2353,,,,,0.25963570046482665,
2354,,,,,0.438871473354232,
2355,,,,,0.13,
2356,,,,,0.0,
2357,,,,,0.10256410256410256,
2358,,,,,0.1559633027522936,
2359,,,,,0.36231884057971014,
2360,,,,,0.1330049261083744,
2361,,,,,0.22340425531914893,
2362,,,,,0.1595744680851064,
2363,,,,,0.49171270718232046,
2364,,,,,0.22304981046751346,
2365,,,,,0.2222938860841136,
2366,,,,,0.15151515151515152,
2367,,,,,1.0,
2368,,,,,0.5217391304347826,
2369,,,,,0.0,
2370,,,,,0.0,
2371,,,,,0.4235294117647059,
2372,,,,,0.2698412698412698,
2373,,,,,0.17037037037037037,
2374,,,,,0.7661290322580645,
2375,,,,,0.6338028169014085,
2376,,,,,0.296003192126089,
2377,,,,,0.2927295776527367,
2378,,,,,0.0,
2379,,,,,0.25,
2380,,,,,0.5439560439560439,
2381,,,,,0.0,
2382,,,,,0.23893805309734514,
2383,,,,,0.0,
2384,,,,,0.3473684210526316,
2385,,,,,0.0,
2386,,,,,0.5761589403973509,
2387,,,,,0.6274509803921569,
2388,,,,,0.27039968078739113,
2389,,,,,0.2700664991214999,
2390,,,,,0.07,
2391,,,,,0.0,
2392,,,,,0.0,
2393,,,,,0.0,
2394,,,,,0.644808743169399,
2395,,,,,0.2601880877742947,
2396,,,,,0.0,
2397,,,,,0.12254901960784313,
2398,,,,,0.0,
2399,,,,,0.06521739130434782,
2400,,,,,0.2602912815056195,
2401,,,,,0.2596134599559638,
2402,,,,,0.12222222222222222,
2403,,,,,0.0,
2404,,,,,0.0,
2405,,,,,0.32786885245901637,
2406,,,,,0.25882352941176473,
2407,,,,,0.6195121951219512,
2408,,,,,0.24503311258278146,
2409,,,,,0.0,
2410,,,,,0.3333333333333333,
2411,,,,,0.22330097087378642,
2412,,,,,0.2390769435392698,
2413,,,,,0.23926339434646265,
2414,,,,,0.696078431372549,
2415,,,,,0.8869565217391304,
2416,,,,,0.0,
2417,,,,,0.5634920634920635,
2418,,,,,0.0,
2419,,,,,0.71,
2420,,,,,0.0,
2421,,,,,0.13736263736263737,
2422,,,,,0.6304347826086957,
2423,,,,,0.0851063829787234,
2424,,,,,0.25862871583427544,
2425,,,,,0.25963570046482665,
2426,,,,,0.0,
2427,,,,,0.32450331125827814,
2428,,,,,0.4782608695652174,
2429,,,,,0.0,
2430,,,,,0.01079136690647482,
2431,,,,,0.07746478873239436,
2432,,,,,0.7023809523809523,
2433,,,,,0.11,
2434,,,,,0.3684210526315789,
2435,,,,,0.009259259259259259,
2436,,,,,0.2702001729068298,
2437,,,,,0.2688210306251807,
2438,,,,,0.20149253731343283,
2439,,,,,0.007874015748031496,
2440,,,,,0.1595744680851064,
2441,,,,,0.0,
2442,,,,,0.12745098039215685,
2443,,,,,0.4827586206896552,
2444,,,,,0.0,
2445,,,,,0.13043478260869565,
2446,,,,,0.41739130434782606,
2447,,,,,0.19689119170984457,
2448,,,,,0.24572720622464586,
2449,,,,,0.247559104152303,
2450,,,,,0.15384615384615385,
2451,,,,,0.7595628415300546,
2452,,,,,0.0,
2453,,,,,0.0,
2454,,,,,0.04891304347826087,
2455,,,,,0.0,
2456,,,,,0.2980132450331126,
2457,,,,,0.007462686567164179,
2458,,,,,0.47058823529411764,
2459,,,,,0.0,
2460,,,,,0.23541929906231296,
2461,,,,,0.23561595089295642,
2462,,,,,0.0,
2463,,,,,0.6294117647058823,
2464,,,,,0.0,
2465,,,,,0.30327868852459017,
2466,,,,,0.04390243902439024,
2467,,,,,0.015151515151515152,
2468,,,,,0.01639344262295082,
2469,,,,,0.0,
2470,,,,,0.048484848484848485,
2471,,,,,0.1099290780141844,
2472,,,,,0.24313360377734922,
2473,,,,,0.24291083779996886,
2474,,,,,0.0,
2475,,,,,0.0,
2476,,,,,0.2867132867132867,
2477,,,,,0.3333333333333333,
2478,,,,,0.6935483870967742,
2479,,,,,0.2857142857142857,
2480,,,,,0.24561403508771928,
2481,,,,,0.022900763358778626,
2482,,,,,0.0048543689320388345,
2483,,,,,0.028169014084507043,
2484,,,,,0.24200305912083528,
2485,,,,,0.24066454640482174,
2486,,,,,0.3424657534246575,
2487,,,,,0.34146341463414637,
2488,,,,,0.0,
2489,,,,,0.549520766773163,
2490,,,,,0.0,
2491,,,,,0.0,
2492,,,,,0.0,
2493,,,,,0.0,
2494,,,,,0.46551724137931033,
2495,,,,,0.9026548672566371,
2496,,,,,0.24998337434328655,
2497,,,,,0.25002780063607855,
2498,,,,,0.6291390728476821,
2499,,,,,0.6190476190476191,
2500,,,,,0.33980582524271846,
2501,,,,,0.0,
2502,,,,,0.8521739130434782,
2503,,,,,0.3149171270718232,
2504,,,,,0.07317073170731707,
2505,,,,,0.0,
2506,,,,,0.1346153846153846,
2507,,,,,0.08148148148148149,
2508,,,,,0.29181352663430205,
2509,,,,,0.29048328625758957,
2510,,,,,0.0,
2511,,,,,0.5958904109589042,
2512,,,,,0.18181818181818182,
2513,,,,,0.6956521739130435,
2514,,,,,0.0,
2515,,,,,0.0,
2516,,,,,0.11304347826086956,
2517,,,,,0.4852941176470588,
2518,,,,,0.061068702290076333,
2519,,,,,0.5352112676056338,
2520,,,,,0.27299328323468774,
2521,,,,,0.2736472210484176,
2522,,,,,0.18134715025906736,
2523,,,,,0.041666666666666664,
2524,,,,,0.4434782608695652,
2525,,,,,0.5263157894736842,
2526,,,,,0.4106280193236715,
2527,,,,,0.441340782122905,
2528,,,,,0.18042813455657492,
2529,,,,,0.0,
2530,,,,,0.45132743362831856,
2531,,,,,0.24475524475524477,
2532,,,,,0.2751213672940081,
2533,,,,,0.2745146008940685,
2534,,,,,0.04,
2535,,,,,0.049019607843137254,
2536,,,,,0.1095890410958904,
2537,,,,,0.0,
2538,,,,,0.0,
2539,,,,,0.16470588235294117,
2540,,,,,0.36065573770491804,
2541,,,,,0.34507042253521125,
2542,,,,,0.178743961352657,
2543,,,,,0.0,
2544,,,,,0.1994413779344284,
2545,,,,,0.198896870760403,
2546,,,,,0.10091743119266056,
2547,,,,,0.0,
2548,,,,,0.6086956521739131,
2549,,,,,0.0,
2550,,,,,0.0,
2551,,,,,0.10344827586206896,
2552,,,,,0.0,
2553,,,,,0.5058823529411764,
2554,,,,,0.4315068493150685,
2555,,,,,0.4434782608695652,
2556,,,,,0.2089512535745162,
2557,,,,,0.2083490870271112,
2558,,,,,0.3657142857142857,
2559,,,,,0.07878787878787878,
2560,,,,,0.4246575342465753,
2561,,,,,0.0,
2562,,,,,0.0,
2563,,,,,0.3146853146853147,
2564,,,,,0.6547619047619048,
2565,,,,,0.5466666666666666,
2566,,,,,0.08796296296296297,
2567,,,,,0.009771986970684038,
2568,,,,,0.24040699607634503,
2569,,,,,0.23866290060716588,
2570,,,,,0.0,
2571,,,,,0.0,
2572,,,,,0.49142857142857144,
2573,,,,,0.4666666666666667,
2574,,,,,0.3128491620111732,
2575,,,,,0.43529411764705883,
2576,,,,,0.7142857142857143,
2577,,,,,0.23140495867768596,
2578,,,,,0.01639344262295082,
2579,,,,,0.05263157894736842,
2580,,,,,0.25796368956573784,
2581,,,,,0.2566999532949314,
2582,,,,,0.13259668508287292,
2583,,,,,0.17391304347826086,
2584,,,,,0.0,
2585,,,,,0.8410596026490066,
2586,,,,,0.16666666666666666,
2587,,,,,0.6086956521739131,
2588,,,,,0.0,
2589,,,,,0.29347826086956524,
2590,,,,,0.010416666666666666,
2591,,,,,0.43884892086330934,
2592,,,,,0.22963357052603578,
2593,,,,,0.22638613971487667,
2594,,,,,0.44660194174757284,
2595,,,,,0.6048780487804878,
2596,,,,,0.0,
2597,,,,,0.5761589403973509,
2598,,,,,0.0,
2599,,,,,0.3356164383561644,
2600,,,,,0.430939226519337,
2601,,,,,0.4,
2602,,,,,0.5352112676056338,
2603,,,,,0.22549019607843138,
2604,,,,,0.22843652324266808,
2605,,,,,0.22469586104130063,
2606,,,,,0.0,
2607,,,,,0.68,
2608,,,,,0.0,
2609,,,,,0.0,
2610,,,,,0.040983606557377046,
2611,,,,,0.22362869198312235,
2612,,,,,0.46325878594249204,
2613,,,,,0.125,
2614,,,,,0.3684210526315789,
2615,,,,,0.0,
2616,,,,,0.21400545321540201,
2617,,,,,0.21181860640971464,
2618,,,,,0.34782608695652173,
2619,,,,,0.5652173913043478,
2620,,,,,0.0,
2621,,,,,0.027777777777777776,
2622,,,,,0.0,
2623,,,,,0.4078014184397163,
2624,,,,,0.4945054945054945,
2625,,,,,0.6176470588235294,
2626,,,,,0.06622516556291391,
2627,,,,,0.016286644951140065,
2628,,,,,0.24679124825430604,
2629,,,,,0.24649155972688655,
2630,,,,,0.45454545454545453,
2631,,,,,0.6408450704225352,
2632,,,,,0.22340425531914893,
2633,,,,,0.22962962962962963,
2634,,,,,0.20833333333333334,
2635,,,,,0.09,
2636,,,,,0.546448087431694,
2637,,,,,0.5217391304347826,
2638,,,,,0.36470588235294116,
2639,,,,,0.06557377049180328,
2640,,,,,0.25337500831282833,
2641,,,,,0.24753686364344016,
2642,,,,,0.20441988950276244,
2643,,,,,0.3058823529411765,
2644,,,,,0.6994818652849741,
2645,,,,,0.34782608695652173,
2646,,,,,0.39361702127659576,
2647,,,,,0.0,
2648,,,,,0.0,
2649,,,,,0.33774834437086093,
2650,,,,,0.36231884057971014,
2651,,,,,0.44571428571428573,
2652,,,,,0.27837999600984237,
2653,,,,,0.2756711073549363,
2654,,,,,0.02,
2655,,,,,0.0,
2656,,,,,0.0,
2657,,,,,0.0,
2658,,,,,0.08794788273615635,
2659,,,,,0.0,
2660,,,,,0.48695652173913045,
2661,,,,,0.48823529411764705,
2662,,,,,0.23645320197044334,
2663,,,,,0.11475409836065574,
2664,,,,,0.27538737780142314,
2665,,,,,0.2691768787669862,
2666,,,,,0.17708333333333334,
2667,,,,,0.03908794788273615,
2668,,,,,0.3894736842105263,
2669,,,,,0.4666666666666667,
2670,,,,,0.0,
2671,,,,,0.4231974921630094,
2672,,,,,0.07777777777777778,
2673,,,,,0.14754098360655737,
2674,,,,,0.7304347826086957,
2675,,,,,0.45320197044334976,
2676,,,,,0.2663430205493117,
2677,,,,,0.25896848519894133,
2678,,,,,0.2828282828282828,
2679,,,,,0.0,
2680,,,,,0.4726027397260274,
2681,,,,,0.3894736842105263,
2682,,,,,0.37333333333333335,
2683,,,,,0.7043478260869566,
2684,,,,,0.0,
2685,,,,,0.6304347826086957,
2686,,,,,0.0,
2687,,,,,0.8607594936708861,
2688,,,,,0.27585289618939945,
2689,,,,,0.27300224629139513,
2690,,,,,0.008849557522123894,
2691,,,,,0.3240223463687151,
2692,,,,,0.32608695652173914,
2693,,,,,0.025179856115107913,
2694,,,,,0.0,
2695,,,,,0.5414634146341464,
2696,,,,,0.5739130434782609,
2697,,,,,0.32367149758454106,
2698,,,,,0.0,
2699,,,,,0.0,
2700,,,,,0.2670080468178493,
2701,,,,,0.25876832061917576,
2702,,,,,0.5476190476190477,
2703,,,,,0.0,
2704,,,,,0.7682119205298014,
2705,,,,,0.0,
2706,,,,,0.0,
2707,,,,,0.6711111111111111,
2708,,,,,0.1322314049586777,
2709,,,,,0.07196969696969698,
2710,,,,,0.5140845070422535,
2711,,,,,0.0,
2712,,,,,0.26221985768437855,
2713,,,,,0.2560772190467718,
2714,,,,,0.536741214057508,
2715,,,,,0.09722222222222222,
2716,,,,,0.5885714285714285,
2717,,,,,0.12037037037037036,
2718,,,,,0.0,
2719,,,,,0.6,
2720,,,,,0.03,
2721,,,,,0.23232323232323232,
2722,,,,,0.0,
2723,,,,,0.23414634146341465,
2724,,,,,0.2675400678326794,
2725,,,,,0.26701954940729045,
2726,,,,,0.17543859649122806,
2727,,,,,0.819672131147541,
2728,,,,,0.4452054794520548,
2729,,,,,0.33043478260869563,
2730,,,,,0.5263157894736842,
2731,,,,,0.2146341463414634,
2732,,,,,0.0,
2733,,,,,0.1595744680851064,
2734,,,,,0.5384615384615384,
2735,,,,,0.0,
2736,,,,,0.29547117111125887,
2737,,,,,0.287169450437026,
2738,,,,,0.09574468085106383,
2739,,,,,0.07964601769911504,
2740,,,,,0.8287292817679558,
2741,,,,,0.6428571428571429,
2742,,,,,0.0,
2743,,,,,0.0,
2744,,,,,0.0,
2745,,,,,0.0,
2746,,,,,0.3894736842105263,
2747,,,,,0.05319148936170213,
2748,,,,,0.23575181219658176,
2749,,,,,0.23038943131018838,
2750,,,,,0.6197183098591549,
2751,,,,,0.0,
2752,,,,,0.47513812154696133,
2753,,,,,0.17543859649122806,
2754,,,,,0.0,
2755,,,,,0.02127659574468085,
2756,,,,,0.018518518518518517,
2757,,,,,0.0970873786407767,
2758,,,,,0.0,
2759,,,,,0.6785714285714286,
2760,,,,,0.2677395757132407,
2761,,,,,0.2627271311967618,
2762,,,,,0.6746031746031746,
2763,,,,,0.45774647887323944,
2764,,,,,0.20634920634920634,
2765,,,,,0.0,
2766,,,,,0.4077669902912621,
2767,,,,,0.16666666666666666,
2768,,,,,0.36470588235294116,
2769,,,,,0.0,
2770,,,,,0.0,
2771,,,,,0.01020408163265306,
2772,,,,,0.217064574050675,
2773,,,,,0.21026177078931566,
2774,,,,,0.574585635359116,
2775,,,,,0.35344827586206895,
2776,,,,,0.10294117647058823,
2777,,,,,0.7478260869565218,
2778,,,,,0.5217391304347826,
2779,,,,,0.47555555555555556,
2780,,,,,0.0,
2781,,,,,0.009259259259259259,
2782,,,,,0.05092592592592592,
2783,,,,,0.33755274261603374,
2784,,,,,0.23309170712243132,
2785,,,,,0.2306118363988168,
2786,,,,,0.14767932489451477,
2787,,,,,0.052083333333333336,
2788,,,,,0.0,
2789,,,,,0.6228571428571429,
2790,,,,,0.549645390070922,
2791,,,,,0.1529051987767584,
2792,,,,,0.16666666666666666,
2793,,,,,0.5671641791044776,
2794,,,,,0.38823529411764707,
2795,,,,,0.46325878594249204,
2796,,,,,0.27066569129480617,
2797,,,,,0.26619665057936526,
2798,,,,,0.0,
2799,,,,,0.2920353982300885,
2800,,,,,0.8682926829268293,
2801,,,,,0.14130434782608695,
2802,,,,,0.05,
2803,,,,,0.0,
2804,,,,,0.1885245901639344,
2805,,,,,0.0,
2806,,,,,0.0,
2807,,,,,0.06018518518518518,
2808,,,,,0.2704661834142449,
2809,,,,,0.26588528345528545,
2810,,,,,0.6343283582089553,
2811,,,,,0.0,
2812,,,,,0.5473684210526316,
2813,,,,,0.0,
2814,,,,,0.0,
2815,,,,,0.03333333333333333,
2816,,,,,0.26956521739130435,
2817,,,,,0.0,
2818,,,,,0.4434782608695652,
2819,,,,,0.6829268292682927,
2820,,,,,0.2563676265212476,
2821,,,,,0.2530525098414252,
2822,,,,,0.44878048780487806,
2823,,,,,0.0,
2824,,,,,0.0,
2825,,,,,0.4588235294117647,
2826,,,,,0.12052117263843648,
2827,,,,,0.11926605504587157,
2828,,,,,0.65814696485623,
2829,,,,,0.8,
2830,,,,,0.011627906976744186,
2831,,,,,0.0,
2832,,,,,0.27758196448759725,
2833,,,,,0.2709561194760136,
2834,,,,,0.5522388059701493,
2835,,,,,0.0,
2836,,,,,0.20212765957446807,
2837,,,,,0.3021978021978022,
2838,,,,,0.8617021276595744,
2839,,,,,0.030534351145038167,
2840,,,,,0.10596026490066225,
2841,,,,,0.6164383561643836,
2842,,,,,0.4603174603174603,
2843,,,,,0.0,
2844,,,,,0.25523708186473365,
2845,,,,,0.2526076996641683,
2846,,,,,0.37305699481865284,
2847,,,,,0.20606060606060606,
2848,,,,,0.5866666666666667,
2849,,,,,0.0,
2850,,,,,0.3217391304347826,
2851,,,,,0.0,
2852,,,,,0.0,
2853,,,,,0.4421052631578947,
2854,,,,,0.6764705882352942,
2855,,,,,0.0,
2856,,,,,0.34514863337101814,
2857,,,,,0.3435046593866068,
2858,,,,,0.0,
2859,,,,,0.5573770491803278,
2860,,,,,0.6739130434782609,
2861,,,,,0.6417910447761194,
2862,,,,,0.05825242718446602,
2863,,,,,0.0782122905027933,
2864,,,,,0.0,
2865,,,,,0.014634146341463415,
2866,,,,,0.0,
2867,,,,,0.0,
2868,,,,,0.21719757930438252,
2869,,,,,0.21279718879967974,
2870,,,,,0.76,
2871,,,,,0.6,
2872,,,,,0.03125,
2873,,,,,0.2978723404255319,
2874,,,,,0.0,
2875,,,,,0.1559633027522936,
2876,,,,,0.0,
2877,,,,,0.32038834951456313,
2878,,,,,0.015463917525773196,
2879,,,,,0.6502732240437158,
2880,,,,,0.2567001396555164,
2881,,,,,0.25658875075061716,
2882,,,,,0.6526315789473685,
2883,,,,,0.050156739811912224,
2884,,,,,0.21311475409836064,
2885,,,,,0.0,
2886,,,,,0.6146341463414634,
2887,,,,,0.6507936507936508,
2888,,,,,0.34265734265734266,
2889,,,,,0.49411764705882355,
2890,,,,,0.0,
2891,,,,,0.0,
2892,,,,,0.23322471237613887,
2893,,,,,0.22938860841136044,
2894,,,,,0.0,
2895,,,,,0.0,
2896,,,,,0.0,
2897,,,,,0.6038647342995169,
2898,,,,,0.04145077720207254,
2899,,,,,0.17475728155339806,
2900,,,,,0.33043478260869563,
2901,,,,,0.5769230769230769,
2902,,,,,0.7333333333333333,
2903,,,,,0.8548387096774194,
2904,,,,,0.24226906962825032,
2905,,,,,0.23870738162489158,
2906,,,,,0.68,
2907,,,,,0.0,
2908,,,,,0.5931372549019608,
2909,,,,,0.38461538461538464,
2910,,,,,0.03902439024390244,
2911,,,,,0.0,
2912,,,,,0.3804347826086957,
2913,,,,,0.34782608695652173,
2914,,,,,0.005154639175257732,
2915,,,,,0.4647887323943662,
2916,,,,,0.22684046019817783,
2917,,,,,0.22467362053243778,
2918,,,,,0.3688888888888889,
2919,,,,,0.4,
2920,,,,,0.05365853658536585,
2921,,,,,0.33620689655172414,
2922,,,,,0.14351851851851852,
2923,,,,,0.0,
2924,,,,,0.3443708609271523,
2925,,,,,0.0,
2926,,,,,0.0,
2927,,,,,0.45217391304347826,
2928,,,,,0.2185941344683115,
2929,,,,,0.21446522696439294,
2930,,,,,0.012121212121212121,
2931,,,,,0.24,
2932,,,,,0.1978021978021978,
2933,,,,,0.0,
2934,,,,,0.0,
2935,,,,,0.1557377049180328,
2936,,,,,0.0,
2937,,,,,0.5522388059701493,
2938,,,,,0.2946859903381642,
2939,,,,,0.0,
2940,,,,,0.22544390503424885,
2941,,,,,0.2224495696461535,
2942,,,,,0.18888888888888888,
2943,,,,,0.1650485436893204,
2944,,,,,0.1724137931034483,
2945,,,,,0.5434782608695652,
2946,,,,,0.0,
2947,,,,,0.15492957746478872,
2948,,,,,0.2948717948717949,
2949,,,,,0.6746031746031746,
2950,,,,,0.5377777777777778,
2951,,,,,0.3902439024390244,
2952,,,,,0.267939083593802,
2953,,,,,0.25854591553054734,
2954,,,,,0.2857142857142857,
2955,,,,,0.4326241134751773,
2956,,,,,0.7023809523809523,
2957,,,,,0.3532608695652174,
2958,,,,,0.12582781456953643,
2959,,,,,0.03,
2960,,,,,0.782608695652174,
2961,,,,,0.0,
2962,,,,,0.35,
2963,,,,,0.6825396825396826,
2964,,,,,0.2632838997140387,
2965,,,,,0.2556546493783778,
2966,,,,,0.2127659574468085,
2967,,,,,0.1504424778761062,
2968,,,,,0.0,
2969,,,,,0.39805825242718446,
2970,,,,,0.0,
2971,,,,,0.4235294117647059,
2972,,,,,0.5824175824175825,
2973,,,,,0.7614678899082569,
2974,,,,,0.0,
2975,,,,,0.30434782608695654,
2976,,,,,0.2202567001396555,
2977,,,,,0.2146431510352957,
2978,,,,,0.08,
2979,,,,,0.38524590163934425,
2980,,,,,0.0,
2981,,,,,0.5043478260869565,
2982,,,,,0.8211920529801324,
2983,,,,,0.0,
2984,,,,,0.7377049180327869,
2985,,,,,0.0196078431372549,
2986,,,,,0.6666666666666666,
2987,,,,,0.2328767123287671,
2988,,,,,0.23109662831681851,
2989,,,,,0.22716455752507617,
2990,,,,,0.015748031496062992,
2991,,,,,0.01818181818181818,
2992,,,,,0.0,
2993,,,,,0.0,
2994,,,,,0.3176470588235294,
2995,,,,,0.0,
2996,,,,,0.0,
2997,,,,,0.2318840579710145,
2998,,,,,0.47572815533980584,
2999,,,,,0.041666666666666664,
3000,,,,,0.2098157877236151,
3001,,,,,0.20681449191557502,
3002,,,,,0.2828282828282828,
3003,,,,,0.7023809523809523,
3004,,,,,0.11574074074074074,
3005,,,,,0.4444444444444444,
3006,,,,,0.5623003194888179,
3007,,,,,0.3883495145631068,
3008,,,,,0.35789473684210527,
3009,,,,,0.6328502415458938,
3010,,,,,0.0,
3011,,,,,0.0,
3012,,,,,0.23442175965950654,
3013,,,,,0.2304561528367769,
3014,,,,,0.7650273224043715,
3015,,,,,0.0,
3016,,,,,0.0,
3017,,,,,0.7016574585635359,
3018,,,,,0.10416666666666667,
3019,,,,,0.0,
3020,,,,,0.0,
3021,,,,,0.023255813953488372,
3022,,,,,0.6207951070336392,
3023,,,,,0.043689320388349516,
3024,,,,,0.22125423954246193,
3025,,,,,0.22022551875986923,
3026,,,,,0.0,
3027,,,,,0.0,
3028,,,,,0.0,
3029,,,,,0.007874015748031496,
3030,,,,,0.0,
3031,,,,,0.20491803278688525,
3032,,,,,0.7661290322580645,
3033,,,,,0.011627906976744186,
3034,,,,,0.2463768115942029,
3035,,,,,0.7023809523809523,
3036,,,,,0.24998337434328655,
3037,,,,,0.24440095189377933,
3038,,,,,0.5172413793103449,
3039,,,,,0.0,
3040,,,,,0.08,
3041,,,,,0.39344262295081966,
3042,,,,,0.13259668508287292,
3043,,,,,0.4434782608695652,
3044,,,,,0.16901408450704225,
3045,,,,,0.1879432624113475,
3046,,,,,0.13966480446927373,
3047,,,,,0.0,
3048,,,,,0.22850302586952184,
3049,,,,,0.22476258256788914,
3050,,,,,0.0,
3051,,,,,0.0,
3052,,,,,0.0,
3053,,,,,0.7016129032258065,
3054,,,,,0.007633587786259542,
3055,,,,,0.49137931034482757,
3056,,,,,0.25120772946859904,
3057,,,,,0.02912621359223301,
3058,,,,,0.36470588235294116,
3059,,,,,0.5307262569832403,
3060,,,,,0.22677395757132407,
3061,,,,,0.22627493717056246,
3062,,,,,0.4852941176470588,
3063,,,,,0.5869565217391305,
3064,,,,,0.808695652173913,
3065,,,,,0.4195121951219512,
3066,,,,,0.73224043715847,
3067,,,,,0.0,
3068,,,,,0.19148936170212766,
3069,,,,,0.2753623188405797,
3070,,,,,0.521978021978022,
3071,,,,,0.0,
3072,,,,,0.23482077542062912,
3073,,,,,0.23432600137891155,
3074,,,,,0.6775956284153005,
3075,,,,,0.12135922330097088,
3076,,,,,0.5845070422535211,
3077,,,,,0.56353591160221,
3078,,,,,0.04219409282700422,
3079,,,,,0.0,
3080,,,,,0.38235294117647056,
3081,,,,,0.0,
3082,,,,,0.3864734299516908,
3083,,,,,0.1773049645390071,
3084,,,,,0.2235153288554898,
3085,,,,,0.22164891132709116,
3086,,,,,0.0,
3087,,,,,0.6775956284153005,
3088,,,,,0.4782608695652174,
3089,,,,,0.0,
3090,,,,,0.6823529411764706,
3091,,,,,0.09302325581395349,
3092,,,,,0.0,
3093,,,,,0.2,
3094,,,,,0.2540983606557377,
3095,,,,,0.73,
3096,,,,,0.24978386646272527,
3097,,,,,0.24815959789159975,
3098,,,,,0.1056338028169014,
3099,,,,,0.0,
3100,,,,,0.06629834254143646,
3101,,,,,0.2967032967032967,
3102,,,,,0.26229508196721313,
3103,,,,,0.3730407523510972,
3104,,,,,0.76,
3105,,,,,0.4764705882352941,
3106,,,,,0.8306451612903226,
3107,,,,,0.0,
3108,,,,,0.24911884019418767,
3109,,,,,0.24731445855481174,
3110,,,,,0.11413043478260869,
3111,,,,,0.056338028169014086,
3112,,,,,0.0,
3113,,,,,0.2631578947368421,
3114,,,,,0.6850828729281768,
3115,,,,,0.003787878787878788,
3116,,,,,0.35294117647058826,
3117,,,,,0.109717868338558,
3118,,,,,0.14,
3119,,,,,0.0,
3120,,,,,0.24386513267274057,
3121,,,,,0.24279963525565465,
3122,,,,,0.0,
3123,,,,,0.0,
3124,,,,,0.9282700421940928,
3125,,,,,0.07389162561576355,
3126,,,,,0.21830985915492956,
3127,,,,,0.12844036697247707,
3128,,,,,0.009615384615384616,
3129,,,,,0.391304347826087,
3130,,,,,0.0,
3131,,,,,0.3605015673981191,
3132,,,,,0.23435525703265278,
3133,,,,,0.23417031781687164,
3134,,,,,0.48695652173913045,
3135,,,,,0.5274261603375527,
3136,,,,,0.13658536585365855,
3137,,,,,0.03488372093023256,
3138,,,,,0.24561403508771928,
3139,,,,,0.521978021978022,
3140,,,,,0.5041322314049587,
3141,,,,,0.7222222222222222,
3142,,,,,0.11602209944751381,
3143,,,,,0.7734806629834254,
3144,,,,,0.2939416106936224,
3145,,,,,0.2900607165891956,
3146,,,,,0.0,
3147,,,,,0.0,
3148,,,,,0.0,
3149,,,,,0.0,
3150,,,,,0.0,
3151,,,,,0.4383561643835616,
3152,,,,,0.5274725274725275,
3153,,,,,0.20689655172413793,
3154,,,,,0.22826086956521738,
3155,,,,,0.25382262996941896,
3156,,,,,0.2765179224579371,
3157,,,,,0.2719569423748415,
3158,,,,,0.5746268656716418,
3159,,,,,0.30434782608695654,
3160,,,,,0.04964539007092199,
3161,,,,,0.05339805825242718,
3162,,,,,0.6086956521739131,
3163,,,,,0.0,
3164,,,,,0.4426229508196721,
3165,,,,,0.5700483091787439,
3166,,,,,0.41304347826086957,
3167,,,,,0.0,
3168,,,,,0.2616878366695484,
3169,,,,,0.25863487756599873,
3170,,,,,0.0,
3171,,,,,0.48242811501597443,
3172,,,,,0.12790697674418605,
3173,,,,,0.0,
3174,,,,,0.8579234972677595,
3175,,,,,0.21712538226299694,
3176,,,,,0.011111111111111112,
3177,,,,,0.6329113924050633,
3178,,,,,0.019543973941368076,
3179,,,,,0.26548672566371684,
3180,,,,,0.3594466981445767,
3181,,,,,0.3554478126459533,
3182,,,,,0.010309278350515464,
3183,,,,,0.6785714285714286,
3184,,,,,0.6736842105263158,
3185,,,,,0.6424581005586593,
3186,,,,,0.0,
3187,,,,,0.7733333333333333,
3188,,,,,0.0,
3189,,,,,0.8260869565217391,
3190,,,,,0.0,
3191,,,,,0.6206896551724138,
3192,,,,,0.3186805878832214,
3193,,,,,0.3169494918043725,
3194,,,,,0.20108695652173914,
3195,,,,,0.3829787234042553,
3196,,,,,0.49473684210526314,
3197,,,,,0.4125874125874126,
3198,,,,,0.35555555555555557,
3199,,,,,0.0,
3200,,,,,0.2815533980582524,
3201,,,,,0.6887417218543046,
3202,,,,,0.6547619047619048,
3203,,,,,0.6304347826086957,
3204,,,,,0.2965352131409191,
3205,,,,,0.2905055267664524,
3206,,,,,0.0,
3207,,,,,0.2831858407079646,
3208,,,,,0.8,
3209,,,,,0.0,
3210,,,,,0.056338028169014086,
3211,,,,,0.04878048780487805,
3212,,,,,0.6587301587301587,
3213,,,,,0.4019607843137255,
3214,,,,,0.0,
3215,,,,,0.5,
3216,,,,,0.24326660903105674,
3217,,,,,0.24130952116184418,
3218,,,,,0.636986301369863,
3219,,,,,0.0,
3220,,,,,0.7107843137254902,
3221,,,,,0.8977635782747604,
3222,,,,,0.0,
3223,,,,,0.6507936507936508,
3224,,,,,0.09302325581395349,
3225,,,,,0.5142857142857142,
3226,,,,,0.06666666666666667,
3227,,,,,0.010309278350515464,
3228,,,,,0.3083061780940347,
3229,,,,,0.30429464226141495,
3230,,,,,0.6739130434782609,
3231,,,,,0.70042194092827,
3232,,,,,0.49206349206349204,
3233,,,,,0.5157894736842106,
3234,,,,,0.6754966887417219,
3235,,,,,0.24,
3236,,,,,0.18055555555555555,
3237,,,,,0.6739130434782609,
3238,,,,,0.21374045801526717,
3239,,,,,0.3805309734513274,
3240,,,,,0.29892930770765447,
3241,,,,,0.29333007139203343,
3242,,,,,0.6904761904761905,
3243,,,,,0.782608695652174,
3244,,,,,0.0,
3245,,,,,0.7608695652173914,
3246,,,,,0.4588235294117647,
3247,,,,,0.11594202898550725,
3248,,,,,0.011111111111111112,
3249,,,,,0.11822660098522167,
3250,,,,,0.05504587155963303,
3251,,,,,0.22807017543859648,
3252,,,,,0.2809070958302853,
3253,,,,,0.27747258857282653,
3254,,,,,0.0,
3255,,,,,0.5603864734299517,
3256,,,,,0.14285714285714285,
3257,,,,,0.0,
3258,,,,,0.0,
3259,,,,,0.5688073394495413,
3260,,,,,0.0,
3261,,,,,0.6984126984126984,
3262,,,,,0.43529411764705883,
3263,,,,,0.6741214057507987,
3264,,,,,0.2672740573252643,
3265,,,,,0.26415052376398374,
3266,,,,,0.7580645161290323,
3267,,,,,0.6526315789473685,
3268,,,,,0.2361111111111111,
3269,,,,,0.20833333333333334,
3270,,,,,0.0,
3271,,,,,0.4195121951219512,
3272,,,,,0.014814814814814815,
3273,,,,,0.5517241379310345,
3274,,,,,0.4823529411764706,
3275,,,,,0.6421568627450981,
3276,,,,,0.28682582962027,
3277,,,,,0.28461179191779906,
3278,,,,,0.6914285714285714,
3279,,,,,0.6417910447761194,
3280,,,,,0.21739130434782608,
3281,,,,,0.19718309859154928,
3282,,,,,0.7787610619469026,
3283,,,,,0.6158940397350994,
3284,,,,,0.6421052631578947,
3285,,,,,0.6044444444444445,
3286,,,,,0.0,
3287,,,,,0.0,
3288,,,,,0.27951054066635633,
3289,,,,,0.27596023397015323,
3290,,,,,0.524822695035461,
3291,,,,,0.6547619047619048,
3292,,,,,0.4444444444444444,
3293,,,,,0.0,
3294,,,,,0.0,
3295,,,,,0.007874015748031496,
3296,,,,,0.5989010989010989,
3297,,,,,0.01,
3298,,,,,0.1276595744680851,
3299,,,,,0.0,
3300,,,,,0.2944071290815987,
3301,,,,,0.2929297422325023,
3302,,,,,0.0,
3303,,,,,0.0,
3304,,,,,0.0,
3305,,,,,0.18808777429467086,
3306,,,,,0.5833333333333334,
3307,,,,,0.6127450980392157,
3308,,,,,0.37988826815642457,
3309,,,,,0.34615384615384615,
3310,,,,,0.0,
3311,,,,,0.0,
3312,,,,,0.24905233756733391,
3313,,,,,0.24944954740564465,
3314,,,,,0.4728434504792332,
3315,,,,,0.26282051282051283,
3316,,,,,0.0,
3317,,,,,0.29357798165137616,
3318,,,,,0.3883495145631068,
3319,,,,,0.28292682926829266,
3320,,,,,0.010309278350515464,
3321,,,,,0.45454545454545453,
3322,,,,,0.0,
3323,,,,,0.782608695652174,
3324,,,,,0.27252776484671143,
3325,,,,,0.2685986255365523,
3326,,,,,0.0825242718446602,
3327,,,,,0.0,
3328,,,,,0.0,
3329,,,,,0.6373626373626373,
3330,,,,,0.23703703703703705,
3331,,,,,0.3314917127071823,
3332,,,,,0.30128205128205127,
3333,,,,,0.3879310344827586,
3334,,,,,0.037037037037037035,
3335,,,,,0.04433497536945813,
3336,,,,,0.2908824898583494,
3337,,,,,0.28694704534839754,
3338,,,,,0.0,
3339,,,,,0.5431034482758621,
3340,,,,,0.6956521739130435,
3341,,,,,0.3120567375886525,
3342,,,,,0.14006514657980457,
3343,,,,,0.21100917431192662,
3344,,,,,0.21794871794871795,
3345,,,,,0.03488372093023256,
3346,,,,,0.375,
3347,,,,,0.6031746031746031,
3348,,,,,0.2801755669348939,
3349,,,,,0.27669417076262703,
3350,,,,,0.0,
3351,,,,,0.0,
3352,,,,,0.4260869565217391,
3353,,,,,0.0,
3354,,,,,0.05128205128205128,
3355,,,,,0.32231404958677684,
3356,,,,,0.0,
3357,,,,,0.7023809523809523,
3358,,,,,0.74,
3359,,,,,0.6821192052980133,
3360,,,,,0.2843652324266809,
3361,,,,,0.27949647487934526,
3362,,,,,0.08,
3363,,,,,0.0,
3364,,,,,0.782258064516129,
3365,,,,,0.18681318681318682,
3366,,,,,0.808695652173913,
3367,,,,,0.0851063829787234,
3368,,,,,0.0,
3369,,,,,0.0,
3370,,,,,0.18823529411764706,
3371,,,,,0.5774647887323944,
3372,,,,,0.24878632705991888,
3373,,,,,0.24304428085314592,
3374,,,,,0.5052631578947369,
3375,,,,,0.0,
3376,,,,,0.510989010989011,
3377,,,,,0.5460992907801419,
3378,,,,,0.8079470198675497,
3379,,,,,0.5642458100558659,
3380,,,,,0.02912621359223301,
3381,,,,,0.25274725274725274,
3382,,,,,0.04234527687296417,
3383,,,,,0.0,
3384,,,,,0.25337500831282833,
3385,,,,,0.2516513577830661,
3386,,,,,0.22535211267605634,
3387,,,,,0.3805970149253731,
3388,,,,,0.0,
3389,,,,,0.21052631578947367,
3390,,,,,0.6956521739130435,
3391,,,,,0.22950819672131148,
3392,,,,,0.7661290322580645,
3393,,,,,0.0,
3394,,,,,0.38524590163934425,
3395,,,,,0.6256983240223464,
3396,,,,,0.2424685775088116,
3397,,,,,0.24073126793141028,
3398,,,,,0.0,
3399,,,,,0.6570048309178744,
3400,,,,,0.07523510971786834,
3401,,,,,0.17098445595854922,
3402,,,,,0.7142857142857143,
3403,,,,,0.7580645161290323,
3404,,,,,0.08292682926829269,
3405,,,,,0.35467980295566504,
3406,,,,,0.0,
3407,,,,,0.12962962962962962,
3408,,,,,0.20901775620136995,
3409,,,,,0.2076373907435002,
3410,,,,,0.6526315789473685,
3411,,,,,0.322884012539185,
3412,,,,,0.0,
3413,,,,,0.23404255319148937,
3414,,,,,0.4782608695652174,
3415,,,,,0.0,
3416,,,,,0.5244755244755245,
3417,,,,,0.13740458015267176,
3418,,,,,0.7073170731707317,
3419,,,,,0.4,
3420,,,,,0.26833809935492453,
3421,,,,,0.2645730934323777,
3422,,,,,0.4842105263157895,
3423,,,,,0.19337016574585636,
3424,,,,,0.3939393939393939,
3425,,,,,0.39344262295081966,
3426,,,,,0.5575221238938053,
3427,,,,,0.0,
3428,,,,,0.6433566433566433,
3429,,,,,0.21674876847290642,
3430,,,,,0.5761589403973509,
3431,,,,,0.6174863387978142,
3432,,,,,0.24047349870319878,
3433,,,,,0.24057558436937038,
3434,,,,,0.48881789137380194,
3435,,,,,0.24630541871921183,
3436,,,,,0.1346153846153846,
3437,,,,,0.23316062176165803,
3438,,,,,0.41739130434782606,
3439,,,,,0.05303030303030303,
3440,,,,,0.36085626911314983,
3441,,,,,0.0,
3442,,,,,0.4180327868852459,
3443,,,,,0.7553191489361702,
3444,,,,,0.29274456341025473,
3445,,,,,0.29364143851611324,
3446,,,,,0.0,
3447,,,,,0.1511627906976744,
3448,,,,,0.007874015748031496,
3449,,,,,0.1568627450980392,
3450,,,,,0.4462809917355372,
3451,,,,,0.6235294117647059,
3452,,,,,0.6536312849162011,
3453,,,,,0.6274509803921569,
3454,,,,,0.0,
3455,,,,,0.0,
3456,,,,,0.2777149697413048,
3457,,,,,0.27956319640593374,
3458,,,,,0.6933333333333334,
3459,,,,,0.19834710743801653,
3460,,,,,0.35353535353535354,
3461,,,,,0.0,
3462,,,,,0.4260869565217391,
3463,,,,,0.1,
3464,,,,,0.36097560975609755,
3465,,,,,0.32222222222222224,
3466,,,,,0.0,
3467,,,,,0.0,
3468,,,,,0.23980847243466116,
3469,,,,,0.2401307741921135,
3470,,,,,0.2631578947368421,
3471,,,,,0.04580152671755725,
3472,,,,,0.0,
3473,,,,,0.28823529411764703,
3474,,,,,0.0,
3475,,,,,0.6666666666666666,
3476,,,,,0.0,
3477,,,,,0.26959247648902823,
3478,,,,,0.2916666666666667,
3479,,,,,0.4482758620689655,
3480,,,,,0.2235153288554898,
3481,,,,,0.22407312679314104,
3482,,,,,0.04924242424242424,
3483,,,,,0.43349753694581283,
3484,,,,,0.0,
3485,,,,,0.03,
3486,,,,,0.6343283582089553,
3487,,,,,0.0,
3488,,,,,0.013888888888888888,
3489,,,,,0.4,
3490,,,,,0.43119266055045874,
3491,,,,,0.825136612021858,
3492,,,,,0.28988495045554297,
3493,,,,,0.28552365278117564,
3494,,,,,0.0,
3495,,,,,0.0,
3496,,,,,0.035211267605633804,
3497,,,,,0.0,
3498,,,,,0.00390625,
3499,,,,,0.3652173913043478,
3500,,,,,0.3411764705882353,
3501,,,,,0.24561403508771928,
3502,,,,,0.20491803278688525,
3503,,,,,0.0,
3504,,,,,0.25623462126754004,
3505,,,,,0.2510508640437693,
3506,,,,,0.41739130434782606,
3507,,,,,0.00510204081632653,
3508,,,,,0.0,
3509,,,,,0.0,
3510,,,,,0.0,
3511,,,,,0.2982456140350877,
3512,,,,,0.05,
3513,,,,,0.08292682926829269,
3514,,,,,0.6904761904761905,
3515,,,,,0.0,
3516,,,,,0.27246126221985767,
3517,,,,,0.2668638658452505,
3518,,,,,0.0,
3519,,,,,0.25274725274725274,
3520,,,,,0.39226519337016574,
3521,,,,,0.5391304347826087,
3522,,,,,0.8521739130434782,
3523,,,,,0.8083067092651757,
3524,,,,,0.03,
3525,,,,,0.24561403508771928,
3526,,,,,0.13592233009708737,
3527,,,,,0.0,
3528,,,,,0.3269934162399415,
3529,,,,,0.32150879612125527,
3530,,,,,0.0,
3531,,,,,0.5384615384615384,
3532,,,,,0.7978142076502732,
3533,,,,,0.013029315960912053,
3534,,,,,0.24561403508771928,
3535,,,,,0.12589928057553956,
3536,,,,,0.2920353982300885,
3537,,,,,0.0,
3538,,,,,0.004219409282700422,
3539,,,,,0.07317073170731707,
3540,,,,,0.313227372481213,
3541,,,,,0.3072971109578987,
3542,,,,,0.7023809523809523,
3543,,,,,0.5874125874125874,
3544,,,,,0.11219512195121951,
3545,,,,,0.0,
3546,,,,,0.027522935779816515,
3547,,,,,0.4077669902912621,
3548,,,,,0.7380952380952381,
3549,,,,,0.6119402985074627,
3550,,,,,0.4098360655737705,
3551,,,,,0.44680851063829785,
3552,,,,,0.313227372481213,
3553,,,,,0.30803104775037254,
3554,,,,,0.20422535211267606,
3555,,,,,0.21311475409836064,
3556,,,,,0.16286644951140064,
3557,,,,,0.37823834196891193,
3558,,,,,0.0,
3559,,,,,0.15384615384615385,
3560,,,,,0.025510204081632654,
3561,,,,,0.8174603174603174,
3562,,,,,0.7466666666666667,
3563,,,,,0.19337016574585636,
3564,,,,,0.3234022743898384,
3565,,,,,0.3162155550118987,
3566,,,,,0.0,
3567,,,,,0.0,
3568,,,,,0.007874015748031496,
3569,,,,,0.4,
3570,,,,,0.0,
3571,,,,,0.00390625,
3572,,,,,0.40869565217391307,
3573,,,,,0.4462809917355372,
3574,,,,,0.3829787234042553,
3575,,,,,0.5086206896551724,
3576,,,,,0.32160670346478687,
3577,,,,,0.31734982096390363,
3578,,,,,0.4842105263157895,
3579,,,,,0.1794871794871795,
3580,,,,,0.33980582524271846,
3581,,,,,0.0,
3582,,,,,0.23958333333333334,
3583,,,,,0.16666666666666666,
3584,,,,,0.0,
3585,,,,,0.0,
3586,,,,,0.02962962962962963,
3587,,,,,0.32065217391304346,
3588,,,,,0.2939416106936224,
3589,,,,,0.28792562773836267,
3590,,,,,0.0,
3591,,,,,0.0,
3592,,,,,0.0,
3593,,,,,0.26282051282051283,
3594,,,,,0.0,
3595,,,,,0.0,
3596,,,,,0.46956521739130436,
3597,,,,,0.0,
3598,,,,,0.0,
3599,,,,,0.7391304347826086,
3600,,,,,0.3000598523641684,
3601,,,,,0.2945088183617641,
3602,,,,,0.45595854922279794,
3603,,,,,0.24271844660194175,
3604,,,,,0.1347517730496454,
3605,,,,,0.0,
3606,,,,,0.09448818897637795,
3607,,,,,0.6411764705882353,
3608,,,,,0.0,
3609,,,,,0.7419354838709677,
3610,,,,,0.25177304964539005,
3611,,,,,0.2857142857142857,
3612,,,,,0.3089712043625723,
3613,,,,,0.30233747748148476,
3614,,,,,0.3761755485893417,
3615,,,,,0.0,
3616,,,,,0.0,
3617,,,,,0.3125,
3618,,,,,0.5418994413407822,
3619,,,,,0.18787878787878787,
3620,,,,,0.463768115942029,
3621,,,,,0.08849557522123894,
3622,,,,,0.0,
3623,,,,,0.0,
3624,,,,,0.31688501695816984,
3625,,,,,0.31381358005471166,
3626,,,,,0.10638297872340426,
3627,,,,,0.0,
3628,,,,,0.528169014084507,
3629,,,,,0.39705882352941174,
3630,,,,,0.7294685990338164,
3631,,,,,0.24561403508771928,
3632,,,,,0.4311111111111111,
3633,,,,,0.47107438016528924,
3634,,,,,0.0,
3635,,,,,0.0,
3636,,,,,0.32293675600186206,
3637,,,,,0.31350221293063185,
3638,,,,,0.05853658536585366,
3639,,,,,0.0,
3640,,,,,0.14743589743589744,
3641,,,,,0.8434782608695652,
3642,,,,,0.0,
3643,,,,,0.8043478260869565,
3644,,,,,0.7205882352941176,
3645,,,,,0.05343511450381679,
3646,,,,,0.6666666666666666,
3647,,,,,0.0,
3648,,,,,0.3182150694952451,
3649,,,,,0.30929875675555457,
3650,,,,,0.0,
3651,,,,,0.4195804195804196,
3652,,,,,0.0,
3653,,,,,0.023622047244094488,
3654,,,,,0.0,
3655,,,,,0.0,
3656,,,,,0.6666666666666666,
3657,,,,,0.0,
3658,,,,,0.10897435897435898,
3659,,,,,0.0,
3660,,,,,0.28130611159140784,
3661,,,,,0.2740697907168116,
3662,,,,,0.07246376811594203,
3663,,,,,0.4888888888888889,
3664,,,,,0.4725274725274725,
3665,,,,,0.7317073170731707,
3666,,,,,0.0,
3667,,,,,0.30327868852459017,
3668,,,,,0.0,
3669,,,,,0.38095238095238093,
3670,,,,,0.6935483870967742,
3671,,,,,0.8675496688741722,
3672,,,,,0.3374343286559819,
3673,,,,,0.32822542979783376,
3674,,,,,0.76,
3675,,,,,0.09154929577464789,
3676,,,,,0.0,
3677,,,,,0.0,
3678,,,,,0.782258064516129,
3679,,,,,0.4405594405594406,
3680,,,,,0.0,
3681,,,,,0.2048780487804878,
3682,,,,,0.5555555555555556,
3683,,,,,0.4214876033057851,
3684,,,,,0.322404734987032,
3685,,,,,0.31470320040922534,
3686,,,,,0.3188405797101449,
3687,,,,,0.5977653631284916,
3688,,,,,0.005154639175257732,
3689,,,,,0.0,
3690,,,,,0.14705882352941177,
3691,,,,,0.8145161290322581,
3692,,,,,0.3149171270718232,
3693,,,,,0.022727272727272728,
3694,,,,,0.2869198312236287,
3695,,,,,0.47572815533980584,
3696,,,,,0.2878898716499302,
3697,,,,,0.27969663945911083,
3698,,,,,0.18,
3699,,,,,0.8478260869565217,
3700,,,,,0.4224137931034483,
3701,,,,,0.42424242424242425,
3702,,,,,0.45294117647058824,
3703,,,,,0.0,
3704,,,,,0.38235294117647056,
3705,,,,,0.5934065934065934,
3706,,,,,0.4608695652173913,
3707,,,,,0.004975124378109453,
3708,,,,,0.3528629380860544,
3709,,,,,0.34630696350332496,
3710,,,,,0.0,
3711,,,,,0.0,
3712,,,,,0.4842105263157895,
3713,,,,,0.010309278350515464,
3714,,,,,0.45081967213114754,
3715,,,,,0.20833333333333334,
3716,,,,,0.46956521739130436,
3717,,,,,0.23717948717948717,
3718,,,,,0.8536585365853658,
3719,,,,,0.0,
3720,,,,,0.33430870519385514,
3721,,,,,0.327914062673754,
3722,,,,,0.6126760563380281,
3723,,,,,0.6507936507936508,
3724,,,,,0.0,
3725,,,,,0.5028571428571429,
3726,,,,,0.0,
3727,,,,,0.5043478260869565,
3728,,,,,0.0,
3729,,,,,0.0,
3730,,,,,0.0,
3731,,,,,0.0,
3732,,,,,0.3352397419698078,
3733,,,,,0.3258901763672353,
3734,,,,,0.5164835164835165,
3735,,,,,0.6304347826086957,
3736,,,,,0.40487804878048783,
3737,,,,,0.06840390879478828,
3738,,,,,0.20388349514563106,
3739,,,,,0.6773162939297125,
3740,,,,,0.02,
3741,,,,,0.25,
3742,,,,,0.5024390243902439,
3743,,,,,0.7333333333333333,
3744,,,,,0.3704196315754472,
3745,,,,,0.3644774592442675,
3746,,,,,0.0,
3747,,,,,0.5314685314685315,
3748,,,,,0.14984709480122324,
3749,,,,,0.07317073170731707,
3750,,,,,0.659217877094972,
3751,,,,,0.11538461538461539,
3752,,,,,0.44047619047619047,
3753,,,,,0.14,
3754,,,,,0.05472636815920398,
3755,,,,,0.05612244897959184,
3756,,,,,0.29660171576777283,
3757,,,,,0.28839267842448235,
3758,,,,,0.4470588235294118,
3759,,,,,0.5560975609756098,
3760,,,,,0.0,
3761,,,,,0.0,
3762,,,,,0.2948717948717949,
3763,,,,,0.1875,
3764,,,,,0.0,
3765,,,,,0.8260869565217391,
3766,,,,,0.23300970873786409,
3767,,,,,0.6428571428571429,
3768,,,,,0.3097027332579637,
3769,,,,,0.30269332562329027,
3770,,,,,0.5616438356164384,
3771,,,,,0.5052631578947369,
3772,,,,,0.3858695652173913,
3773,,,,,0.07,
3774,,,,,0.15121951219512195,
3775,,,,,0.6153846153846154,
3776,,,,,0.022727272727272728,
3777,,,,,0.40444444444444444,
3778,,,,,0.47413793103448276,
3779,,,,,0.11330049261083744,
3780,,,,,0.2961361973797965,
3781,,,,,0.2885706024953851,
3782,,,,,0.26229508196721313,
3783,,,,,0.23333333333333334,
3784,,,,,0.3723404255319149,
3785,,,,,0.9948186528497409,
3786,,,,,0.5757575757575758,
3787,,,,,0.1793478260869565,
3788,,,,,0.5907172995780591,
3789,,,,,0.7294117647058823,
3790,,,,,0.05339805825242718,
3791,,,,,0.05956112852664577,
3792,,,,,0.37374476291813524,
3793,,,,,0.3667459911482775,
3794,,,,,0.2740740740740741,
3795,,,,,0.7101449275362319,
3796,,,,,0.0,
3797,,,,,0.0,
3798,,,,,0.023148148148148147,
3799,,,,,0.0,
3800,,,,,0.0,
3801,,,,,0.0,
3802,,,,,0.28169014084507044,
3803,,,,,0.05511811023622047,
3804,,,,,0.3190131010174902,
3805,,,,,0.31105575695571913,
3806,,,,,0.0,
3807,,,,,0.4589041095890411,
3808,,,,,0.6176470588235294,
3809,,,,,0.02912621359223301,
3810,,,,,0.0,
3811,,,,,0.6593406593406593,
3812,,,,,0.48695652173913045,
3813,,,,,0.3695652173913043,
3814,,,,,0.6871508379888268,
3815,,,,,0.0,
3816,,,,,0.32533085056859745,
3817,,,,,0.31610435246758445,
3818,,,,,0.7380952380952381,
3819,,,,,0.3723404255319149,
3820,,,,,0.15,
3821,,,,,0.3076923076923077,
3822,,,,,0.2624113475177305,
3823,,,,,0.8306451612903226,
3824,,,,,0.1925925925925926,
3825,,,,,0.7205882352941176,
3826,,,,,0.0,
3827,,,,,0.035211267605633804,
3828,,,,,0.33317816053734123,
3829,,,,,0.32415541667593356,
3830,,,,,0.0,
3831,,,,,0.5164835164835165,
3832,,,,,0.2955665024630542,
3833,,,,,0.007042253521126761,
3834,,,,,0.47802197802197804,
3835,,,,,0.15384615384615385,
3836,,,,,0.0,
3837,,,,,0.1986754966887417,
3838,,,,,0.0,
3839,,,,,0.0,
3840,,,,,0.30637760191527563,
3841,,,,,0.2968885528100883,
3842,,,,,0.039735099337748346,
3843,,,,,0.6956521739130435,
3844,,,,,0.3125,
3845,,,,,0.11764705882352941,
3846,,,,,0.4931506849315068,
3847,,,,,0.6309523809523809,
3848,,,,,0.0,
3849,,,,,0.06666666666666667,
3850,,,,,0.0,
3851,,,,,0.4972375690607735,
3852,,,,,0.2695351466382922,
3853,,,,,0.2605253208193403,
3854,,,,,0.8095238095238095,
3855,,,,,0.6,
3856,,,,,0.019704433497536946,
3857,,,,,0.0,
3858,,,,,0.35609756097560974,
3859,,,,,0.23300970873786409,
3860,,,,,0.0,
3861,,,,,0.6232876712328768,
3862,,,,,0.3967391304347826,
3863,,,,,0.46153846153846156,
3864,,,,,0.29467313958901376,
3865,,,,,0.28587950092298114,
3866,,,,,0.5522388059701493,
3867,,,,,0.21568627450980393,
3868,,,,,0.7903225806451613,
3869,,,,,0.0,
3870,,,,,0.6470588235294118,
3871,,,,,0.6190476190476191,
3872,,,,,0.5238095238095238,
3873,,,,,0.0051813471502590676,
3874,,,,,0.42857142857142855,
3875,,,,,0.0,
3876,,,,,0.29739974729001795,
3877,,,,,0.2887707670751507,
3878,,,,,0.011049723756906077,
3879,,,,,0.0,
3880,,,,,0.0,
3881,,,,,0.0,
3882,,,,,0.4755244755244755,
3883,,,,,0.30049261083743845,
3884,,,,,0.8469945355191257,
3885,,,,,0.0,
3886,,,,,0.041666666666666664,
3887,,,,,0.0,
3888,,,,,0.22364833410919732,
3889,,,,,0.2186464426306074,
3890,,,,,0.782258064516129,
3891,,,,,0.5364238410596026,
3892,,,,,0.6428571428571429,
3893,,,,,0.056338028169014086,
3894,,,,,0.0,
3895,,,,,0.6338028169014085,
3896,,,,,0.0,
3897,,,,,0.0,
3898,,,,,0.0,
3899,,,,,0.18604651162790697,
3900,,,,,0.27266077010041895,
3901,,,,,0.26639681515913083,
3902,,,,,0.4187192118226601,
3903,,,,,0.004975124378109453,
3904,,,,,0.0,
3905,,,,,0.5043478260869565,
3906,,,,,0.0,
3907,,,,,0.32941176470588235,
3908,,,,,0.0,
3909,,,,,0.0,
3910,,,,,0.4260869565217391,
3911,,,,,0.3723404255319149,
3912,,,,,0.2580301921925916,
3913,,,,,0.25189600338055734,
3914,,,,,0.44370860927152317,
3915,,,,,0.3591549295774648,
3916,,,,,0.20512820512820512,
3917,,,,,0.48695652173913045,
3918,,,,,0.0,
3919,,,,,0.28434504792332266,
3920,,,,,0.2807017543859649,
3921,,,,,0.7107843137254902,
3922,,,,,0.6488888888888888,
3923,,,,,0.0,
3924,,,,,0.28064108532287024,
3925,,,,,0.2721348664457443,
3926,,,,,0.3125,
3927,,,,,0.6201117318435754,
3928,,,,,0.0,
3929,,,,,0.06763285024154589,
3930,,,,,0.143646408839779,
3931,,,,,0.12037037037037036,
3932,,,,,0.2982456140350877,
3933,,,,,0.0,
3934,,,,,0.373134328358209,
3935,,,,,0.0,
3936,,,,,0.2628183813260624,
3937,,,,,0.25520983920112095,
3938,,,,,0.717391304347826,
3939,,,,,0.16203703703703703,
3940,,,,,0.6977777777777778,
3941,,,,,0.023255813953488372,
3942,,,,,0.5314009661835749,
3943,,,,,0.5175718849840255,
3944,,,,,0.6573426573426573,
3945,,,,,0.0,
3946,,,,,0.0,
3947,,,,,0.35960591133004927,
3948,,,,,0.2840992219192658,
3949,,,,,0.2745368414029313,
3950,,,,,0.43478260869565216,
3951,,,,,0.49206349206349204,
3952,,,,,0.0,
3953,,,,,0.64,
3954,,,,,0.2912621359223301,
3955,,,,,0.0,
3956,,,,,0.0,
3957,,,,,0.751219512195122,
3958,,,,,0.4092827004219409,
3959,,,,,0.0,
3960,,,,,0.30132340227438986,
3961,,,,,0.29312990681226786,
3962,,,,,0.4716312056737589,
3963,,,,,0.4105960264900662,
3964,,,,,0.22424242424242424,
3965,,,,,0.6027397260273972,
3966,,,,,0.2743362831858407,
3967,,,,,0.3888888888888889,
3968,,,,,0.6048780487804878,
3969,,,,,0.2621359223300971,
3970,,,,,0.0,
3971,,,,,0.17391304347826086,
3972,,,,,0.3094367227505486,
3973,,,,,0.29942397082045236,
3974,,,,,0.9047619047619048,
3975,,,,,0.05211726384364821,
3976,,,,,0.62,
3977,,,,,0.695364238410596,
3978,,,,,0.5689655172413793,
3979,,,,,0.6759776536312849,
3980,,,,,0.48695652173913045,
3981,,,,,0.6048780487804878,
3982,,,,,0.4945054945054945,
3983,,,,,0.0,
3984,,,,,0.28862140054532154,
3985,,,,,0.2799412850566021,
3986,,,,,0.5238095238095238,
3987,,,,,0.0,
3988,,,,,0.2912621359223301,
3989,,,,,0.00510204081632653,
3990,,,,,0.003787878787878788,
3991,,,,,0.5082872928176796,
3992,,,,,0.13170731707317074,
3993,,,,,0.0,
3994,,,,,0.0,
3995,,,,,0.528169014084507,
3996,,,,,0.23575181219658176,
3997,,,,,0.22625269666169961,
3998,,,,,0.6145251396648045,
3999,,,,,0.0,
4000,,,,,0.2,
4001,,,,,0.510989010989011,
4002,,,,,0.09446254071661238,
4003,,,,,0.0,
4004,,,,,0.72,
4005,,,,,0.6622516556291391,
4006,,,,,0.15384615384615385,
4007,,,,,0.0,
4008,,,,,0.25237746891002194,
4009,,,,,0.2465805217623379,
4010,,,,,0.72,
4011,,,,,0.5,
4012,,,,,0.2631578947368421,
4013,,,,,0.0,
4014,,,,,0.26595744680851063,
4015,,,,,0.23039215686274508,
4016,,,,,0.7913043478260869,
4017,,,,,0.47572815533980584,
4018,,,,,0.1984732824427481,
4019,,,,,0.05454545454545454,
4020,,,,,0.27325929374210284,
4021,,,,,0.2607477259079688,
4022,,,,,0.24561403508771928,
4023,,,,,0.0,
4024,,,,,0.0,
4025,,,,,0.12195121951219512,
4026,,,,,0.3125,
4027,,,,,0.0,
4028,,,,,0.7019867549668874,
4029,,,,,0.45263157894736844,
4030,,,,,0.16022099447513813,
4031,,,,,0.33876221498371334,
4032,,,,,0.2875573585156614,
4033,,,,,0.27742810755510083,
4034,,,,,0.18032786885245902,
4035,,,,,0.7978142076502732,
4036,,,,,0.0,
4037,,,,,0.46956521739130436,
4038,,,,,0.0,
4039,,,,,0.04,
4040,,,,,0.8173913043478261,
4041,,,,,0.6547619047619048,
4042,,,,,0.0,
4043,,,,,0.7777777777777778,
4044,,,,,0.3059120835272993,
4045,,,,,0.297066476880991,
4046,,,,,0.6013986013986014,
4047,,,,,0.26229508196721313,
4048,,,,,0.0787037037037037,
4049,,,,,0.4434782608695652,
4050,,,,,0.3695652173913043,
4051,,,,,0.36764705882352944,
4052,,,,,0.3565217391304348,
4053,,,,,0.0,
4054,,,,,0.0,
4055,,,,,0.0,
4056,,,,,0.2505153953581166,
4057,,,,,0.24346685052153993,
4058,,,,,0.41333333333333333,
4059,,,,,0.7650273224043715,
4060,,,,,0.6739130434782609,
4061,,,,,0.45689655172413796,
4062,,,,,0.4,
4063,,,,,0.0035971223021582736,
4064,,,,,0.1111111111111111,
4065,,,,,0.0,
4066,,,,,0.0,
4067,,,,,0.23529411764705882,
4068,,,,,0.24951785595531023,
4069,,,,,0.2445343949469564,
4070,,,,,0.3333333333333333,
4071,,,,,0.4647058823529412,
4072,,,,,0.6740331491712708,
4073,,,,,0.17307692307692307,
4074,,,,,0.4180327868852459,
4075,,,,,0.7257142857142858,
4076,,,,,0.0,
4077,,,,,0.6312849162011173,
4078,,,,,0.2459016393442623,
4079,,,,,0.0,
4080,,,,,0.2864268138591474,
4081,,,,,0.27727242399306096,
4082,,,,,0.4608695652173913,
4083,,,,,0.1773049645390071,
4084,,,,,0.4608695652173913,
4085,,,,,0.5443037974683544,
4086,,,,,0.0,
4087,,,,,0.5217391304347826,
4088,,,,,0.10984848484848485,
4089,,,,,0.35106382978723405,
4090,,,,,0.027522935779816515,
4091,,,,,0.4260869565217391,
4092,,,,,0.29247855290283964,
4093,,,,,0.2853457287102729,
4094,,,,,0.0,
4095,,,,,0.6329113924050633,
4096,,,,,0.0,
4097,,,,,0.2182410423452769,
4098,,,,,0.8,
4099,,,,,0.11219512195121951,
4100,,,,,0.0,
4101,,,,,0.0,
4102,,,,,0.0,
4103,,,,,0.21359223300970873,
4104,,,,,0.3013899049012436,
4105,,,,,0.2920623623868514,
4106,,,,,0.183206106870229,
4107,,,,,0.8688524590163934,
4108,,,,,0.06422018348623854,
4109,,,,,0.32,
4110,,,,,0.0,
4111,,,,,0.20833333333333334,
4112,,,,,0.0,
4113,,,,,0.5304347826086957,
4114,,,,,0.5873015873015873,
4115,,,,,0.7176470588235294,
4116,,,,,0.3196781272860278,
4117,,,,,0.3084313769099037,
4118,,,,,0.6795580110497238,
4119,,,,,0.8523206751054853,
4120,,,,,0.0,
4121,,,,,0.13245033112582782,
4122,,,,,0.0,
4123,,,,,0.0,
4124,,,,,0.17,
4125,,,,,0.6304347826086957,
4126,,,,,0.0,
4127,,,,,0.005154639175257732,
4128,,,,,0.2975992551705792,
4129,,,,,0.28594622244956963,
4130,,,,,0.5597014925373134,
4131,,,,,0.0,
4132,,,,,0.6565656565656566,
4133,,,,,0.5689655172413793,
4134,,,,,0.3300970873786408,
4135,,,,,0.7733333333333333,
4136,,,,,0.75,
4137,,,,,0.0,
4138,,,,,0.40070921985815605,
4139,,,,,0.023255813953488372,
4140,,,,,0.3397619205958635,
4141,,,,,0.3250005560127216,
4142,,,,,0.5193370165745856,
4143,,,,,0.13170731707317074,
4144,,,,,0.3508771929824561,
4145,,,,,0.6904761904761905,
4146,,,,,0.0,
4147,,,,,0.6268656716417911,
4148,,,,,0.45081967213114754,
4149,,,,,0.0,
4150,,,,,0.1415929203539823,
4151,,,,,0.5,
4152,,,,,0.32566336370286625,
4153,,,,,0.31214554188999843,
4154,,,,,0.18518518518518517,
4155,,,,,0.0,
4156,,,,,0.39805825242718446,
4157,,,,,0.13274336283185842,
4158,,,,,0.0,
4159,,,,,0.5353535353535354,
4160,,,,,0.0,
4161,,,,,0.02877697841726619,
4162,,,,,0.3442622950819672,
4163,,,,,0.48226950354609927,
4164,,,,,0.29261155815654716,
4165,,,,,0.2795187153882081,
4166,,,,,0.3399014778325123,
4167,,,,,0.912568306010929,
4168,,,,,0.30578512396694213,
4169,,,,,0.36764705882352944,
4170,,,,,0.0,
4171,,,,,0.08450704225352113,
4172,,,,,0.0,
4173,,,,,0.04560260586319218,
4174,,,,,0.6312849162011173,
4175,,,,,0.0,
4176,,,,,0.28762386114251515,
4177,,,,,0.27940751284389387,
4178,,,,,0.5344827586206896,
4179,,,,,0.10097719869706841,
4180,,,,,0.19444444444444445,
4181,,,,,0.22727272727272727,
4182,,,,,0.0,
4183,,,,,0.48695652173913045,
4184,,,,,0.5244755244755245,
4185,,,,,0.16279069767441862,
4186,,,,,0.4177215189873418,
4187,,,,,0.352112676056338,
4188,,,,,0.2663430205493117,
4189,,,,,0.2623712830549563,
4190,,,,,0.07874015748031496,
4191,,,,,0.0,
4192,,,,,0.0,
4193,,,,,0.45081967213114754,
4194,,,,,0.6536312849162011,
4195,,,,,0.0,
4196,,,,,0.4166666666666667,
4197,,,,,0.014423076923076924,
4198,,,,,0.16,
4199,,,,,0.21003134796238246,
4200,,,,,0.28456474030724216,
4201,,,,,0.2771167404310211,
4202,,,,,0.0,
4203,,,,,0.06363636363636363,
4204,,,,,0.4132231404958678,
4205,,,,,0.6056338028169014,
4206,,,,,0.0,
4207,,,,,0.0,
4208,,,,,0.3617021276595745,
4209,,,,,0.1262135922330097,
4210,,,,,0.0,
4211,,,,,0.0,
4212,,,,,0.28396621666555827,
4213,,,,,0.2774948290816894,
4214,,,,,0.5656565656565656,
4215,,,,,0.3360655737704918,
4216,,,,,0.6280193236714976,
4217,,,,,0.1794871794871795,
4218,,,,,0.0,
4219,,,,,0.004629629629629629,
4220,,,,,0.0,
4221,,,,,0.0,
4222,,,,,0.3739130434782609,
4223,,,,,0.6666666666666666,
4224,,,,,0.28303517988960564,
4225,,,,,0.2722015879723328,
4226,,,,,0.23127035830618892,
4227,,,,,0.0,
4228,,,,,0.4647058823529412,
4229,,,,,0.1773049645390071,
4230,,,,,0.19907407407407407,
4231,,,,,0.41414141414141414,
4232,,,,,0.18518518518518517,
4233,,,,,0.17708333333333334,
4234,,,,,0.5342465753424658,
4235,,,,,0.0,
4236,,,,,0.2809070958302853,
4237,,,,,0.2719791828837044,
4238,,,,,0.15492957746478872,
4239,,,,,0.037037037037037035,
4240,,,,,0.0,
4241,,,,,0.0,
4242,,,,,0.6521739130434783,
4243,,,,,0.1619718309859155,
4244,,,,,0.23863636363636365,
4245,,,,,0.2631578947368421,
4246,,,,,0.0,
4247,,,,,0.5547945205479452,
4248,,,,,0.302121433796635,
4249,,,,,0.2959766919467117,
4250,,,,,0.36524822695035464,
4251,,,,,0.05699481865284974,
4252,,,,,0.20441988950276244,
4253,,,,,0.0,
4254,,,,,0.4174757281553398,
4255,,,,,0.0,
4256,,,,,0.19469026548672566,
4257,,,,,0.0,
4258,,,,,0.0,
4259,,,,,0.25555555555555554,
4260,,,,,0.2902839662166656,
4261,,,,,0.2879033872294998,
4262,,,,,0.7608695652173914,
4263,,,,,0.22340425531914893,
4264,,,,,0.7258064516129032,
4265,,,,,0.0975609756097561,
4266,,,,,0.7244444444444444,
4267,,,,,0.5784313725490197,
4268,,,,,0.5058823529411764,
4269,,,,,0.6521739130434783,
4270,,,,,0.1415929203539823,
4271,,,,,0.17,
4272,,,,,0.330185542328922,
4273,,,,,0.32426661922024774,
4274,,,,,0.30985915492957744,
4275,,,,,0.3053435114503817,
4276,,,,,0.17647058823529413,
4277,,,,,0.6057142857142858,
4278,,,,,0.16203703703703703,
4279,,,,,0.8333333333333334,
4280,,,,,0.4098360655737705,
4281,,,,,0.7089552238805971,
4282,,,,,0.11219512195121951,
4283,,,,,0.0,
4284,,,,,0.3361042761189067,
4285,,,,,0.32675755621288616,
4286,,,,,0.0,
4287,,,,,0.7370030581039755,
4288,,,,,0.7158469945355191,
4289,,,,,0.0,
4290,,,,,0.18518518518518517,
4291,,,,,0.33974358974358976,
4292,,,,,0.6983240223463687,
4293,,,,,0.0,
4294,,,,,0.4180327868852459,
4295,,,,,0.4972375690607735,
4296,,,,,0.3357717629846379,
4297,,,,,0.32744701198763426,
4298,,,,,0.0,
4299,,,,,0.23148148148148148,
4300,,,,,0.49557522123893805,
4301,,,,,0.3949843260188088,
4302,,,,,0.0,
4303,,,,,0.21844660194174756,
4304,,,,,0.045454545454545456,
4305,,,,,0.5,
4306,,,,,0.0,
4307,,,,,0.5990338164251208,
4308,,,,,0.33637028662632174,
4309,,,,,0.3302937971220781,
4310,,,,,0.13257575757575757,
4311,,,,,0.2608695652173913,
4312,,,,,0.4782608695652174,
4313,,,,,0.4603174603174603,
4314,,,,,0.0,
4315,,,,,0.6095890410958904,
4316,,,,,0.11726384364820847,
4317,,,,,0.7733333333333333,
4318,,,,,0.0,
4319,,,,,0.03608247422680412,
4320,,,,,0.3291215002992618,
4321,,,,,0.32488935346840736,
4322,,,,,0.6904761904761905,
4323,,,,,0.27184466019417475,
4324,,,,,0.45081967213114754,
4325,,,,,0.3302752293577982,
4326,,,,,0.0,
4327,,,,,0.48292682926829267,
4328,,,,,0.0,
4329,,,,,0.0,
4330,,,,,0.0,
4331,,,,,0.16279069767441862,
4332,,,,,0.32819046352330916,
4333,,,,,0.3250005560127216,
4334,,,,,0.8347826086956521,
4335,,,,,0.2916666666666667,
4336,,,,,0.11515151515151516,
4337,,,,,0.5629139072847682,
4338,,,,,0.06018518518518518,
4339,,,,,0.49206349206349204,
4340,,,,,0.33170731707317075,
4341,,,,,0.6183574879227053,
4342,,,,,0.47802197802197804,
4343,,,,,0.0,
4344,,,,,0.339628915342156,
4345,,,,,0.33465293685919534,
4346,,,,,0.36893203883495146,
4347,,,,,0.3269230769230769,
4348,,,,,0.0,
4349,,,,,0.014084507042253521,
4350,,,,,0.4260869565217391,
4351,,,,,0.6740331491712708,
4352,,,,,0.68,
4353,,,,,0.5242718446601942,
4354,,,,,0.0,
4355,,,,,0.029850746268656716,
4356,,,,,0.3391633969541797,
4357,,,,,0.3308942908613749,
4358,,,,,0.09090909090909091,
4359,,,,,0.17037037037037037,
4360,,,,,0.028368794326241134,
4361,,,,,0.0,
4362,,,,,0.5684210526315789,
4363,,,,,0.041666666666666664,
4364,,,,,0.14,
4365,,,,,0.3884297520661157,
4366,,,,,0.5547945205479452,
4367,,,,,0.6521739130434783,
4368,,,,,0.3064441045421294,
4369,,,,,0.2996463759090808,
4370,,,,,0.3155339805825243,
4371,,,,,0.14173228346456693,
4372,,,,,0.7009803921568627,
4373,,,,,0.0,
4374,,,,,0.0,
4375,,,,,0.0,
4376,,,,,0.0,
4377,,,,,0.2826086956521739,
4378,,,,,0.8434782608695652,
4379,,,,,0.0,
4380,,,,,0.3169515195850236,
4381,,,,,0.30967684540622287,
4382,,,,,0.5034965034965035,
4383,,,,,0.7707317073170732,
4384,,,,,0.5217391304347826,
4385,,,,,0.08796296296296297,
4386,,,,,0.0,
4387,,,,,0.0,
4388,,,,,0.4117647058823529,
4389,,,,,0.014925373134328358,
4390,,,,,0.2731707317073171,
4391,,,,,0.4740061162079511,
4392,,,,,0.3242668085389373,
4393,,,,,0.31614883348531014,
4394,,,,,0.5082872928176796,
4395,,,,,0.6235294117647059,
4396,,,,,0.30434782608695654,
4397,,,,,0.014184397163120567,
4398,,,,,0.0,
4399,,,,,0.308868501529052,
4400,,,,,0.0,
4401,,,,,0.2887323943661972,
4402,,,,,0.18892508143322476,
4403,,,,,0.4470588235294118,
4404,,,,,0.26221985768437855,
4405,,,,,0.2534305984920935,
4406,,,,,0.6715686274509803,
4407,,,,,0.2441860465116279,
4408,,,,,0.9523809523809523,
4409,,,,,0.17679558011049723,
4410,,,,,0.6368715083798883,
4411,,,,,0.0,
4412,,,,,0.5050505050505051,
4413,,,,,0.7019867549668874,
4414,,,,,0.24242424242424243,
4415,,,,,0.68,
4416,,,,,0.33696881026800557,
4417,,,,,0.32366612548095103,
4418,,,,,0.0,
4419,,,,,0.717741935483871,
4420,,,,,0.48695652173913045,
4421,,,,,0.22535211267605634,
4422,,,,,0.0,
4423,,,,,0.0,
4424,,,,,0.7941176470588235,
4425,,,,,0.18085106382978725,
4426,,,,,0.03937007874015748,
4427,,,,,0.6464088397790055,
4428,,,,,0.2768504355922059,
4429,,,,,0.2666414607566221,
4430,,,,,0.5970149253731343,
4431,,,,,0.6280193236714976,
4432,,,,,0.08139534883720931,
4433,,,,,0.34951456310679613,
4434,,,,,0.81,
4435,,,,,0.30434782608695654,
4436,,,,,0.44680851063829785,
4437,,,,,0.41284403669724773,
4438,,,,,0.44559585492227977,
4439,,,,,0.4,
4440,,,,,0.31043426215335507,
4441,,,,,0.2991348442052354,
4442,,,,,0.7866666666666666,
4443,,,,,0.0,
4444,,,,,0.5208333333333334,
4445,,,,,0.7371428571428571,
4446,,,,,0.24358974358974358,
4447,,,,,0.0,
4448,,,,,0.48823529411764705,
4449,,,,,0.8306451612903226,
4450,,,,,0.0,
4451,,,,,0.32786885245901637,
4452,,,,,0.3183480747489526,
4453,,,,,0.3053177056691057,
4454,,,,,0.46153846153846156,
4455,,,,,0.5934065934065934,
4456,,,,,0.5942492012779552,
4457,,,,,0.4411764705882353,
4458,,,,,0.17037037037037037,
4459,,,,,0.4375,
4460,,,,,0.11920529801324503,
4461,,,,,0.0,
4462,,,,,0.09,
4463,,,,,0.0,
4464,,,,,0.30903770698942606,
4465,,,,,0.29760024909369925,
4466,,,,,0.8225806451612904,
4467,,,,,0.2982456140350877,
4468,,,,,0.3592233009708738,
4469,,,,,0.6376811594202898,
4470,,,,,0.5344827586206896,
4471,,,,,0.7235294117647059,
4472,,,,,0.4842105263157895,
4473,,,,,0.75,
4474,,,,,0.0,
4475,,,,,0.0,
4476,,,,,0.32905499767240803,
4477,,,,,0.3186620109868114,
4478,,,,,0.14351851851851852,
4479,,,,,0.8253968253968254,
4480,,,,,0.8011049723756906,
4481,,,,,0.41304347826086957,
4482,,,,,0.33774834437086093,
4483,,,,,0.6086956521739131,
4484,,,,,0.0,
4485,,,,,0.0,
4486,,,,,0.22535211267605634,
4487,,,,,0.5238095238095238,
4488,,,,,0.24672474562745228,
4489,,,,,0.24055334386050753,
4490,,,,,0.0,
4491,,,,,0.2884012539184953,
4492,,,,,0.0,
4493,,,,,0.5633802816901409,
4494,,,,,0.0,
4495,,,,,0.9148936170212766,
4496,,,,,0.1651376146788991,
4497,,,,,0.24870466321243523,
4498,,,,,0.6222222222222222,
4499,,,,,0.6146341463414634,
4500,,,,,0.29686772627518787,
4501,,,,,0.29161755220959457,
4502,,,,,0.0,
4503,,,,,0.0,
4504,,,,,0.33112582781456956,
4505,,,,,0.0,
4506,,,,,0.6712328767123288,
4507,,,,,0.13812154696132597,
4508,,,,,0.68,
4509,,,,,0.5828571428571429,
4510,,,,,0.5073170731707317,
4511,,,,,0.25853658536585367,
4512,,,,,0.3424885282968677,
4513,,,,,0.33320730378311053,
4514,,,,,0.6759776536312849,
4515,,,,,0.8145161290322581,
4516,,,,,0.642512077294686,
4517,,,,,0.07653061224489796,
4518,,,,,0.0,
4519,,,,,0.5024390243902439,
4520,,,,,0.6862745098039216,
4521,,,,,0.5164835164835165,
4522,,,,,0.1950354609929078,
4523,,,,,0.1595744680851064,
4524,,,,,0.33231362638824236,
4525,,,,,0.3221537708782777,
4526,,,,,0.6304347826086957,
4527,,,,,0.7152317880794702,
4528,,,,,0.11515151515151516,
4529,,,,,0.0,
4530,,,,,0.1111111111111111,
4531,,,,,0.0,
4532,,,,,0.06422018348623854,
4533,,,,,0.0,
4534,,,,,0.5893719806763285,
4535,,,,,0.030612244897959183,
4536,,,,,0.2456607035977921,
4537,,,,,0.24302204034428307,
4538,,,,,0.2900763358778626,
4539,,,,,0.6043956043956044,
4540,,,,,0.676056338028169,
4541,,,,,0.2631578947368421,
4542,,,,,0.6038647342995169,
4543,,,,,0.2777777777777778,
4544,,,,,0.4503311258278146,
4545,,,,,0.6120689655172413,
4546,,,,,0.43005181347150256,
4547,,,,,0.00390625,
4548,,,,,0.3337101815521713,
4549,,,,,0.3282031892889709,
4550,,,,,0.12790697674418605,
4551,,,,,0.18543046357615894,
4552,,,,,0.0,
4553,,,,,0.17263843648208468,
4554,,,,,0.6088888888888889,
4555,,,,,0.6027397260273972,
4556,,,,,0.8043478260869565,
4557,,,,,0.74,
4558,,,,,0.0,
4559,,,,,0.0,
4560,,,,,0.2861608033517324,
4561,,,,,0.2834775259657941,
4562,,,,,0.01079136690647482,
4563,,,,,0.624390243902439,
4564,,,,,0.43617021276595747,
4565,,,,,0.0,
4566,,,,,0.25980392156862747,
4567,,,,,0.27586206896551724,
4568,,,,,0.6865671641791045,
4569,,,,,0.0,
4570,,,,,0.0,
4571,,,,,0.0,
4572,,,,,0.30870519385515727,
4573,,,,,0.3031826168182728,
4574,,,,,0.0,
4575,,,,,0.7261904761904762,
4576,,,,,0.04807692307692308,
4577,,,,,0.72,
4578,,,,,0.09565217391304348,
4579,,,,,0.028368794326241134,
4580,,,,,0.6105263157894737,
4581,,,,,0.7983870967741935,
4582,,,,,0.0,
4583,,,,,0.24757281553398058,
4584,,,,,0.33750083128283564,
4585,,,,,0.33013811356003825,
4586,,,,,0.3516483516483517,
4587,,,,,0.0,
4588,,,,,0.5609756097560976,
4589,,,,,0.375886524822695,
4590,,,,,0.10687022900763359,
4591,,,,,0.08808290155440414,
4592,,,,,0.7052631578947368,
4593,,,,,0.5391304347826087,
4594,,,,,0.6904761904761905,
4595,,,,,0.36283185840707965,
4596,,,,,0.3012568996475361,
4597,,,,,0.29568756533149476,
4598,,,,,0.6939890710382514,
4599,,,,,0.6056338028169014,
4600,,,,,0.0,
4601,,,,,0.5486725663716814,
4602,,,,,0.7458563535911602,
4603,,,,,0.39814814814814814,
4604,,,,,0.6424581005586593,
4605,,,,,0.48936170212765956,
4606,,,,,0.0,
4607,,,,,0.7588235294117647,
4608,,,,,0.319345614151759,
4609,,,,,0.31236794697862685,
4610,,,,,0.4755244755244755,
4611,,,,,0.0,
4612,,,,,0.4782608695652174,
4613,,,,,0.17,
4614,,,,,0.0,
4615,,,,,0.22093023255813954,
4616,,,,,0.6153846153846154,
4617,,,,,0.33043478260869563,
4618,,,,,0.3049645390070922,
4619,,,,,0.08450704225352113,
4620,,,,,0.2674735652058256,
4621,,,,,0.26397259969308096,
4622,,,,,0.22685185185185186,
4623,,,,,0.11734693877551021,
4624,,,,,0.0,
4625,,,,,0.729957805907173,
4626,,,,,0.1267605633802817,
4627,,,,,0.4701492537313433,
4628,,,,,0.7066666666666667,
4629,,,,,0.4972375690607735,
4630,,,,,0.0,
4631,,,,,0.5858585858585859,
4632,,,,,0.3144244197645807,
4633,,,,,0.30776416164401843,
4634,,,,,0.9915611814345991,
4635,,,,,0.36893203883495146,
4636,,,,,0.003787878787878788,
4637,,,,,0.4608695652173913,
4638,,,,,0.0,
4639,,,,,0.0,
4640,,,,,0.6342857142857142,
4641,,,,,0.8133333333333334,
4642,,,,,0.0,
4643,,,,,0.4842105263157895,
4644,,,,,0.3401609363569861,
4645,,,,,0.3350532660187265,
4646,,,,,0.0,
4647,,,,,0.46956521739130436,
4648,,,,,0.0,
4649,,,,,0.7142857142857143,
4650,,,,,0.041666666666666664,
4651,,,,,0.6634146341463415,
4652,,,,,0.7978142076502732,
4653,,,,,0.0,
4654,,,,,0.39344262295081966,
4655,,,,,0.7066666666666667,
4656,,,,,0.3316486001197047,
4657,,,,,0.3251117585570358,
4658,,,,,0.4177215189873418,
4659,,,,,0.05454545454545454,
4660,,,,,0.27906976744186046,
4661,,,,,0.0,
4662,,,,,0.0,
4663,,,,,0.2824427480916031,
4664,,,,,0.25862068965517243,
4665,,,,,0.6911764705882353,
4666,,,,,0.0,
4667,,,,,0.664576802507837,
4668,,,,,0.3450821307441644,
4669,,,,,0.34005738051286616,
4670,,,,,0.4426229508196721,
4671,,,,,0.3072100313479624,
4672,,,,,0.0,
4673,,,,,0.12052117263843648,
4674,,,,,0.5486725663716814,
4675,,,,,0.33587786259541985,
4676,,,,,0.11009174311926606,
4677,,,,,0.5353535353535354,
4678,,,,,0.5862068965517241,
4679,,,,,0.59375,
4680,,,,,0.3322471237613886,
4681,,,,,0.3263127460356293,
4682,,,,,0.5362318840579711,
4683,,,,,0.4174757281553398,
4684,,,,,0.5789473684210527,
4685,,,,,0.0,
4686,,,,,0.8232044198895028,
4687,,,,,0.6373626373626373,
4688,,,,,0.7777777777777778,
4689,,,,,0.5324074074074074,
4690,,,,,0.6267605633802817,
4691,,,,,0.4,
4692,,,,,0.3750083128283567,
4693,,,,,0.36772457353824256,
4694,,,,,0.6759776536312849,
4695,,,,,0.3333333333333333,
4696,,,,,0.56,
4697,,,,,0.695364238410596,
4698,,,,,0.3049645390070922,
4699,,,,,0.0,
4700,,,,,0.18888888888888888,
4701,,,,,0.4132231404958678,
4702,,,,,0.0,
4703,,,,,0.0,
4704,,,,,0.32167320609164063,
4705,,,,,0.31497008651557945,
4706,,,,,0.1773049645390071,
4707,,,,,0.5074626865671642,
4708,,,,,0.43478260869565216,
4709,,,,,0.8185654008438819,
4710,,,,,0.5858585858585859,
4711,,,,,0.7253521126760564,
4712,,,,,0.0,
4713,,,,,0.12232415902140673,
4714,,,,,0.0,
4715,,,,,0.5,
4716,,,,,0.322404734987032,
4717,,,,,0.3171718968930009,
4718,,,,,0.6119402985074627,
4719,,,,,0.005747126436781609,
4720,,,,,0.6043956043956044,
4721,,,,,0.4574468085106383,
4722,,,,,0.15467625899280577,
4723,,,,,0.0,
4724,,,,,0.3949843260188088,
4725,,,,,0.8344370860927153,
4726,,,,,0.0,
4727,,,,,0.24104234527687296,
4728,,,,,0.31016825164594003,
4729,,,,,0.30233747748148476,
4730,,,,,0.24,
4731,,,,,0.11219512195121951,
4732,,,,,0.6057142857142858,
4733,,,,,0.29069767441860467,
4734,,,,,0.19444444444444445,
4735,,,,,0.0,
4736,,,,,0.0,
4737,,,,,0.31690140845070425,
4738,,,,,0.0,
4739,,,,,0.0,
4740,,,,,0.28689233224712374,
4741,,,,,0.280808664902253,
4742,,,,,0.7049180327868853,
4743,,,,,0.16,
4744,,,,,0.16097560975609757,
4745,,,,,0.15757575757575756,
4746,,,,,0.47685185185185186,
4747,,,,,0.25,
4748,,,,,0.8260869565217391,
4749,,,,,0.3617021276595745,
4750,,,,,0.695364238410596,
4751,,,,,0.0,
4752,,,,,0.32872248453813924,
4753,,,,,0.32202032782510065,
4754,,,,,0.26582278481012656,
4755,,,,,0.41843971631205673,
4756,,,,,0.0,
4757,,,,,0.6086956521739131,
4758,,,,,0.8260869565217391,
4759,,,,,0.5462962962962963,
4760,,,,,0.6887417218543046,
4761,,,,,0.1,
4762,,,,,0.34951456310679613,
4763,,,,,0.6492537313432836,
4764,,,,,0.3095697280042562,
4765,,,,,0.30440584480572913,
4766,,,,,0.8260869565217391,
4767,,,,,0.7155555555555555,
4768,,,,,0.8,
4769,,,,,0.8225806451612904,
4770,,,,,0.6206896551724138,
4771,,,,,0.659217877094972,
4772,,,,,0.6882352941176471,
4773,,,,,0.0,
4774,,,,,0.6785714285714286,
4775,,,,,0.40331491712707185,
4776,,,,,0.36024472966682186,
4777,,,,,0.3521117363165269,
4778,,,,,0.0,
4779,,,,,0.1951219512195122,
4780,,,,,0.250814332247557,
4781,,,,,0.3119266055045872,
4782,,,,,0.0,
4783,,,,,0.0,
4784,,,,,0.3404255319148936,
4785,,,,,0.2125984251968504,
4786,,,,,0.8294117647058824,
4787,,,,,0.6086956521739131,
4788,,,,,0.3105672674070626,
4789,,,,,0.305139781598203,
4790,,,,,0.6293103448275862,
4791,,,,,0.36470588235294116,
4792,,,,,0.5157894736842106,
4793,,,,,0.3841059602649007,
4794,,,,,0.5704225352112676,
4795,,,,,0.14814814814814814,
4796,,,,,0.03787878787878788,
4797,,,,,0.09480122324159021,
4798,,,,,0.028846153846153848,
4799,,,,,0.0,
4800,,,,,0.3150229434062645,
4801,,,,,0.31254587104952963,
4802,,,,,0.7705882352941177,
4803,,,,,0.06188925081433225,
4804,,,,,0.7261904761904762,
4805,,,,,0.7024390243902439,
4806,,,,,0.18536585365853658,
4807,,,,,0.33980582524271846,
4808,,,,,0.6908212560386473,
4809,,,,,0.0,
4810,,,,,0.030927835051546393,
4811,,,,,0.8260869565217391,
4812,,,,,0.3442175965950655,
4813,,,,,0.33701043079865667,
