step_idx,round,train_loss,test_acc,test_auc,asr,attack_auc
0,0,,,,0.0,
1,1,,,,0.0,
2,2,,,,0.16444444444444445,
3,3,,,,0.4105263157894737,
4,4,,,,0.04132231404958678,
5,5,,,,0.009708737864077669,
6,6,,,,0.0,
7,7,,,,0.043478260869565216,
8,8,,,,0.0,
9,9,,,,0.14984709480122324,
10,10,,,,0.0,
11,11,,,,0.0,
12,12,,,,0.00033251313426880364,
13,13,,,,0.0002668861063541134,
14,14,,,,0.0,
15,15,,,,0.287292817679558,
16,16,,,,0.08421052631578947,
17,17,,,,0.0,
18,18,,,,0.0,
19,19,,,,0.0,
20,20,,,,0.0,
21,21,,,,0.1926605504587156,
22,22,,,,0.08695652173913043,
23,23,,,,0.0,
24,24,,,,0.028928642681385914,
25,25,,,,0.030425016124368924,
26,26,,,,0.05319148936170213,
27,27,,,,0.0,
28,28,,,,0.281767955801105,
29,29,,,,0.0,
30,30,,,,0.06315789473684211,
31,31,,,,0.29333333333333333,
32,32,,,,0.00980392156862745,
33,33,,,,0.41044776119402987,
34,34,,,,0.0,
35,35,,,,0.0,
36,36,,,,0.057990290616479354,
37,37,,,,0.06160620955007451,
38,38,,,,0.00390625,
39,39,,,,0.1414141414141414,
40,40,,,,0.2541436464088398,
41,41,,,,0.0,
42,42,,,,0.0,
43,43,,,,0.0,
44,44,,,,0.05319148936170213,
45,45,,,,0.0,
46,46,,,,0.5066666666666667,
47,47,,,,0.4838709677419355,
48,48,,,,0.08718494380528032,
49,49,,,,0.08700487067144096,
50,50,,,,0.0,
51,51,,,,0.00980392156862745,
52,52,,,,0.39552238805970147,
53,53,,,,0.2596685082872928,
54,54,,,,0.0,
55,55,,,,0.05329153605015674,
56,56,,,,0.553921568627451,
57,57,,,,0.5492957746478874,
58,58,,,,0.07368421052631578,
59,59,,,,0.0,
60,60,,,,0.12369488594799495,
61,61,,,,0.12041011498343082,
62,62,,,,0.0,
63,63,,,,0.0,
64,64,,,,0.010869565217391304,
65,65,,,,0.0,
66,66,,,,0.09565217391304348,
67,67,,,,0.06315789473684211,
68,68,,,,0.2737430167597765,
69,69,,,,0.0,
70,70,,,,0.0,
71,71,,,,0.0,
72,72,,,,0.04123162864933165,
73,73,,,,0.04116718190512199,
74,74,,,,0.12389380530973451,
75,75,,,,0.03428571428571429,
76,76,,,,0.0,
77,77,,,,0.054945054945054944,
78,78,,,,0.2222222222222222,
79,79,,,,0.047619047619047616,
80,80,,,,0.3103448275862069,
81,81,,,,0.41739130434782606,
82,82,,,,0.0,
83,83,,,,0.0,
84,84,,,,0.1141185076810534,
85,85,,,,0.11389364588661789,
86,86,,,,0.027522935779816515,
87,87,,,,0.4788732394366197,
88,88,,,,0.5196078431372549,
89,89,,,,0.009708737864077669,
90,90,,,,0.03428571428571429,
91,91,,,,0.3941176470588235,
92,92,,,,0.4266666666666667,
93,93,,,,0.0,
94,94,,,,0.43283582089552236,
95,95,,,,0.0,
96,96,,,,0.10979583693555896,
97,97,,,,0.10602050574917155,
98,98,,,,0.0,
99,99,,,,0.013888888888888888,
100,100,,,,0.0,
101,101,,,,0.049586776859504134,
102,102,,,,0.0,
103,103,,,,0.0,
104,104,,,,0.44776119402985076,
105,105,,,,0.027472527472527472,
106,106,,,,0.0,
107,107,,,,0.31896551724137934,
108,108,,,,0.09862339562412716,
109,109,,,,0.09743566932811423,
110,110,,,,0.10638297872340426,
111,111,,,,0.18840579710144928,
112,112,,,,0.0,
113,113,,,,0.0,
114,114,,,,0.0,
115,115,,,,0.007407407407407408,
116,116,,,,0.0,
117,117,,,,0.02197802197802198,
118,118,,,,0.05785123966942149,
119,119,,,,0.06593406593406594,
120,120,,,,0.05253707521447097,
121,121,,,,0.05142005649089251,
122,122,,,,0.1095890410958904,
123,123,,,,0.0,
124,124,,,,0.0,
125,125,,,,0.23,
126,126,,,,0.3103448275862069,
127,127,,,,0.04132231404958678,
128,128,,,,0.0,
129,129,,,,0.43169398907103823,
130,130,,,,0.0,
131,131,,,,0.0782608695652174,
132,132,,,,0.07288687903172175,
133,133,,,,0.07112514734337122,
134,134,,,,0.08904109589041095,
135,135,,,,0.417910447761194,
136,136,,,,0.009708737864077669,
137,137,,,,0.045871559633027525,
138,138,,,,0.0,
139,139,,,,0.06315789473684211,
140,140,,,,0.0,
141,141,,,,0.0,
142,142,,,,0.5352112676056338,
143,143,,,,0.00390625,
144,144,,,,0.09942142714637228,
145,145,,,,0.09561194760136112,
146,146,,,,0.0,
147,147,,,,0.3275862068965517,
148,148,,,,0.45161290322580644,
149,149,,,,0.03296703296703297,
150,150,,,,0.015748031496062992,
151,151,,,,0.35294117647058826,
152,152,,,,0.0,
153,153,,,,0.3509933774834437,
154,154,,,,0.0,
155,155,,,,0.027522935779816515,
156,156,,,,0.08100019950788057,
157,157,,,,0.07973222427329137,
158,158,,,,0.0,
159,159,,,,0.04075235109717868,
160,160,,,,0.06593406593406594,
161,161,,,,0.0,
162,162,,,,0.0078125,
163,163,,,,0.009771986970684038,
164,164,,,,0.0,
165,165,,,,0.0,
166,166,,,,0.0,
167,167,,,,0.0,
168,168,,,,0.06311099288421892,
169,169,,,,0.062317905833685475,
170,170,,,,0.2018348623853211,
171,171,,,,0.009708737864077669,
172,172,,,,0.0,
173,173,,,,0.0,
174,174,,,,0.0,
175,175,,,,0.0,
176,176,,,,0.0,
177,177,,,,0.0,
178,178,,,,0.24,
179,179,,,,0.0,
180,180,,,,0.05360111724413114,
181,181,,,,0.05613504436981518,
182,182,,,,0.013888888888888888,
183,183,,,,0.1951219512195122,
184,184,,,,0.0,
185,185,,,,0.0,
186,186,,,,0.05263157894736842,
187,187,,,,0.0,
188,188,,,,0.4154929577464789,
189,189,,,,0.0,
190,190,,,,0.0,
191,191,,,,0.07936507936507936,
192,192,,,,0.08252975992551706,
193,193,,,,0.08257900940773524,
194,194,,,,0.0,
195,195,,,,0.0,
196,196,,,,0.0,
197,197,,,,0.31896551724137934,
198,198,,,,0.1717171717171717,
199,199,,,,0.021739130434782608,
200,200,,,,0.0,
201,201,,,,0.0,
202,202,,,,0.42857142857142855,
203,203,,,,0.19553072625698323,
204,204,,,,0.07980315222451287,
205,205,,,,0.07884260391877766,
206,206,,,,0.015748031496062992,
207,207,,,,0.010416666666666666,
208,208,,,,0.05263157894736842,
209,209,,,,0.13829787234042554,
210,210,,,,0.0,
211,211,,,,0.00975609756097561,
212,212,,,,0.039735099337748346,
213,213,,,,0.1415929203539823,
214,214,,,,0.0,
215,215,,,,0.0049261083743842365,
216,216,,,,0.07155682649464654,
217,217,,,,0.07185908413584503,
218,218,,,,0.019417475728155338,
219,219,,,,0.017391304347826087,
220,220,,,,0.14492753623188406,
221,221,,,,0.0,
222,222,,,,0.0,
223,223,,,,0.009708737864077669,
224,224,,,,0.016304347826086956,
225,225,,,,0.32682926829268294,
226,226,,,,0.0,
227,227,,,,0.0,
228,228,,,,0.0746824499567733,
229,229,,,,0.07259302092831885,
230,230,,,,0.03134796238244514,
231,231,,,,0.08695652173913043,
232,232,,,,0.04,
233,233,,,,0.0,
234,234,,,,0.0,
235,235,,,,0.06382978723404255,
236,236,,,,0.01098901098901099,
237,237,,,,0.009708737864077669,
238,238,,,,0.013888888888888888,
239,239,,,,0.0,
240,240,,,,0.06058389306377602,
241,241,,,,0.05973800680559571,
242,242,,,,0.0,
243,243,,,,0.38666666666666666,
244,244,,,,0.0,
245,245,,,,0.0,
246,246,,,,0.41044776119402987,
247,247,,,,0.0821917808219178,
248,248,,,,0.02197802197802198,
249,249,,,,0.0,
250,250,,,,0.4,
251,251,,,,0.1717171717171717,
252,252,,,,0.11950522045620803,
253,253,,,,0.1148944687854458,
254,254,,,,0.2631578947368421,
255,255,,,,0.5049019607843137,
256,256,,,,0.0,
257,257,,,,0.05263157894736842,
258,258,,,,0.02912621359223301,
259,259,,,,0.01834862385321101,
260,260,,,,0.08609271523178808,
261,261,,,,0.0,
262,262,,,,0.0,
263,263,,,,0.3017241379310345,
264,264,,,,0.09157411717762852,
265,265,,,,0.08974045326157062,
266,266,,,,0.0,
267,267,,,,0.046632124352331605,
268,268,,,,0.0,
269,269,,,,0.0,
270,270,,,,0.08571428571428572,
271,271,,,,0.28421052631578947,
272,272,,,,0.15151515151515152,
273,273,,,,0.012121212121212121,
274,274,,,,0.06349206349206349,
275,275,,,,0.0,
276,276,,,,0.07667752876238611,
277,277,,,,0.07526188199185997,
278,278,,,,0.012121212121212121,
279,279,,,,0.0547945205479452,
280,280,,,,0.049586776859504134,
281,281,,,,0.3103448275862069,
282,282,,,,0.13043478260869565,
283,283,,,,0.05181347150259067,
284,284,,,,0.07246376811594203,
285,285,,,,0.1592920353982301,
286,286,,,,0.0,
287,287,,,,0.32682926829268294,
288,288,,,,0.09868989825098091,
289,289,,,,0.09774703645219403,
290,290,,,,0.3333333333333333,
291,291,,,,0.02608695652173913,
292,292,,,,0.03305785123966942,
293,293,,,,0.023622047244094488,
294,294,,,,0.06593406593406594,
295,295,,,,0.29473684210526313,
296,296,,,,0.2185430463576159,
297,297,,,,0.5,
298,298,,,,0.0,
299,299,,,,0.3103448275862069,
300,300,,,,0.09210613819245861,
301,301,,,,0.08934012410203945,
302,302,,,,0.0,
303,303,,,,0.0,
304,304,,,,0.0,
305,305,,,,0.18181818181818182,
306,306,,,,0.33170731707317075,
307,307,,,,0.0,
308,308,,,,0.0,
309,309,,,,0.0,
310,310,,,,0.0,
311,311,,,,0.14893617021276595,
312,312,,,,0.06849770565937355,
313,313,,,,0.06870093187732135,
314,314,,,,0.046632124352331605,
315,315,,,,0.18960244648318042,
316,316,,,,0.0,
317,317,,,,0.0,
318,318,,,,0.5,
319,319,,,,0.22105263157894736,
320,320,,,,0.016304347826086956,
321,321,,,,0.3770491803278688,
322,322,,,,0.0,
323,323,,,,0.4295774647887324,
324,324,,,,0.0970273325796369,
325,325,,,,0.09532282098614417,
326,326,,,,0.00980392156862745,
327,327,,,,0.4014084507042254,
328,328,,,,0.0,
329,329,,,,0.0,
330,330,,,,0.37158469945355194,
331,331,,,,0.13245033112582782,
332,332,,,,0.0035971223021582736,
333,333,,,,0.1497584541062802,
334,334,,,,0.021739130434782608,
335,335,,,,0.3358208955223881,
336,336,,,,0.07647802088182483,
337,337,,,,0.07519516046527144,
338,338,,,,0.27111111111111114,
339,339,,,,0.0,
340,340,,,,0.014563106796116505,
341,341,,,,0.0,
342,342,,,,0.031578947368421054,
343,343,,,,0.1717171717171717,
344,344,,,,0.1902439024390244,
345,345,,,,0.0,
346,346,,,,0.4435483870967742,
347,347,,,,0.003257328990228013,
348,348,,,,0.0768770366429474,
349,349,,,,0.07570669216911682,
350,350,,,,0.16759776536312848,
351,351,,,,0.0,
352,352,,,,0.5294117647058824,
353,353,,,,0.0,
354,354,,,,0.00980392156862745,
355,355,,,,0.0,
356,356,,,,0.29310344827586204,
357,357,,,,0.0,
358,358,,,,0.009708737864077669,
359,359,,,,0.0,
360,360,,,,0.08392631508944604,
361,361,,,,0.08404688299268287,
362,362,,,,0.3259668508287293,
363,363,,,,0.009708737864077669,
364,364,,,,0.23478260869565218,
365,365,,,,0.0,
366,366,,,,0.0,
367,367,,,,0.0,
368,368,,,,0.15121951219512195,
369,369,,,,0.0,
370,370,,,,0.0055248618784530384,
371,371,,,,0.14492753623188406,
372,372,,,,0.07295338165857551,
373,373,,,,0.07248181838400462,
374,374,,,,0.0,
375,375,,,,0.0,
376,376,,,,0.012121212121212121,
377,377,,,,0.0,
378,378,,,,0.12389380530973451,
379,379,,,,0.0,
380,380,,,,0.24210526315789474,
381,381,,,,0.36,
382,382,,,,0.0,
383,383,,,,0.15151515151515152,
384,384,,,,0.08233025204495578,
385,385,,,,0.08137802192914174,
386,386,,,,0.3358208955223881,
387,387,,,,0.0,
388,388,,,,0.9024390243902439,
389,389,,,,0.3873239436619718,
390,390,,,,0.028985507246376812,
391,391,,,,0.23841059602649006,
392,392,,,,0.015748031496062992,
393,393,,,,0.027522935779816515,
394,394,,,,0.11188811188811189,
395,395,,,,0.4692737430167598,
396,396,,,,0.09330318547582629,
397,397,,,,0.0916531370237751,
398,398,,,,0.0,
399,399,,,,0.07936507936507936,
400,400,,,,0.004878048780487805,
401,,,,,0.0,
402,,,,,0.0,
403,,,,,0.0,
404,,,,,0.25263157894736843,
405,,,,,0.46825396825396826,
406,,,,,0.054945054945054944,
407,,,,,0.41379310344827586,
408,,,,,0.09829088248985834,
409,,,,,0.09514489691524142,
410,,,,,0.17391304347826086,
411,,,,,0.0,
412,,,,,0.17391304347826086,
413,,,,,0.0,
414,,,,,0.0049261083743842365,
415,,,,,0.0,
416,,,,,0.36464088397790057,
417,,,,,0.05329153605015674,
418,,,,,0.0,
419,,,,,0.012658227848101266,
420,,,,,0.09370220123694886,
421,,,,,0.0942997575784534,
422,,,,,0.0,
423,,,,,0.016483516483516484,
424,,,,,0.0,
425,,,,,0.014563106796116505,
426,,,,,0.0,
427,,,,,0.1597444089456869,
428,,,,,0.0,
429,,,,,0.018518518518518517,
430,,,,,0.0,
431,,,,,0.31125827814569534,
432,,,,,0.10121699807142383,
433,,,,,0.1010608722727576,
434,,,,,0.0,
435,,,,,0.006514657980456026,
436,,,,,0.40782122905027934,
437,,,,,0.05329153605015674,
438,,,,,0.25263157894736843,
439,,,,,0.038461538461538464,
440,,,,,0.5343137254901961,
441,,,,,0.0,
442,,,,,0.06422018348623854,
443,,,,,0.0,
444,,,,,0.10919731329387511,
445,,,,,0.10788870849365033,
446,,,,,0.023255813953488372,
447,,,,,0.0,
448,,,,,0.0,
449,,,,,0.0,
450,,,,,0.01,
451,,,,,0.016574585635359115,
452,,,,,0.13286713286713286,
453,,,,,0.0,
454,,,,,0.014563106796116505,
455,,,,,0.11702127659574468,
456,,,,,0.08997805413313825,
457,,,,,0.0897849342792963,
458,,,,,0.05825242718446602,
459,,,,,0.06086956521739131,
460,,,,,0.0078125,
461,,,,,0.05714285714285714,
462,,,,,0.0,
463,,,,,0.21212121212121213,
464,,,,,0.31896551724137934,
465,,,,,0.0,
466,,,,,0.006514657980456026,
467,,,,,0.0,
468,,,,,0.11079337633836536,
469,,,,,0.11013499988879745,
470,,,,,0.011111111111111112,
471,,,,,0.0,
472,,,,,0.0,
473,,,,,0.023148148148148147,
474,,,,,0.014388489208633094,
475,,,,,0.3582089552238806,
476,,,,,0.34523809523809523,
477,,,,,0.0,
478,,,,,0.17391304347826086,
479,,,,,0.03937007874015748,
480,,,,,0.10660371084657844,
481,,,,,0.10546449302760047,
482,,,,,0.3275862068965517,
483,,,,,0.0,
484,,,,,0.3755274261603376,
485,,,,,0.28444444444444444,
486,,,,,0.01079136690647482,
487,,,,,0.0,
488,,,,,0.03260869565217391,
489,,,,,0.975609756097561,
490,,,,,0.18536585365853658,
491,,,,,0.48412698412698413,
492,,,,,0.1401875374077276,
493,,,,,0.1344883570936103,
494,,,,,0.5396825396825397,
495,,,,,0.43529411764705883,
496,,,,,0.08695652173913043,
497,,,,,0.23232323232323232,
498,,,,,0.0,
499,,,,,0.009259259259259259,
500,,,,,0.09271523178807947,
501,,,,,0.0,
502,,,,,0.08904109589041095,
503,,,,,0.0,
504,,,,,0.13912349537806742,
505,,,,,0.13221982518960035,
506,,,,,0.0,
507,,,,,0.0,
508,,,,,0.0,
509,,,,,0.0438871473354232,
510,,,,,0.21311475409836064,
511,,,,,0.0,
512,,,,,0.10434782608695652,
513,,,,,0.0,
514,,,,,0.0,
515,,,,,0.014563106796116505,
516,,,,,0.1063377003391634,
517,,,,,0.10684340457709672,
518,,,,,0.3826086956521739,
519,,,,,0.0,
520,,,,,0.019417475728155338,
521,,,,,0.03508771929824561,
522,,,,,0.03669724770642202,
523,,,,,0.019543973941368076,
524,,,,,0.00909090909090909,
525,,,,,0.014705882352941176,
526,,,,,0.0,
527,,,,,0.6195121951219512,
528,,,,,0.09496575114717032,
529,,,,,0.0953895425127327,
530,,,,,0.34523809523809523,
531,,,,,0.043478260869565216,
532,,,,,0.10638297872340426,
533,,,,,0.0,
534,,,,,0.24210526315789474,
535,,,,,0.0,
536,,,,,0.0,
537,,,,,0.5,
538,,,,,0.23232323232323232,
539,,,,,0.0048543689320388345,
540,,,,,0.09888940613154219,
541,,,,,0.09830304917376509,
542,,,,,0.0,
543,,,,,0.0,
544,,,,,0.28888888888888886,
545,,,,,0.0,
546,,,,,0.51,
547,,,,,0.027522935779816515,
548,,,,,0.0,
549,,,,,0.22105263157894736,
550,,,,,0.00980392156862745,
551,,,,,0.0,
552,,,,,0.11026135532353527,
553,,,,,0.1112025443142139,
554,,,,,0.0,
555,,,,,0.2828282828282828,
556,,,,,0.3706896551724138,
557,,,,,0.02912621359223301,
558,,,,,0.22941176470588234,
559,,,,,0.0,
560,,,,,0.25396825396825395,
561,,,,,0.2048780487804878,
562,,,,,0.5476190476190477,
563,,,,,0.03514376996805112,
564,,,,,0.15042894194320675,
565,,,,,0.1480105864822187,
566,,,,,0.0,
567,,,,,0.21052631578947367,
568,,,,,0.56353591160221,
569,,,,,0.023529411764705882,
570,,,,,0.10285714285714286,
571,,,,,0.005747126436781609,
572,,,,,0.49295774647887325,
573,,,,,0.17391304347826086,
574,,,,,0.00975609756097561,
575,,,,,0.0989010989010989,
576,,,,,0.1449757265411984,
577,,,,,0.14118275026132598,
578,,,,,0.01834862385321101,
579,,,,,0.014184397163120567,
580,,,,,0.0,
581,,,,,0.020833333333333332,
582,,,,,0.14383561643835616,
583,,,,,0.05329153605015674,
584,,,,,0.019417475728155338,
585,,,,,0.0,
586,,,,,0.3880597014925373,
587,,,,,0.007407407407407408,
588,,,,,0.14869987364500897,
589,,,,,0.14365144674510152,
590,,,,,0.06796116504854369,
591,,,,,0.3492063492063492,
592,,,,,0.8146341463414634,
593,,,,,0.4434782608695652,
594,,,,,0.0196078431372549,
595,,,,,0.1956521739130435,
596,,,,,0.0,
597,,,,,0.0,
598,,,,,0.0,
599,,,,,0.28888888888888886,
600,,,,,0.17510141650595198,
601,,,,,0.17140760180592932,
602,,,,,0.007042253521126761,
603,,,,,0.0,
604,,,,,0.049019607843137254,
605,,,,,0.2463768115942029,
606,,,,,0.33519553072625696,
607,,,,,0.0,
608,,,,,0.6795580110497238,
609,,,,,0.09933774834437085,
610,,,,,0.025179856115107913,
611,,,,,0.08791208791208792,
612,,,,,0.14597326594400478,
613,,,,,0.14398505437804418,
614,,,,,0.02,
615,,,,,0.14857142857142858,
616,,,,,0.2847682119205298,
617,,,,,0.13829787234042554,
618,,,,,0.49333333333333335,
619,,,,,0.07017543859649122,
620,,,,,0.06372549019607843,
621,,,,,0.003787878787878788,
622,,,,,0.19863013698630136,
623,,,,,0.1347517730496454,
624,,,,,0.15029593668949923,
625,,,,,0.14640926984409403,
626,,,,,0.11304347826086956,
627,,,,,0.38095238095238093,
628,,,,,0.0,
629,,,,,0.5686274509803921,
630,,,,,0.54,
631,,,,,0.31313131313131315,
632,,,,,0.0,
633,,,,,0.0,
634,,,,,0.0064516129032258064,
635,,,,,0.22905027932960895,
636,,,,,0.16466050408991156,
637,,,,,0.160843360096079,
638,,,,,0.3157894736842105,
639,,,,,0.0,
640,,,,,0.48695652173913045,
641,,,,,0.18446601941747573,
642,,,,,0.09340659340659341,
643,,,,,0.01953125,
644,,,,,0.029556650246305417,
645,,,,,0.02,
646,,,,,0.5,
647,,,,,0.4371584699453552,
648,,,,,0.19458668617410388,
649,,,,,0.18944465449369483,
650,,,,,0.19806763285024154,
651,,,,,0.01818181818181818,
652,,,,,0.0,
653,,,,,0.3471502590673575,
654,,,,,0.31313131313131315,
655,,,,,0.05263157894736842,
656,,,,,0.15217391304347827,
657,,,,,0.003787878787878788,
658,,,,,0.4581005586592179,
659,,,,,0.18493150684931506,
660,,,,,0.14451020815322205,
661,,,,,0.14247269977537086,
662,,,,,0.01818181818181818,
663,,,,,0.0,
664,,,,,0.6075949367088608,
665,,,,,0.3793103448275862,
666,,,,,0.0,
667,,,,,0.48044692737430167,
668,,,,,0.5686274509803921,
669,,,,,0.0,
670,,,,,0.3377777777777778,
671,,,,,0.43523316062176165,
672,,,,,0.2089512535745162,
673,,,,,0.20423459288748527,
674,,,,,0.006172839506172839,
675,,,,,0.01,
676,,,,,0.3368421052631579,
677,,,,,0.0,
678,,,,,0.014634146341463415,
679,,,,,0.035211267605633804,
680,,,,,0.0,
681,,,,,0.0,
682,,,,,0.05142857142857143,
683,,,,,0.032407407407407406,
684,,,,,0.13912349537806742,
685,,,,,0.1383359651268821,
686,,,,,0.15428571428571428,
687,,,,,0.13286713286713286,
688,,,,,0.014084507042253521,
689,,,,,0.08771929824561403,
690,,,,,0.1702127659574468,
691,,,,,0.0,
692,,,,,0.08150470219435736,
693,,,,,0.023148148148148147,
694,,,,,0.0625,
695,,,,,0.5238095238095238,
696,,,,,0.15588215734521513,
697,,,,,0.15381535929542067,
698,,,,,0.45774647887323944,
699,,,,,0.2913907284768212,
700,,,,,0.3620689655172414,
701,,,,,0.2857142857142857,
702,,,,,0.0064516129032258064,
703,,,,,0.011764705882352941,
704,,,,,0.007042253521126761,
705,,,,,0.4647058823529412,
706,,,,,0.30434782608695654,
707,,,,,0.0,
708,,,,,0.15654718361375275,
709,,,,,0.15145786535595934,
710,,,,,0.4782608695652174,
711,,,,,0.05263157894736842,
712,,,,,0.06583072100313479,
713,,,,,0.4482758620689655,
714,,,,,0.00909090909090909,
715,,,,,0.01951219512195122,
716,,,,,0.027624309392265192,
717,,,,,0.0,
718,,,,,0.0,
719,,,,,0.2222222222222222,
720,,,,,0.16539203298530292,
721,,,,,0.16168849943286703,
722,,,,,0.041666666666666664,
723,,,,,0.0,
724,,,,,0.07836990595611286,
725,,,,,0.2698412698412698,
726,,,,,0.0,
727,,,,,0.10989010989010989,
728,,,,,0.22131147540983606,
729,,,,,0.045871559633027525,
730,,,,,0.022222222222222223,
731,,,,,0.006172839506172839,
732,,,,,0.13912349537806742,
733,,,,,0.13675688899762026,
734,,,,,0.0,
735,,,,,0.028169014084507043,
736,,,,,0.03398058252427184,
737,,,,,0.0,
738,,,,,0.17582417582417584,
739,,,,,0.005747126436781609,
740,,,,,0.3576158940397351,
741,,,,,0.17475728155339806,
742,,,,,0.5466666666666666,
743,,,,,0.3,
744,,,,,0.18161867393762055,
745,,,,,0.1779463114116051,
746,,,,,0.0,
747,,,,,0.0,
748,,,,,0.023529411764705882,
749,,,,,0.012345679012345678,
750,,,,,0.0,
751,,,,,0.049019607843137254,
752,,,,,0.5238095238095238,
753,,,,,0.4956521739130435,
754,,,,,0.07766990291262135,
755,,,,,0.12852664576802508,
756,,,,,0.1601383254638558,
757,,,,,0.15672886595645308,
758,,,,,0.0,
759,,,,,0.0,
760,,,,,0.02,
761,,,,,0.0,
762,,,,,0.07947019867549669,
763,,,,,0.007194244604316547,
764,,,,,0.0,
765,,,,,0.014563106796116505,
766,,,,,0.0064516129032258064,
767,,,,,0.12435233160621761,
768,,,,,0.1010839928177163,
769,,,,,0.100438138024598,
770,,,,,0.0,
771,,,,,0.025179856115107913,
772,,,,,0.3443708609271523,
773,,,,,0.0,
774,,,,,0.0,
775,,,,,0.0,
776,,,,,0.17391304347826086,
777,,,,,0.0,
778,,,,,0.02127659574468085,
779,,,,,0.29357798165137616,
780,,,,,0.1449757265411984,
781,,,,,0.1380245980028023,
782,,,,,0.02912621359223301,
783,,,,,0.022222222222222223,
784,,,,,0.0,
785,,,,,0.0,
786,,,,,0.02127659574468085,
787,,,,,0.07086614173228346,
788,,,,,0.2823529411764706,
789,,,,,0.5073170731707317,
790,,,,,0.07766990291262135,
791,,,,,0.027624309392265192,
792,,,,,0.14437720289951453,
793,,,,,0.14122723127905165,
794,,,,,0.049723756906077346,
795,,,,,0.023529411764705882,
796,,,,,0.7679558011049724,
797,,,,,0.038834951456310676,
798,,,,,0.33112582781456956,
799,,,,,0.03597122302158273,
800,,,,,0.046632124352331605,
801,,,,,0.0,
802,,,,,0.02112676056338028,
803,,,,,0.03260869565217391,
804,,,,,0.14903238677927777,
805,,,,,0.14411849743122124,
806,,,,,0.0,
807,,,,,0.0064516129032258064,
808,,,,,0.0,
809,,,,,0.0,
810,,,,,0.01818181818181818,
811,,,,,0.30434782608695654,
812,,,,,0.36363636363636365,
813,,,,,0.5483870967741935,
814,,,,,0.3188405797101449,
815,,,,,0.02727272727272727,
816,,,,,0.17137726940214137,
817,,,,,0.1664034873117897,
818,,,,,0.037037037037037035,
819,,,,,0.028169014084507043,
820,,,,,0.20388349514563106,
821,,,,,0.08,
822,,,,,0.4207650273224044,
823,,,,,0.0,
824,,,,,0.0,
825,,,,,0.12582781456953643,
826,,,,,0.06629834254143646,
827,,,,,0.014634146341463415,
828,,,,,0.17935758462459267,
829,,,,,0.17647843782665748,
830,,,,,0.0,
831,,,,,0.09917355371900827,
832,,,,,0.48695652173913045,
833,,,,,0.18446601941747573,
834,,,,,0.63,
835,,,,,0.2534246575342466,
836,,,,,0.0,
837,,,,,0.1951219512195122,
838,,,,,0.01,
839,,,,,0.34782608695652173,
840,,,,,0.1940546651592738,
841,,,,,0.1891777683873407,
842,,,,,0.3695652173913043,
843,,,,,0.4647887323943662,
844,,,,,0.21739130434782608,
845,,,,,0.5733333333333334,
846,,,,,0.011627906976744186,
847,,,,,0.19148936170212766,
848,,,,,0.02112676056338028,
849,,,,,0.41044776119402987,
850,,,,,0.31555555555555553,
851,,,,,0.01818181818181818,
852,,,,,0.16479350934361908,
853,,,,,0.158152258523675,
854,,,,,0.0,
855,,,,,0.0,
856,,,,,0.3333333333333333,
857,,,,,0.0,
858,,,,,0.0,
859,,,,,0.2698412698412698,
860,,,,,0.023529411764705882,
861,,,,,0.2222222222222222,
862,,,,,0.57,
863,,,,,0.3157894736842105,
864,,,,,0.1672541065372082,
865,,,,,0.1600204612681538,
866,,,,,0.03546099290780142,
867,,,,,0.0,
868,,,,,0.33774834437086093,
869,,,,,0.052083333333333336,
870,,,,,0.4253731343283582,
871,,,,,0.022222222222222223,
872,,,,,0.11811023622047244,
873,,,,,0.3793103448275862,
874,,,,,0.19806763285024154,
875,,,,,0.0,
876,,,,,0.17157677728270268,
877,,,,,0.16818272802081713,
878,,,,,0.3879781420765027,
879,,,,,0.2054794520547945,
880,,,,,0.01282051282051282,
881,,,,,0.441340782122905,
882,,,,,0.6132596685082873,
883,,,,,0.016286644951140065,
884,,,,,0.20869565217391303,
885,,,,,0.41379310344827586,
886,,,,,0.027777777777777776,
887,,,,,0.0,
888,,,,,0.187603910354459,
889,,,,,0.18833262905055267,
890,,,,,0.41379310344827586,
891,,,,,0.6682926829268293,
892,,,,,0.391304347826087,
893,,,,,0.012345679012345678,
894,,,,,0.0,
895,,,,,0.2191780821917808,
896,,,,,0.0,
897,,,,,0.15384615384615385,
898,,,,,0.21739130434782608,
899,,,,,0.3333333333333333,
900,,,,,0.1999733989492585,
901,,,,,0.19582768053733068,
902,,,,,0.04225352112676056,
903,,,,,0.007194244604316547,
904,,,,,0.39552238805970147,
905,,,,,0.3443708609271523,
906,,,,,0.01818181818181818,
907,,,,,0.007575757575757576,
908,,,,,0.011627906976744186,
909,,,,,0.0,
910,,,,,0.1487603305785124,
911,,,,,0.05092592592592592,
912,,,,,0.12023674935159939,
913,,,,,0.12018770989480239,
914,,,,,0.043478260869565216,
915,,,,,0.0,
916,,,,,0.5804878048780487,
917,,,,,0.1487603305785124,
918,,,,,0.018518518518518517,
919,,,,,0.1978021978021978,
920,,,,,0.16097560975609757,
921,,,,,0.25217391304347825,
922,,,,,0.2857142857142857,
923,,,,,0.19169329073482427,
924,,,,,0.1649265145973266,
925,,,,,0.1614660943442386,
926,,,,,0.00975609756097561,
927,,,,,0.5043478260869565,
928,,,,,0.6132596685082873,
929,,,,,0.00819672131147541,
930,,,,,0.4880952380952381,
931,,,,,0.391304347826087,
932,,,,,0.17355371900826447,
933,,,,,0.36097560975609755,
934,,,,,0.24347826086956523,
935,,,,,0.14960629921259844,
936,,,,,0.1959167387111791,
937,,,,,0.1871983630985477,
938,,,,,0.0,
939,,,,,0.09375,
940,,,,,0.0,
941,,,,,0.0,
942,,,,,0.03488372093023256,
943,,,,,0.23204419889502761,
944,,,,,0.037037037037037035,
945,,,,,0.01951219512195122,
946,,,,,0.4281150159744409,
947,,,,,0.31868131868131866,
948,,,,,0.17310633770033917,
949,,,,,0.1680715254765029,
950,,,,,0.027522935779816515,
951,,,,,0.012121212121212121,
952,,,,,0.0,
953,,,,,0.0,
954,,,,,0.6176470588235294,
955,,,,,0.1888111888111888,
956,,,,,0.3241590214067278,
957,,,,,0.07608695652173914,
958,,,,,0.49295774647887325,
959,,,,,0.5396825396825397,
960,,,,,0.14417769501895325,
961,,,,,0.13769099036985966,
962,,,,,0.06115107913669065,
963,,,,,0.01639344262295082,
964,,,,,0.037037037037037035,
965,,,,,0.023255813953488372,
966,,,,,0.48562300319488816,
967,,,,,0.0,
968,,,,,0.10869565217391304,
969,,,,,0.3244444444444444,
970,,,,,0.41304347826086957,
971,,,,,0.34782608695652173,
972,,,,,0.15568264946465385,
973,,,,,0.15232524520161023,
974,,,,,0.0,
975,,,,,0.03515625,
976,,,,,0.0,
977,,,,,0.007042253521126761,
978,,,,,0.04390243902439024,
979,,,,,0.5707317073170731,
980,,,,,0.03488372093023256,
981,,,,,0.1951219512195122,
982,,,,,0.0,
983,,,,,0.02,
984,,,,,0.16007182283700205,
985,,,,,0.15368191624224362,
986,,,,,0.14782608695652175,
987,,,,,0.1917808219178082,
988,,,,,0.047058823529411764,
989,,,,,0.022222222222222223,
990,,,,,0.5524861878453039,
991,,,,,0.0,
992,,,,,0.0,
993,,,,,0.05714285714285714,
994,,,,,0.0,
995,,,,,0.0,
996,,,,,0.1590077808073419,
997,,,,,0.1546604986322087,
998,,,,,0.09844559585492228,
999,,,,,0.09375,
1000,,,,,0.044444444444444446,
1001,,,,,0.14960629921259844,
1002,,,,,0.02,
1003,,,,,0.0,
1004,,,,,0.0,
1005,,,,,0.013029315960912053,
1006,,,,,0.3333333333333333,
1007,,,,,0.0,
1008,,,,,0.1691826827159673,
1009,,,,,0.1650023352534306,
1010,,,,,0.030864197530864196,
1011,,,,,0.03597122302158273,
1012,,,,,0.05825242718446602,
1013,,,,,0.3150684931506849,
1014,,,,,0.16,
1015,,,,,0.10869565217391304,
1016,,,,,0.049723756906077346,
1017,,,,,0.09375,
1018,,,,,0.0,
1019,,,,,0.31176470588235294,
1020,,,,,0.17343885083460797,
1021,,,,,0.16658141138269245,
1022,,,,,0.23478260869565218,
1023,,,,,0.24390243902439024,
1024,,,,,0.10679611650485436,
1025,,,,,0.0,
1026,,,,,0.3176470588235294,
1027,,,,,0.0,
1028,,,,,0.02734375,
1029,,,,,0.5304347826086957,
1030,,,,,0.0,
1031,,,,,0.5303867403314917,
1032,,,,,0.18919997339894926,
1033,,,,,0.1814380713030714,
1034,,,,,0.4782608695652174,
1035,,,,,0.39655172413793105,
1036,,,,,0.0,
1037,,,,,0.18565400843881857,
1038,,,,,0.2,
1039,,,,,0.0,
1040,,,,,0.10596026490066225,
1041,,,,,0.01818181818181818,
1042,,,,,0.0,
1043,,,,,0.023255813953488372,
1044,,,,,0.2353527964354592,
1045,,,,,0.2260302915730712,
1046,,,,,0.01,
1047,,,,,0.07210031347962383,
1048,,,,,0.44808743169398907,
1049,,,,,0.6,
1050,,,,,0.03278688524590164,
1051,,,,,0.044444444444444446,
1052,,,,,0.025210084033613446,
1053,,,,,0.0,
1054,,,,,0.00510204081632653,
1055,,,,,0.0,
1056,,,,,0.18188468444503558,
1057,,,,,0.17645619731779463,
1058,,,,,0.3422222222222222,
1059,,,,,0.17218543046357615,
1060,,,,,0.08150470219435736,
1061,,,,,0.03488372093023256,
1062,,,,,0.007462686567164179,
1063,,,,,0.10679611650485436,
1064,,,,,0.1941747572815534,
1065,,,,,0.28440366972477066,
1066,,,,,0.6,
1067,,,,,0.0,
1068,,,,,0.22863603112322936,
1069,,,,,0.22004759468896648,
1070,,,,,0.27217125382262997,
1071,,,,,0.19469026548672566,
1072,,,,,0.23478260869565218,
1073,,,,,0.5882352941176471,
1074,,,,,0.2185430463576159,
1075,,,,,0.06976744186046512,
1076,,,,,0.3854748603351955,
1077,,,,,0.028169014084507043,
1078,,,,,0.013888888888888888,
1079,,,,,0.044444444444444446,
1080,,,,,0.1904635233091707,
1081,,,,,0.18263905878166492,
1082,,,,,0.1968503937007874,
1083,,,,,0.4396551724137931,
1084,,,,,0.030864197530864196,
1085,,,,,0.38095238095238093,
1086,,,,,0.018518518518518517,
1087,,,,,0.1888111888111888,
1088,,,,,0.24468085106382978,
1089,,,,,0.05737704918032787,
1090,,,,,0.2608695652173913,
1091,,,,,0.058823529411764705,
1092,,,,,0.1770964953115648,
1093,,,,,0.17251962724907147,
1094,,,,,0.014084507042253521,
1095,,,,,0.0,
1096,,,,,0.5434782608695652,
1097,,,,,0.007874015748031496,
1098,,,,,0.45901639344262296,
1099,,,,,0.024242424242424242,
1100,,,,,0.32941176470588235,
1101,,,,,0.4088888888888889,
1102,,,,,0.168141592920354,
1103,,,,,0.5070422535211268,
1104,,,,,0.18161867393762055,
1105,,,,,0.174988323732847,
1106,,,,,0.024242424242424242,
1107,,,,,0.014778325123152709,
1108,,,,,0.05737704918032787,
1109,,,,,0.20869565217391303,
1110,,,,,0.0,
1111,,,,,0.1270718232044199,
1112,,,,,0.4105263157894737,
1113,,,,,0.018518518518518517,
1114,,,,,0.04390243902439024,
1115,,,,,0.0,
1116,,,,,0.14311365298929307,
1117,,,,,0.13729066121032849,
1118,,,,,0.21951219512195122,
1119,,,,,0.0,
1120,,,,,0.1732283464566929,
1121,,,,,0.0,
1122,,,,,0.012903225806451613,
1123,,,,,0.26956521739130435,
1124,,,,,0.01282051282051282,
1125,,,,,0.04201680672268908,
1126,,,,,0.0,
1127,,,,,0.02,
1128,,,,,0.1625324200305912,
1129,,,,,0.15615061272601918,
1130,,,,,0.22439024390243903,
1131,,,,,0.3235294117647059,
1132,,,,,0.36363636363636365,
1133,,,,,0.3130434782608696,
1134,,,,,0.5739130434782609,
1135,,,,,0.0064516129032258064,
1136,,,,,0.4859154929577465,
1137,,,,,0.0,
1138,,,,,0.0,
1139,,,,,0.45652173913043476,
1140,,,,,0.20921726408193123,
1141,,,,,0.1971176300513756,
1142,,,,,0.0,
1143,,,,,0.44776119402985076,
1144,,,,,0.007874015748031496,
1145,,,,,0.21739130434782608,
1146,,,,,0.0,
1147,,,,,0.1056338028169014,
1148,,,,,0.36363636363636365,
1149,,,,,0.0,
1150,,,,,0.3170731707317073,
1151,,,,,0.109717868338558,
1152,,,,,0.1772960031921261,
1153,,,,,0.16893890532215378,
1154,,,,,0.35609756097560974,
1155,,,,,0.21359223300970873,
1156,,,,,0.03361344537815126,
1157,,,,,0.0,
1158,,,,,0.03636363636363636,
1159,,,,,0.3684210526315789,
1160,,,,,0.2857142857142857,
1161,,,,,0.28695652173913044,
1162,,,,,0.6,
1163,,,,,0.4647887323943662,
1164,,,,,0.2155350136330385,
1165,,,,,0.2048795676445077,
1166,,,,,0.18181818181818182,
1167,,,,,0.417910447761194,
1168,,,,,0.044444444444444446,
1169,,,,,0.1043956043956044,
1170,,,,,0.47413793103448276,
1171,,,,,0.037037037037037035,
1172,,,,,0.7237569060773481,
1173,,,,,0.2736842105263158,
1174,,,,,0.3739130434782609,
1175,,,,,0.058823529411764705,
1176,,,,,0.2179291081997739,
1177,,,,,0.20708137802192914,
1178,,,,,0.11650485436893204,
1179,,,,,0.3263157894736842,
1180,,,,,0.037037037037037035,
1181,,,,,0.0,
1182,,,,,0.44029850746268656,
1183,,,,,0.11458333333333333,
1184,,,,,0.007874015748031496,
1185,,,,,0.044444444444444446,
1186,,,,,0.6260869565217392,
1187,,,,,0.0,
1188,,,,,0.19698078074083927,
1189,,,,,0.18568600849587438,
1190,,,,,0.23076923076923078,
1191,,,,,0.0,
1192,,,,,0.125,
1193,,,,,0.007042253521126761,
1194,,,,,0.06666666666666667,
1195,,,,,0.10679611650485436,
1196,,,,,0.0,
1197,,,,,0.05504587155963303,
1198,,,,,0.21978021978021978,
1199,,,,,0.3473684210526316,
1200,,,,,0.1590077808073419,
1201,,,,,0.15437137201699175,
1202,,,,,0.0,
1203,,,,,0.0,
1204,,,,,0.33043478260869563,
1205,,,,,0.007633587786259542,
1206,,,,,0.0425531914893617,
1207,,,,,0.0,
1208,,,,,0.51,
1209,,,,,0.028169014084507043,
1210,,,,,0.2,
1211,,,,,0.0,
1212,,,,,0.1522245128682583,
1213,,,,,0.14723216867201921,
1214,,,,,0.5082872928176796,
1215,,,,,0.12852664576802508,
1216,,,,,0.0,
1217,,,,,0.23316062176165803,
1218,,,,,0.0,
1219,,,,,0.06422018348623854,
1220,,,,,0.32195121951219513,
1221,,,,,0.0,
1222,,,,,0.0,
1223,,,,,0.2698412698412698,
1224,,,,,0.17922457937088515,
1225,,,,,0.17169672842114628,
1226,,,,,0.32195121951219513,
1227,,,,,0.02112676056338028,
1228,,,,,0.0,
1229,,,,,0.0,
1230,,,,,0.05737704918032787,
1231,,,,,0.5158730158730159,
1232,,,,,0.0,
1233,,,,,0.32941176470588235,
1234,,,,,0.11598746081504702,
1235,,,,,0.4808743169398907,
1236,,,,,0.19072953381658575,
1237,,,,,0.1839734893134355,
1238,,,,,0.2052980132450331,
1239,,,,,0.04918032786885246,
1240,,,,,0.11650485436893204,
1241,,,,,0.4177777777777778,
1242,,,,,0.17032967032967034,
1243,,,,,0.4728434504792332,
1244,,,,,0.0,
1245,,,,,0.02,
1246,,,,,0.0,
1247,,,,,0.0,
1248,,,,,0.18919997339894926,
1249,,,,,0.18201632453350533,
1250,,,,,0.3333333333333333,
1251,,,,,0.006535947712418301,
1252,,,,,0.08771929824561403,
1253,,,,,0.030303030303030304,
1254,,,,,0.05555555555555555,
1255,,,,,0.3894736842105263,
1256,,,,,0.0,
1257,,,,,0.0,
1258,,,,,0.030864197530864196,
1259,,,,,0.027777777777777776,
1260,,,,,0.1711777615215801,
1261,,,,,0.16415719591664257,
1262,,,,,0.015748031496062992,
1263,,,,,0.4764705882352941,
1264,,,,,0.14173228346456693,
1265,,,,,0.03,
1266,,,,,0.3176470588235294,
1267,,,,,0.0,
1268,,,,,0.3170731707317073,
1269,,,,,0.3076923076923077,
1270,,,,,0.5466666666666666,
1271,,,,,0.0,
1272,,,,,0.21307441643944935,
1273,,,,,0.20281120032026334,
1274,,,,,0.4253731343283582,
1275,,,,,0.2996941896024465,
1276,,,,,0.01818181818181818,
1277,,,,,0.0,
1278,,,,,0.36231884057971014,
1279,,,,,0.569060773480663,
1280,,,,,0.19469026548672566,
1281,,,,,0.0064516129032258064,
1282,,,,,0.07746478873239436,
1283,,,,,0.6127450980392157,
1284,,,,,0.2269069628250316,
1285,,,,,0.21593310054934056,
1286,,,,,0.0,
1287,,,,,0.33755274261603374,
1288,,,,,0.28,
1289,,,,,0.03431372549019608,
1290,,,,,0.3695652173913043,
1291,,,,,0.5714285714285714,
1292,,,,,0.01680672268907563,
1293,,,,,0.09392265193370165,
1294,,,,,0.417910447761194,
1295,,,,,0.04,
1296,,,,,0.22524439715368758,
1297,,,,,0.2138202522073705,
1298,,,,,0.018518518518518517,
1299,,,,,0.004975124378109453,
1300,,,,,0.6129032258064516,
1301,,,,,0.14383561643835616,
1302,,,,,0.01282051282051282,
1303,,,,,0.19834710743801653,
1304,,,,,0.38666666666666666,
1305,,,,,0.044444444444444446,
1306,,,,,0.15987460815047022,
1307,,,,,0.10869565217391304,
1308,,,,,0.19325663363702866,
1309,,,,,0.18395124880457264,
1310,,,,,0.34782608695652173,
1311,,,,,0.027522935779816515,
1312,,,,,0.3854748603351955,
1313,,,,,0.09782608695652174,
1314,,,,,0.4880952380952381,
1315,,,,,0.5466666666666666,
1316,,,,,0.03,
1317,,,,,0.417910447761194,
1318,,,,,0.1986754966887417,
1319,,,,,0.0,
1320,,,,,0.19824433065106073,
1321,,,,,0.19013411026844293,
1322,,,,,0.5580110497237569,
1323,,,,,0.22602739726027396,
1324,,,,,0.3176470588235294,
1325,,,,,0.01951219512195122,
1326,,,,,0.029556650246305417,
1327,,,,,0.5652173913043478,
1328,,,,,0.14563106796116504,
1329,,,,,0.0,
1330,,,,,0.2608695652173913,
1331,,,,,0.13479623824451412,
1332,,,,,0.22763849172042297,
1333,,,,,0.21513244223027822,
1334,,,,,0.15673981191222572,
1335,,,,,0.3058823529411765,
1336,,,,,0.26229508196721313,
1337,,,,,0.016286644951140065,
1338,,,,,0.41044776119402987,
1339,,,,,0.10526315789473684,
1340,,,,,0.4266666666666667,
1341,,,,,0.4281150159744409,
1342,,,,,0.0234375,
1343,,,,,0.012345679012345678,
1344,,,,,0.23342422025670015,
1345,,,,,0.22253853168160487,
1346,,,,,0.07563025210084033,
1347,,,,,0.019230769230769232,
1348,,,,,0.0,
1349,,,,,0.6323529411764706,
1350,,,,,0.2892561983471074,
1351,,,,,0.043478260869565216,
1352,,,,,0.2782608695652174,
1353,,,,,0.2980132450331126,
1354,,,,,0.6349206349206349,
1355,,,,,0.2463768115942029,
1356,,,,,0.22038970539336303,
1357,,,,,0.21066209994884683,
1358,,,,,0.04296875,
1359,,,,,0.5434782608695652,
1360,,,,,0.011904761904761904,
1361,,,,,0.09302325581395349,
1362,,,,,0.005747126436781609,
1363,,,,,0.1650485436893204,
1364,,,,,0.03431372549019608,
1365,,,,,0.00975609756097561,
1366,,,,,0.07563025210084033,
1367,,,,,0.026058631921824105,
1368,,,,,0.17849305047549377,
1369,,,,,0.17060694348686697,
1370,,,,,0.009615384615384616,
1371,,,,,0.1879432624113475,
1372,,,,,0.5714285714285714,
1373,,,,,0.4788732394366197,
1374,,,,,0.011904761904761904,
1375,,,,,0.19148936170212766,
1376,,,,,0.024630541871921183,
1377,,,,,0.08139534883720931,
1378,,,,,0.4552238805970149,
1379,,,,,0.45686900958466453,
1380,,,,,0.22557691028795637,
1381,,,,,0.21902453128127572,
1382,,,,,0.011904761904761904,
1383,,,,,0.06,
1384,,,,,0.013029315960912053,
1385,,,,,0.01818181818181818,
1386,,,,,0.0,
1387,,,,,0.10526315789473684,
1388,,,,,0.024242424242424242,
1389,,,,,0.26285714285714284,
1390,,,,,0.5434782608695652,
1391,,,,,0.31868131868131866,
1392,,,,,0.23648334109197314,
1393,,,,,0.22436225340835797,
1394,,,,,0.013071895424836602,
1395,,,,,0.10526315789473684,
1396,,,,,0.0,
1397,,,,,0.5414634146341464,
1398,,,,,0.0,
1399,,,,,0.022900763358778626,
1400,,,,,0.6260869565217392,
1401,,,,,0.23300970873786409,
1402,,,,,0.6111111111111112,
1403,,,,,0.018518518518518517,
1404,,,,,0.20143645674004124,
1405,,,,,0.19320330049151524,
1406,,,,,0.4918032786885246,
1407,,,,,0.0064516129032258064,
1408,,,,,0.02,
1409,,,,,0.01893939393939394,
1410,,,,,0.0,
1411,,,,,0.47555555555555556,
1412,,,,,0.058823529411764705,
1413,,,,,0.04219409282700422,
1414,,,,,0.047058823529411764,
1415,,,,,0.6111111111111112,
1416,,,,,0.24931834807474895,
1417,,,,,0.24050886284278183,
1418,,,,,0.13592233009708737,
1419,,,,,0.168141592920354,
1420,,,,,0.1524822695035461,
1421,,,,,0.3894736842105263,
1422,,,,,0.016877637130801686,
1423,,,,,0.0,
1424,,,,,0.06,
1425,,,,,0.16847826086956522,
1426,,,,,0.019230769230769232,
1427,,,,,0.029556650246305417,
1428,,,,,0.20429606969475295,
1429,,,,,0.19834085803883192,
1430,,,,,0.004807692307692308,
1431,,,,,0.08450704225352113,
1432,,,,,0.1595744680851064,
1433,,,,,0.07801418439716312,
1434,,,,,0.6077348066298343,
1435,,,,,0.0,
1436,,,,,0.29357798165137616,
1437,,,,,0.0,
1438,,,,,0.07377049180327869,
1439,,,,,0.03940886699507389,
1440,,,,,0.16698809602979317,
1441,,,,,0.16202210706580966,
1442,,,,,0.0,
1443,,,,,0.1813186813186813,
1444,,,,,0.023622047244094488,
1445,,,,,0.2,
1446,,,,,0.1889763779527559,
1447,,,,,0.09929078014184398,
1448,,,,,0.6612903225806451,
1449,,,,,0.4631578947368421,
1450,,,,,0.03515625,
1451,,,,,0.38524590163934425,
1452,,,,,0.22477887876571123,
1453,,,,,0.21773458176723084,
1454,,,,,0.09243697478991597,
1455,,,,,0.13829787234042554,
1456,,,,,0.69,
1457,,,,,0.0196078431372549,
1458,,,,,0.5652173913043478,
1459,,,,,0.3106796116504854,
1460,,,,,0.2956521739130435,
1461,,,,,0.0,
1462,,,,,0.20994475138121546,
1463,,,,,0.45689655172413796,
1464,,,,,0.24858681917935757,
1465,,,,,0.23795120432355493,
1466,,,,,0.5683060109289617,
1467,,,,,0.31746031746031744,
1468,,,,,0.42105263157894735,
1469,,,,,0.14184397163120568,
1470,,,,,0.08333333333333333,
1471,,,,,0.08374384236453201,
1472,,,,,0.0,
1473,,,,,0.3941176470588235,
1474,,,,,0.56353591160221,
1475,,,,,0.58,
1476,,,,,0.2597592604907894,
1477,,,,,0.2472922180459489,
1478,,,,,0.3492063492063492,
1479,,,,,0.574585635359116,
1480,,,,,0.16614420062695925,
1481,,,,,0.04,
1482,,,,,0.6568627450980392,
1483,,,,,0.3941176470588235,
1484,,,,,0.28421052631578947,
1485,,,,,0.0,
1486,,,,,0.009950248756218905,
1487,,,,,0.10256410256410256,
1488,,,,,0.27153022544390504,
1489,,,,,0.2599915486066321,
1490,,,,,0.023809523809523808,
1491,,,,,0.5418994413407822,
1492,,,,,0.05454545454545454,
1493,,,,,0.40404040404040403,
1494,,,,,0.044444444444444446,
1495,,,,,0.10655737704918032,
1496,,,,,0.13829787234042554,
1497,,,,,0.7333333333333333,
1498,,,,,0.045454545454545456,
1499,,,,,0.032407407407407406,
1500,,,,,0.24073950921061382,
1501,,,,,0.23007806418610857,
1502,,,,,0.4421052631578947,
1503,,,,,0.319672131147541,
1504,,,,,0.16312056737588654,
1505,,,,,0.6695652173913044,
1506,,,,,0.07633587786259542,
1507,,,,,0.5792349726775956,
1508,,,,,0.023809523809523808,
1509,,,,,0.14583333333333334,
1510,,,,,0.0546875,
1511,,,,,0.026143790849673203,
1512,,,,,0.2368823568530957,
1513,,,,,0.22636389920601382,
1514,,,,,0.4482758620689655,
1515,,,,,0.04390243902439024,
1516,,,,,0.5058823529411764,
1517,,,,,0.2782608695652174,
1518,,,,,0.1347517730496454,
1519,,,,,0.28688524590163933,
1520,,,,,0.62,
1521,,,,,0.08374384236453201,
1522,,,,,0.0,
1523,,,,,0.037037037037037035,
1524,,,,,0.2365498437188269,
1525,,,,,0.2251629117274203,
1526,,,,,0.2913907284768212,
1527,,,,,0.17391304347826086,
1528,,,,,0.028985507246376812,
1529,,,,,0.22377622377622378,
1530,,,,,0.6173913043478261,
1531,,,,,0.6715686274509803,
1532,,,,,0.40588235294117647,
1533,,,,,0.028846153846153848,
1534,,,,,0.44776119402985076,
1535,,,,,0.022727272727272728,
1536,,,,,0.2610893130278646,
1537,,,,,0.24764806618775437,
1538,,,,,0.0,
1539,,,,,0.0,
1540,,,,,0.49137931034482757,
1541,,,,,0.2125984251968504,
1542,,,,,0.0,
1543,,,,,0.016286644951140065,
1544,,,,,0.20212765957446807,
1545,,,,,0.0,
1546,,,,,0.0,
1547,,,,,0.09836065573770492,
1548,,,,,0.23462126754006785,
1549,,,,,0.22469586104130063,
1550,,,,,0.21714285714285714,
1551,,,,,0.143646408839779,
1552,,,,,0.0962962962962963,
1553,,,,,0.08,
1554,,,,,0.25824175824175827,
1555,,,,,0.12280701754385964,
1556,,,,,0.2048780487804878,
1557,,,,,0.0,
1558,,,,,0.0,
1559,,,,,0.05853658536585366,
1560,,,,,0.1931901310101749,
1561,,,,,0.18450726152614372,
1562,,,,,0.6666666666666666,
1563,,,,,0.5714285714285714,
1564,,,,,0.044444444444444446,
1565,,,,,0.43283582089552236,
1566,,,,,0.08292682926829269,
1567,,,,,0.1391304347826087,
1568,,,,,0.10837438423645321,
1569,,,,,0.05747126436781609,
1570,,,,,0.16666666666666666,
1571,,,,,0.5117647058823529,
1572,,,,,0.21846112921460398,
1573,,,,,0.20823788448279695,
1574,,,,,0.08771929824561403,
1575,,,,,0.03636363636363636,
1576,,,,,0.21714285714285714,
1577,,,,,0.026058631921824105,
1578,,,,,0.1732283464566929,
1579,,,,,0.21739130434782608,
1580,,,,,0.3241590214067278,
1581,,,,,0.10465116279069768,
1582,,,,,0.0,
1583,,,,,0.07377049180327869,
1584,,,,,0.1999733989492585,
1585,,,,,0.19037875586593422,
1586,,,,,0.022222222222222223,
1587,,,,,0.07777777777777778,
1588,,,,,0.46551724137931033,
1589,,,,,0.271523178807947,
1590,,,,,0.038461538461538464,
1591,,,,,0.24271844660194175,
1592,,,,,0.032407407407407406,
1593,,,,,0.37373737373737376,
1594,,,,,0.030303030303030304,
1595,,,,,0.28421052631578947,
1596,,,,,0.22743898383986166,
1597,,,,,0.2157996574961635,
1598,,,,,0.6695652173913044,
1599,,,,,0.2892561983471074,
1600,,,,,0.0703125,
1601,,,,,0.2742857142857143,
1602,,,,,0.06666666666666667,
1603,,,,,0.10588235294117647,
1604,,,,,0.06722689075630252,
1605,,,,,0.2047244094488189,
1606,,,,,0.07352941176470588,
1607,,,,,0.26299694189602446,
1608,,,,,0.18840194187670414,
1609,,,,,0.18157151435624846,
1610,,,,,0.2715654952076677,
1611,,,,,0.5140845070422535,
1612,,,,,0.3698630136986301,
1613,,,,,0.02734375,
1614,,,,,0.06060606060606061,
1615,,,,,0.07746478873239436,
1616,,,,,0.015151515151515152,
1617,,,,,0.0,
1618,,,,,0.07772020725388601,
1619,,,,,0.5714285714285714,
1620,,,,,0.2322936756001862,
1621,,,,,0.22080377199030313,
1622,,,,,0.06172839506172839,
1623,,,,,0.0,
1624,,,,,0.023148148148148147,
1625,,,,,0.039568345323741004,
1626,,,,,0.023622047244094488,
1627,,,,,0.0946969696969697,
1628,,,,,0.3941176470588235,
1629,,,,,0.44370860927152317,
1630,,,,,0.09359605911330049,
1631,,,,,0.26285714285714284,
1632,,,,,0.1799561082662765,
1633,,,,,0.17142984231479216,
1634,,,,,0.29508196721311475,
1635,,,,,0.031496062992125984,
1636,,,,,0.013071895424836602,
1637,,,,,0.01834862385321101,
1638,,,,,0.11627906976744186,
1639,,,,,0.0,
1640,,,,,0.45689655172413796,
1641,,,,,0.3739130434782609,
1642,,,,,0.3140495867768595,
1643,,,,,0.0,
1644,,,,,0.2190596528562878,
1645,,,,,0.21035073282476702,
1646,,,,,0.043209876543209874,
1647,,,,,0.4827586206896552,
1648,,,,,0.42105263157894735,
1649,,,,,0.0,
1650,,,,,0.14035087719298245,
1651,,,,,0.06321839080459771,
1652,,,,,0.36470588235294116,
1653,,,,,0.08235294117647059,
1654,,,,,0.30857142857142855,
1655,,,,,0.015748031496062992,
1656,,,,,0.22118773691560817,
1657,,,,,0.21128483419700642,
1658,,,,,0.3356164383561644,
1659,,,,,0.07692307692307693,
1660,,,,,0.42028985507246375,
1661,,,,,0.31746031746031744,
1662,,,,,0.1878453038674033,
1663,,,,,0.0546875,
1664,,,,,0.6347826086956522,
1665,,,,,0.2736842105263158,
1666,,,,,0.15217391304347827,
1667,,,,,0.14563106796116504,
1668,,,,,0.2558356055064175,
1669,,,,,0.24255498965816338,
1670,,,,,0.0,
1671,,,,,0.775609756097561,
1672,,,,,0.08292682926829269,
1673,,,,,0.29508196721311475,
1674,,,,,0.0,
1675,,,,,0.014423076923076924,
1676,,,,,0.2781456953642384,
1677,,,,,0.4788732394366197,
1678,,,,,0.05537459283387622,
1679,,,,,0.007462686567164179,
1680,,,,,0.2543725477156348,
1681,,,,,0.2415764072681983,
1682,,,,,0.26573426573426573,
1683,,,,,0.15625,
1684,,,,,0.5949367088607594,
1685,,,,,0.2857142857142857,
1686,,,,,0.7348242811501597,
1687,,,,,0.13043478260869565,
1688,,,,,0.09803921568627451,
1689,,,,,0.07878787878787878,
1690,,,,,0.3698630136986301,
1691,,,,,0.11627906976744186,
1692,,,,,0.27339229899581036,
1693,,,,,0.25887952316349,
1694,,,,,0.1037037037037037,
1695,,,,,0.6507936507936508,
1696,,,,,0.5,
1697,,,,,0.13274336283185842,
1698,,,,,0.23834196891191708,
1699,,,,,0.13793103448275862,
1700,,,,,0.36470588235294116,
1701,,,,,0.62,
1702,,,,,0.30578512396694213,
1703,,,,,0.5431034482758621,
1704,,,,,0.28589479284431735,
1705,,,,,0.27057803082534526,
1706,,,,,0.03669724770642202,
1707,,,,,0.43157894736842106,
1708,,,,,0.0,
1709,,,,,0.08,
1710,,,,,0.0196078431372549,
1711,,,,,0.061068702290076333,
1712,,,,,0.12179487179487179,
1713,,,,,0.37748344370860926,
1714,,,,,0.6190476190476191,
1715,,,,,0.2553191489361702,
1716,,,,,0.24393163529959433,
1717,,,,,0.23463736850299136,
1718,,,,,0.2047244094488189,
1719,,,,,0.45569620253164556,
1720,,,,,0.24861878453038674,
1721,,,,,0.0,
1722,,,,,0.4888888888888889,
1723,,,,,0.1056338028169014,
1724,,,,,0.6266666666666667,
1725,,,,,0.57,
1726,,,,,0.41304347826086957,
1727,,,,,0.3939393939393939,
1728,,,,,0.2623528629380861,
1729,,,,,0.2513622311678491,
1730,,,,,0.363013698630137,
1731,,,,,0.6201117318435754,
1732,,,,,0.13333333333333333,
1733,,,,,0.0196078431372549,
1734,,,,,0.2996941896024465,
1735,,,,,0.5846994535519126,
1736,,,,,0.16312056737588654,
1737,,,,,0.09090909090909091,
1738,,,,,0.33714285714285713,
1739,,,,,0.1276595744680851,
1740,,,,,0.25237746891002194,
1741,,,,,0.2427773947467918,
1742,,,,,0.4105960264900662,
1743,,,,,0.07407407407407407,
1744,,,,,0.16666666666666666,
1745,,,,,0.6933333333333334,
1746,,,,,0.5207667731629393,
1747,,,,,0.09404388714733543,
1748,,,,,0.01935483870967742,
1749,,,,,0.0,
1750,,,,,0.05853658536585366,
1751,,,,,0.48507462686567165,
1752,,,,,0.25104741637294675,
1753,,,,,0.24231034406067212,
1754,,,,,0.08181818181818182,
1755,,,,,0.09,
1756,,,,,0.09090909090909091,
1757,,,,,0.0,
1758,,,,,0.09259259259259259,
1759,,,,,0.36470588235294116,
1760,,,,,0.528169014084507,
1761,,,,,0.4430379746835443,
1762,,,,,0.6507936507936508,
1763,,,,,0.3305785123966942,
1764,,,,,0.2695351466382922,
1765,,,,,0.25901296621666703,
1766,,,,,0.12790697674418605,
1767,,,,,0.3509933774834437,
1768,,,,,0.22330097087378642,
1769,,,,,0.35537190082644626,
1770,,,,,0.06422018348623854,
1771,,,,,0.026143790849673203,
1772,,,,,0.17391304347826086,
1773,,,,,0.3021978021978022,
1774,,,,,0.0,
1775,,,,,0.46325878594249204,
1776,,,,,0.2527764846711445,
1777,,,,,0.24253274914930054,
1778,,,,,0.6854838709677419,
1779,,,,,0.43157894736842106,
1780,,,,,0.10303030303030303,
1781,,,,,0.12605042016806722,
1782,,,,,0.5434782608695652,
1783,,,,,0.5083798882681564,
1784,,,,,0.032679738562091505,
1785,,,,,0.24390243902439024,
1786,,,,,0.09090909090909091,
1787,,,,,0.6715686274509803,
1788,,,,,0.28416572454611955,
1789,,,,,0.27080043591397374,
1790,,,,,0.026143790849673203,
1791,,,,,0.19122257053291536,
1792,,,,,0.0,
1793,,,,,0.1111111111111111,
1794,,,,,0.6869565217391305,
1795,,,,,0.17647058823529413,
1796,,,,,0.04225352112676056,
1797,,,,,0.14084507042253522,
1798,,,,,0.2440944881889764,
1799,,,,,0.3391304347826087,
1800,,,,,0.24845381392565005,
1801,,,,,0.23915219180214844,
1802,,,,,0.07421875,
1803,,,,,0.2782608695652174,
1804,,,,,0.2553191489361702,
1805,,,,,0.0,
1806,,,,,0.6666666666666666,
1807,,,,,0.014925373134328358,
1808,,,,,0.6502732240437158,
1809,,,,,0.1875,
1810,,,,,0.0,
1811,,,,,0.5,
1812,,,,,0.28416572454611955,
1813,,,,,0.27044458777216823,
1814,,,,,0.0,
1815,,,,,0.044444444444444446,
1816,,,,,0.2956521739130435,
1817,,,,,0.19469026548672566,
1818,,,,,0.06870229007633588,
1819,,,,,0.2204724409448819,
1820,,,,,0.59,
1821,,,,,0.045871559633027525,
1822,,,,,0.30097087378640774,
1823,,,,,0.014925373134328358,
1824,,,,,0.2446631641949857,
1825,,,,,0.2353268242777395,
1826,,,,,0.0,
1827,,,,,0.09615384615384616,
1828,,,,,0.6715686274509803,
1829,,,,,0.5195530726256983,
1830,,,,,0.03257328990228013,
1831,,,,,0.4626865671641791,
1832,,,,,0.0,
1833,,,,,0.48823529411764705,
1834,,,,,0.04580152671755725,
1835,,,,,0.2692307692307692,
1836,,,,,0.23867792777814723,
1837,,,,,0.22992238062406867,
1838,,,,,0.12315270935960591,
1839,,,,,0.11818181818181818,
1840,,,,,0.3217391304347826,
1841,,,,,0.28695652173913044,
1842,,,,,0.023809523809523808,
1843,,,,,0.36585365853658536,
1844,,,,,0.0,
1845,,,,,0.17708333333333334,
1846,,,,,0.044444444444444446,
1847,,,,,0.11764705882352941,
1848,,,,,0.21733058455809004,
1849,,,,,0.21019504926272714,
1850,,,,,0.027777777777777776,
1851,,,,,0.5652173913043478,
1852,,,,,0.09174311926605505,
1853,,,,,0.0,
1854,,,,,0.43157894736842106,
1855,,,,,0.64,
1856,,,,,0.6190476190476191,
1857,,,,,0.10084033613445378,
1858,,,,,0.0,
1859,,,,,0.3180428134556575,
1860,,,,,0.21686506617011372,
1861,,,,,0.20894958076640793,
1862,,,,,0.07692307692307693,
1863,,,,,0.024875621890547265,
1864,,,,,0.6274509803921569,
1865,,,,,0.029315960912052116,
1866,,,,,0.6502732240437158,
1867,,,,,0.4253731343283582,
1868,,,,,0.06481481481481481,
1869,,,,,0.05,
1870,,,,,0.1553398058252427,
1871,,,,,0.0,
1872,,,,,0.2368823568530957,
1873,,,,,0.22869915263661234,
1874,,,,,0.1415929203539823,
1875,,,,,0.0,
1876,,,,,0.0,
1877,,,,,0.06,
1878,,,,,0.59,
1879,,,,,0.06321839080459771,
1880,,,,,0.22527472527472528,
1881,,,,,0.24861878453038674,
1882,,,,,0.47183098591549294,
1883,,,,,0.1037037037037037,
1884,,,,,0.23694885947994945,
1885,,,,,0.22522963325400885,
1886,,,,,0.6260869565217392,
1887,,,,,0.0234375,
1888,,,,,0.2032967032967033,
1889,,,,,0.01990049751243781,
1890,,,,,0.2028985507246377,
1891,,,,,0.10837438423645321,
1892,,,,,0.0,
1893,,,,,0.12056737588652482,
1894,,,,,0.0196078431372549,
1895,,,,,0.06299212598425197,
1896,,,,,0.17436988761056063,
1897,,,,,0.16702622155994928,
1898,,,,,0.06,
1899,,,,,0.0,
1900,,,,,0.178743961352657,
1901,,,,,0.07777777777777778,
1902,,,,,0.626984126984127,
1903,,,,,0.12411347517730496,
1904,,,,,0.017985611510791366,
1905,,,,,0.10909090909090909,
1906,,,,,0.4105263157894737,
1907,,,,,0.14960629921259844,
1908,,,,,0.17836004522178625,
1909,,,,,0.17291995640860264,
1910,,,,,0.06870229007633588,
1911,,,,,0.16614420062695925,
1912,,,,,0.2872340425531915,
1913,,,,,0.04597701149425287,
1914,,,,,0.4577777777777778,
1915,,,,,0.006514657980456026,
1916,,,,,0.41304347826086957,
1917,,,,,0.13592233009708737,
1918,,,,,0.3516483516483517,
1919,,,,,0.05,
1920,,,,,0.22870253375008312,
1921,,,,,0.21902453128127572,
1922,,,,,0.2980132450331126,
1923,,,,,0.2782608695652174,
1924,,,,,0.09154929577464789,
1925,,,,,0.15748031496062992,
1926,,,,,0.14035087719298245,
1927,,,,,0.56353591160221,
1928,,,,,0.04580152671755725,
1929,,,,,0.009615384615384616,
1930,,,,,0.3130434782608696,
1931,,,,,0.5195530726256983,
1932,,,,,0.24419764580700937,
1933,,,,,0.23383671018392901,
1934,,,,,0.32195121951219513,
1935,,,,,0.05699481865284974,
1936,,,,,0.2782608695652174,
1937,,,,,0.0,
1938,,,,,0.09302325581395349,
1939,,,,,0.032407407407407406,
1940,,,,,0.0,
1941,,,,,0.37058823529411766,
1942,,,,,0.14035087719298245,
1943,,,,,0.07,
1944,,,,,0.2074216931568797,
1945,,,,,0.20203278251006382,
1946,,,,,0.00510204081632653,
1947,,,,,0.6284153005464481,
1948,,,,,0.07692307692307693,
1949,,,,,0.11267605633802817,
1950,,,,,0.10084033613445378,
1951,,,,,0.05555555555555555,
1952,,,,,0.6682926829268293,
1953,,,,,0.3263157894736842,
1954,,,,,0.012903225806451613,
1955,,,,,0.03597122302158273,
1956,,,,,0.25031588747755534,
1957,,,,,0.23781776127037788,
1958,,,,,0.046875,
1959,,,,,0.07377049180327869,
1960,,,,,0.12315270935960591,
1961,,,,,0.015151515151515152,
1962,,,,,0.05555555555555555,
1963,,,,,0.050359712230215826,
1964,,,,,0.0,
1965,,,,,0.6507936507936508,
1966,,,,,0.1092436974789916,
1967,,,,,0.5077720207253886,
1968,,,,,0.20489459333643678,
1969,,,,,0.200031136712408,
1970,,,,,0.08,
1971,,,,,0.22797927461139897,
1972,,,,,0.17708333333333334,
1973,,,,,0.08256880733944955,
1974,,,,,0.06299212598425197,
1975,,,,,0.07051282051282051,
1976,,,,,0.14130434782608695,
1977,,,,,0.3360655737704918,
1978,,,,,0.023809523809523808,
1979,,,,,0.08695652173913043,
1980,,,,,0.20795371417170977,
1981,,,,,0.20172141538598404,
1982,,,,,0.6528497409326425,
1983,,,,,0.26956521739130435,
1984,,,,,0.0,
1985,,,,,0.41721854304635764,
1986,,,,,0.0390625,
1987,,,,,0.08888888888888889,
1988,,,,,0.11764705882352941,
1989,,,,,0.0,
1990,,,,,0.0,
1991,,,,,0.5869565217391305,
1992,,,,,0.23528629380860544,
1993,,,,,0.2243177723906323,
1994,,,,,0.09803921568627451,
1995,,,,,0.044444444444444446,
1996,,,,,0.5865921787709497,
1997,,,,,0.08712121212121213,
1998,,,,,0.6209677419354839,
1999,,,,,0.28270042194092826,
2000,,,,,0.21630094043887146,
2001,,,,,0.7902439024390244,
2002,,,,,0.30327868852459017,
2003,,,,,0.363013698630137,
2004,,,,,0.28702533750083126,
2005,,,,,0.2704890687898939,
2006,,,,,0.11707317073170732,
2007,,,,,0.61,
2008,,,,,0.6309523809523809,
2009,,,,,0.319672131147541,
2010,,,,,0.06666666666666667,
2011,,,,,0.75,
2012,,,,,0.3739130434782609,
2013,,,,,0.0,
2014,,,,,0.013071895424836602,
2015,,,,,0.013888888888888888,
2016,,,,,0.29227904502227836,
2017,,,,,0.27366946155728045,
2018,,,,,0.6740331491712708,
2019,,,,,0.08888888888888889,
2020,,,,,0.7043478260869566,
2021,,,,,0.12844036697247707,
2022,,,,,0.37142857142857144,
2023,,,,,0.47019867549668876,
2024,,,,,0.09722222222222222,
2025,,,,,0.31868131868131866,
2026,,,,,0.08661417322834646,
2027,,,,,0.3565217391304348,
2028,,,,,0.28456474030724216,
2029,,,,,0.26870982808086646,
2030,,,,,0.4552238805970149,
2031,,,,,0.2786885245901639,
2032,,,,,0.14814814814814814,
2033,,,,,0.38235294117647056,
2034,,,,,0.2872340425531915,
2035,,,,,0.0,
2036,,,,,0.15789473684210525,
2037,,,,,0.0,
2038,,,,,0.13333333333333333,
2039,,,,,0.528169014084507,
2040,,,,,0.2752543725477156,
2041,,,,,0.2603473967484376,
2042,,,,,0.09722222222222222,
2043,,,,,0.2753623188405797,
2044,,,,,0.20108695652173914,
2045,,,,,0.03237410071942446,
2046,,,,,0.19791666666666666,
2047,,,,,0.09615384615384616,
2048,,,,,0.35537190082644626,
2049,,,,,0.1974921630094044,
2050,,,,,0.009615384615384616,
2051,,,,,0.43157894736842106,
2052,,,,,0.2499168717164328,
2053,,,,,0.23855169806285167,
2054,,,,,0.639344262295082,
2055,,,,,0.041666666666666664,
2056,,,,,0.14444444444444443,
2057,,,,,0.13043478260869565,
2058,,,,,0.61,
2059,,,,,0.08484848484848485,
2060,,,,,0.0,
2061,,,,,0.33112582781456956,
2062,,,,,0.0,
2063,,,,,0.38095238095238093,
2064,,,,,0.274589346279178,
2065,,,,,0.25927985232302114,
2066,,,,,0.023809523809523808,
2067,,,,,0.4552238805970149,
2068,,,,,0.04234527687296417,
2069,,,,,0.18478260869565216,
2070,,,,,0.5869565217391305,
2071,,,,,0.5363128491620112,
2072,,,,,0.22570532915360503,
2073,,,,,0.2978723404255319,
2074,,,,,0.0196078431372549,
2075,,,,,0.10655737704918032,
2076,,,,,0.25842920795371416,
2077,,,,,0.24535729377488158,
2078,,,,,0.023809523809523808,
2079,,,,,0.05339805825242718,
2080,,,,,0.29473684210526313,
2081,,,,,0.029556650246305417,
2082,,,,,0.00510204081632653,
2083,,,,,0.27184466019417475,
2084,,,,,0.6813725490196079,
2085,,,,,0.2786885245901639,
2086,,,,,0.10784313725490197,
2087,,,,,0.5195530726256983,
2088,,,,,0.2602912815056195,
2089,,,,,0.2488045726486222,
2090,,,,,0.391304347826087,
2091,,,,,0.09,
2092,,,,,0.219435736677116,
2093,,,,,0.07801418439716312,
2094,,,,,0.5869565217391305,
2095,,,,,0.4925373134328358,
2096,,,,,0.30569948186528495,
2097,,,,,0.17543859649122806,
2098,,,,,0.026143790849673203,
2099,,,,,0.23776223776223776,
2100,,,,,0.25357451619338967,
2101,,,,,0.2427106732202033,
2102,,,,,0.6666666666666666,
2103,,,,,0.6428571428571429,
2104,,,,,0.16901408450704225,
2105,,,,,0.3006993006993007,
2106,,,,,0.3826086956521739,
2107,,,,,0.22330097087378642,
2108,,,,,0.2320675105485232,
2109,,,,,0.5172413793103449,
2110,,,,,0.25165562913907286,
2111,,,,,0.2283464566929134,
2112,,,,,0.2831016825164594,
2113,,,,,0.2710006004937393,
2114,,,,,0.019543973941368076,
2115,,,,,0.5172413793103449,
2116,,,,,0.33884297520661155,
2117,,,,,0.046296296296296294,
2118,,,,,0.5238095238095238,
2119,,,,,0.14893617021276595,
2120,,,,,0.026143790849673203,
2121,,,,,0.19858156028368795,
2122,,,,,0.21875,
2123,,,,,0.09696969696969697,
2124,,,,,0.24818780341823501,
2125,,,,,0.2362831661588417,
2126,,,,,0.56353591160221,
2127,,,,,0.09259259259259259,
2128,,,,,0.0,
2129,,,,,0.07878787878787878,
2130,,,,,0.12605042016806722,
2131,,,,,0.0390625,
2132,,,,,0.1702127659574468,
2133,,,,,0.3739130434782609,
2134,,,,,0.3217391304347826,
2135,,,,,0.0,
2136,,,,,0.2458602114783534,
2137,,,,,0.2343482418877744,
2138,,,,,0.6,
2139,,,,,0.0,
2140,,,,,0.5111821086261981,
2141,,,,,0.5869565217391305,
2142,,,,,0.0196078431372549,
2143,,,,,0.2047244094488189,
2144,,,,,0.3424657534246575,
2145,,,,,0.6533333333333333,
2146,,,,,0.12727272727272726,
2147,,,,,0.0,
2148,,,,,0.2671410520715568,
2149,,,,,0.253363876965505,
2150,,,,,0.44,
2151,,,,,0.15270935960591134,
2152,,,,,0.0,
2153,,,,,0.6434782608695652,
2154,,,,,0.3235294117647059,
2155,,,,,0.043689320388349516,
2156,,,,,0.2786885245901639,
2157,,,,,0.12605042016806722,
2158,,,,,0.09859154929577464,
2159,,,,,0.024875621890547265,
2160,,,,,0.2500498769701403,
2161,,,,,0.23761759669061228,
2162,,,,,0.44370860927152317,
2163,,,,,0.0,
2164,,,,,0.14035087719298245,
2165,,,,,0.10091743119266056,
2166,,,,,0.304635761589404,
2167,,,,,0.6070287539936102,
2168,,,,,0.1773049645390071,
2169,,,,,0.11538461538461539,
2170,,,,,0.12195121951219512,
2171,,,,,0.2517482517482518,
2172,,,,,0.28875440579902906,
2173,,,,,0.27128972710895627,
2174,,,,,0.44370860927152317,
2175,,,,,0.14285714285714285,
2176,,,,,0.43434343434343436,
2177,,,,,0.0,
2178,,,,,0.3904109589041096,
2179,,,,,0.33043478260869563,
2180,,,,,0.09174311926605505,
2181,,,,,0.11515151515151516,
2182,,,,,0.14215686274509803,
2183,,,,,0.05755395683453238,
2184,,,,,0.27744895923388974,
2185,,,,,0.2626381691613104,
2186,,,,,0.6077348066298343,
2187,,,,,0.024875621890547265,
2188,,,,,0.30526315789473685,
2189,,,,,0.19021739130434784,
2190,,,,,0.2677165354330709,
2191,,,,,0.3764705882352941,
2192,,,,,0.3565217391304348,
2193,,,,,0.0,
2194,,,,,0.0,
2195,,,,,0.019543973941368076,
2196,,,,,0.26208685243067104,
2197,,,,,0.24913818028156484,
2198,,,,,0.34782608695652173,
2199,,,,,0.025510204081632654,
2200,,,,,0.02280130293159609,
2201,,,,,0.29508196721311475,
2202,,,,,0.6926829268292682,
2203,,,,,0.14084507042253522,
2204,,,,,0.046875,
2205,,,,,0.3076923076923077,
2206,,,,,0.0,
2207,,,,,0.08,
2208,,,,,0.26527897851965154,
2209,,,,,0.25158463625647753,
2210,,,,,0.6715686274509803,
2211,,,,,0.17647058823529413,
2212,,,,,0.4782608695652174,
2213,,,,,0.0,
2214,,,,,0.574585635359116,
2215,,,,,0.3302752293577982,
2216,,,,,0.3356643356643357,
2217,,,,,0.4626865671641791,
2218,,,,,0.4788732394366197,
2219,,,,,0.32195121951219513,
2220,,,,,0.30857218860144975,
2221,,,,,0.2883704379156195,
2222,,,,,0.29473684210526313,
2223,,,,,0.0,
2224,,,,,0.0,
2225,,,,,0.32,
2226,,,,,0.06666666666666667,
2227,,,,,0.012903225806451613,
2228,,,,,0.023809523809523808,
2229,,,,,0.08333333333333333,
2230,,,,,0.0,
2231,,,,,0.0196078431372549,
2232,,,,,0.24326660903105674,
2233,,,,,0.2307675199608567,
2234,,,,,0.07746478873239436,
2235,,,,,0.33043478260869563,
2236,,,,,0.38095238095238093,
2237,,,,,0.12411347517730496,
2238,,,,,0.023809523809523808,
2239,,,,,0.14285714285714285,
2240,,,,,0.3841059602649007,
2241,,,,,0.05612244897959184,
2242,,,,,0.3021978021978022,
2243,,,,,0.26229508196721313,
2244,,,,,0.23794639888275587,
2245,,,,,0.22843226653025822,
2246,,,,,0.14788732394366197,
2247,,,,,0.6033755274261603,
2248,,,,,0.08450704225352113,
2249,,,,,0.026143790849673203,
2250,,,,,0.5271565495207667,
2251,,,,,0.0,
2252,,,,,0.011363636363636364,
2253,,,,,0.22330097087378642,
2254,,,,,0.2204724409448819,
2255,,,,,0.6695652173913044,
2256,,,,,0.26474695750482147,
2257,,,,,0.2562773836265374,
2258,,,,,0.16129032258064516,
2259,,,,,0.27049180327868855,
2260,,,,,0.26519337016574585,
2261,,,,,0.03257328990228013,
2262,,,,,0.6715686274509803,
2263,,,,,0.1259259259259259,
2264,,,,,0.6869565217391305,
2265,,,,,0.271523178807947,
2266,,,,,0.4370860927152318,
2267,,,,,0.49333333333333335,
2268,,,,,0.3170845248387311,
2269,,,,,0.30111424949402843,
2270,,,,,0.12643678160919541,
2271,,,,,0.6933333333333334,
2272,,,,,0.29508196721311475,
2273,,,,,0.3652173913043478,
2274,,,,,0.5,
2275,,,,,0.7170731707317073,
2276,,,,,0.3391304347826087,
2277,,,,,0.6935483870967742,
2278,,,,,0.4552238805970149,
2279,,,,,0.02127659574468085,
2280,,,,,0.31176431469043026,
2281,,,,,0.2944865778529013,
2282,,,,,0.16666666666666666,
2283,,,,,0.32867132867132864,
2284,,,,,0.08450704225352113,
2285,,,,,0.09,
2286,,,,,0.6666666666666666,
2287,,,,,0.1625615763546798,
2288,,,,,0.10091743119266056,
2289,,,,,0.1259259259259259,
2290,,,,,0.14743589743589744,
2291,,,,,0.0,
2292,,,,,0.25503757398417237,
2293,,,,,0.2446455974912706,
2294,,,,,0.2440944881889764,
2295,,,,,0.3657142857142857,
2296,,,,,0.10256410256410256,
2297,,,,,0.759493670886076,
2298,,,,,0.09,
2299,,,,,0.0,
2300,,,,,0.13257575757575757,
2301,,,,,0.1206896551724138,
2302,,,,,0.02877697841726619,
2303,,,,,0.0,
2304,,,,,0.23960896455409988,
2305,,,,,0.23041167181905123,
2306,,,,,0.36470588235294116,
2307,,,,,0.06666666666666667,
2308,,,,,0.7121951219512195,
2309,,,,,0.4626865671641791,
2310,,,,,0.20772946859903382,
2311,,,,,0.0,
2312,,,,,0.0,
2313,,,,,0.15555555555555556,
2314,,,,,0.09923664122137404,
2315,,,,,0.13380281690140844,
2316,,,,,0.2949391500964288,
2317,,,,,0.27896270266663703,
2318,,,,,0.5586592178770949,
2319,,,,,0.0,
2320,,,,,0.0,
2321,,,,,0.13793103448275862,
2322,,,,,0.48344370860927155,
2323,,,,,0.36363636363636365,
2324,,,,,0.037037037037037035,
2325,,,,,0.2815533980582524,
2326,,,,,0.10909090909090909,
2327,,,,,0.5652173913043478,
2328,,,,,0.2852962692026335,
2329,,,,,0.2686653470631408,
2330,,,,,0.61,
2331,,,,,0.41414141414141414,
2332,,,,,0.5070422535211268,
2333,,,,,0.16470588235294117,
2334,,,,,0.27071823204419887,
2335,,,,,0.36813186813186816,
2336,,,,,0.17391304347826086,
2337,,,,,0.0,
2338,,,,,0.029850746268656716,
2339,,,,,0.45714285714285713,
2340,,,,,0.297931768304848,
2341,,,,,0.28105331049974425,
2342,,,,,0.3028571428571429,
2343,,,,,0.13218390804597702,
2344,,,,,0.43769968051118213,
2345,,,,,0.029315960912052116,
2346,,,,,0.4472573839662447,
2347,,,,,0.43434343434343436,
2348,,,,,0.010309278350515464,
2349,,,,,0.011363636363636364,
2350,,,,,0.5563380281690141,
2351,,,,,0.32231404958677684,
2352,,,,,0.297931768304848,
2353,,,,,0.28323288036830285,
2354,,,,,0.2507836990595611,
2355,,,,,0.1,
2356,,,,,0.0,
2357,,,,,0.12179487179487179,
2358,,,,,0.11926605504587157,
2359,,,,,0.3333333333333333,
2360,,,,,0.18226600985221675,
2361,,,,,0.32978723404255317,
2362,,,,,0.14184397163120568,
2363,,,,,0.6353591160220995,
2364,,,,,0.2671410520715568,
2365,,,,,0.25412005426684164,
2366,,,,,0.18181818181818182,
2367,,,,,0.16580310880829016,
2368,,,,,0.3826086956521739,
2369,,,,,0.11612903225806452,
2370,,,,,0.17272727272727273,
2371,,,,,0.3588235294117647,
2372,,,,,0.36507936507936506,
2373,,,,,0.1111111111111111,
2374,,,,,0.7016129032258065,
2375,,,,,0.528169014084507,
2376,,,,,0.29227904502227836,
2377,,,,,0.27409203122567444,
2378,,,,,0.038461538461538464,
2379,,,,,0.5517241379310345,
2380,,,,,0.32967032967032966,
2381,,,,,0.17391304347826086,
2382,,,,,0.1504424778761062,
2383,,,,,0.014925373134328358,
2384,,,,,0.3263157894736842,
2385,,,,,0.0,
2386,,,,,0.46357615894039733,
2387,,,,,0.6715686274509803,
2388,,,,,0.3000598523641684,
2389,,,,,0.2841002602139537,
2390,,,,,0.09,
2391,,,,,0.14193548387096774,
2392,,,,,0.08888888888888889,
2393,,,,,0.04316546762589928,
2394,,,,,0.6721311475409836,
2395,,,,,0.2445141065830721,
2396,,,,,0.0,
2397,,,,,0.1323529411764706,
2398,,,,,0.12345679012345678,
2399,,,,,0.22282608695652173,
2400,,,,,0.28077409057657776,
2401,,,,,0.2646620554678291,
2402,,,,,0.16666666666666666,
2403,,,,,0.0,
2404,,,,,0.026143790849673203,
2405,,,,,0.29508196721311475,
2406,,,,,0.17647058823529413,
2407,,,,,0.697560975609756,
2408,,,,,0.4503311258278146,
2409,,,,,0.11728395061728394,
2410,,,,,0.3492063492063492,
2411,,,,,0.23300970873786409,
2412,,,,,0.2664760258030192,
2413,,,,,0.2507839779374152,
2414,,,,,0.6764705882352942,
2415,,,,,0.6869565217391305,
2416,,,,,0.0,
2417,,,,,0.6666666666666666,
2418,,,,,0.13445378151260504,
2419,,,,,0.6,
2420,,,,,0.08661417322834646,
2421,,,,,0.24725274725274726,
2422,,,,,0.5652173913043478,
2423,,,,,0.19148936170212766,
2424,,,,,0.29068298197778814,
2425,,,,,0.27389186664590887,
2426,,,,,0.0,
2427,,,,,0.39072847682119205,
2428,,,,,0.4057971014492754,
2429,,,,,0.0,
2430,,,,,0.050359712230215826,
2431,,,,,0.056338028169014086,
2432,,,,,0.6428571428571429,
2433,,,,,0.09,
2434,,,,,0.3157894736842105,
2435,,,,,0.013888888888888888,
2436,,,,,0.27099820442907496,
2437,,,,,0.25434245935547006,
2438,,,,,0.4552238805970149,
2439,,,,,0.2047244094488189,
2440,,,,,0.2978723404255319,
2441,,,,,0.07,
2442,,,,,0.10784313725490197,
2443,,,,,0.5,
2444,,,,,0.0,
2445,,,,,0.19021739130434784,
2446,,,,,0.3391304347826087,
2447,,,,,0.2694300518134715,
2448,,,,,0.2769834408459134,
2449,,,,,0.261704067789071,
2450,,,,,0.11538461538461539,
2451,,,,,0.639344262295082,
2452,,,,,0.1111111111111111,
2453,,,,,0.0,
2454,,,,,0.16304347826086957,
2455,,,,,0.1024390243902439,
2456,,,,,0.44370860927152317,
2457,,,,,0.007462686567164179,
2458,,,,,0.4588235294117647,
2459,,,,,0.0,
2460,,,,,0.26468045487796765,
2461,,,,,0.24889353468407358,
2462,,,,,0.10919540229885058,
2463,,,,,0.5529411764705883,
2464,,,,,0.0,
2465,,,,,0.2786885245901639,
2466,,,,,0.1024390243902439,
2467,,,,,0.11363636363636363,
2468,,,,,0.09836065573770492,
2469,,,,,0.012903225806451613,
2470,,,,,0.09696969696969697,
2471,,,,,0.18085106382978725,
2472,,,,,0.23515328855489792,
2473,,,,,0.225207392745146,
2474,,,,,0.04591836734693878,
2475,,,,,0.0,
2476,,,,,0.32167832167832167,
2477,,,,,0.3333333333333333,
2478,,,,,0.6693548387096774,
2479,,,,,0.37362637362637363,
2480,,,,,0.14035087719298245,
2481,,,,,0.07633587786259542,
2482,,,,,0.02912621359223301,
2483,,,,,0.07042253521126761,
2484,,,,,0.2606237946398883,
2485,,,,,0.2463136356559838,
2486,,,,,0.4315068493150685,
2487,,,,,0.7121951219512195,
2488,,,,,0.08888888888888889,
2489,,,,,0.4057507987220447,
2490,,,,,0.11764705882352941,
2491,,,,,0.02158273381294964,
2492,,,,,0.2826086956521739,
2493,,,,,0.0196078431372549,
2494,,,,,0.5431034482758621,
2495,,,,,0.19469026548672566,
2496,,,,,0.3061115914078606,
2497,,,,,0.28817027333585393,
2498,,,,,0.4503311258278146,
2499,,,,,0.5634920634920635,
2500,,,,,0.3106796116504854,
2501,,,,,0.038834951456310676,
2502,,,,,0.6956521739130435,
2503,,,,,0.6298342541436464,
2504,,,,,0.12682926829268293,
2505,,,,,0.032679738562091505,
2506,,,,,0.14102564102564102,
2507,,,,,0.1037037037037037,
2508,,,,,0.2700006650262685,
2509,,,,,0.2542534973200187,
2510,,,,,0.0,
2511,,,,,0.4452054794520548,
2512,,,,,0.1393939393939394,
2513,,,,,0.4782608695652174,
2514,,,,,0.13580246913580246,
2515,,,,,0.0,
2516,,,,,0.25217391304347825,
2517,,,,,0.6666666666666666,
2518,,,,,0.10687022900763359,
2519,,,,,0.5,
2520,,,,,0.27325929374210284,
2521,,,,,0.25959121944710095,
2522,,,,,0.5699481865284974,
2523,,,,,0.08796296296296297,
2524,,,,,0.3217391304347826,
2525,,,,,0.43157894736842106,
2526,,,,,0.26570048309178745,
2527,,,,,0.547486033519553,
2528,,,,,0.2966360856269113,
2529,,,,,0.0064516129032258064,
2530,,,,,0.20353982300884957,
2531,,,,,0.32867132867132864,
2532,,,,,0.2968012236483341,
2533,,,,,0.2797856014945622,
2534,,,,,0.34285714285714286,
2535,,,,,0.12745098039215685,
2536,,,,,0.4383561643835616,
2537,,,,,0.061224489795918366,
2538,,,,,0.0,
2539,,,,,0.15294117647058825,
2540,,,,,0.2786885245901639,
2541,,,,,0.5492957746478874,
2542,,,,,0.34299516908212563,
2543,,,,,0.0,
2544,,,,,0.2880228769036377,
2545,,,,,0.2705113092987568,
2546,,,,,0.11926605504587157,
2547,,,,,0.14285714285714285,
2548,,,,,0.5217391304347826,
2549,,,,,0.02912621359223301,
2550,,,,,0.0,
2551,,,,,0.04926108374384237,
2552,,,,,0.0,
2553,,,,,0.5647058823529412,
2554,,,,,0.4246575342465753,
2555,,,,,0.34782608695652173,
2556,,,,,0.24087251446432134,
2557,,,,,0.2307007984342682,
2558,,,,,0.36,
2559,,,,,0.07878787878787878,
2560,,,,,0.3356164383561644,
2561,,,,,0.023809523809523808,
2562,,,,,0.1111111111111111,
2563,,,,,0.32867132867132864,
2564,,,,,0.6547619047619048,
2565,,,,,0.68,
2566,,,,,0.19444444444444445,
2567,,,,,0.013029315960912053,
2568,,,,,0.2728602779809802,
2569,,,,,0.2595689789382381,
2570,,,,,0.2608695652173913,
2571,,,,,0.0,
2572,,,,,0.34285714285714286,
2573,,,,,0.37777777777777777,
2574,,,,,0.553072625698324,
2575,,,,,0.3588235294117647,
2576,,,,,0.6428571428571429,
2577,,,,,0.35537190082644626,
2578,,,,,0.13934426229508196,
2579,,,,,0.17543859649122806,
2580,,,,,0.28576178759060983,
2581,,,,,0.2690434357138091,
2582,,,,,0.24861878453038674,
2583,,,,,0.4927536231884058,
2584,,,,,0.1773049645390071,
2585,,,,,0.5033112582781457,
2586,,,,,0.1282051282051282,
2587,,,,,0.45652173913043476,
2588,,,,,0.08661417322834646,
2589,,,,,0.22826086956521738,
2590,,,,,0.21875,
2591,,,,,0.09352517985611511,
2592,,,,,0.2575646738046153,
2593,,,,,0.24328892645063718,
2594,,,,,0.3106796116504854,
2595,,,,,0.6536585365853659,
2596,,,,,0.06338028169014084,
2597,,,,,0.4304635761589404,
2598,,,,,0.07389162561576355,
2599,,,,,0.4041095890410959,
2600,,,,,0.5138121546961326,
2601,,,,,0.43157894736842106,
2602,,,,,0.528169014084507,
2603,,,,,0.6421568627450981,
2604,,,,,0.29720023940945667,
2605,,,,,0.27731690501078665,
2606,,,,,0.11450381679389313,
2607,,,,,0.7466666666666667,
2608,,,,,0.11627906976744186,
2609,,,,,0.13580246913580246,
2610,,,,,0.14754098360655737,
2611,,,,,0.25316455696202533,
2612,,,,,0.2523961661341853,
2613,,,,,0.23958333333333334,
2614,,,,,0.3263157894736842,
2615,,,,,0.005154639175257732,
2616,,,,,0.27837999600984237,
2617,,,,,0.26483997953873184,
2618,,,,,0.2463768115942029,
2619,,,,,0.5434782608695652,
2620,,,,,0.19148936170212766,
2621,,,,,0.10185185185185185,
2622,,,,,0.0,
2623,,,,,0.13120567375886524,
2624,,,,,0.45054945054945056,
2625,,,,,0.5823529411764706,
2626,,,,,0.15894039735099338,
2627,,,,,0.019543973941368076,
2628,,,,,0.25124692425350803,
2629,,,,,0.23979716655917088,
2630,,,,,0.34265734265734266,
2631,,,,,0.528169014084507,
2632,,,,,0.3404255319148936,
2633,,,,,0.1037037037037037,
2634,,,,,0.032407407407407406,
2635,,,,,0.09,
2636,,,,,0.4644808743169399,
2637,,,,,0.5434782608695652,
2638,,,,,0.15294117647058825,
2639,,,,,0.1557377049180328,
2640,,,,,0.26494646538538275,
2641,,,,,0.25151791472988905,
2642,,,,,0.5966850828729282,
2643,,,,,0.16470588235294117,
2644,,,,,0.22279792746113988,
2645,,,,,0.391304347826087,
2646,,,,,0.2978723404255319,
2647,,,,,0.0,
2648,,,,,0.009615384615384616,
2649,,,,,0.2913907284768212,
2650,,,,,0.24154589371980675,
2651,,,,,0.33714285714285713,
2652,,,,,0.266808538937288,
2653,,,,,0.25262994017303114,
2654,,,,,0.07,
2655,,,,,0.0196078431372549,
2656,,,,,0.14678899082568808,
2657,,,,,0.10493827160493827,
2658,,,,,0.11074918566775244,
2659,,,,,0.2440944881889764,
2660,,,,,0.26956521739130435,
2661,,,,,0.3588235294117647,
2662,,,,,0.1477832512315271,
2663,,,,,0.14754098360655737,
2664,,,,,0.23076411518254972,
2665,,,,,0.22138202522073705,
2666,,,,,0.20833333333333334,
2667,,,,,0.019543973941368076,
2668,,,,,0.3263157894736842,
2669,,,,,0.4266666666666667,
2670,,,,,0.023809523809523808,
2671,,,,,0.10658307210031348,
2672,,,,,0.03333333333333333,
2673,,,,,0.14754098360655737,
2674,,,,,0.6782608695652174,
2675,,,,,0.15270935960591134,
2676,,,,,0.27405732526434795,
2677,,,,,0.26010275115094633,
2678,,,,,0.42424242424242425,
2679,,,,,0.12903225806451613,
2680,,,,,0.4178082191780822,
2681,,,,,0.30526315789473685,
2682,,,,,0.4888888888888889,
2683,,,,,0.6608695652173913,
2684,,,,,0.0,
2685,,,,,0.4782608695652174,
2686,,,,,0.0,
2687,,,,,0.5021097046413502,
2688,,,,,0.2844982376803884,
2689,,,,,0.2687320685897293,
2690,,,,,0.20353982300884957,
2691,,,,,0.5698324022346368,
2692,,,,,0.5652173913043478,
2693,,,,,0.06474820143884892,
2694,,,,,0.0,
2695,,,,,0.7121951219512195,
2696,,,,,0.3739130434782609,
2697,,,,,0.28502415458937197,
2698,,,,,0.0,
2699,,,,,0.015306122448979591,
2700,,,,,0.26880361774290085,
2701,,,,,0.25494295309476683,
2702,,,,,0.6428571428571429,
2703,,,,,0.0,
2704,,,,,0.46357615894039733,
2705,,,,,0.06172839506172839,
2706,,,,,0.023809523809523808,
2707,,,,,0.4711111111111111,
2708,,,,,0.34710743801652894,
2709,,,,,0.030303030303030304,
2710,,,,,0.5140845070422535,
2711,,,,,0.0916030534351145,
2712,,,,,0.2810401010839928,
2713,,,,,0.2653515112425772,
2714,,,,,0.4281150159744409,
2715,,,,,0.0787037037037037,
2716,,,,,0.4114285714285714,
2717,,,,,0.046296296296296294,
2718,,,,,0.11764705882352941,
2719,,,,,0.49333333333333335,
2720,,,,,0.1,
2721,,,,,0.41414141414141414,
2722,,,,,0.0,
2723,,,,,0.22439024390243903,
2724,,,,,0.26148832878898715,
2725,,,,,0.2491604207904277,
2726,,,,,0.15789473684210525,
2727,,,,,0.6174863387978142,
2728,,,,,0.4520547945205479,
2729,,,,,0.3652173913043478,
2730,,,,,0.45263157894736844,
2731,,,,,0.7170731707317073,
2732,,,,,0.023809523809523808,
2733,,,,,0.30851063829787234,
2734,,,,,0.32167832167832167,
2735,,,,,0.028846153846153848,
2736,,,,,0.27724945135332846,
2737,,,,,0.26110357404977425,
2738,,,,,0.1595744680851064,
2739,,,,,0.25663716814159293,
2740,,,,,0.5966850828729282,
2741,,,,,0.6507936507936508,
2742,,,,,0.023809523809523808,
2743,,,,,0.12643678160919541,
2744,,,,,0.0,
2745,,,,,0.005154639175257732,
2746,,,,,0.29473684210526313,
2747,,,,,0.2872340425531915,
2748,,,,,0.24519518520981579,
2749,,,,,0.23397015323710607,
2750,,,,,0.5,
2751,,,,,0.07913669064748201,
2752,,,,,0.5580110497237569,
2753,,,,,0.17543859649122806,
2754,,,,,0.0196078431372549,
2755,,,,,0.1347517730496454,
2756,,,,,0.20833333333333334,
2757,,,,,0.3106796116504854,
2758,,,,,0.0,
2759,,,,,0.6547619047619048,
2760,,,,,0.2688701203697546,
2761,,,,,0.252652180681894,
2762,,,,,0.6587301587301587,
2763,,,,,0.4859154929577465,
2764,,,,,0.3968253968253968,
2765,,,,,0.14838709677419354,
2766,,,,,0.2621359223300971,
2767,,,,,0.10784313725490197,
2768,,,,,0.15294117647058825,
2769,,,,,0.2541436464088398,
2770,,,,,0.06299212598425197,
2771,,,,,0.030612244897959183,
2772,,,,,0.25204495577575314,
2773,,,,,0.23670573582723572,
2774,,,,,0.569060773480663,
2775,,,,,0.5086206896551724,
2776,,,,,0.6862745098039216,
2777,,,,,0.6695652173913044,
2778,,,,,0.5,
2779,,,,,0.4622222222222222,
2780,,,,,0.06338028169014084,
2781,,,,,0.032407407407407406,
2782,,,,,0.1388888888888889,
2783,,,,,0.3459915611814346,
2784,,,,,0.2942741238278912,
2785,,,,,0.2748482085270111,
2786,,,,,0.18143459915611815,
2787,,,,,0.21875,
2788,,,,,0.03482587064676617,
2789,,,,,0.3657142857142857,
2790,,,,,0.1773049645390071,
2791,,,,,0.3363914373088685,
2792,,,,,0.18518518518518517,
2793,,,,,0.4626865671641791,
2794,,,,,0.16470588235294117,
2795,,,,,0.4249201277955272,
2796,,,,,0.266808538937288,
2797,,,,,0.2556991303961035,
2798,,,,,0.16363636363636364,
2799,,,,,0.26548672566371684,
2800,,,,,0.7365853658536585,
2801,,,,,0.25,
2802,,,,,0.07,
2803,,,,,0.08888888888888889,
2804,,,,,0.19672131147540983,
2805,,,,,0.03787878787878788,
2806,,,,,0.08163265306122448,
2807,,,,,0.08333333333333333,
2808,,,,,0.2846977455609497,
2809,,,,,0.2690211952049463,
2810,,,,,0.48507462686567165,
2811,,,,,0.13793103448275862,
2812,,,,,0.43157894736842106,
2813,,,,,0.1111111111111111,
2814,,,,,0.038461538461538464,
2815,,,,,0.2111111111111111,
2816,,,,,0.3652173913043478,
2817,,,,,0.03867403314917127,
2818,,,,,0.4,
2819,,,,,0.7170731707317073,
2820,,,,,0.2799095564274789,
2821,,,,,0.26635233414140513,
2822,,,,,0.2634146341463415,
2823,,,,,0.11494252873563218,
2824,,,,,0.0,
2825,,,,,0.16470588235294117,
2826,,,,,0.03908794788273615,
2827,,,,,0.13761467889908258,
2828,,,,,0.19808306709265175,
2829,,,,,0.7565217391304347,
2830,,,,,0.10465116279069768,
2831,,,,,0.0,
2832,,,,,0.24433065106071689,
2833,,,,,0.2324355581255699,
2834,,,,,0.4701492537313433,
2835,,,,,0.0,
2836,,,,,0.2978723404255319,
2837,,,,,0.32967032967032966,
2838,,,,,0.18439716312056736,
2839,,,,,0.0916030534351145,
2840,,,,,0.2913907284768212,
2841,,,,,0.4041095890410959,
2842,,,,,0.3968253968253968,
2843,,,,,0.0,
2844,,,,,0.2596262552370819,
2845,,,,,0.24680292685096636,
2846,,,,,0.10880829015544041,
2847,,,,,0.10303030303030303,
2848,,,,,0.6666666666666666,
2849,,,,,0.0,
2850,,,,,0.3130434782608696,
2851,,,,,0.023809523809523808,
2852,,,,,0.06299212598425197,
2853,,,,,0.3157894736842105,
2854,,,,,0.6715686274509803,
2855,,,,,0.045871559633027525,
2856,,,,,0.26162133404269466,
2857,,,,,0.24824855992705114,
2858,,,,,0.34782608695652173,
2859,,,,,0.28688524590163933,
2860,,,,,0.6086956521739131,
2861,,,,,0.4701492537313433,
2862,,,,,0.24271844660194175,
2863,,,,,0.5586592178770949,
2864,,,,,0.0,
2865,,,,,0.024390243902439025,
2866,,,,,0.0,
2867,,,,,0.023809523809523808,
2868,,,,,0.29015096096295806,
2869,,,,,0.2724239930609612,
2870,,,,,0.72,
2871,,,,,0.35121951219512193,
2872,,,,,0.0390625,
2873,,,,,0.1524822695035461,
2874,,,,,0.0,
2875,,,,,0.14678899082568808,
2876,,,,,0.08888888888888889,
2877,,,,,0.30097087378640774,
2878,,,,,0.010309278350515464,
2879,,,,,0.4808743169398907,
2880,,,,,0.2453281904635233,
2881,,,,,0.23379222916620332,
2882,,,,,0.4421052631578947,
2883,,,,,0.21003134796238246,
2884,,,,,0.09016393442622951,
2885,,,,,0.0,
2886,,,,,0.21951219512195122,
2887,,,,,0.5873015873015873,
2888,,,,,0.3356643356643357,
2889,,,,,0.6058823529411764,
2890,,,,,0.11494252873563218,
2891,,,,,0.15454545454545454,
2892,,,,,0.23289219924187005,
2893,,,,,0.2212930631852857,
2894,,,,,0.13636363636363635,
2895,,,,,0.2608695652173913,
2896,,,,,0.25984251968503935,
2897,,,,,0.2608695652173913,
2898,,,,,0.16580310880829016,
2899,,,,,0.20388349514563106,
2900,,,,,0.3391304347826087,
2901,,,,,0.29120879120879123,
2902,,,,,0.68,
2903,,,,,0.7258064516129032,
2904,,,,,0.24705725876172108,
2905,,,,,0.23390343171051753,
2906,,,,,0.7333333333333333,
2907,,,,,0.0,
2908,,,,,0.6862745098039216,
2909,,,,,0.32167832167832167,
2910,,,,,0.1073170731707317,
2911,,,,,0.0392156862745098,
2912,,,,,0.24456521739130435,
2913,,,,,0.4782608695652174,
2914,,,,,0.005154639175257732,
2915,,,,,0.49295774647887325,
2916,,,,,0.26867061248919333,
2917,,,,,0.2535195605275449,
2918,,,,,0.4888888888888889,
2919,,,,,0.34705882352941175,
2920,,,,,0.12195121951219512,
2921,,,,,0.3620689655172414,
2922,,,,,0.20833333333333334,
2923,,,,,0.0,
2924,,,,,0.44370860927152317,
2925,,,,,0.0546875,
2926,,,,,0.12727272727272726,
2927,,,,,0.33043478260869563,
2928,,,,,0.2815056194719691,
2929,,,,,0.26370571358672684,
2930,,,,,0.09090909090909091,
2931,,,,,0.4,
2932,,,,,0.31868131868131866,
2933,,,,,0.0,
2934,,,,,0.1889763779527559,
2935,,,,,0.13114754098360656,
2936,,,,,0.12643678160919541,
2937,,,,,0.41044776119402987,
2938,,,,,0.2946859903381642,
2939,,,,,0.0,
2940,,,,,0.2500498769701403,
2941,,,,,0.2355492293663679,
2942,,,,,0.12222222222222222,
2943,,,,,0.1941747572815534,
2944,,,,,0.22570532915360503,
2945,,,,,0.5,
2946,,,,,0.21739130434782608,
2947,,,,,0.09859154929577464,
2948,,,,,0.11538461538461539,
2949,,,,,0.6507936507936508,
2950,,,,,0.4711111111111111,
2951,,,,,0.7170731707317073,
2952,,,,,0.2775154618607435,
2953,,,,,0.2579454217912506,
2954,,,,,0.3968253968253968,
2955,,,,,0.14893617021276595,
2956,,,,,0.6309523809523809,
2957,,,,,0.1956521739130435,
2958,,,,,0.41721854304635764,
2959,,,,,0.07,
2960,,,,,0.5,
2961,,,,,0.0,
2962,,,,,0.65,
2963,,,,,0.6349206349206349,
2964,,,,,0.29673472102148035,
2965,,,,,0.27762827213486646,
2966,,,,,0.18439716312056736,
2967,,,,,0.24778761061946902,
2968,,,,,0.0,
2969,,,,,0.32038834951456313,
2970,,,,,0.0,
2971,,,,,0.3352941176470588,
2972,,,,,0.3131868131868132,
2973,,,,,0.3058103975535168,
2974,,,,,0.07874015748031496,
2975,,,,,0.4782608695652174,
2976,,,,,0.2621533550575248,
2977,,,,,0.24624691412939528,
2978,,,,,0.07,
2979,,,,,0.27049180327868855,
2980,,,,,0.0,
2981,,,,,0.4,
2982,,,,,0.423841059602649,
2983,,,,,0.0,
2984,,,,,0.6666666666666666,
2985,,,,,0.1323529411764706,
2986,,,,,0.6190476190476191,
2987,,,,,0.273972602739726,
2988,,,,,0.2835672009044357,
2989,,,,,0.26475101750328045,
2990,,,,,0.2125984251968504,
2991,,,,,0.07272727272727272,
2992,,,,,0.11494252873563218,
2993,,,,,0.12258064516129032,
2994,,,,,0.15294117647058825,
2995,,,,,0.12605042016806722,
2996,,,,,0.032679738562091505,
2997,,,,,0.37681159420289856,
2998,,,,,0.3106796116504854,
2999,,,,,0.22916666666666666,
3000,,,,,0.22471237613885747,
3001,,,,,0.2139314547516847,
3002,,,,,0.45454545454545453,
3003,,,,,0.6190476190476191,
3004,,,,,0.16203703703703703,
3005,,,,,0.36507936507936506,
3006,,,,,0.30670926517571884,
3007,,,,,0.2815533980582524,
3008,,,,,0.30526315789473685,
3009,,,,,0.28019323671497587,
3010,,,,,0.06666666666666667,
3011,,,,,0.0,
3012,,,,,0.2607567998935958,
3013,,,,,0.24575762293441275,
3014,,,,,0.6885245901639344,
3015,,,,,0.010309278350515464,
3016,,,,,0.0,
3017,,,,,0.585635359116022,
3018,,,,,0.22916666666666666,
3019,,,,,0.15454545454545454,
3020,,,,,0.0,
3021,,,,,0.10465116279069768,
3022,,,,,0.290519877675841,
3023,,,,,0.024271844660194174,
3024,,,,,0.25503757398417237,
3025,,,,,0.23872962213375443,
3026,,,,,0.2608695652173913,
3027,,,,,0.07653061224489796,
3028,,,,,0.014925373134328358,
3029,,,,,0.023622047244094488,
3030,,,,,0.0,
3031,,,,,0.1557377049180328,
3032,,,,,0.6854838709677419,
3033,,,,,0.10465116279069768,
3034,,,,,0.3864734299516908,
3035,,,,,0.6071428571428571,
3036,,,,,0.2802420695617477,
3037,,,,,0.26099237150546006,
3038,,,,,0.45689655172413796,
3039,,,,,0.032679738562091505,
3040,,,,,0.09,
3041,,,,,0.26229508196721313,
3042,,,,,0.04419889502762431,
3043,,,,,0.3739130434782609,
3044,,,,,0.16901408450704225,
3045,,,,,0.1276595744680851,
3046,,,,,0.5195530726256983,
3047,,,,,0.15126050420168066,
3048,,,,,0.2597592604907894,
3049,,,,,0.24493472410648756,
3050,,,,,0.0,
3051,,,,,0.023809523809523808,
3052,,,,,0.11538461538461539,
3053,,,,,0.717741935483871,
3054,,,,,0.0916030534351145,
3055,,,,,0.5,
3056,,,,,0.3864734299516908,
3057,,,,,0.0825242718446602,
3058,,,,,0.15294117647058825,
3059,,,,,0.5418994413407822,
3060,,,,,0.2849637560683647,
3061,,,,,0.26655249872117076,
3062,,,,,0.6568627450980392,
3063,,,,,0.5217391304347826,
3064,,,,,0.6869565217391305,
3065,,,,,0.7219512195121951,
3066,,,,,0.7049180327868853,
3067,,,,,0.08796296296296297,
3068,,,,,0.3191489361702128,
3069,,,,,0.4782608695652174,
3070,,,,,0.33516483516483514,
3071,,,,,0.0,
3072,,,,,0.305446565139323,
3073,,,,,0.28296599426194874,
3074,,,,,0.6666666666666666,
3075,,,,,0.04854368932038835,
3076,,,,,0.49295774647887325,
3077,,,,,0.580110497237569,
3078,,,,,0.19831223628691982,
3079,,,,,0.0,
3080,,,,,0.36470588235294116,
3081,,,,,0.09923664122137404,
3082,,,,,0.2463768115942029,
3083,,,,,0.2127659574468085,
3084,,,,,0.29892930770765447,
3085,,,,,0.2828103106999088,
3086,,,,,0.0,
3087,,,,,0.6830601092896175,
3088,,,,,0.34782608695652173,
3089,,,,,0.0,
3090,,,,,0.6352941176470588,
3091,,,,,0.13953488372093023,
3092,,,,,0.0457516339869281,
3093,,,,,0.11219512195121951,
3094,,,,,0.18032786885245902,
3095,,,,,0.6,
3096,,,,,0.2819046352330917,
3097,,,,,0.2675755621288615,
3098,,,,,0.11971830985915492,
3099,,,,,0.10967741935483871,
3100,,,,,0.27071823204419887,
3101,,,,,0.4175824175824176,
3102,,,,,0.14754098360655737,
3103,,,,,0.2225705329153605,
3104,,,,,0.6,
3105,,,,,0.36470588235294116,
3106,,,,,0.6935483870967742,
3107,,,,,0.0,
3108,,,,,0.3049810467513467,
3109,,,,,0.28349976647465697,
3110,,,,,0.18478260869565216,
3111,,,,,0.19014084507042253,
3112,,,,,0.03365384615384615,
3113,,,,,0.17543859649122806,
3114,,,,,0.585635359116022,
3115,,,,,0.007575757575757576,
3116,,,,,0.21176470588235294,
3117,,,,,0.09090909090909091,
3118,,,,,0.04,
3119,,,,,0.2283464566929134,
3120,,,,,0.26241936556493983,
3121,,,,,0.24891577519293642,
3122,,,,,0.12345679012345678,
3123,,,,,0.0,
3124,,,,,0.5991561181434599,
3125,,,,,0.07881773399014778,
3126,,,,,0.1619718309859155,
3127,,,,,0.13761467889908258,
3128,,,,,0.038461538461538464,
3129,,,,,0.3826086956521739,
3130,,,,,0.010309278350515464,
3131,,,,,0.050156739811912224,
3132,,,,,0.2341557491520915,
3133,,,,,0.22556324088695148,
3134,,,,,0.3565217391304348,
3135,,,,,0.3755274261603376,
3136,,,,,0.1073170731707317,
3137,,,,,0.10465116279069768,
3138,,,,,0.14035087719298245,
3139,,,,,0.2967032967032967,
3140,,,,,0.35537190082644626,
3141,,,,,0.6666666666666666,
3142,,,,,0.06629834254143646,
3143,,,,,0.6022099447513812,
3144,,,,,0.2644144443705526,
3145,,,,,0.25158463625647753,
3146,,,,,0.1111111111111111,
3147,,,,,0.15483870967741936,
3148,,,,,0.0,
3149,,,,,0.0457516339869281,
3150,,,,,0.0,
3151,,,,,0.4315068493150685,
3152,,,,,0.3241758241758242,
3153,,,,,0.16748768472906403,
3154,,,,,0.14673913043478262,
3155,,,,,0.25688073394495414,
3156,,,,,0.22371483673605108,
3157,,,,,0.21602206258479195,
3158,,,,,0.4552238805970149,
3159,,,,,0.5652173913043478,
3160,,,,,0.16312056737588654,
3161,,,,,0.03398058252427184,
3162,,,,,0.5,
3163,,,,,0.10344827586206896,
3164,,,,,0.29508196721311475,
3165,,,,,0.3671497584541063,
3166,,,,,0.19021739130434784,
3167,,,,,0.0,
3168,,,,,0.2621533550575248,
3169,,,,,0.2475146231345773,
3170,,,,,0.30434782608695654,
3171,,,,,0.41533546325878595,
3172,,,,,0.10465116279069768,
3173,,,,,0.0,
3174,,,,,0.6174863387978142,
3175,,,,,0.2966360856269113,
3176,,,,,0.1,
3177,,,,,0.6877637130801688,
3178,,,,,0.03908794788273615,
3179,,,,,0.1415929203539823,
3180,,,,,0.31941211677861275,
3181,,,,,0.3032715788537242,
3182,,,,,0.015463917525773196,
3183,,,,,0.6190476190476191,
3184,,,,,0.47368421052631576,
3185,,,,,0.5698324022346368,
3186,,,,,0.0457516339869281,
3187,,,,,0.72,
3188,,,,,0.0,
3189,,,,,0.6956521739130435,
3190,,,,,0.0,
3191,,,,,0.5431034482758621,
3192,,,,,0.32499833743432865,
3193,,,,,0.306407490603385,
3194,,,,,0.25,
3195,,,,,0.35106382978723405,
3196,,,,,0.3263157894736842,
3197,,,,,0.3146853146853147,
3198,,,,,0.18888888888888888,
3199,,,,,0.0,
3200,,,,,0.33980582524271846,
3201,,,,,0.4768211920529801,
3202,,,,,0.6547619047619048,
3203,,,,,0.5652173913043478,
3204,,,,,0.30484804149763917,
3205,,,,,0.28703600738384893,
3206,,,,,0.01990049751243781,
3207,,,,,0.2743362831858407,
3208,,,,,0.59,
3209,,,,,0.07142857142857142,
3210,,,,,0.1619718309859155,
3211,,,,,0.03414634146341464,
3212,,,,,0.6904761904761905,
3213,,,,,0.696078431372549,
3214,,,,,0.0,
3215,,,,,0.4701492537313433,
3216,,,,,0.3065771097958369,
3217,,,,,0.2883704379156195,
3218,,,,,0.4657534246575342,
3219,,,,,0.0,
3220,,,,,0.7107843137254902,
3221,,,,,0.3226837060702875,
3222,,,,,0.0,
3223,,,,,0.6507936507936508,
3224,,,,,0.12790697674418605,
3225,,,,,0.4057142857142857,
3226,,,,,0.14545454545454545,
3227,,,,,0.0,
3228,,,,,0.33344417104475627,
3229,,,,,0.3117452127304673,
3230,,,,,0.5869565217391305,
3231,,,,,0.17721518987341772,
3232,,,,,0.4126984126984127,
3233,,,,,0.3157894736842105,
3234,,,,,0.47019867549668876,
3235,,,,,0.1,
3236,,,,,0.032407407407407406,
3237,,,,,0.5869565217391305,
3238,,,,,0.08396946564885496,
3239,,,,,0.24778761061946902,
3240,,,,,0.29753275254372546,
3241,,,,,0.27956319640593374,
3242,,,,,0.6547619047619048,
3243,,,,,0.7391304347826086,
3244,,,,,0.34782608695652173,
3245,,,,,0.5869565217391305,
3246,,,,,0.3,
3247,,,,,0.463768115942029,
3248,,,,,0.08888888888888889,
3249,,,,,0.2019704433497537,
3250,,,,,0.14678899082568808,
3251,,,,,0.17543859649122806,
3252,,,,,0.3015894127818049,
3253,,,,,0.2833663234214799,
3254,,,,,0.0,
3255,,,,,0.42995169082125606,
3256,,,,,0.21182266009852216,
3257,,,,,0.05825242718446602,
3258,,,,,0.024875621890547265,
3259,,,,,0.2691131498470948,
3260,,,,,0.12727272727272726,
3261,,,,,0.6746031746031746,
3262,,,,,0.2,
3263,,,,,0.4536741214057508,
3264,,,,,0.26128882090842587,
3265,,,,,0.24811511687387408,
3266,,,,,0.6935483870967742,
3267,,,,,0.4631578947368421,
3268,,,,,0.2175925925925926,
3269,,,,,0.2604166666666667,
3270,,,,,0.010309278350515464,
3271,,,,,0.3073170731707317,
3272,,,,,0.11851851851851852,
3273,,,,,0.21182266009852216,
3274,,,,,0.4,
3275,,,,,0.6715686274509803,
3276,,,,,0.2920795371417171,
3277,,,,,0.27378066410159463,
3278,,,,,0.32,
3279,,,,,0.4626865671641791,
3280,,,,,0.5652173913043478,
3281,,,,,0.19014084507042253,
3282,,,,,0.25663716814159293,
3283,,,,,0.4900662251655629,
3284,,,,,0.4631578947368421,
3285,,,,,0.52,
3286,,,,,0.1111111111111111,
3287,,,,,0.01935483870967742,
3288,,,,,0.3097027332579637,
3289,,,,,0.2903276026955497,
3290,,,,,0.1347517730496454,
3291,,,,,0.6547619047619048,
3292,,,,,0.3968253968253968,
3293,,,,,0.004975124378109453,
3294,,,,,0.10236220472440945,
3295,,,,,0.2047244094488189,
3296,,,,,0.3516483516483517,
3297,,,,,0.07,
3298,,,,,0.2127659574468085,
3299,,,,,0.14814814814814814,
3300,,,,,0.2720622464587351,
3301,,,,,0.2579676623001134,
3302,,,,,0.0,
3303,,,,,0.05228758169934641,
3304,,,,,0.14814814814814814,
3305,,,,,0.2664576802507837,
3306,,,,,0.6428571428571429,
3307,,,,,0.6764705882352942,
3308,,,,,0.5642458100558659,
3309,,,,,0.33516483516483514,
3310,,,,,0.12903225806451613,
3311,,,,,0.0,
3312,,,,,0.2672740573252643,
3313,,,,,0.2540088517225274,
3314,,,,,0.476038338658147,
3315,,,,,0.14102564102564102,
3316,,,,,0.0,
3317,,,,,0.03669724770642202,
3318,,,,,0.3106796116504854,
3319,,,,,0.24878048780487805,
3320,,,,,0.010309278350515464,
3321,,,,,0.3776223776223776,
3322,,,,,0.0,
3323,,,,,0.5217391304347826,
3324,,,,,0.2795770432932101,
3325,,,,,0.2623935235638191,
3326,,,,,0.019417475728155338,
3327,,,,,0.007874015748031496,
3328,,,,,0.0,
3329,,,,,0.3791208791208791,
3330,,,,,0.13333333333333333,
3331,,,,,0.09944751381215469,
3332,,,,,0.15384615384615385,
3333,,,,,0.5172413793103449,
3334,,,,,0.023148148148148147,
3335,,,,,0.18226600985221675,
3336,,,,,0.25743166855090777,
3337,,,,,0.2417765718479639,
3338,,,,,0.025179856115107913,
3339,,,,,0.3620689655172414,
3340,,,,,0.4782608695652174,
3341,,,,,0.18085106382978725,
3342,,,,,0.06514657980456026,
3343,,,,,0.13761467889908258,
3344,,,,,0.14102564102564102,
3345,,,,,0.11627906976744186,
3346,,,,,0.2222222222222222,
3347,,,,,0.6587301587301587,
3348,,,,,0.269867659772561,
3349,,,,,0.25576585192269197,
3350,,,,,0.03365384615384615,
3351,,,,,0.03571428571428571,
3352,,,,,0.391304347826087,
3353,,,,,0.0,
3354,,,,,0.1282051282051282,
3355,,,,,0.36363636363636365,
3356,,,,,0.0,
3357,,,,,0.6309523809523809,
3358,,,,,0.6,
3359,,,,,0.40397350993377484,
3360,,,,,0.27013367027997603,
3361,,,,,0.25658875075061716,
3362,,,,,0.1,
3363,,,,,0.0,
3364,,,,,0.6935483870967742,
3365,,,,,0.4725274725274725,
3366,,,,,0.6956521739130435,
3367,,,,,0.3404255319148936,
3368,,,,,0.26519337016574585,
3369,,,,,0.14285714285714285,
3370,,,,,0.17647058823529413,
3371,,,,,0.5140845070422535,
3372,,,,,0.2825696615016293,
3373,,,,,0.2653070302248515,
3374,,,,,0.47368421052631576,
3375,,,,,0.12962962962962962,
3376,,,,,0.31868131868131866,
3377,,,,,0.14184397163120568,
3378,,,,,0.46357615894039733,
3379,,,,,0.5083798882681564,
3380,,,,,0.13106796116504854,
3381,,,,,0.15384615384615385,
3382,,,,,0.03908794788273615,
3383,,,,,0.0,
3384,,,,,0.2794440380395026,
3385,,,,,0.2649511820830461,
3386,,,,,0.1267605633802817,
3387,,,,,0.4626865671641791,
3388,,,,,0.09448818897637795,
3389,,,,,0.19298245614035087,
3390,,,,,0.5,
3391,,,,,0.1557377049180328,
3392,,,,,0.6935483870967742,
3393,,,,,0.08888888888888889,
3394,,,,,0.29508196721311475,
3395,,,,,0.5027932960893855,
3396,,,,,0.27552038305513066,
3397,,,,,0.25959121944710095,
3398,,,,,0.02877697841726619,
3399,,,,,0.4106280193236715,
3400,,,,,0.13479623824451412,
3401,,,,,0.5440414507772021,
3402,,,,,0.6904761904761905,
3403,,,,,0.6774193548387096,
3404,,,,,0.09268292682926829,
3405,,,,,0.19704433497536947,
3406,,,,,0.08163265306122448,
3407,,,,,0.06944444444444445,
3408,,,,,0.28576178759060983,
3409,,,,,0.26775348619976425,
3410,,,,,0.4631578947368421,
3411,,,,,0.2413793103448276,
3412,,,,,0.06666666666666667,
3413,,,,,0.3404255319148936,
3414,,,,,0.3671497584541063,
3415,,,,,0.0663265306122449,
3416,,,,,0.32867132867132864,
3417,,,,,0.09923664122137404,
3418,,,,,0.3073170731707317,
3419,,,,,0.3157894736842105,
3420,,,,,0.2833011903970207,
3421,,,,,0.26350554900696127,
3422,,,,,0.3157894736842105,
3423,,,,,0.26519337016574585,
3424,,,,,0.41414141414141414,
3425,,,,,0.3114754098360656,
3426,,,,,0.25663716814159293,
3427,,,,,0.0683453237410072,
3428,,,,,0.32867132867132864,
3429,,,,,0.18719211822660098,
3430,,,,,0.45695364238410596,
3431,,,,,0.6721311475409836,
3432,,,,,0.302121433796635,
3433,,,,,0.28579053888752975,
3434,,,,,0.3961661341853035,
3435,,,,,0.15763546798029557,
3436,,,,,0.16666666666666666,
3437,,,,,0.38341968911917096,
3438,,,,,0.391304347826087,
3439,,,,,0.011363636363636364,
3440,,,,,0.3516819571865443,
3441,,,,,0.34782608695652173,
3442,,,,,0.29508196721311475,
3443,,,,,0.1879432624113475,
3444,,,,,0.2899514530823968,
3445,,,,,0.2749149300535996,
3446,,,,,0.02734375,
3447,,,,,0.11627906976744186,
3448,,,,,0.2677165354330709,
3449,,,,,0.1568627450980392,
3450,,,,,0.39669421487603307,
3451,,,,,0.6352941176470588,
3452,,,,,0.5642458100558659,
3453,,,,,0.696078431372549,
3454,,,,,0.0,
3455,,,,,0.1111111111111111,
3456,,,,,0.29301057391766977,
3457,,,,,0.27700553788670684,
3458,,,,,0.7466666666666667,
3459,,,,,0.35537190082644626,
3460,,,,,0.45454545454545453,
3461,,,,,0.0,
3462,,,,,0.391304347826087,
3463,,,,,0.09,
3464,,,,,0.751219512195122,
3465,,,,,0.16666666666666666,
3466,,,,,0.05228758169934641,
3467,,,,,0.15483870967741936,
3468,,,,,0.2965352131409191,
3469,,,,,0.27996352556546494,
3470,,,,,0.19298245614035087,
3471,,,,,0.11450381679389313,
3472,,,,,0.03482587064676617,
3473,,,,,0.4235294117647059,
3474,,,,,0.0,
3475,,,,,0.7213114754098361,
3476,,,,,0.16666666666666666,
3477,,,,,0.22570532915360503,
3478,,,,,0.28125,
3479,,,,,0.5344827586206896,
3480,,,,,0.28928642681385913,
3481,,,,,0.27475924649155975,
3482,,,,,0.05303030303030303,
3483,,,,,0.1921182266009852,
3484,,,,,0.0,
3485,,,,,0.08,
3486,,,,,0.47761194029850745,
3487,,,,,0.024875621890547265,
3488,,,,,0.16203703703703703,
3489,,,,,0.18823529411764706,
3490,,,,,0.3149847094801223,
3491,,,,,0.6284153005464481,
3492,,,,,0.2508479084923855,
3493,,,,,0.24008629317438784,
3494,,,,,0.15126050420168066,
3495,,,,,0.15483870967741936,
3496,,,,,0.15492957746478872,
3497,,,,,0.0,
3498,,,,,0.0625,
3499,,,,,0.3652173913043478,
3500,,,,,0.18823529411764706,
3501,,,,,0.19298245614035087,
3502,,,,,0.1557377049180328,
3503,,,,,0.0457516339869281,
3504,,,,,0.24812130079138126,
3505,,,,,0.2358605964904477,
3506,,,,,0.3826086956521739,
3507,,,,,0.10204081632653061,
3508,,,,,0.02403846153846154,
3509,,,,,0.07042253521126761,
3510,,,,,0.0,
3511,,,,,0.17543859649122806,
3512,,,,,0.11,
3513,,,,,0.09268292682926829,
3514,,,,,0.6666666666666666,
3515,,,,,0.0,
3516,,,,,0.24592671410520717,
3517,,,,,0.23503769766252253,
3518,,,,,0.039568345323741004,
3519,,,,,0.4945054945054945,
3520,,,,,0.2596685082872928,
3521,,,,,0.4,
3522,,,,,0.6695652173913044,
3523,,,,,0.4472843450479233,
3524,,,,,0.08,
3525,,,,,0.17543859649122806,
3526,,,,,0.20388349514563106,
3527,,,,,0.026143790849673203,
3528,,,,,0.2896854425749817,
3529,,,,,0.2732024108711607,
3530,,,,,0.0,
3531,,,,,0.4945054945054945,
3532,,,,,0.6885245901639344,
3533,,,,,0.02280130293159609,
3534,,,,,0.19298245614035087,
3535,,,,,0.046762589928057555,
3536,,,,,0.23008849557522124,
3537,,,,,0.05078125,
3538,,,,,0.7172995780590717,
3539,,,,,0.12195121951219512,
3540,,,,,0.30823967546718095,
3541,,,,,0.292974223250228,
3542,,,,,0.6428571428571429,
3543,,,,,0.3706293706293706,
3544,,,,,0.14634146341463414,
3545,,,,,0.0,
3546,,,,,0.1743119266055046,
3547,,,,,0.3592233009708738,
3548,,,,,0.7063492063492064,
3549,,,,,0.47761194029850745,
3550,,,,,0.319672131147541,
3551,,,,,0.30851063829787234,
3552,,,,,0.2962027000066503,
3553,,,,,0.28069746235793874,
3554,,,,,0.18309859154929578,
3555,,,,,0.2459016393442623,
3556,,,,,0.1237785016286645,
3557,,,,,0.48704663212435234,
3558,,,,,0.30434782608695654,
3559,,,,,0.14743589743589744,
3560,,,,,0.14285714285714285,
3561,,,,,0.6746031746031746,
3562,,,,,0.7466666666666667,
3563,,,,,0.27624309392265195,
3564,,,,,0.2909489924852032,
3565,,,,,0.27818428485643754,
3566,,,,,0.0,
3567,,,,,0.30434782608695654,
3568,,,,,0.25196850393700787,
3569,,,,,0.3739130434782609,
3570,,,,,0.14015151515151514,
3571,,,,,0.0390625,
3572,,,,,0.3739130434782609,
3573,,,,,0.35537190082644626,
3574,,,,,0.3404255319148936,
3575,,,,,0.5344827586206896,
3576,,,,,0.2861608033517324,
3577,,,,,0.27231279051664703,
3578,,,,,0.3368421052631579,
3579,,,,,0.14743589743589744,
3580,,,,,0.24271844660194175,
3581,,,,,0.0,
3582,,,,,0.2604166666666667,
3583,,,,,0.14215686274509803,
3584,,,,,0.03482587064676617,
3585,,,,,0.0,
3586,,,,,0.1259259259259259,
3587,,,,,0.04891304347826087,
3588,,,,,0.26015827625191196,
3589,,,,,0.247559104152303,
3590,,,,,0.14285714285714285,
3591,,,,,0.0,
3592,,,,,0.06115107913669065,
3593,,,,,0.1346153846153846,
3594,,,,,0.08888888888888889,
3595,,,,,0.0,
3596,,,,,0.3826086956521739,
3597,,,,,0.0,
3598,,,,,0.14367816091954022,
3599,,,,,0.5434782608695652,
3600,,,,,0.25982576311764316,
3601,,,,,0.24706981295732047,
3602,,,,,0.3160621761658031,
3603,,,,,0.23300970873786409,
3604,,,,,0.1702127659574468,
3605,,,,,0.30434782608695654,
3606,,,,,0.2283464566929134,
3607,,,,,0.6352941176470588,
3608,,,,,0.0,
3609,,,,,0.6935483870967742,
3610,,,,,0.17375886524822695,
3611,,,,,0.46153846153846156,
3612,,,,,0.29606969475294276,
3613,,,,,0.2793185508084425,
3614,,,,,0.11598746081504702,
3615,,,,,0.07874015748031496,
3616,,,,,0.10687022900763359,
3617,,,,,0.17708333333333334,
3618,,,,,0.5418994413407822,
3619,,,,,0.01818181818181818,
3620,,,,,0.4927536231884058,
3621,,,,,0.24778761061946902,
3622,,,,,0.0,
3623,,,,,0.1419753086419753,
3624,,,,,0.2878233690230764,
3625,,,,,0.2735582590129662,
3626,,,,,0.18439716312056736,
3627,,,,,0.014423076923076924,
3628,,,,,0.5211267605633803,
3629,,,,,0.696078431372549,
3630,,,,,0.2608695652173913,
3631,,,,,0.19298245614035087,
3632,,,,,0.5244444444444445,
3633,,,,,0.3884297520661157,
3634,,,,,0.0,
3635,,,,,0.04477611940298507,
3636,,,,,0.29068298197778814,
3637,,,,,0.27366946155728045,
3638,,,,,0.12682926829268293,
3639,,,,,0.14814814814814814,
3640,,,,,0.1346153846153846,
3641,,,,,0.6956521739130435,
3642,,,,,0.10919540229885058,
3643,,,,,0.5652173913043478,
3644,,,,,0.6666666666666666,
3645,,,,,0.09923664122137404,
3646,,,,,0.6309523809523809,
3647,,,,,0.0,
3648,,,,,0.28655981911285494,
3649,,,,,0.27144541067099615,
3650,,,,,0.10465116279069768,
3651,,,,,0.35664335664335667,
3652,,,,,0.09693877551020408,
3653,,,,,0.2204724409448819,
3654,,,,,0.08888888888888889,
3655,,,,,0.0,
3656,,,,,0.6428571428571429,
3657,,,,,0.03482587064676617,
3658,,,,,0.14743589743589744,
3659,,,,,0.013071895424836602,
3660,,,,,0.25809669481944536,
3661,,,,,0.24642483820029804,
3662,,,,,0.4782608695652174,
3663,,,,,0.52,
3664,,,,,0.5164835164835165,
3665,,,,,0.3073170731707317,
3666,,,,,0.02734375,
3667,,,,,0.13934426229508196,
3668,,,,,0.0,
3669,,,,,0.3968253968253968,
3670,,,,,0.6935483870967742,
3671,,,,,0.423841059602649,
3672,,,,,0.36077675068165194,
3673,,,,,0.33687698774547964,
3674,,,,,0.72,
3675,,,,,0.07746478873239436,
3676,,,,,0.08888888888888889,
3677,,,,,0.15555555555555556,
3678,,,,,0.6854838709677419,
3679,,,,,0.35664335664335667,
3680,,,,,0.0,
3681,,,,,0.0975609756097561,
3682,,,,,0.42424242424242425,
3683,,,,,0.34710743801652894,
3684,,,,,0.2928110660371085,
3685,,,,,0.2753374997219936,
3686,,,,,0.4057971014492754,
3687,,,,,0.5027932960893855,
3688,,,,,0.005154639175257732,
3689,,,,,0.0,
3690,,,,,0.12745098039215685,
3691,,,,,0.7096774193548387,
3692,,,,,0.26519337016574585,
3693,,,,,0.16666666666666666,
3694,,,,,0.4092827004219409,
3695,,,,,0.32038834951456313,
3696,,,,,0.27392432001064043,
3697,,,,,0.2605253208193403,
3698,,,,,0.07,
3699,,,,,0.5217391304347826,
3700,,,,,0.5258620689655172,
3701,,,,,0.45454545454545453,
3702,,,,,0.35294117647058826,
3703,,,,,0.11515151515151516,
3704,,,,,0.16176470588235295,
3705,,,,,0.5054945054945055,
3706,,,,,0.3652173913043478,
3707,,,,,0.03482587064676617,
3708,,,,,0.299062312961362,
3709,,,,,0.28283255120877165,
3710,,,,,0.12244897959183673,
3711,,,,,0.09923664122137404,
3712,,,,,0.30526315789473685,
3713,,,,,0.010309278350515464,
3714,,,,,0.29508196721311475,
3715,,,,,0.18055555555555555,
3716,,,,,0.34782608695652173,
3717,,,,,0.14743589743589744,
3718,,,,,0.7170731707317073,
3719,,,,,0.0,
3720,,,,,0.2944071290815987,
3721,,,,,0.27740586704623804,
3722,,,,,0.5211267605633803,
3723,,,,,0.6746031746031746,
3724,,,,,0.0,
3725,,,,,0.3942857142857143,
3726,,,,,0.14367816091954022,
3727,,,,,0.3739130434782609,
3728,,,,,0.12903225806451613,
3729,,,,,0.0,
3730,,,,,0.19858156028368795,
3731,,,,,0.0,
3732,,,,,0.27359180687637163,
3733,,,,,0.25950225741164956,
3734,,,,,0.4835164835164835,
3735,,,,,0.5869565217391305,
3736,,,,,0.28780487804878047,
3737,,,,,0.13029315960912052,
3738,,,,,0.02912621359223301,
3739,,,,,0.4504792332268371,
3740,,,,,0.06,
3741,,,,,0.16025641025641027,
3742,,,,,0.7121951219512195,
3743,,,,,0.5066666666666667,
3744,,,,,0.3303185475826295,
3745,,,,,0.30754175655539,
3746,,,,,0.17777777777777778,
3747,,,,,0.40559440559440557,
3748,,,,,0.3302752293577982,
3749,,,,,0.13658536585365855,
3750,,,,,0.4972067039106145,
3751,,,,,0.3626373626373626,
3752,,,,,0.6547619047619048,
3753,,,,,0.13,
3754,,,,,0.024875621890547265,
3755,,,,,0.11224489795918367,
3756,,,,,0.2756533883088382,
3757,,,,,0.26141494117385405,
3758,,,,,0.34705882352941175,
3759,,,,,0.28292682926829266,
3760,,,,,0.08888888888888889,
3761,,,,,0.046875,
3762,,,,,0.14102564102564102,
3763,,,,,0.23958333333333334,
3764,,,,,0.03482587064676617,
3765,,,,,0.5434782608695652,
3766,,,,,0.2524271844660194,
3767,,,,,0.6825396825396826,
3768,,,,,0.2833011903970207,
3769,,,,,0.267219713987056,
3770,,,,,0.410958904109589,
3771,,,,,0.3368421052631579,
3772,,,,,0.11413043478260869,
3773,,,,,0.11,
3774,,,,,0.11219512195121951,
3775,,,,,0.31868131868131866,
3776,,,,,0.03787878787878788,
3777,,,,,0.5066666666666667,
3778,,,,,0.5603448275862069,
3779,,,,,0.18226600985221675,
3780,,,,,0.30378399946797896,
3781,,,,,0.2855014122723128,
3782,,,,,0.18032786885245902,
3783,,,,,0.16666666666666666,
3784,,,,,0.3191489361702128,
3785,,,,,0.3471502590673575,
3786,,,,,0.45454545454545453,
3787,,,,,0.2608695652173913,
3788,,,,,0.2869198312236287,
3789,,,,,0.6176470588235294,
3790,,,,,0.038834951456310676,
3791,,,,,0.22884012539184953,
3792,,,,,0.29912881558821575,
3793,,,,,0.28043057625158463,
3794,,,,,0.1111111111111111,
3795,,,,,0.4782608695652174,
3796,,,,,0.0457516339869281,
3797,,,,,0.03125,
3798,,,,,0.14351851851851852,
3799,,,,,0.0064516129032258064,
3800,,,,,0.0,
3801,,,,,0.0,
3802,,,,,0.20422535211267606,
3803,,,,,0.2677165354330709,
3804,,,,,0.25676664228237017,
3805,,,,,0.24380045815448256,
3806,,,,,0.046875,
3807,,,,,0.4657534246575342,
3808,,,,,0.611764705882353,
3809,,,,,0.043689320388349516,
3810,,,,,0.0,
3811,,,,,0.4725274725274725,
3812,,,,,0.3565217391304348,
3813,,,,,0.2391304347826087,
3814,,,,,0.5418994413407822,
3815,,,,,0.07086614173228346,
3816,,,,,0.2869588348739775,
3817,,,,,0.26997753708604855,
3818,,,,,0.6746031746031746,
3819,,,,,0.2978723404255319,
3820,,,,,0.08,
3821,,,,,0.11538461538461539,
3822,,,,,0.19858156028368795,
3823,,,,,0.7016129032258065,
3824,,,,,0.0962962962962963,
3825,,,,,0.6715686274509803,
3826,,,,,0.03482587064676617,
3827,,,,,0.04929577464788732,
3828,,,,,0.27625191195052207,
3829,,,,,0.25963570046482665,
3830,,,,,0.0,
3831,,,,,0.46153846153846156,
3832,,,,,0.2019704433497537,
3833,,,,,0.09154929577464789,
3834,,,,,0.3241758241758242,
3835,,,,,0.11538461538461539,
3836,,,,,0.0,
3837,,,,,0.2781456953642384,
3838,,,,,0.30434782608695654,
3839,,,,,0.10714285714285714,
3840,,,,,0.2608898051473033,
3841,,,,,0.24778150924093142,
3842,,,,,0.1986754966887417,
3843,,,,,0.6695652173913044,
3844,,,,,0.22916666666666666,
3845,,,,,0.14705882352941177,
3846,,,,,0.4383561643835616,
3847,,,,,0.6428571428571429,
3848,,,,,0.0,
3849,,,,,0.1111111111111111,
3850,,,,,0.30434782608695654,
3851,,,,,0.24861878453038674,
3852,,,,,0.29786526567799426,
3853,,,,,0.2782954874007517,
3854,,,,,0.6746031746031746,
3855,,,,,0.4421052631578947,
3856,,,,,0.21182266009852216,
3857,,,,,0.0,
3858,,,,,0.33658536585365856,
3859,,,,,0.21359223300970873,
3860,,,,,0.0,
3861,,,,,0.4041095890410959,
3862,,,,,0.07065217391304347,
3863,,,,,0.34265734265734266,
3864,,,,,0.2840992219192658,
3865,,,,,0.2666859417743478,
3866,,,,,0.4253731343283582,
3867,,,,,0.058823529411764705,
3868,,,,,0.7096774193548387,
3869,,,,,0.03571428571428571,
3870,,,,,0.6372549019607843,
3871,,,,,0.6071428571428571,
3872,,,,,0.38095238095238093,
3873,,,,,0.39378238341968913,
3874,,,,,0.31868131868131866,
3875,,,,,0.10714285714285714,
3876,,,,,0.2924120502759859,
3877,,,,,0.2732468918888864,
3878,,,,,0.2430939226519337,
3879,,,,,0.13636363636363635,
3880,,,,,0.032679738562091505,
3881,,,,,0.34782608695652173,
3882,,,,,0.36363636363636365,
3883,,,,,0.19704433497536947,
3884,,,,,0.6229508196721312,
3885,,,,,0.1,
3886,,,,,0.2037037037037037,
3887,,,,,0.10236220472440945,
3888,,,,,0.263749418102015,
3889,,,,,0.2504058892867469,
3890,,,,,0.6854838709677419,
3891,,,,,0.4304635761589404,
3892,,,,,0.6309523809523809,
3893,,,,,0.1619718309859155,
3894,,,,,0.0,
3895,,,,,0.5070422535211268,
3896,,,,,0.047619047619047616,
3897,,,,,0.014925373134328358,
3898,,,,,0.10714285714285714,
3899,,,,,0.09302325581395349,
3900,,,,,0.26847110460863205,
3901,,,,,0.2525409781375798,
3902,,,,,0.15763546798029557,
3903,,,,,0.0,
3904,,,,,0.0,
3905,,,,,0.34782608695652173,
3906,,,,,0.0,
3907,,,,,0.15294117647058825,
3908,,,,,0.010309278350515464,
3909,,,,,0.03571428571428571,
3910,,,,,0.40869565217391307,
3911,,,,,0.2978723404255319,
3912,,,,,0.24692425350801356,
3913,,,,,0.23492649511820832,
3914,,,,,0.271523178807947,
3915,,,,,0.14788732394366197,
3916,,,,,0.08974358974358974,
3917,,,,,0.3217391304347826,
3918,,,,,0.0,
3919,,,,,0.4536741214057508,
3920,,,,,0.12280701754385964,
3921,,,,,0.6372549019607843,
3922,,,,,0.5022222222222222,
3923,,,,,0.0,
3924,,,,,0.2673405599521181,
3925,,,,,0.2529190667882481,
3926,,,,,0.22916666666666666,
3927,,,,,0.5195530726256983,
3928,,,,,0.13218390804597702,
3929,,,,,0.2946859903381642,
3930,,,,,0.585635359116022,
3931,,,,,0.027777777777777776,
3932,,,,,0.14035087719298245,
3933,,,,,0.12121212121212122,
3934,,,,,0.4701492537313433,
3935,,,,,0.0546875,
3936,,,,,0.30458203099022413,
3937,,,,,0.28143139915041254,
3938,,,,,0.5652173913043478,
3939,,,,,0.08333333333333333,
3940,,,,,0.5022222222222222,
3941,,,,,0.13953488372093023,
3942,,,,,0.34782608695652173,
3943,,,,,0.38338658146964855,
3944,,,,,0.3356643356643357,
3945,,,,,0.18181818181818182,
3946,,,,,0.0,
3947,,,,,0.19704433497536947,
3948,,,,,0.2757863935625457,
3949,,,,,0.2599915486066321,
3950,,,,,0.3217391304347826,
3951,,,,,0.38095238095238093,
3952,,,,,0.0,
3953,,,,,0.7333333333333333,
3954,,,,,0.24271844660194175,
3955,,,,,0.0,
3956,,,,,0.0,
3957,,,,,0.40487804878048783,
3958,,,,,0.25738396624472576,
3959,,,,,0.0,
3960,,,,,0.27837999600984237,
3961,,,,,0.26181527033338525,
3962,,,,,0.13120567375886524,
3963,,,,,0.44370860927152317,
3964,,,,,0.11515151515151516,
3965,,,,,0.4726027397260274,
3966,,,,,0.23893805309734514,
3967,,,,,0.2,
3968,,,,,0.3024390243902439,
3969,,,,,0.36893203883495146,
3970,,,,,0.0,
3971,,,,,0.4260869565217391,
3972,,,,,0.2934095896787923,
3973,,,,,0.2755154237928964,
3974,,,,,0.6587301587301587,
3975,,,,,0.019543973941368076,
3976,,,,,0.64,
3977,,,,,0.4900662251655629,
3978,,,,,0.5258620689655172,
3979,,,,,0.5307262569832403,
3980,,,,,0.391304347826087,
3981,,,,,0.2682926829268293,
3982,,,,,0.4725274725274725,
3983,,,,,0.15454545454545454,
3984,,,,,0.31907960364434396,
3985,,,,,0.2996463759090808,
3986,,,,,0.3968253968253968,
3987,,,,,0.3333333333333333,
3988,,,,,0.24271844660194175,
3989,,,,,0.10714285714285714,
3990,,,,,0.17803030303030304,
3991,,,,,0.56353591160221,
3992,,,,,0.08292682926829269,
3993,,,,,0.0,
3994,,,,,0.16091954022988506,
3995,,,,,0.5422535211267606,
3996,,,,,0.2998603444836071,
3997,,,,,0.2813424371149612,
3998,,,,,0.5195530726256983,
3999,,,,,0.41968911917098445,
4000,,,,,0.3565217391304348,
4001,,,,,0.3516483516483517,
4002,,,,,0.13029315960912052,
4003,,,,,0.13333333333333333,
4004,,,,,0.72,
4005,,,,,0.36423841059602646,
4006,,,,,0.12179487179487179,
4007,,,,,0.04975124378109453,
4008,,,,,0.29194653188800956,
4009,,,,,0.2727798412027667,
4010,,,,,0.42857142857142855,
4011,,,,,0.3411764705882353,
4012,,,,,0.15789473684210525,
4013,,,,,0.14942528735632185,
4014,,,,,0.13829787234042554,
4015,,,,,0.1568627450980392,
4016,,,,,0.782608695652174,
4017,,,,,0.33980582524271846,
4018,,,,,0.0,
4019,,,,,0.15454545454545454,
4020,,,,,0.2888209084258828,
4021,,,,,0.2691323977492605,
4022,,,,,0.10526315789473684,
4023,,,,,0.0,
4024,,,,,0.08661417322834646,
4025,,,,,0.1073170731707317,
4026,,,,,0.1875,
4027,,,,,0.0,
4028,,,,,0.4503311258278146,
4029,,,,,0.30526315789473685,
4030,,,,,0.26519337016574585,
4031,,,,,0.019543973941368076,
4032,,,,,0.2555030923721487,
4033,,,,,0.2399528501212108,
4034,,,,,0.319672131147541,
4035,,,,,0.6284153005464481,
4036,,,,,0.028846153846153848,
4037,,,,,0.3217391304347826,
4038,,,,,0.09859154929577464,
4039,,,,,0.06,
4040,,,,,0.6869565217391305,
4041,,,,,0.6309523809523809,
4042,,,,,0.2047244094488189,
4043,,,,,0.6825396825396826,
4044,,,,,0.29434062645474496,
4045,,,,,0.27664968974490134,
4046,,,,,0.32867132867132864,
4047,,,,,0.10655737704918032,
4048,,,,,0.08333333333333333,
4049,,,,,0.3391304347826087,
4050,,,,,0.5869565217391305,
4051,,,,,0.696078431372549,
4052,,,,,0.40869565217391307,
4053,,,,,0.0,
4054,,,,,0.01680672268907563,
4055,,,,,0.13761467889908258,
4056,,,,,0.28875440579902906,
4057,,,,,0.2709561194760136,
4058,,,,,0.72,
4059,,,,,0.5245901639344263,
4060,,,,,0.5869565217391305,
4061,,,,,0.5344827586206896,
4062,,,,,0.391304347826087,
4063,,,,,0.02158273381294964,
4064,,,,,0.1259259259259259,
4065,,,,,0.013071895424836602,
4066,,,,,0.0,
4067,,,,,0.1323529411764706,
4068,,,,,0.2537075214470972,
4069,,,,,0.2393968373996397,
4070,,,,,0.14444444444444443,
4071,,,,,0.38823529411764707,
4072,,,,,0.5966850828729282,
4073,,,,,0.10256410256410256,
4074,,,,,0.26229508196721313,
4075,,,,,0.49142857142857144,
4076,,,,,0.0,
4077,,,,,0.5027932960893855,
4078,,,,,0.13934426229508196,
4079,,,,,0.1111111111111111,
4080,,,,,0.274589346279178,
4081,,,,,0.2570113204190112,
4082,,,,,0.34782608695652173,
4083,,,,,0.24822695035460993,
4084,,,,,0.391304347826087,
4085,,,,,0.41350210970464135,
4086,,,,,0.0,
4087,,,,,0.4492753623188406,
4088,,,,,0.14393939393939395,
4089,,,,,0.14893617021276595,
4090,,,,,0.1743119266055046,
4091,,,,,0.33043478260869563,
4092,,,,,0.2663430205493117,
4093,,,,,0.24893801570179927,
4094,,,,,0.0,
4095,,,,,0.35864978902953587,
4096,,,,,0.07874015748031496,
4097,,,,,0.14332247557003258,
4098,,,,,0.7066666666666667,
4099,,,,,0.11707317073170732,
4100,,,,,0.0,
4101,,,,,0.0,
4102,,,,,0.0,
4103,,,,,0.22330097087378642,
4104,,,,,0.2545055529693423,
4105,,,,,0.23857393857171452,
4106,,,,,0.10687022900763359,
4107,,,,,0.6939890710382514,
4108,,,,,0.13761467889908258,
4109,,,,,0.38285714285714284,
4110,,,,,0.14193548387096774,
4111,,,,,0.1590909090909091,
4112,,,,,0.03571428571428571,
4113,,,,,0.3739130434782609,
4114,,,,,0.38095238095238093,
4115,,,,,0.6176470588235294,
4116,,,,,0.2746558489060318,
4117,,,,,0.25554344683406355,
4118,,,,,0.574585635359116,
4119,,,,,0.2616033755274262,
4120,,,,,0.008403361344537815,
4121,,,,,0.33112582781456956,
4122,,,,,0.0392156862745098,
4123,,,,,0.08888888888888889,
4124,,,,,0.11,
4125,,,,,0.6086956521739131,
4126,,,,,0.0,
4127,,,,,0.0,
4128,,,,,0.2773159539801822,
4129,,,,,0.25923537130529545,
4130,,,,,0.4925373134328358,
4131,,,,,0.12962962962962962,
4132,,,,,0.4444444444444444,
4133,,,,,0.5431034482758621,
4134,,,,,0.22330097087378642,
4135,,,,,0.72,
4136,,,,,0.6428571428571429,
4137,,,,,0.0,
4138,,,,,0.14893617021276595,
4139,,,,,0.11627906976744186,
4140,,,,,0.288488395291614,
4141,,,,,0.2689767141872206,
4142,,,,,0.23756906077348067,
4143,,,,,0.1024390243902439,
4144,,,,,0.14035087719298245,
4145,,,,,0.6428571428571429,
4146,,,,,0.0,
4147,,,,,0.4701492537313433,
4148,,,,,0.2786885245901639,
4149,,,,,0.0,
4150,,,,,0.25663716814159293,
4151,,,,,0.5,
4152,,,,,0.274589346279178,
4153,,,,,0.25767853568489646,
4154,,,,,0.15555555555555556,
4155,,,,,0.0,
4156,,,,,0.3300970873786408,
4157,,,,,0.23893805309734514,
4158,,,,,0.0,
4159,,,,,0.41414141414141414,
4160,,,,,0.08888888888888889,
4161,,,,,0.01079136690647482,
4162,,,,,0.12295081967213115,
4163,,,,,0.16666666666666666,
4164,,,,,0.26035778413247324,
4165,,,,,0.24484576207103617,
4166,,,,,0.1921182266009852,
4167,,,,,0.6229508196721312,
4168,,,,,0.38016528925619836,
4169,,,,,0.12254901960784313,
4170,,,,,0.19090909090909092,
4171,,,,,0.11971830985915492,
4172,,,,,0.07874015748031496,
4173,,,,,0.04560260586319218,
4174,,,,,0.5195530726256983,
4175,,,,,0.0,
4176,,,,,0.24512868258296203,
4177,,,,,0.2312345706469764,
4178,,,,,0.5,
4179,,,,,0.10749185667752444,
4180,,,,,0.18981481481481483,
4181,,,,,0.10984848484848485,
4182,,,,,0.11764705882352941,
4183,,,,,0.3391304347826087,
4184,,,,,0.36363636363636365,
4185,,,,,0.10465116279069768,
4186,,,,,0.5021097046413502,
4187,,,,,0.528169014084507,
4188,,,,,0.2702001729068298,
4189,,,,,0.2536974845984476,
4190,,,,,0.2204724409448819,
4191,,,,,0.08661417322834646,
4192,,,,,0.0,
4193,,,,,0.27049180327868855,
4194,,,,,0.5083798882681564,
4195,,,,,0.13218390804597702,
4196,,,,,0.25,
4197,,,,,0.004807692307692308,
4198,,,,,0.11,
4199,,,,,0.13166144200626959,
4200,,,,,0.26694154419099553,
4201,,,,,0.2494273068967818,
4202,,,,,0.03482587064676617,
4203,,,,,0.15454545454545454,
4204,,,,,0.35537190082644626,
4205,,,,,0.5563380281690141,
4206,,,,,0.0,
4207,,,,,0.0,
4208,,,,,0.1702127659574468,
4209,,,,,0.019417475728155338,
4210,,,,,0.03515625,
4211,,,,,0.01079136690647482,
4212,,,,,0.268205094101217,
4213,,,,,0.249115939772702,
4214,,,,,0.47474747474747475,
4215,,,,,0.13934426229508196,
4216,,,,,0.2608695652173913,
4217,,,,,0.1282051282051282,
4218,,,,,0.0,
4219,,,,,0.10648148148148148,
4220,,,,,0.0,
4221,,,,,0.23204419889502761,
4222,,,,,0.4,
4223,,,,,0.6933333333333334,
4224,,,,,0.25523708186473365,
4225,,,,,0.23955252096167962,
4226,,,,,0.1270358306188925,
4227,,,,,0.0,
4228,,,,,0.5,
4229,,,,,0.1347517730496454,
4230,,,,,0.18981481481481483,
4231,,,,,0.40404040404040403,
4232,,,,,0.14074074074074075,
4233,,,,,0.20833333333333334,
4234,,,,,0.4178082191780822,
4235,,,,,0.0064516129032258064,
4236,,,,,0.25137992950721555,
4237,,,,,0.23661677379178436,
4238,,,,,0.14788732394366197,
4239,,,,,0.06481481481481481,
4240,,,,,0.0,
4241,,,,,0.07553956834532374,
4242,,,,,0.5434782608695652,
4243,,,,,0.09154929577464789,
4244,,,,,0.022727272727272728,
4245,,,,,0.15789473684210525,
4246,,,,,0.0,
4247,,,,,0.4794520547945205,
4248,,,,,0.2646139522511139,
4249,,,,,0.24936058537019326,
4250,,,,,0.13829787234042554,
4251,,,,,0.30569948186528495,
4252,,,,,0.2265193370165746,
4253,,,,,0.08888888888888889,
4254,,,,,0.3106796116504854,
4255,,,,,0.1032258064516129,
4256,,,,,0.23893805309734514,
4257,,,,,0.17391304347826086,
4258,,,,,0.0,
4259,,,,,0.17777777777777778,
4260,,,,,0.2674735652058256,
4261,,,,,0.25085069946400373,
4262,,,,,0.5869565217391305,
4263,,,,,0.2872340425531915,
4264,,,,,0.6612903225806451,
4265,,,,,0.7170731707317073,
4266,,,,,0.5155555555555555,
4267,,,,,0.6764705882352942,
4268,,,,,0.3588235294117647,
4269,,,,,0.5,
4270,,,,,0.23893805309734514,
4271,,,,,0.1,
4272,,,,,0.3140919066303119,
4273,,,,,0.29235148900206837,
4274,,,,,0.08450704225352113,
4275,,,,,0.08396946564885496,
4276,,,,,0.11274509803921569,
4277,,,,,0.4057142857142857,
4278,,,,,0.0787037037037037,
4279,,,,,0.6666666666666666,
4280,,,,,0.16393442622950818,
4281,,,,,0.43283582089552236,
4282,,,,,0.6926829268292682,
4283,,,,,0.0,
4284,,,,,0.28010906430804017,
4285,,,,,0.2610146120143229,
4286,,,,,0.0,
4287,,,,,0.3363914373088685,
4288,,,,,0.6010928961748634,
4289,,,,,0.0,
4290,,,,,0.0787037037037037,
4291,,,,,0.1282051282051282,
4292,,,,,0.4972067039106145,
4293,,,,,0.0,
4294,,,,,0.14754098360655737,
4295,,,,,0.24861878453038674,
4296,,,,,0.2344882622863603,
4297,,,,,0.22340591152725575,
4298,,,,,0.13445378151260504,
4299,,,,,0.07407407407407407,
4300,,,,,0.24778761061946902,
4301,,,,,0.23197492163009403,
4302,,,,,0.0,
4303,,,,,0.05825242718446602,
4304,,,,,0.14545454545454545,
4305,,,,,0.3588235294117647,
4306,,,,,0.0,
4307,,,,,0.3140096618357488,
4308,,,,,0.24645873512003724,
4309,,,,,0.23288036830282677,
4310,,,,,0.14015151515151514,
4311,,,,,0.5652173913043478,
4312,,,,,0.33043478260869563,
4313,,,,,0.3968253968253968,
4314,,,,,0.08888888888888889,
4315,,,,,0.4452054794520548,
4316,,,,,0.13029315960912052,
4317,,,,,0.7466666666666667,
4318,,,,,0.0,
4319,,,,,0.020618556701030927,
4320,,,,,0.2757863935625457,
4321,,,,,0.25658875075061716,
4322,,,,,0.6547619047619048,
4323,,,,,0.1941747572815534,
4324,,,,,0.27049180327868855,
4325,,,,,0.28134556574923547,
4326,,,,,0.13333333333333333,
4327,,,,,0.36585365853658536,
4328,,,,,0.0,
4329,,,,,0.21739130434782608,
4330,,,,,0.0,
4331,,,,,0.10465116279069768,
4332,,,,,0.24812130079138126,
4333,,,,,0.23303605186486667,
4334,,,,,0.7130434782608696,
4335,,,,,0.23958333333333334,
4336,,,,,0.10909090909090909,
4337,,,,,0.5165562913907285,
4338,,,,,0.07407407407407407,
4339,,,,,0.38095238095238093,
4340,,,,,0.24878048780487805,
4341,,,,,0.28502415458937197,
4342,,,,,0.32967032967032966,
4343,,,,,0.0,
4344,,,,,0.2948061448427213,
4345,,,,,0.27398082868136026,
4346,,,,,0.20388349514563106,
4347,,,,,0.11538461538461539,
4348,,,,,0.10493827160493827,
4349,,,,,0.14084507042253522,
4350,,,,,0.33043478260869563,
4351,,,,,0.569060773480663,
4352,,,,,0.66,
4353,,,,,0.30097087378640774,
4354,,,,,0.0,
4355,,,,,0.0,
4356,,,,,0.3022544390503425,
4357,,,,,0.279385272335031,
4358,,,,,0.10909090909090909,
4359,,,,,0.11851851851851852,
4360,,,,,0.18439716312056736,
4361,,,,,0.0234375,
4362,,,,,0.43157894736842106,
4363,,,,,0.2037037037037037,
4364,,,,,0.05,
4365,,,,,0.34710743801652894,
4366,,,,,0.4383561643835616,
4367,,,,,0.5869565217391305,
4368,,,,,0.2717297333244663,
4369,,,,,0.2507172564108267,
4370,,,,,0.02912621359223301,
4371,,,,,0.2204724409448819,
4372,,,,,0.6519607843137255,
4373,,,,,0.0,
4374,,,,,0.03571428571428571,
4375,,,,,0.04242424242424243,
4376,,,,,0.07086614173228346,
4377,,,,,0.24456521739130435,
4378,,,,,0.6260869565217392,
4379,,,,,0.13793103448275862,
4380,,,,,0.2727272727272727,
4381,,,,,0.2530080288236995,
4382,,,,,0.3776223776223776,
4383,,,,,0.424390243902439,
4384,,,,,0.3565217391304348,
4385,,,,,0.08333333333333333,
4386,,,,,0.0,
4387,,,,,0.06299212598425197,
4388,,,,,0.15294117647058825,
4389,,,,,0.014925373134328358,
4390,,,,,0.12682926829268293,
4391,,,,,0.3333333333333333,
4392,,,,,0.2549710713573186,
4393,,,,,0.2426217111847519,
4394,,,,,0.2541436464088398,
4395,,,,,0.5941176470588235,
4396,,,,,0.5869565217391305,
4397,,,,,0.1773049645390071,
4398,,,,,0.0,
4399,,,,,0.30275229357798167,
4400,,,,,0.14084507042253522,
4401,,,,,0.14788732394366197,
4402,,,,,0.11400651465798045,
4403,,,,,0.37058823529411766,
4404,,,,,0.25969275786393564,
4405,,,,,0.24384493917220826,
4406,,,,,0.6764705882352942,
4407,,,,,0.11627906976744186,
4408,,,,,0.6746031746031746,
4409,,,,,0.6077348066298343,
4410,,,,,0.49162011173184356,
4411,,,,,0.0,
4412,,,,,0.42424242424242425,
4413,,,,,0.46357615894039733,
4414,,,,,0.10909090909090909,
4415,,,,,0.72,
4416,,,,,0.2971337367826029,
4417,,,,,0.2776060316260036,
4418,,,,,0.08888888888888889,
4419,,,,,0.6693548387096774,
4420,,,,,0.3391304347826087,
4421,,,,,0.1267605633802817,
4422,,,,,0.0,
4423,,,,,0.0,
4424,,,,,0.5705882352941176,
4425,,,,,0.2765957446808511,
4426,,,,,0.2283464566929134,
4427,,,,,0.585635359116022,
4428,,,,,0.2819046352330917,
4429,,,,,0.26297177679425304,
4430,,,,,0.48507462686567165,
4431,,,,,0.18840579710144928,
4432,,,,,0.10465116279069768,
4433,,,,,0.22330097087378642,
4434,,,,,0.6,
4435,,,,,0.21195652173913043,
4436,,,,,0.2553191489361702,
4437,,,,,0.27522935779816515,
4438,,,,,0.33678756476683935,
4439,,,,,0.16470588235294117,
4440,,,,,0.27591939881625327,
4441,,,,,0.25872383960145007,
4442,,,,,0.7066666666666667,
4443,,,,,0.14193548387096774,
4444,,,,,0.20833333333333334,
4445,,,,,0.3314285714285714,
4446,,,,,0.1282051282051282,
4447,,,,,0.09923664122137404,
4448,,,,,0.38823529411764707,
4449,,,,,0.6774193548387096,
4450,,,,,0.12643678160919541,
4451,,,,,0.1557377049180328,
4452,,,,,0.2904169714703731,
4453,,,,,0.27206814491915576,
4454,,,,,0.3146853146853147,
4455,,,,,0.46153846153846156,
4456,,,,,0.34185303514376997,
4457,,,,,0.38823529411764707,
4458,,,,,0.1037037037037037,
4459,,,,,0.21875,
4460,,,,,0.47019867549668876,
4461,,,,,0.04316546762589928,
4462,,,,,0.09,
4463,,,,,0.015463917525773196,
4464,,,,,0.3057790782735918,
4465,,,,,0.28708048840157463,
4466,,,,,0.6854838709677419,
4467,,,,,0.19298245614035087,
4468,,,,,0.21359223300970873,
4469,,,,,0.5072463768115942,
4470,,,,,0.5517241379310345,
4471,,,,,0.6,
4472,,,,,0.3263157894736842,
4473,,,,,0.6666666666666666,
4474,,,,,0.0,
4475,,,,,0.15454545454545454,
4476,,,,,0.31209682782469905,
4477,,,,,0.29208460289571425,
4478,,,,,0.2175925925925926,
4479,,,,,0.6746031746031746,
4480,,,,,0.6243093922651933,
4481,,,,,0.23369565217391305,
4482,,,,,0.31788079470198677,
4483,,,,,0.5869565217391305,
4484,,,,,0.08661417322834646,
4485,,,,,0.08796296296296297,
4486,,,,,0.07042253521126761,
4487,,,,,0.42857142857142855,
4488,,,,,0.3088381991088648,
4489,,,,,0.28812579231812824,
4490,,,,,0.14285714285714285,
4491,,,,,0.07836990595611286,
4492,,,,,0.16748768472906403,
4493,,,,,0.528169014084507,
4494,,,,,0.10967741935483871,
4495,,,,,0.1702127659574468,
4496,,,,,0.1559633027522936,
4497,,,,,0.3316062176165803,
4498,,,,,0.5288888888888889,
4499,,,,,0.43902439024390244,
4500,,,,,0.28429872979982707,
4501,,,,,0.26666370126548494,
4502,,,,,0.0,
4503,,,,,0.12345679012345678,
4504,,,,,0.25165562913907286,
4505,,,,,0.0,
4506,,,,,0.4726027397260274,
4507,,,,,0.26519337016574585,
4508,,,,,0.7066666666666667,
4509,,,,,0.06857142857142857,
4510,,,,,0.7170731707317073,
4511,,,,,0.1073170731707317,
4512,,,,,0.28636031123229366,
4513,,,,,0.26688610635411336,
4514,,,,,0.5195530726256983,
4515,,,,,0.6774193548387096,
4516,,,,,0.5120772946859904,
4517,,,,,0.08163265306122448,
4518,,,,,0.13548387096774195,
4519,,,,,0.7024390243902439,
4520,,,,,0.6666666666666666,
4521,,,,,0.3516483516483517,
4522,,,,,0.15602836879432624,
4523,,,,,0.2978723404255319,
4524,,,,,0.31874709051007516,
4525,,,,,0.2960656539821631,
4526,,,,,0.5434782608695652,
4527,,,,,0.40397350993377484,
4528,,,,,0.11515151515151516,
4529,,,,,0.0,
4530,,,,,0.41333333333333333,
4531,,,,,0.13445378151260504,
4532,,,,,0.1559633027522936,
4533,,,,,0.01953125,
4534,,,,,0.42995169082125606,
4535,,,,,0.08163265306122448,
4536,,,,,0.2749883620403006,
4537,,,,,0.2576118141583079,
4538,,,,,0.10687022900763359,
4539,,,,,0.4725274725274725,
4540,,,,,0.5070422535211268,
4541,,,,,0.17543859649122806,
4542,,,,,0.2608695652173913,
4543,,,,,0.2,
4544,,,,,0.32450331125827814,
4545,,,,,0.5689655172413793,
4546,,,,,0.36787564766839376,
4547,,,,,0.05078125,
4548,,,,,0.3097692358848175,
4549,,,,,0.2877254631585971,
4550,,,,,0.12790697674418605,
4551,,,,,0.32450331125827814,
4552,,,,,0.0,
4553,,,,,0.05211726384364821,
4554,,,,,0.5111111111111111,
4555,,,,,0.4589041095890411,
4556,,,,,0.5434782608695652,
4557,,,,,0.63,
4558,,,,,0.1590909090909091,
4559,,,,,0.0,
4560,,,,,0.302121433796635,
4561,,,,,0.2824544625581033,
4562,,,,,0.01079136690647482,
4563,,,,,0.4195121951219512,
4564,,,,,0.2553191489361702,
4565,,,,,0.34782608695652173,
4566,,,,,0.13725490196078433,
4567,,,,,0.11822660098522167,
4568,,,,,0.4626865671641791,
4569,,,,,0.0,
4570,,,,,0.0392156862745098,
4571,,,,,0.01680672268907563,
4572,,,,,0.2749883620403006,
4573,,,,,0.25520983920112095,
4574,,,,,0.010309278350515464,
4575,,,,,0.6547619047619048,
4576,,,,,0.004807692307692308,
4577,,,,,0.7066666666666667,
4578,,,,,0.3826086956521739,
4579,,,,,0.23404255319148937,
4580,,,,,0.43157894736842106,
4581,,,,,0.6693548387096774,
4582,,,,,0.023622047244094488,
4583,,,,,0.05825242718446602,
4584,,,,,0.2816386247256767,
4585,,,,,0.2623712830549563,
4586,,,,,0.3791208791208791,
4587,,,,,0.032679738562091505,
4588,,,,,0.3902439024390244,
4589,,,,,0.15602836879432624,
4590,,,,,0.09923664122137404,
4591,,,,,0.3471502590673575,
4592,,,,,0.45263157894736844,
4593,,,,,0.3739130434782609,
4594,,,,,0.6309523809523809,
4595,,,,,0.23893805309734514,
4596,,,,,0.27791447762186605,
4597,,,,,0.25872383960145007,
4598,,,,,0.6775956284153005,
4599,,,,,0.5070422535211268,
4600,,,,,0.06299212598425197,
4601,,,,,0.23893805309734514,
4602,,,,,0.5966850828729282,
4603,,,,,0.23148148148148148,
4604,,,,,0.4748603351955307,
4605,,,,,0.2872340425531915,
4606,,,,,0.0,
4607,,,,,0.5764705882352941,
4608,,,,,0.2822371483673605,
4609,,,,,0.2619487133865623,
4610,,,,,0.36363636363636365,
4611,,,,,0.1743119266055046,
4612,,,,,0.3391304347826087,
4613,,,,,0.07,
4614,,,,,0.0390625,
4615,,,,,0.10465116279069768,
4616,,,,,0.43956043956043955,
4617,,,,,0.3217391304347826,
4618,,,,,0.14893617021276595,
4619,,,,,0.1619718309859155,
4620,,,,,0.24951785595531023,
4621,,,,,0.23452616595867715,
4622,,,,,0.4861111111111111,
4623,,,,,0.08163265306122448,
4624,,,,,0.0,
4625,,,,,0.3881856540084388,
4626,,,,,0.08450704225352113,
4627,,,,,0.4701492537313433,
4628,,,,,0.72,
4629,,,,,0.20441988950276244,
4630,,,,,0.0392156862745098,
4631,,,,,0.42424242424242425,
4632,,,,,0.24832080867194253,
4633,,,,,0.23521562173342525,
4634,,,,,0.6962025316455697,
4635,,,,,0.20388349514563106,
4636,,,,,0.13257575757575757,
4637,,,,,0.3565217391304348,
4638,,,,,0.0663265306122449,
4639,,,,,0.30434782608695654,
4640,,,,,0.10285714285714286,
4641,,,,,0.7333333333333333,
4642,,,,,0.0,
4643,,,,,0.3157894736842105,
4644,,,,,0.2522444636563144,
4645,,,,,0.23861841958944022,
4646,,,,,0.0425531914893617,
4647,,,,,0.3739130434782609,
4648,,,,,0.029850746268656716,
4649,,,,,0.6428571428571429,
4650,,,,,0.13636363636363635,
4651,,,,,0.7317073170731707,
4652,,,,,0.6885245901639344,
4653,,,,,0.12605042016806722,
4654,,,,,0.1557377049180328,
4655,,,,,0.68,
4656,,,,,0.30903770698942606,
4657,,,,,0.28703600738384893,
4658,,,,,0.540084388185654,
4659,,,,,0.12121212121212122,
4660,,,,,0.12790697674418605,
4661,,,,,0.03571428571428571,
4662,,,,,0.010309278350515464,
4663,,,,,0.07633587786259542,
4664,,,,,0.5172413793103449,
4665,,,,,0.6764705882352942,
4666,,,,,0.13548387096774195,
4667,,,,,0.25391849529780564,
4668,,,,,0.28536277182948727,
4669,,,,,0.26706403042501614,
4670,,,,,0.32786885245901637,
4671,,,,,0.22884012539184953,
4672,,,,,0.14814814814814814,
4673,,,,,0.016286644951140065,
4674,,,,,0.25663716814159293,
4675,,,,,0.10687022900763359,
4676,,,,,0.1743119266055046,
4677,,,,,0.45454545454545453,
4678,,,,,0.5517241379310345,
4679,,,,,0.25,
4680,,,,,0.3059785861541531,
4681,,,,,0.2881480328269911,
4682,,,,,0.4057971014492754,
4683,,,,,0.30097087378640774,
4684,,,,,0.5052631578947369,
4685,,,,,0.12605042016806722,
4686,,,,,0.5580110497237569,
4687,,,,,0.46153846153846156,
4688,,,,,0.6825396825396826,
4689,,,,,0.19444444444444445,
4690,,,,,0.5140845070422535,
4691,,,,,0.13333333333333333,
4692,,,,,0.30690962293010576,
4693,,,,,0.2859907034672953,
4694,,,,,0.5027932960893855,
4695,,,,,0.11538461538461539,
4696,,,,,0.5022222222222222,
4697,,,,,0.40397350993377484,
4698,,,,,0.1702127659574468,
4699,,,,,0.0,
4700,,,,,0.18888888888888888,
4701,,,,,0.39669421487603307,
4702,,,,,0.26548672566371684,
4703,,,,,0.0,
4704,,,,,0.26069029726674203,
4705,,,,,0.2456909014078242,
4706,,,,,0.14893617021276595,
4707,,,,,0.44776119402985076,
4708,,,,,0.3391304347826087,
4709,,,,,0.6160337552742616,
4710,,,,,0.43434343434343436,
4711,,,,,0.5140845070422535,
4712,,,,,0.0,
4713,,,,,0.2966360856269113,
4714,,,,,0.08888888888888889,
4715,,,,,0.5869565217391305,
4716,,,,,0.2421360643745428,
4717,,,,,0.2326802037230612,
4718,,,,,0.44029850746268656,
4719,,,,,0.14942528735632185,
4720,,,,,0.45054945054945056,
4721,,,,,0.2765957446808511,
4722,,,,,0.03597122302158273,
4723,,,,,0.11764705882352941,
4724,,,,,0.1536050156739812,
4725,,,,,0.47019867549668876,
4726,,,,,0.0,
4727,,,,,0.026058631921824105,
4728,,,,,0.28988495045554297,
4729,,,,,0.2723572715343727,
4730,,,,,0.11,
4731,,,,,0.12682926829268293,
4732,,,,,0.32,
4733,,,,,0.10465116279069768,
4734,,,,,0.0787037037037037,
4735,,,,,0.010309278350515464,
4736,,,,,0.0,
4737,,,,,0.16901408450704225,
4738,,,,,0.0,
4739,,,,,0.03980099502487562,
4740,,,,,0.26268537607235487,
4741,,,,,0.2446455974912706,
4742,,,,,0.6612021857923497,
4743,,,,,0.09,
4744,,,,,0.04878048780487805,
4745,,,,,0.024242424242424242,
4746,,,,,0.08333333333333333,
4747,,,,,0.5689655172413793,
4748,,,,,0.5869565217391305,
4749,,,,,0.26595744680851063,
4750,,,,,0.4370860927152318,
4751,,,,,0.09448818897637795,
4752,,,,,0.27997605905433265,
4753,,,,,0.26076996641683164,
4754,,,,,0.379746835443038,
4755,,,,,0.1702127659574468,
4756,,,,,0.0,
4757,,,,,0.43478260869565216,
4758,,,,,0.5869565217391305,
4759,,,,,0.1388888888888889,
4760,,,,,0.4370860927152318,
4761,,,,,0.11,
4762,,,,,0.20388349514563106,
4763,,,,,0.47761194029850745,
4764,,,,,0.26002527099820444,
4765,,,,,0.2438226986633454,
4766,,,,,0.6695652173913044,
4767,,,,,0.4577777777777778,
4768,,,,,0.62,
4769,,,,,0.6774193548387096,
4770,,,,,0.4396551724137931,
4771,,,,,0.5083798882681564,
4772,,,,,0.5764705882352941,
4773,,,,,0.004807692307692308,
4774,,,,,0.6190476190476191,
4775,,,,,0.22099447513812154,
4776,,,,,0.28569528496375607,
4777,,,,,0.26688610635411336,
4778,,,,,0.14814814814814814,
4779,,,,,0.11707317073170732,
4780,,,,,0.13029315960912052,
4781,,,,,0.1651376146788991,
4782,,,,,0.1326530612244898,
4783,,,,,0.1111111111111111,
4784,,,,,0.2872340425531915,
4785,,,,,0.23622047244094488,
4786,,,,,0.6235294117647059,
4787,,,,,0.5072463768115942,
4788,,,,,0.2700671676531223,
4789,,,,,0.254631585970687,
4790,,,,,0.5258620689655172,
4791,,,,,0.17647058823529413,
4792,,,,,0.3263157894736842,
4793,,,,,0.31788079470198677,
4794,,,,,0.5422535211267606,
4795,,,,,0.07407407407407407,
4796,,,,,0.022727272727272728,
4797,,,,,0.2874617737003058,
4798,,,,,0.038461538461538464,
4799,,,,,0.0390625,
4800,,,,,0.2692026335040234,
4801,,,,,0.25616618108222317,
4802,,,,,0.5588235294117647,
4803,,,,,0.013029315960912053,
4804,,,,,0.6190476190476191,
4805,,,,,0.4146341463414634,
4806,,,,,0.1073170731707317,
4807,,,,,0.20388349514563106,
4808,,,,,0.42028985507246375,
4809,,,,,0.13333333333333333,
4810,,,,,0.010309278350515464,
4811,,,,,0.6782608695652174,
4812,,,,,0.3014564075280974,
4813,,,,,0.2814536396592754,
